Date,Open,High,Low,Close,Volume,Dividends,Stock Splits,Capital Gains
2019-01-02 00:00:00-05:00,26.152044214698115,26.46384325578949,26.035121804440873,26.409278869628906,150300,0.0,0.0,0.0
2019-01-03 00:00:00-05:00,26.34690599628924,26.34690599628924,26.07408418845907,26.136442184448242,237400,0.0,0.0,0.0
2019-01-04 00:00:00-05:00,26.424864854290398,26.588557986353486,26.31573312604612,26.565174102783203,457300,0.0,0.0,0.0
2019-01-07 00:00:00-05:00,26.63532341779399,26.63532341779399,26.409272291521127,26.54958152770996,129800,0.0,0.0,0.0
2019-01-08 00:00:00-05:00,26.721064881362796,26.80680973407174,26.471626931774,26.682090759277344,149200,0.0,0.0,0.0
2019-01-09 00:00:00-05:00,26.81461181946972,27.126407833372312,26.791224962613775,27.118614196777344,236300,0.0,0.0,0.0
2019-01-10 00:00:00-05:00,27.048457450557795,27.32907592252247,26.94712234156271,27.297895431518555,1354000,0.0,0.0,0.0
2019-01-11 00:00:00-05:00,27.258910953158345,27.360243050138017,27.14198564306284,27.352449417114258,626100,0.0,0.0,0.0
2019-01-14 00:00:00-05:00,27.297894791933704,27.445997660429356,27.25892066585961,27.34466552734375,612700,0.0,0.0,0.0
2019-01-15 00:00:00-05:00,27.360245841436825,27.555119395787614,27.204349376783764,27.50055503845215,668300,0.0,0.0,0.0
2019-01-16 00:00:00-05:00,27.656462552767223,27.827952282204677,27.61748842522289,27.773387908935547,567200,0.0,0.0,0.0
2019-01-17 00:00:00-05:00,27.781187837504323,28.069600014900495,27.750007338992305,28.01503562927246,692500,0.0,0.0,0.0
2019-01-18 00:00:00-05:00,28.241091192226882,28.30345219236233,28.147552665559864,28.256681442260742,666900,0.0,0.0,0.0
2019-01-21 00:00:00-05:00,28.319036063805164,28.3502135833143,28.163136572117565,28.334623336791992,52200,0.0,0.0,0.0
2019-01-22 00:00:00-05:00,28.280055576688,28.311236066001502,28.069591734124558,28.26446533203125,1698400,0.0,0.0,0.0
2019-01-23 00:00:00-05:00,28.319033101097958,28.412571596910425,28.100772646155306,28.194311141967773,1189200,0.0,0.0,0.0
2019-01-24 00:00:00-05:00,28.14754274409646,28.26446511783332,28.05400425039995,28.24108123779297,1890900,0.0,0.0,0.0
2019-01-25 00:00:00-05:00,28.355979331405837,28.355979331405837,28.160582554355866,28.270004272460938,110300,0.097,0.0,0.0
2019-01-28 00:00:00-05:00,28.168402200612913,28.332534790039062,28.152770099498266,28.332534790039062,173100,0.0,0.0,0.0
2019-01-29 00:00:00-05:00,28.371622149581768,28.543572332430895,28.34035793787841,28.51230812072754,146900,0.0,0.0,0.0
2019-01-30 00:00:00-05:00,28.543563466765562,28.559195567761893,28.434141741309666,28.520116806030273,116100,0.0,0.0,0.0
2019-01-31 00:00:00-05:00,28.48885235413918,28.606088638305664,28.46540271209118,28.606088638305664,1411800,0.0,0.0,0.0
2019-02-01 00:00:00-05:00,28.61388866802896,28.676414051682386,28.481017382801028,28.504467010498047,97400,0.0,0.0,0.0
2019-02-04 00:00:00-05:00,28.606088638305664,28.668617041742493,28.52011655585759,28.606088638305664,70100,0.0,0.0,0.0
2019-02-05 00:00:00-05:00,28.66079739018782,28.793668746948242,28.62171863167646,28.793668746948242,108800,0.0,0.0,0.0
2019-02-06 00:00:00-05:00,28.762399435659404,28.934349520370912,28.762399435659404,28.879638671875,150700,0.0,0.0,0.0
2019-02-07 00:00:00-05:00,28.87183104077236,28.92654190804373,28.67643423436928,28.903095245361328,919300,0.0,0.0,0.0
2019-02-08 00:00:00-05:00,28.80930084665642,28.879643804584138,28.61390407258145,28.793668746948242,81400,0.0,0.0,0.0
2019-02-11 00:00:00-05:00,28.887440788594066,28.887440788594066,28.582622483531118,28.66077995300293,87300,0.0,0.0,0.0
2019-02-12 00:00:00-05:00,28.73894777147504,28.895265732008504,28.73894777147504,28.856184005737305,1162300,0.0,0.0,0.0
2019-02-13 00:00:00-05:00,28.93434806784153,28.973426817445734,28.824926376342773,28.824926376342773,335700,0.0,0.0,0.0
2019-02-14 00:00:00-05:00,28.80929756164551,28.856190873904822,28.74676916994267,28.809297561645508,711800,0.0,0.0,0.0
2019-02-15 00:00:00-05:00,28.89527499853018,29.184461380271106,28.864010800093844,29.121932983398438,101800,0.0,0.0,0.0
2019-02-19 00:00:00-05:00,29.15320035608476,29.254807521306972,29.051593190862544,29.215728759765625,68200,0.0,0.0,0.0
2019-02-20 00:00:00-05:00,29.23916996326471,29.512724224517076,29.23916996326471,29.497095108032227,164700,0.0,0.0,0.0
2019-02-21 00:00:00-05:00,29.497098560019992,29.50491311917694,29.348595102374354,29.442384719848633,392100,0.0,0.0,0.0
2019-02-22 00:00:00-05:00,29.4086890719709,29.49488608376885,29.36950942730327,29.416526794433594,351700,0.097,0.0,0.0
2019-02-25 00:00:00-05:00,29.526224599153966,29.635928776145082,29.526224599153966,29.55756950378418,447700,0.0,0.0,0.0
2019-02-26 00:00:00-05:00,29.47138434850806,29.651613138702817,29.44787715520052,29.54974365234375,375100,0.0,0.0,0.0
2019-02-27 00:00:00-05:00,29.518390583636585,29.65160495042919,29.45570375572213,29.643770217895508,281100,0.0,0.0,0.0
2019-02-28 00:00:00-05:00,29.39302321070005,29.573254997194347,29.361681281463433,29.440040588378906,1638400,0.0,0.0,0.0
2019-03-01 00:00:00-05:00,29.596757124065686,29.651609227358293,29.48705291748047,29.48705291748047,248100,0.0,0.0,0.0
2019-03-04 00:00:00-05:00,29.58891141919976,29.71428804850598,29.487044962973517,29.55756950378418,778900,0.0,0.0,0.0
2019-03-05 00:00:00-05:00,29.57323396825593,29.596741145771894,29.47136455033037,29.588903427124023,1309400,0.0,0.0,0.0
2019-03-06 00:00:00-05:00,29.60458755493164,29.690784558782084,29.56540791387644,29.60458755493164,1014000,0.0,0.0,0.0
2019-03-07 00:00:00-05:00,29.541907508670732,29.56541470085712,29.33033381134619,29.43220329284668,287600,0.0,0.0,0.0
2019-03-08 00:00:00-05:00,29.236288095465277,29.400844340639303,29.204943194704246,29.38517189025879,774500,0.0,0.0,0.0
2019-03-11 00:00:00-04:00,29.40084603267477,29.58107473860158,29.40084603267477,29.51838493347168,322400,0.0,0.0,0.0
2019-03-12 00:00:00-04:00,29.57323934902199,29.596746530815018,29.408680108827674,29.510549545288086,412000,0.0,0.0,0.0
2019-03-13 00:00:00-04:00,29.581072402204345,29.635924482753417,29.455695791061583,29.526220321655273,548100,0.0,0.0,0.0
2019-03-14 00:00:00-04:00,29.541907508670732,29.5497422429943,29.416530834983856,29.43220329284668,191800,0.0,0.0,0.0
2019-03-15 00:00:00-04:00,29.61242764104489,29.698624651777642,29.534065363462734,29.635934829711914,247600,0.0,0.0,0.0
2019-03-18 00:00:00-04:00,29.690773103392264,29.88667422230007,29.690773103392264,29.87883949279785,306200,0.0,0.0,0.0
2019-03-19 00:00:00-04:00,29.910189826956127,29.957207184857715,29.823995821291916,29.83966827392578,156600,0.0,0.0,0.0
2019-03-20 00:00:00-04:00,29.808326702070268,29.808326702070268,29.604587784260975,29.62026023864746,272900,0.0,0.0,0.0
2019-03-21 00:00:00-04:00,29.494879694523753,29.573241956099288,29.43219287447796,29.55756950378418,436100,0.0,0.0,0.0
2019-03-22 00:00:00-04:00,29.416532701915784,29.416532701915784,29.142269155733715,29.18145179748535,4293800,0.0,0.0,0.0
2019-03-25 00:00:00-04:00,29.11622737393333,29.18693608438487,28.959096573260936,29.124082565307617,190900,0.097,0.0,0.0
2019-03-26 00:00:00-04:00,29.241939575681222,29.36764365189551,29.100522115312454,29.194799423217773,71700,0.0,0.0,0.0
2019-03-27 00:00:00-04:00,29.131935570364107,29.241926212158326,29.053368685496654,29.147645950317383,170800,0.0,0.0,0.0
2019-03-28 00:00:00-04:00,29.1162361441926,29.22622683868795,29.100522759690175,29.179086685180664,28100,0.0,0.0,0.0
2019-03-29 00:00:00-04:00,29.296932080622522,29.296932080622522,29.02981056994374,29.061237335205078,119200,0.0,0.0,0.0
2019-04-01 00:00:00-04:00,29.218373031077633,29.50120800050711,29.186949254380433,29.48549461364746,165000,0.0,0.0,0.0
2019-04-02 00:00:00-04:00,29.509066761971145,29.571917313600654,29.461926600482396,29.564062118530273,85800,0.0,0.0,0.0
2019-04-03 00:00:00-04:00,29.681888039629378,29.752596735737836,29.62689272010281,29.6583194732666,101600,0.0,0.0,0.0
2019-04-04 00:00:00-04:00,29.68190254666192,29.784038045852906,29.68190254666192,29.713329315185547,44400,0.0,0.0,0.0
2019-04-05 00:00:00-04:00,29.768320170529186,29.77617835998535,29.68189806863827,29.77617835998535,48300,0.0,0.0,0.0
2019-04-08 00:00:00-04:00,29.721193837751233,29.744762420654297,29.619058316800878,29.744762420654297,99100,0.0,0.0,0.0
2019-04-09 00:00:00-04:00,29.603337595897298,29.650477747048182,29.532628867681716,29.619050979614258,92700,0.0,0.0,0.0
2019-04-10 00:00:00-04:00,29.666189162400105,29.721187505827253,29.603338622374455,29.713329315185547,48200,0.0,0.0,0.0
2019-04-11 00:00:00-04:00,29.75261485320345,29.91760390927121,29.75261485320345,29.79189682006836,131600,0.0,0.0,0.0
2019-04-12 00:00:00-04:00,29.91760233416374,30.01973484323102,29.87831737234515,29.949026107788086,176000,0.0,0.0,0.0
2019-04-15 00:00:00-04:00,29.94901062989971,30.129709972195503,29.9411554398087,30.121854782104492,165200,0.0,0.0,0.0
2019-04-16 00:00:00-04:00,30.161134520092354,30.34969203570505,30.113997388954207,30.28683853149414,172600,0.0,0.0,0.0
2019-04-17 00:00:00-04:00,30.326122264968447,30.436115903836637,30.326122264968447,30.42040252685547,260400,0.0,0.0,0.0
2019-04-18 00:00:00-04:00,30.404702147668953,30.569688180971276,30.404702147668953,30.53826141357422,285000,0.0,0.0,0.0
2019-04-22 00:00:00-04:00,30.506848207901793,30.5382719891596,30.365430702662792,30.404712677001953,69800,0.0,0.0,0.0
2019-04-23 00:00:00-04:00,30.436128915066014,30.54611960393423,30.404702147668953,30.53826141357422,194200,0.0,0.0,0.0
2019-04-24 00:00:00-04:00,30.478403472694428,30.49415494580405,30.31301751147286,30.33664321899414,225300,0.094,0.0,0.0
2019-04-25 00:00:00-04:00,30.297275690556116,30.439035989418805,30.18701834794897,30.383907318115234,189700,0.0,0.0,0.0
2019-04-26 00:00:00-04:00,30.336651152960172,30.509914398193363,30.289396721272823,30.50991439819336,233300,0.0,0.0,0.0
2019-04-29 00:00:00-04:00,30.494161698529766,30.722550598478687,30.494161698529766,30.651670455932617,356800,0.0,0.0,0.0
2019-04-30 00:00:00-04:00,30.604426175078306,30.730435012989734,30.604426175078306,30.714683532714844,425000,0.0,0.0,0.0
2019-05-01 00:00:00-04:00,30.714694872699905,30.832829516233495,30.604437474355905,30.66744041442871,258400,0.0,0.0,0.0
2019-05-02 00:00:00-04:00,30.698928073938294,30.75405674561203,30.580796493617697,30.58867073059082,115400,0.0,0.0,0.0
2019-05-03 00:00:00-04:00,30.651661066250036,30.72254118708303,30.549281006158196,30.698915481567383,95800,0.0,0.0,0.0
2019-05-06 00:00:00-04:00,30.32877410546994,30.68317483466572,30.320899868948747,30.67530059814453,249100,0.0,0.0,0.0
2019-05-07 00:00:00-04:00,30.446897470868517,30.494151885454997,30.32088870292391,30.407520294189453,278900,0.0,0.0,0.0
2019-05-08 00:00:00-04:00,30.38391233709642,30.486292455407753,30.344532133128318,30.391786575317383,147900,0.0,0.0,0.0
2019-05-09 00:00:00-04:00,30.257898423036075,30.320904341648173,30.084638155427907,30.226398468017578,206800,0.0,0.0,0.0
2019-05-10 00:00:00-04:00,30.147635821672964,30.26577039636209,29.90349544026975,30.163387298583984,370200,0.0,0.0,0.0
2019-05-13 00:00:00-04:00,29.85624815255119,29.8719996332307,29.761742272761868,29.86412239074707,350200,0.0,0.0,0.0
2019-05-14 00:00:00-04:00,29.9034996537974,30.12401435304904,29.8641194538275,30.021631240844727,178500,0.0,0.0,0.0
2019-05-15 00:00:00-04:00,29.92712607058761,30.037383422793248,29.84049443548675,30.013757705688477,668000,0.0,0.0,0.0
2019-05-16 00:00:00-04:00,30.092515349243968,30.194898474902445,30.05313814838697,30.108266830444336,227800,0.0,0.0,0.0
2019-05-17 00:00:00-04:00,30.0058804637952,30.068886381791295,29.942877550086635,30.013757705688477,377400,0.0,0.0,0.0
2019-05-21 00:00:00-04:00,30.037382985744966,30.179143294886014,29.958628593683265,30.155517578125,256600,0.0,0.0,0.0
2019-05-22 00:00:00-04:00,30.060999477474763,30.060999477474763,29.911364976761934,30.005870819091797,283200,0.0,0.0,0.0
2019-05-23 00:00:00-04:00,29.777485944144402,29.816863133372436,29.501839610974223,29.698728561401367,681500,0.0,0.0,0.0
2019-05-24 00:00:00-04:00,29.78873254141129,30.009798241108932,29.78873254141129,29.915056228637695,376500,0.094,0.0,0.0
2019-05-27 00:00:00-04:00,29.962435354972563,30.09665298461914,29.962435354972563,30.09665298461914,99000,0.0,0.0,0.0
2019-05-28 00:00:00-04:00,29.994001731686474,30.00189564219269,29.84399032592773,29.843990325927734,306300,0.0,0.0,0.0
2019-05-29 00:00:00-04:00,29.757161622953,29.757161622953,29.543989758991952,29.638734817504883,403800,0.0,0.0,0.0
2019-05-30 00:00:00-04:00,29.638725273019382,29.709782538124003,29.433447390808528,29.512401580810547,328600,0.0,0.0,0.0
2019-05-31 00:00:00-04:00,29.291333144700065,29.299230069674056,29.15711553808643,29.22027587890625,174500,0.0,0.0,0.0
2019-06-03 00:00:00-04:00,29.180801893149834,29.370288949612053,29.165011054128435,29.259756088256836,489000,0.0,0.0,0.0
2019-06-04 00:00:00-04:00,29.46502588236801,29.654512906099598,29.338702203811643,29.646615982055664,330000,0.0,0.0,0.0
2019-06-05 00:00:00-04:00,29.74925854304977,29.74925854304977,29.53608674475629,29.741361618041992,370500,0.0,0.0,0.0
2019-06-06 00:00:00-04:00,29.741359311972047,29.812416572560274,29.630826464789074,29.765047073364258,320400,0.0,0.0,0.0
2019-06-07 00:00:00-04:00,29.757156471049772,29.89137710814091,29.74136563069818,29.772947311401367,406300,0.0,0.0,0.0
2019-06-10 00:00:00-04:00,29.891371567957165,29.915056318197315,29.79662955520229,29.804523468017578,388000,0.0,0.0,0.0
2019-06-11 00:00:00-04:00,29.922953242806887,29.962428830471893,29.725572292687563,29.804523468017578,372000,0.0,0.0,0.0
2019-06-12 00:00:00-04:00,29.725574287847735,29.74136211453798,29.543981151170584,29.567668914794922,338400,0.0,0.0,0.0
2019-06-13 00:00:00-04:00,29.60715684780344,29.701898906413604,29.567681241032183,29.622947692871094,272300,0.0,0.0,0.0
2019-06-14 00:00:00-04:00,29.615028955043133,29.867679278270522,29.496602221942364,29.8203067779541,207800,0.0,0.0,0.0
2019-06-17 00:00:00-04:00,29.780831200253843,29.97031517793248,29.780831200253843,29.8203067779541,142800,0.0,0.0,0.0
2019-06-18 00:00:00-04:00,29.907156277345226,30.246651682930707,29.89925935435375,30.19138526916504,423100,0.0,0.0,0.0
2019-06-19 00:00:00-04:00,30.226206485191977,30.384500922876924,30.202463376264582,30.210376739501953,242700,0.094,0.0,0.0
2019-06-20 00:00:00-04:00,30.29745403903185,30.29745403903185,30.067930159354937,30.25788116455078,216400,0.0,0.0,0.0
2019-06-21 00:00:00-04:00,30.234128223443037,30.281614449709735,30.147066116333008,30.147066116333008,192800,0.0,0.0,0.0
2019-06-24 00:00:00-04:00,30.147064793341453,30.313272616412554,30.147064793341453,30.17872428894043,145100,0.0,0.0,0.0
2019-06-25 00:00:00-04:00,30.123317633772704,30.123317633772704,29.99668268760761,30.02042579650879,160100,0.0,0.0,0.0
2019-06-26 00:00:00-04:00,30.052081737695712,30.075824843792038,29.88587093737668,29.94127655029297,146800,0.0,0.0,0.0
2019-06-27 00:00:00-04:00,29.91753878808501,30.028344006462074,29.830476682441386,29.877965927124023,184400,0.0,0.0,0.0
2019-06-28 00:00:00-04:00,29.94919263659059,30.036254725815663,29.91753314610598,29.980852127075195,68100,0.0,0.0,0.0
2019-07-02 00:00:00-04:00,30.273696673422528,30.30535616579727,30.194550961701033,30.265783309936523,138400,0.0,0.0,0.0
2019-07-03 00:00:00-04:00,30.32118659636414,30.45573491317064,30.31327021348409,30.439905166625977,51900,0.0,0.0,0.0
2019-07-04 00:00:00-04:00,30.471572875976562,30.487402626789514,30.447829759365263,30.471572875976562,36400,0.0,0.0,0.0
2019-07-05 00:00:00-04:00,30.424081495278344,30.495313859345572,30.408251745572734,30.46365737915039,131400,0.0,0.0,0.0
2019-07-08 00:00:00-04:00,30.36076949504614,30.37659924682655,30.305366873422923,30.368682861328125,81600,0.0,0.0,0.0
2019-07-09 00:00:00-04:00,30.273703401899105,30.479484109639962,30.273703401899105,30.46365737915039,120200,0.0,0.0,0.0
2019-07-10 00:00:00-04:00,30.550713468663233,30.62986220940602,30.297443536717804,30.352846145629883,69500,0.0,0.0,0.0
2019-07-11 00:00:00-04:00,30.376586757169044,30.376586757169044,30.289524667781514,30.321184158325195,33200,0.0,0.0,0.0
2019-07-12 00:00:00-04:00,30.29743883118944,30.32118495933211,30.210376739501953,30.210376739501953,25200,0.0,0.0,0.0
2019-07-15 00:00:00-04:00,30.242036230882,30.25786597657202,30.139147412719765,30.210376739501953,77400,0.0,0.0,0.0
2019-07-16 00:00:00-04:00,30.21829671229249,30.26578595500491,30.13915099365408,30.20246696472168,35700,0.0,0.0,0.0
2019-07-17 00:00:00-04:00,30.194557712060742,30.273703441476222,30.09957921370291,30.12332534790039,250200,0.0,0.0,0.0
2019-07-18 00:00:00-04:00,30.07583747850421,30.242045329431427,30.07583747850421,30.19455909729004,137600,0.0,0.0,0.0
2019-07-19 00:00:00-04:00,30.21829355555503,30.337015140326088,30.178720700369784,30.186634063720703,266300,0.0,0.0,0.0
2019-07-22 00:00:00-04:00,30.178729346837518,30.242045329431427,30.139156480314302,30.19455909729004,239800,0.0,0.0,0.0
2019-07-23 00:00:00-04:00,30.265786610670837,30.38450519120032,30.265786610670837,30.337018966674805,72300,0.0,0.0,0.0
2019-07-24 00:00:00-04:00,30.297451105160018,30.51114822972445,30.273707986613914,30.50323486328125,58600,0.0,0.0,0.0
2019-07-25 00:00:00-04:00,30.482595898389125,30.482595898389125,30.331810910567548,30.38736343383789,45900,0.104,0.0,0.0
2019-07-26 00:00:00-04:00,30.45880126953125,30.530226404643596,30.403248723042395,30.45880126953125,50700,0.0,0.0,0.0
2019-07-29 00:00:00-04:00,30.47466601641177,30.56989849626076,30.450855625910062,30.46672821044922,36000,0.0,0.0,0.0
2019-07-30 00:00:00-04:00,30.363549848454518,30.363549848454518,30.19689229620035,30.315935134887695,88700,0.0,0.0,0.0
2019-07-31 00:00:00-04:00,30.236572233301082,30.315935134887695,30.109594618147646,30.315935134887695,356300,0.0,0.0,0.0
2019-08-01 00:00:00-04:00,30.300062557323358,30.347680298279652,29.942937068614018,29.990554809570312,269700,0.0,0.0,0.0
2019-08-02 00:00:00-04:00,29.950866954892277,29.950866954892277,29.585803758836192,29.752464294433594,248800,0.0,0.0,0.0
2019-08-06 00:00:00-04:00,29.331862610817595,29.42709811305936,29.06997254811722,29.379480361938477,296000,0.0,0.0,0.0
2019-08-07 00:00:00-04:00,29.165203412727873,29.5461363185058,29.09377830368291,29.50645637512207,503000,0.0,0.0,0.0
2019-08-08 00:00:00-04:00,29.649320909589193,29.823916377644967,29.562023175561304,29.696935653686523,242600,0.0,0.0,0.0
2019-08-09 00:00:00-04:00,29.68898129602624,29.736599036112814,29.562003683180464,29.6254940032959,123800,0.0,0.0,0.0
2019-08-12 00:00:00-04:00,29.4667717366923,29.530259030513488,29.284241604301826,29.371536254882812,329300,0.0,0.0,0.0
2019-08-13 00:00:00-04:00,29.27630747751108,29.68898553502841,29.27630747751108,29.562007904052734,647900,0.0,0.0,0.0
2019-08-14 00:00:00-04:00,29.292183163470757,29.379480861650983,28.950930176431246,28.990610122680664,383800,0.0,0.0,0.0
2019-08-15 00:00:00-04:00,28.966781992658856,29.03820705565391,28.792186721474575,28.903291702270508,383400,0.0,0.0,0.0
2019-08-16 00:00:00-04:00,29.165201560633406,29.26043402418388,28.99854399257372,29.181074142456055,262900,0.0,0.0,0.0
2019-08-19 00:00:00-04:00,29.39534888369774,29.52232650842144,29.30011339461593,29.466773986816406,158600,0.0,0.0,0.0
2019-08-20 00:00:00-04:00,29.41120011475775,29.41120011475775,29.109627339689975,29.149307250976562,251500,0.0,0.0,0.0
2019-08-21 00:00:00-04:00,29.20488158760009,29.371539156151126,29.165201646619195,29.31598663330078,368200,0.0,0.0,0.0
2019-08-22 00:00:00-04:00,29.37947770849213,29.490582757020462,29.30011479712509,29.347732543945312,261900,0.0,0.0,0.0
2019-08-23 00:00:00-04:00,29.244568935855398,29.427102159894645,28.847763370769783,28.9429988861084,620000,0.0,0.0,0.0
2019-08-26 00:00:00-04:00,29.121268115839037,29.200854952786592,28.98596684977632,29.049638748168945,189800,0.104,0.0,0.0
2019-08-27 00:00:00-04:00,29.09738005855315,29.12921295790701,28.858613579126807,28.98595428466797,343300,0.0,0.0,0.0
2019-08-28 00:00:00-04:00,28.954133506626338,29.22473299868988,28.94617300142387,29.169021606445312,269900,0.0,0.0,0.0
2019-08-29 00:00:00-04:00,29.312270709871147,29.566952143903944,29.2804347716065,29.447568893432617,332300,0.0,0.0,0.0
2019-08-30 00:00:00-04:00,29.55900002556486,29.574917999212225,29.44757724607632,29.551042556762695,201600,0.0,0.0,0.0
2019-09-03 00:00:00-04:00,29.407795356134894,29.47942474760111,29.2565760652372,29.375959396362305,283700,0.0,0.0,0.0
2019-09-04 00:00:00-04:00,29.519206633994475,29.622671944766815,29.383905375900948,29.471452713012695,169400,0.0,0.0,0.0
2019-09-05 00:00:00-04:00,29.614700680509948,29.96488990172864,29.614700680509948,29.853464126586914,256100,0.0,0.0,0.0
2019-09-06 00:00:00-04:00,29.86143944925166,29.99673768929722,29.805728052051315,29.972862243652344,82100,0.0,0.0,0.0
2019-09-09 00:00:00-04:00,30.036540892619183,30.14796371204413,30.020622913266457,30.140003204345703,221900,0.0,0.0,0.0
2019-09-10 00:00:00-04:00,30.100204699030936,30.35488625364646,30.100204699030936,30.33896827697754,295300,0.0,0.0,0.0
2019-09-11 00:00:00-04:00,30.362843963921662,30.665276384649665,30.338965483095414,30.585689544677734,276100,0.0,0.0,0.0
2019-09-12 00:00:00-04:00,30.569772581594137,30.896083493952055,30.5140611845606,30.832414627075195,367100,0.0,0.0,0.0
2019-09-13 00:00:00-04:00,30.911986155433482,31.166667568854898,30.911986155433482,31.102998733520508,390800,0.0,0.0,0.0
2019-09-16 00:00:00-04:00,30.943844178568924,31.06322446854924,30.8403788317507,30.999555587768555,223600,0.0,0.0,0.0
2019-09-17 00:00:00-04:00,30.943835724667018,31.238310669420393,30.943835724667018,31.158723831176758,230000,0.0,0.0,0.0
2019-09-18 00:00:00-04:00,31.134846456546022,31.25422975419435,31.134846456546022,31.23035430908203,301200,0.0,0.0,0.0
2019-09-19 00:00:00-04:00,31.238305620072218,31.47706913225275,31.238305620072218,31.365646362304688,297800,0.0,0.0,0.0
2019-09-20 00:00:00-04:00,31.413394155240578,31.580528277580534,31.413394155240578,31.485023498535156,539000,0.0,0.0,0.0
2019-09-23 00:00:00-04:00,31.413400279157905,31.413400279157905,31.278099032761844,31.365646362304688,226200,0.0,0.0,0.0
2019-09-24 00:00:00-04:00,31.416730987511283,31.528448622317686,31.169357094462036,31.225215911865234,749200,0.104,0.0,0.0
2019-09-25 00:00:00-04:00,31.217214240196135,31.40873223659869,31.20125415348965,31.368833541870117,353300,0.0,0.0,0.0
2019-09-26 00:00:00-04:00,31.384788880549515,31.488524862335122,31.344887147782163,31.46458625793457,240200,0.0,0.0,0.0
2019-09-27 00:00:00-04:00,31.52843865271436,31.624199204334197,31.448641237107445,31.52046012878418,374400,0.0,0.0,0.0
2019-09-30 00:00:00-04:00,31.520467643682988,31.640166839707522,31.520467643682988,31.568347930908203,262500,0.0,0.0,0.0
2019-10-01 00:00:00-04:00,31.584296649832755,31.61621378574252,31.017724109352745,31.10550308227539,460100,0.0,0.0,0.0
2019-10-02 00:00:00-04:00,30.945901002895486,30.945901002895486,30.443171935075696,30.610748291015625,436000,0.0,0.0,0.0
2019-10-03 00:00:00-04:00,30.570854103296245,30.586814193465248,30.235698297899066,30.578832626342773,683800,0.0,0.0,0.0
2019-10-04 00:00:00-04:00,30.62671027853757,30.818225256040886,30.5788300121239,30.802265167236328,285200,0.0,0.0,0.0
2019-10-07 00:00:00-04:00,30.770364674004448,30.866122214540816,30.71450585501846,30.778343200683594,267700,0.0,0.0,0.0
2019-10-08 00:00:00-04:00,30.610759929598384,30.66661873614989,30.50702084139845,30.554901123046875,608200,0.0,0.0,0.0
2019-10-09 00:00:00-04:00,30.698537442945685,30.8740923790341,30.57883826663751,30.81025505065918,259600,0.0,0.0,0.0
2019-10-10 00:00:00-04:00,30.79430736852515,31.041684345359606,30.79430736852515,30.898046493530273,327600,0.0,0.0,0.0
2019-10-11 00:00:00-04:00,31.065618222065112,31.312995161070535,31.057636651474176,31.12945556640625,424000,0.0,0.0,0.0
2019-10-15 00:00:00-04:00,31.18529089341356,31.448624661381242,31.18529089341356,31.30498695373535,252700,0.0,0.0,0.0
2019-10-16 00:00:00-04:00,31.305012855531217,31.40875196223701,31.305012855531217,31.344911575317383,110700,0.0,0.0,0.0
2019-10-17 00:00:00-04:00,31.376817541010876,31.424697809489366,31.177320988464228,31.241161346435547,356700,0.0,0.0,0.0
2019-10-18 00:00:00-04:00,31.30498695373535,31.384787371357888,31.249128183436913,31.30498695373535,283700,0.0,0.0,0.0
2019-10-21 00:00:00-04:00,31.352880296342406,31.464597883589235,31.352880296342406,31.40873908996582,163000,0.0,0.0,0.0
2019-10-22 00:00:00-04:00,31.464611855917695,31.560369395498114,31.42471313476563,31.424713134765625,153400,0.0,0.0,0.0
2019-10-23 00:00:00-04:00,31.40075310384288,31.464593455614576,31.360854406023332,31.39277458190918,141700,0.0,0.0,0.0
2019-10-24 00:00:00-04:00,31.448630931327266,31.48055110474024,31.2730730216312,31.368833541870117,170600,0.0,0.0,0.0
2019-10-25 00:00:00-04:00,31.304852246865334,31.480854958383755,31.296850320254016,31.4328556060791,160200,0.1,0.0,0.0
2019-10-28 00:00:00-04:00,31.49685413054824,31.576858133319035,31.49685413054824,31.520856857299805,90000,0.0,0.0,0.0
2019-10-29 00:00:00-04:00,31.464848959644037,31.664854346719814,31.432847365270312,31.568849563598633,112000,0.0,0.0,0.0
2019-10-30 00:00:00-04:00,31.54485383986268,31.72885845276977,31.44885209657211,31.704858779907227,270800,0.0,0.0,0.0
2019-10-31 00:00:00-04:00,31.656856588477254,31.696857060788755,31.504853572957373,31.64085578918457,154400,0.0,0.0,0.0
2019-11-01 00:00:00-04:00,31.760857075641706,31.824857214559458,31.704855809648635,31.800857543945312,195300,0.0,0.0,0.0
2019-11-04 00:00:00-05:00,31.944851840697574,32.08085400144496,31.920852177469015,32.02485275268555,206500,0.0,0.0,0.0
2019-11-05 00:00:00-05:00,32.048853887838725,32.192857963789436,32.048853887838725,32.11285400390625,140400,0.0,0.0,0.0
2019-11-06 00:00:00-05:00,32.12087609611143,32.3048807416299,32.07287369003842,32.296878814697266,176300,0.0,0.0,0.0
2019-11-07 00:00:00-05:00,32.3768715106219,32.584875760568686,32.3768715106219,32.4328727722168,200300,0.0,0.0,0.0
2019-11-08 00:00:00-05:00,32.4648639243703,32.48886358538128,32.368859176648606,32.48086166381836,148200,0.0,0.0,0.0
2019-11-11 00:00:00-05:00,32.36887003540839,32.480872560151546,32.36887003540839,32.47287368774414,50700,0.0,0.0,0.0
2019-11-12 00:00:00-05:00,32.48887874575873,32.56887968768566,32.45687714825184,32.51287841796875,49500,0.0,0.0,0.0
2019-11-13 00:00:00-05:00,32.408857683274874,32.544862875129404,32.3768591544609,32.49686050415039,85600,0.0,0.0,0.0
2019-11-14 00:00:00-05:00,32.50487182247481,32.54487228393555,32.432869771109665,32.54487228393555,78100,0.0,0.0,0.0
2019-11-15 00:00:00-05:00,32.5608672207847,32.61686846712232,32.49686405249082,32.59286880493164,53100,0.0,0.0,0.0
2019-11-18 00:00:00-05:00,32.54488601853737,32.616888100288854,32.52088634190049,32.600887298583984,35900,0.0,0.0,0.0
2019-11-19 00:00:00-05:00,32.63286776944801,32.67286822188608,32.53686302138998,32.648868560791016,77500,0.0,0.0,0.0
2019-11-20 00:00:00-05:00,32.57685907275175,32.65685995932532,32.53685557762677,32.58485794067383,155200,0.0,0.0,0.0
2019-11-21 00:00:00-05:00,32.632886939658704,32.6408858141097,32.46488310962154,32.616886138916016,97700,0.0,0.0,0.0
2019-11-22 00:00:00-05:00,32.60087726324333,32.624876932492526,32.53687407612558,32.57687759399414,20800,0.0,0.0,0.0
2019-11-25 00:00:00-05:00,32.61688636553629,32.744889720526444,32.61688636553629,32.720890045166016,77700,0.0,0.0,0.0
2019-11-26 00:00:00-05:00,32.68078679304141,32.68078679304141,32.44019265550888,32.60860824584961,193500,0.1,0.0,0.0
2019-11-27 00:00:00-05:00,32.63265005426996,32.72889010752453,32.57651155286424,32.664730072021484,121400,0.0,0.0,0.0
2019-11-28 00:00:00-05:00,32.61662684911746,32.71286695195385,32.61662684911746,32.69682693481445,30700,0.0,0.0,0.0
2019-11-29 00:00:00-05:00,32.65671382733106,32.72087080789643,32.60859379741772,32.632652282714844,55400,0.0,0.0,0.0
2019-12-02 00:00:00-05:00,32.640665794764544,32.640665794764544,32.42413030235438,32.44818878173828,138800,0.0,0.0,0.0
2019-12-03 00:00:00-05:00,32.25573637796291,32.25573637796291,31.967022195193852,32.14345932006836,261800,0.0,0.0,0.0
2019-12-04 00:00:00-05:00,32.01513446317623,32.13543304135679,32.00711598564683,32.0391960144043,134900,0.0,0.0,0.0
2019-12-05 00:00:00-05:00,31.950980527433032,31.950980527433032,31.670287897201003,31.79860496520996,274200,0.0,0.0,0.0
2019-12-06 00:00:00-05:00,31.975014842043485,32.079273336997744,31.95897483825684,31.958974838256836,144200,0.0,0.0,0.0
2019-12-09 00:00:00-05:00,31.90286701961066,31.91088855887322,31.742472946209656,31.822669982910156,149100,0.0,0.0,0.0
2019-12-10 00:00:00-05:00,31.774532299956753,31.846710816678105,31.630175266514048,31.76651382446289,230700,0.0,0.0,0.0
2019-12-11 00:00:00-05:00,31.74246215820312,31.870779208906548,31.69434211694441,31.742462158203125,123600,0.0,0.0,0.0
2019-12-12 00:00:00-05:00,31.702357280630903,31.94295440245745,31.702357280630903,31.806615829467773,284400,0.0,0.0,0.0
2019-12-13 00:00:00-05:00,31.846707355344144,32.02314439022412,31.766510371845328,31.950965881347656,393100,0.0,0.0,0.0
2019-12-16 00:00:00-05:00,32.03919381050919,32.183550870667936,32.03919381050919,32.087310791015625,129800,0.0,0.0,0.0
2019-12-17 00:00:00-05:00,32.079295477709515,32.191572522390295,31.950978418171477,32.15949249267578,265100,0.0,0.0,0.0
2019-12-18 00:00:00-05:00,32.1434694519845,32.1434694519845,31.92693374665367,31.991090774536133,157900,0.0,0.0,0.0
2019-12-19 00:00:00-05:00,32.031168274547,32.031168274547,31.926912790254736,31.983051300048828,261900,0.0,0.0,0.0
2019-12-20 00:00:00-05:00,32.00711692469946,32.207612521336095,32.00711692469946,32.15147399902344,200000,0.0,0.0,0.0
2019-12-23 00:00:00-05:00,32.18354141654057,32.18354141654057,31.950965881347656,31.950965881347656,204900,0.0,0.0,0.0
2019-12-24 00:00:00-05:00,31.95897483825684,31.95897483825684,31.830657867281563,31.958974838256836,97800,0.0,0.0,0.0
2019-12-27 00:00:00-05:00,31.97503007327639,32.03116858361216,31.870774587978175,31.94295310974121,79900,0.0,0.0,0.0
2019-12-30 00:00:00-05:00,31.92686346733825,31.92686346733825,31.79822349249829,31.862545013427734,62900,0.1,0.0,0.0
2019-12-31 00:00:00-05:00,31.75803469387007,31.822356236305712,31.71783526335777,31.79019546508789,99100,0.0,0.0,0.0
2020-01-02 00:00:00-05:00,31.918839438419766,31.959038873913705,31.83843750041156,31.951000213623047,174100,0.0,0.0,0.0
2020-01-03 00:00:00-05:00,31.774104318926504,31.926863329948176,31.71782452186489,31.90274429321289,174400,0.0,0.0,0.0
2020-01-06 00:00:00-05:00,31.758024279053917,31.90274463505416,31.74194389871845,31.894702911376953,79700,0.0,0.0,0.0
2020-01-07 00:00:00-05:00,31.92689086461241,32.047492286336784,31.8947300765497,31.910810470581055,153200,0.0,0.0,0.0
2020-01-08 00:00:00-05:00,31.91883940777663,32.32083989637074,31.91883940777663,32.152000427246094,217100,0.0,0.0,0.0
2020-01-09 00:00:00-05:00,32.31277860423052,32.369058393195616,32.232379781999946,32.272579193115234,77800,0.0,0.0,0.0
2020-01-10 00:00:00-05:00,32.29670347648794,32.312783856951754,32.176105223537796,32.25650405883789,162200,0.0,0.0,0.0
2020-01-13 00:00:00-05:00,32.31279654894917,32.409278869628906,32.23239768206957,32.409278869628906,147400,0.0,0.0,0.0
2020-01-14 00:00:00-05:00,32.42536926269531,32.48164910028271,32.336928641623366,32.42536926269531,124400,0.0,0.0,0.0
2020-01-15 00:00:00-05:00,32.40929758936721,32.52185729482166,32.40125585782221,32.48969650268555,103900,0.0,0.0,0.0
2020-01-16 00:00:00-05:00,32.570077555403245,32.7308783608828,32.56203889528839,32.71479797363281,114000,0.0,0.0,0.0
2020-01-17 00:00:00-05:00,32.779115847112024,32.915794522880695,32.75499680245165,32.87559509277344,79000,0.0,0.0,0.0
2020-01-20 00:00:00-05:00,32.851499658387866,32.996220164400135,32.851499658387866,32.94797897338867,18300,0.0,0.0,0.0
2020-01-21 00:00:00-05:00,32.86756531621554,32.91580341857292,32.795205095658716,32.82736587524414,84200,0.0,0.0,0.0
2020-01-22 00:00:00-05:00,32.84343382836822,33.0283567247188,32.77911535456705,32.92383575439453,89200,0.0,0.0,0.0
2020-01-23 00:00:00-05:00,32.875603335056496,32.988162994384766,32.78716272643551,32.988162994384766,74500,0.0,0.0,0.0
2020-01-24 00:00:00-05:00,32.99619595430827,33.09267519851997,32.86755593968605,32.92383575439453,125200,0.0,0.0,0.0
2020-01-27 00:00:00-05:00,32.5266245055286,32.76833772806987,32.50245410533959,32.74416732788086,132500,0.087,0.0,0.0
2020-01-28 00:00:00-05:00,32.81666879860754,32.93752689950069,32.736098780378214,32.889183044433594,135300,0.0,0.0,0.0
2020-01-29 00:00:00-05:00,32.94559434974279,32.953653198551756,32.82473927956073,32.840850830078125,85600,0.0,0.0,0.0
2020-01-30 00:00:00-05:00,32.663592998928095,32.824736150694214,32.57496411177923,32.768333435058594,177600,0.0,0.0,0.0
2020-01-31 00:00:00-05:00,32.61524900338382,32.61524900338382,32.3251919460527,32.429935455322266,247400,0.0,0.0,0.0
2020-02-03 00:00:00-05:00,32.478281974414806,32.695824785174416,32.478281974414806,32.5266227722168,194400,0.0,0.0,0.0
2020-02-04 00:00:00-05:00,32.82472897969942,32.953642858239384,32.82472897969942,32.873069763183594,287400,0.0,0.0,0.0
2020-02-05 00:00:00-05:00,33.10672399247319,33.2275820868339,33.09866822050535,33.187294006347656,132700,0.0,0.0,0.0
2020-02-06 00:00:00-05:00,33.25979689355935,33.44511032104492,33.25979689355935,33.44511032104492,137900,0.0,0.0,0.0
2020-02-07 00:00:00-05:00,33.30816533632492,33.461249652936885,33.30816533632492,33.404850006103516,192800,0.0,0.0,0.0
2020-02-10 00:00:00-05:00,33.292057455161284,33.41291562202492,33.292057455161284,33.39680099487305,67300,0.0,0.0,0.0
2020-02-11 00:00:00-05:00,33.437058182897346,33.55791624912232,33.437058182897346,33.49345779418945,96800,0.0,0.0,0.0
2020-02-12 00:00:00-05:00,33.59014240304045,33.59014240304045,33.429002412804884,33.49345779418945,77100,0.0,0.0,0.0
2020-02-13 00:00:00-05:00,33.396782397522,33.50152587890625,33.380667779343725,33.50152587890625,88600,0.0,0.0,0.0
2020-02-14 00:00:00-05:00,33.52570608324766,33.630449595293065,33.50959146035221,33.62239074707031,228500,0.0,0.0,0.0
2020-02-18 00:00:00-05:00,33.525699615478516,33.56598462817034,33.41290035052161,33.525699615478516,126100,0.0,0.0,0.0
2020-02-19 00:00:00-05:00,33.60626019057242,33.60626019057242,33.48540518648212,33.565975189208984,46900,0.0,0.0,0.0
2020-02-20 00:00:00-05:00,33.54182429680103,33.670738220214844,33.54182429680103,33.670738220214844,65500,0.0,0.0,0.0
2020-02-21 00:00:00-05:00,33.65461255590081,33.735182579023736,33.52569867477451,33.574039459228516,113700,0.0,0.0,0.0
2020-02-24 00:00:00-05:00,32.92570586896458,33.12755546959331,32.86111559835324,32.98222351074219,171300,0.087,0.0,0.0
2020-02-25 00:00:00-05:00,33.00644824312294,33.014520872124436,32.22327079081423,32.36860275268555,936600,0.0,0.0,0.0
2020-02-26 00:00:00-05:00,32.360521878973735,32.610813353998786,32.08600636315482,32.150596618652344,745700,0.0,0.0,0.0
2020-02-27 00:00:00-05:00,31.641936129026213,31.666160170774983,31.06868411397664,31.512752532958984,1010200,0.0,0.0,0.0
2020-02-28 00:00:00-05:00,30.527732961245267,30.842617827413147,30.156327376553122,30.705358505249023,1195200,0.0,0.0,0.0
2020-03-02 00:00:00-05:00,30.53581189411779,31.149436496400302,30.40662825363425,31.11713981628418,2021600,0.0,0.0,0.0
2020-03-03 00:00:00-05:00,31.335130927896042,31.407796902260397,30.56810188293457,30.56810188293457,2957000,0.0,0.0,0.0
2020-03-04 00:00:00-05:00,31.004114304458827,31.084852950258945,30.68922619388179,31.06870460510254,957700,0.0,0.0,0.0
2020-03-05 00:00:00-05:00,30.576182971607956,30.664997307070376,30.22092870973939,30.430850982666016,1372400,0.0,0.0,0.0
2020-03-06 00:00:00-05:00,29.825303524108694,29.946414547517964,29.429679930270105,29.615381240844727,2716800,0.0,0.0,0.0
2020-03-09 00:00:00-04:00,27.451542228418763,28.153977887751523,26.450366980191074,26.45844268798828,4938800,0.0,0.0,0.0
2020-03-10 00:00:00-04:00,27.67761820574421,27.67761820574421,26.644149163190054,27.451547622680664,6898400,0.0,0.0,0.0
2020-03-11 00:00:00-04:00,26.862144389152927,27.015548972085732,26.224298931729543,26.248519897460938,5364800,0.0,0.0,0.0
2020-03-12 00:00:00-04:00,24.875939433043925,24.875939433043925,22.574854132735418,23.067367553710938,1161300,0.0,0.0,0.0
2020-03-13 00:00:00-04:00,24.819423021237107,26.24044418334961,23.923210434793592,26.24044418334961,5831700,0.0,0.0,0.0
2020-03-16 00:00:00-04:00,22.041971973501457,24.56912940018621,22.041971973501457,23.551807403564453,3754600,0.0,0.0,0.0
2020-03-17 00:00:00-04:00,23.898990004842755,24.722536641020827,23.31766224283939,23.947433471679688,2604400,0.0,0.0,0.0
2020-03-18 00:00:00-04:00,22.050056838804522,23.25308065006213,21.52524802100621,22.38109016418457,4031500,0.0,0.0,0.0
2020-03-19 00:00:00-04:00,22.02582244408797,22.808998107910156,21.492939779633325,22.808998107910156,1842000,0.0,0.0,0.0
2020-03-20 00:00:00-04:00,23.083528333789037,23.78596432145413,21.775541797460836,21.993539810180664,2033200,0.0,0.0,0.0
2020-03-23 00:00:00-04:00,21.767459200771583,21.888570187622587,20.17688497468827,20.22532844543457,4595500,0.0,0.0,0.0
2020-03-24 00:00:00-04:00,21.258799597332633,22.97855749450054,21.258799597332633,22.94626235961914,3257800,0.0,0.0,0.0
2020-03-25 00:00:00-04:00,23.154398735613633,25.632623548032225,23.008620532873927,24.25583267211914,5668200,0.087,0.0,0.0
2020-03-26 00:00:00-04:00,24.450202868185606,25.616425389885283,24.401609104575694,24.911832809448242,3016100,0.0,0.0,0.0
2020-03-27 00:00:00-04:00,24.053372137875858,24.255841595114816,23.494556003374914,23.616037368774414,4277800,0.0,0.0,0.0
2020-03-30 00:00:00-04:00,23.842799965224124,24.30443000793457,23.162502572371107,24.30443000793457,1356400,0.0,0.0,0.0
2020-03-31 00:00:00-04:00,24.239636597695405,25.308674772949775,24.239636597695405,24.984724044799805,1492800,0.0,0.0,0.0
2020-04-01 00:00:00-04:00,24.215332608028596,24.33681390234731,23.76990068062051,23.818492889404297,1449700,0.0,0.0,0.0
2020-04-02 00:00:00-04:00,23.931884727471544,24.506898681155416,23.76991011897061,24.053367614746094,1479500,0.0,0.0,0.0
2020-04-03 00:00:00-04:00,24.0938654114359,24.110063338747665,23.37307463797541,23.616037368774414,918400,0.0,0.0,0.0
2020-04-06 00:00:00-04:00,24.336825510538347,24.895641584610935,24.336825510538347,24.855148315429688,1387200,0.0,0.0,0.0
2020-04-07 00:00:00-04:00,25.640732596293017,26.094265304294137,25.017126281331038,25.090015411376953,2294400,0.0,0.0,0.0
2020-04-08 00:00:00-04:00,25.292468354024585,25.875581013532134,24.9604187761243,25.770296096801758,1363600,0.0,0.0,0.0
2020-04-09 00:00:00-04:00,25.956577237146128,26.523492191961132,25.859392787286914,26.191442489624023,1827700,0.0,0.0,0.0
2020-04-13 00:00:00-04:00,26.16715545183788,26.16715545183788,25.34917706180047,25.4544620513916,774100,0.0,0.0,0.0
2020-04-14 00:00:00-04:00,25.92417177874063,25.980866033695616,25.268173123619828,25.575925827026367,712900,0.0,0.0,0.0
2020-04-15 00:00:00-04:00,25.000922022701936,25.146698692152768,24.709365594362428,24.749858856201172,527500,0.0,0.0,0.0
2020-04-16 00:00:00-04:00,24.87134047724285,24.895637361461542,24.09385871887207,24.09385871887207,844900,0.0,0.0,0.0
2020-04-17 00:00:00-04:00,24.814646659661175,25.251981260889387,24.69316534089293,25.219585418701172,576500,0.0,0.0,0.0
2020-04-20 00:00:00-04:00,24.636474774840362,25.36536425030641,24.466399688557622,25.0576114654541,976600,0.0,0.0,0.0
2020-04-21 00:00:00-04:00,24.52309440508861,24.790353952618435,24.08575975746584,24.09385871887207,600400,0.0,0.0,0.0
2020-04-22 00:00:00-04:00,24.523091105011037,24.547386441241358,24.13434873341985,24.27202796936035,792700,0.0,0.0,0.0
2020-04-23 00:00:00-04:00,24.328723126544258,24.409709648375937,24.061462043511725,24.069561004638672,1064300,0.0,0.0,0.0
2020-04-24 00:00:00-04:00,24.206111907958984,24.254881342261598,23.90536370399609,24.206111907958984,469700,0.108,0.0,0.0
2020-04-27 00:00:00-04:00,24.376811225394384,24.994563217795225,24.295527782908245,24.953922271728516,480300,0.0,0.0,0.0
2020-04-28 00:00:00-04:00,25.254670382814417,25.60418811948607,25.157131486747275,25.295312881469727,1081100,0.0,0.0,0.0
2020-04-29 00:00:00-04:00,25.80738362235013,26.417006857523756,25.791126630661005,26.384492874145508,707300,0.0,0.0,0.0
2020-04-30 00:00:00-04:00,26.140655438994074,26.140655438994074,25.49039099537839,25.522903442382812,1403000,0.0,0.0,0.0
2020-05-01 00:00:00-04:00,25.165264799244788,25.165264799244788,24.799491520976844,24.92954444885254,761900,0.0,0.0,0.0
2020-05-04 00:00:00-04:00,24.750716498839967,25.083977245428045,24.539380150943384,25.010822296142578,1232500,0.0,0.0,0.0
2020-05-05 00:00:00-04:00,25.32782127623659,25.368462218034377,24.7750957858124,24.84012222290039,709000,0.0,0.0,0.0
2020-05-06 00:00:00-04:00,25.06772888859524,25.124626857578896,24.70195401605262,24.888906478881836,972700,0.0,0.0,0.0
2020-05-07 00:00:00-04:00,25.092103272416225,25.344080544925212,24.68568761659729,24.710071563720703,705700,0.0,0.0,0.0
2020-05-08 00:00:00-04:00,25.059599540114426,25.124626009665988,24.85639162897164,25.06772804260254,428900,0.0,0.0,0.0
2020-05-11 00:00:00-04:00,24.93766873592687,25.368468405323267,24.78323032879365,25.32782745361328,443900,0.0,0.0,0.0
2020-05-12 00:00:00-04:00,25.368463942071255,25.482261377473307,24.8076114654541,24.8076114654541,746700,0.0,0.0,0.0
2020-05-13 00:00:00-04:00,24.799484669865468,24.823870168487865,23.79157398209788,23.864728927612305,886800,0.0,0.0,0.0
2020-05-14 00:00:00-04:00,23.669642060942408,24.043543618773395,23.16568610217861,23.840335845947266,2277500,0.0,0.0,0.0
2020-05-15 00:00:00-04:00,23.7428020686666,23.90536895250392,23.563979736727706,23.71841812133789,1003600,0.0,0.0,0.0
2020-05-19 00:00:00-04:00,24.52312081638175,24.531249315567717,24.011037770487494,24.14921760559082,1405700,0.0,0.0,0.0
2020-05-20 00:00:00-04:00,24.41744822905351,24.571885029648275,24.303650815030817,24.474346160888672,718900,0.0,0.0,0.0
2020-05-21 00:00:00-04:00,24.482490259537673,24.612543200993507,24.157356355544735,24.23863983154297,820500,0.0,0.0,0.0
2020-05-22 00:00:00-04:00,24.28594880758288,24.28594880758288,23.829107542053944,24.04121208190918,422200,0.108,0.0,0.0
2020-05-25 00:00:00-04:00,24.1309539347633,24.44911003112793,24.1309539347633,24.44911003112793,83600,0.0,0.0,0.0
2020-05-26 00:00:00-04:00,24.775417785112825,25.754359904551713,24.750943648631324,25.721729278564453,1079200,0.0,0.0,0.0
2020-05-27 00:00:00-04:00,25.93383578718606,26.553831732500807,25.89304555658101,26.53751564025879,2146300,0.0,0.0,0.0
2020-05-28 00:00:00-04:00,26.619097547406223,26.627254037982095,26.080677366090235,26.1704158782959,1076100,0.0,0.0,0.0
2020-05-29 00:00:00-04:00,25.974620538123585,26.031725296356313,25.501464826496463,25.631990432739258,1374900,0.0,0.0,0.0
2020-06-01 00:00:00-04:00,25.697254756865348,26.219357212739453,25.656466085995707,26.031726837158203,393700,0.0,0.0,0.0
2020-06-02 00:00:00-04:00,26.178582226444014,26.70884456086668,26.178582226444014,26.586475372314453,473400,0.0,0.0,0.0
2020-06-03 00:00:00-04:00,26.94540840305881,27.540931761416697,26.94540840305881,27.369617462158203,447000,0.0,0.0,0.0
2020-06-04 00:00:00-04:00,27.36146291368372,27.532777225098844,26.978042501679464,27.377779006958008,501600,0.0,0.0,0.0
2020-06-05 00:00:00-04:00,28.17724730929172,28.568824189761912,28.04672168246832,28.226192474365234,838900,0.0,0.0,0.0
2020-06-08 00:00:00-04:00,28.54434520533535,28.683027291242084,28.19355707842621,28.5117130279541,479600,0.0,0.0,0.0
2020-06-09 00:00:00-04:00,28.169087707128522,28.39750988805178,27.899879963294946,28.226192474365234,303600,0.0,0.0,0.0
2020-06-10 00:00:00-04:00,28.19356808664901,28.19356808664901,27.66330588907701,27.736726760864258,981000,0.0,0.0,0.0
2020-06-11 00:00:00-04:00,26.83120360672627,27.100414506207393,26.382521886234652,26.48041534423828,1329200,0.0,0.0,0.0
2020-06-12 00:00:00-04:00,27.084086116813513,27.33697769452478,26.77408667654835,26.98619270324707,4549500,0.0,0.0,0.0
2020-06-15 00:00:00-04:00,26.423303547122508,27.222773317684695,26.292777933805745,26.863828659057617,2224600,0.0,0.0,0.0
2020-06-16 00:00:00-04:00,27.63067130497579,27.69593567956623,27.03514789073303,27.312515258789062,2710100,0.0,0.0,0.0
2020-06-17 00:00:00-04:00,27.402251647114984,27.402251647114984,27.002515141016115,27.10856819152832,1072300,0.0,0.0,0.0
2020-06-18 00:00:00-04:00,26.929079158481322,27.247238131395772,26.798553597275976,27.11671257019043,1320000,0.0,0.0,0.0
2020-06-19 00:00:00-04:00,27.39408875336283,27.39408875336283,26.91277500520385,26.994352340698242,2718400,0.0,0.0,0.0
2020-06-22 00:00:00-04:00,26.929091834221442,26.945407926049082,26.708832374489088,26.912778854370117,503000,0.0,0.0,0.0
2020-06-23 00:00:00-04:00,27.12488497437897,27.26356710305556,26.757780645563468,27.01067543029785,8214500,0.0,0.0,0.0
2020-06-24 00:00:00-04:00,26.837166991874746,26.845350176294787,26.280616786477026,26.4934139251709,658400,0.108,0.0,0.0
2020-06-25 00:00:00-04:00,26.288795017177865,26.79623977611285,26.288795017177865,26.73894500732422,446000,0.0,0.0,0.0
2020-06-26 00:00:00-04:00,26.567072405701783,26.657103036087083,26.018708561952558,26.076000213623047,433100,0.0,0.0,0.0
2020-06-29 00:00:00-04:00,26.223315613563265,26.599804403494318,26.15783767331785,26.362451553344727,909100,0.0,0.0,0.0
2020-06-30 00:00:00-04:00,26.215134472031924,26.65710128923704,26.182397056542833,26.558887481689453,434600,0.0,0.0,0.0
2020-07-02 00:00:00-04:00,26.82897619750815,27.058145911030344,26.517965286991945,26.550701141357422,586900,0.0,0.0,0.0
2020-07-03 00:00:00-04:00,26.583446473967506,26.583446473967506,26.501602135243925,26.534337997436523,57200,0.0,0.0,0.0
2020-07-06 00:00:00-04:00,26.886269273573795,27.017222064473973,26.68165534265722,26.87808609008789,335800,0.0,0.0,0.0
2020-07-07 00:00:00-04:00,26.722573993879394,26.722573993879394,26.395190536806922,26.40337371826172,211200,0.0,0.0,0.0
2020-07-08 00:00:00-04:00,26.40337881804304,26.526148418698032,26.141474811742647,26.419748306274414,418400,0.0,0.0,0.0
2020-07-09 00:00:00-04:00,26.37882027273649,26.37882027273649,25.904116147296055,26.1578369140625,405300,0.0,0.0,0.0
2020-07-10 00:00:00-04:00,26.149654034859328,26.648912392945164,26.149654034859328,26.64072608947754,402400,0.0,0.0,0.0
2020-07-13 00:00:00-04:00,26.73894823367,27.025409623535523,26.53433429326361,26.804426193237305,2202400,0.0,0.0,0.0
2020-07-14 00:00:00-04:00,26.747130858942192,27.18909765871823,26.63254756762852,27.14817237854004,2587000,0.0,0.0,0.0
2020-07-15 00:00:00-04:00,27.401890520006532,27.721087674251837,27.320046216616472,27.48373794555664,2352500,0.0,0.0,0.0
2020-07-16 00:00:00-04:00,27.33642198183571,27.68835818715281,27.31186618744935,27.500110626220703,2216200,0.0,0.0,0.0
2020-07-17 00:00:00-04:00,27.500110626220703,27.62288023167021,27.377344142931957,27.500110626220703,595500,0.0,0.0,0.0
2020-07-20 00:00:00-04:00,27.393708515083205,27.44281385036228,27.238199960938978,27.36096954345703,383800,0.0,0.0,0.0
2020-07-21 00:00:00-04:00,27.508288665779556,27.68834986708943,27.459180213924185,27.475549697875977,360400,0.0,0.0,0.0
2020-07-22 00:00:00-04:00,27.410085678100586,27.500113192047813,27.295499245314833,27.410085678100586,371700,0.0,0.0,0.0
2020-07-23 00:00:00-04:00,27.352786382570933,27.467372796429625,27.22183360317868,27.287311553955078,2753400,0.0,0.0,0.0
2020-07-24 00:00:00-04:00,27.197275115197275,27.213644599389927,26.943552793450973,27.074508666992188,2845100,0.0,0.0,0.0
2020-07-27 00:00:00-04:00,26.914354817483577,27.0950441928748,26.717238850415693,27.062191009521484,1625600,0.115,0.0,0.0
2020-07-28 00:00:00-04:00,27.012919287176633,27.037557615510423,26.88150964764152,26.947216033935547,109300,0.0,0.0,0.0
2020-07-29 00:00:00-04:00,27.02113189051199,27.168968114247768,26.807589285981347,27.16075325012207,241800,0.0,0.0,0.0
2020-07-30 00:00:00-04:00,26.848652615635725,27.20181655883789,26.67617807585397,27.20181655883789,234000,0.0,0.0,0.0
2020-07-31 00:00:00-04:00,27.144329505997824,27.144329505997824,26.65154413048786,26.76652717590332,334400,0.0,0.0,0.0
2020-08-04 00:00:00-04:00,26.791156970702968,27.02933785065224,26.733665466308594,26.733665466308594,679300,0.0,0.0,0.0
2020-08-05 00:00:00-04:00,26.84044247637878,27.160753250122067,26.824015881180063,27.16075325012207,283400,0.0,0.0,0.0
2020-08-06 00:00:00-04:00,27.22645857115799,27.423571439764842,27.15254046216728,27.357868194580078,231900,0.0,0.0,0.0
2020-08-07 00:00:00-04:00,27.325017439387242,27.612475037148894,27.242884459274745,27.604263305664062,476700,0.0,0.0,0.0
2020-08-10 00:00:00-04:00,27.686386695368643,27.957420766946775,27.669960103177353,27.93277931213379,342700,0.0,0.0,0.0
2020-08-11 00:00:00-04:00,28.154537962330277,28.524128511175572,28.154537962330277,28.34343910217285,536100,0.0,0.0,0.0
2020-08-12 00:00:00-04:00,28.532339602203745,28.74587903938191,28.458421502208964,28.515913009643555,315100,0.0,0.0,0.0
2020-08-13 00:00:00-04:00,28.36807129913712,28.45020111293214,28.212020266654388,28.294153213500977,286900,0.0,0.0,0.0
2020-08-14 00:00:00-04:00,28.121687698222498,28.433783596673425,28.097046239779743,28.310588836669922,242000,0.0,0.0,0.0
2020-08-17 00:00:00-04:00,28.36807685180912,28.36807685180912,28.162749144079847,28.187387466430664,143000,0.0,0.0,0.0
2020-08-18 00:00:00-04:00,28.22024844207294,28.22024844207294,27.957429154269832,28.031347274780273,210800,0.0,0.0,0.0
2020-08-19 00:00:00-04:00,27.990263030995248,28.236655551630943,27.990263030995248,28.080604553222656,236300,0.0,0.0,0.0
2020-08-20 00:00:00-04:00,27.96563148498535,28.055976172243586,27.899928251648817,27.96563148498535,252400,0.0,0.0,0.0
2020-08-21 00:00:00-04:00,27.908144381256914,27.965635894385688,27.809587949186515,27.95742416381836,244100,0.0,0.0,0.0
2020-08-24 00:00:00-04:00,28.129895147087456,28.4173526763916,28.097041962866385,28.4173526763916,242900,0.0,0.0,0.0
2020-08-25 00:00:00-04:00,28.512123814063393,28.602769801354754,28.355555472787874,28.569807052612305,388900,0.115,0.0,0.0
2020-08-26 00:00:00-04:00,28.784068042538653,29.064245180845553,28.668701540324296,29.031282424926758,207400,0.0,0.0,0.0
2020-08-27 00:00:00-04:00,29.097196735269776,29.352650136545442,29.088954477712374,29.220802307128906,537700,0.0,0.0,0.0
2020-08-28 00:00:00-04:00,29.32793389692331,29.32793389692331,28.9406294666576,29.05599594116211,358500,0.0,0.0,0.0
2020-08-31 00:00:00-04:00,28.957110878059286,28.965353136820635,28.578048706054688,28.578048706054688,426700,0.0,0.0,0.0
2020-09-01 00:00:00-04:00,28.487403374383746,28.652213974885246,28.363794638132433,28.60276985168457,382700,0.0,0.0,0.0
2020-09-02 00:00:00-04:00,28.643976951303685,28.915914963359423,28.643976951303685,28.734622955322266,438900,0.0,0.0,0.0
2020-09-03 00:00:00-04:00,28.77581731670718,28.95710927742772,28.289630955684824,28.363792419433594,967200,0.0,0.0,0.0
2020-09-04 00:00:00-04:00,28.569800103984715,28.726371550680316,27.984725601858976,28.166017532348633,2008100,0.0,0.0,0.0
2020-09-08 00:00:00-04:00,27.95176445646543,28.034171312982227,27.77047565912879,27.960006713867188,1047200,0.0,0.0,0.0
2020-09-09 00:00:00-04:00,28.108337007054203,28.396753157347817,28.108337007054203,28.273147583007812,316500,0.0,0.0,0.0
2020-09-10 00:00:00-04:00,28.322588064012443,28.33906943567192,27.861122231548023,27.951765060424805,800500,0.0,0.0,0.0
2020-09-11 00:00:00-04:00,27.976482668187163,28.231936015176352,27.968240412381324,28.149532318115234,856400,0.0,0.0,0.0
2020-09-14 00:00:00-04:00,28.264905325284982,28.35555129923448,28.198982981003702,28.273147583007812,193800,0.0,0.0,0.0
2020-09-15 00:00:00-04:00,28.372037207107635,28.42972044638836,28.281391218666272,28.330835342407227,173800,0.0,0.0,0.0
2020-09-16 00:00:00-04:00,28.32258706043677,28.495639884979237,28.12481689453125,28.12481689453125,380500,0.0,0.0,0.0
2020-09-17 00:00:00-04:00,27.935285156826332,28.18249942989116,27.91880378615534,28.083614349365234,358600,0.0,0.0,0.0
2020-09-18 00:00:00-04:00,28.042409706394128,28.166018416243382,27.90232276916504,27.90232276916504,219200,0.0,0.0,0.0
2020-09-21 00:00:00-04:00,27.523266444099967,27.539744674937104,27.1359620059118,27.515024185180664,337300,0.0,0.0,0.0
2020-09-22 00:00:00-04:00,27.523260777540106,27.7457514265426,27.383170696260667,27.54798126220703,226600,0.0,0.0,0.0
2020-09-23 00:00:00-04:00,27.696310684764697,27.81167713882499,27.251323096103473,27.259565353393555,326200,0.0,0.0,0.0
2020-09-24 00:00:00-04:00,27.172738791064337,27.47869996398989,27.048698857854944,27.31331443786621,478600,0.115,0.0,0.0
2020-09-25 00:00:00-04:00,27.21409399330559,27.51178741455078,27.123131764095376,27.51178741455078,387800,0.0,0.0,0.0
2020-09-28 00:00:00-04:00,27.850815996510327,28.165048173786417,27.850815996510327,28.02446937561035,281200,0.0,0.0,0.0
2020-09-29 00:00:00-04:00,27.950046097150857,27.950046097150857,27.520044999721893,27.644084930419922,289600,0.0,0.0,0.0
2020-09-30 00:00:00-04:00,27.660628118269937,27.883898135717534,27.51178143997154,27.569665908813477,537400,0.0,0.0,0.0
2020-10-01 00:00:00-04:00,27.710238907685117,27.718509919276165,27.47043319747791,27.619279861450195,407600,0.0,0.0,0.0
2020-10-02 00:00:00-04:00,27.305043447024648,27.925236732953376,27.305043447024648,27.859081268310547,421900,0.0,0.0,0.0
2020-10-05 00:00:00-04:00,28.065809956870638,28.30561876393711,27.933502193397047,28.2311954498291,347200,0.0,0.0,0.0
2020-10-06 00:00:00-04:00,28.34696651931224,28.54542975695348,28.181584168155045,28.256004333496094,698800,0.0,0.0,0.0
2020-10-07 00:00:00-04:00,28.462730144759856,28.661193345570048,28.462730144759856,28.652925491333008,175500,0.0,0.0,0.0
2020-10-08 00:00:00-04:00,28.73562048798002,28.859660399354816,28.644658306900634,28.69427490234375,240300,0.0,0.0,0.0
2020-10-09 00:00:00-04:00,28.694279947117973,28.727357683228817,28.446203235219713,28.487548828125,305000,0.0,0.0,0.0
2020-10-13 00:00:00-04:00,28.54544082340739,28.54544082340739,28.090632872473538,28.206401824951172,234200,0.0,0.0,0.0
2020-10-14 00:00:00-04:00,28.214651514857714,28.297345823709566,28.016191482543945,28.016191482543945,145900,0.0,0.0,0.0
2020-10-15 00:00:00-04:00,27.817739663206115,28.181588461906763,27.75985520058858,28.098894119262695,134000,0.0,0.0,0.0
2020-10-16 00:00:00-04:00,28.140237055052513,28.24773811310128,28.082352597903096,28.107162475585938,129300,0.0,0.0,0.0
2020-10-19 00:00:00-04:00,28.181584675908248,28.206391398135548,27.768122481633537,27.84254264831543,276000,0.0,0.0,0.0
2020-10-20 00:00:00-04:00,27.89215299476421,28.04926745776105,27.768116256966337,27.792922973632812,604000,0.0,0.0,0.0
2020-10-21 00:00:00-04:00,27.768132636707943,27.98313166839289,27.68543827493115,27.925247192382812,421500,0.0,0.0,0.0
2020-10-22 00:00:00-04:00,27.93350027741491,28.214654649819916,27.925232422843745,28.148502349853516,304500,0.0,0.0,0.0
2020-10-23 00:00:00-04:00,28.305617810834484,28.39657998662207,28.247733363417982,28.380041122436523,366700,0.0,0.0,0.0
2020-10-26 00:00:00-04:00,28.246453689924483,28.254750315029323,27.748570716683265,27.914531707763672,280500,0.119,0.0,0.0
2020-10-27 00:00:00-04:00,27.873038001208712,27.873038001208712,27.375158269327972,27.449840545654297,519900,0.0,0.0,0.0
2020-10-28 00:00:00-04:00,27.1843051076267,27.234094354329667,26.79430042083591,26.802597045898438,431300,0.0,0.0,0.0
2020-10-29 00:00:00-04:00,26.827489458580406,27.25898354055603,26.60344262826105,27.151111602783203,683800,0.0,0.0,0.0
2020-10-30 00:00:00-04:00,27.068130108044073,27.1345157623291,26.877276100137955,27.1345157623291,579600,0.0,0.0,0.0
2020-11-02 00:00:00-05:00,27.267283401413863,27.383455128822973,27.06812960768242,27.258983612060547,331300,0.0,0.0,0.0
2020-11-03 00:00:00-05:00,27.55772388177386,28.014114352353168,27.55772388177386,27.90624237060547,327100,0.0,0.0,0.0
2020-11-04 00:00:00-05:00,27.989213891761906,28.204964128999745,27.640698660682858,28.06389617919922,574900,0.0,0.0,0.0
2020-11-05 00:00:00-05:00,28.32943396665148,28.445605716368014,28.188369174979336,28.204965591430664,239900,0.0,0.0,0.0
2020-11-06 00:00:00-05:00,28.329434365982028,28.395820032723115,28.005812154226263,28.138580322265625,166500,0.0,0.0,0.0
2020-11-09 00:00:00-05:00,28.943483754629472,29.690303374328444,28.943483754629472,29.225616455078125,518900,0.0,0.0,0.0
2020-11-10 00:00:00-05:00,29.391559562675802,29.964124466780298,29.35007013212462,29.914335250854492,409600,0.0,0.0,0.0
2020-11-11 00:00:00-05:00,30.12180351675936,30.204785592746227,30.04712123109245,30.09691047668457,285500,0.0,0.0,0.0
2020-11-12 00:00:00-05:00,30.022226125807503,30.096908406337064,29.63221830910397,29.78988265991211,194200,0.0,0.0,0.0
2020-11-13 00:00:00-05:00,29.8728547470669,30.088601749668083,29.8728547470669,30.00562286376953,195200,0.0,0.0,0.0
2020-11-16 00:00:00-05:00,30.36244993403321,30.72756160986768,30.2960642663672,30.71926498413086,393500,0.0,0.0,0.0
2020-11-17 00:00:00-05:00,30.49522115922174,31.100976192871467,30.49522115922174,31.06778335571289,471800,0.0,0.0,0.0
2020-11-18 00:00:00-05:00,31.125870940786097,31.39970711416003,31.117574313764166,31.291831970214844,347700,0.0,0.0,0.0
2020-11-19 00:00:00-05:00,31.183958500465092,31.31672668457031,31.067783569610224,31.316726684570312,277600,0.0,0.0,0.0
2020-11-20 00:00:00-05:00,31.266919052084347,31.416283567097597,31.092661506382672,31.407983779907227,379600,0.0,0.0,0.0
2020-11-23 00:00:00-05:00,31.5905434939722,31.77310084062471,31.573947083781825,31.69011878967285,183300,0.0,0.0,0.0
2020-11-24 00:00:00-05:00,32.08052886325812,32.42181095008693,32.005613128328015,32.380191802978516,212100,0.119,0.0,0.0
2020-11-25 00:00:00-05:00,32.246997029807275,32.29693871824153,31.963982485780296,32.222023010253906,298300,0.0,0.0,0.0
2020-11-26 00:00:00-05:00,32.172077319388606,32.21369644635152,32.105484175979264,32.130455017089844,38400,0.0,0.0,0.0
2020-11-27 00:00:00-05:00,32.088849380144005,32.330244863480736,32.088849380144005,32.18873596191406,120800,0.0,0.0,0.0
2020-11-30 00:00:00-05:00,32.055550564781434,32.06387629829653,31.631030240283785,31.639352798461914,414600,0.0,0.0,0.0
2020-12-01 00:00:00-05:00,32.07221099486961,32.17210078283427,31.93070522492691,31.939027786254883,255400,0.0,0.0,0.0
2020-12-02 00:00:00-05:00,32.03058624267578,32.05555709763613,31.805839022019796,32.03058624267578,358500,0.0,0.0,0.0
2020-12-03 00:00:00-05:00,32.02225621451218,32.255325940685466,32.02225621451218,32.05554962158203,169100,0.0,0.0,0.0
2020-12-04 00:00:00-05:00,32.105495931767074,32.321920551757884,32.08052508151314,32.313594818115234,101800,0.0,0.0,0.0
2020-12-07 00:00:00-05:00,32.230343979359986,32.28861139081421,32.047216014597694,32.23866653442383,190800,0.0,0.0,0.0
2020-12-08 00:00:00-05:00,32.14710180616726,32.34687805175781,32.13877925129651,32.34687805175781,96300,0.0,0.0,0.0
2020-12-09 00:00:00-05:00,32.438445097138775,32.54665419736167,32.33023282157987,32.45509338378906,136900,0.0,0.0,0.0
2020-12-10 00:00:00-05:00,32.26365231081957,32.488399505615234,32.23035889981585,32.488399505615234,164500,0.0,0.0,0.0
2020-12-11 00:00:00-05:00,32.25531407150113,32.363526336835,32.19704666139882,32.34687805175781,232000,0.0,0.0,0.0
2020-12-14 00:00:00-05:00,32.51336758876896,32.51336758876896,31.99728012084961,31.99728012084961,308000,0.0,0.0,0.0
2020-12-15 00:00:00-05:00,32.13045563096684,32.29693531733506,31.997272516939443,32.063865661621094,233900,0.0,0.0,0.0
2020-12-16 00:00:00-05:00,32.11381052013233,32.17207793406083,31.980624230769028,32.063865661621094,312400,0.0,0.0,0.0
2020-12-17 00:00:00-05:00,32.130468211890026,32.16376479726838,31.914046757605043,32.072200775146484,152100,0.0,0.0,0.0
2020-12-18 00:00:00-05:00,32.07218397548107,32.080509705133146,31.772521214715947,31.847436904907227,282700,0.0,0.0,0.0
2020-12-21 00:00:00-05:00,31.531148559441505,31.797514917202022,31.422936234308338,31.780866622924805,518000,0.0,0.0,0.0
2020-12-22 00:00:00-05:00,31.814155408544888,31.86409710379007,31.631027391748084,31.722591400146484,240200,0.0,0.0,0.0
2020-12-23 00:00:00-05:00,31.78086043897577,32.072197593794726,31.78086043897577,32.00560760498047,263900,0.0,0.0,0.0
2020-12-24 00:00:00-05:00,32.05555327772041,32.122146450129215,31.89739925625534,32.09717559814453,165500,0.0,0.0,0.0
2020-12-29 00:00:00-05:00,32.27196754483821,32.30526412034557,32.07219126713027,32.172080993652344,313000,0.0,0.0,0.0
2020-12-30 00:00:00-05:00,32.2547580088894,32.37165281369513,32.10446377838358,32.11281204223633,216200,0.119,0.0,0.0
2020-12-31 00:00:00-05:00,32.07105081422921,32.32989147642116,32.02930314229972,32.10445022583008,159700,0.0,0.0,0.0
2021-01-04 00:00:00-05:00,32.23806617886682,32.23806617886682,31.71203624347204,31.879030227661133,475000,0.0,0.0,0.0
2021-01-05 00:00:00-05:00,31.88735652243304,32.071050096986475,31.837260591295287,31.99590301513672,188300,0.0,0.0,0.0
2021-01-06 00:00:00-05:00,32.16291492031217,32.74739219744153,32.15456347034387,32.647193908691406,453600,0.0,0.0,0.0
2021-01-07 00:00:00-05:00,32.89767805355281,32.90602631624664,32.72233268554141,32.83087921142578,284600,0.0,0.0,0.0
2021-01-08 00:00:00-05:00,32.864278632489295,32.947774000003974,32.688936449622005,32.83087921142578,194000,0.0,0.0,0.0
2021-01-11 00:00:00-05:00,32.64719111643663,32.88098391837945,32.64719111643663,32.7974853515625,203700,0.0,0.0,0.0
2021-01-12 00:00:00-05:00,32.83923344448734,33.05632332952422,32.79748257204484,32.947776794433594,260700,0.0,0.0,0.0
2021-01-13 00:00:00-05:00,32.98117374357528,33.0145731649654,32.83087953246392,32.89767837524414,162100,0.0,0.0,0.0
2021-01-14 00:00:00-05:00,32.880972114875625,33.164860769854556,32.82252473165733,33.04796600341797,166900,0.0,0.0,0.0
2021-01-15 00:00:00-05:00,32.97282411473764,33.13981484448151,32.86427759228892,33.10641860961914,287600,0.0,0.0,0.0
2021-01-18 00:00:00-05:00,33.123104784814196,33.265050682916794,33.123104784814196,33.2567024230957,69100,0.0,0.0,0.0
2021-01-19 00:00:00-05:00,33.33185673180217,33.39865557181492,33.10641860961914,33.10641860961914,143800,0.0,0.0,0.0
2021-01-20 00:00:00-05:00,33.198256703494145,33.198256703494145,32.91436805104601,33.11476135253906,147800,0.0,0.0,0.0
2021-01-21 00:00:00-05:00,33.08137130487422,33.114770728770466,32.897680843733596,32.947776794433594,153800,0.0,0.0,0.0
2021-01-22 00:00:00-05:00,32.78077691179327,32.78912835882409,32.62213445478944,32.67223358154297,197300,0.0,0.0,0.0
2021-01-25 00:00:00-05:00,32.581783030321425,32.73250857418233,32.44780512403232,32.72413635253906,328800,0.112,0.0,0.0
2021-01-26 00:00:00-05:00,32.81626859111555,32.81626859111555,32.56506022455544,32.74090576171875,187800,0.0,0.0,0.0
2021-01-27 00:00:00-05:00,32.531559180040915,32.531559180040915,32.2301111099656,32.26360321044922,285000,0.0,0.0,0.0
2021-01-28 00:00:00-05:00,32.431068383984126,32.8246300134532,32.28871820821908,32.67390441894531,231500,0.0,0.0,0.0
2021-01-29 00:00:00-05:00,32.3975783242411,32.447821261944796,31.962149113669614,32.12125015258789,478200,0.0,0.0,0.0
2021-02-01 00:00:00-05:00,32.24687009326123,32.422718872900205,32.18825489814442,32.33060836791992,188200,0.0,0.0,0.0
2021-02-02 00:00:00-05:00,32.57342166820473,32.80788228380527,32.5315509631735,32.69902420043945,183600,0.0,0.0,0.0
2021-02-03 00:00:00-05:00,32.724153085181726,32.78276824951172,32.60691956223485,32.78276824951172,103800,0.0,0.0,0.0
2021-02-04 00:00:00-05:00,32.89999934830679,33.17632753028989,32.89999934830679,33.0842170715332,305600,0.0,0.0,0.0
2021-02-05 00:00:00-05:00,33.184718671391465,33.24333386486149,33.050740629990194,33.13447570800781,191100,0.0,0.0,0.0
2021-02-08 00:00:00-05:00,33.20981245148566,33.35216580536544,33.193064810188865,33.31029510498047,93000,0.0,0.0,0.0
2021-02-09 00:00:00-05:00,33.293546881511205,33.368909668886005,33.15956894776556,33.35216522216797,142000,0.0,0.0,0.0
2021-02-10 00:00:00-05:00,33.394046006916696,33.394046006916696,33.134462259559065,33.26844024658203,188700,0.0,0.0,0.0
2021-02-11 00:00:00-05:00,33.36054646349349,33.511272078986984,33.36054646349349,33.435909271240234,137200,0.0,0.0,0.0
2021-02-12 00:00:00-05:00,33.48615680471041,33.71224206470017,33.444286087991294,33.561519622802734,403500,0.0,0.0,0.0
2021-02-16 00:00:00-05:00,33.636871870702116,33.745729960584406,33.58663213251529,33.66199493408203,325300,0.0,0.0,0.0
2021-02-17 00:00:00-05:00,33.54478373677188,33.84623192055067,33.54478373677188,33.78761672973633,429000,0.0,0.0,0.0
2021-02-18 00:00:00-05:00,33.67036769597365,33.92995139312912,33.61175253762993,33.86296081542969,390400,0.0,0.0,0.0
2021-02-19 00:00:00-05:00,33.929943831131354,34.15603218904858,33.87132868585124,34.08066940307617,620000,0.0,0.0,0.0
2021-02-22 00:00:00-05:00,34.02356484583547,34.359432267129314,34.02356484583547,34.241878509521484,478700,0.112,0.0,0.0
2021-02-23 00:00:00-05:00,34.44342029940896,34.67013261398737,34.25029570619804,34.56097412109375,623400,0.0,0.0,0.0
2021-02-24 00:00:00-05:00,34.76249044486023,35.32507025373961,34.57776121658304,35.18232727050781,1169300,0.0,0.0,0.0
2021-02-25 00:00:00-05:00,35.21593086812913,35.28310633412811,34.54419222365195,34.712127685546875,879200,0.0,0.0,0.0
2021-02-26 00:00:00-05:00,34.61135383967475,34.770890702928746,34.2167061426081,34.225101470947266,1186300,0.0,0.0,0.0
2021-03-01 00:00:00-05:00,34.602969154849795,34.88845847914041,34.4854152924541,34.712127685546875,710800,0.0,0.0,0.0
2021-03-02 00:00:00-05:00,34.770894427120844,35.17393749569523,34.76249909788249,34.98920822143555,687400,0.0,0.0,0.0
2021-03-03 00:00:00-05:00,35.165540539074264,35.23271277917729,34.94722355176121,35.06477737426758,509300,0.0,0.0,0.0
2021-03-04 00:00:00-05:00,34.9975968243797,35.2494982703824,34.65333076745253,34.880043029785156,913000,0.0,0.0,0.0
2021-03-05 00:00:00-05:00,35.16553994545005,35.50980607830781,34.989206011565734,35.46782302856445,1586900,0.0,0.0,0.0
2021-03-08 00:00:00-05:00,35.484617019741115,36.097581775367125,35.484617019741115,35.93804168701172,1130100,0.0,0.0,0.0
2021-03-09 00:00:00-05:00,36.055603852613636,36.231937843822976,35.75332387433138,35.97163772583008,677600,0.0,0.0,0.0
2021-03-10 00:00:00-05:00,36.04718609765881,36.4250398393419,36.04718609765881,36.29908752441406,692400,0.0,0.0,0.0
2021-03-11 00:00:00-05:00,36.383077420175496,36.576202063567315,36.24872649979624,36.34109115600586,605900,0.0,0.0,0.0
2021-03-12 00:00:00-05:00,36.46703031236984,36.55099640404242,36.2487133490594,36.44184112548828,606500,0.0,0.0,0.0
2021-03-15 00:00:00-04:00,36.46704354231029,36.525820468425096,36.14796651261404,36.34109115600586,388700,0.0,0.0,0.0
2021-03-16 00:00:00-04:00,36.34107802102525,36.450236502828446,36.173145837452424,36.38306427001953,271200,0.0,0.0,0.0
2021-03-17 00:00:00-04:00,36.46701876815745,36.69373098762537,36.45022491451908,36.618160247802734,484800,0.0,0.0,0.0
2021-03-18 00:00:00-04:00,36.74411449476338,37.06319135240776,36.710529985880164,36.802894592285156,350500,0.0,0.0,0.0
2021-03-19 00:00:00-04:00,36.75252000318861,36.80290158073108,36.4334430849552,36.71053695678711,490500,0.0,0.0,0.0
2021-03-22 00:00:00-04:00,36.61817625046243,36.651763972417484,36.441845514850606,36.592987060546875,269400,0.0,0.0,0.0
2021-03-23 00:00:00-04:00,36.550996453592354,36.70213798128876,36.34107802102525,36.38306427001953,144500,0.0,0.0,0.0
2021-03-24 00:00:00-04:00,36.467044830322266,36.693757211816354,36.441855633412594,36.467044830322266,183900,0.0,0.0,0.0
2021-03-25 00:00:00-04:00,36.460300692977256,36.78019941573899,36.359277001321075,36.687599182128906,289600,0.112,0.0,0.0
2021-03-26 00:00:00-04:00,36.780195070598424,36.9233103445124,36.729686442120496,36.89805603027344,95000,0.0,0.0,0.0
2021-03-29 00:00:00-04:00,36.73809751586856,36.906467076704544,36.637077063919875,36.80544662475586,226300,0.0,0.0,0.0
2021-03-30 00:00:00-04:00,36.86438147036629,36.95698490441955,36.822289876173755,36.89805603027344,143500,0.0,0.0,0.0
2021-03-31 00:00:00-04:00,36.81385971984598,36.847534270687596,36.47712384557555,36.53605270385742,158800,0.0,0.0,0.0
2021-04-01 00:00:00-04:00,36.58655366290969,36.72966886834839,36.45185869911039,36.721248626708984,135600,0.0,0.0,0.0
2021-04-05 00:00:00-04:00,36.923317745968184,37.058012801214254,36.83071429335212,36.940155029296875,153600,0.0,0.0,0.0
2021-04-06 00:00:00-04:00,37.0243195258583,37.03273976895954,36.8559499890334,36.914878845214844,143900,0.0,0.0,0.0
2021-04-07 00:00:00-04:00,37.00750048543792,37.049592087538144,36.931734317104166,37.02433776855469,63300,0.0,0.0,0.0
2021-04-08 00:00:00-04:00,36.94856500293047,36.99907684326172,36.78861565895577,36.99907684326172,139500,0.0,0.0,0.0
2021-04-09 00:00:00-04:00,37.04116338306389,37.074837938689356,36.96539723859778,37.0664176940918,72000,0.0,0.0,0.0
2021-04-12 00:00:00-04:00,37.100092333149384,37.403156911695355,37.015909155278784,37.33580780029297,206000,0.0,0.0,0.0
2021-04-13 00:00:00-04:00,37.28531018414223,37.28531018414223,37.0916862487793,37.0916862487793,82700,0.0,0.0,0.0
2021-04-14 00:00:00-04:00,37.15901910725861,37.251622524530575,37.02432410342181,37.05799865722656,103600,0.0,0.0,0.0
2021-04-15 00:00:00-04:00,37.150608856498515,37.226375010699535,36.956984953847645,37.16744613647461,182900,0.0,0.0,0.0
2021-04-16 00:00:00-04:00,37.26003526219943,37.31054708708389,37.20110640552515,37.268455505371094,51300,0.0,0.0,0.0
2021-04-19 00:00:00-04:00,37.310568895388904,37.45368421052258,37.10010765242693,37.15061950683594,66500,0.0,0.0,0.0
2021-04-20 00:00:00-04:00,37.0159069715254,37.057998557977506,36.6875881012639,36.78860855102539,97300,0.0,0.0,0.0
2021-04-21 00:00:00-04:00,36.788615435533835,37.041168212890625,36.670757686859524,37.041168212890625,149100,0.0,0.0,0.0
2021-04-22 00:00:00-04:00,37.00750048543792,37.06642937065491,36.84755111290372,37.02433776855469,119700,0.0,0.0,0.0
2021-04-23 00:00:00-04:00,37.01592483022113,37.42001003560417,37.01592483022113,37.394752502441406,118700,0.0,0.0,0.0
2021-04-26 00:00:00-04:00,37.38714067230286,37.615008511351306,37.38714067230286,37.463096618652344,102400,0.111,0.0,0.0
2021-04-27 00:00:00-04:00,37.488424699619216,37.6487779754188,37.38715114924924,37.54750442504883,89100,0.0,0.0,0.0
2021-04-28 00:00:00-04:00,37.60657501220703,37.76692504334124,37.59813367300503,37.60657501220703,80900,0.0,0.0,0.0
2021-04-29 00:00:00-04:00,37.83443983628966,37.89351632824177,37.69096605624356,37.75848388671875,65200,0.0,0.0,0.0
2021-04-30 00:00:00-04:00,37.674096122688304,37.699413705803146,37.53062552579999,37.57282257080078,84700,0.0,0.0,0.0
2021-05-03 00:00:00-04:00,37.150841532206265,37.85976275508913,37.150841532206265,37.69097137451172,169100,0.0,0.0,0.0
2021-05-04 00:00:00-04:00,37.66564824960058,37.71628340272052,37.43778040227886,37.64032745361328,95200,0.0,0.0,0.0
2021-05-05 00:00:00-04:00,37.68253573516602,37.92727987271751,37.65721493378427,37.893524169921875,86700,0.0,0.0,0.0
2021-05-06 00:00:00-04:00,37.85975992040569,37.9863510317896,37.690968552466245,37.96947479248047,106100,0.0,0.0,0.0
2021-05-07 00:00:00-04:00,37.81757444300157,38.16359540430349,37.81757444300157,38.10451889038086,214200,0.0,0.0,0.0
2021-05-10 00:00:00-04:00,38.146707726788414,38.42521077253898,38.079189885741094,38.08763122558594,105900,0.0,0.0,0.0
2021-05-11 00:00:00-04:00,37.87663858877649,38.02010915590332,37.6065736934798,37.82600021362305,493700,0.0,0.0,0.0
2021-05-12 00:00:00-04:00,37.77535282067734,37.87662954680728,37.62344417033589,37.65719985961914,169300,0.0,0.0,0.0
2021-05-13 00:00:00-04:00,37.70784064730357,38.231090888246406,37.70784064730357,38.121376037597656,251400,0.0,0.0,0.0
2021-05-14 00:00:00-04:00,38.247982015852074,38.71215591411948,38.247982015852074,38.636199951171875,160300,0.0,0.0,0.0
2021-05-17 00:00:00-04:00,38.57711605374854,38.78810444155433,38.49272198639714,38.762786865234375,256700,0.0,0.0,0.0
2021-05-18 00:00:00-04:00,38.729039945749406,38.9484697399089,38.729039945749406,38.788116455078125,211400,0.0,0.0,0.0
2021-05-19 00:00:00-04:00,38.5180399165188,38.71214884875181,38.26485449271171,38.653072357177734,224800,0.0,0.0,0.0
2021-05-20 00:00:00-04:00,38.65308228079647,38.79655609675928,38.56024685036667,38.72060012817383,248700,0.0,0.0,0.0
2021-05-21 00:00:00-04:00,38.806034878898174,38.93293622140287,38.70451574123555,38.831417083740234,106200,0.111,0.0,0.0
2021-05-25 00:00:00-04:00,39.02600101252245,39.186739933542064,38.882179260253906,38.882179260253906,180100,0.0,0.0,0.0
2021-05-26 00:00:00-04:00,39.059835713568795,39.22903643379446,38.83141845258474,39.186737060546875,219000,0.0,0.0,0.0
2021-05-27 00:00:00-04:00,39.35592732387912,39.50820760889773,39.271325372627416,39.34746551513672,297300,0.0,0.0,0.0
2021-05-28 00:00:00-04:00,39.618205876296194,39.618205876296194,39.254425394741155,39.449005126953125,172100,0.0,0.0,0.0
2021-05-31 00:00:00-04:00,39.53360416012067,39.54206597262579,39.127524295243745,39.220584869384766,352400,0.0,0.0,0.0
2021-06-01 00:00:00-04:00,39.53359362329798,39.61819558962095,39.38131331115167,39.5251350402832,328600,0.0,0.0,0.0
2021-06-02 00:00:00-04:00,39.660497178578126,39.67741757278959,39.38131551494178,39.508216857910156,143000,0.0,0.0,0.0
2021-06-03 00:00:00-04:00,39.48283103842899,39.787391651883226,39.46591387300146,39.67741394042969,220100,0.0,0.0,0.0
2021-06-04 00:00:00-04:00,39.76200966617778,39.804309031014014,39.50821024992571,39.668949127197266,228600,0.0,0.0,0.0
2021-06-07 00:00:00-04:00,39.77046481554615,39.77046481554615,39.550506201042204,39.60972595214844,61000,0.0,0.0,0.0
2021-06-08 00:00:00-04:00,39.56743240356445,39.66895153076947,39.45745146653868,39.56743240356445,130100,0.0,0.0,0.0
2021-06-09 00:00:00-04:00,39.49130534656145,39.49976393195218,39.24596441616298,39.33056640625,127000,0.0,0.0,0.0
2021-06-10 00:00:00-04:00,39.49975345397484,39.55051463456179,39.23749542236328,39.23749542236328,98900,0.0,0.0,0.0
2021-06-11 00:00:00-04:00,39.32210339086438,39.46592515599522,39.23750463060094,39.364402770996094,69300,0.0,0.0,0.0
2021-06-14 00:00:00-04:00,39.364393128900986,39.38131352225628,39.17827525646282,39.296714782714844,97300,0.0,0.0,0.0
2021-06-15 00:00:00-04:00,39.38132111166036,39.65204100304702,39.36440071504423,39.55052185058594,131500,0.0,0.0,0.0
2021-06-16 00:00:00-04:00,39.53360200814421,39.84662128184118,39.53360200814421,39.77048110961914,363700,0.0,0.0,0.0
2021-06-17 00:00:00-04:00,39.838151220177764,39.973511128773104,39.45745046874249,39.51667022705078,338600,0.0,0.0,0.0
2021-06-18 00:00:00-04:00,39.271336216182526,39.322097400949666,39.07675651542817,39.12751770019531,348800,0.0,0.0,0.0
2021-06-21 00:00:00-04:00,39.14443147522539,39.49129144438675,39.14443147522539,39.432071685791016,221100,0.0,0.0,0.0
2021-06-22 00:00:00-04:00,39.52513926376543,39.52513926376543,39.22903719084742,39.465919494628906,149000,0.0,0.0,0.0
2021-06-23 00:00:00-04:00,39.44898122447291,39.44898122447291,39.29670096505567,39.39822006225586,117200,0.0,0.0,0.0
2021-06-24 00:00:00-04:00,39.59413528442383,39.60261731369542,39.44997313627001,39.59413528442383,124500,0.111,0.0,0.0
2021-06-25 00:00:00-04:00,39.61957830917603,39.84854457630748,39.55173501449426,39.8061408996582,122600,0.0,0.0,0.0
2021-06-28 00:00:00-04:00,39.84005664336864,39.84005664336864,39.45844625469783,39.560211181640625,318600,0.0,0.0,0.0
2021-06-29 00:00:00-04:00,39.687401617738246,39.73828406727321,39.48387828948832,39.58563995361328,60600,0.0,0.0,0.0
2021-06-30 00:00:00-04:00,39.4838981628418,39.56869905313777,39.37365441749974,39.4838981628418,95900,0.0,0.0,0.0
2021-07-02 00:00:00-04:00,39.636545409174786,39.81462923349395,39.50934082897718,39.54326248168945,119200,0.0,0.0,0.0
2021-07-05 00:00:00-04:00,39.58563273606621,39.7213160084757,39.492349879732615,39.71283721923828,45500,0.0,0.0,0.0
2021-07-06 00:00:00-04:00,39.75524240131601,39.75524240131601,39.449954193059504,39.55171585083008,167700,0.0,0.0,0.0
2021-07-07 00:00:00-04:00,39.50931937070092,39.628041855766554,39.356675251346516,39.4669189453125,503900,0.0,0.0,0.0
2021-07-08 00:00:00-04:00,39.22948180750882,39.22948180750882,38.7376309113428,39.000518798828125,508700,0.0,0.0,0.0
2021-07-09 00:00:00-04:00,39.19555761182731,39.52628550325575,39.15315394579144,39.348201751708984,748400,0.0,0.0,0.0
2021-07-12 00:00:00-04:00,39.365172218295896,39.58565970803225,39.280371328364424,39.56869888305664,116100,0.0,0.0,0.0
2021-07-13 00:00:00-04:00,39.68739604204716,39.729796459896974,39.36514704348847,39.49235153198242,171400,0.0,0.0,0.0
2021-07-14 00:00:00-04:00,39.4839012069164,39.636545409174786,39.39061827943107,39.54326248168945,129000,0.0,0.0,0.0
2021-07-15 00:00:00-04:00,39.3906023358299,39.68740858956092,39.3906023358299,39.60260772705078,170900,0.0,0.0,0.0
2021-07-16 00:00:00-04:00,39.678931079621194,39.69589189966047,39.2464382559839,39.271881103515625,104900,0.0,0.0,0.0
2021-07-19 00:00:00-04:00,38.941144401422065,38.94962642770265,38.34753195958864,38.52561569213867,294200,0.0,0.0,0.0
2021-07-20 00:00:00-04:00,38.5510598737172,39.01747109117061,38.41537655164083,38.80546569824219,232800,0.0,0.0,0.0
2021-07-21 00:00:00-04:00,39.04291765348982,39.30580229537255,39.01747480415423,39.16164016723633,137900,0.0,0.0,0.0
2021-07-22 00:00:00-04:00,39.16165629618345,39.212538780864996,38.915729139310145,39.05989456176758,169300,0.0,0.0,0.0
2021-07-23 00:00:00-04:00,39.22947886168788,39.492366729432426,39.144677993355195,39.195560455322266,172500,0.0,0.0,0.0
2021-07-26 00:00:00-04:00,39.1760108101888,39.303510514678315,39.07401299206849,39.18450927734375,119800,0.107,0.0,0.0
2021-07-27 00:00:00-04:00,39.09952335623578,39.54151835718326,38.98052532568322,39.39701843261719,142700,0.0,0.0,0.0
2021-07-28 00:00:00-04:00,39.4650199663419,39.60951665140697,39.235522370250415,39.54151916503906,163800,0.0,0.0,0.0
2021-07-29 00:00:00-04:00,39.64349402085727,39.87299148383019,39.64349402085727,39.821990966796875,144100,0.0,0.0,0.0
2021-07-30 00:00:00-04:00,39.71150890741413,39.805008267509635,39.45650947353457,39.601009368896484,206400,0.0,0.0,0.0
2021-08-03 00:00:00-04:00,39.60100635977136,39.82200217756155,39.439509540711306,39.71150588989258,187200,0.0,0.0,0.0
2021-08-04 00:00:00-04:00,39.567011978393275,40.000508454525786,39.567011978393275,39.873008728027344,104400,0.0,0.0,0.0
2021-08-05 00:00:00-04:00,39.98350675794052,40.16200377430435,39.97500504718837,40.136505126953125,96300,0.0,0.0,0.0
2021-08-06 00:00:00-04:00,40.272481993512194,40.68047634737081,40.272481993512194,40.60397720336914,220700,0.0,0.0,0.0
2021-08-09 00:00:00-04:00,40.56998906907849,40.731485869469246,40.43399091020947,40.68048858642578,90700,0.0,0.0,0.0
2021-08-10 00:00:00-04:00,40.7484878260838,40.96098516125989,40.69749054081083,40.94398498535156,250800,0.0,0.0,0.0
2021-08-11 00:00:00-04:00,41.05449185623967,41.2244904033005,40.952494024984205,41.18199157714844,105300,0.0,0.0,0.0
2021-08-12 00:00:00-04:00,41.25848186397544,41.25848186397544,40.84198567561479,41.17348098754883,181700,0.0,0.0,0.0
2021-08-13 00:00:00-04:00,41.232990046550086,41.2754921163659,41.07999491653335,41.122493743896484,100200,0.0,0.0,0.0
2021-08-16 00:00:00-04:00,41.04598453658676,41.17348098754883,40.86748755976871,41.17348098754883,123700,0.0,0.0,0.0
2021-08-17 00:00:00-04:00,41.04598269466725,41.096979975782844,40.714487397608906,40.87598419189453,147900,0.0,0.0,0.0
2021-08-18 00:00:00-04:00,40.85049514164592,41.03749062038953,40.765494249078365,40.92699432373047,71500,0.0,0.0,0.0
2021-08-19 00:00:00-04:00,40.71450370376562,40.84200020006869,40.536003421016446,40.74850082397461,264900,0.0,0.0,0.0
2021-08-20 00:00:00-04:00,40.79949936533436,41.13099477888524,40.688999813333105,41.11399459838867,169900,0.0,0.0,0.0
2021-08-23 00:00:00-04:00,41.22448204057923,41.25848239158467,41.13098269654025,41.13948440551758,105700,0.0,0.0,0.0
2021-08-24 00:00:00-04:00,41.16499513987838,41.26699298040491,41.05449558787712,41.11399459838867,333700,0.0,0.0,0.0
2021-08-25 00:00:00-04:00,41.196612782621614,41.52032569954773,41.196612782621614,41.33291244506836,402600,0.107,0.0,0.0
2021-08-26 00:00:00-04:00,41.401066561632845,41.401066561632845,40.96661234107643,40.98365020751953,574700,0.0,0.0,0.0
2021-08-27 00:00:00-04:00,41.02623562164691,41.02623562164691,40.75363630851758,40.87289810180664,155000,0.0,0.0,0.0
2021-08-30 00:00:00-04:00,40.889942299099815,40.889942299099815,40.57474990377697,40.58326721191406,190200,0.0,0.0,0.0
2021-08-31 00:00:00-04:00,40.566241003232406,40.77920951390613,40.27660369873047,40.27660369873047,512600,0.0,0.0,0.0
2021-09-01 00:00:00-04:00,40.30214876081585,40.58326541184007,40.30214876081585,40.45548629760742,124300,0.0,0.0,0.0
2021-09-02 00:00:00-04:00,40.52363586425781,40.59178732717419,40.404374053794754,40.52363586425781,78700,0.0,0.0,0.0
2021-09-03 00:00:00-04:00,40.583267758125785,40.583267758125785,40.3191889569932,40.44696807861328,143700,0.0,0.0,0.0
2021-09-07 00:00:00-04:00,40.549190569801105,40.77919688002704,40.5065975307905,40.57474899291992,129200,0.0,0.0,0.0
2021-09-08 00:00:00-04:00,40.58327106443191,40.69401557857086,40.43845406486949,40.47252655029297,278800,0.0,0.0,0.0
2021-09-09 00:00:00-04:00,40.412891361839,40.753642177139675,40.412891361839,40.52363586425781,97000,0.0,0.0,0.0
2021-09-10 00:00:00-04:00,40.642895299426854,40.642895299426854,40.35325809824074,40.395851135253906,90500,0.0,0.0,0.0
2021-09-13 00:00:00-04:00,40.540673729986906,40.71104913763725,40.412891361839,40.52363586425781,129300,0.0,0.0,0.0
2021-09-14 00:00:00-04:00,40.532164715658794,40.65142655052528,40.268082617282104,40.30215835571289,243100,0.0,0.0,0.0
2021-09-15 00:00:00-04:00,40.285121293235214,40.58327588637218,40.15733889638147,40.53216552734375,246200,0.0,0.0,0.0
2021-09-16 00:00:00-04:00,40.60884475708008,40.71958932171456,40.404396752754444,40.60884475708008,383300,0.0,0.0,0.0
2021-09-17 00:00:00-04:00,40.12326002203324,40.59179327412487,40.12326002203324,40.174373626708984,359500,0.0,0.0,0.0
2021-09-20 00:00:00-04:00,39.833613538178604,39.833613538178604,39.04137397181138,39.5184211730957,621300,0.0,0.0,0.0
2021-09-21 00:00:00-04:00,39.70583914832393,39.90176973636592,39.55250160122311,39.63768768310547,353900,0.0,0.0,0.0
2021-09-22 00:00:00-04:00,39.825098051482364,40.04658379796965,39.76546714859577,39.89324951171875,294100,0.0,0.0,0.0
2021-09-23 00:00:00-04:00,39.99548320911835,40.36178927314613,39.99548320911835,40.30215835571289,231500,0.0,0.0,0.0
2021-09-24 00:00:00-04:00,40.248355878005256,40.36788802332198,40.21420290591285,40.282508850097656,168900,0.107,0.0,0.0
2021-09-27 00:00:00-04:00,40.38497679050132,40.57281493712472,40.38497679050132,40.50450897216797,234400,0.0,0.0,0.0
2021-09-28 00:00:00-04:00,40.47034745128495,40.47034745128495,40.05198168038013,40.14590072631836,466900,0.0,0.0,0.0
2021-09-29 00:00:00-04:00,40.24837427106687,40.4276725709793,40.171531677246094,40.171531677246094,157500,0.0,0.0,0.0
2021-09-30 00:00:00-04:00,40.21420636055459,40.33374177314681,39.73607773821357,39.85560989379883,343100,0.0,0.0,0.0
2021-10-01 00:00:00-04:00,39.983678992338426,40.2995858456706,39.693385239896045,40.14590072631836,538800,0.0,0.0,0.0
2021-10-04 00:00:00-04:00,40.051995556052304,40.34228940906451,39.83000767175255,40.02638244628906,235800,0.0,0.0,0.0
2021-10-05 00:00:00-04:00,40.15443564177045,40.48741896727421,40.06905647107954,40.376426696777344,107300,0.0,0.0,0.0
2021-10-06 00:00:00-04:00,40.14593319463639,40.31669493835555,39.992247950990084,40.30815505981445,200600,0.0,0.0,0.0
2021-10-07 00:00:00-04:00,40.564279552177204,40.75211771958831,40.5386664409877,40.649662017822266,213700,0.0,0.0,0.0
2021-10-08 00:00:00-04:00,40.589882769068794,40.931402749970935,40.53865330628033,40.88017654418945,183900,0.0,0.0,0.0
2021-10-12 00:00:00-04:00,40.9058023360138,40.9058023360138,40.61550847084431,40.75211715698242,96800,0.0,0.0,0.0
2021-10-13 00:00:00-04:00,40.786252276496796,40.80332876190977,40.35934991219226,40.72648620605469,163800,0.0,0.0,0.0
2021-10-14 00:00:00-04:00,40.88871210572531,41.12777641189649,40.81186954202645,41.085086822509766,171300,0.0,0.0,0.0
2021-10-15 00:00:00-04:00,41.30708517475319,41.51199654270726,41.28146881100333,41.46930694580078,190400,0.0,0.0,0.0
2021-10-18 00:00:00-04:00,41.43515274323299,41.5376116811952,41.28146759329705,41.52907180786133,193400,0.0,0.0,0.0
2021-10-19 00:00:00-04:00,41.61445060296316,41.75105925124629,41.61445060296316,41.74251937866211,148200,0.0,0.0,0.0
2021-10-20 00:00:00-04:00,41.725441848740935,42.02427549859167,41.69982874564205,42.0157356262207,87800,0.0,0.0,0.0
2021-10-21 00:00:00-04:00,41.990140338534566,42.16943865031279,41.96452722456865,42.10967254638672,140100,0.0,0.0,0.0
2021-10-22 00:00:00-04:00,42.11818525642553,42.348709647448864,42.049879320562106,42.31455993652344,113600,0.0,0.0,0.0
2021-10-25 00:00:00-04:00,42.399310017027176,42.5790398539529,42.16822739890245,42.527687072753906,131600,0.119,0.0,0.0
2021-10-26 00:00:00-04:00,42.57048323693513,42.79300542863124,42.49345569656971,42.63895034790039,132200,0.0,0.0,0.0
2021-10-27 00:00:00-04:00,42.621825020537834,42.647503039232035,42.270922570285556,42.28804016113281,374400,0.0,0.0,0.0
2021-10-28 00:00:00-04:00,42.37362714061154,42.52768220171619,42.27948528313363,42.43354034423828,171100,0.0,0.0,0.0
2021-10-29 00:00:00-04:00,42.38219580730275,42.424988162628416,41.877238178826026,41.89435577392578,369000,0.0,0.0,0.0
2021-11-01 00:00:00-04:00,42.0911884994859,42.17677318020517,41.92001587320107,42.11686325073242,240100,0.0,0.0,0.0
2021-11-02 00:00:00-04:00,42.12544485140721,42.41643748290041,41.988507334519106,42.32229232788086,190400,0.0,0.0,0.0
2021-11-03 00:00:00-04:00,42.356497441468754,42.71595694369169,42.34793701626595,42.66460418701172,154800,0.0,0.0,0.0
2021-11-04 00:00:00-04:00,42.74164406670379,42.74164406670379,42.35650970703675,42.59614944458008,851300,0.0,0.0,0.0
2021-11-05 00:00:00-04:00,42.741637000860194,43.024072300428166,42.70740509033203,42.70740509033203,250900,0.0,0.0,0.0
2021-11-08 00:00:00-05:00,42.93849587596641,43.04120142962949,42.698856113779684,42.81867599487305,105900,0.0,0.0,0.0
2021-11-09 00:00:00-05:00,42.758766054326365,42.82723642343508,42.60471098867864,42.81867599487305,72400,0.0,0.0,0.0
2021-11-10 00:00:00-05:00,42.77588063206727,42.94705327792916,42.767323468955176,42.810115814208984,116300,0.0,0.0,0.0
2021-11-11 00:00:00-05:00,42.989838794456944,42.989838794456944,42.835783764136806,42.912811279296875,143200,0.0,0.0,0.0
2021-11-12 00:00:00-05:00,42.989849893278915,43.10966977782971,42.87858717269019,43.092552185058594,90700,0.0,0.0,0.0
2021-11-15 00:00:00-05:00,43.13534141179454,43.13534141179454,42.801553299456735,42.8443489074707,80100,0.0,0.0,0.0
2021-11-16 00:00:00-05:00,42.94705095843762,43.10966316755836,42.82723109225955,42.964168548583984,309700,0.0,0.0,0.0
2021-11-17 00:00:00-05:00,43.04120130918439,43.08399365733414,42.73309117875115,42.87858581542969,84500,0.0,0.0,0.0
2021-11-18 00:00:00-05:00,42.9042648773045,42.9042648773045,42.715974623060305,42.75020980834961,285100,0.0,0.0,0.0
2021-11-19 00:00:00-05:00,42.54479839648751,42.66461827011299,42.27092346681594,42.63038635253906,372500,0.0,0.0,0.0
2021-11-22 00:00:00-05:00,42.88713789511978,42.9727225747585,42.6988476820991,42.715965270996094,473700,0.0,0.0,0.0
2021-11-23 00:00:00-05:00,42.78373890043236,43.01537373771672,42.766580400709536,42.94674301147461,269600,0.119,0.0,0.0
2021-11-24 00:00:00-05:00,42.85238380262981,43.07543781048173,42.8352252985412,43.04970169067383,43600,0.0,0.0,0.0
2021-11-25 00:00:00-05:00,43.07542754997816,43.264167777345236,43.07542754997816,43.24700927734375,53100,0.0,0.0,0.0
2021-11-26 00:00:00-05:00,42.54354913001666,42.54354913001666,42.16607175282498,42.42344284057617,228400,0.0,0.0,0.0
2021-11-29 00:00:00-05:00,42.68080676544382,42.723701394095094,42.12316677502611,42.18321990966797,251100,0.0,0.0,0.0
2021-11-30 00:00:00-05:00,41.92584095322019,41.93442184092136,41.153727965252735,41.22235870361328,602400,0.0,0.0,0.0
2021-12-01 00:00:00-05:00,41.68562678950457,41.90868077105006,41.17946243286133,41.17946243286133,514200,0.0,0.0,0.0
2021-12-02 00:00:00-05:00,41.45398904288446,42.28615833569426,41.393935926150704,42.08884048461914,430300,0.0,0.0,0.0
2021-12-03 00:00:00-05:00,42.21751495360283,42.25183194772703,41.797143229851855,41.96014404296875,446400,0.0,0.0,0.0
2021-12-06 00:00:00-05:00,42.25183484926403,42.423416559019245,42.11457013598963,42.2175178527832,248400,0.0,0.0,0.0
2021-12-07 00:00:00-05:00,42.45774573121454,42.646482720685846,42.45774573121454,42.586429595947266,230700,0.0,0.0,0.0
2021-12-08 00:00:00-05:00,42.61215475794521,42.62073564364432,42.39767843255354,42.50062942504883,111100,0.0,0.0,0.0
2021-12-09 00:00:00-05:00,42.371967313965555,42.50065449416662,42.32049506000588,42.42344284057617,278800,0.0,0.0,0.0
2021-12-10 00:00:00-05:00,42.5349595284642,42.65506578406696,42.466325512319756,42.56069564819336,267900,0.0,0.0,0.0
2021-12-13 00:00:00-05:00,42.526365985462256,42.5606829833227,42.09741333015386,42.32904815673828,364100,0.0,0.0,0.0
2021-12-14 00:00:00-05:00,42.097420924039525,42.646479898254285,42.097420924039525,42.346214294433594,220100,0.0,0.0,0.0
2021-12-15 00:00:00-05:00,42.39768343102722,42.80090001754844,42.32905270058815,42.732269287109375,167700,0.0,0.0,0.0
2021-12-16 00:00:00-05:00,42.87811711235674,43.10975199339745,42.73227474613656,42.75801086425781,293600,0.0,0.0,0.0
2021-12-17 00:00:00-05:00,42.320468432125985,42.81805178568057,42.22609832904264,42.440574645996094,395100,0.0,0.0,0.0
2021-12-20 00:00:00-05:00,42.08025194893106,42.23467515607676,41.77998641984153,42.05451583862305,324900,0.0,0.0,0.0
2021-12-21 00:00:00-05:00,42.44057581343217,42.68936586072863,42.39767793074236,42.56925964355469,152600,0.0,0.0,0.0
2021-12-22 00:00:00-05:00,42.5349639436352,42.91244125366211,42.51780543781802,42.91244125366211,131500,0.0,0.0,0.0
2021-12-23 00:00:00-05:00,43.04968387549939,43.36710788815466,43.03252537851145,43.29847717285156,139100,0.0,0.0,0.0
2021-12-24 00:00:00-05:00,43.33279039777466,43.410001997011555,43.33279039777466,43.36710739135742,41200,0.0,0.0,0.0
2021-12-29 00:00:00-05:00,43.77892304079875,43.97624094203037,43.77892304079875,43.81324005126953,207700,0.0,0.0,0.0
2021-12-30 00:00:00-05:00,43.85107673460138,43.94567327839466,43.6962776184082,43.6962776184082,184500,0.124,0.0,0.0
2021-12-31 00:00:00-05:00,43.60166864586117,43.63606917126765,43.36947002028939,43.524269104003906,69700,0.0,0.0,0.0
2022-01-04 00:00:00-05:00,43.91987153779753,44.46166840769453,43.91987153779753,44.289669036865234,259800,0.0,0.0,0.0
2022-01-05 00:00:00-05:00,44.42727828141549,44.57347892907306,44.15208053588867,44.15208053588867,297800,0.0,0.0,0.0
2022-01-06 00:00:00-05:00,44.298269686261534,44.5906676467253,44.229471902948745,44.53907012939453,212000,0.0,0.0,0.0
2022-01-07 00:00:00-05:00,44.5906659960632,44.87446545333789,44.573469011333074,44.78846740722656,205700,0.0,0.0,0.0
2022-01-10 00:00:00-05:00,44.77986818816076,44.90026677182934,44.40147217082876,44.65946960449219,267000,0.0,0.0,0.0
2022-01-11 00:00:00-05:00,44.69387426769637,45.19266891479492,44.69387426769637,45.19266891479492,234800,0.0,0.0,0.0
2022-01-12 00:00:00-05:00,45.25285108461731,45.571050999703786,45.235650823211465,45.399051666259766,174400,0.0,0.0,0.0
2022-01-13 00:00:00-05:00,45.536659322311664,45.811856997033004,45.536659322311664,45.5882568359375,252400,0.0,0.0,0.0
2022-01-14 00:00:00-05:00,45.399061911786866,45.75165914864372,45.244262804814085,45.70866012573242,255300,0.0,0.0,0.0
2022-01-17 00:00:00-05:00,45.75165194652197,46.259048210478426,45.75165194652197,46.21604919433594,87900,0.0,0.0,0.0
2022-01-18 00:00:00-05:00,45.863467328147706,45.95806388300389,45.62266685223306,45.76886749267578,523100,0.0,0.0,0.0
2022-01-19 00:00:00-05:00,45.85486446678673,45.85486446678673,45.07227031999926,45.19266891479492,702200,0.0,0.0,0.0
2022-01-20 00:00:00-05:00,45.20986361485436,45.51086006477406,44.95186618912101,44.977664947509766,462200,0.0,0.0,0.0
2022-01-21 00:00:00-05:00,44.719663095624625,44.779862379650304,44.22086527870903,44.42726516723633,766500,0.0,0.0,0.0
2022-01-24 00:00:00-05:00,43.636074029371215,44.117668316220325,43.137276197288884,44.10906982421875,1217100,0.0,0.0,0.0
2022-01-25 00:00:00-05:00,43.75813161463002,44.56862587325274,43.37012781933172,44.28409194946289,1010000,0.133,0.0,0.0
2022-01-26 00:00:00-05:00,44.741084970741596,44.95664233004496,44.26685943810307,44.465171813964844,1406400,0.0,0.0,0.0
2022-01-27 00:00:00-05:00,44.810064904507925,44.96526646633789,44.32721523557647,44.465171813964844,925100,0.0,0.0,0.0
2022-01-28 00:00:00-05:00,44.51691214915139,44.62037877317214,44.189264002416856,44.594512939453125,467700,0.0,0.0,0.0
2022-01-31 00:00:00-05:00,44.56864296842138,45.24980508264653,44.46517634636965,45.24118423461914,869800,0.0,0.0,0.0
2022-02-01 00:00:00-05:00,45.33603448380995,45.706790190188364,45.24118870042328,45.68954849243164,289600,0.0,0.0,0.0
2022-02-02 00:00:00-05:00,45.84475038771749,46.18102272492591,45.775773723852176,46.077552795410156,234300,0.0,0.0,0.0
2022-02-03 00:00:00-05:00,45.87060257038804,46.025804118186116,45.76713596823732,45.827491760253906,428900,0.0,0.0,0.0
2022-02-04 00:00:00-05:00,45.89648029773518,46.1896384874529,45.83612449007078,46.060302734375,402000,0.0,0.0,0.0
2022-02-07 00:00:00-05:00,45.85336907664447,46.27585972661171,45.85336907664447,46.103416442871094,198500,0.0,0.0,0.0
2022-02-08 00:00:00-05:00,46.27585257332352,46.76732638127598,46.27585257332352,46.71559143066406,149400,0.0,0.0,0.0
2022-02-09 00:00:00-05:00,46.982894354013375,47.09498183860712,46.672491158518305,46.70697784423828,164700,0.0,0.0,0.0
2022-02-10 00:00:00-05:00,46.84492910972056,47.29328554374915,46.76732832514938,46.85354995727539,266400,0.0,0.0,0.0
2022-02-11 00:00:00-05:00,46.88803673398803,47.14670490190226,46.4827878544644,46.646610260009766,357800,0.0,0.0,0.0
2022-02-14 00:00:00-05:00,46.53453418023999,46.5604000166117,45.930972781454905,46.09479522705078,262800,0.0,0.0,0.0
2022-02-15 00:00:00-05:00,46.38795657749721,46.46555738101802,46.1982682826704,46.301734924316406,144400,0.0,0.0,0.0
2022-02-16 00:00:00-05:00,46.146524456497154,46.439682625824744,46.103413638184634,46.284481048583984,235500,0.0,0.0,0.0
2022-02-17 00:00:00-05:00,46.09478195062893,46.129271915287276,45.48259987909166,45.51708984375,206700,0.0,0.0,0.0
2022-02-18 00:00:00-05:00,45.60332801465544,45.60332801465544,45.249813971485445,45.25843811035156,136400,0.0,0.0,0.0
2022-02-22 00:00:00-05:00,45.12269882124611,45.39066675740136,44.90659394499254,45.34744644165039,463400,0.133,0.0,0.0
2022-02-23 00:00:00-05:00,45.43390059752149,45.43390059752149,44.65592154889119,44.7164306640625,314100,0.0,0.0,0.0
2022-02-24 00:00:00-05:00,43.246904075673015,44.11996956772853,43.246904075673015,44.085391998291016,701200,0.0,0.0,0.0
2022-02-25 00:00:00-05:00,44.40524745320512,45.24373577578319,44.40524745320512,45.09678268432617,397300,0.0,0.0,0.0
2022-02-28 00:00:00-05:00,44.34470966396195,44.75963053444663,44.34470966396195,44.707767486572266,545000,0.0,0.0,0.0
2022-03-01 00:00:00-05:00,44.612694571290184,44.733712783587976,43.73098621347901,43.869293212890625,520100,0.0,0.0,0.0
2022-03-02 00:00:00-05:00,44.05946751557424,44.69049341997389,44.05946751557424,44.560829162597656,464500,0.0,0.0,0.0
2022-03-03 00:00:00-05:00,44.6213511096464,44.78559298924941,44.36202581777321,44.42253494262695,382700,0.0,0.0,0.0
2022-03-04 00:00:00-05:00,44.11998805437958,44.29287267650879,43.91252584832455,44.24964904785156,407300,0.0,0.0,0.0
2022-03-07 00:00:00-05:00,43.86929765416183,44.21506683644559,43.4543766139209,43.54081726074219,564000,0.0,0.0,0.0
2022-03-08 00:00:00-05:00,43.53217703563337,44.05947358527261,43.11725597136794,43.36793518066406,1082800,0.0,0.0,0.0
2022-03-09 00:00:00-05:00,44.05947893125934,44.500331585063925,43.834727933241396,44.24964904785156,486000,0.0,0.0,0.0
2022-03-10 00:00:00-05:00,43.947091092015434,44.370658132420424,43.886581985886004,44.180484771728516,293600,0.0,0.0,0.0
2022-03-11 00:00:00-05:00,44.29286464588075,44.595410206628166,44.15455763275346,44.16320037841797,449000,0.0,0.0,0.0
2022-03-14 00:00:00-04:00,44.41387691033954,44.71642243048877,44.09403930618309,44.275569915771484,433200,0.0,0.0,0.0
2022-03-15 00:00:00-04:00,44.362015152787336,44.41388151769288,43.93845138063927,44.30150604248047,555400,0.0,0.0,0.0
2022-03-16 00:00:00-04:00,44.655912573942075,45.18320901231547,44.45709647869451,45.01897048950195,808000,0.0,0.0,0.0
2022-03-17 00:00:00-04:00,44.89796321348058,45.24373245239258,44.87203167468713,45.24373245239258,299500,0.0,0.0,0.0
2022-03-18 00:00:00-04:00,45.11406854067949,45.433906243472585,44.89796358892733,45.33017349243164,346500,0.0,0.0,0.0
2022-03-21 00:00:00-04:00,45.433894531708276,45.51169242618462,45.3128730200236,45.4511833190918,317100,0.0,0.0,0.0
2022-03-22 00:00:00-04:00,45.650008181913186,45.978485312694104,45.62407334711495,45.727806091308594,142700,0.0,0.0,0.0
2022-03-23 00:00:00-04:00,45.45983056036538,45.48576209525599,44.81151580810547,44.81151580810547,275700,0.0,0.0,0.0
2022-03-24 00:00:00-04:00,45.0189877142076,45.036273209539424,44.75101637156349,44.8633918762207,220700,0.0,0.0,0.0
2022-03-25 00:00:00-04:00,44.9786454425605,45.17797237046127,44.88331445400549,45.125972747802734,130900,0.133,0.0,0.0
2022-03-28 00:00:00-04:00,45.11729127999385,45.290616680126895,44.92662937268339,45.13462448120117,200800,0.0,0.0,0.0
2022-03-29 00:00:00-04:00,45.48129047051105,45.5419550376017,45.160634429321746,45.23863220214844,166700,0.0,0.0,0.0
2022-03-30 00:00:00-04:00,45.18663776200153,45.18663776200153,44.93531120899078,45.039310455322266,83100,0.0,0.0,0.0
2022-03-31 00:00:00-04:00,45.021972670045244,45.27329919750267,44.41532368534391,44.467323303222656,290000,0.0,0.0,0.0
2022-04-01 00:00:00-04:00,44.735981220800554,44.735981220800554,44.16399862896594,44.41532516479492,222600,0.0,0.0,0.0
2022-04-04 00:00:00-04:00,44.41532816793963,44.701321136179914,44.21600123824397,44.67531967163086,91000,0.0,0.0,0.0
2022-04-05 00:00:00-04:00,44.761987977686964,44.94398170889296,44.59732414909644,44.640655517578125,135300,0.0,0.0,0.0
2022-04-06 00:00:00-04:00,44.38933703203121,44.415335194722,44.0340144827123,44.19001007080078,241600,0.0,0.0,0.0
2022-04-07 00:00:00-04:00,44.22466673969126,44.22466673969126,43.48802358573331,43.756683349609375,549600,0.0,0.0,0.0
2022-04-08 00:00:00-04:00,43.8606771478937,44.215999628058825,43.82601073373828,43.93867492675781,189600,0.0,0.0,0.0
2022-04-11 00:00:00-04:00,43.89535468114743,44.198677616913905,43.80002367105738,43.83469009399414,155700,0.0,0.0,0.0
2022-04-12 00:00:00-04:00,43.92134248533829,43.930007436042594,43.25402887808381,43.314693450927734,474600,0.0,0.0,0.0
2022-04-13 00:00:00-04:00,43.245367183653016,43.29736350373657,42.907374573252305,43.254032135009766,261400,0.0,0.0,0.0
2022-04-14 00:00:00-04:00,43.26268494736005,43.50534649489087,43.26268494736005,43.3233528137207,200600,0.0,0.0,0.0
2022-04-18 00:00:00-04:00,43.271374211512665,43.39270339120091,43.124043560482505,43.18471145629883,132900,0.0,0.0,0.0
2022-04-19 00:00:00-04:00,43.30602825325588,43.670015688243694,43.30602825325588,43.63534927368164,84000,0.0,0.0,0.0
2022-04-20 00:00:00-04:00,43.74802226525437,44.051348494710936,43.65269125902436,43.843353271484375,143100,0.0,0.0,0.0
2022-04-21 00:00:00-04:00,43.99065894854324,44.354649583513265,43.57467201284199,43.644004821777344,325200,0.0,0.0,0.0
2022-04-22 00:00:00-04:00,43.64401878741003,43.64401878741003,42.621382670172665,42.64738082885742,192800,0.0,0.0,0.0
2022-04-25 00:00:00-04:00,42.37018117998622,42.5352845053378,41.831430811248936,42.448387145996094,748100,0.131,0.0,0.0
2022-04-26 00:00:00-04:00,42.25721718090074,42.474455594702704,41.64894895929621,41.66632843017578,488200,0.0,0.0,0.0
2022-04-27 00:00:00-04:00,41.73584354917974,41.88356739620627,41.34481705101669,41.440399169921875,571200,0.0,0.0,0.0
2022-04-28 00:00:00-04:00,41.77060971341296,42.30936015175091,41.64895670941366,42.12688064575195,247900,0.0,0.0,0.0
2022-04-29 00:00:00-04:00,41.987855159143045,42.179026091429016,41.59682521346551,41.63158416748047,350100,0.0,0.0,0.0
2022-05-02 00:00:00-04:00,41.70976979152548,41.70976979152548,41.058054638532894,41.52729034423828,481000,0.0,0.0,0.0
2022-05-03 00:00:00-04:00,41.60550118855919,42.17901045805333,41.570742247427404,41.90963363647461,300900,0.0,0.0,0.0
2022-05-04 00:00:00-04:00,41.892267407181656,42.370191397022744,41.74454683287279,42.34412384033203,248900,0.0,0.0,0.0
2022-05-05 00:00:00-04:00,42.30067612871165,42.30067612871165,41.33613676908142,41.553375244140625,372900,0.0,0.0,0.0
2022-05-06 00:00:00-04:00,41.37089301309592,41.49254602080005,41.04068962447342,41.32744598388672,554700,0.0,0.0,0.0
2022-05-09 00:00:00-04:00,40.94510674097474,41.09283062731194,40.66704175882995,40.797386169433594,710800,0.0,0.0,0.0
2022-05-10 00:00:00-04:00,41.023319871616216,41.27531734146265,40.44112224969165,40.63228988647461,888600,0.0,0.0,0.0
2022-05-11 00:00:00-04:00,40.536678314208984,41.11887551372202,40.319439959502176,40.536678314208984,669400,0.0,0.0,0.0
2022-05-12 00:00:00-04:00,40.1630442642168,40.1630442642168,39.520017016641916,39.919734954833984,665100,0.0,0.0,0.0
2022-05-13 00:00:00-04:00,40.21518502059029,40.62359441015438,40.18042938419023,40.484561920166016,317800,0.0,0.0,0.0
2022-05-16 00:00:00-04:00,40.51932437543385,40.79738937945737,40.21518849836065,40.597530364990234,222400,0.0,0.0,0.0
2022-05-17 00:00:00-04:00,41.023306362731326,41.336130247832386,40.87558581409779,41.19709777832031,494000,0.0,0.0,0.0
2022-05-18 00:00:00-04:00,40.927726080218584,40.927726080218584,40.31946102113612,40.43242263793945,335600,0.0,0.0,0.0
2022-05-19 00:00:00-04:00,40.05875821595713,40.61489128469712,39.97186418495124,40.37158203125,415500,0.0,0.0,0.0
2022-05-20 00:00:00-04:00,40.597537204193216,40.71049885218522,39.89368317961203,40.41505432128906,307100,0.0,0.0,0.0
2022-05-24 00:00:00-04:00,40.88645760915848,40.9561718376692,40.28518734696169,40.84288787841797,251500,0.131,0.0,0.0
2022-05-25 00:00:00-04:00,40.982323917919665,41.31345994315617,40.92132561381798,41.10432052612305,271200,0.0,0.0,0.0
2022-05-26 00:00:00-04:00,41.269888327869744,41.71430499817856,41.26117238530319,41.50516891479492,158700,0.0,0.0,0.0
2022-05-27 00:00:00-04:00,41.6271691108869,42.13258412615859,41.6271691108869,42.05415725708008,164500,0.0,0.0,0.0
2022-05-30 00:00:00-04:00,42.272016308291576,42.47244314794667,42.167448240241185,42.39401626586914,73600,0.0,0.0,0.0
2022-05-31 00:00:00-04:00,42.132588343659286,42.42886728715158,41.775311087461986,42.237159729003906,289200,0.0,0.0,0.0
2022-06-01 00:00:00-04:00,42.437588677826696,42.437588677826696,41.94088616824799,42.1935920715332,217800,0.0,0.0,0.0
2022-06-02 00:00:00-04:00,42.080306296426336,42.53343899723648,41.96702229018411,42.524723052978516,169400,0.0,0.0,0.0
2022-06-03 00:00:00-04:00,42.315587000839784,42.315587000839784,41.967022361422224,42.071590423583984,194400,0.0,0.0,0.0
2022-06-06 00:00:00-04:00,42.28944066822375,42.56829103806739,42.167444046936986,42.21101379394531,107000,0.0,0.0,0.0
2022-06-07 00:00:00-04:00,42.054150517766814,42.39400244541695,42.00186816286515,42.34171676635742,240300,0.0,0.0,0.0
2022-06-08 00:00:00-04:00,42.219722514518274,42.219722514518274,41.775302528256226,41.94087219238281,120100,0.0,0.0,0.0
2022-06-09 00:00:00-04:00,41.86244305577197,41.95829847207472,41.48773733249278,41.5225944519043,117900,0.0,0.0,0.0
2022-06-10 00:00:00-04:00,41.0433318953178,41.0433318953178,40.4943470290151,40.598915100097656,455100,0.0,0.0,0.0
2022-06-13 00:00:00-04:00,39.87563899456294,39.988922994808,39.62293313515891,39.82335662841797,630100,0.0,0.0,0.0
2022-06-14 00:00:00-04:00,39.78849178666602,39.89305982283907,39.352787757760716,39.5532112121582,390800,0.0,0.0,0.0
2022-06-15 00:00:00-04:00,39.75363223347573,40.093480823356515,39.3353567902257,39.76234817504883,628600,0.0,0.0,0.0
2022-06-16 00:00:00-04:00,39.25695163192557,39.25695163192557,38.507539802053124,38.64696502685547,455300,0.0,0.0,0.0
2022-06-17 00:00:00-04:00,38.742792292454965,39.05649965096183,38.498799157686136,38.699222564697266,471200,0.0,0.0,0.0
2022-06-20 00:00:00-04:00,38.8473806263119,39.22208310831048,38.83866468245228,39.19594192504883,103400,0.0,0.0,0.0
2022-06-21 00:00:00-04:00,39.43122029723965,39.45736147900989,39.16108256369965,39.230796813964844,257500,0.0,0.0,0.0
2022-06-22 00:00:00-04:00,38.85609776296458,39.00423558421284,38.63824567936962,38.751529693603516,418900,0.0,0.0,0.0
2022-06-23 00:00:00-04:00,38.75153447854823,38.82124542534368,37.92369579383607,38.045692443847656,375400,0.0,0.0,0.0
2022-06-24 00:00:00-04:00,38.33498443901837,38.61467397734185,38.308764586726255,38.422386169433594,247800,0.131,0.0,0.0
2022-06-27 00:00:00-04:00,38.67585958935886,38.88562843043439,38.448613067842764,38.73704147338867,247400,0.0,0.0,0.0
2022-06-28 00:00:00-04:00,39.03420612440605,39.30515680835666,38.62341067903366,38.7545166015625,261400,0.0,0.0,0.0
2022-06-29 00:00:00-04:00,38.81570373938188,38.938067505447165,38.509794324218674,38.728302001953125,293500,0.0,0.0,0.0
2022-06-30 00:00:00-04:00,38.24757351250171,38.58844821086712,37.88922113806177,38.518524169921875,347100,0.0,0.0,0.0
2022-07-04 00:00:00-04:00,38.597194649472485,38.94680825472115,38.597194649472485,38.67585754394531,181300,0.0,0.0,0.0
2022-07-05 00:00:00-04:00,38.413641442665785,38.5534861903945,37.99410719947965,38.518524169921875,408800,0.0,0.0,0.0
2022-07-06 00:00:00-04:00,38.44860346313841,38.57096720063081,38.168910633519204,38.518524169921875,280300,0.0,0.0,0.0
2022-07-07 00:00:00-04:00,38.69334017428855,39.243980458604895,38.69334017428855,39.08665466308594,180300,0.0,0.0,0.0
2022-07-08 00:00:00-04:00,39.10412628998716,39.3138917442135,38.94680053223651,39.1478271484375,129300,0.0,0.0,0.0
2022-07-11 00:00:00-04:00,39.02547285641406,39.05169271099788,38.76326097392555,38.85066604614258,145500,0.0,0.0,0.0
2022-07-12 00:00:00-04:00,38.72829531612979,39.034204678482624,38.59718939845744,38.78073501586914,202100,0.0,0.0,0.0
2022-07-13 00:00:00-04:00,38.44861319979544,38.44861319979544,37.86301087814836,38.343727111816406,350200,0.0,0.0,0.0
2022-07-14 00:00:00-04:00,37.98537198004995,37.98537198004995,37.08512146015135,37.128822326660156,798700,0.0,0.0,0.0
2022-07-15 00:00:00-04:00,37.469685723454766,37.469685723454766,37.09385235052826,37.321102142333984,428300,0.0,0.0,0.0
2022-07-18 00:00:00-04:00,37.62701969751707,38.04655401925005,37.62701969751707,37.72316360473633,408700,0.0,0.0,0.0
2022-07-19 00:00:00-04:00,37.99410860543212,38.684590197427546,37.99410860543212,38.57096862792969,391200,0.0,0.0,0.0
2022-07-20 00:00:00-04:00,38.527268687417646,38.81569703847003,38.41364378104574,38.78073501586914,256700,0.0,0.0,0.0
2022-07-21 00:00:00-04:00,38.78948416267195,38.86814706058599,38.50979459990261,38.85066604614258,154200,0.0,0.0,0.0
2022-07-22 00:00:00-04:00,38.88563463884903,39.025479443839224,38.61468387048413,38.763267517089844,265500,0.0,0.0,0.0
2022-07-25 00:00:00-04:00,38.86841262694249,39.1138073672902,38.83335910107028,39.01740264892578,248100,0.12,0.0,0.0
2022-07-26 00:00:00-04:00,38.8771851413957,39.05246617345689,38.6317937024346,38.71066665649414,189800,0.0,0.0,0.0
2022-07-27 00:00:00-04:00,38.868435490508446,39.289111480499464,38.79832505431595,39.12259292602539,430000,0.0,0.0,0.0
2022-07-28 00:00:00-04:00,39.10505360320038,39.46437826465611,38.91224744989775,39.35921096801758,300400,0.0,0.0,0.0
2022-07-29 00:00:00-04:00,39.508194396488854,39.990214713549705,39.508194396488854,39.841224670410156,145500,0.0,0.0,0.0
2022-08-02 00:00:00-04:00,39.56078357511903,39.72730208563857,39.35921152736056,39.55202102661133,426900,0.0,0.0,0.0
2022-08-03 00:00:00-04:00,39.709770873562235,40.121677488834656,39.657185556562226,40.007747650146484,284500,0.0,0.0,0.0
2022-08-04 00:00:00-04:00,40.0077551812506,40.0340461730957,39.85000254376294,40.0340461730957,198700,0.0,0.0,0.0
2022-08-05 00:00:00-04:00,40.03405005592008,40.139217376708984,39.8061836271338,40.139217376708984,325600,0.0,0.0,0.0
2022-08-08 00:00:00-04:00,40.183040294621684,40.244388182328166,39.98146818598479,40.02528762817383,608800,0.0,0.0,0.0
2022-08-09 00:00:00-04:00,40.007758382531755,40.007758382531755,39.72730996971509,39.82371139526367,267300,0.0,0.0,0.0
2022-08-10 00:00:00-04:00,40.15674314922529,40.691348954417506,40.15674314922529,40.586181640625,317200,0.0,0.0,0.0
2022-08-11 00:00:00-04:00,40.84910582243868,41.033149476416526,40.83157737779189,40.89292526245117,184400,0.0,0.0,0.0
2022-08-12 00:00:00-04:00,41.14708350912882,41.39247505262112,41.033150288274946,41.33112716674805,246300,0.0,0.0,0.0
2022-08-15 00:00:00-04:00,41.29605930647651,41.50639724731445,41.20842044799878,41.50639724731445,128500,0.0,0.0,0.0
2022-08-16 00:00:00-04:00,41.436284033600586,41.92707033990341,41.436284033600586,41.830665588378906,258400,0.0,0.0,0.0
2022-08-17 00:00:00-04:00,41.611553692670775,41.78683470711617,41.541443292816986,41.74301528930664,337200,0.0,0.0,0.0
2022-08-18 00:00:00-04:00,41.78684987133438,41.96213094938832,41.66415411965917,41.85696029663086,199800,0.0,0.0,0.0
2022-08-19 00:00:00-04:00,41.69921038964097,41.69921038964097,41.33988234615899,41.51516342163086,445800,0.0,0.0,0.0
2022-08-22 00:00:00-04:00,41.06818750373784,41.0944784870285,40.77021076801636,40.945491790771484,514800,0.0,0.0,0.0
2022-08-23 00:00:00-04:00,40.77897584828562,40.84032370858031,40.480999094051015,40.5423469543457,397200,0.0,0.0,0.0
2022-08-24 00:00:00-04:00,40.21808233011188,40.314487073243775,39.98145341784485,40.1129150390625,428800,0.0,0.0,0.0
2022-08-25 00:00:00-04:00,40.26229972823368,40.71922714920144,40.26229972823368,40.42925262451172,72800,0.12,0.0,0.0
2022-08-26 00:00:00-04:00,40.552272147834955,40.684076000581946,39.99868658070752,40.0777702331543,242700,0.0,0.0,0.0
2022-08-29 00:00:00-04:00,39.72629345342635,39.91082089035737,39.603275162139,39.875675201416016,250200,0.0,0.0,0.0
2022-08-30 00:00:00-04:00,39.91081624137554,39.963539796641676,39.34844505985675,39.41874313354492,500500,0.0,0.0,0.0
2022-08-31 00:00:00-04:00,39.33965437104172,39.37480340332407,38.9969596862793,38.9969596862793,390400,0.0,0.0,0.0
2022-09-01 00:00:00-04:00,38.786080714305434,38.79486965106381,38.25885847670889,38.71578598022461,506100,0.0,0.0,0.0
2022-09-02 00:00:00-04:00,39.06726573746098,39.48904419127465,38.865163771175084,38.988182067871094,486900,0.0,0.0,0.0
2022-09-06 00:00:00-04:00,39.093614818137965,39.10240039952931,38.46973127548249,38.68062210083008,577200,0.0,0.0,0.0
2022-09-07 00:00:00-04:00,38.619122778317085,39.13755936390256,38.48731556001694,39.04090118408203,328100,0.0,0.0,0.0
2022-09-08 00:00:00-04:00,38.98816776007953,39.691131591796875,38.91787305290577,39.691131591796875,579500,0.0,0.0,0.0
2022-09-09 00:00:00-04:00,39.98111508902137,40.42925358547031,39.98111508902137,40.36774444580078,663800,0.0,0.0,0.0
2022-09-12 00:00:00-04:00,40.657712529995514,40.91253798364359,40.604988982069514,40.815879821777344,450800,0.0,0.0,0.0
2022-09-13 00:00:00-04:00,40.27987619951126,40.37653437909422,39.94596703876926,40.06019973754883,526900,0.0,0.0,0.0
2022-09-14 00:00:00-04:00,40.209576949300754,40.306235126062965,39.945965873038084,40.1392822265625,333600,0.0,0.0,0.0
2022-09-15 00:00:00-04:00,40.086558127660446,40.51712544958956,40.086558127660446,40.16564178466797,496700,0.0,0.0,0.0
2022-09-16 00:00:00-04:00,39.85810428230175,39.92839901853294,39.67357682869786,39.893253326416016,611600,0.0,0.0,0.0
2022-09-19 00:00:00-04:00,39.62962350585201,40.183209004353024,39.541754281580246,40.1568489074707,292500,0.0,0.0,0.0
2022-09-20 00:00:00-04:00,39.989893903889566,39.989893903889566,39.49782086981948,39.80536651611328,258100,0.0,0.0,0.0
2022-09-21 00:00:00-04:00,39.97232604247436,39.97232604247436,39.339656829833984,39.339656829833984,570900,0.0,0.0,0.0
2022-09-22 00:00:00-04:00,39.4011664696585,39.50661022245251,39.014537141416156,39.032108306884766,222100,0.0,0.0,0.0
2022-09-23 00:00:00-04:00,38.6268203601482,38.644442488032986,38.01005932848947,38.300819396972656,609300,0.12,0.0,0.0
2022-09-26 00:00:00-04:00,38.106971490852196,38.4770260168686,38.02767361226633,38.2391357421875,305800,0.0,0.0,0.0
2022-09-27 00:00:00-04:00,38.441773757654545,38.49463675368958,37.772146678556055,37.91312026977539,489600,0.0,0.0,0.0
2022-09-28 00:00:00-04:00,37.78096964666935,38.55632292774141,37.67523690382425,38.40653991699219,632600,0.0,0.0,0.0
2022-09-29 00:00:00-04:00,38.133405018690674,38.133405018690674,37.63118621470911,38.02767562866211,544700,0.0,0.0,0.0
2022-09-30 00:00:00-04:00,38.0717313029063,38.53870924264061,37.992433415862884,38.01005554199219,256200,0.0,0.0,0.0
2022-10-03 00:00:00-04:00,38.212694403365276,38.82064582324988,38.159831400645544,38.5827522277832,563700,0.0,0.0,0.0
2022-10-04 00:00:00-04:00,39.12903724814875,39.73698550436205,39.12903724814875,39.631256103515625,795700,0.0,0.0,0.0
2022-10-05 00:00:00-04:00,39.24357710770547,39.37573801079795,39.12022558705508,39.29644012451172,367300,0.0,0.0,0.0
2022-10-06 00:00:00-04:00,38.98805240247475,39.09378177297338,38.186264340618315,38.3448600769043,745700,0.0,0.0,0.0
2022-10-07 00:00:00-04:00,38.08934017374037,38.08934017374037,37.2875521998065,37.44614791870117,432500,0.0,0.0,0.0
2022-10-11 00:00:00-04:00,37.08491641501669,37.111347924133916,36.52102181333623,36.59150695800781,599000,0.0,0.0,0.0
2022-10-12 00:00:00-04:00,36.56506810060164,36.84701534478042,36.415285097602535,36.653175354003906,454400,0.0,0.0,0.0
2022-10-13 00:00:00-04:00,36.283122820341255,37.86026761357329,36.03641980860045,37.66642761230469,1153500,0.0,0.0,0.0
2022-10-14 00:00:00-04:00,38.010054471165056,38.186272366416745,37.56070203129619,37.56951141357422,629700,0.0,0.0,0.0
2022-10-17 00:00:00-04:00,37.957181659981266,38.336045499547815,37.957181659981266,38.13339614868164,349100,0.0,0.0,0.0
2022-10-18 00:00:00-04:00,38.63562669202193,38.78541308667356,38.37130151678155,38.485843658447266,399900,0.0,0.0,0.0
2022-10-19 00:00:00-04:00,38.30962622069207,38.30962622069207,37.736922227549535,38.00124740600586,467600,0.0,0.0,0.0
2022-10-20 00:00:00-04:00,38.00124249035707,38.106971875847584,37.446157334647914,37.560699462890625,338600,0.0,0.0,0.0
2022-10-21 00:00:00-04:00,37.51664867223401,38.09816537806537,37.36686228379732,38.01886749267578,645000,0.0,0.0,0.0
2022-10-24 00:00:00-04:00,38.28318812552567,38.34486387785317,38.02767237383948,38.24794387817383,384900,0.0,0.0,0.0
2022-10-25 00:00:00-04:00,38.173721705278716,38.650894027174154,38.12953983196118,38.61554718017578,230500,0.126,0.0,0.0
2022-10-26 00:00:00-04:00,38.50067916865999,39.075053747092134,38.47417071363933,38.72159194946289,227000,0.0,0.0,0.0
2022-10-27 00:00:00-04:00,38.91598517792567,39.19875318705006,38.80110962082496,38.933658599853516,339900,0.0,0.0,0.0
2022-10-28 00:00:00-04:00,39.013172497429665,39.33128385874299,38.95131722960269,39.29594039916992,315200,0.0,0.0,0.0
2022-10-31 00:00:00-04:00,39.234099989183925,39.44617431037141,39.11922443220537,39.14573287963867,238200,0.0,0.0,0.0
2022-11-01 00:00:00-04:00,39.53454549935868,39.640582670894055,39.181083766426205,39.26061248779297,213600,0.0,0.0,0.0
2022-11-02 00:00:00-04:00,39.23410003090575,39.569884934953116,38.91598517792567,38.933658599853516,688500,0.0,0.0,0.0
2022-11-03 00:00:00-04:00,38.76575865916652,38.92481606876106,38.597866224976826,38.80110549926758,501700,0.0,0.0,0.0
2022-11-04 00:00:00-04:00,39.11037126334769,39.58754336207656,39.11037126334769,39.50801467895508,599800,0.0,0.0,0.0
2022-11-07 00:00:00-05:00,39.66707633669787,39.76427844556902,39.516857347249456,39.720096588134766,99400,0.0,0.0,0.0
2022-11-08 00:00:00-05:00,39.76428585533762,39.99403357932327,39.65824870356427,39.77312088012695,232700,0.0,0.0,0.0
2022-11-09 00:00:00-05:00,39.67592939831329,39.67592939831329,39.24293894532415,39.2871208190918,318200,0.0,0.0,0.0
2022-11-10 00:00:00-05:00,40.02938532893591,40.76281719822011,40.02938532893591,40.603759765625,556600,0.0,0.0,0.0
2022-11-11 00:00:00-05:00,40.75397877427216,40.99256492300551,40.58608631591641,40.877689361572266,296600,0.0,0.0,0.0
2022-11-14 00:00:00-05:00,40.85118108077007,40.85118108077007,40.60375990515441,40.63910675048828,370000,0.0,0.0,0.0
2022-11-15 00:00:00-05:00,41.019081128141515,41.089774831887226,40.45354498162109,40.72747802734375,383800,0.0,0.0,0.0
2022-11-16 00:00:00-05:00,40.61259104744074,40.64793788939453,40.40935176249701,40.621429443359375,204800,0.0,0.0,0.0
2022-11-17 00:00:00-05:00,40.38284331646186,40.63026446841763,40.32982305353117,40.621429443359375,85700,0.0,0.0,0.0
2022-11-18 00:00:00-05:00,40.86885845723808,41.001407454633,40.78049470621549,40.842350006103516,244400,0.0,0.0,0.0
2022-11-21 00:00:00-05:00,40.794497365729,40.9362678527832,40.70588869877323,40.9362678527832,166700,0.126,0.0,0.0
2022-11-22 00:00:00-05:00,40.98057083893803,41.37043883657874,40.98057083893803,41.308414459228516,156900,0.0,0.0,0.0
2022-11-23 00:00:00-05:00,41.38816228775423,41.574235427527064,41.27297608508068,41.459049224853516,152400,0.0,0.0,0.0
2022-11-24 00:00:00-05:00,41.50335055399803,41.7248671552939,41.441326176041194,41.54765319824219,105600,0.0,0.0,0.0
2022-11-25 00:00:00-05:00,41.62740584911622,41.822341570502864,41.62740584911622,41.689430236816406,130000,0.0,0.0,0.0
2022-11-28 00:00:00-05:00,41.56537472638519,41.79575050336049,41.11348234920956,41.255252838134766,271100,0.0,0.0,0.0
2022-11-29 00:00:00-05:00,41.23753481536718,41.317280933818445,40.9362720767819,41.281837463378906,225500,0.0,0.0,0.0
2022-11-30 00:00:00-05:00,41.27296465977344,41.60080820291501,40.84764991506502,41.59194564819336,326500,0.0,0.0,0.0
2022-12-01 00:00:00-05:00,41.65398562417444,41.75145348220105,41.30842022213503,41.61854553222656,363900,0.0,0.0,0.0
2022-12-02 00:00:00-05:00,41.32613289967371,41.70714169022139,41.31727372364751,41.52106857299805,104400,0.0,0.0,0.0
2022-12-05 00:00:00-05:00,41.3172830517594,41.32614222978572,40.95399591132037,41.13120651245117,244000,0.0,0.0,0.0
2022-12-06 00:00:00-05:00,41.13119579412761,41.13119579412761,40.484367804344686,40.72360610961914,263100,0.0,0.0,0.0
2022-12-07 00:00:00-05:00,40.62613934033766,40.88309938385193,40.572977524489716,40.58183670043945,143200,0.0,0.0,0.0
2022-12-08 00:00:00-05:00,40.63499656789933,40.68815837677617,40.3780365580802,40.4843635559082,309300,0.0,0.0,0.0
2022-12-09 00:00:00-05:00,40.43120738454427,40.75019180258009,40.43120738454427,40.608421325683594,153900,0.0,0.0,0.0
2022-12-12 00:00:00-05:00,40.652735197543294,40.652735197543294,40.22742364934814,40.555267333984375,347000,0.0,0.0,0.0
2022-12-13 00:00:00-05:00,40.79450623140802,40.89197409620409,39.84641525942479,40.014766693115234,555000,0.0,0.0,0.0
2022-12-14 00:00:00-05:00,40.00589029322376,40.08563638644904,39.61601900186711,39.678043365478516,486400,0.0,0.0,0.0
2022-12-15 00:00:00-05:00,39.367932584124794,39.40337605328904,39.05781067912583,39.305908203125,257800,0.0,0.0,0.0
2022-12-16 00:00:00-05:00,38.986913091917195,39.3058974671175,38.986913091917195,39.137542724609375,127400,0.0,0.0,0.0
2022-12-19 00:00:00-05:00,39.17298327207352,39.26159191419463,38.66792584224249,38.78311538696289,125300,0.0,0.0,0.0
2022-12-20 00:00:00-05:00,38.83627850819935,39.27044900125859,38.83627850819935,39.066654205322266,552500,0.0,0.0,0.0
2022-12-21 00:00:00-05:00,39.25274191735016,39.55400463679118,39.25274191735016,39.44767761230469,319800,0.0,0.0,0.0
2022-12-22 00:00:00-05:00,39.270468194446195,39.270468194446195,38.80085401690133,39.17300033569336,231400,0.0,0.0,0.0
2022-12-23 00:00:00-05:00,39.16413528665186,39.447676262295715,39.16413528665186,39.429954528808594,111300,0.0,0.0,0.0
2022-12-28 00:00:00-05:00,39.3590542585965,39.491965524677276,38.978048947984355,39.066654205322266,267700,0.0,0.0,0.0
2022-12-29 00:00:00-05:00,39.17242632227203,39.60787106862547,39.17242632227203,39.563438415527344,90900,0.129,0.0,0.0
2022-12-30 00:00:00-05:00,39.36791460459383,39.439009532526406,39.083541672849016,39.20795440673828,42100,0.0,0.0,0.0
2023-01-03 00:00:00-05:00,39.54565546695253,39.73227460050155,39.35014777085737,39.465675354003906,133800,0.0,0.0,0.0
2023-01-04 00:00:00-05:00,39.58120144012782,40.123288475166675,39.58120144012782,39.981101989746094,258900,0.0,0.0,0.0
2023-01-05 00:00:00-05:00,39.85668585281315,39.87445958724169,39.536768803079205,39.73227310180664,200000,0.0,0.0,0.0
2023-01-06 00:00:00-05:00,39.892240892406676,40.176613917244985,39.82114933119403,40.15884017944336,174600,0.0,0.0,0.0
2023-01-09 00:00:00-05:00,40.22103362972807,40.46986248892163,40.185489555551364,40.24769592285156,183400,0.0,0.0,0.0
2023-01-10 00:00:00-05:00,40.27436118164203,40.389888763427734,40.167722162297764,40.389888763427734,218500,0.0,0.0,0.0
2023-01-11 00:00:00-05:00,40.381006293263425,40.72758909090946,40.381006293263425,40.656494140625,258200,0.0,0.0,0.0
2023-01-12 00:00:00-05:00,40.79867794776536,41.12748359605888,40.6831503562052,41.00307083129883,188400,0.0,0.0,0.0
2023-01-13 00:00:00-05:00,40.878661578765175,41.4029749824404,40.878661578765175,41.37631607055664,260200,0.0,0.0,0.0
2023-01-16 00:00:00-05:00,41.269666873157604,41.53626950823725,41.269666873157604,41.482948303222656,70500,0.0,0.0,0.0
2023-01-17 00:00:00-05:00,41.43853244649855,41.65181057296431,41.38521121988476,41.580718994140625,227700,0.0,0.0,0.0
2023-01-18 00:00:00-05:00,41.58957977241891,41.873952700880466,41.42073440551758,41.42073440551758,193300,0.0,0.0,0.0
2023-01-19 00:00:00-05:00,41.24300479985997,41.385191278991414,41.07415941526421,41.287437438964844,309700,0.0,0.0,0.0
2023-01-20 00:00:00-05:00,41.37630537522703,41.54515075683594,41.16302396530624,41.54515075683594,120000,0.0,0.0,0.0
2023-01-23 00:00:00-05:00,41.64290978149833,41.83841748244223,41.41185460947491,41.7673225402832,85500,0.0,0.0,0.0
2023-01-24 00:00:00-05:00,41.71400440094556,41.81175825860547,41.58959163301246,41.77621078491211,215300,0.0,0.0,0.0
2023-01-25 00:00:00-05:00,41.62383155838847,41.97136461813535,41.552544381699704,41.91790008544922,509800,0.129,0.0,0.0
2023-01-26 00:00:00-05:00,41.94462477481427,42.34562569413127,41.94462477481427,42.31889343261719,365100,0.0,0.0,0.0
2023-01-27 00:00:00-05:00,42.40802311950347,42.40802311950347,42.15851283020356,42.283267974853516,216400,0.0,0.0,0.0
2023-01-30 00:00:00-05:00,42.15851400714569,42.301091804914954,42.12286870787266,42.149600982666016,101200,0.0,0.0,0.0
2023-01-31 00:00:00-05:00,42.22977760740055,42.58622360229492,42.08719988930699,42.58622360229492,224500,0.0,0.0,0.0
2023-02-01 00:00:00-05:00,42.55949745521676,42.728810870327756,42.35454215210707,42.57732009887695,423700,0.0,0.0,0.0
2023-02-02 00:00:00-05:00,42.746625892810435,42.96940379986186,42.57731250788585,42.81791305541992,204500,0.0,0.0,0.0
2023-02-03 00:00:00-05:00,42.78226971835211,43.14762536654427,42.78226971835211,42.98722839355469,308300,0.0,0.0,0.0
2023-02-06 00:00:00-05:00,42.81790733130211,42.81790733130211,42.55057455844303,42.746620178222656,273800,0.0,0.0,0.0
2023-02-07 00:00:00-05:00,42.550582939819485,43.174361798906226,42.550582939819485,43.11198425292969,413400,0.0,0.0,0.0
2023-02-08 00:00:00-05:00,43.02286761185356,43.2367358947941,42.969403090609205,43.09415817260742,125000,0.0,0.0,0.0
2023-02-09 00:00:00-05:00,43.31693146960405,43.48624143440827,42.94266286408856,43.049598693847656,147200,0.0,0.0,0.0
2023-02-10 00:00:00-05:00,42.853562541050515,43.040695185497555,42.77336235067015,42.96049499511719,147600,0.0,0.0,0.0
2023-02-13 00:00:00-05:00,42.98723296526106,43.29912072274522,42.98723296526106,43.19218826293945,103600,0.0,0.0,0.0
2023-02-14 00:00:00-05:00,43.192189397032045,43.37932205643607,42.92485314151579,43.13872146606445,356400,0.0,0.0,0.0
2023-02-15 00:00:00-05:00,42.96048552494633,43.129798889160156,42.90702100935937,43.129798889160156,129600,0.0,0.0,0.0
2023-02-16 00:00:00-05:00,42.98724661875236,43.352602421843514,42.97833359466667,43.16546630859375,266700,0.0,0.0,0.0
2023-02-17 00:00:00-05:00,42.987229176325435,43.35258483117049,42.987229176325435,43.27238464355469,251800,0.0,0.0,0.0
2023-02-21 00:00:00-05:00,43.05852283978315,43.076345484089074,42.568412018996625,42.68425750732422,518200,0.0,0.0,0.0
2023-02-22 00:00:00-05:00,42.62975030246182,42.62975030246182,42.361695538005065,42.451045989990234,297000,0.129,0.0,0.0
2023-02-23 00:00:00-05:00,42.54933661097764,42.57614447531391,42.12044827511391,42.23660659790039,375800,0.0,0.0,0.0
2023-02-24 00:00:00-05:00,42.04896554755573,42.451045989990234,41.91493646107673,42.451045989990234,238300,0.0,0.0,0.0
2023-02-27 00:00:00-05:00,42.57614049284905,42.79058293647176,42.41530695588143,42.495723724365234,224200,0.0,0.0,0.0
2023-02-28 00:00:00-05:00,42.3438259549981,42.37956750019636,42.156187955459295,42.33489227294922,380100,0.0,0.0,0.0
2023-03-01 00:00:00-05:00,42.093627727349876,42.290202750993686,41.76302706726726,42.15617370605469,293400,0.0,0.0,0.0
2023-03-02 00:00:00-05:00,42.0042860749268,42.04896470852915,41.72729763419895,42.0400276184082,289200,0.0,0.0,0.0
2023-03-03 00:00:00-05:00,42.236613182140346,42.504668007779394,42.17406716977464,42.41531753540039,212900,0.0,0.0,0.0
2023-03-06 00:00:00-05:00,42.48678502104565,42.72803531733688,42.34382226122503,42.406368255615234,168200,0.0,0.0,0.0
2023-03-07 00:00:00-05:00,42.504652934805954,42.504652934805954,41.700485334560184,41.89706039428711,436400,0.0,0.0,0.0
2023-03-08 00:00:00-05:00,41.91493606567383,42.11151114838832,41.78984407067414,41.91493606567383,180200,0.0,0.0,0.0
2023-03-09 00:00:00-05:00,41.87919570515421,41.87919570515421,41.0482235337464,41.14651107788086,950600,0.0,0.0,0.0
2023-03-10 00:00:00-05:00,40.914200267101926,40.914200267101926,40.136836958630894,40.261932373046875,1692900,0.0,0.0,0.0
2023-03-13 00:00:00-04:00,39.55603865486078,39.68113061807126,38.957379877138735,39.43988037109375,1697100,0.0,0.0,0.0
2023-03-14 00:00:00-04:00,40.163634339761444,40.25298477537801,39.53817106494357,39.75261688232422,903600,0.0,0.0,0.0
2023-03-15 00:00:00-04:00,39.073551065270685,39.073551065270685,38.64466273183352,39.002071380615234,1094100,0.0,0.0,0.0
2023-03-16 00:00:00-04:00,38.80549809067503,39.600728792333314,38.51063543041882,39.2343864440918,1282400,0.0,0.0,0.0
2023-03-17 00:00:00-04:00,39.00206155224459,39.00206155224459,38.421273496456045,38.510623931884766,1157800,0.0,0.0,0.0
2023-03-20 00:00:00-04:00,38.60892786991753,38.92166134387287,38.60892786991753,38.7250862121582,346600,0.0,0.0,0.0
2023-03-21 00:00:00-04:00,39.216504782950054,39.4130798352157,39.180763244628906,39.180763244628906,410900,0.0,0.0,0.0
2023-03-22 00:00:00-04:00,39.29637230404049,39.350142803142994,38.86621856689453,38.86621856689453,309000,0.129,0.0,0.0
2023-03-23 00:00:00-04:00,38.946857579777934,39.09920555917706,38.48982047869396,38.58839797973633,488600,0.0,0.0,0.0
2023-03-24 00:00:00-04:00,38.301652707241985,38.642189025878906,38.1224210866885,38.642189025878906,320700,0.0,0.0,0.0
2023-03-27 00:00:00-04:00,39.06337306478888,39.06337306478888,38.76764045195503,38.93791198730469,256300,0.0,0.0,0.0
2023-03-28 00:00:00-04:00,38.95582431589254,39.036478330941144,38.71386227074674,38.90205383300781,183400,0.0,0.0,0.0
2023-03-29 00:00:00-04:00,39.12610266360571,39.305334235088004,39.0812956253746,39.287410736083984,476200,0.0,0.0,0.0
2023-03-30 00:00:00-04:00,39.52041205224031,39.627953053519605,39.36806742826515,39.47560501098633,301400,0.0,0.0,0.0
2023-03-31 00:00:00-04:00,39.61898240767687,39.816137455702325,39.61898240767687,39.798213958740234,234800,0.0,0.0,0.0
2023-04-03 00:00:00-04:00,40.076026233783026,40.11186981201172,39.86991113009752,40.11186981201172,329800,0.0,0.0,0.0
2023-04-04 00:00:00-04:00,40.32696626049256,40.371773317070144,39.645890112259224,39.816158294677734,244400,0.0,0.0,0.0
2023-04-05 00:00:00-04:00,39.52937134061134,39.70860290527344,39.42183376923719,39.70860290527344,223400,0.0,0.0,0.0
2023-04-06 00:00:00-04:00,39.61002401152299,39.76236861418383,39.556253518406294,39.7354850769043,130700,0.0,0.0,0.0
2023-04-10 00:00:00-04:00,39.556256455820154,39.91471959943533,39.556256455820154,39.88783264160156,160200,0.0,0.0,0.0
2023-04-11 00:00:00-04:00,40.00433507484169,40.22837369279538,40.00433507484169,40.13875961303711,248200,0.0,0.0,0.0
2023-04-12 00:00:00-04:00,40.30902773200103,40.44345227019645,40.067065614384084,40.13875961303711,173500,0.0,0.0,0.0
2023-04-13 00:00:00-04:00,40.17460545831774,40.33591011353742,40.05810442313216,40.32695007324219,127700,0.0,0.0,0.0
2023-04-14 00:00:00-04:00,40.61371549629109,40.649562491299,40.3807168658549,40.40760040283203,266300,0.0,0.0,0.0
2023-04-17 00:00:00-04:00,40.3090197142373,40.622675768118754,40.29109621813916,40.613712310791016,178900,0.0,0.0,0.0
2023-04-18 00:00:00-04:00,40.694364780030114,40.99009732652081,40.694364780030114,40.95425033569336,286700,0.0,0.0,0.0
2023-04-19 00:00:00-04:00,40.80190907979366,41.1155651735553,40.80190907979366,41.10660171508789,106000,0.0,0.0,0.0
2023-04-20 00:00:00-04:00,40.89152617590853,41.13348827382015,40.89152617590853,41.06179428100586,83800,0.0,0.0,0.0
2023-04-21 00:00:00-04:00,41.09763512874556,41.13348211978959,40.81982607599015,41.11555862426758,126800,0.0,0.0,0.0
2023-04-24 00:00:00-04:00,41.1092828416638,41.1092828416638,40.875603327769795,40.9924430847168,214400,0.133,0.0,0.0
2023-04-25 00:00:00-04:00,40.83065538362528,40.875592685059345,40.29140090942383,40.29140090942383,368500,0.0,0.0,0.0
2023-04-26 00:00:00-04:00,40.19254175521501,40.57001924809651,40.19254175521501,40.34532928466797,259300,0.0,0.0,0.0
2023-04-27 00:00:00-04:00,40.50710164186555,40.9205303038595,40.50710164186555,40.88458251953125,255100,0.0,0.0,0.0
2023-04-28 00:00:00-04:00,40.704824692479356,41.09129160981369,40.704824692479356,41.08230209350586,162300,0.0,0.0,0.0
2023-05-01 00:00:00-04:00,41.181169604644005,41.32497102098796,41.010406494140625,41.010406494140625,159000,0.0,0.0,0.0
2023-05-02 00:00:00-04:00,40.87559017287995,40.94749259355247,40.14759359180335,40.300384521484375,735500,0.0,0.0,0.0
2023-05-03 00:00:00-04:00,40.32735687713172,40.65990051791905,40.228492736816406,40.228492736816406,527500,0.0,0.0,0.0
2023-05-04 00:00:00-04:00,40.174552980694095,40.19252858329701,39.59035789583395,39.74314880371094,676500,0.0,0.0,0.0
2023-05-05 00:00:00-04:00,40.120627781502144,40.43519569692222,40.05771488411728,40.390254974365234,490300,0.0,0.0,0.0
2023-05-08 00:00:00-04:00,40.462160292922356,40.65089899862875,40.34532057717725,40.45317077636719,254200,0.0,0.0,0.0
2023-05-09 00:00:00-04:00,40.06671702095327,40.25545577256014,40.012790193995514,40.23748016357422,163500,0.0,0.0,0.0
2023-05-10 00:00:00-04:00,40.35431794100553,40.36330403081212,39.86898680752963,40.11165237426758,134100,0.0,0.0,0.0
2023-05-11 00:00:00-04:00,39.985828321622016,40.29140681606574,39.84202687885419,40.28241729736328,210500,0.0,0.0,0.0
2023-05-12 00:00:00-04:00,40.34532215102861,40.42621066070049,40.0217681123411,40.21051025390625,163800,0.0,0.0,0.0
2023-05-15 00:00:00-04:00,40.22849435204937,40.53407287597656,40.22849435204937,40.53407287597656,290000,0.0,0.0,0.0
2023-05-16 00:00:00-04:00,40.28241930610867,40.399259055589184,39.9768407964268,40.02177810668945,297300,0.0,0.0,0.0
2023-05-17 00:00:00-04:00,40.111653231240865,40.36330489316187,39.95886227329115,40.34532928466797,288800,0.0,0.0,0.0
2023-05-18 00:00:00-04:00,40.30937060982038,40.3183601266525,40.075694599626964,40.300384521484375,198400,0.0,0.0,0.0
2023-05-19 00:00:00-04:00,40.390272286780736,40.46217473089473,40.08469375629075,40.21950912475586,182500,0.0,0.0,0.0
2023-05-23 00:00:00-04:00,40.17455882227632,40.453172131894256,40.156583217059655,40.16556930541992,239900,0.0,0.0,0.0
2023-05-24 00:00:00-04:00,39.74459587428067,39.75360878531227,39.402046796672,39.42909240722656,540500,0.133,0.0,0.0
2023-05-25 00:00:00-04:00,39.22176599753297,39.347970850017056,38.960350257071056,39.18571090698242,377200,0.0,0.0,0.0
2023-05-26 00:00:00-04:00,39.239793911514035,39.62741449111788,39.21275173484928,39.600372314453125,432000,0.0,0.0,0.0
2023-05-29 00:00:00-04:00,39.7265765424346,39.78967725161632,39.66347583325288,39.71756362915039,91300,0.0,0.0,0.0
2023-05-30 00:00:00-04:00,39.645445762818966,39.70854647071921,39.31191295838473,39.365997314453125,126700,0.0,0.0,0.0
2023-05-31 00:00:00-04:00,39.140632980802394,39.16767859502438,38.84315873420336,38.942317962646484,298900,0.0,0.0,0.0
2023-06-01 00:00:00-04:00,38.94232760889399,39.11360049398358,38.716966920692904,38.90626907348633,198800,0.0,0.0,0.0
2023-06-02 00:00:00-04:00,39.113583237193076,39.780652093001336,39.113583237193076,39.76262283325195,431100,0.0,0.0,0.0
2023-06-05 00:00:00-04:00,39.86179613476941,39.86179613476941,39.34797408581555,39.35698699951172,193700,0.0,0.0,0.0
2023-06-06 00:00:00-04:00,39.38403216161894,39.71756845205878,39.302902177286434,39.69953918457031,190600,0.0,0.0,0.0
2023-06-07 00:00:00-04:00,39.663490295410156,39.78067884321883,39.47418809884138,39.663490295410156,121100,0.0,0.0,0.0
2023-06-08 00:00:00-04:00,39.59135014551859,39.71755497511407,39.42909367064154,39.63642501831055,152500,0.0,0.0,0.0
2023-06-09 00:00:00-04:00,39.61839575693976,39.753610059125634,39.510223627445065,39.63642501831055,154700,0.0,0.0,0.0
2023-06-12 00:00:00-04:00,39.6364278296356,39.70854144150359,39.51923934177859,39.654457092285156,131000,0.0,0.0,0.0
2023-06-13 00:00:00-04:00,39.717553482539756,40.14122907327654,39.717553482539756,40.024044036865234,246300,0.0,0.0,0.0
2023-06-14 00:00:00-04:00,40.09616269599129,40.24940971183942,39.997003469041964,40.13222122192383,644600,0.0,0.0,0.0
2023-06-15 00:00:00-04:00,40.06912475418452,40.32152758491788,40.03306622444242,40.28546905517578,483900,0.0,0.0,0.0
2023-06-16 00:00:00-04:00,40.30349307076215,40.4387108203184,40.2403923712973,40.24940872192383,252500,0.0,0.0,0.0
2023-06-19 00:00:00-04:00,40.240393575254885,40.24940992615118,40.10517926038336,40.159263610839844,43000,0.0,0.0,0.0
2023-06-20 00:00:00-04:00,40.06911824558033,40.06911824558033,39.79868619390339,39.84375762939453,100600,0.0,0.0,0.0
2023-06-21 00:00:00-04:00,39.74460197993947,39.74460197993947,39.60938422258387,39.61840057373047,104200,0.0,0.0,0.0
2023-06-22 00:00:00-04:00,39.474156334957414,39.474156334957414,39.20372435193599,39.257808685302734,163000,0.0,0.0,0.0
2023-06-23 00:00:00-04:00,38.94231412590015,38.98738556018905,38.816112734399226,38.84315490722656,160700,0.0,0.0,0.0
2023-06-26 00:00:00-04:00,38.8277790875269,39.35223609001373,38.8277790875269,39.27085494995117,404400,0.133,0.0,0.0
2023-06-27 00:00:00-04:00,39.325112209878554,39.804354809615404,39.325112209878554,39.7591438293457,239500,0.0,0.0,0.0
2023-06-28 00:00:00-04:00,39.7862789516769,39.86766011478043,39.695856970174084,39.84053421020508,176000,0.0,0.0,0.0
2023-06-29 00:00:00-04:00,39.88573517177377,40.1208343341924,39.88573517177377,40.111793518066406,268700,0.0,0.0,0.0
2023-06-30 00:00:00-04:00,40.25647913437796,40.61817049440522,40.25647913437796,40.554874420166016,376200,0.0,0.0,0.0
2023-07-04 00:00:00-04:00,40.61816523683338,40.70859065216863,40.536787537097,40.66337966918945,14400,0.0,0.0,0.0
2023-07-05 00:00:00-04:00,40.48254249666161,40.64530483593308,40.36499115177048,40.600093841552734,181900,0.0,0.0,0.0
2023-07-06 00:00:00-04:00,40.24742705772402,40.35593754911737,39.903820849775094,39.949031829833984,108900,0.0,0.0,0.0
2023-07-07 00:00:00-04:00,39.81339822244454,40.26551495338078,39.81339822244454,40.08467102050781,181700,0.0,0.0,0.0
2023-07-10 00:00:00-04:00,40.03945076683318,40.157002065612105,39.94902881354256,39.985198974609375,44500,0.0,0.0,0.0
2023-07-11 00:00:00-04:00,40.03946764107244,40.093722905538,39.90383465397534,40.07563781738281,93900,0.0,0.0,0.0
2023-07-12 00:00:00-04:00,40.346900939941406,40.419241281264696,40.16605353601051,40.346900939941406,161600,0.0,0.0,0.0
2023-07-13 00:00:00-04:00,40.446364919822734,40.88039659532737,40.446364919822734,40.817100524902344,319400,0.0,0.0,0.0
2023-07-14 00:00:00-04:00,40.96176991853319,41.05219532283547,40.916558941070285,41.006980895996094,87100,0.0,0.0,0.0
2023-07-17 00:00:00-04:00,40.92559996301644,41.20591354370117,40.92559996301644,41.20591354370117,84500,0.0,0.0,0.0
2023-07-18 00:00:00-04:00,41.23303368287913,41.55855819580005,41.23303368287913,41.495262145996094,171700,0.0,0.0,0.0
2023-07-19 00:00:00-04:00,41.594738588887104,41.84792285041017,41.52239825737945,41.8117561340332,90400,0.0,0.0,0.0
2023-07-20 00:00:00-04:00,41.84791906561627,41.84791906561627,41.658030886647765,41.829833984375,115600,0.0,0.0,0.0
2023-07-21 00:00:00-04:00,41.89313708714232,42.037814300106824,41.82079675597164,42.001644134521484,365100,0.0,0.0,0.0
2023-07-24 00:00:00-04:00,41.95643397578645,42.254829224280535,41.95643397578645,42.0558967590332,67000,0.0,0.0,0.0
2023-07-25 00:00:00-04:00,42.15751486751886,42.15751486751886,41.76741924061344,41.81277847290039,378800,0.152,0.0,0.0
2023-07-26 00:00:00-04:00,41.76742445743907,42.09401650779717,41.76742445743907,41.95793533325195,261000,0.0,0.0,0.0
2023-07-27 00:00:00-04:00,42.103078416578015,42.20287079621021,41.83091958347304,41.88534927368164,464800,0.0,0.0,0.0
2023-07-28 00:00:00-04:00,42.17565007692282,42.23007975955051,41.9307061230377,41.96699142456055,173000,0.0,0.0,0.0
2023-07-31 00:00:00-04:00,41.948845140669825,42.275433576739715,41.948845140669825,42.084922790527344,146500,0.0,0.0,0.0
2023-08-01 00:00:00-04:00,41.96700954041541,42.048657560288696,41.722068941483876,41.85814666748047,251800,0.0,0.0,0.0
2023-08-02 00:00:00-04:00,41.531539713392945,41.585972860709255,41.19587728999344,41.39546203613281,317200,0.0,0.0,0.0
2023-08-03 00:00:00-04:00,41.14145953287243,41.16867784705596,40.969093026255905,41.132389068603516,134500,0.0,0.0,0.0
2023-08-04 00:00:00-04:00,41.11422940577541,41.70390972415682,41.11422940577541,41.49525451660156,391700,0.0,0.0,0.0
2023-08-08 00:00:00-04:00,41.295667874206586,41.35917147964787,41.132371900018455,41.313812255859375,215600,0.0,0.0,0.0
2023-08-09 00:00:00-04:00,41.22309112548828,41.313813035464165,41.08701345155497,41.22309112548828,107100,0.0,0.0,0.0
2023-08-10 00:00:00-04:00,41.350089949716974,41.67667834997835,41.350089949716974,41.5496711730957,256500,0.0,0.0,0.0
2023-08-11 00:00:00-04:00,41.440824484251465,41.67669455292212,41.440824484251465,41.62226486206055,287900,0.0,0.0,0.0
2023-08-14 00:00:00-04:00,41.53152790585684,41.58596103769765,41.32287275816291,41.458953857421875,236200,0.0,0.0,0.0
2023-08-15 00:00:00-04:00,41.232165194957744,41.232165194957744,40.55176644078579,40.66062927246094,406200,0.0,0.0,0.0
2023-08-16 00:00:00-04:00,40.5154851881698,40.651566348508226,40.47012595495288,40.56084442138672,103500,0.0,0.0,0.0
2023-08-17 00:00:00-04:00,40.678764602918136,40.78762741036976,40.24330991242539,40.25238037109375,197200,0.0,0.0,0.0
2023-08-18 00:00:00-04:00,40.03465662799262,40.188878657369145,39.98022349137868,40.07094192504883,246300,0.0,0.0,0.0
2023-08-21 00:00:00-04:00,40.116320948445455,40.116320948445455,39.81694376611362,39.88044738769531,107700,0.0,0.0,0.0
2023-08-22 00:00:00-04:00,39.92580016499836,39.93487408700679,39.38148250785948,39.426841735839844,227800,0.0,0.0,0.0
2023-08-23 00:00:00-04:00,39.57198493166398,39.88950638141908,39.481266494983394,39.81692886352539,199300,0.0,0.0,0.0
2023-08-24 00:00:00-04:00,39.73529771065055,39.962097359068295,39.71715332349457,39.762516021728516,224000,0.0,0.0,0.0
2023-08-25 00:00:00-04:00,39.85535845419809,39.98280765505202,39.32735412598463,39.600460052490234,269800,0.152,0.0,0.0
2023-08-28 00:00:00-04:00,39.673297273847744,40.04654291738101,39.673297273847744,40.019229888916016,263900,0.0,0.0,0.0
2023-08-29 00:00:00-04:00,39.98281048413903,40.547233374615445,39.94639890469742,40.519920349121094,418000,0.0,0.0,0.0
2023-08-30 00:00:00-04:00,40.52902610303942,40.71109789231289,40.51081857683902,40.583648681640625,171100,0.0,0.0,0.0
2023-08-31 00:00:00-04:00,40.538128089924626,40.68378482665412,40.19219551064867,40.29233169555664,157300,0.0,0.0,0.0
2023-09-01 00:00:00-04:00,40.43798427167238,40.8749579096317,40.43798427167238,40.78392028808594,280000,0.0,0.0,0.0
2023-09-05 00:00:00-04:00,40.656471363852546,40.83854313543738,40.48350509084857,40.49260711669922,182500,0.0,0.0,0.0
2023-09-06 00:00:00-04:00,40.42887514967551,40.474392216094,40.07383716978988,40.2194938659668,236700,0.0,0.0,0.0
2023-09-07 00:00:00-04:00,40.21949785449137,40.29232447343718,39.96459947908617,39.99190902709961,176100,0.0,0.0,0.0
2023-09-08 00:00:00-04:00,39.88266730815504,40.03742604366092,39.75521464789561,39.95549392700195,168700,0.0,0.0,0.0
2023-09-11 00:00:00-04:00,40.04653884498505,40.39247142487489,39.91908616148136,40.346954345703125,234700,0.0,0.0,0.0
2023-09-12 00:00:00-04:00,40.29231665141947,40.52901093068578,40.25590508538016,40.419769287109375,117300,0.0,0.0,0.0
2023-09-13 00:00:00-04:00,40.51081837885268,40.78392432506289,40.492610852741265,40.69289016723633,184600,0.0,0.0,0.0
2023-09-14 00:00:00-04:00,40.956893551246026,41.21179196801203,40.92958052607076,41.19358444213867,349400,0.0,0.0,0.0
2023-09-15 00:00:00-04:00,41.14807103544725,41.37565992007613,41.14807103544725,41.357452392578125,266600,0.0,0.0,0.0
2023-09-18 00:00:00-04:00,41.35744859140643,41.35744859140643,41.11165220187075,41.23910140991211,132100,0.0,0.0,0.0
2023-09-19 00:00:00-04:00,41.12074678147933,41.13895430400651,40.85674638665986,40.893157958984375,168600,0.0,0.0,0.0
2023-09-20 00:00:00-04:00,40.929569244384766,41.12074300426479,40.929569244384766,40.929569244384766,146800,0.0,0.0,0.0
2023-09-21 00:00:00-04:00,40.738396192457046,40.74749821667781,40.19218444824219,40.19218444824219,294700,0.0,0.0,0.0
2023-09-22 00:00:00-04:00,40.23770899972183,40.31053562522371,40.05563722687183,40.08294677734375,117500,0.0,0.0,0.0
2023-09-25 00:00:00-04:00,39.93861314185365,40.12131214739745,39.81985600044206,40.01169204711914,69900,0.152,0.0,0.0
2023-09-26 00:00:00-04:00,39.86553162351766,39.956884613047215,39.52753427415888,39.5640754699707,106800,0.0,0.0,0.0
2023-09-27 00:00:00-04:00,39.701095555522414,39.701095555522414,39.04337152382128,39.125587463378906,155100,0.0,0.0,0.0
2023-09-28 00:00:00-04:00,39.1255924067587,39.655425818259395,39.10732180846415,39.55493927001953,247500,0.0,0.0,0.0
2023-09-29 00:00:00-04:00,39.737638896766235,39.82898839687777,39.40877512074863,39.445316314697266,131400,0.0,0.0,0.0
2023-10-02 00:00:00-04:00,39.436181323144936,39.44531836448693,38.68710423207214,38.71451187133789,206900,0.0,0.0,0.0
2023-10-03 00:00:00-04:00,38.48614084267353,38.53181560248252,38.03851983311956,38.14813995361328,338500,0.0,0.0,0.0
2023-10-04 00:00:00-04:00,38.15727895204273,38.403926849365234,37.78274032679617,38.403926849365234,236400,0.0,0.0,0.0
2023-10-05 00:00:00-04:00,38.43132620618987,38.67797407268398,38.36738085022035,38.650569915771484,149000,0.0,0.0,0.0
2023-10-06 00:00:00-04:00,38.458728026329226,38.878944820431336,38.07505591382421,38.80586242675781,169800,0.0,0.0,0.0
2023-10-10 00:00:00-04:00,38.80585431010249,39.198663382036685,38.79672075518384,39.11644744873047,167800,0.0,0.0,0.0
2023-10-11 00:00:00-04:00,39.2260696935726,39.60060819155331,39.2260696935726,39.573204040527344,333700,0.0,0.0,0.0
2023-10-12 00:00:00-04:00,39.52754335349569,39.52754335349569,39.07078875521369,39.244354248046875,191000,0.0,0.0,0.0
2023-10-13 00:00:00-04:00,39.41790121053299,39.53665483073383,38.86066035428917,38.89720153808594,271400,0.0,0.0,0.0
2023-10-16 00:00:00-04:00,39.09817530906374,39.36309369311032,38.94288048826645,39.335689544677734,116000,0.0,0.0,0.0
2023-10-17 00:00:00-04:00,39.143854272566465,39.618879310260745,39.143854272566465,39.39963912963867,166200,0.0,0.0,0.0
2023-10-18 00:00:00-04:00,39.24435118204289,39.24435118204289,38.69624710083008,38.69624710083008,286400,0.0,0.0,0.0
2023-10-19 00:00:00-04:00,38.68710338721062,38.751048736167185,38.266890098421705,38.312564849853516,383400,0.0,0.0,0.0
2023-10-20 00:00:00-04:00,38.10245392737342,38.18466986462366,37.526945851381484,37.53607940673828,396200,0.0,0.0,0.0
2023-10-23 00:00:00-04:00,37.35338653417884,37.874086442296786,37.29857821843631,37.517818450927734,209600,0.0,0.0,0.0
2023-10-24 00:00:00-04:00,37.66398280969502,37.66398280969502,37.08847105458879,37.25290298461914,356000,0.0,0.0,0.0
2023-10-25 00:00:00-04:00,37.19970039174877,37.45650192890942,36.99792575617481,37.16301345825195,430000,0.162,0.0,0.0
2023-10-26 00:00:00-04:00,37.126334161841456,37.58491042890767,36.9979333668484,37.419822692871094,356500,0.0,0.0,0.0
2023-10-27 00:00:00-04:00,37.47484688943178,37.47484688943178,36.76863913543151,36.87869644165039,269600,0.0,0.0,0.0
2023-10-30 00:00:00-04:00,37.11715759114036,37.54821682662224,37.11715759114036,37.38312911987305,449200,0.0,0.0,0.0
2023-10-31 00:00:00-04:00,37.45651299664394,37.55740034424134,37.236394829280556,37.46568298339844,209700,0.0,0.0,0.0
2023-11-01 00:00:00-04:00,37.55738599525277,37.84170095859286,37.43815522103951,37.8325309753418,357100,0.0,0.0,0.0
2023-11-02 00:00:00-04:00,38.23608819540718,38.9422960721974,38.23608819540718,38.905609130859375,367200,0.0,0.0,0.0
2023-11-03 00:00:00-04:00,39.199087190495995,39.602632905393655,39.15322678084063,39.428375244140625,282800,0.0,0.0,0.0
2023-11-06 00:00:00-05:00,39.5567722824748,39.69434300255742,39.226596956424174,39.382511138916016,177200,0.0,0.0,0.0
2023-11-07 00:00:00-05:00,39.23577828540976,39.33666560850857,39.070690574640565,39.1257209777832,181800,0.0,0.0,0.0
2023-11-08 00:00:00-05:00,39.17157972750146,39.37335438312427,39.08903586826112,39.1990966796875,334000,0.0,0.0,0.0
2023-11-09 00:00:00-05:00,39.40085743348903,39.77688969326334,39.38251396976126,39.4192008972168,385100,0.0,0.0,0.0
2023-11-10 00:00:00-05:00,39.47423509608425,39.57512240698958,39.299973923190215,39.52009201049805,161100,0.0,0.0,0.0
2023-11-13 00:00:00-05:00,39.465064540654105,39.80441342952985,39.41003763874019,39.61180877685547,104200,0.0,0.0,0.0
2023-11-14 00:00:00-05:00,40.02452712802645,40.54730367632013,40.02452712802645,40.464759826660156,253900,0.0,0.0,0.0
2023-11-15 00:00:00-05:00,40.56564895809672,40.79493705089536,40.54730549083379,40.63902282714844,210100,0.0,0.0,0.0
2023-11-16 00:00:00-05:00,40.63902282714844,40.74908013206736,40.52896202357086,40.63902282714844,278900,0.0,0.0,0.0
2023-11-17 00:00:00-05:00,40.74907204291934,40.960016626580185,40.74907204291934,40.88664627075195,325500,0.0,0.0,0.0
2023-11-20 00:00:00-05:00,40.88665398457556,41.10676859224582,40.75824971499953,41.04256820678711,184200,0.0,0.0,0.0
2023-11-21 00:00:00-05:00,40.96156106304848,41.01679139823784,40.703826521570996,40.72223663330078,131500,0.162,0.0,0.0
2023-11-22 00:00:00-05:00,40.70384107734763,40.89714205258057,40.51053659074367,40.657814025878906,209600,0.0,0.0,0.0
2023-11-23 00:00:00-05:00,40.74984431261139,40.82348123780169,40.63018035888672,40.63018035888672,46500,0.0,0.0,0.0
2023-11-24 00:00:00-05:00,40.5473412288469,40.8142825746409,40.5473412288469,40.67620849609375,152300,0.0,0.0,0.0
2023-11-27 00:00:00-05:00,40.5473586862506,40.620999162879755,40.390877940470425,40.50133514404297,81200,0.0,0.0,0.0
2023-11-28 00:00:00-05:00,40.08711507500787,40.2804160534781,39.884610792912376,40.225189208984375,302300,0.0,0.0,0.0
2023-11-29 00:00:00-05:00,40.298811086255206,40.841897092489745,40.298811086255206,40.72223663330078,340900,0.0,0.0,0.0
2023-11-30 00:00:00-05:00,40.94316143480088,41.210102856178395,40.786680712085506,41.173282623291016,401700,0.0,0.0,0.0
2023-12-01 00:00:00-05:00,41.09964115535285,41.467832909680105,40.9615670528737,41.4586296081543,359400,0.0,0.0,0.0
2023-12-04 00:00:00-05:00,41.28373761889266,41.59670255907925,41.23771408591208,41.513858795166016,73100,0.0,0.0,0.0
2023-12-05 00:00:00-05:00,41.43100851498303,41.66112965506293,41.43100851498303,41.559879302978516,111200,0.0,0.0,0.0
2023-12-06 00:00:00-05:00,41.753185232849326,41.97409958749267,41.56908759639964,41.58749771118164,167200,0.0,0.0,0.0
2023-12-07 00:00:00-05:00,41.64273382773094,41.64273382773094,41.42181593109526,41.57829666137695,154900,0.0,0.0,0.0
2023-12-08 00:00:00-05:00,41.55066734990838,41.93727264331998,41.55066734990838,41.86363220214844,249600,0.0,0.0,0.0
2023-12-11 00:00:00-05:00,41.89126694687439,42.11218487153169,41.70717277292647,42.10298156738281,153800,0.0,0.0,0.0
2023-12-12 00:00:00-05:00,42.056951479821464,42.10297853136075,41.90967404446045,42.066158294677734,191100,0.0,0.0,0.0
2023-12-13 00:00:00-05:00,41.983304483023026,42.848558770035474,41.753183325814064,42.83935546875,374000,0.0,0.0,0.0
2023-12-14 00:00:00-05:00,43.078677066863904,43.45607559917292,43.078677066863904,43.38243865966797,388500,0.0,0.0,0.0
2023-12-15 00:00:00-05:00,43.38243970424814,43.49289687185018,42.94060752246994,42.99583435058594,299700,0.0,0.0,0.0
2023-12-18 00:00:00-05:00,43.06026727888215,43.290388422546755,43.03265386528079,43.198341369628906,126300,0.0,0.0,0.0
2023-12-19 00:00:00-05:00,43.31800630427799,43.76904178945539,43.31800630427799,43.74142837524414,181200,0.0,0.0,0.0
2023-12-20 00:00:00-05:00,43.72301657997636,43.907114194166034,43.373231464152965,43.400848388671875,184800,0.0,0.0,0.0
2023-12-21 00:00:00-05:00,43.557330753972316,43.89790907093465,43.557330753972316,43.74142837524414,276300,0.0,0.0,0.0
2023-12-22 00:00:00-05:00,43.75984577181875,44.05440061033082,43.75984577181875,44.00837707519531,142600,0.0,0.0,0.0
2023-12-27 00:00:00-05:00,44.00836690777711,44.45940236381965,44.00836690777711,44.28451156616211,101900,0.0,0.0,0.0
2023-12-28 00:00:00-05:00,44.17553540887432,44.43414079285404,44.166297489026974,44.2586555480957,109300,0.162,0.0,0.0
2023-12-29 00:00:00-05:00,44.23094362434362,44.37871861538524,44.18476460024943,44.341773986816406,86700,0.0,0.0,0.0
2024-01-02 00:00:00-05:00,44.10163287400813,44.27711454273452,44.009274842727514,44.14781188964844,128300,0.0,0.0,0.0
2024-01-03 00:00:00-05:00,43.953869560608275,43.98157627268991,43.68602626637259,43.83380126953125,201200,0.0,0.0,0.0
2024-01-04 00:00:00-05:00,43.75068085581551,44.249422849689246,43.75068085581551,44.018524169921875,163500,0.0,0.0,0.0
2024-01-05 00:00:00-05:00,43.92616119602434,44.36024826965341,43.92616119602434,44.2309455871582,202000,0.0,0.0,0.0
2024-01-08 00:00:00-05:00,44.23094170759133,44.609615325927734,44.23094170759133,44.609615325927734,99800,0.0,0.0,0.0
2024-01-09 00:00:00-05:00,44.47109196856403,44.47109196856403,44.05547359513888,44.184776306152344,329100,0.0,0.0,0.0
2024-01-10 00:00:00-05:00,44.07393956711814,44.29560031886655,44.018522617563974,44.03699493408203,191000,0.0,0.0,0.0
2024-01-11 00:00:00-05:00,43.96310123594829,44.00004586525989,43.36276686418672,43.62137222290039,216800,0.0,0.0,0.0
2024-01-12 00:00:00-05:00,43.73220669240654,43.89845401667934,43.39971556709506,43.4643669128418,96300,0.0,0.0,0.0
2024-01-15 00:00:00-05:00,43.44589206343341,43.621373774052906,43.27964474885331,43.602901458740234,71800,0.0,0.0,0.0
2024-01-16 00:00:00-05:00,43.39048257421416,43.54749551973779,43.168821798837214,43.53825759887695,164400,0.0,0.0,0.0
2024-01-17 00:00:00-05:00,43.13186434460063,43.28887372023213,42.95637913273783,43.178043365478516,177200,0.0,0.0,0.0
2024-01-18 00:00:00-05:00,43.261183267693575,43.46437526378558,43.16882519123436,43.34430694580078,160700,0.0,0.0,0.0
2024-01-19 00:00:00-05:00,43.31657615647909,43.907675973107224,43.2334525245637,43.870731353759766,114500,0.0,0.0,0.0
2024-01-22 00:00:00-05:00,43.9723435878859,44.05546725060009,43.79685834258145,44.03699493408203,191000,0.0,0.0,0.0
2024-01-23 00:00:00-05:00,44.10164797640818,44.19400603931638,43.96310735881163,44.08317565917969,100500,0.0,0.0,0.0
2024-01-24 00:00:00-05:00,44.221716421707114,44.46184949999599,44.221716421707114,44.304840087890625,267300,0.0,0.0,0.0
2024-01-25 00:00:00-05:00,44.468021392822266,44.47729527139526,44.2547681659719,44.468021392822266,130200,0.186,0.0,0.0
2024-01-26 00:00:00-05:00,44.356757661517804,44.53292244024002,44.356757661517804,44.50510787963867,78800,0.0,0.0,0.0
2024-01-29 00:00:00-05:00,44.45874422430458,44.662723541259766,44.26403524755053,44.662723541259766,156900,0.0,0.0,0.0
2024-01-30 00:00:00-05:00,44.653465520116555,44.811089642603825,44.54220372226887,44.71836853027344,79800,0.0,0.0,0.0
2024-01-31 00:00:00-05:00,44.616373443057924,44.74617945280445,44.19913731390947,44.22695541381836,250900,0.0,0.0,0.0
2024-02-01 00:00:00-05:00,44.22694502098202,44.2825741338306,43.698447227234524,44.13422393798828,175800,0.0,0.0,0.0
2024-02-02 00:00:00-05:00,44.069330795675754,44.1435076786456,43.754086116950816,44.09714889526367,135200,0.0,0.0,0.0
2024-02-05 00:00:00-05:00,44.04151074592697,44.04151074592697,43.65209276969803,43.8468017578125,142000,0.0,0.0,0.0
2024-02-06 00:00:00-05:00,43.80971472989591,44.06932672239782,43.80971472989591,44.03224182128906,47200,0.0,0.0,0.0
2024-02-07 00:00:00-05:00,44.0322447518524,44.069329655429335,43.77262920512367,43.97661209106445,343100,0.0,0.0,0.0
2024-02-08 00:00:00-05:00,43.87460813170786,43.87460813170786,43.355380723322035,43.71698760986328,548800,0.0,0.0,0.0
2024-02-09 00:00:00-05:00,43.679915678858954,44.06933372953024,43.63355689239076,44.04151916503906,261700,0.0,0.0,0.0
2024-02-12 00:00:00-05:00,44.06005998870778,44.39384888465191,44.04151576816106,44.24549865722656,202800,0.0,0.0,0.0
2024-02-13 00:00:00-05:00,43.809716278522906,43.930251937994505,43.12359429800944,43.438838958740234,387800,0.0,0.0,0.0
2024-02-14 00:00:00-05:00,43.72626837556529,44.162048688962294,43.72626837556529,44.152774810791016,207300,0.0,0.0,0.0
2024-02-15 00:00:00-05:00,44.412389328494584,45.01506052874565,44.412389328494584,44.87598419189453,304400,0.0,0.0,0.0
2024-02-16 00:00:00-05:00,44.87598542753683,45.11705320688534,44.86671154932253,44.92234420776367,315600,0.0,0.0,0.0
2024-02-20 00:00:00-05:00,44.7739938817859,45.20050031796994,44.76472000359378,45.06142044067383,356400,0.0,0.0,0.0
2024-02-21 00:00:00-05:00,45.00579607262636,45.00579607262636,44.64419259780336,44.76472473144531,191700,0.0,0.0,0.0
2024-02-22 00:00:00-05:00,44.96870119540758,45.28394584011104,44.92234241702873,45.16341018676758,219900,0.0,0.0,0.0
2024-02-23 00:00:00-05:00,45.23414708727394,45.54129424434527,45.23414708727394,45.45752716064453,190300,0.186,0.0,0.0
2024-02-26 00:00:00-05:00,45.34583408263648,45.66228708183653,45.08522343296821,45.13176345825195,588300,0.0,0.0,0.0
2024-02-27 00:00:00-05:00,44.945622902128946,45.085232354088696,44.86185581075064,45.02008056640625,293100,0.0,0.0,0.0
2024-02-28 00:00:00-05:00,45.02939538782555,45.22485077428756,44.90839767456055,44.90839767456055,99800,0.0,0.0,0.0
2024-02-29 00:00:00-05:00,45.224837412375244,45.234143287335435,44.880463230759815,45.18760681152344,124200,0.0,0.0,0.0
2024-03-01 00:00:00-05:00,45.25275534870195,45.550593033187035,45.206218876220895,45.39236831665039,235000,0.0,0.0,0.0
2024-03-04 00:00:00-05:00,45.243449474407846,45.587823631373986,45.243449474407846,45.39236831665039,91500,0.0,0.0,0.0
2024-03-05 00:00:00-05:00,45.41099335099974,45.736752278708934,45.41099335099974,45.587833404541016,489200,0.0,0.0,0.0
2024-03-06 00:00:00-05:00,45.79259803619042,45.96943808914559,45.56921795042587,45.671600341796875,222800,0.0,0.0,0.0
2024-03-07 00:00:00-05:00,45.79260138807207,45.969441453971406,45.755370779301806,45.92290496826172,119900,0.0,0.0,0.0
2024-03-08 00:00:00-05:00,45.988047850712036,46.071814928966745,45.79259251828624,45.86705017089844,214700,0.0,0.0,0.0
2024-03-11 00:00:00-04:00,45.6809073522865,46.04389686576093,45.64367674821071,46.01597213745117,130100,0.0,0.0,0.0
2024-03-12 00:00:00-04:00,46.090432055657594,46.14627796020831,45.894976715488674,46.127662658691406,167000,0.0,0.0,0.0
2024-03-13 00:00:00-04:00,46.16490578926055,46.35105531875494,46.13698460251383,46.26728820800781,174000,0.0,0.0,0.0
2024-03-14 00:00:00-04:00,46.25797134690896,46.25797134690896,45.708832318053375,45.913597106933594,172900,0.0,0.0,0.0
2024-03-15 00:00:00-04:00,45.76467045653676,46.025281132117605,45.736749278994665,45.89497756958008,170000,0.0,0.0,0.0
2024-03-18 00:00:00-04:00,45.92288800888958,45.960118603910544,45.718123286779246,45.848426818847656,139300,0.0,0.0,0.0
2024-03-19 00:00:00-04:00,45.92290397550141,46.118359341560534,45.92290397550141,45.96944046020508,111800,0.0,0.0,0.0
2024-03-20 00:00:00-04:00,46.03459345054319,46.351046525497246,45.98805696462477,46.295204162597656,100700,0.0,0.0,0.0
2024-03-21 00:00:00-04:00,46.49065243898108,46.769874862386715,46.49065243898108,46.60234069824219,118300,0.0,0.0,0.0
2024-03-22 00:00:00-04:00,46.579915292714055,46.71070469566288,46.299651777288865,46.318336486816406,101000,0.186,0.0,0.0
2024-03-25 00:00:00-04:00,46.2529512852078,46.542559019065074,46.20624128006823,46.22492599487305,228300,0.0,0.0,0.0
2024-03-26 00:00:00-04:00,46.243605273612566,46.449133548560205,46.10347171092199,46.215579986572266,131600,0.0,0.0,0.0
2024-03-27 00:00:00-04:00,46.31834602500922,46.61729431152344,46.31834602500922,46.61729431152344,60700,0.0,0.0,0.0
2024-03-28 00:00:00-04:00,46.66400178351702,46.87887063006742,46.61729178448337,46.74808120727539,263100,0.0,0.0,0.0
2024-04-01 00:00:00-04:00,46.75741601003211,46.75741601003211,46.3743883632444,46.5518913269043,157000,0.0,0.0,0.0
2024-04-02 00:00:00-04:00,46.2622851906534,46.31833932266795,46.02873165287572,46.06610107421875,192500,0.0,0.0,0.0
2024-04-03 00:00:00-04:00,45.94466144228256,46.365058607262775,45.94466144228256,46.17821502685547,107600,0.0,0.0,0.0
2024-04-04 00:00:00-04:00,46.430454314029596,46.62663847394749,46.03808243044886,46.122161865234375,196400,0.0,0.0,0.0
2024-04-05 00:00:00-04:00,46.271633121149904,46.5892661255799,46.196897830325355,46.4771614074707,346000,0.0,0.0,0.0
2024-04-08 00:00:00-04:00,46.570569647407595,46.72004375504169,46.570569647407595,46.70136260986328,106200,0.0,0.0,0.0
2024-04-09 00:00:00-04:00,46.77610998418558,46.84150470046107,46.374397547781975,46.76676940917969,143000,0.0,0.0,0.0
2024-04-10 00:00:00-04:00,46.39307460160984,46.39307460160984,45.869913394039926,46.06610107421875,331500,0.0,0.0,0.0
2024-04-11 00:00:00-04:00,46.01939296256203,46.02873710087585,45.59899939579939,45.86991882324219,231700,0.0,0.0,0.0
2024-04-12 00:00:00-04:00,45.72978143742683,45.78583200327991,45.300043801747826,45.458858489990234,415300,0.0,0.0,0.0
2024-04-15 00:00:00-04:00,45.72979842809566,45.92598260896068,45.03847816118446,45.178611755371094,144500,0.0,0.0,0.0
2024-04-16 00:00:00-04:00,45.04781181027861,45.05715238463457,44.67412468863912,44.832942962646484,354100,0.0,0.0,0.0
2024-04-17 00:00:00-04:00,44.94503498702542,45.234639038992334,44.683456213960206,44.888980865478516,271100,0.0,0.0,0.0
2024-04-18 00:00:00-04:00,44.926360759650585,45.1785990198351,44.739517207986765,44.945045471191406,264400,0.0,0.0,0.0
2024-04-19 00:00:00-04:00,44.88899261487591,45.328074439228004,44.88899261487591,45.28136444091797,263700,0.0,0.0,0.0
2024-04-22 00:00:00-04:00,45.32807159734392,45.65504512875871,45.300046312863856,45.533599853515625,213800,0.0,0.0,0.0
2024-04-23 00:00:00-04:00,45.60834249381705,45.79518606924079,45.542947776980455,45.739131927490234,237200,0.0,0.0,0.0
2024-04-24 00:00:00-04:00,45.64915581599174,45.864702626471974,45.37737800386881,45.53669738769531,141600,0.154,0.0,0.0
2024-04-25 00:00:00-04:00,45.16183438860329,45.442985841719384,44.90880022579234,45.40549850463867,168500,0.0,0.0,0.0
2024-04-26 00:00:00-04:00,45.461727422723904,45.677277830495925,45.433613706488146,45.63041687011719,114100,0.0,0.0,0.0
2024-04-29 00:00:00-04:00,45.630415116187066,45.75224717350801,45.41486829168953,45.611671447753906,190300,0.0,0.0,0.0
2024-04-30 00:00:00-04:00,45.4148729678205,45.733508214014016,45.4148729678205,45.433616638183594,158900,0.0,0.0,0.0
2024-05-01 00:00:00-04:00,45.293033677803464,45.949044109210504,45.293033677803464,45.66789627075195,239000,0.0,0.0,0.0
2024-05-02 00:00:00-04:00,45.79910248337731,45.939678202766345,45.56481200105495,45.73350143432617,212300,0.0,0.0,0.0
2024-05-03 00:00:00-04:00,45.94904533265457,46.042763664628595,45.799099576484956,45.930301666259766,161700,0.0,0.0,0.0
2024-05-06 00:00:00-04:00,46.03339209130567,46.44574562035344,46.03339209130567,46.427001953125,287300,0.0,0.0,0.0
2024-05-07 00:00:00-04:00,46.530090335386944,46.64254876376862,46.40825828589656,46.427001953125,85800,0.0,0.0,0.0
2024-05-08 00:00:00-04:00,46.24893835396461,46.792493972182136,46.24893835396461,46.77375030517578,136900,0.0,0.0,0.0
2024-05-09 00:00:00-04:00,46.78312124902223,47.07364273071289,46.78312124902223,47.07364273071289,192000,0.0,0.0,0.0
2024-05-10 00:00:00-04:00,47.06427207899015,47.176730506750694,47.02678474474031,47.045528411865234,211700,0.0,0.0,0.0
2024-05-13 00:00:00-04:00,47.14863558897492,47.28920778596631,47.02680349159007,47.08303451538086,230100,0.0,0.0,0.0
2024-05-14 00:00:00-04:00,47.186101159920334,47.25170220820709,47.008041682426125,47.07364273071289,316300,0.0,0.0,0.0
2024-05-15 00:00:00-04:00,47.23297210338423,47.279829494213054,47.101766404077864,47.22359848022461,206200,0.0,0.0,0.0
2024-05-16 00:00:00-04:00,47.22358467627659,47.41101775979298,47.19547096499518,47.279815673828125,105000,0.0,0.0,0.0
2024-05-17 00:00:00-04:00,47.2891965766242,47.52348709106445,47.251709236316266,47.52348709106445,126100,0.0,0.0,0.0
2024-05-21 00:00:00-04:00,47.29856550557406,47.57033975836348,47.232964454039795,47.42976760864258,97400,0.0,0.0,0.0
2024-05-22 00:00:00-04:00,47.18913011989776,47.41473351132797,47.142129712174906,47.24552917480469,337000,0.154,0.0,0.0
2024-05-23 00:00:00-04:00,47.39592586186459,47.48993024978564,46.86951563310972,47.048118591308594,216500,0.0,0.0,0.0
2024-05-24 00:00:00-04:00,47.01991986081413,47.45232929484073,47.01991986081413,47.38652801513672,302000,0.0,0.0,0.0
2024-05-27 00:00:00-04:00,47.3489221662826,47.48992694540257,47.3489221662826,47.42412567138672,28100,0.0,0.0,0.0
2024-05-28 00:00:00-04:00,47.23611925212978,47.23611925212978,46.8413116184188,46.91651153564453,204700,0.0,0.0,0.0
2024-05-29 00:00:00-04:00,46.51229606909104,46.51229606909104,45.816681678457044,45.826080322265625,312800,0.0,0.0,0.0
2024-05-30 00:00:00-04:00,46.15509786450949,46.74731297361851,46.15509786450949,46.69091033935547,303300,0.0,0.0,0.0
2024-05-31 00:00:00-04:00,46.747305688159614,47.001112123936906,46.33369719239307,46.9823112487793,231600,0.0,0.0,0.0
2024-06-03 00:00:00-04:00,46.92590382463263,47.09510809784788,46.587498864102024,46.8883056640625,291700,0.0,0.0,0.0
2024-06-04 00:00:00-04:00,46.66271709349563,46.86012096112509,46.48411410648345,46.75672149658203,360100,0.0,0.0,0.0
2024-06-05 00:00:00-04:00,46.92591251212681,47.001116018989464,46.61570701106977,46.860111236572266,185800,0.0,0.0,0.0
2024-06-06 00:00:00-04:00,46.77551221228463,46.982318284085956,46.65331188431187,46.728511810302734,68000,0.0,0.0,0.0
2024-06-07 00:00:00-04:00,46.54051736648099,46.70032307321261,46.48411830543589,46.596920013427734,100800,0.0,0.0,0.0
2024-06-10 00:00:00-04:00,46.38069857746845,46.59690326754605,46.34309682635051,46.54050064086914,130700,0.0,0.0,0.0
2024-06-11 00:00:00-04:00,46.30549865495633,46.34310040898114,46.004691794559186,46.042293548583984,248200,0.0,0.0,0.0
2024-06-12 00:00:00-04:00,46.38070305548962,46.578106889067435,46.19269786764854,46.25849914550781,251000,0.0,0.0,0.0
2024-06-13 00:00:00-04:00,46.10808938375523,46.10808938375523,45.61927739682159,45.694480895996094,271500,0.0,0.0,0.0
2024-06-14 00:00:00-04:00,45.5064824518701,45.5064824518701,45.02707262451033,45.4782829284668,193100,0.0,0.0,0.0
2024-06-17 00:00:00-04:00,45.280873264169465,45.45947979927923,45.13987206823606,45.412479400634766,208000,0.0,0.0,0.0
2024-06-18 00:00:00-04:00,45.346681618479124,45.71328977640718,45.346681618479124,45.53468322753906,221500,0.0,0.0,0.0
2024-06-19 00:00:00-04:00,45.41248613033331,45.553487347161756,45.22448092199429,45.280879974365234,45100,0.0,0.0,0.0
2024-06-20 00:00:00-04:00,45.24328007280262,45.41248439525282,45.130474800568514,45.1774787902832,131700,0.0,0.0,0.0
2024-06-21 00:00:00-04:00,45.12106698023324,45.30907214316426,45.0364648362093,45.24327087402344,182500,0.0,0.0,0.0
2024-06-24 00:00:00-04:00,45.365475562375835,46.04229277992046,45.365475562375835,46.032894134521484,204300,0.0,0.0,0.0
2024-06-25 00:00:00-04:00,46.02723955187409,46.05552803706386,45.77263239352632,45.98008728027344,200600,0.154,0.0,0.0
2024-06-26 00:00:00-04:00,45.7537755683838,45.84807292409179,45.518028581900296,45.81035614013672,232300,0.0,0.0,0.0
2024-06-27 00:00:00-04:00,45.8574976563823,46.12153308890083,45.79148879825267,46.08381271362305,242800,0.0,0.0,0.0
2024-06-28 00:00:00-04:00,46.13094928883466,46.34783959120799,45.98950331444879,46.12152099609375,303600,0.0,0.0,0.0
2024-07-02 00:00:00-04:00,45.970654907241325,46.44214880372585,45.85749737930466,46.41386032104492,204100,0.0,0.0,0.0
2024-07-03 00:00:00-04:00,46.51759071386088,46.970224434108054,46.51759071386088,46.960792541503906,278500,0.0,0.0,0.0
2024-07-04 00:00:00-04:00,46.96080300928387,47.08339245997231,46.89479413519329,46.91365432739258,37300,0.0,0.0,0.0
2024-07-05 00:00:00-04:00,46.95136660470137,46.96079490056611,46.43272399902344,46.43272399902344,276800,0.0,0.0,0.0
2024-07-08 00:00:00-04:00,46.470440909567394,46.75334014728528,46.470440909567394,46.72504806518555,74300,0.0,0.0,0.0
2024-07-09 00:00:00-04:00,46.64018791851042,46.98909608572405,46.6024675333175,46.85707473754883,140600,0.0,0.0,0.0
2024-07-10 00:00:00-04:00,46.99851296780844,47.394566124493814,46.99851296780844,47.375709533691406,348700,0.0,0.0,0.0
2024-07-11 00:00:00-04:00,47.52658563033045,47.78118916580869,47.498293550778385,47.67746353149414,386100,0.0,0.0,0.0
2024-07-12 00:00:00-04:00,47.762332086294954,48.16781711599471,47.762332086294954,48.00750732421875,405600,0.0,0.0,0.0
2024-07-15 00:00:00-04:00,48.139528014465505,48.3375545954854,48.073519154125535,48.252685546875,139600,0.0,0.0,0.0
2024-07-16 00:00:00-04:00,48.36584606300766,48.639313393640535,48.26211682744257,48.601593017578125,141100,0.0,0.0,0.0
2024-07-17 00:00:00-04:00,48.26211682744257,48.66760187708081,48.26211682744257,48.601593017578125,307200,0.0,0.0,0.0
2024-07-18 00:00:00-04:00,48.64875479499763,48.84678142685396,48.318710408570425,48.50730514526367,223600,0.0,0.0,0.0
2024-07-19 00:00:00-04:00,48.37527585168364,48.620454706444505,48.25268642430321,48.31869888305664,220300,0.0,0.0,0.0
2024-07-22 00:00:00-04:00,48.573307362119564,48.780765860692014,48.40357284181265,48.761905670166016,201400,0.0,0.0,0.0
2024-07-23 00:00:00-04:00,48.76189802574917,48.79961840088773,48.488430701814046,48.65816879272461,171100,0.0,0.0,0.0
2024-07-24 00:00:00-04:00,48.488423223020426,48.677021472411106,48.328117049226414,48.34697723388672,164000,0.0,0.0,0.0
2024-07-25 00:00:00-04:00,48.2809725622785,48.77132661422283,48.20553181711197,48.535579681396484,82100,0.0,0.0,0.0
2024-07-26 00:00:00-04:00,48.76066888471325,49.04438034852934,48.76066888471325,49.01601028442383,559100,0.148,0.0,0.0
2024-07-29 00:00:00-04:00,49.12949158834508,49.17677622858597,48.82686556169919,48.968719482421875,157900,0.0,0.0,0.0
2024-07-30 00:00:00-04:00,49.0632853119712,49.46993965319557,49.0632853119712,49.23351287841797,261400,0.0,0.0,0.0
2024-07-31 00:00:00-04:00,49.46047833103959,49.791477965350246,49.280795289044285,49.536136627197266,176500,0.0,0.0,0.0
2024-08-01 00:00:00-04:00,49.60234336747279,49.60234336747279,48.56206328279589,48.75120544433594,410900,0.0,0.0,0.0
2024-08-02 00:00:00-04:00,48.145964962739235,48.145964962739235,47.30428592994994,47.58799743652344,1029600,0.0,0.0,0.0
2024-08-06 00:00:00-04:00,46.66119992096529,47.22862287732233,46.4815168265559,47.11513900756836,653000,0.0,0.0,0.0
2024-08-07 00:00:00-04:00,47.531240302654766,47.531240302654766,46.386935504191975,46.585533142089844,382300,0.0,0.0,0.0
2024-08-08 00:00:00-04:00,46.72739741358776,47.39884872882541,46.72739741358776,47.247535705566406,696000,0.0,0.0,0.0
2024-08-09 00:00:00-04:00,47.275915861568855,47.60691201797334,47.24754218560023,47.58799743652344,421900,0.0,0.0,0.0
2024-08-12 00:00:00-04:00,47.606905257978106,47.606905257978106,47.275909148573774,47.36102294921875,237000,0.0,0.0,0.0
2024-08-13 00:00:00-04:00,47.62581906441573,47.9946443253672,47.62581906441573,47.96627426147461,320600,0.0,0.0,0.0
2024-08-14 00:00:00-04:00,48.0892069539795,48.43912119562849,48.0892069539795,48.41074752807617,257600,0.0,0.0,0.0
2024-08-15 00:00:00-04:00,48.703912930937435,48.97816884044687,48.64716920937428,48.83631134033203,291400,0.0,0.0,0.0
2024-08-16 00:00:00-04:00,48.85523160626621,49.08220291137695,48.7795769096203,49.08220291137695,117800,0.0,0.0,0.0
2024-08-19 00:00:00-04:00,49.10111580543101,49.4037454266423,49.10111580543101,49.24297332763672,198500,0.0,0.0,0.0
2024-08-20 00:00:00-04:00,49.12003680131914,49.26189434206303,49.05383757766189,49.20515060424805,153400,0.0,0.0,0.0
2024-08-21 00:00:00-04:00,49.14840497988211,49.37537269059582,49.138945887510125,49.36591720581055,114800,0.0,0.0,0.0
2024-08-22 00:00:00-04:00,49.28080733448123,49.318636491806444,49.034921419454356,49.30917739868164,70700,0.0,0.0,0.0
2024-08-23 00:00:00-04:00,49.46048209283026,50.05627859383474,49.46048209283026,49.91442108154297,474500,0.0,0.0,0.0
2024-08-26 00:00:00-04:00,49.98063430082881,50.09412178550581,49.904979585298214,49.96172332763672,259900,0.0,0.0,0.0
2024-08-27 00:00:00-04:00,49.67530981731555,50.01672145322562,49.65634210224035,49.95033264160156,187800,0.148,0.0,0.0
2024-08-28 00:00:00-04:00,50.05463687487616,50.35811298126024,49.94083423941227,50.073604583740234,87700,0.0,0.0,0.0
2024-08-29 00:00:00-04:00,50.3391537997878,50.69004740369509,50.32018608907377,50.396053314208984,347300,0.0,0.0,0.0
2024-08-30 00:00:00-04:00,50.4150325789082,50.92715003239004,50.4150325789082,50.87024688720703,291900,0.0,0.0,0.0
2024-09-03 00:00:00-04:00,50.690047766004014,50.89868534990777,50.54779174349246,50.66159439086914,183600,0.0,0.0,0.0
2024-09-04 00:00:00-04:00,50.50037963983516,50.92714413498366,50.50037963983516,50.90817642211914,193600,0.0,0.0,0.0
2024-09-05 00:00:00-04:00,50.93663302311359,51.15475632376661,50.80386263295278,50.95560073852539,265100,0.0,0.0,0.0
2024-09-06 00:00:00-04:00,50.946107145625604,51.34441822585335,50.47192522094248,50.71849822998047,216900,0.0,0.0,0.0
2024-09-09 00:00:00-04:00,50.898691608753154,51.51512962514334,50.898691608753154,51.43926239013672,172200,0.0,0.0,0.0
2024-09-10 00:00:00-04:00,51.40133809257257,51.5435905456543,50.98405554766632,51.5435905456543,218500,0.0,0.0,0.0
2024-09-11 00:00:00-04:00,51.46770671747771,51.98930611289138,51.183198285226716,51.97982406616211,187300,0.0,0.0,0.0
2024-09-12 00:00:00-04:00,51.989313522787704,52.32123947143555,51.90396061917519,52.32123947143555,164300,0.0,0.0,0.0
2024-09-13 00:00:00-04:00,52.406594018431996,52.62472092606526,52.340208826620696,52.463497161865234,210900,0.0,0.0,0.0
2024-09-16 00:00:00-04:00,52.57729348467786,52.86180554978044,52.520393965834295,52.81438446044922,108400,0.0,0.0,0.0
2024-09-17 00:00:00-04:00,52.98509582100348,52.99458148695512,52.70058734372106,52.852325439453125,95300,0.0,0.0,0.0
2024-09-18 00:00:00-04:00,52.81439367558733,52.975617448457456,52.56782060955998,52.71955871582031,233000,0.0,0.0,0.0
2024-09-19 00:00:00-04:00,53.25063998715503,53.43082784457248,52.96612789329801,53.40237808227539,366400,0.0,0.0,0.0
2024-09-20 00:00:00-04:00,53.364431473791285,53.55410495738401,53.15579028006721,53.430816650390625,356900,0.0,0.0,0.0
2024-09-23 00:00:00-04:00,53.46876257437695,53.46876257437695,53.098901198459785,53.34547424316406,133300,0.0,0.0,0.0
2024-09-24 00:00:00-04:00,53.41964170182629,53.448166515511346,53.2199607515005,53.24848556518555,92000,0.148,0.0,0.0
2024-09-25 00:00:00-04:00,53.162909821313214,53.32455890288182,53.08684243907211,53.26750564575195,76500,0.0,0.0,0.0
2024-09-26 00:00:00-04:00,53.38160433224977,53.96163303866658,53.38160433224977,53.75244140625,101900,0.0,0.0,0.0
2024-09-27 00:00:00-04:00,53.809497827597966,53.99967172033326,53.752444571597785,53.76195526123047,100000,0.0,0.0,0.0
2024-09-30 00:00:00-04:00,53.50522106136172,53.89507590928154,53.50522106136172,53.85704040527344,103800,0.0,0.0,0.0
2024-10-01 00:00:00-04:00,53.72391891479492,53.83802179774075,53.353081824772055,53.72391891479492,407400,0.0,0.0,0.0
2024-10-02 00:00:00-04:00,53.628836748291285,53.88556734229581,53.533747984525306,53.638343811035156,327200,0.0,0.0,0.0
2024-10-03 00:00:00-04:00,53.562270272864545,53.581284396167526,53.28651833052588,53.524234771728516,201400,0.0,0.0,0.0
2024-10-04 00:00:00-04:00,53.7714570649138,54.04720900104901,53.7714570649138,53.97113800048828,341600,0.0,0.0,0.0
2024-10-07 00:00:00-04:00,53.942616973735404,54.02819504173824,53.54325507456564,53.78097152709961,260300,0.0,0.0,0.0
2024-10-08 00:00:00-04:00,53.64784559004171,53.96163303866658,53.54325340109852,53.75244140625,176200,0.0,0.0,0.0
2024-10-09 00:00:00-04:00,53.7239115374729,54.018681207476114,53.7239115374729,53.96162796020508,104900,0.0,0.0,0.0
2024-10-10 00:00:00-04:00,53.67637720213289,53.86655109490812,53.58128844211263,53.85704040527344,152800,0.0,0.0,0.0
2024-10-11 00:00:00-04:00,53.8189992307531,54.40853859896739,53.8189992307531,54.265907287597656,260800,0.0,0.0,0.0
2024-10-15 00:00:00-04:00,54.23738881864647,54.52264784747866,54.19935331419809,54.42756271362305,135400,0.0,0.0,0.0
2024-10-16 00:00:00-04:00,54.45608627866296,54.88397662572464,54.45608627866296,54.82692337036133,151800,0.0,0.0,0.0
2024-10-17 00:00:00-04:00,54.9315080245862,55.23578473680387,54.9315080245862,55.15971374511719,1262400,0.0,0.0,0.0
2024-10-18 00:00:00-04:00,55.15972687681469,55.38793627893928,55.01709917434403,55.28334045410156,155700,0.0,0.0,0.0
2024-10-21 00:00:00-04:00,55.23579299131877,55.32137105612293,54.84593816882539,54.96004104614258,203500,0.0,0.0,0.0
2024-10-22 00:00:00-04:00,54.68429121123164,54.87446509894247,54.47510319928841,54.836429595947266,169200,0.0,0.0,0.0
2024-10-23 00:00:00-04:00,54.69379892019934,54.864955047085814,54.418046979408366,54.77937698364258,106000,0.0,0.0,0.0
2024-10-24 00:00:00-04:00,54.57970152744454,54.93152087815726,54.57970152744454,54.90299606323242,81000,0.0,0.0,0.0
2024-10-25 00:00:00-04:00,54.88397192927177,55.10267061521907,54.560677431074694,54.64625549316406,109600,0.0,0.0,0.0
2024-10-28 00:00:00-04:00,54.69582045810007,55.201026410275325,54.69582045810007,55.15336608886719,141600,0.142,0.0,0.0
2024-10-29 00:00:00-04:00,55.11524714207567,55.17244172068605,54.86741124059761,55.029457092285156,151600,0.0,0.0,0.0
2024-10-30 00:00:00-04:00,54.857878486166264,55.22963416662917,54.857878486166264,55.019927978515625,115800,0.0,0.0,0.0
2024-10-31 00:00:00-04:00,54.695820070941444,54.70535068065583,54.11435469962946,54.2573356628418,269000,0.0,0.0,0.0
2024-11-01 00:00:00-04:00,54.42892030340295,54.781614708725584,54.42892030340295,54.71488952636719,227000,0.0,0.0,0.0
2024-11-04 00:00:00-05:00,54.59097027315065,55.0008556178279,54.55284055823887,54.762550354003906,186900,0.0,0.0,0.0
2024-11-05 00:00:00-05:00,54.80068391930963,55.21056565653615,54.80068391930963,55.17243957519531,136100,0.0,0.0,0.0
2024-11-06 00:00:00-05:00,56.125655127899634,56.18284606236061,55.525124862311856,56.106590270996094,447900,0.0,0.0,0.0
2024-11-07 00:00:00-05:00,56.144724660976415,56.54507578054622,56.144724660976415,56.38302993774414,230700,0.0,0.0,0.0
2024-11-08 00:00:00-05:00,56.373490876420156,56.383025122976676,56.135185620002254,56.36396026611328,70900,0.0,0.0,0.0
2024-11-11 00:00:00-05:00,56.63086817288409,57.09794813465847,56.63086817288409,56.87870407104492,121600,0.0,0.0,0.0
2024-11-12 00:00:00-05:00,56.88823632169303,56.88823632169303,56.49741581076526,56.76431655883789,230000,0.0,0.0,0.0
2024-11-13 00:00:00-05:00,56.80244959654392,56.89777025892771,56.621338883514646,56.71665954589844,115300,0.0,0.0,0.0
2024-11-14 00:00:00-05:00,56.888236180250566,57.193266644789446,56.888236180250566,57.02168655395508,119600,0.0,0.0,0.0
2024-11-15 00:00:00-05:00,56.91682946758461,56.9835546518784,56.602268403949616,56.754783630371094,236700,0.0,0.0,0.0
2024-11-18 00:00:00-05:00,56.678521705848375,56.9263612105374,56.64992623848028,56.74524688720703,125700,0.0,0.0,0.0
2024-11-19 00:00:00-05:00,56.34489170941777,56.85963190218046,56.23050621199809,56.85009765625,156300,0.0,0.0,0.0
2024-11-20 00:00:00-05:00,56.90730517306224,56.91683578491211,56.64993501811306,56.91683578491211,175900,0.0,0.0,0.0
2024-11-21 00:00:00-05:00,56.93785064719136,57.60669674202453,56.842302767180044,57.492034912109375,241200,0.142,0.0,0.0
2024-11-22 00:00:00-05:00,57.4347079815482,57.67358132790638,57.4347079815482,57.60669708251953,131700,0.0,0.0,0.0
2024-11-25 00:00:00-05:00,57.864684562077805,58.01756336806419,57.635364530639116,57.66402816772461,165500,0.0,0.0,0.0
2024-11-26 00:00:00-05:00,57.549369145472035,57.96023161406417,57.39649034168786,57.90290069580078,87900,0.0,0.0,0.0
2024-11-27 00:00:00-05:00,57.8264611379857,58.1608823707853,57.8264611379857,58.151329040527344,37800,0.0,0.0,0.0
2024-11-28 00:00:00-05:00,58.189549651833865,58.30420783952058,58.08444479440517,58.12266540527344,18200,0.0,0.0,0.0
2024-11-29 00:00:00-05:00,58.01755823924771,58.37108976341647,58.01755823924771,58.28509521484375,59600,0.0,0.0,0.0
2024-12-02 00:00:00-05:00,58.3328668403199,58.56218684239057,58.13221411658168,58.361534118652344,130400,0.0,0.0,0.0
2024-12-03 00:00:00-05:00,58.237322262036436,58.4570853021295,57.979338611948585,58.103553771972656,201000,0.0,0.0,0.0
2024-12-04 00:00:00-05:00,58.21821079821442,58.495304747784154,58.09399564066283,58.17043685913086,132300,0.0,0.0,0.0
2024-12-05 00:00:00-05:00,57.750020249868,58.44753000010669,57.72135661401047,58.32331848144531,57700,0.0,0.0,0.0
2024-12-06 00:00:00-05:00,58.45708747817432,58.76284507967839,58.45708747817432,58.581302642822266,115600,0.0,0.0,0.0
2024-12-09 00:00:00-05:00,58.47619877782998,58.62907758118056,58.237325419787304,58.42842483520508,66800,0.0,0.0,0.0
2024-12-10 00:00:00-05:00,58.3424350927588,58.45709329349952,58.2277732470996,58.30421447753906,105100,0.0,0.0,0.0
2024-12-11 00:00:00-05:00,58.47620143016016,58.629080240444935,58.38064989565821,58.49531173706055,200200,0.0,0.0,0.0
2024-12-12 00:00:00-05:00,58.39020605545806,58.39020605545806,57.98889690599559,58.09400177001953,217300,0.0,0.0,0.0
2024-12-13 00:00:00-05:00,58.1131056003164,58.1704365138271,57.88378923610938,57.99844741821289,196800,0.0,0.0,0.0
2024-12-16 00:00:00-05:00,57.90290615486134,58.21822076766042,57.864689184000866,58.06534194946289,136900,0.0,0.0,0.0
2024-12-17 00:00:00-05:00,57.769131042963245,57.988894091201274,57.72135710115813,57.883792877197266,165200,0.0,0.0,0.0
2024-12-18 00:00:00-05:00,57.826464814368904,57.826464814368904,56.555656759101225,56.72764587402344,602500,0.0,0.0,0.0
2024-12-19 00:00:00-05:00,56.98562437925486,56.98562437925486,56.64164618060053,56.65120315551758,355000,0.0,0.0,0.0
2024-12-20 00:00:00-05:00,56.450559807576056,57.22450723831822,56.29767734282655,56.95697021484375,412100,0.0,0.0,0.0
2024-12-23 00:00:00-05:00,56.76586745987493,57.224503892552434,56.75631412884593,57.21495056152344,127700,0.0,0.0,0.0
2024-12-24 00:00:00-05:00,57.157615995638,57.37737904447422,57.10984205370284,57.32960510253906,128200,0.0,0.0,0.0
2024-12-27 00:00:00-05:00,57.29139110905177,57.57803843869298,57.23406383007467,57.453826904296875,160700,0.0,0.0,0.0
2024-12-30 00:00:00-05:00,57.082212967455135,57.38869436338014,56.861929692480686,57.245033264160156,223200,0.142,0.0,0.0
2024-12-31 00:00:00-05:00,57.27376247936078,57.49404574558934,57.2354513930046,57.34080505371094,298300,0.0,0.0,0.0
2025-01-02 00:00:00-05:00,57.53235846752662,57.58982509869459,56.97686231375513,57.139678955078125,210000,0.0,0.0,0.0
2025-01-03 00:00:00-05:00,57.28333957150986,57.599396886254695,57.28333957150986,57.551509857177734,132800,0.0,0.0,0.0
2025-01-06 00:00:00-05:00,57.7239116346449,57.7239116346449,57.23545439187653,57.312076568603516,214100,0.0,0.0,0.0
2025-01-07 00:00:00-05:00,57.49404052284238,57.70474782511443,57.120516598666256,57.16840362548828,197100,0.0,0.0,0.0
2025-01-08 00:00:00-05:00,57.10136487241956,57.56108693700975,57.01516675696226,57.503623962402344,128800,0.0,0.0,0.0
2025-01-09 00:00:00-05:00,57.45572542475627,57.58981054337964,57.45572542475627,57.54192352294922,25600,0.0,0.0,0.0
2025-01-10 00:00:00-05:00,57.33121998448902,57.33121998448902,56.440507462971695,56.57459259033203,342800,0.0,0.0,0.0
2025-01-13 00:00:00-05:00,56.143614415265375,56.42136432789093,56.143614415265375,56.268123626708984,111300,0.0,0.0,0.0
2025-01-14 00:00:00-05:00,56.4596645211762,56.53628303020834,56.19149060569922,56.41177749633789,165000,0.0,0.0,0.0
2025-01-15 00:00:00-05:00,56.976862396381215,57.18756607054321,56.93855130888034,57.10136795043945,357600,0.0,0.0,0.0
2025-01-16 00:00:00-05:00,57.177989787451196,57.54193780946532,57.177989787451196,57.51320266723633,192900,0.0,0.0,0.0
2025-01-17 00:00:00-05:00,57.79094834738162,58.049542687271106,57.79094834738162,57.96334457397461,271700,0.0,0.0,0.0
2025-01-20 00:00:00-05:00,57.99207735770482,58.174053186260075,57.752638554697334,57.838836669921875,226900,0.0,0.0,0.0
2025-01-21 00:00:00-05:00,57.87714744062499,58.3177139589127,57.87714744062499,58.25067138671875,99000,0.0,0.0,0.0
2025-01-22 00:00:00-05:00,58.327293225856536,58.327293225856536,58.00165631124328,58.06869888305664,123000,0.0,0.0,0.0
2025-01-23 00:00:00-05:00,58.05911445512682,58.423062424369824,58.05911445512682,58.41348648071289,354700,0.0,0.0,0.0
2025-01-24 00:00:00-05:00,58.2889765880076,58.652924552855616,58.2889765880076,58.60503387451172,196800,0.0,0.0,0.0
2025-01-27 00:00:00-05:00,58.22194635621692,58.70082401273416,58.22194635621692,58.63378143310547,131800,0.0,0.0,0.0
2025-01-28 00:00:00-05:00,58.61457355416056,58.81616226209192,58.5185763156788,58.77776336669922,152500,0.14,0.0,0.0
2025-01-29 00:00:00-05:00,58.74896956889642,59.06575132018879,58.65297232462567,58.82576370239258,129800,0.0,0.0,0.0
2025-01-30 00:00:00-05:00,59.05614758153533,59.44012553485211,59.02735024206459,59.2385368347168,358600,0.0,0.0,0.0
2025-01-31 00:00:00-05:00,59.286542979302645,59.35374288520841,58.768172477406125,58.89296340942383,391800,0.0,0.0,0.0
2025-02-03 00:00:00-05:00,57.0306549661588,57.98100750420913,57.0306549661588,57.779415130615234,382200,0.0,0.0,0.0
2025-02-04 00:00:00-05:00,57.83701240822544,58.009803775593674,57.241844177246094,57.241844177246094,576500,0.0,0.0,0.0
2025-02-05 00:00:00-05:00,57.318643764337544,57.673828087706205,57.184251279569104,57.66422653198242,257800,0.0,0.0,0.0
2025-02-06 00:00:00-05:00,58.048202095492734,58.16339511862278,57.89461017734595,58.13459777832031,394700,0.0,0.0,0.0
2025-02-07 00:00:00-05:00,58.125000270156185,58.125000270156185,57.85621531016707,58.077003479003906,332800,0.0,0.0,0.0
2025-02-10 00:00:00-05:00,58.36498808153843,58.41298487285,58.00020587611369,58.0482063293457,76700,0.0,0.0,0.0
2025-02-11 00:00:00-05:00,57.90420906046405,57.990604744769236,57.59702521891678,57.92340850830078,43000,0.0,0.0,0.0
2025-02-12 00:00:00-05:00,57.750616720936485,58.009803771972656,57.635423696671594,58.009803771972656,86500,0.0,0.0,0.0
2025-02-13 00:00:00-05:00,58.096203547100885,58.15380189424983,57.702623996384304,57.96181106567383,86200,0.0,0.0,0.0
2025-02-14 00:00:00-05:00,58.11539840698242,58.30738922039759,58.08659740472203,58.11539840698242,58700,0.0,0.0,0.0
2025-02-18 00:00:00-05:00,58.15380279790389,58.60497704085976,58.15380279790389,58.54738235473633,93500,0.0,0.0,0.0
2025-02-19 00:00:00-05:00,58.28819613502168,58.422588620505174,57.9714107090215,58.37459182739258,148900,0.0,0.0,0.0
2025-02-20 00:00:00-05:00,58.38418281327187,58.624170412360264,58.17299255425963,58.21139144897461,101200,0.0,0.0,0.0
2025-02-21 00:00:00-05:00,58.25939446638562,58.33619226402797,57.65462828859461,57.731422424316406,146000,0.0,0.0,0.0
2025-02-24 00:00:00-05:00,57.85622075798181,57.990613250630936,57.54903687137787,57.75062561035156,66100,0.0,0.0,0.0
2025-02-25 00:00:00-05:00,58.05852279896566,58.327934722571584,57.750622408998275,58.17398452758789,193900,0.14,0.0,0.0
2025-02-26 00:00:00-05:00,58.337557831535506,58.60696975124898,57.981545028528856,58.31831359863281,108100,0.0,0.0,0.0
2025-02-27 00:00:00-05:00,58.39528224182103,58.597344836088936,57.85645844500484,57.89494323730469,130300,0.0,0.0,0.0
2025-02-28 00:00:00-05:00,57.92381638508967,58.65507888793945,57.81797493865278,58.65507888793945,199500,0.0,0.0,0.0
2025-03-03 00:00:00-05:00,58.674323578900434,58.991847920689274,57.85646385626122,58.17398452758789,498000,0.0,0.0,0.0
2025-03-04 00:00:00-05:00,57.346501782160495,57.375369967630355,56.22074165131619,56.5575065612793,849600,0.0,0.0,0.0
2025-03-05 00:00:00-05:00,56.403558011309435,57.000118255615234,56.403558011309435,57.000118255615234,358800,0.0,0.0,0.0
2025-03-06 00:00:00-05:00,56.403546923762576,56.69220303691432,55.86472315800241,56.02829360961914,486200,0.0,0.0,0.0
2025-03-07 00:00:00-05:00,55.787752932163734,56.42279792549579,55.60493822833522,56.33620071411133,407100,0.0,0.0,0.0
2025-03-10 00:00:00-04:00,55.527962030409334,55.83586241484588,55.10459991942461,55.45098876953125,553100,0.0,0.0,0.0
2025-03-11 00:00:00-04:00,55.19119172595326,55.460603618330715,54.49841409359781,54.68123245239258,388400,0.0,0.0,0.0
2025-03-12 00:00:00-04:00,54.93140655632315,55.22006271350504,54.58501769952,55.06611251831055,258100,0.0,0.0,0.0
2025-03-13 00:00:00-04:00,54.892911372579576,54.96988829598813,54.26749038696289,54.26749038696289,466700,0.0,0.0,0.0
2025-03-14 00:00:00-04:00,54.53690601733062,55.316280903202795,54.53690601733062,55.248924255371094,224000,0.0,0.0,0.0
2025-03-17 00:00:00-04:00,55.25855359481559,55.89359863655321,55.25855359481559,55.85511016845703,397800,0.0,0.0,0.0
2025-03-18 00:00:00-04:00,55.768510126170455,55.85510733977012,55.479853970992274,55.71078109741211,283200,0.0,0.0,0.0
2025-03-19 00:00:00-04:00,55.80699807096288,56.48053154039451,55.80699807096288,56.355445861816406,262400,0.0,0.0,0.0
2025-03-20 00:00:00-04:00,56.182253416561466,56.52864227993374,56.16300918298942,56.316959381103516,201300,0.0,0.0,0.0
2025-03-21 00:00:00-04:00,56.08602808314951,56.268842770848735,55.80699224103352,56.23035430908203,258800,0.0,0.0,0.0
2025-03-24 00:00:00-04:00,56.605618743977985,57.12519836425781,56.605618743977985,57.12519836425781,155300,0.0,0.0,0.0
2025-03-25 00:00:00-04:00,57.30801773071289,57.50045272721528,57.202176280359204,57.30801773071289,88100,0.0,0.0,0.0
2025-03-26 00:00:00-04:00,57.41409504152422,57.58769750819284,56.90293426694976,57.057247161865234,203400,0.14,0.0,0.0
2025-03-27 00:00:00-04:00,56.93187652951522,57.009034829734226,56.75827403313271,56.92223358154297,195200,0.0,0.0,0.0
2025-03-28 00:00:00-04:00,56.73898392855296,56.90293978569149,56.015641473650106,56.03492736816406,228000,0.0,0.0,0.0
2025-03-31 00:00:00-04:00,55.5527076562957,56.69076692234276,55.5527076562957,56.54610061645508,274700,0.0,0.0,0.0
2025-04-01 00:00:00-04:00,56.42071372796275,56.960810773598965,56.04457622510062,56.8932991027832,154800,0.0,0.0,0.0
2025-04-02 00:00:00-04:00,56.526799051139555,57.52983474731445,56.37248615012109,57.52983474731445,203800,0.0,0.0,0.0
2025-04-03 00:00:00-04:00,56.411067612213955,56.78720509395179,55.71665768955339,55.74559020996094,381100,0.0,0.0,0.0
2025-04-04 00:00:00-04:00,54.60753002602018,54.703977890596946,52.94866722550802,53.4694709777832,979700,0.0,0.0,0.0
2025-04-07 00:00:00-04:00,51.34766087890858,53.43088657700749,51.34766087890858,52.35069274902344,619400,0.0,0.0,0.0
2025-04-08 00:00:00-04:00,53.57556527847407,53.758814393549464,51.617719488930234,51.97456741333008,657800,0.0,0.0,0.0
2025-04-09 00:00:00-04:00,51.56949647089355,54.30855340941314,51.0969111099147,54.22175216674805,417700,0.0,0.0,0.0
2025-04-10 00:00:00-04:00,53.57556506228997,53.57556506228997,51.71416347200516,52.30248260498047,546200,0.0,0.0,0.0
2025-04-11 00:00:00-04:00,52.099949390994105,53.41161104169026,52.099949390994105,53.26694107055664,434900,0.0,0.0,0.0
2025-04-14 00:00:00-04:00,54.05779754627404,54.34713382177452,53.729882119610735,54.18317794799805,332700,0.0,0.0,0.0
2025-04-15 00:00:00-04:00,54.3567723430579,54.81006810384656,54.30855025085076,54.6171760559082,737600,0.0,0.0,0.0
2025-04-16 00:00:00-04:00,54.462867736816406,54.713624844862395,53.95170321489517,54.462867736816406,354900,0.0,0.0,0.0
2025-04-17 00:00:00-04:00,54.53037616703485,54.89686702016166,54.3953528338713,54.63646697998047,317700,0.0,0.0,0.0
2025-04-21 00:00:00-04:00,54.3374863030116,54.49179921557271,53.826325469986045,54.173526763916016,178700,0.0,0.0,0.0
2025-04-22 00:00:00-04:00,54.59788854948919,55.273008903268824,54.59788854948919,55.253719329833984,320400,0.0,0.0,0.0
2025-04-23 00:00:00-04:00,56.3242647388699,56.4303518703251,55.71665607415832,55.83238983154297,510700,0.0,0.0,0.0
2025-04-24 00:00:00-04:00,55.938481034697936,56.391776799708055,55.697366892307,56.33390808105469,166700,0.0,0.0,0.0
2025-04-25 00:00:00-04:00,56.19752571850004,56.58442927492666,56.18785478999297,56.48770523071289,162500,0.169,0.0,0.0
2025-04-28 00:00:00-04:00,56.51671571843626,56.95198125085618,56.51671571843626,56.70049285888672,84800,0.0,0.0,0.0
2025-04-29 00:00:00-04:00,56.69082942777519,57.27118108788619,56.67148388046671,57.242164611816406,166600,0.0,0.0,0.0
2025-04-30 00:00:00-04:00,56.93264206230591,57.39692411879311,56.50704740985331,57.319541931152344,224100,0.0,0.0,0.0
2025-05-01 00:00:00-04:00,57.43561938858581,57.764486330398405,57.33889164700208,57.49365234375,276600,0.0,0.0,0.0
2025-05-02 00:00:00-04:00,57.99660908554168,58.17071528123809,57.70643332264266,58.1126823425293,283300,0.0,0.0,0.0
2025-05-05 00:00:00-04:00,57.95792715828614,58.27712313076334,57.86120311863065,57.96760177612305,56000,0.0,0.0,0.0
2025-05-06 00:00:00-04:00,57.7354621887207,57.98695060974077,57.512993933071144,57.7354621887207,147200,0.0,0.0,0.0
2025-05-07 00:00:00-04:00,58.03531406892123,58.22876585377482,57.93859002138739,58.13203811645508,236700,0.0,0.0,0.0
2025-05-08 00:00:00-04:00,58.180403497363606,58.77042608760405,58.064330213243565,58.55763244628906,207600,0.0,0.0,0.0
2025-05-09 00:00:00-04:00,58.81879234971145,58.81879234971145,58.42221784973227,58.54795837402344,223000,0.0,0.0,0.0
2025-05-12 00:00:00-04:00,59.50553697139977,59.6409521013528,59.11863343743207,59.17667007446289,169400,0.0,0.0,0.0
2025-05-13 00:00:00-04:00,59.321761579745946,59.52488428069366,59.215362920263146,59.389469146728516,93500,0.0,0.0,0.0
2025-05-14 00:00:00-04:00,59.408806615754074,59.805384749914985,59.408806615754074,59.75701904296875,701800,0.0,0.0,0.0
2025-05-15 00:00:00-04:00,59.76669754425285,60.37606564169335,59.728006452095656,60.35672378540039,228400,0.0,0.0,0.0
2025-05-16 00:00:00-04:00,60.318033608805145,60.646900517561896,60.318033608805145,60.521156311035156,111300,0.0,0.0,0.0
2025-05-20 00:00:00-04:00,60.41475957400422,60.82100868118167,60.41475957400422,60.550174713134766,98000,0.0,0.0,0.0
2025-05-21 00:00:00-04:00,60.23098317143576,60.35672738355004,59.81506313041501,59.9408073425293,142900,0.0,0.0,0.0
2025-05-22 00:00:00-04:00,60.04652598130142,60.54117349446312,60.027127531782696,60.29869842529297,202400,0.169,0.0,0.0
2025-05-23 00:00:00-04:00,59.99802873542256,60.47327777552393,59.78464950116233,60.279300689697266,176200,0.0,0.0,0.0
2025-05-26 00:00:00-04:00,60.550872388711404,60.725454728217244,60.45388384448629,60.560569763183594,149800,0.0,0.0,0.0
2025-05-27 00:00:00-04:00,60.62846557663244,61.278300695689815,60.62846557663244,61.191009521484375,204100,0.0,0.0,0.0
2025-05-28 00:00:00-04:00,61.29769784649441,61.511073390126796,61.2685983224586,61.3267936706543,201000,0.0,0.0,0.0
2025-05-29 00:00:00-04:00,61.58866853539105,61.58866853539105,60.78364951717696,60.98733139038086,141300,0.0,0.0,0.0
2025-05-30 00:00:00-04:00,61.045531925447435,61.181321093973466,60.851554798734725,61.055233001708984,256800,0.0,0.0,0.0
2025-06-02 00:00:00-04:00,60.919437370553865,61.2104067119603,60.676962302735845,61.12311553955078,186400,0.0,0.0,0.0
2025-06-03 00:00:00-04:00,61.22011041528355,61.317102672362765,61.04552805241726,61.258907318115234,204900,0.0,0.0,0.0
2025-06-04 00:00:00-04:00,61.2976993169865,61.317097766850424,60.93883724419396,61.084320068359375,86300,0.0,0.0,0.0
2025-06-05 00:00:00-04:00,61.22980062639353,61.268593822465505,60.90003441059009,61.14250946044922,135400,0.0,0.0,0.0
2025-06-06 00:00:00-04:00,61.52077597013552,61.63716296949891,61.3849905208989,61.49168014526367,69400,0.0,0.0,0.0
2025-06-09 00:00:00-04:00,61.45287904842325,61.45287904842325,61.152208645737275,61.29769515991211,128300,0.0,0.0,0.0
2025-06-10 00:00:00-04:00,61.27830106747628,61.462580791972044,61.23950416762158,61.38499069213867,121500,0.0,0.0,0.0
2025-06-11 00:00:00-04:00,61.48197545198783,61.55956924691412,61.17160767203421,61.18130874633789,144100,0.0,0.0,0.0
2025-06-12 00:00:00-04:00,61.132817928577104,61.394691467285156,61.02612829800609,61.394691467285156,303900,0.0,0.0,0.0
2025-06-13 00:00:00-04:00,61.123117010910754,61.15221283578902,60.79335076274506,60.88064193725586,110100,0.0,0.0,0.0
2025-06-16 00:00:00-04:00,61.03582165432286,61.627461385482746,61.03582165432286,61.29769515991211,380200,0.0,0.0,0.0
2025-06-17 00:00:00-04:00,61.15221136372865,61.26859836031604,60.929134745321186,61.12311553955078,113000,0.0,0.0,0.0
2025-06-18 00:00:00-04:00,61.44318669747348,61.65656596192376,61.384995043442515,61.472286224365234,126200,0.0,0.0,0.0
2025-06-19 00:00:00-04:00,61.200698539894425,61.443173579592695,61.15220427192986,61.41407775878906,90800,0.0,0.0,0.0
2025-06-20 00:00:00-04:00,61.81174705713217,61.81174705713217,61.34619534670751,61.44318389892578,176200,0.0,0.0,0.0
2025-06-23 00:00:00-04:00,61.34618779723996,61.869934794467184,61.297693527098694,61.85053634643555,130300,0.0,0.0,0.0
2025-06-24 00:00:00-04:00,62.151204108967974,62.55856040075358,62.14150303542518,62.43247604370117,403000,0.0,0.0,0.0
2025-06-25 00:00:00-04:00,62.38289083608567,62.38289083608567,62.052256511866894,62.178672790527344,56200,0.169,0.0,0.0
2025-06-26 00:00:00-04:00,62.31481466438778,62.655171865144055,62.31481466438778,62.625999450683594,59900,0.0,0.0,0.0
2025-06-27 00:00:00-04:00,62.616273096947495,63.15112542835718,62.606546485677164,62.8593864440918,86700,0.0,0.0,0.0
2025-06-30 00:00:00-04:00,62.94691121396946,63.277541805416554,62.87883977342266,63.22891616821289,173300,0.0,0.0,0.0
2025-07-02 00:00:00-04:00,63.306719630541856,63.306719630541856,62.9177367573599,63.06360626220703,82900,0.0,0.0,0.0
2025-07-03 00:00:00-04:00,63.20947274906887,63.656800435139196,63.20947274906887,63.579002380371094,90100,0.0,0.0,0.0
2025-07-04 00:00:00-04:00,63.44286416447506,63.67625834596064,63.44286416447506,63.5887336730957,80300,0.0,0.0,0.0
2025-07-07 00:00:00-04:00,63.66652153275386,63.97770630564429,63.326164346659674,63.37478256225586,230600,0.0,0.0,0.0
2025-07-08 00:00:00-04:00,63.413689125015495,63.501213794262085,63.131676731802635,63.326171875,145900,0.0,0.0,0.0
2025-07-09 00:00:00-04:00,63.442843841100085,63.705410356352566,63.41367143256738,63.48174285888672,117600,0.0,0.0,0.0
2025-07-10 00:00:00-04:00,63.49147289553779,64.09439657493401,63.45257387565132,63.890174865722656,87000,0.0,0.0,0.0
2025-07-11 00:00:00-04:00,63.59847402940676,63.63737306806063,63.335907373301396,63.56930160522461,84400,0.0,0.0,0.0
2025-07-14 00:00:00-04:00,63.47204193984389,63.792953402050216,63.42342371235422,63.74433517456055,129800,0.0,0.0,0.0
2025-07-15 00:00:00-04:00,63.754047318510636,63.77350054274096,63.36507186467861,63.384517669677734,87900,0.0,0.0,0.0
2025-07-16 00:00:00-04:00,63.52065850154016,63.97771280611873,63.19002789266347,63.95825958251953,255500,0.0,0.0,0.0
2025-07-17 00:00:00-04:00,63.792953295254776,64.72650784073866,63.792953295254776,64.61953735351562,117900,0.0,0.0,0.0
2025-07-18 00:00:00-04:00,64.66815496398776,64.66815496398776,64.4444874041619,64.52228546142578,74100,0.0,0.0,0.0
2025-07-21 00:00:00-04:00,64.51255366095522,64.61952412628203,64.3472383669885,64.36669158935547,527300,0.0,0.0,0.0
2025-07-22 00:00:00-04:00,64.3472383669885,64.42503641799537,64.22082209852523,64.36669158935547,46100,0.0,0.0,0.0
2025-07-23 00:00:00-04:00,64.49311121105156,64.93071228706425,64.49311121105156,64.7751235961914,141400,0.0,0.0,0.0
2025-07-24 00:00:00-04:00,64.87236179693157,64.99877806094109,64.68759328710745,64.70704650878906,193500,0.0,0.0,0.0
2025-07-25 00:00:00-04:00,64.70705098045616,65.10575302171918,64.668151953635,65.03768157958984,52800,0.0,0.0,0.0
2025-07-28 00:00:00-04:00,65.03475160144818,65.03475160144818,64.69354242534659,64.81053161621094,103300,0.167,0.0,0.0
2025-07-29 00:00:00-04:00,64.86903329397647,64.97627154400764,64.60580943015327,64.76179504394531,86100,0.0,0.0,0.0
2025-07-30 00:00:00-04:00,64.9372741685733,65.005516014135,64.2645992353198,64.43032836914062,96200,0.0,0.0,0.0
2025-07-31 00:00:00-04:00,64.3426014113742,64.61556883337376,64.06963398937467,64.17687225341797,220200,0.0,0.0,0.0
2025-08-01 00:00:00-04:00,63.57242906314247,63.630919947841335,63.08498518984329,63.58218002319336,179300,0.0,0.0,0.0
2025-08-05 00:00:00-04:00,64.14761130153838,64.469318578105,63.93313482529221,64.29383850097656,322800,0.0,0.0,0.0
2025-08-06 00:00:00-04:00,64.53756713867188,64.66430730845507,64.32309807789146,64.53756713867188,120900,0.0,0.0,0.0
2025-08-07 00:00:00-04:00,64.59606475549825,64.66430660086422,63.96238622692651,64.08911895751953,180000,0.0,0.0,0.0
2025-08-08 00:00:00-04:00,64.16711645071224,64.16711645071224,63.903900010158154,63.9623908996582,130600,0.0,0.0,0.0
2025-08-11 00:00:00-04:00,63.94287806906474,64.23534734227638,63.94287806906474,64.06961822509766,141700,0.0,0.0,0.0
2025-08-12 00:00:00-04:00,64.19635987225868,64.6448073658349,64.19635987225868,64.5083236694336,100800,0.0,0.0,0.0
2025-08-13 00:00:00-04:00,64.80077922907412,65.03475016784304,64.80077922907412,64.94701385498047,65600,0.0,0.0,0.0
2025-08-14 00:00:00-04:00,64.87878435784818,65.2199935913086,64.86903339751976,65.2199935913086,32600,0.0,0.0,0.0
2025-08-15 00:00:00-04:00,65.28823491727216,65.3467258031693,65.09325290127603,65.11275482177734,187800,0.0,0.0,0.0
2025-08-18 00:00:00-04:00,65.06399924228018,65.13224107981064,64.96651196549415,65.12249755859375,74800,0.0,0.0,0.0
2025-08-19 00:00:00-04:00,65.12250387932467,65.28823300972668,65.0055146731451,65.02500915527344,821300,0.0,0.0,0.0
2025-08-20 00:00:00-04:00,65.13224561808745,65.19074393847707,64.95676553252454,65.05426025390625,192300,0.0,0.0,0.0
2025-08-21 00:00:00-04:00,64.92751786969032,65.22973810758758,64.88852147003253,65.20048522949219,63800,0.0,0.0,0.0
2025-08-22 00:00:00-04:00,65.34672387356939,65.82441678249835,65.30772747152167,65.7171859741211,128500,0.0,0.0,0.0
2025-08-25 00:00:00-04:00,65.59045403850202,65.59045403850202,65.08351562387593,65.13225555419922,110000,0.0,0.0,0.0
2025-08-26 00:00:00-04:00,65.27591207679164,66.04800415039062,65.1684051136044,66.04800415039062,164800,0.167,0.0,0.0
2025-08-27 00:00:00-04:00,66.19461856255995,67.05466698480973,66.19461856255995,66.83965301513672,290600,0.0,0.0,0.0
2025-08-28 00:00:00-04:00,67.40650135228883,67.40650135228883,66.40961983635317,66.6246337890625,130100,0.0,0.0,0.0
2025-08-29 00:00:00-04:00,66.45849349617254,66.99602841143903,66.45849349617254,66.87874603271484,137900,0.0,0.0,0.0
2025-09-02 00:00:00-04:00,66.38029325236182,66.93737140189405,66.33143119571842,66.89827728271484,143600,0.0,0.0,0.0
2025-09-03 00:00:00-04:00,66.99602036097464,67.31853381493809,66.89828132889473,67.28921508789062,138600,0.0,0.0,0.0
2025-09-04 00:00:00-04:00,67.42603605542901,67.80719439319206,67.39671733043812,67.78765106201172,116400,0.0,0.0,0.0
2025-09-05 00:00:00-04:00,67.92448238753862,68.17859045261933,67.27944055843561,67.66060638427734,164900,0.0,0.0,0.0
2025-09-08 00:00:00-04:00,67.72903227252611,67.72903227252611,67.25991017409855,67.60197448730469,71600,0.0,0.0,0.0
2025-09-09 00:00:00-04:00,67.4846830271702,68.03198579425859,67.4846830271702,67.8462905883789,142400,0.0,0.0,0.0
2025-09-10 00:00:00-04:00,67.9635826090998,68.2176906969859,67.88539435798992,68.11018371582031,111600,0.0,0.0,0.0
2025-09-11 00:00:00-04:00,68.26654009227663,68.7649807800459,68.26654009227663,68.74542999267578,132300,0.0,0.0,0.0
2025-09-12 00:00:00-04:00,68.68679725969685,68.7063480484094,68.41314586925043,68.45223999023438,103000,0.0,0.0,0.0
2025-09-15 00:00:00-04:00,68.54996685761834,68.75520538636084,68.35450372256092,68.74542999267578,215900,0.0,0.0,0.0
2025-09-16 00:00:00-04:00,68.68679809570312,68.74543554967215,68.44246542891054,68.68679809570312,192200,0.0,0.0,0.0
2025-09-17 00:00:00-04:00,68.73567620344154,69.08751588411734,68.58907509375294,68.78453826904297,346200,0.0,0.0,0.0
2025-09-18 00:00:00-04:00,68.8725037658902,69.38071250914932,68.8725037658902,69.18524932861328,144200,0.0,0.0,0.0
2025-09-19 00:00:00-04:00,69.38070872937894,69.8107366508617,69.38070872937894,69.71300506591797,113200,0.0,0.0,0.0
2025-09-22 00:00:00-04:00,69.73254913332302,70.07461341244264,69.6152742127346,70.01597595214844,86900,0.0,0.0,0.0
2025-09-23 00:00:00-04:00,70.0159685261727,70.338489436468,69.81072998046875,69.81072998046875,94700,0.0,0.0,0.0
2025-09-24 00:00:00-04:00,69.88615653736667,69.92534227310657,69.35716778966525,69.36695861816406,123700,0.167,0.0,0.0
2025-09-25 00:00:00-04:00,69.12206016679345,69.3473763009575,68.9065423360058,69.26900482177734,334800,0.0,0.0,0.0
2025-09-26 00:00:00-04:00,69.43554471334038,69.59228768547922,69.39635897030567,69.44534301757812,76900,0.0,0.0,0.0
2025-09-29 00:00:00-04:00,69.54328007463114,69.91554077036845,69.49430351786984,69.71961212158203,199000,0.0,0.0,0.0
2025-09-30 00:00:00-04:00,69.73923788413681,70.05271637935903,69.31800045550227,69.82740020751953,59500,0.0,0.0,0.0
2025-10-01 00:00:00-04:00,69.76862180666758,70.15067346989197,69.76862180666758,69.94495391845703,68300,0.0,0.0,0.0
2025-10-02 00:00:00-04:00,70.00372215365319,70.04290789410021,69.58248478624253,69.97433471679688,121700,0.0,0.0,0.0
2025-10-03 00:00:00-04:00,70.05269538466834,70.45433608290212,69.98412221794966,70.39556121826172,62700,0.0,0.0,0.0
2025-10-06 00:00:00-04:00,70.79721058689336,70.79721058689336,69.876371874457,70.42495727539062,57500,0.0,0.0,0.0
2025-10-07 00:00:00-04:00,70.52290875769376,70.57189279382882,70.09188063014636,70.16045379638672,83500,0.0,0.0,0.0
2025-10-08 00:00:00-04:00,70.4347523195204,70.4347523195204,69.79799716637743,69.96453094482422,67500,0.0,0.0,0.0
2025-10-09 00:00:00-04:00,70.0428959464057,70.13105824193619,69.73921585213685,69.92533874511719,61600,0.0,0.0,0.0
2025-10-10 00:00:00-04:00,70.19963520010263,70.30738661990668,69.13184456432653,69.1612319946289,292600,0.0,0.0,0.0
2025-10-14 00:00:00-04:00,69.39635004587912,70.53271402599957,69.29838943784829,70.43475341796875,249900,0.0,0.0,0.0
2025-10-15 00:00:00-04:00,70.70904225597232,71.03231897137739,70.48372614325866,70.689453125,92400,0.0,0.0,0.0
2025-10-16 00:00:00-04:00,70.65026581436234,70.66005664267281,69.29838411604334,69.47471618652344,188200,0.0,0.0,0.0
2025-10-17 00:00:00-04:00,69.27879631818546,69.68043703016836,69.22981228003187,69.36695861816406,68800,0.0,0.0,0.0
2025-10-20 00:00:00-04:00,69.59227352312277,70.02330913487053,69.59227352312277,69.9155502319336,84400,0.0,0.0,0.0
2025-10-21 00:00:00-04:00,69.89595911460134,70.09188780528379,69.79799850621778,69.85677337646484,71300,0.0,0.0,0.0
2025-10-22 00:00:00-04:00,69.82737814766735,70.05269424832503,69.71961924829819,69.92533874511719,146400,0.0,0.0,0.0
2025-10-23 00:00:00-04:00,69.97433185039588,70.3759725941725,69.97433185039588,70.2584228515625,69400,0.0,0.0,0.0
2025-10-24 00:00:00-04:00,70.48372614325866,70.84618859452328,70.48372614325866,70.689453125,92900,0.0,0.0,0.0
2025-10-27 00:00:00-04:00,70.98333356814308,71.25762623997065,70.8559855344845,71.238037109375,128500,0.0,0.0,0.0
2025-10-28 00:00:00-04:00,71.41276640453253,71.67780018049554,71.33423510455943,71.53056335449219,214200,0.148,0.0,0.0
2025-10-29 00:00:00-04:00,71.43240254505147,71.44222083080776,70.35262327574947,70.5685806274414,309000,0.0,0.0,0.0
2025-10-30 00:00:00-04:00,70.53912967354171,70.94158949919809,70.43115100318472,70.51949310302734,224100,0.0,0.0,0.0
2025-10-31 00:00:00-04:00,70.52930722964953,71.0397531847227,70.35261555122527,70.99066925048828,85700,0.0,0.0,0.0
2025-11-03 00:00:00-05:00,70.9612210260365,71.43239383668916,70.79434763431189,71.40294647216797,121900,0.0,0.0,0.0
2025-11-04 00:00:00-05:00,70.87287155687132,71.29496792371722,70.79434774774126,70.98085021972656,267900,0.0,0.0,0.0
2025-11-05 00:00:00-05:00,71.1673583984375,71.39313400306835,70.9317719986341,71.1673583984375,112300,0.0,0.0,0.0
2025-11-06 00:00:00-05:00,71.15754264423428,71.27533959290275,70.56857287920569,70.99066925048828,347400,0.0,0.0,0.0
2025-11-07 00:00:00-05:00,70.68637057065683,71.00048828125,70.13665896025107,71.00048828125,280700,0.0,0.0,0.0
2025-11-10 00:00:00-05:00,71.15755012794558,71.49130443969575,70.93178198069951,71.41277313232422,105700,0.0,0.0,0.0
2025-11-11 00:00:00-05:00,71.4618419708314,71.77595964478239,71.4618419708314,71.52073669433594,152800,0.0,0.0,0.0
2025-11-12 00:00:00-05:00,71.69744908261208,72.59071843369559,71.69744908261208,72.55146026611328,96700,0.0,0.0,0.0
2025-11-13 00:00:00-05:00,72.49255239663093,72.5907127862665,71.1771866993673,71.41277313232422,143700,0.0,0.0,0.0
2025-11-14 00:00:00-05:00,70.95141254597227,71.5403823852539,70.74527347668159,71.5403823852539,133700,0.0,0.0,0.0
2025-11-17 00:00:00-05:00,71.38332771515208,71.80542414236226,71.05939168026006,71.33424377441406,92200,0.0,0.0,0.0
2025-11-18 00:00:00-05:00,70.87288169244505,71.52075376222908,70.64711353902908,71.33424377441406,174200,0.0,0.0,0.0
2025-11-19 00:00:00-05:00,71.37160243446425,71.4306248512945,70.99782881525714,71.32242584228516,155400,0.148,0.0,0.0
2025-11-20 00:00:00-05:00,71.8339166161971,72.06998380532833,71.04702348427945,71.20439910888672,141600,0.0,0.0,0.0
2025-11-21 00:00:00-05:00,71.43062811519553,72.13882960956286,71.25357586549374,72.08965301513672,224100,0.0,0.0,0.0
2025-11-24 00:00:00-05:00,72.0798087271325,72.57161965731703,71.90275649208851,72.47325897216797,256300,0.0,0.0,0.0
2025-11-25 00:00:00-05:00,72.57163308804635,73.30934961985129,72.47327238469383,73.28968048095703,74400,0.0,0.0,0.0
2025-11-26 00:00:00-05:00,73.45690302299512,73.64379363434323,73.34870398531375,73.54542541503906,159300,0.0,0.0,0.0
2025-11-27 00:00:00-05:00,73.4962483730963,73.74215391101247,73.44706426373646,73.56510162353516,54200,0.0,0.0,0.0
2025-11-28 00:00:00-05:00,73.54540670534055,73.95853360977206,73.37819278216853,73.83065795898438,63900,0.0,0.0,0.0
2025-12-01 00:00:00-05:00,73.56508616009847,73.57492448079071,72.93556871571343,73.12245178222656,142200,0.0,0.0,0.0
2025-12-02 00:00:00-05:00,73.40770684103973,73.6044357428534,73.06344064341614,73.5749282836914,79200,0.0,0.0,0.0
2025-12-03 00:00:00-05:00,73.76182352676086,74.02740571190661,73.40771894952753,73.6929702758789,103800,0.0,0.0,0.0
2025-12-04 00:00:00-05:00,73.85035710410251,74.82414098780825,73.85035710410251,74.7356185913086,92500,0.0,0.0,0.0
2025-12-05 00:00:00-05:00,74.74543464174403,75.00117846628221,74.68641972240461,74.86347198486328,157100,0.0,0.0,0.0
2025-12-08 00:00:00-05:00,74.93232268049266,75.05036001960278,74.77493956167919,74.96183013916016,65500,0.0,0.0,0.0
2025-12-09 00:00:00-05:00,75.00117190276929,75.46347540897868,75.00117190276929,75.2667465209961,85500,0.0,0.0,0.0
2025-12-10 00:00:00-05:00,75.24708418170177,76.2602136569018,75.19790007915324,76.04381561279297,80100,0.0,0.0,0.0
2025-12-11 00:00:00-05:00,76.12251087690954,76.34874725341797,76.01431184959344,76.34874725341797,161400,0.0,0.0,0.0
2025-12-12 00:00:00-05:00,76.41760095927803,76.52579998724772,75.90611328079572,76.03398895263672,65400,0.0,0.0,0.0
2025-12-15 00:00:00-05:00,76.13234505382343,76.61431773734677,76.12250673248285,76.35857391357422,56200,0.0,0.0,0.0
2025-12-16 00:00:00-05:00,76.14219002263823,76.34874976218161,76.05366013172477,76.10284423828125,191700,0.0,0.0,0.0
2025-12-17 00:00:00-05:00,76.27005494158189,76.27005494158189,75.31594034881802,75.483154296875,77600,0.0,0.0,0.0
2025-12-18 00:00:00-05:00,75.81757878699987,76.44709621039922,75.81757878699987,76.21102905273438,205800,0.0,0.0,0.0
2025-12-19 00:00:00-05:00,76.4569330834459,77.04710471865599,76.4569330834459,76.7126693725586,105800,0.0,0.0,0.0
2025-12-22 00:00:00-05:00,76.82088877458804,77.20450081453279,76.52580663086826,76.9585952758789,93600,0.0,0.0,0.0
2025-12-23 00:00:00-05:00,76.92907980271414,77.41105250705303,76.91924148094866,77.12580871582031,70000,0.0,0.0,0.0
2025-12-24 00:00:00-05:00,77.07662609096907,77.49958388171541,77.03728030759257,77.2143325805664,52300,0.0,0.0,0.0
2025-12-29 00:00:00-05:00,77.08644976475578,77.69629053010593,77.08644976475578,77.48973083496094,88400,0.0,0.0,0.0
2025-12-30 00:00:00-05:00,77.56662018317421,77.64545986956166,77.33010864257812,77.33010864257812,41100,0.148,0.0,0.0
2025-12-31 00:00:00-05:00,77.31038660391368,77.35966328222028,77.03445524995396,77.06401824951172,100000,0.0,0.0,0.0
2026-01-02 00:00:00-05:00,77.24141057298223,77.5271987915039,77.04431887951647,77.5271987915039,93500,0.0,0.0,0.0
2026-01-05 00:00:00-05:00,77.86226385128747,78.88715720024281,77.56661879192039,78.75904083251953,99600,0.0,0.0,0.0
2026-01-06 00:00:00-05:00,78.80831283861319,79.12366404122689,78.26629943479321,78.3648452758789,165300,0.0,0.0,0.0
2026-01-07 00:00:00-05:00,78.1480424581484,78.30571429013527,77.69471808459367,77.71443176269531,141100,0.0,0.0,0.0
2026-01-08 00:00:00-05:00,77.52719217252238,78.34513691584796,77.52719217252238,78.04949188232422,130800,0.0,0.0,0.0
2026-01-09 00:00:00-05:00,78.276148087009,78.61120541536751,78.019922912134,78.34513092041016,98000,0.0,0.0,0.0
2026-01-12 00:00:00-05:00,78.12833989960217,78.3747082809801,77.92139136147266,78.31558227539062,142100,0.0,0.0,0.0
2026-01-13 00:00:00-05:00,78.42398207171486,78.46340191350914,77.61589411134727,77.73414611816406,106800,0.0,0.0,0.0
2026-01-14 00:00:00-05:00,77.63559727443284,77.89182247691642,77.29068307026212,77.88196563720703,160800,0.0,0.0,0.0
2026-01-15 00:00:00-05:00,78.11847691388178,78.50281847567778,78.02978791247436,78.3648452758789,409900,0.0,0.0,0.0
2026-01-16 00:00:00-05:00,78.41412598033982,78.60136835100896,78.1973206076842,78.24659729003906,44700,0.0,0.0,0.0
2026-01-19 00:00:00-05:00,77.8721155253485,77.92139220958697,77.6060409787335,77.85240936279297,67800,0.0,0.0,0.0
2026-01-20 00:00:00-05:00,77.69471783392027,77.71443151195831,76.69939513139099,76.72895812988281,135000,0.0,0.0,0.0
2026-01-21 00:00:00-05:00,76.69940316910206,77.67501981439823,76.57128680412454,77.23155975341797,159700,0.0,0.0,0.0
2026-01-22 00:00:00-05:00,77.58633386405423,77.80313172377028,77.12316010473577,77.33010864257812,115200,0.0,0.0,0.0
2026-01-23 00:00:00-05:00,77.40894245432052,77.40894245432052,76.62056068740964,77.14286041259766,89800,0.0,0.0,0.0
2026-01-26 00:00:00-05:00,77.33995257587387,77.43849840812886,76.80779605941872,76.91619873046875,82100,0.0,0.0,0.0
2026-01-27 00:00:00-05:00,76.92311508341183,77.3279176828963,76.70590062540677,76.73551940917969,123800,0.147,0.0,0.0
2026-01-28 00:00:00-05:00,76.69602652279394,76.84412797699156,75.75806320079712,75.98514556884766,131100,0.0,0.0,0.0
2026-01-29 00:00:00-05:00,76.18261906247763,76.49856532600631,75.8962915841621,76.3504638671875,166700,0.0,0.0,0.0
2026-01-30 00:00:00-05:00,76.13323895151825,76.39981551460964,75.35324507267386,75.78767395019531,196500,0.0,0.0,0.0
2026-02-02 00:00:00-05:00,75.77780907447661,77.2489331610187,75.77780907447661,77.1205825805664,202300,0.0,0.0,0.0
2026-02-03 00:00:00-05:00,77.29829614074082,77.41677880435718,76.51830222062607,76.89348602294922,183600,0.0,0.0,0.0
2026-02-04 00:00:00-05:00,77.16007238089674,77.62412007763996,77.06134059138286,77.20943450927734,163800,0.0,0.0,0.0
2026-02-05 00:00:00-05:00,76.78486818284117,77.32790423340462,76.66639306835563,76.90335083007812,168200,0.0,0.0,0.0
2026-02-06 00:00:00-05:00,77.28841788858519,77.66360921000205,77.19956154367205,77.62411499023438,147100,0.0,0.0,0.0
2026-02-09 00:00:00-05:00,77.67348659185001,78.47323145740121,77.67348659185001,78.4633560180664,47300,0.0,0.0,0.0
2026-02-10 00:00:00-05:00,78.62130965863138,79.00636885538918,78.55219666261719,78.937255859375,96300,0.0,0.0,0.0
2026-02-11 00:00:00-05:00,79.37169931971306,79.37169931971306,77.92031860351562,77.92031860351562,104500,0.0,0.0,0.0
2026-02-12 00:00:00-05:00,78.35475075261564,78.59170857333382,77.11070901152695,77.2884292602539,95700,0.0,0.0,0.0
2026-02-13 00:00:00-05:00,77.15019952085434,77.70310358681499,76.7157705931693,77.6734848022461,179800,0.0,0.0,0.0
2026-02-17 00:00:00-05:00,77.70309962008899,78.19676609171027,77.60436783231525,77.91044616699219,232100,0.0,0.0,0.0
2026-02-18 00:00:00-05:00,78.14740641129036,78.43373387772701,77.91044860666283,78.32512664794922,193000,0.0,0.0,0.0
2026-02-19 00:00:00-05:00,78.26587481583638,78.26587481583638,77.65373324546745,78.04866790771484,148500,0.0,0.0,0.0
2026-02-20 00:00:00-05:00,77.98942286435427,78.75954131323911,77.97955495903678,78.72005462646484,121200,0.0,0.0,0.0
2026-02-23 00:00:00-05:00,78.66082233269704,78.98664404725277,77.29830543467314,77.63399505615234,110300,0.0,0.0,0.0
2026-02-24 00:00:00-05:00,77.59145902558683,77.72005000274231,77.08697395898007,77.63102722167969,156500,0.147,0.0,0.0
2026-02-25 00:00:00-05:00,77.95744863123669,79.23349460537472,77.95744863123669,79.0455551147461,166500,0.0,0.0,0.0
2026-02-26 00:00:00-05:00,79.39177233444325,79.57971183679159,78.89718119177367,79.30274200439453,228800,0.0,0.0,0.0
2026-02-27 00:00:00-05:00,79.00599246896594,79.1345834502022,77.65081001051091,77.7596206665039,298500,0.0,0.0,0.0
2026-03-02 00:00:00-05:00,76.73086178203403,78.40258208953708,76.4637859127257,78.19485473632812,77800,0.0,0.0,0.0
2026-03-03 00:00:00-05:00,77.0375175792072,77.5321087470043,76.06812311656775,77.1760025024414,327600,0.0,0.0,0.0
2026-03-04 00:00:00-05:00,77.36394047552083,77.84863764991735,77.25512982763529,77.55188751220703,170600,0.0,0.0,0.0
2026-03-05 00:00:00-05:00,77.13643931696946,77.47275767753234,76.36487078118121,76.77043914794922,188500,0.0,0.0,0.0
2026-03-06 00:00:00-05:00,75.92963059309272,75.92963059309272,75.0294711353103,75.29655456542969,225000,0.0,0.0,0.0
2026-03-09 00:00:00-04:00,74.35682512815818,75.08882539940215,73.5358020802518,74.8415298461914,585600,0.0,0.0,0.0
2026-03-10 00:00:00-04:00,75.16795551465466,76.15713774426087,74.93055389267039,75.51416778564453,261800,0.0,0.0,0.0
2026-03-11 00:00:00-04:00,75.41525669645007,75.77136292941528,75.04926407419177,75.16796112060547,100100,0.0,0.0,0.0
2026-03-12 00:00:00-04:00,74.57444938771002,74.78217675504332,74.00072187020183,74.08975219726562,155700,0.0,0.0,0.0
2026-03-13 00:00:00-04:00,74.35682302872922,74.89098231420606,73.76331522715313,73.83255767822266,77700,0.0,0.0,0.0
2026-03-16 00:00:00-04:00,74.2579154425802,75.27677201071552,74.2579154425802,75.05915069580078,195900,0.0,0.0,0.0
2026-03-17 00:00:00-04:00,75.57352802079315,75.92963424684721,75.5141719518762,75.54385375976562,180400,0.0,0.0,0.0
2026-03-18 00:00:00-04:00,75.29654919478916,75.9296251772971,74.80195811177603,74.87120056152344,130400,0.0,0.0,0.0
2026-03-19 00:00:00-04:00,74.36672991742095,74.36672991742095,73.63473708620214,73.98094940185547,246000,0.0,0.0,0.0
2026-03-20 00:00:00-04:00,73.7732176382776,74.04029353827106,72.80381566506392,73.12035369873047,170000,0.0,0.0,0.0
2026-03-23 00:00:00-04:00,74.03040763043738,74.94046117942429,73.99084697544315,74.50521850585938,339900,0.0,0.0,0.0
2026-03-24 00:00:00-04:00,73.96115468806948,74.96023088957885,73.76332125366804,74.59423828125,105300,0.0,0.0,0.0
2026-03-25 00:00:00-04:00,75.39547806520098,75.5141751142819,75.00969756196355,75.34601593017578,191000,0.0,0.0,0.0
2026-03-26 00:00:00-04:00,74.73847815728405,75.60072597461884,74.32221250736038,74.38168334960938,106500,0.147,0.0,0.0
2026-03-27 00:00:00-04:00,73.93568261905149,74.11408001458797,73.31129551540103,73.54915618896484,125500,0.0,0.0,0.0
2026-03-30 00:00:00-04:00,73.95550648197303,74.53033579531488,73.28156162635622,73.6185302734375,97000,0.0,0.0,0.0
2026-03-31 00:00:00-04:00,74.30238547845953,75.4916963277255,74.08434339175484,75.41240692138672,196000,0.0,0.0,0.0
2026-04-01 00:00:00-04:00,76.06652572223457,76.34403105575352,75.85839672209535,76.04670715332031,173800,0.0,0.0,0.0
2026-04-02 00:00:00-04:00,75.30340750211197,76.44316079489728,75.12501008526164,76.38369750976562,79500,0.0,0.0,0.0
2026-04-06 00:00:00-04:00,76.2251199624841,76.83959402220975,76.2251199624841,76.71075439453125,65100,0.0,0.0,0.0
2026-04-07 00:00:00-04:00,76.58191090851192,77.00808208092337,76.28458693146412,76.99817657470703,163300,0.0,0.0,0.0
2026-04-08 00:00:00-04:00,78.56409443204195,78.84160737345233,78.20730720170901,78.53436279296875,299200,0.0,0.0,0.0
2026-04-09 00:00:00-04:00,78.25685764971044,79.28759732227455,78.25685764971044,79.19840240478516,70800,0.0,0.0,0.0
2026-04-10 00:00:00-04:00,79.3569731035037,79.80296281069016,79.3470600367016,79.68403625488281,102200,0.0,0.0,0.0
2026-04-13 00:00:00-04:00,79.27767759337662,80.65529887616766,79.04973000464497,80.64539337158203,72000,0.0,0.0,0.0
2026-04-14 00:00:00-04:00,80.5760159946451,81.71576904653463,80.56610292873324,81.61666107177734,64100,0.0,0.0,0.0
2026-04-15 00:00:00-04:00,81.82479566076455,82.38971947296051,81.82479566076455,82.3500747680664,57100,0.0,0.0,0.0
2026-04-16 00:00:00-04:00,82.38971537492792,82.40954150711597,81.77524138326875,81.97345733642578,122100,0.0,0.0,0.0
2026-04-17 00:00:00-04:00,82.2608682056415,83.57902610127586,82.25095514045802,83.18258666992188,131600,0.0,0.0,0.0
2026-04-20 00:00:00-04:00,82.97446849800924,83.47992902798482,82.97446849800924,83.35108184814453,186500,0.0,0.0,0.0
2026-04-21 00:00:00-04:00,83.39073125241852,83.74752605116234,82.61767837562516,82.63749694824219,175000,0.0,0.0,0.0
2026-04-22 00:00:00-04:00,83.03393019153475,83.03393019153475,82.24105880192003,82.3599853515625,136800,0.0,0.0,0.0
2026-04-23 00:00:00-04:00,82.05274374671401,82.7762387546326,81.8049700335864,82.46900177001953,473400,0.0,0.0,0.0
2026-04-24 00:00:00-04:00,82.47891483575165,82.88525979332503,82.1419386539422,82.46900177001953,132800,0.0,0.0,0.0
2026-04-27 00:00:00-04:00,82.22769127719363,82.56533756797904,82.07872655851641,82.38658142089844,81600,0.167,0.0,0.0
2026-04-28 00:00:00-04:00,82.47596478754596,82.81361108449174,82.40644892778298,82.585205078125,118600,0.0,0.0,0.0
2026-04-29 00:00:00-04:00,82.56533622661864,82.66464351190332,81.58218122197783,81.69142150878906,84500,0.0,0.0,0.0
2026-04-30 00:00:00-04:00,81.66163115903048,83.45911804939391,81.66163115903048,83.37966918945312,253200,0.0,0.0,0.0
2026-05-01 00:00:00-04:00,83.4988455748409,83.83649187711602,83.091675835045,83.28036499023438,205500,0.0,0.0,0.0
2026-05-04 00:00:00-04:00,83.042020517395,83.36973379609378,82.40644480942268,82.49581909179688,114600,0.0,0.0,0.0
2026-05-05 00:00:00-04:00,82.62491509329641,83.26049078042486,82.62491509329641,83.10160064697266,135000,0.0,0.0,0.0
2026-05-06 00:00:00-04:00,83.71732768691695,84.58130946242038,83.71732768691695,84.31317901611328,95100,0.0,0.0,0.0
2026-05-07 00:00:00-04:00,84.31317606215508,84.50185763751591,83.56836003258951,83.91593933105469,84200,0.0,0.0,0.0
2026-05-08 00:00:00-04:00,84.17414593792944,84.41248495044219,83.93579934875609,84.28338623046875,93400,0.0,0.0,0.0
2026-05-11 00:00:00-04:00,84.07483794253523,84.43234266997665,83.76697549493265,83.93579864501953,48400,0.0,0.0,0.0
2026-05-12 00:00:00-04:00,84.09468716643087,84.25357729716464,83.50876134124206,84.23371887207031,77200,0.0,0.0,0.0
2026-05-13 00:00:00-04:00,84.0251688577797,84.44226396250744,83.1313882214635,83.34986877441406,117500,0.0,0.0,0.0
2026-05-14 00:00:00-04:00,83.39953560023046,84.7203369140625,83.38960259852426,84.7203369140625,559200,0.0,0.0,0.0
2026-05-15 00:00:00-04:00,84.1145555023058,84.29331165585552,83.83649205826416,84.28338623046875,201000,0.0,0.0,0.0
2026-05-19 00:00:00-04:00,84.63097097485327,85.01827473632669,84.2138757819836,84.40255737304688,180600,0.0,0.0,0.0
2026-05-20 00:00:00-04:00,84.47206218011651,86.19010774011124,84.47206218011651,85.99148559570312,140900,0.0,0.0,0.0
2026-05-21 00:00:00-04:00,85.69995155712073,87.09296289781197,85.62035676522778,86.94371032714844,183000,0.167,0.0,0.0
2026-05-22 00:00:00-04:00,87.38151567274457,87.56061723893079,87.11286711911578,87.16261291503906,149800,0.0,0.0,0.0
2026-05-25 00:00:00-04:00,87.69992463032987,88.22727717537609,87.6700756321275,87.92877960205078,66400,0.0,0.0,0.0
2026-05-26 00:00:00-04:00,87.53077079483268,88.09792450573931,87.03326727328997,87.46112060546875,67600,0.0,0.0,0.0
2026-05-27 00:00:00-04:00,87.31186540046494,87.75961551984433,87.04321684709751,87.27206420898438,111500,0.0,0.0,0.0
2026-05-28 00:00:00-04:00,87.10291962872648,87.11287182496919,86.20741174941989,86.51586151123047,194100,0.0,0.0,0.0
2026-05-29 00:00:00-04:00,86.67505856125918,87.24221223572395,86.03825470190579,86.62530517578125,181800,0.0,0.0,0.0
2026-06-01 00:00:00-04:00,86.58550955010601,86.81436451019083,85.64025589568462,85.77955627441406,157100,0.0,0.0,0.0
2026-06-02 00:00:00-04:00,85.62035728439601,87.24221599747806,85.62035728439601,87.1825180053711,58100,0.0,0.0,0.0
2026-06-03 00:00:00-04:00,86.71485484371829,87.26210409649975,86.62530027318654,86.70490264892578,183100,0.0,0.0,0.0
2026-06-04 00:00:00-04:00,86.87406263234327,88.26707401300399,86.87406263234327,88.13772583007812,120600,0.0,0.0,0.0
2026-06-05 00:00:00-04:00,87.72976449460934,88.44617074208462,87.72976449460934,88.10787200927734,122900,0.0,0.0,0.0
2026-06-08 00:00:00-04:00,88.33672393807407,88.9436788407503,88.14767017095488,88.46607971191406,121400,0.0,0.0,0.0
2026-06-09 00:00:00-04:00,88.81432992102282,89.62028318880756,88.45612678171821,89.34168243408203,161800,0.0,0.0,0.0
2026-06-10 00:00:00-04:00,89.04317330076523,89.68992936173537,89.04317330076523,89.11282348632812,131800,0.0,0.0,0.0
2026-06-11 00:00:00-04:00,89.5605872523189,90.3466437376572,89.15263071546046,90.18743896484375,115900,0.0,0.0,0.0
2026-06-12 00:00:00-04:00,90.57548153099523,91.36153793320723,90.54563253707462,90.91378784179688,102400,0.0,0.0,0.0
2026-06-15 00:00:00-04:00,91.83914707629891,91.94859845114767,90.91379028340533,91.32173919677734,48900,0.0,0.0,0.0
2026-06-16 00:00:00-04:00,91.61029501508706,92.25705108919804,91.48094683678528,92.07794952392578,62800,0.0,0.0,0.0
2026-06-17 00:00:00-04:00,92.08789925165827,93.08290623399364,92.08789925165827,92.56549835205078,120000,0.0,0.0,0.0
2026-06-18 00:00:00-04:00,93.22220764156695,93.38140481303569,92.8341555214421,93.04310607910156,84300,0.0,0.0,0.0
2026-06-19 00:00:00-04:00,93.1226967008122,93.77940493088992,92.89384935370069,93.03314971923828,95300,0.0,0.0,0.0
2026-06-22 00:00:00-04:00,93.00331154563955,93.69981345436045,93.00331154563955,93.3515625,58500,0.0,0.0,0.0
2026-06-23 00:00:00-04:00,92.80429848747565,93.61025931033429,92.73464830192499,93.5903549194336,70100,0.0,0.0,0.0
2026-06-24 00:00:00-04:00,93.67991608109574,93.72966187924258,92.91375639488056,93.22221374511719,145300,0.0,0.0,0.0
2026-06-25 00:00:00-04:00,93.58802795410156,94.14622443411643,93.54815569054955,93.58802795410156,152100,0.167,0.0,0.0
2026-06-26 00:00:00-04:00,93.4086091341867,93.69767734922992,92.96005946541506,93.4185791015625,154600,0.0,0.0,0.0
2026-06-29 00:00:00-04:00,93.6478322390127,93.87709585246863,93.27902711086867,93.81729125976562,38500,0.0,0.0,0.0
2026-06-30 00:00:00-04:00,93.89702127693374,94.60474439454046,93.857156621301,94.51502990722656,122700,0.0,0.0,0.0
2026-07-02 00:00:00-04:00,95.14300588818561,95.3722694968047,93.52822108041887,94.03657531738281,282000,0.0,0.0,0.0
2026-07-03 00:00:00-04:00,94.18609753229062,94.78416628115724,94.1362629060515,94.42533111572266,27500,0.0,0.0,0.0
2026-07-06 00:00:00-04:00,94.67452531483312,95.46197779665144,94.67452531483312,95.43207550048828,62600,0.0,0.0,0.0
2026-07-07 00:00:00-04:00,95.4320709985437,95.94043282390543,95.06326589012083,95.82081604003906,61200,0.0,0.0,0.0
2026-07-08 00:00:00-04:00,95.30249387810314,95.32242620674296,93.62789689267134,94.07644653320312,127500,0.0,0.0,0.0
2026-07-09 00:00:00-04:00,94.37548183716049,95.2028141404878,94.37548183716049,94.9835205078125,82900,0.0,0.0,0.0
2026-07-10 00:00:00-04:00,95.19285170630371,96.04011640470783,95.14300947498597,96.000244140625,54100,0.0,0.0,0.0
2026-07-13 00:00:00-04:00,95.93047036297234,96.32918540219946,95.14301025183443,95.6812744140625,124900,0.0,0.0,0.0
2026-07-14 00:00:00-04:00,95.54171944543342,96.59831537546698,95.49188482161463,96.33914947509766,115400,0.0,0.0,0.0
2026-07-15 00:00:00-04:00,96.5484730704162,97.86422729492188,96.5484730704162,97.86422729492188,96300,0.0,0.0,0.0
2026-07-16 00:00:00-04:00,97.67484480556558,97.84430383537368,96.83755004355554,97.45555114746094,88200,0.0,0.0,0.0
2026-07-17 00:00:00-04:00,96.67805837646682,97.68481214115909,96.24944103940827,96.97709655761719,169000,0.0,0.0,0.0
2026-07-20 00:00:00-04:00,97.07676995423257,97.32596589468493,95.12307469366887,95.1529769897461,165100,0.0,0.0,0.0
2026-07-21 00:00:00-04:00,95.46197242488206,95.7012059904385,94.8439713926684,95.49188232421875,83000,0.0,0.0,0.0
2026-07-22 00:00:00-04:00,95.41214600318628,96.13979391427505,95.26262691307616,95.5417251586914,74800,0.0,0.0,0.0
2026-07-23 00:00:00-04:00,94.71439006384477,94.71439006384477,93.94686991044804,94.41535949707031,117700,0.0,0.0,0.0
2026-07-24 00:00:00-04:00,94.70442689858163,95.4719470454697,94.66455463571184,95.24269104003906,91600,0.0,0.0,0.0
2026-07-27 00:00:00-04:00,95.60153717764247,96.08995910654951,95.2028221397185,95.91053771972656,82800,0.0,0.0,0.0
2026-07-28 00:00:00-04:00,95.69388526135353,97.05167080578931,95.08487817376242,97.02172088623047,91800,0.153,0.0,0.0
2026-07-29 00:00:00-04:00,96.39275365681523,96.39275365681523,93.90680359446243,94.09649658203125,131700,0.0,0.0,0.0
2026-07-30 00:00:00-04:00,94.8153208948968,95.53414942925721,94.78537097545984,95.31450653076172,56800,0.0,0.0,0.0
2026-07-31 00:00:00-04:00,95.43431005900028,96.14316039346058,95.3843960635809,95.57408905029297,59700,0.0,0.0,0.0
2026-08-04 00:00:00-04:00,96.4426684654609,96.79209690579489,96.12318994616001,96.25298309326172,71600,0.0,0.0,0.0
2026-08-05 00:00:00-04:00,96.1331705633546,97.08162022366928,95.92351351055771,96.57245635986328,66300,0.0,0.0,0.0
2026-08-06 00:00:00-04:00,96.92188710499268,97.21141569445439,96.12318702254873,96.3727798461914,58100,0.0,0.0,0.0
2026-08-07 00:00:00-04:00,96.43268289162823,96.52254027194985,95.38439756766762,96.03334045410156,84900,0.0,0.0,0.0
2026-08-10 00:00:00-04:00,96.02334842881032,96.54249813436807,95.95346274504354,95.97342681884766,127800,0.0,0.0,0.0
2026-08-11 00:00:00-04:00,96.31288391737263,96.8420195062692,95.74381256103516,95.74381256103516,122000,0.0,0.0,0.0
2026-08-12 00:00:00-04:00,96.04331947810599,96.95184105002704,95.96345556012088,96.78211975097656,173300,0.0,0.0,0.0
2026-08-13 00:00:00-04:00,97.09160835894086,97.59079400603054,96.79209392389966,97.2613296508789,76900,0.0,0.0,0.0
2026-08-14 00:00:00-04:00,97.13154720250206,97.2912826538086,96.73219714878263,97.2912826538086,75800,0.0,0.0,0.0
2026-08-17 00:00:00-04:00,96.95183546223551,97.60077831663907,96.80207824707031,96.80207824707031,95400,0.0,0.0,0.0
2026-08-18 00:00:00-04:00,96.70224752577072,96.72221160088229,95.21467637847391,95.6639404296875,79200,0.0,0.0,0.0
2026-08-19 00:00:00-04:00,95.9135304544121,95.9334945289393,93.11808776855469,93.11808776855469,130800,0.0,0.0,0.0
2026-08-20 00:00:00-04:00,92.78863145295047,92.95835274659781,91.30105272542424,91.6405029296875,198000,0.0,0.0,0.0
2026-08-21 00:00:00-04:00,91.9799468690945,92.75868289609821,91.82021141889258,91.94999694824219,155700,0.0,0.0,0.0
2026-08-24 00:00:00-04:00,91.63051655352177,92.4591665593122,91.32102388843052,92.07978820800781,147100,0.0,0.0,0.0
2026-08-25 00:00:00-04:00,92.45916690351523,93.78700256347656,92.36930952549609,93.78700256347656,110000,0.0,0.0,0.0
2026-08-26 00:00:00-04:00,93.66999816894531,94.30999755859375,93.66999816894531,93.75,55600,0.153,0.0,0.0
2026-08-27 00:00:00-04:00,93.54000091552734,93.5999984741211,92.29000091552734,93.19999694824219,141500,0.0,0.0,0.0
2026-08-28 00:00:00-04:00,93.4000015258789,93.68000030517578,92.7699966430664,93.31999969482422,55100,0.0,0.0,0.0
2026-08-31 00:00:00-04:00,93.12999725341797,93.5,92.56999969482422,92.68000030517578,56400,0.0,0.0,0.0
2026-09-01 00:00:00-04:00,92.38999938964844,92.80000305175781,91.38999938964844,91.94000244140625,62500,0.0,0.0,0.0
2026-09-02 00:00:00-04:00,92.0999984741211,93.43000030517578,92.0999984741211,93.41000366210938,61000,0.0,0.0,0.0
2026-09-03 00:00:00-04:00,93.58999633789062,94.94999694824219,93.58999633789062,94.77999877929688,137200,0.0,0.0,0.0
2026-09-04 00:00:00-04:00,94.69000244140625,95.05000305175781,94.30999755859375,94.45999908447266,94300,0.0,0.0,0.0
2026-09-08 00:00:00-04:00,93.8499984741211,94.08000183105469,93.0,93.02999877929688,91600,0.0,0.0,0.0
2026-09-09 00:00:00-04:00,92.56999969482422,92.56999969482422,91.69000244140625,92.05999755859375,66100,0.0,0.0,0.0
2026-09-10 00:00:00-04:00,91.81999969482422,92.33000183105469,91.81999969482422,92.33000183105469,94100,0.0,0.0,0.0
2026-09-11 00:00:00-04:00,93.12000274658203,93.12999725341797,92.1500015258789,92.94000244140625,140967,0.0,0.0,0.0
