Date,Open,High,Low,Close,Volume,Dividends,Stock Splits,Capital Gains
2019-01-02 00:00:00-05:00,26.152040437157197,26.463839433210655,26.035118043788852,26.40927505493164,150300,0.0,0.0,0.0
2019-01-03 00:00:00-05:00,26.346919455242197,26.346919455242197,26.07409750804478,26.136455535888672,237400,0.0,0.0,0.0
2019-01-04 00:00:00-05:00,26.424868648839578,26.588561804408624,26.31573690492424,26.56517791748047,457300,0.0,0.0,0.0
2019-01-07 00:00:00-05:00,26.635315763760325,26.635315763760325,26.409264702446425,26.54957389831543,129800,0.0,0.0,0.0
2019-01-08 00:00:00-05:00,26.72107252190147,26.806817399128033,26.471634500989158,26.682098388671875,149200,0.0,0.0,0.0
2019-01-09 00:00:00-05:00,26.814617477370916,27.126413557062676,26.79123061558033,27.118619918823242,236300,0.0,0.0,0.0
2019-01-10 00:00:00-05:00,27.048457450557795,27.32907592252247,26.94712234156271,27.297895431518555,1354000,0.0,0.0,0.0
2019-01-11 00:00:00-05:00,27.25892235811424,27.360254497490622,27.141996999097923,27.352460861206055,626100,0.0,0.0,0.0
2019-01-14 00:00:00-05:00,27.297894791933704,27.445997660429356,27.25892066585961,27.34466552734375,612700,0.0,0.0,0.0
2019-01-15 00:00:00-05:00,27.36025153428856,27.555125129186727,27.20435503719809,27.500560760498047,668300,0.0,0.0,0.0
2019-01-16 00:00:00-05:00,27.65647774731712,27.827967570971584,27.617503598360276,27.77340316772461,567200,0.0,0.0,0.0
2019-01-17 00:00:00-05:00,27.78118405464919,28.069596192773407,27.7500035603829,28.015031814575195,692500,0.0,0.0,0.0
2019-01-18 00:00:00-05:00,28.241098817411995,28.303459834385112,28.14756026548928,28.256689071655273,666900,0.0,0.0,0.0
2019-01-21 00:00:00-05:00,28.319026532308296,28.350204041323842,28.163127093092665,28.334613800048828,52200,0.0,0.0,0.0
2019-01-22 00:00:00-05:00,28.280063210290788,28.3112437080208,28.06959931091708,28.26447296142578,1698400,0.0,0.0,0.0
2019-01-23 00:00:00-05:00,28.319042680028403,28.412581207480326,28.100782151259015,28.194320678710938,1189200,0.0,0.0,0.0
2019-01-24 00:00:00-05:00,28.147548447190122,28.264470844617126,28.05400993454138,28.241086959838867,1890900,0.0,0.0,0.0
2019-01-25 00:00:00-05:00,28.355979331405837,28.355979331405837,28.160582554355866,28.270004272460938,110300,0.097,0.0,0.0
2019-01-28 00:00:00-05:00,28.168411682108978,28.332544326782227,28.15277957573256,28.332544326782227,173100,0.0,0.0,0.0
2019-01-29 00:00:00-05:00,28.371603170208196,28.543553238030178,28.34033897941923,28.51228904724121,146900,0.0,0.0,0.0
2019-01-30 00:00:00-05:00,28.543557740015515,28.559189837875547,28.43413603651311,28.520111083984375,116100,0.0,0.0,0.0
2019-01-31 00:00:00-05:00,28.488837157885182,28.606073379516598,28.46538752834547,28.6060733795166,1411800,0.0,0.0,0.0
2019-02-01 00:00:00-05:00,28.613892497369914,28.67641788939099,28.481021194360075,28.504470825195312,97400,0.0,0.0,0.0
2019-02-04 00:00:00-05:00,28.606073379516598,28.668601749600118,28.520101342926942,28.6060733795166,70100,0.0,0.0,0.0
2019-02-05 00:00:00-05:00,28.660782201812015,28.79365348815918,28.621703464009876,28.79365348815918,108800,0.0,0.0,0.0
2019-02-06 00:00:00-05:00,28.762397536053808,28.934347609408913,28.762397536053808,28.879636764526367,150700,0.0,0.0,0.0
2019-02-07 00:00:00-05:00,28.871823419630473,28.92653427246011,28.676426664805234,28.903087615966797,919300,0.0,0.0,0.0
2019-02-08 00:00:00-05:00,28.80928557958335,28.87962850023383,28.61388890905608,28.79365348815918,81400,0.0,0.0,0.0
2019-02-11 00:00:00-05:00,28.887440788594066,28.887440788594066,28.582622483531118,28.66077995300293,87300,0.0,0.0,0.0
2019-02-12 00:00:00-05:00,28.738968667069553,28.895286741259117,28.738968667069553,28.856204986572266,1162300,0.0,0.0,0.0
2019-02-13 00:00:00-05:00,28.934334665717984,28.973413397221268,28.824913024902344,28.824913024902344,335700,0.0,0.0,0.0
2019-02-14 00:00:00-05:00,28.80930519104004,28.856198515717825,28.746776782778177,28.80930519104004,711800,0.0,0.0,0.0
2019-02-15 00:00:00-05:00,28.89528824605544,29.18447476037873,28.86402403328551,29.121946334838867,101800,0.0,0.0,0.0
2019-02-19 00:00:00-05:00,29.153177516887162,29.2547846025083,29.051570431266025,29.21570587158203,68200,0.0,0.0,0.0
2019-02-20 00:00:00-05:00,29.239168072594097,29.512722316157827,29.239168072594097,29.497093200683594,164700,0.0,0.0,0.0
2019-02-21 00:00:00-05:00,29.49710047091312,29.504915030576317,29.348597003647072,29.442386627197266,392100,0.0,0.0,0.0
2019-02-22 00:00:00-05:00,29.408687165130463,29.494884171339454,29.369507523003218,29.41652488708496,351700,0.097,0.0,0.0
2019-02-25 00:00:00-05:00,29.526215072524227,29.635919214119316,29.526215072524227,29.557559967041016,447700,0.0,0.0,0.0
2019-02-26 00:00:00-05:00,29.471363423309572,29.651592085538734,29.44785624669255,29.54972267150879,375100,0.0,0.0,0.0
2019-02-27 00:00:00-05:00,29.518392482918,29.651606858281923,29.455705650970128,29.64377212524414,281100,0.0,0.0,0.0
2019-02-28 00:00:00-05:00,29.393011784885104,29.57324350131873,29.36166986783189,29.44002914428711,1638400,0.0,0.0,0.0
2019-03-01 00:00:00-05:00,29.596749466286607,29.65160155538694,29.487045288085938,29.487045288085938,248100,0.0,0.0,0.0
2019-03-04 00:00:00-05:00,29.588901872344135,29.714278461197612,29.48703544898508,29.557559967041016,778900,0.0,0.0,0.0
2019-03-05 00:00:00-05:00,29.573249218964364,29.596756408602815,29.471379748505463,29.588918685913086,1309400,0.0,0.0,0.0
2019-03-06 00:00:00-05:00,29.604585647583008,29.690782645879995,29.565406009052055,29.604585647583008,1014000,0.0,0.0,0.0
2019-03-07 00:00:00-05:00,29.54190559421274,29.565412784875743,29.33033191059919,29.432201385498047,287600,0.0,0.0,0.0
2019-03-08 00:00:00-05:00,29.236297583889293,29.400853882468848,29.204952672955503,29.385181427001953,774500,0.0,0.0,0.0
2019-03-11 00:00:00-04:00,29.40085363168991,29.581082384199075,29.40085363168991,29.51839256286621,322400,0.0,0.0,0.0
2019-03-12 00:00:00-04:00,29.573243171822885,29.596750356654585,29.408683910356732,29.51055335998535,412000,0.0,0.0,0.0
2019-03-13 00:00:00-04:00,29.581091511124278,29.63594362710695,29.455714818990142,29.5262393951416,548100,0.0,0.0,0.0
2019-03-14 00:00:00-04:00,29.54190559421274,29.549740328028577,29.416528928650877,29.432201385498047,191800,0.0,0.0,0.0
2019-03-15 00:00:00-04:00,29.612429546880612,29.698626563160946,29.534067264255114,29.635936737060547,247600,0.0,0.0,0.0
2019-03-18 00:00:00-04:00,29.69078826613793,29.88668948509024,29.69078826613793,29.878854751586914,306200,0.0,0.0,0.0
2019-03-19 00:00:00-04:00,29.91019365066885,29.95721101458113,29.82399963398562,29.839672088623047,156600,0.0,0.0,0.0
2019-03-20 00:00:00-04:00,29.808320943693662,29.808320943693662,29.604582065242685,29.620254516601562,272900,0.0,0.0,0.0
2019-03-21 00:00:00-04:00,29.494870178007442,29.573232414299408,29.432183378187535,29.557559967041016,436100,0.0,0.0,0.0
2019-03-22 00:00:00-04:00,29.416517320204463,29.416517320204463,29.142253917433,29.18143653869629,4293800,0.0,0.0,0.0
2019-03-25 00:00:00-04:00,29.11623881493849,29.186947553174495,28.959107952522714,29.124094009399414,190900,0.097,0.0,0.0
2019-03-26 00:00:00-04:00,29.241924292254158,29.36762830276866,29.100506905797836,29.19478416442871,71700,0.0,0.0,0.0
2019-03-27 00:00:00-04:00,29.13193747668469,29.24192812567642,29.053370586676017,29.147647857666016,170800,0.0,0.0,0.0
2019-03-28 00:00:00-04:00,29.11624185391345,29.226232569978073,29.100528466329614,29.179092407226562,28100,0.0,0.0,0.0
2019-03-29 00:00:00-04:00,29.296930157804756,29.296930157804756,29.02980866465771,29.061235427856445,119200,0.0,0.0,0.0
2019-04-01 00:00:00-04:00,29.218373031077633,29.50120800050711,29.186949254380433,29.48549461364746,165000,0.0,0.0,0.0
2019-04-02 00:00:00-04:00,29.50905533916776,29.571905866468153,29.461915195926718,29.564050674438477,85800,0.0,0.0,0.0
2019-04-03 00:00:00-04:00,29.681918581458895,29.75262735032462,29.62692320534369,29.658349990844727,101600,0.0,0.0,0.0
2019-04-04 00:00:00-04:00,29.681904451993216,29.78403995774045,29.681904451993216,29.71333122253418,44400,0.0,0.0,0.0
2019-04-05 00:00:00-04:00,29.768337332136593,29.776195526123047,29.681915180422838,29.776195526123047,48300,0.0,0.0,0.0
2019-04-08 00:00:00-04:00,29.72118049688996,29.744749069213867,29.619045021784867,29.744749069213867,99100,0.0,0.0,0.0
2019-04-09 00:00:00-04:00,29.60334903391782,29.65048920328253,29.532640278382082,29.619062423706055,92700,0.0,0.0,0.0
2019-04-10 00:00:00-04:00,29.666191066722735,29.721189413680317,29.6033405226626,29.71333122253418,48200,0.0,0.0,0.0
2019-04-11 00:00:00-04:00,29.752605329034914,29.917594332287702,29.752605329034914,29.791887283325195,131600,0.0,0.0,0.0
2019-04-12 00:00:00-04:00,29.917592807426928,30.019725283971898,29.878307858117946,29.949016571044922,176000,0.0,0.0,0.0
2019-04-15 00:00:00-04:00,29.94901631911157,30.129715695733598,29.941161127528364,30.12186050415039,165200,0.0,0.0,0.0
2019-04-16 00:00:00-04:00,30.161147816118298,30.349705414853386,30.114010664200546,30.28685188293457,172600,0.0,0.0,0.0
2019-04-17 00:00:00-04:00,30.326118462093863,30.436112087168926,30.326118462093863,30.420398712158203,260400,0.0,0.0,0.0
2019-04-18 00:00:00-04:00,30.4046869556143,30.56967290647948,30.4046869556143,30.538246154785156,285000,0.0,0.0,0.0
2019-04-22 00:00:00-04:00,30.506832897855396,30.53825666334299,30.365415463587627,30.40469741821289,69800,0.0,0.0,0.0
2019-04-23 00:00:00-04:00,30.436113707308618,30.546104341218737,30.4046869556143,30.538246154785156,194200,0.0,0.0,0.0
2019-04-24 00:00:00-04:00,30.478411137740395,30.49416261481137,30.313025134925738,30.336650848388672,225300,0.094,0.0,0.0
2019-04-25 00:00:00-04:00,30.29726237718377,30.439022613753476,30.187005083026428,30.383893966674805,189700,0.0,0.0,0.0
2019-04-26 00:00:00-04:00,30.33663977385841,30.509902954101562,30.289385359895924,30.509902954101562,233300,0.0,0.0,0.0
2019-04-29 00:00:00-04:00,30.494167391171974,30.722556333756476,30.494167391171974,30.651676177978516,356800,0.0,0.0,0.0
2019-04-30 00:00:00-04:00,30.604412871565916,30.730421654702255,30.604412871565916,30.714670181274414,425000,0.0,0.0,0.0
2019-05-01 00:00:00-04:00,30.714677680111464,30.83281225751904,30.60442034348418,30.667423248291016,258400,0.0,0.0,0.0
2019-05-02 00:00:00-04:00,30.698926159714592,30.754054827950792,30.580794586760057,30.588668823242188,115400,0.0,0.0,0.0
2019-05-03 00:00:00-04:00,30.651683919202164,30.722564092881235,30.549303782778843,30.698938369750977,95800,0.0,0.0,0.0
2019-05-06 00:00:00-04:00,30.328759019053255,30.683159571959784,30.320884786448943,30.67528533935547,249100,0.0,0.0,0.0
2019-05-07 00:00:00-04:00,30.446908929780204,30.494163362151227,30.320900114411277,30.40753173828125,278900,0.0,0.0,0.0
2019-05-08 00:00:00-04:00,30.383910430241965,30.486290542128057,30.344530228745313,30.39178466796875,147900,0.0,0.0,0.0
2019-05-09 00:00:00-04:00,30.257896513699727,30.320902428336023,30.084636257024645,30.226396560668945,206800,0.0,0.0,0.0
2019-05-10 00:00:00-04:00,30.147626289909937,30.265760827248513,29.903485985696467,30.16337776184082,370200,0.0,0.0,0.0
2019-05-13 00:00:00-04:00,29.85623099093967,29.871982462565104,29.76172516547309,29.864105224609375,350200,0.0,0.0,0.0
2019-05-14 00:00:00-04:00,29.90349775395396,30.124012439195756,29.864117556485983,30.021629333496094,178500,0.0,0.0,0.0
2019-05-15 00:00:00-04:00,29.92712607058761,30.037383422793248,29.84049443548675,30.013757705688477,668000,0.0,0.0,0.0
2019-05-16 00:00:00-04:00,30.09250772384084,30.194890823555568,30.05313053296197,30.108259201049805,227800,0.0,0.0,0.0
2019-05-17 00:00:00-04:00,30.0058804637952,30.068886381791295,29.942877550086635,30.013757705688477,377400,0.0,0.0,0.0
2019-05-21 00:00:00-04:00,30.037379185991824,30.179139477200078,29.95862480389262,30.155513763427734,256600,0.0,0.0,0.0
2019-05-22 00:00:00-04:00,30.0609899232101,30.0609899232101,29.911355470055494,30.005861282348633,283200,0.0,0.0,0.0
2019-05-23 00:00:00-04:00,29.77748976895778,29.816866963243676,29.501843400381798,29.698732376098633,681500,0.0,0.0,0.0
2019-05-24 00:00:00-04:00,29.788743937177593,30.00980972144456,29.788743937177593,29.915067672729492,376500,0.094,0.0,0.0
2019-05-27 00:00:00-04:00,29.96241446770275,30.09663200378418,29.96241446770275,30.09663200378418,99000,0.0,0.0,0.0
2019-05-28 00:00:00-04:00,29.99400748249435,30.001901394514082,29.843996047973633,29.843996047973633,306300,0.0,0.0,0.0
2019-05-29 00:00:00-04:00,29.75714821816453,29.75714821816453,29.543976450231582,29.638721466064453,403800,0.0,0.0,0.0
2019-05-30 00:00:00-04:00,29.63871377994276,29.709771017493342,29.43343597733298,29.51239013671875,328600,0.0,0.0,0.0
2019-05-31 00:00:00-04:00,29.291329320726295,29.299226244669345,29.15711173163472,29.220272064208984,174500,0.0,0.0,0.0
2019-06-03 00:00:00-04:00,29.180813306361024,29.370300436935523,29.165022461163502,29.259767532348633,489000,0.0,0.0,0.0
2019-06-04 00:00:00-04:00,29.46503346503133,29.654520537526363,29.338709753966253,29.646623611450195,330000,0.0,0.0,0.0
2019-06-05 00:00:00-04:00,29.74926617447006,29.74926617447006,29.53609432149274,29.741369247436523,370500,0.0,0.0,0.0
2019-06-06 00:00:00-04:00,29.741355500310615,29.81241275179212,29.63082266729356,29.765043258666992,320400,0.0,0.0,0.0
2019-06-07 00:00:00-04:00,29.757156471049772,29.89137710814091,29.74136563069818,29.772947311401367,406300,0.0,0.0,0.0
2019-06-10 00:00:00-04:00,29.891371567957165,29.915056318197315,29.79662955520229,29.804523468017578,388000,0.0,0.0,0.0
2019-06-11 00:00:00-04:00,29.922953242806887,29.962428830471893,29.725572292687563,29.804523468017578,372000,0.0,0.0,0.0
2019-06-12 00:00:00-04:00,29.725570452778175,29.74135827743154,29.543977339529413,29.567665100097656,338400,0.0,0.0,0.0
2019-06-13 00:00:00-04:00,29.60713587815255,29.70187786966043,29.567660299340403,29.622926712036133,272300,0.0,0.0,0.0
2019-06-14 00:00:00-04:00,29.61504032035579,29.86769074054239,29.496613541806582,29.8203182220459,207800,0.0,0.0,0.0
2019-06-17 00:00:00-04:00,29.780842629196165,29.97032667959277,29.780842629196165,29.8203182220459,142800,0.0,0.0,0.0
2019-06-18 00:00:00-04:00,29.90716005613001,30.246655504610914,29.899263132140756,30.191389083862305,423100,0.0,0.0,0.0
2019-06-19 00:00:00-04:00,30.226198851799765,30.38449324950869,30.202455748868505,30.210369110107422,242700,0.094,0.0,0.0
2019-06-20 00:00:00-04:00,30.297446399659187,30.297446399659187,30.06792257785573,30.25787353515625,216400,0.0,0.0,0.0
2019-06-21 00:00:00-04:00,30.234114833444806,30.28160103868095,30.147052764892578,30.147052764892578,192800,0.0,0.0,0.0
2019-06-24 00:00:00-04:00,30.147076225427632,30.313284111526503,30.147076225427632,30.178735733032227,145100,0.0,0.0,0.0
2019-06-25 00:00:00-04:00,30.12333485874552,30.12333485874552,29.996699840168628,30.020442962646484,160100,0.0,0.0,0.0
2019-06-26 00:00:00-04:00,30.05209130973198,30.075834423390837,29.885880456472332,29.941286087036133,146800,0.0,0.0,0.0
2019-06-27 00:00:00-04:00,29.917546427584544,30.028351674255926,29.830484299709447,29.877973556518555,184400,0.0,0.0,0.0
2019-06-28 00:00:00-04:00,29.949198352594063,30.03626045843552,29.91753885606703,29.980857849121094,68100,0.0,0.0,0.0
2019-07-02 00:00:00-04:00,30.27370812050652,30.305367624852344,30.194562378858468,30.26579475402832,138400,0.0,0.0,0.0
2019-07-03 00:00:00-04:00,30.321194196003297,30.455742546532708,30.3132778111391,30.439912796020508,51900,0.0,0.0,0.0
2019-07-04 00:00:00-04:00,30.47157859802246,30.48740835180797,30.447835476952605,30.47157859802246,36400,0.0,0.0,0.0
2019-07-05 00:00:00-04:00,30.424062446570723,30.49529476603892,30.408232706776218,30.463638305664062,131400,0.0,0.0,0.0
2019-07-08 00:00:00-04:00,30.360775215601006,30.376604970364045,30.305372583538865,30.368688583374023,81600,0.0,0.0,0.0
2019-07-09 00:00:00-04:00,30.273684447344145,30.479465026244416,30.273684447344145,30.463638305664062,120200,0.0,0.0,0.0
2019-07-10 00:00:00-04:00,30.55071730822815,30.629866058918225,30.29744734445216,30.35284996032715,69500,0.0,0.0,0.0
2019-07-11 00:00:00-04:00,30.376598222171385,30.376598222171385,30.289536099924103,30.321195602416992,33200,0.0,0.0,0.0
2019-07-12 00:00:00-04:00,30.297431179808058,30.321177301953828,30.210369110107422,30.210369110107422,25200,0.0,0.0,0.0
2019-07-15 00:00:00-04:00,30.24202859349211,30.257858335184455,30.139139801313643,30.210369110107422,77400,0.0,0.0,0.0
2019-07-16 00:00:00-04:00,30.21830243733743,30.26579168904699,30.139156703704373,30.202472686767578,35700,0.0,0.0,0.0
2019-07-17 00:00:00-04:00,30.19455197648397,30.273697690865404,30.099573496167686,30.123319625854492,250200,0.0,0.0,0.0
2019-07-18 00:00:00-04:00,30.07582797925845,30.242035777690063,30.07582797925845,30.194549560546875,137600,0.0,0.0,0.0
2019-07-19 00:00:00-04:00,30.218314558394514,30.337036225681494,30.178741675704657,30.186655044555664,266300,0.0,0.0,0.0
2019-07-22 00:00:00-04:00,30.17871981509407,30.242035777690063,30.13914696106967,30.194549560546875,239800,0.0,0.0,0.0
2019-07-23 00:00:00-04:00,30.265799930761627,30.38451856353962,30.265799930761627,30.337032318115234,72300,0.0,0.0,0.0
2019-07-24 00:00:00-04:00,30.29743405483012,30.511131059133394,30.2736909496458,30.503217697143555,58600,0.0,0.0,0.0
2019-07-25 00:00:00-04:00,30.482592071736793,30.482592071736793,30.331807102844103,30.387359619140625,45900,0.104,0.0,0.0
2019-07-26 00:00:00-04:00,30.458789825439453,30.530214933715687,30.403237299823004,30.458789825439453,50700,0.0,0.0,0.0
2019-07-29 00:00:00-04:00,30.474652661492755,30.569885099607994,30.450842281425476,30.46671485900879,36000,0.0,0.0,0.0
2019-07-30 00:00:00-04:00,30.363542207077135,30.363542207077135,30.196884696764478,30.315927505493164,88700,0.0,0.0,0.0
2019-07-31 00:00:00-04:00,30.236564623879246,30.315927505493164,30.10958704068136,30.315927505493164,356300,0.0,0.0,0.0
2019-08-01 00:00:00-04:00,30.300070265454572,30.347688018524497,29.94294468589492,29.990562438964844,269700,0.0,0.0,0.0
2019-08-02 00:00:00-04:00,29.950884235501412,29.950884235501412,29.585820828816555,29.75248146057129,248800,0.0,0.0,0.0
2019-08-06 00:00:00-04:00,29.331870227846537,29.42710575481948,29.069980097137385,29.379487991333008,296000,0.0,0.0,0.0
2019-08-07 00:00:00-04:00,29.16518833041229,29.546121039196894,29.09376325830367,29.506441116333008,503000,0.0,0.0,0.0
2019-08-08 00:00:00-04:00,29.64930948384634,29.82390488461953,29.56201178345975,29.696924209594727,242600,0.0,0.0,0.0
2019-08-09 00:00:00-04:00,29.688977473154097,29.736595207109218,29.56199987665847,29.625490188598633,123800,0.0,0.0,0.0
2019-08-12 00:00:00-04:00,29.46676408255991,29.53025135988997,29.284233997582493,29.37152862548828,329300,0.0,0.0,0.0
2019-08-13 00:00:00-04:00,29.27630747751108,29.68898553502841,29.27630747751108,29.562007904052734,647900,0.0,0.0,0.0
2019-08-14 00:00:00-04:00,29.292173527522213,29.37947119698501,28.95092065274119,28.9906005859375,383800,0.0,0.0,0.0
2019-08-15 00:00:00-04:00,28.966804931119675,29.038230050675413,28.79220952167541,28.9033145904541,383400,0.0,0.0,0.0
2019-08-16 00:00:00-04:00,29.165205373255727,29.260437849255467,28.99854778340972,29.18107795715332,262900,0.0,0.0,0.0
2019-08-19 00:00:00-04:00,29.395345078246994,29.522322686532476,29.300109601494142,29.46677017211914,158600,0.0,0.0,0.0
2019-08-20 00:00:00-04:00,29.41123283100728,29.41123283100728,29.10965972047784,29.14933967590332,251500,0.0,0.0,0.0
2019-08-21 00:00:00-04:00,29.20488158760009,29.371539156151126,29.165201646619195,29.31598663330078,368200,0.0,0.0,0.0
2019-08-22 00:00:00-04:00,29.379485346139305,29.490590423551104,29.300122414140656,29.347740173339844,261900,0.0,0.0,0.0
2019-08-23 00:00:00-04:00,29.244565081411096,29.4270982813924,28.84775956862459,28.942995071411133,620000,0.0,0.0,0.0
2019-08-26 00:00:00-04:00,29.121268115839037,29.200854952786592,28.98596684977632,29.049638748168945,189800,0.104,0.0,0.0
2019-08-27 00:00:00-04:00,29.09739537599898,29.12922829211032,28.858628770881165,28.98596954345703,343300,0.0,0.0,0.0
2019-08-28 00:00:00-04:00,28.954144866409543,29.22474446463933,28.946184358083876,29.16903305053711,269900,0.0,0.0,0.0
2019-08-29 00:00:00-04:00,29.31228399996778,29.566965549472386,29.280448047268813,29.447582244873047,332300,0.0,0.0,0.0
2019-08-30 00:00:00-04:00,29.55900002556486,29.574917999212225,29.44757724607632,29.551042556762695,201600,0.0,0.0,0.0
2019-09-03 00:00:00-04:00,29.40778199022495,29.479411349135447,29.256562768056767,29.375946044921875,283700,0.0,0.0,0.0
2019-09-04 00:00:00-04:00,29.519198992237694,29.622664276225546,29.38389776917015,29.471445083618164,169400,0.0,0.0,0.0
2019-09-05 00:00:00-04:00,29.614713925167596,29.964903303002302,29.614713925167596,29.853477478027344,256100,0.0,0.0,0.0
2019-09-06 00:00:00-04:00,29.861429947960914,29.996728144957384,29.805718568486785,29.97285270690918,82100,0.0,0.0,0.0
2019-09-09 00:00:00-04:00,30.03653519021549,30.147957988486937,30.020617213884773,30.139997482299805,221900,0.0,0.0,0.0
2019-09-10 00:00:00-04:00,30.10021605305928,30.35489770374264,30.10021605305928,30.338979721069336,295300,0.0,0.0,0.0
2019-09-11 00:00:00-04:00,30.362838283566262,30.665270647714465,30.33895980720726,30.585683822631836,276100,0.0,0.0,0.0
2019-09-12 00:00:00-04:00,30.56976312608852,30.89607393751554,30.51405174628702,30.83240509033203,367100,0.0,0.0,0.0
2019-09-13 00:00:00-04:00,30.91200321614892,31.16668477013223,30.91200321614892,31.103015899658203,390800,0.0,0.0,0.0
2019-09-16 00:00:00-04:00,30.94383275504408,31.063213000952832,30.840367446422114,30.999544143676758,223600,0.0,0.0,0.0
2019-09-17 00:00:00-04:00,30.943852772417358,31.238327879404512,30.943852772417358,31.158740997314453,230000,0.0,0.0,0.0
2019-09-18 00:00:00-04:00,31.13483124442099,31.254214483740018,31.13483124442099,31.23033905029297,301200,0.0,0.0,0.0
2019-09-19 00:00:00-04:00,31.238322716517466,31.477086359371132,31.238322716517466,31.365663528442383,297800,0.0,0.0,0.0
2019-09-20 00:00:00-04:00,31.413397961259292,31.58053210384907,31.413397961259292,31.485027313232422,539000,0.0,0.0,0.0
2019-09-23 00:00:00-04:00,31.413417471430893,31.413417471430893,31.27811615098567,31.365663528442383,226200,0.0,0.0,0.0
2019-09-24 00:00:00-04:00,31.416725230370094,31.52844284470415,31.16935138265231,31.225210189819336,749200,0.104,0.0,0.0
2019-09-25 00:00:00-04:00,31.217229425232794,31.40874751479574,31.20126933076282,31.36884880065918,353300,0.0,0.0,0.0
2019-09-26 00:00:00-04:00,31.38479458808372,31.488530588734417,31.344892848059974,31.46459197998047,240200,0.0,0.0,0.0
2019-09-27 00:00:00-04:00,31.528432929220084,31.62419346345609,31.44863552809914,31.52045440673828,374400,0.0,0.0,0.0
2019-09-30 00:00:00-04:00,31.520456216948652,31.640155369580086,31.520456216948652,31.568336486816406,262500,0.0,0.0,0.0
2019-10-01 00:00:00-04:00,31.584306333370886,31.61622347906623,31.017733619183453,31.105512619018555,460100,0.0,0.0,0.0
2019-10-02 00:00:00-04:00,30.94589714643164,30.94589714643164,30.443168141261715,30.61074447631836,436000,0.0,0.0,0.0
2019-10-03 00:00:00-04:00,30.570844569041377,30.58680465423284,30.235688868170584,30.57882308959961,683800,0.0,0.0,0.0
2019-10-04 00:00:00-04:00,30.626715967971155,30.81823098105164,30.578835692662906,30.802270889282227,285200,0.0,0.0,0.0
2019-10-07 00:00:00-04:00,30.770357046587655,30.86611456338746,30.71449824144805,30.778335571289062,267700,0.0,0.0,0.0
2019-10-08 00:00:00-04:00,30.61074273207849,30.666601507247798,30.50700370216051,30.55488395690918,608200,0.0,0.0,0.0
2019-10-09 00:00:00-04:00,30.69853174164786,30.874086645132408,30.57883258757008,30.81024932861328,259600,0.0,0.0,0.0
2019-10-10 00:00:00-04:00,30.79429406191172,31.041670931851428,30.79429406191172,30.898033142089844,327600,0.0,0.0,0.0
2019-10-11 00:00:00-04:00,31.065604898004555,31.312981730909872,31.05762333083692,31.12944221496582,424000,0.0,0.0,0.0
2019-10-15 00:00:00-04:00,31.185302293748343,31.448636157982346,31.185302293748343,31.30499839782715,252700,0.0,0.0,0.0
2019-10-16 00:00:00-04:00,31.30500523584809,31.40874431730364,31.30500523584809,31.34490394592285,110700,0.0,0.0,0.0
2019-10-17 00:00:00-04:00,31.37683095042628,31.424711239367216,31.177334312621397,31.241174697875977,356700,0.0,0.0,0.0
2019-10-18 00:00:00-04:00,31.30499839782715,31.38479884462214,31.24913960710855,31.30499839782715,283700,0.0,0.0,0.0
2019-10-21 00:00:00-04:00,31.352903143820566,31.464620812478262,31.352903143820566,31.408761978149414,163000,0.0,0.0,0.0
2019-10-22 00:00:00-04:00,31.46460421683642,31.560361733168513,31.424705505371094,31.424705505371094,153400,0.0,0.0,0.0
2019-10-23 00:00:00-04:00,31.400751196009494,31.464591543902404,31.36085250061409,31.392772674560547,141700,0.0,0.0,0.0
2019-10-24 00:00:00-04:00,31.448646228932294,31.480566417872247,31.273088233839328,31.36884880065918,170600,0.0,0.0,0.0
2019-10-25 00:00:00-04:00,31.304844648539824,31.480847317338803,31.296842723870736,31.43284797668457,160200,0.1,0.0,0.0
2019-10-28 00:00:00-04:00,31.49684460106718,31.576848579632497,31.49684460106718,31.52084732055664,90000,0.0,0.0,0.0
2019-10-29 00:00:00-04:00,31.464848959644037,31.664854346719814,31.432847365270312,31.568849563598633,112000,0.0,0.0,0.0
2019-10-30 00:00:00-04:00,31.54484624897142,31.728850817600005,31.448844528782523,31.704851150512695,270800,0.0,0.0,0.0
2019-10-31 00:00:00-04:00,31.656847046911352,31.696847507166474,31.504844077206094,31.640846252441406,154400,0.0,0.0,0.0
2019-11-01 00:00:00-04:00,31.76084374099528,31.824843853042875,31.704842498514076,31.800844192504883,195300,0.0,0.0,0.0
2019-11-04 00:00:00-05:00,31.944859451033203,32.08086164418087,31.920859782087117,32.02486038208008,206500,0.0,0.0,0.0
2019-11-05 00:00:00-05:00,32.04885769493339,32.192861787990395,32.04885769493339,32.112857818603516,140400,0.0,0.0,0.0
2019-11-06 00:00:00-05:00,32.120849538748644,32.30485403213309,32.07284717236376,32.296852111816406,176300,0.0,0.0,0.0
2019-11-07 00:00:00-05:00,32.3768715106219,32.584875760568686,32.3768715106219,32.4328727722168,200300,0.0,0.0,0.0
2019-11-08 00:00:00-05:00,32.46487155000714,32.48887121665537,32.36886677973499,32.48086929321289,148200,0.0,0.0,0.0
2019-11-11 00:00:00-05:00,32.368854825489954,32.48085729760386,32.368854825489954,32.47285842895508,50700,0.0,0.0,0.0
2019-11-12 00:00:00-05:00,32.48887493387732,32.568875866417834,32.456873340125135,32.512874603271484,49500,0.0,0.0,0.0
2019-11-13 00:00:00-05:00,32.4088652920087,32.54487051579361,32.37686675568232,32.49686813354492,85600,0.0,0.0,0.0
2019-11-14 00:00:00-05:00,32.50487563248349,32.54487609863281,32.43287357267873,32.54487609863281,78100,0.0,0.0,0.0
2019-11-15 00:00:00-05:00,32.56088246459179,32.616883737147155,32.49687926633398,32.5928840637207,53100,0.0,0.0,0.0
2019-11-18 00:00:00-05:00,32.54487078595961,32.61687283401065,32.520871120555746,32.60087203979492,35900,0.0,0.0,0.0
2019-11-19 00:00:00-05:00,32.63286395662028,32.67286440438468,32.53685921977946,32.64886474609375,77500,0.0,0.0,0.0
2019-11-20 00:00:00-05:00,32.576870514034276,32.65687142870487,32.53686700485971,32.584869384765625,155200,0.0,0.0,0.0
2019-11-21 00:00:00-05:00,32.63287930652143,32.64087817910142,32.464875515781934,32.616878509521484,97700,0.0,0.0,0.0
2019-11-22 00:00:00-05:00,32.60087344573575,32.62487311217462,32.53687026611266,32.576873779296875,20800,0.0,0.0,0.0
2019-11-25 00:00:00-05:00,32.616867352675236,32.74487063305036,32.616867352675236,32.72087097167969,77700,0.0,0.0,0.0
2019-11-26 00:00:00-05:00,32.68079826246449,32.68079826246449,32.440204040494706,32.608619689941406,193500,0.1,0.0,0.0
2019-11-27 00:00:00-05:00,32.63265386522082,32.728893929714616,32.57651535725905,32.66473388671875,121400,0.0,0.0,0.0
2019-11-28 00:00:00-05:00,32.616615433096186,32.71285550224795,32.616615433096186,32.696815490722656,30700,0.0,0.0,0.0
2019-11-29 00:00:00-05:00,32.65671764484107,32.72087463290627,32.608597609302585,32.63265609741211,55400,0.0,0.0,0.0
2019-12-02 00:00:00-05:00,32.640677306740706,32.640677306740706,32.42414173796103,32.44820022583008,138800,0.0,0.0,0.0
2019-12-03 00:00:00-05:00,32.25573637796291,32.25573637796291,31.967022195193852,32.14345932006836,261800,0.0,0.0,0.0
2019-12-04 00:00:00-05:00,32.01513446317623,32.13543304135679,32.00711598564683,32.0391960144043,134900,0.0,0.0,0.0
2019-12-05 00:00:00-05:00,31.950969028502353,31.950969028502353,31.670276499289603,31.798593521118164,274200,0.0,0.0,0.0
2019-12-06 00:00:00-05:00,31.975039650020427,32.079298225864164,31.95899963378906,31.958999633789062,144200,0.0,0.0,0.0
2019-12-09 00:00:00-05:00,31.902851722367576,31.91087325778385,31.742457725874612,31.822654724121094,149100,0.0,0.0,0.0
2019-12-10 00:00:00-05:00,31.774532299956753,31.846710816678105,31.630175266514048,31.76651382446289,230700,0.0,0.0,0.0
2019-12-11 00:00:00-05:00,31.742439270019528,31.87075622819881,31.694319263458198,31.74243927001953,123600,0.0,0.0,0.0
2019-12-12 00:00:00-05:00,31.70235918172746,31.942956317981906,31.70235918172746,31.806617736816406,284400,0.0,0.0,0.0
2019-12-13 00:00:00-05:00,31.846701651969727,32.023138655251884,31.766504682833258,31.950960159301758,393100,0.0,0.0,0.0
2019-12-16 00:00:00-05:00,32.03919761948607,32.183554696806695,32.03919761948607,32.08731460571289,129800,0.0,0.0,0.0
2019-12-17 00:00:00-05:00,32.07928786734061,32.19156488538522,31.95097083824402,32.15948486328125,265100,0.0,0.0,0.0
2019-12-18 00:00:00-05:00,32.14343687261263,32.14343687261263,31.926901386753983,31.991058349609375,157900,0.0,0.0,0.0
2019-12-19 00:00:00-05:00,32.03116445411071,32.03116445411071,31.926908982253252,31.983047485351562,261900,0.0,0.0,0.0
2019-12-20 00:00:00-05:00,32.007101734420914,32.20759723590422,32.007101734420914,32.151458740234375,200000,0.0,0.0,0.0
2019-12-23 00:00:00-05:00,32.1835356528431,32.1835356528431,31.950960159301754,31.950960159301758,204900,0.0,0.0,0.0
2019-12-24 00:00:00-05:00,31.95899963378906,31.95899963378906,31.830682563258414,31.958999633789062,97800,0.0,0.0,0.0
2019-12-27 00:00:00-05:00,31.97504343812427,32.03118197192468,31.870787909249596,31.94296646118164,79900,0.0,0.0,0.0
2019-12-30 00:00:00-05:00,31.926892135321,31.926892135321,31.798252044971775,31.862573623657227,62900,0.1,0.0,0.0
2019-12-31 00:00:00-05:00,31.758036599289117,31.822358145583927,31.71783716636493,31.790197372436523,99100,0.0,0.0,0.0
2020-01-02 00:00:00-05:00,31.918833722133478,31.959033150428173,31.838431798524304,31.95099449157715,174100,0.0,0.0,0.0
2020-01-03 00:00:00-05:00,31.77411001789966,31.926869056320044,31.717830210743756,31.90275001525879,174400,0.0,0.0,0.0
2020-01-06 00:00:00-05:00,31.75803567410425,31.90275608203139,31.74195528799901,31.89471435546875,79700,0.0,0.0,0.0
2020-01-07 00:00:00-05:00,31.926873689824408,32.047475046672325,31.89471291906231,31.91079330444336,153200,0.0,0.0,0.0
2020-01-08 00:00:00-05:00,31.91882047260809,32.320820722724015,31.91882047260809,32.151981353759766,217100,0.0,0.0,0.0
2020-01-09 00:00:00-05:00,32.31278242367946,32.36906221929696,32.23238359194554,32.2725830078125,77800,0.0,0.0,0.0
2020-01-10 00:00:00-05:00,32.29670729593924,32.312787678304744,32.176109028726984,32.256507873535156,162200,0.0,0.0,0.0
2020-01-13 00:00:00-05:00,32.31278133558548,32.409263610839844,32.2323825065589,32.409263610839844,147400,0.0,0.0,0.0
2020-01-14 00:00:00-05:00,32.425350189208984,32.481629993691044,32.33690962016022,32.425350189208984,124400,0.0,0.0,0.0
2020-01-15 00:00:00-05:00,32.40927095256523,32.521830565508246,32.40122922762963,32.48966979980469,103900,0.0,0.0,0.0
2020-01-16 00:00:00-05:00,32.570069959758854,32.73087072773817,32.56203130151869,32.71479034423828,114000,0.0,0.0,0.0
2020-01-17 00:00:00-05:00,32.779115847112024,32.915794522880695,32.75499680245165,32.87559509277344,79000,0.0,0.0,0.0
2020-01-20 00:00:00-05:00,32.85148444428007,32.99620488326973,32.85148444428007,32.94796371459961,18300,0.0,0.0,0.0
2020-01-21 00:00:00-05:00,32.86756531621554,32.91580341857292,32.795205095658716,32.82736587524414,84200,0.0,0.0,0.0
2020-01-22 00:00:00-05:00,32.843441439131325,33.028364378333826,32.77912295042572,32.92384338378906,89200,0.0,0.0,0.0
2020-01-23 00:00:00-05:00,32.87559573169439,32.988155364990234,32.78715514352766,32.988155364990234,74500,0.0,0.0,0.0
2020-01-24 00:00:00-05:00,32.99620360047073,33.09268286703943,32.86756355603894,32.92384338378906,125200,0.0,0.0,0.0
2020-01-27 00:00:00-05:00,32.5266245055286,32.76833772806987,32.50245410533959,32.74416732788086,132500,0.087,0.0,0.0
2020-01-28 00:00:00-05:00,32.81666879860754,32.93752689950069,32.736098780378214,32.889183044433594,135300,0.0,0.0,0.0
2020-01-29 00:00:00-05:00,32.94557904228692,32.95363788735152,32.824724028257556,32.84083557128906,85600,0.0,0.0,0.0
2020-01-30 00:00:00-05:00,32.663600603936096,32.8247437932209,32.57497169615192,32.768341064453125,177600,0.0,0.0,0.0
2020-01-31 00:00:00-05:00,32.61524900338382,32.61524900338382,32.3251919460527,32.429935455322266,247400,0.0,0.0,0.0
2020-02-03 00:00:00-05:00,32.478289592470595,32.69583245425672,32.478289592470595,32.52663040161133,194400,0.0,0.0,0.0
2020-02-04 00:00:00-05:00,32.82473278878707,32.95364668228662,32.82473278878707,32.87307357788086,287400,0.0,0.0,0.0
2020-02-05 00:00:00-05:00,33.10674301965412,33.2276011834747,33.098687243056446,33.187313079833984,132700,0.0,0.0,0.0
2020-02-06 00:00:00-05:00,33.25981586136287,33.44512939453125,33.25981586136287,33.44512939453125,137900,0.0,0.0,0.0
2020-02-07 00:00:00-05:00,33.3081539253561,33.46123818952326,33.3081539253561,33.40483856201172,192800,0.0,0.0,0.0
2020-02-10 00:00:00-05:00,33.29204984969509,33.41290798894905,33.29204984969509,33.396793365478516,67300,0.0,0.0,0.0
2020-02-11 00:00:00-05:00,33.43706960771844,33.55792771523837,33.43706960771844,33.49346923828125,96800,0.0,0.0,0.0
2020-02-12 00:00:00-05:00,33.590153880167584,33.590153880167584,33.42901383487348,33.49346923828125,77100,0.0,0.0,0.0
2020-02-13 00:00:00-05:00,33.39678620029251,33.501529693603516,33.38067158027932,33.501529693603516,88600,0.0,0.0,0.0
2020-02-14 00:00:00-05:00,33.52570988697536,33.63045341090466,33.509595262251594,33.62239456176758,228500,0.0,0.0,0.0
2020-02-18 00:00:00-05:00,33.52570343017578,33.56598844745141,33.412904152384094,33.52570343017578,126100,0.0,0.0,0.0
2020-02-19 00:00:00-05:00,33.60626782912355,33.60626782912355,33.48541279756345,33.565982818603516,46900,0.0,0.0,0.0
2020-02-20 00:00:00-05:00,33.54182429680103,33.670738220214844,33.54182429680103,33.670738220214844,65500,0.0,0.0,0.0
2020-02-21 00:00:00-05:00,33.65462402745686,33.735194078042994,33.5257101023888,33.57405090332031,113700,0.0,0.0,0.0
2020-02-24 00:00:00-05:00,32.92571729344602,33.127566964112034,32.8611270004233,32.982234954833984,171300,0.087,0.0,0.0
2020-02-25 00:00:00-05:00,33.00644435325445,33.014516981304574,32.22326699324459,32.36859893798828,936600,0.0,0.0,0.0
2020-02-26 00:00:00-05:00,32.360533397789,32.610824961905976,32.086017784255546,32.15060806274414,745700,0.0,0.0,0.0
2020-02-27 00:00:00-05:00,31.641943789696736,31.66616783731027,31.06869163585999,31.512760162353516,1010200,0.0,0.0,0.0
2020-02-28 00:00:00-05:00,30.527738650190056,30.84262357503778,30.15633299628524,30.705364227294922,1195200,0.0,0.0,0.0
2020-03-02 00:00:00-05:00,30.53580627897069,31.14943076841545,30.406622662242377,31.11713409423828,2021600,0.0,0.0,0.0
2020-03-03 00:00:00-05:00,31.33512115185248,31.40778710354625,30.568092346191406,30.568092346191406,2957000,0.0,0.0,0.0
2020-03-04 00:00:00-05:00,31.00409907739203,31.084837683538936,30.689211121466155,31.068689346313477,957700,0.0,0.0,0.0
2020-03-05 00:00:00-05:00,30.576188720981264,30.665003073143833,30.220934392312685,30.430856704711914,1372400,0.0,0.0,0.0
2020-03-06 00:00:00-05:00,29.825291998897903,29.946402975506977,29.429668557937735,29.61536979675293,2716800,0.0,0.0,0.0
2020-03-09 00:00:00-04:00,27.45154420735842,28.15397991732869,26.450368886957538,26.458444595336914,4938800,0.0,0.0,0.0
2020-03-10 00:00:00-04:00,27.67761243657579,27.67761243657579,26.644143609439627,27.451541900634766,6898400,0.0,0.0,0.0
2020-03-11 00:00:00-04:00,26.862146341090586,27.015550935170534,26.22430083731816,26.24852180480957,5364800,0.0,0.0,0.0
2020-03-12 00:00:00-04:00,24.87594560372061,24.87594560372061,22.5748597326094,23.067373275756836,1161300,0.0,0.0,0.0
2020-03-13 00:00:00-04:00,24.81943204152888,26.240453720092773,23.923219129368732,26.240453720092773,5831700,0.0,0.0,0.0
2020-03-16 00:00:00-04:00,22.041975543649972,24.569133379659597,22.041975543649972,23.55181121826172,3754600,0.0,0.0,0.0
2020-03-17 00:00:00-04:00,23.89899952229396,24.722546486438397,23.317671528784636,23.94744300842285,2604400,0.0,0.0,0.0
2020-03-18 00:00:00-04:00,22.050045563979538,23.25306876009665,21.52523701453099,22.381078720092773,4031500,0.0,0.0,0.0
2020-03-19 00:00:00-04:00,22.02583349523247,22.809009552001953,21.49295056341149,22.809009552001953,1842000,0.0,0.0,0.0
2020-03-20 00:00:00-04:00,23.083530335664886,23.785966384247427,21.775543685903997,21.993541717529297,2033200,0.0,0.0,0.0
2020-03-23 00:00:00-04:00,21.767463306329983,21.888574316023718,20.176888780248618,20.225332260131836,4595500,0.0,0.0,0.0
2020-03-24 00:00:00-04:00,21.258801364415294,22.978559404533623,21.258801364415294,22.946264266967773,3257800,0.0,0.0,0.0
2020-03-25 00:00:00-04:00,23.154396914875857,25.63262153242014,23.00861872359937,24.255830764770508,5668200,0.087,0.0,0.0
2020-03-26 00:00:00-04:00,24.450204740190017,25.616427351180317,24.401610972859576,24.911834716796875,3016100,0.0,0.0,0.0
2020-03-27 00:00:00-04:00,24.053374080545822,24.255843554137222,23.49455790091211,23.616039276123047,4277800,0.0,0.0,0.0
2020-03-30 00:00:00-04:00,23.84279809410302,24.304428100585938,23.16250075463798,24.304428100585938,1356400,0.0,0.0,0.0
2020-03-31 00:00:00-04:00,24.23962919582254,25.308667044632884,24.23962919582254,24.984716415405273,1492800,0.0,0.0,0.0
2020-04-01 00:00:00-04:00,24.215338425409456,24.336819748912276,23.769906390992837,23.818498611450195,1449700,0.0,0.0,0.0
2020-04-02 00:00:00-04:00,23.931882829756084,24.50689673784334,23.769908234099173,24.05336570739746,1479500,0.0,0.0,0.0
2020-04-03 00:00:00-04:00,24.093867357376304,24.110065285996296,23.37307652570117,23.616039276123047,918400,0.0,0.0,0.0
2020-04-06 00:00:00-04:00,24.336816172671945,24.89563203233079,24.336816172671945,24.855138778686523,1387200,0.0,0.0,0.0
2020-04-07 00:00:00-04:00,25.640728697864464,26.094261336910265,25.01712247771587,25.090011596679688,2294400,0.0,0.0,0.0
2020-04-08 00:00:00-04:00,25.29247958592229,25.87559250437893,24.96042986056519,25.770307540893555,1363600,0.0,0.0,0.0
2020-04-09 00:00:00-04:00,25.956573456656212,26.523488328901923,25.859389020951593,26.191438674926758,1827700,0.0,0.0,0.0
2020-04-13 00:00:00-04:00,26.16715153033382,26.16715153033382,25.349173262881596,25.454458236694336,774100,0.0,0.0,0.0
2020-04-14 00:00:00-04:00,25.924183378657034,25.980877658980184,25.26818443000595,25.575937271118164,712900,0.0,0.0,0.0
2020-04-15 00:00:00-04:00,25.000927802792408,25.14670450594609,24.70937130704648,24.74986457824707,527500,0.0,0.0,0.0
2020-04-16 00:00:00-04:00,24.87133457055296,24.895631449001385,24.093852996826172,24.093852996826172,844900,0.0,0.0,0.0
2020-04-17 00:00:00-04:00,24.814646659661175,25.251981260889387,24.69316534089293,25.219585418701172,576500,0.0,0.0,0.0
2020-04-20 00:00:00-04:00,24.636482276009666,25.365371973403704,24.46640713794346,25.057619094848633,976600,0.0,0.0,0.0
2020-04-21 00:00:00-04:00,24.52308858110361,24.790348065162018,24.085754037343364,24.093852996826172,600400,0.0,0.0,0.0
2020-04-22 00:00:00-04:00,24.523089177933315,24.547384512254457,24.134346836890348,24.27202606201172,792700,0.0,0.0,0.0
2020-04-23 00:00:00-04:00,24.328723126544258,24.409709648375937,24.061462043511725,24.069561004638672,1064300,0.0,0.0,0.0
2020-04-24 00:00:00-04:00,24.206113815307617,24.254883253453073,23.90536558764692,24.206113815307617,469700,0.108,0.0,0.0
2020-04-27 00:00:00-04:00,24.376813088631636,24.994565128250244,24.295529639932614,24.95392417907715,480300,0.0,0.0,0.0
2020-04-28 00:00:00-04:00,25.25467609566659,25.604193911402557,25.1571371775352,25.295318603515625,1081100,0.0,0.0,0.0
2020-04-29 00:00:00-04:00,25.807398547382984,26.41702213511644,25.79114154629205,26.38450813293457,707300,0.0,0.0,0.0
2020-04-30 00:00:00-04:00,26.1406534854803,26.1406534854803,25.49038909045944,25.52290153503418,1403000,0.0,0.0,0.0
2020-05-01 00:00:00-04:00,25.165260948477798,25.165260948477798,24.799487726180164,24.929540634155273,761900,0.0,0.0,0.0
2020-05-04 00:00:00-04:00,24.750724048890852,25.083984897138034,24.53938763652744,25.01082992553711,1232500,0.0,0.0,0.0
2020-05-05 00:00:00-04:00,25.327838779406004,25.36847974928932,24.775112907012605,24.840139389038086,709000,0.0,0.0,0.0
2020-05-06 00:00:00-04:00,25.06771736227966,25.124615305101237,24.701942657922864,24.88889503479004,972700,0.0,0.0,0.0
2020-05-07 00:00:00-04:00,25.09211683027749,25.3440942389358,24.68570095486249,24.710084915161133,705700,0.0,0.0,0.0
2020-05-08 00:00:00-04:00,25.05959381992397,25.124620274632363,24.856385955166118,25.06772232055664,428900,0.0,0.0,0.0
2020-05-11 00:00:00-04:00,24.937666857959705,25.36846649491411,24.78322846245669,25.32782554626465,443900,0.0,0.0,0.0
2020-05-12 00:00:00-04:00,25.368463942071255,25.482261377473307,24.8076114654541,24.8076114654541,746700,0.0,0.0,0.0
2020-05-13 00:00:00-04:00,24.799488633980317,24.823874136500656,23.79157778510157,23.86473274230957,886800,0.0,0.0,0.0
2020-05-14 00:00:00-04:00,23.66965342309596,24.04355516041115,23.165697222417855,23.840347290039062,2277500,0.0,0.0,0.0
2020-05-15 00:00:00-04:00,23.7428020686666,23.90536895250392,23.563979736727706,23.71841812133789,1003600,0.0,0.0,0.0
2020-05-19 00:00:00-04:00,24.52312081638175,24.531249315567717,24.011037770487494,24.14921760559082,1405700,0.0,0.0,0.0
2020-05-20 00:00:00-04:00,24.41745964654009,24.571896519348797,24.303662179306254,24.47435760498047,718900,0.0,0.0,0.0
2020-05-21 00:00:00-04:00,24.482480626851054,24.612533517137287,24.157346850782723,24.238630294799805,820500,0.0,0.0,0.0
2020-05-22 00:00:00-04:00,24.285939173756788,24.285939173756788,23.829098089449072,24.041202545166016,422200,0.108,0.0,0.0
2020-05-25 00:00:00-04:00,24.130940757065076,24.4490966796875,24.130940757065076,24.4490966796875,83600,0.0,0.0,0.0
2020-05-26 00:00:00-04:00,24.77542513381924,25.754367543624905,24.750950990078397,25.721736907958984,1079200,0.0,0.0,0.0
2020-05-27 00:00:00-04:00,25.9338413790659,26.5538374580648,25.89305113966562,26.537521362304688,2146300,0.0,0.0,0.0
2020-05-28 00:00:00-04:00,26.619091727258063,26.62724821605055,26.08067166366527,26.17041015625,1076100,0.0,0.0,0.0
2020-05-29 00:00:00-04:00,25.97463213519181,26.031736918920494,25.50147621231159,25.632001876831055,1374900,0.0,0.0,0.0
2020-06-01 00:00:00-04:00,25.697254756865348,26.219357212739453,25.656466085995707,26.031726837158203,393700,0.0,0.0,0.0
2020-06-02 00:00:00-04:00,26.178572836014798,26.708834980228886,26.178572836014798,26.58646583557129,473400,0.0,0.0,0.0
2020-06-03 00:00:00-04:00,26.945404647486562,27.540927922842144,26.945404647486562,27.369613647460938,447000,0.0,0.0,0.0
2020-06-04 00:00:00-04:00,27.36145719504794,27.53277147065781,26.978036863179813,27.37777328491211,501600,0.0,0.0,0.0
2020-06-05 00:00:00-04:00,28.17724730929172,28.568824189761912,28.04672168246832,28.226192474365234,838900,0.0,0.0,0.0
2020-06-08 00:00:00-04:00,28.544360481588377,28.683042641714458,28.193572166945795,28.511728286743164,479600,0.0,0.0,0.0
2020-06-09 00:00:00-04:00,28.169087707128522,28.39750988805178,27.899879963294946,28.226192474365234,303600,0.0,0.0,0.0
2020-06-10 00:00:00-04:00,28.193558392829694,28.193558392829694,27.66329637757821,27.736717224121094,981000,0.0,0.0,0.0
2020-06-11 00:00:00-04:00,26.83120360672627,27.100414506207393,26.382521886234652,26.48041534423828,1329200,0.0,0.0,0.0
2020-06-12 00:00:00-04:00,27.084095688151564,27.336987355233056,26.774096138334638,26.986202239990234,4549500,0.0,0.0,0.0
2020-06-15 00:00:00-04:00,26.423307299264653,27.222777183352548,26.29278166741309,26.863832473754883,2224600,0.0,0.0,0.0
2020-06-16 00:00:00-04:00,27.630682882376696,27.69594728431326,27.035159218606395,27.31252670288086,2710100,0.0,0.0,0.0
2020-06-17 00:00:00-04:00,27.40224586307871,27.40224586307871,27.002509441355773,27.108562469482422,1072300,0.0,0.0,0.0
2020-06-18 00:00:00-04:00,26.92908862923523,27.247247714043795,26.798563022125034,27.116722106933594,1320000,0.0,0.0,0.0
2020-06-19 00:00:00-04:00,27.39408875336283,27.39408875336283,26.91277500520385,26.994352340698242,2718400,0.0,0.0,0.0
2020-06-22 00:00:00-04:00,26.92910137674523,26.9454174743546,26.7088418389623,26.91278839111328,503000,0.0,0.0,0.0
2020-06-23 00:00:00-04:00,27.12488497437897,27.26356710305556,26.757780645563468,27.01067543029785,8214500,0.0,0.0,0.0
2020-06-24 00:00:00-04:00,26.837157331391975,26.84534051286634,26.280607326333715,26.493404388427734,658400,0.108,0.0,0.0
2020-06-25 00:00:00-04:00,26.288789391462576,26.79623404180606,26.288789391462576,26.73893928527832,446000,0.0,0.0,0.0
2020-06-26 00:00:00-04:00,26.567076292238735,26.657106935794754,26.01871236826854,26.076004028320312,433100,0.0,0.0,0.0
2020-06-29 00:00:00-04:00,26.223321305409307,26.59981017705833,26.157843350951715,26.362457275390625,909100,0.0,0.0,0.0
2020-06-30 00:00:00-04:00,26.2151325893702,26.657099374835102,26.182395176232177,26.55888557434082,434600,0.0,0.0,0.0
2020-07-02 00:00:00-04:00,26.82897619750815,27.058145911030344,26.517965286991945,26.550701141357422,586900,0.0,0.0,0.0
2020-07-03 00:00:00-04:00,26.583433097816876,26.583433097816876,26.501588800275396,26.534324645996094,57200,0.0,0.0,0.0
2020-07-06 00:00:00-04:00,26.88627118150313,27.017223981696105,26.681657236066545,26.878087997436523,335800,0.0,0.0,0.0
2020-07-07 00:00:00-04:00,26.72257592428668,26.72257592428668,26.39519244356441,26.40337562561035,211200,0.0,0.0,0.0
2020-07-08 00:00:00-04:00,26.403384536543598,26.52615416378829,26.141480473519472,26.419754028320312,418400,0.0,0.0,0.0
2020-07-09 00:00:00-04:00,26.37882027273649,26.37882027273649,25.904116147296055,26.1578369140625,405300,0.0,0.0,0.0
2020-07-10 00:00:00-04:00,26.149663395810435,26.64892193261883,26.149663395810435,26.640735626220703,402400,0.0,0.0,0.0
2020-07-13 00:00:00-04:00,26.73894252560194,27.025403854315424,26.534328628875286,26.804420471191406,2202400,0.0,0.0,0.0
2020-07-14 00:00:00-04:00,26.747130858942192,27.18909765871823,26.63254756762852,27.14817237854004,2587000,0.0,0.0,0.0
2020-07-15 00:00:00-04:00,27.401896225012003,27.72109344571336,27.32005190458216,27.48374366760254,2352500,0.0,0.0,0.0
2020-07-16 00:00:00-04:00,27.336404917875853,27.6883409035071,27.311849138817728,27.500093460083008,2216200,0.0,0.0,0.0
2020-07-17 00:00:00-04:00,27.500093460083008,27.622862988897186,27.377327053427642,27.500093460083008,595500,0.0,0.0,0.0
2020-07-20 00:00:00-04:00,27.393708515083205,27.44281385036228,27.238199960938978,27.36096954345703,383800,0.0,0.0,0.0
2020-07-21 00:00:00-04:00,27.508288665779556,27.68834986708943,27.459180213924185,27.475549697875977,360400,0.0,0.0,0.0
2020-07-22 00:00:00-04:00,27.41008949279785,27.500117019274324,27.295503044064954,27.41008949279785,371700,0.0,0.0,0.0
2020-07-23 00:00:00-04:00,27.352784470645695,27.46737087649494,27.221831700406877,27.287309646606445,2753400,0.0,0.0,0.0
2020-07-24 00:00:00-04:00,27.197278947191872,27.213648433690924,26.943556589697042,27.074512481689453,2845100,0.0,0.0,0.0
2020-07-27 00:00:00-04:00,26.914354817483577,27.0950441928748,26.717238850415693,27.062191009521484,1625600,0.115,0.0,0.0
2020-07-28 00:00:00-04:00,27.012911639179958,27.037549960538055,26.88150203685002,26.947208404541016,109300,0.0,0.0,0.0
2020-07-29 00:00:00-04:00,27.02113189051199,27.168968114247768,26.807589285981347,27.16075325012207,241800,0.0,0.0,0.0
2020-07-30 00:00:00-04:00,26.848652615635725,27.20181655883789,26.67617807585397,27.20181655883789,234000,0.0,0.0,0.0
2020-07-31 00:00:00-04:00,27.14432176891644,27.14432176891644,26.65153653386751,26.76651954650879,334400,0.0,0.0,0.0
2020-08-04 00:00:00-04:00,26.791160793603847,27.02934170753978,26.73366928100586,26.73366928100586,679300,0.0,0.0,0.0
2020-08-05 00:00:00-04:00,26.84044247637878,27.160753250122067,26.824015881180063,27.16075325012207,283400,0.0,0.0,0.0
2020-08-06 00:00:00-04:00,27.226462367531898,27.423575263623565,27.152544248234275,27.357872009277344,231900,0.0,0.0,0.0
2020-08-07 00:00:00-04:00,27.325015551333426,27.61247312923286,27.242882576896,27.60426139831543,476700,0.0,0.0,0.0
2020-08-10 00:00:00-04:00,27.686394257464947,27.95742840307173,27.669967660786995,27.93278694152832,342700,0.0,0.0,0.0
2020-08-11 00:00:00-04:00,28.15453606769359,28.524126591667592,28.15453606769359,28.34343719482422,536100,0.0,0.0,0.0
2020-08-12 00:00:00-04:00,28.532337693756386,28.745877116651503,28.458419598705774,28.515911102294922,315100,0.0,0.0,0.0
2020-08-13 00:00:00-04:00,28.36807512380023,28.450204948668226,28.21202407027826,28.294157028198242,286900,0.0,0.0,0.0
2020-08-14 00:00:00-04:00,28.121687698222498,28.433783596673425,28.097046239779743,28.310588836669922,242000,0.0,0.0,0.0
2020-08-17 00:00:00-04:00,28.36809220841148,28.36809220841148,28.16276438953135,28.187402725219727,143000,0.0,0.0,0.0
2020-08-18 00:00:00-04:00,28.22024844207294,28.22024844207294,27.957429154269832,28.031347274780273,210800,0.0,0.0,0.0
2020-08-19 00:00:00-04:00,27.990274438268866,28.23666705932044,27.990274438268866,28.080615997314453,236300,0.0,0.0,0.0
2020-08-20 00:00:00-04:00,27.96562957763672,28.055974258733144,27.89992634878136,27.96562957763672,252400,0.0,0.0,0.0
2020-08-21 00:00:00-04:00,27.908144381256914,27.965635894385688,27.809587949186515,27.95742416381836,244100,0.0,0.0,0.0
2020-08-24 00:00:00-04:00,28.129897035142186,28.417354583740234,28.097043848716034,28.417354583740234,242900,0.0,0.0,0.0
2020-08-25 00:00:00-04:00,28.512120007068106,28.602765982256237,28.355551686697904,28.56980323791504,388900,0.115,0.0,0.0
2020-08-26 00:00:00-04:00,28.784056695898425,29.064233723759884,28.668690239161386,29.03127098083496,207400,0.0,0.0,0.0
2020-08-27 00:00:00-04:00,29.097187238867548,29.352640556771327,29.088944984000157,29.220792770385742,537700,0.0,0.0,0.0
2020-08-28 00:00:00-04:00,29.32793389692331,29.32793389692331,28.9406294666576,29.05599594116211,358500,0.0,0.0,0.0
2020-08-31 00:00:00-04:00,28.957108945411388,28.965351203622635,28.578046798706055,28.578046798706055,426700,0.0,0.0,0.0
2020-09-01 00:00:00-04:00,28.487397675417157,28.652208242947943,28.36378896389404,28.602764129638672,382700,0.0,0.0,0.0
2020-09-02 00:00:00-04:00,28.64395793798642,28.915895769534973,28.64395793798642,28.734603881835938,438900,0.0,0.0,0.0
2020-09-03 00:00:00-04:00,28.77581538165157,28.957107330180964,28.28962905332325,28.36379051208496,967200,0.0,0.0,0.0
2020-09-04 00:00:00-04:00,28.569805908060754,28.72637738656451,27.984731287074652,28.16602325439453,2008100,0.0,0.0,0.0
2020-09-08 00:00:00-04:00,27.951772083610912,28.03417896261391,27.77048323680634,27.96001434326172,1047200,0.0,0.0,0.0
2020-09-09 00:00:00-04:00,28.108333214593667,28.396749325973317,28.108333214593667,28.273143768310547,316500,0.0,0.0,0.0
2020-09-10 00:00:00-04:00,28.32259386197005,28.33907523700345,27.861127935038297,27.951770782470703,800500,0.0,0.0,0.0
2020-09-11 00:00:00-04:00,27.97647698131762,28.231930276379988,27.968234727187212,28.149526596069336,856400,0.0,0.0,0.0
2020-09-14 00:00:00-04:00,28.264901511699783,28.35554747341906,28.198979176312942,28.273143768310547,193800,0.0,0.0,0.0
2020-09-15 00:00:00-04:00,28.37203338686261,28.42971661837639,28.28138741062657,28.33083152770996,173800,0.0,0.0,0.0
2020-09-16 00:00:00-04:00,28.32259666424111,28.495649547463437,28.124826431274414,28.124826431274414,380500,0.0,0.0,0.0
2020-09-17 00:00:00-04:00,27.935279465002555,28.18249368769739,27.91879809768965,28.083608627319336,358600,0.0,0.0,0.0
2020-09-18 00:00:00-04:00,28.042407789469422,28.166016490869023,27.902320861816406,27.902320861816406,219200,0.0,0.0,0.0
2020-09-21 00:00:00-04:00,27.52326453617998,27.539742765874845,27.13596012483986,27.51502227783203,337300,0.0,0.0,0.0
2020-09-22 00:00:00-04:00,27.523258871903053,27.74574950550089,27.383168800323077,27.5479793548584,226600,0.0,0.0,0.0
2020-09-23 00:00:00-04:00,27.696310684764697,27.81167713882499,27.251323096103473,27.259565353393555,326200,0.0,0.0,0.0
2020-09-24 00:00:00-04:00,27.17273689353241,27.478698045092024,27.048696968985,27.313312530517578,478600,0.115,0.0,0.0
2020-09-25 00:00:00-04:00,27.214078899625434,27.51177215576172,27.123116720865358,27.51177215576172,387800,0.0,0.0,0.0
2020-09-28 00:00:00-04:00,27.8508122054508,28.165044339953532,27.8508122054508,28.024465560913086,281200,0.0,0.0,0.0
2020-09-29 00:00:00-04:00,27.950042240233014,27.950042240233014,27.5200412021413,27.644081115722656,289600,0.0,0.0,0.0
2020-09-30 00:00:00-04:00,27.660631945553256,27.883901993893772,27.511785246659578,27.569669723510742,537400,0.0,0.0,0.0
2020-10-01 00:00:00-04:00,27.710236994054977,27.718508005074842,27.470431300408418,27.619277954101562,407600,0.0,0.0,0.0
2020-10-02 00:00:00-04:00,27.305054663526036,27.925248204220843,27.305054663526036,27.859092712402344,421900,0.0,0.0,0.0
2020-10-05 00:00:00-04:00,28.065817541570244,28.30562641344432,27.933509742340885,28.231203079223633,347200,0.0,0.0,0.0
2020-10-06 00:00:00-04:00,28.34697608675624,28.545439391381223,28.1815936797805,28.256013870239258,698800,0.0,0.0,0.0
2020-10-07 00:00:00-04:00,28.462730144759856,28.661193345570048,28.462730144759856,28.652925491333008,175500,0.0,0.0,0.0
2020-10-08 00:00:00-04:00,28.735635768755476,28.859675746091124,28.64467353930502,28.694290161132812,240300,0.0,0.0,0.0
2020-10-09 00:00:00-04:00,28.694285710688153,28.727363453443033,28.446208948960884,28.4875545501709,305000,0.0,0.0,0.0
2020-10-13 00:00:00-04:00,28.54543889313256,28.54543889313256,28.090630972953335,28.20639991760254,234200,0.0,0.0,0.0
2020-10-14 00:00:00-04:00,28.214663040016735,28.297357382647668,28.016202926635742,28.016202926635742,145900,0.0,0.0,0.0
2020-10-15 00:00:00-04:00,27.817735886678292,28.18158463598294,27.759851431919135,28.09889030456543,134000,0.0,0.0,0.0
2020-10-16 00:00:00-04:00,28.140235145459442,28.2477361962132,28.08235069223806,28.107160568237305,129300,0.0,0.0,0.0
2020-10-19 00:00:00-04:00,28.1815866064829,28.206393330409576,27.76812438388403,27.842544555664062,276000,0.0,0.0,0.0
2020-10-20 00:00:00-04:00,27.892162565556735,28.04927708246515,27.76812578519743,27.792932510375977,604000,0.0,0.0,0.0
2020-10-21 00:00:00-04:00,27.768123153620927,27.983122111881613,27.685428820085065,27.92523765563965,421500,0.0,0.0,0.0
2020-10-22 00:00:00-04:00,27.933507848535097,28.214662297144425,27.925239991723004,28.148509979248047,304500,0.0,0.0,0.0
2020-10-23 00:00:00-04:00,28.30563112726233,28.396593345843232,28.24774665261399,28.380054473876953,366700,0.0,0.0,0.0
2020-10-26 00:00:00-04:00,28.246447899839726,28.25474452324389,27.748565028656795,27.914525985717773,280500,0.119,0.0,0.0
2020-10-27 00:00:00-04:00,27.873041874717618,27.873041874717618,27.37516207364666,27.449844360351562,519900,0.0,0.0,0.0
2020-10-28 00:00:00-04:00,27.184299304090526,27.234088540164063,26.794294700561245,26.80259132385254,431300,0.0,0.0,0.0
2020-10-29 00:00:00-04:00,26.827487573966028,27.258981625629463,26.603440759385823,27.15110969543457,683800,0.0,0.0,0.0
2020-10-30 00:00:00-04:00,27.068133913408538,27.134519577026367,26.877279878671267,27.134519577026367,579600,0.0,0.0,0.0
2020-11-02 00:00:00-05:00,27.267291033131386,27.383462793055276,27.068137183659676,27.258991241455078,331300,0.0,0.0,0.0
2020-11-03 00:00:00-05:00,27.557714464134204,28.014104778745583,27.557714464134204,27.906232833862305,327100,0.0,0.0,0.0
2020-11-04 00:00:00-05:00,27.98921198948902,28.2049622120635,27.640696782096633,28.063894271850586,574900,0.0,0.0,0.0
2020-11-05 00:00:00-05:00,28.329426303588466,28.445598021880745,28.188361550074106,28.204957962036133,239900,0.0,0.0,0.0
2020-11-06 00:00:00-05:00,28.329432445696526,28.39581810793772,28.005810255877204,28.138578414916992,166500,0.0,0.0,0.0
2020-11-09 00:00:00-05:00,28.943485643565307,29.690305312003897,28.943485643565307,29.225618362426758,518900,0.0,0.0,0.0
2020-11-10 00:00:00-05:00,29.39157080677342,29.96413592991956,29.350081360349954,29.91434669494629,409600,0.0,0.0,0.0
2020-11-11 00:00:00-05:00,30.121792063202204,30.204774107635846,30.04710980593259,30.096899032592773,285500,0.0,0.0,0.0
2020-11-12 00:00:00-05:00,30.022222281357852,30.09690455232409,29.632214514596164,29.789878845214844,194200,0.0,0.0,0.0
2020-11-13 00:00:00-05:00,29.87287373615735,30.088620875901075,29.87287373615735,30.00564193725586,195200,0.0,0.0,0.0
2020-11-16 00:00:00-05:00,30.36244050806267,30.727552070548846,30.296054861005974,30.719255447387695,393500,0.0,0.0,0.0
2020-11-17 00:00:00-05:00,30.495223031418984,31.100978102257912,30.495223031418984,31.067785263061523,471800,0.0,0.0,0.0
2020-11-18 00:00:00-05:00,31.1258595573898,31.39969563061599,31.117562933402123,31.291820526123047,347700,0.0,0.0,0.0
2020-11-19 00:00:00-05:00,31.183962298989837,31.316730499267578,31.067787353983675,31.316730499267578,277600,0.0,0.0,0.0
2020-11-20 00:00:00-05:00,31.266934242340614,31.4162988299189,31.092676611980234,31.40799903869629,379600,0.0,0.0,0.0
2020-11-23 00:00:00-05:00,31.59056060617121,31.773118051712736,31.57396418699077,31.690135955810547,183300,0.0,0.0,0.0
2020-11-24 00:00:00-05:00,32.08053642204631,32.42181858928773,32.005620669464626,32.38019943237305,212100,0.119,0.0,0.0
2020-11-25 00:00:00-05:00,32.246993212153384,32.29693489467515,31.963978701631902,32.22201919555664,298300,0.0,0.0,0.0
2020-11-26 00:00:00-05:00,32.1721040568608,32.21372321841241,32.105510858107436,32.1304817199707,38400,0.0,0.0,0.0
2020-11-27 00:00:00-05:00,32.0888341687053,32.33022953761061,32.0888341687053,32.188720703125,120800,0.0,0.0,0.0
2020-11-30 00:00:00-05:00,32.05555249722016,32.06387823123716,31.6310321471307,31.639354705810547,414600,0.0,0.0,0.0
2020-12-01 00:00:00-05:00,32.07218801124411,32.172077727625634,31.930682342707442,31.93900489807129,255400,0.0,0.0,0.0
2020-12-02 00:00:00-05:00,32.030582427978516,32.05555327996495,31.805835234088903,32.030582427978516,358500,0.0,0.0,0.0
2020-12-03 00:00:00-05:00,32.02224859304166,32.255318263743085,32.02224859304166,32.0555419921875,169100,0.0,0.0,0.0
2020-12-04 00:00:00-05:00,32.10548835150569,32.32191292039761,32.08051750714749,32.3135871887207,101800,0.0,0.0,0.0
2020-12-07 00:00:00-05:00,32.230343979359986,32.28861139081421,32.047216014597694,32.23866653442383,190800,0.0,0.0,0.0
2020-12-08 00:00:00-05:00,32.14709801502979,32.34687423706055,32.13877546114053,32.34687423706055,96300,0.0,0.0,0.0
2020-12-09 00:00:00-05:00,32.43846416084109,32.54667332465724,32.33025182168708,32.45511245727539,136900,0.0,0.0,0.0
2020-12-10 00:00:00-05:00,32.26364473420342,32.4883918762207,32.230351331018134,32.4883918762207,164500,0.0,0.0,0.0
2020-12-11 00:00:00-05:00,32.255310267602084,32.363522520174385,32.19704286437131,32.34687423706055,232000,0.0,0.0,0.0
2020-12-14 00:00:00-05:00,32.513383093668615,32.513383093668615,31.997295379638672,31.997295379638672,308000,0.0,0.0,0.0
2020-12-15 00:00:00-05:00,32.13047092144523,32.296950687039036,31.997287744037667,32.063880920410156,233900,0.0,0.0,0.0
2020-12-16 00:00:00-05:00,32.113825802689526,32.17209324434675,31.980639449944544,32.063880920410156,312400,0.0,0.0,0.0
2020-12-17 00:00:00-05:00,32.130468211890026,32.16376479726838,31.914046757605043,32.072200775146484,152100,0.0,0.0,0.0
2020-12-18 00:00:00-05:00,32.07219550033371,32.08052123297757,31.772532631887458,31.847448348999023,282700,0.0,0.0,0.0
2020-12-21 00:00:00-05:00,31.531140989994913,31.797507283810855,31.42292869083947,31.780858993530273,518000,0.0,0.0,0.0
2020-12-22 00:00:00-05:00,31.814155408544888,31.86409710379007,31.631027391748084,31.722591400146484,240200,0.0,0.0,0.0
2020-12-23 00:00:00-05:00,31.78086043897577,32.072197593794726,31.78086043897577,32.00560760498047,263900,0.0,0.0,0.0
2020-12-24 00:00:00-05:00,32.05554946796989,32.12214263246421,31.89739546530117,32.097171783447266,165500,0.0,0.0,0.0
2020-12-29 00:00:00-05:00,32.27197519792017,32.30527178132359,32.072198872836616,32.172088623046875,313000,0.0,0.0,0.0
2020-12-30 00:00:00-05:00,32.2547388510939,32.37163358646966,32.10444470985573,32.11279296875,216200,0.119,0.0,0.0
2020-12-31 00:00:00-05:00,32.0710622464153,32.32990300087472,32.02931455960426,32.104461669921875,159700,0.0,0.0,0.0
2021-01-04 00:00:00-05:00,32.238054605886525,32.238054605886525,31.71202485932857,31.879018783569336,475000,0.0,0.0,0.0
2021-01-05 00:00:00-05:00,31.887373630334405,32.071067303441374,31.837277672319658,31.995920181274414,188300,0.0,0.0,0.0
2021-01-06 00:00:00-05:00,32.16291116220101,32.74738837103648,32.15455971320855,32.64719009399414,453600,0.0,0.0,0.0
2021-01-07 00:00:00-05:00,32.89767040863525,32.90601866938907,32.72232508137144,32.83087158203125,284600,0.0,0.0,0.0
2021-01-08 00:00:00-05:00,32.86427099533325,32.94776634344488,32.6889288532128,32.83087158203125,194000,0.0,0.0,0.0
2021-01-11 00:00:00-05:00,32.64718352200374,32.88097626956137,32.64718352200374,32.79747772216797,203700,0.0,0.0,0.0
2021-01-12 00:00:00-05:00,32.839218235966925,33.05630802046504,32.79746738286011,32.94776153564453,260700,0.0,0.0,0.0
2021-01-13 00:00:00-05:00,32.981166094817105,33.014565508461466,32.830871918560895,32.89767074584961,162100,0.0,0.0,0.0
2021-01-14 00:00:00-05:00,32.88097970571825,33.1648684262352,32.822532309006895,33.0479736328125,166900,0.0,0.0,0.0
2021-01-15 00:00:00-05:00,32.97281271682624,33.13980338884544,32.86426623189944,33.106407165527344,287600,0.0,0.0,0.0
2021-01-18 00:00:00-05:00,33.123116182933195,33.26506212988134,33.123116182933195,33.2567138671875,69100,0.0,0.0,0.0
2021-01-19 00:00:00-05:00,33.33184520978184,33.39864402670384,33.106407165527344,33.106407165527344,143800,0.0,0.0,0.0
2021-01-20 00:00:00-05:00,33.19826052780976,33.19826052780976,32.91437184265872,33.11476516723633,147800,0.0,0.0,0.0
2021-01-21 00:00:00-05:00,33.08135598421481,33.114755392643104,32.89766560814499,32.94776153564453,153800,0.0,0.0,0.0
2021-01-22 00:00:00-05:00,32.78076925705244,32.78912070213309,32.6221268370937,32.67222595214844,197300,0.0,0.0,0.0
2021-01-25 00:00:00-05:00,32.58178682842438,32.732512389855565,32.447808906517274,32.72414016723633,328800,0.112,0.0,0.0
2021-01-26 00:00:00-05:00,32.81626094415972,32.81626094415972,32.56505263613702,32.74089813232422,187800,0.0,0.0,0.0
2021-01-27 00:00:00-05:00,32.53155148728267,32.53155148728267,32.23010348849097,32.26359558105469,285000,0.0,0.0,0.0
2021-01-28 00:00:00-05:00,32.43107217033015,32.82463384574777,32.288721977945634,32.67390823364258,231500,0.0,0.0,0.0
2021-01-29 00:00:00-05:00,32.3975783242411,32.447821261944796,31.962149113669614,32.12125015258789,478200,0.0,0.0,0.0
2021-02-01 00:00:00-05:00,32.24685487399337,32.42270357063857,32.18823970654066,32.33059310913086,188200,0.0,0.0,0.0
2021-02-02 00:00:00-05:00,32.573436868382174,32.807897593392255,32.531566143812256,32.699039459228516,183600,0.0,0.0,0.0
2021-02-03 00:00:00-05:00,32.72416450881163,32.782779693603516,32.60693094493987,32.782779693603516,103800,0.0,0.0,0.0
2021-02-04 00:00:00-05:00,32.89999934830679,33.17632753028989,32.89999934830679,33.0842170715332,305600,0.0,0.0,0.0
2021-02-05 00:00:00-05:00,33.18472631235472,33.24334151932121,33.05074824010427,33.134483337402344,191100,0.0,0.0,0.0
2021-02-08 00:00:00-05:00,33.209820057865635,33.352173444350036,33.19307241273295,33.310302734375,93000,0.0,0.0,0.0
2021-02-09 00:00:00-05:00,33.293562113482075,33.36892493533574,33.15958411844082,33.35218048095703,142000,0.0,0.0,0.0
2021-02-10 00:00:00-05:00,33.39404217781695,33.39404217781695,33.13445846022427,33.268436431884766,188700,0.0,0.0,0.0
2021-02-11 00:00:00-05:00,33.36053885129522,33.51126443239619,33.36053885129522,33.4359016418457,137200,0.0,0.0,0.0
2021-02-12 00:00:00-05:00,33.486141580185155,33.71222673738495,33.444270882502614,33.56150436401367,403500,0.0,0.0,0.0
2021-02-16 00:00:00-05:00,33.636871870702116,33.745729960584406,33.58663213251529,33.66199493408203,325300,0.0,0.0,0.0
2021-02-17 00:00:00-05:00,33.54476858764837,33.84621663529047,33.54476858764837,33.787601470947266,429000,0.0,0.0,0.0
2021-02-18 00:00:00-05:00,33.6703639029722,33.9299475708853,33.61174875123153,33.86295700073242,390400,0.0,0.0,0.0
2021-02-19 00:00:00-05:00,33.92997041591573,34.15605895097768,33.87135522470949,34.08069610595703,620000,0.0,0.0,0.0
2021-02-22 00:00:00-05:00,34.02358379771624,34.35945140609569,34.02358379771624,34.24189758300781,478700,0.112,0.0,0.0
2021-02-23 00:00:00-05:00,34.44340129079816,34.67011348025873,34.2502768041687,34.56095504760742,623400,0.0,0.0,0.0
2021-02-24 00:00:00-05:00,34.76250552156351,35.325085574437175,34.577776213168136,35.182342529296875,1169300,0.0,0.0,0.0
2021-02-25 00:00:00-05:00,35.21590764775214,35.28308306945753,34.54416944620019,34.71210479736328,879200,0.0,0.0,0.0
2021-02-26 00:00:00-05:00,34.611361555171925,34.77089845398958,34.216713770131165,34.2251091003418,1186300,0.0,0.0,0.0
2021-03-01 00:00:00-05:00,34.60294633864221,34.88843547468934,34.485392553758174,34.71210479736328,710800,0.0,0.0,0.0
2021-03-02 00:00:00-05:00,34.77088305443401,35.173925991183125,34.762487727941554,34.98919677734375,687400,0.0,0.0,0.0
2021-03-03 00:00:00-05:00,35.165540539074264,35.23271277917729,34.94722355176121,35.06477737426758,509300,0.0,0.0,0.0
2021-03-04 00:00:00-05:00,34.9975968243797,35.2494982703824,34.65333076745253,34.880043029785156,913000,0.0,0.0,0.0
2021-03-05 00:00:00-05:00,35.16553616326446,35.50980225909511,34.98920224834552,35.46781921386719,1586900,0.0,0.0,0.0
2021-03-08 00:00:00-05:00,35.48460572003764,36.09757028047146,35.48460572003764,35.93803024291992,1130100,0.0,0.0,0.0
2021-03-09 00:00:00-05:00,36.05558091100372,36.231914790014535,35.75330112505743,35.971614837646484,677600,0.0,0.0,0.0
2021-03-10 00:00:00-05:00,36.047193674108335,36.42504749520927,36.047193674108335,36.299095153808594,692400,0.0,0.0,0.0
2021-03-11 00:00:00-05:00,36.383062143757364,36.57618670606058,36.24871127978898,36.3410758972168,605900,0.0,0.0,0.0
2021-03-12 00:00:00-05:00,36.46703031236984,36.55099640404242,36.2487133490594,36.44184112548828,606500,0.0,0.0,0.0
2021-03-15 00:00:00-04:00,36.467028230636714,36.525805132072435,36.14795133491358,36.3410758972168,388700,0.0,0.0,0.0
2021-03-16 00:00:00-04:00,36.34107421073016,36.450232681088295,36.173142044764724,36.383060455322266,271200,0.0,0.0,0.0
2021-03-17 00:00:00-04:00,36.46701876815745,36.69373098762537,36.45022491451908,36.618160247802734,484800,0.0,0.0,0.0
2021-03-18 00:00:00-04:00,36.74411830336796,37.06319519408534,36.71053379100364,36.80289840698242,350500,0.0,0.0,0.0
2021-03-19 00:00:00-04:00,36.7525276413083,36.80290922932136,36.43345065676249,36.71054458618164,490500,0.0,0.0,0.0
2021-03-22 00:00:00-04:00,36.61817243313928,36.651760151592924,36.44184171590935,36.59298324584961,269400,0.0,0.0,0.0
2021-03-23 00:00:00-04:00,36.550992621287705,36.7021341331372,36.34107421073016,36.383060455322266,144500,0.0,0.0,0.0
2021-03-24 00:00:00-04:00,36.46702575683594,36.693738019751855,36.441836573101064,36.46702575683594,183900,0.0,0.0,0.0
2021-03-25 00:00:00-04:00,36.460274155534435,36.78017264545952,36.35925053740783,36.68757247924805,289600,0.112,0.0,0.0
2021-03-26 00:00:00-04:00,36.780195070598424,36.9233103445124,36.729686442120496,36.89805603027344,95000,0.0,0.0,0.0
2021-03-29 00:00:00-04:00,36.738105131302305,36.90647472703959,36.63708465841311,36.80545425415039,226300,0.0,0.0,0.0
2021-03-30 00:00:00-04:00,36.86438147036629,36.95698490441955,36.822289876173755,36.89805603027344,143500,0.0,0.0,0.0
2021-03-31 00:00:00-04:00,36.813871250954534,36.847545812343945,36.477135271209214,36.53606414794922,158800,0.0,0.0,0.0
2021-04-01 00:00:00-04:00,36.5865574636145,36.72967268392038,36.45186248582274,36.72125244140625,135600,0.0,0.0,0.0
2021-04-05 00:00:00-04:00,36.92330249413406,37.05799749374194,36.83069907976951,36.94013977050781,153600,0.0,0.0,0.0
2021-04-06 00:00:00-04:00,37.02433100387813,37.03275124958975,36.85596141485648,36.91489028930664,143900,0.0,0.0,0.0
2021-04-07 00:00:00-04:00,37.007485233587985,37.04957681834105,36.93171909647963,37.024322509765625,63300,0.0,0.0,0.0
2021-04-08 00:00:00-04:00,36.948549764973,36.999061584472656,36.788600486963006,36.999061584472656,139500,0.0,0.0,0.0
2021-04-09 00:00:00-04:00,37.04114813467103,37.07482267643401,36.96538202139487,37.066402435302734,72000,0.0,0.0,0.0
2021-04-12 00:00:00-04:00,37.100103704990175,37.403168376430855,37.01592050131593,37.335819244384766,206000,0.0,0.0,0.0
2021-04-13 00:00:00-04:00,37.28531018414223,37.28531018414223,37.0916862487793,37.0916862487793,82700,0.0,0.0,0.0
2021-04-14 00:00:00-04:00,37.15903823273944,37.25164169767372,37.02434315957609,37.05801773071289,103600,0.0,0.0,0.0
2021-04-15 00:00:00-04:00,37.15062792134434,37.22639411442682,36.95700391933009,37.16746520996094,182900,0.0,0.0,0.0
2021-04-16 00:00:00-04:00,37.26003144836404,37.31054326807825,37.20110259772156,37.26845169067383,51300,0.0,0.0,0.0
2021-04-19 00:00:00-04:00,37.31056123314655,37.453676518889516,37.1001000334057,37.150611877441406,66500,0.0,0.0,0.0
2021-04-20 00:00:00-04:00,37.0159069715254,37.057998557977506,36.6875881012639,36.78860855102539,97300,0.0,0.0,0.0
2021-04-21 00:00:00-04:00,36.788615435533835,37.041168212890625,36.670757686859524,37.041168212890625,149100,0.0,0.0,0.0
2021-04-22 00:00:00-04:00,37.007485233587985,37.06641409451869,36.8475359269735,37.024322509765625,119700,0.0,0.0,0.0
2021-04-23 00:00:00-04:00,37.015917278116206,37.42000240105652,37.015917278116206,37.394744873046875,118700,0.0,0.0,0.0
2021-04-26 00:00:00-04:00,37.38714447926588,37.61501234151707,37.38714447926588,37.46310043334961,102400,0.111,0.0,0.0
2021-04-27 00:00:00-04:00,37.488409464839336,37.64876267547356,37.387135955625546,37.547489166259766,89100,0.0,0.0,0.0
2021-04-28 00:00:00-04:00,37.606571197509766,37.766921212378556,37.59812985916403,37.606571197509766,80900,0.0,0.0,0.0
2021-04-29 00:00:00-04:00,37.83444748103168,37.893523984920655,37.690973671995586,37.75849151611328,65200,0.0,0.0,0.0
2021-04-30 00:00:00-04:00,37.6740808227708,37.69939839560385,37.53061028414768,37.57280731201172,84700,0.0,0.0,0.0
2021-05-03 00:00:00-04:00,37.150841532206265,37.85976275508913,37.150841532206265,37.69097137451172,169100,0.0,0.0,0.0
2021-05-04 00:00:00-04:00,37.66565206686401,37.71628722511562,37.43778419644879,37.64033126831055,95200,0.0,0.0,0.0
2021-05-05 00:00:00-04:00,37.682531941708724,37.927276054622105,37.65721114287598,37.89352035522461,86700,0.0,0.0,0.0
2021-05-06 00:00:00-04:00,37.85975992040569,37.9863510317896,37.690968552466245,37.96947479248047,106100,0.0,0.0,0.0
2021-05-07 00:00:00-04:00,37.817563085089006,38.16358394246899,37.817563085089006,38.10450744628906,214200,0.0,0.0,0.0
2021-05-10 00:00:00-04:00,38.14669244433194,38.42519537850772,38.07917463033383,38.087615966796875,105900,0.0,0.0,0.0
2021-05-11 00:00:00-04:00,37.876630949168344,38.02010148735758,37.60656610834296,37.825992584228516,493700,0.0,0.0,0.0
2021-05-12 00:00:00-04:00,37.77536047400981,37.87663722065854,37.62345179289148,37.65720748901367,169300,0.0,0.0,0.0
2021-05-13 00:00:00-04:00,37.70784442061954,38.23109471392253,37.70784442061954,38.12137985229492,251400,0.0,0.0,0.0
2021-05-14 00:00:00-04:00,38.24797823948502,38.712152091922796,38.24797823948502,38.63619613647461,160300,0.0,0.0,0.0
2021-05-17 00:00:00-04:00,38.57711605374854,38.78810444155433,38.49272198639714,38.762786865234375,256700,0.0,0.0,0.0
2021-05-18 00:00:00-04:00,38.72902471020035,38.94845441803874,38.72902471020035,38.78810119628906,211400,0.0,0.0,0.0
2021-05-19 00:00:00-04:00,38.5180399165188,38.71214884875181,38.26485449271171,38.653072357177734,224800,0.0,0.0,0.0
2021-05-20 00:00:00-04:00,38.65308228079647,38.79655609675928,38.56024685036667,38.72060012817383,248700,0.0,0.0,0.0
2021-05-21 00:00:00-04:00,38.806034878898174,38.93293622140287,38.70451574123555,38.831417083740234,106200,0.111,0.0,0.0
2021-05-25 00:00:00-04:00,39.026008670137436,39.18674762269697,38.88218688964844,38.88218688964844,180100,0.0,0.0,0.0
2021-05-26 00:00:00-04:00,39.059839515912635,39.22904025260943,38.83142223269294,39.18674087524414,219000,0.0,0.0,0.0
2021-05-27 00:00:00-04:00,39.355942585949634,39.50822293002192,39.271340601889634,39.34748077392578,297300,0.0,0.0,0.0
2021-05-28 00:00:00-04:00,39.61820970735508,39.61820970735508,39.254429190622666,39.44900894165039,172100,0.0,0.0,0.0
2021-05-31 00:00:00-04:00,39.53361185040536,39.54207366455652,39.12753190653564,39.2205924987793,352400,0.0,0.0,0.0
2021-06-01 00:00:00-04:00,39.53358980778435,39.61819176594212,39.3813095103351,39.52513122558594,328600,0.0,0.0,0.0
2021-06-02 00:00:00-04:00,39.66048951977688,39.67740991072087,39.381307910053046,39.508209228515625,143000,0.0,0.0,0.0
2021-06-03 00:00:00-04:00,39.48283103842899,39.787391651883226,39.46591387300146,39.67741394042969,220100,0.0,0.0,0.0
2021-06-04 00:00:00-04:00,39.76201731347033,39.80431668644186,39.50821784840588,39.6689567565918,228600,0.0,0.0,0.0
2021-06-07 00:00:00-04:00,39.77047630607883,39.77047630607883,39.55051762802416,39.609737396240234,61000,0.0,0.0,0.0
2021-06-08 00:00:00-04:00,39.56743621826172,39.6689553552542,39.45745527063268,39.56743621826172,130100,0.0,0.0,0.0
2021-06-09 00:00:00-04:00,39.49130151627401,39.499760100844334,39.245960609671315,39.330562591552734,127000,0.0,0.0,0.0
2021-06-10 00:00:00-04:00,39.499768814751555,39.550530015078664,39.237510681152344,39.237510681152344,98900,0.0,0.0,0.0
2021-06-11 00:00:00-04:00,39.32210720146252,39.46592898053075,39.23750843300085,39.36440658569336,69300,0.0,0.0,0.0
2021-06-14 00:00:00-04:00,39.36438930763389,39.38130969934666,39.17827145326297,39.29671096801758,97300,0.0,0.0,0.0
2021-06-15 00:00:00-04:00,39.381317313282715,39.652037178558096,39.36439691829859,39.55051803588867,131500,0.0,0.0,0.0
2021-06-16 00:00:00-04:00,39.53359821616787,39.84661745984072,39.53359821616787,39.770477294921875,363700,0.0,0.0,0.0
2021-06-17 00:00:00-04:00,39.83816275737098,39.97352270516677,39.457461895684155,39.51668167114258,338600,0.0,0.0,0.0
2021-06-18 00:00:00-04:00,39.271343873619934,39.32210506828489,39.076764134924886,39.127525329589844,348800,0.0,0.0,0.0
2021-06-21 00:00:00-04:00,39.144442835837395,39.491302905665485,39.144442835837395,39.43208312988281,221100,0.0,0.0,0.0
2021-06-22 00:00:00-04:00,39.52513162292277,39.52513162292277,39.229029607246034,39.465911865234375,149000,0.0,0.0,0.0
2021-06-23 00:00:00-04:00,39.449000322533756,39.449000322533756,39.29671998939452,39.39823913574219,117200,0.0,0.0,0.0
2021-06-24 00:00:00-04:00,39.5941276550293,39.60260968266648,39.44996553465408,39.5941276550293,124500,0.111,0.0,0.0
2021-06-25 00:00:00-04:00,39.619563121901535,39.848529301263916,39.551719853225975,39.80612564086914,122600,0.0,0.0,0.0
2021-06-28 00:00:00-04:00,39.84005664336864,39.84005664336864,39.45844625469783,39.560211181640625,318600,0.0,0.0,0.0
2021-06-29 00:00:00-04:00,39.687401617738246,39.73828406727321,39.48387828948832,39.58563995361328,60600,0.0,0.0,0.0
2021-06-30 00:00:00-04:00,39.483882904052734,39.5686837615769,39.373639201315044,39.483882904052734,95900,0.0,0.0,0.0
2021-07-02 00:00:00-04:00,39.63652246699775,39.81460618823955,39.5093179604279,39.54323959350586,119200,0.0,0.0,0.0
2021-07-05 00:00:00-04:00,39.585659353414876,39.7213427170577,39.49237643435796,39.71286392211914,45500,0.0,0.0,0.0
2021-07-06 00:00:00-04:00,39.75525006997014,39.75525006997014,39.44996180282455,39.55172348022461,167700,0.0,0.0,0.0
2021-07-07 00:00:00-04:00,39.50932700829193,39.62804951630794,39.35668285942972,39.46692657470703,503900,0.0,0.0,0.0
2021-07-08 00:00:00-04:00,39.22948180750882,39.22948180750882,38.7376309113428,39.000518798828125,508700,0.0,0.0,0.0
2021-07-09 00:00:00-04:00,39.19557661132155,39.526304663065666,39.15317292473109,39.34822082519531,748400,0.0,0.0,0.0
2021-07-12 00:00:00-04:00,39.36516462814413,39.585652075367435,39.280363754563446,39.56869125366211,116100,0.0,0.0,0.0
2021-07-13 00:00:00-04:00,39.68742671034526,39.72982716095984,39.365177462769765,39.49238204956055,171400,0.0,0.0,0.0
2021-07-14 00:00:00-04:00,39.483878353091924,39.63652246699775,39.39059547960003,39.54323959350586,129000,0.0,0.0,0.0
2021-07-15 00:00:00-04:00,39.39060613010587,39.687412412426575,39.39060613010587,39.60261154174805,170900,0.0,0.0,0.0
2021-07-16 00:00:00-04:00,39.67892722538489,39.69588804377666,39.246434443758034,39.27187728881836,104900,0.0,0.0,0.0
2021-07-19 00:00:00-04:00,38.941159824789025,38.949641854429075,38.347547147844324,38.525630950927734,294200,0.0,0.0,0.0
2021-07-20 00:00:00-04:00,38.551071242782356,39.01748259778476,38.41538788069172,38.805477142333984,232800,0.0,0.0,0.0
2021-07-21 00:00:00-04:00,39.04291765348982,39.30580229537255,39.01747480415423,39.16164016723633,137900,0.0,0.0,0.0
2021-07-22 00:00:00-04:00,39.16163717300547,39.21251963284039,38.91571013622178,39.05987548828125,169300,0.0,0.0,0.0
2021-07-23 00:00:00-04:00,39.22950176967807,39.492389790935555,39.14470085182606,39.19558334350586,172500,0.0,0.0,0.0
2021-07-26 00:00:00-04:00,39.176006996318876,39.30350668839602,39.07400918812828,39.184505462646484,119800,0.107,0.0,0.0
2021-07-27 00:00:00-04:00,39.09952714212747,39.541522185872026,38.980529100052685,39.39702224731445,142700,0.0,0.0,0.0
2021-07-28 00:00:00-04:00,39.46500473707333,39.60950136637817,39.23550722954332,39.54150390625,163800,0.0,0.0,0.0
2021-07-29 00:00:00-04:00,39.64349781845564,39.872995303412985,39.64349781845564,39.82199478149414,144100,0.0,0.0,0.0
2021-07-30 00:00:00-04:00,39.71150890741413,39.805008267509635,39.45650947353457,39.601009368896484,206400,0.0,0.0,0.0
2021-08-03 00:00:00-04:00,39.60100635977136,39.82200217756155,39.439509540711306,39.71150588989258,187200,0.0,0.0,0.0
2021-08-04 00:00:00-04:00,39.56700062212667,40.000496973839844,39.56700062212667,39.87299728393555,104400,0.0,0.0,0.0
2021-08-05 00:00:00-04:00,39.98349915762886,40.16199614006288,39.974997448492765,40.136497497558594,96300,0.0,0.0,0.0
2021-08-06 00:00:00-04:00,40.2724933441732,40.68048781302363,40.2724933441732,40.60398864746094,220700,0.0,0.0,0.0
2021-08-09 00:00:00-04:00,40.56999287341397,40.731489688948635,40.43399470179211,40.68049240112305,90700,0.0,0.0,0.0
2021-08-10 00:00:00-04:00,40.7484878260838,40.96098516125989,40.69749054081083,40.94398498535156,250800,0.0,0.0,0.0
2021-08-11 00:00:00-04:00,41.05449185623967,41.2244904033005,40.952494024984205,41.18199157714844,105300,0.0,0.0,0.0
2021-08-12 00:00:00-04:00,41.25848950912052,41.25848950912052,40.841993243583644,41.17348861694336,181700,0.0,0.0,0.0
2021-08-13 00:00:00-04:00,41.232986221602715,41.275488287475866,41.07999110577846,41.12248992919922,100200,0.0,0.0,0.0
2021-08-16 00:00:00-04:00,41.045992142356354,41.17348861694336,40.86749513246304,41.17348861694336,123700,0.0,0.0,0.0
2021-08-17 00:00:00-04:00,41.04599801691586,41.09699531706846,40.71450259611207,40.875999450683594,147900,0.0,0.0,0.0
2021-08-18 00:00:00-04:00,40.850483718944986,41.03747914540053,40.76548285014555,40.92698287963867,71500,0.0,0.0,0.0
2021-08-19 00:00:00-04:00,40.71449226922181,40.84198872971788,40.53599203660389,40.74848937988281,264900,0.0,0.0,0.0
2021-08-20 00:00:00-04:00,40.79949936533436,41.13099477888524,40.688999813333105,41.11399459838867,169900,0.0,0.0,0.0
2021-08-23 00:00:00-04:00,41.224489685736735,41.2584900430476,41.13099032435812,41.13949203491211,105700,0.0,0.0,0.0
2021-08-24 00:00:00-04:00,41.16499513987838,41.26699298040491,41.05449558787712,41.11399459838867,333700,0.0,0.0,0.0
2021-08-25 00:00:00-04:00,41.196612782621614,41.52032569954773,41.196612782621614,41.33291244506836,402600,0.107,0.0,0.0
2021-08-26 00:00:00-04:00,41.40105500098357,41.40105500098357,40.96660090174221,40.983638763427734,574700,0.0,0.0,0.0
2021-08-27 00:00:00-04:00,41.02625476668875,41.02625476668875,40.75365532634996,40.87291717529297,155000,0.0,0.0,0.0
2021-08-30 00:00:00-04:00,40.88993461205233,40.88993461205233,40.57474227598363,40.58325958251953,190200,0.0,0.0,0.0
2021-08-31 00:00:00-04:00,40.56623331897333,40.77920178930551,40.27659606933594,40.27659606933594,512600,0.0,0.0,0.0
2021-09-01 00:00:00-04:00,40.30215636129285,40.58327306533213,40.30215636129285,40.45549392700195,124300,0.0,0.0,0.0
2021-09-02 00:00:00-04:00,40.52365493774414,40.59180643273775,40.40439307114746,40.52365493774414,78700,0.0,0.0,0.0
2021-09-03 00:00:00-04:00,40.5832792407823,40.5832792407823,40.319200364931085,40.44697952270508,143700,0.0,0.0,0.0
2021-09-07 00:00:00-04:00,40.5491981943898,40.77920454786453,40.5066051473703,40.57475662231445,129200,0.0,0.0,0.0
2021-09-08 00:00:00-04:00,40.58326723929653,40.69401174299737,40.43845025338369,40.4725227355957,278800,0.0,0.0,0.0
2021-09-09 00:00:00-04:00,40.41291038320059,40.75366135888436,40.41291038320059,40.52365493774414,97000,0.0,0.0,0.0
2021-09-10 00:00:00-04:00,40.642910651532304,40.642910651532304,40.353273340941065,40.39586639404297,90500,0.0,0.0,0.0
2021-09-13 00:00:00-04:00,40.54069281149254,40.71106829933443,40.41291038320059,40.52365493774414,129300,0.0,0.0,0.0
2021-09-14 00:00:00-04:00,40.53217238859465,40.65143424603798,40.26809024022593,40.30216598510742,243100,0.0,0.0,0.0
2021-09-15 00:00:00-04:00,40.285121293235214,40.58327588637218,40.15733889638147,40.53216552734375,246200,0.0,0.0,0.0
2021-09-16 00:00:00-04:00,40.60882568359375,40.719570196212835,40.40437777529488,40.60882568359375,383300,0.0,0.0,0.0
2021-09-17 00:00:00-04:00,40.12326383187709,40.591797128457586,40.12326383187709,40.17437744140625,359500,0.0,0.0,0.0
2021-09-20 00:00:00-04:00,39.83361738330126,39.83361738330126,39.041377740459474,39.51842498779297,621300,0.0,0.0,0.0
2021-09-21 00:00:00-04:00,39.70584679083614,39.90177741659051,39.552509214221175,39.6376953125,353900,0.0,0.0,0.0
2021-09-22 00:00:00-04:00,39.82509043512148,40.04657613925067,39.76545954363901,39.89324188232422,294100,0.0,0.0,0.0
2021-09-23 00:00:00-04:00,39.995490780457786,40.36179691382909,39.995490780457786,40.30216598510742,231500,0.0,0.0,0.0
2021-09-24 00:00:00-04:00,40.24835968946828,40.367891846104534,40.21420671414164,40.28251266479492,168900,0.107,0.0,0.0
2021-09-27 00:00:00-04:00,40.384961576742214,40.57279965260355,40.384961576742214,40.504493713378906,234400,0.0,0.0,0.0
2021-09-28 00:00:00-04:00,40.47035514233789,40.47035514233789,40.05198929192613,40.14590835571289,466900,0.0,0.0,0.0
2021-09-29 00:00:00-04:00,40.24837044907262,40.42766873195884,40.17152786254883,40.17152786254883,157500,0.0,0.0,0.0
2021-09-30 00:00:00-04:00,40.21421020957418,40.333745633607485,39.736081541470064,39.855613708496094,343100,0.0,0.0,0.0
2021-10-01 00:00:00-04:00,39.983686590904064,40.29959350427171,39.693392783293774,40.14590835571289,538800,0.0,0.0,0.0
2021-10-04 00:00:00-04:00,40.05198410463737,40.342277874650584,39.82999628380699,40.026371002197266,235800,0.0,0.0,0.0
2021-10-05 00:00:00-04:00,40.154450816666134,40.48743426800872,40.069071613709305,40.376441955566406,107300,0.0,0.0,0.0
2021-10-06 00:00:00-04:00,40.145917997256966,40.31667967633369,39.99223281178873,40.30813980102539,200600,0.0,0.0,0.0
2021-10-07 00:00:00-04:00,40.56426813212311,40.75210624665218,40.53865502814446,40.64965057373047,213700,0.0,0.0,0.0
2021-10-08 00:00:00-04:00,40.58990549472136,40.931425666835295,40.5386760032503,40.88019943237305,183900,0.0,0.0,0.0
2021-10-12 00:00:00-04:00,40.90579084876382,40.90579084876382,40.61549706511524,40.752105712890625,96800,0.0,0.0,0.0
2021-10-13 00:00:00-04:00,40.786252276496796,40.80332876190977,40.35934991219226,40.72648620605469,163800,0.0,0.0,0.0
2021-10-14 00:00:00-04:00,40.888723495117695,41.127787867879306,40.81188091001463,41.08509826660156,171300,0.0,0.0,0.0
2021-10-15 00:00:00-04:00,41.30708897452792,41.512000361331474,41.28147260842165,41.46931076049805,190400,0.0,0.0,0.0
2021-10-18 00:00:00-04:00,41.43516035537345,41.537619312158604,41.28147517720369,41.52907943725586,193400,0.0,0.0,0.0
2021-10-19 00:00:00-04:00,41.614439193982584,41.75104780481321,41.614439193982584,41.74250793457031,148200,0.0,0.0,0.0
2021-10-20 00:00:00-04:00,41.72543806040006,42.02427168311905,41.69982495962663,42.01573181152344,87800,0.0,0.0,0.0
2021-10-21 00:00:00-04:00,41.990125123058995,42.16942336986698,41.964512018374194,42.109657287597656,140100,0.0,0.0,0.0
2021-10-22 00:00:00-04:00,42.11819664740724,42.348721100776544,42.04989069307028,42.314571380615234,113600,0.0,0.0,0.0
2021-10-25 00:00:00-04:00,42.399310017027176,42.5790398539529,42.16822739890245,42.527687072753906,131600,0.119,0.0,0.0
2021-10-26 00:00:00-04:00,42.57048704550699,42.79300925711106,42.49345949825028,42.638954162597656,132200,0.0,0.0,0.0
2021-10-27 00:00:00-04:00,42.62181733092352,42.647495344985025,42.27091494397929,42.28803253173828,374400,0.0,0.0,0.0
2021-10-28 00:00:00-04:00,42.37362714061154,42.52768220171619,42.27948528313363,42.43354034423828,171100,0.0,0.0,0.0
2021-10-29 00:00:00-04:00,42.38218422994989,42.424976573586164,41.87722673941017,41.894344329833984,369000,0.0,0.0,0.0
2021-11-01 00:00:00-04:00,42.0911923118577,42.17677700032872,41.92001967006907,42.11686706542969,240100,0.0,0.0,0.0
2021-11-02 00:00:00-04:00,42.12541827272555,42.416410720619496,41.98848084223698,42.322265625,190400,0.0,0.0,0.0
2021-11-03 00:00:00-04:00,42.356497441468754,42.71595694369169,42.34793701626595,42.66460418701172,154800,0.0,0.0,0.0
2021-11-04 00:00:00-04:00,42.7416555498849,42.7416555498849,42.35652108674576,42.596160888671875,851300,0.0,0.0,0.0
2021-11-05 00:00:00-04:00,42.74165608963478,43.02409151534073,42.70742416381836,42.70742416381836,250900,0.0,0.0,0.0
2021-11-08 00:00:00-05:00,42.93849205059444,43.041197595107526,42.69885230975712,42.81867218017578,105900,0.0,0.0,0.0
2021-11-09 00:00:00-05:00,42.758762244966455,42.827232607975176,42.60470719304343,42.81867218017578,72400,0.0,0.0,0.0
2021-11-10 00:00:00-05:00,42.77587300877396,42.947045624130354,42.76731584718688,42.81010818481445,116300,0.0,0.0,0.0
2021-11-11 00:00:00-05:00,42.989831151367824,42.989831151367824,42.835776148436864,42.912803649902344,143200,0.0,0.0,0.0
2021-11-12 00:00:00-05:00,42.98983847646178,43.10965832919199,42.87857578542109,43.0925407409668,90700,0.0,0.0,0.0
2021-11-15 00:00:00-05:00,43.13534525240067,43.13534525240067,42.801557110343644,42.84435272216797,80100,0.0,0.0,0.0
2021-11-16 00:00:00-05:00,42.94705477161505,43.10966699517378,42.82723489479843,42.96417236328125,309700,0.0,0.0,0.0
2021-11-17 00:00:00-05:00,43.04120896751312,43.08400132327693,42.73309878225779,42.87859344482422,84500,0.0,0.0,0.0
2021-11-18 00:00:00-05:00,42.90425722041661,42.90425722041661,42.71596699977554,42.75020217895508,285100,0.0,0.0,0.0
2021-11-19 00:00:00-05:00,42.54479458944892,42.664614452352545,42.270919684284515,42.6303825378418,372500,0.0,0.0,0.0
2021-11-22 00:00:00-05:00,42.88713406513615,42.972718737131835,42.698843868930496,42.71596145629883,473700,0.0,0.0,0.0
2021-11-23 00:00:00-05:00,42.783750301088176,43.01538520009666,42.766591796793094,42.946754455566406,269600,0.119,0.0,0.0
2021-11-24 00:00:00-05:00,42.8523724109919,43.075426359548395,42.835213911464606,43.04969024658203,43600,0.0,0.0,0.0
2021-11-25 00:00:00-05:00,43.07544274822825,43.264183042188314,43.07544274822825,43.24702453613281,53100,0.0,0.0,0.0
2021-11-26 00:00:00-05:00,42.5435185260393,42.5435185260393,42.166041420388424,42.42341232299805,228400,0.0,0.0,0.0
2021-11-29 00:00:00-05:00,42.68080290574897,42.72369753052121,42.12316296575955,42.1832160949707,251100,0.0,0.0,0.0
2021-11-30 00:00:00-05:00,41.925848712814535,41.934429602103855,41.153735581945156,41.22236633300781,602400,0.0,0.0,0.0
2021-12-01 00:00:00-05:00,41.68563065109083,41.90868465329913,41.179466247558594,41.179466247558594,514200,0.0,0.0,0.0
2021-12-02 00:00:00-05:00,41.453985285726574,42.28615450311321,41.3939321744357,42.088836669921875,430300,0.0,0.0,0.0
2021-12-03 00:00:00-05:00,42.21752646788925,42.251843471372965,41.79715462948727,41.96015548706055,446400,0.0,0.0,0.0
2021-12-06 00:00:00-05:00,42.25183103146594,42.423412725717355,42.114566330594535,42.21751403808594,248400,0.0,0.0,0.0
2021-12-07 00:00:00-05:00,42.457741928044186,42.646478900609296,42.457741928044186,42.58642578125,230700,0.0,0.0,0.0
2021-12-08 00:00:00-05:00,42.61215475794521,42.62073564364432,42.39767843255354,42.50062942504883,111100,0.0,0.0,0.0
2021-12-09 00:00:00-05:00,42.37193683341669,42.50062392104579,42.32046461648392,42.42341232299805,278800,0.0,0.0,0.0
2021-12-10 00:00:00-05:00,42.534948091292556,42.6550543146001,42.466314093603025,42.56068420410156,267900,0.0,0.0,0.0
2021-12-13 00:00:00-05:00,42.52637748290095,42.560694490039346,42.09742471162081,42.32905960083008,364100,0.0,0.0,0.0
2021-12-14 00:00:00-05:00,42.097420924039525,42.646479898254285,42.097420924039525,42.346214294433594,220100,0.0,0.0,0.0
2021-12-15 00:00:00-05:00,42.39767964619833,42.80089619672453,42.32904892188591,42.73226547241211,167700,0.0,0.0,0.0
2021-12-16 00:00:00-05:00,42.87812476318206,43.109759685553826,42.73228237093894,42.758018493652344,293600,0.0,0.0,0.0
2021-12-17 00:00:00-05:00,42.32048364773289,42.81806718018514,42.22611351072039,42.440589904785156,395100,0.0,0.0,0.0
2021-12-20 00:00:00-05:00,42.08025958299456,42.23468281815522,41.779993999431824,42.05452346801758,324900,0.0,0.0,0.0
2021-12-21 00:00:00-05:00,42.44059482926071,42.689384988029474,42.397696927350175,42.569278717041016,152600,0.0,0.0,0.0
2021-12-22 00:00:00-05:00,42.53494881906937,42.91242599487305,42.51779031935341,42.91242599487305,131500,0.0,0.0,0.0
2021-12-23 00:00:00-05:00,43.049699046611366,43.36712317112983,43.03254054357661,43.298492431640625,139100,0.0,0.0,0.0
2021-12-24 00:00:00-05:00,43.33279039777466,43.410001997011555,43.33279039777466,43.36710739135742,41200,0.0,0.0,0.0
2021-12-29 00:00:00-05:00,43.778919229089375,43.976237113141075,43.778919229089375,43.813236236572266,207700,0.0,0.0,0.0
2021-12-30 00:00:00-05:00,43.85107673460138,43.94567327839466,43.6962776184082,43.6962776184082,184500,0.124,0.0,0.0
2021-12-31 00:00:00-05:00,43.60168011030408,43.6360806447557,43.369481423678955,43.5242805480957,69700,0.0,0.0,0.0
2022-01-04 00:00:00-05:00,43.91986397210479,44.46166074867117,43.91986397210479,44.2896614074707,259800,0.0,0.0,0.0
2022-01-05 00:00:00-05:00,44.42725525057097,44.57345582243897,44.15205764770508,44.15205764770508,297800,0.0,0.0,0.0
2022-01-06 00:00:00-05:00,44.298262098115316,44.590660008492286,44.229464326587355,44.5390625,212000,0.0,0.0,0.0
2022-01-07 00:00:00-05:00,44.59066219821297,44.87446163131605,44.573465214947525,44.7884635925293,205700,0.0,0.0,0.0
2022-01-10 00:00:00-05:00,44.77986818816076,44.90026677182934,44.40147217082876,44.65946960449219,267000,0.0,0.0,0.0
2022-01-11 00:00:00-05:00,44.693862949913814,45.192657470703125,44.693862949913814,45.192657470703125,234800,0.0,0.0,0.0
2022-01-12 00:00:00-05:00,45.25285108461731,45.571050999703786,45.235650823211465,45.399051666259766,174400,0.0,0.0,0.0
2022-01-13 00:00:00-05:00,45.53664789117247,45.811845496810506,45.53664789117247,45.5882453918457,252400,0.0,0.0,0.0
2022-01-14 00:00:00-05:00,45.39905433406847,45.751651512072065,45.244255252933755,45.70865249633789,255300,0.0,0.0,0.0
2022-01-17 00:00:00-05:00,45.75165949925331,46.25905584697128,45.75165949925331,46.21605682373047,87900,0.0,0.0,0.0
2022-01-18 00:00:00-05:00,45.86345586040208,45.95805239160524,45.622655444697415,45.768856048583984,523100,0.0,0.0,0.0
2022-01-19 00:00:00-05:00,45.85485285500785,45.85485285500785,45.072258906395874,45.192657470703125,702200,0.0,0.0,0.0
2022-01-20 00:00:00-05:00,45.20987128363589,45.5108677846125,44.95187381413939,44.9776725769043,462200,0.0,0.0,0.0
2022-01-21 00:00:00-05:00,44.719666935428315,44.77986622462294,44.220869075684,44.427268981933594,766500,0.0,0.0,0.0
2022-01-24 00:00:00-05:00,43.63606270799811,44.11765686989765,43.1372650053288,44.10905838012695,1217100,0.0,0.0,0.0
2022-01-25 00:00:00-05:00,43.75814292280081,44.56863739087506,43.370139027232845,44.28410339355469,1010000,0.133,0.0,0.0
2022-01-26 00:00:00-05:00,44.741084970741596,44.95664233004496,44.26685943810307,44.465171813964844,1406400,0.0,0.0,0.0
2022-01-27 00:00:00-05:00,44.810064904507925,44.96526646633789,44.32721523557647,44.465171813964844,925100,0.0,0.0,0.0
2022-01-28 00:00:00-05:00,44.51689691691478,44.62036350553264,44.18924888229078,44.59449768066406,467700,0.0,0.0,0.0
2022-01-31 00:00:00-05:00,44.56863921043221,45.24980126722236,44.4651725971047,45.241180419921875,869800,0.0,0.0,0.0
2022-02-01 00:00:00-05:00,45.3360193430828,45.70677492564115,45.24117359137148,45.68953323364258,289600,0.0,0.0,0.0
2022-02-02 00:00:00-05:00,45.844735206021994,46.18100743187232,45.77575856499862,46.077537536621094,234300,0.0,0.0,0.0
2022-02-03 00:00:00-05:00,45.87059875210222,46.02580028698126,45.767132158564095,45.82748794555664,428900,0.0,0.0,0.0
2022-02-04 00:00:00-05:00,45.896465093216975,46.18962318581768,45.836109305547154,46.06028747558594,402000,0.0,0.0,0.0
2022-02-07 00:00:00-05:00,45.85336907664447,46.27585972661171,45.85336907664447,46.103416442871094,198500,0.0,0.0,0.0
2022-02-08 00:00:00-05:00,46.275856352112626,46.76733020019781,46.275856352112626,46.71559524536133,149400,0.0,0.0,0.0
2022-02-09 00:00:00-05:00,46.98287516785245,47.09496260667361,46.67247209911512,46.70695877075195,164700,0.0,0.0,0.0
2022-02-10 00:00:00-05:00,46.84493292371594,47.293289394248575,46.767332132826695,46.853553771972656,266400,0.0,0.0,0.0
2022-02-11 00:00:00-05:00,46.88804056842883,47.1467087574966,46.482791655764494,46.64661407470703,357800,0.0,0.0,0.0
2022-02-14 00:00:00-05:00,46.53452647806193,46.56039231015245,45.9309651791755,46.09478759765625,262800,0.0,0.0,0.0
2022-02-15 00:00:00-05:00,46.38794893389546,46.465549724629554,46.198260670324636,46.301727294921875,144400,0.0,0.0,0.0
2022-02-16 00:00:00-05:00,46.14652065317006,46.439678798336,46.10340983841067,46.28447723388672,235500,0.0,0.0,0.0
2022-02-17 00:00:00-05:00,46.09477808751643,46.12926804928424,45.48259606728493,45.517086029052734,206700,0.0,0.0,0.0
2022-02-18 00:00:00-05:00,45.60332417088844,45.60332417088844,45.24981015751508,45.2584342956543,136400,0.0,0.0,0.0
2022-02-22 00:00:00-05:00,45.12269882124611,45.39066675740136,44.90659394499254,45.34744644165039,463400,0.133,0.0,0.0
2022-02-23 00:00:00-05:00,45.43390447342513,45.43390447342513,44.65592535842651,44.716434478759766,314100,0.0,0.0,0.0
2022-02-24 00:00:00-05:00,43.24692278638866,44.119988656174804,43.24692278638866,44.085411071777344,701200,0.0,0.0,0.0
2022-02-25 00:00:00-05:00,44.405239940803305,45.2437281215274,44.405239940803305,45.09677505493164,397300,0.0,0.0,0.0
2022-02-28 00:00:00-05:00,44.344728582558446,44.759649630059066,44.344728582558446,44.707786560058594,545000,0.0,0.0,0.0
2022-03-01 00:00:00-05:00,44.612694571290184,44.733712783587976,43.73098621347901,43.869293212890625,520100,0.0,0.0,0.0
2022-03-02 00:00:00-05:00,44.05947883090657,44.690504897366004,44.05947883090657,44.56084060668945,464500,0.0,0.0,0.0
2022-03-03 00:00:00-05:00,44.62133961433577,44.78558145162694,44.36201438926972,44.422523498535156,382700,0.0,0.0,0.0
2022-03-04 00:00:00-05:00,44.11997664382143,44.292861221238255,43.91251449142144,44.249637603759766,407300,0.0,0.0,0.0
2022-03-07 00:00:00-05:00,43.86929765416183,44.21506683644559,43.4543766139209,43.54081726074219,564000,0.0,0.0,0.0
2022-03-08 00:00:00-05:00,43.53218086477755,44.059477460798455,43.117259764015145,43.36793899536133,1082800,0.0,0.0,0.0
2022-03-09 00:00:00-05:00,44.059467536350404,44.500320076139204,43.83471659645882,44.249637603759766,486000,0.0,0.0,0.0
2022-03-10 00:00:00-05:00,43.94709868110592,44.37066579465542,43.886589564527355,44.18049240112305,293600,0.0,0.0,0.0
2022-03-11 00:00:00-05:00,44.29286847177806,44.59541405865854,44.154561446704186,44.163204193115234,449000,0.0,0.0,0.0
2022-03-14 00:00:00-04:00,44.41388073695307,44.716426283169035,44.094043105240026,44.27557373046875,433200,0.0,0.0,0.0
2022-03-15 00:00:00-04:00,44.362011332879774,44.41387769331923,43.938447597203776,44.3015022277832,555400,0.0,0.0,0.0
2022-03-16 00:00:00-04:00,44.65592770967581,45.18322432677176,44.45711154704126,45.018985748291016,808000,0.0,0.0,0.0
2022-03-17 00:00:00-04:00,44.897955642392695,45.24372482299805,44.872024107972045,45.24372482299805,299500,0.0,0.0,0.0
2022-03-18 00:00:00-04:00,45.11406854067949,45.433906243472585,44.89796358892733,45.33017349243164,346500,0.0,0.0,0.0
2022-03-21 00:00:00-04:00,45.4338830919696,45.51168096685732,45.31286161075678,45.451171875,317100,0.0,0.0,0.0
2022-03-22 00:00:00-04:00,45.650008181913186,45.978485312694104,45.62407334711495,45.727806091308594,142700,0.0,0.0,0.0
2022-03-23 00:00:00-04:00,45.459842170025645,45.48577371153872,44.811527252197266,44.811527252197266,275700,0.0,0.0,0.0
2022-03-24 00:00:00-04:00,45.018991542135055,45.036277038936646,44.75102017670556,44.86339569091797,220700,0.0,0.0,0.0
2022-03-25 00:00:00-04:00,44.9786454425605,45.17797237046127,44.88331445400549,45.125972747802734,130900,0.133,0.0,0.0
2022-03-28 00:00:00-04:00,45.117302719690734,45.29062816377123,44.92664076403706,45.13463592529297,200800,0.0,0.0,0.0
2022-03-29 00:00:00-04:00,45.48129814082936,45.541962718150955,45.16064204556213,45.23863983154297,166700,0.0,0.0,0.0
2022-03-30 00:00:00-04:00,45.18664541635244,45.18664541635244,44.93531882076845,45.0393180847168,83100,0.0,0.0,0.0
2022-03-31 00:00:00-04:00,45.021988119160085,45.273314732859234,44.41533892628951,44.46733856201172,290000,0.0,0.0,0.0
2022-04-01 00:00:00-04:00,44.735992747512874,44.735992747512874,44.16401000830072,44.41533660888672,222600,0.0,0.0,0.0
2022-04-04 00:00:00-04:00,44.41532058294495,44.701313502345,44.2159936872892,44.67531204223633,91000,0.0,0.0,0.0
2022-04-05 00:00:00-04:00,44.76198415262142,44.94397786827543,44.59732033810199,44.64065170288086,135300,0.0,0.0,0.0
2022-04-06 00:00:00-04:00,44.389329368222924,44.41532752642514,44.034006880250374,44.19000244140625,241600,0.0,0.0,0.0
2022-04-07 00:00:00-04:00,44.22466288419531,44.22466288419531,43.488019794457735,43.75667953491211,549600,0.0,0.0,0.0
2022-04-08 00:00:00-04:00,43.860680955819305,44.216003466833044,43.82601453865418,43.93867874145508,189600,0.0,0.0,0.0
2022-04-11 00:00:00-04:00,43.895339401241124,44.19866223142134,43.80000842433565,43.83467483520508,155700,0.0,0.0,0.0
2022-04-12 00:00:00-04:00,43.92133474908938,43.92999969826745,43.25402125937465,43.3146858215332,474600,0.0,0.0,0.0
2022-04-13 00:00:00-04:00,43.24537099758609,43.297367322255354,42.90737835737685,43.25403594970703,261400,0.0,0.0,0.0
2022-04-14 00:00:00-04:00,43.262700184781465,43.50536181777939,43.262700184781465,43.323368072509766,200600,0.0,0.0,0.0
2022-04-18 00:00:00-04:00,43.271355099749805,43.392684225850324,43.1240245137915,43.1846923828125,132900,0.0,0.0,0.0
2022-04-19 00:00:00-04:00,43.306035825070495,43.67002332369945,43.306035825070495,43.63535690307617,84000,0.0,0.0,0.0
2022-04-20 00:00:00-04:00,43.748014652448845,44.05134082912214,43.652683662807846,43.843345642089844,143100,0.0,0.0,0.0
2022-04-21 00:00:00-04:00,43.99068201852233,44.354672844379614,43.574694864665446,43.64402770996094,325200,0.0,0.0,0.0
2022-04-22 00:00:00-04:00,43.64401878741003,43.64401878741003,42.621382670172665,42.64738082885742,192800,0.0,0.0,0.0
2022-04-25 00:00:00-04:00,42.37018117998622,42.5352845053378,41.831430811248936,42.448387145996094,748100,0.131,0.0,0.0
2022-04-26 00:00:00-04:00,42.257224918491104,42.474463372070936,41.64895658550844,41.66633605957031,488200,0.0,0.0,0.0
2022-04-27 00:00:00-04:00,41.73585123296713,41.88357510719038,41.34482466281405,41.440406799316406,571200,0.0,0.0,0.0
2022-04-28 00:00:00-04:00,41.770602148540924,42.3093524893084,41.64894916657361,42.12687301635742,247900,0.0,0.0,0.0
2022-04-29 00:00:00-04:00,41.987835922431366,42.17900676713249,41.59680615590398,41.63156509399414,350100,0.0,0.0,0.0
2022-05-02 00:00:00-04:00,41.70978128590497,41.70978128590497,41.058065953312706,41.52730178833008,481000,0.0,0.0,0.0
2022-05-03 00:00:00-04:00,41.605504975573716,42.1790142972698,41.570746031278105,41.909637451171875,300900,0.0,0.0,0.0
2022-05-04 00:00:00-04:00,41.892256085210384,42.37017994588582,41.74453555082506,42.344112396240234,248900,0.0,0.0,0.0
2022-05-05 00:00:00-04:00,42.30068001201289,42.30068001201289,41.336140563835684,41.55337905883789,372900,0.0,0.0,0.0
2022-05-06 00:00:00-04:00,41.370900650511146,41.49255368067344,41.04069720093032,41.32745361328125,554700,0.0,0.0,0.0
2022-05-09 00:00:00-04:00,40.94507994140717,41.0928037310555,40.667015141262674,40.797359466552734,710800,0.0,0.0,0.0
2022-05-10 00:00:00-04:00,41.023304465982264,41.275301841195194,40.44110706269246,40.63227462768555,888600,0.0,0.0,0.0
2022-05-11 00:00:00-04:00,40.53668212890625,41.11887938320685,40.31944375375626,40.53668212890625,669400,0.0,0.0,0.0
2022-05-12 00:00:00-04:00,40.16305194011221,40.16305194011221,39.520024569643006,39.919742584228516,665100,0.0,0.0,0.0
2022-05-13 00:00:00-04:00,40.21518880990526,40.62359823795212,40.18043317023031,40.48456573486328,317800,0.0,0.0,0.0
2022-05-16 00:00:00-04:00,40.51931676073638,40.79738171250383,40.21518094081869,40.5975227355957,222400,0.0,0.0,0.0
2022-05-17 00:00:00-04:00,41.02332155715065,41.336145558117,40.875600953803634,41.197113037109375,494000,0.0,0.0,0.0
2022-05-18 00:00:00-04:00,40.927706773079095,40.927706773079095,40.31944200093801,40.432403564453125,335600,0.0,0.0,0.0
2022-05-19 00:00:00-04:00,40.05876200109577,40.6148951223846,39.9718679618793,40.371585845947266,415500,0.0,0.0,0.0
2022-05-20 00:00:00-04:00,40.59752187650735,40.710483481850446,39.893668117667744,40.4150390625,307100,0.0,0.0,0.0
2022-05-24 00:00:00-04:00,40.886461427925134,40.95617566294711,40.28519110957012,40.842891693115234,251500,0.131,0.0,0.0
2022-05-25 00:00:00-04:00,40.98232772129501,41.313463777262676,40.92132941153235,41.10432434082031,271200,0.0,0.0,0.0
2022-05-26 00:00:00-04:00,41.269880741724,41.71429733034107,41.2611648007596,41.50516128540039,158700,0.0,0.0,0.0
2022-05-27 00:00:00-04:00,41.62716155895585,42.132576482535995,41.62716155895585,42.05414962768555,164500,0.0,0.0,0.0
2022-05-30 00:00:00-04:00,42.27201250457211,42.4724393261924,42.16744444593096,42.394012451171875,73600,0.0,0.0,0.0
2022-05-31 00:00:00-04:00,42.13259214891207,42.428871119163134,41.77531486044686,42.23716354370117,289200,0.0,0.0,0.0
2022-06-01 00:00:00-04:00,42.43757716755614,42.43757716755614,41.94087479269716,42.193580627441406,217800,0.0,0.0,0.0
2022-06-02 00:00:00-04:00,42.080306296426336,42.53343899723648,41.96702229018411,42.524723052978516,169400,0.0,0.0,0.0
2022-06-03 00:00:00-04:00,42.315579327198144,42.315579327198144,41.96701475099039,42.07158279418945,194400,0.0,0.0,0.0
2022-06-06 00:00:00-04:00,42.28943302465402,42.56828334409709,42.16743642541743,42.21100616455078,107000,0.0,0.0,0.0
2022-06-07 00:00:00-04:00,42.05416188413539,42.394013903640484,42.001879515102885,42.34172821044922,240300,0.0,0.0,0.0
2022-06-08 00:00:00-04:00,42.21973403469787,42.21973403469787,41.77531392717027,41.94088363647461,120100,0.0,0.0,0.0
2022-06-09 00:00:00-04:00,41.86246228536843,41.95831774570255,41.487756389967416,41.522613525390625,117900,0.0,0.0,0.0
2022-06-10 00:00:00-04:00,41.04332418240795,41.04332418240795,40.49433941927113,40.598907470703125,455100,0.0,0.0,0.0
2022-06-13 00:00:00-04:00,39.87563899456294,39.988922994808,39.62293313515891,39.82335662841797,630100,0.0,0.0,0.0
2022-06-14 00:00:00-04:00,39.788495624054846,39.893063670312934,39.352791553128206,39.55321502685547,390800,0.0,0.0,0.0
2022-06-15 00:00:00-04:00,39.753636047336805,40.09348466982179,39.33536056395852,39.762351989746094,628600,0.0,0.0,0.0
2022-06-16 00:00:00-04:00,39.25694000720529,39.25694000720529,38.507528399247754,38.64695358276367,455300,0.0,0.0,0.0
2022-06-17 00:00:00-04:00,38.74280756842322,39.056515050622345,38.49881433744987,38.69923782348633,471200,0.0,0.0,0.0
2022-06-20 00:00:00-04:00,38.84738818785983,39.22209074279333,38.83867224230367,39.19594955444336,103400,0.0,0.0,0.0
2022-06-21 00:00:00-04:00,39.43121262886783,39.45735380555428,39.16107494786277,39.23078918457031,257500,0.0,0.0,0.0
2022-06-22 00:00:00-04:00,38.85609393797365,39.00423174463923,38.638241875824015,38.75152587890625,418900,0.0,0.0,0.0
2022-06-23 00:00:00-04:00,38.75153059307886,38.82124153288466,37.92369199137094,38.04568862915039,375400,0.0,0.0,0.0
2022-06-24 00:00:00-04:00,38.33498443901837,38.61467397734185,38.308764586726255,38.422386169433594,247800,0.131,0.0,0.0
2022-06-27 00:00:00-04:00,38.6758672067034,38.88563608909363,38.44862064043032,38.7370491027832,247400,0.0,0.0,0.0
2022-06-28 00:00:00-04:00,39.03421380886156,39.30516454615278,38.623418282618076,38.75452423095703,261400,0.0,0.0,0.0
2022-06-29 00:00:00-04:00,38.81571520930062,38.93807901152401,38.50980570374214,38.72831344604492,293500,0.0,0.0,0.0
2022-06-30 00:00:00-04:00,38.24757730036527,38.58845203248934,37.88922489043577,38.51852798461914,347100,0.0,0.0,0.0
2022-07-04 00:00:00-04:00,38.597194649472485,38.94680825472115,38.597194649472485,38.67585754394531,181300,0.0,0.0,0.0
2022-07-05 00:00:00-04:00,38.41364524697595,38.55349000855424,37.99411096224107,38.51852798461914,408800,0.0,0.0,0.0
2022-07-06 00:00:00-04:00,38.448607270911054,38.570971020521796,38.168914413592354,38.51852798461914,280300,0.0,0.0,0.0
2022-07-07 00:00:00-04:00,38.69333262166578,39.24397279850166,38.69333262166578,39.086647033691406,180300,0.0,0.0,0.0
2022-07-08 00:00:00-04:00,39.104133910864974,39.31389940597183,38.94680812245361,39.14783477783203,129300,0.0,0.0,0.0
2022-07-11 00:00:00-04:00,39.02547668827538,39.05169654543369,38.763264780040615,38.850669860839844,145500,0.0,0.0,0.0
2022-07-12 00:00:00-04:00,38.728287697051805,39.03419699922261,38.59718180517213,38.78072738647461,202100,0.0,0.0,0.0
2022-07-13 00:00:00-04:00,38.448601724399275,38.448601724399275,37.86299957753142,38.34371566772461,350200,0.0,0.0,0.0
2022-07-14 00:00:00-04:00,37.98537978545209,37.98537978545209,37.085129080566034,37.12882995605469,798700,0.0,0.0,0.0
2022-07-15 00:00:00-04:00,37.469685723454766,37.469685723454766,37.09385235052826,37.321102142333984,428300,0.0,0.0,0.0
2022-07-18 00:00:00-04:00,37.62701589254221,38.04655017185042,37.62701589254221,37.72315979003906,408700,0.0,0.0,0.0
2022-07-19 00:00:00-04:00,37.9941123630775,38.684594023362074,37.9941123630775,38.57097244262695,391200,0.0,0.0,0.0
2022-07-20 00:00:00-04:00,38.527261107887945,38.81568940219737,38.413636223869645,38.78072738647461,256700,0.0,0.0,0.0
2022-07-21 00:00:00-04:00,38.789487971361844,38.86815087699969,38.509798381130146,38.850669860839844,154200,0.0,0.0,0.0
2022-07-22 00:00:00-04:00,38.88562315863074,39.025467922334514,38.61467247025873,38.76325607299805,265500,0.0,0.0,0.0
2022-07-25 00:00:00-04:00,38.8684316275957,39.11382648790355,38.83337808458773,39.01742172241211,248100,0.12,0.0,0.0
2022-07-26 00:00:00-04:00,38.87718897250234,39.05247002183639,38.63179750935942,38.710670471191406,189800,0.0,0.0,0.0
2022-07-27 00:00:00-04:00,38.86843170059312,39.289107649565594,38.79832127123683,39.122589111328125,430000,0.0,0.0,0.0
2022-07-28 00:00:00-04:00,39.10505360320038,39.46437826465611,38.91224744989775,39.35921096801758,300400,0.0,0.0,0.0
2022-07-29 00:00:00-04:00,39.5081906136784,39.990210884587015,39.5081906136784,39.84122085571289,145500,0.0,0.0,0.0
2022-08-02 00:00:00-04:00,39.56077975957664,39.727298254035865,39.3592077312593,39.55201721191406,426900,0.0,0.0,0.0
2022-08-03 00:00:00-04:00,39.70976708727674,40.1216736632743,39.65718177529069,40.00774383544922,284500,0.0,0.0,0.0
2022-08-04 00:00:00-04:00,40.00774755686642,40.03403854370117,39.8499949494421,40.03403854370117,198700,0.0,0.0,0.0
2022-08-05 00:00:00-04:00,40.03403483711002,40.13920211791992,39.8061684949464,40.13920211791992,325600,0.0,0.0,0.0
2022-08-08 00:00:00-04:00,40.183024975692774,40.24437284001168,39.981452943900955,40.025272369384766,608800,0.0,0.0,0.0
2022-08-09 00:00:00-04:00,40.007758382531755,40.007758382531755,39.72730996971509,39.82371139526367,267300,0.0,0.0,0.0
2022-08-10 00:00:00-04:00,40.15673560055665,40.69134130525361,40.15673560055665,40.58617401123047,317200,0.0,0.0,0.0
2022-08-11 00:00:00-04:00,40.84909058000041,41.0331341653042,40.83156214189418,40.89291000366211,184400,0.0,0.0,0.0
2022-08-12 00:00:00-04:00,41.147079711418044,41.3924712322617,41.03314650107975,41.33112335205078,246300,0.0,0.0,0.0
2022-08-15 00:00:00-04:00,41.29605171574472,41.50638961791992,41.20841287337612,41.50638961791992,128500,0.0,0.0,0.0
2022-08-16 00:00:00-04:00,41.436284033600586,41.92707033990341,41.436284033600586,41.830665588378906,258400,0.0,0.0,0.0
2022-08-17 00:00:00-04:00,41.611565100721606,41.78684616322131,41.541454681646634,41.74302673339844,337200,0.0,0.0,0.0
2022-08-18 00:00:00-04:00,41.78685367964203,41.96213477367047,41.66415791678476,41.856964111328125,199800,0.0,0.0,0.0
2022-08-19 00:00:00-04:00,41.69921422124973,41.69921422124973,41.33988614475023,41.515167236328125,445800,0.0,0.0,0.0
2022-08-22 00:00:00-04:00,41.06818750373784,41.0944784870285,40.77021076801636,40.945491790771484,514800,0.0,0.0,0.0
2022-08-23 00:00:00-04:00,40.77898735917185,40.8403352367835,40.48101052082585,40.5423583984375,397200,0.0,0.0,0.0
2022-08-24 00:00:00-04:00,40.218093804207584,40.314498574843455,39.98146482443105,40.1129264831543,428800,0.0,0.0,0.0
2022-08-25 00:00:00-04:00,40.262303527178126,40.71923099125922,40.262303527178126,40.429256439208984,72800,0.12,0.0,0.0
2022-08-26 00:00:00-04:00,40.55227986755792,40.68408374539572,39.998694195047314,40.07777786254883,242700,0.0,0.0,0.0
2022-08-29 00:00:00-04:00,39.726289653019656,39.9108170722979,39.603271373500824,39.87567138671875,250200,0.0,0.0,0.0
2022-08-30 00:00:00-04:00,39.91081237905855,39.963535929222424,39.34844125196249,39.418739318847656,500500,0.0,0.0,0.0
2022-08-31 00:00:00-04:00,39.33964667460214,39.374795700007915,38.996952056884766,38.996952056884766,390400,0.0,0.0,0.0
2022-09-01 00:00:00-04:00,38.78606160618813,38.7948505386166,38.25883962832972,38.71576690673828,506100,0.0,0.0,0.0
2022-09-02 00:00:00-04:00,39.06726191502598,39.489040327571836,38.86515996851423,38.98817825317383,486900,0.0,0.0,0.0
2022-09-06 00:00:00-04:00,39.09362252899149,39.102408112115704,38.46973886328075,38.68062973022461,577200,0.0,0.0,0.0
2022-09-07 00:00:00-04:00,38.61913032528745,39.137567012186096,38.48732308122946,39.04090881347656,328100,0.0,0.0,0.0
2022-09-08 00:00:00-04:00,38.98818649575813,39.6911506652832,38.9178917548044,39.6911506652832,579500,0.0,0.0,0.0
2022-09-09 00:00:00-04:00,39.981107532698736,40.42924594445071,39.981107532698736,40.36773681640625,663800,0.0,0.0,0.0
2022-09-12 00:00:00-04:00,40.65772772965462,40.91255327856777,40.60500416201821,40.815895080566406,450800,0.0,0.0,0.0
2022-09-13 00:00:00-04:00,40.27987619951126,40.37653437909422,39.94596703876926,40.06019973754883,526900,0.0,0.0,0.0
2022-09-14 00:00:00-04:00,40.20956166378943,40.306219803807416,39.945950687737465,40.13926696777344,333600,0.0,0.0,0.0
2022-09-15 00:00:00-04:00,40.086558127660446,40.51712544958956,40.086558127660446,40.16564178466797,496700,0.0,0.0,0.0
2022-09-16 00:00:00-04:00,39.858108093637966,39.92840283659093,39.67358062238908,39.89325714111328,611600,0.0,0.0,0.0
2022-09-19 00:00:00-04:00,39.629634799692575,40.18322045595705,39.541765550379424,40.1568603515625,292500,0.0,0.0,0.0
2022-09-20 00:00:00-04:00,39.989901568651995,39.989901568651995,39.49782844026751,39.80537414550781,258100,0.0,0.0,0.0
2022-09-21 00:00:00-04:00,39.97232604247436,39.97232604247436,39.339656829833984,39.339656829833984,570900,0.0,0.0,0.0
2022-09-22 00:00:00-04:00,39.40115876812617,39.50660250030966,39.01452951545616,39.032100677490234,222100,0.0,0.0,0.0
2022-09-23 00:00:00-04:00,38.62681266581537,38.64443479018989,38.010051757013365,38.300811767578125,609300,0.12,0.0,0.0
2022-09-26 00:00:00-04:00,38.106967689339506,38.47702217843964,38.02766981866431,38.239131927490234,305800,0.0,0.0,0.0
2022-09-27 00:00:00-04:00,38.44177762554324,38.49464062689718,37.77215047906901,37.913124084472656,489600,0.0,0.0,0.0
2022-09-28 00:00:00-04:00,37.7809771517954,38.556330586890084,37.67524438794667,38.40654754638672,632600,0.0,0.0,0.0
2022-09-29 00:00:00-04:00,38.133405018690674,38.133405018690674,37.63118621470911,38.02767562866211,544700,0.0,0.0,0.0
2022-09-30 00:00:00-04:00,38.07173894468042,38.53871697814674,37.9924410417203,38.01006317138672,256200,0.0,0.0,0.0
2022-10-03 00:00:00-04:00,38.212709515803084,38.82066117612161,38.15984649217698,38.582767486572266,563700,0.0,0.0,0.0
2022-10-04 00:00:00-04:00,39.12903724814875,39.73698550436205,39.12903724814875,39.631256103515625,795700,0.0,0.0,0.0
2022-10-05 00:00:00-04:00,39.24356186944309,39.37572272121756,39.120210396690034,39.296424865722656,367300,0.0,0.0,0.0
2022-10-06 00:00:00-04:00,38.98805628115932,39.093785662176316,38.18626813953785,38.34486389160156,745700,0.0,0.0,0.0
2022-10-07 00:00:00-04:00,38.089347934180886,38.089347934180886,37.287559796888246,37.4461555480957,432500,0.0,0.0,0.0
2022-10-11 00:00:00-04:00,37.08492028115233,37.111351793025065,36.52102562068535,36.59151077270508,599000,0.0,0.0,0.0
2022-10-12 00:00:00-04:00,36.56507951718402,36.84702684939419,36.41529646741869,36.6531867980957,454400,0.0,0.0,0.0
2022-10-13 00:00:00-04:00,36.28311914573928,37.86026377924473,36.03641615898351,37.66642379760742,1153500,0.0,0.0,0.0
2022-10-14 00:00:00-04:00,38.01005061173635,38.1862684890954,37.5606982174934,37.56950759887695,629700,0.0,0.0,0.0
2022-10-17 00:00:00-04:00,37.95718925412035,38.33605316948665,37.95718925412035,38.13340377807617,349100,0.0,0.0,0.0
2022-10-18 00:00:00-04:00,38.6356113738472,38.78539770911181,38.37128630340592,38.4858283996582,399900,0.0,0.0,0.0
2022-10-19 00:00:00-04:00,38.309622375038664,38.309622375038664,37.73691843938615,38.001243591308594,467600,0.0,0.0,0.0
2022-10-20 00:00:00-04:00,38.00124249035707,38.106971875847584,37.446157334647914,37.560699462890625,338600,0.0,0.0,0.0
2022-10-21 00:00:00-04:00,37.51664490792785,38.09816155541159,37.36685853452027,38.018863677978516,645000,0.0,0.0,0.0
2022-10-24 00:00:00-04:00,38.28319576195044,38.34487152658053,38.02767995929601,38.24795150756836,384900,0.0,0.0,0.0
2022-10-25 00:00:00-04:00,38.1737292473804,38.65090166355227,38.12954736533372,38.61555480957031,230500,0.126,0.0,0.0
2022-10-26 00:00:00-04:00,38.50066778985855,39.075042198535385,38.47415934267241,38.721580505371094,227000,0.0,0.0,0.0
2022-10-27 00:00:00-04:00,38.915966113097504,39.198733983694666,38.801090612273995,38.93363952636719,339900,0.0,0.0,0.0
2022-10-28 00:00:00-04:00,39.0131952209132,39.33130676751262,38.951339917058206,39.295963287353516,315200,0.0,0.0,0.0
2022-10-31 00:00:00-04:00,39.23409234256689,39.446166622421686,39.11921680797727,39.14572525024414,238200,0.0,0.0,0.0
2022-11-01 00:00:00-04:00,39.53454549935868,39.640582670894055,39.181083766426205,39.26061248779297,213600,0.0,0.0,0.0
2022-11-02 00:00:00-04:00,39.23408081023404,39.569865549781355,38.915966113097504,38.93363952636719,688500,0.0,0.0,0.0
2022-11-03 00:00:00-04:00,38.76575484794435,38.9248122419013,38.597862430260854,38.80110168457031,501700,0.0,0.0,0.0
2022-11-04 00:00:00-04:00,39.11038259225608,39.58755482920503,39.11038259225608,39.508026123046875,599800,0.0,0.0,0.0
2022-11-07 00:00:00-05:00,39.66708776551355,39.76428990239043,39.51686873278429,39.72010803222656,99400,0.0,0.0,0.0
2022-11-08 00:00:00-05:00,39.764289669187505,39.994037415208595,39.65825250724397,39.77312469482422,232700,0.0,0.0,0.0
2022-11-09 00:00:00-05:00,39.67592169341376,39.67592169341376,39.24293132450955,39.287113189697266,318200,0.0,0.0,0.0
2022-11-10 00:00:00-05:00,40.02937028599529,40.76280187965767,40.02937028599529,40.60374450683594,556600,0.0,0.0,0.0
2022-11-11 00:00:00-05:00,40.75398638057741,40.99257257384037,40.586093890886275,40.8776969909668,296600,0.0,0.0,0.0
2022-11-14 00:00:00-05:00,40.8511734115617,40.8511734115617,40.60375228239574,40.63909912109375,370000,0.0,0.0,0.0
2022-11-15 00:00:00-05:00,41.019061918091666,41.089755588730114,40.45352603642304,40.72745895385742,383800,0.0,0.0,0.0
2022-11-16 00:00:00-05:00,40.61261011677706,40.647956975327695,40.40937073640386,40.6214485168457,204800,0.0,0.0,0.0
2022-11-17 00:00:00-05:00,40.382862277921866,40.630283546052375,40.329841990095915,40.6214485168457,85700,0.0,0.0,0.0
2022-11-18 00:00:00-05:00,40.86885082289175,41.00139979552637,40.7804870883756,40.842342376708984,244400,0.0,0.0,0.0
2022-11-21 00:00:00-05:00,40.79449356424279,40.93626403808594,40.70588490554413,40.93626403808594,166700,0.126,0.0,0.0
2022-11-22 00:00:00-05:00,40.98057083893803,41.37043883657874,40.98057083893803,41.308414459228516,156900,0.0,0.0,0.0
2022-11-23 00:00:00-05:00,41.388169904103975,41.574243078118435,41.27298368023359,41.45905685424805,152400,0.0,0.0,0.0
2022-11-24 00:00:00-05:00,41.50335436462765,41.72487098626207,41.44132998097604,41.54765701293945,105600,0.0,0.0,0.0
2022-11-25 00:00:00-05:00,41.62740584911622,41.822341570502864,41.62740584911622,41.689430236816406,130000,0.0,0.0,0.0
2022-11-28 00:00:00-05:00,41.56536703963936,41.795742774010925,41.11347474603286,41.255245208740234,271100,0.0,0.0,0.0
2022-11-29 00:00:00-05:00,41.2375233835569,41.31726947990106,40.93626072848724,41.28182601928711,225500,0.0,0.0,0.0
2022-11-30 00:00:00-05:00,41.272983586979535,41.60082728046559,40.8476686472277,41.59196472167969,326500,0.0,0.0,0.0
2022-12-01 00:00:00-05:00,41.65397035239182,41.751438174683365,41.30840507704856,41.6185302734375,363900,0.0,0.0,0.0
2022-12-02 00:00:00-05:00,41.3261366964615,41.707145522013896,41.31727751962137,41.52107238769531,104400,0.0,0.0,0.0
2022-12-05 00:00:00-05:00,41.31727921980454,41.32613839700922,40.95399211305843,41.131202697753906,244000,0.0,0.0,0.0
2022-12-06 00:00:00-05:00,41.13120349988234,41.13120349988234,40.484375388918934,40.72361373901367,263100,0.0,0.0,0.0
2022-12-07 00:00:00-05:00,40.62613934033766,40.88309938385193,40.572977524489716,40.58183670043945,143200,0.0,0.0,0.0
2022-12-08 00:00:00-05:00,40.63499656789933,40.68815837677617,40.3780365580802,40.4843635559082,309300,0.0,0.0,0.0
2022-12-09 00:00:00-05:00,40.43121118259431,40.75019563059507,40.43121118259431,40.60842514038086,153900,0.0,0.0,0.0
2022-12-12 00:00:00-05:00,40.65272372594752,40.65272372594752,40.22741229776894,40.55525588989258,347000,0.0,0.0,0.0
2022-12-13 00:00:00-05:00,40.794494564313275,40.891962401233855,39.846403863480944,40.01475524902344,555000,0.0,0.0,0.0
2022-12-14 00:00:00-05:00,40.00590567809129,40.085651801984135,39.61603423680376,39.67805862426758,486400,0.0,0.0,0.0
2022-12-15 00:00:00-05:00,39.36792494269114,39.4033684049757,39.05780309788776,39.30590057373047,257800,0.0,0.0,0.0
2022-12-16 00:00:00-05:00,38.986916891932744,39.305901298224136,38.986916891932744,39.13754653930664,127400,0.0,0.0,0.0
2022-12-19 00:00:00-05:00,39.172979419028955,39.26158805243454,38.66792203887524,38.783111572265625,125300,0.0,0.0,0.0
2022-12-20 00:00:00-05:00,38.836293677007475,39.27046433964653,38.836293677007475,39.06666946411133,552500,0.0,0.0,0.0
2022-12-21 00:00:00-05:00,39.25274191735016,39.55400463679118,39.25274191735016,39.44767761230469,319800,0.0,0.0,0.0
2022-12-22 00:00:00-05:00,39.27045672187991,39.27045672187991,38.80084268152923,39.17298889160156,231400,0.0,0.0,0.0
2022-12-23 00:00:00-05:00,39.16413149767159,39.44767244588394,39.16413149767159,39.42995071411133,111300,0.0,0.0,0.0
2022-12-28 00:00:00-05:00,39.35906963159219,39.49198094958591,38.97806417216567,39.06666946411133,267700,0.0,0.0,0.0
2022-12-29 00:00:00-05:00,39.17242254527606,39.607867249644016,39.17242254527606,39.56343460083008,90900,0.129,0.0,0.0
2022-12-30 00:00:00-05:00,39.367922265114686,39.43901720688148,39.08354927803433,39.20796203613281,42100,0.0,0.0,0.0
2023-01-03 00:00:00-05:00,39.54564017724041,39.73225923863604,39.350132556735254,39.465660095214844,133800,0.0,0.0,0.0
2023-01-04 00:00:00-05:00,39.58120899321133,40.12329613169395,39.58120899321133,39.981109619140625,258900,0.0,0.0,0.0
2023-01-05 00:00:00-05:00,39.85668585281315,39.87445958724169,39.536768803079205,39.73227310180664,200000,0.0,0.0,0.0
2023-01-06 00:00:00-05:00,39.892229524287856,40.1766024680882,39.82113798333422,40.15882873535156,174600,0.0,0.0,0.0
2023-01-09 00:00:00-05:00,40.221037441898275,40.469866324675955,40.18549336435268,40.24769973754883,183400,0.0,0.0,0.0
2023-01-10 00:00:00-05:00,40.27436118164203,40.389888763427734,40.167722162297764,40.389888763427734,218500,0.0,0.0,0.0
2023-01-11 00:00:00-05:00,40.381002504414504,40.727585269541535,40.381002504414504,40.656490325927734,258200,0.0,0.0,0.0
2023-01-12 00:00:00-05:00,40.79867794776536,41.12748359605888,40.6831503562052,41.00307083129883,188400,0.0,0.0,0.0
2023-01-13 00:00:00-05:00,40.8786427346856,41.402955896664956,40.8786427346856,41.37629699707031,260200,0.0,0.0,0.0
2023-01-16 00:00:00-05:00,41.26965928298903,41.536261869036075,41.26965928298903,41.482940673828125,70500,0.0,0.0,0.0
2023-01-17 00:00:00-05:00,41.4385134382346,41.65179146686758,41.38519223607978,41.5806999206543,227700,0.0,0.0,0.0
2023-01-18 00:00:00-05:00,41.58957977241891,41.873952700880466,41.42073440551758,41.42073440551758,193300,0.0,0.0,0.0
2023-01-19 00:00:00-05:00,41.243020042227855,41.385206573907816,41.07417459523113,41.287452697753906,309700,0.0,0.0,0.0
2023-01-20 00:00:00-05:00,41.376309174420825,41.5451545715332,41.16302774491643,41.5451545715332,120000,0.0,0.0,0.0
2023-01-23 00:00:00-05:00,41.64291358483271,41.83842130363275,41.411858391706545,41.76732635498047,85500,0.0,0.0,0.0
2023-01-24 00:00:00-05:00,41.714000591928524,41.81175444066227,41.58958783535589,41.776206970214844,215300,0.0,0.0,0.0
2023-01-25 00:00:00-05:00,41.62381640664507,41.971349339884334,41.55252925590599,41.917884826660156,509800,0.129,0.0,0.0
2023-01-26 00:00:00-05:00,41.94462477481427,42.34562569413127,41.94462477481427,42.31889343261719,365100,0.0,0.0,0.0
2023-01-27 00:00:00-05:00,42.40802311950347,42.40802311950347,42.15851283020356,42.283267974853516,216400,0.0,0.0,0.0
2023-01-30 00:00:00-05:00,42.158498745129975,42.30107649128393,42.122853458761085,42.14958572387695,101200,0.0,0.0,0.0
2023-01-31 00:00:00-05:00,42.22978139016886,42.58622741699219,42.087203659303775,42.58622741699219,224500,0.0,0.0,0.0
2023-02-01 00:00:00-05:00,42.55948220281495,42.728795557247686,42.3545269731568,42.57730484008789,423700,0.0,0.0,0.0
2023-02-02 00:00:00-05:00,42.74662970115664,42.96940762805561,42.57731630114774,42.81791687011719,204500,0.0,0.0,0.0
2023-02-03 00:00:00-05:00,42.78226592184293,43.14762153761333,42.78226592184293,42.98722457885742,308300,0.0,0.0,0.0
2023-02-06 00:00:00-05:00,42.81791879447885,42.81791879447885,42.55058595004965,42.74663162231445,273800,0.0,0.0,0.0
2023-02-07 00:00:00-05:00,42.550579174796944,43.174357978689585,42.550579174796944,43.11198043823242,413400,0.0,0.0,0.0
2023-02-08 00:00:00-05:00,43.022879037013425,43.23674737674886,42.969414501571016,43.09416961669922,125000,0.0,0.0,0.0
2023-02-09 00:00:00-05:00,43.316950661534406,43.48626070135283,42.94268189019607,43.049617767333984,147200,0.0,0.0,0.0
2023-02-10 00:00:00-05:00,42.85357395665696,43.04070665095359,42.773373744912355,42.960506439208984,147600,0.0,0.0,0.0
2023-02-13 00:00:00-05:00,42.987244355048425,43.29913219516957,42.987244355048425,43.19219970703125,103600,0.0,0.0,0.0
2023-02-14 00:00:00-05:00,43.19218557760668,43.37931822046282,42.9248493457306,43.13871765136719,356400,0.0,0.0,0.0
2023-02-15 00:00:00-05:00,42.96050072383442,43.12981414794922,42.90703618933238,43.12981414794922,129600,0.0,0.0,0.0
2023-02-16 00:00:00-05:00,42.98722002612118,43.35257560319712,42.97830700754925,43.16543960571289,266700,0.0,0.0,0.0
2023-02-17 00:00:00-05:00,42.98722159720694,43.352577187635795,42.98722159720694,43.272377014160156,251800,0.0,0.0,0.0
2023-02-21 00:00:00-05:00,43.05851514349234,43.07633778461265,42.56840441030835,42.68424987792969,518200,0.0,0.0,0.0
2023-02-22 00:00:00-05:00,42.62973114868267,42.62973114868267,42.36167650466439,42.451026916503906,297000,0.129,0.0,0.0
2023-02-23 00:00:00-05:00,42.549332768035434,42.576140629950494,42.120444470907756,42.236602783203125,375800,0.0,0.0,0.0
2023-02-24 00:00:00-05:00,42.04894665472634,42.451026916503906,41.914917628467336,42.451026916503906,238300,0.0,0.0,0.0
2023-02-27 00:00:00-05:00,42.57614431476505,42.790586777637536,42.41531076335995,42.4957275390625,224200,0.0,0.0,0.0
2023-02-28 00:00:00-05:00,42.34382213949585,42.37956368147351,42.156184156864654,42.33488845825195,380100,0.0,0.0,0.0
2023-03-01 00:00:00-05:00,42.09364677253738,42.29022188512122,41.76304596287509,42.156192779541016,293400,0.0,0.0,0.0
2023-03-02 00:00:00-05:00,42.004278452018625,42.04895707751272,41.727290061558435,42.04001998901367,289200,0.0,0.0,0.0
2023-03-03 00:00:00-05:00,42.23660938351518,42.50466418504624,42.174063376774654,42.415313720703125,212900,0.0,0.0,0.0
2023-03-06 00:00:00-05:00,42.486777377183216,42.72802763007074,42.34381464308324,42.4063606262207,168200,0.0,0.0,0.0
2023-03-07 00:00:00-05:00,42.504645194769694,42.504645194769694,41.70047774096169,41.89705276489258,436400,0.0,0.0,0.0
2023-03-08 00:00:00-05:00,41.91493225097656,42.111507315800665,41.78984026736156,41.91493225097656,180200,0.0,0.0,0.0
2023-03-09 00:00:00-05:00,41.87918405728061,41.87918405728061,41.04821211699135,41.14649963378906,950600,0.0,0.0,0.0
2023-03-10 00:00:00-05:00,40.91419639060423,40.91419639060423,40.13683315578604,40.26192855834961,1692900,0.0,0.0,0.0
2023-03-13 00:00:00-04:00,39.5560501326577,39.681142132165554,38.957391181225546,39.43989181518555,1697100,0.0,0.0,0.0
2023-03-14 00:00:00-04:00,40.163653610455825,40.253004088943136,39.538190035537816,39.75263595581055,903600,0.0,0.0,0.0
2023-03-15 00:00:00-04:00,39.07353960020513,39.07353960020513,38.644651392613525,39.00205993652344,1094100,0.0,0.0,0.0
2023-03-16 00:00:00-04:00,38.80548677168363,39.60071724138486,38.51062419743452,39.234375,1282400,0.0,0.0,0.0
2023-03-17 00:00:00-04:00,39.00206541562156,39.00206541562156,38.42127730230264,38.51062774658203,1157800,0.0,0.0,0.0
2023-03-20 00:00:00-04:00,38.60892026340785,38.92165367575023,38.60892026340785,38.72507858276367,346600,0.0,0.0,0.0
2023-03-21 00:00:00-04:00,39.21650096477295,39.413075997899746,39.18075942993164,39.18075942993164,410900,0.0,0.0,0.0
2023-03-22 00:00:00-04:00,39.29636459020727,39.35013507875468,38.8662109375,38.8662109375,309000,0.129,0.0,0.0
2023-03-23 00:00:00-04:00,38.94686913017745,39.099217154758136,38.48983189355081,38.588409423828125,488600,0.0,0.0,0.0
2023-03-24 00:00:00-04:00,38.30162623968167,38.64216232299805,38.12239474298246,38.64216232299805,320700,0.0,0.0,0.0
2023-03-27 00:00:00-04:00,39.06337306478888,39.06337306478888,38.76764045195503,38.93791198730469,256300,0.0,0.0,0.0
2023-03-28 00:00:00-04:00,38.9558281358625,39.03648215881995,38.71386606699012,38.90205764770508,183400,0.0,0.0,0.0
2023-03-29 00:00:00-04:00,39.126117859744525,39.30534950083835,39.08131080411087,39.28742599487305,476200,0.0,0.0,0.0
2023-03-30 00:00:00-04:00,39.52039677613166,39.62793773584236,39.36805221104336,39.475589752197266,301400,0.0,0.0,0.0
2023-03-31 00:00:00-04:00,39.61899759774786,39.81615272136332,39.61899759774786,39.7982292175293,234800,0.0,0.0,0.0
2023-04-03 00:00:00-04:00,40.076026233783026,40.11186981201172,39.86991113009752,40.11186981201172,329800,0.0,0.0,0.0
2023-04-04 00:00:00-04:00,40.32694307867275,40.37175010949314,39.645867321953716,39.81613540649414,244400,0.0,0.0,0.0
2023-04-05 00:00:00-04:00,39.52937134061134,39.70860290527344,39.42183376923719,39.70860290527344,223400,0.0,0.0,0.0
2023-04-06 00:00:00-04:00,39.610016406217554,39.76236097962753,39.55624592342504,39.735477447509766,130700,0.0,0.0,0.0
2023-04-10 00:00:00-04:00,39.55626023880693,39.91472341670395,39.55626023880693,39.88783645629883,160200,0.0,0.0,0.0
2023-04-11 00:00:00-04:00,40.004331272919835,40.2283698695814,40.004331272919835,40.138755798339844,248200,0.0,0.0,0.0
2023-04-12 00:00:00-04:00,40.30902390112187,40.443448426541885,40.067061806500455,40.138755798339844,173500,0.0,0.0,0.0
2023-04-13 00:00:00-04:00,40.17460545831774,40.33591011353742,40.05810442313216,40.32695007324219,127700,0.0,0.0,0.0
2023-04-14 00:00:00-04:00,40.613707827979795,40.6495548162194,40.38070924153627,40.4075927734375,266300,0.0,0.0,0.0
2023-04-17 00:00:00-04:00,40.30903107247312,40.62268721473627,40.29110757132451,40.61372375488281,178900,0.0,0.0,0.0
2023-04-18 00:00:00-04:00,40.694364780030114,40.99009732652081,40.694364780030114,40.95425033569336,286700,0.0,0.0,0.0
2023-04-19 00:00:00-04:00,40.8019052933719,41.11556135802622,40.8019052933719,41.106597900390625,106000,0.0,0.0,0.0
2023-04-20 00:00:00-04:00,40.89153377366678,41.133495916535615,40.89153377366678,41.06180191040039,83800,0.0,0.0,0.0
2023-04-21 00:00:00-04:00,41.09765800695151,41.133505017950824,40.81984879954553,41.11558151245117,126800,0.0,0.0,0.0
2023-04-24 00:00:00-04:00,41.10926371381278,41.10926371381278,40.87558430864816,40.99242401123047,214400,0.133,0.0,0.0
2023-04-25 00:00:00-04:00,40.83065538362528,40.875592685059345,40.29140090942383,40.29140090942383,368500,0.0,0.0,0.0
2023-04-26 00:00:00-04:00,40.19254175521501,40.57001924809651,40.19254175521501,40.34532928466797,259300,0.0,0.0,0.0
2023-04-27 00:00:00-04:00,40.50711298029586,40.92054175801352,40.50711298029586,40.88459396362305,255100,0.0,0.0,0.0
2023-04-28 00:00:00-04:00,40.704824692479356,41.09129160981369,40.704824692479356,41.08230209350586,162300,0.0,0.0,0.0
2023-05-01 00:00:00-04:00,41.18118109638782,41.32498255286004,41.01041793823242,41.01041793823242,159000,0.0,0.0,0.0
2023-05-02 00:00:00-04:00,40.875601780312785,40.947504221403406,40.14760499250714,40.30039596557617,735500,0.0,0.0,0.0
2023-05-03 00:00:00-04:00,40.32735305305958,40.65989666231321,40.22848892211914,40.22848892211914,527500,0.0,0.0,0.0
2023-05-04 00:00:00-04:00,40.17456454900929,40.192540156788304,39.5903692959294,39.743160247802734,676500,0.0,0.0,0.0
2023-05-05 00:00:00-04:00,40.120635359966265,40.43520333480569,40.05772245069767,40.390262603759766,490300,0.0,0.0,0.0
2023-05-08 00:00:00-04:00,40.46216410846733,40.65090283197161,40.34532438170434,40.45317459106445,254200,0.0,0.0,0.0
2023-05-09 00:00:00-04:00,40.06671702095327,40.25545577256014,40.012790193995514,40.23748016357422,163500,0.0,0.0,0.0
2023-05-10 00:00:00-04:00,40.35432945433125,40.363315546701614,39.8689981823875,40.111663818359375,134100,0.0,0.0,0.0
2023-05-11 00:00:00-04:00,39.98581696179009,40.29139536942005,39.84201555987575,40.282405853271484,210500,0.0,0.0,0.0
2023-05-12 00:00:00-04:00,40.34533363348848,40.426222166181596,40.021779502716036,40.21052169799805,163800,0.0,0.0,0.0
2023-05-15 00:00:00-04:00,40.22847542235436,40.534053802490234,40.22847542235436,40.534053802490234,290000,0.0,0.0,0.0
2023-05-16 00:00:00-04:00,40.282415466568246,40.399255204912116,39.976836986012756,40.02177429199219,297300,0.0,0.0,0.0
2023-05-17 00:00:00-04:00,40.111653231240865,40.36330489316187,39.95886227329115,40.34532928466797,288800,0.0,0.0,0.0
2023-05-18 00:00:00-04:00,40.30938205646395,40.31837157584883,40.075705979913614,40.30039596557617,198400,0.0,0.0,0.0
2023-05-19 00:00:00-04:00,40.39026462499348,40.462167055468015,40.084686152469864,40.21950149536133,182500,0.0,0.0,0.0
2023-05-23 00:00:00-04:00,40.1745664533784,40.453179815918546,40.15659084474729,40.16557693481445,239900,0.0,0.0,0.0
2023-05-24 00:00:00-04:00,39.744603564724045,39.753616477499605,39.4020544208333,39.429100036621094,540500,0.133,0.0,0.0
2023-05-25 00:00:00-04:00,39.22175454291137,39.347959358537636,38.96033887879529,39.185699462890625,377200,0.0,0.0,0.0
2023-05-26 00:00:00-04:00,39.239790131551224,39.627410673815646,39.21274795749144,39.60036849975586,432000,0.0,0.0,0.0
2023-05-29 00:00:00-04:00,39.72657272687169,39.78967342999286,39.663472023750515,39.717559814453125,91300,0.0,0.0,0.0
2023-05-30 00:00:00-04:00,39.645445762818966,39.70854647071921,39.31191295838473,39.365997314453125,126700,0.0,0.0,0.0
2023-05-31 00:00:00-04:00,39.140636814926125,39.16768243179744,38.84316253918722,38.94232177734375,298900,0.0,0.0,0.0
2023-06-01 00:00:00-04:00,38.942304699497505,39.11357748382891,38.716944143873945,38.906246185302734,198800,0.0,0.0,0.0
2023-06-02 00:00:00-04:00,39.113583237193076,39.780652093001336,39.113583237193076,39.76262283325195,431100,0.0,0.0,0.0
2023-06-05 00:00:00-04:00,39.86179227114325,39.86179227114325,39.34797027199187,39.35698318481445,193700,0.0,0.0,0.0
2023-06-06 00:00:00-04:00,39.38401323971671,39.71754936991036,39.302883294362786,39.699520111083984,190600,0.0,0.0,0.0
2023-06-07 00:00:00-04:00,39.66347122192383,39.780659713378554,39.4741691163872,39.66347122192383,121100,0.0,0.0,0.0
2023-06-08 00:00:00-04:00,39.591346335159436,39.71755115260868,39.429089875898306,39.63642120361328,152500,0.0,0.0,0.0
2023-06-09 00:00:00-04:00,39.61839194397768,39.75360623315022,39.5102198248937,39.63642120361328,154700,0.0,0.0,0.0
2023-06-12 00:00:00-04:00,39.636435455561355,39.70854908130378,39.51924694515764,39.65446472167969,131000,0.0,0.0,0.0
2023-06-13 00:00:00-04:00,39.71755726802537,40.14123289914273,39.71755726802537,40.0240478515625,246300,0.0,0.0,0.0
2023-06-14 00:00:00-04:00,40.096158884721504,40.24940588600302,39.996999667197585,40.13221740722656,644600,0.0,0.0,0.0
2023-06-15 00:00:00-04:00,40.06910957733945,40.32151231247105,40.033051061255115,40.28545379638672,483900,0.0,0.0,0.0
2023-06-16 00:00:00-04:00,40.30350453023173,40.438722318234355,40.24040381282548,40.249420166015625,252500,0.0,0.0,0.0
2023-06-19 00:00:00-04:00,40.24040122006236,40.24941757267157,40.10518687950303,40.159271240234375,43000,0.0,0.0,0.0
2023-06-20 00:00:00-04:00,40.06912208185393,40.06912208185393,39.798690004285454,39.8437614440918,100600,0.0,0.0,0.0
2023-06-21 00:00:00-04:00,39.74460197993947,39.74460197993947,39.60938422258387,39.61840057373047,104200,0.0,0.0,0.0
2023-06-22 00:00:00-04:00,39.47417167783683,39.47417167783683,39.20373958970347,39.2578239440918,163000,0.0,0.0,0.0
2023-06-23 00:00:00-04:00,38.942317950335614,38.98738938905087,38.81611654644074,38.84315872192383,160700,0.0,0.0,0.0
2023-06-26 00:00:00-04:00,38.82778663084231,39.352243735218686,38.82778663084231,39.2708625793457,404400,0.133,0.0,0.0
2023-06-27 00:00:00-04:00,39.325112209878554,39.804354809615404,39.325112209878554,39.7591438293457,239500,0.0,0.0,0.0
2023-06-28 00:00:00-04:00,39.786282761179265,39.86766393207497,39.69586077101862,39.840538024902344,176000,0.0,0.0,0.0
2023-06-29 00:00:00-04:00,39.88574275817126,40.120841965306525,39.88574275817126,40.11180114746094,268700,0.0,0.0,0.0
2023-06-30 00:00:00-04:00,40.25648670763682,40.61817813570734,40.25648670763682,40.55488204956055,376200,0.0,0.0,0.0
2023-07-04 00:00:00-04:00,40.61817285774463,40.70859829004579,40.536795142739905,40.663387298583984,14400,0.0,0.0,0.0
2023-07-05 00:00:00-04:00,40.48253869300921,40.64530101698789,40.36498735916296,40.60009002685547,181900,0.0,0.0,0.0
2023-07-06 00:00:00-04:00,40.24743090091478,40.3559414026697,39.9038246601552,39.94903564453125,108900,0.0,0.0,0.0
2023-07-07 00:00:00-04:00,39.81339443356322,40.265511121473324,39.81339443356322,40.08466720581055,181700,0.0,0.0,0.0
2023-07-10 00:00:00-04:00,40.03945840657924,40.1570097277876,39.94903643603563,39.985206604003906,44500,0.0,0.0,0.0
2023-07-11 00:00:00-04:00,40.03945239605516,40.09370763986305,39.90381946060028,40.07562255859375,93900,0.0,0.0,0.0
2023-07-12 00:00:00-04:00,40.346900939941406,40.419241281264696,40.16605353601051,40.346900939941406,161600,0.0,0.0,0.0
2023-07-13 00:00:00-04:00,40.446361139773785,40.88039277471455,40.446361139773785,40.81709671020508,319400,0.0,0.0,0.0
2023-07-14 00:00:00-04:00,40.96177372902468,41.05219914173884,40.916562747356,41.00698471069336,87100,0.0,0.0,0.0
2023-07-17 00:00:00-04:00,40.925615118003755,41.205928802490234,40.925615118003755,41.205928802490234,84500,0.0,0.0,0.0
2023-07-18 00:00:00-04:00,41.233052635830944,41.55857729838069,41.233052635830944,41.49528121948242,171700,0.0,0.0,0.0
2023-07-19 00:00:00-04:00,41.59474238378476,41.847926668407105,41.52240204567714,41.81175994873047,90400,0.0,0.0,0.0
2023-07-20 00:00:00-04:00,41.847934331002456,41.847934331002456,41.65804608276608,41.82984924316406,115600,0.0,0.0,0.0
2023-07-21 00:00:00-04:00,41.89314469682707,42.03782193607149,41.82080435251613,42.001651763916016,365100,0.0,0.0,0.0
2023-07-24 00:00:00-04:00,41.956441587137355,42.25483688976357,41.956441587137355,42.055904388427734,67000,0.0,0.0,0.0
2023-07-25 00:00:00-04:00,42.15750717522179,42.15750717522179,41.76741161949541,41.81277084350586,378800,0.152,0.0,0.0
2023-07-26 00:00:00-04:00,41.767413065309405,42.09400502658902,41.767413065309405,41.957923889160156,261000,0.0,0.0,0.0
2023-07-27 00:00:00-04:00,42.103070747524235,42.2028631089793,41.83091196399285,41.88534164428711,464800,0.0,0.0,0.0
2023-07-28 00:00:00-04:00,42.17565774425048,42.230087436773225,41.930713745835746,41.96699905395508,173000,0.0,0.0,0.0
2023-07-31 00:00:00-04:00,41.94885274539542,42.27544124067112,41.94885274539542,42.084930419921875,146500,0.0,0.0,0.0
2023-08-01 00:00:00-04:00,41.967001891178676,42.048649896170154,41.72206133689194,41.85813903808594,251800,0.0,0.0,0.0
2023-08-02 00:00:00-04:00,41.531539713392945,41.585972860709255,41.19587728999344,41.39546203613281,317200,0.0,0.0,0.0
2023-08-03 00:00:00-04:00,41.141455717333955,41.1686740289932,40.969089226703026,41.13238525390625,134500,0.0,0.0,0.0
2023-08-04 00:00:00-04:00,41.11423318544468,41.70391355803595,41.11423318544468,41.49525833129883,391700,0.0,0.0,0.0
2023-08-08 00:00:00-04:00,41.2956716872285,41.359175298533366,41.13237569796248,41.31381607055664,215600,0.0,0.0,0.0
2023-08-09 00:00:00-04:00,41.223087310791016,41.31380921237169,41.087009649450046,41.223087310791016,107100,0.0,0.0,0.0
2023-08-10 00:00:00-04:00,41.35010893158501,41.67669748176766,41.35010893158501,41.54969024658203,256500,0.0,0.0,0.0
2023-08-11 00:00:00-04:00,41.44082828231964,41.67669837260789,41.44082828231964,41.62226867675781,287900,0.0,0.0,0.0
2023-08-14 00:00:00-04:00,41.53154319135647,41.58597634323116,41.32288796686791,41.45896911621094,236200,0.0,0.0,0.0
2023-08-15 00:00:00-04:00,41.23215359000495,41.23215359000495,40.55175502733386,40.66061782836914,406200,0.0,0.0,0.0
2023-08-16 00:00:00-04:00,40.515469946444654,40.65155105559002,40.47011073029166,40.560829162597656,103500,0.0,0.0,0.0
2023-08-17 00:00:00-04:00,40.67878002334005,40.787642872059166,40.24332516777604,40.25239562988281,197200,0.0,0.0,0.0
2023-08-18 00:00:00-04:00,40.03465662799262,40.188878657369145,39.98022349137868,40.07094192504883,246300,0.0,0.0,0.0
2023-08-21 00:00:00-04:00,40.11630559940804,40.11630559940804,39.81692853162188,39.88043212890625,107700,0.0,0.0,0.0
2023-08-22 00:00:00-04:00,39.925796302024956,39.93487022315546,39.3814786975509,39.42683792114258,227800,0.0,0.0,0.0
2023-08-23 00:00:00-04:00,39.57200009658473,39.889521668021565,39.4812816251387,39.81694412231445,199300,0.0,0.0,0.0
2023-08-24 00:00:00-04:00,39.735286274392486,39.96208585753478,39.71714189245866,39.76250457763672,224000,0.0,0.0,0.0
2023-08-25 00:00:00-04:00,39.85535077569504,39.9827999519947,39.32734654920648,39.6004524230957,269800,0.152,0.0,0.0
2023-08-28 00:00:00-04:00,39.673282146958094,40.04652764817786,39.673282146958094,40.01921463012695,263900,0.0,0.0,0.0
2023-08-29 00:00:00-04:00,39.98280295587557,40.54722574007821,39.94639138328981,40.51991271972656,418000,0.0,0.0,0.0
2023-08-30 00:00:00-04:00,40.52902991260239,40.711101718989866,40.510822384690556,40.58365249633789,171100,0.0,0.0,0.0
2023-08-31 00:00:00-04:00,40.538128089924626,40.68378482665412,40.19219551064867,40.29233169555664,157300,0.0,0.0,0.0
2023-09-01 00:00:00-04:00,40.43798805401274,40.87496173284411,40.43798805401274,40.7839241027832,280000,0.0,0.0,0.0
2023-09-05 00:00:00-04:00,40.65648285425594,40.83855467729821,40.48351653236793,40.492618560791016,182500,0.0,0.0,0.0
2023-09-06 00:00:00-04:00,40.4288828187884,40.47439989384121,40.07384477155422,40.21950149536133,236700,0.0,0.0,0.0
2023-09-07 00:00:00-04:00,40.21949401808516,40.292320630084276,39.96459566699387,39.991905212402344,176100,0.0,0.0,0.0
2023-09-08 00:00:00-04:00,39.88267873138777,40.0374375112198,39.75522603462322,39.95550537109375,168700,0.0,0.0,0.0
2023-09-11 00:00:00-04:00,40.04652748610371,40.39245996787253,39.91907483875096,40.34694290161133,234700,0.0,0.0,0.0
2023-09-12 00:00:00-04:00,40.29233186209413,40.52902623071444,40.255920282309155,40.41978454589844,117300,0.0,0.0,0.0
2023-09-13 00:00:00-04:00,40.51081458122348,40.78392050183176,40.492607056818905,40.69288635253906,184600,0.0,0.0,0.0
2023-09-14 00:00:00-04:00,40.956882172909914,41.21178051886195,40.92956915532255,41.193572998046875,349400,0.0,0.0,0.0
2023-09-15 00:00:00-04:00,41.14807103544725,41.37565992007613,41.14807103544725,41.357452392578125,266600,0.0,0.0,0.0
2023-09-18 00:00:00-04:00,41.35744859140643,41.35744859140643,41.11165220187075,41.23910140991211,132100,0.0,0.0,0.0
2023-09-19 00:00:00-04:00,41.12075828926265,41.13896581688527,40.85675782056175,40.89316940307617,168600,0.0,0.0,0.0
2023-09-20 00:00:00-04:00,40.9295654296875,41.12073917174984,40.9295654296875,40.9295654296875,146800,0.0,0.0,0.0
2023-09-21 00:00:00-04:00,40.73840005899604,40.747502084080686,40.19218826293945,40.19218826293945,294700,0.0,0.0,0.0
2023-09-22 00:00:00-04:00,40.23771665857383,40.310543297937535,40.05564485106825,40.08295440673828,117500,0.0,0.0,0.0
2023-09-25 00:00:00-04:00,39.938605526393744,40.12130449710065,39.81984840762666,40.01168441772461,69900,0.152,0.0,0.0
2023-09-26 00:00:00-04:00,39.865535467280786,39.956888465618434,39.52753808533291,39.56407928466797,106800,0.0,0.0,0.0
2023-09-27 00:00:00-04:00,39.70109942633102,39.70109942633102,39.04337533050259,39.12559127807617,155100,0.0,0.0,0.0
2023-09-28 00:00:00-04:00,39.12558863346785,39.655421993871165,39.107318036935325,39.554935455322266,247500,0.0,0.0,0.0
2023-09-29 00:00:00-04:00,39.73764273973358,39.828992248679384,39.40877893191205,39.44532012939453,131400,0.0,0.0,0.0
2023-10-02 00:00:00-04:00,39.436173551532384,39.44531059107376,38.687096608078775,38.71450424194336,206900,0.0,0.0,0.0
2023-10-03 00:00:00-04:00,38.48613699417721,38.53181174941886,38.03851602938397,38.148136138916016,338500,0.0,0.0,0.0
2023-10-04 00:00:00-04:00,38.15727516184522,38.40392303466797,37.782736573801934,38.40392303466797,236400,0.0,0.0,0.0
2023-10-05 00:00:00-04:00,38.4313148270142,38.677962620478056,38.36736948997832,38.65055847167969,149000,0.0,0.0,0.0
2023-10-06 00:00:00-04:00,38.45873558747569,38.87895246419418,38.07506339953913,38.805870056152344,169800,0.0,0.0,0.0
2023-10-10 00:00:00-04:00,38.805869447733436,39.19867867289706,38.79673588925191,39.11646270751953,167800,0.0,0.0,0.0
2023-10-11 00:00:00-04:00,39.22606591233769,39.6006043742144,39.22606591233769,39.57320022583008,333700,0.0,0.0,0.0
2023-10-12 00:00:00-04:00,39.52753566904708,39.52753566904708,39.07078115956158,39.244346618652344,191000,0.0,0.0,0.0
2023-10-13 00:00:00-04:00,39.41790507629592,39.53665870814309,38.8606641654028,38.8972053527832,271400,0.0,0.0,0.0
2023-10-16 00:00:00-04:00,39.09819047571816,39.363108962529786,38.94289559468013,39.3357048034668,116000,0.0,0.0,0.0
2023-10-17 00:00:00-04:00,39.14386564236253,39.61889081803345,39.14386564236253,39.39965057373047,166200,0.0,0.0,0.0
2023-10-18 00:00:00-04:00,39.24433570712422,39.24433570712422,38.696231842041016,38.696231842041016,286400,0.0,0.0,0.0
2023-10-19 00:00:00-04:00,38.68710338721062,38.751048736167185,38.266890098421705,38.312564849853516,383400,0.0,0.0,0.0
2023-10-20 00:00:00-04:00,38.10245005511693,38.18466598401178,37.52694203761244,37.536075592041016,396200,0.0,0.0,0.0
2023-10-23 00:00:00-04:00,37.35337893822218,37.874078740453776,37.29857063362514,37.5178108215332,209600,0.0,0.0,0.0
2023-10-24 00:00:00-04:00,37.66397509611134,37.66397509611134,37.08846345886992,37.25289535522461,356000,0.0,0.0,0.0
2023-10-25 00:00:00-04:00,37.19970421021186,37.456505773732594,36.997929553926205,37.16301727294922,430000,0.162,0.0,0.0
2023-10-26 00:00:00-04:00,37.12633037706336,37.58490659738083,36.99792959515989,37.41981887817383,356500,0.0,0.0,0.0
2023-10-27 00:00:00-04:00,37.474854642156785,37.474854642156785,36.7686467420576,36.87870407104492,269600,0.0,0.0,0.0
2023-10-30 00:00:00-04:00,37.11716895381034,37.54822832125231,37.11716895381034,37.383140563964844,449200,0.0,0.0,0.0
2023-10-31 00:00:00-04:00,37.456497741589565,37.557385048098205,37.23637966387454,37.465667724609375,209700,0.0,0.0,0.0
2023-11-01 00:00:00-04:00,37.55738978220686,37.84170477421475,37.43815899597142,37.83253479003906,357100,0.0,0.0,0.0
2023-11-02 00:00:00-04:00,38.23608069730578,38.94228843560856,38.23608069730578,38.905601501464844,367200,0.0,0.0,0.0
2023-11-03 00:00:00-04:00,39.199106153064164,39.60265206317716,39.15324572122382,39.42839431762695,282800,0.0,0.0,0.0
2023-11-06 00:00:00-05:00,39.5567876087815,39.69435838216601,39.22661215480415,39.38252639770508,177200,0.0,0.0,0.0
2023-11-07 00:00:00-05:00,39.235774459982075,39.33666177324453,39.07068676530867,39.12571716308594,181800,0.0,0.0,0.0
2023-11-08 00:00:00-05:00,39.17157972750146,39.37335438312427,39.08903586826112,39.1990966796875,334000,0.0,0.0,0.0
2023-11-09 00:00:00-05:00,39.40087268517752,39.77690509051026,39.38252921434917,39.41921615600586,385100,0.0,0.0,0.0
2023-11-10 00:00:00-05:00,39.47424271662606,39.57513004700778,39.299981510090724,39.52009963989258,161100,0.0,0.0,0.0
2023-11-13 00:00:00-05:00,39.4650569395231,39.804405763038886,39.4100300482076,39.61180114746094,104200,0.0,0.0,0.0
2023-11-14 00:00:00-05:00,40.02452712802645,40.54730367632013,40.02452712802645,40.464759826660156,253900,0.0,0.0,0.0
2023-11-15 00:00:00-05:00,40.56564895809672,40.79493705089536,40.54730549083379,40.63902282714844,210100,0.0,0.0,0.0
2023-11-16 00:00:00-05:00,40.63902282714844,40.74908013206736,40.52896202357086,40.63902282714844,278900,0.0,0.0,0.0
2023-11-17 00:00:00-05:00,40.74908725036606,40.96003191275087,40.74908725036606,40.886661529541016,325500,0.0,0.0,0.0
2023-11-20 00:00:00-05:00,40.88665398457556,41.10676859224582,40.75824971499953,41.04256820678711,184200,0.0,0.0,0.0
2023-11-21 00:00:00-05:00,40.96156873728093,41.01679908281781,40.70383414751635,40.72224426269531,131500,0.162,0.0,0.0
2023-11-22 00:00:00-05:00,40.703829620300446,40.897130541124305,40.51052518810654,40.65780258178711,209600,0.0,0.0,0.0
2023-11-23 00:00:00-05:00,40.74985961634062,40.82349656918549,40.63019561767578,40.63019561767578,46500,0.0,0.0,0.0
2023-11-24 00:00:00-05:00,40.5473412288469,40.8142825746409,40.5473412288469,40.67620849609375,152300,0.0,0.0,0.0
2023-11-27 00:00:00-05:00,40.547335772058105,40.62097620707143,40.39085511470859,40.501312255859375,81200,0.0,0.0,0.0
2023-11-28 00:00:00-05:00,40.08711887661108,40.28041987341273,39.88461457531139,40.22519302368164,302300,0.0,0.0,0.0
2023-11-29 00:00:00-05:00,40.29881863632009,40.84190474430291,40.29881863632009,40.72224426269531,340900,0.0,0.0,0.0
2023-11-30 00:00:00-05:00,40.9431576414243,41.21009903806975,40.78667693320684,41.17327880859375,401700,0.0,0.0,0.0
2023-12-01 00:00:00-05:00,41.09964115535285,41.467832909680105,40.9615670528737,41.4586296081543,359400,0.0,0.0,0.0
2023-12-04 00:00:00-05:00,41.283726238238174,41.596691092149975,41.23770271794487,41.51384735107422,73100,0.0,0.0,0.0
2023-12-05 00:00:00-05:00,41.43101992358845,41.66114112703542,41.43101992358845,41.55989074707031,111200,0.0,0.0,0.0
2023-12-06 00:00:00-05:00,41.753181402954034,41.97409573733356,41.56908378339107,41.587493896484375,167200,0.0,0.0,0.0
2023-12-07 00:00:00-05:00,41.64273000712174,41.64273000712174,41.42181213075469,41.57829284667969,154900,0.0,0.0,0.0
2023-12-08 00:00:00-05:00,41.550671136087665,41.93727646472751,41.550671136087665,41.8636360168457,249600,0.0,0.0,0.0
2023-12-11 00:00:00-05:00,41.89125935584423,42.11217724046945,41.707165215255635,42.10297393798828,153800,0.0,0.0,0.0
2023-12-12 00:00:00-05:00,42.056936224372016,42.10296325921576,41.90965884243341,42.06614303588867,191100,0.0,0.0,0.0
2023-12-13 00:00:00-05:00,41.983315698429635,42.848570216585834,41.75319447974618,42.8393669128418,374000,0.0,0.0,0.0
2023-12-14 00:00:00-05:00,43.078677066863904,43.45607559917292,43.078677066863904,43.38243865966797,388500,0.0,0.0,0.0
2023-12-15 00:00:00-05:00,43.38244355324599,43.49290073064807,42.940611332267345,42.9958381652832,299700,0.0,0.0,0.0
2023-12-18 00:00:00-05:00,43.06027488389098,43.290396068198,43.03266146541274,43.19834899902344,126300,0.0,0.0,0.0
2023-12-19 00:00:00-05:00,43.31801008204855,43.76904560656083,43.31801008204855,43.741432189941406,181200,0.0,0.0,0.0
2023-12-20 00:00:00-05:00,43.723024266004536,43.90712191255656,43.37323908869274,43.400856018066406,184800,0.0,0.0,0.0
2023-12-21 00:00:00-05:00,43.5573345526144,43.89791289927862,43.5573345526144,43.741432189941406,276300,0.0,0.0,0.0
2023-12-22 00:00:00-05:00,43.75983818551018,44.054392972957544,43.75983818551018,44.00836944580078,142600,0.0,0.0,0.0
2023-12-27 00:00:00-05:00,44.00837828050705,44.45941385310707,44.00837828050705,44.284523010253906,101900,0.0,0.0,0.0
2023-12-28 00:00:00-05:00,44.17553160134126,44.43413696303153,44.166293682290146,44.25865173339844,109300,0.162,0.0,0.0
2023-12-29 00:00:00-05:00,44.230939819181025,44.378714797509645,44.18476079905959,44.34177017211914,86700,0.0,0.0,0.0
2024-01-02 00:00:00-05:00,44.101640495422245,44.277122194474465,44.00928244818079,44.14781951904297,128300,0.0,0.0,0.0
2024-01-03 00:00:00-05:00,43.953873385754655,43.98158010024749,43.68603006820953,43.833805084228516,201200,0.0,0.0,0.0
2024-01-04 00:00:00-05:00,43.75067327284421,44.24941518027481,43.75067327284421,44.018516540527344,163500,0.0,0.0,0.0
2024-01-05 00:00:00-05:00,43.92616119602434,44.36024826965341,43.92616119602434,44.2309455871582,202000,0.0,0.0,0.0
2024-01-08 00:00:00-05:00,44.23094927222291,44.609622955322266,44.23094927222291,44.609622955322266,99800,0.0,0.0,0.0
2024-01-09 00:00:00-05:00,44.4710766108986,44.4710766108986,44.05545838100327,44.18476104736328,329100,0.0,0.0,0.0
2024-01-10 00:00:00-05:00,44.07393574922055,44.29559648176763,44.01851880446687,44.036991119384766,191000,0.0,0.0,0.0
2024-01-11 00:00:00-05:00,43.96310123594829,44.00004586525989,43.36276686418672,43.62137222290039,216800,0.0,0.0,0.0
2024-01-12 00:00:00-05:00,43.73220285420203,43.89845016388394,43.39971175807199,43.46436309814453,96300,0.0,0.0,0.0
2024-01-15 00:00:00-05:00,43.445899665355306,43.62138140667962,43.27965232168617,43.602909088134766,71800,0.0,0.0,0.0
2024-01-16 00:00:00-05:00,43.39047497071488,43.547487888724454,43.168814234180495,43.53824996948242,164400,0.0,0.0,0.0
2024-01-17 00:00:00-05:00,43.13187196583551,43.28888136920996,42.95638672296514,43.17805099487305,177200,0.0,0.0,0.0
2024-01-18 00:00:00-05:00,43.26117565293034,43.46436761325682,43.16881759272784,43.34429931640625,160700,0.0,0.0,0.0
2024-01-19 00:00:00-05:00,43.3165874560143,43.907687426836375,43.233463802415336,43.87074279785156,114500,0.0,0.0,0.0
2024-01-22 00:00:00-05:00,43.97233977878905,44.05546343430266,43.79685454868598,44.036991119384766,191000,0.0,0.0,0.0
2024-01-23 00:00:00-05:00,44.10165179270393,44.19400986360425,43.96311116311889,44.08317947387695,100500,0.0,0.0,0.0
2024-01-24 00:00:00-05:00,44.221716421707114,44.46184949999599,44.221716421707114,44.304840087890625,267300,0.0,0.0,0.0
2024-01-25 00:00:00-05:00,44.4680290222168,44.47730290238092,44.2547757587785,44.4680290222168,130200,0.186,0.0,0.0
2024-01-26 00:00:00-05:00,44.356761463499424,44.53292625732138,44.356761463499424,44.50511169433594,78800,0.0,0.0,0.0
2024-01-29 00:00:00-05:00,44.45875561613001,44.66273498535156,44.26404658948498,44.66273498535156,156900,0.0,0.0,0.0
2024-01-30 00:00:00-05:00,44.65346932927728,44.81109346521066,44.542207521938415,44.7183723449707,79800,0.0,0.0,0.0
2024-01-31 00:00:00-05:00,44.61636574648663,44.746171733840896,44.19912968931371,44.22694778442383,250900,0.0,0.0,0.0
2024-02-01 00:00:00-05:00,44.2269603118281,44.282589443909664,43.698462335359906,44.134239196777344,175800,0.0,0.0,0.0
2024-02-02 00:00:00-05:00,44.069330795675754,44.1435076786456,43.754086116950816,44.09714889526367,135200,0.0,0.0,0.0
2024-02-05 00:00:00-05:00,44.04150691428991,44.04150691428991,43.652088971940564,43.846797943115234,142000,0.0,0.0,0.0
2024-02-06 00:00:00-05:00,43.80971852531472,44.0693305403079,43.80971852531472,44.03224563598633,47200,0.0,0.0,0.0
2024-02-07 00:00:00-05:00,44.0322447518524,44.069329655429335,43.77262920512367,43.97661209106445,343100,0.0,0.0,0.0
2024-02-08 00:00:00-05:00,43.87462344551211,43.87462344551211,43.355395855897385,43.717002868652344,548800,0.0,0.0,0.0
2024-02-09 00:00:00-05:00,43.67990811210567,44.069326095317344,43.63354933366829,44.04151153564453,261700,0.0,0.0,0.0
2024-02-12 00:00:00-05:00,44.06006378741715,44.39385271213943,44.041519565271614,44.24550247192383,202800,0.0,0.0,0.0
2024-02-13 00:00:00-05:00,43.809716278522906,43.930251937994505,43.12359429800944,43.438838958740234,387800,0.0,0.0,0.0
2024-02-14 00:00:00-05:00,43.72627593126148,44.16205631995931,43.72627593126148,44.15278244018555,207300,0.0,0.0,0.0
2024-02-15 00:00:00-05:00,44.412389328494584,45.01506052874565,44.412389328494584,44.87598419189453,304400,0.0,0.0,0.0
2024-02-16 00:00:00-05:00,44.87598923829742,45.117057038116826,44.866715359295604,44.92234802246094,315600,0.0,0.0,0.0
2024-02-20 00:00:00-05:00,44.7739938817859,45.20050031796994,44.76472000359378,45.06142044067383,356400,0.0,0.0,0.0
2024-02-21 00:00:00-05:00,45.00578456690474,45.00578456690474,44.64418118452558,44.764713287353516,191700,0.0,0.0,0.0
2024-02-22 00:00:00-05:00,44.96870119540758,45.28394584011104,44.92234241702873,45.16341018676758,219900,0.0,0.0,0.0
2024-02-23 00:00:00-05:00,45.23414708727394,45.54129424434527,45.23414708727394,45.45752716064453,190300,0.186,0.0,0.0
2024-02-26 00:00:00-05:00,45.34583024984521,45.662283222297525,45.08521962220468,45.13175964355469,588300,0.0,0.0,0.0
2024-02-27 00:00:00-05:00,44.94561909374072,45.085228533870904,44.86185200946027,45.020076751708984,293100,0.0,0.0,0.0
2024-02-28 00:00:00-05:00,45.02938773787497,45.22484309113147,44.908390045166016,44.908390045166016,99800,0.0,0.0,0.0
2024-02-29 00:00:00-05:00,45.22484123021548,45.23414710596127,44.8804670195283,45.1876106262207,124200,0.0,0.0,0.0
2024-03-01 00:00:00-05:00,45.25275915166639,45.55059686118124,45.20622267527449,45.392372131347656,235000,0.0,0.0,0.0
2024-03-04 00:00:00-05:00,45.24345327659023,45.58782746249699,45.24345327659023,45.392372131347656,91500,0.0,0.0,0.0
2024-03-05 00:00:00-05:00,45.410989551100094,45.73674845155045,45.410989551100094,45.58782958984375,489200,0.0,0.0,0.0
2024-03-06 00:00:00-05:00,45.79259038658335,45.969430409997564,45.56921033813422,45.671592712402344,222800,0.0,0.0,0.0
2024-03-07 00:00:00-05:00,45.79260138807207,45.969441453971406,45.755370779301806,45.92290496826172,119900,0.0,0.0,0.0
2024-03-08 00:00:00-05:00,45.988055500232974,46.07182259242126,45.7926001352957,45.86705780029297,214700,0.0,0.0,0.0
2024-03-11 00:00:00-04:00,45.68089977844532,46.043889231736514,45.64366918054232,46.01596450805664,130100,0.0,0.0,0.0
2024-03-12 00:00:00-04:00,46.090435867275936,46.146281776445036,45.89498051094312,46.12766647338867,167000,0.0,0.0,0.0
2024-03-13 00:00:00-04:00,46.164894370492775,46.351043853943565,46.136973190652284,46.267276763916016,174000,0.0,0.0,0.0
2024-03-14 00:00:00-04:00,46.2579751902183,46.2579751902183,45.70883611573791,45.91360092163086,172900,0.0,0.0,0.0
2024-03-15 00:00:00-04:00,45.764678064269575,46.025288783173266,45.73675688208597,45.89498519897461,170000,0.0,0.0,0.0
2024-03-18 00:00:00-04:00,45.9228956506748,45.96012625189112,45.718130894490656,45.84843444824219,139300,0.0,0.0,0.0
2024-03-19 00:00:00-04:00,45.92288873215936,46.11834403334033,45.92288873215936,45.969425201416016,111800,0.0,0.0,0.0
2024-03-20 00:00:00-04:00,46.03458586409699,46.35103888689996,45.98804938584773,46.295196533203125,100700,0.0,0.0,0.0
2024-03-21 00:00:00-04:00,46.49065243898108,46.769874862386715,46.49065243898108,46.60234069824219,118300,0.0,0.0,0.0
2024-03-22 00:00:00-04:00,46.579919128954494,46.71070854267491,46.299655590447294,46.31834030151367,101000,0.186,0.0,0.0
2024-03-25 00:00:00-04:00,46.2529512852078,46.542559019065074,46.20624128006823,46.22492599487305,228300,0.0,0.0,0.0
2024-03-26 00:00:00-04:00,46.243605273612566,46.449133548560205,46.10347171092199,46.215579986572266,131600,0.0,0.0,0.0
2024-03-27 00:00:00-04:00,46.31834223477492,46.61729049682617,46.31834223477492,46.61729049682617,60700,0.0,0.0,0.0
2024-03-28 00:00:00-04:00,46.66400178351702,46.87887063006742,46.61729178448337,46.74808120727539,263100,0.0,0.0,0.0
2024-04-01 00:00:00-04:00,46.7574236731101,46.7574236731101,46.374395963547954,46.55189895629883,157000,0.0,0.0,0.0
2024-04-02 00:00:00-04:00,46.26229285253964,46.31834699383778,46.02873927608119,46.06610870361328,192500,0.0,0.0,0.0
2024-04-03 00:00:00-04:00,45.94465385147489,46.365050946998636,45.94465385147489,46.17820739746094,107600,0.0,0.0,0.0
2024-04-04 00:00:00-04:00,46.43044279344252,46.62662690468209,46.03807100721932,46.12215042114258,196400,0.0,0.0,0.0
2024-04-05 00:00:00-04:00,46.27162552549358,46.58925847778297,46.1968902469371,46.47715377807617,346000,0.0,0.0,0.0
2024-04-08 00:00:00-04:00,46.57058105944879,46.72005520371127,46.57058105944879,46.70137405395508,106200,0.0,0.0,0.0
2024-04-09 00:00:00-04:00,46.776106168726415,46.841500879667755,46.374393765089906,46.76676559448242,143000,0.0,0.0,0.0
2024-04-10 00:00:00-04:00,46.39308228515721,46.39308228515721,45.86992099094216,46.06610870361328,331500,0.0,0.0,0.0
2024-04-11 00:00:00-04:00,46.01938913543399,46.02873327297072,45.598995603632694,45.86991500854492,231700,0.0,0.0,0.0
2024-04-12 00:00:00-04:00,45.72978911229056,45.78583968755065,45.30005140448837,45.458866119384766,415300,0.0,0.0,0.0
2024-04-15 00:00:00-04:00,45.72979456685845,45.92597873115848,45.0384743583195,45.17860794067383,144500,0.0,0.0,0.0
2024-04-16 00:00:00-04:00,45.04779647835943,45.057137049536344,44.67410948390349,44.83292770385742,354100,0.0,0.0,0.0
2024-04-17 00:00:00-04:00,44.94505026486856,45.2346544152785,44.68347140288675,44.88899612426758,271100,0.0,0.0,0.0
2024-04-18 00:00:00-04:00,44.926360759650585,45.1785990198351,44.739517207986765,44.945045471191406,264400,0.0,0.0,0.0
2024-04-19 00:00:00-04:00,44.88898883323374,45.32807062059569,44.88898883323374,45.2813606262207,263700,0.0,0.0,0.0
2024-04-22 00:00:00-04:00,45.32808678725831,45.65506042824536,45.30006149338667,45.53361511230469,213800,0.0,0.0,0.0
2024-04-23 00:00:00-04:00,45.608350101395594,45.79519370798529,45.542955373651004,45.739139556884766,237200,0.0,0.0,0.0
2024-04-24 00:00:00-04:00,45.64915581599174,45.864702626471974,45.37737800386881,45.53669738769531,141600,0.154,0.0,0.0
2024-04-25 00:00:00-04:00,45.161830594377214,45.44298202387265,44.908796452824674,45.405494689941406,168500,0.0,0.0,0.0
2024-04-26 00:00:00-04:00,45.4617198215342,45.67727019326625,45.43360610999905,45.630409240722656,114100,0.0,0.0,0.0
2024-04-29 00:00:00-04:00,45.630422748716825,45.752254826416426,45.4148758881651,45.61167907714844,190300,0.0,0.0,0.0
2024-04-30 00:00:00-04:00,45.414857715326455,45.73349285450696,45.414857715326455,45.43360137939453,158900,0.0,0.0,0.0
2024-05-01 00:00:00-04:00,45.293033677803464,45.949044109210504,45.293033677803464,45.66789627075195,239000,0.0,0.0,0.0
2024-05-02 00:00:00-04:00,45.79910630354645,45.93968203466111,45.56481580168159,45.73350524902344,212300,0.0,0.0,0.0
2024-05-03 00:00:00-04:00,45.94904533265457,46.042763664628595,45.799099576484956,45.930301666259766,161700,0.0,0.0,0.0
2024-05-06 00:00:00-04:00,46.03339209130567,46.44574562035344,46.03339209130567,46.427001953125,287300,0.0,0.0,0.0
2024-05-07 00:00:00-04:00,46.530090335386944,46.64254876376862,46.40825828589656,46.427001953125,85800,0.0,0.0,0.0
2024-05-08 00:00:00-04:00,46.248945897755625,46.792501604634,46.248945897755625,46.77375793457031,136900,0.0,0.0,0.0
2024-05-09 00:00:00-04:00,46.783128831330906,47.07365036010742,46.783128831330906,47.07365036010742,192000,0.0,0.0,0.0
2024-05-10 00:00:00-04:00,47.06427207899015,47.176730506750694,47.02678474474031,47.045528411865234,211700,0.0,0.0,0.0
2024-05-13 00:00:00-04:00,47.14861266890108,47.289184797556985,47.02678063074171,47.083011627197266,230100,0.0,0.0,0.0
2024-05-14 00:00:00-04:00,47.18610880754141,47.25170986646037,47.008049301188464,47.07365036010742,316300,0.0,0.0,0.0
2024-05-15 00:00:00-04:00,47.23297210338423,47.279829494213054,47.101766404077864,47.22359848022461,206200,0.0,0.0,0.0
2024-05-16 00:00:00-04:00,47.2235922965973,47.41102541035919,47.19547858077927,47.279823303222656,105000,0.0,0.0,0.0
2024-05-17 00:00:00-04:00,47.289192780733366,47.52348327636719,47.25170544343453,47.52348327636719,126100,0.0,0.0,0.0
2024-05-21 00:00:00-04:00,47.29856550557406,47.57033975836348,47.232964454039795,47.42976760864258,97400,0.0,0.0,0.0
2024-05-22 00:00:00-04:00,47.189122499610775,47.41472585460965,47.14212209947773,47.245521545410156,337000,0.154,0.0,0.0
2024-05-23 00:00:00-04:00,47.39592586186459,47.48993024978564,46.86951563310972,47.048118591308594,216500,0.0,0.0,0.0
2024-05-24 00:00:00-04:00,47.01991986081413,47.45232929484073,47.01991986081413,47.38652801513672,302000,0.0,0.0,0.0
2024-05-27 00:00:00-04:00,47.3489221662826,47.48992694540257,47.3489221662826,47.42412567138672,28100,0.0,0.0,0.0
2024-05-28 00:00:00-04:00,47.23612309281378,47.23612309281378,46.841315427001696,46.9165153503418,204700,0.0,0.0,0.0
2024-05-29 00:00:00-04:00,46.51231155637055,46.51231155637055,45.81669693411662,45.82609558105469,312800,0.0,0.0,0.0
2024-05-30 00:00:00-04:00,46.15509409358868,46.74730915431309,46.15509409358868,46.6909065246582,303300,0.0,0.0,0.0
2024-05-31 00:00:00-04:00,46.74730948377576,47.001115940160695,46.33370095442655,46.98231506347656,231600,0.0,0.0,0.0
2024-06-03 00:00:00-04:00,46.92591527790106,47.09511959241423,46.58751023477551,46.8883171081543,291700,0.0,0.0,0.0
2024-06-04 00:00:00-04:00,46.66270186538437,46.860105668592205,46.48409893665825,46.75670623779297,360100,0.0,0.0,0.0
2024-06-05 00:00:00-04:00,46.925923972288466,47.00112749751719,46.61571839547361,46.86012268066406,185800,0.0,0.0,0.0
2024-06-06 00:00:00-04:00,46.77551221228463,46.982318284085956,46.65331188431187,46.728511810302734,68000,0.0,0.0,0.0
2024-06-07 00:00:00-04:00,46.54050593624155,46.70031160372527,46.48410688904793,46.59690856933594,100800,0.0,0.0,0.0
2024-06-10 00:00:00-04:00,46.380709982265664,46.596914725506984,46.34310822190164,46.54051208496094,130700,0.0,0.0,0.0
2024-06-11 00:00:00-04:00,46.30550249146068,46.34310424860086,46.00469560614107,46.04229736328125,248200,0.0,0.0,0.0
2024-06-12 00:00:00-04:00,46.38069923071483,46.57810304801379,46.19269405837756,46.25849533081055,251000,0.0,0.0,0.0
2024-06-13 00:00:00-04:00,46.10810093143445,46.10810093143445,45.61928882207882,45.69449234008789,271500,0.0,0.0,0.0
2024-06-14 00:00:00-04:00,45.506486268932726,45.506486268932726,45.02707640136029,45.47828674316406,193100,0.0,0.0,0.0
2024-06-17 00:00:00-04:00,45.280873264169465,45.45947979927923,45.13987206823606,45.412479400634766,208000,0.0,0.0,0.0
2024-06-18 00:00:00-04:00,45.3466740205845,45.71328211708689,45.3466740205845,45.53467559814453,221500,0.0,0.0,0.0
2024-06-19 00:00:00-04:00,45.41248230454886,45.553483509498626,45.224477112048376,45.28087615966797,45100,0.0,0.0,0.0
2024-06-20 00:00:00-04:00,45.24327625254922,45.41248056071215,45.13047098984018,45.17747497558594,131700,0.0,0.0,0.0
2024-06-21 00:00:00-04:00,45.12107078462686,45.309075963409576,45.03646863346966,45.2432746887207,182500,0.0,0.0,0.0
2024-06-24 00:00:00-04:00,45.365475562375835,46.04229277992046,45.365475562375835,46.032894134521484,204300,0.0,0.0,0.0
2024-06-25 00:00:00-04:00,46.027235733264874,46.05552421610772,45.77262859604037,45.98008346557617,200600,0.154,0.0,0.0
2024-06-26 00:00:00-04:00,45.753779378369515,45.84807674192979,45.51803237225501,45.810359954833984,232300,0.0,0.0,0.0
2024-06-27 00:00:00-04:00,45.857505248309295,46.12154072454015,45.79149637925158,46.08382034301758,242800,0.0,0.0,0.0
2024-06-28 00:00:00-04:00,46.130968366220046,46.34785875828804,45.9895223333394,46.12154006958008,303600,0.0,0.0,0.0
2024-07-02 00:00:00-04:00,45.970658685512085,46.44215262074811,45.857501148275155,46.41386413574219,204100,0.0,0.0,0.0
2024-07-03 00:00:00-04:00,46.51759827125149,46.97023206503493,46.51759827125149,46.96080017089844,278500,0.0,0.0,0.0
2024-07-04 00:00:00-04:00,46.960795372221725,47.083384802973896,46.89478650886593,46.91364669799805,37300,0.0,0.0,0.0
2024-07-05 00:00:00-04:00,46.95136660470137,46.96079490056611,46.43272399902344,46.43272399902344,276800,0.0,0.0,0.0
2024-07-08 00:00:00-04:00,46.470440909567394,46.75334014728528,46.470440909567394,46.72504806518555,74300,0.0,0.0,0.0
2024-07-09 00:00:00-04:00,46.64017652738976,46.989084609388144,46.60245615140944,46.85706329345703,140600,0.0,0.0,0.0
2024-07-10 00:00:00-04:00,46.99850918348308,47.39456230827821,46.99850918348308,47.37570571899414,348700,0.0,0.0,0.0
2024-07-11 00:00:00-04:00,47.5265894329559,47.78119298880509,47.49829735114017,47.677467346191406,386100,0.0,0.0,0.0
2024-07-12 00:00:00-04:00,47.762332086294954,48.16781711599471,47.762332086294954,48.00750732421875,405600,0.0,0.0,0.0
2024-07-15 00:00:00-04:00,48.139535625968314,48.337562238298865,48.073526755191466,48.25269317626953,139600,0.0,0.0,0.0
2024-07-16 00:00:00-04:00,48.36583847062028,48.639305758324724,48.26210925133843,48.601585388183594,141100,0.0,0.0,0.0
2024-07-17 00:00:00-04:00,48.26210925133843,48.66759423732432,48.26210925133843,48.601585388183594,307200,0.0,0.0,0.0
2024-07-18 00:00:00-04:00,48.64874331753431,48.84676990267118,48.318699008972864,48.507293701171875,223600,0.0,0.0,0.0
2024-07-19 00:00:00-04:00,48.375283490011526,48.62046238348549,48.252694043274545,48.31870651245117,220300,0.0,0.0,0.0
2024-07-22 00:00:00-04:00,48.57329976223354,48.78075822834658,48.40356526848365,48.761898040771484,201400,0.0,0.0,0.0
2024-07-23 00:00:00-04:00,48.76190184857859,48.799622226674344,48.48843450320421,48.658172607421875,171100,0.0,0.0,0.0
2024-07-24 00:00:00-04:00,48.48843087473584,48.67702915388826,48.32812467564471,48.34698486328125,164000,0.0,0.0,0.0
2024-07-25 00:00:00-04:00,48.28098774102327,48.77134194712686,48.2055469721394,48.53559494018555,82100,0.0,0.0,0.0
2024-07-26 00:00:00-04:00,48.76066888471325,49.04438034852934,48.76066888471325,49.01601028442383,559100,0.148,0.0,0.0
2024-07-29 00:00:00-04:00,49.12949158834508,49.17677622858597,48.82686556169919,48.968719482421875,157900,0.0,0.0,0.0
2024-07-30 00:00:00-04:00,49.06329671649442,49.469951152243624,49.06329671649442,49.233524322509766,261400,0.0,0.0,0.0
2024-07-31 00:00:00-04:00,49.46048975765242,49.7914894684323,49.28080667414582,49.53614807128906,176500,0.0,0.0,0.0
2024-08-01 00:00:00-04:00,49.602335604878135,49.602335604878135,48.56205568300146,48.751197814941406,410900,0.0,0.0,0.0
2024-08-02 00:00:00-04:00,48.14594952504143,48.14594952504143,47.304270762131175,47.587982177734375,1029600,0.0,0.0,0.0
2024-08-06 00:00:00-04:00,46.66119992096529,47.22862287732233,46.4815168265559,47.11513900756836,653000,0.0,0.0,0.0
2024-08-07 00:00:00-04:00,47.531244194792095,47.531244194792095,46.3869393026269,46.58553695678711,382300,0.0,0.0,0.0
2024-08-08 00:00:00-04:00,46.72739741358776,47.39884872882541,46.72739741358776,47.247535705566406,696000,0.0,0.0,0.0
2024-08-09 00:00:00-04:00,47.27590070284676,47.606896753119436,47.24752703597598,47.587982177734375,421900,0.0,0.0,0.0
2024-08-12 00:00:00-04:00,47.60689375447248,47.60689375447248,47.27589772504847,47.36101150512695,237000,0.0,0.0,0.0
2024-08-13 00:00:00-04:00,47.62582285203702,47.9946481423207,47.62582285203702,47.966278076171875,320600,0.0,0.0,0.0
2024-08-14 00:00:00-04:00,48.089199375258836,48.43911356176235,48.089199375258836,48.41073989868164,257600,0.0,0.0,0.0
2024-08-15 00:00:00-04:00,48.70391673529281,48.97817266622489,48.6471730092973,48.8363151550293,291400,0.0,0.0,0.0
2024-08-16 00:00:00-04:00,48.85522401215236,49.08219528198242,48.7795693272663,49.08219528198242,117800,0.0,0.0,0.0
2024-08-19 00:00:00-04:00,49.10111580543101,49.4037454266423,49.10111580543101,49.24297332763672,198500,0.0,0.0,0.0
2024-08-20 00:00:00-04:00,49.12002156892434,49.26187906567741,49.05382236579583,49.205135345458984,153400,0.0,0.0,0.0
2024-08-21 00:00:00-04:00,49.14840118199287,49.375368875167894,49.13894209035182,49.36591339111328,114800,0.0,0.0,0.0
2024-08-22 00:00:00-04:00,49.28079589697381,49.318625045519305,49.034910039014214,49.309165954589844,70700,0.0,0.0,0.0
2024-08-23 00:00:00-04:00,49.460489652840444,50.05628624491212,49.460489652840444,49.9144287109375,474500,0.0,0.0,0.0
2024-08-26 00:00:00-04:00,49.980626668546485,50.094114135893406,49.90497196456873,49.96171569824219,259900,0.0,0.0,0.0
2024-08-27 00:00:00-04:00,49.675302229927894,50.016713813690885,49.65633451774982,49.95032501220703,187800,0.148,0.0,0.0
2024-08-28 00:00:00-04:00,50.05465212788525,50.35812832674675,49.940849457742594,50.0736198425293,87700,0.0,0.0,0.0
2024-08-29 00:00:00-04:00,50.33916523095868,50.690058914547976,50.3201975159374,50.39606475830078,347300,0.0,0.0,0.0
2024-08-30 00:00:00-04:00,50.4150287983469,50.92714621342567,50.4150287983469,50.870243072509766,291900,0.0,0.0,0.0
2024-09-03 00:00:00-04:00,50.69005158284374,50.89868918245742,50.54779554962065,50.661598205566406,183600,0.0,0.0,0.0
2024-09-04 00:00:00-04:00,50.50039477639464,50.92715939945795,50.50039477639464,50.9081916809082,193600,0.0,0.0,0.0
2024-09-05 00:00:00-04:00,50.93661777000446,51.15474100533988,50.803847419602086,50.95558547973633,265100,0.0,0.0,0.0
2024-09-06 00:00:00-04:00,50.94611480925849,51.3444259494027,50.47193281324595,50.718505859375,216900,0.0,0.0,0.0
2024-09-09 00:00:00-04:00,50.89868783414422,51.515125804819824,50.89868783414422,51.43925857543945,172200,0.0,0.0,0.0
2024-09-10 00:00:00-04:00,51.40133048423401,51.543582916259766,50.98404800109321,51.543582916259766,218500,0.0,0.0,0.0
2024-09-11 00:00:00-04:00,51.46771049459169,51.98930992828451,51.18320204146118,51.979827880859375,187300,0.0,0.0,0.0
2024-09-12 00:00:00-04:00,51.98930973229088,52.32123565673828,51.90395683490137,52.32123565673828,164300,0.0,0.0,0.0
2024-09-13 00:00:00-04:00,52.40659020787224,52.62471709964518,52.34020502088791,52.46349334716797,210900,0.0,0.0,0.0
2024-09-16 00:00:00-04:00,52.57730487739556,52.86181700414768,52.52040534622272,52.814395904541016,108400,0.0,0.0,0.0
2024-09-17 00:00:00-04:00,52.98509199672331,52.994577661990306,52.700583539975725,52.85232162475586,95300,0.0,0.0,0.0
2024-09-18 00:00:00-04:00,52.81438985402798,52.97561361523222,52.567816805842234,52.71955490112305,233000,0.0,0.0,0.0
2024-09-19 00:00:00-04:00,53.250647594871324,53.43083547803151,52.966135460367134,53.40238571166992,366400,0.0,0.0,0.0
2024-09-20 00:00:00-04:00,53.36443909370667,53.55411260438291,53.15579787019068,53.430824279785156,356900,0.0,0.0,0.0
2024-09-23 00:00:00-04:00,53.46877404491754,53.46877404491754,53.098912589654795,53.34548568725586,133300,0.0,0.0,0.0
2024-09-24 00:00:00-04:00,53.419645528785104,53.448170344513656,53.21996456415425,53.24848937988281,92000,0.148,0.0,0.0
2024-09-25 00:00:00-04:00,53.162906014106476,53.32455508409875,53.08683863731285,53.26750183105469,76500,0.0,0.0,0.0
2024-09-26 00:00:00-04:00,53.38160433224977,53.96163303866658,53.38160433224977,53.75244140625,101900,0.0,0.0,0.0
2024-09-27 00:00:00-04:00,53.8094940095273,53.99966788876874,53.75244075757535,53.7619514465332,100000,0.0,0.0,0.0
2024-09-30 00:00:00-04:00,53.50521348180597,53.895068274498904,53.50521348180597,53.857032775878906,103800,0.0,0.0,0.0
2024-10-01 00:00:00-04:00,53.72391128540039,53.838014152142335,53.353074248040514,53.72391128540039,407400,0.0,0.0,0.0
2024-10-02 00:00:00-04:00,53.62883293427015,53.88556351001629,53.533744177266776,53.63833999633789,327200,0.0,0.0,0.0
2024-10-03 00:00:00-04:00,53.562266455456474,53.58128057740431,53.28651453277078,53.52423095703125,201400,0.0,0.0,0.0
2024-10-04 00:00:00-04:00,53.77146086549755,54.047212821123,53.77146086549755,53.97114181518555,341600,0.0,0.0,0.0
2024-10-07 00:00:00-04:00,53.942616973735404,54.02819504173824,53.54325507456564,53.78097152709961,260300,0.0,0.0,0.0
2024-10-08 00:00:00-04:00,53.64784559004171,53.96163303866658,53.54325340109852,53.75244140625,176200,0.0,0.0,0.0
2024-10-09 00:00:00-04:00,53.7239115374729,54.018681207476114,53.7239115374729,53.96162796020508,104900,0.0,0.0,0.0
2024-10-10 00:00:00-04:00,53.676369598331135,53.866543464166305,53.58128085178116,53.857032775878906,152800,0.0,0.0,0.0
2024-10-11 00:00:00-04:00,53.81901058059683,54.408550073138585,53.81901058059683,54.26591873168945,260800,0.0,0.0,0.0
2024-10-15 00:00:00-04:00,54.23738881864647,54.52264784747866,54.19935331419809,54.42756271362305,135400,0.0,0.0,0.0
2024-10-16 00:00:00-04:00,54.45608627866296,54.88397662572464,54.45608627866296,54.82692337036133,151800,0.0,0.0,0.0
2024-10-17 00:00:00-04:00,54.93151562241655,55.235792376720134,54.93151562241655,55.15972137451172,1262400,0.0,0.0,0.0
2024-10-18 00:00:00-04:00,55.15972687681469,55.38793627893928,55.01709917434403,55.28334045410156,155700,0.0,0.0,0.0
2024-10-21 00:00:00-04:00,55.23579299131877,55.32137105612293,54.84593816882539,54.96004104614258,203500,0.0,0.0,0.0
2024-10-22 00:00:00-04:00,54.684302623572904,54.87447655097209,54.47511456797317,54.83644104003906,169200,0.0,0.0,0.0
2024-10-23 00:00:00-04:00,54.69381034641282,54.864966509055925,54.41805834801384,54.779388427734375,106000,0.0,0.0,0.0
2024-10-24 00:00:00-04:00,54.579697735210004,54.931517061478075,54.579697735210004,54.902992248535156,81000,0.0,0.0,0.0
2024-10-25 00:00:00-04:00,54.883979591854896,55.10267830833564,54.56068504852131,54.646263122558594,109600,0.0,0.0,0.0
2024-10-28 00:00:00-04:00,54.69582424115107,55.201030228269026,54.69582424115107,55.15336990356445,141600,0.142,0.0,0.0
2024-10-29 00:00:00-04:00,55.115239500787034,55.17243407146785,54.86740363366945,55.029449462890625,151600,0.0,0.0,0.0
2024-10-30 00:00:00-04:00,54.85787468270438,55.22963033739234,54.85787468270438,55.01992416381836,115800,0.0,0.0,0.0
2024-10-31 00:00:00-04:00,54.69582391646745,54.705354526851906,54.11435850427409,54.25733947753906,269000,0.0,0.0,0.0
2024-11-01 00:00:00-04:00,54.428916508643326,54.78161088937627,54.428916508643326,54.71488571166992,227000,0.0,0.0,0.0
2024-11-04 00:00:00-05:00,54.59097407589584,55.000859449125244,54.55284435832799,54.76255416870117,186900,0.0,0.0,0.0
2024-11-05 00:00:00-05:00,54.8006877083032,55.210569473869505,54.8006877083032,55.17244338989258,136100,0.0,0.0,0.0
2024-11-06 00:00:00-05:00,56.125662759886616,56.18285370212443,55.52513241263851,56.106597900390625,447900,0.0,0.0,0.0
2024-11-07 00:00:00-05:00,56.144724660976415,56.54507578054622,56.144724660976415,56.38302993774414,230700,0.0,0.0,0.0
2024-11-08 00:00:00-05:00,56.373494691762446,56.38302893896424,56.135189419216104,56.36396408081055,70900,0.0,0.0,0.0
2024-11-11 00:00:00-05:00,56.6308605767329,57.09794047585576,56.6308605767329,56.87869644165039,121600,0.0,0.0,0.0
2024-11-12 00:00:00-05:00,56.88823249866806,56.88823249866806,56.49741201400436,56.764312744140625,230000,0.0,0.0,0.0
2024-11-13 00:00:00-05:00,56.802441955609105,56.89776260517058,56.621331266942434,56.716651916503906,115300,0.0,0.0,0.0
2024-11-14 00:00:00-05:00,56.88822856871144,57.19325899243782,56.88822856871144,57.02167892456055,119600,0.0,0.0,0.0
2024-11-15 00:00:00-05:00,56.916833293173575,56.9835584819522,56.60227220839577,56.75478744506836,236700,0.0,0.0,0.0
2024-11-18 00:00:00-05:00,56.678521705848375,56.9263612105374,56.64992623848028,56.74524688720703,125700,0.0,0.0,0.0
2024-11-19 00:00:00-05:00,56.34489549021523,56.85963571751748,56.230509985120165,56.850101470947266,156300,0.0,0.0,0.0
2024-11-20 00:00:00-05:00,56.90728991682823,56.91682052612305,56.64991983087722,56.91682052612305,175900,0.0,0.0,0.0
2024-11-21 00:00:00-05:00,56.937854425117536,57.60670056432982,56.842306538766444,57.49203872680664,241200,0.142,0.0,0.0
2024-11-22 00:00:00-05:00,57.43471558816461,57.67358896615902,57.43471558816461,57.60670471191406,131700,0.0,0.0,0.0
2024-11-25 00:00:00-05:00,57.86468073410635,58.017559529979216,57.63536071783806,57.664024353027344,165500,0.0,0.0,0.0
2024-11-26 00:00:00-05:00,57.549365354065756,57.96022779558989,57.396486560353374,57.902896881103516,87900,0.0,0.0,0.0
2024-11-27 00:00:00-05:00,57.82645355121351,58.16087474013739,57.82645355121351,58.15132141113281,37800,0.0,0.0,0.0
2024-11-28 00:00:00-05:00,58.189549651833865,58.30420783952058,58.08444479440517,58.12266540527344,18200,0.0,0.0,0.0
2024-11-29 00:00:00-05:00,58.01755823924771,58.37108976341647,58.01755823924771,58.28509521484375,59600,0.0,0.0,0.0
2024-12-02 00:00:00-05:00,58.33287065314338,58.56219067020314,58.13221791628985,58.36153793334961,130400,0.0,0.0,0.0
2024-12-03 00:00:00-05:00,58.23732608551606,58.45708914003731,57.979342418490695,58.10355758666992,201000,0.0,0.0,0.0
2024-12-04 00:00:00-05:00,58.2182146160446,58.49530858378558,58.09399945034724,58.170440673828125,132300,0.0,0.0,0.0
2024-12-05 00:00:00-05:00,57.7500164726679,58.44752617728524,57.72135283868514,58.32331466674805,57700,0.0,0.0,0.0
2024-12-06 00:00:00-05:00,58.45709128478295,58.76284890619734,58.45709128478295,58.58130645751953,115600,0.0,0.0,0.0
2024-12-09 00:00:00-05:00,58.47619114219728,58.62906992558544,58.23731781534592,58.42841720581055,66800,0.0,0.0,0.0
2024-12-10 00:00:00-05:00,58.34242745836291,58.45708564410004,58.227765627707775,58.30420684814453,105100,0.0,0.0,0.0
2024-12-11 00:00:00-05:00,58.476193803258134,58.62907259360331,58.38064228121873,58.495304107666016,200200,0.0,0.0,0.0
2024-12-12 00:00:00-05:00,58.39020605545806,58.39020605545806,57.98889690599559,58.09400177001953,217300,0.0,0.0,0.0
2024-12-13 00:00:00-05:00,58.11310942255501,58.1704403398365,57.8837930432653,57.998451232910156,196800,0.0,0.0,0.0
2024-12-16 00:00:00-05:00,57.90290235083556,58.21821694291953,57.86468538248581,58.065338134765625,136900,0.0,0.0,0.0
2024-12-17 00:00:00-05:00,57.7691272358225,57.98889026957755,57.72135329716582,57.8837890625,165200,0.0,0.0,0.0
2024-12-18 00:00:00-05:00,57.826457037192405,57.826457037192405,56.55564915283779,56.727638244628906,602500,0.0,0.0,0.0
2024-12-19 00:00:00-05:00,56.9856282164709,56.9856282164709,56.64164999465426,56.651206970214844,355000,0.0,0.0,0.0
2024-12-20 00:00:00-05:00,56.45055224601527,57.224499573087066,56.297669801744405,56.95696258544922,412100,0.0,0.0,0.0
2024-12-23 00:00:00-05:00,56.76585989036391,57.224496261884006,56.75630656060881,57.214942932128906,127700,0.0,0.0,0.0
2024-12-24 00:00:00-05:00,57.15761219238484,57.37737522659809,57.10983825362855,57.3296012878418,128200,0.0,0.0,0.0
2024-12-27 00:00:00-05:00,57.29138350122738,57.57803079280418,57.234056229862865,57.453819274902344,160700,0.0,0.0,0.0
2024-12-30 00:00:00-05:00,57.08219775206617,57.38867906629789,56.861914535808715,57.245018005371094,223200,0.142,0.0,0.0
2024-12-31 00:00:00-05:00,57.27376247936078,57.49404574558934,57.2354513930046,57.34080505371094,298300,0.0,0.0,0.0
2025-01-02 00:00:00-05:00,57.53235462661371,57.58982125394515,56.976858509927645,57.13967514038086,210000,0.0,0.0,0.0
2025-01-03 00:00:00-05:00,57.28333957150986,57.599396886254695,57.28333957150986,57.551509857177734,132800,0.0,0.0,0.0
2025-01-06 00:00:00-05:00,57.7239039504268,57.7239039504268,57.235446772681954,57.312068939208984,214100,0.0,0.0,0.0
2025-01-07 00:00:00-05:00,57.4940481956947,57.70475552608664,57.12052422167004,57.16841125488281,197100,0.0,0.0,0.0
2025-01-08 00:00:00-05:00,57.10136487241956,57.56108693700975,57.01516675696226,57.503623962402344,128800,0.0,0.0,0.0
2025-01-09 00:00:00-05:00,57.45572923373909,57.58981436125155,57.45572923373909,57.541927337646484,25600,0.0,0.0,0.0
2025-01-10 00:00:00-05:00,57.33123158163385,57.33123158163385,56.44051887994031,56.57460403442383,342800,0.0,0.0,0.0
2025-01-13 00:00:00-05:00,56.143602996496874,56.42135285263227,56.143602996496874,56.26811218261719,111300,0.0,0.0,0.0
2025-01-14 00:00:00-05:00,56.4596683391117,56.53628685332496,56.19149440550017,56.411781311035156,165000,0.0,0.0,0.0
2025-01-15 00:00:00-05:00,56.97685859000163,57.187562250087424,56.93854750506016,57.10136413574219,357600,0.0,0.0,0.0
2025-01-16 00:00:00-05:00,57.17798599498771,57.54193399286213,57.17798599498771,57.51319885253906,192900,0.0,0.0,0.0
2025-01-17 00:00:00-05:00,57.79095595408459,58.049550328011414,57.79095595408459,57.96335220336914,271700,0.0,0.0,0.0
2025-01-20 00:00:00-05:00,57.99207735770482,58.174053186260075,57.752638554697334,57.838836669921875,226900,0.0,0.0,0.0
2025-01-21 00:00:00-05:00,57.877155021097145,58.31772159708815,57.877155021097145,58.25067901611328,99000,0.0,0.0,0.0
2025-01-22 00:00:00-05:00,58.327293225856536,58.327293225856536,58.00165631124328,58.06869888305664,123000,0.0,0.0,0.0
2025-01-23 00:00:00-05:00,58.0591182466818,58.42306623969245,58.0591182466818,58.413490295410156,354700,0.0,0.0,0.0
2025-01-24 00:00:00-05:00,58.28898417625677,58.65293218848472,58.28898417625677,58.60504150390625,196800,0.0,0.0,0.0
2025-01-27 00:00:00-05:00,58.22194635621692,58.70082401273416,58.22194635621692,58.63378143310547,131800,0.0,0.0,0.0
2025-01-28 00:00:00-05:00,58.61458116237294,58.816169896470655,58.518583911430675,58.77777099609375,152500,0.14,0.0,0.0
2025-01-29 00:00:00-05:00,58.74897337861379,59.06575515044863,58.65297612811787,58.825767517089844,129800,0.0,0.0,0.0
2025-01-30 00:00:00-05:00,59.05615138448755,59.44012936253079,59.02735404316239,59.23854064941406,358600,0.0,0.0,0.0
2025-01-31 00:00:00-05:00,59.286531458730394,59.35373135157786,58.768161057563724,58.89295196533203,391800,0.0,0.0,0.0
2025-02-03 00:00:00-05:00,57.03065120089598,57.98100367620239,57.03065120089598,57.77941131591797,382200,0.0,0.0,0.0
2025-02-04 00:00:00-05:00,57.83702782566674,58.00981923909545,57.241859436035156,57.241859436035156,576500,0.0,0.0,0.0
2025-02-05 00:00:00-05:00,57.31863997250183,57.673824272373764,57.18424749662394,57.664222717285156,257800,0.0,0.0,0.0
2025-02-06 00:00:00-05:00,58.048205904520856,58.16339893520968,57.894613976295624,58.13460159301758,394700,0.0,0.0,0.0
2025-02-07 00:00:00-05:00,58.12499645230633,58.12499645230633,57.85621150997193,58.07699966430664,332800,0.0,0.0,0.0
2025-02-10 00:00:00-05:00,58.36499191705333,58.41298871151906,58.00020968765656,58.04821014404297,76700,0.0,0.0,0.0
2025-02-11 00:00:00-05:00,57.90420906046405,57.990604744769236,57.59702521891678,57.92340850830078,43000,0.0,0.0,0.0
2025-02-12 00:00:00-05:00,57.750612923283235,58.00979995727539,57.635419906593384,58.00979995727539,86500,0.0,0.0,0.0
2025-02-13 00:00:00-05:00,58.09620737064306,58.15380572158277,57.702627794023435,57.961814880371094,86200,0.0,0.0,0.0
2025-02-14 00:00:00-05:00,58.11540222167969,58.30739304769713,58.08660121752879,58.11540222167969,58700,0.0,0.0,0.0
2025-02-18 00:00:00-05:00,58.15380279790389,58.60497704085976,58.15380279790389,58.54738235473633,93500,0.0,0.0,0.0
2025-02-19 00:00:00-05:00,58.2881999440731,58.42259243833896,57.97141449737144,58.374595642089844,148900,0.0,0.0,0.0
2025-02-20 00:00:00-05:00,58.384198117354245,58.62418577934992,58.1730078029833,58.21140670776367,101200,0.0,0.0,0.0
2025-02-21 00:00:00-05:00,58.25939446638562,58.33619226402797,57.65462828859461,57.731422424316406,146000,0.0,0.0,0.0
2025-02-24 00:00:00-05:00,57.85620547129255,57.99059792843268,57.54902166585231,57.7506103515625,66100,0.0,0.0,0.0
2025-02-25 00:00:00-05:00,58.058518991839684,58.327930897779204,57.75061862206254,58.173980712890625,193900,0.14,0.0,0.0
2025-02-26 00:00:00-05:00,58.337557831535506,58.60696975124898,57.981545028528856,58.31831359863281,108100,0.0,0.0,0.0
2025-02-27 00:00:00-05:00,58.39529378481482,58.59735641902443,57.856469881489346,57.894954681396484,130300,0.0,0.0,0.0
2025-02-28 00:00:00-05:00,57.92381638508967,58.65507888793945,57.81797493865278,58.65507888793945,199500,0.0,0.0,0.0
2025-03-03 00:00:00-05:00,58.67431973139397,58.99184405236149,57.85646006238505,58.173980712890625,498000,0.0,0.0,0.0
2025-03-04 00:00:00-05:00,57.34649791424699,57.37536609776974,56.220737859333084,56.55750274658203,849600,0.0,0.0,0.0
2025-03-05 00:00:00-05:00,56.40355046176375,57.0001106262207,56.40355046176375,57.0001106262207,358800,0.0,0.0,0.0
2025-03-06 00:00:00-05:00,56.40355844450196,56.69221461661333,55.86473456868403,56.02830505371094,486200,0.0,0.0,0.0
2025-03-07 00:00:00-05:00,55.787752932163734,56.42279792549579,55.60493822833522,56.33620071411133,407100,0.0,0.0,0.0
2025-03-10 00:00:00-04:00,55.527962030409334,55.83586241484588,55.10459991942461,55.45098876953125,553100,0.0,0.0,0.0
2025-03-11 00:00:00-04:00,55.19119942649982,55.46061135646694,54.49842169748462,54.68124008178711,388400,0.0,0.0,0.0
2025-03-12 00:00:00-04:00,54.931398945592086,55.220055062780744,54.58501013678102,55.066104888916016,258100,0.0,0.0,0.0
2025-03-13 00:00:00-04:00,54.892911372579576,54.96988829598813,54.26749038696289,54.26749038696289,466700,0.0,0.0,0.0
2025-03-14 00:00:00-04:00,54.53690978286614,55.31628472255075,54.53690978286614,55.24892807006836,224000,0.0,0.0,0.0
2025-03-17 00:00:00-04:00,55.25854982086093,55.893594819227324,55.25854982086093,55.855106353759766,397800,0.0,0.0,0.0
2025-03-18 00:00:00-04:00,55.76850248887013,55.85509969061062,55.4798463732224,55.71077346801758,283200,0.0,0.0,0.0
2025-03-19 00:00:00-04:00,55.80699807096288,56.48053154039451,55.80699807096288,56.355445861816406,262400,0.0,0.0,0.0
2025-03-20 00:00:00-04:00,56.182245805415874,56.52863462186201,56.16300157445089,56.316951751708984,201300,0.0,0.0,0.0
2025-03-21 00:00:00-04:00,56.0860356929617,56.26885040546542,55.806999812985836,56.23036193847656,258800,0.0,0.0,0.0
2025-03-24 00:00:00-04:00,56.605611183976265,57.12519073486328,56.605611183976265,57.12519073486328,155300,0.0,0.0,0.0
2025-03-25 00:00:00-04:00,57.308013916015625,57.50044889970862,57.202172472707254,57.308013916015625,88100,0.0,0.0,0.0
2025-03-26 00:00:00-04:00,57.4140988800794,57.58770135835462,56.90293807133007,57.0572509765625,203400,0.14,0.0,0.0
2025-03-27 00:00:00-04:00,56.93187652951522,57.009034829734226,56.75827403313271,56.92223358154297,195200,0.0,0.0,0.0
2025-03-28 00:00:00-04:00,56.73898392855296,56.90293978569149,56.015641473650106,56.03492736816406,228000,0.0,0.0,0.0
2025-03-31 00:00:00-04:00,55.55269266557064,56.69075162451595,55.55269266557064,56.546085357666016,274700,0.0,0.0,0.0
2025-04-01 00:00:00-04:00,56.42070994495235,56.96080695437504,56.044572467310246,56.89329528808594,154800,0.0,0.0,0.0
2025-04-02 00:00:00-04:00,56.52680654751519,57.529842376708984,56.37249362603232,57.529842376708984,203800,0.0,0.0,0.0
2025-04-03 00:00:00-04:00,56.411067612213955,56.78720509395179,55.71665768955339,55.74559020996094,381100,0.0,0.0,0.0
2025-04-04 00:00:00-04:00,54.6075417136912,54.703989598910745,52.94867855813199,53.469482421875,979700,0.0,0.0,0.0
2025-04-07 00:00:00-04:00,51.347668362124985,53.43089436382543,51.347668362124985,52.35070037841797,619400,0.0,0.0,0.0
2025-04-08 00:00:00-04:00,53.57556134627084,53.75881044789657,51.617715700423986,51.97456359863281,657800,0.0,0.0,0.0
2025-04-09 00:00:00-04:00,51.569503727096425,54.30856105102124,51.096918299621386,54.22175979614258,417700,0.0,0.0,0.0
2025-04-10 00:00:00-04:00,53.57556506228997,53.57556506228997,51.71416347200516,52.30248260498047,546200,0.0,0.0,0.0
2025-04-11 00:00:00-04:00,52.09995312211758,53.41161486674803,52.09995312211758,53.266944885253906,434900,0.0,0.0,0.0
2025-04-14 00:00:00-04:00,54.05779374040402,54.347129995534154,53.729878336827184,54.18317413330078,332700,0.0,0.0,0.0
2025-04-15 00:00:00-04:00,54.35676854654834,54.810064275676886,54.308546457709234,54.61717224121094,737600,0.0,0.0,0.0
2025-04-16 00:00:00-04:00,54.46286392211914,54.713621012601564,53.95169943600097,54.46286392211914,354900,0.0,0.0,0.0
2025-04-17 00:00:00-04:00,54.53036855245476,54.89685935440506,54.395345238145765,54.63645935058594,317700,0.0,0.0,0.0
2025-04-21 00:00:00-04:00,54.33748247676892,54.49179537846389,53.8263216797374,54.17352294921875,178700,0.0,0.0,0.0
2025-04-22 00:00:00-04:00,54.597899857746015,55.27302035135586,54.597899857746015,55.25373077392578,320400,0.0,0.0,0.0
2025-04-23 00:00:00-04:00,56.32426858717407,56.430355725877575,55.716659880948185,55.832393646240234,510700,0.0,0.0,0.0
2025-04-24 00:00:00-04:00,55.938481034697936,56.391776799708055,55.697366892307,56.33390808105469,166700,0.0,0.0,0.0
2025-04-25 00:00:00-04:00,56.197521923399016,56.584425453697484,56.18785099554504,56.487701416015625,162500,0.169,0.0,0.0
2025-04-28 00:00:00-04:00,56.51671952076936,56.95198508247308,56.51671952076936,56.700496673583984,84800,0.0,0.0,0.0
2025-04-29 00:00:00-04:00,56.690821871864145,57.27117345462427,56.671476327134094,57.242156982421875,166600,0.0,0.0,0.0
2025-04-30 00:00:00-04:00,56.93264206230591,57.39692411879311,56.50704740985331,57.319541931152344,224100,0.0,0.0,0.0
2025-05-01 00:00:00-04:00,57.435611766892244,57.76447866506426,57.33888403814426,57.49364471435547,276600,0.0,0.0,0.0
2025-05-02 00:00:00-04:00,57.996620506775244,58.170726736758276,57.706444686732105,58.112693786621094,283300,0.0,0.0,0.0
2025-05-05 00:00:00-04:00,57.957930972346745,58.2771269658294,57.86120692632609,57.96760559082031,56000,0.0,0.0,0.0
2025-05-06 00:00:00-04:00,57.7354621887207,57.98695060974077,57.512993933071144,57.7354621887207,147200,0.0,0.0,0.0
2025-05-07 00:00:00-04:00,58.03531026057112,58.22876203273016,57.93858621938443,58.13203430175781,236700,0.0,0.0,0.0
2025-05-08 00:00:00-04:00,58.180399707240674,58.770422259044494,58.064326430682144,58.5576286315918,207600,0.0,0.0,0.0
2025-05-09 00:00:00-04:00,58.81878851736798,58.81878851736798,58.42221404322764,58.54795455932617,223000,0.0,0.0,0.0
2025-05-12 00:00:00-04:00,59.50553697139977,59.6409521013528,59.11863343743207,59.17667007446289,169400,0.0,0.0,0.0
2025-05-13 00:00:00-04:00,59.32176920044251,59.52489192748413,59.21537052729134,59.38947677612305,93500,0.0,0.0,0.0
2025-05-14 00:00:00-04:00,59.408806615754074,59.805384749914985,59.408806615754074,59.75701904296875,701800,0.0,0.0,0.0
2025-05-15 00:00:00-04:00,59.76670132165897,60.37606945761307,59.728010227056394,60.356727600097656,228400,0.0,0.0,0.0
2025-05-16 00:00:00-04:00,60.318033608805145,60.646900517561896,60.318033608805145,60.521156311035156,111300,0.0,0.0,0.0
2025-05-20 00:00:00-04:00,60.414767186336285,60.821016344701604,60.414767186336285,60.5501823425293,98000,0.0,0.0,0.0
2025-05-21 00:00:00-04:00,60.23098317143576,60.35672738355004,59.81506313041501,59.9408073425293,142900,0.0,0.0,0.0
2025-05-22 00:00:00-04:00,60.04652598130142,60.54117349446312,60.027127531782696,60.29869842529297,202400,0.169,0.0,0.0
2025-05-23 00:00:00-04:00,59.99802873542256,60.47327777552393,59.78464950116233,60.279300689697266,176200,0.0,0.0,0.0
2025-05-26 00:00:00-04:00,60.55087620279783,60.72545855330058,60.453887652463436,60.56057357788086,149800,0.0,0.0,0.0
2025-05-27 00:00:00-04:00,60.62846557663244,61.278300695689815,60.62846557663244,61.191009521484375,204100,0.0,0.0,0.0
2025-05-28 00:00:00-04:00,61.29769784649441,61.511073390126796,61.2685983224586,61.3267936706543,201000,0.0,0.0,0.0
2025-05-29 00:00:00-04:00,61.588672387701365,61.588672387701365,60.783653319134125,60.987335205078125,141300,0.0,0.0,0.0
2025-05-30 00:00:00-04:00,61.04552048317399,61.18130962624792,60.851543392820034,61.05522155761719,256800,0.0,0.0,0.0
2025-06-02 00:00:00-04:00,60.91943356856817,61.21040289181519,60.67695851588303,61.123111724853516,186400,0.0,0.0,0.0
2025-06-03 00:00:00-04:00,61.22011041528355,61.317102672362765,61.04552805241726,61.258907318115234,204900,0.0,0.0,0.0
2025-06-04 00:00:00-04:00,61.29769548896377,61.317093937616264,60.93883343858206,61.08431625366211,86300,0.0,0.0,0.0
2025-06-05 00:00:00-04:00,61.22980444653692,61.26859764502921,60.900038210159266,61.142513275146484,135400,0.0,0.0,0.0
2025-06-06 00:00:00-04:00,61.520779786637775,61.63716679322135,61.38499432897757,61.49168395996094,69400,0.0,0.0,0.0
2025-06-09 00:00:00-04:00,61.45287904842325,61.45287904842325,61.152208645737275,61.29769515991211,128300,0.0,0.0,0.0
2025-06-10 00:00:00-04:00,61.27830106747628,61.462580791972044,61.23950416762158,61.38499069213867,121500,0.0,0.0,0.0
2025-06-11 00:00:00-04:00,61.48197545198783,61.55956924691412,61.17160767203421,61.18130874633789,144100,0.0,0.0,0.0
2025-06-12 00:00:00-04:00,61.13281413015108,61.39468765258789,61.02612450620912,61.39468765258789,303900,0.0,0.0,0.0
2025-06-13 00:00:00-04:00,61.12311318102033,61.152209004075495,60.793346953517336,60.880638122558594,110100,0.0,0.0,0.0
2025-06-16 00:00:00-04:00,61.03582165432286,61.627461385482746,61.03582165432286,61.29769515991211,380200,0.0,0.0,0.0
2025-06-17 00:00:00-04:00,61.15220754721551,61.26859453653918,60.92913094273027,61.123111724853516,113000,0.0,0.0,0.0
2025-06-18 00:00:00-04:00,61.443182884582,61.65656213579091,61.38499123416215,61.47228240966797,126200,0.0,0.0,0.0
2025-06-19 00:00:00-04:00,61.200702341337774,61.443177396097234,61.15220807036103,61.41408157348633,90800,0.0,0.0,0.0
2025-06-20 00:00:00-04:00,61.81174705713217,61.81174705713217,61.34619534670751,61.44318389892578,176200,0.0,0.0,0.0
2025-06-23 00:00:00-04:00,61.34618401364892,61.8699309785735,61.29768974649859,61.85053253173828,130300,0.0,0.0,0.0
2025-06-24 00:00:00-04:00,62.151219299012865,62.558575690358246,62.141518223099084,62.432491302490234,403000,0.0,0.0,0.0
2025-06-25 00:00:00-04:00,62.382887008859505,62.382887008859505,62.05225270492533,62.17866897583008,56200,0.169,0.0,0.0
2025-06-26 00:00:00-04:00,62.31481466438778,62.655171865144055,62.31481466438778,62.625999450683594,59900,0.0,0.0,0.0
2025-06-27 00:00:00-04:00,62.61628829672206,63.15114075796437,62.606561683090646,62.85940170288086,86700,0.0,0.0,0.0
2025-06-30 00:00:00-04:00,62.94691121396946,63.277541805416554,62.87883977342266,63.22891616821289,173300,0.0,0.0,0.0
2025-07-02 00:00:00-04:00,63.306719630541856,63.306719630541856,62.9177367573599,63.06360626220703,82900,0.0,0.0,0.0
2025-07-03 00:00:00-04:00,63.209468956543134,63.6567966157741,63.209468956543134,63.57899856567383,90100,0.0,0.0,0.0
2025-07-04 00:00:00-04:00,63.442860358528534,63.67625452601276,63.442860358528534,63.58872985839844,80300,0.0,0.0,0.0
2025-07-07 00:00:00-04:00,63.666525365011665,63.977710156633144,63.32616815843047,63.374786376953125,230600,0.0,0.0,0.0
2025-07-08 00:00:00-04:00,63.413692944984696,63.50121761950368,63.131680534783726,63.326175689697266,145900,0.0,0.0,0.0
2025-07-09 00:00:00-04:00,63.44287052761852,63.705437153316645,63.413698106814756,63.48176956176758,117600,0.0,0.0,0.0
2025-07-10 00:00:00-04:00,63.49147289553779,64.09439657493401,63.45257387565132,63.890174865722656,87000,0.0,0.0,0.0
2025-07-11 00:00:00-04:00,63.59845494716747,63.637353974149974,63.33588836984324,63.56928253173828,84400,0.0,0.0,0.0
2025-07-14 00:00:00-04:00,63.47203434303943,63.792945766836695,63.42341612136875,63.744327545166016,129800,0.0,0.0,0.0
2025-07-15 00:00:00-04:00,63.75404348157382,63.77349670463338,63.36506805115167,63.38451385498047,87900,0.0,0.0,0.0
2025-07-16 00:00:00-04:00,63.52065850154016,63.97771280611873,63.19002789266347,63.95825958251953,255500,0.0,0.0,0.0
2025-07-17 00:00:00-04:00,63.792923168043785,64.72647727264206,63.792923168043785,64.6195068359375,117900,0.0,0.0,0.0
2025-07-18 00:00:00-04:00,64.66816261063053,64.66816261063053,64.44449502435727,64.52229309082031,74100,0.0,0.0,0.0
2025-07-21 00:00:00-04:00,64.51254601427162,64.61951646691921,64.34723073989977,64.36668395996094,527300,0.0,0.0,0.0
2025-07-22 00:00:00-04:00,64.34723073989977,64.42502878168521,64.22081448642064,64.36668395996094,46100,0.0,0.0,0.0
2025-07-23 00:00:00-04:00,64.49311880722988,64.93071993478446,64.49311880722988,64.77513122558594,141400,0.0,0.0,0.0
2025-07-24 00:00:00-04:00,64.87236944581788,64.99878572473273,64.68760091420832,64.7070541381836,193500,0.0,0.0,0.0
2025-07-25 00:00:00-04:00,64.707043389847,65.10574538433937,64.668144367589,65.03767395019531,52800,0.0,0.0,0.0
2025-07-28 00:00:00-04:00,65.03475160144818,65.03475160144818,64.69354242534659,64.81053161621094,103300,0.167,0.0,0.0
2025-07-29 00:00:00-04:00,64.86903329397647,64.97627154400764,64.60580943015327,64.76179504394531,86100,0.0,0.0,0.0
2025-07-30 00:00:00-04:00,64.93726647914974,65.00550831663072,64.26459162554978,64.4303207397461,96200,0.0,0.0,0.0
2025-07-31 00:00:00-04:00,64.34258611318113,64.61555347027954,64.06961875608272,64.1768569946289,220200,0.0,0.0,0.0
2025-08-01 00:00:00-04:00,63.572432877254705,63.63092376546281,63.08498897471069,63.582183837890625,179300,0.0,0.0,0.0
2025-08-05 00:00:00-04:00,64.14761891358093,64.46932622832279,63.93314241188403,64.2938461303711,322800,0.0,0.0,0.0
2025-08-06 00:00:00-04:00,64.53755950927734,64.66429966407777,64.32309047385067,64.53755950927734,120900,0.0,0.0,0.0
2025-08-07 00:00:00-04:00,64.59604937601195,64.66429120513044,63.96237099831087,64.08910369873047,180000,0.0,0.0,0.0
2025-08-08 00:00:00-04:00,64.16712027761929,64.16712027761929,63.90390382136704,63.96239471435547,130600,0.0,0.0,0.0
2025-08-11 00:00:00-04:00,63.94288568336708,64.2353549914059,63.94288568336708,64.06962585449219,141700,0.0,0.0,0.0
2025-08-12 00:00:00-04:00,64.19635227976009,64.64479972029844,64.19635227976009,64.50831604003906,100800,0.0,0.0,0.0
2025-08-13 00:00:00-04:00,64.80077922907412,65.03475016784304,64.80077922907412,64.94701385498047,65600,0.0,0.0,0.0
2025-08-14 00:00:00-04:00,64.87879194732827,65.22000122070312,64.86904098585919,65.22000122070312,32600,0.0,0.0,0.0
2025-08-15 00:00:00-04:00,65.28822726731627,65.34671814635992,65.09324527416658,65.11274719238281,187800,0.0,0.0,0.0
2025-08-18 00:00:00-04:00,65.06400686482137,65.13224871034667,64.96651957661426,65.12250518798828,74800,0.0,0.0,0.0
2025-08-19 00:00:00-04:00,65.12249623849107,65.28822534944804,65.00550704603786,65.0250015258789,821300,0.0,0.0,0.0
2025-08-20 00:00:00-04:00,65.1322532566279,65.19075158387805,64.95677315048515,65.05426788330078,192300,0.0,0.0,0.0
2025-08-21 00:00:00-04:00,64.92751786969032,65.22973810758758,64.88852147003253,65.20048522949219,63800,0.0,0.0,0.0
2025-08-22 00:00:00-04:00,65.34670870079745,65.8244014988115,65.30771230780425,65.71717071533203,128500,0.0,0.0,0.0
2025-08-25 00:00:00-04:00,65.59043098930249,65.59043098930249,65.08349275282006,65.13223266601562,110000,0.0,0.0,0.0
2025-08-26 00:00:00-04:00,65.2759196169996,66.04801177978516,65.16841264139391,66.04801177978516,164800,0.167,0.0,0.0
2025-08-27 00:00:00-04:00,66.19461100679271,67.05465933087248,66.19461100679271,66.83964538574219,290600,0.0,0.0,0.0
2025-08-28 00:00:00-04:00,67.40650907121746,67.40650907121746,66.40962744112579,66.62464141845703,130100,0.0,0.0,0.0
2025-08-29 00:00:00-04:00,66.45848591471959,66.99602076866516,66.45848591471959,66.87873840332031,137900,0.0,0.0,0.0
2025-09-02 00:00:00-04:00,66.38030082268301,66.93737903574706,66.33143876046717,66.89828491210938,143600,0.0,0.0,0.0
2025-09-03 00:00:00-04:00,66.99601276482316,67.31852618221934,66.8982737438251,67.2892074584961,138600,0.0,0.0,0.0
2025-09-04 00:00:00-04:00,67.42603605542901,67.80719439319206,67.39671733043812,67.78765106201172,116400,0.0,0.0,0.0
2025-09-05 00:00:00-04:00,67.9244747283895,68.17858276481702,67.27943297202125,67.66059875488281,164900,0.0,0.0,0.0
2025-09-08 00:00:00-04:00,67.72901698505818,67.72901698505818,67.25989499251858,67.60195922851562,71600,0.0,0.0,0.0
2025-09-09 00:00:00-04:00,67.48469061590156,68.03199344453478,67.48469061590156,67.84629821777344,142400,0.0,0.0,0.0
2025-09-10 00:00:00-04:00,67.96355977018098,68.21766777267496,67.88537154534598,68.11016082763672,111600,0.0,0.0,0.0
2025-09-11 00:00:00-04:00,68.26654009227663,68.7649807800459,68.26654009227663,68.74542999267578,132300,0.0,0.0,0.0
2025-09-12 00:00:00-04:00,68.68680491523413,68.70635570612573,68.4131534942877,68.4522476196289,103000,0.0,0.0,0.0
2025-09-15 00:00:00-04:00,68.54996685761834,68.75520538636084,68.35450372256092,68.74542999267578,215900,0.0,0.0,0.0
2025-09-16 00:00:00-04:00,68.68678283691406,68.74542027785677,68.44245022440003,68.68678283691406,192200,0.0,0.0,0.0
2025-09-17 00:00:00-04:00,68.73567620344154,69.08751588411734,68.58907509375294,68.78453826904297,346200,0.0,0.0,0.0
2025-09-18 00:00:00-04:00,68.87249617098365,69.3807048582001,68.87249617098365,69.18524169921875,144200,0.0,0.0,0.0
2025-09-19 00:00:00-04:00,69.38070113635092,69.81072901077141,69.38070113635092,69.71299743652344,113200,0.0,0.0,0.0
2025-09-22 00:00:00-04:00,69.73254153481251,70.0746057766586,69.61526662700312,70.0159683227539,86900,0.0,0.0,0.0
2025-09-23 00:00:00-04:00,70.0159685261727,70.338489436468,69.81072998046875,69.81072998046875,94700,0.0,0.0,0.0
2025-09-24 00:00:00-04:00,69.8861642238657,69.9253499639155,69.35717541798293,69.3669662475586,123700,0.167,0.0,0.0
2025-09-25 00:00:00-04:00,69.12205255358361,69.34736866293102,68.90653474653344,69.26899719238281,334800,0.0,0.0,0.0
2025-09-26 00:00:00-04:00,69.43552945670424,69.59227239440293,69.39634372227957,69.44532775878906,76900,0.0,0.0,0.0
2025-09-29 00:00:00-04:00,69.54331051502542,69.9155713737082,69.49433393682617,69.71964263916016,199000,0.0,0.0,0.0
2025-09-30 00:00:00-04:00,69.73922264461312,70.05270107133353,69.31798530802801,69.82738494873047,59500,0.0,0.0,0.0
2025-10-01 00:00:00-04:00,69.76860658634612,70.15065816622432,69.76860658634612,69.94493865966797,68300,0.0,0.0,0.0
2025-10-02 00:00:00-04:00,70.0037145210545,70.04290025722905,69.58247719957191,69.97432708740234,121700,0.0,0.0,0.0
2025-10-03 00:00:00-04:00,70.05268779243322,70.45432844713763,69.98411463314643,70.39555358886719,62700,0.0,0.0,0.0
2025-10-06 00:00:00-04:00,70.79721058689336,70.79721058689336,69.876371874457,70.42495727539062,57500,0.0,0.0,0.0
2025-10-07 00:00:00-04:00,70.5229164265024,70.5719004679641,70.09188825208412,70.16046142578125,83500,0.0,0.0,0.0
2025-10-08 00:00:00-04:00,70.43476000019098,70.43476000019098,69.79800477761201,69.96453857421875,67500,0.0,0.0,0.0
2025-10-09 00:00:00-04:00,70.0428959464057,70.13105824193619,69.73921585213685,69.92533874511719,61600,0.0,0.0,0.0
2025-10-10 00:00:00-04:00,70.19963520010263,70.30738661990668,69.13184456432653,69.1612319946289,292600,0.0,0.0,0.0
2025-10-14 00:00:00-04:00,69.39635004587912,70.53271402599957,69.29838943784829,70.43475341796875,249900,0.0,0.0,0.0
2025-10-15 00:00:00-04:00,70.70904225597232,71.03231897137739,70.48372614325866,70.689453125,92400,0.0,0.0,0.0
2025-10-16 00:00:00-04:00,70.65027357285035,70.660064402236,69.29839172607389,69.47472381591797,188200,0.0,0.0,0.0
2025-10-17 00:00:00-04:00,69.27880393788337,69.68044469404114,69.22981989434221,69.3669662475586,68800,0.0,0.0,0.0
2025-10-20 00:00:00-04:00,69.59227352312277,70.02330913487053,69.59227352312277,69.9155502319336,84400,0.0,0.0,0.0
2025-10-21 00:00:00-04:00,69.89595911460134,70.09188780528379,69.79799850621778,69.85677337646484,71300,0.0,0.0,0.0
2025-10-22 00:00:00-04:00,69.82737814766735,70.05269424832503,69.71961924829819,69.92533874511719,146400,0.0,0.0,0.0
2025-10-23 00:00:00-04:00,69.97431665330596,70.37595730985387,69.97431665330596,70.25840759277344,69400,0.0,0.0,0.0
2025-10-24 00:00:00-04:00,70.48372614325866,70.84618859452328,70.48372614325866,70.689453125,92900,0.0,0.0,0.0
2025-10-27 00:00:00-04:00,70.98333356814308,71.25762623997065,70.8559855344845,71.238037109375,128500,0.0,0.0,0.0
2025-10-28 00:00:00-04:00,71.41275878770213,71.67779253539685,71.33422749610511,71.53055572509766,214200,0.148,0.0,0.0
2025-10-29 00:00:00-04:00,71.43241026783656,71.44222855465432,70.35263088179616,70.56858825683594,309000,0.0,0.0,0.0
2025-10-30 00:00:00-04:00,70.53912204202273,70.9415818241376,70.43114338334779,70.51948547363281,224100,0.0,0.0,0.0
2025-10-31 00:00:00-04:00,70.52931480946131,71.0397608193923,70.35262311204794,70.99067687988281,85700,0.0,0.0,0.0
2025-11-03 00:00:00-05:00,70.96121344384026,71.43238620414819,70.79434006994605,71.40293884277344,121900,0.0,0.0,0.0
2025-11-04 00:00:00-05:00,70.87287155687132,71.29496792371722,70.79434774774126,70.98085021972656,267900,0.0,0.0,0.0
2025-11-05 00:00:00-05:00,71.1673583984375,71.39313400306835,70.9317719986341,71.1673583984375,112300,0.0,0.0,0.0
2025-11-06 00:00:00-05:00,71.15755029156277,71.27534725289092,70.56858046323737,70.99067687988281,347400,0.0,0.0,0.0
2025-11-07 00:00:00-05:00,70.68637816629767,71.00049591064453,70.13666649682236,71.00049591064453,280700,0.0,0.0,0.0
2025-11-10 00:00:00-05:00,71.15754252581783,71.49129680191132,70.93177440269174,71.41276550292969,105700,0.0,0.0,0.0
2025-11-11 00:00:00-05:00,71.4618419708314,71.77595964478239,71.4618419708314,71.52073669433594,152800,0.0,0.0,0.0
2025-11-12 00:00:00-05:00,71.697441543024,72.59071080017273,71.697441543024,72.55145263671875,96700,0.0,0.0,0.0
2025-11-13 00:00:00-05:00,72.492544651878,72.5907050310266,71.17717909514168,71.41276550292969,143700,0.0,0.0,0.0
2025-11-14 00:00:00-05:00,70.9513974128041,71.54036712646484,70.74525838748065,71.54036712646484,133700,0.0,0.0,0.0
2025-11-17 00:00:00-05:00,71.38332008050789,71.80541646257367,71.05938408026172,71.33423614501953,92200,0.0,0.0,0.0
2025-11-18 00:00:00-05:00,70.87287411239447,71.52074611288678,70.64710598312502,71.33423614501953,174200,0.0,0.0,0.0
2025-11-19 00:00:00-05:00,71.3716177037742,71.43064013323176,70.99784400460159,71.32244110107422,155400,0.148,0.0,0.0
2025-11-20 00:00:00-05:00,71.8339166161971,72.06998380532833,71.04702348427945,71.20439910888672,141600,0.0,0.0,0.0
2025-11-21 00:00:00-05:00,71.4306432344927,72.13884487876084,71.25359094731532,72.08966827392578,224100,0.0,0.0,0.0
2025-11-24 00:00:00-05:00,72.0798163151078,72.57162729706617,71.90276406142519,72.4732666015625,256300,0.0,0.0,0.0
2025-11-25 00:00:00-05:00,72.57162553339995,73.30934198840922,72.47326484028669,73.2896728515625,74400,0.0,0.0,0.0
2025-11-26 00:00:00-05:00,73.45690302299512,73.64379363434323,73.34870398531375,73.54542541503906,159300,0.0,0.0,0.0
2025-11-27 00:00:00-05:00,73.49623312858868,73.74213861549941,73.44704902943057,73.5650863647461,54200,0.0,0.0,0.0
2025-11-28 00:00:00-05:00,73.54541430525825,73.95854125238081,73.37820036480693,73.8306655883789,63900,0.0,0.0,0.0
2025-12-01 00:00:00-05:00,73.56509383567625,73.57493215739498,72.93557632560909,73.1224594116211,142200,0.0,0.0,0.0
2025-12-02 00:00:00-05:00,73.40771445309412,73.60444337530771,73.06344821977166,73.57493591308594,79200,0.0,0.0,0.0
2025-12-03 00:00:00-05:00,73.76181589023798,74.02739804788816,73.40771134966492,73.69296264648438,103800,0.0,0.0,0.0
2025-12-04 00:00:00-05:00,73.85035710410251,74.82414098780825,73.85035710410251,74.7356185913086,92500,0.0,0.0,0.0
2025-12-05 00:00:00-05:00,74.74543464174403,75.00117846628221,74.68641972240461,74.86347198486328,157100,0.0,0.0,0.0
2025-12-08 00:00:00-05:00,74.93233030688401,75.05036765800762,74.77494717205255,74.96183776855469,65500,0.0,0.0,0.0
2025-12-09 00:00:00-05:00,75.00117950524391,75.46348305831458,75.00117950524391,75.26675415039062,85500,0.0,0.0,0.0
2025-12-10 00:00:00-05:00,75.24709173116109,76.26022130800732,75.19790762367798,76.0438232421875,80100,0.0,0.0,0.0
2025-12-11 00:00:00-05:00,76.12251087690954,76.34874725341797,76.01431184959344,76.34874725341797,161400,0.0,0.0,0.0
2025-12-12 00:00:00-05:00,76.41760095927803,76.52579998724772,75.90611328079572,76.03398895263672,65400,0.0,0.0,0.0
2025-12-15 00:00:00-05:00,76.13235266061423,76.61432539229403,76.12251433829064,76.35858154296875,56200,0.0,0.0,0.0
2025-12-16 00:00:00-05:00,76.14219765597723,76.34875741622844,76.05366775618853,76.10285186767578,191700,0.0,0.0,0.0
2025-12-17 00:00:00-05:00,76.27006265051173,76.27006265051173,75.31594796131155,75.48316192626953,77600,0.0,0.0,0.0
2025-12-18 00:00:00-05:00,75.81757878699987,76.44709621039922,75.81757878699987,76.21102905273438,205800,0.0,0.0,0.0
2025-12-19 00:00:00-05:00,76.4569406874064,77.0471123813115,76.4569406874064,76.71267700195312,105800,0.0,0.0,0.0
2025-12-22 00:00:00-05:00,76.82088877458804,77.20450081453279,76.52580663086826,76.9585952758789,93600,0.0,0.0,0.0
2025-12-23 00:00:00-05:00,76.92908741264797,77.41106016466429,76.91924908990926,77.12581634521484,70000,0.0,0.0,0.0
2025-12-24 00:00:00-05:00,77.0766337067571,77.49959153929505,77.03728791949291,77.21434020996094,52300,0.0,0.0,0.0
2025-12-29 00:00:00-05:00,77.08647253382203,77.69631347930117,77.08647253382203,77.48975372314453,88400,0.0,0.0,0.0
2025-12-30 00:00:00-05:00,77.56660487771664,77.64544454854745,77.33009338378906,77.33009338378906,41100,0.148,0.0,0.0
2025-12-31 00:00:00-05:00,77.31038660391368,77.35966328222028,77.03445524995396,77.06401824951172,100000,0.0,0.0,0.0
2026-01-02 00:00:00-05:00,77.24139537044158,77.52718353271484,77.04430371576711,77.52718353271484,93500,0.0,0.0,0.0
2026-01-05 00:00:00-05:00,77.86225630876379,78.88714955843764,77.56661127803588,78.759033203125,99600,0.0,0.0,0.0
2026-01-06 00:00:00-05:00,78.80832051118254,79.12367174449801,78.26630705459357,78.36485290527344,165300,0.0,0.0,0.0
2026-01-07 00:00:00-05:00,78.1480424581484,78.30571429013527,77.69471808459367,77.71443176269531,141100,0.0,0.0,0.0
2026-01-08 00:00:00-05:00,77.52719975086174,78.34514457414203,77.52719975086174,78.04949951171875,130800,0.0,0.0,0.0
2026-01-09 00:00:00-05:00,78.27615570968585,78.61121307067286,78.01993050985917,78.34513854980469,98000,0.0,0.0,0.0
2026-01-12 00:00:00-05:00,78.12833228844852,78.3747006458256,77.92138377047965,78.3155746459961,142100,0.0,0.0,0.0
2026-01-13 00:00:00-05:00,78.42397437461482,78.46339421254015,77.61588649355886,77.73413848876953,106800,0.0,0.0,0.0
2026-01-14 00:00:00-05:00,77.63558206391275,77.89180721619617,77.29066792731831,77.88195037841797,160800,0.0,0.0,0.0
2026-01-15 00:00:00-05:00,78.11848451929053,78.50282611850501,78.02979550924859,78.36485290527344,409900,0.0,0.0,0.0
2026-01-16 00:00:00-05:00,78.41411833461048,78.60136068702265,78.19731298309436,78.24658966064453,44700,0.0,0.0,0.0
2026-01-19 00:00:00-05:00,77.8721155253485,77.92139220958697,77.6060409787335,77.85240936279297,67800,0.0,0.0,0.0
2026-01-20 00:00:00-05:00,77.6947101084973,77.71442378457515,76.699387504936,76.72895050048828,135000,0.0,0.0,0.0
2026-01-21 00:00:00-05:00,76.69939559227711,77.67501214119606,76.5712792399557,77.23155212402344,159700,0.0,0.0,0.0
2026-01-22 00:00:00-05:00,77.58631855470676,77.80311637164422,77.12314488678182,77.33009338378906,115200,0.0,0.0,0.0
2026-01-23 00:00:00-05:00,77.4089347986106,77.4089347986106,76.62055310967031,77.14285278320312,89800,0.0,0.0,0.0
2026-01-26 00:00:00-05:00,77.33996791872805,77.43851377053278,76.80781129670264,76.91621398925781,82100,0.0,0.0,0.0
2026-01-27 00:00:00-05:00,76.92311508341183,77.3279176828963,76.70590062540677,76.73551940917969,123800,0.147,0.0,0.0
2026-01-28 00:00:00-05:00,76.69603422356546,76.84413569263342,75.75807080739114,75.98515319824219,131100,0.0,0.0,0.0
2026-01-29 00:00:00-05:00,76.18261906247763,76.49856532600631,75.8962915841621,76.3504638671875,166700,0.0,0.0,0.0
2026-01-30 00:00:00-05:00,76.133254279882,76.39983089664486,75.35326024399674,75.78768920898438,196500,0.0,0.0,0.0
2026-02-02 00:00:00-05:00,75.77780907447661,77.2489331610187,75.77780907447661,77.1205825805664,202300,0.0,0.0,0.0
2026-02-03 00:00:00-05:00,77.29830381030072,77.41678648567299,76.51830981279475,76.89349365234375,183600,0.0,0.0,0.0
2026-02-04 00:00:00-05:00,77.16007238089674,77.62412007763996,77.06134059138286,77.20943450927734,163800,0.0,0.0,0.0
2026-02-05 00:00:00-05:00,76.78488341812147,77.3279195764315,76.66640828012868,76.90336608886719,168200,0.0,0.0,0.0
2026-02-06 00:00:00-05:00,77.28842548498525,77.66361684327833,77.19956913133875,77.6241226196289,147100,0.0,0.0,0.0
2026-02-09 00:00:00-05:00,77.67348659185001,78.47323145740121,77.67348659185001,78.4633560180664,47300,0.0,0.0,0.0
2026-02-10 00:00:00-05:00,78.62132485634717,79.00638412753797,78.55221184697325,78.93727111816406,96300,0.0,0.0,0.0
2026-02-11 00:00:00-05:00,79.37169931971306,79.37169931971306,77.92031860351562,77.92031860351562,104500,0.0,0.0,0.0
2026-02-12 00:00:00-05:00,78.35474301796103,78.5917008152883,77.11070139967578,77.28842163085938,95700,0.0,0.0,0.0
2026-02-13 00:00:00-05:00,77.15018436486355,77.70308832220738,76.71575552252114,77.67346954345703,179800,0.0,0.0,0.0
2026-02-17 00:00:00-05:00,77.70309201099892,78.19675843427783,77.6043602328935,77.91043853759766,232100,0.0,0.0,0.0
2026-02-18 00:00:00-05:00,78.14739879920698,78.4337262377534,77.91044101766072,78.32511901855469,193000,0.0,0.0,0.0
2026-02-19 00:00:00-05:00,78.26589011709015,78.26589011709015,77.65374842704539,78.0486831665039,148500,0.0,0.0,0.0
2026-02-20 00:00:00-05:00,77.98943042293737,78.75954894646061,77.9795625166635,78.72006225585938,121200,0.0,0.0,0.0
2026-02-23 00:00:00-05:00,78.66082233269704,78.98664404725277,77.29830543467314,77.63399505615234,110300,0.0,0.0,0.0
2026-02-24 00:00:00-05:00,77.59145902558683,77.72005000274231,77.08697395898007,77.63102722167969,156500,0.147,0.0,0.0
2026-02-25 00:00:00-05:00,77.95745615560831,79.23350225290896,77.95745615560831,79.04556274414062,166500,0.0,0.0,0.0
2026-02-26 00:00:00-05:00,79.39175705852371,79.57969652471024,78.89716601101932,79.30272674560547,228800,0.0,0.0,0.0
2026-02-27 00:00:00-05:00,79.0059847172835,79.13457568590304,77.65080239179235,77.75961303710938,298500,0.0,0.0,0.0
2026-03-02 00:00:00-05:00,76.73086926858822,78.40258973919937,76.46379337322156,78.19486236572266,77800,0.0,0.0,0.0
2026-03-03 00:00:00-05:00,77.0375175792072,77.5321087470043,76.06812311656775,77.1760025024414,327600,0.0,0.0,0.0
2026-03-04 00:00:00-05:00,77.36394047552083,77.84863764991735,77.25512982763529,77.55188751220703,170600,0.0,0.0,0.0
2026-03-05 00:00:00-05:00,77.13643931696946,77.47275767753234,76.36487078118121,76.77043914794922,188500,0.0,0.0,0.0
2026-03-06 00:00:00-05:00,75.92963059309272,75.92963059309272,75.0294711353103,75.29655456542969,225000,0.0,0.0,0.0
2026-03-09 00:00:00-04:00,74.35681754817476,75.08881774479815,73.535794583964,74.84152221679688,585600,0.0,0.0,0.0
2026-03-10 00:00:00-04:00,75.16796310907046,76.15714543861634,74.93056146310087,75.51417541503906,261800,0.0,0.0,0.0
2026-03-11 00:00:00-04:00,75.41524904195555,75.77135523877669,75.04925645684474,75.16795349121094,100100,0.0,0.0,0.0
2026-03-12 00:00:00-04:00,74.57444938771002,74.78217675504332,74.00072187020183,74.08975219726562,155700,0.0,0.0,0.0
2026-03-13 00:00:00-04:00,74.35683071229805,74.89099005297156,73.76332284939258,73.83256530761719,77700,0.0,0.0,0.0
2026-03-16 00:00:00-04:00,74.25790789462731,75.27676435920085,74.25790789462731,75.05914306640625,195900,0.0,0.0,0.0
2026-03-17 00:00:00-04:00,75.57352038840172,75.9296265784916,75.51416432547931,75.5438461303711,180400,0.0,0.0,0.0
2026-03-18 00:00:00-04:00,75.29655686752683,75.92963291454537,74.80196573411475,74.87120819091797,130400,0.0,0.0,0.0
2026-03-19 00:00:00-04:00,74.36671457906353,74.36671457906353,73.63472189882039,73.9809341430664,246000,0.0,0.0,0.0
2026-03-20 00:00:00-04:00,73.7732099407631,74.04028581288979,72.80380806869704,73.12034606933594,170000,0.0,0.0,0.0
2026-03-23 00:00:00-04:00,74.03040004966387,74.94045350546057,73.99083939872068,74.50521087646484,339900,0.0,0.0,0.0
2026-03-24 00:00:00-04:00,73.96115468806948,74.96023088957885,73.76332125366804,74.59423828125,105300,0.0,0.0,0.0
2026-03-25 00:00:00-04:00,75.39547806520098,75.5141751142819,75.00969756196355,75.34601593017578,191000,0.0,0.0,0.0
2026-03-26 00:00:00-04:00,74.73847815728405,75.60072597461884,74.32221250736038,74.38168334960938,106500,0.147,0.0,0.0
2026-03-27 00:00:00-04:00,73.93568261905149,74.11408001458797,73.31129551540103,73.54915618896484,125500,0.0,0.0,0.0
2026-03-30 00:00:00-04:00,73.95549881765625,74.53032807142614,73.28155403188315,73.61852264404297,97000,0.0,0.0,0.0
2026-03-31 00:00:00-04:00,74.30239299555434,75.49170396514167,74.08435088679057,75.41241455078125,196000,0.0,0.0,0.0
2026-04-01 00:00:00-04:00,76.06654098500023,76.3440463742007,75.85841194309988,76.04672241210938,173800,0.0,0.0,0.0
2026-04-02 00:00:00-04:00,75.30340750211197,76.44316079489728,75.12501008526164,76.38369750976562,79500,0.0,0.0,0.0
2026-04-06 00:00:00-04:00,76.2251199624841,76.83959402220975,76.2251199624841,76.71075439453125,65100,0.0,0.0,0.0
2026-04-07 00:00:00-04:00,76.58190332036322,77.00807445054734,76.2845793727759,76.9981689453125,163300,0.0,0.0,0.0
2026-04-08 00:00:00-04:00,78.56409443204195,78.84160737345233,78.20730720170901,78.53436279296875,299200,0.0,0.0,0.0
2026-04-09 00:00:00-04:00,78.25685764971044,79.28759732227455,78.25685764971044,79.19840240478516,70800,0.0,0.0,0.0
2026-04-10 00:00:00-04:00,79.35698070158338,79.80297045147137,79.34706763383214,79.68404388427734,102200,0.0,0.0,0.0
2026-04-13 00:00:00-04:00,79.27768509337946,80.65530650649929,79.049737483083,80.64540100097656,72000,0.0,0.0,0.0
2026-04-14 00:00:00-04:00,80.5760159946451,81.71576904653463,80.56610292873324,81.61666107177734,64100,0.0,0.0,0.0
2026-04-15 00:00:00-04:00,81.82478808003496,82.38971183989305,81.82478808003496,82.35006713867188,57100,0.0,0.0,0.0
2026-04-16 00:00:00-04:00,82.38971537492792,82.40954150711597,81.77524138326875,81.97345733642578,122100,0.0,0.0,0.0
2026-04-17 00:00:00-04:00,82.26087575049725,83.57903376703128,82.25096268440456,83.1825942993164,131600,0.0,0.0,0.0
2026-04-20 00:00:00-04:00,82.97447609293113,83.47993666917314,82.97447609293113,83.35108947753906,186500,0.0,0.0,0.0
2026-04-21 00:00:00-04:00,83.39073125241852,83.74752605116234,82.61767837562516,82.63749694824219,175000,0.0,0.0,0.0
2026-04-22 00:00:00-04:00,83.03393019153475,83.03393019153475,82.24105880192003,82.3599853515625,136800,0.0,0.0,0.0
2026-04-23 00:00:00-04:00,82.05274374671401,82.7762387546326,81.8049700335864,82.46900177001953,473400,0.0,0.0,0.0
2026-04-24 00:00:00-04:00,82.47891483575165,82.88525979332503,82.1419386539422,82.46900177001953,132800,0.0,0.0,0.0
2026-04-27 00:00:00-04:00,82.22769127719363,82.56533756797904,82.07872655851641,82.38658142089844,81600,0.167,0.0,0.0
2026-04-28 00:00:00-04:00,82.47596478754596,82.81361108449174,82.40644892778298,82.585205078125,118600,0.0,0.0,0.0
2026-04-29 00:00:00-04:00,82.56533622661864,82.66464351190332,81.58218122197783,81.69142150878906,84500,0.0,0.0,0.0
2026-04-30 00:00:00-04:00,81.66163115903048,83.45911804939391,81.66163115903048,83.37966918945312,253200,0.0,0.0,0.0
2026-05-01 00:00:00-04:00,83.4988455748409,83.83649187711602,83.091675835045,83.28036499023438,205500,0.0,0.0,0.0
2026-05-04 00:00:00-04:00,83.042020517395,83.36973379609378,82.40644480942268,82.49581909179688,114600,0.0,0.0,0.0
2026-05-05 00:00:00-04:00,82.62491509329641,83.26049078042486,82.62491509329641,83.10160064697266,135000,0.0,0.0,0.0
2026-05-06 00:00:00-04:00,83.71732011144024,84.58130180876306,83.71732011144024,84.31317138671875,95100,0.0,0.0,0.0
2026-05-07 00:00:00-04:00,84.31316839664494,84.5018499548514,83.56835243479588,83.91593170166016,84200,0.0,0.0,0.0
2026-05-08 00:00:00-04:00,84.17413831842343,84.41247730936156,83.93579175082539,84.28337860107422,93400,0.0,0.0,0.0
2026-05-11 00:00:00-04:00,84.07483794253523,84.43234266997665,83.76697549493265,83.93579864501953,48400,0.0,0.0,0.0
2026-05-12 00:00:00-04:00,84.09469478323274,84.25358492835784,83.50876890497422,84.23372650146484,77200,0.0,0.0,0.0
2026-05-13 00:00:00-04:00,84.0251688577797,84.44226396250744,83.1313882214635,83.34986877441406,117500,0.0,0.0,0.0
2026-05-14 00:00:00-04:00,83.39953560023046,84.7203369140625,83.38960259852426,84.7203369140625,559200,0.0,0.0,0.0
2026-05-15 00:00:00-04:00,84.11454788819397,84.29330402556253,83.83648446932283,84.28337860107422,201000,0.0,0.0,0.0
2026-05-19 00:00:00-04:00,84.63096332481176,85.01826705127566,84.21386816964456,84.40254974365234,180600,0.0,0.0,0.0
2026-05-20 00:00:00-04:00,84.47206218011651,86.19010774011124,84.47206218011651,85.99148559570312,140900,0.0,0.0,0.0
2026-05-21 00:00:00-04:00,85.69995155712073,87.09296289781197,85.62035676522778,86.94371032714844,183000,0.167,0.0,0.0
2026-05-22 00:00:00-04:00,87.38150802418934,87.56060957469869,87.11285949407551,87.16260528564453,149800,0.0,0.0,0.0
2026-05-25 00:00:00-04:00,87.69992463032987,88.22727717537609,87.6700756321275,87.92877960205078,66400,0.0,0.0,0.0
2026-05-26 00:00:00-04:00,87.53077079483268,88.09792450573931,87.03326727328997,87.46112060546875,67600,0.0,0.0,0.0
2026-05-27 00:00:00-04:00,87.31186540046494,87.75961551984433,87.04321684709751,87.27206420898438,111500,0.0,0.0,0.0
2026-05-28 00:00:00-04:00,87.10291962872648,87.11287182496919,86.20741174941989,86.51586151123047,194100,0.0,0.0,0.0
2026-05-29 00:00:00-04:00,86.67505856125918,87.24221223572395,86.03825470190579,86.62530517578125,181800,0.0,0.0,0.0
2026-06-01 00:00:00-04:00,86.58550955010601,86.81436451019083,85.64025589568462,85.77955627441406,157100,0.0,0.0,0.0
2026-06-02 00:00:00-04:00,85.62035728439601,87.24221599747806,85.62035728439601,87.1825180053711,58100,0.0,0.0,0.0
2026-06-03 00:00:00-04:00,86.71486247398853,87.26211177492392,86.62530789557664,86.70491027832031,183100,0.0,0.0,0.0
2026-06-04 00:00:00-04:00,86.87406263234327,88.26707401300399,86.87406263234327,88.13772583007812,120600,0.0,0.0,0.0
2026-06-05 00:00:00-04:00,87.72976449460934,88.44617074208462,87.72976449460934,88.10787200927734,122900,0.0,0.0,0.0
2026-06-08 00:00:00-04:00,88.33672393807407,88.9436788407503,88.14767017095488,88.46607971191406,121400,0.0,0.0,0.0
2026-06-09 00:00:00-04:00,88.81432992102282,89.62028318880756,88.45612678171821,89.34168243408203,161800,0.0,0.0,0.0
2026-06-10 00:00:00-04:00,89.04317330076523,89.68992936173537,89.04317330076523,89.11282348632812,131800,0.0,0.0,0.0
2026-06-11 00:00:00-04:00,89.5605872523189,90.3466437376572,89.15263071546046,90.18743896484375,115900,0.0,0.0,0.0
2026-06-12 00:00:00-04:00,90.57548153099523,91.36153793320723,90.54563253707462,90.91378784179688,102400,0.0,0.0,0.0
2026-06-15 00:00:00-04:00,91.83914707629891,91.94859845114767,90.91379028340533,91.32173919677734,48900,0.0,0.0,0.0
2026-06-16 00:00:00-04:00,91.61029501508706,92.25705108919804,91.48094683678528,92.07794952392578,62800,0.0,0.0,0.0
2026-06-17 00:00:00-04:00,92.08790684168832,93.08291390603374,92.08790684168832,92.56550598144531,120000,0.0,0.0,0.0
2026-06-18 00:00:00-04:00,93.22220764156695,93.38140481303569,92.8341555214421,93.04310607910156,84300,0.0,0.0,0.0
2026-06-19 00:00:00-04:00,93.12270433755023,93.7794126214828,92.89385697167157,93.03315734863281,95300,0.0,0.0,0.0
2026-06-22 00:00:00-04:00,93.00330394470672,93.69980579650422,93.00330394470672,93.35155487060547,58500,0.0,0.0,0.0
2026-06-23 00:00:00-04:00,92.80429848747565,93.61025931033429,92.73464830192499,93.5903549194336,70100,0.0,0.0,0.0
2026-06-24 00:00:00-04:00,93.67991608109574,93.72966187924258,92.91375639488056,93.22221374511719,145300,0.0,0.0,0.0
2026-06-25 00:00:00-04:00,93.58802795410156,94.14622443411643,93.54815569054955,93.58802795410156,152100,0.167,0.0,0.0
2026-06-26 00:00:00-04:00,93.4086091341867,93.69767734922992,92.96005946541506,93.4185791015625,154600,0.0,0.0,0.0
2026-06-29 00:00:00-04:00,93.6478322390127,93.87709585246863,93.27902711086867,93.81729125976562,38500,0.0,0.0,0.0
2026-06-30 00:00:00-04:00,93.89702127693374,94.60474439454046,93.857156621301,94.51502990722656,122700,0.0,0.0,0.0
2026-07-02 00:00:00-04:00,95.14300588818561,95.3722694968047,93.52822108041887,94.03657531738281,282000,0.0,0.0,0.0
2026-07-03 00:00:00-04:00,94.18609753229062,94.78416628115724,94.1362629060515,94.42533111572266,27500,0.0,0.0,0.0
2026-07-06 00:00:00-04:00,94.67452531483312,95.46197779665144,94.67452531483312,95.43207550048828,62600,0.0,0.0,0.0
2026-07-07 00:00:00-04:00,95.4320709985437,95.94043282390543,95.06326589012083,95.82081604003906,61200,0.0,0.0,0.0
2026-07-08 00:00:00-04:00,95.30249387810314,95.32242620674296,93.62789689267134,94.07644653320312,127500,0.0,0.0,0.0
2026-07-09 00:00:00-04:00,94.37548183716049,95.2028141404878,94.37548183716049,94.9835205078125,82900,0.0,0.0,0.0
2026-07-10 00:00:00-04:00,95.19285170630371,96.04011640470783,95.14300947498597,96.000244140625,54100,0.0,0.0,0.0
2026-07-13 00:00:00-04:00,95.93047036297234,96.32918540219946,95.14301025183443,95.6812744140625,124900,0.0,0.0,0.0
2026-07-14 00:00:00-04:00,95.54171944543342,96.59831537546698,95.49188482161463,96.33914947509766,115400,0.0,0.0,0.0
2026-07-15 00:00:00-04:00,96.5484730704162,97.86422729492188,96.5484730704162,97.86422729492188,96300,0.0,0.0,0.0
2026-07-16 00:00:00-04:00,97.67484480556558,97.84430383537368,96.83755004355554,97.45555114746094,88200,0.0,0.0,0.0
2026-07-17 00:00:00-04:00,96.67805837646682,97.68481214115909,96.24944103940827,96.97709655761719,169000,0.0,0.0,0.0
2026-07-20 00:00:00-04:00,97.07676995423257,97.32596589468493,95.12307469366887,95.1529769897461,165100,0.0,0.0,0.0
2026-07-21 00:00:00-04:00,95.46197242488206,95.7012059904385,94.8439713926684,95.49188232421875,83000,0.0,0.0,0.0
2026-07-22 00:00:00-04:00,95.41214600318628,96.13979391427505,95.26262691307616,95.5417251586914,74800,0.0,0.0,0.0
2026-07-23 00:00:00-04:00,94.71439006384477,94.71439006384477,93.94686991044804,94.41535949707031,117700,0.0,0.0,0.0
2026-07-24 00:00:00-04:00,94.70442689858163,95.4719470454697,94.66455463571184,95.24269104003906,91600,0.0,0.0,0.0
2026-07-27 00:00:00-04:00,95.60153717764247,96.08995910654951,95.2028221397185,95.91053771972656,82800,0.0,0.0,0.0
2026-07-28 00:00:00-04:00,95.69388526135353,97.05167080578931,95.08487817376242,97.02172088623047,91800,0.153,0.0,0.0
2026-07-29 00:00:00-04:00,96.39275365681523,96.39275365681523,93.90680359446243,94.09649658203125,131700,0.0,0.0,0.0
2026-07-30 00:00:00-04:00,94.8153208948968,95.53414942925721,94.78537097545984,95.31450653076172,56800,0.0,0.0,0.0
2026-07-31 00:00:00-04:00,95.43431005900028,96.14316039346058,95.3843960635809,95.57408905029297,59700,0.0,0.0,0.0
2026-08-04 00:00:00-04:00,96.4426684654609,96.79209690579489,96.12318994616001,96.25298309326172,71600,0.0,0.0,0.0
2026-08-05 00:00:00-04:00,96.1331705633546,97.08162022366928,95.92351351055771,96.57245635986328,66300,0.0,0.0,0.0
2026-08-06 00:00:00-04:00,96.92188710499268,97.21141569445439,96.12318702254873,96.3727798461914,58100,0.0,0.0,0.0
2026-08-07 00:00:00-04:00,96.43268289162823,96.52254027194985,95.38439756766762,96.03334045410156,84900,0.0,0.0,0.0
2026-08-10 00:00:00-04:00,96.02334842881032,96.54249813436807,95.95346274504354,95.97342681884766,127800,0.0,0.0,0.0
2026-08-11 00:00:00-04:00,96.31288391737263,96.8420195062692,95.74381256103516,95.74381256103516,122000,0.0,0.0,0.0
2026-08-12 00:00:00-04:00,96.04331947810599,96.95184105002704,95.96345556012088,96.78211975097656,173300,0.0,0.0,0.0
2026-08-13 00:00:00-04:00,97.09160835894086,97.59079400603054,96.79209392389966,97.2613296508789,76900,0.0,0.0,0.0
2026-08-14 00:00:00-04:00,97.13154720250206,97.2912826538086,96.73219714878263,97.2912826538086,75800,0.0,0.0,0.0
2026-08-17 00:00:00-04:00,96.95183546223551,97.60077831663907,96.80207824707031,96.80207824707031,95400,0.0,0.0,0.0
2026-08-18 00:00:00-04:00,96.70224752577072,96.72221160088229,95.21467637847391,95.6639404296875,79200,0.0,0.0,0.0
2026-08-19 00:00:00-04:00,95.9135304544121,95.9334945289393,93.11808776855469,93.11808776855469,130800,0.0,0.0,0.0
2026-08-20 00:00:00-04:00,92.78863145295047,92.95835274659781,91.30105272542424,91.6405029296875,198000,0.0,0.0,0.0
2026-08-21 00:00:00-04:00,91.9799468690945,92.75868289609821,91.82021141889258,91.94999694824219,155700,0.0,0.0,0.0
2026-08-24 00:00:00-04:00,91.63051655352177,92.4591665593122,91.32102388843052,92.07978820800781,147100,0.0,0.0,0.0
2026-08-25 00:00:00-04:00,92.45916690351523,93.78700256347656,92.36930952549609,93.78700256347656,110000,0.0,0.0,0.0
2026-08-26 00:00:00-04:00,93.66999816894531,94.30999755859375,93.66999816894531,93.75,55600,0.153,0.0,0.0
2026-08-27 00:00:00-04:00,93.54000091552734,93.5999984741211,92.29000091552734,93.19999694824219,141500,0.0,0.0,0.0
2026-08-28 00:00:00-04:00,93.4000015258789,93.68000030517578,92.7699966430664,93.31999969482422,55100,0.0,0.0,0.0
2026-08-31 00:00:00-04:00,93.12999725341797,93.5,92.56999969482422,92.68000030517578,56400,0.0,0.0,0.0
2026-09-01 00:00:00-04:00,92.38999938964844,92.80000305175781,91.38999938964844,91.94000244140625,62500,0.0,0.0,0.0
2026-09-02 00:00:00-04:00,92.0999984741211,93.43000030517578,92.0999984741211,93.41000366210938,61000,0.0,0.0,0.0
2026-09-03 00:00:00-04:00,93.58999633789062,94.94999694824219,93.58999633789062,94.77999877929688,137200,0.0,0.0,0.0
2026-09-04 00:00:00-04:00,94.69000244140625,95.05000305175781,94.30999755859375,94.45999908447266,94300,0.0,0.0,0.0
2026-09-08 00:00:00-04:00,93.8499984741211,94.08000183105469,93.0,93.02999877929688,91600,0.0,0.0,0.0
2026-09-09 00:00:00-04:00,92.56999969482422,92.56999969482422,91.69000244140625,92.05999755859375,66100,0.0,0.0,0.0
2026-09-10 00:00:00-04:00,91.81999969482422,92.33000183105469,91.81999969482422,92.33000183105469,94143,0.0,0.0,0.0
