Date,Open,High,Low,Close,Volume,Dividends,Stock Splits,Capital Gains
2019-01-02 00:00:00-05:00,26.15203665961628,26.46383561063182,26.03511428313683,26.409271240234375,150300,0.0,0.0,0.0
2019-01-03 00:00:00-05:00,26.346907918996806,26.346907918996806,26.07408609125703,26.136444091796875,237400,0.0,0.0,0.0
2019-01-04 00:00:00-05:00,26.42487054611417,26.58856371343619,26.315738794363302,26.5651798248291,457300,0.0,0.0,0.0
2019-01-07 00:00:00-05:00,26.635315763760325,26.635315763760325,26.409264702446425,26.54957389831543,129800,0.0,0.0,0.0
2019-01-08 00:00:00-05:00,26.72107252190147,26.806817399128033,26.471634500989158,26.682098388671875,149200,0.0,0.0,0.0
2019-01-09 00:00:00-05:00,26.814604275601468,27.126400201785167,26.791217425325044,27.118606567382812,236300,0.0,0.0,0.0
2019-01-10 00:00:00-05:00,27.04845934047779,27.329077832049737,26.947124224402256,27.297897338867188,1354000,0.0,0.0,0.0
2019-01-11 00:00:00-05:00,27.25892045728826,27.36025258959852,27.14199510642541,27.352458953857422,626100,0.0,0.0,0.0
2019-01-14 00:00:00-05:00,27.29788907967488,27.44599191717906,27.25891496175637,27.34465980529785,612700,0.0,0.0,0.0
2019-01-15 00:00:00-05:00,27.3602572271403,27.555130862585845,27.20436069761242,27.500566482543945,668300,0.0,0.0,0.0
2019-01-16 00:00:00-05:00,27.65648154595459,27.82797139316331,27.617507391644622,27.773406982421875,567200,0.0,0.0,0.0
2019-01-17 00:00:00-05:00,27.78118405464919,28.069596192773407,27.7500035603829,28.015031814575195,692500,0.0,0.0,0.0
2019-01-18 00:00:00-05:00,28.241087379634322,28.303448371350935,28.14754886559516,28.256677627563477,666900,0.0,0.0,0.0
2019-01-21 00:00:00-05:00,28.319026532308296,28.350204041323842,28.163127093092665,28.334613800048828,52200,0.0,0.0,0.0
2019-01-22 00:00:00-05:00,28.280059393489395,28.31123988701115,28.06959552252082,28.264469146728516,1698400,0.0,0.0,0.0
2019-01-23 00:00:00-05:00,28.319035016884047,28.412573519024406,28.100774547176048,28.194313049316406,1189200,0.0,0.0,0.0
2019-01-24 00:00:00-05:00,28.14754274409646,28.26446511783332,28.05400425039995,28.24108123779297,1890900,0.0,0.0,0.0
2019-01-25 00:00:00-05:00,28.355973591957987,28.355973591957987,28.160576854457684,28.26999855041504,110300,0.097,0.0,0.0
2019-01-28 00:00:00-05:00,28.16839840801449,28.332530975341797,28.15276630900455,28.332530975341797,173100,0.0,0.0,0.0
2019-01-29 00:00:00-05:00,28.371618353707053,28.543568513550753,28.340354146186574,28.512304306030273,146900,0.0,0.0,0.0
2019-01-30 00:00:00-05:00,28.54355201326547,28.5591841079892,28.434130331716556,28.520105361938477,116100,0.0,0.0,0.0
2019-01-31 00:00:00-05:00,28.48884665554393,28.606082916259766,28.46539701818654,28.606082916259766,1411800,0.0,0.0,0.0
2019-02-01 00:00:00-05:00,28.613905900063248,28.676431321371098,28.48103453481674,28.504484176635742,97400,0.0,0.0,0.0
2019-02-04 00:00:00-05:00,28.606082916259766,28.668611307189103,28.5201108510086,28.606082916259766,70100,0.0,0.0,0.0
2019-02-05 00:00:00-05:00,28.66079359309387,28.793664932250977,28.621714839759814,28.793664932250977,108800,0.0,0.0,0.0
2019-02-06 00:00:00-05:00,28.76239183723702,28.93434187652292,28.76239183723702,28.87963104248047,150700,0.0,0.0,0.0
2019-02-07 00:00:00-05:00,28.871813893203115,28.926524727980585,28.676417202850182,28.903078079223633,919300,0.0,0.0,0.0
2019-02-08 00:00:00-05:00,28.809297029888153,28.87963997849656,28.613900281700108,28.793664932250977,81400,0.0,0.0,0.0
2019-02-11 00:00:00-05:00,28.88745232319029,28.88745232319029,28.582633896415068,28.660791397094727,87300,0.0,0.0,0.0
2019-02-12 00:00:00-05:00,28.738953470273543,28.895271461804125,28.738953470273543,28.856189727783203,1162300,0.0,0.0,0.0
2019-02-13 00:00:00-05:00,28.934340409485216,28.973419148746036,28.824918746948242,28.824918746948242,335700,0.0,0.0,0.0
2019-02-14 00:00:00-05:00,28.809293746948242,28.856187052998315,28.746765363524915,28.809293746948242,711800,0.0,0.0,0.0
2019-02-15 00:00:00-05:00,28.895267428515744,29.18445373449532,28.86400323827004,29.121925354003906,101800,0.0,0.0,0.0
2019-02-19 00:00:00-05:00,29.153181323420092,29.254788422308078,29.05157422453211,29.215709686279297,68200,0.0,0.0,0.0
2019-02-20 00:00:00-05:00,29.23916996326471,29.512724224517076,29.23916996326471,29.497095108032227,164700,0.0,0.0,0.0
2019-02-21 00:00:00-05:00,29.497096649126867,29.504911207777567,29.34859320110164,29.4423828125,392100,0.0,0.0,0.0
2019-02-22 00:00:00-05:00,29.408696699332662,29.494893733486446,29.3695170445035,29.416534423828125,351700,0.097,0.0,0.0
2019-02-25 00:00:00-05:00,29.526232220457757,29.635936425765696,29.526232220457757,29.55757713317871,447700,0.0,0.0,0.0
2019-02-26 00:00:00-05:00,29.471378641635745,29.651607396930796,29.447871452880165,29.54973793029785,375100,0.0,0.0,0.0
2019-02-27 00:00:00-05:00,29.518390583636585,29.65160495042919,29.45570375572213,29.643770217895508,281100,0.0,0.0,0.0
2019-02-28 00:00:00-05:00,29.39302321070005,29.573254997194347,29.361681281463433,29.440040588378906,1638400,0.0,0.0,0.0
2019-03-01 00:00:00-05:00,29.596743722952297,29.651595801408426,29.48703956604004,29.48703956604004,248100,0.0,0.0,0.0
2019-03-04 00:00:00-05:00,29.588919056684265,29.714295718352677,29.487052574164267,29.55757713317871,778900,0.0,0.0,0.0
2019-03-05 00:00:00-05:00,29.573237780933038,29.596744961479626,29.471368349874144,29.58890724182129,1309400,0.0,0.0,0.0
2019-03-06 00:00:00-05:00,29.604585647583008,29.690782645879995,29.565406009052055,29.604585647583008,1014000,0.0,0.0,0.0
2019-03-07 00:00:00-05:00,29.541903679754746,29.56541086889437,29.330330009852194,29.432199478149414,287600,0.0,0.0,0.0
2019-03-08 00:00:00-05:00,29.236307072313306,29.40086342429839,29.204962151206757,29.385190963745117,774500,0.0,0.0,0.0
2019-03-11 00:00:00-04:00,29.400855531443693,29.581084295598444,29.400855531443693,29.518394470214844,322400,0.0,0.0,0.0
2019-03-12 00:00:00-04:00,29.57323934902199,29.596746530815018,29.408680108827674,29.510549545288086,412000,0.0,0.0,0.0
2019-03-13 00:00:00-04:00,29.581078134880322,29.635930226059475,29.45570149944015,29.526226043701172,548100,0.0,0.0,0.0
2019-03-14 00:00:00-04:00,29.541903679754746,29.549738413062855,29.416527022317897,29.432199478149414,191800,0.0,0.0,0.0
2019-03-15 00:00:00-04:00,29.61241620603053,29.698613183477796,29.534053958708434,29.635923385620117,247600,0.0,0.0,0.0
2019-03-18 00:00:00-04:00,29.690792056824343,29.886693300787783,29.690792056824343,29.87885856628418,306200,0.0,0.0,0.0
2019-03-19 00:00:00-04:00,29.910189826956127,29.957207184857715,29.823995821291916,29.83966827392578,156600,0.0,0.0,0.0
2019-03-20 00:00:00-04:00,29.808319024234795,29.808319024234795,29.604580158903254,29.62025260925293,272900,0.0,0.0,0.0
2019-03-21 00:00:00-04:00,29.494887307736803,29.57324958953919,29.4322004715103,29.55757713317871,436100,0.0,0.0,0.0
2019-03-22 00:00:00-04:00,29.416530779201867,29.416530779201867,29.142267250946123,29.18144989013672,4293800,0.0,0.0,0.0
2019-03-25 00:00:00-04:00,29.11622546709914,29.186934172919937,28.95909467671731,29.124080657958984,190900,0.097,0.0,0.0
2019-03-26 00:00:00-04:00,29.24194339653799,29.367647489177227,29.100525917691108,29.19480323791504,71700,0.0,0.0,0.0
2019-03-27 00:00:00-04:00,29.13192603876118,29.241916644567844,29.053359179599823,29.14763641357422,170800,0.0,0.0,0.0
2019-03-28 00:00:00-04:00,29.116224724750904,29.226215376107696,29.100511346411295,29.179075241088867,28100,0.0,0.0,0.0
2019-03-29 00:00:00-04:00,29.296943617529095,29.296943617529095,29.02982200165992,29.061248779296875,119200,0.0,0.0,0.0
2019-04-01 00:00:00-04:00,29.218373031077633,29.50120800050711,29.186949254380433,29.48549461364746,165000,0.0,0.0,0.0
2019-04-02 00:00:00-04:00,29.50905533916776,29.571905866468153,29.461915195926718,29.564050674438477,85800,0.0,0.0,0.0
2019-04-03 00:00:00-04:00,29.681895675086757,29.752604389384533,29.62690034141303,29.658327102661133,101600,0.0,0.0,0.0
2019-04-04 00:00:00-04:00,29.68189873599933,29.784034222077818,29.68189873599933,29.71332550048828,44400,0.0,0.0,0.0
2019-04-05 00:00:00-04:00,29.76832589106499,29.77618408203125,29.68190377256646,29.77618408203125,48300,0.0,0.0,0.0
2019-04-08 00:00:00-04:00,29.72118049688996,29.744749069213867,29.619045021784867,29.744749069213867,99100,0.0,0.0,0.0
2019-04-09 00:00:00-04:00,29.603329970550284,29.65047010955862,29.532621260548144,29.619043350219727,92700,0.0,0.0,0.0
2019-04-10 00:00:00-04:00,29.66618535375485,29.72118369012113,29.603334821798164,29.71332550048828,48200,0.0,0.0,0.0
2019-04-11 00:00:00-04:00,29.752620567704568,29.917609655461316,29.752620567704568,29.791902542114258,131600,0.0,0.0,0.0
2019-04-12 00:00:00-04:00,29.91759661812165,30.01972910767555,29.878311663808827,29.949020385742188,176000,0.0,0.0,0.0
2019-04-15 00:00:00-04:00,29.949012526303665,30.129711880041537,29.941157335715257,30.121856689453125,165200,0.0,0.0,0.0
2019-04-16 00:00:00-04:00,30.161151614982856,30.349709237467195,30.11401445712807,30.286855697631836,172600,0.0,0.0,0.0
2019-04-17 00:00:00-04:00,30.326129870717622,30.43612353717206,30.326129870717622,30.42041015625,260400,0.0,0.0,0.0
2019-04-18 00:00:00-04:00,30.404694551641622,30.569680543725376,30.404694551641622,30.538253784179688,285000,0.0,0.0,0.0
2019-04-22 00:00:00-04:00,30.506834811611196,30.538258579070064,30.365417368472023,30.404699325561523,69800,0.0,0.0,0.0
2019-04-23 00:00:00-04:00,30.436121311187314,30.54611197257648,30.404694551641622,30.538253784179688,194200,0.0,0.0,0.0
2019-04-24 00:00:00-04:00,30.47841880278636,30.494170283818693,30.313032758378615,30.336658477783203,225300,0.094,0.0,0.0
2019-04-25 00:00:00-04:00,30.297285200107797,30.439045543465472,30.18702782289365,30.3839168548584,189700,0.0,0.0,0.0
2019-04-26 00:00:00-04:00,30.33664356689233,30.509906768798828,30.289389147021556,30.509906768798828,233300,0.0,0.0,0.0
2019-04-29 00:00:00-04:00,30.49415031324536,30.72253912792312,30.49415031324536,30.65165901184082,356800,0.0,0.0,0.0
2019-04-30 00:00:00-04:00,30.604412871565916,30.730421654702255,30.604412871565916,30.714670181274414,425000,0.0,0.0,0.0
2019-05-01 00:00:00-04:00,30.714675769823863,30.83281033988411,30.604418440053994,30.667421340942383,258400,0.0,0.0,0.0
2019-05-02 00:00:00-04:00,30.698916588596088,30.75404523964462,30.580785052471875,30.588659286499023,115400,0.0,0.0,0.0
2019-05-03 00:00:00-04:00,30.651661066250036,30.72254118708303,30.549281006158196,30.698915481567383,95800,0.0,0.0,0.0
2019-05-06 00:00:00-04:00,30.328789191886614,30.683190097371657,30.32091495144855,30.675315856933594,249100,0.0,0.0,0.0
2019-05-07 00:00:00-04:00,30.44690511014297,30.494159536585816,30.320896310582153,30.407527923583984,278900,0.0,0.0,0.0
2019-05-08 00:00:00-04:00,30.38391233709642,30.486292455407753,30.344532133128318,30.391786575317383,147900,0.0,0.0,0.0
2019-05-09 00:00:00-04:00,30.257894604363383,30.320900515023876,30.084634358621383,30.226394653320312,206800,0.0,0.0,0.0
2019-05-10 00:00:00-04:00,30.147618664499515,30.265753171957652,29.90347842203784,30.16337013244629,370200,0.0,0.0,0.0
2019-05-13 00:00:00-04:00,29.856244338859742,29.87199581752724,29.76173847114214,29.864118576049805,350200,0.0,0.0,0.0
2019-05-14 00:00:00-04:00,29.903484455049878,30.123999042222756,29.864104275095354,30.021615982055664,178500,0.0,0.0,0.0
2019-05-15 00:00:00-04:00,29.927131776117413,30.037389149343326,29.84050012450045,30.013763427734375,668000,0.0,0.0,0.0
2019-05-16 00:00:00-04:00,30.09250772384084,30.194890823555568,30.05313053296197,30.108259201049805,227800,0.0,0.0,0.0
2019-05-17 00:00:00-04:00,30.005886184339325,30.06889211434733,29.942883258619414,30.013763427734375,377400,0.0,0.0,0.0
2019-05-21 00:00:00-04:00,30.037358287349527,30.179118479927418,29.958603960044037,30.155492782592773,256600,0.0,0.0,0.0
2019-05-22 00:00:00-04:00,30.06101094259236,30.06101094259236,29.911376384809667,30.005882263183594,283200,0.0,0.0,0.0
2019-05-23 00:00:00-04:00,29.777493593771155,29.816870793114912,29.50184718978937,29.6987361907959,681500,0.0,0.0,0.0
2019-05-24 00:00:00-04:00,29.788745836471975,30.00981163483383,29.788745836471975,29.915069580078125,376500,0.094,0.0,0.0
2019-05-27 00:00:00-04:00,29.96242016423088,30.096637725830078,29.96242016423088,30.096637725830078,99000,0.0,0.0,0.0
2019-05-28 00:00:00-04:00,29.994013233302226,30.00190714683547,29.84400177001953,29.84400177001953,306300,0.0,0.0,0.0
2019-05-29 00:00:00-04:00,29.757157793013437,29.757157793013437,29.54398595648899,29.638731002807617,403800,0.0,0.0,0.0
2019-05-30 00:00:00-04:00,29.63873868160878,29.709795978859777,29.433460706530003,29.512414932250977,328600,0.0,0.0,0.0
2019-05-31 00:00:00-04:00,29.291335056686947,29.29923198217641,29.157117441312277,29.220277786254883,174500,0.0,0.0,0.0
2019-06-03 00:00:00-04:00,29.180799990947968,29.37028703505814,29.16500915295592,29.259754180908203,489000,0.0,0.0,0.0
2019-06-04 00:00:00-04:00,29.4650315693655,29.65451862966967,29.3387078664276,29.646621704101562,330000,0.0,0.0,0.0
2019-06-05 00:00:00-04:00,29.74925854304977,29.74925854304977,29.53608674475629,29.741361618041992,370500,0.0,0.0,0.0
2019-06-06 00:00:00-04:00,29.741347876987742,29.81240511025581,29.630815072302536,29.76503562927246,320400,0.0,0.0,0.0
2019-06-07 00:00:00-04:00,29.75715837738679,29.891379023076528,29.741367536023585,29.77294921875,406300,0.0,0.0,0.0
2019-06-10 00:00:00-04:00,29.891377306676667,29.915062061463953,29.79663527573267,29.804529190063477,388000,0.0,0.0,0.0
2019-06-11 00:00:00-04:00,29.92295898758962,29.96243458283338,29.725577999575954,29.804529190063477,372000,0.0,0.0,0.0
2019-06-12 00:00:00-04:00,29.725574287847735,29.74136211453798,29.543981151170584,29.567668914794922,338400,0.0,0.0,0.0
2019-06-13 00:00:00-04:00,29.607133971820655,29.701875957228324,29.567658395550243,29.6229248046875,272300,0.0,0.0,0.0
2019-06-14 00:00:00-04:00,29.61504032035579,29.86769074054239,29.496613541806582,29.8203182220459,207800,0.0,0.0,0.0
2019-06-17 00:00:00-04:00,29.780842629196165,29.97032667959277,29.780842629196165,29.8203182220459,142800,0.0,0.0,0.0
2019-06-18 00:00:00-04:00,29.90717139248436,30.24666696965153,29.899274465501765,30.1914005279541,423100,0.0,0.0,0.0
2019-06-19 00:00:00-04:00,30.226206485191977,30.384500922876924,30.202463376264582,30.210376739501953,242700,0.094,0.0,0.0
2019-06-20 00:00:00-04:00,30.29745403903185,30.29745403903185,30.067930159354937,30.25788116455078,216400,0.0,0.0,0.0
2019-06-21 00:00:00-04:00,30.234111007731023,30.281597206958438,30.147048950195312,30.147048950195312,192800,0.0,0.0,0.0
2019-06-24 00:00:00-04:00,30.147070509384545,30.313278363969527,30.147070509384545,30.178730010986328,145100,0.0,0.0,0.0
2019-06-25 00:00:00-04:00,30.123306150457488,30.123306150457488,29.996671252566923,30.020414352416992,160100,0.0,0.0,0.0
2019-06-26 00:00:00-04:00,30.052100881768247,30.07584400298964,29.88588997556798,29.941295623779297,146800,0.0,0.0,0.0
2019-06-27 00:00:00-04:00,29.91754451770966,30.028349757307467,29.830482395392433,29.877971649169922,184400,0.0,0.0,0.0
2019-06-28 00:00:00-04:00,29.949207879266513,30.03627001280194,29.917548372668772,29.980867385864258,68100,0.0,0.0,0.0
2019-07-02 00:00:00-04:00,30.273711936201188,30.305371444537375,30.194566184577614,30.265798568725586,138400,0.0,0.0,0.0
2019-07-03 00:00:00-04:00,30.321196095913084,30.455744454873223,30.31327971055285,30.43991470336914,51900,0.0,0.0,0.0
2019-07-04 00:00:00-04:00,30.47157859802246,30.48740835180797,30.447835476952605,30.47157859802246,36400,0.0,0.0,0.0
2019-07-05 00:00:00-04:00,30.424083400149105,30.495315768676235,30.408253649452384,30.463659286499023,131400,0.0,0.0,0.0
2019-07-08 00:00:00-04:00,30.360773308749383,30.376603062518214,30.305370680166885,30.36868667602539,81600,0.0,0.0,0.0
2019-07-09 00:00:00-04:00,30.2737052973546,30.479486017979514,30.2737052973546,30.463659286499023,120200,0.0,0.0,0.0
2019-07-10 00:00:00-04:00,30.55072306757552,30.629871833186527,30.297453056053687,30.352855682373047,69500,0.0,0.0,0.0
2019-07-11 00:00:00-04:00,30.37660204383883,30.37660204383883,30.2895399106383,30.321199417114258,33200,0.0,0.0,0.0
2019-07-12 00:00:00-04:00,30.29743883118944,30.32118495933211,30.210376739501953,30.210376739501953,25200,0.0,0.0,0.0
2019-07-15 00:00:00-04:00,30.242036230882,30.25786597657202,30.139147412719765,30.210376739501953,77400,0.0,0.0,0.0
2019-07-16 00:00:00-04:00,30.21830052898912,30.26578977769963,30.139154800354277,30.202470779418945,35700,0.0,0.0,0.0
2019-07-17 00:00:00-04:00,30.194561535778586,30.273707275216765,30.09958302539306,30.123329162597656,250200,0.0,0.0,0.0
2019-07-18 00:00:00-04:00,30.07584127820251,30.24204915012797,30.07584127820251,30.194562911987305,137600,0.0,0.0,0.0
2019-07-19 00:00:00-04:00,30.21831646774356,30.337038142531988,30.178743582553285,30.186656951904297,266300,0.0,0.0,0.0
2019-07-22 00:00:00-04:00,30.178733159534893,30.24204915012797,30.13916028801215,30.194562911987305,239800,0.0,0.0,0.0
2019-07-23 00:00:00-04:00,30.26579422215129,30.384512832537062,30.26579422215129,30.337026596069336,72300,0.0,0.0,0.0
2019-07-24 00:00:00-04:00,30.297432160349018,30.511129151289943,30.273689056649342,30.503215789794922,58600,0.0,0.0,0.0
2019-07-25 00:00:00-04:00,30.482588245084457,30.482588245084457,30.33180329512066,30.38735580444336,45900,0.104,0.0,0.0
2019-07-26 00:00:00-04:00,30.45879936218262,30.530224492822278,30.4032468191725,30.458799362182617,50700,0.0,0.0,0.0
2019-07-29 00:00:00-04:00,30.474652661492755,30.569885099607994,30.450842281425476,30.46671485900879,36000,0.0,0.0,0.0
2019-07-30 00:00:00-04:00,30.36355366914321,30.36355366914321,30.196896095918284,30.31593894958496,88700,0.0,0.0,0.0
2019-07-31 00:00:00-04:00,30.236576038012,30.31593894958496,30.109598406880792,30.31593894958496,356300,0.0,0.0,0.0
2019-08-01 00:00:00-04:00,30.30005870325775,30.34767643815723,29.942933259973568,29.990550994873047,269700,0.0,0.0,0.0
2019-08-02 00:00:00-04:00,29.950876555230685,29.950876555230685,29.58581324215862,29.752473831176758,248800,0.0,0.0,0.0
2019-08-06 00:00:00-04:00,29.331868323589298,29.42710384437945,29.06997820988234,29.379486083984375,296000,0.0,0.0,0.0
2019-08-07 00:00:00-04:00,29.16519587157008,29.546128678851346,29.093770780993292,29.50644874572754,503000,0.0,0.0,0.0
2019-08-08 00:00:00-04:00,29.64931519671777,29.82391063113225,29.562017479510526,29.696929931640625,242600,0.0,0.0,0.0
2019-08-09 00:00:00-04:00,29.688992764642673,29.7366105231236,29.56201510274646,29.625505447387695,123800,0.0,0.0,0.0
2019-08-12 00:00:00-04:00,29.466787044957094,29.530274371760523,29.2842568177405,29.371551513671875,329300,0.0,0.0,0.0
2019-08-13 00:00:00-04:00,29.276301810765585,29.688979788404623,29.276301810765585,29.562002182006836,647900,0.0,0.0,0.0
2019-08-14 00:00:00-04:00,29.292169673142787,29.379467331118615,28.950916843265162,28.990596771240234,383800,0.0,0.0,0.0
2019-08-15 00:00:00-04:00,28.966801108042873,29.03822621817183,28.79220572164194,28.903310775756836,383400,0.0,0.0,0.0
2019-08-16 00:00:00-04:00,29.165197748011085,29.26043019911229,28.998540201737715,29.18107032775879,262900,0.0,0.0,0.0
2019-08-19 00:00:00-04:00,29.395346980972366,29.52232459747696,29.30011149805504,29.466772079467773,158600,0.0,0.0,0.0
2019-08-20 00:00:00-04:00,29.41122705755148,29.41122705755148,29.109654006221156,29.149333953857422,251500,0.0,0.0,0.0
2019-08-21 00:00:00-04:00,29.204879687480148,29.37153724518815,29.165199749080895,29.31598472595215,368200,0.0,0.0,0.0
2019-08-22 00:00:00-04:00,29.379466252021366,29.4905712572245,29.300103371601743,29.347721099853516,261900,0.0,0.0,0.0
2019-08-23 00:00:00-04:00,29.244557372522486,29.427090524387907,28.847751964334204,28.9429874420166,620000,0.0,0.0,0.0
2019-08-26 00:00:00-04:00,29.121266203787346,29.200853035509372,28.985964946608277,29.049636840820312,189800,0.104,0.0,0.0
2019-08-27 00:00:00-04:00,29.09739346131825,29.12922637533491,28.85862687191187,28.9859676361084,343300,0.0,0.0,0.0
2019-08-28 00:00:00-04:00,28.954129720031936,29.22472917670673,28.946169215870537,29.169017791748047,269900,0.0,0.0,0.0
2019-08-29 00:00:00-04:00,29.312280202797314,29.566961719309976,29.28044425422244,29.44757843017578,332300,0.0,0.0,0.0
2019-08-30 00:00:00-04:00,29.55899620984038,29.57491418143292,29.44757344473523,29.55103874206543,201600,0.0,0.0,0.0
2019-09-03 00:00:00-04:00,29.407789627887773,29.47941900540154,29.256570366445583,29.375953674316406,283700,0.0,0.0,0.0
2019-09-04 00:00:00-04:00,29.51920090267689,29.622666193360864,29.383899670852852,29.471446990966797,169400,0.0,0.0,0.0
2019-09-05 00:00:00-04:00,29.614700680509948,29.96488990172864,29.614700680509948,29.853464126586914,256100,0.0,0.0,0.0
2019-09-06 00:00:00-04:00,29.861428047702766,29.996726236089415,29.80571667177388,29.972850799560547,82100,0.0,0.0,0.0
2019-09-09 00:00:00-04:00,30.03653899181795,30.14796180419173,30.020621013472564,30.14000129699707,221900,0.0,0.0,0.0
2019-09-10 00:00:00-04:00,30.10019145266454,30.354872895200916,30.10019145266454,30.33895492553711,295300,0.0,0.0,0.0
2019-09-11 00:00:00-04:00,30.36283639011446,30.66526873540273,30.33895791524454,30.585681915283203,276100,0.0,0.0,0.0
2019-09-12 00:00:00-04:00,30.569753670582905,30.89606438107902,30.514042308013437,30.832395553588867,367100,0.0,0.0,0.0
2019-09-13 00:00:00-04:00,30.911991842338622,31.166673302614004,30.911991842338622,31.103004455566406,390800,0.0,0.0,0.0
2019-09-16 00:00:00-04:00,30.9438384668065,31.063218734751036,30.84037313908641,30.999549865722656,223600,0.0,0.0,0.0
2019-09-17 00:00:00-04:00,30.943843301444947,31.238318318302223,30.943843301444947,31.15873146057129,230000,0.0,0.0,0.0
2019-09-18 00:00:00-04:00,31.13485216109291,31.25423548061472,31.13485216109291,31.23036003112793,301200,0.0,0.0,0.0
2019-09-19 00:00:00-04:00,31.238301820862162,31.47706530400422,31.238301820862162,31.365642547607422,297800,0.0,0.0,0.0
2019-09-20 00:00:00-04:00,31.413403670287373,31.58053784325188,31.413403670287373,31.48503303527832,539000,0.0,0.0,0.0
2019-09-23 00:00:00-04:00,31.413396458652795,31.413396458652795,31.278095228712104,31.365642547607422,226200,0.0,0.0,0.0
2019-09-24 00:00:00-04:00,31.41670603989946,31.52842358599236,31.16933234328656,31.225191116333008,749200,0.104,0.0,0.0
2019-09-25 00:00:00-04:00,31.2172180364553,31.408736056147955,31.201257947807942,31.368837356567383,353300,0.0,0.0,0.0
2019-09-26 00:00:00-04:00,31.384815515709164,31.488551585531827,31.344913749078625,31.46461296081543,240200,0.0,0.0,0.0
2019-09-27 00:00:00-04:00,31.528425297894383,31.624185808951953,31.448627916088068,31.52044677734375,374400,0.0,0.0,0.0
2019-09-30 00:00:00-04:00,31.520463834771544,31.640163016331712,31.520463834771544,31.568344116210938,262500,0.0,0.0,0.0
2019-10-01 00:00:00-04:00,31.584302459955634,31.61621960173675,31.01772981525117,31.10550880432129,460100,0.0,0.0,0.0
2019-10-02 00:00:00-04:00,30.94591450051893,30.94591450051893,30.443185213424616,30.610761642456055,436000,0.0,0.0,0.0
2019-10-03 00:00:00-04:00,30.570859823849165,30.586819917004693,30.23570395573616,30.578838348388672,683800,0.0,0.0,0.0
2019-10-04 00:00:00-04:00,30.626712175015427,30.818227164377802,30.5788319056369,30.80226707458496,285200,0.0,0.0,0.0
2019-10-07 00:00:00-04:00,30.770364674004448,30.866122214540816,30.71450585501846,30.778343200683594,267700,0.0,0.0,0.0
2019-10-08 00:00:00-04:00,30.610759929598384,30.66661873614989,30.50702084139845,30.554901123046875,608200,0.0,0.0,0.0
2019-10-09 00:00:00-04:00,30.698539343378297,30.874094290334668,30.57884015965999,30.810256958007812,259600,0.0,0.0,0.0
2019-10-10 00:00:00-04:00,30.794292160966943,31.04166901563597,30.794292160966943,30.89803123474121,327600,0.0,0.0,0.0
2019-10-11 00:00:00-04:00,31.06561060831622,31.312987486693014,31.05762903968146,31.12944793701172,424000,0.0,0.0,0.0
2019-10-15 00:00:00-04:00,31.185302293748343,31.448636157982346,31.185302293748343,31.30499839782715,252700,0.0,0.0,0.0
2019-10-16 00:00:00-04:00,31.304999521085744,31.40873858360361,31.304999521085744,31.344898223876953,110700,0.0,0.0,0.0
2019-10-17 00:00:00-04:00,31.376827119164737,31.42470740225926,31.177330505719347,31.24117088317871,356700,0.0,0.0,0.0
2019-10-18 00:00:00-04:00,31.30499839782715,31.38479884462214,31.24913960710855,31.30499839782715,283700,0.0,0.0,0.0
2019-10-21 00:00:00-04:00,31.352889816124975,31.464607437292997,31.352889816124975,31.408748626708984,163000,0.0,0.0,0.0
2019-10-22 00:00:00-04:00,31.46460612660674,31.56036364875091,31.424707412719727,31.424707412719727,153400,0.0,0.0,0.0
2019-10-23 00:00:00-04:00,31.40075691950966,31.464597279038927,31.360858216841816,31.392778396606445,141700,0.0,0.0,0.0
2019-10-24 00:00:00-04:00,31.448634755728524,31.480554933023242,31.27307682468323,31.368837356567383,170600,0.0,0.0,0.0
2019-10-25 00:00:00-04:00,31.30484844770258,31.48085113786128,31.296846522062378,31.432851791381836,160200,0.1,0.0,0.0
2019-10-28 00:00:00-04:00,31.496831259793698,31.576835204471333,31.496831259793698,31.52083396911621,90000,0.0,0.0,0.0
2019-10-29 00:00:00-04:00,31.464835652188675,31.664840954676002,31.432834071349408,31.568836212158203,112000,0.0,0.0,0.0
2019-10-30 00:00:00-04:00,31.54484624897142,31.728850817600005,31.448844528782523,31.704851150512695,270800,0.0,0.0,0.0
2019-10-31 00:00:00-04:00,31.656856588477254,31.696857060788755,31.504853572957373,31.64085578918457,154400,0.0,0.0,0.0
2019-11-01 00:00:00-04:00,31.76085326574273,31.82485339698329,31.70485200646733,31.800853729248047,195300,0.0,0.0,0.0
2019-11-04 00:00:00-05:00,31.944859451033203,32.08086164418087,31.920859782087117,32.02486038208008,206500,0.0,0.0,0.0
2019-11-05 00:00:00-05:00,32.04887673040673,32.192880908995214,32.04887673040673,32.112876892089844,140400,0.0,0.0,0.0
2019-11-06 00:00:00-05:00,32.12085333265761,32.304857847775494,32.07285096060299,32.29685592651367,176300,0.0,0.0,0.0
2019-11-07 00:00:00-05:00,32.3768715106219,32.584875760568686,32.3768715106219,32.4328727722168,200300,0.0,0.0,0.0
2019-11-08 00:00:00-05:00,32.46485629873346,32.48885595410719,32.36885157356222,32.48085403442383,148200,0.0,0.0,0.0
2019-11-11 00:00:00-05:00,32.368873837887996,32.48087637578847,32.368873837887996,32.472877502441406,50700,0.0,0.0,0.0
2019-11-12 00:00:00-05:00,32.488871121995906,32.56887204515,32.456869531998436,32.51287078857422,49500,0.0,0.0,0.0
2019-11-13 00:00:00-05:00,32.408872900742516,32.54487815645781,32.37687435690375,32.49687576293945,85600,0.0,0.0,0.0
2019-11-14 00:00:00-05:00,32.50487944249216,32.54487991333008,32.43287737424779,32.54487991333008,78100,0.0,0.0,0.0
2019-11-15 00:00:00-05:00,32.56087484268825,32.61687610213474,32.4968716594124,32.59287643432617,53100,0.0,0.0,0.0
2019-11-18 00:00:00-05:00,32.54488601853737,32.616888100288854,32.52088634190049,32.600887298583984,35900,0.0,0.0,0.0
2019-11-19 00:00:00-05:00,32.6328906464144,32.672891126894406,32.53688583105314,32.64889144897461,77500,0.0,0.0,0.0
2019-11-20 00:00:00-05:00,32.576870514034276,32.65687142870487,32.53686700485971,32.584869384765625,155200,0.0,0.0,0.0
2019-11-21 00:00:00-05:00,32.63288312309007,32.64088199660556,32.46487931270173,32.61688232421875,97700,0.0,0.0,0.0
2019-11-22 00:00:00-05:00,32.60088871576609,32.62488839344624,32.53688550616434,32.57688903808594,20800,0.0,0.0,0.0
2019-11-25 00:00:00-05:00,32.61687876039187,32.74488208553601,32.61687876039187,32.720882415771484,77700,0.0,0.0,0.0
2019-11-26 00:00:00-05:00,32.68079443932347,32.68079443932347,32.44020024549943,32.60861587524414,193500,0.1,0.0,0.0
2019-11-27 00:00:00-05:00,32.63265767617167,32.72889775190471,32.576519161653856,32.664737701416016,121400,0.0,0.0,0.0
2019-11-28 00:00:00-05:00,32.616611627755766,32.71285168567932,32.616611627755766,32.69681167602539,30700,0.0,0.0,0.0
2019-11-29 00:00:00-05:00,32.65671764484107,32.72087463290627,32.608597609302585,32.63265609741211,55400,0.0,0.0,0.0
2019-12-02 00:00:00-05:00,32.640677306740706,32.640677306740706,32.42414173796103,32.44820022583008,138800,0.0,0.0,0.0
2019-12-03 00:00:00-05:00,32.25573254994091,32.25573254994091,31.967018401435656,32.143455505371094,261800,0.0,0.0,0.0
2019-12-04 00:00:00-05:00,32.01513446317623,32.13543304135679,32.00711598564683,32.0391960144043,134900,0.0,0.0,0.0
2019-12-05 00:00:00-05:00,31.950976694456138,31.950976694456138,31.670284097897202,31.798601150512695,274200,0.0,0.0,0.0
2019-12-06 00:00:00-05:00,31.975024383573075,32.07928290963867,31.958984374999996,31.958984375,144200,0.0,0.0,0.0
2019-12-09 00:00:00-05:00,31.902853634522963,31.910875170420024,31.742459628416494,31.822656631469727,149100,0.0,0.0,0.0
2019-12-10 00:00:00-05:00,31.774530392126668,31.846708904514223,31.630173367351556,31.766511917114258,230700,0.0,0.0,0.0
2019-12-11 00:00:00-05:00,31.742443084716797,31.87076005831677,31.69432307237257,31.742443084716797,123600,0.0,0.0,0.0
2019-12-12 00:00:00-05:00,31.702366786113682,31.942963980079718,31.702366786113682,31.806625366210938,284400,0.0,0.0,0.0
2019-12-13 00:00:00-05:00,31.84672636659218,32.02316350679821,31.766529335218877,31.950984954833984,393100,0.0,0.0,0.0
2019-12-16 00:00:00-05:00,32.03920523743983,32.18356234908421,32.03920523743983,32.08732223510742,129800,0.0,0.0,0.0
2019-12-17 00:00:00-05:00,32.079291672525066,32.19156870388776,31.950974628207753,32.159488677978516,265100,0.0,0.0,0.0
2019-12-18 00:00:00-05:00,32.143459869816304,32.143459869816304,31.926924229036114,31.99108123779297,157900,0.0,0.0,0.0
2019-12-19 00:00:00-05:00,32.031168274547,32.031168274547,31.926912790254736,31.983051300048828,261900,0.0,0.0,0.0
2019-12-20 00:00:00-05:00,32.00711312712983,32.207608699978124,32.00711312712983,32.15147018432617,200000,0.0,0.0,0.0
2019-12-23 00:00:00-05:00,32.183560628865465,32.183560628865465,31.950984954833984,31.950984954833984,204900,0.0,0.0,0.0
2019-12-24 00:00:00-05:00,31.958984374999996,31.958984374999996,31.830667365734197,31.958984375,97800,0.0,0.0,0.0
2019-12-27 00:00:00-05:00,31.97502052695647,32.031159020531774,31.8707650727843,31.942943572998047,79900,0.0,0.0,0.0
2019-12-30 00:00:00-05:00,31.926871112133647,31.926871112133647,31.79823110649122,31.862552642822266,62900,0.1,0.0,0.0
2019-12-31 00:00:00-05:00,31.758023261355767,31.82234478063642,31.717823845314783,31.790184020996094,99100,0.0,0.0,0.0
2020-01-02 00:00:00-05:00,31.91885849270738,31.959057952198794,31.838456506702386,31.951019287109375,174100,0.0,0.0,0.0
2020-01-03 00:00:00-05:00,31.774111917557377,31.926870965110666,31.717832107036713,31.902751922607422,174400,0.0,0.0,0.0
2020-01-06 00:00:00-05:00,31.75803567410425,31.90275608203139,31.74195528799901,31.89471435546875,79700,0.0,0.0,0.0
2020-01-07 00:00:00-05:00,31.92685460672663,32.04745589148958,31.89469385518743,31.91077423095703,153200,0.0,0.0,0.0
2020-01-08 00:00:00-05:00,31.918824259641795,32.320824557453356,31.918824259641795,32.15198516845703,217100,0.0,0.0,0.0
2020-01-09 00:00:00-05:00,32.31281297927092,32.36909282810769,32.23241407151033,32.272613525390625,77800,0.0,0.0,0.0
2020-01-10 00:00:00-05:00,32.296730212647056,32.31281060642268,32.17613185986214,32.25653076171875,162200,0.0,0.0,0.0
2020-01-13 00:00:00-05:00,32.3128003522901,32.40928268432617,32.232401475947235,32.40928268432617,147400,0.0,0.0,0.0
2020-01-14 00:00:00-05:00,32.425357818603516,32.48163763632771,32.33691722874548,32.425357818603516,124400,0.0,0.0,0.0
2020-01-15 00:00:00-05:00,32.40928236833751,32.521842020928275,32.401240640569306,32.489681243896484,103900,0.0,0.0,0.0
2020-01-16 00:00:00-05:00,32.57007375758105,32.73087454431048,32.562035098403534,32.71479415893555,114000,0.0,0.0,0.0
2020-01-17 00:00:00-05:00,32.77912345411675,32.915802161604255,32.755004403859104,32.87560272216797,79000,0.0,0.0,0.0
2020-01-20 00:00:00-05:00,32.85146923017228,32.996189602139324,32.85146923017228,32.94794845581055,18300,0.0,0.0,0.0
2020-01-21 00:00:00-05:00,32.867557677478274,32.915795768624655,32.79519747373866,32.82735824584961,84200,0.0,0.0,0.0
2020-01-22 00:00:00-05:00,32.84341480146046,33.028337590681225,32.77909636492036,32.9238166809082,89200,0.0,0.0,0.0
2020-01-23 00:00:00-05:00,32.87559193001334,32.98815155029297,32.78715135207374,32.98815155029297,74500,0.0,0.0,0.0
2020-01-24 00:00:00-05:00,32.99617683890212,33.092656027221324,32.867536898803834,32.9238166809082,125200,0.0,0.0,0.0
2020-01-27 00:00:00-05:00,32.52662071617509,32.76833391055675,32.50245031880193,32.744163513183594,132500,0.087,0.0,0.0
2020-01-28 00:00:00-05:00,32.816684023753936,32.93754218071867,32.73611396814452,32.889198303222656,135300,0.0,0.0,0.0
2020-01-29 00:00:00-05:00,32.945590522878824,32.9536493707517,32.824735466734936,32.84084701538086,85600,0.0,0.0,0.0
2020-01-30 00:00:00-05:00,32.663592998928095,32.824736150694214,32.57496411177923,32.768333435058594,177600,0.0,0.0,0.0
2020-01-31 00:00:00-05:00,32.61524900338382,32.61524900338382,32.3251919460527,32.429935455322266,247400,0.0,0.0,0.0
2020-02-03 00:00:00-05:00,32.478281974414806,32.695824785174416,32.478281974414806,32.5266227722168,194400,0.0,0.0,0.0
2020-02-04 00:00:00-05:00,32.82473659787471,32.953650506333844,32.82473659787471,32.873077392578125,287400,0.0,0.0,0.0
2020-02-05 00:00:00-05:00,33.10675063052649,33.22760882213102,33.09869485207688,33.187320709228516,132700,0.0,0.0,0.0
2020-02-06 00:00:00-05:00,33.259823448484276,33.44513702392578,33.259823448484276,33.44513702392578,137900,0.0,0.0,0.0
2020-02-07 00:00:00-05:00,33.30816913998119,33.46125347407476,33.30816913998119,33.40485382080078,192800,0.0,0.0,0.0
2020-02-10 00:00:00-05:00,33.29206125789439,33.41291943856286,33.29206125789439,33.39680480957031,67300,0.0,0.0,0.0
2020-02-11 00:00:00-05:00,33.43705437462365,33.557912427083636,33.43705437462365,33.49345397949219,96800,0.0,0.0,0.0
2020-02-12 00:00:00-05:00,33.59013857733141,33.59013857733141,33.42899860544869,33.49345397949219,77100,0.0,0.0,0.0
2020-02-13 00:00:00-05:00,33.39680141137453,33.50154495239258,33.380686784021684,33.50154495239258,88600,0.0,0.0,0.0
2020-02-14 00:00:00-05:00,33.52570988697536,33.63045341090466,33.509595262251594,33.62239456176758,228500,0.0,0.0,0.0
2020-02-18 00:00:00-05:00,33.525699615478516,33.56598462817034,33.41290035052161,33.525699615478516,126100,0.0,0.0,0.0
2020-02-19 00:00:00-05:00,33.60626782912355,33.60626782912355,33.48541279756345,33.565982818603516,46900,0.0,0.0,0.0
2020-02-20 00:00:00-05:00,33.541816696616884,33.67073059082031,33.541816696616884,33.67073059082031,65500,0.0,0.0,0.0
2020-02-21 00:00:00-05:00,33.654616379752824,33.73518641203015,33.525702483979266,33.57404327392578,113700,0.0,0.0,0.0
2020-02-24 00:00:00-05:00,32.9257020608041,33.12755163808707,32.86111179766321,32.98221969604492,171300,0.087,0.0,0.0
2020-02-25 00:00:00-05:00,33.0064599127284,33.01453254458402,32.22328218352313,32.368614196777344,936600,0.0,0.0,0.0
2020-02-26 00:00:00-05:00,32.36054491660426,32.610836569813166,32.08602920535627,32.15061950683594,745700,0.0,0.0,0.0
2020-02-27 00:00:00-05:00,31.641934213858576,31.66615825414116,31.068682233505797,31.51275062561035,1010200,0.0,0.0,0.0
2020-02-28 00:00:00-05:00,30.527729168615412,30.842613995663395,30.156323630065042,30.705354690551758,1195200,0.0,0.0,0.0
2020-03-02 00:00:00-05:00,30.535802535539293,31.149426949758887,30.406618934647803,31.117130279541016,2021600,0.0,0.0,0.0
2020-03-03 00:00:00-05:00,31.335130927896042,31.407796902260397,30.56810188293457,30.56810188293457,2957000,0.0,0.0,0.0
2020-03-04 00:00:00-05:00,31.00411049769213,31.084849133578942,30.68922242577788,31.068700790405273,957700,0.0,0.0,0.0
2020-03-05 00:00:00-05:00,30.576181055150187,30.66499538504589,30.22092681554829,30.430849075317383,1372400,0.0,0.0,0.0
2020-03-06 00:00:00-05:00,29.825299682371764,29.94641069018097,29.42967613949265,29.61537742614746,2716800,0.0,0.0,0.0
2020-03-09 00:00:00-04:00,27.451550144177396,28.1539860060602,26.45037460725694,26.458450317382812,4938800,0.0,0.0,0.0
2020-03-10 00:00:00-04:00,27.677620128800353,27.677620128800353,26.644151014440197,27.451549530029297,6898400,0.0,0.0,0.0
2020-03-11 00:00:00-04:00,26.862140485277617,27.015545045916138,26.22429512055231,26.248516082763672,5364800,0.0,0.0,0.0
2020-03-12 00:00:00-04:00,24.87594971750507,24.87594971750507,22.574863465858726,23.0673770904541,1161300,0.0,0.0,0.0
2020-03-13 00:00:00-04:00,24.819430237470524,26.24045181274414,23.9232173904537,26.24045181274414,5831700,0.0,0.0,0.0
2020-03-16 00:00:00-04:00,22.04197732872423,24.569135369396285,22.04197732872423,23.55181312561035,3754600,0.0,0.0,0.0
2020-03-17 00:00:00-04:00,23.898990004842755,24.722536641020827,23.31766224283939,23.947433471679688,2604400,0.0,0.0,0.0
2020-03-18 00:00:00-04:00,22.050047443117037,23.253070741757565,21.525238848943527,22.381080627441406,4031500,0.0,0.0,0.0
2020-03-19 00:00:00-04:00,22.02583349523247,22.809009552001953,21.49295056341149,22.809009552001953,1842000,0.0,0.0,0.0
2020-03-20 00:00:00-04:00,23.083518324409784,23.785954007487636,21.775532355245023,21.9935302734375,2033200,0.0,0.0,0.0
2020-03-23 00:00:00-04:00,21.767467411888383,21.888578444424848,20.176892585808964,20.2253360748291,4595500,0.0,0.0,0.0
2020-03-24 00:00:00-04:00,21.258804898580614,22.978563224599785,21.258804898580614,22.94626808166504,3257800,0.0,0.0,0.0
2020-03-25 00:00:00-04:00,23.154393273400313,25.63261750119597,23.008615105050254,24.255826950073242,5668200,0.087,0.0,0.0
2020-03-26 00:00:00-04:00,24.450202868185606,25.616425389885283,24.401609104575694,24.911832809448242,3016100,0.0,0.0,0.0
2020-03-27 00:00:00-04:00,24.053366309865968,24.255835718047603,23.494550310763334,23.616031646728516,4277800,0.0,0.0,0.0
2020-03-30 00:00:00-04:00,23.842799965224124,24.30443000793457,23.162502572371107,24.30443000793457,1356400,0.0,0.0,0.0
2020-03-31 00:00:00-04:00,24.239640298631837,25.308678637108226,24.239640298631837,24.98472785949707,1492800,0.0,0.0,0.0
2020-04-01 00:00:00-04:00,24.215342303663363,24.336823646622257,23.76991019790772,23.81850242614746,1449700,0.0,0.0,0.0
2020-04-02 00:00:00-04:00,23.93188093204062,24.506894794531267,23.76990634922774,24.053363800048828,1479500,0.0,0.0,0.0
2020-04-03 00:00:00-04:00,24.093859573614697,24.110057497001787,23.37306897479815,23.616031646728516,918400,0.0,0.0,0.0
2020-04-06 00:00:00-04:00,24.336821775391783,24.895637763698875,24.336821775391783,24.855144500732422,1387200,0.0,0.0,0.0
2020-04-07 00:00:00-04:00,25.640720901007352,26.09425340214252,25.01711487048553,25.090003967285156,2294400,0.0,0.0,0.0
2020-04-08 00:00:00-04:00,25.29247958592229,25.87559250437893,24.96042986056519,25.770307540893555,1363600,0.0,0.0,0.0
2020-04-09 00:00:00-04:00,25.956577237146128,26.523492191961132,25.859392787286914,26.191442489624023,1827700,0.0,0.0,0.0
2020-04-13 00:00:00-04:00,26.16714564807772,26.16714564807772,25.349167564503276,25.454452514648438,774100,0.0,0.0,0.0
2020-04-14 00:00:00-04:00,25.924185311976434,25.98087959652761,25.268186314403632,25.575939178466797,712900,0.0,0.0,0.0
2020-04-15 00:00:00-04:00,25.000922022701936,25.146698692152768,24.709365594362428,24.749858856201172,527500,0.0,0.0,0.0
2020-04-16 00:00:00-04:00,24.87133850834622,24.895635390641488,24.093856811523438,24.093856811523438,844900,0.0,0.0,0.0
2020-04-17 00:00:00-04:00,24.814646659661175,25.251981260889387,24.69316534089293,25.219585418701172,576500,0.0,0.0,0.0
2020-04-20 00:00:00-04:00,24.636478525425012,25.365368111855055,24.46640341325054,25.057615280151367,976600,0.0,0.0,0.0
2020-04-21 00:00:00-04:00,24.523092463760275,24.790351990132958,24.085757850758345,24.093856811523438,600400,0.0,0.0,0.0
2020-04-22 00:00:00-04:00,24.523098813321912,24.54739415718895,24.134356319537847,24.272035598754883,792700,0.0,0.0,0.0
2020-04-23 00:00:00-04:00,24.328721198658794,24.40970771407284,24.06146013680488,24.06955909729004,1064300,0.0,0.0,0.0
2020-04-24 00:00:00-04:00,24.206117630004883,24.254887075836027,23.90536935494858,24.206117630004883,469700,0.108,0.0,0.0
2020-04-27 00:00:00-04:00,24.376811225394384,24.994563217795225,24.295527782908245,24.953922271728516,480300,0.0,0.0,0.0
2020-04-28 00:00:00-04:00,25.25467419138253,25.604191980763726,25.157135280605893,25.295316696166992,1081100,0.0,0.0,0.0
2020-04-29 00:00:00-04:00,25.807398547382984,26.41702213511644,25.79114154629205,26.38450813293457,707300,0.0,0.0,0.0
2020-04-30 00:00:00-04:00,26.14065934602162,26.14065934602162,25.49039480521629,25.522907257080078,1403000,0.0,0.0,0.0
2020-05-01 00:00:00-04:00,25.165259023094304,25.165259023094304,24.799485828781826,24.92953872680664,761900,0.0,0.0,0.0
2020-05-04 00:00:00-04:00,24.750714611327243,25.083975332500547,24.539378279547368,25.010820388793945,1232500,0.0,0.0,0.0
2020-05-05 00:00:00-04:00,25.327825165829793,25.36846611386881,24.775099590523556,24.840126037597656,709000,0.0,0.0,0.0
2020-05-06 00:00:00-04:00,25.067719283332256,25.12461723051418,24.70194455094449,24.888896942138672,972700,0.0,0.0,0.0
2020-05-07 00:00:00-04:00,25.09210520925355,25.344082501212437,24.685689522063747,24.710073471069336,705700,0.0,0.0,0.0
2020-05-08 00:00:00-04:00,25.05959572665412,25.124622186310237,24.856387846434625,25.067724227905273,428900,0.0,0.0,0.0
2020-05-11 00:00:00-04:00,24.937659346091035,25.368458853277474,24.783220997108852,25.327817916870117,443900,0.0,0.0,0.0
2020-05-12 00:00:00-04:00,25.368463942071255,25.482261377473307,24.8076114654541,24.8076114654541,746700,0.0,0.0,0.0
2020-05-13 00:00:00-04:00,24.79948268780804,24.82386818448147,23.791572080596033,23.864727020263672,886800,0.0,0.0,0.0
2020-05-14 00:00:00-04:00,23.66964963571144,24.043551313198563,23.16569351567144,23.840343475341797,2277500,0.0,0.0,0.0
2020-05-15 00:00:00-04:00,23.7428039779761,23.905370874886454,23.56398163165697,23.718420028686523,1003600,0.0,0.0,0.0
2020-05-19 00:00:00-04:00,24.52312469014211,24.531253190612084,24.011041563357377,24.149221420288086,1405700,0.0,0.0,0.0
2020-05-20 00:00:00-04:00,24.41745964654009,24.571896519348797,24.303662179306254,24.47435760498047,718900,0.0,0.0,0.0
2020-05-21 00:00:00-04:00,24.482482553388376,24.612535453908528,24.157348751735125,24.238632202148438,820500,0.0,0.0,0.0
2020-05-22 00:00:00-04:00,24.28594688081766,24.28594688081766,23.82910565153297,24.041210174560547,422200,0.108,0.0,0.0
2020-05-25 00:00:00-04:00,24.13094828717835,24.44910430908203,24.13094828717835,24.44910430908203,83600,0.0,0.0,0.0
2020-05-26 00:00:00-04:00,24.775412273583015,25.754354175246817,24.75093814254602,25.721723556518555,1079200,0.0,0.0,0.0
2020-05-27 00:00:00-04:00,25.933832059266166,26.553827915458147,25.893041834524606,26.537511825561523,2146300,0.0,0.0,0.0
2020-05-28 00:00:00-04:00,26.619095607356837,26.627252097338246,26.080675465281914,26.170413970947266,1076100,0.0,0.0,0.0
2020-05-29 00:00:00-04:00,25.9746263366577,26.031731107638404,25.501470519404027,25.631996154785156,1374900,0.0,0.0,0.0
2020-06-01 00:00:00-04:00,25.697252874023537,26.21935529164311,25.656464206142484,26.03172492980957,393700,0.0,0.0,0.0
2020-06-02 00:00:00-04:00,26.17857471410064,26.708836896356445,26.17857471410064,26.586467742919922,473400,0.0,0.0,0.0
2020-06-03 00:00:00-04:00,26.945404647486562,27.540927922842144,26.945404647486562,27.369613647460938,447000,0.0,0.0,0.0
2020-06-04 00:00:00-04:00,27.361464819895648,27.532779143245854,26.978044381179348,27.37778091430664,501600,0.0,0.0,0.0
2020-06-05 00:00:00-04:00,28.177241597168038,28.56881839825732,28.046715996804945,28.226186752319336,838900,0.0,0.0,0.0
2020-06-08 00:00:00-04:00,28.54434520533535,28.683027291242084,28.19355707842621,28.5117130279541,479600,0.0,0.0,0.0
2020-06-09 00:00:00-04:00,28.169081996658967,28.39750413127622,27.899874307399493,28.226186752319336,303600,0.0,0.0,0.0
2020-06-10 00:00:00-04:00,28.193558392829694,28.193558392829694,27.66329637757821,27.736717224121094,981000,0.0,0.0,0.0
2020-06-11 00:00:00-04:00,26.83119394364908,27.10040474617571,26.382512384747162,26.480405807495117,1329200,0.0,0.0,0.0
2020-06-12 00:00:00-04:00,27.084095688151564,27.336987355233056,26.774096138334638,26.986202239990234,4549500,0.0,0.0,0.0
2020-06-15 00:00:00-04:00,26.42331292747788,27.222782981854333,26.292787267824114,26.86383819580078,2224600,0.0,0.0,0.0
2020-06-16 00:00:00-04:00,27.630669375408974,27.695933745441724,27.035146002754132,27.31251335144043,2710100,0.0,0.0,0.0
2020-06-17 00:00:00-04:00,27.402240079042443,27.402240079042443,27.002503741695435,27.108556747436523,1072300,0.0,0.0,0.0
2020-06-18 00:00:00-04:00,26.92909620583836,27.24725538016221,26.798570562004276,27.116729736328125,1320000,0.0,0.0,0.0
2020-06-19 00:00:00-04:00,27.394092624548705,27.394092624548705,26.912778808373048,26.994356155395508,2718400,0.0,0.0,0.0
2020-06-22 00:00:00-04:00,26.929097559735713,26.94541365503239,26.708838053173015,26.912784576416016,503000,0.0,0.0,0.0
2020-06-23 00:00:00-04:00,27.124881143551974,27.263563252642594,26.75777686658234,27.010671615600586,8214500,0.0,0.0,0.0
2020-06-24 00:00:00-04:00,26.837159263488527,26.845342445552028,26.28060921836238,26.493406295776367,658400,0.108,0.0,0.0
2020-06-25 00:00:00-04:00,26.288789391462576,26.79623404180606,26.288789391462576,26.73893928527832,446000,0.0,0.0,0.0
2020-06-26 00:00:00-04:00,26.567072405701783,26.657103036087083,26.018708561952558,26.076000213623047,433100,0.0,0.0,0.0
2020-06-29 00:00:00-04:00,26.22330802443521,26.59979670540896,26.157830103139357,26.362443923950195,909100,0.0,0.0,0.0
2020-06-30 00:00:00-04:00,26.21513070670847,26.65709746043316,26.182393295921514,26.558883666992188,434600,0.0,0.0,0.0
2020-07-02 00:00:00-04:00,26.82898005218685,27.05814979863522,26.51796909698586,26.550704956054688,586900,0.0,0.0,0.0
2020-07-03 00:00:00-04:00,26.58344265221018,26.58344265221018,26.501598325252917,26.534334182739258,57200,0.0,0.0,0.0
2020-07-06 00:00:00-04:00,26.88625973392712,27.017212478363305,26.681645875610595,26.878076553344727,335800,0.0,0.0,0.0
2020-07-07 00:00:00-04:00,26.72257206347211,26.72257206347211,26.395188630049432,26.403371810913086,211200,0.0,0.0,0.0
2020-07-08 00:00:00-04:00,26.403380724209892,26.52615033372812,26.14147669900159,26.419750213623047,418400,0.0,0.0,0.0
2020-07-09 00:00:00-04:00,26.378831813508825,26.378831813508825,25.904127480384645,26.157848358154297,405300,0.0,0.0,0.0
2020-07-10 00:00:00-04:00,26.149661523620214,26.6489200246841,26.149661523620214,26.64073371887207,402400,0.0,0.0,0.0
2020-07-13 00:00:00-04:00,26.738950136359353,27.025411546608886,26.534336181393048,26.804428100585938,2202400,0.0,0.0,0.0
2020-07-14 00:00:00-04:00,26.747136496460193,27.189103389389988,26.632553180995693,27.148178100585938,2587000,0.0,0.0,0.0
2020-07-15 00:00:00-04:00,27.40188671666956,27.721083826610826,27.32004242463935,27.483734130859375,2352500,0.0,0.0,0.0
2020-07-16 00:00:00-04:00,27.33642008584017,27.688356266747736,27.31186429315695,27.50010871887207,2216200,0.0,0.0,0.0
2020-07-17 00:00:00-04:00,27.50010871887207,27.622878315806542,27.37734224409815,27.50010871887207,595500,0.0,0.0,0.0
2020-07-20 00:00:00-04:00,27.39371806323763,27.44282341563251,27.23820945489046,27.360979080200195,383800,0.0,0.0,0.0
2020-07-21 00:00:00-04:00,27.508302033129127,27.688363321937757,27.459193557410046,27.475563049316406,360400,0.0,0.0,0.0
2020-07-22 00:00:00-04:00,27.41008186340332,27.5001093648213,27.29549544656471,27.41008186340332,371700,0.0,0.0,0.0
2020-07-23 00:00:00-04:00,27.35279594219714,27.46738239610306,27.221843117037718,27.287321090698242,2753400,0.0,0.0,0.0
2020-07-24 00:00:00-04:00,27.197284695183775,27.213654185142424,26.943562284066154,27.07451820373535,2845100,0.0,0.0,0.0
2020-07-27 00:00:00-04:00,26.914354817483577,27.0950441928748,26.717238850415693,27.062191009521484,1625600,0.115,0.0,0.0
2020-07-28 00:00:00-04:00,27.012921199175803,27.037559529253514,26.88151155033939,26.94721794128418,109300,0.0,0.0,0.0
2020-07-29 00:00:00-04:00,27.02112809542439,27.168964298396734,26.807585520885564,27.160749435424805,241800,0.0,0.0,0.0
2020-07-30 00:00:00-04:00,26.84864885046506,27.201812744140625,26.676174334870595,27.201812744140625,234000,0.0,0.0,0.0
2020-07-31 00:00:00-04:00,27.144337243079207,27.144337243079207,26.65155172710821,26.76653480529785,334400,0.0,0.0,0.0
2020-08-04 00:00:00-04:00,26.79117035085605,27.029351349758624,26.733678817749023,26.733678817749023,679300,0.0,0.0,0.0
2020-08-05 00:00:00-04:00,26.840438706668806,27.160749435424805,26.824012113777187,27.160749435424805,283400,0.0,0.0,0.0
2020-08-06 00:00:00-04:00,27.226447182036257,27.423559968188666,27.15252910396629,27.35785675048828,231900,0.0,0.0,0.0
2020-08-07 00:00:00-04:00,27.325007999118167,27.612465497568735,27.242875047381037,27.6042537689209,476700,0.0,0.0,0.0
2020-08-10 00:00:00-04:00,27.686390476416797,27.957424585009253,27.669963881982174,27.932783126831055,342700,0.0,0.0,0.0
2020-08-11 00:00:00-04:00,28.154530383783538,28.524120833143655,28.154530383783538,28.34343147277832,536100,0.0,0.0,0.0
2020-08-12 00:00:00-04:00,28.532337693756386,28.745877116651503,28.458419598705774,28.515911102294922,315100,0.0,0.0,0.0
2020-08-13 00:00:00-04:00,28.368082773126453,28.45021262014039,28.212031677526003,28.294164657592773,286900,0.0,0.0,0.0
2020-08-14 00:00:00-04:00,28.12168390897863,28.43377976537634,28.097042453856176,28.310585021972656,242000,0.0,0.0,0.0
2020-08-17 00:00:00-04:00,28.368086449685595,28.368086449685595,28.162758672487037,28.187397003173828,143000,0.0,0.0,0.0
2020-08-18 00:00:00-04:00,28.22024076126449,28.22024076126449,27.957421544993867,28.031339645385742,210800,0.0,0.0,0.0
2020-08-19 00:00:00-04:00,27.990280141905675,28.23667281316519,27.990280141905675,28.08062171936035,236300,0.0,0.0,0.0
2020-08-20 00:00:00-04:00,27.965633392333984,28.05597808575402,27.89993015451627,27.965633392333984,252400,0.0,0.0,0.0
2020-08-21 00:00:00-04:00,27.90814818923012,27.96563971020342,27.809591743712023,27.957427978515625,244100,0.0,0.0,0.0
2020-08-24 00:00:00-04:00,28.12989325903273,28.41735076904297,28.097040077016736,28.41735076904297,242900,0.0,0.0,0.0
2020-08-25 00:00:00-04:00,28.512112393077537,28.602758344059204,28.355544114517965,28.569795608520508,388900,0.115,0.0,0.0
2020-08-26 00:00:00-04:00,28.78406426032524,29.064241361816997,28.668697773269994,29.031278610229492,207400,0.0,0.0,0.0
2020-08-27 00:00:00-04:00,29.097210030232887,29.3526635482292,29.08896776890947,29.220815658569336,537700,0.0,0.0,0.0
2020-08-28 00:00:00-04:00,29.32793197172361,29.32793197172361,28.94062756688207,29.055994033813477,358500,0.0,0.0,0.0
2020-08-31 00:00:00-04:00,28.957110878059286,28.965353136820635,28.578048706054688,28.578048706054688,426700,0.0,0.0,0.0
2020-09-01 00:00:00-04:00,28.487403374383746,28.652213974885246,28.363794638132433,28.60276985168457,382700,0.0,0.0,0.0
2020-09-02 00:00:00-04:00,28.643965543313325,28.91590344706475,28.643965543313325,28.73461151123047,438900,0.0,0.0,0.0
2020-09-03 00:00:00-04:00,28.7758076414291,28.957099541193937,28.289621443876932,28.36378288269043,967200,0.0,0.0,0.0
2020-09-04 00:00:00-04:00,28.569811712136797,28.726383222448703,27.984736972290325,28.16602897644043,2008100,0.0,0.0,0.0
2020-09-08 00:00:00-04:00,27.95175873610632,28.03416557575846,27.77046997587063,27.96000099182129,1047200,0.0,0.0,0.0
2020-09-09 00:00:00-04:00,28.108340799514732,28.396756988722313,28.108340799514732,28.273151397705078,316500,0.0,0.0,0.0
2020-09-10 00:00:00-04:00,28.322595794622586,28.33907717078063,27.861129836201723,27.951772689819336,800500,0.0,0.0,0.0
2020-09-11 00:00:00-04:00,27.976492146303062,28.231945579836957,27.968249887704843,28.1495418548584,856400,0.0,0.0,0.0
2020-09-14 00:00:00-04:00,28.264909138870177,28.3555551250499,28.19898678569446,28.273151397705078,193800,0.0,0.0,0.0
2020-09-15 00:00:00-04:00,28.37201810588251,28.429701306328504,28.281372178467766,28.3308162689209,173800,0.0,0.0,0.0
2020-09-16 00:00:00-04:00,28.322590901958506,28.495643749972917,28.124820709228516,28.124820709228516,380500,0.0,0.0,0.0
2020-09-17 00:00:00-04:00,27.93529084865011,28.182505172084927,27.918809474621032,28.083620071411133,358600,0.0,0.0,0.0
2020-09-18 00:00:00-04:00,28.042409706394128,28.166018416243382,27.90232276916504,27.90232276916504,219200,0.0,0.0,0.0
2020-09-21 00:00:00-04:00,27.52326262825999,27.53974085681258,27.135958243767913,27.5150203704834,337300,0.0,0.0,0.0
2020-09-22 00:00:00-04:00,27.523274116999474,27.745764873834574,27.383183967823793,27.54799461364746,226600,0.0,0.0,0.0
2020-09-23 00:00:00-04:00,27.696314560580003,27.81168103078465,27.251326909647318,27.25956916809082,326200,0.0,0.0,0.0
2020-09-24 00:00:00-04:00,27.172740688596264,27.478701882887755,27.04870074672489,27.313316345214844,478600,0.115,0.0,0.0
2020-09-25 00:00:00-04:00,27.214088333175532,27.511781692504883,27.12312612288412,27.511781692504883,387800,0.0,0.0,0.0
2020-09-28 00:00:00-04:00,27.8508122054508,28.165044339953532,27.8508122054508,28.024465560913086,281200,0.0,0.0,0.0
2020-09-29 00:00:00-04:00,27.95005188252762,27.95005188252762,27.52005069609278,27.64409065246582,289600,0.0,0.0,0.0
2020-09-30 00:00:00-04:00,27.66062429098662,27.883894277541295,27.511777633283504,27.56966209411621,537400,0.0,0.0,0.0
2020-10-01 00:00:00-04:00,27.710242734945385,27.718513747678806,27.47043699161689,27.61928367614746,407600,0.0,0.0,0.0
2020-10-02 00:00:00-04:00,27.305058402359837,27.925252027976665,27.305058402359837,27.85909652709961,421900,0.0,0.0,0.0
2020-10-05 00:00:00-04:00,28.065809956870638,28.30561876393711,27.933502193397047,28.2311954498291,347200,0.0,0.0,0.0
2020-10-06 00:00:00-04:00,28.346983740711444,28.54544709892342,28.18160128908087,28.25602149963379,698800,0.0,0.0,0.0
2020-10-07 00:00:00-04:00,28.46273393413553,28.661197161368055,28.46273393413553,28.652929306030273,175500,0.0,0.0,0.0
2020-10-08 00:00:00-04:00,28.735628128367747,28.85966807272297,28.644665923102828,28.69428253173828,240300,0.0,0.0,0.0
2020-10-09 00:00:00-04:00,28.694276104737856,28.72735383641934,28.446199426058932,28.487545013427734,305000,0.0,0.0,0.0
2020-10-13 00:00:00-04:00,28.545433102308067,28.545433102308067,28.090625274392718,28.20639419555664,234200,0.0,0.0,0.0
2020-10-14 00:00:00-04:00,28.21466496087657,28.297359309137352,28.016204833984375,28.016204833984375,145900,0.0,0.0,0.0
2020-10-15 00:00:00-04:00,27.81774721626176,28.181596113754413,27.759862737927474,28.098901748657227,134000,0.0,0.0,0.0
2020-10-16 00:00:00-04:00,28.14023896464558,28.247740029989355,28.082354503568133,28.10716438293457,129300,0.0,0.0,0.0
2020-10-19 00:00:00-04:00,28.181594328781493,28.206401059505694,27.768131992885994,27.842552185058594,276000,0.0,0.0,0.0
2020-10-20 00:00:00-04:00,27.892170222190753,28.04928478222843,27.768133407782308,27.792940139770508,604000,0.0,0.0,0.0
2020-10-21 00:00:00-04:00,27.76811936038612,27.983118289277105,27.685425038146626,27.925233840942383,421500,0.0,0.0,0.0
2020-10-22 00:00:00-04:00,27.933507848535097,28.214662297144425,27.925239991723004,28.148509979248047,304500,0.0,0.0,0.0
2020-10-23 00:00:00-04:00,28.305625420221826,28.396587620462732,28.24774095724427,28.380048751831055,366700,0.0,0.0,0.0
2020-10-26 00:00:00-04:00,28.24644210975497,28.254738731458453,27.748559340630326,27.914520263671875,280500,0.119,0.0,0.0
2020-10-27 00:00:00-04:00,27.873039937963167,27.873039937963167,27.375160171487316,27.44984245300293,519900,0.0,0.0,0.0
2020-10-28 00:00:00-04:00,27.184301238602586,27.234090478219265,26.79429660731947,26.802593231201172,431300,0.0,0.0,0.0
2020-10-29 00:00:00-04:00,26.827481920122892,27.258975880849757,26.603435152760134,27.151103973388672,683800,0.0,0.0,0.0
2020-10-30 00:00:00-04:00,27.068133913408538,27.134519577026367,26.877279878671267,27.134519577026367,579600,0.0,0.0,0.0
2020-11-02 00:00:00-05:00,27.267291033131386,27.383462793055276,27.068137183659676,27.258991241455078,331300,0.0,0.0,0.0
2020-11-03 00:00:00-05:00,27.55772388177386,28.014114352353168,27.55772388177386,27.90624237060547,327100,0.0,0.0,0.0
2020-11-04 00:00:00-05:00,27.989215794034795,28.20496604593599,27.640700539269083,28.06389808654785,574900,0.0,0.0,0.0
2020-11-05 00:00:00-05:00,28.329426303588466,28.445598021880745,28.188361550074106,28.204957962036133,239900,0.0,0.0,0.0
2020-11-06 00:00:00-05:00,28.329428605125514,28.395814258366922,28.005806459179084,28.138574600219727,166500,0.0,0.0,0.0
2020-11-09 00:00:00-05:00,28.94348753250114,29.69030724967935,28.94348753250114,29.22562026977539,518900,0.0,0.0,0.0
2020-11-10 00:00:00-05:00,29.391580176854763,29.964145482535613,29.350090717204395,29.914356231689453,409600,0.0,0.0,0.0
2020-11-11 00:00:00-05:00,30.12180160783317,30.204783678561164,30.047119326899143,30.096908569335938,285500,0.0,0.0,0.0
2020-11-12 00:00:00-05:00,30.022231892481972,30.09691418735652,29.63222400086567,29.789888381958008,194200,0.0,0.0,0.0
2020-11-13 00:00:00-05:00,29.872847151430715,30.08859409917488,29.872847151430715,30.005615234375,195200,0.0,0.0,0.0
2020-11-16 00:00:00-05:00,30.362451819227317,30.727563517731447,30.296066147439443,30.719266891479492,393500,0.0,0.0,0.0
2020-11-17 00:00:00-05:00,30.495215542630007,31.10097046471213,30.495215542630007,31.067777633666992,471800,0.0,0.0,0.0
2020-11-18 00:00:00-05:00,31.125844379528065,31.399680319223933,31.11754775958606,31.291805267333984,347700,0.0,0.0,0.0
2020-11-19 00:00:00-05:00,31.183933810054253,31.316701889038086,31.067758971182794,31.316701889038086,277600,0.0,0.0,0.0
2020-11-20 00:00:00-05:00,31.266941837468746,31.416306461329555,31.092684164779016,31.40800666809082,379600,0.0,0.0,0.0
2020-11-23 00:00:00-05:00,31.590562507526656,31.773119964055848,31.573966087347323,31.69013786315918,183300,0.0,0.0,0.0
2020-11-24 00:00:00-05:00,32.08052886325812,32.42181095008693,32.005613128328015,32.380191802978516,212100,0.119,0.0,0.0
2020-11-25 00:00:00-05:00,32.247012300422824,32.29695401250704,31.963997622373867,32.22203826904297,298300,0.0,0.0,0.0
2020-11-26 00:00:00-05:00,32.172084958666375,32.21370409551177,32.10549179944446,32.130462646484375,38400,0.0,0.0,0.0
2020-11-27 00:00:00-05:00,32.088849380144005,32.330244863480736,32.088849380144005,32.18873596191406,120800,0.0,0.0,0.0
2020-11-30 00:00:00-05:00,32.055544767465264,32.063870499474625,31.63102451974304,31.639347076416016,414600,0.0,0.0,0.0
2020-12-01 00:00:00-05:00,32.07220141835898,32.17209117649734,31.9306956906688,31.93901824951172,255400,0.0,0.0,0.0
2020-12-02 00:00:00-05:00,32.03058624267578,32.05555709763613,31.805839022019796,32.03058624267578,358500,0.0,0.0,0.0
2020-12-03 00:00:00-05:00,32.022252403776925,32.25532210221428,32.022252403776925,32.055545806884766,169100,0.0,0.0,0.0
2020-12-04 00:00:00-05:00,32.10551109228985,32.321935814478444,32.08054023024444,32.3136100769043,101800,0.0,0.0,0.0
2020-12-07 00:00:00-05:00,32.23035160678495,32.288619032028365,32.04722359868478,32.23867416381836,190800,0.0,0.0,0.0
2020-12-08 00:00:00-05:00,32.14710559730473,32.34688186645508,32.1387830414525,32.34688186645508,96300,0.0,0.0,0.0
2020-12-09 00:00:00-05:00,32.438448909879234,32.54665802282078,32.33023662160131,32.45509719848633,136900,0.0,0.0,0.0
2020-12-10 00:00:00-05:00,32.26365231081957,32.488399505615234,32.23035889981585,32.488399505615234,164500,0.0,0.0,0.0
2020-12-11 00:00:00-05:00,32.25531787540017,32.36353015349562,32.19705045842633,32.34688186645508,232000,0.0,0.0,0.0
2020-12-14 00:00:00-05:00,32.51337340310633,32.51337340310633,31.997285842895508,31.997285842895508,308000,0.0,0.0,0.0
2020-12-15 00:00:00-05:00,32.13047092144523,32.296950687039036,31.997287744037667,32.063880920410156,233900,0.0,0.0,0.0
2020-12-16 00:00:00-05:00,32.113825802689526,32.17209324434675,31.980639449944544,32.063880920410156,312400,0.0,0.0,0.0
2020-12-17 00:00:00-05:00,32.130464390262375,32.1637609716804,31.91404296171876,32.07219696044922,152100,0.0,0.0,0.0
2020-12-18 00:00:00-05:00,32.07219357952494,32.080519311670166,31.77253072902554,31.84744644165039,282700,0.0,0.0,0.0
2020-12-21 00:00:00-05:00,31.531133420548326,31.79749965041969,31.422921147370605,31.780851364135742,518000,0.0,0.0,0.0
2020-12-22 00:00:00-05:00,31.814168798522882,31.86411051478758,31.631040704650946,31.722604751586914,240200,0.0,0.0,0.0
2020-12-23 00:00:00-05:00,31.78086422688578,32.072201416428754,31.78086422688578,32.005611419677734,263900,0.0,0.0,0.0
2020-12-24 00:00:00-05:00,32.05553422896781,32.12212736180416,31.897380301484482,32.0971565246582,165500,0.0,0.0,0.0
2020-12-29 00:00:00-05:00,32.27197137137919,32.305267950834576,32.072195069983444,32.17208480834961,313000,0.0,0.0,0.0
2020-12-30 00:00:00-05:00,32.254746514212094,32.37164127735985,32.10445233726687,32.11280059814453,216200,0.119,0.0,0.0
2020-12-31 00:00:00-05:00,32.07105081422921,32.32989147642116,32.02930314229972,32.10445022583008,159700,0.0,0.0,0.0
2021-01-04 00:00:00-05:00,32.238048819396376,32.238048819396376,31.71201916725683,31.879013061523438,475000,0.0,0.0,0.0
2021-01-05 00:00:00-05:00,31.887358423310967,32.071052008814796,31.837262489186884,31.99590492248535,188300,0.0,0.0,0.0
2021-01-06 00:00:00-05:00,32.16290740408986,32.74738454463144,32.154555956073224,32.647186279296875,453600,0.0,0.0,0.0
2021-01-07 00:00:00-05:00,32.89767423109403,32.906022492817854,32.72232888345643,32.830875396728516,284600,0.0,0.0,0.0
2021-01-08 00:00:00-05:00,32.86427481391127,32.94777017172443,32.6889326514174,32.830875396728516,194000,0.0,0.0,0.0
2021-01-11 00:00:00-05:00,32.647175927570856,32.880968620743296,32.647175927570856,32.79747009277344,203700,0.0,0.0,0.0
2021-01-12 00:00:00-05:00,32.83922964235724,33.05631950225942,32.79747877474866,32.94777297973633,260700,0.0,0.0,0.0
2021-01-13 00:00:00-05:00,32.98115844605892,33.01455785195753,32.83086430465787,32.89766311645508,162100,0.0,0.0,0.0
2021-01-14 00:00:00-05:00,32.88096452403301,33.16485311347391,32.822517154307775,33.04795837402344,166900,0.0,0.0,0.0
2021-01-15 00:00:00-05:00,32.972835512649034,33.13982630011758,32.8642889526784,33.10643005371094,287600,0.0,0.0,0.0
2021-01-18 00:00:00-05:00,33.1231123835602,33.26505831422649,33.1231123835602,33.256710052490234,69100,0.0,0.0,0.0
2021-01-19 00:00:00-05:00,33.3318682538225,33.398667116926,33.10643005371094,33.10643005371094,143800,0.0,0.0,0.0
2021-01-20 00:00:00-05:00,33.198249054862906,33.198249054862906,32.91436046782061,33.11475372314453,147800,0.0,0.0,0.0
2021-01-21 00:00:00-05:00,33.08136747470937,33.11476689473863,32.89767703483644,32.94777297973633,153800,0.0,0.0,0.0
2021-01-22 00:00:00-05:00,32.780773084422854,32.78912453047859,32.622130645941574,32.6722297668457,197300,0.0,0.0,0.0
2021-01-25 00:00:00-05:00,32.58179442463026,32.73252002120201,32.447816471487194,32.72414779663086,328800,0.112,0.0,0.0
2021-01-26 00:00:00-05:00,32.81626094415972,32.81626094415972,32.56505263613702,32.74089813232422,187800,0.0,0.0,0.0
2021-01-27 00:00:00-05:00,32.531559180040915,32.531559180040915,32.2301111099656,32.26360321044922,285000,0.0,0.0,0.0
2021-01-28 00:00:00-05:00,32.431064597638105,32.824626181158635,32.288714438492526,32.67390060424805,231500,0.0,0.0,0.0
2021-01-29 00:00:00-05:00,32.39758217175491,32.44782511542542,31.962152909472156,32.121253967285156,478200,0.0,0.0,0.0
2021-02-01 00:00:00-05:00,32.24687009326123,32.422718872900205,32.18825489814442,32.33060836791992,188200,0.0,0.0,0.0
2021-02-02 00:00:00-05:00,32.57341786816036,32.807878456408524,32.53154716801381,32.69902038574219,183600,0.0,0.0,0.0
2021-02-03 00:00:00-05:00,32.72414927730509,32.78276443481445,32.606915767999844,32.78276443481445,103800,0.0,0.0,0.0
2021-02-04 00:00:00-05:00,32.89999934830679,33.17632753028989,32.89999934830679,33.0842170715332,305600,0.0,0.0,0.0
2021-02-05 00:00:00-05:00,33.184691928020094,33.24330707425248,33.05071399459095,33.13444900512695,191100,0.0,0.0,0.0
2021-02-08 00:00:00-05:00,33.20979723872572,33.35215052739623,33.19304960510069,33.310279846191406,93000,0.0,0.0,0.0
2021-02-09 00:00:00-05:00,33.293562113482075,33.36892493533574,33.15958411844082,33.35218048095703,142000,0.0,0.0,0.0
2021-02-10 00:00:00-05:00,33.39404217781695,33.39404217781695,33.13445846022427,33.268436431884766,188700,0.0,0.0,0.0
2021-02-11 00:00:00-05:00,33.36054646349349,33.511272078986984,33.36054646349349,33.435909271240234,137200,0.0,0.0,0.0
2021-02-12 00:00:00-05:00,33.48616441697304,33.71224972835778,33.444293690735634,33.561527252197266,403500,0.0,0.0,0.0
2021-02-16 00:00:00-05:00,33.636871870702116,33.745729960584406,33.58663213251529,33.66199493408203,325300,0.0,0.0,0.0
2021-02-17 00:00:00-05:00,33.54477994949101,33.846228099235624,33.54477994949101,33.78761291503906,429000,0.0,0.0,0.0
2021-02-18 00:00:00-05:00,33.67037148897511,33.92995521537294,33.61175632402833,33.86296463012695,390400,0.0,0.0,0.0
2021-02-19 00:00:00-05:00,33.92997041591573,34.15605895097768,33.87135522470949,34.08069610595703,620000,0.0,0.0,0.0
2021-02-22 00:00:00-05:00,34.02358000734009,34.359447578302415,34.02358000734009,34.24189376831055,478700,0.112,0.0,0.0
2021-02-23 00:00:00-05:00,34.44341269596464,34.67012496049591,34.2502881453863,34.56096649169922,623400,0.0,0.0,0.0
2021-02-24 00:00:00-05:00,34.76249044486023,35.32507025373961,34.57776121658304,35.18232727050781,1169300,0.0,0.0,0.0
2021-02-25 00:00:00-05:00,35.215926998066294,35.28310245668301,34.54418842740999,34.71212387084961,879200,0.0,0.0,0.0
2021-02-26 00:00:00-05:00,34.61134612417757,34.77088295186792,34.21669851508504,34.225093841552734,1186300,0.0,0.0,0.0
2021-03-01 00:00:00-05:00,34.60296535214853,34.88845464506523,34.48541150267145,34.71212387084961,710800,0.0,0.0,0.0
2021-03-02 00:00:00-05:00,34.77088305443401,35.173925991183125,34.762487727941554,34.98919677734375,687400,0.0,0.0,0.0
2021-03-03 00:00:00-05:00,35.165540539074264,35.23271277917729,34.94722355176121,35.06477737426758,509300,0.0,0.0,0.0
2021-03-04 00:00:00-05:00,34.99759299682603,35.24949441527922,34.65332697754992,34.88003921508789,913000,0.0,0.0,0.0
2021-03-05 00:00:00-05:00,35.16552859889329,35.509794620669716,34.9891947219051,35.467811584472656,1586900,0.0,0.0,0.0
2021-03-08 00:00:00-05:00,35.48460195346982,36.09756644883957,35.48460195346982,35.938026428222656,1130100,0.0,0.0,0.0
2021-03-09 00:00:00-05:00,36.05559238180868,36.23192631691875,35.75331249969441,35.97162628173828,677600,0.0,0.0,0.0
2021-03-10 00:00:00-05:00,36.047189885883576,36.42504366727559,36.047189885883576,36.29909133911133,692400,0.0,0.0,0.0
2021-03-11 00:00:00-05:00,36.383062143757364,36.57618670606058,36.24871127978898,36.3410758972168,605900,0.0,0.0,0.0
2021-03-12 00:00:00-05:00,36.46703412970389,36.55100023016596,36.24871714354024,36.44184494018555,606500,0.0,0.0,0.0
2021-03-15 00:00:00-04:00,36.467028230636714,36.525805132072435,36.14795133491358,36.3410758972168,388700,0.0,0.0,0.0
2021-03-16 00:00:00-04:00,36.341085641615415,36.45024414630874,36.17315342282783,36.38307189941406,271200,0.0,0.0,0.0
2021-03-17 00:00:00-04:00,36.46702636606165,36.693738632765076,36.45023250892428,36.618167877197266,484800,0.0,0.0,0.0
2021-03-18 00:00:00-04:00,36.74412592057713,37.06320287744048,36.7105414012506,36.80290603637695,350500,0.0,0.0,0.0
2021-03-19 00:00:00-04:00,36.75250090788939,36.802882459255386,36.43342415543697,36.71051788330078,490500,0.0,0.0,0.0
2021-03-22 00:00:00-04:00,36.61817625046243,36.651763972417484,36.441845514850606,36.592987060546875,269400,0.0,0.0,0.0
2021-03-23 00:00:00-04:00,36.55100411820164,36.702145677591865,36.341085641615415,36.38307189941406,144500,0.0,0.0,0.0
2021-03-24 00:00:00-04:00,36.46703338623047,36.69374569657765,36.44184419722568,36.46703338623047,183900,0.0,0.0,0.0
2021-03-25 00:00:00-04:00,36.46029690191399,36.780195591413346,36.35927322076204,36.68759536743164,289600,0.112,0.0,0.0
2021-03-26 00:00:00-04:00,36.78019887311066,36.92331416182058,36.72969023941091,36.8980598449707,95000,0.0,0.0,0.0
2021-03-29 00:00:00-04:00,36.73810132358543,36.90647090187206,36.63708086116649,36.805450439453125,226300,0.0,0.0,0.0
2021-03-30 00:00:00-04:00,36.86438528158212,36.956988725209165,36.822293683037955,36.8980598449707,143500,0.0,0.0,0.0
2021-03-31 00:00:00-04:00,36.81384434503457,36.84751888181246,36.47710861139733,36.53603744506836,158800,0.0,0.0,0.0
2021-04-01 00:00:00-04:00,36.58656506502411,36.729680315064336,36.45187005924744,36.72126007080078,135600,0.0,0.0,0.0
2021-04-05 00:00:00-04:00,36.92331012005113,37.0580051474781,36.830706686560816,36.940147399902344,153600,0.0,0.0,0.0
2021-04-06 00:00:00-04:00,37.02431569985169,37.0327359420828,36.855946180425704,36.91487503051758,143900,0.0,0.0,0.0
2021-04-07 00:00:00-04:00,37.00749285951296,37.0495844529396,36.931726706791906,37.024330139160156,63300,0.0,0.0,0.0
2021-04-08 00:00:00-04:00,36.94856119344111,36.99907302856445,36.788611865957584,36.99907302856445,139500,0.0,0.0,0.0
2021-04-09 00:00:00-04:00,37.04117100726032,37.07484556981703,36.96540484719923,37.06642532348633,72000,0.0,0.0,0.0
2021-04-12 00:00:00-04:00,37.10008854253579,37.40315309011686,37.0159053732664,37.3358039855957,206000,0.0,0.0,0.0
2021-04-13 00:00:00-04:00,37.285302514921156,37.285302514921156,37.091678619384766,37.091678619384766,82700,0.0,0.0,0.0
2021-04-14 00:00:00-04:00,37.15903058254711,37.25163402841646,37.024335537114375,37.05801010131836,103600,0.0,0.0,0.0
2021-04-15 00:00:00-04:00,37.150612669467684,37.22637883144499,36.956988746944134,37.167449951171875,182900,0.0,0.0,0.0
2021-04-16 00:00:00-04:00,37.26004670370561,37.31055854410082,37.201117828935935,37.26846694946289,51300,0.0,0.0,0.0
2021-04-19 00:00:00-04:00,37.310557402025374,37.45367267307298,37.10009622389509,37.15060806274414,66500,0.0,0.0,0.0
2021-04-20 00:00:00-04:00,37.015918486324516,37.05801008587035,36.68759951393055,36.78861999511719,97300,0.0,0.0,0.0
2021-04-21 00:00:00-04:00,36.78861164684581,37.04116439819336,36.67075391030912,37.04116439819336,149100,0.0,0.0,0.0
2021-04-22 00:00:00-04:00,37.00749285951296,37.066421732586804,36.84754351993861,37.024330139160156,119700,0.0,0.0,0.0
2021-04-23 00:00:00-04:00,37.01591350206374,37.41999858378269,37.01591350206374,37.39474105834961,118700,0.0,0.0,0.0
2021-04-26 00:00:00-04:00,37.38714447926588,37.61501234151707,37.38714447926588,37.46310043334961,102400,0.111,0.0,0.0
2021-04-27 00:00:00-04:00,37.48842850831418,37.64878180040511,37.38715494765516,37.547508239746094,89100,0.0,0.0,0.0
2021-04-28 00:00:00-04:00,37.60657501220703,37.76692504334124,37.59813367300503,37.60657501220703,80900,0.0,0.0,0.0
2021-04-29 00:00:00-04:00,37.83443983628966,37.89351632824177,37.69096605624356,37.75848388671875,65200,0.0,0.0,0.0
2021-04-30 00:00:00-04:00,37.6740808227708,37.69939839560385,37.53061028414768,37.57280731201172,84700,0.0,0.0,0.0
2021-05-03 00:00:00-04:00,37.150841532206265,37.85976275508913,37.150841532206265,37.69097137451172,169100,0.0,0.0,0.0
2021-05-04 00:00:00-04:00,37.66564443233716,37.71627958032543,37.43777660810893,37.640323638916016,95200,0.0,0.0,0.0
2021-05-05 00:00:00-04:00,37.68252435479411,37.927268418431275,37.657203561059404,37.89351272583008,86700,0.0,0.0,0.0
2021-05-06 00:00:00-04:00,37.85977133142916,37.98636248096794,37.69097991261559,37.969486236572266,106100,0.0,0.0,0.0
2021-05-07 00:00:00-04:00,37.817563085089006,38.16358394246899,37.817563085089006,38.10450744628906,214200,0.0,0.0,0.0
2021-05-10 00:00:00-04:00,38.146707726788414,38.42521077253898,38.079189885741094,38.08763122558594,105900,0.0,0.0,0.0
2021-05-11 00:00:00-04:00,37.87665004818871,38.020120658721936,37.60658507118506,37.826011657714844,493700,0.0,0.0,0.0
2021-05-12 00:00:00-04:00,37.77536430067604,37.876641057584166,37.62345560416927,37.65721130371094,169300,0.0,0.0,0.0
2021-05-13 00:00:00-04:00,37.7078293273557,38.231079411218055,37.7078293273557,38.12136459350586,251400,0.0,0.0,0.0
2021-05-14 00:00:00-04:00,38.247982015852074,38.71215591411948,38.247982015852074,38.636199951171875,160300,0.0,0.0,0.0
2021-05-17 00:00:00-04:00,38.57712364659885,38.78811207593194,38.49272956263679,38.762794494628906,256700,0.0,0.0,0.0
2021-05-18 00:00:00-04:00,38.72903232797488,38.948462078973826,38.72903232797488,38.788108825683594,211400,0.0,0.0,0.0
2021-05-19 00:00:00-04:00,38.518043717889626,38.71215266927937,38.2648582690955,38.653076171875,224800,0.0,0.0,0.0
2021-05-20 00:00:00-04:00,38.65307466470546,38.79654845239861,38.56023925256768,38.7205924987793,248700,0.0,0.0,0.0
2021-05-21 00:00:00-04:00,38.80605012771331,38.932951520083826,38.70453095015878,38.8314323425293,106200,0.111,0.0,0.0
2021-05-25 00:00:00-04:00,39.02599335490746,39.186732244387166,38.882171630859375,38.882171630859375,180100,0.0,0.0,0.0
2021-05-26 00:00:00-04:00,39.05985472528802,39.229055527869306,38.83143735312571,39.1867561340332,219000,0.0,0.0,0.0
2021-05-27 00:00:00-04:00,39.355938770432005,39.50821909974088,39.271336794574076,39.347476959228516,297300,0.0,0.0,0.0
2021-05-28 00:00:00-04:00,39.61819438311953,39.61819438311953,39.254414007096614,39.44899368286133,172100,0.0,0.0,0.0
2021-05-31 00:00:00-04:00,39.53359262469363,39.5420544347297,39.12751287830589,39.22057342529297,352400,0.0,0.0,0.0
2021-06-01 00:00:00-04:00,39.53360125432525,39.61820323697863,39.381320912784815,39.525142669677734,328600,0.0,0.0,0.0
2021-06-02 00:00:00-04:00,39.660497178578126,39.67741757278959,39.38131551494178,39.508216857910156,143000,0.0,0.0,0.0
2021-06-03 00:00:00-04:00,39.48283483441852,39.78739547715406,39.46591766736452,39.67741775512695,220100,0.0,0.0,0.0
2021-06-04 00:00:00-04:00,39.76201731347033,39.80431668644186,39.50821784840588,39.6689567565918,228600,0.0,0.0,0.0
2021-06-07 00:00:00-04:00,39.77046864572371,39.77046864572371,39.55051001003619,39.6097297668457,61000,0.0,0.0,0.0
2021-06-08 00:00:00-04:00,39.56745147705078,39.66897065319311,39.45747048700868,39.56745147705078,130100,0.0,0.0,0.0
2021-06-09 00:00:00-04:00,39.491293855699126,39.49975243862865,39.24595299668798,39.3305549621582,127000,0.0,0.0,0.0
2021-06-10 00:00:00-04:00,39.49976497455738,39.55052616994944,39.23750686645508,39.23750686645508,98900,0.0,0.0,0.0
2021-06-11 00:00:00-04:00,39.32209195906994,39.46591368238865,39.2374932234012,39.3643913269043,69300,0.0,0.0,0.0
2021-06-14 00:00:00-04:00,39.364396950168064,39.3813173451659,39.17827905966266,39.29671859741211,97300,0.0,0.0,0.0
2021-06-15 00:00:00-04:00,39.381324910038,39.65204482753593,39.364404511789886,39.5505256652832,131500,0.0,0.0,0.0
2021-06-16 00:00:00-04:00,39.53360200814421,39.84662128184118,39.53360200814421,39.77048110961914,363700,0.0,0.0,0.0
2021-06-17 00:00:00-04:00,39.83816275737098,39.97352270516677,39.457461895684155,39.51668167114258,338600,0.0,0.0,0.0
2021-06-18 00:00:00-04:00,39.271317072589,39.322078232611595,39.076737466686396,39.127498626708984,348800,0.0,0.0,0.0
2021-06-21 00:00:00-04:00,39.14444662270807,39.49130672609172,39.14444662270807,39.43208694458008,221100,0.0,0.0,0.0
2021-06-22 00:00:00-04:00,39.525143084186766,39.525143084186766,39.229040982648115,39.46592330932617,149000,0.0,0.0,0.0
2021-06-23 00:00:00-04:00,39.44901178137027,39.44901178137027,39.29673140399783,39.398250579833984,117200,0.0,0.0,0.0
2021-06-24 00:00:00-04:00,39.5941276550293,39.60260968266648,39.44996553465408,39.5941276550293,124500,0.111,0.0,0.0
2021-06-25 00:00:00-04:00,39.61958210599465,39.84854839506837,39.551738804811336,39.80614471435547,122600,0.0,0.0,0.0
2021-06-28 00:00:00-04:00,39.84006816841494,39.84006816841494,39.458457669350786,39.56022262573242,318600,0.0,0.0,0.0
2021-06-29 00:00:00-04:00,39.687413091249034,39.73829555549397,39.483889704161115,39.58565139770508,60600,0.0,0.0,0.0
2021-06-30 00:00:00-04:00,39.48388671875,39.56868758446711,39.37364300536122,39.48388671875,95900,0.0,0.0,0.0
2021-07-02 00:00:00-04:00,39.6365301143901,39.81461386999102,39.509325583277665,39.54324722290039,119200,0.0,0.0,0.0
2021-07-05 00:00:00-04:00,39.58563273606621,39.7213160084757,39.492349879732615,39.71283721923828,45500,0.0,0.0,0.0
2021-07-06 00:00:00-04:00,39.75525006997014,39.75525006997014,39.44996180282455,39.55172348022461,167700,0.0,0.0,0.0
2021-07-07 00:00:00-04:00,39.50932318949643,39.62804568603725,39.35667905538811,39.466922760009766,503900,0.0,0.0,0.0
2021-07-08 00:00:00-04:00,39.22948180750882,39.22948180750882,38.7376309113428,39.000518798828125,508700,0.0,0.0,0.0
2021-07-09 00:00:00-04:00,39.19555381192847,39.526281671293766,39.15315015000351,39.34819793701172,748400,0.0,0.0,0.0
2021-07-12 00:00:00-04:00,39.365160833068245,39.58564825903503,39.28035996766296,39.568687438964844,116100,0.0,0.0,0.0
2021-07-13 00:00:00-04:00,39.68742287680799,39.72982332332698,39.36517366035961,39.49237823486328,171400,0.0,0.0,0.0
2021-07-14 00:00:00-04:00,39.483885971033416,39.6365301143901,39.390603079543716,39.54324722290039,129000,0.0,0.0,0.0
2021-07-15 00:00:00-04:00,39.3906023358299,39.68740858956092,39.3906023358299,39.60260772705078,170900,0.0,0.0,0.0
2021-07-16 00:00:00-04:00,39.6789387880938,39.695899611428075,39.24644588043561,39.271888732910156,104900,0.0,0.0,0.0
2021-07-19 00:00:00-04:00,38.941140545580325,38.949622571021045,38.347528162524725,38.525611877441406,294200,0.0,0.0,0.0
2021-07-20 00:00:00-04:00,38.5510598737172,39.01747109117061,38.41537655164083,38.80546569824219,232800,0.0,0.0,0.0
2021-07-21 00:00:00-04:00,39.04291765348982,39.30580229537255,39.01747480415423,39.16164016723633,137900,0.0,0.0,0.0
2021-07-22 00:00:00-04:00,39.161644822276656,39.212527292050225,38.91571773745713,39.05988311767578,169300,0.0,0.0,0.0
2021-07-23 00:00:00-04:00,39.22947504368951,39.49236288584857,39.14467418361005,39.195556640625,172500,0.0,0.0,0.0
2021-07-26 00:00:00-04:00,39.176022251798564,39.3035219935252,39.074024403889126,39.18452072143555,119800,0.107,0.0,0.0
2021-07-27 00:00:00-04:00,39.09952335623578,39.54151835718326,38.98052532568322,39.39701843261719,142700,0.0,0.0,0.0
2021-07-28 00:00:00-04:00,39.4650199663419,39.60951665140697,39.235522370250415,39.54151916503906,163800,0.0,0.0,0.0
2021-07-29 00:00:00-04:00,39.643501616054024,39.87299912299578,39.643501616054024,39.821998596191406,144100,0.0,0.0,0.0
2021-07-30 00:00:00-04:00,39.71151655809712,39.80501593620589,39.45651707509024,39.601016998291016,206400,0.0,0.0,0.0
2021-08-03 00:00:00-04:00,39.60100255568871,39.821998352249985,39.43950575214208,39.71150207519531,187200,0.0,0.0,0.0
2021-08-04 00:00:00-04:00,39.56701576381547,40.0005122814211,39.56701576381547,39.87301254272461,104400,0.0,0.0,0.0
2021-08-05 00:00:00-04:00,39.98350675794052,40.16200377430435,39.97500504718837,40.136505126953125,96300,0.0,0.0,0.0
2021-08-06 00:00:00-04:00,40.27248956061953,40.68048399113936,40.27248956061953,40.60398483276367,220700,0.0,0.0,0.0
2021-08-09 00:00:00-04:00,40.56999287341397,40.731489688948635,40.43399470179211,40.68049240112305,90700,0.0,0.0,0.0
2021-08-10 00:00:00-04:00,40.7484878260838,40.96098516125989,40.69749054081083,40.94398498535156,250800,0.0,0.0,0.0
2021-08-11 00:00:00-04:00,41.0544956591266,41.224494221934435,40.95249781842306,41.1819953918457,105300,0.0,0.0,0.0
2021-08-12 00:00:00-04:00,41.258485686547985,41.258485686547985,40.84198945959922,41.173484802246094,181700,0.0,0.0,0.0
2021-08-13 00:00:00-04:00,41.232990046550086,41.2754921163659,41.07999491653335,41.122493743896484,100200,0.0,0.0,0.0
2021-08-16 00:00:00-04:00,41.045988339471556,41.173484802246094,40.86749134611588,41.173484802246094,123700,0.0,0.0,0.0
2021-08-17 00:00:00-04:00,41.0459941863537,41.09699148174706,40.714498796486275,40.87599563598633,147900,0.0,0.0,0.0
2021-08-18 00:00:00-04:00,40.85048752651196,41.03748297039686,40.76548664978982,40.92698669433594,71500,0.0,0.0,0.0
2021-08-19 00:00:00-04:00,40.71449608073642,40.84199255316815,40.53599583140808,40.74849319458008,264900,0.0,0.0,0.0
2021-08-20 00:00:00-04:00,40.79949179429972,41.13098714633604,40.68899226280352,41.11398696899414,169900,0.0,0.0,0.0
2021-08-23 00:00:00-04:00,41.224489685736735,41.2584900430476,41.13099032435812,41.13949203491211,105700,0.0,0.0,0.0
2021-08-24 00:00:00-04:00,41.16498750101984,41.26698532261894,41.054487969523635,41.11398696899414,333700,0.0,0.0,0.0
2021-08-25 00:00:00-04:00,41.196624188975306,41.52033719552977,41.196624188975306,41.332923889160156,402600,0.107,0.0,0.0
2021-08-26 00:00:00-04:00,41.40104729388405,41.40104729388405,40.9665932755194,40.9836311340332,574700,0.0,0.0,0.0
2021-08-27 00:00:00-04:00,41.02625093768038,41.02625093768038,40.75365152278348,40.8729133605957,155000,0.0,0.0,0.0
2021-08-30 00:00:00-04:00,40.8899499861473,40.8899499861473,40.5747575315703,40.583274841308594,190200,0.0,0.0,0.0
2021-08-31 00:00:00-04:00,40.56623331897333,40.77920178930551,40.27659606933594,40.27659606933594,512600,0.0,0.0,0.0
2021-09-01 00:00:00-04:00,40.302160161531354,40.58327689207816,40.302160161531354,40.45549774169922,124300,0.0,0.0,0.0
2021-09-02 00:00:00-04:00,40.523651123046875,40.59180261162504,40.404389267676926,40.523651123046875,78700,0.0,0.0,0.0
2021-09-03 00:00:00-04:00,40.583263930573615,40.583263930573615,40.31918515434724,40.446964263916016,143700,0.0,0.0,0.0
2021-09-07 00:00:00-04:00,40.549190569801105,40.77919688002704,40.5065975307905,40.57474899291992,129200,0.0,0.0,0.0
2021-09-08 00:00:00-04:00,40.58326341416115,40.694007907423874,40.43844644189789,40.47251892089844,278800,0.0,0.0,0.0
2021-09-09 00:00:00-04:00,40.41290657892828,40.75365752253543,40.41290657892828,40.523651123046875,97000,0.0,0.0,0.0
2021-09-10 00:00:00-04:00,40.642910651532304,40.642910651532304,40.353273340941065,40.39586639404297,90500,0.0,0.0,0.0
2021-09-13 00:00:00-04:00,40.54068899519142,40.71106446699499,40.41290657892828,40.523651123046875,129300,0.0,0.0,0.0
2021-09-14 00:00:00-04:00,40.53216855212673,40.65143039828163,40.26808642875402,40.302162170410156,243100,0.0,0.0,0.0
2021-09-15 00:00:00-04:00,40.2851175017886,40.583272066864645,40.15733511696113,40.532161712646484,246200,0.0,0.0,0.0
2021-09-16 00:00:00-04:00,40.60884094238281,40.71958549661421,40.40439295726252,40.60884094238281,383300,0.0,0.0,0.0
2021-09-17 00:00:00-04:00,40.12325621218939,40.59178941979214,40.12325621218939,40.17436981201172,359500,0.0,0.0,0.0
2021-09-20 00:00:00-04:00,39.83361738330126,39.83361738330126,39.041377740459474,39.51842498779297,621300,0.0,0.0,0.0
2021-09-21 00:00:00-04:00,39.70585443334835,39.90178509681511,39.552516827219236,39.63770294189453,353900,0.0,0.0,0.0
2021-09-22 00:00:00-04:00,39.82510185966281,40.046587627329146,39.76547095107415,39.893253326416016,294100,0.0,0.0,0.0
2021-09-23 00:00:00-04:00,39.99548699478807,40.36179309348761,39.99548699478807,40.302162170410156,231500,0.0,0.0,0.0
2021-09-24 00:00:00-04:00,40.24837112385736,40.36790331445219,40.214218138828,40.28252410888672,168900,0.107,0.0,0.0
2021-09-27 00:00:00-04:00,40.384961576742214,40.57279965260355,40.384961576742214,40.504493713378906,234400,0.0,0.0,0.0
2021-09-28 00:00:00-04:00,40.47035129681142,40.47035129681142,40.05198548615313,40.145904541015625,466900,0.0,0.0,0.0
2021-09-29 00:00:00-04:00,40.24836280508411,40.42766105391792,40.1715202331543,40.1715202331543,157500,0.0,0.0,0.0
2021-09-30 00:00:00-04:00,40.21422175663293,40.3337572149895,39.73609295123954,39.85562515258789,343100,0.0,0.0,0.0
2021-10-01 00:00:00-04:00,39.98368279162125,40.29958967497116,39.69338901159491,40.145904541015625,538800,0.0,0.0,0.0
2021-10-04 00:00:00-04:00,40.051995556052304,40.34228940906451,39.83000767175255,40.02638244628906,235800,0.0,0.0,0.0
2021-10-05 00:00:00-04:00,40.154450816666134,40.48743426800872,40.069071613709305,40.376441955566406,107300,0.0,0.0,0.0
2021-10-06 00:00:00-04:00,40.145921796601826,40.316683491839164,39.992236596589066,40.308143615722656,200600,0.0,0.0,0.0
2021-10-07 00:00:00-04:00,40.5642757454925,40.75211389527627,40.53866263670662,40.649658203125,213700,0.0,0.0,0.0
2021-10-08 00:00:00-04:00,40.589882769068794,40.931402749970935,40.53865330628033,40.88017654418945,183900,0.0,0.0,0.0
2021-10-12 00:00:00-04:00,40.90579467784714,40.90579467784714,40.61550086702493,40.75210952758789,96800,0.0,0.0,0.0
2021-10-13 00:00:00-04:00,40.786252276496796,40.80332876190977,40.35934991219226,40.72648620605469,163800,0.0,0.0,0.0
2021-10-14 00:00:00-04:00,40.88871969865357,41.12778404921837,40.81187712068524,41.0850944519043,171300,0.0,0.0,0.0
2021-10-15 00:00:00-04:00,41.307077575203714,41.51198890545883,41.28146121616667,41.46929931640625,190400,0.0,0.0,0.0
2021-10-18 00:00:00-04:00,41.43516416144368,41.537623127640316,41.28147896915701,41.529083251953125,193400,0.0,0.0,0.0
2021-10-19 00:00:00-04:00,41.614446799969635,41.7510554357686,41.614446799969635,41.742515563964844,148200,0.0,0.0,0.0
2021-10-20 00:00:00-04:00,41.725434272059175,42.02426786764644,41.69982117361122,42.01572799682617,87800,0.0,0.0,0.0
2021-10-21 00:00:00-04:00,41.9901175153212,42.169415729644086,41.96450441527697,42.109649658203125,140100,0.0,0.0,0.0
2021-10-22 00:00:00-04:00,42.11820044440115,42.34872491855244,42.04989448390634,42.3145751953125,113600,0.0,0.0,0.0
2021-10-25 00:00:00-04:00,42.39929100111741,42.579020757435075,42.16820848663226,42.52766799926758,131600,0.119,0.0,0.0
2021-10-26 00:00:00-04:00,42.570490854078834,42.79301308559088,42.49346329993086,42.63895797729492,132200,0.0,0.0,0.0
2021-10-27 00:00:00-04:00,42.62183271015214,42.64751073347904,42.27093019659181,42.288047790527344,374400,0.0,0.0,0.0
2021-10-28 00:00:00-04:00,42.373615712678,42.52767073223485,42.279473880589634,42.433528900146484,171100,0.0,0.0,0.0
2021-10-29 00:00:00-04:00,42.38219580730275,42.424988162628416,41.877238178826026,41.89435577392578,369000,0.0,0.0,0.0
2021-11-01 00:00:00-04:00,42.0911923118577,42.17677700032872,41.92001967006907,42.11686706542969,240100,0.0,0.0,0.0
2021-11-02 00:00:00-04:00,42.12542206968007,42.41641454380248,41.98848462684871,42.322269439697266,190400,0.0,0.0,0.0
2021-11-03 00:00:00-04:00,42.35650501576685,42.71596458226925,42.34794458903325,42.66461181640625,154800,0.0,0.0,0.0
2021-11-04 00:00:00-04:00,42.74164789443083,42.74164789443083,42.35651350027308,42.596153259277344,851300,0.0,0.0,0.0
2021-11-05 00:00:00-04:00,42.74164845412495,43.024083829375705,42.70741653442383,42.70741653442383,250900,0.0,0.0,0.0
2021-11-08 00:00:00-05:00,42.93849205059444,43.041197595107526,42.69885230975712,42.81867218017578,105900,0.0,0.0,0.0
2021-11-09 00:00:00-05:00,42.758762244966455,42.827232607975176,42.60470719304343,42.81867218017578,72400,0.0,0.0,0.0
2021-11-10 00:00:00-05:00,42.77587682042061,42.947049451029756,42.76731965807103,42.81011199951172,116300,0.0,0.0,0.0
2021-11-11 00:00:00-05:00,42.98985025909063,42.98985025909063,42.83579518768672,42.91282272338867,143200,0.0,0.0,0.0
2021-11-12 00:00:00-05:00,42.989842282067485,43.10966214540456,42.878579581177455,43.09254455566406,90700,0.0,0.0,0.0
2021-11-15 00:00:00-05:00,43.135337571188415,43.135337571188415,42.801549488569826,42.84434509277344,80100,0.0,0.0,0.0
2021-11-16 00:00:00-05:00,42.947047145260186,43.10965933994294,42.827227289720675,42.96416473388672,309700,0.0,0.0,0.0
2021-11-17 00:00:00-05:00,43.041197480020024,43.083989824362746,42.73308737699783,42.87858200073242,84500,0.0,0.0,0.0
2021-11-18 00:00:00-05:00,42.90425339197267,42.90425339197267,42.71596318813316,42.75019836425781,285100,0.0,0.0,0.0
2021-11-19 00:00:00-05:00,42.54478316833314,42.66460299907122,42.270908336690226,42.63037109375,372500,0.0,0.0,0.0
2021-11-22 00:00:00-05:00,42.88714555508704,42.97273025001183,42.6988553084363,42.715972900390625,473700,0.0,0.0,0.0
2021-11-23 00:00:00-05:00,42.78373890043236,43.01537373771672,42.766580400709536,42.94674301147461,269600,0.119,0.0,0.0
2021-11-24 00:00:00-05:00,42.85238380262981,43.07543781048173,42.8352252985412,43.04970169067383,43600,0.0,0.0,0.0
2021-11-25 00:00:00-05:00,43.07543134954068,43.264171593556,43.07543134954068,43.247013092041016,53100,0.0,0.0,0.0
2021-11-26 00:00:00-05:00,42.54353765352515,42.54353765352515,42.166060378161276,42.423431396484375,228400,0.0,0.0,0.0
2021-11-29 00:00:00-05:00,42.680795186359255,42.72368980337344,42.12315534722642,42.18320846557617,251100,0.0,0.0,0.0
2021-11-30 00:00:00-05:00,41.92585647240889,41.93443736328635,41.15374319863758,41.222373962402344,602400,0.0,0.0,0.0
2021-12-01 00:00:00-05:00,41.68562678950457,41.90868077105006,41.17946243286133,41.17946243286133,514200,0.0,0.0,0.0
2021-12-02 00:00:00-05:00,41.45398904288446,42.28615833569426,41.393935926150704,42.08884048461914,430300,0.0,0.0,0.0
2021-12-03 00:00:00-05:00,42.217511115507364,42.25182810651172,41.797139429973384,41.960140228271484,446400,0.0,0.0,0.0
2021-12-06 00:00:00-05:00,42.25183484926403,42.423416559019245,42.11457013598963,42.2175178527832,248400,0.0,0.0,0.0
2021-12-07 00:00:00-05:00,42.45773812487383,42.64647508053274,42.45773812487383,42.586421966552734,230700,0.0,0.0,0.0
2021-12-08 00:00:00-05:00,42.61215093323785,42.620731818166774,42.39767462709677,42.50062561035156,111100,0.0,0.0,0.0
2021-12-09 00:00:00-05:00,42.37195588375973,42.50064302924631,42.320483643685144,42.423431396484375,278800,0.0,0.0,0.0
2021-12-10 00:00:00-05:00,42.53496334085475,42.655069607222586,42.46632931855867,42.560699462890625,267900,0.0,0.0,0.0
2021-12-13 00:00:00-05:00,42.526373650421384,42.56069065446713,42.097420917798495,42.32905578613281,364100,0.0,0.0,0.0
2021-12-14 00:00:00-05:00,42.097420924039525,42.646479898254285,42.097420924039525,42.346214294433594,220100,0.0,0.0,0.0
2021-12-15 00:00:00-05:00,42.397691000684986,42.80090765919627,42.32906025799262,42.732276916503906,167700,0.0,0.0,0.0
2021-12-16 00:00:00-05:00,42.87810946153142,43.10974430124107,42.732267121334175,42.75800323486328,293600,0.0,0.0,0.0
2021-12-17 00:00:00-05:00,42.32047603992944,42.81805948293285,42.22610591988151,42.440582275390625,395100,0.0,0.0,0.0
2021-12-20 00:00:00-05:00,42.080267217058044,42.234690480233674,41.780001579022105,42.05453109741211,324900,0.0,0.0,0.0
2021-12-21 00:00:00-05:00,42.440583419763584,42.68937351164896,42.397685529385484,42.56926727294922,152600,0.0,0.0,0.0
2021-12-22 00:00:00-05:00,42.534937475645,42.91241455078125,42.51777898050495,42.91241455078125,131500,0.0,0.0,0.0
2021-12-23 00:00:00-05:00,43.0496800827214,43.36710406741087,43.03252158724516,43.2984733581543,139100,0.0,0.0,0.0
2021-12-24 00:00:00-05:00,43.33280564448923,43.41001727089316,43.33280564448923,43.367122650146484,41200,0.0,0.0,0.0
2021-12-29 00:00:00-05:00,43.778903982251855,43.97622179758387,43.778903982251855,43.8132209777832,207700,0.0,0.0,0.0
2021-12-30 00:00:00-05:00,43.85108439102392,43.94568095133381,43.696285247802734,43.696285247802734,184500,0.124,0.0,0.0
2021-12-31 00:00:00-05:00,43.60167628882311,43.63607682025968,43.3694776225491,43.52427673339844,69700,0.0,0.0,0.0
2022-01-04 00:00:00-05:00,43.91988288633666,44.461679896229576,43.91988288633666,44.28968048095703,259800,0.0,0.0,0.0
2022-01-05 00:00:00-05:00,44.42726676599323,44.57346737575602,44.152069091796875,44.152069091796875,297800,0.0,0.0,0.0
2022-01-06 00:00:00-05:00,44.29827727440775,44.590675284958316,44.22947947931013,44.53907775878906,212000,0.0,0.0,0.0
2022-01-07 00:00:00-05:00,44.59064320896177,44.874442521206845,44.573446233019794,44.78844451904297,205700,0.0,0.0,0.0
2022-01-10 00:00:00-05:00,44.77986818816076,44.90026677182934,44.40147217082876,44.65946960449219,267000,0.0,0.0,0.0
2022-01-11 00:00:00-05:00,44.693866722508005,45.19266128540039,44.693866722508005,45.19266128540039,234800,0.0,0.0,0.0
2022-01-12 00:00:00-05:00,45.25285868944256,45.57105865800312,45.23565842514618,45.3990592956543,174400,0.0,0.0,0.0
2022-01-13 00:00:00-05:00,45.536659322311664,45.811856997033004,45.536659322311664,45.5882568359375,252400,0.0,0.0,0.0
2022-01-14 00:00:00-05:00,45.39906570064606,45.75166296692954,45.24426658075425,45.70866394042969,255300,0.0,0.0,0.0
2022-01-17 00:00:00-05:00,45.75165949925331,46.25905584697128,45.75165949925331,46.21605682373047,87900,0.0,0.0,0.0
2022-01-18 00:00:00-05:00,45.863463505565825,45.958060052537675,45.622663049721176,45.768863677978516,523100,0.0,0.0,0.0
2022-01-19 00:00:00-05:00,45.85485672560081,45.85485672560081,45.07226271093034,45.19266128540039,702200,0.0,0.0,0.0
2022-01-20 00:00:00-05:00,45.209859780463596,45.51085620485484,44.951862376611814,44.9776611328125,462200,0.0,0.0,0.0
2022-01-21 00:00:00-05:00,44.719655416017254,44.77985468970505,44.22085768475909,44.4272575378418,766500,0.0,0.0,0.0
2022-01-24 00:00:00-05:00,43.636096672117425,44.11769120886568,43.137298581209045,44.109092712402344,1217100,0.0,0.0,0.0
2022-01-25 00:00:00-05:00,43.758139153410546,44.568633551667624,43.370135291265804,44.28409957885742,1010000,0.133,0.0,0.0
2022-01-26 00:00:00-05:00,44.741084970741596,44.95664233004496,44.26685943810307,44.465171813964844,1406400,0.0,0.0,0.0
2022-01-27 00:00:00-05:00,44.810064904507925,44.96526646633789,44.32721523557647,44.465171813964844,925100,0.0,0.0,0.0
2022-01-28 00:00:00-05:00,44.51689691691478,44.62036350553264,44.18924888229078,44.59449768066406,467700,0.0,0.0,0.0
2022-01-31 00:00:00-05:00,44.56863545244304,45.249797451798194,44.46516884783974,45.24117660522461,869800,0.0,0.0,0.0
2022-02-01 00:00:00-05:00,45.33600420235565,45.70675966109393,45.24115848231966,45.689517974853516,289600,0.0,0.0,0.0
2022-02-02 00:00:00-05:00,45.84472761517425,46.18099978534552,45.77575098557183,46.07752990722656,234300,0.0,0.0,0.0
2022-02-03 00:00:00-05:00,45.8706102069597,46.02581178059583,45.767143587583774,45.82749938964844,428900,0.0,0.0,0.0
2022-02-04 00:00:00-05:00,45.89647649660563,46.18963466204409,45.836120693939876,46.060298919677734,402000,0.0,0.0,0.0
2022-02-07 00:00:00-05:00,45.85336528263667,46.27585589764611,45.85336528263667,46.10341262817383,198500,0.0,0.0,0.0
2022-02-08 00:00:00-05:00,46.27583745816707,46.76731110558864,46.27583745816707,46.715576171875,149400,0.0,0.0,0.0
2022-02-09 00:00:00-05:00,46.98288284231682,47.09497029944701,46.672479722876396,46.706966400146484,164700,0.0,0.0,0.0
2022-02-10 00:00:00-05:00,46.84492910972056,47.29328554374915,46.76732832514938,46.85354995727539,266400,0.0,0.0,0.0
2022-02-11 00:00:00-05:00,46.88803673398803,47.14670490190226,46.4827878544644,46.646610260009766,357800,0.0,0.0,0.0
2022-02-14 00:00:00-05:00,46.534514924794834,46.560380750463565,45.930953775756386,46.09477615356445,262800,0.0,0.0,0.0
2022-02-15 00:00:00-05:00,46.38793746849283,46.465538240046854,46.198249251806004,46.30171585083008,144400,0.0,0.0,0.0
2022-02-16 00:00:00-05:00,46.14651684984297,46.43967497084725,46.103406038636706,46.28447341918945,235500,0.0,0.0,0.0
2022-02-17 00:00:00-05:00,46.09478581374143,46.12927578129031,45.482603690898394,45.517093658447266,206700,0.0,0.0,0.0
2022-02-18 00:00:00-05:00,45.60330879582046,45.60330879582046,45.24979490163363,45.258419036865234,136400,0.0,0.0,0.0
2022-02-22 00:00:00-05:00,45.12269882124611,45.39066675740136,44.90659394499254,45.34744644165039,463400,0.133,0.0,0.0
2022-02-23 00:00:00-05:00,45.43389672161785,45.43389672161785,44.65591773935588,44.716426849365234,314100,0.0,0.0,0.0
2022-02-24 00:00:00-05:00,43.246915302102394,44.119981020796295,43.246915302102394,44.08540344238281,701200,0.0,0.0,0.0
2022-02-25 00:00:00-05:00,44.4052361846024,45.2437242943995,44.4052361846024,45.096771240234375,397300,0.0,0.0,0.0
2022-02-28 00:00:00-05:00,44.34473614999705,44.759657268304046,44.34473614999705,44.707794189453125,545000,0.0,0.0,0.0
2022-03-01 00:00:00-05:00,44.61269069194972,44.73370889372426,43.73098241080836,43.86928939819336,520100,0.0,0.0,0.0
2022-03-02 00:00:00-05:00,44.05945242846447,44.690478116784405,44.05945242846447,44.560813903808594,464500,0.0,0.0,0.0
2022-03-03 00:00:00-05:00,44.6213511096464,44.78559298924941,44.36202581777321,44.42253494262695,382700,0.0,0.0,0.0
2022-03-04 00:00:00-05:00,44.119980447340815,44.29286503966176,43.9125182770558,44.24964141845703,407300,0.0,0.0,0.0
2022-03-07 00:00:00-05:00,43.86929381068574,44.21506296267598,43.454372806796876,43.54081344604492,564000,0.0,0.0,0.0
2022-03-08 00:00:00-05:00,43.53218086477755,44.059477460798455,43.117259764015145,43.36793899536133,1082800,0.0,0.0,0.0
2022-03-09 00:00:00-05:00,44.05947133465338,44.50032391244744,43.83472037538635,44.24964141845703,486000,0.0,0.0,0.0
2022-03-10 00:00:00-05:00,43.9470872974702,44.37065430130293,43.88657819656533,44.18048095703125,293600,0.0,0.0,0.0
2022-03-11 00:00:00-05:00,44.29286081998344,44.59540635459779,44.15455381880273,44.1631965637207,449000,0.0,0.0,0.0
2022-03-14 00:00:00-04:00,44.41389221679365,44.716437841209824,44.09405450241085,44.27558517456055,433200,0.0,0.0,0.0
2022-03-15 00:00:00-04:00,44.36202279260245,44.41388916644018,43.93845894751025,44.301513671875,555400,0.0,0.0,0.0
2022-03-16 00:00:00-04:00,44.65592014180894,45.18321666954361,44.45710401286788,45.018978118896484,808000,0.0,0.0,0.0
2022-03-17 00:00:00-04:00,44.89794428576085,45.24371337890625,44.872012757899405,45.24371337890625,299500,0.0,0.0,0.0
2022-03-18 00:00:00-04:00,45.11407233719074,45.43391006689933,44.89796736725258,45.330177307128906,346500,0.0,0.0,0.0
2022-03-21 00:00:00-04:00,45.43390215820072,45.51170006573615,45.31288062620149,45.45119094848633,317100,0.0,0.0,0.0
2022-03-22 00:00:00-04:00,45.65000056549874,45.97847764147533,45.624065735027564,45.72779846191406,142700,0.0,0.0,0.0
2022-03-23 00:00:00-04:00,45.459826690478636,45.48575822316175,44.8115119934082,44.8115119934082,275700,0.0,0.0,0.0
2022-03-24 00:00:00-04:00,45.018964746642894,45.03625023315608,44.75099354071107,44.86336898803711,220700,0.0,0.0,0.0
2022-03-25 00:00:00-04:00,44.978649244803535,45.17797618955429,44.88331824818979,45.1259765625,130900,0.133,0.0,0.0
2022-03-28 00:00:00-04:00,45.11731034615532,45.290635819534124,44.92664835827285,45.1346435546875,200800,0.0,0.0,0.0
2022-03-29 00:00:00-04:00,45.48129814082936,45.541962718150955,45.16064204556213,45.23863983154297,166700,0.0,0.0,0.0
2022-03-30 00:00:00-04:00,45.186622453299705,45.186622453299705,44.93529598543544,45.0392951965332,83100,0.0,0.0,0.0
2022-03-31 00:00:00-04:00,45.021972670045244,45.27329919750267,44.41532368534391,44.467323303222656,290000,0.0,0.0,0.0
2022-04-01 00:00:00-04:00,44.735992747512874,44.735992747512874,44.16401000830072,44.41533660888672,222600,0.0,0.0,0.0
2022-04-04 00:00:00-04:00,44.415309205452935,44.701302051592634,44.21598236085705,44.67530059814453,91000,0.0,0.0,0.0
2022-04-05 00:00:00-04:00,44.761980327555875,44.9439740276579,44.59731652710753,44.640647888183594,135300,0.0,0.0,0.0
2022-04-06 00:00:00-04:00,44.38933320012706,44.41533136057357,44.03401068148134,44.190006256103516,241600,0.0,0.0,0.0
2022-04-07 00:00:00-04:00,44.22466673969126,44.22466673969126,43.48802358573331,43.756683349609375,549600,0.0,0.0,0.0
2022-04-08 00:00:00-04:00,43.860684763744906,44.21600730560727,43.82601834357009,43.938682556152344,189600,0.0,0.0,0.0
2022-04-11 00:00:00-04:00,43.8953432212177,44.19866607779448,43.80001223601609,43.834678649902344,155700,0.0,0.0,0.0
2022-04-12 00:00:00-04:00,43.92134635346275,43.930011304930176,43.25403268743838,43.314697265625,474600,0.0,0.0,0.0
2022-04-13 00:00:00-04:00,43.245359555786855,43.297355866699,42.90736700500322,43.254024505615234,261400,0.0,0.0,0.0
2022-04-14 00:00:00-04:00,43.26268494736005,43.50534649489087,43.26268494736005,43.3233528137207,200600,0.0,0.0,0.0
2022-04-18 00:00:00-04:00,43.27137803386523,43.39270722427103,43.12404736982071,43.184715270996094,132900,0.0,0.0,0.0
2022-04-19 00:00:00-04:00,43.30603203916319,43.670019505971574,43.30603203916319,43.635353088378906,84000,0.0,0.0,0.0
2022-04-20 00:00:00-04:00,43.74800323324057,44.05132933073896,43.65267226848309,43.84333419799805,143100,0.0,0.0,0.0
2022-04-21 00:00:00-04:00,43.99066663853627,44.354657337135386,43.57467963011648,43.644012451171875,325200,0.0,0.0,0.0
2022-04-22 00:00:00-04:00,43.64401097972216,43.64401097972216,42.62137504542907,42.64737319946289,192800,0.0,0.0,0.0
2022-04-25 00:00:00-04:00,42.370192602993676,42.535295972857135,41.83144208900921,42.44839859008789,748100,0.131,0.0,0.0
2022-04-26 00:00:00-04:00,42.25722878728629,42.47446726075505,41.64896039861455,41.66633987426758,488200,0.0,0.0,0.0
2022-04-27 00:00:00-04:00,41.73585891675452,41.88358281817451,41.34483227461141,41.44041442871094,571200,0.0,0.0,0.0
2022-04-28 00:00:00-04:00,41.770613495848984,42.309363982972165,41.648960480833686,42.12688446044922,247900,0.0,0.0,0.0
2022-04-29 00:00:00-04:00,41.98784746445837,42.179018361710405,41.59681759044089,41.63157653808594,350100,0.0,0.0,0.0
2022-05-02 00:00:00-04:00,41.70977362298531,41.70977362298531,41.058058410126165,41.52729415893555,481000,0.0,0.0,0.0
2022-05-03 00:00:00-04:00,41.60548982751559,42.1789989404039,41.570730895875286,41.90962219238281,300900,0.0,0.0,0.0
2022-05-04 00:00:00-04:00,41.892240989248684,42.370164677703265,41.744520508094766,42.34409713745117,248900,0.0,0.0,0.0
2022-05-05 00:00:00-04:00,42.30067224541042,42.30067224541042,41.33613297432716,41.55337142944336,372900,0.0,0.0,0.0
2022-05-06 00:00:00-04:00,41.37087773826549,41.49253070105327,41.04067447155964,41.327430725097656,554700,0.0,0.0,0.0
2022-05-09 00:00:00-04:00,40.945095255445786,41.0928191003449,40.66703035130112,40.7973747253418,710800,0.0,0.0,0.0
2022-05-10 00:00:00-04:00,41.02330061457377,41.27529796612832,40.44110326594266,40.63227081298828,888600,0.0,0.0,0.0
2022-05-11 00:00:00-04:00,40.536705017089844,41.11890260011585,40.31946651928078,40.536705017089844,669400,0.0,0.0,0.0
2022-05-12 00:00:00-04:00,40.16303275037369,40.16303275037369,39.52000568714028,39.91972351074219,665100,0.0,0.0,0.0
2022-05-13 00:00:00-04:00,40.21518123127533,40.62359058235665,40.180425598150144,40.48455810546875,317800,0.0,0.0,0.0
2022-05-16 00:00:00-04:00,40.51931295338764,40.79737787902705,40.21517716204771,40.59751892089844,222400,0.0,0.0,0.0
2022-05-17 00:00:00-04:00,41.023302564126496,41.33612642026124,40.87558202917133,41.19709396362305,494000,0.0,0.0,0.0
2022-05-18 00:00:00-04:00,40.92772221879068,40.92772221879068,40.31945721709649,40.43241882324219,335600,0.0,0.0,0.0
2022-05-19 00:00:00-04:00,40.05876957137307,40.614902797759555,39.97187551573542,40.3715934753418,415500,0.0,0.0,0.0
2022-05-20 00:00:00-04:00,40.59752570842882,40.71048732443413,39.893671883153814,40.415042877197266,307100,0.0,0.0,0.0
2022-05-24 00:00:00-04:00,40.88646906545843,40.95618331350293,40.28519863478697,40.842899322509766,251500,0.131,0.0,0.0
2022-05-25 00:00:00-04:00,40.982323917919665,41.31345994315617,40.92132561381798,41.10432052612305,271200,0.0,0.0,0.0
2022-05-26 00:00:00-04:00,41.269880741724,41.71429733034107,41.2611648007596,41.50516128540039,158700,0.0,0.0,0.0
2022-05-27 00:00:00-04:00,41.62716533492137,42.13258030434729,41.62716533492137,42.05415344238281,164500,0.0,0.0,0.0
2022-05-30 00:00:00-04:00,42.271997289694234,42.472424039175316,42.16742926869005,42.39399719238281,73600,0.0,0.0,0.0
2022-05-31 00:00:00-04:00,42.13259595416485,42.42887495117469,41.775318633431745,42.23716735839844,289200,0.0,0.0,0.0
2022-06-01 00:00:00-04:00,42.43757716755614,42.43757716755614,41.94087479269716,42.193580627441406,217800,0.0,0.0,0.0
2022-06-02 00:00:00-04:00,42.08029874676497,42.533431366278215,41.96701476084712,42.524715423583984,169400,0.0,0.0,0.0
2022-06-03 00:00:00-04:00,42.3155716535565,42.3155716535565,41.96700714055856,42.07157516479492,194400,0.0,0.0,0.0
2022-06-06 00:00:00-04:00,42.28944066822375,42.56829103806739,42.167444046936986,42.21101379394531,107000,0.0,0.0,0.0
2022-06-07 00:00:00-04:00,42.05415809534586,42.39401008423264,42.00187573102364,42.34172439575195,240300,0.0,0.0,0.0
2022-06-08 00:00:00-04:00,42.21973403469787,42.21973403469787,41.77531392717027,41.94088363647461,120100,0.0,0.0,0.0
2022-06-09 00:00:00-04:00,41.86245459352984,41.95831003625142,41.48774876697756,41.522605895996094,117900,0.0,0.0,0.0
2022-06-10 00:00:00-04:00,41.04332418240795,41.04332418240795,40.49433941927113,40.598907470703125,455100,0.0,0.0,0.0
2022-06-13 00:00:00-04:00,39.87565045367919,39.988934486478826,39.62294452165473,39.823368072509766,630100,0.0,0.0,0.0
2022-06-14 00:00:00-04:00,39.78848794927719,39.89305597536521,39.352783962393225,39.55320739746094,390800,0.0,0.0,0.0
2022-06-15 00:00:00-04:00,39.75364748892005,40.093496209217626,39.33537188515695,39.76236343383789,628600,0.0,0.0,0.0
2022-06-16 00:00:00-04:00,39.256928382485,39.256928382485,38.50751699644238,38.646942138671875,455300,0.0,0.0,0.0
2022-06-17 00:00:00-04:00,38.742830482375595,39.05653815011312,38.49883710709549,38.69926071166992,471200,0.0,0.0,0.0
2022-06-20 00:00:00-04:00,38.8473806263119,39.22208310831048,38.83866468245228,39.19594192504883,103400,0.0,0.0,0.0
2022-06-21 00:00:00-04:00,39.43122413142556,39.4573653157377,39.16108637161809,39.23080062866211,257500,0.0,0.0,0.0
2022-06-22 00:00:00-04:00,38.85609776296458,39.00423558421284,38.63824567936962,38.751529693603516,418900,0.0,0.0,0.0
2022-06-23 00:00:00-04:00,38.7515383640176,38.8212493178027,37.92369959630119,38.04569625854492,375400,0.0,0.0,0.0
2022-06-24 00:00:00-04:00,38.334988245038105,38.614677811130065,38.3087683901428,38.42238998413086,247800,0.131,0.0,0.0
2022-06-27 00:00:00-04:00,38.67585958935886,38.88562843043439,38.448613067842764,38.73704147338867,247400,0.0,0.0,0.0
2022-06-28 00:00:00-04:00,39.0342099666338,39.30516067725472,38.62341448082587,38.754520416259766,261400,0.0,0.0,0.0
2022-06-29 00:00:00-04:00,38.815707562688125,38.93807134080611,38.50979811739316,38.72830581665039,293500,0.0,0.0,0.0
2022-06-30 00:00:00-04:00,38.247581088228834,38.588455854111565,37.889228642809755,38.518531799316406,347100,0.0,0.0,0.0
2022-07-04 00:00:00-04:00,38.59719845641103,38.94681209614296,38.59719845641103,38.67586135864258,181300,0.0,0.0,0.0
2022-07-05 00:00:00-04:00,38.413649051286114,38.55349382671398,37.9941147250025,38.518531799316406,408800,0.0,0.0,0.0
2022-07-06 00:00:00-04:00,38.44861107868369,38.570974840412774,38.168918193665505,38.518531799316406,280300,0.0,0.0,0.0
2022-07-07 00:00:00-04:00,38.69333262166578,39.24397279850166,38.69333262166578,39.086647033691406,180300,0.0,0.0,0.0
2022-07-08 00:00:00-04:00,39.10412628998716,39.3138917442135,38.94680053223651,39.1478271484375,129300,0.0,0.0,0.0
2022-07-11 00:00:00-04:00,39.025465192691414,39.051685042126245,38.7632533616954,38.85065841674805,145500,0.0,0.0,0.0
2022-07-12 00:00:00-04:00,38.728299125668784,39.03420851811263,38.597193195100104,38.780738830566406,202100,0.0,0.0,0.0
2022-07-13 00:00:00-04:00,38.44861319979544,38.44861319979544,37.86301087814836,38.343727111816406,350200,0.0,0.0,0.0
2022-07-14 00:00:00-04:00,37.98537978545209,37.98537978545209,37.085129080566034,37.12882995605469,798700,0.0,0.0,0.0
2022-07-15 00:00:00-04:00,37.46970104299245,37.46970104299245,37.09386751640589,37.32111740112305,428300,0.0,0.0,0.0
2022-07-18 00:00:00-04:00,37.62701589254221,38.04655017185042,37.62701589254221,37.72315979003906,408700,0.0,0.0,0.0
2022-07-19 00:00:00-04:00,37.99412363601365,38.68460550116564,37.99412363601365,38.57098388671875,391200,0.0,0.0,0.0
2022-07-20 00:00:00-04:00,38.5272724771825,38.81570085660637,38.413647559633795,38.780738830566406,256700,0.0,0.0,0.0
2022-07-21 00:00:00-04:00,38.78947654529216,38.86813942775858,38.509787037447545,38.85065841674805,154200,0.0,0.0,0.0
2022-07-22 00:00:00-04:00,38.88561933189132,39.02546408183295,38.614668670183605,38.76325225830078,265500,0.0,0.0,0.0
2022-07-25 00:00:00-04:00,38.86843542772634,39.113830312026224,38.83338188129122,39.017425537109375,248100,0.12,0.0,0.0
2022-07-26 00:00:00-04:00,38.87719280360897,39.052473870215884,38.631801316284246,38.71067428588867,189800,0.0,0.0,0.0
2022-07-27 00:00:00-04:00,38.86842033084714,39.289096156764,38.79830992199947,39.12257766723633,430000,0.0,0.0,0.0
2022-07-28 00:00:00-04:00,39.10506118332901,39.464385914436285,38.91225499265281,39.35921859741211,300400,0.0,0.0,0.0
2022-07-29 00:00:00-04:00,39.508198179299306,39.99021854251239,39.508198179299306,39.84122848510742,145500,0.0,0.0,0.0
2022-08-02 00:00:00-04:00,39.56077975957664,39.727298254035865,39.3592077312593,39.55201721191406,426900,0.0,0.0,0.0
2022-08-03 00:00:00-04:00,39.709786018704186,40.121692791076086,39.657200681648355,40.00776290893555,284500,0.0,0.0,0.0
2022-08-04 00:00:00-04:00,40.00775136905851,40.03404235839844,39.849998746602516,40.03404235839844,198700,0.0,0.0,0.0
2022-08-05 00:00:00-04:00,40.03404244651505,40.13920974731445,39.8061760610401,40.13920974731445,325600,0.0,0.0,0.0
2022-08-08 00:00:00-04:00,40.183024975692774,40.24437284001168,39.981452943900955,40.025272369384766,608800,0.0,0.0,0.0
2022-08-09 00:00:00-04:00,40.00774305322354,40.00774305322354,39.727294747863034,39.82369613647461,267300,0.0,0.0,0.0
2022-08-10 00:00:00-04:00,40.15673937489097,40.691345129835554,40.15673937489097,40.586177825927734,317200,0.0,0.0,0.0
2022-08-11 00:00:00-04:00,40.84909439060998,41.03313799308228,40.83156595086861,40.892913818359375,184400,0.0,0.0,0.0
2022-08-12 00:00:00-04:00,41.14706831828572,41.392459771183404,41.03313513949416,41.331111907958984,246300,0.0,0.0,0.0
2022-08-15 00:00:00-04:00,41.2960631018424,41.50640106201172,41.20842423531012,41.50640106201172,128500,0.0,0.0,0.0
2022-08-16 00:00:00-04:00,41.43628025486847,41.92706651641463,41.43628025486847,41.83066177368164,258400,0.0,0.0,0.0
2022-08-17 00:00:00-04:00,41.61154988998717,41.78683088841446,41.541439496540434,41.743011474609375,337200,0.0,0.0,0.0
2022-08-18 00:00:00-04:00,41.786846063026736,41.962127125106164,41.66415032253359,41.856956481933594,199800,0.0,0.0,0.0
2022-08-19 00:00:00-04:00,41.69920655803221,41.69920655803221,41.33987854756775,41.515159606933594,445800,0.0,0.0,0.0
2022-08-22 00:00:00-04:00,41.06820663437905,41.09449762991675,40.770229759852185,40.94551086425781,514800,0.0,0.0,0.0
2022-08-23 00:00:00-04:00,40.77898352220977,40.8403313940491,40.4810067119009,40.542354583740234,397200,0.0,0.0,0.0
2022-08-24 00:00:00-04:00,40.21808997950901,40.31449474097689,39.98146102223564,40.11292266845703,428800,0.0,0.0,0.0
2022-08-25 00:00:00-04:00,40.26229592928923,40.719223307143665,40.26229592928923,40.42924880981445,72800,0.12,0.0,0.0
2022-08-26 00:00:00-04:00,40.55228372741941,40.68408761780261,39.99869800221721,40.077781677246094,242700,0.0,0.0,0.0
2022-08-29 00:00:00-04:00,39.726289653019656,39.9108170722979,39.603271373500824,39.87567138671875,250200,0.0,0.0,0.0
2022-08-30 00:00:00-04:00,39.91083169064353,39.96355526631867,39.348460291433796,39.418758392333984,500500,0.0,0.0,0.0
2022-08-31 00:00:00-04:00,39.33965437104172,39.37480340332407,38.9969596862793,38.9969596862793,390400,0.0,0.0,0.0
2022-09-01 00:00:00-04:00,38.78606160618813,38.7948505386166,38.25883962832972,38.71576690673828,506100,0.0,0.0,0.0
2022-09-02 00:00:00-04:00,39.067258092590976,39.48903646386902,38.865156165853364,38.98817443847656,486900,0.0,0.0,0.0
2022-09-06 00:00:00-04:00,39.09362252899149,39.102408112115704,38.46973886328075,38.68062973022461,577200,0.0,0.0,0.0
2022-09-07 00:00:00-04:00,38.6191190048319,39.137555539760804,38.487311799410676,39.040897369384766,328100,0.0,0.0,0.0
2022-09-08 00:00:00-04:00,38.98816776007953,39.691131591796875,38.91787305290577,39.691131591796875,579500,0.0,0.0,0.0
2022-09-09 00:00:00-04:00,39.98111131086006,40.42924976496051,39.98111131086006,40.367740631103516,663800,0.0,0.0,0.0
2022-09-12 00:00:00-04:00,40.65772772965462,40.91255327856777,40.60500416201821,40.815895080566406,450800,0.0,0.0,0.0
2022-09-13 00:00:00-04:00,40.27988770635855,40.376545913554075,39.94597845022793,40.060211181640625,526900,0.0,0.0,0.0
2022-09-14 00:00:00-04:00,40.20957312792292,40.306231295499074,39.945962076712924,40.139278411865234,333600,0.0,0.0,0.0
2022-09-15 00:00:00-04:00,40.086561934846806,40.51712929766868,40.086561934846806,40.165645599365234,496700,0.0,0.0,0.0
2022-09-16 00:00:00-04:00,39.858096659629304,39.92839138241697,39.67356924131541,39.893245697021484,611600,0.0,0.0,0.0
2022-09-19 00:00:00-04:00,39.629634799692575,40.18322045595705,39.541765550379424,40.1568603515625,292500,0.0,0.0,0.0
2022-09-20 00:00:00-04:00,39.989901568651995,39.989901568651995,39.49782844026751,39.80537414550781,258100,0.0,0.0,0.0
2022-09-21 00:00:00-04:00,39.972329918520444,39.972329918520444,39.33966064453125,39.33966064453125,570900,0.0,0.0,0.0
2022-09-22 00:00:00-04:00,39.40117032042466,39.506614083523935,39.014540954396146,39.03211212158203,222100,0.0,0.0,0.0
2022-09-23 00:00:00-04:00,38.62680881864895,38.64443094126834,38.01004797127531,38.30080795288086,609300,0.12,0.0,0.0
2022-09-26 00:00:00-04:00,38.10697909387759,38.47703369372651,38.027681199470365,38.23914337158203,305800,0.0,0.0,0.0
2022-09-27 00:00:00-04:00,38.44178149343193,38.49464450010478,37.77215427958196,37.91312789916992,489600,0.0,0.0,0.0
2022-09-28 00:00:00-04:00,37.78097339923237,38.556326757315745,37.67524064588546,38.40654373168945,632600,0.0,0.0,0.0
2022-09-29 00:00:00-04:00,38.13340884399405,38.13340884399405,37.63118998963305,38.027679443359375,544700,0.0,0.0,0.0
2022-09-30 00:00:00-04:00,38.07173894468042,38.53871697814674,37.9924410417203,38.01006317138672,256200,0.0,0.0,0.0
2022-10-03 00:00:00-04:00,38.212709515803084,38.82066117612161,38.15984649217698,38.582767486572266,563700,0.0,0.0,0.0
2022-10-04 00:00:00-04:00,39.129025949079825,39.73697402973938,39.129025949079825,39.63124465942383,795700,0.0,0.0,0.0
2022-10-05 00:00:00-04:00,39.24357329813987,39.37573418840285,39.12022178946382,39.29643630981445,367300,0.0,0.0,0.0
2022-10-06 00:00:00-04:00,38.98805240247475,39.09378177297338,38.186264340618315,38.3448600769043,745700,0.0,0.0,0.0
2022-10-07 00:00:00-04:00,38.08934017374037,38.08934017374037,37.2875521998065,37.44614791870117,432500,0.0,0.0,0.0
2022-10-11 00:00:00-04:00,37.0849086827454,37.11134018635161,36.52101419863798,36.59149932861328,599000,0.0,0.0,0.0
2022-10-12 00:00:00-04:00,36.56506429507418,36.84701150990916,36.41528130766381,36.65317153930664,454400,0.0,0.0,0.0
2022-10-13 00:00:00-04:00,36.283111796535316,37.8602561105876,36.03640885974964,37.66641616821289,1153500,0.0,0.0,0.0
2022-10-14 00:00:00-04:00,38.010046752307645,38.18626461177404,37.56069440369062,37.56950378417969,629700,0.0,0.0,0.0
2022-10-17 00:00:00-04:00,37.957185457050805,38.33604933451723,37.957185457050805,38.133399963378906,349100,0.0,0.0,0.0
2022-10-18 00:00:00-04:00,38.63564201019667,38.785428464235295,38.371316730157176,38.48585891723633,399900,0.0,0.0,0.0
2022-10-19 00:00:00-04:00,38.30961852938526,38.30961852938526,37.73691465122277,38.00123977661133,467600,0.0,0.0,0.0
2022-10-20 00:00:00-04:00,38.00123477147867,38.10696413549324,37.44614972851937,37.560691833496094,338600,0.0,0.0,0.0
2022-10-21 00:00:00-04:00,37.51664490792785,38.09816155541159,37.36685853452027,38.018863677978516,645000,0.0,0.0,0.0
2022-10-24 00:00:00-04:00,38.28318812552567,38.34486387785317,38.02767237383948,38.24794387817383,384900,0.0,0.0,0.0
2022-10-25 00:00:00-04:00,38.173721705278716,38.650894027174154,38.12953983196118,38.61554718017578,230500,0.126,0.0,0.0
2022-10-26 00:00:00-04:00,38.500656411057086,39.075030649978636,38.47414797170548,38.7215690612793,227000,0.0,0.0,0.0
2022-10-27 00:00:00-04:00,38.91599280385694,39.19876086839222,38.801117224245345,38.93366622924805,339900,0.0,0.0,0.0
2022-10-28 00:00:00-04:00,39.013191433665945,39.33130294938435,38.95133613581562,39.29595947265625,315200,0.0,0.0,0.0
2022-10-31 00:00:00-04:00,39.23409234256689,39.446166622421686,39.11921680797727,39.14572525024414,238200,0.0,0.0,0.0
2022-11-01 00:00:00-04:00,39.534537816731586,39.64057496766109,39.18107615248625,39.26060485839844,213600,0.0,0.0,0.0
2022-11-02 00:00:00-04:00,39.23410771917444,39.56989268902182,38.91599280385694,38.93366622924805,688500,0.0,0.0,0.0
2022-11-03 00:00:00-04:00,38.76575865916652,38.92481606876106,38.597866224976826,38.80110549926758,501700,0.0,0.0,0.0
2022-11-04 00:00:00-04:00,39.110393921164466,39.58756629633351,39.110393921164466,39.50803756713867,599800,0.0,0.0,0.0
2022-11-07 00:00:00-05:00,39.66709919432923,39.76430135921183,39.51688011831911,39.72011947631836,99400,0.0,0.0,0.0
2022-11-08 00:00:00-05:00,39.764289669187505,39.994037415208595,39.65825250724397,39.77312469482422,232700,0.0,0.0,0.0
2022-11-09 00:00:00-05:00,39.67593325076306,39.67593325076306,39.24294275573144,39.28712463378906,318200,0.0,0.0,0.0
2022-11-10 00:00:00-05:00,40.02937780746559,40.76280953893889,40.02937780746559,40.60375213623047,556600,0.0,0.0,0.0
2022-11-11 00:00:00-05:00,40.75397497111954,40.99256109758808,40.586082528431476,40.877685546875,296600,0.0,0.0,0.0
2022-11-14 00:00:00-05:00,40.85118874997844,40.85118874997844,40.6037675279131,40.63911437988281,370000,0.0,0.0,0.0
2022-11-15 00:00:00-05:00,41.0190696021116,41.08976328599296,40.45353361450226,40.72746658325195,383800,0.0,0.0,0.0
2022-11-16 00:00:00-05:00,40.61258723357347,40.647934072207896,40.40934796771564,40.62142562866211,204800,0.0,0.0,0.0
2022-11-17 00:00:00-05:00,40.38283952416985,40.630260652890684,40.32981926621822,40.62142562866211,85700,0.0,0.0,0.0
2022-11-18 00:00:00-05:00,40.86884700571858,41.00139596597305,40.78048327945566,40.84233856201172,244400,0.0,0.0,0.0
2022-11-21 00:00:00-05:00,40.7945011672152,40.93627166748047,40.70589249200232,40.93627166748047,166700,0.126,0.0,0.0
2022-11-22 00:00:00-05:00,40.98057083893803,41.37043883657874,40.98057083893803,41.308414459228516,156900,0.0,0.0,0.0
2022-11-23 00:00:00-05:00,41.388150863229605,41.57422395164,41.27296469235132,41.45903778076172,152400,0.0,0.0,0.0
2022-11-24 00:00:00-05:00,41.50335055399803,41.7248671552939,41.441326176041194,41.54765319824219,105600,0.0,0.0,0.0
2022-11-25 00:00:00-05:00,41.627390613028766,41.8223262630668,41.627390613028766,41.689414978027344,130000,0.0,0.0,0.0
2022-11-28 00:00:00-05:00,41.56537472638519,41.79575050336049,41.11348234920956,41.255252838134766,271100,0.0,0.0,0.0
2022-11-29 00:00:00-05:00,41.23752719416033,41.31727329787352,40.936264511252126,41.281829833984375,225500,0.0,0.0,0.0
2022-11-30 00:00:00-05:00,41.27297980153832,41.60082346495547,40.847664900795166,41.59196090698242,326500,0.0,0.0,0.0
2022-12-01 00:00:00-05:00,41.65398944212009,41.75145730908047,41.30842400840665,41.61854934692383,363900,0.0,0.0,0.0
2022-12-02 00:00:00-05:00,41.32612910288592,41.70713785842889,41.31726992767365,41.52106475830078,104400,0.0,0.0,0.0
2022-12-05 00:00:00-05:00,41.3172830517594,41.32614222978572,40.95399591132037,41.13120651245117,244000,0.0,0.0,0.0
2022-12-06 00:00:00-05:00,41.1312073527597,41.1312073527597,40.484379181206066,40.72361755371094,263100,0.0,0.0,0.0
2022-12-07 00:00:00-05:00,40.6261469780611,40.88310706988392,40.57298515221872,40.581844329833984,143200,0.0,0.0,0.0
2022-12-08 00:00:00-05:00,40.63500805457196,40.68816987847654,40.37804797211555,40.484375,309300,0.0,0.0,0.0
2022-12-09 00:00:00-05:00,40.431203586494235,40.75018797456511,40.431203586494235,40.60841751098633,153900,0.0,0.0,0.0
2022-12-12 00:00:00-05:00,40.65272372594752,40.65272372594752,40.22741229776894,40.55525588989258,347000,0.0,0.0,0.0
2022-12-13 00:00:00-05:00,40.79450234237644,40.89197019788068,39.84641146077684,40.01476287841797,555000,0.0,0.0,0.0
2022-12-14 00:00:00-05:00,40.005894139440635,40.085640240332815,39.616022810601265,39.67804718017578,486400,0.0,0.0,0.0
2022-12-15 00:00:00-05:00,39.36794022555844,39.403383701602365,39.05781826036389,39.30591583251953,257800,0.0,0.0,0.0
2022-12-16 00:00:00-05:00,38.986920691948285,39.30590512933077,38.986920691948285,39.137550354003906,127400,0.0,0.0,0.0
2022-12-19 00:00:00-05:00,39.172994831207234,39.261603499474916,38.667937252344245,38.78312683105469,125300,0.0,0.0,0.0
2022-12-20 00:00:00-05:00,38.836293677007475,39.27046433964653,38.836293677007475,39.06666946411133,552500,0.0,0.0,0.0
2022-12-21 00:00:00-05:00,39.2527381215037,39.5540008118118,39.2527381215037,39.44767379760742,319800,0.0,0.0,0.0
2022-12-22 00:00:00-05:00,39.27045672187991,39.27045672187991,38.80084268152923,39.17298889160156,231400,0.0,0.0,0.0
2022-12-23 00:00:00-05:00,39.164146653592674,39.44768771153104,39.164146653592674,39.42996597290039,111300,0.0,0.0,0.0
2022-12-28 00:00:00-05:00,39.35906963159219,39.49198094958591,38.97806417216567,39.06666946411133,267700,0.0,0.0,0.0
2022-12-29 00:00:00-05:00,39.17242254527606,39.607867249644016,39.17242254527606,39.56343460083008,90900,0.129,0.0,0.0
2022-12-30 00:00:00-05:00,39.36791460459383,39.439009532526406,39.083541672849016,39.20795440673828,42100,0.0,0.0,0.0
2023-01-03 00:00:00-05:00,39.54567075666466,39.732289962367055,39.35016298497949,39.46569061279297,133800,0.0,0.0,0.0
2023-01-04 00:00:00-05:00,39.58119388704432,40.12328081863941,39.58119388704432,39.98109436035156,258900,0.0,0.0,0.0
2023-01-05 00:00:00-05:00,39.85668967945529,39.874463415590284,39.5367725990061,39.732276916503906,200000,0.0,0.0,0.0
2023-01-06 00:00:00-05:00,39.892233313660796,40.17660628447379,39.82114176595415,40.15883255004883,174600,0.0,0.0,0.0
2023-01-09 00:00:00-05:00,40.221037441898275,40.469866324675955,40.18549336435268,40.24769973754883,183400,0.0,0.0,0.0
2023-01-10 00:00:00-05:00,40.27436878921412,40.389896392822266,40.167729749726426,40.389896392822266,218500,0.0,0.0,0.0
2023-01-11 00:00:00-05:00,40.380994926716646,40.72757762680568,40.380994926716646,40.6564826965332,258200,0.0,0.0,0.0
2023-01-12 00:00:00-05:00,40.79868553912875,41.12749124860276,40.6831579260725,41.00307846069336,188400,0.0,0.0,0.0
2023-01-13 00:00:00-05:00,40.878654041133345,41.402967348130225,40.878654041133345,41.37630844116211,260200,0.0,0.0,0.0
2023-01-16 00:00:00-05:00,41.269666873157604,41.53626950823725,41.269666873157604,41.482948303222656,70500,0.0,0.0,0.0
2023-01-17 00:00:00-05:00,41.4385134382346,41.65179146686758,41.38519223607978,41.5806999206543,227700,0.0,0.0,0.0
2023-01-18 00:00:00-05:00,41.58958360266621,41.87395655731746,41.420738220214844,41.420738220214844,193300,0.0,0.0,0.0
2023-01-19 00:00:00-05:00,41.24300479985997,41.385191278991414,41.07415941526421,41.287437438964844,309700,0.0,0.0,0.0
2023-01-20 00:00:00-05:00,41.37631677280841,41.545162200927734,41.1630353041368,41.545162200927734,120000,0.0,0.0,0.0
2023-01-23 00:00:00-05:00,41.64290978149833,41.83841748244223,41.41185460947491,41.7673225402832,85500,0.0,0.0,0.0
2023-01-24 00:00:00-05:00,41.714000591928524,41.81175444066227,41.58958783535589,41.776206970214844,215300,0.0,0.0,0.0
2023-01-25 00:00:00-05:00,41.623827770452614,41.97136079857259,41.55254060025128,41.91789627075195,509800,0.129,0.0,0.0
2023-01-26 00:00:00-05:00,41.944617212894165,42.345618059917356,41.944617212894165,42.318885803222656,365100,0.0,0.0,0.0
2023-01-27 00:00:00-05:00,42.40801164164632,42.40801164164632,42.15850141987712,42.28325653076172,216400,0.0,0.0,0.0
2023-01-30 00:00:00-05:00,42.15848729861819,42.30106500606067,42.122842021927404,42.149574279785156,101200,0.0,0.0,0.0
2023-01-31 00:00:00-05:00,42.22978517293717,42.58623123168945,42.08720742930057,42.58623123168945,224500,0.0,0.0,0.0
2023-02-01 00:00:00-05:00,42.55949745521676,42.728810870327756,42.35454215210707,42.57732009887695,423700,0.0,0.0,0.0
2023-02-02 00:00:00-05:00,42.746637317849064,42.96941528444311,42.577323887671504,42.81792449951172,204500,0.0,0.0,0.0
2023-02-03 00:00:00-05:00,42.78226971835211,43.14762536654427,42.78226971835211,42.98722839355469,308300,0.0,0.0,0.0
2023-02-06 00:00:00-05:00,42.81792261553776,42.81792261553776,42.550589747251855,42.74663543701172,273800,0.0,0.0,0.0
2023-02-07 00:00:00-05:00,42.550582939819485,43.174361798906226,42.550582939819485,43.11198425292969,413400,0.0,0.0,0.0
2023-02-08 00:00:00-05:00,43.0228752286268,43.23674354943061,42.969410697917084,43.09416580200195,125000,0.0,0.0,0.0
2023-02-09 00:00:00-05:00,43.31695449992048,43.486264554741744,42.94268569541757,43.04962158203125,147200,0.0,0.0,0.0
2023-02-10 00:00:00-05:00,42.85356634625266,43.04069900731623,42.77336614875088,42.96049880981445,147600,0.0,0.0,0.0
2023-02-13 00:00:00-05:00,42.98723296526106,43.29912072274522,42.98723296526106,43.19218826293945,103600,0.0,0.0,0.0
2023-02-14 00:00:00-05:00,43.192170299905236,43.37930287656985,42.92483416258985,43.138702392578125,356400,0.0,0.0,0.0
2023-02-15 00:00:00-05:00,42.96049692411239,43.12981033325195,42.907032394339126,43.12981033325195,129600,0.0,0.0,0.0
2023-02-16 00:00:00-05:00,42.9872276240158,43.35258326566752,42.97831460386851,43.16544723510742,266700,0.0,0.0,0.0
2023-02-17 00:00:00-05:00,42.987229176325435,43.35258483117049,42.987229176325435,43.27238464355469,251800,0.0,0.0,0.0
2023-02-21 00:00:00-05:00,43.05851514349234,43.07633778461265,42.56840441030835,42.68424987792969,518200,0.0,0.0,0.0
2023-02-22 00:00:00-05:00,42.62973881019433,42.62973881019433,42.36168411800066,42.45103454589844,297000,0.129,0.0,0.0
2023-02-23 00:00:00-05:00,42.549332768035434,42.576140629950494,42.120444470907756,42.236602783203125,375800,0.0,0.0,0.0
2023-02-24 00:00:00-05:00,42.048954211858096,42.45103454589844,41.91492516151109,42.45103454589844,238300,0.0,0.0,0.0
2023-02-27 00:00:00-05:00,42.57614431476505,42.790586777637536,42.41531076335995,42.4957275390625,224200,0.0,0.0,0.0
2023-02-28 00:00:00-05:00,42.343814508491334,42.37955604402783,42.15617655967537,42.33488082885742,380100,0.0,0.0,0.0
2023-03-01 00:00:00-05:00,42.09363153638738,42.29020657781919,41.76303084638883,42.15617752075195,293400,0.0,0.0,0.0
2023-03-02 00:00:00-05:00,42.0042860749268,42.04896470852915,41.72729763419895,42.0400276184082,289200,0.0,0.0,0.0
2023-03-03 00:00:00-05:00,42.23659798763966,42.504652716846756,42.174051997774704,42.41530227661133,212900,0.0,0.0,0.0
2023-03-06 00:00:00-05:00,42.486788842976864,42.728039160969956,42.343826070295925,42.4063720703125,168200,0.0,0.0,0.0
2023-03-07 00:00:00-05:00,42.50465680482408,42.50465680482408,41.70048913135943,41.897064208984375,436400,0.0,0.0,0.0
2023-03-08 00:00:00-05:00,41.91493225097656,42.111507315800665,41.78984026736156,41.91493225097656,180200,0.0,0.0,0.0
2023-03-09 00:00:00-05:00,41.87919570515421,41.87919570515421,41.0482235337464,41.14651107788086,950600,0.0,0.0,0.0
2023-03-10 00:00:00-05:00,40.91419639060423,40.91419639060423,40.13683315578604,40.26192855834961,1692900,0.0,0.0,0.0
2023-03-13 00:00:00-04:00,39.55603865486078,39.68113061807126,38.957379877138735,39.43988037109375,1697100,0.0,0.0,0.0
2023-03-14 00:00:00-04:00,40.16364204803919,40.25299250080406,39.53817865318127,39.75262451171875,903600,0.0,0.0,0.0
2023-03-15 00:00:00-04:00,39.073543421893646,39.073543421893646,38.644655172353524,39.0020637512207,1094100,0.0,0.0,0.0
2023-03-16 00:00:00-04:00,38.80549431767789,39.60072494201715,38.51063168609072,39.23438262939453,1282400,0.0,0.0,0.0
2023-03-17 00:00:00-04:00,39.00207700575247,39.00207700575247,38.42128871984243,38.51063919067383,1157800,0.0,0.0,0.0
2023-03-20 00:00:00-04:00,38.60891646015301,38.92164984168891,38.60891646015301,38.725074768066406,346600,0.0,0.0,0.0
2023-03-21 00:00:00-04:00,39.216504782950054,39.4130798352157,39.180763244628906,39.180763244628906,410900,0.0,0.0,0.0
2023-03-22 00:00:00-04:00,39.29635687637405,39.35012735436637,38.86620330810547,38.86620330810547,309000,0.129,0.0,0.0
2023-03-23 00:00:00-04:00,38.94686913017745,39.099217154758136,38.48983189355081,38.588409423828125,488600,0.0,0.0,0.0
2023-03-24 00:00:00-04:00,38.30163380184176,38.64216995239258,38.12240226975562,38.64216995239258,320700,0.0,0.0,0.0
2023-03-27 00:00:00-04:00,39.0633768917774,39.0633768917774,38.76764424997101,38.93791580200195,256300,0.0,0.0,0.0
2023-03-28 00:00:00-04:00,38.9558281358625,39.03648215881995,38.71386606699012,38.90205764770508,183400,0.0,0.0,0.0
2023-03-29 00:00:00-04:00,39.1260950655363,39.30532660221283,39.08128803600647,39.28740310668945,476200,0.0,0.0,0.0
2023-03-30 00:00:00-04:00,39.52040441418598,39.627945394680985,39.368059819654256,39.4755973815918,301400,0.0,0.0,0.0
2023-03-31 00:00:00-04:00,39.618993800230115,39.81614890494807,39.618993800230115,39.79822540283203,234800,0.0,0.0,0.0
2023-04-03 00:00:00-04:00,40.07603004507151,40.111873626708984,39.869914921784165,40.111873626708984,329800,0.0,0.0,0.0
2023-04-04 00:00:00-04:00,40.32695853321929,40.37176558121114,39.64588251549072,39.8161506652832,244400,0.0,0.0,0.0
2023-04-05 00:00:00-04:00,39.52935994817441,39.70859146118164,39.42182240779278,39.70859146118164,223400,0.0,0.0,0.0
2023-04-06 00:00:00-04:00,39.610016406217554,39.76236097962753,39.55624592342504,39.735477447509766,130700,0.0,0.0,0.0
2023-04-10 00:00:00-04:00,39.556256455820154,39.91471959943533,39.556256455820154,39.88783264160156,160200,0.0,0.0,0.0
2023-04-11 00:00:00-04:00,40.00433887676355,40.22837751600937,40.00433887676355,40.138763427734375,248200,0.0,0.0,0.0
2023-04-12 00:00:00-04:00,40.30903156288019,40.44345611385102,40.067069422267714,40.138763427734375,173500,0.0,0.0,0.0
2023-04-13 00:00:00-04:00,40.17460165803139,40.335906297992594,40.05810063386614,40.32694625854492,127700,0.0,0.0,0.0
2023-04-14 00:00:00-04:00,40.61371933044674,40.6495663288388,40.380720678014214,40.4076042175293,266300,0.0,0.0,0.0
2023-04-17 00:00:00-04:00,40.30903107247312,40.62268721473627,40.29110757132451,40.61372375488281,178900,0.0,0.0,0.0
2023-04-18 00:00:00-04:00,40.694376151500535,40.99010878062955,40.694376151500535,40.954261779785156,286700,0.0,0.0,0.0
2023-04-19 00:00:00-04:00,40.80190150695015,41.11555754249714,40.80190150695015,41.10659408569336,106000,0.0,0.0,0.0
2023-04-20 00:00:00-04:00,40.89152997478765,41.133492095177886,40.89152997478765,41.061798095703125,83800,0.0,0.0,0.0
2023-04-21 00:00:00-04:00,41.09764656784854,41.133493568870215,40.819837437767845,41.115570068359375,126800,0.0,0.0,0.0
2023-04-24 00:00:00-04:00,41.10927519052339,41.10927519052339,40.87559572012114,40.992435455322266,214400,0.133,0.0,0.0
2023-04-25 00:00:00-04:00,40.83067084663585,40.87560816508815,40.29141616821289,40.29141616821289,368500,0.0,0.0,0.0
2023-04-26 00:00:00-04:00,40.19253415471295,40.570011576212586,40.19253415471295,40.34532165527344,259300,0.0,0.0,0.0
2023-04-27 00:00:00-04:00,40.50711298029586,40.92054175801352,40.50711298029586,40.88459396362305,255100,0.0,0.0,0.0
2023-04-28 00:00:00-04:00,40.70483225177256,41.09129924087766,40.70483225177256,41.08230972290039,162300,0.0,0.0,0.0
2023-05-01 00:00:00-04:00,41.181173435225276,41.32497486494532,41.01041030883789,41.01041030883789,159000,0.0,0.0,0.0
2023-05-02 00:00:00-04:00,40.87559791116851,40.94750034545309,40.147601192272546,40.300392150878906,735500,0.0,0.0,0.0
2023-05-03 00:00:00-04:00,40.32735305305958,40.65989666231321,40.22848892211914,40.22848892211914,527500,0.0,0.0,0.0
2023-05-04 00:00:00-04:00,40.17456069290422,40.192536298957876,39.59036549589758,39.74315643310547,676500,0.0,0.0,0.0
2023-05-05 00:00:00-04:00,40.120646727662454,40.435214791630905,40.05773380056824,40.39027404785156,490300,0.0,0.0,0.0
2023-05-08 00:00:00-04:00,40.46216410846733,40.65090283197161,40.34532438170434,40.45317459106445,254200,0.0,0.0,0.0
2023-05-09 00:00:00-04:00,40.06671702095327,40.25545577256014,40.012790193995514,40.23748016357422,163500,0.0,0.0,0.0
2023-05-10 00:00:00-04:00,40.35431794100553,40.36330403081212,39.86898680752963,40.11165237426758,134100,0.0,0.0,0.0
2023-05-11 00:00:00-04:00,39.9858358948433,40.291414447162865,39.842034424839824,40.28242492675781,210500,0.0,0.0,0.0
2023-05-12 00:00:00-04:00,40.34533363348848,40.426222166181596,40.021779502716036,40.21052169799805,163800,0.0,0.0,0.0
2023-05-15 00:00:00-04:00,40.228490566110366,40.5340690612793,40.228490566110366,40.5340690612793,290000,0.0,0.0,0.0
2023-05-16 00:00:00-04:00,40.2824077874874,40.39924750355799,39.97682936518467,40.021766662597656,297300,0.0,0.0,0.0
2023-05-17 00:00:00-04:00,40.111645646035015,40.36329726036811,39.95885471697842,40.34532165527344,288800,0.0,0.0,0.0
2023-05-18 00:00:00-04:00,40.3093782409161,40.318367759450055,40.07570218648473,40.300392150878906,198400,0.0,0.0,0.0
2023-05-19 00:00:00-04:00,40.39026462499348,40.462167055468015,40.084686152469864,40.21950149536133,182500,0.0,0.0,0.0
2023-05-23 00:00:00-04:00,40.174551191174245,40.45316444786996,40.156575589372025,40.16556167602539,239900,0.0,0.0,0.0
2023-05-24 00:00:00-04:00,39.744603564724045,39.753616477499605,39.4020544208333,39.429100036621094,540500,0.133,0.0,0.0
2023-05-25 00:00:00-04:00,39.22175454291137,39.347959358537636,38.96033887879529,39.185699462890625,377200,0.0,0.0,0.0
2023-05-26 00:00:00-04:00,39.23979769147684,39.62741830842011,39.21275551220712,39.60037612915039,432000,0.0,0.0,0.0
2023-05-29 00:00:00-04:00,39.72657272687169,39.78967342999286,39.663472023750515,39.717559814453125,91300,0.0,0.0,0.0
2023-05-30 00:00:00-04:00,39.64544192104221,39.708542622827785,39.31190914892842,39.36599349975586,126700,0.0,0.0,0.0
2023-05-31 00:00:00-04:00,39.140632980802394,39.16767859502438,38.84315873420336,38.942317962646484,298900,0.0,0.0,0.0
2023-06-01 00:00:00-04:00,38.94231615419575,39.11358898890625,38.71695553228343,38.90625762939453,198800,0.0,0.0,0.0
2023-06-02 00:00:00-04:00,39.113586989623585,39.78065590942827,39.113586989623585,39.76262664794922,431100,0.0,0.0,0.0
2023-06-05 00:00:00-04:00,39.86178454389092,39.86178454389092,39.347962644344506,39.35697555541992,193700,0.0,0.0,0.0
2023-06-06 00:00:00-04:00,39.38402080847761,39.71755700276973,39.30289084753225,39.699527740478516,190600,0.0,0.0,0.0
2023-06-07 00:00:00-04:00,39.66347885131836,39.78066736531466,39.47417670936887,39.66347885131836,121100,0.0,0.0,0.0
2023-06-08 00:00:00-04:00,39.591342524800275,39.71754733010329,39.42908608115507,39.636417388916016,152500,0.0,0.0,0.0
2023-06-09 00:00:00-04:00,39.618388131015585,39.75360240717481,39.51021602234234,39.636417388916016,154700,0.0,0.0,0.0
2023-06-12 00:00:00-04:00,39.6364278296356,39.70854144150359,39.51923934177859,39.654457092285156,131000,0.0,0.0,0.0
2023-06-13 00:00:00-04:00,39.71756105351097,40.141236725008916,39.71756105351097,40.024051666259766,246300,0.0,0.0,0.0
2023-06-14 00:00:00-04:00,40.09617412980065,40.24942118934865,39.99701487457511,40.132232666015625,644600,0.0,0.0,0.0
2023-06-15 00:00:00-04:00,40.06911716576199,40.321519948694466,40.03305864284877,40.28546142578125,483900,0.0,0.0,0.0
2023-06-16 00:00:00-04:00,40.30349689058534,40.43871465295705,40.24039618514003,40.249412536621094,252500,0.0,0.0,0.0
2023-06-19 00:00:00-04:00,40.24040122006236,40.24941757267157,40.10518687950303,40.159271240234375,43000,0.0,0.0,0.0
2023-06-20 00:00:00-04:00,40.06912591812754,40.06912591812754,39.798693814667516,39.84376525878906,100600,0.0,0.0,0.0
2023-06-21 00:00:00-04:00,39.744609633636856,39.744609633636856,39.60939185024211,39.618408203125,104200,0.0,0.0,0.0
2023-06-22 00:00:00-04:00,39.47416784211698,39.47416784211698,39.203735780261596,39.25782012939453,163000,0.0,0.0,0.0
2023-06-23 00:00:00-04:00,38.94232559920654,38.987397046774525,38.81612417052377,38.84316635131836,160700,0.0,0.0,0.0
2023-06-26 00:00:00-04:00,38.827794174157724,39.35225138042364,38.827794174157724,39.270870208740234,404400,0.133,0.0,0.0
2023-06-27 00:00:00-04:00,39.325112209878554,39.804354809615404,39.325112209878554,39.7591438293457,239500,0.0,0.0,0.0
2023-06-28 00:00:00-04:00,39.7862789516769,39.86766011478043,39.695856970174084,39.84053421020508,176000,0.0,0.0,0.0
2023-06-29 00:00:00-04:00,39.88573517177377,40.1208343341924,39.88573517177377,40.111793518066406,268700,0.0,0.0,0.0
2023-06-30 00:00:00-04:00,40.256475347748534,40.61816667375416,40.256475347748534,40.55487060546875,376200,0.0,0.0,0.0
2023-07-04 00:00:00-04:00,40.61816904728901,40.70859447110721,40.53679133991845,40.66338348388672,14400,0.0,0.0,0.0
2023-07-05 00:00:00-04:00,40.48254249666161,40.64530483593308,40.36499115177048,40.600093841552734,181900,0.0,0.0,0.0
2023-07-06 00:00:00-04:00,40.24742705772402,40.35593754911737,39.903820849775094,39.949031829833984,108900,0.0,0.0,0.0
2023-07-07 00:00:00-04:00,39.81339443356322,40.265511121473324,39.81339443356322,40.08466720581055,181700,0.0,0.0,0.0
2023-07-10 00:00:00-04:00,40.03945840657924,40.1570097277876,39.94903643603563,39.985206604003906,44500,0.0,0.0,0.0
2023-07-11 00:00:00-04:00,40.03946382981812,40.09371908911926,39.90383085563157,40.07563400268555,93900,0.0,0.0,0.0
2023-07-12 00:00:00-04:00,40.346893310546875,40.419233638190974,40.166045940813305,40.346893310546875,161600,0.0,0.0,0.0
2023-07-13 00:00:00-04:00,40.446361139773785,40.88039277471455,40.446361139773785,40.81709671020508,319400,0.0,0.0,0.0
2023-07-14 00:00:00-04:00,40.96177372902468,41.05219914173884,40.916562747356,41.00698471069336,87100,0.0,0.0,0.0
2023-07-17 00:00:00-04:00,40.92559238552278,41.20590591430664,40.92559238552278,41.20590591430664,84500,0.0,0.0,0.0
2023-07-18 00:00:00-04:00,41.233056426421314,41.558581118896825,41.233056426421314,41.49528503417969,171700,0.0,0.0,0.0
2023-07-19 00:00:00-04:00,41.594738588887104,41.84792285041017,41.52239825737945,41.8117561340332,90400,0.0,0.0,0.0
2023-07-20 00:00:00-04:00,41.847934331002456,41.847934331002456,41.65804608276608,41.82984924316406,115600,0.0,0.0,0.0
2023-07-21 00:00:00-04:00,41.89315230651182,42.03782957203615,41.82081194906061,42.00165939331055,365100,0.0,0.0,0.0
2023-07-24 00:00:00-04:00,41.9564377814619,42.254833057022054,41.9564377814619,42.05590057373047,67000,0.0,0.0,0.0
2023-07-25 00:00:00-04:00,42.15751486751886,42.15751486751886,41.76741924061344,41.81277847290039,378800,0.152,0.0,0.0
2023-07-26 00:00:00-04:00,41.76742445743907,42.09401650779717,41.76742445743907,41.95793533325195,261000,0.0,0.0,0.0
2023-07-27 00:00:00-04:00,42.103078416578015,42.20287079621021,41.83091958347304,41.88534927368164,464800,0.0,0.0,0.0
2023-07-28 00:00:00-04:00,42.175653910586654,42.23008359816187,41.93070993443672,41.96699523925781,173000,0.0,0.0,0.0
2023-07-31 00:00:00-04:00,41.94885274539542,42.27544124067112,41.94885274539542,42.084930419921875,146500,0.0,0.0,0.0
2023-08-01 00:00:00-04:00,41.96699424194195,42.04864223205161,41.722053732300004,41.858131408691406,251800,0.0,0.0,0.0
2023-08-02 00:00:00-04:00,41.53154354063012,41.585976692962575,41.19588108629846,41.39546585083008,317200,0.0,0.0,0.0
2023-08-03 00:00:00-04:00,41.141440455180046,41.168658756742175,40.969074028491534,41.13236999511719,134500,0.0,0.0,0.0
2023-08-04 00:00:00-04:00,41.11423318544468,41.70391355803595,41.11423318544468,41.49525833129883,391700,0.0,0.0,0.0
2023-08-08 00:00:00-04:00,41.29565262211895,41.35915620410589,41.132356708242334,41.31379699707031,215600,0.0,0.0,0.0
2023-08-09 00:00:00-04:00,41.22309875488281,41.313820681649126,41.08702105576482,41.22309875488281,107100,0.0,0.0,0.0
2023-08-10 00:00:00-04:00,41.35010513521141,41.67669365540981,41.35010513521141,41.549686431884766,256500,0.0,0.0,0.0
2023-08-11 00:00:00-04:00,41.440824484251465,41.67669455292212,41.440824484251465,41.62226486206055,287900,0.0,0.0,0.0
2023-08-14 00:00:00-04:00,41.53154701273137,41.58598016961454,41.322891769044155,41.4589729309082,236200,0.0,0.0,0.0
2023-08-15 00:00:00-04:00,41.232161326640146,41.232161326640146,40.55176263630182,40.66062545776367,406200,0.0,0.0,0.0
2023-08-16 00:00:00-04:00,40.51547375687594,40.651554878819574,40.47011453645696,40.56083297729492,103500,0.0,0.0,0.0
2023-08-17 00:00:00-04:00,40.67878002334005,40.787642872059166,40.24332516777604,40.25239562988281,197200,0.0,0.0,0.0
2023-08-18 00:00:00-04:00,40.03466043923557,40.188882483293824,39.98022729743968,40.070945739746094,246300,0.0,0.0,0.0
2023-08-21 00:00:00-04:00,40.11630176214868,40.11630176214868,39.81692472299895,39.880428314208984,107700,0.0,0.0,0.0
2023-08-22 00:00:00-04:00,39.925796302024956,39.93487022315546,39.3814786975509,39.42683792114258,227800,0.0,0.0,0.0
2023-08-23 00:00:00-04:00,39.57199251412436,39.88951402472033,39.48127406006105,39.81693649291992,199300,0.0,0.0,0.0
2023-08-24 00:00:00-04:00,39.735286274392486,39.96208585753478,39.71714189245866,39.76250457763672,224000,0.0,0.0,0.0
2023-08-25 00:00:00-04:00,39.85536229344962,39.98281150658069,39.32735791437371,39.6004638671875,269800,0.152,0.0,0.0
2023-08-28 00:00:00-04:00,39.67328971040292,40.04653528277944,39.67328971040292,40.019222259521484,263900,0.0,0.0,0.0
2023-08-29 00:00:00-04:00,39.98280295587557,40.54722574007821,39.94639138328981,40.51991271972656,418000,0.0,0.0,0.0
2023-08-30 00:00:00-04:00,40.52902229347646,40.711094065635926,40.51081476898749,40.58364486694336,171100,0.0,0.0,0.0
2023-08-31 00:00:00-04:00,40.53813192789279,40.683788678412405,40.192199315865494,40.292335510253906,157300,0.0,0.0,0.0
2023-09-01 00:00:00-04:00,40.43798427167238,40.8749579096317,40.43798427167238,40.78392028808594,280000,0.0,0.0,0.0
2023-09-05 00:00:00-04:00,40.65646370358361,40.83853544086348,40.48349746316899,40.49259948730469,182500,0.0,0.0,0.0
2023-09-06 00:00:00-04:00,40.428886653344854,40.47440373271481,40.07384857243639,40.219505310058594,236700,0.0,0.0,0.0
2023-09-07 00:00:00-04:00,40.21951703652247,40.29234369020174,39.96461853954765,39.99192810058594,176100,0.0,0.0,0.0
2023-09-08 00:00:00-04:00,39.88266730815504,40.03742604366092,39.75521464789561,39.95549392700195,168700,0.0,0.0,0.0
2023-09-11 00:00:00-04:00,40.046535058691276,40.39246760587411,39.91908238723789,40.34695053100586,234700,0.0,0.0,0.0
2023-09-12 00:00:00-04:00,40.292343270100126,40.52903770573594,40.25593168000591,40.419795989990234,117300,0.0,0.0,0.0
2023-09-13 00:00:00-04:00,40.51081458122348,40.78392050183176,40.492607056818905,40.69288635253906,184600,0.0,0.0,0.0
2023-09-14 00:00:00-04:00,40.95688975846732,41.21178815162867,40.92957673582135,41.193580627441406,349400,0.0,0.0,0.0
2023-09-15 00:00:00-04:00,41.14805964929373,41.375648470946096,41.14805964929373,41.35744094848633,266600,0.0,0.0,0.0
2023-09-18 00:00:00-04:00,41.35744476576182,41.35744476576182,41.11164839896278,41.239097595214844,132100,0.0,0.0,0.0
2023-09-19 00:00:00-04:00,41.12074678147933,41.13895430400651,40.85674638665986,40.893157958984375,168600,0.0,0.0,0.0
2023-09-20 00:00:00-04:00,40.9295768737793,41.12075066929468,40.9295768737793,40.9295768737793,146800,0.0,0.0,0.0
2023-09-21 00:00:00-04:00,40.73840392553504,40.747505951483575,40.19219207763672,40.19219207763672,294700,0.0,0.0,0.0
2023-09-22 00:00:00-04:00,40.23770134086984,40.31052795250988,40.0556296026754,40.08293914794922,117500,0.0,0.0,0.0
2023-09-25 00:00:00-04:00,39.93862456504352,40.121323622842645,39.81986738966516,40.01170349121094,69900,0.152,0.0,0.0
2023-09-26 00:00:00-04:00,39.86553162351766,39.956884613047215,39.52753427415888,39.5640754699707,106800,0.0,0.0,0.0
2023-09-27 00:00:00-04:00,39.70110716794823,39.70110716794823,39.04338294386521,39.1255989074707,155100,0.0,0.0,0.0
2023-09-28 00:00:00-04:00,39.1255773135953,39.655410520706454,39.10730672234885,39.55492401123047,247500,0.0,0.0,0.0
2023-09-29 00:00:00-04:00,39.737638896766235,39.82898839687777,39.40877512074863,39.445316314697266,131400,0.0,0.0,0.0
2023-10-02 00:00:00-04:00,39.4361852089512,39.44532225119351,38.687108044068815,38.714515686035156,206900,0.0,0.0,0.0
2023-10-03 00:00:00-04:00,38.48613699417721,38.53181174941886,38.03851602938397,38.148136138916016,338500,0.0,0.0,0.0
2023-10-04 00:00:00-04:00,38.15727137164772,38.4039192199707,37.782732820807695,38.4039192199707,236400,0.0,0.0,0.0
2023-10-05 00:00:00-04:00,38.43132241313132,38.677970255282005,38.36737706347301,38.65056610107422,149000,0.0,0.0,0.0
2023-10-06 00:00:00-04:00,38.458728026329226,38.878944820431336,38.07505591382421,38.80586242675781,169800,0.0,0.0,0.0
2023-10-10 00:00:00-04:00,38.80586187891796,39.19867102746687,38.79672832221788,39.116455078125,167800,0.0,0.0,0.0
2023-10-11 00:00:00-04:00,39.22608103727734,39.600619643570056,39.22608103727734,39.57321548461914,333700,0.0,0.0,0.0
2023-10-12 00:00:00-04:00,39.527539511271385,39.527539511271385,39.07078495738763,39.24435043334961,191000,0.0,0.0,0.0
2023-10-13 00:00:00-04:00,39.4179244051106,39.53667809518934,38.86068322097093,38.89722442626953,271400,0.0,0.0,0.0
2023-10-16 00:00:00-04:00,39.09819047571816,39.363108962529786,38.94289559468013,39.3357048034668,116000,0.0,0.0,0.0
2023-10-17 00:00:00-04:00,39.14386564236253,39.61889081803345,39.14386564236253,39.39965057373047,166200,0.0,0.0,0.0
2023-10-18 00:00:00-04:00,39.24435118204289,39.24435118204289,38.69624710083008,38.69624710083008,286400,0.0,0.0,0.0
2023-10-19 00:00:00-04:00,38.6870918312429,38.75103716109878,38.26687866797311,38.31255340576172,383400,0.0,0.0,0.0
2023-10-20 00:00:00-04:00,38.102457799629896,38.184673745235536,37.52694966515053,37.53608322143555,396200,0.0,0.0,0.0
2023-10-23 00:00:00-04:00,37.35337514024385,37.87407488953227,37.298566841219554,37.51780700683594,209600,0.0,0.0,0.0
2023-10-24 00:00:00-04:00,37.663963525735824,37.663963525735824,37.08845206529161,37.25288391113281,356000,0.0,0.0,0.0
2023-10-25 00:00:00-04:00,37.19970421021186,37.456505773732594,36.997929553926205,37.16301727294922,430000,0.162,0.0,0.0
2023-10-26 00:00:00-04:00,37.126334161841456,37.58491042890767,36.9979333668484,37.419822692871094,356500,0.0,0.0,0.0
2023-10-27 00:00:00-04:00,37.474858518519284,37.474858518519284,36.76865054537064,36.87870788574219,269600,0.0,0.0,0.0
2023-10-30 00:00:00-04:00,37.117172741367,37.54823215279567,37.117172741367,37.38314437866211,449200,0.0,0.0,0.0
2023-10-31 00:00:00-04:00,37.456505369116755,37.55739269616977,37.23638724657755,37.465675354003906,209700,0.0,0.0,0.0
2023-11-01 00:00:00-04:00,37.55738599525277,37.84170095859286,37.43815522103951,37.8325309753418,357100,0.0,0.0,0.0
2023-11-02 00:00:00-04:00,38.23608069730578,38.94228843560856,38.23608069730578,38.905601501464844,367200,0.0,0.0,0.0
2023-11-03 00:00:00-04:00,39.199094775523264,39.602640568507056,39.153234356993906,39.428382873535156,282800,0.0,0.0,0.0
2023-11-06 00:00:00-05:00,39.5567876087815,39.69435838216601,39.22661215480415,39.38252639770508,177200,0.0,0.0,0.0
2023-11-07 00:00:00-05:00,39.235782110837434,39.33666944377261,39.070694383972445,39.12572479248047,181800,0.0,0.0,0.0
2023-11-08 00:00:00-05:00,39.17156829144318,39.37334288815831,39.08902445630134,39.1990852355957,334000,0.0,0.0,0.0
2023-11-09 00:00:00-05:00,39.400861246411154,39.776893542575074,39.38251778090824,39.41920471191406,385100,0.0,0.0,0.0
2023-11-10 00:00:00-05:00,39.47423890635516,39.575126226998684,39.29997771664047,39.52009582519531,161100,0.0,0.0,0.0
2023-11-13 00:00:00-05:00,39.4650569395231,39.804405763038886,39.4100300482076,39.61180114746094,104200,0.0,0.0,0.0
2023-11-14 00:00:00-05:00,40.02453467441767,40.547311321277824,40.02453467441767,40.46476745605469,253900,0.0,0.0,0.0
2023-11-15 00:00:00-05:00,40.56565276590654,40.79494088022796,40.54730929692175,40.6390266418457,210100,0.0,0.0,0.0
2023-11-16 00:00:00-05:00,40.6390266418457,40.74908395709547,40.528965827936965,40.6390266418457,278900,0.0,0.0,0.0
2023-11-17 00:00:00-05:00,40.74908344850438,40.9600280912082,40.74908344850438,40.88665771484375,325500,0.0,0.0,0.0
2023-11-20 00:00:00-05:00,40.88664638416389,41.10676095091709,40.75824213845691,41.04256057739258,184200,0.0,0.0,0.0
2023-11-21 00:00:00-05:00,40.961557225932246,41.01678755594786,40.70382270859832,40.722232818603516,131500,0.162,0.0,0.0
2023-11-22 00:00:00-05:00,40.7038372583319,40.89713821542848,40.51053278986463,40.65781021118164,209600,0.0,0.0,0.0
2023-11-23 00:00:00-05:00,40.74985579040831,40.82349273633953,40.630191802978516,40.630191802978516,46500,0.0,0.0,0.0
2023-11-24 00:00:00-05:00,40.54734883407057,40.814290229933164,40.54734883407057,40.67621612548828,152300,0.0,0.0,0.0
2023-11-27 00:00:00-05:00,40.54736632431476,40.621006814815864,40.3908855490577,40.5013427734375,81200,0.0,0.0,0.0
2023-11-28 00:00:00-05:00,40.08711507500787,40.2804160534781,39.884610792912376,40.225189208984375,302300,0.0,0.0,0.0
2023-11-29 00:00:00-05:00,40.29880731122277,40.84189326658316,40.29880731122277,40.722232818603516,340900,0.0,0.0,0.0
2023-11-30 00:00:00-05:00,40.94316143480088,41.210102856178395,40.786680712085506,41.173282623291016,401700,0.0,0.0,0.0
2023-12-01 00:00:00-05:00,41.09963737368688,41.46782909413603,40.96156328391223,41.45862579345703,359400,0.0,0.0,0.0
2023-12-04 00:00:00-05:00,41.28373761889266,41.59670255907925,41.23771408591208,41.513858795166016,73100,0.0,0.0,0.0
2023-12-05 00:00:00-05:00,41.43100851498303,41.66112965506293,41.43100851498303,41.559879302978516,111200,0.0,0.0,0.0
2023-12-06 00:00:00-05:00,41.75318906274461,41.97410343765177,41.569091409408195,41.587501525878906,167200,0.0,0.0,0.0
2023-12-07 00:00:00-05:00,41.64272236590334,41.64272236590334,41.42180453007353,41.578285217285156,154900,0.0,0.0,0.0
2023-12-08 00:00:00-05:00,41.550682494625526,41.9372879289501,41.550682494625526,41.8636474609375,249600,0.0,0.0,0.0
2023-12-11 00:00:00-05:00,41.89125935584423,42.11217724046945,41.707165215255635,42.10297393798828,153800,0.0,0.0,0.0
2023-12-12 00:00:00-05:00,42.05694003823438,42.10296707725201,41.90966264294017,42.06614685058594,191100,0.0,0.0,0.0
2023-12-13 00:00:00-05:00,41.983308221491896,42.84856258555226,41.753187043791435,42.839359283447266,374000,0.0,0.0,0.0
2023-12-14 00:00:00-05:00,43.07868085485085,43.45607942034521,43.07868085485085,43.382442474365234,388500,0.0,0.0,0.0
2023-12-15 00:00:00-05:00,43.38244355324599,43.49290073064807,42.940611332267345,42.9958381652832,299700,0.0,0.0,0.0
2023-12-18 00:00:00-05:00,43.0602786863954,43.290399891023625,43.032665265478705,43.1983528137207,126300,0.0,0.0,0.0
2023-12-19 00:00:00-05:00,43.31801763758966,43.7690532407717,43.31801763758966,43.74143981933594,181200,0.0,0.0,0.0
2023-12-20 00:00:00-05:00,43.723024266004536,43.90712191255656,43.37323908869274,43.400856018066406,184800,0.0,0.0,0.0
2023-12-21 00:00:00-05:00,43.55734214989856,43.89792055596657,43.55734214989856,43.74143981933594,276300,0.0,0.0,0.0
2023-12-22 00:00:00-05:00,43.759834392355906,44.054389154270915,43.759834392355906,44.008365631103516,142600,0.0,0.0,0.0
2023-12-27 00:00:00-05:00,44.00837069868709,44.45940619358212,44.00837069868709,44.284515380859375,101900,0.0,0.0,0.0
2023-12-28 00:00:00-05:00,44.17553921640737,44.43414462267655,44.16630129576381,44.25865936279297,109300,0.162,0.0,0.0
2023-12-29 00:00:00-05:00,44.23094742950621,44.37872243326083,44.184768401439264,44.34177780151367,86700,0.0,0.0,0.0
2024-01-02 00:00:00-05:00,44.10165573825047,44.27713749795434,44.00929765908735,44.14783477783203,128300,0.0,0.0,0.0
2024-01-03 00:00:00-05:00,43.953877210901034,43.98158392780509,43.68603387004648,43.83380889892578,201200,0.0,0.0,0.0
2024-01-04 00:00:00-05:00,43.75067706432986,44.249419014982024,43.75067706432986,44.01852035522461,163500,0.0,0.0,0.0
2024-01-05 00:00:00-05:00,43.926168772846616,44.36025592135136,43.926168772846616,44.230953216552734,202000,0.0,0.0,0.0
2024-01-08 00:00:00-05:00,44.23095683685449,44.6096305847168,44.23095683685449,44.6096305847168,99800,0.0,0.0,0.0
2024-01-09 00:00:00-05:00,44.47108045031496,44.47108045031496,44.05546218453718,44.18476486206055,329100,0.0,0.0,0.0
2024-01-10 00:00:00-05:00,44.07393956711814,44.29560031886655,44.018522617563974,44.03699493408203,191000,0.0,0.0,0.0
2024-01-11 00:00:00-05:00,43.963112769692884,44.00005740869693,43.36277824043325,43.62138366699219,216800,0.0,0.0,0.0
2024-01-12 00:00:00-05:00,43.73220669240654,43.89845401667934,43.39971556709506,43.4643669128418,96300,0.0,0.0,0.0
2024-01-15 00:00:00-05:00,43.44589586439436,43.62137759036626,43.279648535269736,43.6029052734375,71800,0.0,0.0,0.0
2024-01-16 00:00:00-05:00,43.39047497071488,43.547487888724454,43.168814234180495,43.53824996948242,164400,0.0,0.0,0.0
2024-01-17 00:00:00-05:00,43.131875776452944,43.288885193698874,42.9563905180788,43.17805480957031,177200,0.0,0.0,0.0
2024-01-18 00:00:00-05:00,43.261183267693575,43.46437526378558,43.16882519123436,43.34430694580078,160700,0.0,0.0,0.0
2024-01-19 00:00:00-05:00,43.316591222526036,43.90769124474609,43.233467561699214,43.87074661254883,114500,0.0,0.0,0.0
2024-01-22 00:00:00-05:00,43.9723435878859,44.05546725060009,43.79685834258145,44.03699493408203,191000,0.0,0.0,0.0
2024-01-23 00:00:00-05:00,44.10165179270393,44.19400986360425,43.96311116311889,44.08317947387695,100500,0.0,0.0,0.0
2024-01-24 00:00:00-05:00,44.22171261416689,44.46184567178003,44.22171261416689,44.30483627319336,267300,0.0,0.0,0.0
2024-01-25 00:00:00-05:00,44.468017578125,44.47729145590244,44.254764369568605,44.468017578125,130200,0.186,0.0,0.0
2024-01-26 00:00:00-05:00,44.356765265481044,44.532930074402735,44.356765265481044,44.5051155090332,78800,0.0,0.0,0.0
2024-01-29 00:00:00-05:00,44.45874422430458,44.662723541259766,44.26403524755053,44.662723541259766,156900,0.0,0.0,0.0
2024-01-30 00:00:00-05:00,44.65346171095584,44.81108581999699,44.54219992259934,44.71836471557617,79800,0.0,0.0,0.0
2024-01-31 00:00:00-05:00,44.616377291343575,44.74618331228622,44.199141126207344,44.226959228515625,250900,0.0,0.0,0.0
2024-02-01 00:00:00-05:00,44.226952666405055,44.28258178887013,43.698454781297215,44.13423156738281,175800,0.0,0.0,0.0
2024-02-02 00:00:00-05:00,44.06933460796657,44.14351149735321,43.754089901970865,44.09715270996094,135200,0.0,0.0,0.0
2024-02-05 00:00:00-05:00,44.04151074592697,44.04151074592697,43.65209276969803,43.8468017578125,142000,0.0,0.0,0.0
2024-02-06 00:00:00-05:00,43.809722320733535,44.06933435821799,43.809722320733535,44.032249450683594,47200,0.0,0.0,0.0
2024-02-07 00:00:00-05:00,44.0322447518524,44.069329655429335,43.77262920512367,43.97661209106445,343100,0.0,0.0,0.0
2024-02-08 00:00:00-05:00,43.87460813170786,43.87460813170786,43.355380723322035,43.71698760986328,548800,0.0,0.0,0.0
2024-02-09 00:00:00-05:00,43.679915678858954,44.06933372953024,43.63355689239076,44.04151916503906,261700,0.0,0.0,0.0
2024-02-12 00:00:00-05:00,44.06006378741715,44.39385271213943,44.041519565271614,44.24550247192383,202800,0.0,0.0,0.0
2024-02-13 00:00:00-05:00,43.80972397305659,43.93025965369852,43.12360187203588,43.438846588134766,387800,0.0,0.0,0.0
2024-02-14 00:00:00-05:00,43.72627215341339,44.1620525044608,43.72627215341339,44.15277862548828,207300,0.0,0.0,0.0
2024-02-15 00:00:00-05:00,44.41239687907305,45.015068181784635,44.41239687907305,44.87599182128906,304400,0.0,0.0,0.0
2024-02-16 00:00:00-05:00,44.87598161677624,45.11704937565385,44.86670773934946,44.922340393066406,315600,0.0,0.0,0.0
2024-02-20 00:00:00-05:00,44.7739938817859,45.20050031796994,44.76472000359378,45.06142044067383,356400,0.0,0.0,0.0
2024-02-21 00:00:00-05:00,45.00578456690474,45.00578456690474,44.64418118452558,44.764713287353516,191700,0.0,0.0,0.0
2024-02-22 00:00:00-05:00,44.96869739715628,45.28394201523281,44.9223386226931,45.16340637207031,219900,0.0,0.0,0.0
2024-02-23 00:00:00-05:00,45.23414329132225,45.54129042261846,45.23414329132225,45.457523345947266,190300,0.186,0.0,0.0
2024-02-26 00:00:00-05:00,45.34584558101031,45.66229866045356,45.085234865258826,45.13177490234375,588300,0.0,0.0,0.0
2024-02-27 00:00:00-05:00,44.9456305189054,45.08523999452427,44.861863413331385,45.02008819580078,293100,0.0,0.0,0.0
2024-02-28 00:00:00-05:00,45.02939538782555,45.22485077428756,44.90839767456055,44.90839767456055,99800,0.0,0.0,0.0
2024-02-29 00:00:00-05:00,45.224837412375244,45.234143287335435,44.880463230759815,45.18760681152344,124200,0.0,0.0,0.0
2024-03-01 00:00:00-05:00,45.25275915166639,45.55059686118124,45.20622267527449,45.392372131347656,235000,0.0,0.0,0.0
2024-03-04 00:00:00-05:00,45.24345327659023,45.58782746249699,45.24345327659023,45.392372131347656,91500,0.0,0.0,0.0
2024-03-05 00:00:00-05:00,45.410989551100094,45.73674845155045,45.410989551100094,45.58782958984375,489200,0.0,0.0,0.0
2024-03-06 00:00:00-05:00,45.792594211386884,45.96943424957158,45.569214144280046,45.67159652709961,222800,0.0,0.0,0.0
2024-03-07 00:00:00-05:00,45.792593780325504,45.969433816845545,45.75536317774055,45.92289733886719,119900,0.0,0.0,0.0
2024-03-08 00:00:00-05:00,45.98806697451439,46.07183408760304,45.79261156080989,45.867069244384766,214700,0.0,0.0,0.0
2024-03-11 00:00:00-04:00,45.68089977844532,46.043889231736514,45.64366918054232,46.01596450805664,130100,0.0,0.0,0.0
2024-03-12 00:00:00-04:00,46.090439678894285,46.146285592681764,45.89498430639756,46.12767028808594,167000,0.0,0.0,0.0
2024-03-13 00:00:00-04:00,46.16489056423685,46.351040032339775,46.13696938669843,46.26727294921875,174000,0.0,0.0,0.0
2024-03-14 00:00:00-04:00,46.25796366029027,46.25796366029027,45.708824722684305,45.91358947753906,172900,0.0,0.0,0.0
2024-03-15 00:00:00-04:00,45.76467426040317,46.02528495764543,45.73675308054032,45.894981384277344,170000,0.0,0.0,0.0
2024-03-18 00:00:00-04:00,45.922891829782195,45.96012242790083,45.71812709063495,45.84843063354492,139300,0.0,0.0,0.0
2024-03-19 00:00:00-04:00,45.92290397550141,46.118359341560534,45.92290397550141,45.96944046020508,111800,0.0,0.0,0.0
2024-03-20 00:00:00-04:00,46.03458965732009,46.351042706198605,45.988053175236246,46.29520034790039,100700,0.0,0.0,0.0
2024-03-21 00:00:00-04:00,46.49065243898108,46.769874862386715,46.49065243898108,46.60234069824219,118300,0.0,0.0,0.0
2024-03-22 00:00:00-04:00,46.57992296519493,46.71071238968693,46.299659403605716,46.31834411621094,101000,0.186,0.0,0.0
2024-03-25 00:00:00-04:00,46.2529512852078,46.542559019065074,46.20624128006823,46.22492599487305,228300,0.0,0.0,0.0
2024-03-26 00:00:00-04:00,46.24361290763359,46.449141216510405,46.10347932180938,46.2155876159668,131600,0.0,0.0,0.0
2024-03-27 00:00:00-04:00,46.31834223477492,46.61729049682617,46.31834223477492,46.61729049682617,60700,0.0,0.0,0.0
2024-03-28 00:00:00-04:00,46.66400178351702,46.87887063006742,46.61729178448337,46.74808120727539,263100,0.0,0.0,0.0
2024-04-01 00:00:00-04:00,46.75743133618809,46.75743133618809,46.3744035638515,46.55190658569336,157000,0.0,0.0,0.0
2024-04-02 00:00:00-04:00,46.2622851906534,46.31833932266795,46.02873165287572,46.06610107421875,192500,0.0,0.0,0.0
2024-04-03 00:00:00-04:00,45.94465385147489,46.365050946998636,45.94465385147489,46.17820739746094,107600,0.0,0.0,0.0
2024-04-04 00:00:00-04:00,46.43044279344252,46.62662690468209,46.03807100721932,46.12215042114258,196400,0.0,0.0,0.0
2024-04-05 00:00:00-04:00,46.27162552549358,46.58925847778297,46.1968902469371,46.47715377807617,346000,0.0,0.0,0.0
2024-04-08 00:00:00-04:00,46.57057725543506,46.72005138748808,46.57057725543506,46.70137023925781,106200,0.0,0.0,0.0
2024-04-09 00:00:00-04:00,46.77611379964474,46.84150852125438,46.374401330474036,46.76677322387695,143000,0.0,0.0,0.0
2024-04-10 00:00:00-04:00,46.39307460160984,46.39307460160984,45.869913394039926,46.06610107421875,331500,0.0,0.0,0.0
2024-04-11 00:00:00-04:00,46.01938148117791,46.028725617160454,45.59898801929931,45.86990737915039,231700,0.0,0.0,0.0
2024-04-12 00:00:00-04:00,45.7297852748587,45.78583584541528,45.300047603118095,45.4588623046875,415300,0.0,0.0,0.0
2024-04-15 00:00:00-04:00,45.72979456685845,45.92597873115848,45.0384743583195,45.17860794067383,144500,0.0,0.0,0.0
2024-04-16 00:00:00-04:00,45.0478194762382,45.05716005218368,44.674132291006934,44.832950592041016,354100,0.0,0.0,0.0
2024-04-17 00:00:00-04:00,44.94504262594699,45.23464672713542,44.683463808423475,44.88898849487305,271100,0.0,0.0,0.0
2024-04-18 00:00:00-04:00,44.926360759650585,45.1785990198351,44.739517207986765,44.945045471191406,264400,0.0,0.0,0.0
2024-04-19 00:00:00-04:00,44.88898505159157,45.328066801963374,44.88898505159157,45.28135681152344,263700,0.0,0.0,0.0
2024-04-22 00:00:00-04:00,45.32807919230111,45.65505277850204,45.30005390312527,45.533607482910156,213800,0.0,0.0,0.0
2024-04-23 00:00:00-04:00,45.60835390518487,45.79519752735754,45.54295917198628,45.73914337158203,237200,0.0,0.0,0.0
2024-04-24 00:00:00-04:00,45.64916728834612,45.86471415299667,45.37738940792113,45.53670883178711,141600,0.154,0.0,0.0
2024-04-25 00:00:00-04:00,45.16183818282936,45.44298965956611,44.90880399876,45.40550231933594,168500,0.0,0.0,0.0
2024-04-26 00:00:00-04:00,45.46173122331875,45.67728164911076,45.43361750473269,45.63042068481445,114100,0.0,0.0,0.0
2024-04-29 00:00:00-04:00,45.63040748365731,45.75223952059959,45.41486069521396,45.611663818359375,190300,0.0,0.0,0.0
2024-04-30 00:00:00-04:00,45.4148729678205,45.733508214014016,45.4148729678205,45.433616638183594,158900,0.0,0.0,0.0
2024-05-01 00:00:00-04:00,45.29304502795702,45.94905562375621,45.29304502795702,45.66790771484375,239000,0.0,0.0,0.0
2024-05-02 00:00:00-04:00,45.79909866320816,45.93967437087157,45.56480820042831,45.733497619628906,212300,0.0,0.0,0.0
2024-05-03 00:00:00-04:00,45.94905678141658,46.04277513674166,45.799110987886166,45.93031311035156,161700,0.0,0.0,0.0
2024-05-06 00:00:00-04:00,46.03339209130567,46.44574562035344,46.03339209130567,46.427001953125,287300,0.0,0.0,0.0
2024-05-07 00:00:00-04:00,46.530090335386944,46.64254876376862,46.40825828589656,46.427001953125,85800,0.0,0.0,0.0
2024-05-08 00:00:00-04:00,46.248942125860125,46.79249778840807,46.248942125860125,46.77375411987305,136900,0.0,0.0,0.0
2024-05-09 00:00:00-04:00,46.783128831330906,47.07365036010742,46.783128831330906,47.07365036010742,192000,0.0,0.0,0.0
2024-05-10 00:00:00-04:00,47.06427207899015,47.176730506750694,47.02678474474031,47.045528411865234,211700,0.0,0.0,0.0
2024-05-13 00:00:00-04:00,47.14863176896261,47.289203954564755,47.02679968144868,47.083030700683594,230100,0.0,0.0,0.0
2024-05-14 00:00:00-04:00,47.18610880754141,47.25170986646037,47.008049301188464,47.07365036010742,316300,0.0,0.0,0.0
2024-05-15 00:00:00-04:00,47.23297210338423,47.279829494213054,47.101766404077864,47.22359848022461,206200,0.0,0.0,0.0
2024-05-16 00:00:00-04:00,47.2235922965973,47.41102541035919,47.19547858077927,47.279823303222656,105000,0.0,0.0,0.0
2024-05-17 00:00:00-04:00,47.2891965766242,47.52348709106445,47.251709236316266,47.52348709106445,126100,0.0,0.0,0.0
2024-05-21 00:00:00-04:00,47.29856930971896,47.57034358436673,47.23296825290851,47.429771423339844,97400,0.0,0.0,0.0
2024-05-22 00:00:00-04:00,47.18913393004126,47.41473733968712,47.142133518523494,47.24553298950195,337000,0.154,0.0,0.0
2024-05-23 00:00:00-04:00,47.39592970476234,47.48993410030533,46.86951943332573,47.04812240600586,216500,0.0,0.0,0.0
2024-05-24 00:00:00-04:00,47.0199085052601,47.45231783485759,47.0199085052601,47.38651657104492,302000,0.0,0.0,0.0
2024-05-27 00:00:00-04:00,47.3489221662826,47.48992694540257,47.3489221662826,47.42412567138672,28100,0.0,0.0,0.0
2024-05-28 00:00:00-04:00,47.23612693349777,47.23612693349777,46.84131923558459,46.91651916503906,204700,0.0,0.0,0.0
2024-05-29 00:00:00-04:00,46.51230768455067,46.51230768455067,45.81669312020173,45.82609176635742,312800,0.0,0.0,0.0
2024-05-30 00:00:00-04:00,46.15509409358868,46.74730915431309,46.15509409358868,46.6909065246582,303300,0.0,0.0,0.0
2024-05-31 00:00:00-04:00,46.7473208706242,47.00112738883207,46.33371224052699,46.98232650756836,231600,0.0,0.0,0.0
2024-06-03 00:00:00-04:00,46.92591527790106,47.09511959241423,46.58751023477551,46.8883171081543,291700,0.0,0.0,0.0
2024-06-04 00:00:00-04:00,46.66270186538437,46.860105668592205,46.48409893665825,46.75670623779297,360100,0.0,0.0,0.0
2024-06-05 00:00:00-04:00,46.92591633218069,47.00111984516538,46.61571080587105,46.86011505126953,185800,0.0,0.0,0.0
2024-06-06 00:00:00-04:00,46.77550457521632,46.982310613252274,46.653304267195274,46.7285041809082,68000,0.0,0.0,0.0
2024-06-07 00:00:00-04:00,46.54050593624155,46.70031160372527,46.48410688904793,46.59690856933594,100800,0.0,0.0,0.0
2024-06-10 00:00:00-04:00,46.38069857746845,46.59690326754605,46.34309682635051,46.54050064086914,130700,0.0,0.0,0.0
2024-06-11 00:00:00-04:00,46.30549481845199,46.343096569361414,46.004687982977295,46.04228973388672,248200,0.0,0.0,0.0
2024-06-12 00:00:00-04:00,46.38070305548962,46.578106889067435,46.19269786764854,46.25849914550781,251000,0.0,0.0,0.0
2024-06-13 00:00:00-04:00,46.10809708220804,46.10809708220804,45.61928501365974,45.694488525390625,271500,0.0,0.0,0.0
2024-06-14 00:00:00-04:00,45.50647481774484,45.50647481774484,45.02706507081042,45.478275299072266,193100,0.0,0.0,0.0
2024-06-17 00:00:00-04:00,45.28087706781167,45.45948361792458,45.13987586003401,45.41248321533203,208000,0.0,0.0,0.0
2024-06-18 00:00:00-04:00,45.3466740205845,45.71328211708689,45.3466740205845,45.53467559814453,221500,0.0,0.0,0.0
2024-06-19 00:00:00-04:00,45.41248995611777,45.55349118482489,45.22448473194021,45.2808837890625,45100,0.0,0.0,0.0
2024-06-20 00:00:00-04:00,45.243272432295825,45.41247672617146,45.13046717911183,45.17747116088867,131700,0.0,0.0,0.0
2024-06-21 00:00:00-04:00,45.1210821978077,45.30908742414552,45.036480025250754,45.2432861328125,182500,0.0,0.0,0.0
2024-06-24 00:00:00-04:00,45.36547932176483,46.042296595396586,45.36547932176483,46.03289794921875,204300,0.0,0.0,0.0
2024-06-25 00:00:00-04:00,46.027235733264874,46.05552421610772,45.77262859604037,45.98008346557617,200600,0.154,0.0,0.0
2024-06-26 00:00:00-04:00,45.75377175839809,45.84806910625379,45.51802479154559,45.81035232543945,232300,0.0,0.0,0.0
2024-06-27 00:00:00-04:00,45.857493860418806,46.12152927108117,45.79148500775321,46.08380889892578,242800,0.0,0.0,0.0
2024-06-28 00:00:00-04:00,46.130968366220046,46.34785875828804,45.9895223333394,46.12154006958008,303600,0.0,0.0,0.0
2024-07-02 00:00:00-04:00,45.970658685512085,46.44215262074811,45.857501148275155,46.41386413574219,204100,0.0,0.0,0.0
2024-07-03 00:00:00-04:00,46.51759449255619,46.97022824957149,46.51759449255619,46.96079635620117,278500,0.0,0.0,0.0
2024-07-04 00:00:00-04:00,46.960799190752795,47.083388631473106,46.89479032202961,46.91365051269531,37300,0.0,0.0,0.0
2024-07-05 00:00:00-04:00,46.95136660470137,46.96079490056611,46.43272399902344,46.43272399902344,276800,0.0,0.0,0.0
2024-07-08 00:00:00-04:00,46.4704371156566,46.7533363302782,46.4704371156566,46.72504425048828,74300,0.0,0.0,0.0
2024-07-09 00:00:00-04:00,46.640180324429984,46.98908843483345,46.6024599453788,46.8570671081543,140600,0.0,0.0,0.0
2024-07-10 00:00:00-04:00,46.99852810510986,47.39458138935621,46.99852810510986,47.37572479248047,348700,0.0,0.0,0.0
2024-07-11 00:00:00-04:00,47.52660084083225,47.78120445779431,47.49830875222553,47.6774787902832,386100,0.0,0.0,0.0
2024-07-12 00:00:00-04:00,47.76233967672602,48.167824770865806,47.76233967672602,48.00751495361328,405600,0.0,0.0,0.0
2024-07-15 00:00:00-04:00,48.13952040296269,48.33754695267194,48.0735115530596,48.25267791748047,139600,0.0,0.0,0.0
2024-07-16 00:00:00-04:00,48.36585365539504,48.639321028956346,48.26212440354671,48.601600646972656,141100,0.0,0.0,0.0
2024-07-17 00:00:00-04:00,48.26212440354671,48.6676095168373,48.26212440354671,48.601600646972656,307200,0.0,0.0,0.0
2024-07-18 00:00:00-04:00,48.64874331753431,48.84676990267118,48.318699008972864,48.507293701171875,223600,0.0,0.0,0.0
2024-07-19 00:00:00-04:00,48.37527967084758,48.620458544965,48.252690233788876,48.318702697753906,220300,0.0,0.0,0.0
2024-07-22 00:00:00-04:00,48.57329976223354,48.78075822834658,48.40356526848365,48.761898040771484,201400,0.0,0.0,0.0
2024-07-23 00:00:00-04:00,48.76189802574917,48.79961840088773,48.488430701814046,48.65816879272461,171100,0.0,0.0,0.0
2024-07-24 00:00:00-04:00,48.48842704887814,48.67702531314969,48.32812086243556,48.346981048583984,164000,0.0,0.0,0.0
2024-07-25 00:00:00-04:00,48.28098394633708,48.77133811390085,48.205543183382545,48.53559112548828,82100,0.0,0.0,0.0
2024-07-26 00:00:00-04:00,48.76066129506288,49.04437271471898,48.76066129506288,49.0160026550293,559100,0.148,0.0,0.0
2024-07-29 00:00:00-04:00,49.12949158834508,49.17677622858597,48.82686556169919,48.968719482421875,157900,0.0,0.0,0.0
2024-07-30 00:00:00-04:00,49.06329291498668,49.46994731922761,49.06329291498668,49.2335205078125,261400,0.0,0.0,0.0
2024-07-31 00:00:00-04:00,49.46048975765242,49.7914894684323,49.28080667414582,49.53614807128906,176500,0.0,0.0,0.0
2024-08-01 00:00:00-04:00,49.60234336747279,49.60234336747279,48.56206328279589,48.75120544433594,410900,0.0,0.0,0.0
2024-08-02 00:00:00-04:00,48.14594952504143,48.14594952504143,47.304270762131175,47.587982177734375,1029600,0.0,0.0,0.0
2024-08-06 00:00:00-04:00,46.66119614302139,47.228619053436795,46.48151306316012,47.115135192871094,653000,0.0,0.0,0.0
2024-08-07 00:00:00-04:00,47.531240302654766,47.531240302654766,46.386935504191975,46.585533142089844,382300,0.0,0.0,0.0
2024-08-08 00:00:00-04:00,46.72740118628981,47.398852555739474,46.72740118628981,47.24753952026367,696000,0.0,0.0,0.0
2024-08-09 00:00:00-04:00,47.27590070284676,47.606896753119436,47.24752703597598,47.587982177734375,421900,0.0,0.0,0.0
2024-08-12 00:00:00-04:00,47.606912926981856,47.606912926981856,47.27591676425731,47.36103057861328,237000,0.0,0.0,0.0
2024-08-13 00:00:00-04:00,47.62581148917314,47.994636691460194,47.62581148917314,47.96626663208008,320600,0.0,0.0,0.0
2024-08-14 00:00:00-04:00,48.089210743339834,48.439125012561554,48.089210743339834,48.41075134277344,257600,0.0,0.0,0.0
2024-08-15 00:00:00-04:00,48.70391673529281,48.97817266622489,48.6471730092973,48.8363151550293,291400,0.0,0.0,0.0
2024-08-16 00:00:00-04:00,48.85522780920928,49.08219909667969,48.7795731184433,49.08219909667969,117800,0.0,0.0,0.0
2024-08-19 00:00:00-04:00,49.101119609139026,49.403749253794075,49.101119609139026,49.242977142333984,198500,0.0,0.0,0.0
2024-08-20 00:00:00-04:00,49.120032993220434,49.261890522966624,49.05383377469538,49.20514678955078,153400,0.0,0.0,0.0
2024-08-21 00:00:00-04:00,49.14840497988211,49.37537269059582,49.138945887510125,49.36591720581055,114800,0.0,0.0,0.0
2024-08-22 00:00:00-04:00,49.28080733448123,49.318636491806444,49.034921419454356,49.30917739868164,70700,0.0,0.0,0.0
2024-08-23 00:00:00-04:00,49.460489652840444,50.05628624491212,49.460489652840444,49.9144287109375,474500,0.0,0.0,0.0
2024-08-26 00:00:00-04:00,49.98063430082881,50.09412178550581,49.904979585298214,49.96172332763672,259900,0.0,0.0,0.0
2024-08-27 00:00:00-04:00,49.67530981731555,50.01672145322562,49.65634210224035,49.95033264160156,187800,0.148,0.0,0.0
2024-08-28 00:00:00-04:00,50.05464831463298,50.35812449037512,49.94084565316002,50.07361602783203,87700,0.0,0.0,0.0
2024-08-29 00:00:00-04:00,50.339172851739264,50.6900665884499,50.32020513384649,50.39607238769531,347300,0.0,0.0,0.0
2024-08-30 00:00:00-04:00,50.415025017785595,50.92714239446131,50.415025017785595,50.8702392578125,291900,0.0,0.0,0.0
2024-09-03 00:00:00-04:00,50.690047766004014,50.89868534990777,50.54779174349246,50.66159439086914,183600,0.0,0.0,0.0
2024-09-04 00:00:00-04:00,50.50037963983516,50.92714413498366,50.50037963983516,50.90817642211914,193600,0.0,0.0,0.0
2024-09-05 00:00:00-04:00,50.93662158328174,51.15474483494656,50.80385122293976,50.955589294433594,265100,0.0,0.0,0.0
2024-09-06 00:00:00-04:00,50.946099481992704,51.34441050230401,50.471917628639,50.71849060058594,216900,0.0,0.0,0.0
2024-09-09 00:00:00-04:00,50.898691608753154,51.51512962514334,50.898691608753154,51.43926239013672,172200,0.0,0.0,0.0
2024-09-10 00:00:00-04:00,51.40131907172616,51.54357147216797,50.98403668123354,51.54357147216797,218500,0.0,0.0,0.0
2024-09-11 00:00:00-04:00,51.46770671747771,51.98930611289138,51.183198285226716,51.97982406616211,187300,0.0,0.0,0.0
2024-09-12 00:00:00-04:00,51.989313522787704,52.32123947143555,51.90396061917519,52.32123947143555,164300,0.0,0.0,0.0
2024-09-13 00:00:00-04:00,52.406594018431996,52.62472092606526,52.340208826620696,52.463497161865234,210900,0.0,0.0,0.0
2024-09-16 00:00:00-04:00,52.57730487739556,52.86181700414768,52.52040534622272,52.814395904541016,108400,0.0,0.0,0.0
2024-09-17 00:00:00-04:00,52.98508817244314,52.9945738370255,52.70057973623039,52.852317810058594,95300,0.0,0.0,0.0
2024-09-18 00:00:00-04:00,52.81438985402798,52.97561361523222,52.567816805842234,52.71955490112305,233000,0.0,0.0,0.0
2024-09-19 00:00:00-04:00,53.25063618329689,53.43082402784295,52.96612410976345,53.402374267578125,366400,0.0,0.0,0.0
2024-09-20 00:00:00-04:00,53.36443909370667,53.55411260438291,53.15579787019068,53.430824279785156,356900,0.0,0.0,0.0
2024-09-23 00:00:00-04:00,53.46875875086342,53.46875875086342,53.09889740139479,53.3454704284668,133300,0.0,0.0,0.0
2024-09-24 00:00:00-04:00,53.41964170182629,53.448166515511346,53.2199607515005,53.24848556518555,92000,0.148,0.0,0.0
2024-09-25 00:00:00-04:00,53.162909821313214,53.32455890288182,53.08684243907211,53.26750564575195,76500,0.0,0.0,0.0
2024-09-26 00:00:00-04:00,53.38160054387003,53.96162920912342,53.38160054387003,53.752437591552734,101900,0.0,0.0,0.0
2024-09-27 00:00:00-04:00,53.809497827597966,53.99967172033326,53.752444571597785,53.76195526123047,100000,0.0,0.0,0.0
2024-09-30 00:00:00-04:00,53.50521348180597,53.895068274498904,53.50521348180597,53.857032775878906,103800,0.0,0.0,0.0
2024-10-01 00:00:00-04:00,53.72391891479492,53.83802179774075,53.353081824772055,53.72391891479492,407400,0.0,0.0,0.0
2024-10-02 00:00:00-04:00,53.628829120249016,53.88555967773677,53.533740370008246,53.638336181640625,327200,0.0,0.0,0.0
2024-10-03 00:00:00-04:00,53.562277907680695,53.58129203369396,53.28652592603609,53.52424240112305,201400,0.0,0.0,0.0
2024-10-04 00:00:00-04:00,53.77146846666506,54.047220461270975,53.77146846666506,53.97114944458008,341600,0.0,0.0,0.0
2024-10-07 00:00:00-04:00,53.942616973735404,54.02819504173824,53.54325507456564,53.78097152709961,260300,0.0,0.0,0.0
2024-10-08 00:00:00-04:00,53.647841782767394,53.96162920912342,53.543249601246885,53.752437591552734,176200,0.0,0.0,0.0
2024-10-09 00:00:00-04:00,53.723915335365334,54.01868502620663,53.723915335365334,53.961631774902344,104900,0.0,0.0,0.0
2024-10-10 00:00:00-04:00,53.676369598331135,53.866543464166305,53.58128085178116,53.857032775878906,152800,0.0,0.0,0.0
2024-10-11 00:00:00-04:00,53.819003014034344,54.408542423691124,53.819003014034344,54.26591110229492,260800,0.0,0.0,0.0
2024-10-15 00:00:00-04:00,54.23738881864647,54.52264784747866,54.19935331419809,54.42756271362305,135400,0.0,0.0,0.0
2024-10-16 00:00:00-04:00,54.45608627866296,54.88397662572464,54.45608627866296,54.82692337036133,151800,0.0,0.0,0.0
2024-10-17 00:00:00-04:00,54.931519421331714,55.23579619667826,54.931519421331714,55.159725189208984,1262400,0.0,0.0,0.0
2024-10-18 00:00:00-04:00,55.15972687681469,55.38793627893928,55.01709917434403,55.28334045410156,155700,0.0,0.0,0.0
2024-10-21 00:00:00-04:00,55.23579682515558,55.32137489589959,54.84594197560294,54.960044860839844,203500,0.0,0.0,0.0
2024-10-22 00:00:00-04:00,54.68429121123164,54.87446509894247,54.47510319928841,54.836429595947266,169200,0.0,0.0,0.0
2024-10-23 00:00:00-04:00,54.69379892019934,54.864955047085814,54.418046979408366,54.77937698364258,106000,0.0,0.0,0.0
2024-10-24 00:00:00-04:00,54.57970531967908,54.93152469483645,54.57970531967908,54.90299987792969,81000,0.0,0.0,0.0
2024-10-25 00:00:00-04:00,54.88397576056333,55.102674461777355,54.560681239798,54.64625930786133,109600,0.0,0.0,0.0
2024-10-28 00:00:00-04:00,54.69583180725307,55.201037864256435,54.69583180725307,55.153377532958984,141600,0.142,0.0,0.0
2024-10-29 00:00:00-04:00,55.11524332143135,55.17243789607695,54.86740743713353,55.02945327758789,151600,0.0,0.0,0.0
2024-10-30 00:00:00-04:00,54.85787468270438,55.22963033739234,54.85787468270438,55.01992416381836,115800,0.0,0.0,0.0
2024-10-31 00:00:00-04:00,54.69582391646745,54.705354526851906,54.11435850427409,54.25733947753906,269000,0.0,0.0,0.0
2024-11-01 00:00:00-04:00,54.428924098162575,54.7816185280749,54.428924098162575,54.71489334106445,227000,0.0,0.0,0.0
2024-11-04 00:00:00-05:00,54.59097407589584,55.000859449125244,54.55284435832799,54.76255416870117,186900,0.0,0.0,0.0
2024-11-05 00:00:00-05:00,54.8006725523289,55.21055420453608,54.8006725523289,55.172428131103516,136100,0.0,0.0,0.0
2024-11-06 00:00:00-05:00,56.1256665758801,56.182857522006344,55.525136187801834,56.10660171508789,447900,0.0,0.0,0.0
2024-11-07 00:00:00-05:00,56.144724660976415,56.54507578054622,56.144724660976415,56.38302993774414,230700,0.0,0.0,0.0
2024-11-08 00:00:00-05:00,56.37349850710474,56.383032754951806,56.13519321842997,56.36396789550781,70900,0.0,0.0,0.0
2024-11-11 00:00:00-05:00,56.63086817288409,57.09794813465847,56.63086817288409,56.87870407104492,121600,0.0,0.0,0.0
2024-11-12 00:00:00-05:00,56.88823632169303,56.88823632169303,56.49741581076526,56.76431655883789,230000,0.0,0.0,0.0
2024-11-13 00:00:00-05:00,56.80244959654392,56.89777025892771,56.621338883514646,56.71665954589844,115300,0.0,0.0,0.0
2024-11-14 00:00:00-05:00,56.88822856871144,57.19325899243782,56.88822856871144,57.02167892456055,119600,0.0,0.0,0.0
2024-11-15 00:00:00-05:00,56.916833293173575,56.9835584819522,56.60227220839577,56.75478744506836,236700,0.0,0.0,0.0
2024-11-18 00:00:00-05:00,56.6785178956367,56.92635738366472,56.64992243019094,56.745243072509766,125700,0.0,0.0,0.0
2024-11-19 00:00:00-05:00,56.34489927101268,56.8596395328545,56.23051375824223,56.85010528564453,156300,0.0,0.0,0.0
2024-11-20 00:00:00-05:00,56.907293730886735,56.91682434082031,56.64992362768618,56.91682434082031,175900,0.0,0.0,0.0
2024-11-21 00:00:00-05:00,56.93785064719136,57.60669674202453,56.842302767180044,57.492034912109375,241200,0.142,0.0,0.0
2024-11-22 00:00:00-05:00,57.43471558816461,57.67358896615902,57.43471558816461,57.60670471191406,131700,0.0,0.0,0.0
2024-11-25 00:00:00-05:00,57.86469221802072,58.017571044234145,57.635372156241225,57.66403579711914,165500,0.0,0.0,0.0
2024-11-26 00:00:00-05:00,57.549369145472035,57.96023161406417,57.39649034168786,57.90290069580078,87900,0.0,0.0,0.0
2024-11-27 00:00:00-05:00,57.8264649313718,58.16088618610926,57.8264649313718,58.15133285522461,37800,0.0,0.0,0.0
2024-11-28 00:00:00-05:00,58.18954583274686,58.30420401290835,58.0844409822164,58.12266159057617,18200,0.0,0.0,0.0
2024-11-29 00:00:00-05:00,58.01756203643497,58.37109358374198,58.01756203643497,58.285099029541016,59600,0.0,0.0,0.0
2024-12-02 00:00:00-05:00,58.33287065314338,58.56219067020314,58.13221791628985,58.36153793334961,130400,0.0,0.0,0.0
2024-12-03 00:00:00-05:00,58.237322262036436,58.4570853021295,57.979338611948585,58.103553771972656,201000,0.0,0.0,0.0
2024-12-04 00:00:00-05:00,58.218203162554055,58.49529707578129,58.09398802129402,58.17042922973633,132300,0.0,0.0,0.0
2024-12-05 00:00:00-05:00,57.750020249868,58.44753000010669,57.72135661401047,58.32331848144531,57700,0.0,0.0,0.0
2024-12-06 00:00:00-05:00,58.4570836715657,58.76284125315944,58.4570836715657,58.581298828125,115600,0.0,0.0,0.0
2024-12-09 00:00:00-05:00,58.47619877782998,58.62907758118056,58.237325419787304,58.42842483520508,66800,0.0,0.0,0.0
2024-12-10 00:00:00-05:00,58.34242364116496,58.457081819400294,58.227761818011864,58.304203033447266,105100,0.0,0.0,0.0
2024-12-11 00:00:00-05:00,58.47619761670914,58.629076417024116,58.38064608843846,58.49530792236328,200200,0.0,0.0,0.0
2024-12-12 00:00:00-05:00,58.39019838716349,58.39019838716349,57.98888929040432,58.093994140625,217300,0.0,0.0,0.0
2024-12-13 00:00:00-05:00,58.11310942255501,58.1704403398365,57.8837930432653,57.998451232910156,196800,0.0,0.0,0.0
2024-12-16 00:00:00-05:00,57.90290615486134,58.21822076766042,57.864689184000866,58.06534194946289,136900,0.0,0.0,0.0
2024-12-17 00:00:00-05:00,57.769131042963245,57.988894091201274,57.72135710115813,57.883792877197266,165200,0.0,0.0,0.0
2024-12-18 00:00:00-05:00,57.826457037192405,57.826457037192405,56.55564915283779,56.727638244628906,602500,0.0,0.0,0.0
2024-12-19 00:00:00-05:00,56.9856282164709,56.9856282164709,56.64164999465426,56.651206970214844,355000,0.0,0.0,0.0
2024-12-20 00:00:00-05:00,56.45055224601527,57.224499573087066,56.297669801744405,56.95696258544922,412100,0.0,0.0,0.0
2024-12-23 00:00:00-05:00,56.76585989036391,57.224496261884006,56.75630656060881,57.214942932128906,127700,0.0,0.0,0.0
2024-12-24 00:00:00-05:00,57.15761979889115,57.37738286235035,57.109845853777124,57.32960891723633,128200,0.0,0.0,0.0
2024-12-27 00:00:00-05:00,57.29138350122738,57.57803079280418,57.234056229862865,57.453819274902344,160700,0.0,0.0,0.0
2024-12-30 00:00:00-05:00,57.082201555913414,57.388682890568454,56.86191832497671,57.24502182006836,223200,0.142,0.0,0.0
2024-12-31 00:00:00-05:00,57.2737548588865,57.4940380958056,57.23544377762775,57.340797424316406,298300,0.0,0.0,0.0
2025-01-02 00:00:00-05:00,57.53236230843953,57.589828943444026,56.97686611758261,57.13968276977539,210000,0.0,0.0,0.0
2025-01-03 00:00:00-05:00,57.28333957150986,57.599396886254695,57.28333957150986,57.551509857177734,132800,0.0,0.0,0.0
2025-01-06 00:00:00-05:00,57.72390010831776,57.72390010831776,57.23544296308467,57.31206512451172,214100,0.0,0.0,0.0
2025-01-07 00:00:00-05:00,57.49404052284238,57.70474782511443,57.120516598666256,57.16840362548828,197100,0.0,0.0,0.0
2025-01-08 00:00:00-05:00,57.10136108440751,57.56108311850048,57.01516297466845,57.50362014770508,128800,0.0,0.0,0.0
2025-01-09 00:00:00-05:00,57.45574827865324,57.58983345061104,57.45574827865324,57.54194641113281,25600,0.0,0.0,0.0
2025-01-10 00:00:00-05:00,57.33122771591891,57.33122771591891,56.44051507428411,56.57460021972656,342800,0.0,0.0,0.0
2025-01-13 00:00:00-05:00,56.143599190240714,56.42134902754605,56.143599190240714,56.26810836791992,111300,0.0,0.0,0.0
2025-01-14 00:00:00-05:00,56.4596721570472,56.53629067644158,56.19149820530112,56.41178512573242,165000,0.0,0.0,0.0
2025-01-15 00:00:00-05:00,56.97685097724246,57.187554609175834,56.93853989741979,57.101356506347656,357600,0.0,0.0,0.0
2025-01-16 00:00:00-05:00,57.17798599498771,57.54193399286213,57.17798599498771,57.51319885253906,192900,0.0,0.0,0.0
2025-01-17 00:00:00-05:00,57.79095595408459,58.049550328011414,57.79095595408459,57.96335220336914,271700,0.0,0.0,0.0
2025-01-20 00:00:00-05:00,57.99206205848847,58.174037839035655,57.75262331864868,57.83882141113281,226900,0.0,0.0,0.0
2025-01-21 00:00:00-05:00,57.877143650388916,58.317710139824975,57.877143650388916,58.250667572021484,99000,0.0,0.0,0.0
2025-01-22 00:00:00-05:00,58.327285562486416,58.327285562486416,58.00164869065718,58.06869125366211,123000,0.0,0.0,0.0
2025-01-23 00:00:00-05:00,58.05911066357184,58.4230586090472,58.05911066357184,58.413482666015625,354700,0.0,0.0,0.0
2025-01-24 00:00:00-05:00,58.28899176450593,58.652939824113815,58.28899176450593,58.60504913330078,196800,0.0,0.0,0.0
2025-01-27 00:00:00-05:00,58.221934992506746,58.70081255555704,58.221934992506746,58.63376998901367,131800,0.0,0.0,0.0
2025-01-28 00:00:00-05:00,58.61457355416056,58.81616226209192,58.5185763156788,58.77776336669922,152500,0.14,0.0,0.0
2025-01-29 00:00:00-05:00,58.74897337861379,59.06575515044863,58.65297612811787,58.825767517089844,129800,0.0,0.0,0.0
2025-01-30 00:00:00-05:00,59.05615518743976,59.440133190209465,59.02735784426018,59.23854446411133,358600,0.0,0.0,0.0
2025-01-31 00:00:00-05:00,59.286535298921144,59.35373519612138,58.76816486417786,58.8929557800293,391800,0.0,0.0,0.0
2025-02-03 00:00:00-05:00,57.03066626194725,57.98101898822936,57.03066626194725,57.77942657470703,382200,0.0,0.0,0.0
2025-02-04 00:00:00-05:00,57.83701240822544,58.009803775593674,57.241844177246094,57.241844177246094,576500,0.0,0.0,0.0
2025-02-05 00:00:00-05:00,57.31864755617326,57.673831903038646,57.18425506251427,57.66423034667969,257800,0.0,0.0,0.0
2025-02-06 00:00:00-05:00,58.04820971354898,58.163402751796575,57.894617775245294,58.134605407714844,394700,0.0,0.0,0.0
2025-02-07 00:00:00-05:00,58.12499645230633,58.12499645230633,57.85621150997193,58.07699966430664,332800,0.0,0.0,0.0
2025-02-10 00:00:00-05:00,58.36497657499372,58.41297335684282,58.000194441485085,58.048194885253906,76700,0.0,0.0,0.0
2025-02-11 00:00:00-05:00,57.90420143359838,57.990597106523936,57.59701763251189,57.92340087890625,43000,0.0,0.0,0.0
2025-02-12 00:00:00-05:00,57.750620518589734,58.00980758666992,57.635427486749805,58.00980758666992,86500,0.0,0.0,0.0
2025-02-13 00:00:00-05:00,58.09620737064306,58.15380572158277,57.702627794023435,57.961814880371094,86200,0.0,0.0,0.0
2025-02-14 00:00:00-05:00,58.115394592285156,58.30738539309803,58.08659359191526,58.115394592285156,58700,0.0,0.0,0.0
2025-02-18 00:00:00-05:00,58.153791430743986,58.604965585510094,58.153791430743986,58.54737091064453,93500,0.0,0.0,0.0
2025-02-19 00:00:00-05:00,58.28819232597024,58.42258480267139,57.97140692067155,58.37458801269531,148900,0.0,0.0,0.0
2025-02-20 00:00:00-05:00,58.38418281327187,58.624170412360264,58.17299255425963,58.21139144897461,101200,0.0,0.0,0.0
2025-02-21 00:00:00-05:00,58.25939446638562,58.33619226402797,57.65462828859461,57.731422424316406,146000,0.0,0.0,0.0
2025-02-24 00:00:00-05:00,57.8562169363095,57.99060942008137,57.54903306999648,57.7506217956543,66100,0.0,0.0,0.0
2025-02-25 00:00:00-05:00,58.05852660609165,58.32793854736397,57.75062619593402,58.173988342285156,193900,0.14,0.0,0.0
2025-02-26 00:00:00-05:00,58.33756164749157,58.60697358482772,57.98154882119753,58.31831741333008,108100,0.0,0.0,0.0
2025-02-27 00:00:00-05:00,58.395289937150224,58.597352558045934,57.856466069327844,57.89495086669922,130300,0.0,0.0,0.0
2025-02-28 00:00:00-05:00,57.92380885081206,58.65507125854492,57.817967418142196,58.65507125854492,199500,0.0,0.0,0.0
2025-03-03 00:00:00-05:00,58.674327426406904,58.99185178901706,57.856467650137404,58.173988342285156,498000,0.0,0.0,0.0
2025-03-04 00:00:00-05:00,57.346501782160495,57.375369967630355,56.22074165131619,56.5575065612793,849600,0.0,0.0,0.0
2025-03-05 00:00:00-05:00,56.403558011309435,57.000118255615234,56.403558011309435,57.000118255615234,358800,0.0,0.0,0.0
2025-03-06 00:00:00-05:00,56.40355076400904,56.69220689681399,55.86472696156295,56.028297424316406,486200,0.0,0.0,0.0
2025-03-07 00:00:00-05:00,55.78775670972391,56.42280174605682,55.604941993516455,56.336204528808594,407100,0.0,0.0,0.0
2025-03-10 00:00:00-04:00,55.5279658504019,55.835866256020154,55.10460371029239,55.450992584228516,553100,0.0,0.0,0.0
2025-03-11 00:00:00-04:00,55.19119557622654,55.460607487398825,54.498417895541216,54.681236267089844,388400,0.0,0.0,0.0
2025-03-12 00:00:00-04:00,54.931398945592086,55.220055062780744,54.58501013678102,55.066104888916016,258100,0.0,0.0,0.0
2025-03-13 00:00:00-04:00,54.89291908990121,54.96989602413184,54.26749801635742,54.26749801635742,466700,0.0,0.0,0.0
2025-03-14 00:00:00-04:00,54.53690601733062,55.316280903202795,54.53690601733062,55.248924255371094,224000,0.0,0.0,0.0
2025-03-17 00:00:00-04:00,55.25854982086093,55.893594819227324,55.25854982086093,55.855106353759766,397800,0.0,0.0,0.0
2025-03-18 00:00:00-04:00,55.7685063075203,55.85510351519037,55.47985017210734,55.710777282714844,283200,0.0,0.0,0.0
2025-03-19 00:00:00-04:00,55.80699807096288,56.48053154039451,55.80699807096288,56.355445861816406,262400,0.0,0.0,0.0
2025-03-20 00:00:00-04:00,56.182253416561466,56.52864227993374,56.16300918298942,56.316959381103516,201300,0.0,0.0,0.0
2025-03-21 00:00:00-04:00,56.08602808314951,56.268842770848735,55.80699224103352,56.23035430908203,258800,0.0,0.0,0.0
2025-03-24 00:00:00-04:00,56.605618743977985,57.12519836425781,56.605618743977985,57.12519836425781,155300,0.0,0.0,0.0
2025-03-25 00:00:00-04:00,57.30801010131836,57.50044507220195,57.202168665055304,57.30801010131836,88100,0.0,0.0,0.0
2025-03-26 00:00:00-04:00,57.414102718634574,57.5877052085164,56.902941875710376,57.057254791259766,203400,0.14,0.0,0.0
2025-03-27 00:00:00-04:00,56.93187652951522,57.009034829734226,56.75827403313271,56.92223358154297,195200,0.0,0.0,0.0
2025-03-28 00:00:00-04:00,56.73898779118038,56.90294365948055,56.01564528703444,56.03493118286133,228000,0.0,0.0,0.0
2025-03-31 00:00:00-04:00,55.5526964132519,56.69075544897265,55.5526964132519,56.54608917236328,274700,0.0,0.0,0.0
2025-04-01 00:00:00-04:00,56.42070994495235,56.96080695437504,56.044572467310246,56.89329528808594,154800,0.0,0.0,0.0
2025-04-02 00:00:00-04:00,56.52680654751519,57.529842376708984,56.37249362603232,57.529842376708984,203800,0.0,0.0,0.0
2025-04-03 00:00:00-04:00,56.41107533268636,56.787212865902724,55.716665314988184,55.74559783935547,381100,0.0,0.0,0.0
2025-04-04 00:00:00-04:00,54.607533921910516,54.703981793368214,52.94867100304934,53.46947479248047,979700,0.0,0.0,0.0
2025-04-07 00:00:00-04:00,51.347672103733196,53.43089825723441,51.347672103733196,52.350704193115234,619400,0.0,0.0,0.0
2025-04-08 00:00:00-04:00,53.57556134627084,53.75881044789657,51.617715700423986,51.97456359863281,657800,0.0,0.0,0.0
2025-04-09 00:00:00-04:00,51.5694928427921,54.3085495886091,51.09690751506135,54.22174835205078,417700,0.0,0.0,0.0
2025-04-10 00:00:00-04:00,53.57556115474005,53.57556115474005,51.714159700217124,52.3024787902832,546200,0.0,0.0,0.0
2025-04-11 00:00:00-04:00,52.099949390994105,53.41161104169026,52.099949390994105,53.26694107055664,434900,0.0,0.0,0.0
2025-04-14 00:00:00-04:00,54.05779754627404,54.34713382177452,53.729882119610735,54.18317794799805,332700,0.0,0.0,0.0
2025-04-15 00:00:00-04:00,54.35676854654834,54.810064275676886,54.308546457709234,54.61717224121094,737600,0.0,0.0,0.0
2025-04-16 00:00:00-04:00,54.462867736816406,54.713624844862395,53.95170321489517,54.462867736816406,354900,0.0,0.0,0.0
2025-04-17 00:00:00-04:00,54.530383781614944,54.89687468591825,54.39536042959684,54.636474609375,317700,0.0,0.0,0.0
2025-04-21 00:00:00-04:00,54.33749395549697,54.49180688979036,53.82633305048334,54.17353439331055,178700,0.0,0.0,0.0
2025-04-22 00:00:00-04:00,54.59789231890813,55.27301271929783,54.59789231890813,55.25372314453125,320400,0.0,0.0,0.0
2025-04-23 00:00:00-04:00,56.32426858717407,56.430355725877575,55.716659880948185,55.832393646240234,510700,0.0,0.0,0.0
2025-04-24 00:00:00-04:00,55.938477246777346,56.39177298109216,55.697363120713646,56.33390426635742,166700,0.0,0.0,0.0
2025-04-25 00:00:00-04:00,56.19752571850004,56.58442927492666,56.18785478999297,56.48770523071289,162500,0.169,0.0,0.0
2025-04-28 00:00:00-04:00,56.51670811377005,56.95197358762236,56.51670811377005,56.70048522949219,84800,0.0,0.0,0.0
2025-04-29 00:00:00-04:00,56.690836983686246,57.27118872114813,56.67149143379933,57.24217224121094,166600,0.0,0.0,0.0
2025-04-30 00:00:00-04:00,56.932638273357384,57.39692029894594,56.507043649228706,57.31953811645508,224100,0.0,0.0,0.0
2025-05-01 00:00:00-04:00,57.435611766892244,57.76447866506426,57.33888403814426,57.49364471435547,276600,0.0,0.0,0.0
2025-05-02 00:00:00-04:00,57.99663192800881,58.170738192278456,57.70645605082156,58.11270523071289,283300,0.0,0.0,0.0
2025-05-05 00:00:00-04:00,57.957930972346745,58.2771269658294,57.86120692632609,57.96760559082031,56000,0.0,0.0,0.0
2025-05-06 00:00:00-04:00,57.735450744628906,57.98693911579995,57.51298253307611,57.735450744628906,147200,0.0,0.0,0.0
2025-05-07 00:00:00-04:00,58.035317877271346,58.22876967481948,57.938593823390356,58.132041931152344,236700,0.0,0.0,0.0
2025-05-08 00:00:00-04:00,58.180403497363606,58.77042608760405,58.064330213243565,58.55763244628906,207600,0.0,0.0,0.0
2025-05-09 00:00:00-04:00,58.81878851736798,58.81878851736798,58.42221404322764,58.54795455932617,223000,0.0,0.0,0.0
2025-05-12 00:00:00-04:00,59.5055446431937,59.64095979060522,59.118641059344185,59.17667770385742,169400,0.0,0.0,0.0
2025-05-13 00:00:00-04:00,59.32176539009423,59.52488810408889,59.21536672377724,59.38947296142578,93500,0.0,0.0,0.0
2025-05-14 00:00:00-04:00,59.40881799315956,59.80539620326932,59.40881799315956,59.75703048706055,701800,0.0,0.0,0.0
2025-05-15 00:00:00-04:00,59.766708876471206,60.376077089452515,59.728017776977886,60.35673522949219,228400,0.0,0.0,0.0
2025-05-16 00:00:00-04:00,60.31804501448797,60.64691198543096,60.31804501448797,60.52116775512695,111300,0.0,0.0,0.0
2025-05-20 00:00:00-04:00,60.414755767838194,60.821004849421705,60.414755767838194,60.5501708984375,98000,0.0,0.0,0.0
2025-05-21 00:00:00-04:00,60.230979338271396,60.35672354238318,59.81505932372025,59.94080352783203,142900,0.0,0.0,0.0
2025-05-22 00:00:00-04:00,60.046518383813435,60.54116583438903,60.02711993674913,60.29869079589844,202400,0.169,0.0,0.0
2025-05-23 00:00:00-04:00,59.99802873542256,60.47327777552393,59.78464950116233,60.279300689697266,176200,0.0,0.0,0.0
2025-05-26 00:00:00-04:00,60.55087620279783,60.72545855330058,60.453887652463436,60.56057357788086,149800,0.0,0.0,0.0
2025-05-27 00:00:00-04:00,60.62845423774898,61.2782892352726,60.62845423774898,61.19099807739258,204100,0.0,0.0,0.0
2025-05-28 00:00:00-04:00,61.29769784649441,61.511073390126796,61.2685983224586,61.3267936706543,201000,0.0,0.0,0.0
2025-05-29 00:00:00-04:00,61.58867624001167,61.58867624001167,60.783657121091295,60.98733901977539,141300,0.0,0.0,0.0
2025-05-30 00:00:00-04:00,61.04552048317399,61.18130962624792,60.851543392820034,61.05522155761719,256800,0.0,0.0,0.0
2025-06-02 00:00:00-04:00,60.919441172539564,61.21041053210541,60.67696608958867,61.12311935424805,186400,0.0,0.0,0.0
2025-06-03 00:00:00-04:00,61.22011041528355,61.317102672362765,61.04552805241726,61.258907318115234,204900,0.0,0.0,0.0
2025-06-04 00:00:00-04:00,61.297691660941034,61.317090108382104,60.93882963297015,61.084312438964844,86300,0.0,0.0,0.0
2025-06-05 00:00:00-04:00,61.22980062639353,61.268593822465505,60.90003441059009,61.14250946044922,135400,0.0,0.0,0.0
2025-06-06 00:00:00-04:00,61.52076833713101,61.63715532205403,61.384982904741555,61.49167251586914,69400,0.0,0.0,0.0
2025-06-09 00:00:00-04:00,61.45287904842325,61.45287904842325,61.152208645737275,61.29769515991211,128300,0.0,0.0,0.0
2025-06-10 00:00:00-04:00,61.278297259409115,61.462576972453036,61.23950036196541,61.384986877441406,121500,0.0,0.0,0.0
2025-06-11 00:00:00-04:00,61.48197161854378,61.55956540863205,61.17160385794181,61.181304931640625,144100,0.0,0.0,0.0
2025-06-12 00:00:00-04:00,61.132806533299046,61.39468002319336,61.026116922615195,61.39468002319336,303900,0.0,0.0,0.0
2025-06-13 00:00:00-04:00,61.12311318102033,61.152209004075495,60.793346953517336,60.880638122558594,110100,0.0,0.0,0.0
2025-06-16 00:00:00-04:00,61.03582165432286,61.627461385482746,61.03582165432286,61.29769515991211,380200,0.0,0.0,0.0
2025-06-17 00:00:00-04:00,61.15221518024179,61.2686021840929,60.929138547912096,61.12311935424805,113000,0.0,0.0,0.0
2025-06-18 00:00:00-04:00,61.44317907169052,61.65655830965806,61.384987424881786,61.4722785949707,126200,0.0,0.0,0.0
2025-06-19 00:00:00-04:00,61.20070614278112,61.44318121260177,61.152211868792186,61.414085388183594,90800,0.0,0.0,0.0
2025-06-20 00:00:00-04:00,61.81174705713217,61.81174705713217,61.34619534670751,61.44318389892578,176200,0.0,0.0,0.0
2025-06-23 00:00:00-04:00,61.34619536442203,61.86994242625455,61.29770108829889,61.85054397583008,130300,0.0,0.0,0.0
2025-06-24 00:00:00-04:00,62.151219299012865,62.558575690358246,62.141518223099084,62.432491302490234,403000,0.0,0.0,0.0
2025-06-25 00:00:00-04:00,62.38289849053799,62.38289849053799,62.05226412574999,62.178680419921875,56200,0.169,0.0,0.0
2025-06-26 00:00:00-04:00,62.31481466438778,62.655171865144055,62.31481466438778,62.625999450683594,59900,0.0,0.0,0.0
2025-06-27 00:00:00-04:00,62.61626549706022,63.15111776355359,62.60653888697043,62.859378814697266,86700,0.0,0.0,0.0
2025-06-30 00:00:00-04:00,62.94691880933641,63.27754944067841,62.87884736057591,63.22892379760742,173300,0.0,0.0,0.0
2025-07-02 00:00:00-04:00,63.30671197173562,63.30671197173562,62.91772914561256,63.0635986328125,82900,0.0,0.0,0.0
2025-07-03 00:00:00-04:00,63.20946516401741,63.65679279640901,63.20946516401741,63.57899475097656,90100,0.0,0.0,0.0
2025-07-04 00:00:00-04:00,63.442860358528534,63.67625452601276,63.442860358528534,63.58872985839844,80300,0.0,0.0,0.0
2025-07-07 00:00:00-04:00,63.666525365011665,63.977710156633144,63.32616815843047,63.374786376953125,230600,0.0,0.0,0.0
2025-07-08 00:00:00-04:00,63.413689125015495,63.501213794262085,63.131676731802635,63.326171875,145900,0.0,0.0,0.0
2025-07-09 00:00:00-04:00,63.442855278179415,63.705421840765744,63.41368286438768,63.481754302978516,117600,0.0,0.0,0.0
2025-07-10 00:00:00-04:00,63.49148047732164,64.0944042287155,63.45258145279007,63.89018249511719,87000,0.0,0.0,0.0
2025-07-11 00:00:00-04:00,63.59846639651104,63.63736543049637,63.33589977191813,63.56929397583008,84400,0.0,0.0,0.0
2025-07-14 00:00:00-04:00,63.47203434303943,63.792945766836695,63.42341612136875,63.744327545166016,129800,0.0,0.0,0.0
2025-07-15 00:00:00-04:00,63.754047318510636,63.77350054274096,63.36507186467861,63.384517669677734,87900,0.0,0.0,0.0
2025-07-16 00:00:00-04:00,63.52065092434579,63.97770517440368,63.190020354909066,63.958251953125,255500,0.0,0.0,0.0
2025-07-17 00:00:00-04:00,63.79293823164927,64.72649255669036,63.79293823164927,64.61952209472656,117900,0.0,0.0,0.0
2025-07-18 00:00:00-04:00,64.66813967070222,64.66813967070222,64.44447216377121,64.52227020263672,74100,0.0,0.0,0.0
2025-07-21 00:00:00-04:00,64.51254601427162,64.61951646691921,64.34723073989977,64.36668395996094,527300,0.0,0.0,0.0
2025-07-22 00:00:00-04:00,64.34723073989977,64.42502878168521,64.22081448642064,64.36668395996094,46100,0.0,0.0,0.0
2025-07-23 00:00:00-04:00,64.49311880722988,64.93071993478446,64.49311880722988,64.77513122558594,141400,0.0,0.0,0.0
2025-07-24 00:00:00-04:00,64.87236179693157,64.99877806094109,64.68759328710745,64.70704650878906,193500,0.0,0.0,0.0
2025-07-25 00:00:00-04:00,64.707043389847,65.10574538433937,64.668144367589,65.03767395019531,52800,0.0,0.0,0.0
2025-07-28 00:00:00-04:00,65.03475160144818,65.03475160144818,64.69354242534659,64.81053161621094,103300,0.167,0.0,0.0
2025-07-29 00:00:00-04:00,64.86904093600442,64.976279198669,64.6058170411716,64.76180267333984,86100,0.0,0.0,0.0
2025-07-30 00:00:00-04:00,64.93728185799685,65.00552371163928,64.26460684508984,64.43033599853516,96200,0.0,0.0,0.0
2025-07-31 00:00:00-04:00,64.3425784640846,64.61554578873243,64.06961113943676,64.17684936523438,220200,0.0,0.0,0.0
2025-08-01 00:00:00-04:00,63.572432877254705,63.63092376546281,63.08498897471069,63.582183837890625,179300,0.0,0.0,0.0
2025-08-05 00:00:00-04:00,64.14761891358093,64.46932622832279,63.93314241188403,64.2938461303711,322800,0.0,0.0,0.0
2025-08-06 00:00:00-04:00,64.53756713867188,64.66430730845507,64.32309807789146,64.53756713867188,120900,0.0,0.0,0.0
2025-08-07 00:00:00-04:00,64.59604937601195,64.66429120513044,63.96237099831087,64.08910369873047,180000,0.0,0.0,0.0
2025-08-08 00:00:00-04:00,64.16712027761929,64.16712027761929,63.90390382136704,63.96239471435547,130600,0.0,0.0,0.0
2025-08-11 00:00:00-04:00,63.94289329766943,64.23536264053541,63.94289329766943,64.06963348388672,141700,0.0,0.0,0.0
2025-08-12 00:00:00-04:00,64.19635227976009,64.64479972029844,64.19635227976009,64.50831604003906,100800,0.0,0.0,0.0
2025-08-13 00:00:00-04:00,64.80080206572272,65.03477308694607,64.80080206572272,64.94703674316406,65600,0.0,0.0,0.0
2025-08-14 00:00:00-04:00,64.87878435784818,65.2199935913086,64.86903339751976,65.2199935913086,32600,0.0,0.0,0.0
2025-08-15 00:00:00-04:00,65.28823491727216,65.3467258031693,65.09325290127603,65.11275482177734,187800,0.0,0.0,0.0
2025-08-18 00:00:00-04:00,65.06402210990375,65.13226397141872,64.9665347988545,65.12252044677734,74800,0.0,0.0,0.0
2025-08-19 00:00:00-04:00,65.12250387932467,65.28823300972668,65.0055146731451,65.02500915527344,821300,0.0,0.0,0.0
2025-08-20 00:00:00-04:00,65.13224561808745,65.19074393847707,64.95676553252454,65.05426025390625,192300,0.0,0.0,0.0
2025-08-21 00:00:00-04:00,64.9275102722369,65.22973047477004,64.88851387714224,65.20047760009766,63800,0.0,0.0,0.0
2025-08-22 00:00:00-04:00,65.34671628718341,65.82440914065492,65.30771988966296,65.71717834472656,128500,0.0,0.0,0.0
2025-08-25 00:00:00-04:00,65.59043098930249,65.59043098930249,65.08349275282006,65.13223266601562,110000,0.0,0.0,0.0
2025-08-26 00:00:00-04:00,65.27592715720756,66.04801940917969,65.16842016918343,66.04801940917969,164800,0.167,0.0,0.0
2025-08-27 00:00:00-04:00,66.19461100679271,67.05465933087248,66.19461100679271,66.83964538574219,290600,0.0,0.0,0.0
2025-08-28 00:00:00-04:00,67.40649363336021,67.40649363336021,66.40961223158057,66.62462615966797,130100,0.0,0.0,0.0
2025-08-29 00:00:00-04:00,66.45848591471959,66.99602076866516,66.45848591471959,66.87873840332031,137900,0.0,0.0,0.0
2025-09-02 00:00:00-04:00,66.38029325236182,66.93737140189405,66.33143119571842,66.89827728271484,143600,0.0,0.0,0.0
2025-09-03 00:00:00-04:00,66.99602795712613,67.31854144765684,66.89828891396435,67.28922271728516,138600,0.0,0.0,0.0
2025-09-04 00:00:00-04:00,67.42605123281967,67.80720965638028,67.39673250122922,67.78766632080078,116400,0.0,0.0,0.0
2025-09-05 00:00:00-04:00,67.9244747283895,68.17858276481702,67.27943297202125,67.66059875488281,164900,0.0,0.0,0.0
2025-09-08 00:00:00-04:00,67.72902462879215,67.72902462879215,67.25990258330857,67.60196685791016,71600,0.0,0.0,0.0
2025-09-09 00:00:00-04:00,67.48469061590156,68.03199344453478,67.48469061590156,67.84629821777344,142400,0.0,0.0,0.0
2025-09-10 00:00:00-04:00,67.96357499612687,68.21768305554892,67.88538675377528,68.11017608642578,111600,0.0,0.0,0.0
2025-09-11 00:00:00-04:00,68.26655524477091,68.76499604317448,68.26655524477091,68.74544525146484,132300,0.0,0.0,0.0
2025-09-12 00:00:00-04:00,68.68681257077142,68.70636336384206,68.41316111932497,68.45225524902344,103000,0.0,0.0,0.0
2025-09-15 00:00:00-04:00,68.54998207302226,68.75522064731966,68.35451889457968,68.74544525146484,215900,0.0,0.0,0.0
2025-09-16 00:00:00-04:00,68.6867904663086,68.74542791376446,68.44245782665529,68.6867904663086,192200,0.0,0.0,0.0
2025-09-17 00:00:00-04:00,68.73566857946666,69.08750822111736,68.58906748603866,68.78453063964844,346200,0.0,0.0,0.0
2025-09-18 00:00:00-04:00,68.87248857607709,69.38069720725089,68.87248857607709,69.18523406982422,144200,0.0,0.0,0.0
2025-09-19 00:00:00-04:00,69.38070113635092,69.81072901077141,69.38070113635092,69.71299743652344,113200,0.0,0.0,0.0
2025-09-22 00:00:00-04:00,69.73255673183351,70.07462104822669,69.61528179846607,70.01598358154297,86900,0.0,0.0,0.0
2025-09-23 00:00:00-04:00,70.0159685261727,70.338489436468,69.81072998046875,69.81072998046875,94700,0.0,0.0,0.0
2025-09-24 00:00:00-04:00,69.88614885086763,69.92533458229765,69.35716016134757,69.36695098876953,123700,0.167,0.0,0.0
2025-09-25 00:00:00-04:00,69.12205255358361,69.34736866293102,68.90653474653344,69.26899719238281,334800,0.0,0.0,0.0
2025-09-26 00:00:00-04:00,69.43552945670424,69.59227239440293,69.39634372227957,69.44532775878906,76900,0.0,0.0,0.0
2025-09-29 00:00:00-04:00,69.54329529482827,69.91555607203831,69.494318727348,69.7196273803711,199000,0.0,0.0,0.0
2025-09-30 00:00:00-04:00,69.73921502485126,70.05269341732078,69.31797773429088,69.82737731933594,59500,0.0,0.0,0.0
2025-10-01 00:00:00-04:00,69.76860658634612,70.15065816622432,69.76860658634612,69.94493865966797,68300,0.0,0.0,0.0
2025-10-02 00:00:00-04:00,70.00370688845582,70.04289262035789,69.5824696129013,69.97431945800781,121700,0.0,0.0,0.0
2025-10-03 00:00:00-04:00,70.05269538466834,70.45433608290212,69.98412221794966,70.39556121826172,62700,0.0,0.0,0.0
2025-10-06 00:00:00-04:00,70.79720291717126,70.79720291717126,69.87636430449275,70.4249496459961,57500,0.0,0.0,0.0
2025-10-07 00:00:00-04:00,70.5229164265024,70.5719004679641,70.09188825208412,70.16046142578125,83500,0.0,0.0,0.0
2025-10-08 00:00:00-04:00,70.43476000019098,70.43476000019098,69.79800477761201,69.96453857421875,67500,0.0,0.0,0.0
2025-10-09 00:00:00-04:00,70.04290358862661,70.13106589377631,69.73922346122394,69.92534637451172,61600,0.0,0.0,0.0
2025-10-10 00:00:00-04:00,70.19963520010263,70.30738661990668,69.13184456432653,69.1612319946289,292600,0.0,0.0,0.0
2025-10-14 00:00:00-04:00,69.39635756279525,70.53272166600506,69.29839694415347,70.43476104736328,249900,0.0,0.0,0.0
2025-10-15 00:00:00-04:00,70.70904225597232,71.03231897137739,70.48372614325866,70.689453125,92400,0.0,0.0,0.0
2025-10-16 00:00:00-04:00,70.65028133133835,70.66007216179918,69.29839933610444,69.4747314453125,188200,0.0,0.0,0.0
2025-10-17 00:00:00-04:00,69.27878869848753,69.6804293662956,69.2298046657215,69.36695098876953,68800,0.0,0.0,0.0
2025-10-20 00:00:00-04:00,69.59227352312277,70.02330913487053,69.59227352312277,69.9155502319336,84400,0.0,0.0,0.0
2025-10-21 00:00:00-04:00,69.89595911460134,70.09188780528379,69.79799850621778,69.85677337646484,71300,0.0,0.0,0.0
2025-10-22 00:00:00-04:00,69.82738576637362,70.05270189161503,69.71962685524713,69.92534637451172,146400,0.0,0.0,0.0
2025-10-23 00:00:00-04:00,69.97430905476101,70.37594966769456,69.97430905476101,70.2583999633789,69400,0.0,0.0,0.0
2025-10-24 00:00:00-04:00,70.48372614325866,70.84618859452328,70.48372614325866,70.689453125,92900,0.0,0.0,0.0
2025-10-27 00:00:00-04:00,70.98333356814308,71.25762623997065,70.8559855344845,71.238037109375,128500,0.0,0.0,0.0
2025-10-28 00:00:00-04:00,71.41275878770213,71.67779253539685,71.33422749610511,71.53055572509766,214200,0.148,0.0,0.0
2025-10-29 00:00:00-04:00,71.4323948222664,71.44221310696119,70.35261566970277,70.56857299804688,309000,0.0,0.0,0.0
2025-10-30 00:00:00-04:00,70.53912204202273,70.9415818241376,70.43114338334779,70.51948547363281,224100,0.0,0.0,0.0
2025-10-31 00:00:00-04:00,70.52929964983777,71.0397455500531,70.35260799040262,70.99066162109375,85700,0.0,0.0,0.0
2025-11-03 00:00:00-05:00,70.96122860823273,71.43240146923014,70.7943551986777,71.4029541015625,121900,0.0,0.0,0.0
2025-11-04 00:00:00-05:00,70.87287917465974,71.29497558687478,70.79435535708953,70.9808578491211,267900,0.0,0.0,0.0
2025-11-05 00:00:00-05:00,71.16737365722656,71.39314931026531,70.93178720691176,71.16737365722656,112300,0.0,0.0,0.0
2025-11-06 00:00:00-05:00,71.15753499690581,71.2753319329146,70.56856529517403,70.99066162109375,347400,0.0,0.0,0.0
2025-11-07 00:00:00-05:00,70.68637816629767,71.00049591064453,70.13666649682236,71.00049591064453,280700,0.0,0.0,0.0
2025-11-10 00:00:00-05:00,71.1575349236901,71.49128916412688,70.93176682468398,71.41275787353516,105700,0.0,0.0,0.0
2025-11-11 00:00:00-05:00,71.4618419708314,71.77595964478239,71.4618419708314,71.52073669433594,152800,0.0,0.0,0.0
2025-11-12 00:00:00-05:00,71.6974340034359,72.59070316664987,71.6974340034359,72.55144500732422,96700,0.0,0.0,0.0
2025-11-13 00:00:00-05:00,72.49253690712509,72.59069727578671,71.17717149091607,71.41275787353516,143700,0.0,0.0,0.0
2025-11-14 00:00:00-05:00,70.9513974128041,71.54036712646484,70.74525838748065,71.54036712646484,133700,0.0,0.0,0.0
2025-11-17 00:00:00-05:00,71.38332008050789,71.80541646257367,71.05938408026172,71.33423614501953,92200,0.0,0.0,0.0
2025-11-18 00:00:00-05:00,70.87287411239447,71.52074611288678,70.64710598312502,71.33423614501953,174200,0.0,0.0,0.0
2025-11-19 00:00:00-05:00,71.37162533842918,71.4306477742004,70.99785159927382,71.32244873046875,155400,0.148,0.0,0.0
2025-11-20 00:00:00-05:00,71.83392431304304,72.06999152746836,71.04703109681152,71.20440673828125,141600,0.0,0.0,0.0
2025-11-21 00:00:00-05:00,71.4306432344927,72.13884487876084,71.25359094731532,72.08966827392578,224100,0.0,0.0,0.0
2025-11-24 00:00:00-05:00,72.0798163151078,72.57162729706617,71.90276406142519,72.4732666015625,256300,0.0,0.0,0.0
2025-11-25 00:00:00-05:00,72.57163308804635,73.30934961985129,72.47327238469383,73.28968048095703,74400,0.0,0.0,0.0
2025-11-26 00:00:00-05:00,73.45689540278366,73.64378599474426,73.34869637632654,73.54541778564453,159300,0.0,0.0,0.0
2025-11-27 00:00:00-05:00,73.49624075084249,73.74214626325593,73.44705664658352,73.56509399414062,54200,0.0,0.0,0.0
2025-11-28 00:00:00-05:00,73.54541430525825,73.95854125238081,73.37820036480693,73.8306655883789,63900,0.0,0.0,0.0
2025-12-01 00:00:00-05:00,73.56508616009847,73.57492448079071,72.93556871571343,73.12245178222656,142200,0.0,0.0,0.0
2025-12-02 00:00:00-05:00,73.40770684103973,73.6044357428534,73.06344064341614,73.5749282836914,79200,0.0,0.0,0.0
2025-12-03 00:00:00-05:00,73.76181589023798,74.02739804788816,73.40771134966492,73.69296264648438,103800,0.0,0.0,0.0
2025-12-04 00:00:00-05:00,73.85034956508001,74.82413334937691,73.85034956508001,74.73561096191406,92500,0.0,0.0,0.0
2025-12-05 00:00:00-05:00,74.74544225910928,75.0011861097105,74.6864273337556,74.86347961425781,157100,0.0,0.0,0.0
2025-12-08 00:00:00-05:00,74.93233030688401,75.05036765800762,74.77494717205255,74.96183776855469,65500,0.0,0.0,0.0
2025-12-09 00:00:00-05:00,75.00117190276929,75.46347540897868,75.00117190276929,75.2667465209961,85500,0.0,0.0,0.0
2025-12-10 00:00:00-05:00,75.24708418170177,76.2602136569018,75.19790007915324,76.04381561279297,80100,0.0,0.0,0.0
2025-12-11 00:00:00-05:00,76.12251848369668,76.3487548828125,76.01431944556845,76.3487548828125,161400,0.0,0.0,0.0
2025-12-12 00:00:00-05:00,76.41759329139114,76.52579230850394,75.90610566423248,76.03398132324219,65400,0.0,0.0,0.0
2025-12-15 00:00:00-05:00,76.13233744703263,76.6143100823995,76.12249912667504,76.35856628417969,56200,0.0,0.0,0.0
2025-12-16 00:00:00-05:00,76.14219002263823,76.34874976218161,76.05366013172477,76.10284423828125,191700,0.0,0.0,0.0
2025-12-17 00:00:00-05:00,76.27005494158189,76.27005494158189,75.31594034881802,75.483154296875,77600,0.0,0.0,0.0
2025-12-18 00:00:00-05:00,75.81757878699987,76.44709621039922,75.81757878699987,76.21102905273438,205800,0.0,0.0,0.0
2025-12-19 00:00:00-05:00,76.4569330834459,77.04710471865599,76.4569330834459,76.7126693725586,105800,0.0,0.0,0.0
2025-12-22 00:00:00-05:00,76.82088115884524,77.2044931607601,76.52579904437883,76.95858764648438,93600,0.0,0.0,0.0
2025-12-23 00:00:00-05:00,76.92907219278031,77.41104484944178,76.91923387198804,77.12580108642578,70000,0.0,0.0,0.0
2025-12-24 00:00:00-05:00,77.07661847518104,77.49957622413577,77.03727269569222,77.21432495117188,52300,0.0,0.0,0.0
2025-12-29 00:00:00-05:00,77.08645735444453,77.69629817983767,77.08645735444453,77.48973846435547,88400,0.0,0.0,0.0
2025-12-30 00:00:00-05:00,77.56660487771664,77.64544454854745,77.33009338378906,77.33009338378906,41100,0.148,0.0,0.0
2025-12-31 00:00:00-05:00,77.31038660391368,77.35966328222028,77.03445524995396,77.06401824951172,100000,0.0,0.0,0.0
2026-01-02 00:00:00-05:00,77.2414029717119,77.52719116210938,77.04431129764178,77.52719116210938,93500,0.0,0.0,0.0
2026-01-05 00:00:00-05:00,77.86224876624011,78.88714191663246,77.56660376415137,78.75902557373047,99600,0.0,0.0,0.0
2026-01-06 00:00:00-05:00,78.80832051118254,79.12367174449801,78.26630705459357,78.36485290527344,165300,0.0,0.0,0.0
2026-01-07 00:00:00-05:00,78.14805013011143,78.30572197757729,77.69472571205286,77.71443939208984,141100,0.0,0.0,0.0
2026-01-08 00:00:00-05:00,77.52719217252238,78.34513691584796,77.52719217252238,78.04949188232422,130800,0.0,0.0,0.0
2026-01-09 00:00:00-05:00,78.27615570968585,78.61121307067286,78.01993050985917,78.34513854980469,98000,0.0,0.0,0.0
2026-01-12 00:00:00-05:00,78.12833228844852,78.3747006458256,77.92138377047965,78.3155746459961,142100,0.0,0.0,0.0
2026-01-13 00:00:00-05:00,78.42399746591497,78.46341731544715,77.61590934692411,77.73416137695312,106800,0.0,0.0,0.0
2026-01-14 00:00:00-05:00,77.6355896691728,77.8918148465563,77.29067549879022,77.8819580078125,160800,0.0,0.0,0.0
2026-01-15 00:00:00-05:00,78.11848451929053,78.50282611850501,78.02979550924859,78.36485290527344,409900,0.0,0.0,0.0
2026-01-16 00:00:00-05:00,78.41411068888114,78.60135302303634,78.19730535850452,78.24658203125,44700,0.0,0.0,0.0
2026-01-19 00:00:00-05:00,77.8721078940228,77.92138457343223,77.60603337348262,77.85240173339844,67800,0.0,0.0,0.0
2026-01-20 00:00:00-05:00,77.69472555934323,77.71443923934146,76.69940275784597,76.72896575927734,135000,0.0,0.0,0.0
2026-01-21 00:00:00-05:00,76.69940316910206,77.67501981439823,76.57128680412454,77.23155975341797,159700,0.0,0.0,0.0
2026-01-22 00:00:00-05:00,77.58631855470676,77.80311637164422,77.12314488678182,77.33009338378906,115200,0.0,0.0,0.0
2026-01-23 00:00:00-05:00,77.40894245432052,77.40894245432052,76.62056068740964,77.14286041259766,89800,0.0,0.0,0.0
2026-01-26 00:00:00-05:00,77.33996791872805,77.43851377053278,76.80781129670264,76.91621398925781,82100,0.0,0.0,0.0
2026-01-27 00:00:00-05:00,76.92312273145798,77.32792537118976,76.70590825185647,76.73552703857422,123800,0.147,0.0,0.0
2026-01-28 00:00:00-05:00,76.69602652279394,76.84412797699156,75.75806320079712,75.98514556884766,131100,0.0,0.0,0.0
2026-01-29 00:00:00-05:00,76.18261906247763,76.49856532600631,75.8962915841621,76.3504638671875,166700,0.0,0.0,0.0
2026-01-30 00:00:00-05:00,76.13324661570013,76.39982320562724,75.35325265833531,75.78768157958984,196500,0.0,0.0,0.0
2026-02-02 00:00:00-05:00,75.77780907447661,77.2489331610187,75.77780907447661,77.1205825805664,202300,0.0,0.0,0.0
2026-02-03 00:00:00-05:00,77.29829614074082,77.41677880435718,76.51830222062607,76.89348602294922,183600,0.0,0.0,0.0
2026-02-04 00:00:00-05:00,77.16007238089674,77.62412007763996,77.06134059138286,77.20943450927734,163800,0.0,0.0,0.0
2026-02-05 00:00:00-05:00,76.78487580048132,77.32791190491807,76.66640067424215,76.90335845947266,168200,0.0,0.0,0.0
2026-02-06 00:00:00-05:00,77.28843308138534,77.66362447655462,77.19957671900546,77.62413024902344,147100,0.0,0.0,0.0
2026-02-09 00:00:00-05:00,77.67348659185001,78.47323145740121,77.67348659185001,78.4633560180664,47300,0.0,0.0,0.0
2026-02-10 00:00:00-05:00,78.62131725748928,79.00637649146358,78.55220425479523,78.93726348876953,96300,0.0,0.0,0.0
2026-02-11 00:00:00-05:00,79.37170709121631,79.37170709121631,77.92032623291016,77.92032623291016,104500,0.0,0.0,0.0
2026-02-12 00:00:00-05:00,78.35474301796103,78.5917008152883,77.11070139967578,77.28842163085938,95700,0.0,0.0,0.0
2026-02-13 00:00:00-05:00,77.15019952085434,77.70310358681499,76.7157705931693,77.6734848022461,179800,0.0,0.0,0.0
2026-02-17 00:00:00-05:00,77.70309962008899,78.19676609171027,77.60436783231525,77.91044616699219,232100,0.0,0.0,0.0
2026-02-18 00:00:00-05:00,78.14740641129036,78.43373387772701,77.91044860666283,78.32512664794922,193000,0.0,0.0,0.0
2026-02-19 00:00:00-05:00,78.26587481583638,78.26587481583638,77.65373324546745,78.04866790771484,148500,0.0,0.0,0.0
2026-02-20 00:00:00-05:00,77.98943042293737,78.75954894646061,77.9795625166635,78.72006225585938,121200,0.0,0.0,0.0
2026-02-23 00:00:00-05:00,78.6608146023922,78.98663628492815,77.29829783826814,77.63398742675781,110300,0.0,0.0,0.0
2026-02-24 00:00:00-05:00,77.59145902558683,77.72005000274231,77.08697395898007,77.63102722167969,156500,0.147,0.0,0.0
2026-02-25 00:00:00-05:00,77.95745615560831,79.23350225290896,77.95745615560831,79.04556274414062,166500,0.0,0.0,0.0
2026-02-26 00:00:00-05:00,79.39177233444325,79.57971183679159,78.89718119177367,79.30274200439453,228800,0.0,0.0,0.0
2026-02-27 00:00:00-05:00,79.0059847172835,79.13457568590304,77.65080239179235,77.75961303710938,298500,0.0,0.0,0.0
2026-03-02 00:00:00-05:00,76.73086178203403,78.40258208953708,76.4637859127257,78.19485473632812,77800,0.0,0.0,0.0
2026-03-03 00:00:00-05:00,77.03750996350288,77.53210108240616,76.06811559669495,77.17599487304688,327600,0.0,0.0,0.0
2026-03-04 00:00:00-05:00,77.36394047552083,77.84863764991735,77.25512982763529,77.55188751220703,170600,0.0,0.0,0.0
2026-03-05 00:00:00-05:00,77.13643165120207,77.47274997834187,76.36486319209179,76.77043151855469,188500,0.0,0.0,0.0
2026-03-06 00:00:00-05:00,75.92963828663343,75.92963828663343,75.0294787376427,75.29656219482422,225000,0.0,0.0,0.0
2026-03-09 00:00:00-04:00,74.35682512815818,75.08882539940215,73.5358020802518,74.8415298461914,585600,0.0,0.0,0.0
2026-03-10 00:00:00-04:00,75.16794792023886,76.15713004990539,74.93054632223989,75.51416015625,261800,0.0,0.0,0.0
2026-03-11 00:00:00-04:00,75.41525669645007,75.77136292941528,75.04926407419177,75.16796112060547,100100,0.0,0.0,0.0
2026-03-12 00:00:00-04:00,74.57444938771002,74.78217675504332,74.00072187020183,74.08975219726562,155700,0.0,0.0,0.0
2026-03-13 00:00:00-04:00,74.35682302872922,74.89098231420606,73.76331522715313,73.83255767822266,77700,0.0,0.0,0.0
2026-03-16 00:00:00-04:00,74.25790789462731,75.27676435920085,74.25790789462731,75.05914306640625,195900,0.0,0.0,0.0
2026-03-17 00:00:00-04:00,75.5735127560103,75.92961891013596,75.51415669908243,75.54383850097656,180400,0.0,0.0,0.0
2026-03-18 00:00:00-04:00,75.29654919478916,75.9296251772971,74.80195811177603,74.87120056152344,130400,0.0,0.0,0.0
2026-03-19 00:00:00-04:00,74.36672224824224,74.36672224824224,73.63472949251127,73.98094177246094,246000,0.0,0.0,0.0
2026-03-20 00:00:00-04:00,73.7732099407631,74.04028581288979,72.80380806869704,73.12034606933594,170000,0.0,0.0,0.0
2026-03-23 00:00:00-04:00,74.03040763043738,74.94046117942429,73.99084697544315,74.50521850585938,339900,0.0,0.0,0.0
2026-03-24 00:00:00-04:00,73.96115468806948,74.96023088957885,73.76332125366804,74.59423828125,105300,0.0,0.0,0.0
2026-03-25 00:00:00-04:00,75.39547806520098,75.5141751142819,75.00969756196355,75.34601593017578,191000,0.0,0.0,0.0
2026-03-26 00:00:00-04:00,74.73847815728405,75.60072597461884,74.32221250736038,74.38168334960938,106500,0.147,0.0,0.0
2026-03-27 00:00:00-04:00,73.93568261905149,74.11408001458797,73.31129551540103,73.54915618896484,125500,0.0,0.0,0.0
2026-03-30 00:00:00-04:00,73.95550648197303,74.53033579531488,73.28156162635622,73.6185302734375,97000,0.0,0.0,0.0
2026-03-31 00:00:00-04:00,74.30238547845953,75.4916963277255,74.08434339175484,75.41240692138672,196000,0.0,0.0,0.0
2026-04-01 00:00:00-04:00,76.0665333536174,76.3440387149771,75.85840433259762,76.04671478271484,173800,0.0,0.0,0.0
2026-04-02 00:00:00-04:00,75.30340750211197,76.44316079489728,75.12501008526164,76.38369750976562,79500,0.0,0.0,0.0
2026-04-06 00:00:00-04:00,76.2251199624841,76.83959402220975,76.2251199624841,76.71075439453125,65100,0.0,0.0,0.0
2026-04-07 00:00:00-04:00,76.58190332036322,77.00807445054734,76.2845793727759,76.9981689453125,163300,0.0,0.0,0.0
2026-04-08 00:00:00-04:00,78.56409443204195,78.84160737345233,78.20730720170901,78.53436279296875,299200,0.0,0.0,0.0
2026-04-09 00:00:00-04:00,78.25685764971044,79.28759732227455,78.25685764971044,79.19840240478516,70800,0.0,0.0,0.0
2026-04-10 00:00:00-04:00,79.3569731035037,79.80296281069016,79.3470600367016,79.68403625488281,102200,0.0,0.0,0.0
2026-04-13 00:00:00-04:00,79.27767759337662,80.65529887616766,79.04973000464497,80.64539337158203,72000,0.0,0.0,0.0
2026-04-14 00:00:00-04:00,80.5760159946451,81.71576904653463,80.56610292873324,81.61666107177734,64100,0.0,0.0,0.0
2026-04-15 00:00:00-04:00,81.82479566076455,82.38971947296051,81.82479566076455,82.3500747680664,57100,0.0,0.0,0.0
2026-04-16 00:00:00-04:00,82.38971537492792,82.40954150711597,81.77524138326875,81.97345733642578,122100,0.0,0.0,0.0
2026-04-17 00:00:00-04:00,82.26087575049725,83.57903376703128,82.25096268440456,83.1825942993164,131600,0.0,0.0,0.0
2026-04-20 00:00:00-04:00,82.97446849800924,83.47992902798482,82.97446849800924,83.35108184814453,186500,0.0,0.0,0.0
2026-04-21 00:00:00-04:00,83.39073125241852,83.74752605116234,82.61767837562516,82.63749694824219,175000,0.0,0.0,0.0
2026-04-22 00:00:00-04:00,83.03393019153475,83.03393019153475,82.24105880192003,82.3599853515625,136800,0.0,0.0,0.0
2026-04-23 00:00:00-04:00,82.05274374671401,82.7762387546326,81.8049700335864,82.46900177001953,473400,0.0,0.0,0.0
2026-04-24 00:00:00-04:00,82.47891483575165,82.88525979332503,82.1419386539422,82.46900177001953,132800,0.0,0.0,0.0
2026-04-27 00:00:00-04:00,82.22769127719363,82.56533756797904,82.07872655851641,82.38658142089844,81600,0.167,0.0,0.0
2026-04-28 00:00:00-04:00,82.47596478754596,82.81361108449174,82.40644892778298,82.585205078125,118600,0.0,0.0,0.0
2026-04-29 00:00:00-04:00,82.56533622661864,82.66464351190332,81.58218122197783,81.69142150878906,84500,0.0,0.0,0.0
2026-04-30 00:00:00-04:00,81.66163115903048,83.45911804939391,81.66163115903048,83.37966918945312,253200,0.0,0.0,0.0
2026-05-01 00:00:00-04:00,83.4988455748409,83.83649187711602,83.091675835045,83.28036499023438,205500,0.0,0.0,0.0
2026-05-04 00:00:00-04:00,83.042020517395,83.36973379609378,82.40644480942268,82.49581909179688,114600,0.0,0.0,0.0
2026-05-05 00:00:00-04:00,82.62491509329641,83.26049078042486,82.62491509329641,83.10160064697266,135000,0.0,0.0,0.0
2026-05-06 00:00:00-04:00,83.71732768691695,84.58130946242038,83.71732768691695,84.31317901611328,95100,0.0,0.0,0.0
2026-05-07 00:00:00-04:00,84.31317606215508,84.50185763751591,83.56836003258951,83.91593933105469,84200,0.0,0.0,0.0
2026-05-08 00:00:00-04:00,84.17414593792944,84.41248495044219,83.93579934875609,84.28338623046875,93400,0.0,0.0,0.0
2026-05-11 00:00:00-04:00,84.07483794253523,84.43234266997665,83.76697549493265,83.93579864501953,48400,0.0,0.0,0.0
2026-05-12 00:00:00-04:00,84.09468716643087,84.25357729716464,83.50876134124206,84.23371887207031,77200,0.0,0.0,0.0
2026-05-13 00:00:00-04:00,84.0251688577797,84.44226396250744,83.1313882214635,83.34986877441406,117500,0.0,0.0,0.0
2026-05-14 00:00:00-04:00,83.39953560023046,84.7203369140625,83.38960259852426,84.7203369140625,559200,0.0,0.0,0.0
2026-05-15 00:00:00-04:00,84.1145555023058,84.29331165585552,83.83649205826416,84.28338623046875,201000,0.0,0.0,0.0
2026-05-19 00:00:00-04:00,84.63097097485327,85.01827473632669,84.2138757819836,84.40255737304688,180600,0.0,0.0,0.0
2026-05-20 00:00:00-04:00,84.47206218011651,86.19010774011124,84.47206218011651,85.99148559570312,140900,0.0,0.0,0.0
2026-05-21 00:00:00-04:00,85.69995155712073,87.09296289781197,85.62035676522778,86.94371032714844,183000,0.167,0.0,0.0
2026-05-22 00:00:00-04:00,87.38151567274457,87.56061723893079,87.11286711911578,87.16261291503906,149800,0.0,0.0,0.0
2026-05-25 00:00:00-04:00,87.69992463032987,88.22727717537609,87.6700756321275,87.92877960205078,66400,0.0,0.0,0.0
2026-05-26 00:00:00-04:00,87.53077079483268,88.09792450573931,87.03326727328997,87.46112060546875,67600,0.0,0.0,0.0
2026-05-27 00:00:00-04:00,87.31186540046494,87.75961551984433,87.04321684709751,87.27206420898438,111500,0.0,0.0,0.0
2026-05-28 00:00:00-04:00,87.10291962872648,87.11287182496919,86.20741174941989,86.51586151123047,194100,0.0,0.0,0.0
2026-05-29 00:00:00-04:00,86.67505856125918,87.24221223572395,86.03825470190579,86.62530517578125,181800,0.0,0.0,0.0
2026-06-01 00:00:00-04:00,86.58550955010601,86.81436451019083,85.64025589568462,85.77955627441406,157100,0.0,0.0,0.0
2026-06-02 00:00:00-04:00,85.62035728439601,87.24221599747806,85.62035728439601,87.1825180053711,58100,0.0,0.0,0.0
2026-06-03 00:00:00-04:00,86.71485484371829,87.26210409649975,86.62530027318654,86.70490264892578,183100,0.0,0.0,0.0
2026-06-04 00:00:00-04:00,86.87406263234327,88.26707401300399,86.87406263234327,88.13772583007812,120600,0.0,0.0,0.0
2026-06-05 00:00:00-04:00,87.72976449460934,88.44617074208462,87.72976449460934,88.10787200927734,122900,0.0,0.0,0.0
2026-06-08 00:00:00-04:00,88.33672393807407,88.9436788407503,88.14767017095488,88.46607971191406,121400,0.0,0.0,0.0
2026-06-09 00:00:00-04:00,88.81432992102282,89.62028318880756,88.45612678171821,89.34168243408203,161800,0.0,0.0,0.0
2026-06-10 00:00:00-04:00,89.04317330076523,89.68992936173537,89.04317330076523,89.11282348632812,131800,0.0,0.0,0.0
2026-06-11 00:00:00-04:00,89.5605872523189,90.3466437376572,89.15263071546046,90.18743896484375,115900,0.0,0.0,0.0
2026-06-12 00:00:00-04:00,90.57548153099523,91.36153793320723,90.54563253707462,90.91378784179688,102400,0.0,0.0,0.0
2026-06-15 00:00:00-04:00,91.83914707629891,91.94859845114767,90.91379028340533,91.32173919677734,48900,0.0,0.0,0.0
2026-06-16 00:00:00-04:00,91.61029501508706,92.25705108919804,91.48094683678528,92.07794952392578,62800,0.0,0.0,0.0
2026-06-17 00:00:00-04:00,92.08789925165827,93.08290623399364,92.08789925165827,92.56549835205078,120000,0.0,0.0,0.0
2026-06-18 00:00:00-04:00,93.22220764156695,93.38140481303569,92.8341555214421,93.04310607910156,84300,0.0,0.0,0.0
2026-06-19 00:00:00-04:00,93.1226967008122,93.77940493088992,92.89384935370069,93.03314971923828,95300,0.0,0.0,0.0
2026-06-22 00:00:00-04:00,93.00331154563955,93.69981345436045,93.00331154563955,93.3515625,58500,0.0,0.0,0.0
2026-06-23 00:00:00-04:00,92.80429848747565,93.61025931033429,92.73464830192499,93.5903549194336,70100,0.0,0.0,0.0
2026-06-24 00:00:00-04:00,93.67991608109574,93.72966187924258,92.91375639488056,93.22221374511719,145300,0.0,0.0,0.0
2026-06-25 00:00:00-04:00,93.58802795410156,94.14622443411643,93.54815569054955,93.58802795410156,152100,0.167,0.0,0.0
2026-06-26 00:00:00-04:00,93.4086091341867,93.69767734922992,92.96005946541506,93.4185791015625,154600,0.0,0.0,0.0
2026-06-29 00:00:00-04:00,93.6478322390127,93.87709585246863,93.27902711086867,93.81729125976562,38500,0.0,0.0,0.0
2026-06-30 00:00:00-04:00,93.89702127693374,94.60474439454046,93.857156621301,94.51502990722656,122700,0.0,0.0,0.0
2026-07-02 00:00:00-04:00,95.14300588818561,95.3722694968047,93.52822108041887,94.03657531738281,282000,0.0,0.0,0.0
2026-07-03 00:00:00-04:00,94.18609753229062,94.78416628115724,94.1362629060515,94.42533111572266,27500,0.0,0.0,0.0
2026-07-06 00:00:00-04:00,94.67452531483312,95.46197779665144,94.67452531483312,95.43207550048828,62600,0.0,0.0,0.0
2026-07-07 00:00:00-04:00,95.4320709985437,95.94043282390543,95.06326589012083,95.82081604003906,61200,0.0,0.0,0.0
2026-07-08 00:00:00-04:00,95.30249387810314,95.32242620674296,93.62789689267134,94.07644653320312,127500,0.0,0.0,0.0
2026-07-09 00:00:00-04:00,94.37548183716049,95.2028141404878,94.37548183716049,94.9835205078125,82900,0.0,0.0,0.0
2026-07-10 00:00:00-04:00,95.19285170630371,96.04011640470783,95.14300947498597,96.000244140625,54100,0.0,0.0,0.0
2026-07-13 00:00:00-04:00,95.93047036297234,96.32918540219946,95.14301025183443,95.6812744140625,124900,0.0,0.0,0.0
2026-07-14 00:00:00-04:00,95.54171944543342,96.59831537546698,95.49188482161463,96.33914947509766,115400,0.0,0.0,0.0
2026-07-15 00:00:00-04:00,96.5484730704162,97.86422729492188,96.5484730704162,97.86422729492188,96300,0.0,0.0,0.0
2026-07-16 00:00:00-04:00,97.67484480556558,97.84430383537368,96.83755004355554,97.45555114746094,88200,0.0,0.0,0.0
2026-07-17 00:00:00-04:00,96.67805837646682,97.68481214115909,96.24944103940827,96.97709655761719,169000,0.0,0.0,0.0
2026-07-20 00:00:00-04:00,97.07676995423257,97.32596589468493,95.12307469366887,95.1529769897461,165100,0.0,0.0,0.0
2026-07-21 00:00:00-04:00,95.46197242488206,95.7012059904385,94.8439713926684,95.49188232421875,83000,0.0,0.0,0.0
2026-07-22 00:00:00-04:00,95.41214600318628,96.13979391427505,95.26262691307616,95.5417251586914,74800,0.0,0.0,0.0
2026-07-23 00:00:00-04:00,94.71439006384477,94.71439006384477,93.94686991044804,94.41535949707031,117700,0.0,0.0,0.0
2026-07-24 00:00:00-04:00,94.70442689858163,95.4719470454697,94.66455463571184,95.24269104003906,91600,0.0,0.0,0.0
2026-07-27 00:00:00-04:00,95.60153717764247,96.08995910654951,95.2028221397185,95.91053771972656,82800,0.0,0.0,0.0
2026-07-28 00:00:00-04:00,95.69388526135353,97.05167080578931,95.08487817376242,97.02172088623047,91800,0.153,0.0,0.0
2026-07-29 00:00:00-04:00,96.39275365681523,96.39275365681523,93.90680359446243,94.09649658203125,131700,0.0,0.0,0.0
2026-07-30 00:00:00-04:00,94.8153208948968,95.53414942925721,94.78537097545984,95.31450653076172,56800,0.0,0.0,0.0
2026-07-31 00:00:00-04:00,95.43431005900028,96.14316039346058,95.3843960635809,95.57408905029297,59700,0.0,0.0,0.0
2026-08-04 00:00:00-04:00,96.4426684654609,96.79209690579489,96.12318994616001,96.25298309326172,71600,0.0,0.0,0.0
2026-08-05 00:00:00-04:00,96.1331705633546,97.08162022366928,95.92351351055771,96.57245635986328,66300,0.0,0.0,0.0
2026-08-06 00:00:00-04:00,96.92188710499268,97.21141569445439,96.12318702254873,96.3727798461914,58100,0.0,0.0,0.0
2026-08-07 00:00:00-04:00,96.43268289162823,96.52254027194985,95.38439756766762,96.03334045410156,84900,0.0,0.0,0.0
2026-08-10 00:00:00-04:00,96.02334842881032,96.54249813436807,95.95346274504354,95.97342681884766,127800,0.0,0.0,0.0
2026-08-11 00:00:00-04:00,96.31288391737263,96.8420195062692,95.74381256103516,95.74381256103516,122000,0.0,0.0,0.0
2026-08-12 00:00:00-04:00,96.04331947810599,96.95184105002704,95.96345556012088,96.78211975097656,173300,0.0,0.0,0.0
2026-08-13 00:00:00-04:00,97.09160835894086,97.59079400603054,96.79209392389966,97.2613296508789,76900,0.0,0.0,0.0
2026-08-14 00:00:00-04:00,97.13154720250206,97.2912826538086,96.73219714878263,97.2912826538086,75800,0.0,0.0,0.0
2026-08-17 00:00:00-04:00,96.95183546223551,97.60077831663907,96.80207824707031,96.80207824707031,95400,0.0,0.0,0.0
2026-08-18 00:00:00-04:00,96.70224752577072,96.72221160088229,95.21467637847391,95.6639404296875,79200,0.0,0.0,0.0
2026-08-19 00:00:00-04:00,95.9135304544121,95.9334945289393,93.11808776855469,93.11808776855469,130800,0.0,0.0,0.0
2026-08-20 00:00:00-04:00,92.78863145295047,92.95835274659781,91.30105272542424,91.6405029296875,198000,0.0,0.0,0.0
2026-08-21 00:00:00-04:00,91.9799468690945,92.75868289609821,91.82021141889258,91.94999694824219,155700,0.0,0.0,0.0
2026-08-24 00:00:00-04:00,91.63051655352177,92.4591665593122,91.32102388843052,92.07978820800781,147100,0.0,0.0,0.0
2026-08-25 00:00:00-04:00,92.45916690351523,93.78700256347656,92.36930952549609,93.78700256347656,110000,0.0,0.0,0.0
2026-08-26 00:00:00-04:00,93.66999816894531,94.30999755859375,93.66999816894531,93.75,55600,0.153,0.0,0.0
2026-08-27 00:00:00-04:00,93.54000091552734,93.5999984741211,92.29000091552734,93.19999694824219,141500,0.0,0.0,0.0
2026-08-28 00:00:00-04:00,93.4000015258789,93.68000030517578,92.7699966430664,93.31999969482422,55100,0.0,0.0,0.0
2026-08-31 00:00:00-04:00,93.12999725341797,93.5,92.56999969482422,92.68000030517578,56400,0.0,0.0,0.0
2026-09-01 00:00:00-04:00,92.38999938964844,92.80000305175781,91.38999938964844,91.94000244140625,62500,0.0,0.0,0.0
2026-09-02 00:00:00-04:00,92.0999984741211,93.43000030517578,92.0999984741211,93.41000366210938,61000,0.0,0.0,0.0
2026-09-03 00:00:00-04:00,93.58999633789062,94.94999694824219,93.58999633789062,94.77999877929688,137200,0.0,0.0,0.0
2026-09-04 00:00:00-04:00,94.69000244140625,95.05000305175781,94.30999755859375,94.45999908447266,94300,0.0,0.0,0.0
2026-09-08 00:00:00-04:00,93.8499984741211,94.08000183105469,93.0,93.02999877929688,91600,0.0,0.0,0.0
2026-09-09 00:00:00-04:00,92.56999969482422,92.56999969482422,91.69000244140625,92.05999755859375,66100,0.0,0.0,0.0
2026-09-10 00:00:00-04:00,91.81999969482422,92.33000183105469,91.81999969482422,92.33000183105469,94100,0.0,0.0,0.0
2026-09-11 00:00:00-04:00,93.12000274658203,93.12999725341797,92.1500015258789,92.94000244140625,141000,0.0,0.0,0.0
