Date,Open,High,Low,Close,Volume,Dividends,Stock Splits,Capital Gains
2019-01-02 00:00:00-05:00,26.15203477084582,26.463833699342402,26.03511240281082,26.409269332885742,150300,0.0,0.0,0.0
2019-01-03 00:00:00-05:00,26.34690599628924,26.34690599628924,26.07408418845907,26.136442184448242,237400,0.0,0.0,0.0
2019-01-04 00:00:00-05:00,26.424861059741215,26.58855416829835,26.315729347168,26.565170288085938,457300,0.0,0.0,0.0
2019-01-07 00:00:00-05:00,26.63532915831924,26.63532915831924,26.409277983327158,26.54958724975586,129800,0.0,0.0,0.0
2019-01-08 00:00:00-05:00,26.72106870163213,26.806813566599885,26.471630716381576,26.68209457397461,149200,0.0,0.0,0.0
2019-01-09 00:00:00-05:00,26.814613705436784,27.1264097412691,26.79122684693596,27.118616104125977,236300,0.0,0.0,0.0
2019-01-10 00:00:00-05:00,27.04845934047779,27.329077832049737,26.947124224402256,27.297897338867188,1354000,0.0,0.0,0.0
2019-01-11 00:00:00-05:00,27.258910953158345,27.360243050138017,27.14198564306284,27.352449417114258,626100,0.0,0.0,0.0
2019-01-14 00:00:00-05:00,27.29789669601998,27.44599957484612,27.25892256722736,27.344667434692383,612700,0.0,0.0,0.0
2019-01-15 00:00:00-05:00,27.360253431905804,27.555127040319764,27.204356924002866,27.50056266784668,668300,0.0,0.0,0.0
2019-01-16 00:00:00-05:00,27.656460653448487,27.827950371108813,27.61748652858072,27.773386001586914,567200,0.0,0.0,0.0
2019-01-17 00:00:00-05:00,27.781180271794064,28.069592370646326,27.749999781773496,28.01502799987793,692500,0.0,0.0,0.0
2019-01-18 00:00:00-05:00,28.241091192226882,28.30345219236233,28.147552665559864,28.256681442260742,666900,0.0,0.0,0.0
2019-01-21 00:00:00-05:00,28.319022719709547,28.350200224527654,28.163123301482702,28.334609985351562,52200,0.0,0.0,0.0
2019-01-22 00:00:00-05:00,28.280053668287305,28.311234155496678,28.069589839926426,28.264463424682617,1698400,0.0,0.0,0.0
2019-01-23 00:00:00-05:00,28.319029269525778,28.412567752682467,28.10076884411382,28.194307327270508,1189200,0.0,0.0,0.0
2019-01-24 00:00:00-05:00,28.147550348221344,28.26447275354506,28.054011829255188,28.2410888671875,1890900,0.0,0.0,0.0
2019-01-25 00:00:00-05:00,28.355969765659424,28.355969765659424,28.160573054525567,28.269994735717773,110300,0.097,0.0,0.0
2019-01-28 00:00:00-05:00,28.16840599321134,28.332538604736328,28.152773889991984,28.332538604736328,173100,0.0,0.0,0.0
2019-01-29 00:00:00-05:00,28.37160127227084,28.54355132859011,28.340337083573313,28.512287139892578,146900,0.0,0.0,0.0
2019-01-30 00:00:00-05:00,28.543563466765562,28.559195567761893,28.434141741309666,28.520116806030273,116100,0.0,0.0,0.0
2019-01-31 00:00:00-05:00,28.48884855507568,28.6060848236084,28.46539891615475,28.6060848236084,1411800,0.0,0.0,0.0
2019-02-01 00:00:00-05:00,28.613907814733725,28.676433240225403,28.481036440596267,28.504486083984375,97400,0.0,0.0,0.0
2019-02-04 00:00:00-05:00,28.6060848236084,28.6686132187069,28.52011275262493,28.6060848236084,70100,0.0,0.0,0.0
2019-02-05 00:00:00-05:00,28.66079359309387,28.793664932250977,28.621714839759814,28.793664932250977,108800,0.0,0.0,0.0
2019-02-06 00:00:00-05:00,28.762410833292982,28.934360986142895,28.762410833292982,28.879650115966797,150700,0.0,0.0,0.0
2019-02-07 00:00:00-05:00,28.871827230201415,28.92653809025192,28.676430449587258,28.903091430664062,919300,0.0,0.0,0.0
2019-02-08 00:00:00-05:00,28.809297029888153,28.87963997849656,28.613900281700108,28.793664932250977,81400,0.0,0.0,0.0
2019-02-11 00:00:00-05:00,28.887450400757587,28.887450400757587,28.582631994267743,28.660789489746094,87300,0.0,0.0,0.0
2019-02-12 00:00:00-05:00,28.73894777147504,28.895265732008504,28.73894777147504,28.856184005737305,1162300,0.0,0.0,0.0
2019-02-13 00:00:00-05:00,28.934359555376,28.973438320495273,28.82493782043457,28.82493782043457,335700,0.0,0.0,0.0
2019-02-14 00:00:00-05:00,28.809301376342773,28.85619469481132,28.746772976360422,28.809301376342773,711800,0.0,0.0,0.0
2019-02-15 00:00:00-05:00,28.895282568544612,29.18446902604689,28.86401836191765,29.12194061279297,101800,0.0,0.0,0.0
2019-02-19 00:00:00-05:00,29.15319464628536,29.254801791607303,29.051587500963414,29.215723037719727,68200,0.0,0.0,0.0
2019-02-20 00:00:00-05:00,29.239164291252877,29.512718499439337,29.239164291252877,29.497089385986328,164700,0.0,0.0,0.0
2019-02-21 00:00:00-05:00,29.497096649126867,29.504911207777567,29.34859320110164,29.4423828125,392100,0.0,0.0,0.0
2019-02-22 00:00:00-05:00,29.40868525829002,29.494882258910053,29.36950561870316,29.416522979736328,351700,0.097,0.0,0.0
2019-02-25 00:00:00-05:00,29.526218883176124,29.635923038929622,29.526218883176124,29.55756378173828,447700,0.0,0.0,0.0
2019-02-26 00:00:00-05:00,29.471380543926514,29.6516093108548,29.447873353653613,29.549739837646484,375100,0.0,0.0,0.0
2019-02-27 00:00:00-05:00,29.518388684355163,29.651603042576447,29.455701860474125,29.643768310546875,281100,0.0,0.0,0.0
2019-02-28 00:00:00-05:00,29.393015593490084,29.573247333277266,29.361673672375737,29.440032958984375,1638400,0.0,0.0,0.0
2019-03-01 00:00:00-05:00,29.596751380731373,29.651603473379776,29.48704719543457,29.48704719543457,248100,0.0,0.0,0.0
2019-03-04 00:00:00-05:00,29.588905691086385,29.71428229612096,29.487039254580452,29.55756378173828,778900,0.0,0.0,0.0
2019-03-05 00:00:00-05:00,29.57324731262581,29.59675450074895,29.471377848733578,29.588916778564453,1309400,0.0,0.0,0.0
2019-03-06 00:00:00-05:00,29.604585647583008,29.690782645879995,29.565406009052055,29.604585647583008,1014000,0.0,0.0,0.0
2019-03-07 00:00:00-05:00,29.541903679754746,29.56541086889437,29.330330009852194,29.432199478149414,287600,0.0,0.0,0.0
2019-03-08 00:00:00-05:00,29.236303276943705,29.400859607566577,29.204958359906257,29.38518714904785,774500,0.0,0.0,0.0
2019-03-11 00:00:00-04:00,29.400847932428558,29.581076650000952,29.400847932428558,29.518386840820312,322400,0.0,0.0,0.0
2019-03-12 00:00:00-04:00,29.57323552622109,29.59674270497545,29.408676307298617,29.51054573059082,412000,0.0,0.0,0.0
2019-03-13 00:00:00-04:00,29.581089600232282,29.6359417126716,29.455712916197285,29.52623748779297,548100,0.0,0.0,0.0
2019-03-14 00:00:00-04:00,29.541903679754746,29.549738413062855,29.416527022317897,29.432199478149414,191800,0.0,0.0,0.0
2019-03-15 00:00:00-04:00,29.61241239435908,29.698609360711185,29.534050157123666,29.63591957092285,247600,0.0,0.0,0.0
2019-03-18 00:00:00-04:00,29.69077878942189,29.886679945846385,29.69077878942189,29.87884521484375,306200,0.0,0.0,0.0
2019-03-19 00:00:00-04:00,29.91019173881249,29.957209099719424,29.82399772763877,29.839670181274414,156600,0.0,0.0,0.0
2019-03-20 00:00:00-04:00,29.808320943693662,29.808320943693662,29.604582065242685,29.620254516601562,272900,0.0,0.0,0.0
2019-03-21 00:00:00-04:00,29.494873984613967,29.573236231019358,29.432187176703707,29.55756378173828,436100,0.0,0.0,0.0
2019-03-22 00:00:00-04:00,29.416526933774037,29.416526933774037,29.142263441370947,29.181446075439453,4293800,0.0,0.0,0.0
2019-03-25 00:00:00-04:00,29.116231187601716,29.186939907314745,28.959100366348196,29.124086380004883,190900,0.097,0.0,0.0
2019-03-26 00:00:00-04:00,29.24195294867991,29.367657082381506,29.100535423637744,29.194812774658203,71700,0.0,0.0,0.0
2019-03-27 00:00:00-04:00,29.131950820928786,29.241941520303094,29.053383894931578,29.147661209106445,170800,0.0,0.0,0.0
2019-03-28 00:00:00-04:00,29.116220918270336,29.22621155524761,29.100507541985,29.1790714263916,28100,0.0,0.0,0.0
2019-03-29 00:00:00-04:00,29.296945540346858,29.296945540346858,29.02982390694595,29.061250686645508,119200,0.0,0.0,0.0
2019-04-01 00:00:00-04:00,29.21836169066271,29.50119655031654,29.1869379261619,29.485483169555664,165000,0.0,0.0,0.0
2019-04-02 00:00:00-04:00,29.509051531566634,29.57190205075732,29.461911394408162,29.56404685974121,85800,0.0,0.0,0.0
2019-04-03 00:00:00-04:00,29.68188994849372,29.75259864914951,29.626894625430364,29.658321380615234,101600,0.0,0.0,0.0
2019-04-04 00:00:00-04:00,29.681912073318397,29.78404760529063,29.681912073318397,29.71333885192871,44400,0.0,0.0,0.0
2019-04-05 00:00:00-04:00,29.768320170529186,29.77617835998535,29.68189806863827,29.77617835998535,48300,0.0,0.0,0.0
2019-04-08 00:00:00-04:00,29.72117668521531,29.7447452545166,29.61904122320886,29.7447452545166,99100,0.0,0.0,0.0
2019-04-09 00:00:00-04:00,29.603337595897298,29.650477747048182,29.532628867681716,29.619050979614258,92700,0.0,0.0,0.0
2019-04-10 00:00:00-04:00,29.66619868401324,29.72119704509257,29.603348123815177,29.71333885192871,48200,0.0,0.0,0.0
2019-04-11 00:00:00-04:00,29.752597709700087,29.917586670700896,29.752597709700087,29.791879653930664,131600,0.0,0.0,0.0
2019-04-12 00:00:00-04:00,29.917592807426928,30.019725283971898,29.878307858117946,29.949016571044922,176000,0.0,0.0,0.0
2019-04-15 00:00:00-04:00,29.949014422707616,30.129713787887564,29.941159231621807,30.121858596801758,165200,0.0,0.0,0.0
2019-04-16 00:00:00-04:00,30.161153514415133,30.3497111487741,30.114016353591833,30.28685760498047,172600,0.0,0.0,0.0
2019-04-17 00:00:00-04:00,30.326139377904088,30.436133078841344,30.326139377904088,30.420419692993164,260400,0.0,0.0,0.0
2019-04-18 00:00:00-04:00,30.404713541709953,30.569699636840134,30.404713541709953,30.538272857666016,285000,0.0,0.0,0.0
2019-04-22 00:00:00-04:00,30.506830984099597,30.538254747615913,30.36541355870323,30.404695510864258,69800,0.0,0.0,0.0
2019-04-23 00:00:00-04:00,30.436140320884068,30.546131050970857,30.404713541709953,30.538272857666016,194200,0.0,0.0,0.0
2019-04-24 00:00:00-04:00,30.478414970263376,30.49416644931503,30.313028946652178,30.336654663085938,225300,0.094,0.0,0.0
2019-04-25 00:00:00-04:00,30.29727759246645,30.439037900228136,30.18702024293791,30.383909225463867,189700,0.0,0.0,0.0
2019-04-26 00:00:00-04:00,30.33663977385841,30.509902954101562,30.289385359895924,30.509902954101562,233300,0.0,0.0,0.0
2019-04-29 00:00:00-04:00,30.494146518150558,30.722535304404595,30.494146518150558,30.651655197143555,356800,0.0,0.0,0.0
2019-04-30 00:00:00-04:00,30.604433777085386,30.730442646296865,30.604433777085386,30.714691162109375,425000,0.0,0.0,0.0
2019-05-01 00:00:00-04:00,30.714670038961053,30.83280458697929,30.604412729763418,30.667415618896484,258400,0.0,0.0,0.0
2019-05-02 00:00:00-04:00,30.698933816609394,30.754062498595733,30.5808022141906,30.58867645263672,115400,0.0,0.0,0.0
2019-05-03 00:00:00-04:00,30.651674397138777,30.72255454879865,30.54929429252024,30.698928833007812,95800,0.0,0.0,0.0
2019-05-06 00:00:00-04:00,30.328777877074106,30.683178650342203,30.320903639573697,30.675304412841797,249100,0.0,0.0,0.0
2019-05-07 00:00:00-04:00,30.446903200324357,30.49415762380311,30.32089440866759,30.40752601623535,278900,0.0,0.0,0.0
2019-05-08 00:00:00-04:00,30.383904709678596,30.486284802288964,30.344524515596294,30.39177894592285,147900,0.0,0.0,0.0
2019-05-09 00:00:00-04:00,30.257896513699727,30.320902428336023,30.084636257024645,30.226396560668945,206800,0.0,0.0,0.0
2019-05-10 00:00:00-04:00,30.147639634378177,30.265774224007526,29.903499222099068,30.16339111328125,370200,0.0,0.0,0.0
2019-05-13 00:00:00-04:00,29.856215736173873,29.87196719975124,29.761709958994174,29.864089965820312,350200,0.0,0.0,0.0
2019-05-14 00:00:00-04:00,29.90349585411052,30.12401052534247,29.864115659144463,30.02162742614746,178500,0.0,0.0,0.0
2019-05-15 00:00:00-04:00,29.927108953998218,30.03736624314301,29.84047736844565,30.01374053955078,668000,0.0,0.0,0.0
2019-05-16 00:00:00-04:00,30.092500098437714,30.194883172208694,30.053122917536975,30.108251571655273,227800,0.0,0.0,0.0
2019-05-17 00:00:00-04:00,30.005863302162837,30.06886918412318,29.942860424488302,30.01374053955078,377400,0.0,0.0,0.0
2019-05-21 00:00:00-04:00,30.037384885621538,30.179145203728982,29.95863048857859,30.155519485473633,256600,0.0,0.0,0.0
2019-05-22 00:00:00-04:00,30.06101094259236,30.06101094259236,29.911376384809667,30.005882263183594,283200,0.0,0.0,0.0
2019-05-23 00:00:00-04:00,29.777485944144402,29.816863133372436,29.501839610974223,29.698728561401367,681500,0.0,0.0,0.0
2019-05-24 00:00:00-04:00,29.78872874282252,30.00979441433039,29.78872874282252,29.91505241394043,376500,0.094,0.0,0.0
2019-05-27 00:00:00-04:00,29.962431557287143,30.096649169921875,29.962431557287143,30.096649169921875,99000,0.0,0.0,0.0
2019-05-28 00:00:00-04:00,29.99401706717414,30.0019109817164,29.844005584716797,29.844005584716797,306300,0.0,0.0,0.0
2019-05-29 00:00:00-04:00,29.757152048104093,29.757152048104093,29.543980252734546,29.63872528076172,403800,0.0,0.0,0.0
2019-05-30 00:00:00-04:00,29.638723357506613,29.709780618018897,29.433445488562604,29.512399673461914,328600,0.0,0.0,0.0
2019-05-31 00:00:00-04:00,29.291333144700065,29.299230069674056,29.15711553808643,29.22027587890625,174500,0.0,0.0,0.0
2019-06-03 00:00:00-04:00,29.18080950195729,29.3702966078277,29.16501865881848,29.259763717651367,489000,0.0,0.0,0.0
2019-06-04 00:00:00-04:00,29.46503536069715,29.65452244538305,29.3387116415049,29.646625518798828,330000,0.0,0.0,0.0
2019-06-05 00:00:00-04:00,29.74926235875991,29.74926235875991,29.53609053312451,29.741365432739258,370500,0.0,0.0,0.0
2019-06-06 00:00:00-04:00,29.741365029464202,29.81242230371251,29.630832161032345,29.765052795410156,320400,0.0,0.0,0.0
2019-06-07 00:00:00-04:00,29.75714503302764,29.891365618527203,29.74135419874571,29.77293586730957,406300,0.0,0.0,0.0
2019-06-10 00:00:00-04:00,29.89138113248967,29.915065890308377,29.79663908941959,29.804533004760742,388000,0.0,0.0,0.0
2019-06-11 00:00:00-04:00,29.922962817444777,29.96243841774104,29.72558180416822,29.804533004760742,372000,0.0,0.0,0.0
2019-06-12 00:00:00-04:00,29.725560865104285,29.74134868466545,29.543967810426494,29.567655563354492,338400,0.0,0.0,0.0
2019-06-13 00:00:00-04:00,29.60714159714825,29.70188360695675,29.567666010710887,29.62293243408203,272300,0.0,0.0,0.0
2019-06-14 00:00:00-04:00,29.615025166605584,29.867675457513233,29.496598448654293,29.820302963256836,207800,0.0,0.0,0.0
2019-06-17 00:00:00-04:00,29.780827390606404,29.970311344045722,29.780827390606404,29.820302963256836,142800,0.0,0.0,0.0
2019-06-18 00:00:00-04:00,29.907152498560443,30.2466478612505,29.89925557656675,30.191381454467773,423100,0.0,0.0,0.0
2019-06-19 00:00:00-04:00,30.22621411858419,30.38450859624516,30.202471003660655,30.210384368896484,242700,0.094,0.0,0.0
2019-06-20 00:00:00-04:00,30.29745021934552,30.29745021934552,30.067926368605335,30.257877349853516,216400,0.0,0.0,0.0
2019-06-21 00:00:00-04:00,30.234128223443037,30.281614449709735,30.147066116333008,30.147066116333008,192800,0.0,0.0,0.0
2019-06-24 00:00:00-04:00,30.147064793341453,30.313272616412554,30.147064793341453,30.17872428894043,145100,0.0,0.0,0.0
2019-06-25 00:00:00-04:00,30.123327203202045,30.123327203202045,29.996692216808174,30.020435333251953,160100,0.0,0.0,0.0
2019-06-26 00:00:00-04:00,30.05209322413923,30.075836339310598,29.88588236029146,29.941287994384766,146800,0.0,0.0,0.0
2019-06-27 00:00:00-04:00,29.917552157209197,30.028357425101323,29.830490012660498,29.877979278564453,184400,0.0,0.0,0.0
2019-06-28 00:00:00-04:00,29.94920406859753,30.036266191055372,29.917544566028074,29.980863571166992,68100,0.0,0.0,0.0
2019-07-02 00:00:00-04:00,30.273694765575193,30.305354255954757,30.19454905884146,30.26578140258789,138400,0.0,0.0,0.0
2019-07-03 00:00:00-04:00,30.321197995822875,30.45574636321374,30.3132816099666,30.439916610717773,51900,0.0,0.0,0.0
2019-07-04 00:00:00-04:00,30.471586227416992,30.487415985165917,30.447843100402398,30.471586227416992,36400,0.0,0.0,0.0
2019-07-05 00:00:00-04:00,30.42407768553682,30.49531004068424,30.40824793781343,30.463653564453125,131400,0.0,0.0,0.0
2019-07-08 00:00:00-04:00,30.360780936155873,30.376610693901544,30.305378293654808,30.368694305419922,81600,0.0,0.0,0.0
2019-07-09 00:00:00-04:00,30.273699610988114,30.479480292960854,30.273699610988114,30.463653564453125,120200,0.0,0.0,0.0
2019-07-10 00:00:00-04:00,30.550711548880777,30.629860284649922,30.297441632850628,30.35284423828125,69500,0.0,0.0,0.0
2019-07-11 00:00:00-04:00,30.376594400503937,30.376594400503937,30.289532289209905,30.321191787719727,33200,0.0,0.0,0.0
2019-07-12 00:00:00-04:00,30.297446482570823,30.321192616710395,30.210384368896488,30.210384368896484,25200,0.0,0.0,0.0
2019-07-15 00:00:00-04:00,30.24204386827189,30.25787361795959,30.139155024125888,30.210384368896484,77400,0.0,0.0,0.0
2019-07-16 00:00:00-04:00,30.218304345685745,30.265793600394346,30.13915860705447,30.20247459411621,35700,0.0,0.0,0.0
2019-07-17 00:00:00-04:00,30.194542417189354,30.27368810651404,30.099563966942306,30.123310089111328,250200,0.0,0.0,0.0
2019-07-18 00:00:00-04:00,30.075839378353358,30.242047239779694,30.075839378353358,30.194561004638672,137600,0.0,0.0,0.0
2019-07-19 00:00:00-04:00,30.21829355555503,30.337015140326088,30.178720700369784,30.186634063720703,266300,0.0,0.0,0.0
2019-07-22 00:00:00-04:00,30.178731253186204,30.242047239779694,30.139158384163224,30.194561004638672,239800,0.0,0.0,0.0
2019-07-23 00:00:00-04:00,30.26578851354095,30.384507101534506,30.26578851354095,30.337020874023438,72300,0.0,0.0,0.0
2019-07-24 00:00:00-04:00,30.297447316197818,30.51114441403755,30.273704200621,30.503231048583984,58600,0.0,0.0,0.0
2019-07-25 00:00:00-04:00,30.482580591779787,30.482580591779787,30.33179567967377,30.387348175048828,45900,0.104,0.0,0.0
2019-07-26 00:00:00-04:00,30.458784103393555,30.53020919825173,30.40323158821331,30.458784103393555,50700,0.0,0.0,0.0
2019-07-29 00:00:00-04:00,30.47465838502948,30.56989084103061,30.4508480004903,30.466720581054688,36000,0.0,0.0,0.0
2019-07-30 00:00:00-04:00,30.363547938110173,30.363547938110173,30.19689039634138,30.315933227539062,88700,0.0,0.0,0.0
2019-07-31 00:00:00-04:00,30.236570330945625,30.315933227539062,30.109592723781077,30.315933227539062,356300,0.0,0.0,0.0
2019-08-01 00:00:00-04:00,30.30008182765139,30.34769959889176,29.94295611181627,29.99057388305664,269700,0.0,0.0,0.0
2019-08-02 00:00:00-04:00,29.950872715095322,29.950872715095322,29.585809448829647,29.752470016479492,248800,0.0,0.0,0.0
2019-08-06 00:00:00-04:00,29.33184356824524,29.427079008659053,29.06995367556682,29.37946128845215,296000,0.0,0.0,0.0
2019-08-07 00:00:00-04:00,29.16519964214898,29.546132498678574,29.093774542338103,29.506452560424805,503000,0.0,0.0,0.0
2019-08-08 00:00:00-04:00,29.649301866684443,29.823897222602575,29.562004188725375,29.696916580200195,242600,0.0,0.0,0.0
2019-08-09 00:00:00-04:00,29.688967915973738,29.73658563460023,29.561990360353473,29.62548065185547,123800,0.0,0.0,0.0
2019-08-12 00:00:00-04:00,29.466783217890896,29.530270536448764,29.28425301438083,29.37154769897461,329300,0.0,0.0,0.0
2019-08-13 00:00:00-04:00,29.276301810765585,29.688979788404623,29.276301810765585,29.562002182006836,647900,0.0,0.0,0.0
2019-08-14 00:00:00-04:00,29.292171600332498,29.379469264051814,28.950918748003176,28.990598678588867,383800,0.0,0.0,0.0
2019-08-15 00:00:00-04:00,28.966799196504475,29.03822430192004,28.792203821625204,28.903308868408203,383400,0.0,0.0,0.0
2019-08-16 00:00:00-04:00,29.165205373255727,29.260437849255467,28.99854778340972,29.18107795715332,262900,0.0,0.0,0.0
2019-08-19 00:00:00-04:00,29.39534888369774,29.52232650842144,29.30011339461593,29.466773986816406,158600,0.0,0.0,0.0
2019-08-20 00:00:00-04:00,29.411207812698816,29.411207812698816,29.109634958698884,29.149314880371094,251500,0.0,0.0,0.0
2019-08-21 00:00:00-04:00,29.20487398712031,29.371531512299224,29.165194056465992,29.31597900390625,368200,0.0,0.0,0.0
2019-08-22 00:00:00-04:00,29.379460523785983,29.49056550732652,29.30009765884007,29.347715377807617,261900,0.0,0.0,0.0
2019-08-23 00:00:00-04:00,29.244563154188942,29.427096342141276,28.847757667551992,28.9429931640625,620000,0.0,0.0,0.0
2019-08-26 00:00:00-04:00,29.12127002789073,29.20085687006382,28.98596875294437,29.049640655517578,189800,0.104,0.0,0.0
2019-08-27 00:00:00-04:00,29.09739154663752,29.129224458559495,28.858624972942575,28.985965728759766,343300,0.0,0.0,0.0
2019-08-28 00:00:00-04:00,28.954135399923537,29.224734909681455,28.94617489420054,29.169023513793945,269900,0.0,0.0,0.0
2019-08-29 00:00:00-04:00,29.31227830421208,29.56695980422877,29.28044235769925,29.44757652282715,332300,0.0,0.0,0.0
2019-08-30 00:00:00-04:00,29.559005749151584,29.57492372588119,29.44758294808796,29.551048278808594,201600,0.0,0.0,0.0
2019-09-03 00:00:00-04:00,29.407785809056364,29.479415177268493,29.256566567251177,29.37594985961914,283700,0.0,0.0,0.0
2019-09-04 00:00:00-04:00,29.519197081798495,29.622662359090228,29.383895867487453,29.47144317626953,169400,0.0,0.0,0.0
2019-09-05 00:00:00-04:00,29.614725277731296,29.964914789808297,29.614725277731296,29.85348892211914,256100,0.0,0.0,0.0
2019-09-06 00:00:00-04:00,29.861433748477214,29.996731962693318,29.805722361912597,29.972856521606445,82100,0.0,0.0,0.0
2019-09-09 00:00:00-04:00,30.036531388613025,30.147954172782143,30.02061341429698,30.13999366760254,221900,0.0,0.0,0.0
2019-09-10 00:00:00-04:00,30.10019145266454,30.354872895200916,30.10019145266454,30.33895492553711,295300,0.0,0.0,0.0
2019-09-11 00:00:00-04:00,30.362834496662664,30.665266823091,30.338956023281824,30.58568000793457,276100,0.0,0.0,0.0
2019-09-12 00:00:00-04:00,30.569765017189642,30.89607584880284,30.51405363394173,30.832406997680664,367100,0.0,0.0,0.0
2019-09-13 00:00:00-04:00,30.91200511178397,31.16668668138526,30.91200511178397,31.103017807006836,390800,0.0,0.0,0.0
2019-09-16 00:00:00-04:00,30.943827043281658,31.063207267154628,30.840361753757822,30.99953842163086,223600,0.0,0.0,0.0
2019-09-17 00:00:00-04:00,30.943835724667018,31.238310669420393,30.943835724667018,31.158723831176758,230000,0.0,0.0,0.0
2019-09-18 00:00:00-04:00,31.134825539874097,31.254208757319642,31.134825539874097,31.23033332824707,301200,0.0,0.0,0.0
2019-09-19 00:00:00-04:00,31.238299921257138,31.47706338987996,31.238299921257138,31.36564064025879,297800,0.0,0.0,0.0
2019-09-20 00:00:00-04:00,31.413399864268655,31.580534016983343,31.413399864268655,31.485029220581055,539000,0.0,0.0,0.0
2019-09-23 00:00:00-04:00,31.413394548400245,31.413394548400245,31.278093326687237,31.36564064025879,226200,0.0,0.0,0.0
2019-09-24 00:00:00-04:00,31.416715635134775,31.528433215348254,31.169341862969432,31.225200653076172,749200,0.104,0.0,0.0
2019-09-25 00:00:00-04:00,31.21723511962154,31.40875324411963,31.201275022240257,31.368854522705078,353300,0.0,0.0,0.0
2019-09-26 00:00:00-04:00,31.38480219812934,31.488538223933478,31.344900448430394,31.464599609375,240200,0.0,0.0,0.0
2019-09-27 00:00:00-04:00,31.52843102138866,31.624191549830055,31.44863362509637,31.52045249938965,374400,0.0,0.0,0.0
2019-09-30 00:00:00-04:00,31.520458121404374,31.64015728126799,31.520458121404374,31.56833839416504,262500,0.0,0.0,0.0
2019-10-01 00:00:00-04:00,31.584296649832755,31.61621378574252,31.017724109352745,31.10550308227539,460100,0.0,0.0,0.0
2019-10-02 00:00:00-04:00,30.945910644055086,30.945910644055086,30.44318141961064,30.61075782775879,436000,0.0,0.0,0.0
2019-10-03 00:00:00-04:00,30.57085219644527,30.586812285618763,30.23569641195337,30.57883071899414,683800,0.0,0.0,0.0
2019-10-04 00:00:00-04:00,30.626727346838326,30.81824243107316,30.578847053740926,30.802282333374023,285200,0.0,0.0,0.0
2019-10-07 00:00:00-04:00,30.77036276715025,30.866120301752478,30.714503951625858,30.77834129333496,267700,0.0,0.0,0.0
2019-10-08 00:00:00-04:00,30.61074464291403,30.66660342157025,30.507005606520284,30.554885864257812,608200,0.0,0.0,0.0
2019-10-09 00:00:00-04:00,30.698527940782636,30.874082822531275,30.578828801525123,30.810245513916016,259600,0.0,0.0,0.0
2019-10-10 00:00:00-04:00,30.79428075529829,31.041657518343246,30.79428075529829,30.898019790649414,327600,0.0,0.0,0.0
2019-10-11 00:00:00-04:00,31.065606801441778,31.312983649504254,31.0576252337851,31.129444122314453,424000,0.0,0.0,0.0
2019-10-15 00:00:00-04:00,31.18531179402733,31.448645738483265,31.18531179402733,31.305007934570312,252700,0.0,0.0,0.0
2019-10-16 00:00:00-04:00,31.305003330927306,31.408742406070296,31.305003330927306,31.34490203857422,110700,0.0,0.0,0.0
2019-10-17 00:00:00-04:00,31.376827119164737,31.42470740225926,31.177330505719347,31.24117088317871,356700,0.0,0.0,0.0
2019-10-18 00:00:00-04:00,31.305007934570312,31.38480840567568,31.24914912683491,31.305007934570312,283700,0.0,0.0,0.0
2019-10-21 00:00:00-04:00,31.35288791216846,31.464605526552244,31.35288791216846,31.40874671936035,163000,0.0,0.0,0.0
2019-10-22 00:00:00-04:00,31.46460421683642,31.560361733168513,31.424705505371094,31.424705505371094,153400,0.0,0.0,0.0
2019-10-23 00:00:00-04:00,31.40075501167627,31.46459536732675,31.36085631143257,31.392776489257812,141700,0.0,0.0,0.0
2019-10-24 00:00:00-04:00,31.44865196553418,31.48057216029675,31.273093938417375,31.368854522705078,170600,0.0,0.0,0.0
2019-10-25 00:00:00-04:00,31.304837050214317,31.48083967629385,31.29683512748746,31.43284034729004,160200,0.1,0.0,0.0
2019-10-28 00:00:00-04:00,31.496850318755815,31.576854311844418,31.496850318755815,31.52085304260254,90000,0.0,0.0,0.0
2019-10-29 00:00:00-04:00,31.46483185005857,31.66483712837777,31.432830273086296,31.568832397460938,112000,0.0,0.0,0.0
2019-10-30 00:00:00-04:00,31.54483296491172,31.72883745605292,31.448831285150742,31.704837799072266,270800,0.0,0.0,0.0
2019-10-31 00:00:00-04:00,31.65684513859817,31.696845596442017,31.504842178055835,31.640844345092773,154400,0.0,0.0,0.0
2019-11-01 00:00:00-04:00,31.760841836045795,31.824841944254796,31.704840596923432,31.80084228515625,195300,0.0,0.0,0.0
2019-11-04 00:00:00-05:00,31.944863256201014,32.080865465548825,31.92086358439617,32.024864196777344,206500,0.0,0.0,0.0
2019-11-05 00:00:00-05:00,32.04887292331207,32.192877084794254,32.04887292331207,32.11287307739258,140400,0.0,0.0,0.0
2019-11-06 00:00:00-05:00,32.12086850829349,32.3048731103451,32.07286611355995,32.296871185302734,176300,0.0,0.0,0.0
2019-11-07 00:00:00-05:00,32.376867702511404,32.5848719279931,32.376867702511404,32.43286895751953,200300,0.0,0.0,0.0
2019-11-08 00:00:00-05:00,32.46487917564398,32.48887884792946,32.368874382821375,32.48087692260742,148200,0.0,0.0,0.0
2019-11-11 00:00:00-05:00,32.368858627969566,32.480861113240785,32.368858627969566,32.472862243652344,50700,0.0,0.0,0.0
2019-11-12 00:00:00-05:00,32.48887874575873,32.56887968768566,32.45687714825184,32.51287841796875,49500,0.0,0.0,0.0
2019-11-13 00:00:00-05:00,32.40886909637561,32.544874336125716,32.376870556293035,32.49687194824219,85600,0.0,0.0,0.0
2019-11-14 00:00:00-05:00,32.50487563248349,32.54487609863281,32.43287357267873,32.54487609863281,78100,0.0,0.0,0.0
2019-11-15 00:00:00-05:00,32.560863409832926,32.61686464961612,32.496860249030036,32.592864990234375,53100,0.0,0.0,0.0
2019-11-18 00:00:00-05:00,32.54488221039293,32.61688428371931,32.52088253656431,32.60088348388672,35900,0.0,0.0,0.0
2019-11-19 00:00:00-05:00,32.6328906464144,32.672891126894406,32.53688583105314,32.64889144897461,77500,0.0,0.0,0.0
2019-11-20 00:00:00-05:00,32.576866700273435,32.65686760557835,32.53686319578206,32.58486557006836,155200,0.0,0.0,0.0
2019-11-21 00:00:00-05:00,32.63288312309007,32.64088199660556,32.46487931270173,32.61688232421875,97700,0.0,0.0,0.0
2019-11-22 00:00:00-05:00,32.60086962822816,32.62486929185671,32.53686645609973,32.57686996459961,20800,0.0,0.0,0.0
2019-11-25 00:00:00-05:00,32.616867352675236,32.74487063305036,32.616867352675236,32.72087097167969,77700,0.0,0.0,0.0
2019-11-26 00:00:00-05:00,32.680775323618334,32.680775323618334,32.440181270523055,32.60859680175781,193500,0.1,0.0,0.0
2019-11-27 00:00:00-05:00,32.63266148712252,32.7289015740948,32.57652296604867,32.66474151611328,121400,0.0,0.0,0.0
2019-11-28 00:00:00-05:00,32.61662304377703,32.71286313538522,32.61662304377703,32.69682312011719,30700,0.0,0.0,0.0
2019-11-29 00:00:00-05:00,32.65671764484107,32.72087463290627,32.608597609302585,32.63265609741211,55400,0.0,0.0,0.0
2019-12-02 00:00:00-05:00,32.64069265604225,32.64069265604225,32.42415698543657,32.44821548461914,138800,0.0,0.0,0.0
2019-12-03 00:00:00-05:00,32.25573637796291,32.25573637796291,31.967022195193852,32.14345932006836,261800,0.0,0.0,0.0
2019-12-04 00:00:00-05:00,32.01513446317623,32.13543304135679,32.00711598564683,32.0391960144043,134900,0.0,0.0,0.0
2019-12-05 00:00:00-05:00,31.950984360409926,31.950984360409926,31.6702916965048,31.798608779907227,274200,0.0,0.0,0.0
2019-12-06 00:00:00-05:00,31.975039650020427,32.079298225864164,31.95899963378906,31.958999633789062,144200,0.0,0.0,0.0
2019-12-09 00:00:00-05:00,31.902863195299886,31.910884733600874,31.74246914112589,31.82266616821289,149100,0.0,0.0,0.0
2019-12-10 00:00:00-05:00,31.774534207786836,31.846712728841982,31.630177165676542,31.766515731811523,230700,0.0,0.0,0.0
2019-12-11 00:00:00-05:00,31.742464065551758,31.87078112396553,31.694344021401594,31.742464065551758,123600,0.0,0.0,0.0
2019-12-12 00:00:00-05:00,31.702362983920573,31.94296014903081,31.702362983920573,31.806621551513672,284400,0.0,0.0,0.0
2019-12-13 00:00:00-05:00,31.846718762092962,32.02315586016857,31.766521749869455,31.950977325439453,393100,0.0,0.0,0.0
2019-12-16 00:00:00-05:00,32.03918238357854,32.18353939225165,32.03918238357854,32.08729934692383,129800,0.0,0.0,0.0
2019-12-17 00:00:00-05:00,32.079291672525066,32.19156870388776,31.950974628207753,32.159488677978516,265100,0.0,0.0,0.0
2019-12-18 00:00:00-05:00,32.14344645478083,32.14344645478083,31.926910904371535,31.99106788635254,157900,0.0,0.0,0.0
2019-12-19 00:00:00-05:00,32.03117018476515,32.03117018476515,31.926914694255483,31.98305320739746,261900,0.0,0.0,0.0
2019-12-20 00:00:00-05:00,32.00710932956019,32.20760487862015,32.00710932956019,32.151466369628906,200000,0.0,0.0,0.0
2019-12-23 00:00:00-05:00,32.1835529439355,32.1835529439355,31.950977325439453,31.950977325439453,204900,0.0,0.0,0.0
2019-12-24 00:00:00-05:00,31.95899963378906,31.95899963378906,31.830682563258414,31.958999633789062,97800,0.0,0.0,0.0
2019-12-27 00:00:00-05:00,31.975031982540372,32.03117049622823,31.87077649101695,31.942955017089844,79900,0.0,0.0,0.0
2019-12-30 00:00:00-05:00,31.9268730233325,31.9268730233325,31.798233009989453,31.8625545501709,62900,0.1,0.0,0.0
2019-12-31 00:00:00-05:00,31.75802897761292,31.822350508471068,31.717829554336276,31.790189743041992,99100,0.0,0.0,0.0
2020-01-02 00:00:00-05:00,31.918839438419766,31.959038873913705,31.83843750041156,31.951000213623047,174100,0.0,0.0,0.0
2020-01-03 00:00:00-05:00,31.774106218584222,31.9268652387388,31.71782641815785,31.902746200561523,174400,0.0,0.0,0.0
2020-01-06 00:00:00-05:00,31.758039472454364,31.902759897690473,31.74195908442586,31.894718170166016,79700,0.0,0.0,0.0
2020-01-07 00:00:00-05:00,31.926867964895077,32.0474693001175,31.894707199899848,31.91078758239746,153200,0.0,0.0,0.0
2020-01-08 00:00:00-05:00,31.91883940777663,32.32083989637074,31.91883940777663,32.152000427246094,217100,0.0,0.0,0.0
2020-01-09 00:00:00-05:00,32.31280534037305,32.369085175905006,32.23240645161913,32.272605895996094,77800,0.0,0.0,0.0
2020-01-10 00:00:00-05:00,32.296714934841845,32.312795321010725,32.17611663910537,32.25651550292969,162200,0.0,0.0,0.0
2020-01-13 00:00:00-05:00,32.31279654894917,32.409278869628906,32.23239768206957,32.409278869628906,147400,0.0,0.0,0.0
2020-01-14 00:00:00-05:00,32.42536544799805,32.48164527896438,32.336924837330734,32.42536544799805,124400,0.0,0.0,0.0
2020-01-15 00:00:00-05:00,32.40925953679295,32.5218191100882,32.40121781468995,32.48965835571289,103900,0.0,0.0,0.0
2020-01-16 00:00:00-05:00,32.570077555403245,32.7308783608828,32.56203889528839,32.71479797363281,114000,0.0,0.0,0.0
2020-01-17 00:00:00-05:00,32.779127257619116,32.915805980966034,32.75500820456283,32.875606536865234,79000,0.0,0.0,0.0
2020-01-20 00:00:00-05:00,32.85147683722618,32.99619724270453,32.85147683722618,32.94795608520508,18300,0.0,0.0,0.0
2020-01-21 00:00:00-05:00,32.867557677478274,32.915795768624655,32.79519747373866,32.82735824584961,84200,0.0,0.0,0.0
2020-01-22 00:00:00-05:00,32.84344524451288,33.02836820514134,32.77912674835506,32.92384719848633,89200,0.0,0.0,0.0
2020-01-23 00:00:00-05:00,32.87558432665124,32.98814392089844,32.787143769165894,32.98814392089844,74500,0.0,0.0,0.0
2020-01-24 00:00:00-05:00,32.996207423551965,33.09268670129916,32.86756736421539,32.92384719848633,125200,0.0,0.0,0.0
2020-01-27 00:00:00-05:00,32.52662071617509,32.76833391055675,32.50245031880193,32.744163513183594,132500,0.087,0.0,0.0
2020-01-28 00:00:00-05:00,32.816680217467336,32.93753836041417,32.736110171202945,32.88919448852539,135300,0.0,0.0,0.0
2020-01-29 00:00:00-05:00,32.94557904228692,32.95363788735152,32.824724028257556,32.84083557128906,85600,0.0,0.0,0.0
2020-01-30 00:00:00-05:00,32.66360440644009,32.82474761448423,32.57497548833826,32.76834487915039,177600,0.0,0.0,0.0
2020-01-31 00:00:00-05:00,32.61525283987932,32.61525283987932,32.3251957484291,32.42993927001953,247400,0.0,0.0,0.0
2020-02-03 00:00:00-05:00,32.47827054733112,32.695813281550976,32.47827054733112,32.526611328125,194400,0.0,0.0,0.0
2020-02-04 00:00:00-05:00,32.824740406962356,32.95365433038107,32.824740406962356,32.87308120727539,287400,0.0,0.0,0.0
2020-02-05 00:00:00-05:00,33.10672018703701,33.22757826750574,33.09866441599514,33.18729019165039,132700,0.0,0.0,0.0
2020-02-06 00:00:00-05:00,33.25982724204498,33.44514083862305,33.25982724204498,33.44514083862305,137900,0.0,0.0,0.0
2020-02-07 00:00:00-05:00,33.308176747293736,33.46126111635051,33.308176747293736,33.40486145019531,192800,0.0,0.0,0.0
2020-02-10 00:00:00-05:00,33.292030836029596,33.41288890625938,33.292030836029596,33.39677429199219,67300,0.0,0.0,0.0
2020-02-11 00:00:00-05:00,33.43706960771844,33.55792771523837,33.43706960771844,33.49346923828125,96800,0.0,0.0,0.0
2020-02-12 00:00:00-05:00,33.590153880167584,33.590153880167584,33.42901383487348,33.49346923828125,77100,0.0,0.0,0.0
2020-02-13 00:00:00-05:00,33.39680521414504,33.501548767089844,33.38069058495728,33.501548767089844,88600,0.0,0.0,0.0
2020-02-14 00:00:00-05:00,33.52571369070307,33.630457226516256,33.50959906415099,33.622398376464844,228500,0.0,0.0,0.0
2020-02-18 00:00:00-05:00,33.525691986083984,33.56597698960822,33.41289274679665,33.525691986083984,126100,0.0,0.0,0.0
2020-02-19 00:00:00-05:00,33.60627928695025,33.60627928695025,33.48542421418545,33.56599426269531,46900,0.0,0.0,0.0
2020-02-20 00:00:00-05:00,33.54183189698518,33.670745849609375,33.54183189698518,33.670745849609375,65500,0.0,0.0,0.0
2020-02-21 00:00:00-05:00,33.65462020360484,33.73519024503658,33.52570629318404,33.57404708862305,113700,0.0,0.0,0.0
2020-02-24 00:00:00-05:00,32.925724909766984,33.127574627124524,32.86113460180335,32.982242584228516,171300,0.087,0.0,0.0
2020-02-25 00:00:00-05:00,33.006456022859915,33.01452865376416,32.2232783859535,32.36861038208008,936600,0.0,0.0,0.0
2020-02-26 00:00:00-05:00,32.36052571857882,32.61081722330118,32.086010170188395,32.15060043334961,745700,0.0,0.0,0.0
2020-02-27 00:00:00-05:00,31.641934213858576,31.66615825414116,31.068682233505797,31.51275062561035,1010200,0.0,0.0,0.0
2020-02-28 00:00:00-05:00,30.527750028079627,30.84263507028704,30.156344235749476,30.70537567138672,1195200,0.0,0.0,0.0
2020-03-02 00:00:00-05:00,30.535804407254993,31.14942885908717,30.40662079844509,31.11713218688965,2021600,0.0,0.0,0.0
2020-03-03 00:00:00-05:00,31.33513679352218,31.40780278148889,30.56810760498047,30.56810760498047,2957000,0.0,0.0,0.0
2020-03-04 00:00:00-05:00,31.00410669092543,31.08484531689894,30.689218657673973,31.068696975708008,957700,0.0,0.0,0.0
2020-03-05 00:00:00-05:00,30.57618680452349,30.665001151119345,30.220932498121584,30.43085479736328,1372400,0.0,0.0,0.0
2020-03-06 00:00:00-05:00,29.82529007802944,29.94640104683848,29.429666662549007,29.615367889404297,2716800,0.0,0.0,0.0
2020-03-09 00:00:00-04:00,27.451550144177396,28.1539860060602,26.45037460725694,26.458450317382812,4938800,0.0,0.0,0.0
2020-03-10 00:00:00-04:00,27.677620128800353,27.677620128800353,26.644151014440197,27.451549530029297,6898400,0.0,0.0,0.0
2020-03-11 00:00:00-04:00,26.862154148841203,27.015558787509725,26.224308459672624,26.2485294342041,5364800,0.0,0.0,0.0
2020-03-12 00:00:00-04:00,24.87594560372061,24.87594560372061,22.5748597326094,23.067373275756836,1161300,0.0,0.0,0.0
2020-03-13 00:00:00-04:00,24.819430237470524,26.24045181274414,23.9232173904537,26.24045181274414,5831700,0.0,0.0,0.0
2020-03-16 00:00:00-04:00,22.0419701884272,24.569127410449514,22.0419701884272,23.55180549621582,3754600,0.0,0.0,0.0
2020-03-17 00:00:00-04:00,23.89898619786227,24.722532702853798,23.31765852846129,23.947429656982422,2604400,0.0,0.0,0.0
2020-03-18 00:00:00-04:00,22.050047443117037,23.253070741757565,21.525238848943527,22.381080627441406,4031500,0.0,0.0,0.0
2020-03-19 00:00:00-04:00,22.02583349523247,22.809009552001953,21.49295056341149,22.809009552001953,1842000,0.0,0.0,0.0
2020-03-20 00:00:00-04:00,23.083518324409784,23.785954007487636,21.775532355245023,21.9935302734375,2033200,0.0,0.0,0.0
2020-03-23 00:00:00-04:00,21.767461253550785,21.888572251823152,20.176886877468444,20.225330352783203,4595500,0.0,0.0,0.0
2020-03-24 00:00:00-04:00,21.258801364415294,22.978559404533623,21.258801364415294,22.946264266967773,3257800,0.0,0.0,0.0
2020-03-25 00:00:00-04:00,23.154398735613633,25.632623548032225,23.008620532873927,24.25583267211914,5668200,0.087,0.0,0.0
2020-03-26 00:00:00-04:00,24.45019725217236,25.616419506000184,24.40160349972404,24.911827087402344,3016100,0.0,0.0,0.0
2020-03-27 00:00:00-04:00,24.053366309865968,24.255835718047603,23.494550310763334,23.616031646728516,4277800,0.0,0.0,0.0
2020-03-30 00:00:00-04:00,23.842792480739707,24.30442237854004,23.16249530143859,24.30442237854004,1356400,0.0,0.0,0.0
2020-03-31 00:00:00-04:00,24.239636597695405,25.308674772949775,24.239636597695405,24.984724044799805,1492800,0.0,0.0,0.0
2020-04-01 00:00:00-04:00,24.215338425409456,24.336819748912276,23.769906390992837,23.818498611450195,1449700,0.0,0.0,0.0
2020-04-02 00:00:00-04:00,23.931886625187005,24.506900624467487,23.769912003842048,24.053369522094727,1479500,0.0,0.0,0.0
2020-04-03 00:00:00-04:00,24.093859573614697,24.110057497001787,23.37306897479815,23.616031646728516,918400,0.0,0.0,0.0
2020-04-06 00:00:00-04:00,24.336819907818505,24.895635853242847,24.336819907818505,24.85514259338379,1387200,0.0,0.0,0.0
2020-04-07 00:00:00-04:00,25.640724799435908,26.094257369526392,25.017118674100697,25.090007781982422,2294400,0.0,0.0,0.0
2020-04-08 00:00:00-04:00,25.29247584195639,25.875588674096665,24.96042616575156,25.77030372619629,1363600,0.0,0.0,0.0
2020-04-09 00:00:00-04:00,25.956575346901168,26.523490260431526,25.859390904119252,26.19144058227539,1827700,0.0,0.0,0.0
2020-04-13 00:00:00-04:00,26.167149569581788,26.167149569581788,25.34917136342216,25.454456329345703,774100,0.0,0.0,0.0
2020-04-14 00:00:00-04:00,25.924179512018235,25.98087378388533,25.268180661210575,25.5759334564209,712900,0.0,0.0,0.0
2020-04-15 00:00:00-04:00,25.000922022701936,25.146698692152768,24.709365594362428,24.749858856201172,527500,0.0,0.0,0.0
2020-04-16 00:00:00-04:00,24.87134047724285,24.895637361461542,24.09385871887207,24.09385871887207,844900,0.0,0.0,0.0
2020-04-17 00:00:00-04:00,24.814650413107675,25.251985080486822,24.69316907596425,25.219589233398438,576500,0.0,0.0,0.0
2020-04-20 00:00:00-04:00,24.636476650132686,25.36536618108073,24.46640155090408,25.057613372802734,976600,0.0,0.0,0.0
2020-04-21 00:00:00-04:00,24.52309440508861,24.790353952618435,24.08575975746584,24.09385871887207,600400,0.0,0.0,0.0
2020-04-22 00:00:00-04:00,24.523094959166475,24.547390299215156,24.13435252647885,24.272031784057617,792700,0.0,0.0,0.0
2020-04-23 00:00:00-04:00,24.32872698231519,24.409713516982126,24.061465856925416,24.069564819335938,1064300,0.0,0.0,0.0
2020-04-24 00:00:00-04:00,24.206119537353516,24.254888987027503,23.905371238599407,24.206119537353516,469700,0.108,0.0,0.0
2020-04-27 00:00:00-04:00,24.376807498919877,24.994559396885194,24.295524068859514,24.95391845703125,480300,0.0,0.0,0.0
2020-04-28 00:00:00-04:00,25.25467419138253,25.604191980763726,25.157135280605893,25.295316696166992,1081100,0.0,0.0,0.0
2020-04-29 00:00:00-04:00,25.80738921923745,26.417012586621013,25.791132224022647,26.384498596191406,707300,0.0,0.0,0.0
2020-04-30 00:00:00-04:00,26.140657392507848,26.140657392507848,25.49039290029734,25.522905349731445,1403000,0.0,0.0,0.0
2020-05-01 00:00:00-04:00,25.16525324694382,25.16525324694382,24.79948013658681,24.929533004760742,761900,0.0,0.0,0.0
2020-05-04 00:00:00-04:00,24.750716498839967,25.083977245428045,24.539380150943384,25.010822296142578,1232500,0.0,0.0,0.0
2020-05-05 00:00:00-04:00,25.327823221033192,25.368464165951593,24.77509768816798,24.840124130249023,709000,0.0,0.0,0.0
2020-05-06 00:00:00-04:00,25.067726967542644,25.12462493216595,24.701952123030992,24.888904571533203,972700,0.0,0.0,0.0
2020-05-07 00:00:00-04:00,25.092099398741578,25.344076632350756,24.685683805664375,24.710067749023438,705700,0.0,0.0,0.0
2020-05-08 00:00:00-04:00,25.059584286273203,25.124610716242987,24.856376498823582,25.067712783813477,428900,0.0,0.0,0.0
2020-05-11 00:00:00-04:00,24.937666857959705,25.36846649491411,24.78322846245669,25.32782554626465,443900,0.0,0.0,0.0
2020-05-12 00:00:00-04:00,25.368463942071255,25.482261377473307,24.8076114654541,24.8076114654541,746700,0.0,0.0,0.0
2020-05-13 00:00:00-04:00,24.79949259809517,24.823878104513447,23.791581588105263,23.864736557006836,886800,0.0,0.0,0.0
2020-05-14 00:00:00-04:00,23.66964963571144,24.043551313198563,23.16569351567144,23.840343475341797,2277500,0.0,0.0,0.0
2020-05-15 00:00:00-04:00,23.7428039779761,23.905370874886454,23.56398163165697,23.718420028686523,1003600,0.0,0.0,0.0
2020-05-19 00:00:00-04:00,24.52312469014211,24.531253190612084,24.011041563357377,24.149221420288086,1405700,0.0,0.0,0.0
2020-05-20 00:00:00-04:00,24.417450131967943,24.571886944598365,24.303652709076726,24.474348068237305,718900,0.0,0.0,0.0
2020-05-21 00:00:00-04:00,24.4824844799257,24.612537390679773,24.157350652687526,24.23863410949707,820500,0.0,0.0,0.0
2020-05-22 00:00:00-04:00,24.28594688081766,24.28594688081766,23.82910565153297,24.041210174560547,422200,0.108,0.0,0.0
2020-05-25 00:00:00-04:00,24.13095016970667,24.449106216430664,24.13095016970667,24.449106216430664,83600,0.0,0.0,0.0
2020-05-26 00:00:00-04:00,24.775417785112825,25.754359904551713,24.750943648631324,25.721729278564453,1079200,0.0,0.0,0.0
2020-05-27 00:00:00-04:00,25.93383951510595,26.553835549543468,25.893049278637417,26.537519454956055,2146300,0.0,0.0,0.0
2020-05-28 00:00:00-04:00,26.619099487455614,26.627255978625943,26.080679266898564,26.17041778564453,1076100,0.0,0.0,0.0
2020-05-29 00:00:00-04:00,25.97462247096829,26.031727233450344,25.501466724132317,25.63199234008789,1374900,0.0,0.0,0.0
2020-06-01 00:00:00-04:00,25.697262288232597,26.21936489712481,25.656473605408586,26.031734466552734,393700,0.0,0.0,0.0
2020-06-02 00:00:00-04:00,26.178567201757268,26.70882923184621,26.178567201757268,26.58646011352539,473400,0.0,0.0,0.0
2020-06-03 00:00:00-04:00,26.945415914203302,27.5409394385658,26.945415914203302,27.369625091552734,447000,0.0,0.0,0.0
2020-06-04 00:00:00-04:00,27.361459101259868,27.53277338880482,26.978038742679697,27.377775192260742,501600,0.0,0.0,0.0
2020-06-05 00:00:00-04:00,28.177232076961907,28.56880874574967,28.04670652069932,28.226177215576172,838900,0.0,0.0,0.0
2020-06-08 00:00:00-04:00,28.54434520533535,28.683027291242084,28.19355707842621,28.5117130279541,479600,0.0,0.0,0.0
2020-06-09 00:00:00-04:00,28.16907247920971,28.39749453665029,27.899864880907067,28.226177215576172,303600,0.0,0.0,0.0
2020-06-10 00:00:00-04:00,28.193562270357422,28.193562270357422,27.66330018217773,27.73672103881836,981000,0.0,0.0,0.0
2020-06-11 00:00:00-04:00,26.8311900784182,27.100400842163033,26.382508584152163,26.48040199279785,1329200,0.0,0.0,0.0
2020-06-12 00:00:00-04:00,27.084091859616347,27.336983490949745,26.774092353620127,26.98619842529297,4549500,0.0,0.0,0.0
2020-06-15 00:00:00-04:00,26.42331292747788,27.222782981854333,26.292787267824114,26.86383819580078,2224600,0.0,0.0,0.0
2020-06-16 00:00:00-04:00,27.63067709367624,27.695941481939744,27.03515355466971,27.31252098083496,2710100,0.0,0.0,0.0
2020-06-17 00:00:00-04:00,27.402251647114984,27.402251647114984,27.002515141016115,27.10856819152832,1072300,0.0,0.0,0.0
2020-06-18 00:00:00-04:00,26.929081052632103,27.24724004792538,26.79855548224579,27.116714477539062,1320000,0.0,0.0,0.0
2020-06-19 00:00:00-04:00,27.39409649573458,27.39409649573458,26.91278261154224,26.994359970092773,2718400,0.0,0.0,0.0
2020-06-22 00:00:00-04:00,26.929095651230956,26.94541174537129,26.708836160278373,26.912782669067383,503000,0.0,0.0,0.0
2020-06-23 00:00:00-04:00,27.12487922813848,27.26356132743611,26.757774977091778,27.010669708251953,8214500,0.0,0.0,0.0
2020-06-24 00:00:00-04:00,26.837159263488527,26.845342445552028,26.28060921836238,26.493406295776367,658400,0.108,0.0,0.0
2020-06-25 00:00:00-04:00,26.288791266701004,26.796235953241656,26.288791266701004,26.738941192626953,446000,0.0,0.0,0.0
2020-06-26 00:00:00-04:00,26.567070462433303,26.657101086233247,26.018706658794567,26.075998306274414,433100,0.0,0.0,0.0
2020-06-29 00:00:00-04:00,26.22331371628125,26.599802478972975,26.157835780773222,26.362449645996094,909100,0.0,0.0,0.0
2020-06-30 00:00:00-04:00,26.215125058723302,26.657091717227345,26.182387654989537,26.55887794494629,434600,0.0,0.0,0.0
2020-07-02 00:00:00-04:00,26.8289704154901,27.05814007962303,26.517959572001082,26.550695419311523,586900,0.0,0.0,0.0
2020-07-03 00:00:00-04:00,26.583436919574197,26.583436919574197,26.501592610266407,26.53432846069336,57200,0.0,0.0,0.0
2020-07-06 00:00:00-04:00,26.886265457715126,27.017218230029705,26.68165155583857,26.878082275390625,335800,0.0,0.0,0.0
2020-07-07 00:00:00-04:00,26.72257592428668,26.72257592428668,26.39519244356441,26.40337562561035,211200,0.0,0.0,0.0
2020-07-08 00:00:00-04:00,26.403376911876187,26.52614650366794,26.141472924483704,26.41974639892578,418400,0.0,0.0,0.0
2020-07-09 00:00:00-04:00,26.378822196198545,26.378822196198545,25.904118036144155,26.157838821411133,405300,0.0,0.0,0.0
2020-07-10 00:00:00-04:00,26.149659651429992,26.648918116749364,26.149659651429992,26.640731811523438,402400,0.0,0.0,0.0
2020-07-13 00:00:00-04:00,26.738940622912587,27.025401931242058,26.534326740745847,26.804418563842773,2202400,0.0,0.0,0.0
2020-07-14 00:00:00-04:00,26.74712710059686,27.18909383827039,26.632543825383742,27.148168563842773,2587000,0.0,0.0,0.0
2020-07-15 00:00:00-04:00,27.401896225012003,27.72109344571336,27.32005190458216,27.48374366760254,2352500,0.0,0.0,0.0
2020-07-16 00:00:00-04:00,27.33642198183571,27.68835818715281,27.31186618744935,27.500110626220703,2216200,0.0,0.0,0.0
2020-07-17 00:00:00-04:00,27.500110626220703,27.62288023167021,27.377344142931957,27.500110626220703,595500,0.0,0.0,0.0
2020-07-20 00:00:00-04:00,27.39371806323763,27.44282341563251,27.23820945489046,27.360979080200195,383800,0.0,0.0,0.0
2020-07-21 00:00:00-04:00,27.508298213886395,27.68835947769538,27.459189744985515,27.47555923461914,360400,0.0,0.0,0.0
2020-07-22 00:00:00-04:00,27.410085678100586,27.500113192047813,27.295499245314833,27.410085678100586,371700,0.0,0.0,0.0
2020-07-23 00:00:00-04:00,27.352794030271898,27.467380476168373,27.22184121426591,27.28731918334961,2753400,0.0,0.0,0.0
2020-07-24 00:00:00-04:00,27.197282779186473,27.21365226799192,26.943560385943115,27.07451629638672,2845100,0.0,0.0,0.0
2020-07-27 00:00:00-04:00,26.914352920554467,27.09504228321067,26.71723696737936,27.06218910217285,1625600,0.115,0.0,0.0
2020-07-28 00:00:00-04:00,27.012917375177466,27.03755570176733,26.881507744943644,26.947214126586914,109300,0.0,0.0,0.0
2020-07-29 00:00:00-04:00,27.021133788055796,27.168970022173287,26.807591168529243,27.160755157470703,241800,0.0,0.0,0.0
2020-07-30 00:00:00-04:00,26.848645085294397,27.20180892944336,26.676170593887214,27.20180892944336,234000,0.0,0.0,0.0
2020-07-31 00:00:00-04:00,27.14433144026817,27.14433144026817,26.65154602964295,26.766529083251953,334400,0.0,0.0,0.0
2020-08-04 00:00:00-04:00,26.79116270505429,27.029343635983548,26.733671188354492,26.733671188354492,679300,0.0,0.0,0.0
2020-08-05 00:00:00-04:00,26.84044436123377,27.160755157470703,26.824017764881507,27.160755157470703,283400,0.0,0.0,0.0
2020-08-06 00:00:00-04:00,27.22645097841017,27.423563792047393,27.15253289003329,27.357860565185547,231900,0.0,0.0,0.0
2020-08-07 00:00:00-04:00,27.325017439387242,27.612475037148894,27.242884459274745,27.604263305664062,476700,0.0,0.0,0.0
2020-08-10 00:00:00-04:00,27.68637913327234,27.957413130821827,27.66995254556771,27.932771682739258,342700,0.0,0.0,0.0
2020-08-11 00:00:00-04:00,28.154520910600116,28.52411123560376,28.154520910600116,28.343421936035156,536100,0.0,0.0,0.0
2020-08-12 00:00:00-04:00,28.532351052887915,28.745890575764367,28.4584329232281,28.51592445373535,315100,0.0,0.0,0.0
2020-08-13 00:00:00-04:00,28.368084685458008,28.45021453800843,28.212033579337938,28.294166564941406,286900,0.0,0.0,0.0
2020-08-14 00:00:00-04:00,28.121687698222498,28.433783596673425,28.097046239779743,28.310588836669922,242000,0.0,0.0,0.0
2020-08-17 00:00:00-04:00,28.36807877138442,28.36807877138442,28.162751049761287,28.187389373779297,143000,0.0,0.0,0.0
2020-08-18 00:00:00-04:00,28.22024076126449,28.22024076126449,27.957421544993867,28.031339645385742,210800,0.0,0.0,0.0
2020-08-19 00:00:00-04:00,27.990268734632057,28.23666130547569,27.990268734632057,28.080610275268555,236300,0.0,0.0,0.0
2020-08-20 00:00:00-04:00,27.965639114379883,28.055983826285342,27.899935863118632,27.965639114379883,252400,0.0,0.0,0.0
2020-08-21 00:00:00-04:00,27.90813866929711,27.965630170659097,27.809582257398255,27.95741844177246,244100,0.0,0.0,0.0
2020-08-24 00:00:00-04:00,28.12989325903273,28.41735076904297,28.097040077016736,28.41735076904297,242900,0.0,0.0,0.0
2020-08-25 00:00:00-04:00,28.512123814063393,28.602769801354754,28.355555472787874,28.569807052612305,388900,0.115,0.0,0.0
2020-08-26 00:00:00-04:00,28.784056695898425,29.064233723759884,28.668690239161386,29.03127098083496,207400,0.0,0.0,0.0
2020-08-27 00:00:00-04:00,29.09720243311111,29.35265588440991,29.0889601739397,29.220808029174805,537700,0.0,0.0,0.0
2020-08-28 00:00:00-04:00,29.327926196124512,29.327926196124512,28.940621867555485,29.055988311767578,358500,0.0,0.0,0.0
2020-08-31 00:00:00-04:00,28.95711474335509,28.965357003216646,28.578052520751953,28.578052520751953,426700,0.0,0.0,0.0
2020-09-01 00:00:00-04:00,28.48739197645057,28.65220251101064,28.363783289655647,28.602758407592773,382700,0.0,0.0,0.0
2020-09-02 00:00:00-04:00,28.643967444645053,28.915905366447195,28.643967444645053,28.7346134185791,438900,0.0,0.0,0.0
2020-09-03 00:00:00-04:00,28.77581538165157,28.957107330180964,28.28962905332325,28.36379051208496,967200,0.0,0.0,0.0
2020-09-04 00:00:00-04:00,28.56979623460069,28.726367660090855,27.984721811715193,28.166013717651367,2008100,0.0,0.0,0.0
2020-09-08 00:00:00-04:00,27.95176445646543,28.034171312982227,27.77047565912879,27.960006713867188,1047200,0.0,0.0,0.0
2020-09-09 00:00:00-04:00,28.1083313183634,28.396747410286068,28.1083313183634,28.273141860961914,316500,0.0,0.0,0.0
2020-09-10 00:00:00-04:00,28.322582266054834,28.339063634340384,27.861116528057746,27.951759338378906,800500,0.0,0.0,0.0
2020-09-11 00:00:00-04:00,27.9764978331726,28.231951318633318,27.96825557289895,28.149547576904297,856400,0.0,0.0,0.0
2020-09-14 00:00:00-04:00,28.264899604907185,28.35554556051135,28.198977273967564,28.273141860961914,193800,0.0,0.0,0.0
2020-09-15 00:00:00-04:00,28.372029566617584,28.429712790364416,28.281383602586867,28.330827713012695,173800,0.0,0.0,0.0
2020-09-16 00:00:00-04:00,28.32259666424111,28.495649547463437,28.124826431274414,28.124826431274414,380500,0.0,0.0,0.0
2020-09-17 00:00:00-04:00,27.935285156826332,28.18249942989116,27.91880378615534,28.083614349365234,358600,0.0,0.0,0.0
2020-09-18 00:00:00-04:00,28.042409706394128,28.166018416243382,27.90232276916504,27.90232276916504,219200,0.0,0.0,0.0
2020-09-21 00:00:00-04:00,27.523272167859933,27.539750402123897,27.135967649127636,27.515029907226562,337300,0.0,0.0,0.0
2020-09-22 00:00:00-04:00,27.52326268317716,27.745753347584312,27.383172592198257,27.547983169555664,226600,0.0,0.0,0.0
2020-09-23 00:00:00-04:00,27.696316498487654,27.81168297676448,27.25132881641924,27.259571075439453,326200,0.0,0.0,0.0
2020-09-24 00:00:00-04:00,27.172731200936628,27.47869228839842,27.048691302375158,27.31330680847168,478600,0.115,0.0,0.0
2020-09-25 00:00:00-04:00,27.21408644646551,27.51177978515625,27.12312424248037,27.51177978515625,387800,0.0,0.0,0.0
2020-09-28 00:00:00-04:00,27.850815996510327,28.165048173786417,27.850815996510327,28.02446937561035,281200,0.0,0.0,0.0
2020-09-29 00:00:00-04:00,27.950044168691935,27.950044168691935,27.520043100931595,27.64408302307129,289600,0.0,0.0,0.0
2020-09-30 00:00:00-04:00,27.660630031911598,27.883900064805655,27.51178334331556,27.56966781616211,537400,0.0,0.0,0.0
2020-10-01 00:00:00-04:00,27.710227425904296,27.71849843406824,27.470421815060963,27.6192684173584,407600,0.0,0.0,0.0
2020-10-02 00:00:00-04:00,27.305041577607753,27.925234821075463,27.305041577607753,27.859079360961914,421900,0.0,0.0,0.0
2020-10-05 00:00:00-04:00,28.065817541570244,28.30562641344432,27.933509742340885,28.231203079223633,347200,0.0,0.0,0.0
2020-10-06 00:00:00-04:00,28.34697417326744,28.545437464495674,28.18159177745541,28.256011962890625,698800,0.0,0.0,0.0
2020-10-07 00:00:00-04:00,28.46274151288688,28.66120479296406,28.46274151288688,28.652936935424805,175500,0.0,0.0,0.0
2020-10-08 00:00:00-04:00,28.735626218270816,28.859666154380932,28.64466401905228,28.69428062438965,240300,0.0,0.0,0.0
2020-10-09 00:00:00-04:00,28.694281868308032,28.727359606633556,28.446205139800103,28.487550735473633,305000,0.0,0.0,0.0
2020-10-13 00:00:00-04:00,28.545423450933907,28.545423450933907,28.090615776791687,28.206384658813477,234200,0.0,0.0,0.0
2020-10-14 00:00:00-04:00,28.21466496087657,28.297359309137352,28.016204833984375,28.016204833984375,145900,0.0,0.0,0.0
2020-10-15 00:00:00-04:00,27.817733998414383,28.18158272302103,27.759849547584412,28.098888397216797,134000,0.0,0.0,0.0
2020-10-16 00:00:00-04:00,28.140244693424787,28.24774578065359,28.082360220563245,28.10717010498047,129300,0.0,0.0,0.0
2020-10-19 00:00:00-04:00,28.18158853705755,28.206395262683607,27.76812628613452,27.842546463012695,276000,0.0,0.0,0.0
2020-10-20 00:00:00-04:00,27.89216830803225,28.04928285728761,27.76813150213609,27.792938232421875,604000,0.0,0.0,0.0
2020-10-21 00:00:00-04:00,27.768126946855734,27.983125934486125,27.6854326020235,27.925241470336914,421500,0.0,0.0,0.0
2020-10-22 00:00:00-04:00,27.933517312435328,28.21467185630006,27.925249452822076,28.14851951599121,304500,0.0,0.0,0.0
2020-10-23 00:00:00-04:00,28.30563112726233,28.396593345843232,28.24774665261399,28.380054473876953,366700,0.0,0.0,0.0
2020-10-26 00:00:00-04:00,28.246445969811475,28.254742592648746,27.748563132647973,27.91452407836914,280500,0.119,0.0,0.0
2020-10-27 00:00:00-04:00,27.873043811472073,27.873043811472073,27.375163975806004,27.449846267700195,519900,0.0,0.0,0.0
2020-10-28 00:00:00-04:00,27.184301238602586,27.234090478219265,26.79429660731947,26.802593231201172,431300,0.0,0.0,0.0
2020-10-29 00:00:00-04:00,26.827485689351647,27.258979710702896,26.603438890510592,27.151107788085938,683800,0.0,0.0,0.0
2020-10-30 00:00:00-04:00,27.068128205361845,27.13451385498047,26.877274210871303,27.13451385498047,579600,0.0,0.0,0.0
2020-11-02 00:00:00-05:00,27.267283401413863,27.383455128822973,27.06812960768242,27.258983612060547,331300,0.0,0.0,0.0
2020-11-03 00:00:00-05:00,27.55771823119007,28.01410860818862,27.55771823119007,27.90623664855957,327100,0.0,0.0,0.0
2020-11-04 00:00:00-05:00,27.989219598580572,28.20496987980848,27.640704296441537,28.063901901245117,574900,0.0,0.0,0.0
2020-11-05 00:00:00-05:00,28.329439713948737,28.445611487233467,28.188374893658256,28.204971313476562,239900,0.0,0.0,0.0
2020-11-06 00:00:00-05:00,28.3294209239835,28.395806559225335,28.005798865782843,28.138566970825195,166500,0.0,0.0,0.0
2020-11-09 00:00:00-05:00,28.943491310372806,29.690311125030252,28.943491310372806,29.225624084472656,518900,0.0,0.0,0.0
2020-11-10 00:00:00-05:00,29.391578302838496,29.964143572012404,29.350088845833508,29.91435432434082,409600,0.0,0.0,0.0
2020-11-11 00:00:00-05:00,30.121814970316525,30.20479707785661,30.047132656252316,30.096921920776367,285500,0.0,0.0,0.0
2020-11-12 00:00:00-05:00,30.022214592458557,30.096896844298147,29.63220692558056,29.789871215820312,194200,0.0,0.0,0.0
2020-11-13 00:00:00-05:00,29.87287373615735,30.088620875901075,29.87287373615735,30.00564193725586,195200,0.0,0.0,0.0
2020-11-16 00:00:00-05:00,30.36245370442143,30.727565425595216,30.296068028511694,30.719268798828125,393500,0.0,0.0,0.0
2020-11-17 00:00:00-05:00,30.495208053841033,31.100962827166352,30.495208053841033,31.06777000427246,471800,0.0,0.0,0.0
2020-11-18 00:00:00-05:00,31.125853865691646,31.399689888843966,31.117557243221096,31.29181480407715,347700,0.0,0.0,0.0
2020-11-19 00:00:00-05:00,31.183950903415603,31.31671905517578,31.067776000863322,31.31671905517578,277600,0.0,0.0,0.0
2020-11-20 00:00:00-05:00,31.26693803990468,31.41630264562423,31.092680388379627,31.408002853393555,379600,0.0,0.0,0.0
2020-11-23 00:00:00-05:00,31.590553000749427,31.77311040234028,31.573956585564574,31.690128326416016,183300,0.0,0.0,0.0
2020-11-24 00:00:00-05:00,32.08052508386402,32.42180713048653,32.00560935775971,32.38018798828125,212100,0.119,0.0,0.0
2020-11-25 00:00:00-05:00,32.24700848276893,32.29695018894066,31.963993838225473,32.2220344543457,298300,0.0,0.0,0.0
2020-11-26 00:00:00-05:00,32.17208113902749,32.213700270931646,32.10548798771186,32.13045883178711,38400,0.0,0.0,0.0
2020-11-27 00:00:00-05:00,32.0888341687053,32.33022953761061,32.0888341687053,32.188720703125,120800,0.0,0.0,0.0
2020-11-30 00:00:00-05:00,32.05554283502654,32.063868566534,31.63102261289613,31.639345169067383,414600,0.0,0.0,0.0
2020-12-01 00:00:00-05:00,32.07219950305686,32.17208925522995,31.930693783817173,31.939016342163086,255400,0.0,0.0,0.0
2020-12-02 00:00:00-05:00,32.03056716918945,32.05553800928023,31.805820082365333,32.03056716918945,358500,0.0,0.0,0.0
2020-12-03 00:00:00-05:00,32.02225621451218,32.255325940685466,32.02225621451218,32.05554962158203,169100,0.0,0.0,0.0
2020-12-04 00:00:00-05:00,32.105507302159154,32.321931998798306,32.08053644306162,32.31360626220703,101800,0.0,0.0,0.0
2020-12-07 00:00:00-05:00,32.23035160678495,32.288619032028365,32.04722359868478,32.23867416381836,190800,0.0,0.0,0.0
2020-12-08 00:00:00-05:00,32.14711697071713,32.346893310546875,32.138794411920436,32.346893310546875,96300,0.0,0.0,0.0
2020-12-09 00:00:00-05:00,32.4384527226197,32.546661848279896,32.330240421622754,32.455101013183594,136900,0.0,0.0,0.0
2020-12-10 00:00:00-05:00,32.26365231081957,32.488399505615234,32.23035889981585,32.488399505615234,164500,0.0,0.0,0.0
2020-12-11 00:00:00-05:00,32.25532928709729,32.36354160347745,32.19706184950886,32.346893310546875,232000,0.0,0.0,0.0
2020-12-14 00:00:00-05:00,32.513359836319125,32.513359836319125,31.99727249145508,31.997272491455078,308000,0.0,0.0,0.0
2020-12-15 00:00:00-05:00,32.13045563096684,32.29693531733506,31.997272516939443,32.063865661621094,233900,0.0,0.0,0.0
2020-12-16 00:00:00-05:00,32.11381052013233,32.17207793406083,31.980624230769028,32.063865661621094,312400,0.0,0.0,0.0
2020-12-17 00:00:00-05:00,32.130468211890026,32.16376479726838,31.914046757605043,32.072200775146484,152100,0.0,0.0,0.0
2020-12-18 00:00:00-05:00,32.072197421142484,32.080523154284975,31.772534534749376,31.847450256347656,282700,0.0,0.0,0.0
2020-12-21 00:00:00-05:00,31.53115045180315,31.79751682554981,31.42293812017555,31.780868530273438,518000,0.0,0.0,0.0
2020-12-22 00:00:00-05:00,31.814161147106883,31.864102851360432,31.631033097277882,31.722597122192383,240200,0.0,0.0,0.0
2020-12-23 00:00:00-05:00,31.78086422688578,32.072201416428754,31.78086422688578,32.005611419677734,263900,0.0,0.0,0.0
2020-12-24 00:00:00-05:00,32.05555327772041,32.122146450129215,31.89739925625534,32.09717559814453,165500,0.0,0.0,0.0
2020-12-29 00:00:00-05:00,32.27197137137919,32.305267950834576,32.072195069983444,32.17208480834961,313000,0.0,0.0,0.0
2020-12-30 00:00:00-05:00,32.2547580088894,32.37165281369513,32.10446377838358,32.11281204223633,216200,0.119,0.0,0.0
2020-12-31 00:00:00-05:00,32.07105081422921,32.32989147642116,32.02930314229972,32.10445022583008,159700,0.0,0.0,0.0
2021-01-04 00:00:00-05:00,32.23805653471657,32.23805653471657,31.712026756685813,31.87902069091797,475000,0.0,0.0,0.0
2021-01-05 00:00:00-05:00,31.887360324188897,32.071053920643116,31.83726438707848,31.995906829833984,188300,0.0,0.0,0.0
2021-01-06 00:00:00-05:00,32.16289237164524,32.747369239011256,32.15454092753195,32.64717102050781,453600,0.0,0.0,0.0
2021-01-07 00:00:00-05:00,32.89766658617647,32.906014845960286,32.72232127928645,32.830867767333984,284600,0.0,0.0,0.0
2021-01-08 00:00:00-05:00,32.86426717675523,32.94776251516534,32.6889250550082,32.830867767333984,194000,0.0,0.0,0.0
2021-01-11 00:00:00-05:00,32.647175927570856,32.880968620743296,32.647175927570856,32.79747009277344,203700,0.0,0.0,0.0
2021-01-12 00:00:00-05:00,32.839218235966925,33.05630802046504,32.79746738286011,32.94776153564453,260700,0.0,0.0,0.0
2021-01-13 00:00:00-05:00,32.98116227043802,33.014561680209496,32.83086811160939,32.897666931152344,162100,0.0,0.0,0.0
2021-01-14 00:00:00-05:00,32.880972114875625,33.164860769854556,32.82252473165733,33.04796600341797,166900,0.0,0.0,0.0
2021-01-15 00:00:00-05:00,32.972816516130045,33.1398072073908,32.86427001869594,33.10641098022461,287600,0.0,0.0,0.0
2021-01-18 00:00:00-05:00,33.12312378167919,33.26506976119104,33.12312378167919,33.25672149658203,69100,0.0,0.0,0.0
2021-01-19 00:00:00-05:00,33.33184905045528,33.398647875074204,33.10641098022461,33.10641098022461,143800,0.0,0.0,0.0
2021-01-20 00:00:00-05:00,33.198256703494145,33.198256703494145,32.91436805104601,33.11476135253906,147800,0.0,0.0,0.0
2021-01-21 00:00:00-05:00,33.08135598421481,33.114755392643104,32.89766560814499,32.94776153564453,153800,0.0,0.0,0.0
2021-01-22 00:00:00-05:00,32.78076925705244,32.78912070213309,32.6221268370937,32.67222595214844,197300,0.0,0.0,0.0
2021-01-25 00:00:00-05:00,32.581790626527315,32.73251620552879,32.447812689002234,32.724143981933594,328800,0.112,0.0,0.0
2021-01-26 00:00:00-05:00,32.81624565024807,32.81624565024807,32.56503745930018,32.740882873535156,187800,0.0,0.0,0.0
2021-01-27 00:00:00-05:00,32.53155533366179,32.53155533366179,32.23010729922829,32.26359939575195,285000,0.0,0.0,0.0
2021-01-28 00:00:00-05:00,32.431068383984126,32.8246300134532,32.28871820821908,32.67390441894531,231500,0.0,0.0,0.0
2021-01-29 00:00:00-05:00,32.3975744767273,32.447817408464175,31.96214531786708,32.121246337890625,478200,0.0,0.0,0.0
2021-02-01 00:00:00-05:00,32.24684345954248,32.422692093942345,32.188228312837836,32.33058166503906,188200,0.0,0.0,0.0
2021-02-02 00:00:00-05:00,32.57342166820473,32.80788228380527,32.5315509631735,32.69902420043945,183600,0.0,0.0,0.0
2021-02-03 00:00:00-05:00,32.72414927730509,32.78276443481445,32.606915767999844,32.78276443481445,103800,0.0,0.0,0.0
2021-02-04 00:00:00-05:00,32.9000145221327,33.176342831561264,32.9000145221327,33.084232330322266,305600,0.0,0.0,0.0
2021-02-05 00:00:00-05:00,33.18469956898334,33.2433147287122,33.05072160470502,33.134456634521484,191100,0.0,0.0,0.0
2021-02-08 00:00:00-05:00,33.20980484510569,33.35215816638083,33.19305720764478,33.31028747558594,93000,0.0,0.0,0.0
2021-02-09 00:00:00-05:00,33.29356972946751,33.36893256856061,33.15959170377845,33.35218811035156,142000,0.0,0.0,0.0
2021-02-10 00:00:00-05:00,33.39403451961747,33.39403451961747,33.13445086155469,33.268428802490234,188700,0.0,0.0,0.0
2021-02-11 00:00:00-05:00,33.36054265739435,33.51126825569158,33.36054265739435,33.43590545654297,137200,0.0,0.0,0.0
2021-02-12 00:00:00-05:00,33.48614919244778,33.71223440104256,33.444278485246954,33.5615119934082,403500,0.0,0.0,0.0
2021-02-16 00:00:00-05:00,33.63687568255234,33.74573378477082,33.586635938672174,33.6619987487793,325300,0.0,0.0,0.0
2021-02-17 00:00:00-05:00,33.544749651243976,33.846197528715216,33.544749651243976,33.78758239746094,429000,0.0,0.0,0.0
2021-02-18 00:00:00-05:00,33.6703639029722,33.9299475708853,33.61174875123153,33.86295700073242,390400,0.0,0.0,0.0
2021-02-19 00:00:00-05:00,33.92995142678403,34.15603983531403,33.871336268382166,34.0806770324707,620000,0.0,0.0,0.0
2021-02-22 00:00:00-05:00,34.02358000734009,34.359447578302415,34.02358000734009,34.24189376831055,478700,0.112,0.0,0.0
2021-02-23 00:00:00-05:00,34.44340889424248,34.670121133750186,34.25028436498044,34.56096267700195,623400,0.0,0.0,0.0
2021-02-24 00:00:00-05:00,34.76249798321187,35.325077914088396,34.57776871487559,35.182334899902344,1169300,0.0,0.0,0.0
2021-02-25 00:00:00-05:00,35.215903777689306,35.28307919201244,34.54416564995824,34.712100982666016,879200,0.0,0.0,0.0
2021-02-26 00:00:00-05:00,34.61134612417757,34.77088295186792,34.21669851508504,34.225093841552734,1186300,0.0,0.0,0.0
2021-03-01 00:00:00-05:00,34.602942535940954,34.888431640614165,34.48538876397552,34.712100982666016,710800,0.0,0.0,0.0
2021-03-02 00:00:00-05:00,34.77088305443401,35.173925991183125,34.762487727941554,34.98919677734375,687400,0.0,0.0,0.0
2021-03-03 00:00:00-05:00,35.16552906209639,35.23270128027641,34.947212146035454,35.06476593017578,509300,0.0,0.0,0.0
2021-03-04 00:00:00-05:00,34.99760065193338,35.24950212548558,34.653334557355144,34.88004684448242,913000,0.0,0.0,0.0
2021-03-05 00:00:00-05:00,35.1655248167077,35.509790801457015,34.98919095868489,35.46780776977539,1586900,0.0,0.0,0.0
2021-03-08 00:00:00-05:00,35.48459818690199,36.097562617207686,35.48459818690199,35.93802261352539,1130100,0.0,0.0,0.0
2021-03-09 00:00:00-05:00,36.05559238180868,36.23192631691875,35.75331249969441,35.97162628173828,677600,0.0,0.0,0.0
2021-03-10 00:00:00-05:00,36.047197462333095,36.42505132314295,36.047197462333095,36.29909896850586,692400,0.0,0.0,0.0
2021-03-11 00:00:00-05:00,36.38307360107097,36.576198224190634,36.24872269479443,36.341087341308594,605900,0.0,0.0,0.0
2021-03-12 00:00:00-05:00,36.46701122569961,36.55097727342474,36.24869437665523,36.44182205200195,606500,0.0,0.0,0.0
2021-03-15 00:00:00-04:00,36.4670397143919,36.525816634336934,36.14796271818893,36.341087341308594,388700,0.0,0.0,0.0
2021-03-16 00:00:00-04:00,36.34107040043507,36.450228859348144,36.17313825207702,36.383056640625,271200,0.0,0.0,0.0
2021-03-17 00:00:00-04:00,36.46703016501375,36.69374245533492,36.45023630612688,36.61817169189453,484800,0.0,0.0,0.0
2021-03-18 00:00:00-04:00,36.74411068615879,37.063187510730195,36.71052618075668,36.80289077758789,350500,0.0,0.0,0.0
2021-03-19 00:00:00-04:00,36.752516184128766,36.80289775643594,36.43343929905155,36.710533142089844,490500,0.0,0.0,0.0
2021-03-22 00:00:00-04:00,36.61818388510874,36.65177161406661,36.44185311273313,36.592994689941406,269400,0.0,0.0,0.0
2021-03-23 00:00:00-04:00,36.55098878898306,36.70213028498564,36.34107040043507,36.383056640625,144500,0.0,0.0,0.0
2021-03-24 00:00:00-04:00,36.46703338623047,36.69374569657765,36.44184419722568,36.46703338623047,183900,0.0,0.0,0.0
2021-03-25 00:00:00-04:00,36.46030827510377,36.78020706439026,36.35928456243914,36.68760681152344,289600,0.112,0.0,0.0
2021-03-26 00:00:00-04:00,36.78017605803725,36.92329125797152,36.72966745566843,36.89803695678711,95000,0.0,0.0,0.0
2021-03-29 00:00:00-04:00,36.73810132358543,36.90647090187206,36.63708086116649,36.805450439453125,226300,0.0,0.0,0.0
2021-03-30 00:00:00-04:00,36.86436241428715,36.95696580047148,36.82227084185276,36.89803695678711,143500,0.0,0.0,0.0
2021-03-31 00:00:00-04:00,36.813863563548836,36.84753811790638,36.4771276541201,36.53605651855469,158800,0.0,0.0,0.0
2021-04-01 00:00:00-04:00,36.586572666433725,36.7296879462083,36.451877632672144,36.72126770019531,135600,0.0,0.0,0.0
2021-04-05 00:00:00-04:00,36.923294868217006,37.05798984000578,36.8306914729782,36.94013214111328,153600,0.0,0.0,0.0
2021-04-06 00:00:00-04:00,37.02432717787152,37.032747422713015,36.85595760624879,36.914886474609375,143900,0.0,0.0,0.0
2021-04-07 00:00:00-04:00,37.00749285951296,37.0495844529396,36.931726706791906,37.024330139160156,63300,0.0,0.0,0.0
2021-04-08 00:00:00-04:00,36.94856881241984,36.999080657958984,36.78861945195396,36.999080657958984,139500,0.0,0.0,0.0
2021-04-09 00:00:00-04:00,37.0411671951621,37.07484175425319,36.965401042898506,37.06642150878906,72000,0.0,0.0,0.0
2021-04-12 00:00:00-04:00,37.10009612376298,37.40316073327386,37.01591293729117,37.335811614990234,206000,0.0,0.0,0.0
2021-04-13 00:00:00-04:00,37.285306349531695,37.285306349531695,37.09168243408203,37.09168243408203,82700,0.0,0.0,0.0
2021-04-14 00:00:00-04:00,37.15903058254711,37.25163402841646,37.024335537114375,37.05801010131836,103600,0.0,0.0,0.0
2021-04-15 00:00:00-04:00,37.15060123056019,37.226367369208624,36.956977367654666,37.16743850708008,182900,0.0,0.0,0.0
2021-04-16 00:00:00-04:00,37.26002763452865,37.3105394490726,37.20109878991796,37.26844787597656,51300,0.0,0.0,0.0
2021-04-19 00:00:00-04:00,37.310568895388904,37.45368421052258,37.10010765242693,37.15061950683594,66500,0.0,0.0,0.0
2021-04-20 00:00:00-04:00,37.015918486324516,37.05801008587035,36.68759951393055,36.78861999511719,97300,0.0,0.0,0.0
2021-04-21 00:00:00-04:00,36.788615435533835,37.041168212890625,36.670757686859524,37.041168212890625,149100,0.0,0.0,0.0
2021-04-22 00:00:00-04:00,37.00749285951296,37.066421732586804,36.84754351993861,37.024330139160156,119700,0.0,0.0,0.0
2021-04-23 00:00:00-04:00,37.01590972601128,37.419994766508864,37.01590972601128,37.394737243652344,118700,0.0,0.0,0.0
2021-04-26 00:00:00-04:00,37.3871482862289,37.61501617168283,37.3871482862289,37.463104248046875,102400,0.111,0.0,0.0
2021-04-27 00:00:00-04:00,37.488424699619216,37.6487779754188,37.38715114924924,37.54750442504883,89100,0.0,0.0,0.0
2021-04-28 00:00:00-04:00,37.6065788269043,37.76692887430393,37.598137486846035,37.6065788269043,80900,0.0,0.0,0.0
2021-04-29 00:00:00-04:00,37.834443658660675,37.89352015658122,37.69096986411958,37.758487701416016,65200,0.0,0.0,0.0
2021-04-30 00:00:00-04:00,37.67408847272955,37.6994060507035,37.53061790497384,37.57281494140625,84700,0.0,0.0,0.0
2021-05-03 00:00:00-04:00,37.15082273205222,37.85974359618605,37.15082273205222,37.69095230102539,169100,0.0,0.0,0.0
2021-05-04 00:00:00-04:00,37.6656635186543,37.71629869230092,37.43779557895858,37.640342712402344,95200,0.0,0.0,0.0
2021-05-05 00:00:00-04:00,37.68254332208063,37.92728750890834,37.65722251560084,37.893531799316406,86700,0.0,0.0,0.0
2021-05-06 00:00:00-04:00,37.85975231305672,37.98634339900404,37.69096097903335,37.96946716308594,106100,0.0,0.0,0.0
2021-05-07 00:00:00-04:00,37.817563085089006,38.16358394246899,37.817563085089006,38.10450744628906,214200,0.0,0.0,0.0
2021-05-10 00:00:00-04:00,38.14671154740254,38.4252146210468,38.079193699592906,38.0876350402832,105900,0.0,0.0,0.0
2021-05-11 00:00:00-04:00,37.87666150760092,38.02013216154055,37.60659644889032,37.82602310180664,493700,0.0,0.0,0.0
2021-05-12 00:00:00-04:00,37.77536812734227,37.87664489450979,37.623459415447066,37.6572151184082,169300,0.0,0.0,0.0
2021-05-13 00:00:00-04:00,37.70785196725145,38.23110236527476,37.70785196725145,38.12138748168945,251400,0.0,0.0,0.0
2021-05-14 00:00:00-04:00,38.247970686750925,38.71214444752943,38.247970686750925,38.63618850708008,160300,0.0,0.0,0.0
2021-05-17 00:00:00-04:00,38.57712364659885,38.78811207593194,38.49272956263679,38.762794494628906,256700,0.0,0.0,0.0
2021-05-18 00:00:00-04:00,38.72902471020035,38.94845441803874,38.72902471020035,38.78810119628906,211400,0.0,0.0,0.0
2021-05-19 00:00:00-04:00,38.51804751926045,38.71215648980694,38.26486204547929,38.653079986572266,224800,0.0,0.0,0.0
2021-05-20 00:00:00-04:00,38.653086088841974,38.79655991893962,38.560250649266166,38.720603942871094,248700,0.0,0.0,0.0
2021-05-21 00:00:00-04:00,38.80602344228683,38.93292474739214,38.704504334543124,38.83140563964844,106200,0.111,0.0,0.0
2021-05-25 00:00:00-04:00,39.02600101252245,39.186739933542064,38.882179260253906,38.882179260253906,180100,0.0,0.0,0.0
2021-05-26 00:00:00-04:00,39.059835713568795,39.22903643379446,38.83141845258474,39.186737060546875,219000,0.0,0.0,0.0
2021-05-27 00:00:00-04:00,39.355942585949634,39.50822293002192,39.271340601889634,39.34748077392578,297300,0.0,0.0,0.0
2021-05-28 00:00:00-04:00,39.618205876296194,39.618205876296194,39.254425394741155,39.449005126953125,172100,0.0,0.0,0.0
2021-05-31 00:00:00-04:00,39.53358877955129,39.54205058876433,39.12750907265994,39.2205696105957,352400,0.0,0.0,0.0
2021-06-01 00:00:00-04:00,39.53359743881161,39.61819941329979,39.38131711196824,39.52513885498047,328600,0.0,0.0,0.0
2021-06-02 00:00:00-04:00,39.660504837379364,39.67742523485831,39.38132311983051,39.50822448730469,143000,0.0,0.0,0.0
2021-06-03 00:00:00-04:00,39.48283103842899,39.787391651883226,39.46591387300146,39.67741394042969,220100,0.0,0.0,0.0
2021-06-04 00:00:00-04:00,39.76200584253151,39.804305203300096,39.50820645068563,39.6689453125,228600,0.0,0.0,0.0
2021-06-07 00:00:00-04:00,39.77047630607883,39.77047630607883,39.55051762802416,39.609737396240234,61000,0.0,0.0,0.0
2021-06-08 00:00:00-04:00,39.56742858886719,39.66894770628474,39.45744766244468,39.56742858886719,130100,0.0,0.0,0.0
2021-06-09 00:00:00-04:00,39.491293855699126,39.49975243862865,39.24595299668798,39.3305549621582,127000,0.0,0.0,0.0
2021-06-10 00:00:00-04:00,39.4997611343632,39.55052232482023,39.23750305175781,39.23750305175781,98900,0.0,0.0,0.0
2021-06-11 00:00:00-04:00,39.32209195906994,39.46591368238865,39.2374932234012,39.3643913269043,69300,0.0,0.0,0.0
2021-06-14 00:00:00-04:00,39.364396950168064,39.3813173451659,39.17827905966266,39.29671859741211,97300,0.0,0.0,0.0
2021-06-15 00:00:00-04:00,39.381313514905074,39.65203335406919,39.364393121552936,39.550514221191406,131500,0.0,0.0,0.0
2021-06-16 00:00:00-04:00,39.53360200814421,39.84662128184118,39.53360200814421,39.77048110961914,363700,0.0,0.0,0.0
2021-06-17 00:00:00-04:00,39.83816275737098,39.97352270516677,39.457461895684155,39.51668167114258,338600,0.0,0.0,0.0
2021-06-18 00:00:00-04:00,39.27133238746382,39.32209356728205,39.076752705679816,39.12751388549805,348800,0.0,0.0,0.0
2021-06-21 00:00:00-04:00,39.144439048966724,39.491299085239234,39.144439048966724,39.43207931518555,221100,0.0,0.0,0.0
2021-06-22 00:00:00-04:00,39.52514690460809,39.52514690460809,39.22904477444881,39.46592712402344,149000,0.0,0.0,0.0
2021-06-23 00:00:00-04:00,39.44899650292159,39.44899650292159,39.29671618452675,39.39823532104492,117200,0.0,0.0,0.0
2021-06-24 00:00:00-04:00,39.594120025634766,39.602602051637554,39.449957933038164,39.594120025634766,124500,0.111,0.0,0.0
2021-06-25 00:00:00-04:00,39.619563121901535,39.848529301263916,39.551719853225975,39.80612564086914,122600,0.0,0.0,0.0
2021-06-28 00:00:00-04:00,39.840060485050735,39.840060485050735,39.458450059582155,39.56021499633789,318600,0.0,0.0,0.0
2021-06-29 00:00:00-04:00,39.68740926674544,39.738291726087056,39.483885899270184,39.58564758300781,60600,0.0,0.0,0.0
2021-06-30 00:00:00-04:00,39.4838981628418,39.56869905313777,39.37365441749974,39.4838981628418,95900,0.0,0.0,0.0
2021-07-02 00:00:00-04:00,39.6365301143901,39.81461386999102,39.509325583277665,39.54324722290039,119200,0.0,0.0,0.0
2021-07-05 00:00:00-04:00,39.58564794597974,39.721331270522555,39.492365053804235,39.712852478027344,45500,0.0,0.0,0.0
2021-07-06 00:00:00-04:00,39.75524240131601,39.75524240131601,39.449954193059504,39.55171585083008,167700,0.0,0.0,0.0
2021-07-07 00:00:00-04:00,39.50933082708743,39.62805334657863,39.356686663471315,39.4669303894043,503900,0.0,0.0,0.0
2021-07-08 00:00:00-04:00,39.22948564460129,39.22948564460129,38.737634700326616,39.00052261352539,508700,0.0,0.0,0.0
2021-07-09 00:00:00-04:00,39.19557661132155,39.526304663065666,39.15317292473109,39.34822082519531,748400,0.0,0.0,0.0
2021-07-12 00:00:00-04:00,39.365160833068245,39.58564825903503,39.28035996766296,39.568687438964844,116100,0.0,0.0,0.0
2021-07-13 00:00:00-04:00,39.68742671034526,39.72982716095984,39.365177462769765,39.49238204956055,171400,0.0,0.0,0.0
2021-07-14 00:00:00-04:00,39.483885971033416,39.6365301143901,39.390603079543716,39.54324722290039,129000,0.0,0.0,0.0
2021-07-15 00:00:00-04:00,39.3906023358299,39.68740858956092,39.3906023358299,39.60260772705078,170900,0.0,0.0,0.0
2021-07-16 00:00:00-04:00,39.67895420503903,39.69591503496329,39.24646112933905,39.27190399169922,104900,0.0,0.0,0.0
2021-07-19 00:00:00-04:00,38.941163680630765,38.94964571111068,38.34755094490824,38.525634765625,294200,0.0,0.0,0.0
2021-07-20 00:00:00-04:00,38.55106745309397,39.01747876224671,38.41538410434142,38.80547332763672,232800,0.0,0.0,0.0
2021-07-21 00:00:00-04:00,39.04291765348982,39.30580229537255,39.01747480415423,39.16164016723633,137900,0.0,0.0,0.0
2021-07-22 00:00:00-04:00,39.161644822276656,39.212527292050225,38.91571773745713,39.05988311767578,169300,0.0,0.0,0.0
2021-07-23 00:00:00-04:00,39.22947504368951,39.49236288584857,39.14467418361005,39.195556640625,172500,0.0,0.0,0.0
2021-07-26 00:00:00-04:00,39.176022251798564,39.3035219935252,39.074024403889126,39.18452072143555,119800,0.107,0.0,0.0
2021-07-27 00:00:00-04:00,39.09950821266901,39.54150304242819,38.98051022820536,39.397003173828125,142700,0.0,0.0,0.0
2021-07-28 00:00:00-04:00,39.4650199663419,39.60951665140697,39.235522370250415,39.54151916503906,163800,0.0,0.0,0.0
2021-07-29 00:00:00-04:00,39.64351680644753,39.87301440132696,39.64351680644753,39.82201385498047,144100,0.0,0.0,0.0
2021-07-30 00:00:00-04:00,39.71150890741413,39.805008267509635,39.45650947353457,39.601009368896484,206400,0.0,0.0,0.0
2021-08-03 00:00:00-04:00,39.60100635977136,39.82200217756155,39.439509540711306,39.71150588989258,187200,0.0,0.0,0.0
2021-08-04 00:00:00-04:00,39.56699683670447,40.000493146944535,39.56699683670447,39.87299346923828,104400,0.0,0.0,0.0
2021-08-05 00:00:00-04:00,39.983521958563834,40.1620190427873,39.97502024457957,40.13652038574219,96300,0.0,0.0,0.0
2021-08-06 00:00:00-04:00,40.272497127726865,40.6804916349079,40.272497127726865,40.6039924621582,220700,0.0,0.0,0.0
2021-08-09 00:00:00-04:00,40.569996677749465,40.731493508428024,40.43399849337476,40.68049621582031,90700,0.0,0.0,0.0
2021-08-10 00:00:00-04:00,40.74849921553296,40.96099661010334,40.69750191600593,40.94399642944336,250800,0.0,0.0,0.0
2021-08-11 00:00:00-04:00,41.0544956591266,41.224494221934435,40.95249781842306,41.1819953918457,105300,0.0,0.0,0.0
2021-08-12 00:00:00-04:00,41.25848186397544,41.25848186397544,40.84198567561479,41.17348098754883,181700,0.0,0.0,0.0
2021-08-13 00:00:00-04:00,41.232982396655345,41.275484458585815,41.079987295023564,41.12248611450195,100200,0.0,0.0,0.0
2021-08-16 00:00:00-04:00,41.04598453658676,41.17348098754883,40.86748755976871,41.17348098754883,123700,0.0,0.0,0.0
2021-08-17 00:00:00-04:00,41.0459941863537,41.09699148174706,40.714498796486275,40.87599563598633,147900,0.0,0.0,0.0
2021-08-18 00:00:00-04:00,40.850491334078946,41.03748679539319,40.76549044943409,40.9269905090332,71500,0.0,0.0,0.0
2021-08-19 00:00:00-04:00,40.7144846461926,40.84198108281734,40.53598444699553,40.74848175048828,264900,0.0,0.0,0.0
2021-08-20 00:00:00-04:00,40.799503150851685,41.130998595159845,40.6890035885979,41.11399841308594,169900,0.0,0.0,0.0
2021-08-23 00:00:00-04:00,41.22448204057923,41.25848239158467,41.13098269654025,41.13948440551758,105700,0.0,0.0,0.0
2021-08-24 00:00:00-04:00,41.16499895930765,41.266996809297886,41.05449939705387,41.11399841308594,333700,0.0,0.0,0.0
2021-08-25 00:00:00-04:00,41.19662038685741,41.520333363535755,41.19662038685741,41.33292007446289,402600,0.107,0.0,0.0
2021-08-26 00:00:00-04:00,41.401066561632845,41.401066561632845,40.96661234107643,40.98365020751953,574700,0.0,0.0,0.0
2021-08-27 00:00:00-04:00,41.026239450655275,41.026239450655275,40.75364011208405,40.872901916503906,155000,0.0,0.0,0.0
2021-08-30 00:00:00-04:00,40.88994614262356,40.88994614262356,40.57475371767363,40.58327102661133,190200,0.0,0.0,0.0
2021-08-31 00:00:00-04:00,40.56623331897333,40.77920178930551,40.27659606933594,40.27659606933594,512600,0.0,0.0,0.0
2021-09-01 00:00:00-04:00,40.30216776200836,40.583284545570216,40.30216776200836,40.45550537109375,124300,0.0,0.0,0.0
2021-09-02 00:00:00-04:00,40.52362823486328,40.59177968494877,40.40436644685368,40.52362823486328,78700,0.0,0.0,0.0
2021-09-03 00:00:00-04:00,40.5832792407823,40.5832792407823,40.319200364931085,40.44697952270508,143700,0.0,0.0,0.0
2021-09-07 00:00:00-04:00,40.5491981943898,40.77920454786453,40.5066051473703,40.57475662231445,129200,0.0,0.0,0.0
2021-09-08 00:00:00-04:00,40.58325958902578,40.69400407185039,40.4384426304121,40.47251510620117,278800,0.0,0.0,0.0
2021-09-09 00:00:00-04:00,40.412883753294366,40.753634504441806,40.412883753294366,40.52362823486328,97000,0.0,0.0,0.0
2021-09-10 00:00:00-04:00,40.64289913745322,40.64289913745322,40.353261908915826,40.39585494995117,90500,0.0,0.0,0.0
2021-09-13 00:00:00-04:00,40.54066609738465,40.71104147295837,40.412883753294366,40.52362823486328,129300,0.0,0.0,0.0
2021-09-14 00:00:00-04:00,40.53216087919087,40.65142270276893,40.26807880581019,40.302154541015625,243100,0.0,0.0,0.0
2021-09-15 00:00:00-04:00,40.2851175017886,40.583272066864645,40.15733511696113,40.532161712646484,246200,0.0,0.0,0.0
2021-09-16 00:00:00-04:00,40.608829498291016,40.71957402131318,40.40438157078679,40.608829498291016,383300,0.0,0.0,0.0
2021-09-17 00:00:00-04:00,40.12325240234554,40.591785565459425,40.12325240234554,40.17436599731445,359500,0.0,0.0,0.0
2021-09-20 00:00:00-04:00,39.83362122842392,39.83362122842392,39.041381509107566,39.518428802490234,621300,0.0,0.0,0.0
2021-09-21 00:00:00-04:00,39.70584296958003,39.90177357647822,39.552505407722144,39.637691497802734,353900,0.0,0.0,0.0
2021-09-22 00:00:00-04:00,39.82508662694103,40.046572309891175,39.76545574116063,39.89323806762695,294100,0.0,0.0,0.0
2021-09-23 00:00:00-04:00,39.995479423448636,40.361785452804654,39.995479423448636,40.302154541015625,231500,0.0,0.0,0.0
2021-09-24 00:00:00-04:00,40.2483482550792,40.36788037775687,40.214195289455276,40.282501220703125,168900,0.107,0.0,0.0
2021-09-27 00:00:00-04:00,40.38495777330244,40.572795831473265,40.38495777330244,40.50448989868164,234400,0.0,0.0,0.0
2021-09-28 00:00:00-04:00,40.47035514233789,40.47035514233789,40.05198929192613,40.14590835571289,466900,0.0,0.0,0.0
2021-09-29 00:00:00-04:00,40.24835898308986,40.427657214897465,40.17151641845703,40.17151641845703,157500,0.0,0.0,0.0
2021-09-30 00:00:00-04:00,40.21421790761335,40.333753354528824,39.73608914798305,39.855621337890625,343100,0.0,0.0,0.0
2021-10-01 00:00:00-04:00,39.983686590904064,40.29959350427171,39.693392783293774,40.14590835571289,538800,0.0,0.0,0.0
2021-10-04 00:00:00-04:00,40.05200319032893,40.342297098673804,39.830015263716255,40.026390075683594,235800,0.0,0.0,0.0
2021-10-05 00:00:00-04:00,40.154454610390054,40.48743809319235,40.069075399366746,40.37644577026367,107300,0.0,0.0,0.0
2021-10-06 00:00:00-04:00,40.14591419791211,40.316675860828234,39.99222902698839,40.308135986328125,200600,0.0,0.0,0.0
2021-10-07 00:00:00-04:00,40.564279552177204,40.75211771958831,40.5386664409877,40.649662017822266,213700,0.0,0.0,0.0
2021-10-08 00:00:00-04:00,40.58989413189508,40.93141420840312,40.53866465476532,40.88018798828125,183900,0.0,0.0,0.0
2021-10-12 00:00:00-04:00,40.90579467784714,40.90579467784714,40.61550086702493,40.75210952758789,96800,0.0,0.0,0.0
2021-10-13 00:00:00-04:00,40.786259917087456,40.80333640569941,40.35935747281023,40.72649383544922,163800,0.0,0.0,0.0
2021-10-14 00:00:00-04:00,40.88871590218944,41.127780230557434,40.81187333135585,41.08509063720703,171300,0.0,0.0,0.0
2021-10-15 00:00:00-04:00,41.307077575203714,41.51198890545883,41.28146121616667,41.46929931640625,190400,0.0,0.0,0.0
2021-10-18 00:00:00-04:00,41.435148937162765,41.5376078657135,41.28146380134374,41.52906799316406,193400,0.0,0.0,0.0
2021-10-19 00:00:00-04:00,41.614446799969635,41.7510554357686,41.614446799969635,41.742515563964844,148200,0.0,0.0,0.0
2021-10-20 00:00:00-04:00,41.725441848740935,42.02427549859167,41.69982874564205,42.0157356262207,87800,0.0,0.0,0.0
2021-10-21 00:00:00-04:00,41.99013273079678,42.16943101008989,41.96451962147142,42.10966491699219,140100,0.0,0.0,0.0
2021-10-22 00:00:00-04:00,42.11819285041334,42.34871728300065,42.04988690223422,42.31456756591797,113600,0.0,0.0,0.0
2021-10-25 00:00:00-04:00,42.399294804299366,42.57902457673864,42.1682122690863,42.527671813964844,131600,0.119,0.0,0.0
2021-10-26 00:00:00-04:00,42.57046419407588,42.79298628623216,42.49343668816684,42.63893127441406,132200,0.0,0.0,0.0
2021-10-27 00:00:00-04:00,42.62183271015214,42.64751073347904,42.27093019659181,42.288047790527344,374400,0.0,0.0,0.0
2021-10-28 00:00:00-04:00,42.373623331300365,42.52767837855574,42.27948148228563,42.433536529541016,171100,0.0,0.0,0.0
2021-10-29 00:00:00-04:00,42.38218808906751,42.42498043660025,41.87723055254879,41.89434814453125,369000,0.0,0.0,0.0
2021-11-01 00:00:00-04:00,42.0911846871141,42.176769360081614,41.92001207633308,42.116859436035156,240100,0.0,0.0,0.0
2021-11-02 00:00:00-04:00,42.12542966358912,42.41642219016846,41.98849219607218,42.3222770690918,190400,0.0,0.0,0.0
2021-11-03 00:00:00-04:00,42.35650880291589,42.71596840155803,42.34794837541689,42.664615631103516,154800,0.0,0.0,0.0
2021-11-04 00:00:00-04:00,42.7416555498849,42.7416555498849,42.35652108674576,42.596160888671875,851300,0.0,0.0,0.0
2021-11-05 00:00:00-04:00,42.741659907389696,43.024095358323244,42.707427978515625,42.707427978515625,250900,0.0,0.0,0.0
2021-11-08 00:00:00-05:00,42.93849205059444,43.041197595107526,42.69885230975712,42.81867218017578,105900,0.0,0.0,0.0
2021-11-09 00:00:00-05:00,42.758762244966455,42.827232607975176,42.60470719304343,42.81867218017578,72400,0.0,0.0,0.0
2021-11-10 00:00:00-05:00,42.7758691971273,42.947041797230945,42.76731203630273,42.81010437011719,116300,0.0,0.0,0.0
2021-11-11 00:00:00-05:00,42.98985408063519,42.98985408063519,42.83579899553669,42.91282653808594,143200,0.0,0.0,0.0
2021-11-12 00:00:00-05:00,42.989842282067485,43.10966214540456,42.878579581177455,43.09254455566406,90700,0.0,0.0,0.0
2021-11-15 00:00:00-05:00,43.13532988997616,43.13532988997616,42.80154186679601,42.844337463378906,80100,0.0,0.0,0.0
2021-11-16 00:00:00-05:00,42.94705858479248,43.109670822789205,42.82723869733731,42.964176177978516,309700,0.0,0.0,0.0
2021-11-17 00:00:00-05:00,43.04120513834876,43.083997490305535,42.73309498050447,42.87858963012695,84500,0.0,0.0,0.0
2021-11-18 00:00:00-05:00,42.904272534192394,42.904272534192394,42.71598224634507,42.75021743774414,285100,0.0,0.0,0.0
2021-11-19 00:00:00-05:00,42.54480220352611,42.66462208787343,42.270927249347366,42.63039016723633,372500,0.0,0.0,0.0
2021-11-22 00:00:00-05:00,42.88713406513615,42.972718737131835,42.698843868930496,42.71596145629883,473700,0.0,0.0,0.0
2021-11-23 00:00:00-05:00,42.783731299995154,43.01536609613009,42.76657280332049,42.94673538208008,269600,0.119,0.0,0.0
2021-11-24 00:00:00-05:00,42.85237620820453,43.075430176526176,42.8352177071568,43.0496940612793,43600,0.0,0.0,0.0
2021-11-25 00:00:00-05:00,43.07543514910321,43.26417540976677,43.07543514910321,43.24701690673828,53100,0.0,0.0,0.0
2021-11-26 00:00:00-05:00,42.543533828027975,42.543533828027975,42.1660565866067,42.42342758178711,228400,0.0,0.0,0.0
2021-11-29 00:00:00-05:00,42.680795186359255,42.72368980337344,42.12315534722642,42.18320846557617,251100,0.0,0.0,0.0
2021-11-30 00:00:00-05:00,41.925833193625834,41.934414079738865,41.15372034856031,41.22235107421875,602400,0.0,0.0,0.0
2021-12-01 00:00:00-05:00,41.68563837426336,41.90869241779728,41.179473876953125,41.179473876953125,514200,0.0,0.0,0.0
2021-12-02 00:00:00-05:00,41.45400031435809,42.28616983343742,41.3939471812957,42.08885192871094,430300,0.0,0.0,0.0
2021-12-03 00:00:00-05:00,42.21752262979378,42.25183963015765,41.797150829608796,41.96015167236328,446400,0.0,0.0,0.0
2021-12-06 00:00:00-05:00,42.25183484926403,42.423416559019245,42.11457013598963,42.2175178527832,248400,0.0,0.0,0.0
2021-12-07 00:00:00-05:00,42.457741928044186,42.646478900609296,42.457741928044186,42.58642578125,230700,0.0,0.0,0.0
2021-12-08 00:00:00-05:00,42.61215093323785,42.620731818166774,42.39767462709677,42.50062561035156,111100,0.0,0.0,0.0
2021-12-09 00:00:00-05:00,42.37195207369112,42.500639207606206,42.3204798382449,42.42342758178711,278800,0.0,0.0,0.0
2021-12-10 00:00:00-05:00,42.53496334085475,42.655069607222586,42.46632931855867,42.560699462890625,267900,0.0,0.0,0.0
2021-12-13 00:00:00-05:00,42.526373650421384,42.56069065446713,42.097420917798495,42.32905578613281,364100,0.0,0.0,0.0
2021-12-14 00:00:00-05:00,42.097428508609674,42.6464875817468,42.097428508609674,42.346221923828125,220100,0.0,0.0,0.0
2021-12-15 00:00:00-05:00,42.397687215856095,42.80090383837235,42.32905647929039,42.73227310180664,167700,0.0,0.0,0.0
2021-12-16 00:00:00-05:00,42.8781209377694,43.109755839475646,42.73227855853776,42.75801467895508,293600,0.0,0.0,0.0
2021-12-17 00:00:00-05:00,42.32047223602771,42.81805563430671,42.22610212446208,42.44057846069336,395100,0.0,0.0,0.0
2021-12-20 00:00:00-05:00,42.0802634000263,42.234686649194444,41.77999778922696,42.054527282714844,324900,0.0,0.0,0.0
2021-12-21 00:00:00-05:00,42.44059482926071,42.689384988029474,42.397696927350175,42.569278717041016,152600,0.0,0.0,0.0
2021-12-22 00:00:00-05:00,42.53494125678646,42.912418365478516,42.5177827601211,42.912418365478516,131500,0.0,0.0,0.0
2021-12-23 00:00:00-05:00,43.049699046611366,43.36712317112983,43.03254054357661,43.298492431640625,139100,0.0,0.0,0.0
2021-12-24 00:00:00-05:00,43.33280564448923,43.41001727089316,43.33280564448923,43.367122650146484,41200,0.0,0.0,0.0
2021-12-29 00:00:00-05:00,43.778919229089375,43.976237113141075,43.778919229089375,43.813236236572266,207700,0.0,0.0,0.0
2021-12-30 00:00:00-05:00,43.85107673460138,43.94567327839466,43.6962776184082,43.6962776184082,184500,0.124,0.0,0.0
2021-12-31 00:00:00-05:00,43.60166864586117,43.63606917126765,43.36947002028939,43.524269104003906,69700,0.0,0.0,0.0
2022-01-04 00:00:00-05:00,43.91987910349028,44.46167606671789,43.91987910349028,44.289676666259766,259800,0.0,0.0,0.0
2022-01-05 00:00:00-05:00,44.42725908904506,44.573459673544654,44.152061462402344,44.152061462402344,297800,0.0,0.0,0.0
2022-01-06 00:00:00-05:00,44.298269686261534,44.5906676467253,44.229471902948745,44.53907012939453,212000,0.0,0.0,0.0
2022-01-07 00:00:00-05:00,44.59067738961392,44.87447691940341,44.57348040048972,44.78847885131836,205700,0.0,0.0,0.0
2022-01-10 00:00:00-05:00,44.77987201314217,44.90027060709488,44.401475963488544,44.65947341918945,267000,0.0,0.0,0.0
2022-01-11 00:00:00-05:00,44.69387426769637,45.19266891479492,44.69387426769637,45.19266891479492,234800,0.0,0.0,0.0
2022-01-12 00:00:00-05:00,45.25286249185518,45.57106248715279,45.23566222611354,45.39906311035156,174400,0.0,0.0,0.0
2022-01-13 00:00:00-05:00,45.536663132691395,45.8118608304405,45.536663132691395,45.588260650634766,252400,0.0,0.0,0.0
2022-01-14 00:00:00-05:00,45.39906570064606,45.75166296692954,45.24426658075425,45.70866394042969,255300,0.0,0.0,0.0
2022-01-17 00:00:00-05:00,45.75165949925331,46.25905584697128,45.75165949925331,46.21605682373047,87900,0.0,0.0,0.0
2022-01-18 00:00:00-05:00,45.86345586040208,45.95805239160524,45.622655444697415,45.768856048583984,523100,0.0,0.0,0.0
2022-01-19 00:00:00-05:00,45.85486446678673,45.85486446678673,45.07227031999926,45.19266891479492,702200,0.0,0.0,0.0
2022-01-20 00:00:00-05:00,45.20984444290053,45.51084076517795,44.95184712657505,44.97764587402344,462200,0.0,0.0,0.0
2022-01-21 00:00:00-05:00,44.719663095624625,44.779862379650304,44.22086527870903,44.42726516723633,766500,0.0,0.0,0.0
2022-01-24 00:00:00-05:00,43.63607780316225,44.11767213166122,43.137279927942245,44.109073638916016,1217100,0.0,0.0,0.0
2022-01-25 00:00:00-05:00,43.7581542309716,44.56864890849738,43.37015023513398,44.284114837646484,1010000,0.133,0.0,0.0
2022-01-26 00:00:00-05:00,44.741077294005514,44.95663461632324,44.26685184273524,44.46516418457031,1406400,0.0,0.0,0.0
2022-01-27 00:00:00-05:00,44.81005721593617,44.96525875113643,44.327207629852715,44.46516418457031,925100,0.0,0.0,0.0
2022-01-28 00:00:00-05:00,44.516904533033085,44.62037113935239,44.18925644235382,44.594505310058594,467700,0.0,0.0,0.0
2022-01-31 00:00:00-05:00,44.56863921043221,45.24980126722236,44.4651725971047,45.241180419921875,869800,0.0,0.0,0.0
2022-02-01 00:00:00-05:00,45.336026913446375,45.70678255791476,45.24118114589738,45.68954086303711,289600,0.0,0.0,0.0
2022-02-02 00:00:00-05:00,45.84471622890262,46.180988315555325,45.77573961643166,46.077518463134766,234300,0.0,0.0,0.0
2022-02-03 00:00:00-05:00,45.870614025245516,46.02581561180069,45.767147397257,45.8275032043457,428900,0.0,0.0,0.0
2022-02-04 00:00:00-05:00,45.896465093216975,46.18962318581768,45.836109305547154,46.06028747558594,402000,0.0,0.0,0.0
2022-02-07 00:00:00-05:00,45.85336148862887,46.275852068680514,45.85336148862887,46.10340881347656,198500,0.0,0.0,0.0
2022-02-08 00:00:00-05:00,46.2758450157453,46.76731874343231,46.2758450157453,46.71558380126953,149400,0.0,0.0,0.0
2022-02-09 00:00:00-05:00,46.98288284231682,47.09497029944701,46.672479722876396,46.706966400146484,164700,0.0,0.0,0.0
2022-02-10 00:00:00-05:00,46.84492910972056,47.29328554374915,46.76732832514938,46.85354995727539,266400,0.0,0.0,0.0
2022-02-11 00:00:00-05:00,46.88804056842883,47.1467087574966,46.482791655764494,46.64661407470703,357800,0.0,0.0,0.0
2022-02-14 00:00:00-05:00,46.53451877588386,46.56038460369319,45.93095757689609,46.09477996826172,262800,0.0,0.0,0.0
2022-02-15 00:00:00-05:00,46.38794511209458,46.46554589643532,46.19825686415176,46.30172348022461,144400,0.0,0.0,0.0
2022-02-16 00:00:00-05:00,46.14652065317006,46.439678798336,46.10340983841067,46.28447723388672,235500,0.0,0.0,0.0
2022-02-17 00:00:00-05:00,46.09478581374143,46.12927578129031,45.482603690898394,45.517093658447266,206700,0.0,0.0,0.0
2022-02-18 00:00:00-05:00,45.60331263958746,45.60331263958746,45.249798715603994,45.2584228515625,136400,0.0,0.0,0.0
2022-02-22 00:00:00-05:00,45.122721595993,45.39068966739951,44.90661661066497,45.347469329833984,463400,0.133,0.0,0.0
2022-02-23 00:00:00-05:00,45.43389672161785,45.43389672161785,44.65591773935588,44.716426849365234,314100,0.0,0.0,0.0
2022-02-24 00:00:00-05:00,43.246915302102394,44.119981020796295,43.246915302102394,44.08540344238281,701200,0.0,0.0,0.0
2022-02-25 00:00:00-05:00,44.40524369700422,45.243731948655295,44.40524369700422,45.096778869628906,397300,0.0,0.0,0.0
2022-02-28 00:00:00-05:00,44.34473614999705,44.759657268304046,44.34473614999705,44.707794189453125,545000,0.0,0.0,0.0
2022-03-01 00:00:00-05:00,44.61270232997109,44.7337205633154,43.730993818820295,43.869300842285156,520100,0.0,0.0,0.0
2022-03-02 00:00:00-05:00,44.05946751557424,44.69049341997389,44.05946751557424,44.560829162597656,464500,0.0,0.0,0.0
2022-03-03 00:00:00-05:00,44.6213511096464,44.78559298924941,44.36202581777321,44.42253494262695,382700,0.0,0.0,0.0
2022-03-04 00:00:00-05:00,44.11997284030205,44.29285740281474,43.912510705787064,44.2496337890625,407300,0.0,0.0,0.0
2022-03-07 00:00:00-05:00,43.86930149763791,44.215070710215194,43.45438042104493,43.54082107543945,564000,0.0,0.0,0.0
2022-03-08 00:00:00-05:00,43.53217320648918,44.05946970974677,43.117252178720726,43.3679313659668,1082800,0.0,0.0,0.0
2022-03-09 00:00:00-05:00,44.05946373804742,44.500316239830966,43.83471281753129,44.2496337890625,486000,0.0,0.0,0.0
2022-03-10 00:00:00-05:00,43.9471062701964,44.370673456890415,43.8865971431687,44.18050003051758,293600,0.0,0.0,0.0
2022-03-11 00:00:00-05:00,44.29287229767537,44.59541791068892,44.15456526065492,44.1632080078125,449000,0.0,0.0,0.0
2022-03-14 00:00:00-04:00,44.41388073695307,44.716426283169035,44.094043105240026,44.27557373046875,433200,0.0,0.0,0.0
2022-03-15 00:00:00-04:00,44.36202279260245,44.41388916644018,43.93845894751025,44.301513671875,555400,0.0,0.0,0.0
2022-03-16 00:00:00-04:00,44.65593149360924,45.18322815538583,44.45711531412794,45.01898956298828,808000,0.0,0.0,0.0
2022-03-17 00:00:00-04:00,44.897959427936634,45.24372863769531,44.87202789132959,45.24372863769531,299500,0.0,0.0,0.0
2022-03-18 00:00:00-04:00,45.11406854067949,45.433906243472585,44.89796358892733,45.33017349243164,346500,0.0,0.0,0.0
2022-03-21 00:00:00-04:00,45.4338983449545,45.51169624596039,45.312876823112546,45.45118713378906,317100,0.0,0.0,0.0
2022-03-22 00:00:00-04:00,45.650008181913186,45.978485312694104,45.62407334711495,45.727806091308594,142700,0.0,0.0,0.0
2022-03-23 00:00:00-04:00,45.459838300138884,45.48576983944447,44.8115234375,44.8115234375,275700,0.0,0.0,0.0
2022-03-24 00:00:00-04:00,45.01898388628015,45.036269380142194,44.751012566421416,44.86338806152344,220700,0.0,0.0,0.0
2022-03-25 00:00:00-04:00,44.978641640317456,45.177968551368245,44.8833106598212,45.12596893310547,130900,0.133,0.0,0.0
2022-03-28 00:00:00-04:00,45.117325599084495,45.2906511310599,44.92666354674442,45.13465881347656,200800,0.0,0.0,0.0
2022-03-29 00:00:00-04:00,45.481301975988515,45.54196655842558,45.16064585368232,45.238643646240234,166700,0.0,0.0,0.0
2022-03-30 00:00:00-04:00,45.186641589176986,45.186641589176986,44.93531501487961,45.03931427001953,83100,0.0,0.0,0.0
2022-03-31 00:00:00-04:00,45.021991981438795,45.273318616698376,44.41534273652591,44.467342376708984,290000,0.0,0.0,0.0
2022-04-01 00:00:00-04:00,44.735992747512874,44.735992747512874,44.16401000830072,44.41533660888672,222600,0.0,0.0,0.0
2022-04-04 00:00:00-04:00,44.415331960436966,44.70132495309737,44.21600501372135,44.675323486328125,91000,0.0,0.0,0.0
2022-04-05 00:00:00-04:00,44.7619918027525,44.943985549510494,44.59732796009089,44.64065933227539,135300,0.0,0.0,0.0
2022-04-06 00:00:00-04:00,44.38934469583948,44.41534286301886,44.03402208517423,44.19001770019531,241600,0.0,0.0,0.0
2022-04-07 00:00:00-04:00,44.224674450683146,44.224674450683146,43.48803116828445,43.756690979003906,549600,0.0,0.0,0.0
2022-04-08 00:00:00-04:00,43.8606695320425,44.21599195051037,43.82600312390645,43.93866729736328,189600,0.0,0.0,0.0
2022-04-11 00:00:00-04:00,43.89535850112401,44.198681463287045,43.80002748273782,43.834693908691406,155700,0.0,0.0,0.0
2022-04-12 00:00:00-04:00,43.92133474908938,43.92999969826745,43.25402125937465,43.3146858215332,474600,0.0,0.0,0.0
2022-04-13 00:00:00-04:00,43.24537481151917,43.29737114077413,42.90738214150139,43.2540397644043,261400,0.0,0.0,0.0
2022-04-14 00:00:00-04:00,43.262700184781465,43.50536181777939,43.262700184781465,43.323368072509766,200600,0.0,0.0,0.0
2022-04-18 00:00:00-04:00,43.271355099749805,43.392684225850324,43.1240245137915,43.1846923828125,132900,0.0,0.0,0.0
2022-04-19 00:00:00-04:00,43.30603203916319,43.670019505971574,43.30603203916319,43.635353088378906,84000,0.0,0.0,0.0
2022-04-20 00:00:00-04:00,43.748014652448845,44.05134082912214,43.652683662807846,43.843345642089844,143100,0.0,0.0,0.0
2022-04-21 00:00:00-04:00,43.99067817352581,44.35466896756855,43.5746910560282,43.64402389526367,325200,0.0,0.0,0.0
2022-04-22 00:00:00-04:00,43.64401878741003,43.64401878741003,42.621382670172665,42.64738082885742,192800,0.0,0.0,0.0
2022-04-25 00:00:00-04:00,42.370173564647914,42.535276860324906,41.83142329274208,42.44837951660156,748100,0.131,0.0,0.0
2022-04-26 00:00:00-04:00,42.25721718090074,42.474455594702704,41.64894895929621,41.66632843017578,488200,0.0,0.0,0.0
2022-04-27 00:00:00-04:00,41.73584354917974,41.88356739620627,41.34481705101669,41.440399169921875,571200,0.0,0.0,0.0
2022-04-28 00:00:00-04:00,41.77060971341296,42.30936015175091,41.64895670941366,42.12688064575195,247900,0.0,0.0,0.0
2022-04-29 00:00:00-04:00,41.98784746445837,42.179018361710405,41.59681759044089,41.63157653808594,350100,0.0,0.0,0.0
2022-05-02 00:00:00-04:00,41.70978128590497,41.70978128590497,41.058065953312706,41.52730178833008,481000,0.0,0.0,0.0
2022-05-03 00:00:00-04:00,41.60549740154465,42.17900661883685,41.570738463576696,41.909629821777344,300900,0.0,0.0,0.0
2022-05-04 00:00:00-04:00,41.892259859200806,42.37018376293146,41.74453931150764,42.3441162109375,248900,0.0,0.0,0.0
2022-05-05 00:00:00-04:00,42.3006605955067,42.3006605955067,41.336121590064366,41.55335998535156,372900,0.0,0.0,0.0
2022-05-06 00:00:00-04:00,41.37087773826549,41.49253070105327,41.04067447155964,41.327430725097656,554700,0.0,0.0,0.0
2022-05-09 00:00:00-04:00,40.94509142693613,41.09281525802255,40.66702654879151,40.79737091064453,710800,0.0,0.0,0.0
2022-05-10 00:00:00-04:00,41.023292911756805,41.275290215994595,40.44109567244306,40.63226318359375,888600,0.0,0.0,0.0
2022-05-11 00:00:00-04:00,40.53668975830078,41.11888712217652,40.31945134226443,40.53668975830078,669400,0.0,0.0,0.0
2022-05-12 00:00:00-04:00,40.1630404262691,40.1630404262691,39.52001324014137,39.91973114013672,665100,0.0,0.0,0.0
2022-05-13 00:00:00-04:00,40.21518880990526,40.62359823795212,40.18043317023031,40.48456573486328,317800,0.0,0.0,0.0
2022-05-16 00:00:00-04:00,40.51930914603891,40.79737404555028,40.21517338327673,40.59751510620117,222400,0.0,0.0,0.0
2022-05-17 00:00:00-04:00,41.023306362731326,41.336130247832386,40.87558581409779,41.19709777832031,494000,0.0,0.0,0.0
2022-05-18 00:00:00-04:00,40.927718357362785,40.927718357362785,40.31945341305688,40.43241500854492,335600,0.0,0.0,0.0
2022-05-19 00:00:00-04:00,40.058784711927665,40.61491814850945,39.97189062344766,40.37160873413086,415500,0.0,0.0,0.0
2022-05-20 00:00:00-04:00,40.59752570842882,40.71048732443413,39.893671883153814,40.415042877197266,307100,0.0,0.0,0.0
2022-05-24 00:00:00-04:00,40.886461427925134,40.95617566294711,40.28519110957012,40.842891693115234,251500,0.131,0.0,0.0
2022-05-25 00:00:00-04:00,40.98233152467034,41.31346761136918,40.921333209246725,41.10432815551758,271200,0.0,0.0,0.0
2022-05-26 00:00:00-04:00,41.269880741724,41.71429733034107,41.2611648007596,41.50516128540039,158700,0.0,0.0,0.0
2022-05-27 00:00:00-04:00,41.62718043878349,42.1325955915925,41.62718043878349,42.054168701171875,164500,0.0,0.0,0.0
2022-05-30 00:00:00-04:00,42.27202011201105,42.47244696970094,42.16745203455142,42.394020080566406,73600,0.0,0.0,0.0
2022-05-31 00:00:00-04:00,42.132588343659286,42.42886728715158,41.775311087461986,42.237159729003906,289200,0.0,0.0,0.0
2022-06-01 00:00:00-04:00,42.437573330799296,42.437573330799296,41.94087100084688,42.19357681274414,217800,0.0,0.0,0.0
2022-06-02 00:00:00-04:00,42.08030252159565,42.53343518175734,41.96701852551561,42.52471923828125,169400,0.0,0.0,0.0
2022-06-03 00:00:00-04:00,42.315579327198144,42.315579327198144,41.96701475099039,42.07158279418945,194400,0.0,0.0,0.0
2022-06-06 00:00:00-04:00,42.28943302465402,42.56828334409709,42.16743642541743,42.21100616455078,107000,0.0,0.0,0.0
2022-06-07 00:00:00-04:00,42.05416567292492,42.394017723048336,42.00188329918213,42.341732025146484,240300,0.0,0.0,0.0
2022-06-08 00:00:00-04:00,42.219730194638004,42.219730194638004,41.77531012753225,41.940879821777344,120100,0.0,0.0,0.0
2022-06-09 00:00:00-04:00,41.86244305577197,41.95829847207472,41.48773733249278,41.5225944519043,117900,0.0,0.0,0.0
2022-06-10 00:00:00-04:00,41.04332418240795,41.04332418240795,40.49433941927113,40.598907470703125,455100,0.0,0.0,0.0
2022-06-13 00:00:00-04:00,39.87564281426835,39.98892682536494,39.62293693065751,39.823360443115234,630100,0.0,0.0,0.0
2022-06-14 00:00:00-04:00,39.78849946144368,39.89306751778679,39.35279534849569,39.553218841552734,390800,0.0,0.0,0.0
2022-06-15 00:00:00-04:00,39.75363223347573,40.093480823356515,39.3353567902257,39.76234817504883,628600,0.0,0.0,0.0
2022-06-16 00:00:00-04:00,39.25694388211205,39.25694388211205,38.50753220018288,38.64695739746094,455300,0.0,0.0,0.0
2022-06-17 00:00:00-04:00,38.74280756842322,39.056515050622345,38.49881433744987,38.69923782348633,471200,0.0,0.0,0.0
2022-06-20 00:00:00-04:00,38.8473806263119,39.22208310831048,38.83866468245228,39.19594192504883,103400,0.0,0.0,0.0
2022-06-21 00:00:00-04:00,39.43122413142556,39.4573653157377,39.16108637161809,39.23080062866211,257500,0.0,0.0,0.0
2022-06-22 00:00:00-04:00,38.8560786380099,39.00421638634479,38.63822666164163,38.75151062011719,418900,0.0,0.0,0.0
2022-06-23 00:00:00-04:00,38.75150728026265,38.821218178130536,37.9236691765802,38.0456657409668,375400,0.0,0.0,0.0
2022-06-24 00:00:00-04:00,38.334995857077594,38.61468547870649,38.30877599697591,38.42239761352539,247800,0.131,0.0,0.0
2022-06-27 00:00:00-04:00,38.67585958935886,38.88562843043439,38.448613067842764,38.73704147338867,247400,0.0,0.0,0.0
2022-06-28 00:00:00-04:00,39.03420612440605,39.30515680835666,38.62341067903366,38.7545166015625,261400,0.0,0.0,0.0
2022-06-29 00:00:00-04:00,38.815696092769386,38.938059834729266,38.509786737869696,38.728294372558594,293500,0.0,0.0,0.0
2022-06-30 00:00:00-04:00,38.24757351250171,38.58844821086712,37.88922113806177,38.518524169921875,347100,0.0,0.0,0.0
2022-07-04 00:00:00-04:00,38.59720226334958,38.946815937564786,38.59720226334958,38.675865173339844,181300,0.0,0.0,0.0
2022-07-05 00:00:00-04:00,38.413641442665785,38.5534861903945,37.99410719947965,38.518524169921875,408800,0.0,0.0,0.0
2022-07-06 00:00:00-04:00,38.44860346313841,38.57096720063081,38.168910633519204,38.518524169921875,280300,0.0,0.0,0.0
2022-07-07 00:00:00-04:00,38.69334772691131,39.24398811870813,38.69334772691131,39.08666229248047,180300,0.0,0.0,0.0
2022-07-08 00:00:00-04:00,39.10412247954825,39.31388791333434,38.94679673712796,39.147823333740234,129300,0.0,0.0,0.0
2022-07-11 00:00:00-04:00,39.025469024552734,39.05168887656206,38.763257167810465,38.85066223144531,145500,0.0,0.0,0.0
2022-07-12 00:00:00-04:00,38.72828388751281,39.034193159592604,38.59717800852947,38.780723571777344,202100,0.0,0.0,0.0
2022-07-13 00:00:00-04:00,38.44859789926723,38.44859789926723,37.86299581065911,38.343711853027344,350200,0.0,0.0,0.0
2022-07-14 00:00:00-04:00,37.985375882751015,37.985375882751015,37.08512527035869,37.12882614135742,798700,0.0,0.0,0.0
2022-07-15 00:00:00-04:00,37.469704872876875,37.469704872876875,37.09387130787531,37.32112121582031,428300,0.0,0.0,0.0
2022-07-18 00:00:00-04:00,37.62701589254221,38.04655017185042,37.62701589254221,37.72315979003906,408700,0.0,0.0,0.0
2022-07-19 00:00:00-04:00,37.99412363601365,38.68460550116564,37.99412363601365,38.57098388671875,391200,0.0,0.0,0.0
2022-07-20 00:00:00-04:00,38.52725731812309,38.815685584061036,38.41363244528159,38.780723571777344,256700,0.0,0.0,0.0
2022-07-21 00:00:00-04:00,38.78948035398205,38.86814324417228,38.50979081867507,38.85066223144531,154200,0.0,0.0,0.0
2022-07-22 00:00:00-04:00,38.88563846558845,39.025483284340794,38.61468767055927,38.76327133178711,265500,0.0,0.0,0.0
2022-07-25 00:00:00-04:00,38.86842022720377,39.11381501553554,38.83336669447726,39.01741027832031,248100,0.12,0.0,0.0
2022-07-26 00:00:00-04:00,38.87718897250234,39.05247002183639,38.63179750935942,38.710670471191406,189800,0.0,0.0,0.0
2022-07-27 00:00:00-04:00,38.86842033084714,39.289096156764,38.79830992199947,39.12257766723633,430000,0.0,0.0,0.0
2022-07-28 00:00:00-04:00,39.10505360320038,39.46437826465611,38.91224744989775,39.35921096801758,300400,0.0,0.0,0.0
2022-07-29 00:00:00-04:00,39.50820952773066,39.99023002940046,39.50820952773066,39.84123992919922,145500,0.0,0.0,0.0
2022-08-02 00:00:00-04:00,39.560787390661424,39.72730591724127,39.35921532346181,39.552024841308594,426900,0.0,0.0,0.0
2022-08-03 00:00:00-04:00,39.70977844613321,40.12168513995537,39.65719311910529,40.007755279541016,284500,0.0,0.0,0.0
2022-08-04 00:00:00-04:00,40.0077551812506,40.0340461730957,39.85000254376294,40.0340461730957,198700,0.0,0.0,0.0
2022-08-05 00:00:00-04:00,40.03403483711002,40.13920211791992,39.8061684949464,40.13920211791992,325600,0.0,0.0,0.0
2022-08-08 00:00:00-04:00,40.183036464889454,40.244384346749044,39.98146437546383,40.02528381347656,608800,0.0,0.0,0.0
2022-08-09 00:00:00-04:00,40.007758382531755,40.007758382531755,39.72730996971509,39.82371139526367,267300,0.0,0.0,0.0
2022-08-10 00:00:00-04:00,40.156731826222334,40.69133748067166,40.156731826222334,40.5861701965332,317200,0.0,0.0,0.0
2022-08-11 00:00:00-04:00,40.84910201182911,41.033145648638445,40.83157356881746,40.892921447753906,184400,0.0,0.0,0.0
2022-08-12 00:00:00-04:00,41.14708350912882,41.39247505262112,41.033150288274946,41.33112716674805,246300,0.0,0.0,0.0
2022-08-15 00:00:00-04:00,41.29605171574472,41.50638961791992,41.20841287337612,41.50638961791992,128500,0.0,0.0,0.0
2022-08-16 00:00:00-04:00,41.43628025486847,41.92706651641463,41.43628025486847,41.83066177368164,258400,0.0,0.0,0.0
2022-08-17 00:00:00-04:00,41.61156129803799,41.7868423445196,41.54145088537008,41.74302291870117,337200,0.0,0.0,0.0
2022-08-18 00:00:00-04:00,41.78684225471909,41.96212330082401,41.66414652540801,41.85695266723633,199800,0.0,0.0,0.0
2022-08-19 00:00:00-04:00,41.69922188446725,41.69922188446725,41.33989374193271,41.515174865722656,445800,0.0,0.0,0.0
2022-08-22 00:00:00-04:00,41.068195155994324,41.094486144183804,40.77021836475069,40.945499420166016,514800,0.0,0.0,0.0
2022-08-23 00:00:00-04:00,40.77898352220977,40.8403313940491,40.4810067119009,40.542354583740234,397200,0.0,0.0,0.0
2022-08-24 00:00:00-04:00,40.218070856016176,40.31447557164409,39.98144201125864,40.1129035949707,428800,0.0,0.0,0.0
2022-08-25 00:00:00-04:00,40.262311125067015,40.71923867537477,40.262311125067015,40.429264068603516,72800,0.12,0.0,0.0
2022-08-26 00:00:00-04:00,40.55228372741941,40.68408761780261,39.99869800221721,40.077781677246094,242700,0.0,0.0,0.0
2022-08-29 00:00:00-04:00,39.726274451392875,39.91080180006003,39.60325621894811,39.87565612792969,250200,0.0,0.0,0.0
2022-08-30 00:00:00-04:00,39.91081624137554,39.963539796641676,39.34844505985675,39.41874313354492,500500,0.0,0.0,0.0
2022-08-31 00:00:00-04:00,39.33966591570108,39.37481495829831,38.996971130371094,38.996971130371094,390400,0.0,0.0,0.0
2022-09-01 00:00:00-04:00,38.78606542781159,38.79485436110605,38.25884339800555,38.71577072143555,506100,0.0,0.0,0.0
2022-09-02 00:00:00-04:00,39.06726191502598,39.489040327571836,38.86515996851423,38.98817825317383,486900,0.0,0.0,0.0
2022-09-06 00:00:00-04:00,39.09362638441825,39.1024119684089,38.46974265717989,38.680633544921875,577200,0.0,0.0,0.0
2022-09-07 00:00:00-04:00,38.6191190048319,39.137555539760804,38.487311799410676,39.040897369384766,328100,0.0,0.0,0.0
2022-09-08 00:00:00-04:00,38.98818274862241,39.69114685058594,38.917888014424676,39.69114685058594,579500,0.0,0.0,0.0
2022-09-09 00:00:00-04:00,39.981107532698736,40.42924594445071,39.981107532698736,40.36773681640625,663800,0.0,0.0,0.0
2022-09-12 00:00:00-04:00,40.65771632991029,40.91254180737463,40.60499277705669,40.81588363647461,450800,0.0,0.0,0.0
2022-09-13 00:00:00-04:00,40.27988003512702,40.37653822391417,39.94597084258882,40.060203552246094,526900,0.0,0.0,0.0
2022-09-14 00:00:00-04:00,40.209580770678585,40.30623895662685,39.94596966936324,40.139286041259766,333600,0.0,0.0,0.0
2022-09-15 00:00:00-04:00,40.08655051328772,40.51711775343131,40.08655051328772,40.16563415527344,496700,0.0,0.0,0.0
2022-09-16 00:00:00-04:00,39.85809284829308,39.92838756435898,39.673565447624185,39.89324188232422,611600,0.0,0.0,0.0
2022-09-19 00:00:00-04:00,39.62962727046553,40.18321282155436,39.541758037846634,40.15685272216797,292500,0.0,0.0,0.0
2022-09-20 00:00:00-04:00,39.98990540103321,39.98990540103321,39.49783222549152,39.80537796020508,258100,0.0,0.0,0.0
2022-09-21 00:00:00-04:00,39.97233767061261,39.97233767061261,39.33966827392578,39.33966827392578,570900,0.0,0.0,0.0
2022-09-22 00:00:00-04:00,39.401162618892336,39.50660636138109,39.01453332843616,39.0321044921875,222100,0.0,0.0,0.0
2022-09-23 00:00:00-04:00,38.62681651298178,38.64443863911144,38.01005554275142,38.30081558227539,609300,0.12,0.0,0.0
2022-09-26 00:00:00-04:00,38.106967689339506,38.47702217843964,38.02766981866431,38.239131927490234,305800,0.0,0.0,0.0
2022-09-27 00:00:00-04:00,38.441785361320626,38.49464837331238,37.77215808009491,37.91313171386719,489600,0.0,0.0,0.0
2022-09-28 00:00:00-04:00,37.78097339923237,38.556326757315745,37.67524064588546,38.40654373168945,632600,0.0,0.0,0.0
2022-09-29 00:00:00-04:00,38.1334011933873,38.1334011933873,37.63118243978517,38.027671813964844,544700,0.0,0.0,0.0
2022-09-30 00:00:00-04:00,38.07172366113218,38.53870150713448,37.99242579000547,38.010047912597656,256200,0.0,0.0,0.0
2022-10-03 00:00:00-04:00,38.21270195958418,38.82065349968575,38.15983894641126,38.582759857177734,563700,0.0,0.0,0.0
2022-10-04 00:00:00-04:00,39.12902971543614,39.736977854613606,39.12902971543614,39.631248474121094,795700,0.0,0.0,0.0
2022-10-05 00:00:00-04:00,39.24357329813987,39.37573418840285,39.12022178946382,39.29643630981445,367300,0.0,0.0,0.0
2022-10-06 00:00:00-04:00,38.98805628115932,39.093785662176316,38.18626813953785,38.34486389160156,745700,0.0,0.0,0.0
2022-10-07 00:00:00-04:00,38.089359574841666,38.089359574841666,37.28757119251087,37.4461669921875,432500,0.0,0.0,0.0
2022-10-11 00:00:00-04:00,37.08491641501669,37.111347924133916,36.52102181333623,36.59150695800781,599000,0.0,0.0,0.0
2022-10-12 00:00:00-04:00,36.56507951718402,36.84702684939419,36.41529646741869,36.6531867980957,454400,0.0,0.0,0.0
2022-10-13 00:00:00-04:00,36.28313384414719,37.86027911655899,36.03643075745126,37.666439056396484,1153500,0.0,0.0,0.0
2022-10-14 00:00:00-04:00,38.01006219002247,38.186280121059454,37.560709658901764,37.56951904296875,629700,0.0,0.0,0.0
2022-10-17 00:00:00-04:00,37.95719305118989,38.33605700445606,37.95719305118989,38.13340759277344,349100,0.0,0.0,0.0
2022-10-18 00:00:00-04:00,38.63562669202193,38.78541308667356,38.37130151678155,38.485843658447266,399900,0.0,0.0,0.0
2022-10-19 00:00:00-04:00,38.30961468373186,38.30961468373186,37.73691086305938,38.00123596191406,467600,0.0,0.0,0.0
2022-10-20 00:00:00-04:00,38.00124249035707,38.106971875847584,37.446157334647914,37.560699462890625,338600,0.0,0.0,0.0
2022-10-21 00:00:00-04:00,37.51664867223401,38.09816537806537,37.36686228379732,38.01886749267578,645000,0.0,0.0,0.0
2022-10-24 00:00:00-04:00,38.28318430731328,38.34486005348949,38.02766858111121,38.24794006347656,384900,0.0,0.0,0.0
2022-10-25 00:00:00-04:00,38.1737292473804,38.65090166355227,38.12954736533372,38.61555480957031,230500,0.126,0.0,0.0
2022-10-26 00:00:00-04:00,38.50066399692472,39.07503834901647,38.47415555235009,38.72157669067383,227000,0.0,0.0,0.0
2022-10-27 00:00:00-04:00,38.91598136496003,39.19874934637898,38.80110581911477,38.93365478515625,339900,0.0,0.0,0.0
2022-10-28 00:00:00-04:00,39.01318385917143,39.33129531312781,38.95132857333044,39.29595184326172,315200,0.0,0.0,0.0
2022-10-31 00:00:00-04:00,39.23410763580096,39.446181998321144,39.11923205643348,39.1457405090332,238200,0.0,0.0,0.0
2022-11-01 00:00:00-04:00,39.534541658045136,39.64057881927757,39.18107995945623,39.2606086730957,213600,0.0,0.0,0.0
2022-11-02 00:00:00-04:00,39.23409618677141,39.569881057918764,38.91598136496003,38.93365478515625,688500,0.0,0.0,0.0
2022-11-03 00:00:00-04:00,38.76577390405521,38.92483137620012,38.59788140384071,38.80112075805664,501700,0.0,0.0,0.0
2022-11-04 00:00:00-04:00,39.11037881595328,39.587551006828875,39.11037881595328,39.50802230834961,599800,0.0,0.0,0.0
2022-11-07 00:00:00-05:00,39.66708014630309,39.76428226450949,39.516861142427736,39.72010040283203,99400,0.0,0.0,0.0
2022-11-08 00:00:00-05:00,39.76429729688728,39.994045086979234,39.658260114603394,39.77313232421875,232700,0.0,0.0,0.0
2022-11-09 00:00:00-05:00,39.675906283614694,39.675906283614694,39.242916082880356,39.2870979309082,318200,0.0,0.0,0.0
2022-11-10 00:00:00-05:00,40.029381568200755,40.76281336857951,40.029381568200755,40.603755950927734,556600,0.0,0.0,0.0
2022-11-11 00:00:00-05:00,40.75397877427216,40.99256492300551,40.58608631591641,40.877689361572266,296600,0.0,0.0,0.0
2022-11-14 00:00:00-05:00,40.85117724616588,40.85117724616588,40.603756093775075,40.639102935791016,370000,0.0,0.0,0.0
2022-11-15 00:00:00-05:00,41.01907728613154,41.089770983255804,40.45354119258148,40.727474212646484,383800,0.0,0.0,0.0
2022-11-16 00:00:00-05:00,40.612594861308004,40.64794170658116,40.40935555727838,40.62143325805664,204800,0.0,0.0,0.0
2022-11-17 00:00:00-05:00,40.38284710875386,40.63026828394458,40.32982684084412,40.62143325805664,85700,0.0,0.0,0.0
2022-11-18 00:00:00-05:00,40.86885464006492,41.00140362507968,40.78049089729555,40.84234619140625,244400,0.0,0.0,0.0
2022-11-21 00:00:00-05:00,40.794497365729,40.9362678527832,40.70588869877323,40.9362678527832,166700,0.126,0.0,0.0
2022-11-22 00:00:00-05:00,40.980574623360006,41.37044265700376,40.980574623360006,41.30841827392578,156900,0.0,0.0,0.0
2022-11-23 00:00:00-05:00,41.3881660959291,41.57423925282275,41.27297988265713,41.45905303955078,152400,0.0,0.0,0.0
2022-11-24 00:00:00-05:00,41.50334674336841,41.72486332432574,41.44132237110634,41.54764938354492,105600,0.0,0.0,0.0
2022-11-25 00:00:00-05:00,41.62739442205063,41.82233008992581,41.62739442205063,41.68941879272461,130000,0.0,0.0,0.0
2022-11-28 00:00:00-05:00,41.56536703963936,41.795742774010925,41.11347474603286,41.255245208740234,271100,0.0,0.0,0.0
2022-11-29 00:00:00-05:00,41.23752719416033,41.31727329787352,40.936264511252126,41.281829833984375,225500,0.0,0.0,0.0
2022-11-30 00:00:00-05:00,41.27297223065588,41.60081583393524,40.84765740793009,41.59195327758789,326500,0.0,0.0,0.0
2022-12-01 00:00:00-05:00,41.65397798828313,41.75144582844221,41.30841264959179,41.61853790283203,363900,0.0,0.0,0.0
2022-12-02 00:00:00-05:00,41.3261366964615,41.707145522013896,41.31727751962137,41.52107238769531,104400,0.0,0.0,0.0
2022-12-05 00:00:00-05:00,41.31727155589482,41.32613073145621,40.953984516534554,41.131195068359375,244000,0.0,0.0,0.0
2022-12-06 00:00:00-05:00,41.13119579412761,41.13119579412761,40.484367804344686,40.72360610961914,263100,0.0,0.0,0.0
2022-12-07 00:00:00-05:00,40.626135521475945,40.88309554083594,40.57297371062521,40.58183288574219,143200,0.0,0.0,0.0
2022-12-08 00:00:00-05:00,40.63499273900845,40.68815454287605,40.37803275340175,40.48435974121094,309300,0.0,0.0,0.0
2022-12-09 00:00:00-05:00,40.431214980644356,40.75019945861006,40.431214980644356,40.608428955078125,153900,0.0,0.0,0.0
2022-12-12 00:00:00-05:00,40.652716078217004,40.652716078217004,40.22740473004948,40.55524826049805,347000,0.0,0.0,0.0
2022-12-13 00:00:00-05:00,40.79448289721853,40.89195070626362,39.84639246753711,40.01474380493164,555000,0.0,0.0,0.0
2022-12-14 00:00:00-05:00,40.005894139440635,40.085640240332815,39.616022810601265,39.67804718017578,486400,0.0,0.0,0.0
2022-12-15 00:00:00-05:00,39.367932584124794,39.40337605328904,39.05781067912583,39.305908203125,257800,0.0,0.0,0.0
2022-12-16 00:00:00-05:00,38.986924491963826,39.3059089604374,38.986924491963826,39.13755416870117,127400,0.0,0.0,0.0
2022-12-19 00:00:00-05:00,39.172990978162666,39.26159963771482,38.667933448976996,38.78312301635742,125300,0.0,0.0,0.0
2022-12-20 00:00:00-05:00,38.836297469209505,39.27046817424351,38.836297469209505,39.066673278808594,552500,0.0,0.0,0.0
2022-12-21 00:00:00-05:00,39.25274571319661,39.55400846177056,39.25274571319661,39.44768142700195,319800,0.0,0.0,0.0
2022-12-22 00:00:00-05:00,39.27046054606867,39.27046054606867,38.800846459986595,39.17299270629883,231400,0.0,0.0,0.0
2022-12-23 00:00:00-05:00,39.16413528665186,39.447676262295715,39.16413528665186,39.429954528808594,111300,0.0,0.0,0.0
2022-12-28 00:00:00-05:00,39.35907347484111,39.49198480581306,38.978067978210994,39.066673278808594,267700,0.0,0.0,0.0
2022-12-29 00:00:00-05:00,39.17242254527606,39.607867249644016,39.17242254527606,39.56343460083008,90900,0.129,0.0,0.0
2022-12-30 00:00:00-05:00,39.36791843485426,39.43901336970395,39.08354547544168,39.20795822143555,42100,0.0,0.0,0.0
2023-01-03 00:00:00-05:00,39.54567075666466,39.732289962367055,39.35016298497949,39.46569061279297,133800,0.0,0.0,0.0
2023-01-04 00:00:00-05:00,39.58119388704432,40.12328081863941,39.58119388704432,39.98109436035156,258900,0.0,0.0,0.0
2023-01-05 00:00:00-05:00,39.85667819952887,39.874451930544495,39.53676121122543,39.73226547241211,200000,0.0,0.0,0.0
2023-01-06 00:00:00-05:00,39.892237103033736,40.17661010085939,39.82114554857409,40.158836364746094,174600,0.0,0.0,0.0
2023-01-09 00:00:00-05:00,40.22104887840887,40.46987783193894,40.185504790756625,40.247711181640625,183400,0.0,0.0,0.0
2023-01-10 00:00:00-05:00,40.27436118164203,40.389888763427734,40.167722162297764,40.389888763427734,218500,0.0,0.0,0.0
2023-01-11 00:00:00-05:00,40.38099871556557,40.72758144817361,40.38099871556557,40.65648651123047,258200,0.0,0.0,0.0
2023-01-12 00:00:00-05:00,40.79867794776536,41.12748359605888,40.6831503562052,41.00307083129883,188400,0.0,0.0,0.0
2023-01-13 00:00:00-05:00,40.878661578765175,41.4029749824404,40.878661578765175,41.37631607055664,260200,0.0,0.0,0.0
2023-01-16 00:00:00-05:00,41.26966307807332,41.53626568863666,41.26966307807332,41.48294448852539,70500,0.0,0.0,0.0
2023-01-17 00:00:00-05:00,41.43852864484576,41.651806751744964,41.38520742312377,41.58071517944336,227700,0.0,0.0,0.0
2023-01-18 00:00:00-05:00,41.589595093408114,41.873968126628476,41.42074966430664,41.42074966430664,193300,0.0,0.0,0.0
2023-01-19 00:00:00-05:00,41.24301623163588,41.38520275017871,41.07417080023939,41.28744888305664,309700,0.0,0.0,0.0
2023-01-20 00:00:00-05:00,41.37630537522703,41.54515075683594,41.16302396530624,41.54515075683594,120000,0.0,0.0,0.0
2023-01-23 00:00:00-05:00,41.64290978149833,41.83841748244223,41.41185460947491,41.7673225402832,85500,0.0,0.0,0.0
2023-01-24 00:00:00-05:00,41.713992973894456,41.81174680477587,41.58958024004274,41.77619934082031,215300,0.0,0.0,0.0
2023-01-25 00:00:00-05:00,41.62383155838847,41.97136461813535,41.552544381699704,41.91790008544922,509800,0.129,0.0,0.0
2023-01-26 00:00:00-05:00,41.94462477481427,42.34562569413127,41.94462477481427,42.31889343261719,365100,0.0,0.0,0.0
2023-01-27 00:00:00-05:00,42.40801164164632,42.40801164164632,42.15850141987712,42.28325653076172,216400,0.0,0.0,0.0
2023-01-30 00:00:00-05:00,42.15849492962605,42.30107266287618,42.122849646483196,42.14958190917969,101200,0.0,0.0,0.0
2023-01-31 00:00:00-05:00,42.22978517293717,42.58623123168945,42.08720742930057,42.58623123168945,224500,0.0,0.0,0.0
2023-02-01 00:00:00-05:00,42.55949364211631,42.72880704205774,42.354538357369506,42.57731628417969,423700,0.0,0.0,0.0
2023-02-02 00:00:00-05:00,42.746618276118014,42.969396143474356,42.57730492136208,42.81790542602539,204500,0.0,0.0,0.0
2023-02-03 00:00:00-05:00,42.782273514861295,43.1476291954752,42.782273514861295,42.98723220825195,308300,0.0,0.0,0.0
2023-02-06 00:00:00-05:00,42.81791497341994,42.81791497341994,42.55058215284745,42.74662780761719,273800,0.0,0.0,0.0
2023-02-07 00:00:00-05:00,42.550586704842026,43.17436561912288,42.550586704842026,43.11198806762695,413400,0.0,0.0,0.0
2023-02-08 00:00:00-05:00,43.022859995080324,43.236728240157596,42.96939548330133,43.09415054321289,125000,0.0,0.0,0.0
2023-02-09 00:00:00-05:00,43.31693914637619,43.4862491411861,42.94267047453156,43.04960632324219,147200,0.0,0.0,0.0
2023-02-10 00:00:00-05:00,42.85356634625266,43.04069900731623,42.77336614875088,42.96049880981445,147600,0.0,0.0,0.0
2023-02-13 00:00:00-05:00,42.98724055845263,43.299128371028125,42.98724055845263,43.192195892333984,103600,0.0,0.0,0.0
2023-02-14 00:00:00-05:00,43.19218557760668,43.37931822046282,42.9248493457306,43.13871765136719,356400,0.0,0.0,0.0
2023-02-15 00:00:00-05:00,42.96050452355644,43.129817962646484,42.90703998432563,43.129817962646484,129600,0.0,0.0,0.0
2023-02-16 00:00:00-05:00,42.98723142296311,43.35258709690272,42.978318402028144,43.16545104980469,266700,0.0,0.0,0.0
2023-02-17 00:00:00-05:00,42.987229176325435,43.35258483117049,42.987229176325435,43.27238464355469,251800,0.0,0.0,0.0
2023-02-21 00:00:00-05:00,43.05852283978315,43.076345484089074,42.568412018996625,42.68425750732422,518200,0.0,0.0,0.0
2023-02-22 00:00:00-05:00,42.62973881019433,42.62973881019433,42.36168411800066,42.45103454589844,297000,0.129,0.0,0.0
2023-02-23 00:00:00-05:00,42.54931739626662,42.57612524849682,42.12042925408313,42.23658752441406,375800,0.0,0.0,0.0
2023-02-24 00:00:00-05:00,42.048954211858096,42.45103454589844,41.91492516151109,42.45103454589844,238300,0.0,0.0,0.0
2023-02-27 00:00:00-05:00,42.57613667093304,42.79057909530597,42.4153031484029,42.49571990966797,224200,0.0,0.0,0.0
2023-02-28 00:00:00-05:00,42.34381832399359,42.379559862750675,42.156180358270014,42.33488464355469,380100,0.0,0.0,0.0
2023-03-01 00:00:00-05:00,42.09363534542488,42.290210404644704,41.7630346255104,42.15618133544922,293400,0.0,0.0,0.0
2023-03-02 00:00:00-05:00,42.00427082911044,42.04894944649629,41.727282488917915,42.04001235961914,289200,0.0,0.0,0.0
2023-03-03 00:00:00-05:00,42.236601786264835,42.50465653957992,42.17405579077469,42.415306091308594,212900,0.0,0.0,0.0
2023-03-06 00:00:00-05:00,42.486796486839296,42.7280468482361,42.343833688437705,42.40637969970703,168200,0.0,0.0,0.0
2023-03-07 00:00:00-05:00,42.504652934805954,42.504652934805954,41.700485334560184,41.89706039428711,436400,0.0,0.0,0.0
2023-03-08 00:00:00-05:00,41.914939880371094,42.11151498097597,41.78984787398673,41.914939880371094,180200,0.0,0.0,0.0
2023-03-09 00:00:00-05:00,41.87918017465608,41.87918017465608,41.048208311406334,41.1464958190918,950600,0.0,0.0,0.0
2023-03-10 00:00:00-05:00,40.914208020097306,40.914208020097306,40.13684456432059,40.261940002441406,1692900,0.0,0.0,0.0
2023-03-13 00:00:00-04:00,39.55604248079309,39.68113445610269,38.957383645167674,39.439884185791016,1697100,0.0,0.0,0.0
2023-03-14 00:00:00-04:00,40.16364975631695,40.253000226230114,39.53818624141897,39.75263214111328,903600,0.0,0.0,0.0
2023-03-15 00:00:00-04:00,39.073543421893646,39.073543421893646,38.644655172353524,39.0020637512207,1094100,0.0,0.0,0.0
2023-03-16 00:00:00-04:00,38.805490544680765,39.600721091701004,38.51062794176262,39.234378814697266,1282400,0.0,0.0,0.0
2023-03-17 00:00:00-04:00,39.00206541562156,39.00206541562156,38.42127730230264,38.51062774658203,1157800,0.0,0.0,0.0
2023-03-20 00:00:00-04:00,38.60890885364333,38.921642173566276,38.60890885364333,38.725067138671875,346600,0.0,0.0,0.0
2023-03-21 00:00:00-04:00,39.216504782950054,39.4130798352157,39.180763244628906,39.180763244628906,410900,0.0,0.0,0.0
2023-03-22 00:00:00-04:00,39.2963761609571,39.35014666533715,38.8662223815918,38.8662223815918,309000,0.129,0.0,0.0
2023-03-23 00:00:00-04:00,38.946857579777934,39.09920555917706,38.48982047869396,38.58839797973633,488600,0.0,0.0,0.0
2023-03-24 00:00:00-04:00,38.30164892616194,38.64218521118164,38.12241732330192,38.64218521118164,320700,0.0,0.0,0.0
2023-03-27 00:00:00-04:00,39.06337306478888,39.06337306478888,38.76764045195503,38.93791198730469,256300,0.0,0.0,0.0
2023-03-28 00:00:00-04:00,38.9558281358625,39.03648215881995,38.71386606699012,38.90205764770508,183400,0.0,0.0,0.0
2023-03-29 00:00:00-04:00,39.126110261675116,39.30534186796318,39.08130321474274,39.287418365478516,476200,0.0,0.0,0.0
2023-03-30 00:00:00-04:00,39.52040059515882,39.62794156526167,39.368056015348806,39.47559356689453,301400,0.0,0.0,0.0
2023-03-31 00:00:00-04:00,39.61897861015912,39.81613363928707,39.61897861015912,39.79821014404297,234800,0.0,0.0,0.0
2023-04-03 00:00:00-04:00,40.07602242249454,40.11186599731445,39.86990733841088,40.11186599731445,329800,0.0,0.0,0.0
2023-04-04 00:00:00-04:00,40.32694307867275,40.37175010949314,39.645867321953716,39.81613540649414,244400,0.0,0.0,0.0
2023-04-05 00:00:00-04:00,39.529367543132366,39.70859909057617,39.42182998208905,39.70859909057617,223400,0.0,0.0,0.0
2023-04-06 00:00:00-04:00,39.6100278141757,39.76237243146197,39.55625731589692,39.73548889160156,130700,0.0,0.0,0.0
2023-04-10 00:00:00-04:00,39.55624888984661,39.914711964898096,39.55624888984661,39.88782501220703,160200,0.0,0.0,0.0
2023-04-11 00:00:00-04:00,40.004319867154244,40.22835839993943,40.004319867154244,40.13874435424805,248200,0.0,0.0,0.0
2023-04-12 00:00:00-04:00,40.30901240848437,40.44343689557817,40.06705038284956,40.13874435424805,173500,0.0,0.0,0.0
2023-04-13 00:00:00-04:00,40.17460925860408,40.33591392908226,40.05810821239817,40.32695388793945,127700,0.0,0.0,0.0
2023-04-14 00:00:00-04:00,40.6137231646024,40.64957016637861,40.38072449017353,40.40760803222656,266300,0.0,0.0,0.0
2023-04-17 00:00:00-04:00,40.30902350031591,40.62267958365793,40.29110000253428,40.61371612548828,178900,0.0,0.0,0.0
2023-04-18 00:00:00-04:00,40.69438752297095,40.990120234738285,40.69438752297095,40.95427322387695,286700,0.0,0.0,0.0
2023-04-19 00:00:00-04:00,40.80190907979366,41.1155651735553,40.80190907979366,41.10660171508789,106000,0.0,0.0,0.0
2023-04-20 00:00:00-04:00,40.89152617590853,41.13348827382015,40.89152617590853,41.06179428100586,83800,0.0,0.0,0.0
2023-04-21 00:00:00-04:00,41.09764275481421,41.13348975251,40.81983365050861,41.11556625366211,126800,0.0,0.0,0.0
2023-04-24 00:00:00-04:00,41.1092828416638,41.1092828416638,40.875603327769795,40.9924430847168,214400,0.133,0.0,0.0
2023-04-25 00:00:00-04:00,40.83066311513056,40.87560042507375,40.29140853881836,40.29140853881836,368500,0.0,0.0,0.0
2023-04-26 00:00:00-04:00,40.192522753959864,40.5700000683867,40.192522753959864,40.34531021118164,259300,0.0,0.0,0.0
2023-04-27 00:00:00-04:00,40.50711298029586,40.92054175801352,40.50711298029586,40.88459396362305,255100,0.0,0.0,0.0
2023-04-28 00:00:00-04:00,40.704824692479356,41.09129160981369,40.704824692479356,41.08230209350586,162300,0.0,0.0,0.0
2023-05-01 00:00:00-04:00,41.181173435225276,41.32497486494532,41.01041030883789,41.01041030883789,159000,0.0,0.0,0.0
2023-05-02 00:00:00-04:00,40.87560951860134,40.94751197330404,40.14761259297634,40.3004035949707,735500,0.0,0.0,0.0
2023-05-03 00:00:00-04:00,40.32734922898745,40.659892806707376,40.228485107421875,40.228485107421875,527500,0.0,0.0,0.0
2023-05-04 00:00:00-04:00,40.17456840511435,40.19254401461873,39.59037309596122,39.7431640625,676500,0.0,0.0,0.0
2023-05-05 00:00:00-04:00,40.120646727662454,40.435214791630905,40.05773380056824,40.39027404785156,490300,0.0,0.0,0.0
2023-05-08 00:00:00-04:00,40.462175555102235,40.65091433200018,40.34533579528561,40.45318603515625,254200,0.0,0.0,0.0
2023-05-09 00:00:00-04:00,40.06670562542885,40.25544432335583,40.01277881380863,40.23746871948242,163500,0.0,0.0,0.0
2023-05-10 00:00:00-04:00,40.35430642767981,40.363292514922605,39.86897543267175,40.11164093017578,134100,0.0,0.0,0.0
2023-05-11 00:00:00-04:00,39.9858358948433,40.291414447162865,39.842034424839824,40.28242492675781,210500,0.0,0.0,0.0
2023-05-12 00:00:00-04:00,40.345325978515234,40.426214495860854,40.021771909132745,40.210514068603516,163800,0.0,0.0,0.0
2023-05-15 00:00:00-04:00,40.228482994232365,40.534061431884766,40.228482994232365,40.534061431884766,290000,0.0,0.0,0.0
2023-05-16 00:00:00-04:00,40.28241162702783,40.399251354235055,39.97683317559871,40.02177047729492,297300,0.0,0.0,0.0
2023-05-17 00:00:00-04:00,40.11163426822623,40.36328581117746,39.95884338250932,40.34531021118164,288800,0.0,0.0,0.0
2023-05-18 00:00:00-04:00,40.30938968755967,40.31837920864638,40.075713566771384,40.3004035949707,198400,0.0,0.0,0.0
2023-05-19 00:00:00-04:00,40.39025696320622,40.46215938004131,40.08467854864898,40.2194938659668,182500,0.0,0.0,0.0
2023-05-23 00:00:00-04:00,40.17456263782736,40.4531759739064,40.156587030903474,40.16557312011719,239900,0.0,0.0,0.0
2023-05-24 00:00:00-04:00,39.744607409945736,39.75362032359328,39.40205823291395,39.42910385131836,540500,0.133,0.0,0.0
2023-05-25 00:00:00-04:00,39.22175836111857,39.34796318903078,38.960342671553875,39.18570327758789,377200,0.0,0.0,0.0
2023-05-26 00:00:00-04:00,39.239793911514035,39.62741449111788,39.21275173484928,39.600372314453125,432000,0.0,0.0,0.0
2023-05-29 00:00:00-04:00,39.7265765424346,39.78967725161632,39.66347583325288,39.71756362915039,91300,0.0,0.0,0.0
2023-05-30 00:00:00-04:00,39.645449604595726,39.70855031861064,39.31191676784104,39.36600112915039,126700,0.0,0.0,0.0
2023-05-31 00:00:00-04:00,39.140632980802394,39.16767859502438,38.84315873420336,38.942317962646484,298900,0.0,0.0,0.0
2023-06-01 00:00:00-04:00,38.942312335963,39.11358515388047,38.71695173614693,38.906253814697266,198800,0.0,0.0,0.0
2023-06-02 00:00:00-04:00,39.113586989623585,39.78065590942827,39.113586989623585,39.76262664794922,431100,0.0,0.0,0.0
2023-06-05 00:00:00-04:00,39.861772953012434,39.861772953012434,39.34795120287345,39.356964111328125,193700,0.0,0.0,0.0
2023-06-06 00:00:00-04:00,39.384028377238494,39.71756463562909,39.3028984007017,39.69953536987305,190600,0.0,0.0,0.0
2023-06-07 00:00:00-04:00,39.66348648071289,39.78067501725077,39.474184302350544,39.66348648071289,121100,0.0,0.0,0.0
2023-06-08 00:00:00-04:00,39.59135014551859,39.71755497511407,39.42909367064154,39.63642501831055,152500,0.0,0.0,0.0
2023-06-09 00:00:00-04:00,39.61839575693976,39.753610059125634,39.510223627445065,39.63642501831055,154700,0.0,0.0,0.0
2023-06-12 00:00:00-04:00,39.636439268524235,39.70855290120388,39.51925074684718,39.65446853637695,131000,0.0,0.0,0.0
2023-06-13 00:00:00-04:00,39.717553482539756,40.14122907327654,39.717553482539756,40.024044036865234,246300,0.0,0.0,0.0
2023-06-14 00:00:00-04:00,40.09617031853086,40.249417363512244,39.99701107273073,40.13222885131836,644600,0.0,0.0,0.0
2023-06-15 00:00:00-04:00,40.06912475418452,40.32152758491788,40.03306622444242,40.28546905517578,483900,0.0,0.0,0.0
2023-06-16 00:00:00-04:00,40.30349307076215,40.4387108203184,40.2403923712973,40.24940872192383,252500,0.0,0.0,0.0
2023-06-19 00:00:00-04:00,40.240397397658626,40.249413749411374,40.105183069943195,40.15926742553711,43000,0.0,0.0,0.0
2023-06-20 00:00:00-04:00,40.06911824558033,40.06911824558033,39.79868619390339,39.84375762939453,100600,0.0,0.0,0.0
2023-06-21 00:00:00-04:00,39.74459432624208,39.74459432624208,39.60937659492564,39.61839294433594,104200,0.0,0.0,0.0
2023-06-22 00:00:00-04:00,39.47416784211698,39.47416784211698,39.203735780261596,39.25782012939453,163000,0.0,0.0,0.0
2023-06-23 00:00:00-04:00,38.94232177477108,38.987393217912704,38.81612035848226,38.843162536621094,160700,0.0,0.0,0.0
2023-06-26 00:00:00-04:00,38.8277790875269,39.35223609001373,38.8277790875269,39.27085494995117,404400,0.133,0.0,0.0
2023-06-27 00:00:00-04:00,39.32511598293259,39.80435862865044,39.32511598293259,39.75914764404297,239500,0.0,0.0,0.0
2023-06-28 00:00:00-04:00,39.786282761179265,39.86766393207497,39.69586077101862,39.840538024902344,176000,0.0,0.0,0.0
2023-06-29 00:00:00-04:00,39.88574275817126,40.120841965306525,39.88574275817126,40.11180114746094,268700,0.0,0.0,0.0
2023-06-30 00:00:00-04:00,40.256467774489685,40.61815903245204,40.256467774489685,40.55486297607422,376200,0.0,0.0,0.0
2023-07-04 00:00:00-04:00,40.61815761592212,40.70858301429147,40.53677993145409,40.66337203979492,14400,0.0,0.0,0.0
2023-07-05 00:00:00-04:00,40.48254249666161,40.64530483593308,40.36499115177048,40.600093841552734,181900,0.0,0.0,0.0
2023-07-06 00:00:00-04:00,40.247442430487055,40.355952963326686,39.90383609129553,39.94904708862305,108900,0.0,0.0,0.0
2023-07-07 00:00:00-04:00,39.813405800207185,40.26552261719569,39.813405800207185,40.084678649902344,181700,0.0,0.0,0.0
2023-07-10 00:00:00-04:00,40.03946986619835,40.157021221050854,39.94904786977523,39.9852180480957,44500,0.0,0.0,0.0
2023-07-11 00:00:00-04:00,40.03945620730948,40.09371145628178,39.903823258944044,40.075626373291016,93900,0.0,0.0,0.0
2023-07-12 00:00:00-04:00,40.34690856933594,40.41924892433842,40.16606113120771,40.34690856933594,161600,0.0,0.0,0.0
2023-07-13 00:00:00-04:00,40.44635735972484,40.88038895410175,40.44635735972484,40.81709289550781,319400,0.0,0.0,0.0
2023-07-14 00:00:00-04:00,40.96177753951617,41.0522029606422,40.91656655364171,41.006988525390625,87100,0.0,0.0,0.0
2023-07-17 00:00:00-04:00,40.9256075405101,41.2059211730957,40.9256075405101,41.2059211730957,84500,0.0,0.0,0.0
2023-07-18 00:00:00-04:00,41.233060217011676,41.55858493941295,41.233060217011676,41.49528884887695,171700,0.0,0.0,0.0
2023-07-19 00:00:00-04:00,41.59474617868243,41.847930486404046,41.52240583397483,41.811763763427734,90400,0.0,0.0,0.0
2023-07-20 00:00:00-04:00,41.84791906561627,41.84791906561627,41.658030886647765,41.829833984375,115600,0.0,0.0,0.0
2023-07-21 00:00:00-04:00,41.89312947745756,42.03780666414216,41.820789159427164,42.00163650512695,365100,0.0,0.0,0.0
2023-07-24 00:00:00-04:00,41.95643397578645,42.254829224280535,41.95643397578645,42.0558967590332,67000,0.0,0.0,0.0
2023-07-25 00:00:00-04:00,42.15749563677618,42.15749563677618,41.76740018781837,41.81275939941406,378800,0.152,0.0,0.0
2023-07-26 00:00:00-04:00,41.76741686268596,42.0940088536584,41.76741686268596,41.95792770385742,261000,0.0,0.0,0.0
2023-07-27 00:00:00-04:00,42.103078416578015,42.20287079621021,41.83091958347304,41.88534927368164,464800,0.0,0.0,0.0
2023-07-28 00:00:00-04:00,42.17565007692282,42.23007975955051,41.9307061230377,41.96699142456055,173000,0.0,0.0,0.0
2023-07-31 00:00:00-04:00,41.94884133830703,42.27542974477401,41.94884133830703,42.08491897583008,146500,0.0,0.0,0.0
2023-08-01 00:00:00-04:00,41.966986592705204,42.04863456793307,41.72204612770807,41.858123779296875,251800,0.0,0.0,0.0
2023-08-02 00:00:00-04:00,41.53154736786728,41.5859805252159,41.19588488260349,41.395469665527344,317200,0.0,0.0,0.0
2023-08-03 00:00:00-04:00,41.141440455180046,41.168658756742175,40.969074028491534,41.13236999511719,134500,0.0,0.0,0.0
2023-08-04 00:00:00-04:00,41.11422184643686,41.703902056398555,41.11422184643686,41.49524688720703,391700,0.0,0.0,0.0
2023-08-08 00:00:00-04:00,41.29567931327232,41.35918293630436,41.132383293850545,41.31382369995117,215600,0.0,0.0,0.0
2023-08-09 00:00:00-04:00,41.223087310791016,41.31380921237169,41.087009649450046,41.223087310791016,107100,0.0,0.0,0.0
2023-08-10 00:00:00-04:00,41.350101338837796,41.67668982905194,41.350101338837796,41.5496826171875,256500,0.0,0.0,0.0
2023-08-11 00:00:00-04:00,41.44082068618328,41.67669073323635,41.44082068618328,41.62226104736328,287900,0.0,0.0,0.0
2023-08-14 00:00:00-04:00,41.53154319135647,41.58597634323116,41.32288796686791,41.45896911621094,236200,0.0,0.0,0.0
2023-08-15 00:00:00-04:00,41.23217679991054,41.23217679991054,40.55177785423772,40.660640716552734,406200,0.0,0.0,0.0
2023-08-16 00:00:00-04:00,40.51547375687594,40.651554878819574,40.47011453645696,40.56083297729492,103500,0.0,0.0,0.0
2023-08-17 00:00:00-04:00,40.678764602918136,40.78762741036976,40.24330991242539,40.25238037109375,197200,0.0,0.0,0.0
2023-08-18 00:00:00-04:00,40.03466425047853,40.188886309218496,39.98023110350068,40.07094955444336,246300,0.0,0.0,0.0
2023-08-21 00:00:00-04:00,40.116297924889324,40.116297924889324,39.81692091437602,39.88042449951172,107700,0.0,0.0,0.0
2023-08-22 00:00:00-04:00,39.92580016499836,39.93487408700679,39.38148250785948,39.426841735839844,227800,0.0,0.0,0.0
2023-08-23 00:00:00-04:00,39.57199251412436,39.88951402472033,39.48127406006105,39.81693649291992,199300,0.0,0.0,0.0
2023-08-24 00:00:00-04:00,39.73529008647851,39.96208969137928,39.71714570280397,39.762508392333984,224000,0.0,0.0,0.0
2023-08-25 00:00:00-04:00,39.85536613270116,39.982815358109356,39.32736170276278,39.600467681884766,269800,0.152,0.0,0.0
2023-08-28 00:00:00-04:00,39.67328592868051,40.046531465478644,39.67328592868051,40.01921844482422,263900,0.0,0.0,0.0
2023-08-29 00:00:00-04:00,39.98281801240249,40.54724100915268,39.94640642610503,40.519927978515625,418000,0.0,0.0,0.0
2023-08-30 00:00:00-04:00,40.52900705522459,40.71107875892804,40.510799537581356,40.5836296081543,171100,0.0,0.0,0.0
2023-08-31 00:00:00-04:00,40.538128089924626,40.68378482665412,40.19219551064867,40.29233169555664,157300,0.0,0.0,0.0
2023-09-01 00:00:00-04:00,40.43799940103385,40.87497320248134,40.43799940103385,40.783935546875,280000,0.0,0.0,0.0
2023-09-05 00:00:00-04:00,40.656471363852546,40.83854313543738,40.48350509084857,40.49260711669922,182500,0.0,0.0,0.0
2023-09-06 00:00:00-04:00,40.428886653344854,40.47440373271481,40.07384857243639,40.219505310058594,236700,0.0,0.0,0.0
2023-09-07 00:00:00-04:00,40.219501690897594,40.2923283167901,39.96460329117846,39.991912841796875,176100,0.0,0.0,0.0
2023-09-08 00:00:00-04:00,39.882682539132006,40.03744133373942,39.755229830199085,39.955509185791016,168700,0.0,0.0,0.0
2023-09-11 00:00:00-04:00,40.04654263127883,40.39247524387567,39.91908993572483,40.34695816040039,234700,0.0,0.0,0.0
2023-09-12 00:00:00-04:00,40.292328059425465,40.52902240570728,40.25591648307691,40.41978073120117,117300,0.0,0.0,0.0
2023-09-13 00:00:00-04:00,40.51081458122348,40.78392050183176,40.492607056818905,40.69288635253906,184600,0.0,0.0,0.0
2023-09-14 00:00:00-04:00,40.95690492958214,41.211803417162095,40.92959189681897,41.19359588623047,349400,0.0,0.0,0.0
2023-09-15 00:00:00-04:00,41.14807483083176,41.37566373645281,41.14807483083176,41.35745620727539,266600,0.0,0.0,0.0
2023-09-18 00:00:00-04:00,41.35744859140643,41.35744859140643,41.11165220187075,41.23910140991211,132100,0.0,0.0,0.0
2023-09-19 00:00:00-04:00,41.12075828926265,41.13896581688527,40.85675782056175,40.89316940307617,168600,0.0,0.0,0.0
2023-09-20 00:00:00-04:00,40.929569244384766,41.12074300426479,40.929569244384766,40.929569244384766,146800,0.0,0.0,0.0
2023-09-21 00:00:00-04:00,40.738407792074035,40.747509818886456,40.192195892333984,40.192195892333984,294700,0.0,0.0,0.0
2023-09-22 00:00:00-04:00,40.23771282914783,40.31053946158062,40.05564103897004,40.082950592041016,117500,0.0,0.0,0.0
2023-09-25 00:00:00-04:00,39.938605526393744,40.12130449710065,39.81984840762666,40.01168441772461,69900,0.152,0.0,0.0
2023-09-26 00:00:00-04:00,39.86553931104392,39.95689231818965,39.52754189650694,39.564083099365234,106800,0.0,0.0,0.0
2023-09-27 00:00:00-04:00,39.70109942633102,39.70109942633102,39.04337533050259,39.12559127807617,155100,0.0,0.0,0.0
2023-09-28 00:00:00-04:00,39.12559618004955,39.65542964264763,39.10732557999297,39.5549430847168,247500,0.0,0.0,0.0
2023-09-29 00:00:00-04:00,39.73764273973358,39.828992248679384,39.40877893191205,39.44532012939453,131400,0.0,0.0,0.0
2023-10-02 00:00:00-04:00,39.436173551532384,39.44531059107376,38.687096608078775,38.71450424194336,206900,0.0,0.0,0.0
2023-10-03 00:00:00-04:00,38.48614469116985,38.53181945554617,38.038523636855146,38.14814376831055,338500,0.0,0.0,0.0
2023-10-04 00:00:00-04:00,38.15728274224023,38.4039306640625,37.782744079790405,38.4039306640625,236400,0.0,0.0,0.0
2023-10-05 00:00:00-04:00,38.43132241313132,38.677970255282005,38.36737706347301,38.65056610107422,149000,0.0,0.0,0.0
2023-10-06 00:00:00-04:00,38.458728026329226,38.878944820431336,38.07505591382421,38.80586242675781,169800,0.0,0.0,0.0
2023-10-10 00:00:00-04:00,38.805869447733436,39.19867867289706,38.79673588925191,39.11646270751953,167800,0.0,0.0,0.0
2023-10-11 00:00:00-04:00,39.22608859974717,39.60062727824789,39.22608859974717,39.57322311401367,333700,0.0,0.0,0.0
2023-10-12 00:00:00-04:00,39.52752414237419,39.52752414237419,39.070769766083416,39.24433517456055,191000,0.0,0.0,0.0
2023-10-13 00:00:00-04:00,39.41790507629592,39.53665870814309,38.8606641654028,38.8972053527832,271400,0.0,0.0,0.0
2023-10-16 00:00:00-04:00,39.09817910072734,39.36309751046519,38.94288426486987,39.335693359375,116000,0.0,0.0,0.0
2023-10-17 00:00:00-04:00,39.14384669270243,39.61887163841227,39.14384669270243,39.39963150024414,166200,0.0,0.0,0.0
2023-10-18 00:00:00-04:00,39.24434731331323,39.24434731331323,38.69624328613281,38.69624328613281,286400,0.0,0.0,0.0
2023-10-19 00:00:00-04:00,38.68710723919986,38.75105259452332,38.26689390857124,38.31256866455078,383400,0.0,0.0,0.0
2023-10-20 00:00:00-04:00,38.102457799629896,38.184673745235536,37.52694966515053,37.53608322143555,396200,0.0,0.0,0.0
2023-10-23 00:00:00-04:00,37.35338653417884,37.874086442296786,37.29857821843631,37.517818450927734,209600,0.0,0.0,0.0
2023-10-24 00:00:00-04:00,37.66397895290318,37.66397895290318,37.08846725672935,37.252899169921875,356000,0.0,0.0,0.0
2023-10-25 00:00:00-04:00,37.19969657328568,37.45649808408624,36.99792195842341,37.16300964355469,430000,0.162,0.0,0.0
2023-10-26 00:00:00-04:00,37.12633037706336,37.58490659738083,36.99792959515989,37.41981887817383,356500,0.0,0.0,0.0
2023-10-27 00:00:00-04:00,37.47484301306928,37.47484301306928,36.76863533211847,36.878692626953125,269600,0.0,0.0,0.0
2023-10-30 00:00:00-04:00,37.117153803583705,37.54821299507888,37.117153803583705,37.38312530517578,449200,0.0,0.0,0.0
2023-10-31 00:00:00-04:00,37.456505369116755,37.55739269616977,37.23638724657755,37.465675354003906,209700,0.0,0.0,0.0
2023-11-01 00:00:00-04:00,37.55739356916094,37.84170858983663,37.43816277090333,37.83253860473633,357100,0.0,0.0,0.0
2023-11-02 00:00:00-04:00,38.23608444635648,38.942292253902984,38.23608444635648,38.90560531616211,367200,0.0,0.0,0.0
2023-11-03 00:00:00-04:00,39.199094775523264,39.602640568507056,39.153234356993906,39.428382873535156,282800,0.0,0.0,0.0
2023-11-06 00:00:00-05:00,39.5567876087815,39.69435838216601,39.22661215480415,39.38252639770508,177200,0.0,0.0,0.0
2023-11-07 00:00:00-05:00,39.235782110837434,39.33666944377261,39.070694383972445,39.12572479248047,181800,0.0,0.0,0.0
2023-11-08 00:00:00-05:00,39.17157972750146,39.37335438312427,39.08903586826112,39.1990966796875,334000,0.0,0.0,0.0
2023-11-09 00:00:00-05:00,39.40085743348903,39.77688969326334,39.38251396976126,39.4192008972168,385100,0.0,0.0,0.0
2023-11-10 00:00:00-05:00,39.47424271662606,39.57513004700778,39.299981510090724,39.52009963989258,161100,0.0,0.0,0.0
2023-11-13 00:00:00-05:00,39.4650721417851,39.80442109602082,39.41004522927278,39.61181640625,104200,0.0,0.0,0.0
2023-11-14 00:00:00-05:00,40.02452712802645,40.54730367632013,40.02452712802645,40.464759826660156,253900,0.0,0.0,0.0
2023-11-15 00:00:00-05:00,40.56564895809672,40.79493705089536,40.54730549083379,40.63902282714844,210100,0.0,0.0,0.0
2023-11-16 00:00:00-05:00,40.63902282714844,40.74908013206736,40.52896202357086,40.63902282714844,278900,0.0,0.0,0.0
2023-11-17 00:00:00-05:00,40.74907204291934,40.960016626580185,40.74907204291934,40.88664627075195,325500,0.0,0.0,0.0
2023-11-20 00:00:00-05:00,40.88664638416389,41.10676095091709,40.75824213845691,41.04256057739258,184200,0.0,0.0,0.0
2023-11-21 00:00:00-05:00,40.96156106304848,41.01679139823784,40.703826521570996,40.72223663330078,131500,0.162,0.0,0.0
2023-11-22 00:00:00-05:00,40.703825801284715,40.89712670397222,40.510521387227506,40.657798767089844,209600,0.0,0.0,0.0
2023-11-23 00:00:00-05:00,40.749851964476,40.82348890349358,40.63018798828125,40.63018798828125,46500,0.0,0.0,0.0
2023-11-24 00:00:00-05:00,40.54734883407057,40.814290229933164,40.54734883407057,40.67621612548828,152300,0.0,0.0,0.0
2023-11-27 00:00:00-05:00,40.54734722915435,40.620987684975596,40.39086652758951,40.50132369995117,81200,0.0,0.0,0.0
2023-11-28 00:00:00-05:00,40.087111273404666,40.28041223354348,39.88460701051337,40.22518539428711,302300,0.0,0.0,0.0
2023-11-29 00:00:00-05:00,40.298811086255206,40.841897092489745,40.298811086255206,40.72223663330078,340900,0.0,0.0,0.0
2023-11-30 00:00:00-05:00,40.94315384804772,41.21009521996109,40.78667315432817,41.173274993896484,401700,0.0,0.0,0.0
2023-12-01 00:00:00-05:00,41.099633592020915,41.467825278591945,40.96155951495075,41.458621978759766,359400,0.0,0.0,0.0
2023-12-04 00:00:00-05:00,41.28373761889266,41.59670255907925,41.23771408591208,41.513858795166016,73100,0.0,0.0,0.0
2023-12-05 00:00:00-05:00,41.43100471211455,41.6611258310721,41.43100471211455,41.55987548828125,111200,0.0,0.0,0.0
2023-12-06 00:00:00-05:00,41.75318906274461,41.97410343765177,41.569091409408195,41.587501525878906,167200,0.0,0.0,0.0
2023-12-07 00:00:00-05:00,41.64273000712174,41.64273000712174,41.42181213075469,41.57829284667969,154900,0.0,0.0,0.0
2023-12-08 00:00:00-05:00,41.55066734990838,41.93727264331998,41.55066734990838,41.86363220214844,249600,0.0,0.0,0.0
2023-12-11 00:00:00-05:00,41.891251764814065,42.1121696094072,41.7071576575848,42.10296630859375,153800,0.0,0.0,0.0
2023-12-12 00:00:00-05:00,42.0569476659591,42.1029747133245,41.90967024395369,42.06615447998047,191100,0.0,0.0,0.0
2023-12-13 00:00:00-05:00,41.983300744554164,42.84855495451868,41.75317960783669,42.839351654052734,374000,0.0,0.0,0.0
2023-12-14 00:00:00-05:00,43.07868464283781,43.45608324151751,43.07868464283781,43.3824462890625,388500,0.0,0.0,0.0
2023-12-15 00:00:00-05:00,43.38244355324599,43.49290073064807,42.940611332267345,42.9958381652832,299700,0.0,0.0,0.0
2023-12-18 00:00:00-05:00,43.06027108138656,43.290392245372374,43.03265766534676,43.19834518432617,126300,0.0,0.0,0.0
2023-12-19 00:00:00-05:00,43.31799874873688,43.76903415524452,43.31799874873688,43.74142074584961,181200,0.0,0.0,0.0
2023-12-20 00:00:00-05:00,43.72302810901863,43.90712577175182,43.37324290096264,43.40085983276367,184800,0.0,0.0,0.0
2023-12-21 00:00:00-05:00,43.557323156688156,43.897901414246704,43.557323156688156,43.74142074584961,276300,0.0,0.0,0.0
2023-12-22 00:00:00-05:00,43.75985335812732,44.0544082477041,43.75985335812732,44.008384704589844,142600,0.0,0.0,0.0
2023-12-27 00:00:00-05:00,44.00835932595715,44.459394704294695,44.00835932595715,44.28450393676758,101900,0.0,0.0,0.0
2023-12-28 00:00:00-05:00,44.17553540887432,44.43414079285404,44.166297489026974,44.2586555480957,109300,0.162,0.0,0.0
2023-12-29 00:00:00-05:00,44.2309512346688,44.37872625113641,44.1847722026291,44.34178161621094,86700,0.0,0.0,0.0
2024-01-02 00:00:00-05:00,44.10165573825047,44.27713749795434,44.00929765908735,44.14783477783203,128300,0.0,0.0,0.0
2024-01-03 00:00:00-05:00,43.953877210901034,43.98158392780509,43.68603387004648,43.83380889892578,201200,0.0,0.0,0.0
2024-01-04 00:00:00-05:00,43.750684647301156,44.24942668439646,43.750684647301156,44.01852798461914,163500,0.0,0.0,0.0
2024-01-05 00:00:00-05:00,43.926180138080035,44.36026739889828,43.926180138080035,44.23096466064453,202000,0.0,0.0,0.0
2024-01-08 00:00:00-05:00,44.230960619170276,44.60963439941406,44.230960619170276,44.60963439941406,99800,0.0,0.0,0.0
2024-01-09 00:00:00-05:00,44.471088129147674,44.471088129147674,44.05546979160498,44.18477249145508,329100,0.0,0.0,0.0
2024-01-10 00:00:00-05:00,44.07394338501573,44.29560415596546,44.01852643066108,44.0369987487793,191000,0.0,0.0,0.0
2024-01-11 00:00:00-05:00,43.963105080529814,44.00004971307223,43.36277065626889,43.621376037597656,216800,0.0,0.0,0.0
2024-01-12 00:00:00-05:00,43.732210530611056,43.89845786947473,43.39971937611813,43.46437072753906,96300,0.0,0.0,0.0
2024-01-15 00:00:00-05:00,43.44589586439436,43.62137759036626,43.279648535269736,43.6029052734375,71800,0.0,0.0,0.0
2024-01-16 00:00:00-05:00,43.39047877246451,43.54749170423111,43.16881801650885,43.53825378417969,164400,0.0,0.0,0.0
2024-01-17 00:00:00-05:00,43.131868155218065,43.288877544721046,42.956382927851486,43.17804718017578,177200,0.0,0.0,0.0
2024-01-18 00:00:00-05:00,43.26117565293034,43.46436761325682,43.16881759272784,43.34429931640625,160700,0.0,0.0,0.0
2024-01-19 00:00:00-05:00,43.316594989037775,43.907695062655804,43.23347132098309,43.870750427246094,114500,0.0,0.0,0.0
2024-01-22 00:00:00-05:00,43.972347396982755,44.05547106689751,43.796862136476925,44.0369987487793,191000,0.0,0.0,0.0
2024-01-23 00:00:00-05:00,44.101628894929426,44.19398691787702,43.963088337275295,44.08315658569336,100500,0.0,0.0,0.0
2024-01-24 00:00:00-05:00,44.22171261416689,44.46184567178003,44.22171261416689,44.30483627319336,267300,0.0,0.0,0.0
2024-01-25 00:00:00-05:00,44.468013763427734,44.47728764040961,44.2547605731653,44.468013763427734,130200,0.186,0.0,0.0
2024-01-26 00:00:00-05:00,44.356769067462665,44.532933891484085,44.356769067462665,44.50511932373047,78800,0.0,0.0,0.0
2024-01-29 00:00:00-05:00,44.45874802157972,44.66272735595703,44.26403902819534,44.66272735595703,156900,0.0,0.0,0.0
2024-01-30 00:00:00-05:00,44.6534540926344,44.81107817478332,44.54219232326025,44.71835708618164,79800,0.0,0.0,0.0
2024-01-31 00:00:00-05:00,44.616373443057924,44.74617945280445,44.19913731390947,44.22695541381836,250900,0.0,0.0,0.0
2024-02-01 00:00:00-05:00,44.226964134539614,44.28259327142943,43.698466112391245,44.13424301147461,175800,0.0,0.0,0.0
2024-02-02 00:00:00-05:00,44.06932698338494,44.143503859937994,43.754082331930775,44.097145080566406,135200,0.0,0.0,0.0
2024-02-05 00:00:00-05:00,44.04151457756403,44.04151457756403,43.6520965674555,43.846805572509766,142000,0.0,0.0,0.0
2024-02-06 00:00:00-05:00,43.809710934477096,44.06932290448773,43.809710934477096,44.0322380065918,47200,0.0,0.0,0.0
2024-02-07 00:00:00-05:00,44.03224093232935,44.0693258326894,43.772625408120646,43.97660827636719,343100,0.0,0.0,0.0
2024-02-08 00:00:00-05:00,43.87461196015892,43.87461196015892,43.355384506465874,43.71699142456055,548800,0.0,0.0,0.0
2024-02-09 00:00:00-05:00,43.679915678858954,44.06933372953024,43.63355689239076,44.04151916503906,261700,0.0,0.0,0.0
2024-02-12 00:00:00-05:00,44.06006378741715,44.39385271213943,44.041519565271614,44.24550247192383,202800,0.0,0.0,0.0
2024-02-13 00:00:00-05:00,43.80971243125606,43.930248080142505,43.12359051099622,43.43883514404297,387800,0.0,0.0,0.0
2024-02-14 00:00:00-05:00,43.72627593126148,44.16205631995931,43.72627593126148,44.15278244018555,207300,0.0,0.0,0.0
2024-02-15 00:00:00-05:00,44.412400654362294,45.01507200830413,44.412400654362294,44.87599563598633,304400,0.0,0.0,0.0
2024-02-16 00:00:00-05:00,44.875993049058,45.11706086934831,44.86671916926868,44.9223518371582,315600,0.0,0.0,0.0
2024-02-20 00:00:00-05:00,44.77400146251595,45.20050797091223,44.764727582753665,45.06142807006836,356400,0.0,0.0,0.0
2024-02-21 00:00:00-05:00,45.00579607262636,45.00579607262636,44.64419259780336,44.76472473144531,191700,0.0,0.0,0.0
2024-02-22 00:00:00-05:00,44.96869739715628,45.28394201523281,44.9223386226931,45.16340637207031,219900,0.0,0.0,0.0
2024-02-23 00:00:00-05:00,45.23414329132225,45.54129042261846,45.23414329132225,45.457523345947266,190300,0.186,0.0,0.0
2024-02-26 00:00:00-05:00,45.34583024984521,45.662283222297525,45.08521962220468,45.13175964355469,588300,0.0,0.0,0.0
2024-02-27 00:00:00-05:00,44.94561909374072,45.085228533870904,44.86185200946027,45.020076751708984,293100,0.0,0.0,0.0
2024-02-28 00:00:00-05:00,45.02938008792439,45.22483540797537,44.908382415771484,44.908382415771484,99800,0.0,0.0,0.0
2024-02-29 00:00:00-05:00,45.22484123021548,45.23414710596127,44.8804670195283,45.1876106262207,124200,0.0,0.0,0.0
2024-03-01 00:00:00-05:00,45.25276295463082,45.55060068917544,45.20622647432807,45.39237594604492,235000,0.0,0.0,0.0
2024-03-04 00:00:00-05:00,45.243457078772614,45.587831293619985,45.243457078772614,45.39237594604492,91500,0.0,0.0,0.0
2024-03-05 00:00:00-05:00,45.410989551100094,45.73674845155045,45.410989551100094,45.58782958984375,489200,0.0,0.0,0.0
2024-03-06 00:00:00-05:00,45.79260951060103,45.96944960786763,45.56922936886336,45.67161178588867,222800,0.0,0.0,0.0
2024-03-07 00:00:00-05:00,45.792605191945356,45.969445272534344,45.755374580082446,45.922908782958984,119900,0.0,0.0,0.0
2024-03-08 00:00:00-05:00,45.98804402595156,46.07181109723948,45.79258870978151,45.86704635620117,214700,0.0,0.0,0.0
2024-03-11 00:00:00-04:00,45.68089599152473,46.0438854147243,45.64366539670812,46.015960693359375,130100,0.0,0.0,0.0
2024-03-12 00:00:00-04:00,46.090432055657594,46.14627796020831,45.894976715488674,46.127662658691406,167000,0.0,0.0,0.0
2024-03-13 00:00:00-04:00,46.1648981767487,46.351047675547356,46.13697699460613,46.26728057861328,174000,0.0,0.0,0.0
2024-03-14 00:00:00-04:00,46.257967503599616,46.257967503599616,45.70882852036884,45.91359329223633,172900,0.0,0.0,0.0
2024-03-15 00:00:00-04:00,45.76467426040317,46.02528495764543,45.73675308054032,45.894981384277344,170000,0.0,0.0,0.0
2024-03-18 00:00:00-04:00,45.92288418799697,45.96011477992026,45.71811948292354,45.84842300415039,139300,0.0,0.0,0.0
2024-03-19 00:00:00-04:00,45.92290397550141,46.118359341560534,45.92290397550141,45.96944046020508,111800,0.0,0.0,0.0
2024-03-20 00:00:00-04:00,46.03458586409699,46.35103888689996,45.98804938584773,46.295196533203125,100700,0.0,0.0,0.0
2024-03-21 00:00:00-04:00,46.490648633426204,46.76987103397572,46.490648633426204,46.60233688354492,118300,0.0,0.0,0.0
2024-03-22 00:00:00-04:00,46.57991145647362,46.71070084865085,46.29964796413044,46.31833267211914,101000,0.186,0.0,0.0
2024-03-25 00:00:00-04:00,46.25294746819776,46.54255517815525,46.20623746691292,46.22492218017578,228300,0.0,0.0,0.0
2024-03-26 00:00:00-04:00,46.24361290763359,46.449141216510405,46.10347932180938,46.2155876159668,131600,0.0,0.0,0.0
2024-03-27 00:00:00-04:00,46.31834602500922,46.61729431152344,46.31834602500922,46.61729431152344,60700,0.0,0.0,0.0
2024-03-28 00:00:00-04:00,46.66399416784444,46.87886297932775,46.61728417643397,46.74807357788086,263100,0.0,0.0,0.0
2024-04-01 00:00:00-04:00,46.7574275046491,46.7574275046491,46.37439976369973,46.551902770996094,157000,0.0,0.0,0.0
2024-04-02 00:00:00-04:00,46.2622851906534,46.31833932266795,46.02873165287572,46.06610107421875,192500,0.0,0.0,0.0
2024-04-03 00:00:00-04:00,45.94465385147489,46.365050946998636,45.94465385147489,46.17820739746094,107600,0.0,0.0,0.0
2024-04-04 00:00:00-04:00,46.43044279344252,46.62662690468209,46.03807100721932,46.12215042114258,196400,0.0,0.0,0.0
2024-04-05 00:00:00-04:00,46.27163691897806,46.58926994947836,46.196901622019475,46.47716522216797,346000,0.0,0.0,0.0
2024-04-08 00:00:00-04:00,46.57058105944879,46.72005520371127,46.57058105944879,46.70137405395508,106200,0.0,0.0,0.0
2024-04-09 00:00:00-04:00,46.77610998418558,46.84150470046107,46.374397547781975,46.76676940917969,143000,0.0,0.0,0.0
2024-04-10 00:00:00-04:00,46.39307460160984,46.39307460160984,45.869913394039926,46.06610107421875,331500,0.0,0.0,0.0
2024-04-11 00:00:00-04:00,46.01938913543399,46.02873327297072,45.598995603632694,45.86991500854492,231700,0.0,0.0,0.0
2024-04-12 00:00:00-04:00,45.72979294972243,45.78584352968602,45.30005520585864,45.45886993408203,415300,0.0,0.0,0.0
2024-04-15 00:00:00-04:00,45.72978684438402,45.925970975554065,45.038466752589585,45.1786003112793,144500,0.0,0.0,0.0
2024-04-16 00:00:00-04:00,45.04781181027861,45.05715238463457,44.67412468863912,44.832942962646484,354100,0.0,0.0,0.0
2024-04-17 00:00:00-04:00,44.94503498702542,45.234639038992334,44.683456213960206,44.888980865478516,271100,0.0,0.0,0.0
2024-04-18 00:00:00-04:00,44.92635694653919,45.17859518531505,44.73951341073365,44.94504165649414,264400,0.0,0.0,0.0
2024-04-19 00:00:00-04:00,44.88899261487591,45.328074439228004,44.88899261487591,45.28136444091797,263700,0.0,0.0,0.0
2024-04-22 00:00:00-04:00,45.32806400238673,45.655037479015384,45.30003872260245,45.533592224121094,213800,0.0,0.0,0.0
2024-04-23 00:00:00-04:00,45.60833869002777,45.795182249868546,45.54294397864518,45.73912811279297,237200,0.0,0.0,0.0
2024-04-24 00:00:00-04:00,45.64916346422799,45.86471031082176,45.37738560657035,45.536705017089844,141600,0.154,0.0,0.0
2024-04-25 00:00:00-04:00,45.161841977055424,45.442993477412834,44.90880777172766,45.4055061340332,168500,0.0,0.0,0.0
2024-04-26 00:00:00-04:00,45.46172362212906,45.67727401188109,45.4336099082436,45.63041305541992,114100,0.0,0.0,0.0
2024-04-29 00:00:00-04:00,45.630426564981704,45.75225865287064,45.414879686402884,45.6116828918457,190300,0.0,0.0,0.0
2024-04-30 00:00:00-04:00,45.41486915469699,45.733504374137254,45.41486915469699,45.43361282348633,158900,0.0,0.0,0.0
2024-05-01 00:00:00-04:00,45.2930412445725,45.9490517855743,45.2930412445725,45.667903900146484,239000,0.0,0.0,0.0
2024-05-02 00:00:00-04:00,45.79911394388474,45.93968969845064,45.56482340293486,45.73351287841797,212300,0.0,0.0,0.0
2024-05-03 00:00:00-04:00,45.94905296516257,46.04277131270397,45.79910718408576,45.9303092956543,161700,0.0,0.0,0.0
2024-05-06 00:00:00-04:00,46.03338452659343,46.44573798787874,46.03338452659343,46.42699432373047,287300,0.0,0.0,0.0
2024-05-07 00:00:00-04:00,46.530082689051795,46.64254109895307,46.40825065958219,46.42699432373047,85800,0.0,0.0,0.0
2024-05-08 00:00:00-04:00,46.248942125860125,46.79249778840807,46.248942125860125,46.77375411987305,136900,0.0,0.0,0.0
2024-05-09 00:00:00-04:00,46.78312124902223,47.07364273071289,46.78312124902223,47.07364273071289,192000,0.0,0.0,0.0
2024-05-10 00:00:00-04:00,47.06428352764145,47.176741982758145,47.02679618427261,47.04553985595703,211700,0.0,0.0,0.0
2024-05-13 00:00:00-04:00,47.148624128937996,47.28919629176165,47.02679206116589,47.08302307128906,230100,0.0,0.0,0.0
2024-05-14 00:00:00-04:00,47.186101159920334,47.25170220820709,47.008041682426125,47.07364273071289,316300,0.0,0.0,0.0
2024-05-15 00:00:00-04:00,47.23296065702085,47.27981803649432,47.10175498951066,47.22358703613281,206200,0.0,0.0,0.0
2024-05-16 00:00:00-04:00,47.2235922965973,47.41102541035919,47.19547858077927,47.279823303222656,105000,0.0,0.0,0.0
2024-05-17 00:00:00-04:00,47.2891851889517,47.523475646972656,47.25169785767107,47.523475646972656,126100,0.0,0.0,0.0
2024-05-21 00:00:00-04:00,47.298576918008756,47.570351236373234,47.23297585064594,47.429779052734375,97400,0.0,0.0,0.0
2024-05-22 00:00:00-04:00,47.18911487932378,47.41471819789133,47.14211448678055,47.245513916015625,337000,0.154,0.0,0.0
2024-05-23 00:00:00-04:00,47.39592201896685,47.48992639926595,46.86951183289373,47.04811477661133,216500,0.0,0.0,0.0
2024-05-24 00:00:00-04:00,47.01992743118348,47.452336934829496,47.01992743118348,47.38653564453125,302000,0.0,0.0,0.0
2024-05-27 00:00:00-04:00,47.348933592226764,47.489938405373124,47.348933592226764,47.424137115478516,28100,0.0,0.0,0.0
2024-05-28 00:00:00-04:00,47.23612693349777,47.23612693349777,46.84131923558459,46.91651916503906,204700,0.0,0.0,0.0
2024-05-29 00:00:00-04:00,46.5123038127308,46.5123038127308,45.81668930628683,45.826087951660156,312800,0.0,0.0,0.0
2024-05-30 00:00:00-04:00,46.15509786450949,46.74731297361851,46.15509786450949,46.69091033935547,303300,0.0,0.0,0.0
2024-05-31 00:00:00-04:00,46.74730948377576,47.001115940160695,46.33370095442655,46.98231506347656,231600,0.0,0.0,0.0
2024-06-03 00:00:00-04:00,46.92591527790106,47.09511959241423,46.58751023477551,46.8883171081543,291700,0.0,0.0,0.0
2024-06-04 00:00:00-04:00,46.66271709349563,46.86012096112509,46.48411410648345,46.75672149658203,360100,0.0,0.0,0.0
2024-06-05 00:00:00-04:00,46.92591633218069,47.00111984516538,46.61571080587105,46.86011505126953,185800,0.0,0.0,0.0
2024-06-06 00:00:00-04:00,46.775519849352946,46.98232595491963,46.653319501428456,46.728519439697266,68000,0.0,0.0,0.0
2024-06-07 00:00:00-04:00,46.54049831608192,46.70030395740037,46.48409927812261,46.596900939941406,100800,0.0,0.0,0.0
2024-06-10 00:00:00-04:00,46.38070618066659,46.59691090618667,46.343104423384595,46.54050827026367,130700,0.0,0.0,0.0
2024-06-11 00:00:00-04:00,46.30550632796501,46.34310808822058,46.00469941772295,46.042301177978516,248200,0.0,0.0,0.0
2024-06-12 00:00:00-04:00,46.380710705039185,46.57811457117474,46.19270548619049,46.258506774902344,251000,0.0,0.0,0.0
2024-06-13 00:00:00-04:00,46.10810093143445,46.10810093143445,45.61928882207882,45.69449234008789,271500,0.0,0.0,0.0
2024-06-14 00:00:00-04:00,45.506478634807465,45.506478634807465,45.027068847660374,45.47827911376953,193100,0.0,0.0,0.0
2024-06-17 00:00:00-04:00,45.280869460527256,45.45947598063388,45.1398682764381,45.4124755859375,208000,0.0,0.0,0.0
2024-06-18 00:00:00-04:00,45.346681618479124,45.71328977640718,45.346681618479124,45.53468322753906,221500,0.0,0.0,0.0
2024-06-19 00:00:00-04:00,45.41248613033331,45.553487347161756,45.22448092199429,45.280879974365234,45100,0.0,0.0,0.0
2024-06-20 00:00:00-04:00,45.24327625254922,45.41248056071215,45.13047098984018,45.17747497558594,131700,0.0,0.0,0.0
2024-06-21 00:00:00-04:00,45.12107078462686,45.309075963409576,45.03646863346966,45.2432746887207,182500,0.0,0.0,0.0
2024-06-24 00:00:00-04:00,45.365486840542815,46.042304226348826,45.365486840542815,46.03290557861328,204300,0.0,0.0,0.0
2024-06-25 00:00:00-04:00,46.027231914655665,46.05552039515158,45.77262479855442,45.980079650878906,200600,0.154,0.0,0.0
2024-06-26 00:00:00-04:00,45.75376794841237,45.84806528841579,45.51802100119088,45.81034851074219,232300,0.0,0.0,0.0
2024-06-27 00:00:00-04:00,45.857509044272796,46.12154454235981,45.79150016975104,46.083824157714844,242800,0.0,0.0,0.0
2024-06-28 00:00:00-04:00,46.13096455074297,46.34785492487203,45.98951852956128,46.12153625488281,303600,0.0,0.0,0.0
2024-07-02 00:00:00-04:00,45.97064735069979,46.44214116968133,45.85748984136368,46.41385269165039,204100,0.0,0.0,0.0
2024-07-03 00:00:00-04:00,46.51759827125149,46.97023206503493,46.51759827125149,46.96080017089844,278500,0.0,0.0,0.0
2024-07-04 00:00:00-04:00,46.96080300928387,47.08339245997231,46.89479413519329,46.91365432739258,37300,0.0,0.0,0.0
2024-07-05 00:00:00-04:00,46.95136274739483,46.960791042484985,46.43272018432617,46.43272018432617,276800,0.0,0.0,0.0
2024-07-08 00:00:00-04:00,46.470433321745816,46.75333251327113,46.470433321745816,46.725040435791016,74300,0.0,0.0,0.0
2024-07-09 00:00:00-04:00,46.640184121470206,46.98909226027875,46.60246373934815,46.85707092285156,140600,0.0,0.0,0.0
2024-07-10 00:00:00-04:00,46.99851296780844,47.394566124493814,46.99851296780844,47.375709533691406,348700,0.0,0.0,0.0
2024-07-11 00:00:00-04:00,47.52657802507955,47.78118151981588,47.49828595005481,47.67745590209961,386100,0.0,0.0,0.0
2024-07-12 00:00:00-04:00,47.762343471941556,48.16782859830136,47.762343471941556,48.00751876831055,405600,0.0,0.0,0.0
2024-07-15 00:00:00-04:00,48.13952420871409,48.337550774078665,48.07351535359257,48.252681732177734,139600,0.0,0.0,0.0
2024-07-16 00:00:00-04:00,48.36584606300766,48.639313393640535,48.26211682744257,48.601593017578125,141100,0.0,0.0,0.0
2024-07-17 00:00:00-04:00,48.26211682744257,48.66760187708081,48.26211682744257,48.601593017578125,307200,0.0,0.0,0.0
2024-07-18 00:00:00-04:00,48.648747143355415,48.84677374406543,48.318702808838715,48.50729751586914,223600,0.0,0.0,0.0
2024-07-19 00:00:00-04:00,48.37527967084758,48.620458544965,48.252690233788876,48.318702697753906,220300,0.0,0.0,0.0
2024-07-22 00:00:00-04:00,48.57329976223354,48.78075822834658,48.40356526848365,48.761898040771484,201400,0.0,0.0,0.0
2024-07-23 00:00:00-04:00,48.76190184857859,48.799622226674344,48.48843450320421,48.658172607421875,171100,0.0,0.0,0.0
2024-07-24 00:00:00-04:00,48.48842704887814,48.67702531314969,48.32812086243556,48.346981048583984,164000,0.0,0.0,0.0
2024-07-25 00:00:00-04:00,48.28097635696469,48.77133044744884,48.205535605868825,48.53558349609375,82100,0.0,0.0,0.0
2024-07-26 00:00:00-04:00,48.76066888471325,49.04438034852934,48.76066888471325,49.01601028442383,559100,0.148,0.0,0.0
2024-07-29 00:00:00-04:00,49.12949158834508,49.17677622858597,48.82686556169919,48.968719482421875,157900,0.0,0.0,0.0
2024-07-30 00:00:00-04:00,49.0632853119712,49.46993965319557,49.0632853119712,49.23351287841797,261400,0.0,0.0,0.0
2024-07-31 00:00:00-04:00,49.46047833103959,49.791477965350246,49.280795289044285,49.536136627197266,176500,0.0,0.0,0.0
2024-08-01 00:00:00-04:00,49.60234336747279,49.60234336747279,48.56206328279589,48.75120544433594,410900,0.0,0.0,0.0
2024-08-02 00:00:00-04:00,48.14594952504143,48.14594952504143,47.304270762131175,47.587982177734375,1029600,0.0,0.0,0.0
2024-08-06 00:00:00-04:00,46.6611885871336,47.228611405665724,46.481505536368566,47.11512756347656,653000,0.0,0.0,0.0
2024-08-07 00:00:00-04:00,47.531244194792095,47.531244194792095,46.3869393026269,46.58553695678711,382300,0.0,0.0,0.0
2024-08-08 00:00:00-04:00,46.727386095481585,47.39883724808323,46.727386095481585,47.24752426147461,696000,0.0,0.0,0.0
2024-08-09 00:00:00-04:00,47.27590070284676,47.606896753119436,47.24752703597598,47.587982177734375,421900,0.0,0.0,0.0
2024-08-12 00:00:00-04:00,47.60690142347623,47.60690142347623,47.27590534073201,47.361019134521484,237000,0.0,0.0,0.0
2024-08-13 00:00:00-04:00,47.62581148917314,47.994636691460194,47.62581148917314,47.96626663208008,320600,0.0,0.0,0.0
2024-08-14 00:00:00-04:00,48.0892069539795,48.43912119562849,48.0892069539795,48.41074752807617,257600,0.0,0.0,0.0
2024-08-15 00:00:00-04:00,48.70391673529281,48.97817266622489,48.6471730092973,48.8363151550293,291400,0.0,0.0,0.0
2024-08-16 00:00:00-04:00,48.85523160626621,49.08220291137695,48.7795769096203,49.08220291137695,117800,0.0,0.0,0.0
2024-08-19 00:00:00-04:00,49.101119609139026,49.403749253794075,49.101119609139026,49.242977142333984,198500,0.0,0.0,0.0
2024-08-20 00:00:00-04:00,49.120032993220434,49.261890522966624,49.05383377469538,49.20514678955078,153400,0.0,0.0,0.0
2024-08-21 00:00:00-04:00,49.148397384103625,49.37536505973996,49.13893829319351,49.365909576416016,114800,0.0,0.0,0.0
2024-08-22 00:00:00-04:00,49.28079970947628,49.31862886094835,49.03491383249426,49.30916976928711,70700,0.0,0.0,0.0
2024-08-23 00:00:00-04:00,49.46048209283026,50.05627859383474,49.46048209283026,49.91442108154297,474500,0.0,0.0,0.0
2024-08-26 00:00:00-04:00,49.980626668546485,50.094114135893406,49.90497196456873,49.96171569824219,259900,0.0,0.0,0.0
2024-08-27 00:00:00-04:00,49.675302229927894,50.016713813690885,49.65633451774982,49.95032501220703,187800,0.148,0.0,0.0
2024-08-28 00:00:00-04:00,50.05464068812843,50.35811681763187,49.94083804399485,50.0736083984375,87700,0.0,0.0,0.0
2024-08-29 00:00:00-04:00,50.33916523095868,50.690058914547976,50.3201975159374,50.39606475830078,347300,0.0,0.0,0.0
2024-08-30 00:00:00-04:00,50.4150287983469,50.92714621342567,50.4150287983469,50.870243072509766,291900,0.0,0.0,0.0
2024-09-03 00:00:00-04:00,50.69005539968349,50.89869301500707,50.54779935574885,50.66160202026367,183600,0.0,0.0,0.0
2024-09-04 00:00:00-04:00,50.50037585569529,50.92714031886509,50.50037585569529,50.908172607421875,193600,0.0,0.0,0.0
2024-09-05 00:00:00-04:00,50.93663302311359,51.15475632376661,50.80386263295278,50.95560073852539,265100,0.0,0.0,0.0
2024-09-06 00:00:00-04:00,50.946110977442046,51.344422087628026,50.47192901709421,50.718502044677734,216900,0.0,0.0,0.0
2024-09-09 00:00:00-04:00,50.898691608753154,51.51512962514334,50.898691608753154,51.43926239013672,172200,0.0,0.0,0.0
2024-09-10 00:00:00-04:00,51.40132668006472,51.5435791015625,50.98404422780665,51.5435791015625,218500,0.0,0.0,0.0
2024-09-11 00:00:00-04:00,51.46771049459169,51.98930992828451,51.18320204146118,51.979827880859375,187300,0.0,0.0,0.0
2024-09-12 00:00:00-04:00,51.98930973229088,52.32123565673828,51.90395683490137,52.32123565673828,164300,0.0,0.0,0.0
2024-09-13 00:00:00-04:00,52.40658639731249,52.624713273225105,52.34020121515512,52.4634895324707,210900,0.0,0.0,0.0
2024-09-16 00:00:00-04:00,52.577301079822995,52.861813186025266,52.52040155275991,52.81439208984375,108400,0.0,0.0,0.0
2024-09-17 00:00:00-04:00,52.98508817244314,52.9945738370255,52.70057973623039,52.852317810058594,95300,0.0,0.0,0.0
2024-09-18 00:00:00-04:00,52.81438985402798,52.97561361523222,52.567816805842234,52.71955490112305,233000,0.0,0.0,0.0
2024-09-19 00:00:00-04:00,53.25064379101318,53.430831661301994,52.96613167683257,53.402381896972656,366400,0.0,0.0,0.0
2024-09-20 00:00:00-04:00,53.36443909370667,53.55411260438291,53.15579787019068,53.430824279785156,356900,0.0,0.0,0.0
2024-09-23 00:00:00-04:00,53.46876257437695,53.46876257437695,53.098901198459785,53.34547424316406,133300,0.0,0.0,0.0
2024-09-24 00:00:00-04:00,53.419637874867476,53.44816268650902,53.219956938846735,53.24848175048828,92000,0.148,0.0,0.0
2024-09-25 00:00:00-04:00,53.162906014106476,53.32455508409875,53.08683863731285,53.26750183105469,76500,0.0,0.0,0.0
2024-09-26 00:00:00-04:00,53.381608120629515,53.96163686820973,53.381608120629515,53.752445220947266,101900,0.0,0.0,0.0
2024-09-27 00:00:00-04:00,53.809497827597966,53.99967172033326,53.752444571597785,53.76195526123047,100000,0.0,0.0,0.0
2024-09-30 00:00:00-04:00,53.50522106136172,53.89507590928154,53.50522106136172,53.85704040527344,103800,0.0,0.0,0.0
2024-10-01 00:00:00-04:00,53.72392272949219,53.83802562053995,53.35308561313782,53.72392272949219,407400,0.0,0.0,0.0
2024-10-02 00:00:00-04:00,53.628836748291285,53.88556734229581,53.533747984525306,53.638343811035156,327200,0.0,0.0,0.0
2024-10-03 00:00:00-04:00,53.562270272864545,53.581284396167526,53.28651833052588,53.524234771728516,201400,0.0,0.0,0.0
2024-10-04 00:00:00-04:00,53.7714570649138,54.04720900104901,53.7714570649138,53.97113800048828,341600,0.0,0.0,0.0
2024-10-07 00:00:00-04:00,53.942616973735404,54.02819504173824,53.54325507456564,53.78097152709961,260300,0.0,0.0,0.0
2024-10-08 00:00:00-04:00,53.64784939731603,53.96163686820973,53.54325720095015,53.752445220947266,176200,0.0,0.0,0.0
2024-10-09 00:00:00-04:00,53.72392293115019,54.018692663667665,53.72392293115019,53.961639404296875,104900,0.0,0.0,0.0
2024-10-10 00:00:00-04:00,53.67637720213289,53.86655109490812,53.58128844211263,53.85704040527344,152800,0.0,0.0,0.0
2024-10-11 00:00:00-04:00,53.81900679731559,54.40854624841485,53.81900679731559,54.26591491699219,260800,0.0,0.0,0.0
2024-10-15 00:00:00-04:00,54.237385017278044,54.522644026117106,54.19934951549548,54.42755889892578,135400,0.0,0.0,0.0
2024-10-16 00:00:00-04:00,54.45608627866296,54.88397662572464,54.45608627866296,54.82692337036133,151800,0.0,0.0,0.0
2024-10-17 00:00:00-04:00,54.931519421331714,55.23579619667826,54.931519421331714,55.159725189208984,1262400,0.0,0.0,0.0
2024-10-18 00:00:00-04:00,55.15972687681469,55.38793627893928,55.01709917434403,55.28334045410156,155700,0.0,0.0,0.0
2024-10-21 00:00:00-04:00,55.23578915748196,55.32136721634627,54.84593436204784,54.96003723144531,203500,0.0,0.0,0.0
2024-10-22 00:00:00-04:00,54.68429501534539,54.87446891628568,54.475106988849994,54.83643341064453,169200,0.0,0.0,0.0
2024-10-23 00:00:00-04:00,54.69379892019934,54.864955047085814,54.418046979408366,54.77937698364258,106000,0.0,0.0,0.0
2024-10-24 00:00:00-04:00,54.57969394297546,54.931513244798886,54.57969394297546,54.90298843383789,81000,0.0,0.0,0.0
2024-10-25 00:00:00-04:00,54.883979591854896,55.10267830833564,54.56068504852131,54.646263122558594,109600,0.0,0.0,0.0
2024-10-28 00:00:00-04:00,54.69582424115107,55.201030228269026,54.69582424115107,55.15336990356445,141600,0.142,0.0,0.0
2024-10-29 00:00:00-04:00,55.11524332143135,55.17243789607695,54.86740743713353,55.02945327758789,151600,0.0,0.0,0.0
2024-10-30 00:00:00-04:00,54.85786327231872,55.229618849681856,54.85786327231872,55.01991271972656,115800,0.0,0.0,0.0
2024-10-31 00:00:00-04:00,54.69582776199345,54.705358373047986,54.11436230891873,54.25734329223633,269000,0.0,0.0,0.0
2024-11-01 00:00:00-04:00,54.42890891912408,54.78160325067764,54.42890891912408,54.71487808227539,227000,0.0,0.0,0.0
2024-11-04 00:00:00-05:00,54.590981681386225,55.00086711171993,54.55285195850623,54.7625617980957,186900,0.0,0.0,0.0
2024-11-05 00:00:00-05:00,54.80067634132247,55.21055802186944,54.80067634132247,55.17243194580078,136100,0.0,0.0,0.0
2024-11-06 00:00:00-05:00,56.12565131190615,56.1828422424787,55.52512108714853,56.10658645629883,447900,0.0,0.0,0.0
2024-11-07 00:00:00-05:00,56.144724660976415,56.54507578054622,56.144724660976415,56.38302993774414,230700,0.0,0.0,0.0
2024-11-08 00:00:00-05:00,56.373494691762446,56.38302893896424,56.135189419216104,56.36396408081055,70900,0.0,0.0,0.0
2024-11-11 00:00:00-05:00,56.630864374808496,57.097944305257116,56.630864374808496,56.878700256347656,121600,0.0,0.0,0.0
2024-11-12 00:00:00-05:00,56.888240144718,56.888240144718,56.49741960752616,56.764320373535156,230000,0.0,0.0,0.0
2024-11-13 00:00:00-05:00,56.802438135141706,56.897758778292015,56.621327458656324,56.71664810180664,115300,0.0,0.0,0.0
2024-11-14 00:00:00-05:00,56.88822856871144,57.19325899243782,56.88822856871144,57.02167892456055,119600,0.0,0.0,0.0
2024-11-15 00:00:00-05:00,56.916833293173575,56.9835584819522,56.60227220839577,56.75478744506836,236700,0.0,0.0,0.0
2024-11-18 00:00:00-05:00,56.67853694669504,56.92637651802808,56.64994147163763,56.745262145996094,125700,0.0,0.0,0.0
2024-11-19 00:00:00-05:00,56.34489927101268,56.8596395328545,56.23051375824223,56.85010528564453,156300,0.0,0.0,0.0
2024-11-20 00:00:00-05:00,56.90730517306224,56.91683578491211,56.64993501811306,56.91683578491211,175900,0.0,0.0,0.0
2024-11-21 00:00:00-05:00,56.937854425117536,57.60670056432982,56.842306538766444,57.49203872680664,241200,0.142,0.0,0.0
2024-11-22 00:00:00-05:00,57.4347117848564,57.673585147032696,57.4347117848564,57.6067008972168,131700,0.0,0.0,0.0
2024-11-25 00:00:00-05:00,57.864684562077805,58.01756336806419,57.635364530639116,57.66402816772461,165500,0.0,0.0,0.0
2024-11-26 00:00:00-05:00,57.54936156265948,57.96022397711561,57.396482779018896,57.90289306640625,87900,0.0,0.0,0.0
2024-11-27 00:00:00-05:00,57.8264611379857,58.1608823707853,57.8264611379857,58.151329040527344,37800,0.0,0.0,0.0
2024-11-28 00:00:00-05:00,58.18955347092086,58.30421166613281,58.08444860659395,58.1226692199707,18200,0.0,0.0,0.0
2024-11-29 00:00:00-05:00,58.01756583362223,58.371097404067505,58.01756583362223,58.28510284423828,59600,0.0,0.0,0.0
2024-12-02 00:00:00-05:00,58.33287827879034,58.56219832582828,58.132225515706196,58.36154556274414,130400,0.0,0.0,0.0
2024-12-03 00:00:00-05:00,58.23733755595494,58.45710065376078,57.97935383811705,58.10356903076172,201000,0.0,0.0,0.0
2024-12-04 00:00:00-05:00,58.2182146160446,58.49530858378558,58.09399945034724,58.170440673828125,132300,0.0,0.0,0.0
2024-12-05 00:00:00-05:00,57.750020249868,58.44753000010669,57.72135661401047,58.32331848144531,57700,0.0,0.0,0.0
2024-12-06 00:00:00-05:00,58.45708747817432,58.76284507967839,58.45708747817432,58.581302642822266,115600,0.0,0.0,0.0
2024-12-09 00:00:00-05:00,58.47620641346267,58.62908523677567,58.23733302422869,58.42843246459961,66800,0.0,0.0,0.0
2024-12-10 00:00:00-05:00,58.34243127556085,58.45708946879977,58.22776943740369,58.3042106628418,105100,0.0,0.0,0.0
2024-12-11 00:00:00-05:00,58.47620524361117,58.62908406386574,58.38065370287795,58.49531555175781,200200,0.0,0.0,0.0
2024-12-12 00:00:00-05:00,58.39020222131078,58.39020222131078,57.98889309819996,58.093997955322266,217300,0.0,0.0,0.0
2024-12-13 00:00:00-05:00,58.11309795583918,58.1704288618083,57.88378162179754,57.99843978881836,196800,0.0,0.0,0.0
2024-12-16 00:00:00-05:00,57.90290615486134,58.21822076766042,57.864689184000866,58.06534194946289,136900,0.0,0.0,0.0
2024-12-17 00:00:00-05:00,57.76911581440027,57.988878804706395,57.72134188518888,57.8837776184082,165200,0.0,0.0,0.0
2024-12-18 00:00:00-05:00,57.82646092578066,57.82646092578066,56.55565295596951,56.72764205932617,602500,0.0,0.0,0.0
2024-12-19 00:00:00-05:00,56.98562437925486,56.98562437925486,56.64164618060053,56.65120315551758,355000,0.0,0.0,0.0
2024-12-20 00:00:00-05:00,56.45055602679567,57.22450340570264,56.29767357228548,56.956966400146484,412100,0.0,0.0,0.0
2024-12-23 00:00:00-05:00,56.76586367511943,57.224500077218224,56.756310344727375,57.21494674682617,127700,0.0,0.0,0.0
2024-12-24 00:00:00-05:00,57.157627405397456,57.37739049810261,57.1098534539257,57.32961654663086,128200,0.0,0.0,0.0
2024-12-27 00:00:00-05:00,57.29139110905177,57.57803843869298,57.23406383007467,57.453826904296875,160700,0.0,0.0,0.0
2024-12-30 00:00:00-05:00,57.082201555913414,57.388682890568454,56.86191832497671,57.24502182006836,223200,0.142,0.0,0.0
2024-12-31 00:00:00-05:00,57.27375866912364,57.49404192069747,57.23544758531617,57.34080123901367,298300,0.0,0.0,0.0
2025-01-02 00:00:00-05:00,57.53235846752662,57.58982509869459,56.97686231375513,57.139678955078125,210000,0.0,0.0,0.0
2025-01-03 00:00:00-05:00,57.283335774587776,57.59939306838332,57.283335774587776,57.55150604248047,132800,0.0,0.0,0.0
2025-01-06 00:00:00-05:00,57.7239039504268,57.7239039504268,57.235446772681954,57.312068939208984,214100,0.0,0.0,0.0
2025-01-07 00:00:00-05:00,57.49404435926854,57.70475167560054,57.12052041016815,57.16840744018555,197100,0.0,0.0,0.0
2025-01-08 00:00:00-05:00,57.1013686604316,57.561090755519004,57.01517053925606,57.50362777709961,128800,0.0,0.0,0.0
2025-01-09 00:00:00-05:00,57.45573304272192,57.58981817912344,57.45573304272192,57.54193115234375,25600,0.0,0.0,0.0
2025-01-10 00:00:00-05:00,57.33123158163385,57.33123158163385,56.44051887994031,56.57460403442383,342800,0.0,0.0,0.0
2025-01-13 00:00:00-05:00,56.143614415265375,56.42136432789093,56.143614415265375,56.268123626708984,111300,0.0,0.0,0.0
2025-01-14 00:00:00-05:00,56.4596645211762,56.53628303020834,56.19149060569922,56.41177749633789,165000,0.0,0.0,0.0
2025-01-15 00:00:00-05:00,56.97685859000163,57.187562250087424,56.93854750506016,57.10136413574219,357600,0.0,0.0,0.0
2025-01-16 00:00:00-05:00,57.17798599498771,57.54193399286213,57.17798599498771,57.51319885253906,192900,0.0,0.0,0.0
2025-01-17 00:00:00-05:00,57.79094074067865,58.049535046530785,57.79094074067865,57.96333694458008,271700,0.0,0.0,0.0
2025-01-20 00:00:00-05:00,57.99207353290073,58.174049349453966,57.75263474568517,57.83883285522461,226900,0.0,0.0,0.0
2025-01-21 00:00:00-05:00,57.87713986015284,58.31770632073725,57.87713986015284,58.25066375732422,99000,0.0,0.0,0.0
2025-01-22 00:00:00-05:00,58.327300889226656,58.327300889226656,58.00166393182938,58.06870651245117,123000,0.0,0.0,0.0
2025-01-23 00:00:00-05:00,58.05911445512682,58.423062424369824,58.05911445512682,58.41348648071289,354700,0.0,0.0,0.0
2025-01-24 00:00:00-05:00,58.28898797038134,58.652936006299264,58.28898797038134,58.605045318603516,196800,0.0,0.0,0.0
2025-01-27 00:00:00-05:00,58.221938780410134,58.70081637461608,58.221938780410134,58.63377380371094,131800,0.0,0.0,0.0
2025-01-28 00:00:00-05:00,58.61457355416056,58.81616226209192,58.5185763156788,58.77776336669922,152500,0.14,0.0,0.0
2025-01-29 00:00:00-05:00,58.74896194946169,59.06574365966912,58.65296471764128,58.82575607299805,129800,0.0,0.0,0.0
2025-01-30 00:00:00-05:00,59.056158990391964,59.44013701788814,59.02736164535797,59.238548278808594,358600,0.0,0.0,0.0
2025-01-31 00:00:00-05:00,59.286539139111895,59.3537390406649,58.768168670791994,58.89295959472656,391800,0.0,0.0,0.0
2025-02-03 00:00:00-05:00,57.03064743563316,57.980999848195644,57.03064743563316,57.7794075012207,382200,0.0,0.0,0.0
2025-02-04 00:00:00-05:00,57.83701240822544,58.009803775593674,57.241844177246094,57.241844177246094,576500,0.0,0.0,0.0
2025-02-05 00:00:00-05:00,57.31863997250183,57.673824272373764,57.18424749662394,57.664222717285156,257800,0.0,0.0,0.0
2025-02-06 00:00:00-05:00,58.048205904520856,58.16339893520968,57.894613976295624,58.13460159301758,394700,0.0,0.0,0.0
2025-02-07 00:00:00-05:00,58.12500408800605,58.12500408800605,57.85621911036221,58.07700729370117,332800,0.0,0.0,0.0
2025-02-10 00:00:00-05:00,58.36498041050862,58.41297719551188,58.00019825302795,58.04819869995117,76700,0.0,0.0,0.0
2025-02-11 00:00:00-05:00,57.90421668732972,57.990612383014536,57.59703280532166,57.92341613769531,43000,0.0,0.0,0.0
2025-02-12 00:00:00-05:00,57.75062811389623,58.00981521606445,57.63543506690622,58.00981521606445,86500,0.0,0.0,0.0
2025-02-13 00:00:00-05:00,58.096195900016546,58.15379423958394,57.702616401106035,57.9618034362793,86200,0.0,0.0,0.0
2025-02-14 00:00:00-05:00,58.11539840698242,58.30738922039759,58.08659740472203,58.11539840698242,58700,0.0,0.0,0.0
2025-02-18 00:00:00-05:00,58.15379521979729,58.604969403959984,58.15379521979729,58.5473747253418,93500,0.0,0.0,0.0
2025-02-19 00:00:00-05:00,58.2881999440731,58.42259243833896,57.97141449737144,58.374595642089844,148900,0.0,0.0,0.0
2025-02-20 00:00:00-05:00,58.38419046531306,58.62417809585509,58.173000178621464,58.21139907836914,101200,0.0,0.0,0.0
2025-02-21 00:00:00-05:00,58.259390616801745,58.336188409369555,57.654624478971634,57.73141860961914,146000,0.0,0.0,0.0
2025-02-24 00:00:00-05:00,57.8562169363095,57.99060942008137,57.54903306999648,57.7506217956543,66100,0.0,0.0,0.0
2025-02-25 00:00:00-05:00,58.058518991839684,58.327930897779204,57.75061862206254,58.173980712890625,193900,0.14,0.0,0.0
2025-02-26 00:00:00-05:00,58.337557831535506,58.60696975124898,57.981545028528856,58.31831359863281,108100,0.0,0.0,0.0
2025-02-27 00:00:00-05:00,58.39528608948562,58.59734869706743,57.85646225716634,57.89494705200195,130300,0.0,0.0,0.0
2025-02-28 00:00:00-05:00,57.92381638508967,58.65507888793945,57.81797493865278,58.65507888793945,199500,0.0,0.0,0.0
2025-03-03 00:00:00-05:00,58.67431973139397,58.99184405236149,57.85646006238505,58.173980712890625,498000,0.0,0.0,0.0
2025-03-04 00:00:00-05:00,57.346501782160495,57.375369967630355,56.22074165131619,56.5575065612793,849600,0.0,0.0,0.0
2025-03-05 00:00:00-05:00,56.40355046176375,57.0001106262207,56.40355046176375,57.0001106262207,358800,0.0,0.0,0.0
2025-03-06 00:00:00-05:00,56.40355076400904,56.69220689681399,55.86472696156295,56.028297424316406,486200,0.0,0.0,0.0
2025-03-07 00:00:00-05:00,55.787752932163734,56.42279792549579,55.60493822833522,56.33620071411133,407100,0.0,0.0,0.0
2025-03-10 00:00:00-04:00,55.52795821041676,55.8358585736716,55.10459612855683,55.450984954833984,553100,0.0,0.0,0.0
2025-03-11 00:00:00-04:00,55.19119172595326,55.460603618330715,54.49841409359781,54.68123245239258,388400,0.0,0.0,0.0
2025-03-12 00:00:00-04:00,54.93140655632315,55.22006271350504,54.58501769952,55.06611251831055,258100,0.0,0.0,0.0
2025-03-13 00:00:00-04:00,54.89291908990121,54.96989602413184,54.26749801635742,54.26749801635742,466700,0.0,0.0,0.0
2025-03-14 00:00:00-04:00,54.53690978286614,55.31628472255075,54.53690978286614,55.24892807006836,224000,0.0,0.0,0.0
2025-03-17 00:00:00-04:00,55.25854982086093,55.893594819227324,55.25854982086093,55.855106353759766,397800,0.0,0.0,0.0
2025-03-18 00:00:00-04:00,55.7685063075203,55.85510351519037,55.47985017210734,55.710777282714844,283200,0.0,0.0,0.0
2025-03-19 00:00:00-04:00,55.80700184853574,56.480535363558815,55.80700184853574,56.35544967651367,262400,0.0,0.0,0.0
2025-03-20 00:00:00-04:00,56.18226102770706,56.528649938005465,56.163016791527944,56.31696701049805,201300,0.0,0.0,0.0
2025-03-21 00:00:00-04:00,56.0860318880556,56.268846588157075,55.806996027009674,56.2303581237793,258800,0.0,0.0,0.0
2025-03-24 00:00:00-04:00,56.605618743977985,57.12519836425781,56.605618743977985,57.12519836425781,155300,0.0,0.0,0.0
2025-03-25 00:00:00-04:00,57.30801010131836,57.50044507220195,57.202168665055304,57.30801010131836,88100,0.0,0.0,0.0
2025-03-26 00:00:00-04:00,57.414106557189754,57.58770905867818,56.902945680090696,57.05725860595703,203400,0.14,0.0,0.0
2025-03-27 00:00:00-04:00,56.93186889882822,57.00902718870556,56.75826642571398,56.92222595214844,195200,0.0,0.0,0.0
2025-03-28 00:00:00-04:00,56.73898006592554,56.90293591190242,56.01563766026576,56.0349235534668,228000,0.0,0.0,0.0
2025-03-31 00:00:00-04:00,55.55270016093317,56.69075927342935,55.55270016093317,56.54609298706055,274700,0.0,0.0,0.0
2025-04-01 00:00:00-04:00,56.42070994495235,56.96080695437504,56.044572467310246,56.89329528808594,154800,0.0,0.0,0.0
2025-04-02 00:00:00-04:00,56.52680654751519,57.529842376708984,56.37249362603232,57.529842376708984,203800,0.0,0.0,0.0
2025-04-03 00:00:00-04:00,56.41107533268636,56.787212865902724,55.716665314988184,55.74559783935547,381100,0.0,0.0,0.0
2025-04-04 00:00:00-04:00,54.60753781780086,54.703985696139476,52.948674780590665,53.469478607177734,979700,0.0,0.0,0.0
2025-04-07 00:00:00-04:00,51.347672103733196,53.43089825723441,51.347672103733196,52.350704193115234,619400,0.0,0.0,0.0
2025-04-08 00:00:00-04:00,53.57556134627084,53.75881044789657,51.617715700423986,51.97456359863281,657800,0.0,0.0,0.0
2025-04-09 00:00:00-04:00,51.5694928427921,54.3085495886091,51.09690751506135,54.22174835205078,417700,0.0,0.0,0.0
2025-04-10 00:00:00-04:00,53.57556115474005,53.57556115474005,51.714159700217124,52.3024787902832,546200,0.0,0.0,0.0
2025-04-11 00:00:00-04:00,52.099949390994105,53.41161104169026,52.099949390994105,53.26694107055664,434900,0.0,0.0,0.0
2025-04-14 00:00:00-04:00,54.057786128663984,54.347122343053414,53.72987077126008,54.18316650390625,332700,0.0,0.0,0.0
2025-04-15 00:00:00-04:00,54.3567723430579,54.81006810384656,54.30855025085076,54.6171760559082,737600,0.0,0.0,0.0
2025-04-16 00:00:00-04:00,54.46286392211914,54.713621012601564,53.95169943600097,54.46286392211914,354900,0.0,0.0,0.0
2025-04-17 00:00:00-04:00,54.53037616703485,54.89686702016166,54.3953528338713,54.63646697998047,317700,0.0,0.0,0.0
2025-04-21 00:00:00-04:00,54.33749012925428,54.49180305268153,53.82632926023469,54.17353057861328,178700,0.0,0.0,0.0
2025-04-22 00:00:00-04:00,54.59788854948919,55.273008903268824,54.59788854948919,55.253719329833984,320400,0.0,0.0,0.0
2025-04-23 00:00:00-04:00,56.324260890565725,56.430348014772626,55.71665226736846,55.8323860168457,510700,0.0,0.0,0.0
2025-04-24 00:00:00-04:00,55.938477246777346,56.39177298109216,55.697363120713646,56.33390426635742,166700,0.0,0.0,0.0
2025-04-25 00:00:00-04:00,56.19752571850004,56.58442927492666,56.18785478999297,56.48770523071289,162500,0.169,0.0,0.0
2025-04-28 00:00:00-04:00,56.51671952076936,56.95198508247308,56.51671952076936,56.700496673583984,84800,0.0,0.0,0.0
2025-04-29 00:00:00-04:00,56.69082942777519,57.27118108788619,56.67148388046671,57.242164611816406,166600,0.0,0.0,0.0
2025-04-30 00:00:00-04:00,56.93264206230591,57.39692411879311,56.50704740985331,57.319541931152344,224100,0.0,0.0,0.0
2025-05-01 00:00:00-04:00,57.435607956045466,57.7644748323972,57.33888023371535,57.4936408996582,276600,0.0,0.0,0.0
2025-05-02 00:00:00-04:00,57.99661669969739,58.17072291825155,57.7064408987023,58.11268997192383,283300,0.0,0.0,0.0
2025-05-05 00:00:00-04:00,57.95792715828614,58.27712313076334,57.86120311863065,57.96760177612305,56000,0.0,0.0,0.0
2025-05-06 00:00:00-04:00,57.735469818115234,57.986958272367986,57.51300153306783,57.735469818115234,147200,0.0,0.0,0.0
2025-05-07 00:00:00-04:00,58.03531406892123,58.22876585377482,57.93859002138739,58.13203811645508,236700,0.0,0.0,0.0
2025-05-08 00:00:00-04:00,58.180403497363606,58.77042608760405,58.064330213243565,58.55763244628906,207600,0.0,0.0,0.0
2025-05-09 00:00:00-04:00,58.81879234971145,58.81879234971145,58.42221784973227,58.54795837402344,223000,0.0,0.0,0.0
2025-05-12 00:00:00-04:00,59.50554080729674,59.640955945979016,59.118637248388126,59.176673889160156,169400,0.0,0.0,0.0
2025-05-13 00:00:00-04:00,59.321757769397664,59.52488045729842,59.21535911674905,59.38946533203125,93500,0.0,0.0,0.0
2025-05-14 00:00:00-04:00,59.40881799315956,59.80539620326932,59.40881799315956,59.75703048706055,701800,0.0,0.0,0.0
2025-05-15 00:00:00-04:00,59.76670509906509,60.376073273532796,59.72801400201715,60.35673141479492,228400,0.0,0.0,0.0
2025-05-16 00:00:00-04:00,60.31803741069942,60.64690434018491,60.31803741069942,60.52116012573242,111300,0.0,0.0,0.0
2025-05-20 00:00:00-04:00,60.41476338017025,60.821012512941635,60.41476338017025,60.55017852783203,98000,0.0,0.0,0.0
2025-05-21 00:00:00-04:00,60.23098317143576,60.35672738355004,59.81506313041501,59.9408073425293,142900,0.0,0.0,0.0
2025-05-22 00:00:00-04:00,60.046522182557425,60.54116966442607,60.02712373426591,60.2986946105957,202400,0.169,0.0,0.0
2025-05-23 00:00:00-04:00,59.99803253231989,60.47328160249678,59.784653284556235,60.27930450439453,176200,0.0,0.0,0.0
2025-05-26 00:00:00-04:00,60.55087620279783,60.72545855330058,60.453887652463436,60.56057357788086,149800,0.0,0.0,0.0
2025-05-27 00:00:00-04:00,60.62846557663244,61.278300695689815,60.62846557663244,61.191009521484375,204100,0.0,0.0,0.0
2025-05-28 00:00:00-04:00,61.29770165938183,61.51107721628677,61.26860213353596,61.32679748535156,201000,0.0,0.0,0.0
2025-05-29 00:00:00-04:00,61.58866853539105,61.58866853539105,60.78364951717696,60.98733139038086,141300,0.0,0.0,0.0
2025-05-30 00:00:00-04:00,61.04552811135628,61.181317271398285,60.851550996763166,61.05522918701172,256800,0.0,0.0,0.0
2025-06-02 00:00:00-04:00,60.919437370553865,61.2104067119603,60.676962302735845,61.12311553955078,186400,0.0,0.0,0.0
2025-06-03 00:00:00-04:00,61.220102790720915,61.31709503572038,61.04552044959771,61.2588996887207,204900,0.0,0.0,0.0
2025-06-04 00:00:00-04:00,61.2976993169865,61.317097766850424,60.93883724419396,61.084320068359375,86300,0.0,0.0,0.0
2025-06-05 00:00:00-04:00,61.2298082666803,61.268601467592916,60.90004200972845,61.14251708984375,135400,0.0,0.0,0.0
2025-06-06 00:00:00-04:00,61.52077597013552,61.63716296949891,61.3849905208989,61.49168014526367,69400,0.0,0.0,0.0
2025-06-09 00:00:00-04:00,61.45288287277797,61.45288287277797,61.15221245138058,61.297698974609375,128300,0.0,0.0,0.0
2025-06-10 00:00:00-04:00,61.27830487554345,61.46258461149105,61.23950797327777,61.38499450683594,121500,0.0,0.0,0.0
2025-06-11 00:00:00-04:00,61.48197545198783,61.55956924691412,61.17160767203421,61.18130874633789,144100,0.0,0.0,0.0
2025-06-12 00:00:00-04:00,61.13282172700311,61.39469528198242,61.02613208980305,61.39469528198242,303900,0.0,0.0,0.0
2025-06-13 00:00:00-04:00,61.12311318102033,61.152209004075495,60.793346953517336,60.880638122558594,110100,0.0,0.0,0.0
2025-06-16 00:00:00-04:00,61.03582545272313,61.62746522070213,61.03582545272313,61.297698974609375,380200,0.0,0.0,0.0
2025-06-17 00:00:00-04:00,61.15221136372865,61.26859836031604,60.929134745321186,61.12311553955078,113000,0.0,0.0,0.0
2025-06-18 00:00:00-04:00,61.44318669747348,61.65656596192376,61.384995043442515,61.472286224365234,126200,0.0,0.0,0.0
2025-06-19 00:00:00-04:00,61.20070994422447,61.4431850291063,61.15221566722334,61.41408920288086,90800,0.0,0.0,0.0
2025-06-20 00:00:00-04:00,61.81174321955269,61.81174321955269,61.34619153803178,61.443180084228516,176200,0.0,0.0,0.0
2025-06-23 00:00:00-04:00,61.34619536442203,61.86994242625455,61.29770108829889,61.85054397583008,130300,0.0,0.0,0.0
2025-06-24 00:00:00-04:00,62.15121170399042,62.55856804555591,62.14151062926213,62.4324836730957,403000,0.0,0.0,0.0
2025-06-25 00:00:00-04:00,62.382887008859505,62.382887008859505,62.05225270492533,62.17866897583008,56200,0.169,0.0,0.0
2025-06-26 00:00:00-04:00,62.31481466438778,62.655171865144055,62.31481466438778,62.625999450683594,59900,0.0,0.0,0.0
2025-06-27 00:00:00-04:00,62.61626929700385,63.15112159595538,62.60654268632379,62.85938262939453,86700,0.0,0.0,0.0
2025-06-30 00:00:00-04:00,62.94690741628598,63.277537987785635,62.878835979846045,63.228912353515625,173300,0.0,0.0,0.0
2025-07-02 00:00:00-04:00,63.30670814233251,63.30670814233251,62.917725339738894,63.063594818115234,82900,0.0,0.0,0.0
2025-07-03 00:00:00-04:00,63.20946516401741,63.65679279640901,63.20946516401741,63.57899475097656,90100,0.0,0.0,0.0
2025-07-04 00:00:00-04:00,63.442856552582,63.67625070606488,63.442856552582,63.58872604370117,80300,0.0,0.0,0.0
2025-07-07 00:00:00-04:00,63.666525365011665,63.977710156633144,63.32616815843047,63.374786376953125,230600,0.0,0.0,0.0
2025-07-08 00:00:00-04:00,63.413689125015495,63.501213794262085,63.131676731802635,63.326171875,145900,0.0,0.0,0.0
2025-07-09 00:00:00-04:00,63.44286290289897,63.7054294970412,63.41369048560122,63.48176193237305,117600,0.0,0.0,0.0
2025-07-10 00:00:00-04:00,63.49148805910549,64.09441188249701,63.45258902992883,63.89019012451172,87000,0.0,0.0,0.0
2025-07-11 00:00:00-04:00,63.5984511307196,63.63735015536784,63.335884569151595,63.569278717041016,84400,0.0,0.0,0.0
2025-07-14 00:00:00-04:00,63.47204193984389,63.792953402050216,63.42342371235422,63.74433517456055,129800,0.0,0.0,0.0
2025-07-15 00:00:00-04:00,63.75404348157382,63.77349670463338,63.36506805115167,63.38451385498047,87900,0.0,0.0,0.0
2025-07-16 00:00:00-04:00,63.52065092434579,63.97770517440368,63.190020354909066,63.958251953125,255500,0.0,0.0,0.0
2025-07-17 00:00:00-04:00,63.79293823164927,64.72649255669036,63.79293823164927,64.61952209472656,117900,0.0,0.0,0.0
2025-07-18 00:00:00-04:00,64.66814731734499,64.66814731734499,64.44447978396656,64.52227783203125,74100,0.0,0.0,0.0
2025-07-21 00:00:00-04:00,64.51256130763879,64.61953178564482,64.34724599407724,64.36669921875,527300,0.0,0.0,0.0
2025-07-22 00:00:00-04:00,64.34724599407724,64.42504405430552,64.22082971062983,64.36669921875,46100,0.0,0.0,0.0
2025-07-23 00:00:00-04:00,64.49311121105156,64.93071228706425,64.49311121105156,64.7751235961914,141400,0.0,0.0,0.0
2025-07-24 00:00:00-04:00,64.87234649915895,64.99876273335782,64.68757803290572,64.70703125,193500,0.0,0.0,0.0
2025-07-25 00:00:00-04:00,64.7070585710653,65.10576065909899,64.66815953968101,65.03768920898438,52800,0.0,0.0,0.0
2025-07-28 00:00:00-04:00,65.0347669130269,65.0347669130269,64.69355765659208,64.810546875,103300,0.167,0.0,0.0
2025-07-29 00:00:00-04:00,64.86904857803238,64.97628685333038,64.60582465218994,64.76181030273438,86100,0.0,0.0,0.0
2025-07-30 00:00:00-04:00,64.93728185799685,65.00552371163928,64.26460684508984,64.43033599853516,96200,0.0,0.0,0.0
2025-07-31 00:00:00-04:00,64.3425784640846,64.61554578873243,64.06961113943676,64.17684936523438,220200,0.0,0.0,0.0
2025-08-01 00:00:00-04:00,63.57243669136695,63.63092758308429,63.08499275957809,63.58218765258789,179300,0.0,0.0,0.0
2025-08-05 00:00:00-04:00,64.14761891358093,64.46932622832279,63.93314241188403,64.2938461303711,322800,0.0,0.0,0.0
2025-08-06 00:00:00-04:00,64.53756713867188,64.66430730845507,64.32309807789146,64.53756713867188,120900,0.0,0.0,0.0
2025-08-07 00:00:00-04:00,64.59606475549825,64.66430660086422,63.96238622692651,64.08911895751953,180000,0.0,0.0,0.0
2025-08-08 00:00:00-04:00,64.16710496999114,64.16710496999114,63.903888576531486,63.962379455566406,130600,0.0,0.0,0.0
2025-08-11 00:00:00-04:00,63.94288568336708,64.2353549914059,63.94288568336708,64.06962585449219,141700,0.0,0.0,0.0
2025-08-12 00:00:00-04:00,64.1963370947629,64.64478442922554,64.1963370947629,64.50830078125,100800,0.0,0.0,0.0
2025-08-13 00:00:00-04:00,64.80077922907412,65.03475016784304,64.80077922907412,64.94701385498047,65600,0.0,0.0,0.0
2025-08-14 00:00:00-04:00,64.87878435784818,65.2199935913086,64.86903339751976,65.2199935913086,32600,0.0,0.0,0.0
2025-08-15 00:00:00-04:00,65.28824256722805,65.3467334599787,65.09326052838549,65.11276245117188,187800,0.0,0.0,0.0
2025-08-18 00:00:00-04:00,65.06399924228018,65.13224107981064,64.96651196549415,65.12249755859375,74800,0.0,0.0,0.0
2025-08-19 00:00:00-04:00,65.12250387932467,65.28823300972668,65.0055146731451,65.02500915527344,821300,0.0,0.0,0.0
2025-08-20 00:00:00-04:00,65.1322532566279,65.19075158387805,64.95677315048515,65.05426788330078,192300,0.0,0.0,0.0
2025-08-21 00:00:00-04:00,64.92753306459717,65.22975337322265,64.8885366558131,65.20050048828125,63800,0.0,0.0,0.0
2025-08-22 00:00:00-04:00,65.34673145995536,65.82442442434176,65.30773505338038,65.71719360351562,128500,0.0,0.0,0.0
2025-08-25 00:00:00-04:00,65.59044635543552,65.59044635543552,65.08350800019065,65.13224792480469,110000,0.0,0.0,0.0
2025-08-26 00:00:00-04:00,65.2759196169996,66.04801177978516,65.16841264139391,66.04801177978516,164800,0.167,0.0,0.0
2025-08-27 00:00:00-04:00,66.19461100679271,67.05465933087248,66.19461100679271,66.83964538574219,290600,0.0,0.0,0.0
2025-08-28 00:00:00-04:00,67.40650135228883,67.40650135228883,66.40961983635317,66.6246337890625,130100,0.0,0.0,0.0
2025-08-29 00:00:00-04:00,66.45849349617254,66.99602841143903,66.45849349617254,66.87874603271484,137900,0.0,0.0,0.0
2025-09-02 00:00:00-04:00,66.38030082268301,66.93737903574706,66.33143876046717,66.89828491210938,143600,0.0,0.0,0.0
2025-09-03 00:00:00-04:00,66.99602036097464,67.31853381493809,66.89828132889473,67.28921508789062,138600,0.0,0.0,0.0
2025-09-04 00:00:00-04:00,67.42604364412433,67.80720202478616,67.39672491583367,67.78765869140625,116400,0.0,0.0,0.0
2025-09-05 00:00:00-04:00,67.92449004668775,68.17859814042163,67.27944814484997,67.66061401367188,164900,0.0,0.0,0.0
2025-09-08 00:00:00-04:00,67.72902462879215,67.72902462879215,67.25990258330857,67.60196685791016,71600,0.0,0.0,0.0
2025-09-09 00:00:00-04:00,67.48469061590156,68.03199344453478,67.48469061590156,67.84629821777344,142400,0.0,0.0,0.0
2025-09-10 00:00:00-04:00,67.96357499612687,68.21768305554892,67.88538675377528,68.11017608642578,111600,0.0,0.0,0.0
2025-09-11 00:00:00-04:00,68.26655524477091,68.76499604317448,68.26655524477091,68.74544525146484,132300,0.0,0.0,0.0
2025-09-12 00:00:00-04:00,68.68679725969685,68.7063480484094,68.41314586925043,68.45223999023438,103000,0.0,0.0,0.0
2025-09-15 00:00:00-04:00,68.54998207302226,68.75522064731966,68.35451889457968,68.74544525146484,215900,0.0,0.0,0.0
2025-09-16 00:00:00-04:00,68.68682098388672,68.74545845739523,68.44248823567628,68.68682098388672,192200,0.0,0.0,0.0
2025-09-17 00:00:00-04:00,68.73566095549178,69.08750055811737,68.58905987832436,68.7845230102539,346200,0.0,0.0,0.0
2025-09-18 00:00:00-04:00,68.87249617098365,69.3807048582001,68.87249617098365,69.18524169921875,144200,0.0,0.0,0.0
2025-09-19 00:00:00-04:00,69.38070872937894,69.8107366508617,69.38070872937894,69.71300506591797,113200,0.0,0.0,0.0
2025-09-22 00:00:00-04:00,69.73254153481251,70.0746057766586,69.61526662700312,70.0159683227539,86900,0.0,0.0,0.0
2025-09-23 00:00:00-04:00,70.01596087434828,70.3384817493963,69.81072235107422,69.81072235107422,94700,0.0,0.0,0.0
2025-09-24 00:00:00-04:00,69.88615653736667,69.92534227310657,69.35716778966525,69.36695861816406,123700,0.167,0.0,0.0
2025-09-25 00:00:00-04:00,69.12205255358361,69.34736866293102,68.90653474653344,69.26899719238281,334800,0.0,0.0,0.0
2025-09-26 00:00:00-04:00,69.4355142000681,69.59225710332665,69.39632847425347,69.4453125,76900,0.0,0.0,0.0
2025-09-29 00:00:00-04:00,69.5432876847297,69.91554842120338,69.49431112260892,69.71961975097656,199000,0.0,0.0,0.0
2025-09-30 00:00:00-04:00,69.73921502485126,70.05269341732078,69.31797773429088,69.82737731933594,59500,0.0,0.0,0.0
2025-10-01 00:00:00-04:00,69.76859897618539,70.15065051439049,69.76859897618539,69.94493103027344,68300,0.0,0.0,0.0
2025-10-02 00:00:00-04:00,70.00370688845582,70.04289262035789,69.5824696129013,69.97431945800781,121700,0.0,0.0,0.0
2025-10-03 00:00:00-04:00,70.05270297690343,70.4543437186666,69.98412980275288,70.39556884765625,62700,0.0,0.0,0.0
2025-10-06 00:00:00-04:00,70.79720291717126,70.79720291717126,69.87636430449275,70.4249496459961,57500,0.0,0.0,0.0
2025-10-07 00:00:00-04:00,70.52290875769376,70.57189279382882,70.09188063014636,70.16045379638672,83500,0.0,0.0,0.0
2025-10-08 00:00:00-04:00,70.43474463884982,70.43474463884982,69.79798955514283,69.96452331542969,67500,0.0,0.0,0.0
2025-10-09 00:00:00-04:00,70.04291123084755,70.13107354561643,69.73923107031102,69.92535400390625,61600,0.0,0.0,0.0
2025-10-10 00:00:00-04:00,70.19964294404672,70.30739437573716,69.13185219047924,69.16123962402344,292600,0.0,0.0,0.0
2025-10-14 00:00:00-04:00,69.396342528963,70.53270638599409,69.29838193154313,70.43474578857422,249900,0.0,0.0,0.0
2025-10-15 00:00:00-04:00,70.70904225597232,71.03231897137739,70.48372614325866,70.689453125,92400,0.0,0.0,0.0
2025-10-16 00:00:00-04:00,70.65026581436234,70.66005664267281,69.29838411604334,69.47471618652344,188200,0.0,0.0,0.0
2025-10-17 00:00:00-04:00,69.27879631818546,69.68043703016836,69.22981228003187,69.36695861816406,68800,0.0,0.0,0.0
2025-10-20 00:00:00-04:00,69.59227352312277,70.02330913487053,69.59227352312277,69.9155502319336,84400,0.0,0.0,0.0
2025-10-21 00:00:00-04:00,69.89595148092714,70.09188015021127,69.79799088324233,69.85676574707031,71300,0.0,0.0,0.0
2025-10-22 00:00:00-04:00,69.8273933850799,70.05270953490503,69.71963446219607,69.92535400390625,146400,0.0,0.0,0.0
2025-10-23 00:00:00-04:00,69.97433185039588,70.3759725941725,69.97433185039588,70.2584228515625,69400,0.0,0.0,0.0
2025-10-24 00:00:00-04:00,70.48372614325866,70.84618859452328,70.48372614325866,70.689453125,92900,0.0,0.0,0.0
2025-10-27 00:00:00-04:00,70.98332596602658,71.25761860847817,70.85597794600662,71.23802947998047,128500,0.0,0.0,0.0
2025-10-28 00:00:00-04:00,71.41275878770213,71.67779253539685,71.33422749610511,71.53055572509766,214200,0.148,0.0,0.0
2025-10-29 00:00:00-04:00,71.43237937669625,71.44219765926807,70.35260045760938,70.56855773925781,309000,0.0,0.0,0.0
2025-10-30 00:00:00-04:00,70.53912967354171,70.94158949919809,70.43115100318472,70.51949310302734,224100,0.0,0.0,0.0
2025-10-31 00:00:00-04:00,70.52929964983777,71.0397455500531,70.35260799040262,70.99066162109375,85700,0.0,0.0,0.0
2025-11-03 00:00:00-05:00,70.96121344384026,71.43238620414819,70.79434006994605,71.40293884277344,121900,0.0,0.0,0.0
2025-11-04 00:00:00-05:00,70.87287917465974,71.29497558687478,70.79435535708953,70.9808578491211,267900,0.0,0.0,0.0
2025-11-05 00:00:00-05:00,71.16737365722656,71.39314931026531,70.93178720691176,71.16737365722656,112300,0.0,0.0,0.0
2025-11-06 00:00:00-05:00,71.15753499690581,71.2753319329146,70.56856529517403,70.99066162109375,347400,0.0,0.0,0.0
2025-11-07 00:00:00-05:00,70.68637057065683,71.00048828125,70.13665896025107,71.00048828125,280700,0.0,0.0,0.0
2025-11-10 00:00:00-05:00,71.15754252581783,71.49129680191132,70.93177440269174,71.41276550292969,105700,0.0,0.0,0.0
2025-11-11 00:00:00-05:00,71.46184959394341,71.77596730140255,71.46184959394341,71.52074432373047,152800,0.0,0.0,0.0
2025-11-12 00:00:00-05:00,71.6974340034359,72.59070316664987,71.6974340034359,72.55144500732422,96700,0.0,0.0,0.0
2025-11-13 00:00:00-05:00,72.492544651878,72.5907050310266,71.17717909514168,71.41276550292969,143700,0.0,0.0,0.0
2025-11-14 00:00:00-05:00,70.95140497938819,71.54037475585938,70.74526593208111,71.54037475585938,133700,0.0,0.0,0.0
2025-11-17 00:00:00-05:00,71.3833124458637,71.80540878278511,71.05937648026338,71.334228515625,92200,0.0,0.0,0.0
2025-11-18 00:00:00-05:00,70.87286653234389,71.5207384635445,70.64709842722097,71.334228515625,174200,0.0,0.0,0.0
2025-11-19 00:00:00-05:00,71.37160243446425,71.4306248512945,70.99782881525714,71.32242584228516,155400,0.148,0.0,0.0
2025-11-20 00:00:00-05:00,71.8339012225052,72.06996836104828,71.04700825921529,71.20438385009766,141600,0.0,0.0,0.0
2025-11-21 00:00:00-05:00,71.4306432344927,72.13884487876084,71.25359094731532,72.08966827392578,224100,0.0,0.0,0.0
2025-11-24 00:00:00-05:00,72.0798239030831,72.57163493681531,71.90277163076186,72.47327423095703,256300,0.0,0.0,0.0
2025-11-25 00:00:00-05:00,72.57164064269276,73.30935725129335,72.47327992910095,73.28968811035156,74400,0.0,0.0,0.0
2025-11-26 00:00:00-05:00,73.45688778257218,73.64377835514529,73.34868876733933,73.54541015625,159300,0.0,0.0,0.0
2025-11-27 00:00:00-05:00,73.49624075084249,73.74214626325593,73.44705664658352,73.56509399414062,54200,0.0,0.0,0.0
2025-11-28 00:00:00-05:00,73.54542950509362,73.95855653759828,73.37821553008375,73.83068084716797,63900,0.0,0.0,0.0
2025-12-01 00:00:00-05:00,73.5650784845207,73.57491680418643,72.93556110581777,73.12244415283203,142200,0.0,0.0,0.0
2025-12-02 00:00:00-05:00,73.40770684103973,73.6044357428534,73.06344064341614,73.5749282836914,79200,0.0,0.0,0.0
2025-12-03 00:00:00-05:00,73.7618082537151,74.02739038386969,73.40770374980231,73.69295501708984,103800,0.0,0.0,0.0
2025-12-04 00:00:00-05:00,73.85034956508001,74.82413334937691,73.85034956508001,74.73561096191406,92500,0.0,0.0,0.0
2025-12-05 00:00:00-05:00,74.74543464174403,75.00117846628221,74.68641972240461,74.86347198486328,157100,0.0,0.0,0.0
2025-12-08 00:00:00-05:00,74.93232268049266,75.05036001960278,74.77493956167919,74.96183013916016,65500,0.0,0.0,0.0
2025-12-09 00:00:00-05:00,75.00117950524391,75.46348305831458,75.00117950524391,75.26675415039062,85500,0.0,0.0,0.0
2025-12-10 00:00:00-05:00,75.24708418170177,76.2602136569018,75.19790007915324,76.04381561279297,80100,0.0,0.0,0.0
2025-12-11 00:00:00-05:00,76.12251087690954,76.34874725341797,76.01431184959344,76.34874725341797,161400,0.0,0.0,0.0
2025-12-12 00:00:00-05:00,76.41760862716491,76.5258076659915,75.90612089735896,76.03399658203125,65400,0.0,0.0,0.0
2025-12-15 00:00:00-05:00,76.13234505382343,76.61431773734677,76.12250673248285,76.35857391357422,56200,0.0,0.0,0.0
2025-12-16 00:00:00-05:00,76.14217475596026,76.34873445408793,76.05364488279722,76.10282897949219,191700,0.0,0.0,0.0
2025-12-17 00:00:00-05:00,76.27006265051173,76.27006265051173,75.31594796131155,75.48316192626953,77600,0.0,0.0,0.0
2025-12-18 00:00:00-05:00,75.81758637700656,76.44710386342615,75.81758637700656,76.2110366821289,205800,0.0,0.0,0.0
2025-12-19 00:00:00-05:00,76.4569406874064,77.0471123813115,76.4569406874064,76.71267700195312,105800,0.0,0.0,0.0
2025-12-22 00:00:00-05:00,76.82088115884524,77.2044931607601,76.52579904437883,76.95858764648438,93600,0.0,0.0,0.0
2025-12-23 00:00:00-05:00,76.92909502258179,77.41106782227553,76.91925669886986,77.12582397460938,70000,0.0,0.0,0.0
2025-12-24 00:00:00-05:00,77.07662609096907,77.49958388171541,77.03728030759257,77.2143325805664,52300,0.0,0.0,0.0
2025-12-29 00:00:00-05:00,77.08645735444453,77.69629817983767,77.08645735444453,77.48973846435547,88400,0.0,0.0,0.0
2025-12-30 00:00:00-05:00,77.56661253044543,77.64545220905455,77.3301010131836,77.3301010131836,41100,0.148,0.0,0.0
2025-12-31 00:00:00-05:00,77.31038660391368,77.35966328222028,77.03445524995396,77.06401824951172,100000,0.0,0.0,0.0
2026-01-02 00:00:00-05:00,77.24141057298223,77.5271987915039,77.04431887951647,77.5271987915039,93500,0.0,0.0,0.0
2026-01-05 00:00:00-05:00,77.86225630876379,78.88714955843764,77.56661127803588,78.759033203125,99600,0.0,0.0,0.0
2026-01-06 00:00:00-05:00,78.80831283861319,79.12366404122689,78.26629943479321,78.3648452758789,165300,0.0,0.0,0.0
2026-01-07 00:00:00-05:00,78.14805780207446,78.30572966501931,77.69473333951206,77.71444702148438,141100,0.0,0.0,0.0
2026-01-08 00:00:00-05:00,77.52719217252238,78.34513691584796,77.52719217252238,78.04949188232422,130800,0.0,0.0,0.0
2026-01-09 00:00:00-05:00,78.2761633323627,78.61122072597821,78.01993810758434,78.34514617919922,98000,0.0,0.0,0.0
2026-01-12 00:00:00-05:00,78.12832467729488,78.37469301067111,77.92137617948666,78.31556701660156,142100,0.0,0.0,0.0
2026-01-13 00:00:00-05:00,78.42398976881492,78.46340961447814,77.61590172913569,77.7341537475586,106800,0.0,0.0,0.0
2026-01-14 00:00:00-05:00,77.63561248495293,77.89183773763665,77.29069821320593,77.8819808959961,160800,0.0,0.0,0.0
2026-01-15 00:00:00-05:00,78.11847691388178,78.50281847567778,78.02978791247436,78.3648452758789,409900,0.0,0.0,0.0
2026-01-16 00:00:00-05:00,78.41411833461048,78.60136068702265,78.19731298309436,78.24658966064453,44700,0.0,0.0,0.0
2026-01-19 00:00:00-05:00,77.8721078940228,77.92138457343223,77.60603337348262,77.85240173339844,67800,0.0,0.0,0.0
2026-01-20 00:00:00-05:00,77.69472555934323,77.71443923934146,76.69940275784597,76.72896575927734,135000,0.0,0.0,0.0
2026-01-21 00:00:00-05:00,76.69939559227711,77.67501214119606,76.5712792399557,77.23155212402344,159700,0.0,0.0,0.0
2026-01-22 00:00:00-05:00,77.58632620938049,77.80312404770726,77.1231524957588,77.3301010131836,115200,0.0,0.0,0.0
2026-01-23 00:00:00-05:00,77.4089347986106,77.4089347986106,76.62055310967031,77.14285278320312,89800,0.0,0.0,0.0
2026-01-26 00:00:00-05:00,77.33996024730095,77.43850608933083,76.80780367806068,76.91620635986328,82100,0.0,0.0,0.0
2026-01-27 00:00:00-05:00,76.92312273145798,77.32792537118976,76.70590825185647,76.73552703857422,123800,0.147,0.0,0.0
2026-01-28 00:00:00-05:00,76.69602652279394,76.84412797699156,75.75806320079712,75.98514556884766,131100,0.0,0.0,0.0
2026-01-29 00:00:00-05:00,76.18261906247763,76.49856532600631,75.8962915841621,76.3504638671875,166700,0.0,0.0,0.0
2026-01-30 00:00:00-05:00,76.133254279882,76.39983089664486,75.35326024399674,75.78768920898438,196500,0.0,0.0,0.0
2026-02-02 00:00:00-05:00,75.77780157792013,77.24892551892668,75.77780157792013,77.12057495117188,202300,0.0,0.0,0.0
2026-02-03 00:00:00-05:00,77.29830381030072,77.41678648567299,76.51830981279475,76.89349365234375,183600,0.0,0.0,0.0
2026-02-04 00:00:00-05:00,77.16008000541359,77.62412774801135,77.0613482061436,77.20944213867188,163800,0.0,0.0,0.0
2026-02-05 00:00:00-05:00,76.78488341812147,77.3279195764315,76.66640828012868,76.90336608886719,168200,0.0,0.0,0.0
2026-02-06 00:00:00-05:00,77.28842548498525,77.66361684327833,77.19956913133875,77.6241226196289,147100,0.0,0.0,0.0
2026-02-09 00:00:00-05:00,77.67348659185001,78.47323145740121,77.67348659185001,78.4633560180664,47300,0.0,0.0,0.0
2026-02-10 00:00:00-05:00,78.62131725748928,79.00637649146358,78.55220425479523,78.93726348876953,96300,0.0,0.0,0.0
2026-02-11 00:00:00-05:00,79.37169931971306,79.37169931971306,77.92031860351562,77.92031860351562,104500,0.0,0.0,0.0
2026-02-12 00:00:00-05:00,78.35474301796103,78.5917008152883,77.11070139967578,77.28842163085938,95700,0.0,0.0,0.0
2026-02-13 00:00:00-05:00,77.15019952085434,77.70310358681499,76.7157705931693,77.6734848022461,179800,0.0,0.0,0.0
2026-02-17 00:00:00-05:00,77.70309962008899,78.19676609171027,77.60436783231525,77.91044616699219,232100,0.0,0.0,0.0
2026-02-18 00:00:00-05:00,78.14740641129036,78.43373387772701,77.91044860666283,78.32512664794922,193000,0.0,0.0,0.0
2026-02-19 00:00:00-05:00,78.26588246646327,78.26588246646327,77.65374083625642,78.04867553710938,148500,0.0,0.0,0.0
2026-02-20 00:00:00-05:00,77.98943042293737,78.75954894646061,77.9795625166635,78.72006225585938,121200,0.0,0.0,0.0
2026-02-23 00:00:00-05:00,78.66082233269704,78.98664404725277,77.29830543467314,77.63399505615234,110300,0.0,0.0,0.0
2026-02-24 00:00:00-05:00,77.59145140008097,77.72004236459884,77.0869663830538,77.63101959228516,156500,0.147,0.0,0.0
2026-02-25 00:00:00-05:00,77.95744863123669,79.23349460537472,77.95744863123669,79.0455551147461,166500,0.0,0.0,0.0
2026-02-26 00:00:00-05:00,79.39177233444325,79.57971183679159,78.89718119177367,79.30274200439453,228800,0.0,0.0,0.0
2026-02-27 00:00:00-05:00,79.00599246896594,79.1345834502022,77.65081001051091,77.7596206665039,298500,0.0,0.0,0.0
2026-03-02 00:00:00-05:00,76.73086178203403,78.40258208953708,76.4637859127257,78.19485473632812,77800,0.0,0.0,0.0
2026-03-03 00:00:00-05:00,77.03750996350288,77.53210108240616,76.06811559669495,77.17599487304688,327600,0.0,0.0,0.0
2026-03-04 00:00:00-05:00,77.36394808642552,77.84864530850555,77.25513742783542,77.55189514160156,170600,0.0,0.0,0.0
2026-03-05 00:00:00-05:00,77.13644698273684,77.47276537672282,76.36487837027063,76.77044677734375,188500,0.0,0.0,0.0
2026-03-06 00:00:00-05:00,75.929622899552,75.929622899552,75.0294635329779,75.29654693603516,225000,0.0,0.0,0.0
2026-03-09 00:00:00-04:00,74.35682512815818,75.08882539940215,73.5358020802518,74.8415298461914,585600,0.0,0.0,0.0
2026-03-10 00:00:00-04:00,75.16796310907046,76.15714543861634,74.93056146310087,75.51417541503906,261800,0.0,0.0,0.0
2026-03-11 00:00:00-04:00,75.41524904195555,75.77135523877669,75.04925645684474,75.16795349121094,100100,0.0,0.0,0.0
2026-03-12 00:00:00-04:00,74.57444938771002,74.78217675504332,74.00072187020183,74.08975219726562,155700,0.0,0.0,0.0
2026-03-13 00:00:00-04:00,74.35682302872922,74.89098231420606,73.76331522715313,73.83255767822266,77700,0.0,0.0,0.0
2026-03-16 00:00:00-04:00,74.25790789462731,75.27676435920085,74.25790789462731,75.05914306640625,195900,0.0,0.0,0.0
2026-03-17 00:00:00-04:00,75.57352038840172,75.9296265784916,75.51416432547931,75.5438461303711,180400,0.0,0.0,0.0
2026-03-18 00:00:00-04:00,75.29654919478916,75.9296251772971,74.80195811177603,74.87120056152344,130400,0.0,0.0,0.0
2026-03-19 00:00:00-04:00,74.36671457906353,74.36671457906353,73.63472189882039,73.9809341430664,246000,0.0,0.0,0.0
2026-03-20 00:00:00-04:00,73.7732176382776,74.04029353827106,72.80381566506392,73.12035369873047,170000,0.0,0.0,0.0
2026-03-23 00:00:00-04:00,74.03040004966387,74.94045350546057,73.99083939872068,74.50521087646484,339900,0.0,0.0,0.0
2026-03-24 00:00:00-04:00,73.96115468806948,74.96023088957885,73.76332125366804,74.59423828125,105300,0.0,0.0,0.0
2026-03-25 00:00:00-04:00,75.39547806520098,75.5141751142819,75.00969756196355,75.34601593017578,191000,0.0,0.0,0.0
2026-03-26 00:00:00-04:00,74.73847049129276,75.60071822018602,74.32220488406581,74.38167572021484,106500,0.147,0.0,0.0
2026-03-27 00:00:00-04:00,73.93569028854114,74.11408770258313,73.31130312012182,73.54916381835938,125500,0.0,0.0,0.0
2026-03-30 00:00:00-04:00,73.95550648197303,74.53033579531488,73.28156162635622,73.6185302734375,97000,0.0,0.0,0.0
2026-03-31 00:00:00-04:00,74.30239299555434,75.49170396514167,74.08435088679057,75.41241455078125,196000,0.0,0.0,0.0
2026-04-01 00:00:00-04:00,76.0665333536174,76.3440387149771,75.85840433259762,76.04671478271484,173800,0.0,0.0,0.0
2026-04-02 00:00:00-04:00,75.30340750211197,76.44316079489728,75.12501008526164,76.38369750976562,79500,0.0,0.0,0.0
2026-04-06 00:00:00-04:00,76.22511238138912,76.83958638000125,76.22511238138912,76.71074676513672,65100,0.0,0.0,0.0
2026-04-07 00:00:00-04:00,76.58190332036322,77.00807445054734,76.2845793727759,76.9981689453125,163300,0.0,0.0,0.0
2026-04-08 00:00:00-04:00,78.56410206432483,78.84161503269483,78.20731479933102,78.53437042236328,299200,0.0,0.0,0.0
2026-04-09 00:00:00-04:00,78.25685764971044,79.28759732227455,78.25685764971044,79.19840240478516,70800,0.0,0.0,0.0
2026-04-10 00:00:00-04:00,79.3569731035037,79.80296281069016,79.3470600367016,79.68403625488281,102200,0.0,0.0,0.0
2026-04-13 00:00:00-04:00,79.27768509337946,80.65530650649929,79.049737483083,80.64540100097656,72000,0.0,0.0,0.0
2026-04-14 00:00:00-04:00,80.5760159946451,81.71576904653463,80.56610292873324,81.61666107177734,64100,0.0,0.0,0.0
2026-04-15 00:00:00-04:00,81.82480324149414,82.38972710602796,81.82480324149414,82.35008239746094,57100,0.0,0.0,0.0
2026-04-16 00:00:00-04:00,82.38971537492792,82.40954150711597,81.77524138326875,81.97345733642578,122100,0.0,0.0,0.0
2026-04-17 00:00:00-04:00,82.2608682056415,83.57902610127586,82.25095514045802,83.18258666992188,131600,0.0,0.0,0.0
2026-04-20 00:00:00-04:00,82.97446090308735,83.47992138679649,82.97446090308735,83.35107421875,186500,0.0,0.0,0.0
2026-04-21 00:00:00-04:00,83.39071585454678,83.74751058740941,82.61766312049554,82.63748168945312,175000,0.0,0.0,0.0
2026-04-22 00:00:00-04:00,83.03393019153475,83.03393019153475,82.24105880192003,82.3599853515625,136800,0.0,0.0,0.0
2026-04-23 00:00:00-04:00,82.05275133759957,82.77624641245032,81.80497760154985,82.46900939941406,473400,0.0,0.0,0.0
2026-04-24 00:00:00-04:00,82.47892246606327,82.88526746122855,82.14194625307938,82.46900939941406,132800,0.0,0.0,0.0
2026-04-27 00:00:00-04:00,82.22769127719363,82.56533756797904,82.07872655851641,82.38658142089844,81600,0.167,0.0,0.0
2026-04-28 00:00:00-04:00,82.47596478754596,82.81361108449174,82.40644892778298,82.585205078125,118600,0.0,0.0,0.0
2026-04-29 00:00:00-04:00,82.56534393763056,82.66465123218984,81.58218884117011,81.6914291381836,84500,0.0,0.0,0.0
2026-04-30 00:00:00-04:00,81.66163115903048,83.45911804939391,81.66163115903048,83.37966918945312,253200,0.0,0.0,0.0
2026-05-01 00:00:00-04:00,83.49883792543115,83.83648419677417,83.09166822293646,83.28035736083984,205500,0.0,0.0,0.0
2026-05-04 00:00:00-04:00,83.04202819730344,83.36974150630986,82.40645243055168,82.4958267211914,114600,0.0,0.0,0.0
2026-05-05 00:00:00-04:00,82.62492267892738,83.26049842440678,82.62492267892738,83.10160827636719,135000,0.0,0.0,0.0
2026-05-06 00:00:00-04:00,83.71732011144024,84.58130180876306,83.71732011144024,84.31317138671875,95100,0.0,0.0,0.0
2026-05-07 00:00:00-04:00,84.31316839664494,84.5018499548514,83.56835243479588,83.91593170166016,84200,0.0,0.0,0.0
2026-05-08 00:00:00-04:00,84.17414593792944,84.41248495044219,83.93579934875609,84.28338623046875,93400,0.0,0.0,0.0
2026-05-11 00:00:00-04:00,84.07483030050263,84.43233499544844,83.76696788088339,83.935791015625,48400,0.0,0.0,0.0
2026-05-12 00:00:00-04:00,84.09468716643087,84.25357729716464,83.50876134124206,84.23371887207031,77200,0.0,0.0,0.0
2026-05-13 00:00:00-04:00,84.0251688577797,84.44226396250744,83.1313882214635,83.34986877441406,117500,0.0,0.0,0.0
2026-05-14 00:00:00-04:00,83.39953560023046,84.7203369140625,83.38960259852426,84.7203369140625,559200,0.0,0.0,0.0
2026-05-15 00:00:00-04:00,84.1145555023058,84.29331165585552,83.83649205826416,84.28338623046875,201000,0.0,0.0,0.0
2026-05-19 00:00:00-04:00,84.63096332481176,85.01826705127566,84.21386816964456,84.40254974365234,180600,0.0,0.0,0.0
2026-05-20 00:00:00-04:00,84.47206967470373,86.19011538712806,84.47206967470373,85.99149322509766,140900,0.0,0.0,0.0
2026-05-21 00:00:00-04:00,85.69995155712073,87.09296289781197,85.62035676522778,86.94371032714844,183000,0.167,0.0,0.0
2026-05-22 00:00:00-04:00,87.38151567274457,87.56061723893079,87.11286711911578,87.16261291503906,149800,0.0,0.0,0.0
2026-05-25 00:00:00-04:00,87.69992463032987,88.22727717537609,87.6700756321275,87.92877960205078,66400,0.0,0.0,0.0
2026-05-26 00:00:00-04:00,87.53077079483268,88.09792450573931,87.03326727328997,87.46112060546875,67600,0.0,0.0,0.0
2026-05-27 00:00:00-04:00,87.31186540046494,87.75961551984433,87.04321684709751,87.27206420898438,111500,0.0,0.0,0.0
2026-05-28 00:00:00-04:00,87.10291194756228,87.11286414292735,86.20740414722597,86.51585388183594,194100,0.0,0.0,0.0
2026-05-29 00:00:00-04:00,86.67506619503568,87.24221991945166,86.03826227959674,86.62531280517578,181800,0.0,0.0,0.0
2026-06-01 00:00:00-04:00,86.58550955010601,86.81436451019083,85.64025589568462,85.77955627441406,157100,0.0,0.0,0.0
2026-06-02 00:00:00-04:00,85.62035728439601,87.24221599747806,85.62035728439601,87.1825180053711,58100,0.0,0.0,0.0
2026-06-03 00:00:00-04:00,86.71486247398853,87.26211177492392,86.62530789557664,86.70491027832031,183100,0.0,0.0,0.0
2026-06-04 00:00:00-04:00,86.87406263234327,88.26707401300399,86.87406263234327,88.13772583007812,120600,0.0,0.0,0.0
2026-06-05 00:00:00-04:00,87.72976449460934,88.44617074208462,87.72976449460934,88.10787200927734,122900,0.0,0.0,0.0
2026-06-08 00:00:00-04:00,88.33672393807407,88.9436788407503,88.14767017095488,88.46607971191406,121400,0.0,0.0,0.0
2026-06-09 00:00:00-04:00,88.81432992102282,89.62028318880756,88.45612678171821,89.34168243408203,161800,0.0,0.0,0.0
2026-06-10 00:00:00-04:00,89.04317330076523,89.68992936173537,89.04317330076523,89.11282348632812,131800,0.0,0.0,0.0
2026-06-11 00:00:00-04:00,89.5605872523189,90.3466437376572,89.15263071546046,90.18743896484375,115900,0.0,0.0,0.0
2026-06-12 00:00:00-04:00,90.57548153099523,91.36153793320723,90.54563253707462,90.91378784179688,102400,0.0,0.0,0.0
2026-06-15 00:00:00-04:00,91.83914707629891,91.94859845114767,90.91379028340533,91.32173919677734,48900,0.0,0.0,0.0
2026-06-16 00:00:00-04:00,91.61029501508706,92.25705108919804,91.48094683678528,92.07794952392578,62800,0.0,0.0,0.0
2026-06-17 00:00:00-04:00,92.08790684168832,93.08291390603374,92.08790684168832,92.56550598144531,120000,0.0,0.0,0.0
2026-06-18 00:00:00-04:00,93.22220764156695,93.38140481303569,92.8341555214421,93.04310607910156,84300,0.0,0.0,0.0
2026-06-19 00:00:00-04:00,93.12270433755023,93.7794126214828,92.89385697167157,93.03315734863281,95300,0.0,0.0,0.0
2026-06-22 00:00:00-04:00,93.00331154563955,93.69981345436045,93.00331154563955,93.3515625,58500,0.0,0.0,0.0
2026-06-23 00:00:00-04:00,92.80429848747565,93.61025931033429,92.73464830192499,93.5903549194336,70100,0.0,0.0,0.0
2026-06-24 00:00:00-04:00,93.67991608109574,93.72966187924258,92.91375639488056,93.22221374511719,145300,0.0,0.0,0.0
2026-06-25 00:00:00-04:00,93.58802795410156,94.14622443411643,93.54815569054955,93.58802795410156,152100,0.167,0.0,0.0
2026-06-26 00:00:00-04:00,93.4086091341867,93.69767734922992,92.96005946541506,93.4185791015625,154600,0.0,0.0,0.0
2026-06-29 00:00:00-04:00,93.6478322390127,93.87709585246863,93.27902711086867,93.81729125976562,38500,0.0,0.0,0.0
2026-06-30 00:00:00-04:00,93.89702885644171,94.60475203117689,93.85716419759103,94.5150375366211,122700,0.0,0.0,0.0
2026-07-02 00:00:00-04:00,95.14301360734729,95.37227723456704,93.52822866856951,94.03658294677734,282000,0.0,0.0,0.0
2026-07-03 00:00:00-04:00,94.18608992222572,94.78415862276947,94.13625530001315,94.42532348632812,27500,0.0,0.0,0.0
2026-07-06 00:00:00-04:00,94.67452531483312,95.46197779665144,94.67452531483312,95.43207550048828,62600,0.0,0.0,0.0
2026-07-07 00:00:00-04:00,95.4320709985437,95.94043282390543,95.06326589012083,95.82081604003906,61200,0.0,0.0,0.0
2026-07-08 00:00:00-04:00,95.30249387810314,95.32242620674296,93.62789689267134,94.07644653320312,127500,0.0,0.0,0.0
2026-07-09 00:00:00-04:00,94.37548941771531,95.20282178749673,94.37548941771531,94.98352813720703,82900,0.0,0.0,0.0
2026-07-10 00:00:00-04:00,95.19285170630371,96.04011640470783,95.14300947498597,96.000244140625,54100,0.0,0.0,0.0
2026-07-13 00:00:00-04:00,95.93046271370753,96.32917772114206,95.14300266535977,95.68126678466797,124900,0.0,0.0,0.0
2026-07-14 00:00:00-04:00,95.54171944543342,96.59831537546698,95.49188482161463,96.33914947509766,115400,0.0,0.0,0.0
2026-07-15 00:00:00-04:00,96.5484730704162,97.86422729492188,96.5484730704162,97.86422729492188,96300,0.0,0.0,0.0
2026-07-16 00:00:00-04:00,97.67483715900346,97.84429617554528,96.83754246254176,97.4555435180664,88200,0.0,0.0,0.0
2026-07-17 00:00:00-04:00,96.67805837646682,97.68481214115909,96.24944103940827,96.97709655761719,169000,0.0,0.0,0.0
2026-07-20 00:00:00-04:00,97.07676995423257,97.32596589468493,95.12307469366887,95.1529769897461,165100,0.0,0.0,0.0
2026-07-21 00:00:00-04:00,95.46198005188693,95.70121363655709,94.8439789702976,95.49188995361328,83000,0.0,0.0,0.0
2026-07-22 00:00:00-04:00,95.41213838413917,96.13978623712231,95.26261930596876,95.54171752929688,74800,0.0,0.0,0.0
2026-07-23 00:00:00-04:00,94.71438241028656,94.71438241028656,93.94686231891062,94.41535186767578,117700,0.0,0.0,0.0
2026-07-24 00:00:00-04:00,94.70442689858163,95.4719470454697,94.66455463571184,95.24269104003906,91600,0.0,0.0,0.0
2026-07-27 00:00:00-04:00,95.601529572828,96.08995146288254,95.20281456662062,95.91053009033203,82800,0.0,0.0,0.0
2026-07-28 00:00:00-04:00,95.69388526135353,97.05167080578931,95.08487817376242,97.02172088623047,91800,0.153,0.0,0.0
2026-07-29 00:00:00-04:00,96.39275365681523,96.39275365681523,93.90680359446243,94.09649658203125,131700,0.0,0.0,0.0
2026-07-30 00:00:00-04:00,94.8153208948968,95.53414942925721,94.78537097545984,95.31450653076172,56800,0.0,0.0,0.0
2026-07-31 00:00:00-04:00,95.43431005900028,96.14316039346058,95.3843960635809,95.57408905029297,59700,0.0,0.0,0.0
2026-08-04 00:00:00-04:00,96.4426684654609,96.79209690579489,96.12318994616001,96.25298309326172,71600,0.0,0.0,0.0
2026-08-05 00:00:00-04:00,96.1331705633546,97.08162022366928,95.92351351055771,96.57245635986328,66300,0.0,0.0,0.0
2026-08-06 00:00:00-04:00,96.92188710499268,97.21141569445439,96.12318702254873,96.3727798461914,58100,0.0,0.0,0.0
2026-08-07 00:00:00-04:00,96.43268289162823,96.52254027194985,95.38439756766762,96.03334045410156,84900,0.0,0.0,0.0
2026-08-10 00:00:00-04:00,96.02334842881032,96.54249813436807,95.95346274504354,95.97342681884766,127800,0.0,0.0,0.0
2026-08-11 00:00:00-04:00,96.31288391737263,96.8420195062692,95.74381256103516,95.74381256103516,122000,0.0,0.0,0.0
2026-08-12 00:00:00-04:00,96.04331947810599,96.95184105002704,95.96345556012088,96.78211975097656,173300,0.0,0.0,0.0
2026-08-13 00:00:00-04:00,97.09160835894086,97.59079400603054,96.79209392389966,97.2613296508789,76900,0.0,0.0,0.0
2026-08-14 00:00:00-04:00,97.13154720250206,97.2912826538086,96.73219714878263,97.2912826538086,75800,0.0,0.0,0.0
2026-08-17 00:00:00-04:00,96.95183546223551,97.60077831663907,96.80207824707031,96.80207824707031,95400,0.0,0.0,0.0
2026-08-18 00:00:00-04:00,96.70224752577072,96.72221160088229,95.21467637847391,95.6639404296875,79200,0.0,0.0,0.0
2026-08-19 00:00:00-04:00,95.9135304544121,95.9334945289393,93.11808776855469,93.11808776855469,130800,0.0,0.0,0.0
2026-08-20 00:00:00-04:00,92.78863145295047,92.95835274659781,91.30105272542424,91.6405029296875,198000,0.0,0.0,0.0
2026-08-21 00:00:00-04:00,91.9799468690945,92.75868289609821,91.82021141889258,91.94999694824219,155700,0.0,0.0,0.0
2026-08-24 00:00:00-04:00,91.63051655352177,92.4591665593122,91.32102388843052,92.07978820800781,147100,0.0,0.0,0.0
2026-08-25 00:00:00-04:00,92.45916690351523,93.78700256347656,92.36930952549609,93.78700256347656,110000,0.0,0.0,0.0
2026-08-26 00:00:00-04:00,93.66999816894531,94.30999755859375,93.66999816894531,93.75,55600,0.153,0.0,0.0
2026-08-27 00:00:00-04:00,93.54000091552734,93.5999984741211,92.29000091552734,93.19999694824219,141500,0.0,0.0,0.0
2026-08-28 00:00:00-04:00,93.4000015258789,93.68000030517578,92.7699966430664,93.31999969482422,55100,0.0,0.0,0.0
2026-08-31 00:00:00-04:00,93.12999725341797,93.5,92.56999969482422,92.68000030517578,56400,0.0,0.0,0.0
2026-09-01 00:00:00-04:00,92.38999938964844,92.80000305175781,91.38999938964844,91.94000244140625,62500,0.0,0.0,0.0
2026-09-02 00:00:00-04:00,92.0999984741211,93.43000030517578,92.0999984741211,93.41000366210938,61000,0.0,0.0,0.0
2026-09-03 00:00:00-04:00,93.58999633789062,94.94999694824219,93.58999633789062,94.77999877929688,137200,0.0,0.0,0.0
2026-09-04 00:00:00-04:00,94.69000244140625,95.05000305175781,94.30999755859375,94.45999908447266,94300,0.0,0.0,0.0
2026-09-08 00:00:00-04:00,93.8499984741211,94.08000183105469,93.0,93.02999877929688,91600,0.0,0.0,0.0
2026-09-09 00:00:00-04:00,92.56999969482422,92.56999969482422,91.69000244140625,92.05999755859375,66100,0.0,0.0,0.0
2026-09-10 00:00:00-04:00,91.81999969482422,92.33000183105469,91.81999969482422,92.33000183105469,94100,0.0,0.0,0.0
2026-09-11 00:00:00-04:00,93.12000274658203,93.12999725341797,92.1500015258789,92.94000244140625,141000,0.0,0.0,0.0
