Date,Open,High,Low,Close,Volume,Dividends,Stock Splits,Capital Gains
2019-01-02 00:00:00-05:00,18.433875126487447,18.687065267104124,18.335864849427452,18.62172508239746,262838,0.0,0.0,0.0
2019-01-03 00:00:00-05:00,18.58088454021229,18.58088454021229,18.376699570287535,18.43387222290039,164632,0.0,0.0,0.0
2019-01-04 00:00:00-05:00,18.58906052582227,18.74424197315244,18.580893000301668,18.736074447631836,658625,0.0,0.0,0.0
2019-01-07 00:00:00-05:00,18.834082277835623,18.842249802949247,18.67073485068556,18.825916290283203,469121,0.0,0.0,0.0
2019-01-08 00:00:00-05:00,18.956590765214255,19.013763432408762,18.874917063925935,18.964759826660156,133837,0.0,0.0,0.0
2019-01-09 00:00:00-05:00,19.046430315470325,19.234280258017925,19.013760225440926,19.22611427307129,283861,0.0,0.0,0.0
2019-01-10 00:00:00-05:00,19.193441537281092,19.38129145393412,19.095431280703334,19.348621368408203,309128,0.0,0.0,0.0
2019-01-11 00:00:00-05:00,19.340465272236102,19.422138990245394,19.299627644450812,19.39763641357422,243986,0.0,0.0,0.0
2019-01-14 00:00:00-05:00,19.364962866259503,19.487474190258943,19.356795342155472,19.446638107299805,349497,0.0,0.0,0.0
2019-01-15 00:00:00-05:00,19.47930702276843,19.58548483806465,19.454805987568804,19.544647216796875,409506,0.0,0.0,0.0
2019-01-16 00:00:00-05:00,19.585484060252412,19.626320142337395,19.560981488464833,19.618152618408203,267378,0.0,0.0,0.0
2019-01-17 00:00:00-05:00,19.585487180499882,19.78967223613733,19.56915213003909,19.74883460998535,140253,0.0,0.0,0.0
2019-01-18 00:00:00-05:00,19.871337380900485,19.904007467732328,19.82233378821328,19.887672424316406,208060,0.0,0.0,0.0
2019-01-21 00:00:00-05:00,19.91217498944029,19.91217498944029,19.830499772360678,19.887672424316406,86461,0.0,0.0,0.0
2019-01-22 00:00:00-05:00,19.84684196214867,19.863175472619954,19.69982806741911,19.78150177001953,605426,0.0,0.0,0.0
2019-01-23 00:00:00-05:00,19.855011918862132,19.879512956351505,19.683495431069417,19.765169143676758,164632,0.0,0.0,0.0
2019-01-24 00:00:00-05:00,19.773337013980804,19.863178253173828,19.757001963661853,19.863178253173828,317617,0.0,0.0,0.0
2019-01-25 00:00:00-05:00,19.944851033486945,19.993856182149617,19.887679897608297,19.953020095825195,241618,0.0,0.0,0.0
2019-01-28 00:00:00-05:00,19.84683673721373,19.993849055679412,19.838667677787203,19.985681533813477,295113,0.0,0.0,0.0
2019-01-29 00:00:00-05:00,20.051024367154756,20.140865582030838,20.026521798308334,20.13269805908203,189899,0.0,0.0,0.0
2019-01-30 00:00:00-05:00,20.157204705337346,20.17353975453922,20.042860898485323,20.124534606933594,208553,0.0,0.0,0.0
2019-01-31 00:00:00-05:00,20.157205424640154,20.247046660895315,20.157205424640154,20.222545623779297,213587,0.0,0.0,0.0
2019-02-01 00:00:00-05:00,20.230710992496917,20.255213566424857,20.140869758988913,20.18170738220215,117058,0.0,0.0,0.0
2019-02-04 00:00:00-05:00,20.189873101807926,20.30421689902118,20.173538053983034,20.28788185119629,135614,0.0,0.0,0.0
2019-02-05 00:00:00-05:00,20.336884429466025,20.41855812072754,20.328716906583793,20.41855812072754,218028,0.0,0.0,0.0
2019-02-06 00:00:00-05:00,20.394060751641952,20.483901988691137,20.377725701712794,20.434898376464844,307352,0.0,0.0,0.0
2019-02-07 00:00:00-05:00,20.402230439476483,20.451234056897725,20.271551563750947,20.426733016967773,175883,0.0,0.0,0.0
2019-02-08 00:00:00-05:00,20.361386112502835,20.361386112502835,20.24704079712502,20.336883544921875,171738,0.0,0.0,0.0
2019-02-11 00:00:00-05:00,20.361394695241735,20.361394695241735,20.23071427972551,20.24704933166504,376837,0.0,0.0,0.0
2019-02-12 00:00:00-05:00,20.320553590306922,20.361391213171963,20.271548442868873,20.345054626464844,78170,0.0,0.0,0.0
2019-02-13 00:00:00-05:00,20.394060661990295,20.41856323677632,20.32872200012207,20.32872200012207,132554,0.0,0.0,0.0
2019-02-14 00:00:00-05:00,20.336889614451078,20.483901988691137,20.336889614451078,20.434898376464844,408026,0.0,0.0,0.0
2019-02-15 00:00:00-05:00,20.516574934256614,20.655421340351666,20.516574934256614,20.622751235961914,119230,0.0,0.0,0.0
2019-02-19 00:00:00-05:00,20.63090909047639,20.769755431481535,20.60640652367066,20.737085342407227,299061,0.0,0.0,0.0
2019-02-20 00:00:00-05:00,20.753427336194395,20.87594021124628,20.745259811190937,20.86777114868164,226813,0.0,0.0,0.0
2019-02-21 00:00:00-05:00,20.82693620458948,20.867772294287427,20.802433628233953,20.843271255493164,286526,0.0,0.0,0.0
2019-02-22 00:00:00-05:00,20.88410098480182,20.92493859962367,20.826929861612026,20.851430892944336,250698,0.0,0.0,0.0
2019-02-25 00:00:00-05:00,20.892270271445664,20.9576104606765,20.892270271445664,20.916772842407227,241322,0.0,0.0,0.0
2019-02-26 00:00:00-05:00,20.892271919409158,20.982114686688274,20.892271919409158,20.924942016601562,196018,0.0,0.0,0.0
2019-02-27 00:00:00-05:00,20.90043702617747,20.94944216629771,20.835098376911358,20.941274642944336,227405,0.0,0.0,0.0
2019-02-28 00:00:00-05:00,20.88410836673864,20.93311352184679,20.818769697489124,20.85960578918457,261358,0.0,0.0,0.0
2019-03-01 00:00:00-05:00,20.957609689651083,21.014780815563824,20.933107119590964,20.941274642944336,310214,0.0,0.0,0.0
2019-03-04 00:00:00-05:00,20.990280555291918,20.990280555291918,20.80242904881419,20.916772842407227,337949,0.0,0.0,0.0
2019-03-05 00:00:00-05:00,20.94944469451394,20.99028231620916,20.94944469451394,20.982114791870117,221976,0.0,0.0,0.0
2019-03-06 00:00:00-05:00,20.99028231620916,21.04745344902142,20.96577820563097,20.982114791870117,264319,0.0,0.0,0.0
2019-03-07 00:00:00-05:00,20.949438605331498,20.97393963366608,20.84326235734626,20.933103561401367,250599,0.0,0.0,0.0
2019-03-08 00:00:00-05:00,20.810600011218607,20.86777114868164,20.7289262987452,20.86777114868164,365387,0.0,0.0,0.0
2019-03-11 00:00:00-04:00,20.851431121042154,21.04745013677053,20.851431121042154,21.014780044555664,241124,0.0,0.0,0.0
2019-03-12 00:00:00-04:00,21.055616634594504,21.06378415725053,21.00661149865834,21.047449111938477,199966,0.0,0.0,0.0
2019-03-13 00:00:00-04:00,21.120961526728767,21.16179915209035,21.06379038878375,21.080123901367188,202434,0.0,0.0,0.0
2019-03-14 00:00:00-04:00,21.088293753536906,21.088293753536906,20.998450974377754,21.00661849975586,416514,0.0,0.0,0.0
2019-03-15 00:00:00-04:00,21.11279080879765,21.120958332634803,21.055619679498548,21.07195472717285,154169,0.0,0.0,0.0
2019-03-18 00:00:00-04:00,21.096457397703972,21.227134704589844,21.088289873828483,21.227134704589844,323440,0.0,0.0,0.0
2019-03-19 00:00:00-04:00,21.243475899802316,21.259809413536747,21.137298066380048,21.15363311767578,367460,0.0,0.0,0.0
2019-03-20 00:00:00-04:00,21.129133224487305,21.169970857913704,21.039291968510724,21.129133224487305,228787,0.0,0.0,0.0
2019-03-21 00:00:00-04:00,21.088289873828483,21.24347128990179,21.080120812392025,21.227134704589844,187629,0.0,0.0,0.0
2019-03-22 00:00:00-04:00,21.129127406208255,21.145462455080672,20.96577845504518,21.022951126098633,348905,0.0,0.0,0.0
2019-03-25 00:00:00-04:00,20.99056625366211,21.039916167016017,20.924764304621046,20.99056625366211,383252,0.183,0.0,0.0
2019-03-26 00:00:00-04:00,21.08925859571364,21.14683372803674,21.056357635285455,21.105709075927734,301923,0.0,0.0,0.0
2019-03-27 00:00:00-04:00,21.097488760138262,21.146838663872966,21.015236339869443,21.072813034057617,749725,0.0,0.0,0.0
2019-03-28 00:00:00-04:00,21.048133195227145,21.146834531837158,21.048133195227145,21.13861083984375,468529,0.0,0.0,0.0
2019-03-29 00:00:00-04:00,21.179734637502378,21.179734637502378,21.03168186435801,21.06458282470703,133936,0.0,0.0,0.0
2019-04-01 00:00:00-04:00,21.17151268845542,21.229087829589844,21.138613271418517,21.229087829589844,1226545,0.0,0.0,0.0
2019-04-02 00:00:00-04:00,21.253770465387724,21.278446197509766,21.204420549570607,21.278446197509766,84981,0.0,0.0,0.0
2019-04-03 00:00:00-04:00,21.311339932565105,21.37714031410611,21.25376324384359,21.294889450073242,165816,0.0,0.0,0.0
2019-04-04 00:00:00-04:00,21.28666730619654,21.3442440032959,21.27021682131101,21.3442440032959,60108,0.0,0.0,0.0
2019-04-05 00:00:00-04:00,21.38536878293541,21.44294548034668,21.36891829796076,21.44294548034668,117453,0.0,0.0,0.0
2019-04-08 00:00:00-04:00,21.43471797578359,21.467618942260742,21.360692349636512,21.467618942260742,184964,0.0,0.0,0.0
2019-04-09 00:00:00-04:00,21.401818435562106,21.401818435562106,21.336018046649258,21.39359474182129,161868,0.0,0.0,0.0
2019-04-10 00:00:00-04:00,21.43471797578359,21.484067877072807,21.43471797578359,21.467618942260742,128804,0.0,0.0,0.0
2019-04-11 00:00:00-04:00,21.492291250425776,21.566318418564386,21.47584231704357,21.484066009521484,219311,0.0,0.0,0.0
2019-04-12 00:00:00-04:00,21.566321571857912,21.590997298178713,21.52519536132324,21.574546813964844,142622,0.0,0.0,0.0
2019-04-15 00:00:00-04:00,21.541645134137234,21.640346487734284,21.525194650466634,21.623897552490234,169369,0.0,0.0,0.0
2019-04-16 00:00:00-04:00,21.6567984839127,21.6732489687322,21.60744857788086,21.60744857788086,162065,0.0,0.0,0.0
2019-04-17 00:00:00-04:00,21.648578679060336,21.6732528622956,21.59922721573593,21.665027618408203,104030,0.0,0.0,0.0
2019-04-18 00:00:00-04:00,21.681473217270074,21.747273605105143,21.673247975237366,21.739049911499023,167987,0.0,0.0,0.0
2019-04-22 00:00:00-04:00,21.747272807812255,21.75549959796994,21.68147242238954,21.706148147583008,156538,0.0,0.0,0.0
2019-04-23 00:00:00-04:00,21.730823642594633,21.829524993896484,21.71437315930657,21.829524993896484,240433,0.0,0.0,0.0
2019-04-24 00:00:00-04:00,21.804849142787102,21.837750109172838,21.714373033652834,21.730823516845703,275274,0.0,0.0,0.0
2019-04-25 00:00:00-04:00,21.706143580190023,21.730819300191243,21.65679214018759,21.71436882019043,231945,0.0,0.0,0.0
2019-04-26 00:00:00-04:00,21.689695094229563,21.77194595336914,21.648570438872945,21.77194595336914,314458,0.0,0.0,0.0
2019-04-29 00:00:00-04:00,21.771948974233002,21.81307518372224,21.74727324853946,21.76372528076172,265503,0.0,0.0,0.0
2019-04-30 00:00:00-04:00,21.739048758442138,21.7801734179978,21.697922550459968,21.730823516845703,309326,0.0,0.0,0.0
2019-05-01 00:00:00-04:00,21.739049389757884,21.763725115263785,21.623897552490234,21.623897552490234,280802,0.0,0.0,0.0
2019-05-02 00:00:00-04:00,21.60744654468428,21.623897027955838,21.508745193481445,21.508745193481445,315840,0.0,0.0,0.0
2019-05-03 00:00:00-04:00,21.574550697805602,21.632125854492188,21.54164972345505,21.632125854492188,134133,0.0,0.0,0.0
2019-05-06 00:00:00-04:00,21.418270692604025,21.623900215382385,21.418270692604025,21.61567497253418,192761,0.0,0.0,0.0
2019-05-07 00:00:00-04:00,21.484069388015776,21.5169703568068,21.393594820693686,21.451169967651367,324427,0.0,0.0,0.0
2019-05-08 00:00:00-04:00,21.434718018759433,21.566320336505385,21.434718018759433,21.508745193481445,173317,0.0,0.0,0.0
2019-05-09 00:00:00-04:00,21.43472019901565,21.467621168905325,21.31134311035604,21.401819229125977,294620,0.0,0.0,0.0
2019-05-10 00:00:00-04:00,21.360691864855184,21.434717489322253,21.163287618898885,21.368915557861328,351076,0.0,0.0,0.0
2019-05-13 00:00:00-04:00,21.14683657090233,21.245539465455966,21.13038763690316,21.237314224243164,268958,0.0,0.0,0.0
2019-05-14 00:00:00-04:00,21.311339664452824,21.41004100973582,21.270213458740567,21.377140045166016,200855,0.0,0.0,0.0
2019-05-15 00:00:00-04:00,21.31956799646123,21.442945083058532,21.303117511791374,21.426494598388672,206283,0.0,0.0,0.0
2019-05-16 00:00:00-04:00,21.467620215001308,21.599222540285645,21.467620215001308,21.574546813964844,153479,0.0,0.0,0.0
2019-05-17 00:00:00-04:00,21.508744479733473,21.590995344935333,21.500519238370643,21.533418655395508,131271,0.0,0.0,0.0
2019-05-21 00:00:00-04:00,21.50874682176491,21.59099769592285,21.467620610472625,21.59099769592285,227207,0.0,0.0,0.0
2019-05-22 00:00:00-04:00,21.48407014435663,21.48407014435663,21.41004451039738,21.44294548034668,330152,0.0,0.0,0.0
2019-05-23 00:00:00-04:00,21.3031130459225,21.327788767754402,21.146835022746757,21.212636947631836,323637,0.0,0.0,0.0
2019-05-24 00:00:00-04:00,21.30311433711759,21.33601530155428,21.245539197779802,21.319564819335938,173416,0.0,0.0,0.0
2019-05-27 00:00:00-04:00,21.336018125309387,21.451169967651367,21.336018125309387,21.451169967651367,18358,0.0,0.0,0.0
2019-05-28 00:00:00-04:00,21.45116793183118,21.467618414665463,21.352466583251953,21.352466583251953,111926,0.0,0.0,0.0
2019-05-29 00:00:00-04:00,21.2702170250722,21.303117995158438,21.155065178197038,21.17974090576172,183483,0.0,0.0,0.0
2019-05-30 00:00:00-04:00,21.187960733935615,21.22086169561438,21.105709878164983,21.13861083984375,304490,0.0,0.0,0.0
2019-05-31 00:00:00-04:00,21.02345972419059,21.08926010131836,20.974108280025014,21.08926010131836,103142,0.0,0.0,0.0
2019-06-03 00:00:00-04:00,21.08926538948283,21.17151626862365,20.982338782071743,21.031688690185547,177759,0.0,0.0,0.0
2019-06-04 00:00:00-04:00,21.13861287811596,21.245539465455966,21.06458570720073,21.237314224243164,201940,0.0,0.0,0.0
2019-06-05 00:00:00-04:00,21.319568236930603,21.32779347935831,21.204416391369406,21.303117752075195,165619,0.0,0.0,0.0
2019-06-06 00:00:00-04:00,21.32778855341734,21.35246427500126,21.261986629193547,21.336013793945312,129593,0.0,0.0,0.0
2019-06-07 00:00:00-04:00,21.352468926315733,21.401818831807407,21.327793199356577,21.38536834716797,130876,0.0,0.0,0.0
2019-06-10 00:00:00-04:00,21.37714302664904,21.37714302664904,21.31134263675863,21.32779312133789,334494,0.0,0.0,0.0
2019-06-11 00:00:00-04:00,21.418266250878272,21.434716733163174,21.34424062902263,21.377140045166016,304687,0.0,0.0,0.0
2019-06-12 00:00:00-04:00,21.3195682759676,21.36891818219753,21.31134303352484,21.3442440032959,373678,0.0,0.0,0.0
2019-06-13 00:00:00-04:00,21.40181652359179,21.410041765024406,21.336016140557337,21.368915557861328,267674,0.0,0.0,0.0
2019-06-14 00:00:00-04:00,21.368916042829287,21.484067877072807,21.319566141540072,21.467618942260742,782395,0.0,0.0,0.0
2019-06-17 00:00:00-04:00,21.459391881791486,21.53341750166432,21.451166640869353,21.525192260742188,406052,0.0,0.0,0.0
2019-06-18 00:00:00-04:00,21.656796342477797,21.747272451612066,21.64857264930787,21.730823516845703,659513,0.0,0.0,0.0
2019-06-19 00:00:00-04:00,21.733470916748047,21.750055225249124,21.708594453996433,21.733470916748047,477215,0.216,0.0,0.0
2019-06-20 00:00:00-04:00,21.857851762640333,21.857851762640333,21.783223935090444,21.816390991210938,147853,0.0,0.0,0.0
2019-06-21 00:00:00-04:00,21.79151599650181,21.79151599650181,21.733470916748047,21.733470916748047,172330,0.0,0.0,0.0
2019-06-24 00:00:00-04:00,21.758344650268555,21.774928956689397,21.73346819063729,21.758344650268555,170850,0.0,0.0,0.0
2019-06-25 00:00:00-04:00,21.73347072935709,21.73347072935709,21.551044898441184,21.567630767822266,130087,0.0,0.0,0.0
2019-06-26 00:00:00-04:00,21.559334697096816,21.567628411392707,21.45983041884293,21.48470687866211,137292,0.0,0.0,0.0
2019-06-27 00:00:00-04:00,21.484710780163944,21.50129508972168,21.443250006269604,21.50129508972168,107879,0.0,0.0,0.0
2019-06-28 00:00:00-04:00,21.52616883252171,21.592504501342773,21.501292371330216,21.592504501342773,125744,0.0,0.0,0.0
2019-07-02 00:00:00-04:00,21.708595275878906,21.72517958500786,21.609090982128254,21.708595275878906,258199,0.0,0.0,0.0
2019-07-03 00:00:00-04:00,21.741760536143907,21.86614127437751,21.741760536143907,21.85784912109375,65833,0.0,0.0,0.0
2019-07-04 00:00:00-04:00,21.85784730491789,21.882723762702184,21.8329708471336,21.874431610107422,20628,0.0,0.0,0.0
2019-07-05 00:00:00-04:00,21.799808243662202,21.816390991210938,21.71688670080341,21.816390991210938,154663,0.0,0.0,0.0
2019-07-08 00:00:00-04:00,21.75005231696924,21.75005231696924,21.70859155126042,21.725175857543945,126928,0.0,0.0,0.0
2019-07-09 00:00:00-04:00,21.68371339978146,21.832969011895678,21.667127534963406,21.824678421020508,110643,0.0,0.0,0.0
2019-07-10 00:00:00-04:00,21.874433427661277,21.95735339947607,21.808096201391177,21.85784912109375,98305,0.0,0.0,0.0
2019-07-11 00:00:00-04:00,21.866137619486647,21.866137619486647,21.79980196532728,21.824678421020508,105806,0.0,0.0,0.0
2019-07-12 00:00:00-04:00,21.81638725093811,21.81638725093811,21.741759436182658,21.76663589477539,173909,0.0,0.0,0.0
2019-07-15 00:00:00-04:00,21.766642698670353,21.799811320495298,21.741766232301643,21.791519165039062,427470,0.0,0.0,0.0
2019-07-16 00:00:00-04:00,21.774930953979492,21.799807415892534,21.741762338095437,21.774930953979492,528933,0.0,0.0,0.0
2019-07-17 00:00:00-04:00,21.783225840503814,21.816392899525482,21.73347291043657,21.750057220458984,95344,0.0,0.0,0.0
2019-07-18 00:00:00-04:00,21.733470184124425,21.79151526192152,21.700301568240366,21.774930953979492,67017,0.0,0.0,0.0
2019-07-19 00:00:00-04:00,21.82468187595193,21.866141080981222,21.758344650268555,21.758344650268555,61293,0.0,0.0,0.0
2019-07-22 00:00:00-04:00,21.783224193428826,21.816391249942665,21.774932039044604,21.799808502197266,124362,0.0,0.0,0.0
2019-07-23 00:00:00-04:00,21.874431610107422,21.899308067891717,21.816386541944066,21.874431610107422,129593,0.0,0.0,0.0
2019-07-24 00:00:00-04:00,21.866145523546216,21.94906551147455,21.83297690396563,21.94077491760254,106399,0.0,0.0,0.0
2019-07-25 00:00:00-04:00,21.940769543901787,21.949060135743277,21.73346728331841,21.76663589477539,73532,0.0,0.0,0.0
2019-07-26 00:00:00-04:00,21.824684794277047,21.866144004850128,21.824684794277047,21.832975387573242,75999,0.0,0.0,0.0
2019-07-29 00:00:00-04:00,21.857853847852887,21.866146002929828,21.758349547952772,21.783226013183594,206875,0.0,0.0,0.0
2019-07-30 00:00:00-04:00,21.70859173100602,21.758344650268555,21.692007424585178,21.758344650268555,127718,0.0,0.0,0.0
2019-07-31 00:00:00-04:00,21.733466174522736,21.766634784287525,21.51787333309696,21.67542266845703,187826,0.0,0.0,0.0
2019-08-01 00:00:00-04:00,21.65055274963379,21.80810057155087,21.625676284797468,21.65055274963379,184668,0.0,0.0,0.0
2019-08-02 00:00:00-04:00,21.633968005160455,21.658842908473947,21.418375102956116,21.50129508972168,144398,0.0,0.0,0.0
2019-08-06 00:00:00-04:00,21.18619581210057,21.401788709032974,21.136444445667056,21.335453033447266,370717,0.0,0.0,0.0
2019-08-07 00:00:00-04:00,21.252528810463392,21.5178745819363,21.227652351696037,21.492998123168945,195229,0.0,0.0,0.0
2019-08-08 00:00:00-04:00,21.5427506841818,21.700300037494525,21.53446009181857,21.667131423950195,150814,0.0,0.0,0.0
2019-08-09 00:00:00-04:00,21.63396426956955,21.708592088670077,21.55104273609914,21.584211349487305,824244,0.0,0.0,0.0
2019-08-12 00:00:00-04:00,21.517874400411824,21.59250221506156,21.418370127204593,21.459829330444336,139068,0.0,0.0,0.0
2019-08-13 00:00:00-04:00,21.459830699387588,21.642256512756926,21.459830699387588,21.60079574584961,352556,0.0,0.0,0.0
2019-08-14 00:00:00-04:00,21.434953207053066,21.492998277928177,21.1944854536388,21.2193603515625,284256,0.0,0.0,0.0
2019-08-15 00:00:00-04:00,21.202778683721377,21.25253160780476,21.11156655059148,21.177902221679688,312879,0.0,0.0,0.0
2019-08-16 00:00:00-04:00,21.327158152902886,21.37691107400022,21.227653871731096,21.360326766967773,501100,0.0,0.0,0.0
2019-08-19 00:00:00-04:00,21.45983276349473,21.59250566933639,21.443248455136647,21.567630767822266,160486,0.0,0.0,0.0
2019-08-20 00:00:00-04:00,21.551048111946113,21.551048111946113,21.426667341736913,21.4515438079834,84981,0.0,0.0,0.0
2019-08-21 00:00:00-04:00,21.493002849262385,21.575922835697394,21.493002849262385,21.55104637145996,139167,0.0,0.0,0.0
2019-08-22 00:00:00-04:00,21.57592292170838,21.600799386044983,21.484710780163944,21.50129508972168,100575,0.0,0.0,0.0
2019-08-23 00:00:00-04:00,21.42666591276855,21.434958067631033,21.169612234077857,21.227657318115234,208356,0.0,0.0,0.0
2019-08-26 00:00:00-04:00,21.35203825373025,21.39349902837995,21.269118265453994,21.32716178894043,226220,0.0,0.0,0.0
2019-08-27 00:00:00-04:00,21.36032422550557,21.426659884719818,21.343739920446332,21.41836929321289,101464,0.0,0.0,0.0
2019-08-28 00:00:00-04:00,21.401783718122587,21.559333057304766,21.401783718122587,21.53445816040039,101266,0.0,0.0,0.0
2019-08-29 00:00:00-04:00,21.658837545697608,21.725174767503308,21.64225480126891,21.700298309326172,133048,0.0,0.0,0.0
2019-08-30 00:00:00-04:00,21.741762338095437,21.78322310795051,21.692009414269354,21.774930953979492,283664,0.0,0.0,0.0
2019-09-03 00:00:00-04:00,21.70030312131443,21.774932512394724,21.633967445821686,21.708595275878906,389865,0.0,0.0,0.0
2019-09-04 00:00:00-04:00,21.824687786864008,21.915899935859372,21.774934854126588,21.791519165039062,281196,0.0,0.0,0.0
2019-09-05 00:00:00-04:00,21.86614146602097,21.990522205344696,21.849557159308095,21.957353591918945,756338,0.0,0.0,0.0
2019-09-06 00:00:00-04:00,21.93247877033784,21.965645822857894,21.89101800340921,21.907602310180664,267674,0.0,0.0,0.0
2019-09-09 00:00:00-04:00,21.949059422437603,21.973935880221894,21.816386541944066,21.874431610107422,204506,0.0,0.0,0.0
2019-09-10 00:00:00-04:00,21.832972674042306,21.924184799194336,21.81638836746506,21.924184799194336,377133,0.0,0.0,0.0
2019-09-11 00:00:00-04:00,21.9490646037921,22.031984588291355,21.94077401026294,22.01540184020996,138772,0.0,0.0,0.0
2019-09-12 00:00:00-04:00,22.03198549932812,22.139783512964662,21.99881844077078,22.07344627380371,228589,0.0,0.0,0.0
2019-09-13 00:00:00-04:00,22.123198639708,22.222702934891966,22.123198639708,22.148075103759766,119230,0.0,0.0,0.0
2019-09-16 00:00:00-04:00,22.18952950953221,22.239282426858427,22.164654611891862,22.206113815307617,189307,0.0,0.0,0.0
2019-09-17 00:00:00-04:00,22.22270030642898,22.36366535835945,22.19782540634247,22.32220458984375,189208,0.0,0.0,0.0
2019-09-18 00:00:00-04:00,22.322205410999146,22.347081873023686,22.206116815907606,22.29732894897461,235992,0.0,0.0,0.0
2019-09-19 00:00:00-04:00,22.330500817548078,22.43000668013972,22.330500817548078,22.37196159362793,102747,0.0,0.0,0.0
2019-09-20 00:00:00-04:00,22.430001123792167,22.479752481740412,22.37195605165927,22.40512466430664,256620,0.0,0.0,0.0
2019-09-23 00:00:00-04:00,22.38854499301331,22.40512930277039,22.3470842186206,22.380252838134766,480472,0.0,0.0,0.0
2019-09-24 00:00:00-04:00,22.385394395027557,22.443908090860727,22.251650378177388,22.2767276763916,641846,0.219,0.0,0.0
2019-09-25 00:00:00-04:00,22.268368576986862,22.28508677579634,22.19313825596986,22.2767276763916,201842,0.0,0.0,0.0
2019-09-26 00:00:00-04:00,22.28508677579634,22.29344587520108,22.226574653588813,22.2767276763916,297482,0.0,0.0,0.0
2019-09-27 00:00:00-04:00,22.27672893485781,22.27672893485781,22.12626671069819,22.168062210083008,620330,0.0,0.0,0.0
2019-09-30 00:00:00-04:00,22.168059779791818,22.22657347251569,22.142982482910156,22.142982482910156,341206,0.0,0.0,0.0
2019-10-01 00:00:00-04:00,22.18478007665494,22.201498276157782,21.84206013409801,21.858779907226562,873791,0.0,0.0,0.0
2019-10-02 00:00:00-04:00,21.80026642565794,21.808625525492452,21.557855677708563,21.69995880126953,516398,0.0,0.0,0.0
2019-10-03 00:00:00-04:00,21.64980461803111,21.766830444335938,21.53277879172628,21.766830444335938,690900,0.0,0.0,0.0
2019-10-04 00:00:00-04:00,21.77518748396736,21.867136001586914,21.750110186355045,21.867136001586914,178351,0.0,0.0,0.0
2019-10-07 00:00:00-04:00,21.82534327629834,21.892214499973424,21.783547777985355,21.816984176635742,177167,0.0,0.0,0.0
2019-10-08 00:00:00-04:00,21.758466861630676,21.77518505817645,21.63308196116278,21.658159255981445,259976,0.0,0.0,0.0
2019-10-09 00:00:00-04:00,21.741750621929604,21.816980934086175,21.69159603140825,21.783544540405273,723668,0.0,0.0,0.0
2019-10-10 00:00:00-04:00,21.775182400847953,21.875489994256174,21.75010510908959,21.850414276123047,724162,0.0,0.0,0.0
2019-10-11 00:00:00-04:00,21.92565089862381,21.97580549659939,21.816984176635742,21.816984176635742,454810,0.0,0.0,0.0
2019-10-15 00:00:00-04:00,21.867132757211987,21.950723736850843,21.833696365356445,21.833696365356445,292744,0.0,0.0,0.0
2019-10-16 00:00:00-04:00,21.86713356923695,21.87549266751125,21.825339651490896,21.842056274414062,125645,0.0,0.0,0.0
2019-10-17 00:00:00-04:00,21.875489994256174,21.90056728601454,21.816977887111893,21.850414276123047,117157,0.0,0.0,0.0
2019-10-18 00:00:00-04:00,21.883852147822523,21.89221124624275,21.775185441985048,21.783544540405273,98700,0.0,0.0,0.0
2019-10-21 00:00:00-04:00,21.82533884101793,21.867132757211987,21.82533884101793,21.833696365356445,105510,0.0,0.0,0.0
2019-10-22 00:00:00-04:00,21.892214499973424,21.92565089862381,21.808625076973147,21.816984176635742,208060,0.0,0.0,0.0
2019-10-23 00:00:00-04:00,21.775185537364983,21.808621931192345,21.708314323335728,21.741750717163086,60898,0.0,0.0,0.0
2019-10-24 00:00:00-04:00,21.808626464549047,21.842061291701036,21.741755236619273,21.791908264160156,249711,0.0,0.0,0.0
2019-10-25 00:00:00-04:00,21.775185061845118,21.858776044588083,21.775185061845118,21.842056274414062,78072,0.0,0.0,0.0
2019-10-28 00:00:00-04:00,21.87549166237721,21.892209858157635,21.80862045288086,21.80862045288086,77183,0.0,0.0,0.0
2019-10-29 00:00:00-04:00,21.73339341095522,21.90057383235797,21.73339341095522,21.858779907226562,128902,0.0,0.0,0.0
2019-10-30 00:00:00-04:00,21.85878183159218,21.98416519165039,21.808627228668215,21.98416519165039,219311,0.0,0.0,0.0
2019-10-31 00:00:00-04:00,21.950727462768555,21.950727462768555,21.858778943183836,21.950727462768555,167099,0.0,0.0,0.0
2019-11-01 00:00:00-04:00,22.017591636826722,22.11790079731294,22.017591636826722,22.101181030273438,82020,0.0,0.0,0.0
2019-11-04 00:00:00-05:00,22.184776306152344,22.21821269947522,22.168058109490907,22.184776306152344,145188,0.0,0.0,0.0
2019-11-05 00:00:00-05:00,22.193133689535053,22.23492917795895,22.193133689535053,22.209850311279297,231057,0.0,0.0,0.0
2019-11-06 00:00:00-05:00,22.234933465706685,22.335241083641876,22.201497068519746,22.293445587158203,133245,0.0,0.0,0.0
2019-11-07 00:00:00-05:00,22.393753673657468,22.418830972072385,22.36867637524255,22.377037048339844,582824,0.0,0.0,0.0
2019-11-08 00:00:00-05:00,22.36031441729373,22.485700893339274,22.351956892516146,22.468982696533203,222766,0.0,0.0,0.0
2019-11-11 00:00:00-05:00,22.418830484188355,22.502419903459998,22.4021122856089,22.47734260559082,103931,0.0,0.0,0.0
2019-11-12 00:00:00-05:00,22.502420946208012,22.544216444593424,22.494063420156625,22.527498245239258,138377,0.0,0.0,0.0
2019-11-13 00:00:00-05:00,22.48570127350578,22.62780280150901,22.48570127350578,22.59436798095703,185260,0.0,0.0,0.0
2019-11-14 00:00:00-05:00,22.6110909901666,22.6278076171875,22.577654588873163,22.6278076171875,100773,0.0,0.0,0.0
2019-11-15 00:00:00-05:00,22.62780265762695,22.703034544047853,22.62780265762695,22.69467544555664,92778,0.0,0.0,0.0
2019-11-18 00:00:00-05:00,22.65287914372884,22.69467463469157,22.65287914372884,22.686315536499023,80835,0.0,0.0,0.0
2019-11-19 00:00:00-05:00,22.703036740037952,22.703036740037952,22.619445747040356,22.677959442138672,249415,0.0,0.0,0.0
2019-11-20 00:00:00-05:00,22.602729122066457,22.71975493863747,22.602729122066457,22.677959442138672,668594,0.0,0.0,0.0
2019-11-21 00:00:00-05:00,22.6863215485939,22.711398849817265,22.602732118141837,22.66960334777832,85573,0.0,0.0,0.0
2019-11-22 00:00:00-05:00,22.677960119683135,22.677960119683135,22.577652498714773,22.60272979736328,48264,0.0,0.0,0.0
2019-11-25 00:00:00-05:00,22.636167652827464,22.736473706627642,22.636167652827464,22.719757080078125,114295,0.0,0.0,0.0
2019-11-26 00:00:00-05:00,22.694672969424484,22.736466883695094,22.644519957574694,22.72810935974121,161473,0.0,0.0,0.0
2019-11-27 00:00:00-05:00,22.76991104081642,22.820065643399214,22.719758011859458,22.81170654296875,81428,0.0,0.0,0.0
2019-11-28 00:00:00-05:00,22.78662076996986,22.861852645874023,22.78662076996986,22.861852645874023,95443,0.0,0.0,0.0
2019-11-29 00:00:00-05:00,22.811701680515085,22.836778976461105,22.75318956359987,22.761547088623047,79947,0.0,0.0,0.0
2019-12-02 00:00:00-05:00,22.76990633352868,22.778265432231045,22.611086605434753,22.661239624023438,160190,0.0,0.0,0.0
2019-12-03 00:00:00-05:00,22.552570058496613,22.56928825378418,22.502415472633917,22.56928825378418,175489,0.0,0.0,0.0
2019-12-04 00:00:00-05:00,22.5692980823288,22.644529993885058,22.552579879760742,22.552579879760742,177265,0.0,0.0,0.0
2019-12-05 00:00:00-05:00,22.544216733609638,22.544216733609638,22.45226820960865,22.510780334472656,191281,0.0,0.0,0.0
2019-12-06 00:00:00-05:00,22.602726935778783,22.73646936438723,22.602726935778783,22.69467544555664,155847,0.0,0.0,0.0
2019-12-09 00:00:00-05:00,22.677962263035088,22.703039564053714,22.611091033944565,22.644527435302734,161769,0.0,0.0,0.0
2019-12-10 00:00:00-05:00,22.63616833496319,22.669603162695545,22.594372833265478,22.644527435302734,120217,0.0,0.0,0.0
2019-12-11 00:00:00-05:00,22.644527435302734,22.711398664393258,22.60273193360502,22.644527435302734,172133,0.0,0.0,0.0
2019-12-12 00:00:00-05:00,22.644523000244217,22.75318970974946,22.644523000244217,22.661239624023438,236584,0.0,0.0,0.0
2019-12-13 00:00:00-05:00,22.661243379464622,22.769910106978212,22.636167652827464,22.719757080078125,247836,0.0,0.0,0.0
2019-12-16 00:00:00-05:00,22.786626527692775,22.85349932317167,22.786626527692775,22.8033447265625,102648,0.0,0.0,0.0
2019-12-17 00:00:00-05:00,22.811704347135063,22.853499845264196,22.778267948631758,22.82842254638672,168086,0.0,0.0,0.0
2019-12-18 00:00:00-05:00,22.794983196476693,22.811701393563737,22.744830178841035,22.77826499938965,660797,0.0,0.0,0.0
2019-12-19 00:00:00-05:00,22.778270141246885,22.828424743829682,22.753194413581323,22.81170654296875,160091,0.0,0.0,0.0
2019-12-20 00:00:00-05:00,22.82005796921539,22.95380195750009,22.82005796921539,22.87021255493164,477609,0.0,0.0,0.0
2019-12-23 00:00:00-05:00,22.920371488790288,22.937089688348394,22.870218463741672,22.895294189453125,354728,0.0,0.0,0.0
2019-12-24 00:00:00-05:00,22.912009047457985,22.9788818359375,22.861856029723832,22.9788818359375,143115,0.0,0.0,0.0
2019-12-27 00:00:00-05:00,23.02903624140929,23.02903624140929,22.937087725334592,22.953805923461914,594668,0.0,0.0,0.0
2019-12-30 00:00:00-05:00,22.967619890562766,22.976039208901785,22.84975101877854,22.891847610473633,144398,0.199,0.0,0.0
2019-12-31 00:00:00-05:00,22.832915976966284,22.85817393596001,22.79924028327027,22.84133529663086,138674,0.0,0.0,0.0
2020-01-02 00:00:00-05:00,22.94236193554571,22.959200572223747,22.816073745422464,22.891847610473633,362130,0.0,0.0,0.0
2020-01-03 00:00:00-05:00,22.849754616295435,22.9002689493206,22.807659602934844,22.84133529663086,475142,0.0,0.0,0.0
2020-01-06 00:00:00-05:00,22.799241828156454,22.90869140625,22.799241828156454,22.90869140625,358577,0.0,0.0,0.0
2020-01-07 00:00:00-05:00,22.917111382927285,23.00972232320345,22.917111382927285,22.992883682250977,279518,0.0,0.0,0.0
2020-01-08 00:00:00-05:00,23.001303002727216,23.06865756653711,22.98446436177474,22.992883682250977,168284,0.0,0.0,0.0
2020-01-09 00:00:00-05:00,23.060234562948025,23.119169800919423,23.051815243237826,23.102331161499023,465963,0.0,0.0,0.0
2020-01-10 00:00:00-05:00,23.10233059622111,23.119169235229492,23.051814679195957,23.119169235229492,264812,0.0,0.0,0.0
2020-01-13 00:00:00-05:00,23.119170784302085,23.186525344848633,23.034979168581263,23.186525344848633,194044,0.0,0.0,0.0
2020-01-14 00:00:00-05:00,23.161262940937423,23.26229476928711,23.152845206870452,23.26229476928711,665633,0.0,0.0,0.0
2020-01-15 00:00:00-05:00,23.25387830012419,23.34648923583245,23.25387830012419,23.338069915771484,245467,0.0,0.0,0.0
2020-01-16 00:00:00-05:00,23.38858050085183,23.430675506591797,23.380161182711436,23.430675506591797,126731,0.0,0.0,0.0
2020-01-17 00:00:00-05:00,23.48119566039445,23.548550217694036,23.464357021069556,23.53171157836914,332027,0.0,0.0,0.0
2020-01-20 00:00:00-05:00,23.514878533245835,23.60748948660267,23.498039889915017,23.582231521606445,81625,0.0,0.0,0.0
2020-01-21 00:00:00-05:00,23.53170473492834,23.573799736036314,23.50644678328646,23.56538200378418,208257,0.0,0.0,0.0
2020-01-22 00:00:00-05:00,23.556967238675703,23.674836117486088,23.53170928215302,23.59064292907715,195525,0.0,0.0,0.0
2020-01-23 00:00:00-05:00,23.540125892148804,23.624319076538086,23.514869521794076,23.624319076538086,206777,0.0,0.0,0.0
2020-01-24 00:00:00-05:00,23.641162211760342,23.658000851842186,23.4896160359861,23.556970596313477,181312,0.0,0.0,0.0
2020-01-27 00:00:00-05:00,23.304394145765453,23.42226304127867,23.287555505697515,23.397005081176758,215561,0.0,0.0,0.0
2020-01-28 00:00:00-05:00,23.439102340785936,23.498035997719413,23.413844379973415,23.481197357177734,151110,0.0,0.0,0.0
2020-01-29 00:00:00-05:00,23.53171681642299,23.548555459496093,23.46436224413058,23.489620208740234,133837,0.0,0.0,0.0
2020-01-30 00:00:00-05:00,23.397005739431737,23.481197357177734,23.33807049753586,23.481197357177734,247342,0.0,0.0,0.0
2020-01-31 00:00:00-05:00,23.40541997204423,23.413839290484955,23.178101544068777,23.253873825073242,219213,0.0,0.0,0.0
2020-02-03 00:00:00-05:00,23.2791352040736,23.397004094616744,23.2791352040736,23.31281089782715,204803,0.0,0.0,0.0
2020-02-04 00:00:00-05:00,23.498035430908203,23.548551351314714,23.48961611084045,23.498035430908203,279617,0.0,0.0,0.0
2020-02-05 00:00:00-05:00,23.66641690713227,23.71693123544706,23.641158950493804,23.691673278808594,124066,0.0,0.0,0.0
2020-02-06 00:00:00-05:00,23.742192541392534,23.826385742064538,23.716934581190934,23.809545516967773,75506,0.0,0.0,0.0
2020-02-07 00:00:00-05:00,23.76744775527332,23.77586707436767,23.66641751110329,23.683256149291992,104918,0.0,0.0,0.0
2020-02-10 00:00:00-05:00,23.666420245750093,23.809545516967773,23.666420245750093,23.809545516967773,66721,0.0,0.0,0.0
2020-02-11 00:00:00-05:00,23.868480965648455,23.91899688649232,23.85164232536717,23.860061645507812,82020,0.0,0.0,0.0
2020-02-12 00:00:00-05:00,24.003187858999443,24.003187858999443,23.902157604984446,23.935834884643555,125349,0.0,0.0,0.0
2020-02-13 00:00:00-05:00,23.868477083588058,23.935831633758408,23.84321912727418,23.91899299621582,106695,0.0,0.0,0.0
2020-02-14 00:00:00-05:00,23.918994833044813,23.977930068969727,23.910575513626966,23.977930068969727,179733,0.0,0.0,0.0
2020-02-18 00:00:00-05:00,23.935834207116034,24.00318717956543,23.927414887439575,24.00318717956543,145879,0.0,0.0,0.0
2020-02-19 00:00:00-05:00,24.02844450198079,24.08737973815457,23.97793017022265,24.078960418701172,98700,0.0,0.0,0.0
2020-02-20 00:00:00-05:00,24.053703478345348,24.129475771670524,23.98634891986758,24.09579849243164,147655,0.0,0.0,0.0
2020-02-21 00:00:00-05:00,24.08737963643947,24.08737963643947,23.952670525753952,23.977930068969727,153972,0.0,0.0,0.0
2020-02-24 00:00:00-05:00,23.481193369107658,23.632739523281618,23.447517678706213,23.59064292907715,255238,0.0,0.0,0.0
2020-02-25 00:00:00-05:00,23.599067502771806,23.624325464918734,23.009722977489304,23.077075958251953,746962,0.0,0.0,0.0
2020-02-26 00:00:00-05:00,23.06865171063099,23.25387354416533,22.875008973795595,22.891847610473633,613223,0.0,0.0,0.0
2020-02-27 00:00:00-05:00,22.5887594307184,22.6055980704606,22.134122497528267,22.51298713684082,354530,0.0,0.0,0.0
2020-02-28 00:00:00-05:00,21.721578074938634,21.89838218688965,21.376389169937234,21.89838218688965,3033643,0.0,0.0,0.0
2020-03-02 00:00:00-05:00,21.881538190935107,22.27724294110605,21.729992061818162,22.268823623657227,1014241,0.0,0.0,0.0
2020-03-03 00:00:00-05:00,22.437211751011816,22.588757913550744,22.03308917922874,22.075185775756836,1429571,0.0,0.0,0.0
2020-03-04 00:00:00-05:00,22.403539089577315,22.58034324645996,22.251994480777956,22.58034324645996,595753,0.0,0.0,0.0
2020-03-05 00:00:00-05:00,22.117277453005883,22.445626078007763,22.117277453005883,22.26040267944336,2141494,0.0,0.0,0.0
2020-03-06 00:00:00-05:00,21.83103350511032,21.88154784713307,21.553199076616206,21.780517578125,1005950,0.0,0.0,0.0
2020-03-09 00:00:00-04:00,19.78516215494746,20.526052845212384,19.5157470703125,19.5157470703125,1284975,0.0,0.0,0.0
2020-03-10 00:00:00-04:00,20.298730810773076,20.298730810773076,19.49890501728488,20.138765335083008,1838880,0.0,0.0,0.0
2020-03-11 00:00:00-04:00,19.717801690130642,19.8104126024564,19.111618723602657,19.195810317993164,1675926,0.0,0.0,0.0
2020-03-12 00:00:00-04:00,18.092893348639482,18.177084940310166,16.779495642790078,16.872106552124023,1889118,0.0,0.0,0.0
2020-03-13 00:00:00-04:00,17.8739956123697,18.43808364868164,17.006816845246032,18.43808364868164,3650716,0.0,0.0,0.0
2020-03-16 00:00:00-04:00,16.333280612989086,17.326749248949994,16.333280612989086,16.65321159362793,2537774,0.0,0.0,0.0
2020-03-17 00:00:00-04:00,16.939469667223634,17.680360486815704,16.61111928208809,17.107852935791016,8534984,0.0,0.0,0.0
2020-03-18 00:00:00-04:00,16.27434650981825,16.86369095133238,15.365071096509126,15.929159164428711,1698035,0.0,0.0,0.0
2020-03-19 00:00:00-04:00,15.727098412510333,16.602696621878415,15.33981443673576,16.4174747467041,1061913,0.0,0.0,0.0
2020-03-20 00:00:00-04:00,16.543764222851795,17.107850796449963,15.945998780803903,16.01335334777832,1521658,0.0,0.0,0.0
2020-03-23 00:00:00-04:00,15.912317119677903,16.02176667593814,15.087234995967304,15.129331588745117,1717972,0.0,0.0,0.0
2020-03-24 00:00:00-04:00,16.1312209638816,16.989980529332882,15.988094105479322,16.947885513305664,1670399,0.0,0.0,0.0
2020-03-25 00:00:00-04:00,17.020359225808217,18.467088101842492,16.88419469864859,17.658620834350586,1159133,0.218,0.0,0.0
2020-03-26 00:00:00-04:00,17.726704211500234,18.36496746222392,17.726704211500234,18.033069610595703,1473492,0.0,0.0,0.0
2020-03-27 00:00:00-04:00,17.488423583882092,17.505444154842127,17.06291411614183,17.122486114501953,959265,0.0,0.0,0.0
2020-03-30 00:00:00-04:00,17.284181073797566,17.65011696516863,16.97781398053238,17.616077423095703,860171,0.0,0.0,0.0
2020-03-31 00:00:00-04:00,17.777769674014902,18.330930206961742,17.701177106469835,18.024564743041992,776572,0.0,0.0,0.0
2020-04-01 00:00:00-04:00,17.565013128515695,17.769258361407317,17.326728358547758,17.428850173950195,592792,0.0,0.0,0.0
2020-04-02 00:00:00-04:00,17.496932647113265,17.90542315484822,17.496932647113265,17.709688186645508,610854,0.0,0.0,0.0
2020-04-03 00:00:00-04:00,17.7352167548372,17.820317998415288,17.352258755605757,17.522462844848633,2143172,0.0,0.0,0.0
2020-04-06 00:00:00-04:00,18.067113106903182,18.407521286523814,17.99052214763623,18.381990432739258,708271,0.0,0.0,0.0
2020-04-07 00:00:00-04:00,18.850054480267826,19.028767282934872,18.35646269620599,18.416034698486328,1925834,0.0,0.0,0.0
2020-04-08 00:00:00-04:00,18.594744935988228,18.909622271858368,18.39901158824271,18.850051879882812,1256155,0.0,0.0,0.0
2020-04-09 00:00:00-04:00,19.05429723698487,19.403214141810814,18.969195982709177,19.190460205078125,1691521,0.0,0.0,0.0
2020-04-13 00:00:00-04:00,19.22449867314141,19.241517639959376,18.807499541237647,19.05429458618164,838358,0.0,0.0,0.0
2020-04-14 00:00:00-04:00,19.352155773593697,19.547889156688274,19.105359069994154,19.30109405517578,1771665,0.0,0.0,0.0
2020-04-15 00:00:00-04:00,18.96919449178668,19.045785454406293,18.81601096446068,18.918132781982422,555582,0.0,0.0,0.0
2020-04-16 00:00:00-04:00,18.977703028397723,19.062805877415567,18.78196967983022,18.79899024963379,482742,0.0,0.0,0.0
2020-04-17 00:00:00-04:00,19.113869801890992,19.454276431151044,19.096847628027994,19.437255859375,447506,0.0,0.0,0.0
2020-04-20 00:00:00-04:00,19.062809275922906,19.641500741979204,19.062809275922906,19.471298217773438,513635,0.0,0.0,0.0
2020-04-21 00:00:00-04:00,19.12237711453733,19.37768246869764,18.884092330932617,18.884092330932617,580159,0.0,0.0,0.0
2020-04-22 00:00:00-04:00,19.233009486854293,19.386193009124778,19.12237578592964,19.360660552978516,281986,0.0,0.0,0.0
2020-04-23 00:00:00-04:00,19.437253500821896,19.547885601854933,19.292580260367387,19.309600830078125,785751,0.0,0.0,0.0
2020-04-24 00:00:00-04:00,19.386187399892552,19.55638984020267,19.301084577651228,19.530858993530273,509687,0.0,0.0,0.0
2020-04-27 00:00:00-04:00,19.624469212788934,19.845734934062936,19.513837153195013,19.82871437072754,504160,0.0,0.0,0.0
2020-04-28 00:00:00-04:00,19.998923570951774,20.126574624787846,19.862759029075274,20.0329647064209,590720,0.0,0.0,0.0
2020-04-29 00:00:00-04:00,20.373370162656798,20.67973716128175,20.33081874560153,20.62867546081543,596740,0.0,0.0,0.0
2020-04-30 00:00:00-04:00,20.49251199042232,20.49251199042232,20.024451221359843,20.04998207092285,658230,0.0,0.0,0.0
2020-05-01 00:00:00-04:00,19.752128828159908,19.871272813685792,19.68404815280327,19.81170082092285,971307,0.0,0.0,0.0
2020-05-04 00:00:00-04:00,19.760643656802824,19.981907887261126,19.701071655171074,19.956377029418945,618652,0.0,0.0,0.0
2020-05-05 00:00:00-04:00,20.18614592414066,20.26273847633677,20.024452138257605,20.07551383972168,629607,0.0,0.0,0.0
2020-05-06 00:00:00-04:00,20.19466318324817,20.203173469765094,19.99041951101617,20.109561920166016,668495,0.0,0.0,0.0
2020-05-07 00:00:00-04:00,20.271255761900473,20.35635702498263,20.075520774098326,20.109561920166016,516793,0.0,0.0,0.0
2020-05-08 00:00:00-04:00,20.3052861005299,20.313796383188706,20.186143745392947,20.296775817871094,260667,0.0,0.0,0.0
2020-05-11 00:00:00-04:00,20.169125772343342,20.501023634521808,20.135084637332927,20.4840030670166,314360,0.0,0.0,0.0
2020-05-12 00:00:00-04:00,20.526560754016234,20.577620870037638,20.15211296081543,20.15211296081543,412961,0.0,0.0,0.0
2020-05-13 00:00:00-04:00,20.160615969568003,20.21167767330182,19.547883535195123,19.650005340576172,685570,0.0,0.0,0.0
2020-05-14 00:00:00-04:00,19.454271639228494,19.752126765681577,19.25853671410381,19.692556381225586,646288,0.0,0.0,0.0
2020-05-15 00:00:00-04:00,19.675538092971717,19.896802293017764,19.64149695386102,19.871273040771484,1116692,0.0,0.0,0.0
2020-05-19 00:00:00-04:00,20.305292598868753,20.322313169633492,20.118069524630357,20.203170776367188,1774922,0.0,0.0,0.0
2020-05-20 00:00:00-04:00,20.415925755828564,20.441455009197295,20.33082290431008,20.356353759765625,779927,0.0,0.0,0.0
2020-05-21 00:00:00-04:00,20.356353003501916,20.37337357317328,20.07551680809795,20.220190048217773,328572,0.0,0.0,0.0
2020-05-22 00:00:00-04:00,20.228700942324988,20.279761050790206,20.15210997858376,20.237211227416992,170455,0.0,0.0,0.0
2020-05-25 00:00:00-04:00,20.390391547824503,20.492513350769205,20.34784012906148,20.4840030670166,96529,0.0,0.0,0.0
2020-05-26 00:00:00-04:00,20.603146590492905,20.620167158950647,20.5010247818331,20.569107055664062,336468,0.0,0.0,0.0
2020-05-27 00:00:00-04:00,20.628675322051436,20.74781768691826,20.296777475425916,20.739307403564453,355024,0.0,0.0,0.0
2020-05-28 00:00:00-04:00,20.807388068308434,20.858449768431274,20.688247305528087,20.739307403564453,551437,0.0,0.0,0.0
2020-05-29 00:00:00-04:00,20.696760951322478,20.71378152211281,20.509537876802522,20.6031494140625,432010,0.0,0.0,0.0
2020-06-01 00:00:00-04:00,20.63718628552699,20.756328654320285,20.6031451509899,20.70526695251465,144398,0.0,0.0,0.0
2020-06-02 00:00:00-04:00,20.80739226381979,20.92653465270996,20.764842440557672,20.92653465270996,117354,0.0,0.0,0.0
2020-06-03 00:00:00-04:00,21.096741545932634,21.249925095388562,21.088231259735803,21.1733341217041,331632,0.0,0.0,0.0
2020-06-04 00:00:00-04:00,21.139290850529193,21.258433243213346,21.071210169889756,21.113759994506836,1733271,0.0,0.0,0.0
2020-06-05 00:00:00-04:00,21.420121330414414,21.59032378750896,21.420121330414414,21.564794540405273,2105666,0.0,0.0,0.0
2020-06-08 00:00:00-04:00,21.692450485404795,21.726490020751953,21.547777253397705,21.726490020751953,1265433,0.0,0.0,0.0
2020-06-09 00:00:00-04:00,21.55628524586234,21.624365911404894,21.44565316305163,21.539264678955078,1094386,0.0,0.0,0.0
2020-06-10 00:00:00-04:00,21.573307333356723,21.590326299377068,21.23289917539092,21.360551834106445,504949,0.0,0.0,0.0
2020-06-11 00:00:00-04:00,20.883985175981643,20.952067457669617,20.424434580848278,20.475496292114258,614901,0.0,0.0,0.0
2020-06-12 00:00:00-04:00,20.960578574352926,20.99461971914915,20.5691118175444,20.781864166259766,718832,0.0,0.0,0.0
2020-06-15 00:00:00-04:00,20.415921238583564,21.02014334024002,20.32230812262615,20.9010009765625,941401,0.0,0.0,0.0
2020-06-16 00:00:00-04:00,21.37757239227159,21.37757239227159,21.011634984402146,21.13077735900879,1112448,0.0,0.0,0.0
2020-06-17 00:00:00-04:00,21.207372004389384,21.207372004389384,20.969087213704,21.011638641357422,800358,0.0,0.0,0.0
2020-06-18 00:00:00-04:00,20.909517035241265,21.130781257173904,20.87547589276335,21.07971954345703,933406,0.0,0.0,0.0
2020-06-19 00:00:00-04:00,21.275453281422227,21.275453281422227,21.020147931762022,21.045677185058594,625462,0.0,0.0,0.0
2020-06-22 00:00:00-04:00,21.04567451851361,21.147797927107824,21.00312470035263,21.13077735900879,299061,0.0,0.0,0.0
2020-06-23 00:00:00-04:00,21.31799964166947,21.377571627886013,21.13928688719294,21.224388122558594,421745,0.0,0.0,0.0
2020-06-24 00:00:00-04:00,21.04939278283232,21.100900898023877,20.611578651983034,20.809024810791016,386707,0.219,0.0,0.0
2020-06-25 00:00:00-04:00,20.748937019813326,21.04081153869629,20.654505459848934,21.04081153869629,700869,0.0,0.0,0.0
2020-06-26 00:00:00-04:00,20.954966174647684,20.972135549098628,20.663090041168083,20.671674728393555,262838,0.0,0.0,0.0
2020-06-29 00:00:00-04:00,20.766108724330934,21.023646159167626,20.697432829218137,20.989307403564453,408618,0.0,0.0,0.0
2020-06-30 00:00:00-04:00,20.903457812691588,21.21250331709452,20.894873125564107,21.15241050720215,394899,0.0,0.0,0.0
2020-07-02 00:00:00-04:00,21.43570410317056,21.57305749491249,21.28118133544922,21.28118133544922,716661,0.0,0.0,0.0
2020-07-03 00:00:00-04:00,21.30693233240655,21.33268639266852,21.212502394205806,21.238256454467773,60306,0.0,0.0,0.0
2020-07-06 00:00:00-04:00,21.495792736884535,21.538716171708963,21.332686916738073,21.3756103515625,322946,0.0,0.0,0.0
2020-07-07 00:00:00-04:00,21.272594451904297,21.42711720367727,21.24684200668647,21.272594451904297,452243,0.0,0.0,0.0
2020-07-08 00:00:00-04:00,21.2983480517018,21.4185320524558,21.1781640509478,21.31551742553711,306661,0.0,0.0,0.0
2020-07-09 00:00:00-04:00,21.341273285976907,21.375612036543277,21.00647370014141,21.246843338012695,431516,0.0,0.0,0.0
2020-07-10 00:00:00-04:00,21.27259450906343,21.452871322631836,21.221088002396183,21.452871322631836,339133,0.0,0.0,0.0
2020-07-13 00:00:00-04:00,21.538716929074724,21.667485621982717,21.31551829232573,21.341272354125977,333211,0.0,0.0,0.0
2020-07-14 00:00:00-04:00,21.272597111060495,21.72758073615043,21.25542935080031,21.718996047973633,710837,0.0,0.0,0.0
2020-07-15 00:00:00-04:00,21.8305937969399,22.019455307056333,21.822009109384915,21.916439056396484,1427794,0.0,0.0,0.0
2020-07-16 00:00:00-04:00,21.813424887486534,21.933608899728664,21.787672440365117,21.864933013916016,228589,0.0,0.0,0.0
2020-07-17 00:00:00-04:00,21.925027192792857,22.028043459657326,21.84776660873805,22.019458770751953,231748,0.0,0.0,0.0
2020-07-20 00:00:00-04:00,21.99370100494423,22.11388501331231,21.99370100494423,22.088130950927734,996278,0.0,0.0,0.0
2020-07-21 00:00:00-04:00,22.225485676468917,22.268409116368794,22.05379514905616,22.062379837036133,513536,0.0,0.0,0.0
2020-07-22 00:00:00-04:00,22.07096510059627,22.096719167093603,22.010873894862684,22.07954978942871,138970,0.0,0.0,0.0
2020-07-23 00:00:00-04:00,22.070964503074745,22.08813388027481,21.796257700060636,21.873519897460938,308240,0.0,0.0,0.0
2020-07-24 00:00:00-04:00,21.80484314443407,21.86493596671717,21.76192131603968,21.839181900024414,162065,0.0,0.0,0.0
2020-07-27 00:00:00-04:00,21.942199610830077,22.070966720581055,21.890691474054766,22.070966720581055,70472,0.0,0.0,0.0
2020-07-28 00:00:00-04:00,22.036617279412923,22.105294761818598,21.97652609840082,22.028034210205078,214574,0.0,0.0,0.0
2020-07-29 00:00:00-04:00,22.23407068849235,22.294163505227978,22.096717294904305,22.259824752807617,107386,0.0,0.0,0.0
2020-07-30 00:00:00-04:00,22.00228762649003,22.268409729003906,21.890688295773472,22.268409729003906,1034080,0.0,0.0,0.0
2020-07-31 00:00:00-04:00,22.26841132764897,22.28558070531386,21.959365761868014,22.07954978942871,162855,0.0,0.0,0.0
2020-08-04 00:00:00-04:00,22.165392266107382,22.362836837768555,22.165392266107382,22.362836837768555,410197,0.0,0.0,0.0
2020-08-05 00:00:00-04:00,22.500194080201954,22.560286900389922,22.448687564705754,22.54311752319336,129100,0.0,0.0,0.0
2020-08-06 00:00:00-04:00,22.603206457932302,22.671883959823347,22.543115259870962,22.654714584350586,184076,0.0,0.0,0.0
2020-08-07 00:00:00-04:00,22.594623850985254,22.637545674456593,22.53453103559468,22.611791610717773,115676,0.0,0.0,0.0
2020-08-10 00:00:00-04:00,22.69763727297393,22.74056071329359,22.59462424839352,22.680469512939453,125546,0.0,0.0,0.0
2020-08-11 00:00:00-04:00,22.60320872728784,22.74056212876685,22.525948145996797,22.54311752319336,484222,0.0,0.0,0.0
2020-08-12 00:00:00-04:00,22.731973534090297,22.792066343952403,22.63754359182877,22.663297653198242,183089,0.0,0.0,0.0
2020-08-13 00:00:00-04:00,22.646128162568047,22.680466910884203,22.534528846633737,22.60320472717285,125843,0.0,0.0,0.0
2020-08-14 00:00:00-04:00,22.5259441595547,22.62037410133093,22.50877478539662,22.60320472717285,109458,0.0,0.0,0.0
2020-08-17 00:00:00-04:00,22.774898817429392,22.783483505249023,22.7233906905116,22.783483505249023,62378,0.0,0.0,0.0
2020-08-18 00:00:00-04:00,22.869329235453055,22.877913923448403,22.68046933174215,22.74056053161621,91594,0.0,0.0,0.0
2020-08-19 00:00:00-04:00,22.69763727297393,22.774899465549318,22.66330013681159,22.680469512939453,177956,0.0,0.0,0.0
2020-08-20 00:00:00-04:00,22.60321036095206,22.74914846157714,22.57745629329582,22.7233943939209,241420,0.0,0.0,0.0
2020-08-21 00:00:00-04:00,22.64612434131789,22.64612434131789,22.543109729845046,22.59461784362793,88238,0.0,0.0,0.0
2020-08-24 00:00:00-04:00,22.723391155625514,22.766314595602253,22.68046933174215,22.74056053161621,126632,0.0,0.0,0.0
2020-08-25 00:00:00-04:00,22.73197613160429,22.774899572124813,22.62037680234433,22.7491455078125,266194,0.0,0.0,0.0
2020-08-26 00:00:00-04:00,22.77490074777308,22.97234535217285,22.73197730503684,22.97234535217285,126830,0.0,0.0,0.0
2020-08-27 00:00:00-04:00,23.041016709306387,23.041016709306387,22.783479353830447,22.895078659057617,213686,0.0,0.0,0.0
2020-08-28 00:00:00-04:00,23.023850592245946,23.023850592245946,22.84357377148538,22.877912521362305,171639,0.0,0.0,0.0
2020-08-31 00:00:00-04:00,22.860741522090244,22.87791089580876,22.586034774780273,22.586034774780273,715871,0.0,0.0,0.0
2020-09-01 00:00:00-04:00,22.637549503665042,22.792072296142578,22.534534847377895,22.792072296142578,92581,0.0,0.0,0.0
2020-09-02 00:00:00-04:00,22.860739044539862,22.903662474184298,22.80064785913064,22.86932373046875,252771,0.0,0.0,0.0
2020-09-03 00:00:00-04:00,22.834989253227363,22.89508044561117,22.440098502943858,22.525943756103516,391839,0.0,0.0,0.0
2020-09-04 00:00:00-04:00,22.551697517939207,22.611788709526465,22.036621157529478,22.21689796447754,469220,0.0,0.0,0.0
2020-09-08 00:00:00-04:00,21.976530190844734,22.22548287873926,21.847761503447803,22.04520606994629,368743,0.0,0.0,0.0
2020-09-09 00:00:00-04:00,22.25124038655185,22.517362489472124,22.25124038655185,22.448686599731445,235103,0.0,0.0,0.0
2020-09-10 00:00:00-04:00,22.534526968410443,22.534526968410443,22.131051557604348,22.182558059692383,398748,0.0,0.0,0.0
2020-09-11 00:00:00-04:00,22.24265642007521,22.345671066075656,22.131057085566937,22.234071731567383,302022,0.0,0.0,0.0
2020-09-14 00:00:00-04:00,22.34566625558069,22.44009780883789,22.34566625558069,22.44009780883789,291955,0.0,0.0,0.0
2020-09-15 00:00:00-04:00,22.560284124966717,22.63754469675297,22.49160662462935,22.51736068725586,163743,0.0,0.0,0.0
2020-09-16 00:00:00-04:00,22.620377495637292,22.620377495637292,22.345670700073242,22.345670700073242,156637,0.0,0.0,0.0
2020-09-17 00:00:00-04:00,22.13963969918534,22.33708428417424,22.08813157296564,22.28557777404785,492020,0.0,0.0,0.0
2020-09-18 00:00:00-04:00,22.31991613314979,22.362839574020818,22.1825627384559,22.208316802978516,378317,0.0,0.0,0.0
2020-09-21 00:00:00-04:00,21.899271873758664,21.933609008789062,21.61597879308123,21.933609008789062,368250,0.0,0.0,0.0
2020-09-22 00:00:00-04:00,22.01086830968962,22.182558810585654,21.942192432549827,22.139636993408203,146372,0.0,0.0,0.0
2020-09-23 00:00:00-04:00,22.191147433323753,22.208316809677346,21.693241983443247,21.718996047973633,254054,0.0,0.0,0.0
2020-09-24 00:00:00-04:00,21.604109186766618,21.93301866023141,21.569486793887705,21.820497512817383,455501,0.21,0.0,0.0
2020-09-25 00:00:00-04:00,21.759910255601135,22.071508560268363,21.72528785965087,22.045541763305664,964595,0.0,0.0,0.0
2020-09-28 00:00:00-04:00,22.270582098851445,22.35713808103465,22.218648509541524,22.287893295288086,630890,0.0,0.0,0.0
2020-09-29 00:00:00-04:00,22.296552916502847,22.296552916502847,22.14940934968453,22.25327491760254,453132,0.0,0.0,0.0
2020-09-30 00:00:00-04:00,22.296550031448568,22.34848362340901,22.097472891709398,22.140750885009766,437932,0.0,0.0,0.0
2020-10-01 00:00:00-04:00,22.22730468617646,22.2878938752814,22.140750331183305,22.2359619140625,573743,0.0,0.0,0.0
2020-10-02 00:00:00-04:00,21.984949253797776,22.27058071841265,21.97629365611597,22.24461555480957,677279,0.0,0.0,0.0
2020-10-05 00:00:00-04:00,22.348482332017337,22.564869027130378,22.331171135697506,22.547557830810547,358873,0.0,0.0,0.0
2020-10-06 00:00:00-04:00,22.642767832149584,22.642767832149584,22.270581998761813,22.305204391479492,564465,0.0,0.0,0.0
2020-10-07 00:00:00-04:00,22.478312626110615,22.590833762490966,22.461001431368672,22.573522567749023,86165,0.0,0.0,0.0
2020-10-08 00:00:00-04:00,22.677392653530532,22.737981847275346,22.66873705442413,22.729326248168945,141832,0.0,0.0,0.0
2020-10-09 00:00:00-04:00,22.798566968486803,22.81587816484454,22.720668214319407,22.772600173950195,274583,0.0,0.0,0.0
2020-10-13 00:00:00-04:00,22.789910136846245,22.789910136846245,22.61679981208056,22.70335578918457,181805,0.0,0.0,0.0
2020-10-14 00:00:00-04:00,22.76394576284765,22.789912558738354,22.608146616945938,22.616802215576172,178647,0.0,0.0,0.0
2020-10-15 00:00:00-04:00,22.426383790464232,22.70335970609786,22.426383790464232,22.68604850769043,372198,0.0,0.0,0.0
2020-10-16 00:00:00-04:00,22.72932121343079,22.755288004998132,22.608142852783203,22.608142852783203,506331,0.0,0.0,0.0
2020-10-19 00:00:00-04:00,22.668737700195106,22.668737700195106,22.365794981726225,22.391761779785156,164039,0.0,0.0,0.0
2020-10-20 00:00:00-04:00,22.46965657982869,22.512934565818917,22.33116865410221,22.36578941345215,255929,0.0,0.0,0.0
2020-10-21 00:00:00-04:00,22.339827014180837,22.42638300317941,22.287895050224257,22.313861846923828,95147,0.0,0.0,0.0
2020-10-22 00:00:00-04:00,22.322514861151042,22.40906921068512,22.218647686379295,22.383102416992188,440893,0.0,0.0,0.0
2020-10-23 00:00:00-04:00,22.44369311062709,22.478315504544508,22.331171959837974,22.452348709106445,141141,0.0,0.0,0.0
2020-10-26 00:00:00-04:00,22.313857763535022,22.331168958166824,22.01091511636301,22.123437881469727,419080,0.0,0.0,0.0
2020-10-27 00:00:00-04:00,22.149405355019482,22.166716551457515,22.019573011176668,22.054195404052734,298173,0.0,0.0,0.0
2020-10-28 00:00:00-04:00,21.79452602921332,21.803183255660187,21.439651440348857,21.448307037353516,484321,0.0,0.0,0.0
2020-10-29 00:00:00-04:00,21.508903090017647,21.664702256448297,21.353103923587,21.578147888183594,655467,0.0,0.0,0.0
2020-10-30 00:00:00-04:00,21.508903763147572,21.53487056327244,21.240583420742794,21.465625762939453,477215,0.0,0.0,0.0
2020-11-02 00:00:00-05:00,21.604112573641107,21.6560461711011,21.439657811127155,21.612768173217773,223161,0.0,0.0,0.0
2020-11-03 00:00:00-05:00,21.77722384984301,22.00226618939721,21.759912649963034,21.958988189697266,197005,0.0,0.0,0.0
2020-11-04 00:00:00-05:00,22.149407424057515,22.18402982016776,21.89839831114344,22.028230667114258,352260,0.0,0.0,0.0
2020-11-05 00:00:00-05:00,22.39175390931602,22.478309872422262,22.339820331452277,22.43503189086914,360650,0.0,0.0,0.0
2020-11-06 00:00:00-05:00,22.538897417154555,22.54755301346518,22.3571331535156,22.43503189086914,284552,0.0,0.0,0.0
2020-11-09 00:00:00-05:00,23.369828819062718,23.369828819062718,22.67738914489746,22.67738914489746,442571,0.0,0.0,0.0
2020-11-10 00:00:00-05:00,22.7552896833178,22.937053978810752,22.703356096352753,22.885120391845703,766011,0.0,0.0,0.0
2020-11-11 00:00:00-05:00,23.014954743958782,23.136131486127034,22.963021156125652,23.10150909423828,346437,0.0,0.0,0.0
2020-11-12 00:00:00-05:00,23.11016478817061,23.12747598418687,22.781256952188887,22.850500106811523,687544,0.0,0.0,0.0
2020-11-13 00:00:00-05:00,22.963022081379922,23.066887631788877,22.963022081379922,22.988988876342773,265997,0.0,0.0,0.0
2020-11-16 00:00:00-05:00,23.144789558677296,23.28327751159668,23.058233569701077,23.28327751159668,239742,0.0,0.0,0.0
2020-11-17 00:00:00-05:00,23.15344663182216,23.36117940376883,23.110170260975472,23.352523803710938,243888,0.0,0.0,0.0
2020-11-18 00:00:00-05:00,23.387140924153634,23.413107718465152,23.27461814880371,23.27461814880371,187135,0.0,0.0,0.0
2020-11-19 00:00:00-05:00,23.214028443739643,23.326549579236612,23.18806165183059,23.317893981933594,189307,0.0,0.0,0.0
2020-11-20 00:00:00-05:00,23.34386535766346,23.499664510268367,23.291933393090215,23.465042114257812,240335,0.0,0.0,0.0
2020-11-23 00:00:00-05:00,23.52562312993995,23.629488652426126,23.49100074596389,23.560245513916016,291362,0.0,0.0,0.0
2020-11-24 00:00:00-05:00,23.73336141458352,23.88050496192473,23.70739461868051,23.819915771484375,729097,0.0,0.0,0.0
2020-11-25 00:00:00-05:00,23.83722819476541,23.88916015625,23.7420166113991,23.88916015625,389569,0.0,0.0,0.0
2020-11-26 00:00:00-05:00,23.89781359855231,23.94974718479367,23.88050240313853,23.932435989379883,69189,0.0,0.0,0.0
2020-11-27 00:00:00-05:00,23.897812877540144,24.018989612338327,23.897812877540144,24.010334014892578,205395,0.0,0.0,0.0
2020-11-30 00:00:00-05:00,23.923783488979353,23.923783488979353,23.629496387729628,23.776639938354492,850893,0.0,0.0,0.0
2020-12-01 00:00:00-05:00,24.05361505045936,24.105548641715444,23.86319351196289,23.86319351196289,257607,0.0,0.0,0.0
2020-12-02 00:00:00-05:00,23.837229691368904,23.958406448364258,23.785296097181213,23.958406448364258,261456,0.0,0.0,0.0
2020-12-03 00:00:00-05:00,23.99302282000108,24.08823276246202,23.984367222555335,24.010334014892578,257410,0.0,0.0,0.0
2020-12-04 00:00:00-05:00,24.079581333297487,24.183446884155273,24.06227013658078,24.183446884155273,717450,0.0,0.0,0.0
2020-12-07 00:00:00-05:00,24.157479361936552,24.304622900157064,24.088234577153997,24.26134490966797,139068,0.0,0.0,0.0
2020-12-08 00:00:00-05:00,24.226723323202823,24.373866856421625,24.226723323202823,24.35655403137207,500212,0.0,0.0,0.0
2020-12-09 00:00:00-05:00,24.365210457399385,24.382521653595024,24.131512567643096,24.26134490966797,244875,0.0,0.0,0.0
2020-12-10 00:00:00-05:00,24.140167917422005,24.313278248155267,24.10554715482927,24.304622650146484,205592,0.0,0.0,0.0
2020-12-11 00:00:00-05:00,24.22672239000433,24.244031955502415,24.13151081783225,24.235376358032227,249908,0.0,0.0,0.0
2020-12-14 00:00:00-05:00,24.33058974360307,24.34790093983368,24.018991470336914,24.018991470336914,439807,0.0,0.0,0.0
2020-12-15 00:00:00-05:00,24.131511014765117,24.2267225877142,24.105545851584946,24.200754165649414,202532,0.0,0.0,0.0
2020-12-16 00:00:00-05:00,24.261346766352087,24.295969161392964,24.148825611911775,24.270002365112305,261358,0.0,0.0,0.0
2020-12-17 00:00:00-05:00,24.391178080807176,24.42580047437535,24.33059052150534,24.39983367919922,272609,0.0,0.0,0.0
2020-12-18 00:00:00-05:00,24.425798302771796,24.425798302771796,24.20941162109375,24.20941162109375,378909,0.0,0.0,0.0
2020-12-21 00:00:00-05:00,23.99302908317098,24.192106246948242,23.91513031526675,24.192106246948242,328375,0.0,0.0,0.0
2020-12-22 00:00:00-05:00,24.23537435336654,24.278652337137686,24.14882001526642,24.252685546875,170356,0.0,0.0,0.0
2020-12-23 00:00:00-05:00,24.304622650146484,24.39117700079192,24.304622650146484,24.304622650146484,400031,0.0,0.0,0.0
2020-12-24 00:00:00-05:00,24.278655231050738,24.38252077503965,24.278655231050738,24.365209579467773,169073,0.0,0.0,0.0
2020-12-29 00:00:00-05:00,24.35655107848358,24.408484659008952,24.20940919254602,24.252685546875,282282,0.0,0.0,0.0
2020-12-30 00:00:00-05:00,24.374262511559962,24.391691585173763,24.26968971041495,24.29583168029785,299160,0.192,0.0,0.0
2020-12-31 00:00:00-05:00,24.252252758300095,24.2958254311272,24.112823486328125,24.112823486328125,356603,0.0,0.0,0.0
2021-01-04 00:00:00-05:00,24.356826992746125,24.37425606174792,24.095394238793926,24.25225257873535,367164,0.0,0.0,0.0
2021-01-05 00:00:00-05:00,24.287114377669592,24.496261596679688,24.287114377669592,24.496261596679688,441683,0.0,0.0,0.0
2021-01-06 00:00:00-05:00,24.548545772024614,24.818694726340524,24.531116701388907,24.679262161254883,300147,0.0,0.0,0.0
2021-01-07 00:00:00-05:00,24.84483887936378,24.992984352274078,24.801266198937906,24.966840744018555,352063,0.0,0.0,0.0
2021-01-08 00:00:00-05:00,25.019131921944112,25.019131921944112,24.844842813182154,24.97555923461914,527157,0.0,0.0,0.0
2021-01-11 00:00:00-05:00,24.844839096069336,24.97555549794944,24.83612455990815,24.844839096069336,470700,0.0,0.0,0.0
2021-01-12 00:00:00-05:00,24.897130966186523,24.94070201459798,24.792556512707847,24.897130966186523,394504,0.0,0.0,0.0
2021-01-13 00:00:00-05:00,24.958130535594012,24.958130535594012,24.80127049939951,24.862272262573242,298173,0.0,0.0,0.0
2021-01-14 00:00:00-05:00,24.914550343401814,24.984266623173394,24.87097930908203,24.87097930908203,346437,0.0,0.0,0.0
2021-01-15 00:00:00-05:00,24.862269519613523,24.897127666152745,24.696694964089982,24.809982299804688,250106,0.0,0.0,0.0
2021-01-18 00:00:00-05:00,24.783837640293758,24.90583949940066,24.783837640293758,24.879695892333984,122191,0.0,0.0,0.0
2021-01-19 00:00:00-05:00,24.949414501912496,24.966843576059862,24.827412623418795,24.88841438293457,320084,0.0,0.0,0.0
2021-01-20 00:00:00-05:00,24.975555280103727,24.984269816188903,24.82740980719343,24.966840744018555,674516,0.0,0.0,0.0
2021-01-21 00:00:00-05:00,24.984271812260754,24.984271812260754,24.775126210582606,24.83612632751465,315840,0.0,0.0,0.0
2021-01-22 00:00:00-05:00,24.696692214255663,24.775123035236096,24.661835712135282,24.740264892578125,231649,0.0,0.0,0.0
2021-01-25 00:00:00-05:00,24.74026806345698,24.870984474640274,24.600837115492283,24.83612632751465,265799,0.0,0.0,0.0
2021-01-26 00:00:00-05:00,24.88841307490313,24.88841307490313,24.66183840397091,24.670551300048828,292349,0.0,0.0,0.0
2021-01-27 00:00:00-05:00,24.513689963914523,24.52240285894103,24.156397286862454,24.182540893554688,379304,0.0,0.0,0.0
2021-01-28 00:00:00-05:00,24.374259596373737,24.574690637885098,24.304543310256665,24.487546920776367,295310,0.0,0.0,0.0
2021-01-29 00:00:00-05:00,24.409114385766113,24.48754520214323,23.999537795724468,24.095396041870117,549167,0.0,0.0,0.0
2021-02-01 00:00:00-05:00,24.374262475513557,24.59212261428829,24.27840257077941,24.56597900390625,208356,0.0,0.0,0.0
2021-02-02 00:00:00-05:00,24.644404359600475,24.83612249869772,24.644404359600475,24.818695068359375,199769,0.0,0.0,0.0
2021-02-03 00:00:00-05:00,24.84483570416769,24.879693844053477,24.740262925047773,24.87097930908203,181411,0.0,0.0,0.0
2021-02-04 00:00:00-05:00,24.940698388872157,25.088845509763555,24.888412810271763,25.045272827148438,161967,0.0,0.0,0.0
2021-02-05 00:00:00-05:00,25.167276521195255,25.202134669812672,25.088847327343927,25.17599105834961,150616,0.0,0.0,0.0
2021-02-08 00:00:00-05:00,25.315423862973123,25.44614028930664,25.315423862973123,25.44614028930664,213488,0.0,0.0,0.0
2021-02-09 00:00:00-05:00,25.48970497380575,25.57684868942525,25.44613393626479,25.5419921875,410099,0.0,0.0,0.0
2021-02-10 00:00:00-05:00,25.664002547788904,25.716289778805344,25.40256967378294,25.61171531677246,204704,0.0,0.0,0.0
2021-02-11 00:00:00-05:00,25.663997738802948,25.672712275672737,25.44613759813388,25.533281326293945,159598,0.0,0.0,0.0
2021-02-12 00:00:00-05:00,25.533274983270733,25.637847759192212,25.480989415578698,25.629133224487305,199670,0.0,0.0,0.0
2021-02-16 00:00:00-05:00,25.716279419876773,25.803423129263173,25.629134069952908,25.681421279907227,371803,0.0,0.0,0.0
2021-02-17 00:00:00-05:00,25.47227562257387,25.5507064422531,25.358988301352543,25.52456283569336,387299,0.0,0.0,0.0
2021-02-18 00:00:00-05:00,25.50713546837503,25.515850004477024,25.297989883002547,25.376419067382812,204506,0.0,0.0,0.0
2021-02-19 00:00:00-05:00,25.4548484718805,25.550706723115706,25.385132186954834,25.5419921875,186839,0.0,0.0,0.0
2021-02-22 00:00:00-05:00,25.48970581209226,25.66399488960073,25.48970581209226,25.594280242919922,319196,0.0,0.0,0.0
2021-02-23 00:00:00-05:00,25.419987164904644,25.533274473268225,25.071409064745684,25.463558197021484,400229,0.0,0.0,0.0
2021-02-24 00:00:00-05:00,25.48970315061219,25.7859940592784,25.35027223127147,25.681421279907227,514523,0.0,0.0,0.0
2021-02-25 00:00:00-05:00,25.672709291930868,25.75985300996289,25.228272884838557,25.315418243408203,548575,0.0,0.0,0.0
2021-02-26 00:00:00-05:00,25.297989192047527,25.341560230829778,24.93198360737343,25.062698364257812,715970,0.0,0.0,0.0
2021-03-01 00:00:00-05:00,25.40256012445479,25.524561977092105,25.358987448320924,25.45484733581543,562491,0.0,0.0,0.0
2021-03-02 00:00:00-05:00,25.50713488389687,25.672709425503037,25.437420237216063,25.594280242919922,540679,0.0,0.0,0.0
2021-03-03 00:00:00-05:00,25.62041817803928,25.629132712570122,25.385129026781275,25.463558197021484,563281,0.0,0.0,0.0
2021-03-04 00:00:00-05:00,25.41998576133721,25.53327306344562,24.975549446415954,25.210840225219727,1010787,0.0,0.0,0.0
2021-03-05 00:00:00-05:00,25.39385282360521,25.611712985265044,25.036561699132456,25.56814193725586,966569,0.0,0.0,0.0
2021-03-08 00:00:00-05:00,25.61170852564574,25.87314297086862,25.515850268071215,25.66399574279785,758510,0.0,0.0,0.0
2021-03-09 00:00:00-05:00,25.846996181345684,26.021283602661427,25.82085257598708,25.855709075927734,662968,0.0,0.0,0.0
2021-03-10 00:00:00-05:00,26.030001906969716,26.10843108892174,25.89056933365479,26.003856658935547,267872,0.0,0.0,0.0
2021-03-11 00:00:00-05:00,26.18686336268335,26.274007090756378,26.143292318915744,26.2130069732666,229379,0.0,0.0,0.0
2021-03-12 00:00:00-05:00,26.15200372996641,26.24786362999408,26.073574543208764,26.23914909362793,493500,0.0,0.0,0.0
2021-03-15 00:00:00-04:00,26.335007411456505,26.396007525616977,26.178147397056005,26.37858009338379,282282,0.0,0.0,0.0
2021-03-16 00:00:00-04:00,26.430864114485903,26.430864114485903,26.24786214224485,26.265291213989258,336567,0.0,0.0,0.0
2021-03-17 00:00:00-04:00,26.247866138105085,26.509298972995378,26.204293452110743,26.413440704345703,343772,0.0,0.0,0.0
2021-03-18 00:00:00-04:00,26.36114918677489,26.4482929040295,26.204289183286505,26.247861862182617,303897,0.0,0.0,0.0
2021-03-19 00:00:00-04:00,26.230434557261777,26.30015084819099,26.073574543208764,26.23914909362793,289290,0.0,0.0,0.0
2021-03-22 00:00:00-04:00,26.204288482666016,26.24786116039713,26.143288374380024,26.204288482666016,252573,0.0,0.0,0.0
2021-03-23 00:00:00-04:00,26.169435177825697,26.204293326454014,25.96028956713152,26.012575149536133,320578,0.0,0.0,0.0
2021-03-24 00:00:00-04:00,26.11714888651392,26.169434467499322,25.942859788640988,25.951574325561523,234610,0.0,0.0,0.0
2021-03-25 00:00:00-04:00,25.889612062020674,26.01243622717705,25.705374988488607,25.986116409301758,414244,0.202,0.0,0.0
2021-03-26 00:00:00-04:00,26.02121306472075,26.1440372467041,25.91593377879626,26.1440372467041,236979,0.0,0.0,0.0
2021-03-29 00:00:00-04:00,26.073851161562274,26.13526407859999,25.93348043135701,26.082624435424805,397860,0.0,0.0,0.0
2021-03-30 00:00:00-04:00,25.994891975989468,26.117716151985142,25.951025608992744,26.09139633178711,212699,0.0,0.0,0.0
2021-03-31 00:00:00-04:00,26.12648400701603,26.19666852806008,26.056297834377176,26.06507110595703,276656,0.0,0.0,0.0
2021-04-01 00:00:00-04:00,26.26686008272308,26.486188613969844,26.240540262590635,26.4774169921875,398649,0.0,0.0,0.0
2021-04-05 00:00:00-04:00,26.591464778240134,26.617782943693207,26.530051871794754,26.556371688842773,418488,0.0,0.0,0.0
2021-04-06 00:00:00-04:00,26.61778662072064,26.71429262989489,26.58269352647546,26.65287971496582,327980,0.0,0.0,0.0
2021-04-07 00:00:00-04:00,26.68796948325301,26.749380738933592,26.64410312091333,26.696741104125977,374468,0.0,0.0,0.0
2021-04-08 00:00:00-04:00,26.740606433339035,26.837112426757812,26.644102091515165,26.837112426757812,340022,0.0,0.0,0.0
2021-04-09 00:00:00-04:00,26.784472793983934,26.845885698886793,26.740606433339035,26.837112426757812,202138,0.0,0.0,0.0
2021-04-12 00:00:00-04:00,26.81957001115045,26.872209652027763,26.74938382331403,26.8107967376709,348707,0.0,0.0,0.0
2021-04-13 00:00:00-04:00,26.845881658608484,26.880973090248276,26.775695492139597,26.80201530456543,280407,0.0,0.0,0.0
2021-04-14 00:00:00-04:00,26.889751884069547,26.959938064954304,26.74938117389502,26.76692771911621,310510,0.0,0.0,0.0
2021-04-15 00:00:00-04:00,26.89852725790488,26.995033264160156,26.863434164721145,26.995033264160156,274880,0.0,0.0,0.0
2021-04-16 00:00:00-04:00,27.065211494811976,27.065211494811976,26.933614077620202,27.021345138549805,239841,0.0,0.0,0.0
2021-04-19 00:00:00-04:00,26.98626055566679,27.02135199798984,26.766930370273137,26.8107967376709,422732,0.0,0.0,0.0
2021-04-20 00:00:00-04:00,26.670422577789246,26.687969122487928,26.477413889293658,26.556371688842773,586081,0.0,0.0,0.0
2021-04-21 00:00:00-04:00,26.565148485801373,26.7493839263916,26.565148485801373,26.7493839263916,504258,0.0,0.0,0.0
2021-04-22 00:00:00-04:00,26.749381724061664,26.749381724061664,26.53005320747575,26.582691192626953,435070,0.0,0.0,0.0
2021-04-23 00:00:00-04:00,26.617783028744686,26.71428902489579,26.565145046075397,26.687969207763672,280308,0.0,0.0,0.0
2021-04-26 00:00:00-04:00,26.687973192200158,26.802024098538524,26.67919991851296,26.75815773010254,333705,0.0,0.0,0.0
2021-04-27 00:00:00-04:00,26.82834360180308,26.872209969719446,26.70551942323244,26.78447723388672,213883,0.0,0.0,0.0
2021-04-28 00:00:00-04:00,26.863434123534578,27.091537577284022,26.863434123534578,27.03012466430664,252672,0.0,0.0,0.0
2021-04-29 00:00:00-04:00,27.152947912818945,27.152947912818945,26.845888313187356,26.916072845458984,307747,0.0,0.0,0.0
2021-04-30 00:00:00-04:00,26.75815401140153,26.863431629421797,26.6616496658492,26.696741104125977,309227,0.0,0.0,0.0
2021-05-03 00:00:00-04:00,26.86342730628889,26.933613474737314,26.845882415771484,26.845882415771484,309523,0.0,0.0,0.0
2021-05-04 00:00:00-04:00,26.85465327782244,26.87220147103432,26.61777826917925,26.80201530456543,419376,0.0,0.0,0.0
2021-05-05 00:00:00-04:00,26.951165837885448,27.02135036989795,26.854659835425057,26.97748565673828,306167,0.0,0.0,0.0
2021-05-06 00:00:00-04:00,27.012574968376544,27.012574968376544,26.80201973733558,26.94239044189453,297482,0.0,0.0,0.0
2021-05-07 00:00:00-04:00,26.995031613099105,27.23190667441141,26.995031613099105,27.196813583374023,247342,0.0,0.0,0.0
2021-05-10 00:00:00-04:00,27.26699915062377,27.310863861836406,27.047668988180664,27.056442260742188,274189,0.0,0.0,0.0
2021-05-11 00:00:00-04:00,26.723060883656988,26.95993592212577,26.67042125217732,26.924842834472656,737289,0.0,0.0,0.0
2021-05-12 00:00:00-04:00,26.845886736080892,26.907297991761475,26.64410312091333,26.696741104125977,548180,0.0,0.0,0.0
2021-05-13 00:00:00-04:00,26.714289735047636,26.854658793627166,26.652876826773472,26.76692771911621,508700,0.0,0.0,0.0
2021-05-14 00:00:00-04:00,26.863431604625383,27.117854854365717,26.863431604625383,27.082761764526367,219904,0.0,0.0,0.0
2021-05-17 00:00:00-04:00,27.056441190823552,27.2406782557351,27.03012137417977,27.231904983520508,246257,0.0,0.0,0.0
2021-05-18 00:00:00-04:00,27.258227200347406,27.345958278623453,27.14417630311002,27.275772094726562,220989,0.0,0.0,0.0
2021-05-19 00:00:00-04:00,27.01257302716285,27.179263536521717,26.88974887594969,27.170490264892578,515115,0.0,0.0,0.0
2021-05-20 00:00:00-04:00,27.19681092428777,27.389821254527362,27.161717836681504,27.34595489501953,311399,0.0,0.0,0.0
2021-05-21 00:00:00-04:00,27.47755647241927,27.4951030188728,27.293319386252325,27.319639205932617,628423,0.0,0.0,0.0
2021-05-25 00:00:00-04:00,27.495098017963713,27.5301894528931,27.354727323461724,27.363500595092773,504653,0.0,0.0,0.0
2021-05-26 00:00:00-04:00,27.495102847914907,27.653020113419668,27.468783028398263,27.609153747558594,291461,0.0,0.0,0.0
2021-05-27 00:00:00-04:00,27.670563805980407,27.749521609504797,27.63547236641125,27.6881103515625,313866,0.0,0.0,0.0
2021-05-28 00:00:00-04:00,27.81970574422088,27.854798832802114,27.76706611134903,27.78461265563965,308339,0.0,0.0,0.0
2021-05-31 00:00:00-04:00,27.87234393712244,27.881117208814494,27.5828292744743,27.62669563293457,197499,0.0,0.0,0.0
2021-06-01 00:00:00-04:00,27.91621611002409,28.021492089066175,27.872349742427254,27.951309204101562,783579,0.0,0.0,0.0
2021-06-02 00:00:00-04:00,28.065359839873423,28.065359839873423,27.907444211932212,27.942537307739258,449973,0.0,0.0,0.0
2021-06-03 00:00:00-04:00,27.916212613199704,28.01271530663435,27.86357297867721,27.924985885620117,338640,0.0,0.0,0.0
2021-06-04 00:00:00-04:00,28.03903577754041,28.056582322790284,27.96007962710597,28.03026580810547,254054,0.0,0.0,0.0
2021-06-07 00:00:00-04:00,28.082905663051292,28.082905663051292,27.98640295526282,28.065359115600586,206678,0.0,0.0,0.0
2021-06-08 00:00:00-04:00,28.08290068824716,28.144313593445514,28.01271451087762,28.109220504760742,237571,0.0,0.0,0.0
2021-06-09 00:00:00-04:00,28.091675413290034,28.091675413290034,27.95130635448103,28.03026580810547,248921,0.0,0.0,0.0
2021-06-10 00:00:00-04:00,28.117994090052132,28.126767362321022,27.968851764670834,28.082901000976562,236090,0.0,0.0,0.0
2021-06-11 00:00:00-04:00,28.153084555219536,28.223270726829217,28.117991469414697,28.196950912475586,417304,0.0,0.0,0.0
2021-06-14 00:00:00-04:00,28.17940892828539,28.258368384119912,28.161862382544385,28.240821838378906,245763,0.0,0.0,0.0
2021-06-15 00:00:00-04:00,28.31100294952866,28.389962400430488,28.302229677206235,28.34609603881836,462410,0.0,0.0,0.0
2021-06-16 00:00:00-04:00,28.372415855785636,28.433828762042612,28.284683132561383,28.34609603881836,528933,0.0,0.0,0.0
2021-06-17 00:00:00-04:00,28.311003653171834,28.37241656095517,28.144314778092742,28.22327423095703,811018,0.0,0.0,0.0
2021-06-18 00:00:00-04:00,28.074125912556656,28.19695171637538,27.995169770434266,28.021486282348633,519359,0.0,0.0,0.0
2021-06-21 00:00:00-04:00,28.14431775630522,28.337326469429794,28.04781174814778,28.24959373474121,368151,0.0,0.0,0.0
2021-06-22 00:00:00-04:00,28.311001887409912,28.372414791362914,28.179406110700377,28.328548431396484,327881,0.0,0.0,0.0
2021-06-23 00:00:00-04:00,28.363646289836367,28.372419563305225,28.24959373474121,28.24959373474121,248724,0.0,0.0,0.0
2021-06-24 00:00:00-04:00,28.356725683672163,28.392039595723332,28.277269381557037,28.33024024963379,162164,0.204,0.0,0.0
2021-06-25 00:00:00-04:00,28.356725692749023,28.365554170764643,28.25078395656161,28.356725692749023,249514,0.0,0.0,0.0
2021-06-28 00:00:00-04:00,28.453838914386584,28.462664068415712,28.19781305226239,28.250783920288086,460238,0.0,0.0,0.0
2021-06-29 00:00:00-04:00,28.30375353837681,28.35672440406323,28.277268105533597,28.31258201599121,218621,0.0,0.0,0.0
2021-06-30 00:00:00-04:00,28.2861035689749,28.321417488154005,28.197818771027148,28.303760528564453,245467,0.0,0.0,0.0
2021-07-02 00:00:00-04:00,28.436176271250083,28.533286185900423,28.321406080148016,28.38320541381836,260963,0.0,0.0,0.0
2021-07-05 00:00:00-04:00,28.383210683071837,28.48914909362793,28.35672524943904,28.48914909362793,174798,0.0,0.0,0.0
2021-07-06 00:00:00-04:00,28.515630081725863,28.515630081725863,28.321406922672814,28.50680160522461,250402,0.0,0.0,0.0
2021-07-07 00:00:00-04:00,28.524461735554556,28.603918032916464,28.40086637474432,28.497976303100586,560123,0.0,0.0,0.0
2021-07-08 00:00:00-04:00,28.233124246715853,28.25960967817936,28.06538650475514,28.180156707763672,547686,0.0,0.0,0.0
2021-07-09 00:00:00-04:00,28.294924475835746,28.453837069609886,28.268439043540056,28.436180114746094,299949,0.0,0.0,0.0
2021-07-12 00:00:00-04:00,28.374383304702263,28.48915019758317,28.374383304702263,28.41852569580078,197104,0.0,0.0,0.0
2021-07-13 00:00:00-04:00,28.4626604757468,28.533288290866142,28.436178369051785,28.47148895263672,276952,0.0,0.0,0.0
2021-07-14 00:00:00-04:00,28.515636233214728,28.533293190026257,28.27727064023437,28.2949275970459,236584,0.0,0.0,0.0
2021-07-15 00:00:00-04:00,28.277269390608463,28.383211126795878,28.215470044499135,28.356725692749023,350385,0.0,0.0,0.0
2021-07-16 00:00:00-04:00,28.392038070783805,28.409695025861033,28.056559248291464,28.065387725830078,259680,0.0,0.0,0.0
2021-07-19 00:00:00-04:00,27.80936133328977,27.80936133328977,27.535681891632727,27.712249755859375,903796,0.0,0.0,0.0
2021-07-20 00:00:00-04:00,27.7563955720126,28.056560497717555,27.694596226490233,28.003589630126953,418883,0.0,0.0,0.0
2021-07-21 00:00:00-04:00,28.100704380377493,28.277270624418737,28.100704380377493,28.24195671081543,282776,0.0,0.0,0.0
2021-07-22 00:00:00-04:00,28.241951616092003,28.259608569708423,28.153670171984615,28.224294662475586,247836,0.0,0.0,0.0
2021-07-23 00:00:00-04:00,28.321406080148016,28.39203389005698,28.312577603909396,28.38320541381836,164730,0.0,0.0,0.0
2021-07-26 00:00:00-04:00,28.37438327930228,28.40969719214948,28.268441540760676,28.339069366455078,228392,0.0,0.0,0.0
2021-07-27 00:00:00-04:00,28.33024025870217,28.356725692749023,28.215470044499135,28.356725692749023,200460,0.0,0.0,0.0
2021-07-28 00:00:00-04:00,28.400866205018506,28.453837069609886,28.33023838556333,28.436180114746094,187530,0.0,0.0,0.0
2021-07-29 00:00:00-04:00,28.51563137437657,28.621573097194123,28.497974420573648,28.550945281982422,257311,0.0,0.0,0.0
2021-07-30 00:00:00-04:00,28.43618283332583,28.533292770385742,28.409697398498057,28.533292770385742,219213,0.0,0.0,0.0
2021-08-03 00:00:00-04:00,28.5686041761691,28.65688895118004,28.48031940115816,28.630403518676758,211613,0.0,0.0,0.0
2021-08-04 00:00:00-04:00,28.612747812405587,28.718689547042274,28.568605422973633,28.568605422973633,155058,0.0,0.0,0.0
2021-08-05 00:00:00-04:00,28.621575041175664,28.70985649221164,28.61274656367457,28.630403518676758,169567,0.0,0.0,0.0
2021-08-06 00:00:00-04:00,28.648060048723643,28.833454749521575,28.648060048723643,28.7893123626709,144201,0.0,0.0,0.0
2021-08-09 00:00:00-04:00,28.709859069923365,28.745172983098396,28.6304060892548,28.718690872192383,157920,0.0,0.0,0.0
2021-08-10 00:00:00-04:00,28.762826303077166,28.877596506385125,28.762826303077166,28.806968688964844,149827,0.0,0.0,0.0
2021-08-11 00:00:00-04:00,28.851111109557923,28.91291044987501,28.80696872361715,28.886425018310547,204112,0.0,0.0,0.0
2021-08-12 00:00:00-04:00,28.91291170873046,28.91291170873046,28.72751700368204,28.851112365722656,177759,0.0,0.0,0.0
2021-08-13 00:00:00-04:00,28.912908527453578,28.921737004054727,28.833452238043233,28.85993766784668,88139,0.0,0.0,0.0
2021-08-16 00:00:00-04:00,28.789311107318103,28.83345349224396,28.745168722392247,28.82462501525879,174502,0.0,0.0,0.0
2021-08-17 00:00:00-04:00,28.718685751378526,28.745167857562528,28.524459263548273,28.64805793762207,197894,0.0,0.0,0.0
2021-08-18 00:00:00-04:00,28.63923197490805,28.683374362380736,28.559775677457214,28.57743263244629,203322,0.0,0.0,0.0
2021-08-19 00:00:00-04:00,28.427350858496126,28.48915020605242,28.30375548735877,28.445011138916016,366671,0.0,0.0,0.0
2021-08-20 00:00:00-04:00,28.453836021090755,28.639230716353886,28.445007543984186,28.61274528503418,321170,0.0,0.0,0.0
2021-08-23 00:00:00-04:00,28.727515092396672,28.82462501525879,28.683372707470816,28.82462501525879,225826,0.0,0.0,0.0
2021-08-24 00:00:00-04:00,28.886425029850734,28.957052847384194,28.84228264389232,28.91291046142578,188024,0.0,0.0,0.0
2021-08-25 00:00:00-04:00,28.939395276827547,29.010019768882433,28.912909845816422,28.95705223083496,193452,0.0,0.0,0.0
2021-08-26 00:00:00-04:00,28.97471042057938,28.983535573984696,28.851111737256137,28.8687686920166,162164,0.0,0.0,0.0
2021-08-27 00:00:00-04:00,28.877595498317046,29.089475619206677,28.877595498317046,29.062990188598633,110051,0.0,0.0,0.0
2021-08-30 00:00:00-04:00,29.08947735758721,29.10713431238108,28.957053520608095,29.001195907592773,136897,0.0,0.0,0.0
2021-08-31 00:00:00-04:00,29.001192078474126,29.15127285043148,28.96587817354899,28.974706649780273,220298,0.0,0.0,0.0
2021-09-01 00:00:00-04:00,28.974714470296497,29.186594633061056,28.974714470296497,29.142452239990234,225628,0.0,0.0,0.0
2021-09-02 00:00:00-04:00,29.195420765753557,29.310187654540517,29.195420765753557,29.301359176635742,203125,0.0,0.0,0.0
2021-09-03 00:00:00-04:00,29.345502845146978,29.363159801726088,29.274878342805813,29.31901741027832,184766,0.0,0.0,0.0
2021-09-07 00:00:00-04:00,29.371989551507788,29.442617380881643,29.301361722133933,29.310190200805664,197597,0.0,0.0,0.0
2021-09-08 00:00:00-04:00,29.319017869673964,29.39847417552493,29.204250974086765,29.21307945251465,252771,0.0,0.0,0.0
2021-09-09 00:00:00-04:00,29.195419940539963,29.274876239437095,29.13362059695331,29.177762985229492,173515,0.0,0.0,0.0
2021-09-10 00:00:00-04:00,29.266041201174087,29.266041201174087,29.071818038213713,29.080646514892578,252672,0.0,0.0,0.0
2021-09-13 00:00:00-04:00,29.20424775673048,29.221904711641034,29.062992117446083,29.115962982177734,230070,0.0,0.0,0.0
2021-09-14 00:00:00-04:00,29.15127491955339,29.15127491955339,28.957051752653893,28.98353385925293,201743,0.0,0.0,0.0
2021-09-15 00:00:00-04:00,29.036507342745708,29.204248418195203,29.001196756099784,29.177762985229492,281591,0.0,0.0,0.0
2021-09-16 00:00:00-04:00,29.142446480422766,29.151274957292113,28.99236569761857,29.062990188598633,363117,0.0,0.0,0.0
2021-09-17 00:00:00-04:00,28.85993958674608,28.974709790192097,28.833454155181613,28.886425018310547,261259,0.0,0.0,0.0
2021-09-20 00:00:00-04:00,28.50680716249708,28.559778031831044,28.17133163799909,28.445011138916016,777263,0.0,0.0,0.0
2021-09-21 00:00:00-04:00,28.595087666489736,28.68337243550436,28.497974420573648,28.550945281982422,555780,0.0,0.0,0.0
2021-09-22 00:00:00-04:00,28.71869293936638,28.877602236117067,28.71869293936638,28.780488967895508,236387,0.0,0.0,0.0
2021-09-23 00:00:00-04:00,28.80696997785994,28.930568663875544,28.780484545142308,28.851112365722656,395491,0.0,0.0,0.0
2021-09-24 00:00:00-04:00,28.791880199967327,28.827415197069957,28.7563452028647,28.774112701416016,240729,0.206,0.0,0.0
2021-09-27 00:00:00-04:00,28.81853253063922,28.91625043155804,28.81853253063922,28.862951278686523,212699,0.0,0.0,0.0
2021-09-28 00:00:00-04:00,28.765222841346507,28.765222841346507,28.41876003798247,28.489830017089844,557458,0.0,0.0,0.0
2021-09-29 00:00:00-04:00,28.552018021391664,28.623088004911242,28.454296794052237,28.463180541992188,340811,0.0,0.0,0.0
2021-09-30 00:00:00-04:00,28.507602895693623,28.57867288822298,28.321047510089105,28.329931259155273,356406,0.0,0.0,0.0
2021-10-01 00:00:00-04:00,28.400991040188863,28.516479750126535,28.178900712016034,28.445409774780273,397268,0.0,0.0,0.0
2021-10-04 00:00:00-04:00,28.392113475259436,28.472067214932796,28.205558094139892,28.321046829223633,577691,0.0,0.0,0.0
2021-10-05 00:00:00-04:00,28.40099702502521,28.560904503251,28.338814128277892,28.49871826171875,113999,0.0,0.0,0.0
2021-10-06 00:00:00-04:00,28.338818053212506,28.525373458862305,28.27663180306744,28.525373458862305,216449,0.0,0.0,0.0
2021-10-07 00:00:00-04:00,28.658626256384146,28.925135411216083,28.658626256384146,28.854068756103516,124757,0.0,0.0,0.0
2021-10-08 00:00:00-04:00,28.91625043155804,28.978436678824263,28.85406752907706,28.862951278686523,165915,0.0,0.0,0.0
2021-10-12 00:00:00-04:00,28.85406507728877,28.93401547219512,28.791878835306637,28.88071632385254,211810,0.0,0.0,0.0
2021-10-13 00:00:00-04:00,28.916242502305415,29.138336181640625,28.871827111222704,29.138336181640625,194143,0.0,0.0,0.0
2021-10-14 00:00:00-04:00,29.31601007683757,29.449262950092933,29.29824258109891,29.42261505126953,278729,0.0,0.0,0.0
2021-10-15 00:00:00-04:00,29.50256579944462,29.626938271141878,29.46703415231575,29.58251953125,278729,0.0,0.0,0.0
2021-10-18 00:00:00-04:00,29.564757474575174,29.653594970703125,29.467039573619676,29.653594970703125,438031,0.0,0.0,0.0
2021-10-19 00:00:00-04:00,29.74243021560567,29.80461311340332,29.706895219844156,29.80461311340332,402301,0.0,0.0,0.0
2021-10-20 00:00:00-04:00,29.82237680731922,29.937865528813077,29.813493059512002,29.92898178100586,168678,0.0,0.0,0.0
2021-10-21 00:00:00-04:00,29.902335842945487,30.00005374137774,29.849033346645083,29.973405838012695,260469,0.0,0.0,0.0
2021-10-22 00:00:00-04:00,29.982282638549805,30.04446552503663,29.866793923331844,29.982282638549805,155453,0.0,0.0,0.0
2021-10-25 00:00:00-04:00,30.06223311158285,30.124419343044156,29.982282730202705,30.088884353637695,527453,0.0,0.0,0.0
2021-10-26 00:00:00-04:00,30.151072131401786,30.151072131401786,29.920098033198638,29.92898178100586,238262,0.0,0.0,0.0
2021-10-27 00:00:00-04:00,29.937865147848758,29.937865147848758,29.626937323337238,29.644704818725586,319788,0.0,0.0,0.0
2021-10-28 00:00:00-04:00,29.680240324934797,30.000048557909814,29.6624728292379,29.95563316345215,317024,0.0,0.0,0.0
2021-10-29 00:00:00-04:00,29.884561519360823,29.91121276142461,29.75130530904189,29.760189056396484,336962,0.0,0.0,0.0
2021-11-01 00:00:00-04:00,29.884564484258384,30.062236104193,29.884564484258384,30.05335235595703,226813,0.0,0.0,0.0
2021-11-02 00:00:00-04:00,30.07111854069741,30.07111854069741,29.9289819199068,29.95563316345215,156736,0.0,0.0,0.0
2021-11-03 00:00:00-04:00,29.946747061240014,30.106651165156126,29.928979566939965,30.079999923706055,196512,0.0,0.0,0.0
2021-11-04 00:00:00-04:00,30.186613082885742,30.231031830692185,30.09777558727285,30.186613082885742,294521,0.0,0.0,0.0
2021-11-05 00:00:00-04:00,30.275442537103523,30.37316376711827,30.275442537103523,30.355396270751953,225332,0.0,0.0,0.0
2021-11-08 00:00:00-05:00,30.50641877129136,30.52418626694796,30.453116284321567,30.488651275634766,129593,0.0,0.0,0.0
2021-11-09 00:00:00-05:00,30.515306818923722,30.550838470458984,30.373166833642497,30.550838470458984,187530,0.0,0.0,0.0
2021-11-10 00:00:00-05:00,30.488649347717956,30.550832233799408,30.293206907853968,30.364276885986328,147458,0.0,0.0,0.0
2021-11-11 00:00:00-05:00,30.568601800508993,30.577488893162336,30.488651414474795,30.515302658081055,139661,0.0,0.0,0.0
2021-11-12 00:00:00-05:00,30.541957515838124,30.826234136493245,30.541957515838124,30.817350387573242,192564,0.0,0.0,0.0
2021-11-15 00:00:00-05:00,30.79069914340169,30.79957954753745,30.657442909590436,30.692977905273438,234413,0.0,0.0,0.0
2021-11-16 00:00:00-05:00,30.73739746680823,30.835115362748617,30.710746219337647,30.728513717651367,116466,0.0,0.0,0.0
2021-11-17 00:00:00-05:00,30.73740785823485,30.781826619035844,30.61303532799206,30.639686584472656,262443,0.0,0.0,0.0
2021-11-18 00:00:00-05:00,30.648570336632854,30.70187284959405,30.53308490333647,30.639686584472656,118539,0.0,0.0,0.0
2021-11-19 00:00:00-05:00,30.550835531841166,30.59525427296901,30.470885142595776,30.506420135498047,209639,0.0,0.0,0.0
2021-11-22 00:00:00-05:00,30.5597247608561,30.5597247608561,30.319866860532724,30.328750610351562,232439,0.0,0.0,0.0
2021-11-23 00:00:00-05:00,30.34651266030432,30.46200138720956,30.2310272781838,30.382047653198242,339725,0.0,0.0,0.0
2021-11-24 00:00:00-05:00,30.26656227819242,30.515303883723618,30.21325978883901,30.506420135498047,227504,0.0,0.0,0.0
2021-11-25 00:00:00-05:00,30.568605420382934,30.692977905273438,30.568605420382934,30.692977905273438,111630,0.0,0.0,0.0
2021-11-26 00:00:00-05:00,30.16883962701623,30.16883962701623,29.8579117985481,29.92898178100586,610361,0.0,0.0,0.0
2021-11-29 00:00:00-05:00,30.15107679611031,30.15107679611031,29.81349767199326,29.964521408081055,466456,0.0,0.0,0.0
2021-11-30 00:00:00-05:00,29.83126213944729,29.87568088084244,29.289360183995917,29.316011428833008,794634,0.0,0.0,0.0
2021-12-01 00:00:00-05:00,29.653590007732685,29.769075388585573,28.98731558785451,29.005083084106445,648262,0.0,0.0,0.0
2021-12-02 00:00:00-05:00,29.067269154902355,29.520333617168575,29.04950165875194,29.431499481201172,648360,0.0,0.0,0.0
2021-12-03 00:00:00-05:00,29.53810646781922,29.53810646781922,29.04950692468162,29.2271785736084,613223,0.0,0.0,0.0
2021-12-06 00:00:00-05:00,29.307126688704994,29.609170775185127,29.191637964986114,29.58251953125,609867,0.0,0.0,0.0
2021-12-07 00:00:00-05:00,29.822377762089015,30.080003111961755,29.822377762089015,29.991168975830078,516596,0.0,0.0,0.0
2021-12-08 00:00:00-05:00,29.973406664374064,29.973406664374064,29.82238292069255,29.88456916809082,291461,0.0,0.0,0.0
2021-12-09 00:00:00-05:00,29.75131232347455,29.804614820169192,29.64471067487045,29.671361923217773,285243,0.0,0.0,0.0
2021-12-10 00:00:00-05:00,29.822381499358176,29.822381499358176,29.546988618790593,29.635826110839844,303799,0.0,0.0,0.0
2021-12-13 00:00:00-05:00,29.600285290680272,29.644704027966288,29.316008716834222,29.40484619140625,451355,0.0,0.0,0.0
2021-12-14 00:00:00-05:00,29.29824325082896,29.484798615564777,29.25382451046694,29.307126998901367,413454,0.0,0.0,0.0
2021-12-15 00:00:00-05:00,29.27159973427028,29.511457650762647,29.120579321954914,29.458158493041992,372889,0.0,0.0,0.0
2021-12-16 00:00:00-05:00,29.653595815260914,29.76908121873112,29.38708666407192,29.440385818481445,474944,0.0,0.0,0.0
2021-12-17 00:00:00-05:00,29.31601075622348,29.591403601770228,29.218289527396205,29.431499481201172,673035,0.0,0.0,0.0
2021-12-20 00:00:00-05:00,29.067274493605062,29.164992395595235,28.925134498295307,29.147228240966797,552819,0.0,0.0,0.0
2021-12-21 00:00:00-05:00,29.387082856862524,29.72465861845843,29.378199108147637,29.68912696838379,227207,0.0,0.0,0.0
2021-12-22 00:00:00-05:00,29.653592588863283,29.902334213256836,29.626941342165583,29.902334213256836,339331,0.0,0.0,0.0
2021-12-23 00:00:00-05:00,29.982282330419274,30.17772142476443,29.982282330419274,30.133302688598633,362426,0.0,0.0,0.0
2021-12-24 00:00:00-05:00,30.159961019829222,30.18661226779346,30.133309771864987,30.151077270507812,123770,0.0,0.0,0.0
2021-12-29 00:00:00-05:00,30.204383694706372,30.408706610887197,30.204383694706372,30.302104949951172,281098,0.0,0.0,0.0
2021-12-30 00:00:00-05:00,29.946389218805045,30.05223707268742,29.858179869867563,29.867002487182617,453900,0.206,0.987,0.0
2021-12-31 00:00:00-05:00,29.814069905378428,29.840534386291882,29.69058021058837,29.7523250579834,236200,0.0,0.0,0.0
2022-01-04 00:00:00-05:00,30.158074326439593,30.158074326439593,29.76114417268529,29.78760528564453,557300,0.0,0.0,0.0
2022-01-05 00:00:00-05:00,29.858176574865116,29.92874404622762,29.505349312579295,29.522991180419922,840900,0.0,0.0,0.0
2022-01-06 00:00:00-05:00,29.549449122215638,29.664119568427722,29.373033827622095,29.56709098815918,608100,0.0,0.0,0.0
2022-01-07 00:00:00-05:00,29.56709513114797,29.628839988181216,29.39067981183483,29.57591438293457,417200,0.0,0.0,0.0
2022-01-10 00:00:00-05:00,29.5494483430655,29.575909458862156,29.178979262545152,29.55826759338379,805600,0.0,0.0,0.0
2022-01-11 00:00:00-05:00,29.514171821117895,29.867002487182614,29.4788880815429,29.867002487182617,664200,0.0,0.0,0.0
2022-01-12 00:00:00-05:00,29.937562757116307,30.09633619997259,29.87581790321022,30.025772094726562,412700,0.0,0.0,0.0
2022-01-13 00:00:00-05:00,30.08751841477363,30.131621403306774,29.858177490653542,29.893461227416992,442700,0.0,0.0,0.0
2022-01-14 00:00:00-05:00,29.725868336985567,29.981670379638672,29.699403852159246,29.981670379638672,760200,0.0,0.0,0.0
2022-01-17 00:00:00-05:00,29.999306169137228,30.29039192199707,29.999306169137228,30.29039192199707,152100,0.0,0.0,0.0
2022-01-18 00:00:00-05:00,30.025775950427477,30.043417820214973,29.734690146197693,29.867002487182617,720300,0.0,0.0,0.0
2022-01-19 00:00:00-05:00,29.97284333149188,29.97284333149188,29.69058021058837,29.7523250579834,814900,0.0,0.0,0.0
2022-01-20 00:00:00-05:00,29.796428515741475,29.981666425727724,29.540629871664805,29.56709098815918,346700,0.0,0.0,0.0
2022-01-21 00:00:00-05:00,29.328932471134994,29.373035456017913,28.81732842493537,28.923179626464844,1118300,0.0,0.0,0.0
2022-01-24 00:00:00-05:00,28.446857132074488,28.887893676757812,27.952896673107013,28.887893676757812,4016600,0.0,0.0,0.0
2022-01-25 00:00:00-05:00,28.605632751560535,29.13487529983968,28.288085876656222,28.923179626464844,1770900,0.0,0.0,0.0
2022-01-26 00:00:00-05:00,29.21426121159596,29.39949912673479,28.790866511699434,28.940820693969727,2935600,0.0,0.0,0.0
2022-01-27 00:00:00-05:00,29.170161125028454,29.284831585818953,28.808511239312846,28.86143684387207,1389600,0.0,0.0,0.0
2022-01-28 00:00:00-05:00,28.887895717101873,29.14369773864746,28.667377429185066,29.14369773864746,824900,0.0,0.0,0.0
2022-01-31 00:00:00-05:00,29.143697234390487,29.65529790378768,29.09077163486306,29.6464786529541,525200,0.0,0.0,0.0
2022-02-01 00:00:00-05:00,29.761152868869296,29.96402931213379,29.61119866698712,29.96402931213379,481100,0.0,0.0,0.0
2022-02-02 00:00:00-05:00,30.025769407995195,30.105156122319745,29.911098961783765,30.01694679260254,535400,0.0,0.0,0.0
2022-02-03 00:00:00-05:00,29.743507236333393,29.840535819712684,29.620017535611378,29.6464786529541,977600,0.0,0.0,0.0
2022-02-04 00:00:00-05:00,29.734687776823808,29.98167056932562,29.717045908442085,29.893461227416992,453700,0.0,0.0,0.0
2022-02-07 00:00:00-05:00,29.849353790283203,29.964024235253326,29.734683345313076,29.849353790283203,552500,0.0,0.0,0.0
2022-02-08 00:00:00-05:00,29.875813314238794,30.078689712316987,29.796426605004577,30.04340934753418,279000,0.0,0.0,0.0
2022-02-09 00:00:00-05:00,30.299214020811363,30.422707099137572,30.255111032401736,30.369781494140625,434100,0.0,0.0,0.0
2022-02-10 00:00:00-05:00,30.25510326864105,30.60793381506288,30.2021810420668,30.27274513244629,1065800,0.0,0.0,0.0
2022-02-11 00:00:00-05:00,30.299216568938206,30.440348162623398,30.113981983134384,30.281578063964844,547700,0.0,0.0,0.0
2022-02-14 00:00:00-05:00,30.21982126597319,30.21982126597319,29.919916293848548,30.04340934753418,431300,0.0,0.0,0.0
2022-02-15 00:00:00-05:00,30.06987300138365,30.246288299560547,30.06987300138365,30.246288299560547,294000,0.0,0.0,0.0
2022-02-16 00:00:00-05:00,30.061052981535287,30.175720062300837,30.01694663448808,30.078691482543945,399900,0.0,0.0,0.0
2022-02-17 00:00:00-05:00,30.04341079413867,30.07869116062024,29.7523250579834,29.7523250579834,308200,0.0,0.0,0.0
2022-02-18 00:00:00-05:00,29.769967399247097,29.814070381685017,29.531807256272096,29.56709098815918,482300,0.0,0.0,0.0
2022-02-22 00:00:00-05:00,29.46124540398797,29.575912494102433,29.1701596409848,29.417139053344727,716500,0.0,0.0,0.0
2022-02-23 00:00:00-05:00,29.49652176993109,29.52298624969323,29.143694566572048,29.18779754638672,387300,0.0,0.0,0.0
2022-02-24 00:00:00-05:00,28.72029458723,29.22307586669922,28.676188250738168,29.22307586669922,2241400,0.0,0.0,0.0
2022-02-25 00:00:00-05:00,29.302468628603982,29.717040685766612,29.249543032760315,29.708221435546875,726700,0.0,0.0,0.0
2022-02-28 00:00:00-05:00,29.58473284772436,29.74350627634013,29.47888165208593,29.72586441040039,660400,0.0,0.0,0.0
2022-03-01 00:00:00-05:00,29.72586441680918,29.858173364122933,29.434778676003553,29.56709098815918,836000,0.0,0.0,0.0
2022-03-02 00:00:00-05:00,29.664118299578988,29.972842528280953,29.664118299578988,29.928739547729492,557500,0.0,0.0,0.0
2022-03-03 00:00:00-05:00,29.91109768254056,30.06105185422561,29.858172086973767,29.928739547729492,513900,0.0,0.0,0.0
2022-03-04 00:00:00-05:00,29.83171081783173,30.14925765991211,29.83171081783173,30.14925765991211,775500,0.0,0.0,0.0
2022-03-07 00:00:00-05:00,30.16690063942998,30.378596298742842,29.9904853467747,30.008127212524414,751000,0.0,0.0,0.0
2022-03-08 00:00:00-05:00,30.069873823790687,30.28157286036129,29.87581665400447,29.911100387573242,666200,0.0,0.0,0.0
2022-03-09 00:00:00-05:00,30.052237121199777,30.34332292589945,29.919924780001267,30.281578063964844,493900,0.0,0.0,0.0
2022-03-10 00:00:00-05:00,30.140435528389006,30.41387939453125,30.12279702784981,30.41387939453125,301700,0.0,0.0,0.0
2022-03-11 00:00:00-05:00,30.334491571055075,30.449162009408056,30.219821132702094,30.237462997436523,820400,0.0,0.0,0.0
2022-03-14 00:00:00-04:00,30.17572679635729,30.17572679635729,29.769973885772686,29.867002487182617,722600,0.0,0.0,0.0
2022-03-15 00:00:00-04:00,29.66411876363283,29.902278900146484,29.54944832053178,29.902278900146484,614800,0.0,0.0,0.0
2022-03-16 00:00:00-04:00,30.025775998897117,30.281578063964844,29.89346365769861,30.281578063964844,652200,0.0,0.0,0.0
2022-03-17 00:00:00-04:00,30.360958030508886,30.70496940612793,30.29039392399063,30.70496940612793,345400,0.0,0.0,0.0
2022-03-18 00:00:00-04:00,30.60794287500116,30.84610305960499,30.55501726791949,30.775535583496094,809100,0.0,0.0,0.0
2022-03-21 00:00:00-04:00,30.899016235407775,31.048970395718168,30.899016235407775,31.04014778137207,468400,0.0,0.0,0.0
2022-03-22 00:00:00-04:00,31.12835917092933,31.24302624632315,31.084256190790036,31.137178421020508,990600,0.0,0.0,0.0
2022-03-23 00:00:00-04:00,31.146000054856504,31.15481930466988,30.92548179626465,30.92548179626465,418800,0.0,0.0,0.0
2022-03-24 00:00:00-04:00,31.04897675452316,31.093079740761482,30.828458458489393,30.951948165893555,921600,0.0,0.0,0.0
2022-03-25 00:00:00-04:00,30.967929428532383,31.056690216064453,30.88804641269244,31.056690216064453,251000,0.218,0.0,0.0
2022-03-28 00:00:00-04:00,30.95016868155119,31.021177291870117,30.85253353530112,31.021177291870117,262200,0.0,0.0,0.0
2022-03-29 00:00:00-04:00,31.02118510812687,31.180951135723017,30.90579778022348,31.172073364257812,857000,0.0,0.0,0.0
2022-03-30 00:00:00-04:00,31.15431833138661,31.207574797628535,31.07443532496244,31.18094825744629,202200,0.0,0.0,0.0
2022-03-31 00:00:00-04:00,31.225319455754914,31.305202442998947,30.932414040567902,30.94129180908203,1446800,0.0,0.0,0.0
2022-04-01 00:00:00-04:00,31.047802377233385,31.101058832484412,30.834783327982755,31.0034236907959,314900,0.0,0.0,0.0
2022-04-04 00:00:00-04:00,31.01230447395225,31.198700412860266,30.985677933770003,31.18094825744629,355600,0.0,0.0,0.0
2022-04-05 00:00:00-04:00,31.127689147968923,31.358463762876728,30.950170994780724,30.9768009185791,356400,0.0,0.0,0.0
2022-04-06 00:00:00-04:00,30.905790155735755,30.905790155735755,30.66614117346316,30.78152847290039,748300,0.0,0.0,0.0
2022-04-07 00:00:00-04:00,30.763784461336364,30.870294019684476,30.56851411613331,30.834793090820312,1010400,0.0,0.0,0.0
2022-04-08 00:00:00-04:00,30.91466522216797,31.012296974519238,30.843656617683457,30.91466522216797,637800,0.0,0.0,0.0
2022-04-11 00:00:00-04:00,30.905789695201033,30.932416230875578,30.71051940458271,30.799280166625977,308700,0.0,0.0,0.0
2022-04-12 00:00:00-04:00,30.93241418440337,31.01229717201886,30.666138687643944,30.701642990112305,233600,0.0,0.0,0.0
2022-04-13 00:00:00-04:00,30.79927981124125,30.923541490791138,30.728271202425983,30.870285034179688,167000,0.0,0.0,0.0
2022-04-14 00:00:00-04:00,30.888043387014424,30.976804165851817,30.861416846301957,30.896921157836914,208600,0.0,0.0,0.0
2022-04-18 00:00:00-04:00,30.905787453669095,31.03892689413924,30.87028315142684,30.91466522216797,160500,0.0,0.0,0.0
2022-04-19 00:00:00-04:00,30.896915731727404,31.127686944421626,30.843659273777853,31.118812561035156,159000,0.0,0.0,0.0
2022-04-20 00:00:00-04:00,31.10993049492452,31.17206132767914,30.994543211576033,31.092178344726562,202100,0.0,0.0,0.0
2022-04-21 00:00:00-04:00,31.225323360133306,31.251949897251794,30.54188069178336,30.60401153564453,349500,0.0,0.0,0.0
2022-04-22 00:00:00-04:00,30.533005014111374,30.533005014111374,29.929445368571535,29.982698440551758,396700,0.0,0.0,0.0
2022-04-25 00:00:00-04:00,29.672045282814867,29.79630696966181,29.23712599297355,29.72530174255371,675100,0.0,0.0,0.0
2022-04-26 00:00:00-04:00,29.74304897028542,29.74304897028542,29.246002248627093,29.272628784179688,1149600,0.0,0.0,0.0
2022-04-27 00:00:00-04:00,29.32588531405919,29.485651299525607,29.16611932859277,29.343637466430664,530100,0.0,0.0,0.0
2022-04-28 00:00:00-04:00,29.59216484916723,29.991579867109927,29.441273226443403,29.858440399169922,1770100,0.0,0.0,0.0
2022-04-29 00:00:00-04:00,29.78742683865689,29.94719280117043,29.352507632730845,29.388011932373047,1541500,0.0,0.0,0.0
2022-05-02 00:00:00-04:00,29.30813593755473,29.370266783801075,28.93534747419948,29.281509399414062,798800,0.0,0.0,0.0
2022-05-03 00:00:00-04:00,29.343639200388196,29.751928571427953,29.308134893547244,29.583288192749023,507200,0.0,0.0,0.0
2022-05-04 00:00:00-04:00,29.654292081791727,30.0004505931708,29.42352086949798,29.982698440551758,507200,0.0,0.0,0.0
2022-05-05 00:00:00-04:00,29.911694724109484,29.938321261442116,29.06848605451308,29.299257278442383,688900,0.0,0.0,0.0
2022-05-06 00:00:00-04:00,29.2104963920311,29.325883683089955,28.882090056115388,29.201622009277344,1315800,0.0,0.0,0.0
2022-05-09 00:00:00-04:00,28.76670829692407,28.793334836182318,28.23415550355647,28.30516242980957,1240200,0.0,0.0,0.0
2022-05-10 00:00:00-04:00,28.53593464638334,28.633566410710813,27.92349720814669,28.127643585205078,1156200,0.0,0.0,0.0
2022-05-11 00:00:00-04:00,28.189771982822293,28.5714330879977,28.01225385111502,28.074384689331055,907300,0.0,0.0,0.0
2022-05-12 00:00:00-04:00,27.825862792434826,28.04775962221032,27.58621380997206,27.92349624633789,865300,0.0,0.0,0.0
2022-05-13 00:00:00-04:00,28.172019618280068,28.58031064094762,28.172019618280068,28.4560489654541,538500,0.0,0.0,0.0
2022-05-16 00:00:00-04:00,28.500429326724333,28.757830461590952,28.40279417999031,28.624691009521484,332300,0.0,0.0,0.0
2022-05-17 00:00:00-04:00,28.961972785821374,29.050730156073158,28.79332904211569,29.006351470947266,435200,0.0,0.0,0.0
2022-05-18 00:00:00-04:00,29.05960808527012,29.05960808527012,28.38503987847155,28.429418563842773,308500,0.0,0.0,0.0
2022-05-19 00:00:00-04:00,28.20752648509139,28.80221007504538,28.20752648509139,28.589187622070312,568100,0.0,0.0,0.0
2022-05-20 00:00:00-04:00,28.775581096403172,28.79333325022331,28.243030025307558,28.598066329956055,706900,0.0,0.0,0.0
2022-05-24 00:00:00-04:00,28.766705957224854,28.837714570641232,28.553683502852763,28.757831573486328,351500,0.0,0.0,0.0
2022-05-25 00:00:00-04:00,28.722328398389344,28.953099629330477,28.722328398389344,28.87321662902832,368000,0.0,0.0,0.0
2022-05-26 00:00:00-04:00,29.006353501822083,29.210498176395653,28.97084919688489,29.103988647460938,209500,0.0,0.0,0.0
2022-05-27 00:00:00-04:00,29.148370603553936,29.432398303140452,29.139496219263155,29.41464614868164,190900,0.0,0.0,0.0
2022-05-30 00:00:00-04:00,29.51227398003973,29.680914326724448,29.485647447899094,29.63653564453125,210700,0.0,0.0,0.0
2022-05-31 00:00:00-04:00,29.583290386756335,29.60991692592324,29.352515761052103,29.396894454956055,512400,0.0,0.0,0.0
2022-06-01 00:00:00-04:00,29.54778654094003,29.574413080524756,29.21937675196739,29.37914276123047,411000,0.0,0.0,0.0
2022-06-02 00:00:00-04:00,29.38801496678811,29.840682983398438,29.38801496678811,29.840682983398438,1942100,0.0,0.0,0.0
2022-06-03 00:00:00-04:00,29.663166279433476,29.663166279433476,29.43239506858465,29.494525909423828,335900,0.0,0.0,0.0
2022-06-06 00:00:00-04:00,29.645415648730847,29.689794334271653,29.49452405484011,29.521150588989258,415900,0.0,0.0,0.0
2022-06-07 00:00:00-04:00,29.396894784819253,29.689800262451172,29.343641705887883,29.689800262451172,614700,0.0,0.0,0.0
2022-06-08 00:00:00-04:00,29.636542122565597,29.672046430431347,29.379140969354637,29.476776123046875,199300,0.0,0.0,0.0
2022-06-09 00:00:00-04:00,29.370264748724217,29.459022126961198,29.174994453550525,29.18387222290039,255700,0.0,0.0,0.0
2022-06-10 00:00:00-04:00,28.917598591724655,28.93534735983016,28.65131966786175,28.77558135986328,790400,0.0,0.0,0.0
2022-06-13 00:00:00-04:00,28.19864773784167,28.25190249957254,27.81698494407066,28.021129608154297,896800,0.0,0.0,0.0
2022-06-14 00:00:00-04:00,28.154270591475566,28.216403129056722,27.603967373550823,27.745981216430664,636500,0.0,0.0,0.0
2022-06-15 00:00:00-04:00,27.8879894456647,28.03000325995821,27.515202759909684,27.843610763549805,901500,0.0,0.0,0.0
2022-06-16 00:00:00-04:00,27.390945624843308,27.435324314296402,26.920523729123477,26.982654571533203,495600,0.0,0.0,0.0
2022-06-17 00:00:00-04:00,26.956026727891935,27.257804848828503,26.68087344922226,26.89389419555664,4139400,0.0,0.0,0.0
2022-06-20 00:00:00-04:00,26.964901798543078,27.248931160502732,26.814011887758255,27.240055084228516,1429600,0.0,0.0,0.0
2022-06-21 00:00:00-04:00,27.346565970404548,27.53296019553394,27.328815509913895,27.35544204711914,184900,0.0,0.0,0.0
2022-06-22 00:00:00-04:00,26.920521369545526,27.195672944502398,26.831762305480563,27.000404357910156,339000,0.0,0.0,0.0
2022-06-23 00:00:00-04:00,27.04478708022335,27.089167465349288,26.5211103863074,26.592117309570312,453000,0.0,0.0,0.0
2022-06-24 00:00:00-04:00,26.76031872307979,27.136090570712092,26.751371571172506,27.109249114990234,451100,0.238,0.0,0.0
2022-06-27 00:00:00-04:00,27.216613520939127,27.422392897511756,27.10030395789648,27.37765884399414,399400,0.0,0.0,0.0
2022-06-28 00:00:00-04:00,27.628174997011484,27.72659197224354,27.234510509073115,27.3239803314209,735000,0.0,0.0,0.0
2022-06-29 00:00:00-04:00,27.43134279841292,27.43134279841292,27.05557090912665,27.153987884521484,399400,0.0,0.0,0.0
2022-06-30 00:00:00-04:00,26.831894361870198,26.88557556707931,26.554539477379244,26.849788665771484,592600,0.0,0.0,0.0
2022-07-04 00:00:00-04:00,26.93031307216119,27.234509432218758,26.93031307216119,27.100305557250977,285100,0.0,0.0,0.0
2022-07-05 00:00:00-04:00,26.840844229709976,26.840844229709976,26.375602520169554,26.805055618286133,823100,0.0,0.0,0.0
2022-07-06 00:00:00-04:00,26.769263896297684,26.84083939977062,26.39349207644111,26.670846939086914,761500,0.0,0.0,0.0
2022-07-07 00:00:00-04:00,26.849787303040515,27.17187793093733,26.849787303040515,27.136089324951172,288200,0.0,0.0,0.0
2022-07-08 00:00:00-04:00,27.127145308347618,27.20766797462726,26.93031307216119,27.100305557250977,347200,0.0,0.0,0.0
2022-07-11 00:00:00-04:00,26.95715380384762,27.01083672098338,26.76032156050125,26.805055618286133,521300,0.0,0.0,0.0
2022-07-12 00:00:00-04:00,26.652956593649236,26.76926615667839,26.527698172123895,26.599273681640625,327600,0.0,0.0,0.0
2022-07-13 00:00:00-04:00,26.366652972661438,26.61716811039147,26.178767899234984,26.51875114440918,393600,0.0,0.0,0.0
2022-07-14 00:00:00-04:00,26.268234705234512,26.268234705234512,25.88351574389711,26.11613655090332,546100,0.0,0.0,0.0
2022-07-15 00:00:00-04:00,26.339811786499453,26.366651534671004,26.080349510876662,26.187713623046875,463900,0.0,0.0,0.0
2022-07-18 00:00:00-04:00,26.384544477778924,26.688740789004147,26.384544477778924,26.474014282226562,505300,0.0,0.0,0.0
2022-07-19 00:00:00-04:00,26.706636747778205,26.983991622924805,26.66190098953218,26.983991622924805,300600,0.0,0.0,0.0
2022-07-20 00:00:00-04:00,26.966097858369164,27.145037481938832,26.84084114576723,27.09135627746582,484300,0.0,0.0,0.0
2022-07-21 00:00:00-04:00,26.992936637036422,27.153981940979754,26.885572532242684,27.145034790039062,116900,0.0,0.0,0.0
2022-07-22 00:00:00-04:00,27.19871971674903,27.27029522758936,26.93925912988836,27.05556869506836,364800,0.0,0.0,0.0
2022-07-25 00:00:00-04:00,27.118201040328113,27.252404929570908,27.028731212001237,27.234512329101562,346900,0.0,0.0,0.0
2022-07-26 00:00:00-04:00,27.153987356185382,27.24345717694033,26.975047714675487,27.04662322998047,276700,0.0,0.0,0.0
2022-07-27 00:00:00-04:00,27.171879344421466,27.538704042388588,27.171879344421466,27.458181381225586,693200,0.0,0.0,0.0
2022-07-28 00:00:00-04:00,27.57449314746942,27.762379940697077,27.386608060736645,27.735538482666016,380900,0.0,0.0,0.0
2022-07-29 00:00:00-04:00,27.878687993820886,28.13815028783565,27.878687993820886,28.10236167907715,239200,0.0,0.0,0.0
2022-08-02 00:00:00-04:00,27.91447438593352,28.048678245131395,27.789215971720136,27.82500457763672,475300,0.0,0.0,0.0
2022-08-03 00:00:00-04:00,27.9771074766009,27.9771074766009,27.789220676717008,27.86974334716797,456400,0.0,0.0,0.0
2022-08-04 00:00:00-04:00,27.959212597958576,27.96815975076931,27.869742776346126,27.932371139526367,240500,0.0,0.0,0.0
2022-08-05 00:00:00-04:00,27.88763671341835,27.9950008392334,27.73553853063571,27.9950008392334,765900,0.0,0.0,0.0
2022-08-08 00:00:00-04:00,28.0576265036388,28.20077751996392,28.04867935180664,28.04867935180664,522400,0.0,0.0,0.0
2022-08-09 00:00:00-04:00,28.129199082079463,28.138146232979757,27.887631127255172,27.914472579956055,200800,0.0,0.0,0.0
2022-08-10 00:00:00-04:00,28.13814656528205,28.39760711847653,28.129199414276094,28.361820220947266,306500,0.0,0.0,0.0
2022-08-11 00:00:00-04:00,28.567604873434977,28.674967292431337,28.469187900609242,28.522869110107422,530800,0.0,0.0,0.0
2022-08-12 00:00:00-04:00,28.63917938565648,28.818119030374863,28.58549988133386,28.809173583984375,394500,0.0,0.0,0.0
2022-08-15 00:00:00-04:00,28.63917938565648,28.836013336145683,28.576552728448448,28.809173583984375,202400,0.0,0.0,0.0
2022-08-16 00:00:00-04:00,28.80022168871318,28.96126701068462,28.78232738482863,28.93442726135254,222700,0.0,0.0,0.0
2022-08-17 00:00:00-04:00,28.800220489501953,28.889692005199187,28.73759213500856,28.800220489501953,349200,0.0,0.0,0.0
2022-08-18 00:00:00-04:00,28.89863863396131,29.006001044206208,28.844959135333603,28.92548179626465,295800,0.0,0.0,0.0
2022-08-19 00:00:00-04:00,28.80916942824272,28.80916942824272,28.64812411252605,28.701807022094727,525300,0.0,0.0,0.0
2022-08-22 00:00:00-04:00,28.460240747943732,28.531816262772935,28.33498402361635,28.522869110107422,965800,0.0,0.0,0.0
2022-08-23 00:00:00-04:00,28.549707412719727,28.67496412320343,28.487079057477878,28.549707412719727,340500,0.0,0.0,0.0
2022-08-24 00:00:00-04:00,28.504978045334855,28.66602338899132,28.504978045334855,28.585500717163086,214600,0.0,0.0,0.0
2022-08-25 00:00:00-04:00,28.755483494232998,28.844955000770362,28.692855146151338,28.82706069946289,832200,0.0,0.0,0.0
2022-08-26 00:00:00-04:00,28.853904214681645,28.8628496600096,28.37076825522532,28.39760971069336,401400,0.0,0.0,0.0
2022-08-29 00:00:00-04:00,28.200777831852356,28.406557206783702,28.138149474829312,28.326034545898438,260500,0.0,0.0,0.0
2022-08-30 00:00:00-04:00,28.31708710610665,28.31708710610665,27.85184544938675,27.878686904907227,558600,0.0,0.0,0.0
2022-08-31 00:00:00-04:00,27.78921722195616,27.878687034278204,27.619226455688477,27.619226455688477,500300,0.0,0.0,0.0
2022-09-01 00:00:00-04:00,27.44028742238283,27.4671288786063,27.15398538197826,27.386606216430664,442500,0.0,0.0,0.0
2022-09-02 00:00:00-04:00,27.66396300886523,27.851848095877283,27.46713076916286,27.5655460357666,388300,0.0,0.0,0.0
2022-09-06 00:00:00-04:00,27.628168763187226,27.690798819245718,27.279238411905457,27.306079864501953,1903300,0.0,0.0,0.0
2022-09-07 00:00:00-04:00,27.216618497898015,27.556601803689183,27.15399012892294,27.520814895629883,248200,0.0,0.0,0.0
2022-09-08 00:00:00-04:00,27.43133899983323,27.76237678527832,27.422391848173127,27.76237678527832,421000,0.0,0.0,0.0
2022-09-09 00:00:00-04:00,27.994999452415648,28.308141248666093,27.994999452415648,28.281301498413086,331600,0.0,0.0,0.0
2022-09-12 00:00:00-04:00,28.50497828224226,28.657074767520815,28.451295362913957,28.6033935546875,417500,0.0,0.0,0.0
2022-09-13 00:00:00-04:00,28.200776954196968,28.388662019418792,28.05762594074376,28.11130714416504,1694500,0.0,0.0,0.0
2022-09-14 00:00:00-04:00,28.200777735123513,28.352875904441234,28.129202226414865,28.23656463623047,540100,0.0,0.0,0.0
2022-09-15 00:00:00-04:00,28.10236136345842,28.308140742024314,27.96815749511087,28.003944396972656,486000,0.0,0.0,0.0
2022-09-16 00:00:00-04:00,27.76237678527832,27.807110837084153,27.610278620045932,27.76237678527832,363300,0.0,0.0,0.0
2022-09-19 00:00:00-04:00,27.511861320705233,28.012889862060547,27.511861320705233,28.012889862060547,268600,0.0,0.0,0.0
2022-09-20 00:00:00-04:00,27.914478123216654,27.914478123216654,27.57449314746942,27.735538482666016,369000,0.0,0.0,0.0
2022-09-21 00:00:00-04:00,27.89658158839374,27.93236848974688,27.458181381225586,27.458181381225586,1023400,0.0,0.0,0.0
2022-09-22 00:00:00-04:00,27.574489611807895,27.610278217927082,27.189770628499954,27.22555923461914,457400,0.0,0.0,0.0
2022-09-23 00:00:00-04:00,26.867146427439327,26.89423086409354,26.31644160240248,26.478944778442383,857300,0.273,0.0,0.0
2022-09-26 00:00:00-04:00,26.40672450542365,26.65047929874001,26.17199785874229,26.262277603149414,738300,0.0,0.0,0.0
2022-09-27 00:00:00-04:00,26.478948627838435,26.569228374534273,26.144914081646718,26.253250122070312,745900,0.0,0.0,0.0
2022-09-28 00:00:00-04:00,26.25324660486518,26.812979581836363,26.171995015918675,26.74978256225586,508600,0.0,0.0,0.0
2022-09-29 00:00:00-04:00,26.59631114879189,26.59631114879189,26.181026723842862,26.45186424255371,352700,0.0,0.0,0.0
2022-09-30 00:00:00-04:00,26.46089324122699,26.794927798869878,26.35255891903249,26.442838668823242,746500,0.0,0.0,0.0
2022-10-03 00:00:00-04:00,26.704647445905508,27.201183475624966,26.668536579970638,27.074792861938477,538400,0.0,0.0,0.0
2022-10-04 00:00:00-04:00,27.499102691125152,27.833137207858552,27.499102691125152,27.78799819946289,496900,0.0,0.0,0.0
2022-10-05 00:00:00-04:00,27.60743970644822,27.67966315562237,27.399797505315387,27.598411560058594,497300,0.0,0.0,0.0
2022-10-06 00:00:00-04:00,27.52618953822501,27.553273978798323,27.128959686197827,27.255352020263672,1155300,0.0,0.0,0.0
2022-10-07 00:00:00-04:00,27.06576374410339,27.06576374410339,26.59631045018892,26.68659019470215,527200,0.0,0.0,0.0
2022-10-11 00:00:00-04:00,26.35256106613238,26.442840823278765,26.09977809051114,26.162973403930664,561700,0.0,0.0,0.0
2022-10-12 00:00:00-04:00,26.099773709701463,26.2081097444817,26.036578406889177,26.144912719726562,474600,0.0,0.0,0.0
2022-10-13 00:00:00-04:00,25.819908693676645,26.785897996268517,25.67546179171578,26.713674545288086,1324900,0.0,0.0,0.0
2022-10-14 00:00:00-04:00,26.840064162520676,26.948400195960737,26.30741558548794,26.325471878051758,579200,0.0,0.0,0.0
2022-10-17 00:00:00-04:00,26.62339661118562,26.93034672920754,26.62339661118562,26.740760803222656,696200,0.0,0.0,0.0
2022-10-18 00:00:00-04:00,27.21021333348153,27.21021333348153,26.803957025969652,27.00257110595703,447700,0.0,0.0,0.0
2022-10-19 00:00:00-04:00,26.867148864786696,26.930344167436818,26.677561234893474,26.82200813293457,365300,0.0,0.0,0.0
2022-10-20 00:00:00-04:00,26.8400659134125,27.047708125613266,26.614367407470024,26.677562713623047,400000,0.0,0.0,0.0
2022-10-21 00:00:00-04:00,26.632423992092804,27.101877302846855,26.57825683221902,27.074792861938477,584000,0.0,0.0,0.0
2022-10-24 00:00:00-04:00,27.165075302124023,27.219242467366524,26.975487640860575,27.165075302124023,307500,0.0,0.0,0.0
2022-10-25 00:00:00-04:00,27.101875226525983,27.435908029090296,27.101875226525983,27.4268798828125,268000,0.0,0.0,0.0
2022-10-26 00:00:00-04:00,27.42688034688649,27.91438992247938,27.42688034688649,27.69771957397461,333800,0.0,0.0,0.0
2022-10-27 00:00:00-04:00,27.85119799132667,28.022729350388666,27.751890090510297,27.778974533081055,268300,0.0,0.0,0.0
2022-10-28 00:00:00-04:00,27.788002721121927,27.977588653564453,27.70675111523425,27.977588653564453,268000,0.0,0.0,0.0
2022-10-31 00:00:00-04:00,27.878279882293846,28.04078308899614,27.878279882293846,27.914392471313477,573700,0.0,0.0,0.0
2022-11-01 00:00:00-04:00,28.22134041934577,28.311620163007262,28.0227263608448,28.0678653717041,332500,0.0,0.0,0.0
2022-11-02 00:00:00-04:00,27.986613371980972,28.27550716998734,27.69771957397461,27.69771957397461,787700,0.0,0.0,0.0
2022-11-03 00:00:00-04:00,27.499103311156222,27.778970679736528,27.43590800920029,27.652578353881836,422900,0.0,0.0,0.0
2022-11-04 00:00:00-04:00,28.022731395787606,28.131065730091894,27.74286396795793,27.95050621032715,709900,0.0,0.0,0.0
2022-11-07 00:00:00-05:00,28.085920725446385,28.122031588537464,27.932445682937935,28.103975296020508,734800,0.0,0.0,0.0
2022-11-08 00:00:00-05:00,28.122034488391257,28.38384559105572,28.076895474387115,28.266481399536133,287400,0.0,0.0,0.0
2022-11-09 00:00:00-05:00,28.12203524871942,28.15814783845351,27.80605697631836,27.80605697631836,468600,0.0,0.0,0.0
2022-11-10 00:00:00-05:00,28.41092813607671,28.79912985312142,28.37481726948392,28.744962692260742,413100,0.0,0.0,0.0
2022-11-11 00:00:00-05:00,28.844269675086323,28.988716580767804,28.79010079399856,28.9074649810791,455900,0.0,0.0,0.0
2022-11-14 00:00:00-05:00,28.871353769420068,28.907466358532687,28.663711547851562,28.663711547851562,290300,0.0,0.0,0.0
2022-11-15 00:00:00-05:00,28.94357839396425,28.94357839396425,28.69079544084062,28.77204704284668,618200,0.0,0.0,0.0
2022-11-16 00:00:00-05:00,28.663713750028638,28.790104377747113,28.627601158141555,28.708852767944336,370200,0.0,0.0,0.0
2022-11-17 00:00:00-05:00,28.474125324048575,28.618572235107422,28.4109282937602,28.618572235107422,257100,0.0,0.0,0.0
2022-11-18 00:00:00-05:00,28.69079296365239,28.772044558643117,28.618569514987616,28.75398826599121,184000,0.0,0.0,0.0
2022-11-21 00:00:00-05:00,28.654682942864273,28.763018986528635,28.49217973833923,28.744962692260742,324800,0.0,0.0,0.0
2022-11-22 00:00:00-05:00,28.85329633896051,29.133163727736378,28.85329633896051,29.106081008911133,251100,0.0,0.0,0.0
2022-11-23 00:00:00-05:00,29.05191187759182,29.223441501820105,29.05191187759182,29.205385208129883,332200,0.0,0.0,0.0
2022-11-24 00:00:00-05:00,29.26858148493871,29.349833087296876,29.250528634535563,29.29566764831543,76100,0.0,0.0,0.0
2022-11-25 00:00:00-05:00,29.29566519299965,29.431082222989748,29.286635324668886,29.349830627441406,261800,0.0,0.0,0.0
2022-11-28 00:00:00-05:00,29.241500446563577,29.367891069967904,29.060940937177598,29.09705352783203,441000,0.0,0.0,0.0
2022-11-29 00:00:00-05:00,29.241497314704702,29.268580032851784,29.151219291623878,29.214414596557617,212800,0.0,0.0,0.0
2022-11-30 00:00:00-05:00,29.304691742420538,29.467194934210248,29.01579794454677,29.449138641357422,378200,0.0,0.0,0.0
2022-12-01 00:00:00-05:00,29.557477675780373,29.747063593099284,29.521365088514138,29.58456039428711,443400,0.0,0.0,0.0
2022-12-02 00:00:00-05:00,29.37691836212849,29.611643293015835,29.34080577464247,29.530391693115234,199900,0.0,0.0,0.0
2022-12-05 00:00:00-05:00,29.4852537332294,29.494280158480173,29.124134733250195,29.16927719116211,668100,0.0,0.0,0.0
2022-12-06 00:00:00-05:00,29.196361278856976,29.268583015905307,28.763020524908452,28.799131393432617,269100,0.0,0.0,0.0
2022-12-07 00:00:00-05:00,28.808158299460313,28.961635080388433,28.77204743249247,28.790102005004883,387900,0.0,0.0,0.0
2022-12-08 00:00:00-05:00,28.907466774055884,28.952605789152475,28.763019859415127,28.80815887451172,503400,0.0,0.0,0.0
2022-12-09 00:00:00-05:00,28.83524301834057,28.961635358800574,28.753991414453075,28.763019561767578,313700,0.0,0.0,0.0
2022-12-12 00:00:00-05:00,28.826216706069836,28.862327575683594,28.690797931617755,28.862327575683594,351200,0.0,0.0,0.0
2022-12-13 00:00:00-05:00,29.413030964524292,29.413030964524292,28.772046311866077,28.880380630493164,861700,0.0,0.0,0.0
2022-12-14 00:00:00-05:00,28.934548314781672,28.97066090294121,28.65468264431718,28.6998233795166,827600,0.0,0.0,0.0
2022-12-15 00:00:00-05:00,28.483149754532295,28.49217790108408,28.1671732349342,28.293563842773438,463200,0.0,0.0,0.0
2022-12-16 00:00:00-05:00,28.058837225143666,28.149116968805156,27.950501188361297,28.0678653717041,586700,0.0,0.0,0.0
2022-12-19 00:00:00-05:00,28.09494999173948,28.122032709651762,27.643552992477193,27.715776443481445,1941700,0.0,0.0,0.0
2022-12-20 00:00:00-05:00,27.788000707360787,27.977586626064262,27.70674910736131,27.878278732299805,368500,0.0,0.0,0.0
2022-12-21 00:00:00-05:00,28.08592238787286,28.293564598279836,28.08592238787286,28.2574520111084,395500,0.0,0.0,0.0
2022-12-22 00:00:00-05:00,28.149119713569252,28.149119713569252,27.688694525749113,27.932449340820312,423700,0.0,0.0,0.0
2022-12-23 00:00:00-05:00,27.941474886446695,28.176199810277303,27.887306006846188,28.167173385620117,252800,0.0,0.0,0.0
2022-12-28 00:00:00-05:00,28.113005663472432,28.19425726427554,27.824111848147144,27.8511962890625,402700,0.0,0.0,0.0
2022-12-29 00:00:00-05:00,27.921228376472797,28.212263696914043,27.921228376472797,28.184978485107422,194500,0.227,0.0,0.0
2022-12-30 00:00:00-05:00,28.075844997825573,28.184982390760773,27.95761079832026,28.02127456665039,296500,0.0,0.0,0.0
2023-01-03 00:00:00-05:00,28.203166157114275,28.430537698140956,28.039458370021915,28.130407333374023,276400,0.0,0.0,0.0
2023-01-04 00:00:00-05:00,28.157689998983795,28.40325167256621,28.075837842496796,28.32139778137207,354100,0.0,0.0,0.0
2023-01-05 00:00:00-05:00,28.27592228319916,28.27592228319916,28.057645832803004,28.23954200744629,770000,0.0,0.0,0.0
2023-01-06 00:00:00-05:00,28.4032566617755,28.685198663061136,28.312307685061022,28.676103591918945,183400,0.0,0.0,0.0
2023-01-09 00:00:00-05:00,28.767054131587404,28.921666889313553,28.712485433186306,28.721580505371094,208200,0.0,0.0,0.0
2023-01-10 00:00:00-05:00,28.757955032796136,28.803428649902344,28.585152165319403,28.803428649902344,254500,0.0,0.0,0.0
2023-01-11 00:00:00-05:00,28.894378696941086,28.994421005249023,28.812524795329903,28.994421005249023,365700,0.0,0.0,0.0
2023-01-12 00:00:00-05:00,29.08536714861354,29.258168271023333,28.939849500948874,29.249074935913086,451300,0.0,0.0,0.0
2023-01-13 00:00:00-05:00,29.158132153381054,29.494641114403546,29.158132153381054,29.467357635498047,244900,0.0,0.0,0.0
2023-01-16 00:00:00-05:00,29.35821526139663,29.576493489586767,29.330931783903388,29.521923065185547,176300,0.0,0.0,0.0
2023-01-17 00:00:00-05:00,29.558306881793868,29.62197064983221,29.512833257397215,29.585590362548828,247000,0.0,0.0,0.0
2023-01-18 00:00:00-05:00,29.67653704491928,29.85843498718397,29.48554229736328,29.48554229736328,408300,0.0,0.0,0.0
2023-01-19 00:00:00-05:00,29.376401631656606,29.531016079570666,29.30364454454327,29.440065383911133,289300,0.0,0.0,0.0
2023-01-20 00:00:00-05:00,29.440065067150456,29.685626738667636,29.35821117664473,29.667436599731445,206000,0.0,0.0,0.0
2023-01-23 00:00:00-05:00,29.74928903078166,29.876616527674237,29.649245006247753,29.867523193359375,182500,0.0,0.0,0.0
2023-01-24 00:00:00-05:00,29.79476264118414,29.885713331403185,29.67653194802051,29.867523193359375,369500,0.0,0.0,0.0
2023-01-25 00:00:00-05:00,29.794767865116814,29.8766217659584,29.558302967915953,29.831148147583008,297600,0.0,0.0,0.0
2023-01-26 00:00:00-05:00,29.867526462559248,29.994853973388672,29.77657923179951,29.994853973388672,310400,0.0,0.0,0.0
2023-01-27 00:00:00-05:00,29.95847584063251,30.085806830003012,29.87662193931597,30.013046264648438,121300,0.0,0.0,0.0
2023-01-30 00:00:00-05:00,29.885715755563456,30.01304326278412,29.812955197486296,29.822052001953125,156500,0.0,0.0,0.0
2023-01-31 00:00:00-05:00,29.822054055870947,30.10399256430182,29.822054055870947,30.085805892944336,231500,0.0,0.0,0.0
2023-02-01 00:00:00-05:00,30.02214122768966,30.17675570274025,29.812959795080534,30.076711654663086,577600,0.0,0.0,0.0
2023-02-02 00:00:00-05:00,30.23131946977662,30.23131946977662,29.9857578066156,30.067611694335938,252300,0.0,0.0,0.0
2023-02-03 00:00:00-05:00,30.003954554780083,30.18584903919504,29.96757427013113,30.076711654663086,324700,0.0,0.0,0.0
2023-02-06 00:00:00-05:00,29.958469655036218,29.9766597926191,29.776575218035386,29.894805908203125,281400,0.0,0.0,0.0
2023-02-07 00:00:00-05:00,29.876621181014198,30.103992737854227,29.77658061031287,30.040328979492188,287300,0.0,0.0,0.0
2023-02-08 00:00:00-05:00,30.013047688578105,30.113091735979747,29.876623356773162,29.976667404174805,204100,0.0,0.0,0.0
2023-02-09 00:00:00-05:00,30.149471919899334,30.17675539840344,29.767485873767527,29.858436584472656,413800,0.0,0.0,0.0
2023-02-10 00:00:00-05:00,29.794765444796916,29.88571614357419,29.685628075678594,29.876619338989258,214800,0.0,0.0,0.0
2023-02-13 00:00:00-05:00,29.831149319917703,30.05852089014484,29.831149319917703,30.00395393371582,289900,0.0,0.0,0.0
2023-02-14 00:00:00-05:00,29.831140983070597,30.113082900347866,29.803857512480942,30.03122901916504,434300,0.0,0.0,0.0
2023-02-15 00:00:00-05:00,29.85843030780932,30.067611694335938,29.84933350394365,30.067611694335938,200200,0.0,0.0,0.0
2023-02-16 00:00:00-05:00,30.013040067784864,30.03123020536775,29.776575218035386,29.894805908203125,253800,0.0,0.0,0.0
2023-02-17 00:00:00-05:00,29.77658247600106,29.81295929061958,29.66744162390096,29.758392333984375,363300,0.0,0.0,0.0
2023-02-21 00:00:00-05:00,29.749294946454597,29.749294946454597,29.35821557428145,29.376405715942383,318400,0.0,0.0,0.0
2023-02-22 00:00:00-05:00,29.376401681444733,29.421875294644423,29.194503759231672,29.276357650756836,1250000,0.0,0.0,0.0
2023-02-23 00:00:00-05:00,29.430974261052256,29.430974261052256,29.130842146939635,29.2945499420166,374500,0.0,0.0,0.0
2023-02-24 00:00:00-05:00,29.10355726138566,29.34002213759209,29.01260829800239,29.330928802490234,265800,0.0,0.0,0.0
2023-02-27 00:00:00-05:00,29.4036922454834,29.576493384685598,29.3764052986722,29.4036922454834,186800,0.0,0.0,0.0
2023-02-28 00:00:00-05:00,29.394594711421796,29.394594711421796,29.27636052994341,29.34912109375,303400,0.0,0.0,0.0
2023-03-01 00:00:00-05:00,29.349119816123945,29.49463746798781,29.3218363405915,29.421876907348633,271500,0.0,0.0,0.0
2023-03-02 00:00:00-05:00,29.376401195548702,29.549205780029297,29.258167027653702,29.549205780029297,121900,0.0,0.0,0.0
2023-03-03 00:00:00-05:00,29.594677311620558,29.93118618336889,29.594677311620558,29.894805908203125,287800,0.0,0.0,0.0
2023-03-06 00:00:00-05:00,29.840243806459107,29.949381180249983,29.767483244322147,29.803863525390625,312400,0.0,0.0,0.0
2023-03-07 00:00:00-05:00,29.758390803791666,29.858434845031685,29.394594920994273,29.44916534423828,251300,0.0,0.0,0.0
2023-03-08 00:00:00-05:00,29.430971612134297,29.68562661737192,29.430971612134297,29.549205780029297,178900,0.0,0.0,0.0
2023-03-09 00:00:00-05:00,29.621968517249602,29.703822423036705,29.16722536719122,29.20360565185547,304900,0.0,0.0,0.0
2023-03-10 00:00:00-05:00,29.14903595327694,29.15813275937778,28.69429279185479,28.748863220214844,828100,0.0,0.0,0.0
2023-03-13 00:00:00-04:00,28.648816051846744,28.648816051846744,28.2304532215269,28.47601318359375,687200,0.0,0.0,0.0
2023-03-14 00:00:00-04:00,28.739762208106793,28.86708971187909,28.448726922508893,28.648813247680664,470700,0.0,0.0,0.0
2023-03-15 00:00:00-04:00,28.39415990483615,28.39415990483615,27.903038235268383,28.184978485107422,526900,0.0,0.0,0.0
2023-03-16 00:00:00-04:00,28.057648162188585,28.50329616891744,27.86665516804355,28.439632415771484,332900,0.0,0.0,0.0
2023-03-17 00:00:00-04:00,28.339590623654967,28.339590623654967,28.08493385623733,28.212263107299805,218200,0.0,0.0,0.0
2023-03-20 00:00:00-04:00,28.312301858960836,28.43053602477169,28.239543039503037,28.41234588623047,308000,0.0,0.0,0.0
2023-03-21 00:00:00-04:00,28.65791355778688,28.721577321315042,28.539679367199614,28.612438201904297,241900,0.0,0.0,0.0
2023-03-22 00:00:00-04:00,28.648202314240997,28.831610200338012,28.42811390038892,28.437284469604492,441300,0.259,0.0,0.0
2023-03-23 00:00:00-04:00,28.584008995391777,28.648201228360424,28.22636555507666,28.30889892578125,634100,0.0,0.0,0.0
2023-03-24 00:00:00-04:00,28.198853400016787,28.39143009586011,28.061298367399107,28.382261276245117,577000,0.0,0.0,0.0
2023-03-27 00:00:00-04:00,28.51064644149993,28.593179812922276,28.40977193218213,28.5656681060791,238700,0.0,0.0,0.0
2023-03-28 00:00:00-04:00,28.547328455941425,28.68488524821896,28.547328455941425,28.62986183166504,298900,0.0,0.0,0.0
2023-03-29 00:00:00-04:00,28.822434972239925,28.886627197265625,28.804093836773454,28.886627197265625,329800,0.0,0.0,0.0
2023-03-30 00:00:00-04:00,29.097545961056447,29.097545961056447,28.96916150679912,29.051694869995117,150800,0.0,0.0,0.0
2023-03-31 00:00:00-04:00,29.18007985984705,29.31763488466284,29.18007985984705,29.280954360961914,408000,0.0,0.0,0.0
2023-04-03 00:00:00-04:00,29.464362543090324,29.565237045288086,29.418511450695192,29.565237045288086,1877900,0.0,0.0,0.0
2023-04-04 00:00:00-04:00,29.68444918587261,29.693621503280106,29.45519022568283,29.565237045288086,467900,0.0,0.0,0.0
2023-04-05 00:00:00-04:00,29.482706560918402,29.546898796187662,29.31763806448609,29.40017318725586,291200,0.0,0.0,0.0
2023-04-06 00:00:00-04:00,29.38182973099287,29.46436309814453,29.317635751680506,29.46436309814453,199800,0.0,0.0,0.0
2023-04-10 00:00:00-04:00,29.37266026172597,29.592750428210948,29.37266026172597,29.58357810974121,196400,0.0,0.0,0.0
2023-04-11 00:00:00-04:00,29.656935961319476,29.84034380889909,29.656935961319476,29.794492721557617,176700,0.0,0.0,0.0
2023-04-12 00:00:00-04:00,29.941227413481798,30.042098437050637,29.82201175153616,29.831180572509766,446500,0.0,0.0,0.0
2023-04-13 00:00:00-04:00,29.941224634615292,30.03292682869958,29.849518942316536,30.005416870117188,517500,0.0,0.0,0.0
2023-04-14 00:00:00-04:00,30.005412983788855,30.097115165995792,29.922879620517005,30.023754119873047,257400,0.0,0.0,0.0
2023-04-17 00:00:00-04:00,30.02375744484875,30.11545963721123,29.977902850453106,30.106290817260742,246900,0.0,0.0,0.0
2023-04-18 00:00:00-04:00,30.161310122632003,30.234674673607895,30.142968984888032,30.179651260375977,170000,0.0,0.0,0.0
2023-04-19 00:00:00-04:00,29.99624345404033,30.188820153498494,29.99624345404033,30.16131019592285,129700,0.0,0.0,0.0
2023-04-20 00:00:00-04:00,29.97790102347344,30.197991169230335,29.97790102347344,30.087947845458984,240100,0.0,0.0,0.0
2023-04-21 00:00:00-04:00,30.170480461776013,30.19799041748047,30.06043364252998,30.19799041748047,222200,0.0,0.0,0.0
2023-04-24 00:00:00-04:00,30.124625871316447,30.225500373184925,30.124625871316447,30.19799041748047,180400,0.0,0.0,0.0
2023-04-25 00:00:00-04:00,30.087947388424215,30.106288525143206,29.8311749725725,29.840347290039062,314100,0.0,0.0,0.0
2023-04-26 00:00:00-04:00,29.83117744321982,29.92288313440992,29.66611069729206,29.73947525024414,274400,0.0,0.0,0.0
2023-04-27 00:00:00-04:00,29.80366412746268,30.014581946117506,29.80366412746268,29.987071990966797,178600,0.0,0.0,0.0
2023-04-28 00:00:00-04:00,29.904539636678276,30.170480872824943,29.904539636678276,30.133798599243164,263600,0.0,0.0,0.0
2023-05-01 00:00:00-04:00,30.17047712362784,30.326371519656632,30.106284901943784,30.115453720092773,246900,0.0,0.0,0.0
2023-05-02 00:00:00-04:00,29.98706938732003,29.98706938732003,29.629426008557342,29.794492721557617,368300,0.0,0.0,0.0
2023-05-03 00:00:00-04:00,29.730301097888535,29.941222425506343,29.721132278442383,29.721132278442383,1014400,0.0,0.0,0.0
2023-05-04 00:00:00-04:00,29.77615486887699,29.858688234473874,29.556064727880592,29.565237045288086,556800,0.0,0.0,0.0
2023-05-05 00:00:00-04:00,29.711965651190106,30.03292682869958,29.711965651190106,30.005416870117188,223700,0.0,0.0,0.0
2023-05-08 00:00:00-04:00,30.032924579466595,30.1246267666831,30.014583442380452,30.051265716552734,214300,0.0,0.0,0.0
2023-05-09 00:00:00-04:00,29.895371400688084,30.08795161417766,29.886202580147927,30.06043815612793,254700,0.0,0.0,0.0
2023-05-10 00:00:00-04:00,30.106295242824906,30.152146345746164,29.803671666757744,29.959566116333008,191100,0.0,0.0,0.0
2023-05-11 00:00:00-04:00,29.840352891698164,29.867862852833778,29.70279608959052,29.831180572509766,175400,0.0,0.0,0.0
2023-05-12 00:00:00-04:00,29.87702956347704,29.950390612138865,29.73947278719169,29.840347290039062,361100,0.0,0.0,0.0
2023-05-15 00:00:00-04:00,29.867852294387614,30.023750181546525,29.867852294387614,30.014577865600586,235500,0.0,0.0,0.0
2023-05-16 00:00:00-04:00,29.922883928831162,29.922883928831162,29.58357810974121,29.58357810974121,218500,0.0,0.0,0.0
2023-05-17 00:00:00-04:00,29.739471844684576,29.739471844684576,29.48270293518455,29.67527961730957,189900,0.0,0.0,0.0
2023-05-18 00:00:00-04:00,29.684446334838867,29.693618651365412,29.49186966634681,29.684446334838867,396200,0.0,0.0,0.0
2023-05-19 00:00:00-04:00,29.794498395790878,29.831177173721134,29.684451567356934,29.766984939575195,146200,0.0,0.0,0.0
2023-05-23 00:00:00-04:00,29.70278876383335,29.721129899471784,29.464360996961577,29.473529815673828,246900,0.0,0.0,0.0
2023-05-24 00:00:00-04:00,29.253443479332947,29.345147414825696,29.097547313727404,29.152570724487305,171600,0.0,0.0,0.0
2023-05-25 00:00:00-04:00,29.097546588348983,29.097546588348983,28.84994649342316,28.932479858398438,241500,0.0,0.0,0.0
2023-05-26 00:00:00-04:00,29.060866825125366,29.170910148567806,29.024184551239824,29.143400192260742,248600,0.0,0.0,0.0
2023-05-29 00:00:00-04:00,29.216764450073242,29.244274407754215,29.18008217435571,29.216764450073242,85700,0.0,0.0,0.0
2023-05-30 00:00:00-04:00,29.170909690231458,29.18925082688605,28.84994679520434,28.89579963684082,459600,0.0,0.0,0.0
2023-05-31 00:00:00-04:00,28.81326385658537,28.81326385658537,28.58400491493498,28.657367706298828,471000,0.0,0.0,0.0
2023-06-01 00:00:00-04:00,28.62985895483652,28.8866296256318,28.602348998431125,28.794925689697266,348400,0.0,0.0,0.0
2023-06-02 00:00:00-04:00,28.987502840719547,29.335975682842356,28.987502840719547,29.326805114746094,209600,0.0,0.0,0.0
2023-06-05 00:00:00-04:00,29.38183126645452,29.41851354226427,29.18008224771524,29.198423385620117,560000,0.0,0.0,0.0
2023-06-06 00:00:00-04:00,29.14340055764831,29.381830093572383,29.14340055764831,29.372657775878906,296800,0.0,0.0,0.0
2023-06-07 00:00:00-04:00,29.41851316153126,29.510215351654473,29.22593471423676,29.25344467163086,207000,0.0,0.0,0.0
2023-06-08 00:00:00-04:00,29.24427062501515,29.290123463731014,29.08837447159512,29.207590103149414,95200,0.0,0.0,0.0
2023-06-09 00:00:00-04:00,29.189251249220153,29.262614047792933,29.08837674526742,29.152570724487305,282800,0.0,0.0,0.0
2023-06-12 00:00:00-04:00,29.08837830729804,29.198423385620117,29.005844935833277,29.198423385620117,183600,0.0,0.0,0.0
2023-06-13 00:00:00-04:00,29.244270147872108,29.44601913671631,29.244270147872108,29.290122985839844,274200,0.0,0.0,0.0
2023-06-14 00:00:00-04:00,29.345144078418073,29.455187389212284,29.2167596327892,29.354312896728516,444600,0.0,0.0,0.0
2023-06-15 00:00:00-04:00,29.33597737233209,29.409340172220194,29.26261457244398,29.3818302154541,306600,0.0,0.0,0.0
2023-06-16 00:00:00-04:00,29.556062218714953,29.556062218714953,29.299293324529344,29.308462142944336,131000,0.0,0.0,0.0
2023-06-19 00:00:00-04:00,29.335978005328514,29.335978005328514,29.216764108853173,29.262615203857422,75600,0.0,0.0,0.0
2023-06-20 00:00:00-04:00,29.198424714639923,29.198424714639923,28.959995158345517,28.987506866455078,180800,0.0,0.0,0.0
2023-06-21 00:00:00-04:00,28.886630938574054,28.996676016518638,28.83160927415535,28.904972076416016,307700,0.0,0.0,0.0
2023-06-22 00:00:00-04:00,28.61151804233492,28.804094723339375,28.61151804233492,28.73990249633789,198800,0.0,0.0,0.0
2023-06-23 00:00:00-04:00,28.547325473724293,28.584007747594868,28.464793855729678,28.501474380493164,192800,0.0,0.0,0.0
2023-06-26 00:00:00-04:00,28.49870119274823,28.803945249299556,28.489451159002606,28.73919677734375,167400,0.267,0.0,0.0
2023-06-27 00:00:00-04:00,28.822442911834745,29.00744004278385,28.729944346360192,28.970439910888672,229400,0.0,0.0,0.0
2023-06-28 00:00:00-04:00,29.007441468759176,29.090690005352343,28.94269299902304,29.081439971923828,302100,0.0,0.0,0.0
2023-06-29 00:00:00-04:00,29.09993665191778,29.266433715820312,29.072188317442947,29.266433715820312,318500,0.0,0.0,0.0
2023-06-30 00:00:00-04:00,29.386681278516054,29.645675133316587,29.386681278516054,29.608675003051758,178600,0.0,0.0,0.0
2023-07-04 00:00:00-04:00,29.691924583938196,29.73817651267136,29.627176117943876,29.682676315307617,243400,0.0,0.0,0.0
2023-07-05 00:00:00-04:00,29.664181394730324,29.664181394730324,29.525434405782253,29.553184509277344,113800,0.0,0.0,0.0
2023-07-06 00:00:00-04:00,29.36818302297377,29.36818302297377,29.04443892026153,29.127687454223633,317800,0.0,0.0,0.0
2023-07-07 00:00:00-04:00,28.998192332209772,29.294186354023118,28.998192332209772,29.155439376831055,287100,0.0,0.0,0.0
2023-07-10 00:00:00-04:00,29.136939309401836,29.21093781485517,29.11843924197262,29.155439376831055,173000,0.0,0.0,0.0
2023-07-11 00:00:00-04:00,29.22943427628378,29.247934341430664,29.155435779959546,29.247934341430664,156900,0.0,0.0,0.0
2023-07-12 00:00:00-04:00,29.46993163701306,29.553180171014162,29.331182904168948,29.51618003845215,202200,0.0,0.0,0.0
2023-07-13 00:00:00-04:00,29.61792586093643,29.849171374970734,29.60867406440021,29.830671310424805,149100,0.0,0.0,0.0
2023-07-14 00:00:00-04:00,29.895424984823624,29.895424984823624,29.765928038948772,29.793676376342773,150600,0.0,0.0,0.0
2023-07-17 00:00:00-04:00,29.701180950189137,29.793677764831237,29.701180950189137,29.756677627563477,118400,0.0,0.0,0.0
2023-07-18 00:00:00-04:00,29.63643029720502,29.97867272047315,29.63643029720502,29.960172653198242,133700,0.0,0.0,0.0
2023-07-19 00:00:00-04:00,30.006419108408696,30.14516783969617,30.006419108408696,30.13591957092285,236300,0.0,0.0,0.0
2023-07-20 00:00:00-04:00,30.163664473080065,30.163664473080065,30.02491575758249,30.05266761779785,113700,0.0,0.0,0.0
2023-07-21 00:00:00-04:00,30.12667279942823,30.237669685858897,30.108172730268556,30.21916961669922,125500,0.0,0.0,0.0
2023-07-24 00:00:00-04:00,30.219158016949944,30.33940665606621,30.219158016949944,30.274658203125,88600,0.0,0.0,0.0
2023-07-25 00:00:00-04:00,30.311666194355453,30.32091446352191,30.23766592691596,30.246917724609375,106100,0.0,0.0,0.0
2023-07-26 00:00:00-04:00,30.154420501086072,30.31166932135355,30.154420501086072,30.26542091369629,136300,0.0,0.0,0.0
2023-07-27 00:00:00-04:00,30.302412977953033,30.320913043946764,29.997170710373457,30.015670776367188,145500,0.0,0.0,0.0
2023-07-28 00:00:00-04:00,30.22842141554276,30.30241816365407,30.117424529112093,30.21916961669922,125200,0.0,0.0,0.0
2023-07-31 00:00:00-04:00,30.293171212378684,30.441168243572864,30.293171212378684,30.357919692993164,218500,0.0,0.0,0.0
2023-08-01 00:00:00-04:00,30.26541779146925,30.32091446352191,30.135920851977094,30.246917724609375,132400,0.0,0.0,0.0
2023-08-02 00:00:00-04:00,30.043418849034943,30.089667249352463,29.673428117968022,29.77517318725586,215400,0.0,0.0,0.0
2023-08-03 00:00:00-04:00,29.70117730100754,29.70117730100754,29.571678600744654,29.636428833007812,184700,0.0,0.0,0.0
2023-08-04 00:00:00-04:00,29.664179430467918,29.969425255910476,29.664179430467918,29.793676376342773,173700,0.0,0.0,0.0
2023-08-08 00:00:00-04:00,29.66417965916732,29.775176538126207,29.599431185730708,29.765928268432617,127000,0.0,0.0,0.0
2023-08-09 00:00:00-04:00,29.775175445073998,29.923172454428567,29.7566753778388,29.86767578125,202800,0.0,0.0,0.0
2023-08-10 00:00:00-04:00,29.969424451099215,30.108169662870438,29.867675845350764,29.960172653198242,142700,0.0,0.0,0.0
2023-08-11 00:00:00-04:00,29.82142211098617,30.071164153239547,29.82142211098617,30.05266761779785,135900,0.0,0.0,0.0
2023-08-14 00:00:00-04:00,29.923172225537186,29.96942415753491,29.821427149312413,29.895423889160156,110200,0.0,0.0,0.0
2023-08-15 00:00:00-04:00,29.74742273729465,29.74742273729465,29.321931838989258,29.321931838989258,225200,0.0,0.0,0.0
2023-08-16 00:00:00-04:00,29.275684046081658,29.414431012655207,29.275684046081658,29.3311824798584,177000,0.0,0.0,0.0
2023-08-17 00:00:00-04:00,29.460683114811907,29.488431451393108,29.18318739915528,29.2109375,102000,0.0,0.0,0.0
2023-08-18 00:00:00-04:00,29.062940490688536,29.24793763445962,29.025940356228915,29.2109375,146700,0.0,0.0,0.0
2023-08-21 00:00:00-04:00,29.247937720235445,29.303436157824127,29.109188979868463,29.18318748474121,125400,0.0,0.0,0.0
2023-08-22 00:00:00-04:00,29.210940222552495,29.22944029150657,29.01669479132573,29.044443130493164,157400,0.0,0.0,0.0
2023-08-23 00:00:00-04:00,29.090689507125475,29.358933414904403,29.090689507125475,29.312685012817383,177200,0.0,0.0,0.0
2023-08-24 00:00:00-04:00,29.25718468660878,29.349683254646056,29.173937916065018,29.19243621826172,223200,0.0,0.0,0.0
2023-08-25 00:00:00-04:00,29.22943474105294,29.312683271274324,29.025937549728067,29.257183074951172,384000,0.0,0.0,0.0
2023-08-28 00:00:00-04:00,29.34043414477276,29.562429656490455,29.34043414477276,29.53468132019043,88400,0.0,0.0,0.0
2023-08-29 00:00:00-04:00,29.5161780880897,29.93242073059082,29.5161780880897,29.93242073059082,141000,0.0,0.0,0.0
2023-08-30 00:00:00-04:00,30.00642204284668,30.09892238225988,29.969425435608557,30.00642204284668,155400,0.0,0.0,0.0
2023-08-31 00:00:00-04:00,30.080422079317326,30.154418821742492,29.95092513367794,29.969425201416016,124300,0.0,0.0,0.0
2023-09-01 00:00:00-04:00,30.18216932069615,30.385662999544696,30.163669253795923,30.339414596557617,217100,0.0,0.0,0.0
2023-09-05 00:00:00-04:00,30.2839132056148,30.339409869141146,30.126664425728507,30.145164489746094,181200,0.0,0.0,0.0
2023-09-06 00:00:00-04:00,30.043423744308967,30.06192381315573,29.80292990635575,29.849178314208984,176300,0.0,0.0,0.0
2023-09-07 00:00:00-04:00,29.738174903866813,29.858420032192985,29.72892310720999,29.74742317199707,92900,0.0,0.0,0.0
2023-09-08 00:00:00-04:00,29.765925074445995,29.784425140375216,29.63642814146824,29.65492820739746,82600,0.0,0.0,0.0
2023-09-11 00:00:00-04:00,29.77517561604956,29.858424154822476,29.682678807869454,29.812175750732422,159700,0.0,0.0,0.0
2023-09-12 00:00:00-04:00,29.738178091815712,29.932423500113416,29.738178091815712,29.858423233032227,182300,0.0,0.0,0.0
2023-09-13 00:00:00-04:00,29.876924114724694,29.98792098984708,29.849175778075857,29.960172653198242,213900,0.0,0.0,0.0
2023-09-14 00:00:00-04:00,30.14517257207176,30.422666549682617,30.14517257207176,30.422666549682617,138600,0.0,0.0,0.0
2023-09-15 00:00:00-04:00,30.385663814534357,30.5336608251787,30.367167275664993,30.441164016723633,220500,0.0,0.0,0.0
2023-09-18 00:00:00-04:00,30.422661448024332,30.44116151389971,30.256164383672687,30.311664581298828,108500,0.0,0.0,0.0
2023-09-19 00:00:00-04:00,30.22841926720704,30.22841926720704,29.886176833394696,29.913925170898438,166700,0.0,0.0,0.0
2023-09-20 00:00:00-04:00,29.95092409044122,30.098921098663716,29.895423889160156,29.895423889160156,131400,0.0,0.0,0.0
2023-09-21 00:00:00-04:00,29.756676283924605,29.756676283924605,29.275686871007967,29.284936904907227,321800,0.0,0.0,0.0
2023-09-22 00:00:00-04:00,29.41443071389737,29.442180812635588,29.24793541425822,29.266433715820312,117500,0.0,0.0,0.0
2023-09-25 00:00:00-04:00,29.202991208328207,29.36160177875752,29.091031852473325,29.305622100830078,283000,0.272,0.0,0.0
2023-09-26 00:00:00-04:00,29.175004136648113,29.249644305208655,28.932423143935857,28.941753387451172,148300,0.0,0.0,0.0
2023-09-27 00:00:00-04:00,29.044376396488385,29.063036879593128,28.62452620400136,28.755146026611328,256800,0.0,0.0,0.0
2023-09-28 00:00:00-04:00,28.736489302907675,29.072370924487714,28.736489302907675,29.007061004638672,166500,0.0,0.0,0.0
2023-09-29 00:00:00-04:00,29.212320504063864,29.221650746676225,28.95108082916498,28.960411071777344,245200,0.0,0.0,0.0
2023-10-02 00:00:00-04:00,28.932419411236967,28.932419411236967,28.381947571786025,28.43792724609375,437700,0.0,0.0,0.0
2023-10-03 00:00:00-04:00,28.344630987930607,28.35396123168573,28.09272152479034,28.195350646972656,704000,0.0,0.0,0.0
2023-10-04 00:00:00-04:00,28.158028148046373,28.23266830976865,27.924777420219034,28.20467758178711,197100,0.0,0.0,0.0
2023-10-05 00:00:00-04:00,28.176688975469332,28.409939706128643,28.176688975469332,28.391279220581055,113300,0.0,0.0,0.0
2023-10-06 00:00:00-04:00,28.325968132191747,28.596538043222534,28.036735956821403,28.549888610839844,375900,0.0,0.0,0.0
2023-10-10 00:00:00-04:00,28.820458587029293,29.025720360925447,28.773809154541137,28.913759231567383,391400,0.0,0.0,0.0
2023-10-11 00:00:00-04:00,28.997730983505026,29.17500203842297,28.979070497816426,29.156341552734375,292100,0.0,0.0,0.0
2023-10-12 00:00:00-04:00,29.184335283606362,29.202993991652612,28.78314369783825,28.923093795776367,203000,0.0,0.0,0.0
2023-10-13 00:00:00-04:00,29.128352812629586,29.156343543073252,28.829792139478435,28.86711311340332,217400,0.0,0.0,0.0
2023-10-16 00:00:00-04:00,28.95108244669533,29.13768197068266,28.829791065519746,29.10036277770996,109300,0.0,0.0,0.0
2023-10-17 00:00:00-04:00,28.95108254472818,29.314953130363225,28.95108254472818,29.212322235107422,203100,0.0,0.0,0.0
2023-10-18 00:00:00-04:00,29.1376806193236,29.165671347426397,28.82045948573924,28.85778045654297,139100,0.0,0.0,0.0
2023-10-19 00:00:00-04:00,28.820460667244944,28.904431075433898,28.661850093950463,28.69917106628418,246400,0.0,0.0,0.0
2023-10-20 00:00:00-04:00,28.596539613237514,28.643190827743236,28.353958636493388,28.36328887939453,195300,0.0,0.0,0.0
2023-10-23 00:00:00-04:00,28.16736142177411,28.456591857126558,28.1020514956844,28.260662078857422,199200,0.0,0.0,0.0
2023-10-24 00:00:00-04:00,28.28864658786896,28.391277472499755,28.111375545205338,28.176687240600586,176800,0.0,0.0,0.0
2023-10-25 00:00:00-04:00,28.111376315772464,28.33529857557068,28.04606639814873,28.12070655822754,195500,0.0,0.0,0.0
2023-10-26 00:00:00-04:00,28.046068707798813,28.176690333365023,27.924779105017976,28.01807975769043,248700,0.0,0.0,0.0
2023-10-27 00:00:00-04:00,28.04606837177877,28.08338934422538,27.756837953565174,27.831478118896484,416200,0.0,0.0,0.0
2023-10-30 00:00:00-04:00,27.95276805512636,28.148699603694705,27.85946918201584,28.01807975769043,211000,0.0,0.0,0.0
2023-10-31 00:00:00-04:00,28.074060323436772,28.102051053990426,27.962099180784147,28.036739349365234,191000,0.0,0.0,0.0
2023-11-01 00:00:00-04:00,28.120706521147827,28.335298538208008,28.08338733093853,28.335298538208008,359600,0.0,0.0,0.0
2023-11-02 00:00:00-04:00,28.661849359357728,29.17500203842297,28.661849359357728,29.156341552734375,261700,0.0,0.0,0.0
2023-11-03 00:00:00-04:00,29.286959937850263,29.54820138582117,29.268301232650877,29.45490074157715,327100,0.0,0.0,0.0
2023-11-06 00:00:00-05:00,29.501553253141953,29.576193415913014,29.268302522037157,29.3336124420166,163400,0.0,0.0,0.0
2023-11-07 00:00:00-05:00,29.221653278221186,29.221653278221186,29.016393261652475,29.081703186035156,212500,0.0,0.0,0.0
2023-11-08 00:00:00-05:00,29.072372328702784,29.175003224600903,28.941752482695673,28.997732162475586,190200,0.0,0.0,0.0
2023-11-09 00:00:00-05:00,29.175002943217276,29.38959319660557,29.081702291442653,29.10036277770996,661300,0.0,0.0,0.0
2023-11-10 00:00:00-05:00,29.12835284633712,29.202993014711282,28.979072509588796,29.19366455078125,200900,0.0,0.0,0.0
2023-11-13 00:00:00-05:00,29.19366173500924,29.38026124816585,29.147010522048728,29.28696060180664,392200,0.0,0.0,0.0
2023-11-14 00:00:00-05:00,29.557532586934997,29.828102506500958,29.557532586934997,29.762792587280273,318200,0.0,0.0,0.0
2023-11-15 00:00:00-05:00,29.81877238385823,29.940063759666497,29.772122949816183,29.800113677978516,390300,0.0,0.0,0.0
2023-11-16 00:00:00-05:00,29.762789783691744,29.85609042217337,29.688149628818778,29.818769454956055,232600,0.0,0.0,0.0
2023-11-17 00:00:00-05:00,29.865422032743027,30.033362843801456,29.865422032743027,29.986713409423828,170600,0.0,0.0,0.0
2023-11-20 00:00:00-05:00,29.977382771102054,30.117331064080588,29.930733340109207,30.08934211730957,192600,0.0,0.0,0.0
2023-11-21 00:00:00-05:00,30.04269488270342,30.13599375151008,29.893414557138534,29.91207504272461,195600,0.0,0.0,0.0
2023-11-22 00:00:00-05:00,29.90274302036972,29.968052940359126,29.81877261479424,29.91207504272461,342300,0.0,0.0,0.0
2023-11-23 00:00:00-05:00,29.846762451769994,30.005373015390852,29.846762451769994,29.930734634399414,49300,0.0,0.0,0.0
2023-11-24 00:00:00-05:00,29.856096383729007,29.96805574861326,29.856096383729007,29.893417358398438,120700,0.0,0.0,0.0
2023-11-27 00:00:00-05:00,29.89341432562445,29.90274278878339,29.78145319253696,29.800113677978516,218700,0.0,0.0,0.0
2023-11-28 00:00:00-05:00,29.697485192684123,29.856095772658854,29.613514780958564,29.809446334838867,377000,0.0,0.0,0.0
2023-11-29 00:00:00-05:00,29.874753557696447,29.986712910163448,29.81877210190113,29.9400634765625,179700,0.0,0.0,0.0
2023-11-30 00:00:00-05:00,30.061355573788713,30.13599395751953,29.940064196211942,30.13599395751953,207700,0.0,0.0,0.0
2023-12-01 00:00:00-05:00,30.06135287094748,30.453212358330248,30.06135287094748,30.443883895874023,189800,0.0,0.0,0.0
2023-12-04 00:00:00-05:00,30.341255686211994,30.471875526846798,30.266613743492837,30.38790512084961,213400,0.0,0.0,0.0
2023-12-05 00:00:00-05:00,30.341257095336914,30.453216455491606,30.303936122244057,30.341257095336914,296700,0.0,0.0,0.0
2023-12-06 00:00:00-05:00,30.425223444557883,30.509193843247836,30.191972732543945,30.191972732543945,285000,0.0,0.0,0.0
2023-12-07 00:00:00-05:00,30.285276435297103,30.285276435297103,30.154656585147322,30.21063804626465,161000,0.0,0.0,0.0
2023-12-08 00:00:00-05:00,30.21063865601542,30.359918996217278,30.20130663274552,30.29460906982422,130600,0.0,0.0,0.0
2023-12-11 00:00:00-05:00,30.23862469221885,30.27594566345215,30.108004852026014,30.27594566345215,212700,0.0,0.0,0.0
2023-12-12 00:00:00-05:00,30.1919745195151,30.229295489835863,30.04269419735567,30.154653549194336,268200,0.0,0.0,0.0
2023-12-13 00:00:00-05:00,30.135989838840494,30.742443084716797,30.014698477840582,30.742443084716797,370100,0.0,0.0,0.0
2023-12-14 00:00:00-05:00,30.919718023709272,31.068998357352374,30.89172907337741,30.994359970092773,274200,0.0,0.0,0.0
2023-12-15 00:00:00-05:00,30.947709776811827,30.98503075338354,30.57451068846735,30.611831665039062,291000,0.0,0.0,0.0
2023-12-18 00:00:00-05:00,30.723783616181116,30.82641449740701,30.705123132401557,30.761104583740234,251300,0.0,0.0,0.0
2023-12-19 00:00:00-05:00,30.78909689479533,31.09698957212268,30.779768431447717,31.07832908630371,266200,0.0,0.0,0.0
2023-12-20 00:00:00-05:00,31.096989909925174,31.15296780886641,30.714455285166526,30.723787307739258,359100,0.0,0.0,0.0
2023-12-21 00:00:00-05:00,30.891728063694384,31.03167636990345,30.83574660573649,30.975698471069336,135800,0.0,0.0,0.0
2023-12-22 00:00:00-05:00,31.05966947507431,31.227610293050212,31.05966947507431,31.134307861328125,185900,0.0,0.0,0.0
2023-12-27 00:00:00-05:00,31.199613806661382,31.460857023056224,31.199613806661382,31.348894119262695,206400,0.0,0.0,0.0
2023-12-28 00:00:00-05:00,31.318879235009305,31.39393759729712,31.24381729357112,31.262582778930664,196900,0.188,0.0,0.0
2023-12-29 00:00:00-05:00,31.281345675071655,31.309492111206055,31.140606336099513,31.309492111206055,103000,0.0,0.0,0.0
2024-01-02 00:00:00-05:00,31.21567123433831,31.27196769110088,31.112462853182137,31.187524795532227,278300,0.0,0.0,0.0
2024-01-03 00:00:00-05:00,30.990481530643176,31.206279194256748,30.934188666574144,31.112455368041992,281300,0.0,0.0,0.0
2024-01-04 00:00:00-05:00,31.103081899963577,31.290729597537993,31.065550928788532,31.187524795532227,230200,0.0,0.0,0.0
2024-01-05 00:00:00-05:00,31.140604739597226,31.393933389269502,31.131223787750056,31.271963119506836,321100,0.0,0.0,0.0
2024-01-08 00:00:00-05:00,31.168751091177317,31.487757103746933,31.168751091177317,31.47837257385254,167000,0.0,0.0,0.0
2024-01-09 00:00:00-05:00,31.431464907638226,31.431464907638226,31.206282688697826,31.365787506103516,152600,0.0,0.0,0.0
2024-01-10 00:00:00-05:00,31.34702202292932,31.44084585965035,31.34702202292932,31.365787506103516,196700,0.0,0.0,0.0
2024-01-11 00:00:00-05:00,31.3657869545781,31.43146435495796,31.056161856373137,31.271963119506836,139000,0.0,0.0,0.0
2024-01-12 00:00:00-05:00,31.41269942446403,31.60035067705604,31.328256539755124,31.365787506103516,192800,0.0,0.0,0.0
2024-01-15 00:00:00-05:00,31.32825891686424,31.515910183694753,31.290727947668096,31.49714469909668,170000,0.0,0.0,0.0
2024-01-16 00:00:00-05:00,31.33764464861167,31.384556572327934,31.15937432767937,31.300113677978516,224000,0.0,0.0,0.0
2024-01-17 00:00:00-05:00,31.103075897836487,31.12183780065302,30.79345081411798,30.943571090698242,234800,0.0,0.0,0.0
2024-01-18 00:00:00-05:00,31.018634184957733,31.084311584734408,30.896660337165397,31.02801513671875,320900,0.0,0.0,0.0
2024-01-19 00:00:00-05:00,31.04678567450431,31.26258339164294,30.90604632112456,31.253202438354492,210000,0.0,0.0,0.0
2024-01-22 00:00:00-05:00,31.318877631529705,31.35640502117709,31.168757335489637,31.290727615356445,358200,0.0,0.0,0.0
2024-01-23 00:00:00-05:00,31.33764412859187,31.468998944477836,31.33764412859187,31.450233459472656,173600,0.0,0.0,0.0
2024-01-24 00:00:00-05:00,31.62850150024577,31.63788603270981,31.440850221619822,31.45961570739746,534100,0.0,0.0,0.0
2024-01-25 00:00:00-05:00,31.544055869466597,31.590967790268977,31.45023202786184,31.581586837768555,257400,0.0,0.0,0.0
2024-01-26 00:00:00-05:00,31.553439414282956,31.628497769389284,31.525289399361814,31.600351333618164,107500,0.0,0.0,0.0
2024-01-29 00:00:00-05:00,31.553444294337158,31.750476533508035,31.450235908347487,31.72233009338379,265500,0.0,0.0,0.0
2024-01-30 00:00:00-05:00,31.67540857220161,31.806766952519986,31.581584736838384,31.759851455688477,158300,0.0,0.0,0.0
2024-01-31 00:00:00-05:00,31.741093036794084,31.806770444589052,31.45023338859473,31.487764358520508,523400,0.0,0.0,0.0
2024-02-01 00:00:00-05:00,31.590968097209664,31.71294195580106,31.431466849101824,31.60973358154297,275500,0.0,0.0,0.0
2024-02-02 00:00:00-05:00,31.590964961352615,31.590964961352615,31.33763989587457,31.56281852722168,240100,0.0,0.0,0.0
2024-02-05 00:00:00-05:00,31.46899477209074,31.478375723774384,31.16875421011651,31.243812561035156,261300,0.0,0.0,0.0
2024-02-06 00:00:00-05:00,31.253197577149283,31.40331786046737,31.253197577149283,31.375167846679688,149800,0.0,0.0,0.0
2024-02-07 00:00:00-05:00,31.37517067272781,31.431467126224074,31.30949326655727,31.393936157226562,96400,0.0,0.0,0.0
2024-02-08 00:00:00-05:00,31.365788562624925,31.412700482565615,31.131225383771405,31.309492111206055,189000,0.0,0.0,0.0
2024-02-09 00:00:00-05:00,31.356406034446753,31.478379897405276,31.281347673576327,31.450233459472656,151200,0.0,0.0,0.0
2024-02-12 00:00:00-05:00,31.48776367632881,31.65664945818557,31.450232707216152,31.53467559814453,155100,0.0,0.0,0.0
2024-02-13 00:00:00-05:00,31.131225071298033,31.168756038533903,30.63395228244786,30.82159996032715,242800,0.0,0.0,0.0
2024-02-14 00:00:00-05:00,31.046782190884958,31.28134536743164,31.018635755027365,31.28134536743164,333500,0.0,0.0,0.0
2024-02-15 00:00:00-05:00,31.365791353522834,31.80677131433345,31.356406821209628,31.788005828857422,525400,0.0,0.0,0.0
2024-02-16 00:00:00-05:00,31.788001711569752,31.938121996783483,31.759851697426605,31.825529098510742,148700,0.0,0.0,0.0
2024-02-20 00:00:00-05:00,31.806770701566002,31.8724481098916,31.731708761107996,31.797386169433594,198500,0.0,0.0,0.0
2024-02-21 00:00:00-05:00,31.703554466095575,31.750466377680752,31.60972706377579,31.731700897216797,167500,0.0,0.0,0.0
2024-02-22 00:00:00-05:00,31.900588924692453,32.00379728505394,31.853677009750786,31.938119888305664,256800,0.0,0.0,0.0
2024-02-23 00:00:00-05:00,31.919355812598987,32.1163880115234,31.881824847332474,32.08824157714844,153300,0.0,0.0,0.0
2024-02-26 00:00:00-05:00,32.02255986760863,32.135149169104984,31.909966986962907,31.95688247680664,294200,0.0,0.0,0.0
2024-02-27 00:00:00-05:00,31.919351516591398,31.994409857872515,31.872439605897032,31.95688247680664,302100,0.0,0.0,0.0
2024-02-28 00:00:00-05:00,31.928736099453946,31.994413497727745,31.844293218937665,31.85367774963379,224000,0.0,0.0,0.0
2024-02-29 00:00:00-05:00,31.975655215647173,32.069479058334686,31.928739715153245,32.03194808959961,151300,0.0,0.0,0.0
2024-03-01 00:00:00-05:00,32.116393372521046,32.39786850070515,32.10701241921343,32.341575622558594,238300,0.0,0.0,0.0
2024-03-04 00:00:00-05:00,32.29465866088867,32.379101553447455,32.238365785283,32.29465866088867,192800,0.0,0.0,0.0
2024-03-05 00:00:00-05:00,32.30403617175801,32.435390958488796,32.238358778392616,32.28527069091797,284900,0.0,0.0,0.0
2024-03-06 00:00:00-05:00,32.50107328998966,32.56675069333392,32.3321875159187,32.407249450683594,246000,0.0,0.0,0.0
2024-03-07 00:00:00-05:00,32.53860741496713,32.70749320542703,32.53860741496713,32.6981086730957,170100,0.0,0.0,0.0
2024-03-08 00:00:00-05:00,32.7637868428539,32.84822974004271,32.557373655731595,32.61366653442383,187600,0.0,0.0,0.0
2024-03-11 00:00:00-04:00,32.501071055863214,32.68872230072624,32.46354009106065,32.66057586669922,198100,0.0,0.0,0.0
2024-03-12 00:00:00-04:00,32.68872757633237,32.773170471191406,32.594903728333605,32.773170471191406,219100,0.0,0.0,0.0
2024-03-13 00:00:00-04:00,32.83883999786047,33.03587217885175,32.82007451693518,32.98896026611328,283700,0.0,0.0,0.0
2024-03-14 00:00:00-04:00,32.99834331105524,32.99834331105524,32.66995632189721,32.81069564819336,183300,0.0,0.0,0.0
2024-03-15 00:00:00-04:00,32.72625497816646,32.90452170158304,32.72625497816646,32.838844299316406,174700,0.0,0.0,0.0
2024-03-18 00:00:00-04:00,32.913899572000844,32.913899572000844,32.763775735315114,32.820072174072266,199800,0.0,0.0,0.0
2024-03-19 00:00:00-04:00,32.84823189139689,32.96082481445644,32.80131996303077,32.85761642456055,175700,0.0,0.0,0.0
2024-03-20 00:00:00-04:00,32.84822424747785,33.15784934511447,32.81069686100816,33.13908386230469,302200,0.0,0.0,0.0
2024-03-21 00:00:00-04:00,33.223531417846225,33.34550528368898,33.19538497924805,33.19538497924805,191800,0.0,0.0,0.0
2024-03-22 00:00:00-04:00,33.21900464177265,33.237902751303416,33.02053844036508,33.0394401550293,130800,0.255,0.0,0.0
2024-03-25 00:00:00-04:00,32.97328578543372,33.17174838067958,32.97328578543372,32.9921875,154400,0.0,0.0,0.0
2024-03-26 00:00:00-04:00,33.048892471978405,33.12449572471729,32.916584075835296,32.9449348449707,193600,0.0,0.0,0.0
2024-03-27 00:00:00-04:00,33.05834671676166,33.27571105957031,33.04889766061084,33.27571105957031,94700,0.0,0.0,0.0
2024-03-28 00:00:00-04:00,33.313511222890774,33.43637057158991,33.313511222890774,33.370216369628906,201900,0.0,0.0,0.0
2024-04-01 00:00:00-04:00,33.43636676284274,33.474166584562084,33.28515666056574,33.40801239013672,435000,0.0,0.0,0.0
2024-04-02 00:00:00-04:00,33.29460874040269,33.31351045554668,33.115047854235044,33.2379035949707,168000,0.0,0.0,0.0
2024-04-03 00:00:00-04:00,33.20954934844939,33.38911382095378,33.19064763528402,33.29460525512695,237600,0.0,0.0,0.0
2024-04-04 00:00:00-04:00,33.38912492651649,33.48362991864347,33.13395712161239,33.20956039428711,377300,0.0,0.0,0.0
2024-04-05 00:00:00-04:00,33.26625177778267,33.59702271839613,33.2473500661572,33.53086853027344,176200,0.0,0.0,0.0
2024-04-08 00:00:00-04:00,33.578128806390495,33.606483182981364,33.41746962795499,33.54032897949219,153200,0.0,0.0,0.0
2024-04-09 00:00:00-04:00,33.644287480215745,33.69154357910156,33.398572349626754,33.69154357910156,239600,0.0,0.0,0.0
2024-04-10 00:00:00-04:00,33.417473053350825,33.540332417481494,33.28516463281046,33.45527648925781,271100,0.0,0.0,0.0
2024-04-11 00:00:00-04:00,33.45527578858784,33.493075618569094,33.12450113903041,33.313514709472656,278800,0.0,0.0,0.0
2024-04-12 00:00:00-04:00,33.398565400556265,33.445817884476305,32.878780867168885,32.98273849487305,282300,0.0,0.0,0.0
2024-04-15 00:00:00-04:00,33.133951388619224,33.17175121584909,32.66141929947531,32.74647521972656,260100,0.0,0.0,0.0
2024-04-16 00:00:00-04:00,32.623615205945725,32.727572840271925,32.46295242422332,32.59526443481445,358800,0.0,0.0,0.0
2024-04-17 00:00:00-04:00,32.71812023892334,32.888232076285654,32.50075591454565,32.62361526489258,362600,0.0,0.0,0.0
2024-04-18 00:00:00-04:00,32.6614189734502,32.85042892311409,32.54800867749143,32.68976974487305,253800,0.0,0.0,0.0
2024-04-19 00:00:00-04:00,32.68977051194019,32.9449382761344,32.68977051194019,32.85988235473633,237700,0.0,0.0,0.0
2024-04-22 00:00:00-04:00,32.784275820279774,33.039443587052496,32.746475992158274,32.95438766479492,191400,0.0,0.0,0.0
2024-04-23 00:00:00-04:00,32.97328651535108,33.21900520501876,32.926034030456066,33.171749114990234,197400,0.0,0.0,0.0
2024-04-24 00:00:00-04:00,33.12449594663319,33.22845357433735,32.85042649271011,32.98273849487305,350200,0.0,0.0,0.0
2024-04-25 00:00:00-04:00,32.74647242090513,33.039439983849,32.614160418941125,32.9921875,315700,0.0,0.0,0.0
2024-04-26 00:00:00-04:00,33.0583461751097,33.162303816735296,33.03944445798378,33.143402099609375,266800,0.0,0.0,0.0
2024-04-29 00:00:00-04:00,33.16230392456055,33.28516328371153,33.029995509382836,33.16230392456055,741600,0.0,0.0,0.0
2024-04-30 00:00:00-04:00,33.03944671205007,33.12450264235256,32.77482986450195,32.77482986450195,634700,0.0,0.0,0.0
2024-05-01 00:00:00-04:00,32.727577371030385,33.04889937382488,32.60471800389698,32.77482986450195,742900,0.0,0.0,0.0
2024-05-02 00:00:00-04:00,32.87878058602642,33.02053803657441,32.69921610147887,32.91658401489258,330900,0.0,0.0,0.0
2024-05-03 00:00:00-04:00,33.10559860841759,33.162303759697814,32.982742855011296,33.11505126953125,545000,0.0,0.0,0.0
2024-05-06 00:00:00-04:00,33.25681063080603,33.57813262939453,33.25681063080603,33.57813262939453,211200,0.0,0.0,0.0
2024-05-07 00:00:00-04:00,33.606487380744085,33.7104414241164,33.568683943990074,33.625389099121094,176300,0.0,0.0,0.0
2024-05-08 00:00:00-04:00,33.266263343384146,33.57813268079901,33.266263343384146,33.56868362426758,389000,0.0,0.0,0.0
2024-05-09 00:00:00-04:00,33.625385833728465,33.82384844971292,33.625385833728465,33.757694244384766,165700,0.0,0.0,0.0
2024-05-10 00:00:00-04:00,33.83329301517586,33.86164738879184,33.62538137108093,33.64427947998047,315500,0.0,0.0,0.0
2024-05-13 00:00:00-04:00,33.70099204651231,33.7482445394377,33.54033284953917,33.56868362426758,116900,0.0,0.0,0.0
2024-05-14 00:00:00-04:00,33.62538506674208,33.66318489382896,33.48362399848169,33.587581634521484,148800,0.0,0.0,0.0
2024-05-15 00:00:00-04:00,33.67264164760716,33.71044147928889,33.53088056211467,33.65373992919922,361000,0.0,0.0,0.0
2024-05-16 00:00:00-04:00,33.672641702625015,33.7104415343685,33.60648749065621,33.682090759277344,273300,0.0,0.0,0.0
2024-05-17 00:00:00-04:00,33.7387893372641,33.927802879670274,33.67263513819196,33.91835021972656,140500,0.0,0.0,0.0
2024-05-21 00:00:00-04:00,33.95615757631498,34.050662555880976,33.83329821877207,33.937255859375,297900,0.0,0.0,0.0
2024-05-22 00:00:00-04:00,33.79549773316305,33.890006326107724,33.644287589585765,33.74824523925781,270600,0.0,0.0,0.0
2024-05-23 00:00:00-04:00,33.8427413643943,33.8427413643943,33.426910918899814,33.53086853027344,325600,0.0,0.0,0.0
2024-05-24 00:00:00-04:00,33.60648764829495,33.76714684807734,33.60648764829495,33.69154357910156,271900,0.0,0.0,0.0
2024-05-27 00:00:00-04:00,33.672634528914976,33.833293693716485,33.672634528914976,33.79549026489258,90000,0.0,0.0,0.0
2024-05-28 00:00:00-04:00,33.75769752262599,33.76714657924742,33.54033316899164,33.625389099121094,281300,0.0,0.0,0.0
2024-05-29 00:00:00-04:00,33.389120490679964,33.389120490679964,33.07724756885224,33.08669662475586,229400,0.0,0.0,0.0
2024-05-30 00:00:00-04:00,33.13395764724353,33.40802357081326,33.12450498480026,33.34186935424805,271200,0.0,0.0,0.0
2024-05-31 00:00:00-04:00,33.43637173505136,33.663185119628906,33.20955474534007,33.663185119628906,188500,0.0,0.0,0.0
2024-06-03 00:00:00-04:00,33.663187960909234,33.738794832239044,33.26626270182991,33.41747283935547,339300,0.0,0.0,0.0
2024-06-04 00:00:00-04:00,33.30406527391031,33.30406527391031,33.00164140156708,33.228458404541016,282400,0.0,0.0,0.0
2024-06-05 00:00:00-04:00,33.3702168147832,33.530875991650646,33.304062611939706,33.48362350463867,618900,0.0,0.0,0.0
2024-06-06 00:00:00-04:00,33.46472223220838,33.60648330025628,33.44582051612642,33.59703063964844,157000,0.0,0.0,0.0
2024-06-07 00:00:00-04:00,33.40801580683292,33.47417000802399,33.27570740445078,33.285160064697266,224400,0.0,0.0,0.0
2024-06-10 00:00:00-04:00,33.32296027811365,33.43637057158991,33.20010453454813,33.370216369628906,320200,0.0,0.0,0.0
2024-06-11 00:00:00-04:00,33.26626140114461,33.26626140114461,33.03944440115761,33.11505126953125,376900,0.0,0.0,0.0
2024-06-12 00:00:00-04:00,33.35131776469915,33.464724463619135,33.171753252514044,33.228458404541016,742600,0.0,0.0,0.0
2024-06-13 00:00:00-04:00,33.17175545874323,33.190657177342686,32.80318095888917,32.83153533935547,964800,0.0,0.0,0.0
2024-06-14 00:00:00-04:00,32.7748259914324,32.7748259914324,32.529107286202674,32.74647521972656,627600,0.0,0.0,0.0
2024-06-17 00:00:00-04:00,32.68977350817976,32.7181242828664,32.519661649791715,32.699222564697266,635600,0.0,0.0,0.0
2024-06-18 00:00:00-04:00,32.68032466485644,32.86933463751253,32.67087200314315,32.73702621459961,539500,0.0,0.0,0.0
2024-06-19 00:00:00-04:00,32.66141863754319,32.75592361140319,32.557461003216986,32.59526443481445,278000,0.0,0.0,0.0
2024-06-20 00:00:00-04:00,32.62361924184349,32.80318015644461,32.604717523706405,32.67087173461914,667600,0.0,0.0,0.0
2024-06-21 00:00:00-04:00,32.633064429328876,32.699218632398285,32.566910226259466,32.64251708984375,530600,0.0,0.0,0.0
2024-06-24 00:00:00-04:00,32.74648036203663,33.124503929634066,32.73702769989447,33.07725143432617,1377000,0.0,0.0,0.0
2024-06-25 00:00:00-04:00,33.063914375304485,33.073435793376134,32.87345331918901,33.01629638671875,393500,0.266,0.0,0.0
2024-06-26 00:00:00-04:00,32.87345331918901,33.03534285560455,32.844885432231564,33.01629638671875,213500,0.0,0.0,0.0
2024-06-27 00:00:00-04:00,33.03534636086426,33.25437532717754,33.006778470875574,33.23533248901367,338500,0.0,0.0,0.0
2024-06-28 00:00:00-04:00,33.35912055515878,33.425781369884405,33.08295587961347,33.187705993652344,282000,0.0,0.0,0.0
2024-07-02 00:00:00-04:00,33.14962998187439,33.31151955888708,33.073444087226015,33.301998138427734,729900,0.0,0.0,0.0
2024-07-03 00:00:00-04:00,33.45435744259604,33.7876615616283,33.44483239191373,33.73052215576172,210000,0.0,0.0,0.0
2024-07-04 00:00:00-04:00,33.682912233644785,33.82575895074031,33.682912233644785,33.768619537353516,130100,0.0,0.0,0.0
2024-07-05 00:00:00-04:00,33.83527600359726,33.84480105430401,33.47340399707477,33.48292541503906,324300,0.0,0.0,0.0
2024-07-08 00:00:00-04:00,33.482934347085546,33.57816308310193,33.378180557821466,33.568641662597656,181200,0.0,0.0,0.0
2024-07-09 00:00:00-04:00,33.530546723524274,33.5591182488269,33.42579294048212,33.43531799316406,272800,0.0,0.0,0.0
2024-07-10 00:00:00-04:00,33.587678496259976,33.93050765991211,33.56863202797459,33.93050765991211,273700,0.0,0.0,0.0
2024-07-11 00:00:00-04:00,34.08288018508538,34.263816208103016,33.997172883078534,34.22572326660156,206700,0.0,0.0,0.0
2024-07-12 00:00:00-04:00,34.28285801261658,34.539979883640285,34.28285801261658,34.41617965698242,188900,0.0,0.0,0.0
2024-07-15 00:00:00-04:00,34.51141370660988,34.635210306655196,34.36856700472064,34.53045654296875,189300,0.0,0.0,0.0
2024-07-16 00:00:00-04:00,34.597119376211275,34.9208984375,34.578072908004465,34.9208984375,151100,0.0,0.0,0.0
2024-07-17 00:00:00-04:00,34.73044523595863,34.84472042632609,34.63521288336674,34.692352294921875,225900,0.0,0.0,0.0
2024-07-18 00:00:00-04:00,34.64473114496909,34.739959846154285,34.38760929247857,34.50188446044922,288100,0.0,0.0,0.0
2024-07-19 00:00:00-04:00,34.38762001510748,34.578081109608874,34.330480596934095,34.454280853271484,135500,0.0,0.0,0.0
2024-07-22 00:00:00-04:00,34.578081280417166,34.749495903040845,34.47332749628678,34.720924377441406,198700,0.0,0.0,0.0
2024-07-23 00:00:00-04:00,34.720915668377195,34.73044071876892,34.57807260718235,34.64473342895508,251400,0.0,0.0,0.0
2024-07-24 00:00:00-04:00,34.549504369044556,34.682826025248204,34.359046936035156,34.359046936035156,342900,0.0,0.0,0.0
2024-07-25 00:00:00-04:00,34.23524638574374,34.511414746925105,34.12097120043315,34.34000015258789,264100,0.0,0.0,0.0
2024-07-26 00:00:00-04:00,34.549501088749516,34.692347782686696,34.51141178540963,34.64473342895508,244400,0.0,0.0,0.0
2024-07-29 00:00:00-04:00,34.730443847940386,34.73996526644765,34.49236842508967,34.59712219238281,248200,0.0,0.0,0.0
2024-07-30 00:00:00-04:00,34.625691464478955,34.79710606640155,34.625691464478955,34.692352294921875,697500,0.0,0.0,0.0
2024-07-31 00:00:00-04:00,34.98756965381866,35.2637344143294,34.8637694029216,35.111366271972656,232900,0.0,0.0,0.0
2024-08-01 00:00:00-04:00,35.149454393969904,35.158975812235965,34.37808873568633,34.549503326416016,630600,0.0,0.0,0.0
2024-08-02 00:00:00-04:00,34.08288111123243,34.0924025304951,33.473408561619124,33.77814483642578,468200,0.0,0.0,0.0
2024-08-06 00:00:00-04:00,33.07344159922588,33.53054603449954,32.949641346107036,33.38770294189453,503300,0.0,0.0,0.0
2024-08-07 00:00:00-04:00,33.91146203427458,33.91146203427458,33.18771075241543,33.244850158691406,477700,0.0,0.0,0.0
2024-08-08 00:00:00-04:00,33.48292998088179,33.873373560024255,33.44483703834523,33.77814483642578,239400,0.0,0.0,0.0
2024-08-09 00:00:00-04:00,33.83527500403136,33.930507344573215,33.64481758843233,33.911460876464844,155300,0.0,0.0,0.0
2024-08-12 00:00:00-04:00,34.025741824179605,34.120974180875784,33.930513100226385,34.0352668762207,121500,0.0,0.0,0.0
2024-08-13 00:00:00-04:00,34.140014725825,34.38761520385742,34.10192541844846,34.38761520385742,138600,0.0,0.0,0.0
2024-08-14 00:00:00-04:00,34.406660881027776,34.597121944492216,34.359046523347324,34.58759689331055,142300,0.0,0.0,0.0
2024-08-15 00:00:00-04:00,34.82567129683723,35.092314598250454,34.816149878676406,35.01613235473633,70200,0.0,0.0,0.0
2024-08-16 00:00:00-04:00,34.95899364044796,35.09231529379707,34.94947222209842,35.06374740600586,162000,0.0,0.0,0.0
2024-08-19 00:00:00-04:00,35.044694715528756,35.27324867551398,35.044694715528756,35.15896987915039,95900,0.0,0.0,0.0
2024-08-20 00:00:00-04:00,35.14945463591726,35.18754757472885,34.96851862567606,35.05422592163086,129100,0.0,0.0,0.0
2024-08-21 00:00:00-04:00,35.06374118158936,35.18754139461227,35.044694715528756,35.15896987915039,167600,0.0,0.0,0.0
2024-08-22 00:00:00-04:00,35.13993672870827,35.15897956727421,34.96852211967122,35.03518295288086,110400,0.0,0.0,0.0
2024-08-23 00:00:00-04:00,35.197063570081035,35.511324817743095,35.197063570081035,35.444664001464844,169400,0.0,0.0,0.0
2024-08-26 00:00:00-04:00,35.51133353075042,35.61608730567333,35.48276200766231,35.52085494995117,110600,0.0,0.0,0.0
2024-08-27 00:00:00-04:00,35.34943452979517,35.47323475550572,35.301820176134896,35.38752746582031,99200,0.0,0.0,0.0
2024-08-28 00:00:00-04:00,35.33039273642522,35.368485677490526,35.092317303881266,35.19707107543945,165100,0.0,0.0,0.0
2024-08-29 00:00:00-04:00,35.34943796139321,35.511331138844916,35.27325571468974,35.35896301269531,276200,0.0,0.0,0.0
2024-08-30 00:00:00-04:00,35.33991892319345,35.53990142109561,35.24468656747129,35.52085494995117,200300,0.0,0.0,0.0
2024-09-03 00:00:00-04:00,35.3303872547362,35.35895877247357,34.98756173656799,35.09231185913086,400800,0.0,0.0,0.0
2024-09-04 00:00:00-04:00,34.968515268990494,35.244679967008594,34.968515268990494,35.09231185913086,181100,0.0,0.0,0.0
2024-09-05 00:00:00-04:00,35.1970679788558,35.30182174119791,34.98756408691406,34.98756408691406,188500,0.0,0.0,0.0
2024-09-06 00:00:00-04:00,35.07327033193473,35.216113394978215,34.54950153588147,34.682823181152344,397500,0.0,0.0,0.0
2024-09-09 00:00:00-04:00,34.911379283215076,35.13993328377255,34.90185786486553,35.06374740600586,361000,0.0,0.0,0.0
2024-09-10 00:00:00-04:00,35.092315227699864,35.15897605424886,34.73044320721746,35.05422592163086,262600,0.0,0.0,0.0
2024-09-11 00:00:00-04:00,35.02565499373174,35.35896276485839,34.77805815275258,35.34943771362305,196100,0.0,0.0,0.0
2024-09-12 00:00:00-04:00,35.473236621866576,35.787497911494825,35.45419015285191,35.75892639160156,208300,0.0,0.0,0.0
2024-09-13 00:00:00-04:00,35.93034394079278,36.044619131554995,35.85416169119891,35.94939041137695,120900,0.0,0.0,0.0
2024-09-16 00:00:00-04:00,36.04462238079292,36.18746910667971,35.9208257599504,36.15890121459961,172900,0.0,0.0,0.0
2024-09-17 00:00:00-04:00,36.23507902003407,36.30173984852795,36.006528645981554,36.12080383300781,346000,0.0,0.0,0.0
2024-09-18 00:00:00-04:00,36.111280655602904,36.27317384230548,35.930344630693334,35.997005462646484,366500,0.0,0.0,0.0
2024-09-19 00:00:00-04:00,36.45410818605668,36.45410818605668,36.18746487054089,36.387447357177734,317000,0.0,0.0,0.0
2024-09-20 00:00:00-04:00,36.4255367274889,36.463629663898686,36.216029209977414,36.396968841552734,176400,0.0,0.0,0.0
2024-09-23 00:00:00-04:00,36.416016006339646,36.539812602925956,36.32078366349352,36.444583892822266,252400,0.0,0.0,0.0
2024-09-24 00:00:00-04:00,36.58751743017721,36.63548145709706,36.491589376337494,36.54914474487305,200300,0.279,0.0,0.0
2024-09-25 00:00:00-04:00,36.50118216538941,36.56833253762416,36.44362679457153,36.47240447998047,200300,0.0,0.0,0.0
2024-09-26 00:00:00-04:00,36.501185196941684,36.78897305319538,36.49159385414905,36.673858642578125,237800,0.0,0.0,0.0
2024-09-27 00:00:00-04:00,36.73142176802732,36.769794462313314,36.587525994165595,36.606712341308594,191100,0.0,0.0,0.0
2024-09-30 00:00:00-04:00,36.44363046815638,36.67385929347705,36.39566277507847,36.6354866027832,148000,0.0,0.0,0.0
2024-10-01 00:00:00-04:00,36.64507872523973,36.76978813048324,36.462810288479,36.69304275512695,2032500,0.0,0.0,0.0
2024-10-02 00:00:00-04:00,36.71222870833194,36.8369381122485,36.597114305943286,36.66426467895508,397100,0.0,0.0,0.0
2024-10-03 00:00:00-04:00,36.625892639160156,36.654670325410834,36.40525517258943,36.625892639160156,215800,0.0,0.0,0.0
2024-10-04 00:00:00-04:00,36.788970587851864,36.952052679767036,36.75060155983143,36.923274993896484,249600,0.0,0.0,0.0
2024-10-07 00:00:00-04:00,36.89449718149978,36.93286987261554,36.65467335115812,36.82734680175781,477900,0.0,0.0,0.0
2024-10-08 00:00:00-04:00,36.73141676672384,36.79856714287045,36.625893701516006,36.779380798339844,204100,0.0,0.0,0.0
2024-10-09 00:00:00-04:00,36.72182413048121,37.01920700073242,36.702637784714554,37.01920700073242,218400,0.0,0.0,0.0
2024-10-10 00:00:00-04:00,36.99042997427938,37.16310342985051,36.88490690038354,37.143917083740234,302500,0.0,0.0,0.0
2024-10-11 00:00:00-04:00,37.163098584835936,37.47966410583094,37.14391224122702,37.412513732910156,467400,0.0,0.0,0.0
2024-10-15 00:00:00-04:00,37.306992510527316,37.43170192041809,37.23025079173218,37.36455154418945,432700,0.0,0.0,0.0
2024-10-16 00:00:00-04:00,37.42211216685709,37.61397197988471,37.42211216685709,37.54682159423828,158400,0.0,0.0,0.0
2024-10-17 00:00:00-04:00,37.671523791060565,37.767451849451454,37.623559761865124,37.73867416381836,109200,0.0,0.0,0.0
2024-10-18 00:00:00-04:00,37.77704884826929,37.98809131977153,37.75786250369253,37.94972229003906,67800,0.0,0.0,0.0
2024-10-21 00:00:00-04:00,37.96890373565258,38.06483178673814,37.74826263119875,37.79623031616211,207200,0.0,0.0,0.0
2024-10-22 00:00:00-04:00,37.68111829245553,37.79623636348155,37.55641253797575,37.77705001831055,138400,0.0,0.0,0.0
2024-10-23 00:00:00-04:00,37.68111749500467,37.748267871971485,37.37414329760749,37.55641174316406,213000,0.0,0.0,0.0
2024-10-24 00:00:00-04:00,37.575594428507934,37.64274846489584,37.287806575875706,37.55641174316406,236200,0.0,0.0,0.0
2024-10-25 00:00:00-04:00,37.57559375417954,37.652339131862114,37.37414262689432,37.43170166015625,185100,0.0,0.0,0.0
2024-10-28 00:00:00-04:00,37.36455076759097,37.623560924555655,37.31658673691328,37.566001892089844,115100,0.0,0.0,0.0
2024-10-29 00:00:00-04:00,37.51803905363414,37.60437577536592,37.412515987137404,37.55641174316406,264700,0.0,0.0,0.0
2024-10-30 00:00:00-04:00,37.56600334737029,37.59478103500754,37.37414355780606,37.489261627197266,492500,0.0,0.0,0.0
2024-10-31 00:00:00-04:00,37.38373545283773,37.43169948138701,36.88490150519946,36.96164321899414,777000,0.0,0.0,0.0
2024-11-01 00:00:00-04:00,37.1439203589823,37.287812478365325,37.047988619971946,37.11513900756836,387600,0.0,0.0,0.0
2024-11-04 00:00:00-05:00,37.11513296074371,37.27821506078102,36.980832207431256,37.13431930541992,279200,0.0,0.0,0.0
2024-11-05 00:00:00-05:00,37.134315919848206,37.33576703145039,37.105538235168105,37.326175689697266,143400,0.0,0.0,0.0
2024-11-06 00:00:00-05:00,37.51803853402556,37.709898319596896,37.20146933891969,37.690711975097656,547700,0.0,0.0,0.0
2024-11-07 00:00:00-05:00,37.77705016159277,38.06483802140702,37.72908612819393,38.03606033325195,291800,0.0,0.0,0.0
2024-11-08 00:00:00-05:00,37.940125158923955,37.940125158923955,37.77704672830469,37.90175247192383,159600,0.0,0.0,0.0
2024-11-11 00:00:00-05:00,37.95931204874682,38.10320779735786,37.901753017418216,37.93053436279297,187000,0.0,0.0,0.0
2024-11-12 00:00:00-05:00,38.1703612160043,38.29506697136698,38.00727911060676,38.131988525390625,312100,0.0,0.0,0.0
2024-11-13 00:00:00-05:00,38.18954545675058,38.26628717432764,38.04564970458972,38.247100830078125,229600,0.0,0.0,0.0
2024-11-14 00:00:00-05:00,38.31424609441535,38.50610585189688,38.26628206990009,38.3238410949707,226900,0.0,0.0,0.0
2024-11-15 00:00:00-05:00,38.22791778982561,38.29506817079215,38.007280301018234,38.122398376464844,166300,0.0,0.0,0.0
2024-11-18 00:00:00-05:00,38.17035911250106,38.419774268902756,38.17035911250106,38.247100830078125,235700,0.0,0.0,0.0
2024-11-19 00:00:00-05:00,38.04564684366178,38.31424832411489,37.96890513185548,38.304656982421875,228300,0.0,0.0,0.0
2024-11-20 00:00:00-05:00,38.381398047763334,38.39099304871546,38.16076059833298,38.3430290222168,276100,0.0,0.0,0.0
2024-11-21 00:00:00-05:00,38.410186490803206,38.90902050931743,38.33344110668348,38.8994255065918,206900,0.0,0.0,0.0
2024-11-22 00:00:00-05:00,38.909018015328016,39.03372376739719,38.85145898092764,38.98575973510742,230800,0.0,0.0,0.0
2024-11-25 00:00:00-05:00,39.00494410538003,39.1200585089323,38.899421044031726,38.93779373168945,139900,0.0,0.0,0.0
2024-11-26 00:00:00-05:00,38.85146201227246,38.947390084336675,38.74593893734899,38.92820739746094,375800,0.0,0.0,0.0
2024-11-27 00:00:00-05:00,38.89942117599139,39.11046729940393,38.89942117599139,39.033721923828125,280400,0.0,0.0,0.0
2024-11-28 00:00:00-05:00,39.014536254852494,39.22558238191595,39.014536254852494,39.15843200683594,165500,0.0,0.0,0.0
2024-11-29 00:00:00-05:00,39.100876793894784,39.379073323215074,39.06250776111581,39.32151794433594,192200,0.0,0.0,0.0
2024-12-02 00:00:00-05:00,39.36947404514448,39.39825172878404,39.08168623048706,39.22557830810547,445600,0.0,0.0,0.0
2024-12-03 00:00:00-05:00,39.2927350147151,39.38866674135653,39.21599329282316,39.302330017089844,361500,0.0,0.0,0.0
2024-12-04 00:00:00-05:00,39.369479200252236,39.46540726455883,39.22558344437126,39.311920166015625,316300,0.0,0.0,0.0
2024-12-05 00:00:00-05:00,39.1680305707711,39.51337381998063,39.1680305707711,39.388668060302734,481000,0.0,0.0,0.0
2024-12-06 00:00:00-05:00,39.522963797775056,39.5901141704246,39.38866305247597,39.39825439453125,196400,0.0,0.0,0.0
2024-12-09 00:00:00-05:00,39.52296749923333,39.62849056882831,39.28314367176156,39.302330017089844,182700,0.0,0.0,0.0
2024-12-10 00:00:00-05:00,39.292726942764766,39.292726942764766,39.100867188317075,39.1104621887207,546400,0.0,0.0,0.0
2024-12-11 00:00:00-05:00,39.31191951695303,39.38866489466806,39.17761876537275,39.35029220581055,156900,0.0,0.0,0.0
2024-12-12 00:00:00-05:00,39.12965062149852,39.225578674139285,38.966568540704465,38.9953498840332,198200,0.0,0.0,0.0
2024-12-13 00:00:00-05:00,38.97616798009526,38.985759322683315,38.70756281515614,38.79389953613281,123300,0.0,0.0,0.0
2024-12-16 00:00:00-05:00,38.726746508055484,38.793896879837085,38.60204076584441,38.62122344970703,153800,0.0,0.0,0.0
2024-12-17 00:00:00-05:00,38.40058560206529,38.60204037479007,38.40058560206529,38.592445373535156,181900,0.0,0.0,0.0
2024-12-18 00:00:00-05:00,38.52529945096931,38.57326348452001,37.652340866430194,37.70989990234375,261600,0.0,0.0,0.0
2024-12-19 00:00:00-05:00,37.825012310172276,37.8921626854688,37.48926043368969,37.49885177612305,250000,0.0,0.0,0.0
2024-12-20 00:00:00-05:00,37.23025198891103,37.98809249634925,37.23025198891103,37.77705001831055,371100,0.0,0.0,0.0
2024-12-23 00:00:00-05:00,37.85378532238907,38.026458740234375,37.661925562625335,38.026458740234375,368500,0.0,0.0,0.0
2024-12-24 00:00:00-05:00,38.026466646926,38.15117606561584,37.930538576808466,38.122398376464844,86600,0.0,0.0,0.0
2024-12-27 00:00:00-05:00,38.09361544695242,38.21832486046664,37.959314690593025,38.10321044921875,158000,0.0,0.0,0.0
2024-12-30 00:00:00-05:00,37.861924437570785,37.948785998019794,37.630296064151175,37.82331848144531,199500,0.24,0.0,0.0
2024-12-31 00:00:00-05:00,37.977739410560126,38.093557281334405,37.929483805237524,38.035648345947266,103000,0.0,0.0,0.0
2025-01-02 00:00:00-05:00,38.2672853149822,38.46030776103468,38.11286514913992,38.29623794555664,220400,0.0,0.0,0.0
2025-01-03 00:00:00-05:00,38.46030274467409,38.58577026357725,38.38309451265677,38.56646728515625,185200,0.0,0.0,0.0
2025-01-06 00:00:00-05:00,38.76914456382682,38.76914456382682,38.40239900437575,38.460304260253906,861100,0.0,0.0,0.0
2025-01-07 00:00:00-05:00,38.643680090496154,38.759494282027745,38.247978227901996,38.363792419433594,244400,0.0,0.0,0.0
2025-01-08 00:00:00-05:00,38.35414310086927,38.566468506893116,38.2383252266743,38.527862548828125,197400,0.0,0.0,0.0
2025-01-09 00:00:00-05:00,38.52786299496209,38.614724560780736,38.50856369737292,38.57612228393555,115100,0.0,0.0,0.0
2025-01-10 00:00:00-05:00,38.45065549622605,38.547166712688195,38.01634765881255,38.141815185546875,261800,0.0,0.0,0.0
2025-01-13 00:00:00-05:00,37.83297149473881,37.96808865838075,37.74610993501663,37.775062561035156,238400,0.0,0.0,0.0
2025-01-14 00:00:00-05:00,37.82332549736063,37.91018707392174,37.668905325881674,37.842628479003906,108300,0.0,0.0,0.0
2025-01-15 00:00:00-05:00,38.19971969378754,38.2769279216688,38.08390182946593,38.16111373901367,135700,0.0,0.0,0.0
2025-01-16 00:00:00-05:00,38.25762939453125,38.30588500277859,38.141815198404245,38.25762939453125,409600,0.0,0.0,0.0
2025-01-17 00:00:00-05:00,38.41204653194552,38.62437560955174,38.37344057571409,38.58576965332031,298100,0.0,0.0,0.0
2025-01-20 00:00:00-05:00,38.60507083074057,38.836702875658254,38.460300342458716,38.759490966796875,141500,0.0,0.0,0.0
2025-01-21 00:00:00-05:00,38.730542613808055,38.971824333113695,38.6919366551191,38.92356872558594,223800,0.0,0.0,0.0
2025-01-22 00:00:00-05:00,39.02008407333196,39.06833968597056,38.92357284805476,38.97182846069336,268700,0.0,0.0,0.0
2025-01-23 00:00:00-05:00,38.991121406818344,39.16484451293945,38.991121406818344,39.16484451293945,122200,0.0,0.0,0.0
2025-01-24 00:00:00-05:00,39.1551953126781,39.2517065232927,39.126242685827066,39.213104248046875,191300,0.0,0.0,0.0
2025-01-27 00:00:00-05:00,38.90426666915952,39.01042753557227,38.82705474994994,38.95252227783203,157100,0.0,0.0,0.0
2025-01-28 00:00:00-05:00,39.0007710541956,39.16484451293945,38.942862124933136,39.16484451293945,114200,0.0,0.0,0.0
2025-01-29 00:00:00-05:00,39.1551985107767,39.367527609471345,39.068336941462256,39.2324104309082,124200,0.0,0.0,0.0
2025-01-30 00:00:00-05:00,39.5122899157148,39.85973615321334,39.41577870826146,39.782527923583984,160600,0.0,0.0,0.0
2025-01-31 00:00:00-05:00,39.782528629778035,39.85973686077795,39.33856749527868,39.34822082519531,315000,0.0,0.0,0.0
2025-02-03 00:00:00-05:00,37.832975512748966,39.08763975624568,37.832975512748966,38.88496398925781,482200,0.0,0.0,0.0
2025-02-04 00:00:00-05:00,38.94286894709736,39.213106982663945,38.94286894709736,38.95252227783203,184500,0.0,0.0,0.0
2025-02-05 00:00:00-05:00,39.07798846235829,39.425431041856775,39.02972917367781,39.406131744384766,482400,0.0,0.0,0.0
2025-02-06 00:00:00-05:00,39.55089657344504,39.57019955161168,39.155194725195585,39.34822082519531,306700,0.0,0.0,0.0
2025-02-07 00:00:00-05:00,39.43508129921642,39.45438427685103,39.12624102039565,39.20344924926758,236700,0.0,0.0,0.0
2025-02-10 00:00:00-05:00,39.570199278821036,39.62810821292173,39.502640696536865,39.531593322753906,134700,0.0,0.0,0.0
2025-02-11 00:00:00-05:00,39.406130096266565,39.56055024125194,39.27100924794603,39.512290954589844,369900,0.0,0.0,0.0
2025-02-12 00:00:00-05:00,39.30961684869062,39.502642958412096,39.232408613802114,39.406131744384766,136100,0.0,0.0,0.0
2025-02-13 00:00:00-05:00,39.46404205112406,39.628115553970424,39.42543608790523,39.599159240722656,131600,0.0,0.0,0.0
2025-02-14 00:00:00-05:00,39.61845315492975,39.66670875707547,39.280660258243294,39.29030990600586,192600,0.0,0.0,0.0
2025-02-18 00:00:00-05:00,39.31927429672711,39.58950866963686,39.222759390925624,39.57020568847656,140500,0.0,0.0,0.0
2025-02-19 00:00:00-05:00,39.49299025464909,39.53159621353931,39.24205888519637,39.50264358520508,140000,0.0,0.0,0.0
2025-02-20 00:00:00-05:00,39.483337990695134,39.50264096886177,39.232406637862134,39.34822082519531,145900,0.0,0.0,0.0
2025-02-21 00:00:00-05:00,39.34822369641936,39.42543193305312,38.75949570521094,38.788448333740234,257300,0.0,0.0,0.0
2025-02-24 00:00:00-05:00,38.865658101764154,38.95251966421326,38.58577043590963,38.798099517822266,292800,0.0,0.0,0.0
2025-02-25 00:00:00-05:00,38.82705566058351,38.96217284070231,38.46030639907031,38.86566162109375,368700,0.0,0.0,0.0
2025-02-26 00:00:00-05:00,38.96217360180256,39.24206129846866,38.88496536094091,39.0779914855957,226200,0.0,0.0,0.0
2025-02-27 00:00:00-05:00,39.12624557084806,39.20345380869944,38.74984666736355,38.76914596557617,1102700,0.0,0.0,0.0
2025-02-28 00:00:00-05:00,38.70158572897231,39.184149160414194,38.58577153629296,39.17449951171875,1288300,0.0,0.0,0.0
2025-03-03 00:00:00-05:00,39.29031348597954,39.44473363591583,38.402398544262546,38.59542465209961,623400,0.0,0.0,0.0
2025-03-04 00:00:00-05:00,38.05494747617212,38.29622916005266,37.58203375583308,37.919830322265625,731800,0.0,0.0,0.0
2025-03-05 00:00:00-05:00,37.87158025640062,38.42170228151014,37.861926925901514,38.39274597167969,329000,0.0,0.0,0.0
2025-03-06 00:00:00-05:00,38.05495223245196,38.33483990433493,37.80401718812006,37.948787689208984,399500,0.0,0.0,0.0
2025-03-07 00:00:00-05:00,37.92948731778752,38.334842539703,37.77506715745472,38.219024658203125,538200,0.0,0.0,0.0
2025-03-10 00:00:00-04:00,37.804017318217184,37.939138171143014,37.4565747414083,37.64959716796875,973700,0.0,0.0,0.0
2025-03-11 00:00:00-04:00,37.610999002517886,37.8522807437572,37.32145796769695,37.46622848510742,1441300,0.0,0.0,0.0
2025-03-12 00:00:00-04:00,37.62064529836047,37.852277369233825,37.45657549614479,37.74611282348633,573000,0.0,0.0,0.0
2025-03-13 00:00:00-04:00,37.67854637251116,37.794360542942535,37.29249422885177,37.398658752441406,673200,0.0,0.0,0.0
2025-03-14 00:00:00-04:00,37.67855500380269,37.97774198609279,37.62064606448835,37.95844268798828,679000,0.0,0.0,0.0
2025-03-17 00:00:00-04:00,38.0066939428304,38.3637898235287,38.0066939428304,38.3251838684082,342600,0.0,0.0,0.0
2025-03-18 00:00:00-04:00,38.33483717264914,38.33483717264914,37.997040588068145,38.20936965942383,274900,0.0,0.0,0.0
2025-03-19 00:00:00-04:00,38.33484089052005,38.836707310427855,38.33484089052005,38.74019241333008,267600,0.0,0.0,0.0
2025-03-20 00:00:00-04:00,38.51821367250551,38.923568876982415,38.51821367250551,38.74019241333008,307500,0.0,0.0,0.0
2025-03-21 00:00:00-04:00,38.556816417790834,38.653327625177916,38.35414067327802,38.605072021484375,239900,0.0,0.0,0.0
2025-03-24 00:00:00-04:00,38.856005568333686,39.24205778305968,38.856005568333686,39.126243591308594,238600,0.0,0.0,0.0
2025-03-25 00:00:00-04:00,39.28066344345516,39.3675250070275,39.174498901125986,39.19380187988281,292400,0.0,0.0,0.0
2025-03-26 00:00:00-04:00,39.24529865552637,39.35218171744203,38.846918692576125,38.93436813354492,440000,0.273,0.0,0.0
2025-03-27 00:00:00-04:00,38.82748935407443,38.99267329704951,38.710891322117355,38.90522384643555,229100,0.0,0.0,0.0
2025-03-28 00:00:00-04:00,38.79833704015877,38.85663790382081,38.30278896549207,38.31250762939453,432800,0.0,0.0,0.0
2025-03-31 00:00:00-04:00,38.02101127215566,38.71088815580215,38.00157765065494,38.61372375488281,261500,0.0,0.0,0.0
2025-04-01 00:00:00-04:00,38.59428739238265,38.846917040781534,38.35137270075201,38.78861618041992,425300,0.0,0.0,0.0
2025-04-02 00:00:00-04:00,38.56513391012495,39.20642852783203,38.477684475592895,39.20642852783203,146600,0.0,0.0,0.0
2025-04-03 00:00:00-04:00,38.137606530093294,38.351372644521724,37.69064438772842,37.70035934448242,452500,0.0,0.0,0.0
2025-04-04 00:00:00-04:00,36.952184203221584,37.00077011010002,35.64044626235823,35.9416618347168,1061600,0.0,0.0,0.0
2025-04-07 00:00:00-04:00,34.54247361128109,36.24287670880701,34.406441956532554,35.407249450683594,1000500,0.0,0.0,0.0
2025-04-08 00:00:00-04:00,36.310895253573634,36.310895253573634,34.58134344533445,34.9019889831543,1129000,0.0,0.0,0.0
2025-04-09 00:00:00-04:00,34.581334527143646,36.893883354302545,34.48417013627657,36.7675666809082,989500,0.0,0.0,0.0
2025-04-10 00:00:00-04:00,36.330324396724286,36.3400430610689,35.21291892508135,35.689029693603516,871400,0.0,0.0,0.0
2025-04-11 00:00:00-04:00,35.70846374902961,36.68012262655422,35.70846374902961,36.58295822143555,480100,0.0,0.0,0.0
2025-04-14 00:00:00-04:00,36.9910540558027,37.14651933166258,36.72870570780454,37.02020263671875,283400,0.0,0.0,0.0
2025-04-15 00:00:00-04:00,37.107655338915535,37.37972237545819,37.059073130935204,37.31170654296875,452500,0.0,0.0,0.0
2025-04-16 00:00:00-04:00,37.311702954569455,37.58376625836194,37.06878823144488,37.37971878051758,531800,0.0,0.0,0.0
2025-04-17 00:00:00-04:00,37.48659956792006,37.700361990769004,37.32141563883503,37.52546310424805,327300,0.0,0.0,0.0
2025-04-21 00:00:00-04:00,37.43801165229444,37.52546109086292,36.93274864129701,37.243682861328125,141500,0.0,0.0,0.0
2025-04-22 00:00:00-04:00,37.58376786414644,37.846116221120084,37.56433424067602,37.690650939941406,189400,0.0,0.0,0.0
2025-04-23 00:00:00-04:00,38.118175522520296,38.26392582990793,37.88497947860121,37.95299530029297,615300,0.0,0.0,0.0
2025-04-24 00:00:00-04:00,38.0501610729422,38.370810278124125,37.95299666890282,38.36109161376953,189800,0.0,0.0,0.0
2025-04-25 00:00:00-04:00,38.16675909910634,38.36109161376953,38.16675909910634,38.36109161376953,163800,0.0,0.0,0.0
2025-04-28 00:00:00-04:00,38.35137603822849,38.55542350737501,38.34165737403045,38.48740768432617,137300,0.0,0.0,0.0
2025-04-29 00:00:00-04:00,38.43882486796056,38.66230595534248,38.39023896091659,38.61372375488281,180400,0.0,0.0,0.0
2025-04-30 00:00:00-04:00,38.34165535271598,38.56513643189264,38.069592074863394,38.535987854003906,383500,0.0,0.0,0.0
2025-05-01 00:00:00-04:00,38.594296840249775,38.74976213268786,38.409679257202406,38.5068473815918,386400,0.0,0.0,0.0
2025-05-02 00:00:00-04:00,38.8372012421728,38.856634861872095,38.613720175506906,38.84691619873047,174200,0.0,0.0,0.0
2025-05-05 00:00:00-04:00,38.81776786075078,38.9149322532597,38.642868988967535,38.749752044677734,156100,0.0,0.0,0.0
2025-05-06 00:00:00-04:00,38.65259000475342,38.827488903953764,38.62344142374822,38.76919174194336,226900,0.0,0.0,0.0
2025-05-07 00:00:00-04:00,38.79833625086204,39.06068457212774,38.78861758715729,39.031532287597656,393700,0.0,0.0,0.0
2025-05-08 00:00:00-04:00,39.07039689780082,39.391046059946326,39.04124832181811,39.20642852783203,300500,0.0,0.0,0.0
2025-05-09 00:00:00-04:00,39.45906198360095,39.45906198360095,39.186998722789475,39.371612548828125,136900,0.0,0.0,0.0
2025-05-12 00:00:00-04:00,40.17809220184497,40.17809220184497,39.57566474913534,39.643680572509766,259600,0.0,0.0,0.0
2025-05-13 00:00:00-04:00,39.77971267700195,39.906029367544136,39.74084913932964,39.77971267700195,203900,0.0,0.0,0.0
2025-05-14 00:00:00-04:00,39.750561226499656,39.915745149369755,39.672830450183966,39.886592864990234,226100,0.0,0.0,0.0
2025-05-15 00:00:00-04:00,39.86716157268281,40.236392974853516,39.86716157268281,40.236392974853516,129300,0.0,0.0,0.0
2025-05-16 00:00:00-04:00,40.20724757950022,40.39186144191356,40.129513085904286,40.36271286010742,111700,0.0,0.0,0.0
2025-05-20 00:00:00-04:00,40.32384380838279,40.57647348809235,40.31412885041048,40.47930908203125,165400,0.0,0.0,0.0
2025-05-21 00:00:00-04:00,40.372419474011934,40.4112867127765,40.07120764004628,40.15865707397461,177200,0.0,0.0,0.0
2025-05-22 00:00:00-04:00,40.16837692260742,40.31412723243399,40.051778898696774,40.16837692260742,211600,0.0,0.0,0.0
2025-05-23 00:00:00-04:00,40.00319476484716,40.294695397425976,40.00319476484716,40.21696090698242,191900,0.0,0.0,0.0
2025-05-26 00:00:00-04:00,40.382143829950394,40.605624924476516,40.382143829950394,40.5376091003418,114200,0.0,0.0,0.0
2025-05-27 00:00:00-04:00,40.47930913903492,40.87768913498162,40.47930913903492,40.80967330932617,260800,0.0,0.0,0.0
2025-05-28 00:00:00-04:00,40.92626930127437,40.94570292286368,40.790237656733446,40.858253479003906,135900,0.0,0.0,0.0
2025-05-29 00:00:00-04:00,41.04287284515361,41.052587803085565,40.663922767286465,40.74165725708008,274900,0.0,0.0,0.0
2025-05-30 00:00:00-04:00,40.67363846684849,40.74165428716756,40.479305963115046,40.683353424072266,211100,0.0,0.0,0.0
2025-06-02 00:00:00-04:00,40.77080365129093,41.081734180624025,40.6930728722498,41.05258560180664,287000,0.0,0.0,0.0
2025-06-03 00:00:00-04:00,41.05258738384901,41.14975178851428,40.906837070266654,41.10116958618164,184000,0.0,0.0,0.0
2025-06-04 00:00:00-04:00,41.16918003673359,41.16918003673359,40.887401817352526,40.95541763305664,85400,0.0,0.0,0.0
2025-06-05 00:00:00-04:00,41.05258202503853,41.10116422102948,40.93598401334347,40.95541763305664,251800,0.0,0.0,0.0
2025-06-06 00:00:00-04:00,41.13032305762419,41.25663604601065,41.05258856638524,41.11088943481445,86500,0.0,0.0,0.0
2025-06-09 00:00:00-04:00,41.130316741049484,41.178898937320554,40.984566445652284,41.023433685302734,211800,0.0,0.0,0.0
2025-06-10 00:00:00-04:00,41.110886696587215,41.19833614011411,41.00400363154498,41.120601654052734,216500,0.0,0.0,0.0
2025-06-11 00:00:00-04:00,41.227481001063296,41.37323129599197,41.18861376153779,41.28578186035156,277200,0.0,0.0,0.0
2025-06-12 00:00:00-04:00,41.27606628896344,41.4120979309082,41.198335510673964,41.4120979309082,252500,0.0,0.0,0.0
2025-06-13 00:00:00-04:00,41.4023863359995,41.44125358159289,41.198338856511064,41.27606964111328,217300,0.0,0.0,0.0
2025-06-16 00:00:00-04:00,41.83962957789312,41.936793975992195,41.36351513140559,41.373233795166016,152300,0.0,0.0,0.0
2025-06-17 00:00:00-04:00,41.37323953786585,41.41210307854931,41.227489213902565,41.32465362548828,108000,0.0,0.0,0.0
2025-06-18 00:00:00-04:00,41.431533585541,41.48983445205763,41.334369181264364,41.36351776123047,122000,0.0,0.0,0.0
2025-06-19 00:00:00-04:00,41.33436739818936,41.36351597689805,41.19833575543642,41.31493377685547,132800,0.0,0.0,0.0
2025-06-20 00:00:00-04:00,41.518984366195106,41.538417988991796,41.20805381461714,41.27606964111328,187600,0.0,0.0,0.0
2025-06-23 00:00:00-04:00,41.28578293135211,41.55784620192036,41.28578293135211,41.46067810058594,159400,0.0,0.0,0.0
2025-06-24 00:00:00-04:00,41.460683550539905,41.72303189875211,41.35380418489898,41.6064338684082,183400,0.0,0.0,0.0
2025-06-25 00:00:00-04:00,41.60838879425178,41.63774124267818,41.354024544105776,41.38337326049805,218600,0.292,0.0,0.0
2025-06-26 00:00:00-04:00,41.422508772655746,41.667091369628906,41.36380760584986,41.667091369628906,167900,0.0,0.0,0.0
2025-06-27 00:00:00-04:00,41.539904946244306,41.764920474463445,41.41272469031656,41.59860610961914,570500,0.0,0.0,0.0
2025-06-30 00:00:00-04:00,41.6964397532897,41.88232491400346,41.5790411526518,41.87253952026367,103500,0.0,0.0,0.0
2025-07-02 00:00:00-04:00,41.921451568603516,41.970371068888056,41.745351817274056,41.921451568603516,332900,0.0,0.0,0.0
2025-07-03 00:00:00-04:00,41.98015259257541,42.185601057777276,41.91166977084145,42.175819396972656,105900,0.0,0.0,0.0
2025-07-04 00:00:00-04:00,42.13668382036563,42.25408240609671,42.13668382036563,42.19538497924805,94700,0.0,0.0,0.0
2025-07-07 00:00:00-04:00,42.18560253016935,42.28343780179963,42.068203936247016,42.156253814697266,230900,0.0,0.0,0.0
2025-07-08 00:00:00-04:00,42.19538598579633,42.244301753348324,41.90188764845053,41.98015213012695,179900,0.0,0.0,0.0
2025-07-09 00:00:00-04:00,42.029067395106736,42.16603303542805,41.97036996755977,42.0877685546875,155500,0.0,0.0,0.0
2025-07-10 00:00:00-04:00,42.1366847869776,42.332351589040464,42.02906785924133,42.2834358215332,263400,0.0,0.0,0.0
2025-07-11 00:00:00-04:00,42.13668528968643,42.21495350425889,42.02906836066625,42.175819396972656,158700,0.0,0.0,0.0
2025-07-14 00:00:00-04:00,42.224736586515704,42.48888622153924,42.14647210134244,42.459537506103516,143700,0.0,0.0,0.0
2025-07-15 00:00:00-04:00,42.50845499778417,42.50845499778417,42.185604186777056,42.234519958496094,171800,0.0,0.0,0.0
2025-07-16 00:00:00-04:00,42.2834367874803,42.39105371767503,42.01928715846613,42.37148666381836,367400,0.0,0.0,0.0
2025-07-17 00:00:00-04:00,42.41061864164703,42.80195226949605,42.35192120989352,42.75303649902344,141200,0.0,0.0,0.0
2025-07-18 00:00:00-04:00,42.850864719048886,42.850864719048886,42.59650049308396,42.645416259765625,162500,0.0,0.0,0.0
2025-07-21 00:00:00-04:00,42.78238650652204,42.83130227847144,42.61607213548723,42.63563919067383,226100,0.0,0.0,0.0
2025-07-22 00:00:00-04:00,42.65519958113688,42.762816511247046,42.56714970486801,42.72368240356445,114800,0.0,0.0,0.0
2025-07-23 00:00:00-04:00,42.753033557075426,42.86065048393021,42.723681111184426,42.79216766357422,145400,0.0,0.0,0.0
2025-07-24 00:00:00-04:00,42.75303572170945,42.919350084699296,42.6845528978861,42.7628173828125,125600,0.0,0.0,0.0
2025-07-25 00:00:00-04:00,42.78238333190359,42.978050137216144,42.753034617318576,42.929134368896484,111300,0.0,0.0,0.0
2025-07-28 00:00:00-04:00,42.95848811472707,42.96826977672306,42.72368717444563,42.811737060546875,106200,0.0,0.0,0.0
2025-07-29 00:00:00-04:00,42.88021956399572,43.01718521118164,42.83130006254305,43.01718521118164,123100,0.0,0.0,0.0
2025-07-30 00:00:00-04:00,43.01718082076642,43.0856636373699,42.635632633394614,42.77259826660156,181100,0.0,0.0,0.0
2025-07-31 00:00:00-04:00,42.79216876838723,42.94870146638998,42.51823374785699,42.625850677490234,197200,0.0,0.0,0.0
2025-08-01 00:00:00-04:00,42.33235601369161,42.342137675401915,41.96058942411786,42.22473907470703,343400,0.0,0.0,0.0
2025-08-05 00:00:00-04:00,42.850863414235526,43.085664312005086,42.82151470152695,43.066097259521484,278200,0.0,0.0,0.0
2025-08-06 00:00:00-04:00,43.457427658975426,43.68244689934656,43.41829728555035,43.61396408081055,259500,0.0,0.0,0.0
2025-08-07 00:00:00-04:00,43.72158054501218,43.770500046513774,43.26176783357587,43.369384765625,172300,0.0,0.0,0.0
2025-08-08 00:00:00-04:00,43.49656424043951,43.54548000903062,43.34981693466618,43.37916564941406,130600,0.0,0.0,0.0
2025-08-11 00:00:00-04:00,43.271547252038,43.50634815816117,43.271547252038,43.39873123168945,137500,0.0,0.0,0.0
2025-08-12 00:00:00-04:00,43.52591577301263,43.68244846843676,43.48678166614814,43.643314361572266,101200,0.0,0.0,0.0
2025-08-13 00:00:00-04:00,43.731368240748786,43.84876684005933,43.67266707507642,43.74114990234375,317400,0.0,0.0,0.0
2025-08-14 00:00:00-04:00,43.67266150696501,43.71179561242379,43.496561764434205,43.61396408081055,115700,0.0,0.0,0.0
2025-08-15 00:00:00-04:00,43.69223082431666,43.69223082431666,43.53569812640197,43.63352966308594,209100,0.0,0.0,0.0
2025-08-18 00:00:00-04:00,43.62374964957997,43.66288375854492,43.52591810920161,43.66288375854492,137300,0.0,0.0,0.0
2025-08-19 00:00:00-04:00,43.67266505726281,43.79006365114917,43.496565300416265,43.51613235473633,235300,0.0,0.0,0.0
2025-08-20 00:00:00-04:00,43.565044582970216,43.662879846617166,43.486780104086364,43.61396408081055,175400,0.0,0.0,0.0
2025-08-21 00:00:00-04:00,43.62374932800273,43.88789896351793,43.52591778834556,43.86833190917969,118500,0.0,0.0,0.0
2025-08-22 00:00:00-04:00,43.98572771315946,44.416195417228096,43.975946052627805,44.30857849121094,155500,0.0,0.0,0.0
2025-08-25 00:00:00-04:00,44.298796366443355,44.298796366443355,44.02486506694438,44.06399917602539,151200,0.0,0.0,0.0
2025-08-26 00:00:00-04:00,44.05421209008736,44.337928771972656,44.04443042920996,44.337928771972656,136700,0.0,0.0,0.0
2025-08-27 00:00:00-04:00,44.367277852082026,44.533595944638954,44.367277852082026,44.48468017578125,107000,0.0,0.0,0.0
2025-08-28 00:00:00-04:00,44.6216458213964,44.6705615902541,44.35749619112406,44.48468017578125,190900,0.0,0.0,0.0
2025-08-29 00:00:00-04:00,44.53359796189691,44.77818054929834,44.406413971478614,44.70969772338867,319800,0.0,0.0,0.0
2025-09-02 00:00:00-04:00,44.699910175987235,44.787960052490234,44.43576054647824,44.787960052490234,641000,0.0,0.0,0.0
2025-09-03 00:00:00-04:00,44.93471008054115,45.01297456232113,44.85644186672732,45.00319290161133,416100,0.0,0.0,0.0
2025-09-04 00:00:00-04:00,45.04232756574198,45.267343085189665,44.9836264046554,45.24777603149414,167400,0.0,0.0,0.0
2025-09-05 00:00:00-04:00,45.492359938705555,45.58040981690054,45.18907619558195,45.48257827758789,143400,0.0,0.0,0.0
2025-09-08 00:00:00-04:00,45.59997599746127,45.59997599746127,45.23799483049933,45.443443298339844,198700,0.0,0.0,0.0
2025-09-09 00:00:00-04:00,45.511926992974885,45.59997687116987,45.443444169049236,45.48257827758789,301100,0.0,0.0,0.0
2025-09-10 00:00:00-04:00,45.65866939298327,45.75650465381123,45.599971968520094,45.69780349731445,275500,0.0,0.0,0.0
2025-09-11 00:00:00-04:00,45.776074886875755,46.069573225687115,45.73694077982521,46.059791564941406,108700,0.0,0.0,0.0
2025-09-12 00:00:00-04:00,46.059790319330965,46.07935364029332,45.815207754930185,45.873905181884766,204800,0.0,0.0,0.0
2025-09-15 00:00:00-04:00,45.91303985083992,46.11848831176758,45.8445570305307,46.11848831176758,284200,0.0,0.0,0.0
2025-09-16 00:00:00-04:00,46.13805803090413,46.13805803090413,45.83477428627228,45.93260955810547,217400,0.0,0.0,0.0
2025-09-17 00:00:00-04:00,45.883692318308505,46.15762360659792,45.7858570496095,45.95217514038086,296100,0.0,0.0,0.0
2025-09-18 00:00:00-04:00,46.020662144411666,46.245677684815995,45.94239392234012,46.14784240722656,286400,0.0,0.0,0.0
2025-09-19 00:00:00-04:00,46.568523581154636,46.68592591126284,46.35329344002456,46.6174430847168,321800,0.0,0.0,0.0
2025-09-22 00:00:00-04:00,46.754407125491156,47.01855676107424,46.63700479943155,46.94028854370117,185700,0.0,0.0,0.0
2025-09-23 00:00:00-04:00,47.07724989153957,47.135951049206994,46.73483580189714,46.7446174621582,323900,0.0,0.0,0.0
2025-09-24 00:00:00-04:00,46.893223404509165,47.06052165969139,46.647193908691406,46.647193908691406,179300,0.281,0.0,0.0
2025-09-25 00:00:00-04:00,46.430687085168856,46.66687330055066,46.312593977477945,46.61766815185547,245300,0.0,0.0,0.0
2025-09-26 00:00:00-04:00,46.73576467735029,46.824335446009165,46.617667816396995,46.647193908691406,304400,0.0,0.0,0.0
2025-09-29 00:00:00-04:00,46.893226119700294,47.04084157327081,46.893226119700294,47.031002044677734,129500,0.0,0.0,0.0
2025-09-30 00:00:00-04:00,46.942427700005666,47.149091571751015,46.81449131335336,47.10972595214844,226300,0.0,0.0,0.0
2025-10-01 00:00:00-04:00,47.07036643264898,47.35575780371129,47.07036643264898,47.22782516479492,324700,0.0,0.0,0.0
2025-10-02 00:00:00-04:00,47.434490309982614,47.434490309982614,46.93258800694997,47.326236724853516,336700,0.0,0.0,0.0
2025-10-03 00:00:00-04:00,47.404965375930146,47.84781925587984,47.35576022351629,47.8281364440918,138200,0.0,0.0,0.0
2025-10-06 00:00:00-04:00,48.2217840295254,48.2217840295254,47.818295782708155,47.91670608520508,464300,0.0,0.0,0.0
2025-10-07 00:00:00-04:00,48.034800123244,48.054482933406284,47.53289784938618,47.641151428222656,223900,0.0,0.0,0.0
2025-10-08 00:00:00-04:00,47.926548738365724,47.926548738365724,47.67067594865498,47.86750030517578,265100,0.0,0.0,0.0
2025-10-09 00:00:00-04:00,48.03480304173589,48.03480304173589,47.35575918927243,47.51321792602539,238900,0.0,0.0,0.0
2025-10-10 00:00:00-04:00,47.64115260309983,47.6805182243952,46.853858947753906,46.853858947753906,397200,0.0,0.0,0.0
2025-10-14 00:00:00-04:00,47.16878138948264,47.85766481842759,47.109732951305865,47.650997161865234,637700,0.0,0.0,0.0
2025-10-15 00:00:00-04:00,47.975754704045286,48.36940342377473,47.84781830701636,48.10369110107422,396400,0.0,0.0,0.0
2025-10-16 00:00:00-04:00,48.27098934918257,48.33987731199324,47.71004236394576,47.80845642089844,338300,0.0,0.0,0.0
2025-10-17 00:00:00-04:00,47.51321613672925,47.62146971806627,47.1097279043627,47.257347106933594,1086800,0.0,0.0,0.0
2025-10-20 00:00:00-04:00,47.58210147977737,47.79860863054334,47.58210147977737,47.75924301147461,335900,0.0,0.0,0.0
2025-10-21 00:00:00-04:00,47.36560484799525,47.36560484799525,46.85386298934968,46.93259048461914,208700,0.0,0.0,0.0
2025-10-22 00:00:00-04:00,46.80465738750696,47.158936743997096,46.78497457534986,47.070369720458984,636400,0.0,0.0,0.0
2025-10-23 00:00:00-04:00,47.326236955524486,47.532900844080565,47.26718852131743,47.404964447021484,138700,0.0,0.0,0.0
2025-10-24 00:00:00-04:00,47.52306314978845,47.759249387508454,47.52306314978845,47.66083908081055,237200,0.0,0.0,0.0
2025-10-27 00:00:00-04:00,47.67067592615778,47.75924669884473,47.267187684831114,47.572265625,310100,0.0,0.0,0.0
2025-10-28 00:00:00-04:00,47.621472948496454,47.89702480760126,47.621472948496454,47.798614501953125,444100,0.0,0.0,0.0
2025-10-29 00:00:00-04:00,47.92655036947964,47.92655036947964,47.21798416353463,47.34592056274414,693000,0.0,0.0,0.0
2025-10-30 00:00:00-04:00,47.30655658941167,47.61163455074908,47.27703424783833,47.41481018066406,330700,0.0,0.0,0.0
2025-10-31 00:00:00-04:00,47.65099311510375,47.65099311510375,47.33607564646403,47.572265625,410800,0.0,0.0,0.0
2025-11-03 00:00:00-05:00,47.641158834224676,47.641158834224676,47.18846539245572,47.56243133544922,240100,0.0,0.0,0.0
2025-11-04 00:00:00-05:00,47.09004837094844,47.18846243088219,46.75544807539874,46.804656982421875,218400,0.0,0.0,0.0
2025-11-05 00:00:00-05:00,46.98179730738851,47.444330237585824,46.98179730738851,47.296714782714844,285300,0.0,0.0,0.0
2025-11-06 00:00:00-05:00,47.37544156282151,47.40496390252974,46.86369973457544,46.9522705078125,194100,0.0,0.0,0.0
2025-11-07 00:00:00-05:00,46.74560447544319,47.021156311035156,46.42084373711362,47.021156311035156,309600,0.0,0.0,0.0
2025-11-10 00:00:00-05:00,47.572268303137406,47.7100442341595,47.43449237211531,47.66083908081055,407000,0.0,0.0,0.0
2025-11-11 00:00:00-05:00,47.67067571720131,47.847817261798724,47.5821049449026,47.78877258300781,138000,0.0,0.0,0.0
2025-11-12 00:00:00-05:00,47.97575297642483,48.51701713097742,47.94623063744758,48.438289642333984,143300,0.0,0.0,0.0
2025-11-13 00:00:00-05:00,48.36940437119775,48.41860952359962,47.42464817616441,47.532901763916016,298400,0.0,0.0,0.0
2025-11-14 00:00:00-05:00,46.962117152836555,47.74941088569417,46.932591056901956,47.68052291870117,444700,0.0,0.0,0.0
2025-11-17 00:00:00-05:00,47.52306005252273,47.739563463970256,47.09004572140305,47.30655288696289,346500,0.0,0.0,0.0
2025-11-18 00:00:00-05:00,47.06052275487649,47.39512302713989,46.91290355230559,47.257347106933594,498500,0.0,0.0,0.0
2025-11-19 00:00:00-05:00,47.41480995718754,47.650996196886275,47.296716837338174,47.631317138671875,341900,0.0,0.0,0.0
2025-11-20 00:00:00-05:00,48.01511578703338,48.18241403692735,47.02115455304571,47.06052017211914,516500,0.0,0.0,0.0
2025-11-21 00:00:00-05:00,47.08020710935934,47.5624266000067,46.95227071321006,47.43449020385742,571700,0.0,0.0,0.0
2025-11-24 00:00:00-05:00,47.60178879571356,48.15289625251229,47.43449053000162,48.10369110107422,431000,0.0,0.0,0.0
2025-11-25 00:00:00-05:00,48.211944492510945,48.64495507917926,48.103690907315766,48.61543273925781,225200,0.0,0.0,0.0
2025-11-26 00:00:00-05:00,48.802411915869676,49.11732937648092,48.713841145440746,49.05828094482422,238900,0.0,0.0,0.0
2025-11-27 00:00:00-05:00,49.05828328851538,49.196062968963254,49.02876094833277,49.1763801574707,171600,0.0,0.0,0.0
2025-11-28 00:00:00-05:00,49.205899447282945,49.44208941643927,49.05828024729622,49.41256332397461,369700,0.0,0.0,0.0
2025-12-01 00:00:00-05:00,49.26494587699477,49.29446821414806,48.95002843365285,48.96970748901367,263900,0.0,0.0,0.0
2025-12-02 00:00:00-05:00,49.10749498054898,49.14685685165495,48.64495826951179,48.86146545410156,289000,0.0,0.0,0.0
2025-12-03 00:00:00-05:00,49.028761055395734,49.13701464178495,48.920507469006516,49.0681266784668,578400,0.0,0.0,0.0
2025-12-04 00:00:00-05:00,49.14685532503126,49.629074833698816,49.08781064315005,49.57002639770508,280800,0.0,0.0,0.0
2025-12-05 00:00:00-05:00,49.61922873497843,49.66843763923709,49.235423308079646,49.294471740722656,340000,0.0,0.0,0.0
2025-12-08 00:00:00-05:00,49.333838603004295,49.343678131636054,49.07796580922953,49.09764862060547,443300,0.0,0.0,0.0
2025-12-09 00:00:00-05:00,49.10748941102374,49.45192920734043,49.09764612877914,49.19606018066406,290800,0.0,0.0,0.0
2025-12-10 00:00:00-05:00,49.15669860808648,49.707802327577944,49.127172513033344,49.57002639770508,299400,0.0,0.0,0.0
2025-12-11 00:00:00-05:00,49.57002261397551,49.97351084385275,49.49129512610573,49.865257263183594,292300,0.0,0.0,0.0
2025-12-12 00:00:00-05:00,50.05224298697546,50.05224298697546,49.3633596236791,49.697959899902344,391200,0.0,0.0,0.0
2025-12-15 00:00:00-05:00,49.95382766380519,49.963670946036245,49.55033943691291,49.59954833984375,459700,0.0,0.0,0.0
2025-12-16 00:00:00-05:00,49.47161088490885,49.629069610207,49.20589858207221,49.284629821777344,266900,0.0,0.0,0.0
2025-12-17 00:00:00-05:00,49.589703292514066,49.599546574394765,49.146849460684955,49.23542022705078,466300,0.0,0.0,0.0
2025-12-18 00:00:00-05:00,49.530663165065675,49.86525969748673,49.5109803536093,49.57986831665039,286900,0.0,0.0,0.0
2025-12-19 00:00:00-05:00,49.845579757254725,50.23922471707248,49.766848512823756,50.04240036010742,336600,0.0,0.0,0.0
2025-12-22 00:00:00-05:00,50.38684526301761,50.5738263423441,50.180181372060055,50.43605041503906,243400,0.0,0.0,0.0
2025-12-23 00:00:00-05:00,50.45573311894847,50.573826234370316,50.377001872592274,50.54430389404297,223300,0.0,0.0,0.0
2025-12-24 00:00:00-05:00,50.544304630696104,50.57382697145372,50.31795792529185,50.48525619506836,157500,0.0,0.0,0.0
2025-12-29 00:00:00-05:00,50.249070866036625,50.485257104577556,50.19986195840407,50.31795883178711,404200,0.0,0.0,0.0
2025-12-30 00:00:00-05:00,50.49706539578688,50.506963074395735,50.259573957191435,50.27936553955078,233400,0.281,0.0,0.0
2025-12-31 00:00:00-05:00,50.23977927071961,50.309047917268316,50.012181749936985,50.02207565307617,298600,0.0,0.0,0.0
2026-01-02 00:00:00-05:00,50.31894448456459,50.35852764893335,50.002286719331174,50.32884216308594,496800,0.0,0.0,0.0
2026-01-05 00:00:00-05:00,50.635599317016535,51.001737903933545,50.536645186684325,50.83351135253906,442000,0.0,0.0,0.0
2026-01-06 00:00:00-05:00,50.96215501398021,51.19965021284701,50.79393223654557,51.150169372558594,470600,0.0,0.0,0.0
2026-01-07 00:00:00-05:00,50.87309393472891,50.87309393472891,50.477269868195734,50.72465896606445,961200,0.0,0.0,0.0
2026-01-08 00:00:00-05:00,50.59602300753921,51.130380628639294,50.56633374674707,51.09080123901367,282700,0.0,0.0,0.0
2026-01-09 00:00:00-05:00,51.37776911054685,51.615264319662366,51.30850046098364,51.506412506103516,307600,0.0,0.0,0.0
2026-01-12 00:00:00-05:00,51.67463702361412,51.961605514096526,51.615262279967,51.91212844848633,639500,0.0,0.0,0.0
2026-01-13 00:00:00-05:00,52.15951901944713,52.15951901944713,51.87254674602963,51.922027587890625,599500,0.0,0.0,0.0
2026-01-14 00:00:00-05:00,52.0407719265333,52.050665829728736,51.65484552932292,51.991294860839844,713300,0.0,0.0,0.0
2026-01-15 00:00:00-05:00,51.98139638869936,52.278266328041305,51.94181700166411,52.16941452026367,315000,0.0,0.0,0.0
2026-01-16 00:00:00-05:00,52.19910235923579,52.27826868659408,51.912130084849366,52.15951919555664,304700,0.0,0.0,0.0
2026-01-19 00:00:00-05:00,52.08035721477872,52.28816316408809,52.03088014706577,52.26837158203125,221700,0.0,0.0,0.0
2026-01-20 00:00:00-05:00,52.19910344028871,52.21889502253817,51.635056558183265,51.69443130493164,550700,0.0,0.0,0.0
2026-01-21 00:00:00-05:00,52.04077277342636,52.149624584638275,51.635054788364464,51.892337799072266,605300,0.0,0.0,0.0
2026-01-22 00:00:00-05:00,52.1496243135559,52.31784709374843,51.94181837042693,52.10014724731445,450800,0.0,0.0,0.0
2026-01-23 00:00:00-05:00,52.268370207032895,52.35743043651666,52.07045816652918,52.33763885498047,372100,0.0,0.0,0.0
2026-01-26 00:00:00-05:00,52.77304654604344,52.80273203117006,52.248579068037664,52.28816223144531,739100,0.0,0.0,0.0
2026-01-27 00:00:00-05:00,52.3178486497442,52.40690888157082,51.98139930449453,52.26837158203125,806700,0.0,0.0,0.0
2026-01-28 00:00:00-05:00,52.49596781875075,52.575134145025714,52.08035593038177,52.416805267333984,664200,0.0,0.0,0.0
2026-01-29 00:00:00-05:00,52.74335764782015,52.82252397517844,51.674638652491,52.15951919555664,635200,0.0,0.0,0.0
2026-01-30 00:00:00-05:00,51.44704066081535,51.47672614587853,50.15072037342169,50.477272033691406,982000,0.0,0.0,0.0
2026-02-02 00:00:00-05:00,50.48716768332274,50.97204820254346,50.26946406865167,50.88298797607422,513400,0.0,0.0,0.0
2026-02-03 00:00:00-05:00,51.42724920274834,51.496517851301064,50.6553926155265,51.16006851196289,687500,0.0,0.0,0.0
2026-02-04 00:00:00-05:00,51.456932509084595,51.49651567082675,50.9225711501397,51.40745544433594,664500,0.0,0.0,0.0
2026-02-05 00:00:00-05:00,50.843410718336294,51.278814191053456,50.46737821584616,50.55643844604492,652400,0.0,0.0,0.0
2026-02-06 00:00:00-05:00,50.97204763946215,51.338186219156626,50.94236215591969,51.29860305786133,249500,0.0,0.0,0.0
2026-02-09 00:00:00-05:00,51.38766545982546,52.19910142645661,51.35797997502571,52.1793098449707,294600,0.0,0.0,0.0
2026-02-10 00:00:00-05:00,52.34753622404859,52.634504717483225,52.228786735532694,52.54544448852539,738000,0.0,0.0,0.0
2026-02-11 00:00:00-05:00,53.27771987799007,53.297511460143575,52.218894769356794,52.58502960205078,399800,0.0,0.0,0.0
2026-02-12 00:00:00-05:00,52.67408928775286,52.693880869701,51.28871252510761,51.34808349609375,1306000,0.0,0.0,0.0
2026-02-13 00:00:00-05:00,51.54599350303794,52.27826690673828,51.318395981918975,52.27826690673828,668600,0.0,0.0,0.0
2026-02-17 00:00:00-05:00,51.94181686455246,52.13972512378055,51.44703866676607,52.011085510253906,1100000,0.0,0.0,0.0
2026-02-18 00:00:00-05:00,52.367321875043594,52.91158090452632,52.28815932748303,52.79283142089844,475300,0.0,0.0,0.0
2026-02-19 00:00:00-05:00,52.73346125829762,53.13917922973633,52.545443127114616,53.13917922973633,912800,0.0,0.0,0.0
2026-02-20 00:00:00-05:00,53.09959590311159,53.505313873291016,53.02043335458925,53.505313873291016,602200,0.0,0.0,0.0
2026-02-23 00:00:00-05:00,53.54489934454066,53.7823907752095,53.079806611765015,53.416255950927734,480800,0.0,0.0,0.0
2026-02-24 00:00:00-05:00,53.297507636007815,53.76260034609856,53.178761926465214,53.71311950683594,293900,0.0,0.0,0.0
2026-02-25 00:00:00-05:00,53.950618299726536,54.20790131670805,53.732914671994116,54.00009536743164,451500,0.0,0.0,0.0
2026-02-26 00:00:00-05:00,53.98030236584771,54.59382629394531,53.871450554844,54.59382629394531,329500,0.0,0.0,0.0
2026-02-27 00:00:00-05:00,54.46518743118526,54.603724728979934,54.20790064254521,54.336544036865234,513100,0.0,0.0,0.0
2026-03-02 00:00:00-05:00,54.21779765489109,54.67299270629883,54.000094032540346,54.67299270629883,806400,0.0,0.0,0.0
2026-03-03 00:00:00-05:00,53.57458491534473,53.61416807880559,52.46628276244836,53.49542236328125,1602200,0.0,0.0,0.0
2026-03-04 00:00:00-05:00,53.73291254944711,53.91103300603604,53.45583796135683,53.723018646240234,586000,0.0,0.0,0.0
2026-03-05 00:00:00-05:00,53.366780622235986,53.56469267081139,52.78294215511063,53.218345642089844,622700,0.0,0.0,0.0
2026-03-06 00:00:00-05:00,52.654298570614,52.81262745394128,52.06056620185131,52.37722396850586,800800,0.0,0.0,0.0
2026-03-09 00:00:00-04:00,51.714214627438935,52.6345023605066,51.22933411638229,52.55533981323242,900100,0.0,0.0,0.0
2026-03-10 00:00:00-04:00,52.75325673563049,53.089706086175966,52.535553104436836,52.69388198852539,446700,0.0,0.0,0.0
2026-03-11 00:00:00-04:00,52.525656635074085,52.69387941470083,52.24857827030919,52.46628189086914,290200,0.0,0.0,0.0
2026-03-12 00:00:00-04:00,52.33763715786672,52.456382868375194,51.98139625148323,52.011085510253906,359500,0.0,0.0,0.0
2026-03-13 00:00:00-04:00,52.06056601123727,52.357432194531675,51.45693596611893,51.536102294921875,423000,0.0,0.0,0.0
2026-03-16 00:00:00-04:00,51.664738555425465,52.199099915502714,51.60536758754449,52.090248107910156,753700,0.0,0.0,0.0
2026-03-17 00:00:00-04:00,52.37722094971918,52.71367027925551,52.119934169854744,52.199100494384766,690600,0.0,0.0,0.0
2026-03-18 00:00:00-04:00,51.76369759915626,51.882443312389526,51.16996148327358,51.17985916137695,625000,0.0,0.0,0.0
2026-03-19 00:00:00-04:00,50.35852538889056,50.635599977320375,50.031973734649455,50.49706268310547,630900,0.0,0.0,0.0
2026-03-20 00:00:00-04:00,50.38821347978312,50.4277966444229,49.37886920547721,49.5965690612793,779800,0.0,0.0,0.0
2026-03-23 00:00:00-04:00,49.913224332898764,50.82361819980002,49.82416410434166,50.576229095458984,681800,0.0,0.0,0.0
2026-03-24 00:00:00-04:00,50.2100947637202,50.92257282421126,50.07155369306814,50.60591506958008,742200,0.0,0.0,0.0
2026-03-25 00:00:00-04:00,51.456935309379375,51.526203958768725,50.96215708525073,51.34808349609375,656300,0.0,0.0,0.0
2026-03-26 00:00:00-04:00,50.88253265512258,51.53908129219998,50.52441452676222,50.554256439208984,466300,0.272,0.0,0.0
2026-03-27 00:00:00-04:00,50.42493481256643,50.902424382167155,50.33540528109443,50.69352340698242,473400,0.0,0.0,0.0
2026-03-30 00:00:00-04:00,51.1013777169242,51.36996630292395,50.424933232498816,50.67362594604492,384100,0.0,0.0,0.0
2026-03-31 00:00:00-04:00,51.20085719248849,52.036464863642415,51.15111561386948,51.96683120727539,783200,0.0,0.0,0.0
2026-04-01 00:00:00-04:00,52.36473753397833,52.553746426273456,52.165782602759634,52.3050537109375,542000,0.0,0.0,0.0
2026-04-02 00:00:00-04:00,51.69824393119911,52.59353544779145,51.58881852706288,52.533851623535156,494100,0.0,0.0,0.0
2026-04-06 00:00:00-04:00,52.48410921315452,52.7427517633383,52.43437142881139,52.643272399902344,219000,0.0,0.0,0.0
2026-04-07 00:00:00-04:00,52.563693014701556,52.74275207519531,52.26526251212854,52.74275207519531,576100,0.0,0.0,0.0
2026-04-08 00:00:00-04:00,53.727572029365504,53.86684313618994,53.15060690866287,53.39929962158203,566400,0.0,0.0,0.0
2026-04-09 00:00:00-04:00,53.38935094727066,53.57835984183302,53.12076615086576,53.15060806274414,634900,0.0,0.0,0.0
2026-04-10 00:00:00-04:00,53.349563713863695,53.6280983478073,53.349563713863695,53.518672943115234,265300,0.0,0.0,0.0
2026-04-13 00:00:00-04:00,53.31971622130278,53.846947354004506,53.26997843758554,53.80715560913086,497400,0.0,0.0,0.0
2026-04-14 00:00:00-04:00,53.90663253565679,54.175221128201095,53.74746934689903,54.13542938232422,718800,0.0,0.0,0.0
2026-04-15 00:00:00-04:00,54.17522254088025,54.443811140428295,54.01605934797213,54.22496032714844,272200,0.0,0.0,0.0
2026-04-16 00:00:00-04:00,54.423914022982586,54.51344355411886,54.02600794718231,54.0657958984375,778600,0.0,0.0,0.0
2026-04-17 00:00:00-04:00,54.234907728802575,54.68255537463888,54.20506581733005,54.5532341003418,449800,0.0,0.0,0.0
2026-04-20 00:00:00-04:00,54.4139667871371,54.59302584547162,54.34433313053475,54.5532341003418,1201700,0.0,0.0,0.0
2026-04-21 00:00:00-04:00,54.533338226792196,54.63281379486527,53.66788864135742,53.66788864135742,470200,0.0,0.0,0.0
2026-04-22 00:00:00-04:00,54.145379740355864,54.16527561348692,53.777315574305845,53.92652893066406,464500,0.0,0.0,0.0
2026-04-23 00:00:00-04:00,53.7773162120925,54.045904810422435,53.40924824692749,53.88673782348633,470500,0.0,0.0,0.0
2026-04-24 00:00:00-04:00,53.98621785153083,53.99616389096124,53.667891463259494,53.84695053100586,249600,0.0,0.0,0.0
2026-04-27 00:00:00-04:00,53.72757339477539,53.866844505139206,53.59825591299076,53.72757339477539,350700,0.0,0.0,0.0
2026-04-28 00:00:00-04:00,53.50872725398295,53.75741997727372,53.30977231640036,53.3794059753418,384200,0.0,0.0,0.0
2026-04-29 00:00:00-04:00,53.34956352135099,53.35950956049175,52.81238633375549,52.941707611083984,505800,0.0,0.0,0.0
2026-04-30 00:00:00-04:00,53.24013886192231,53.99616307393978,53.24013886192231,53.95637512207031,436600,0.0,0.0,0.0
2026-05-01 00:00:00-04:00,53.996162298647505,54.03595404469546,53.80715719704438,53.82705307006836,345400,0.0,0.0,0.0
2026-05-04 00:00:00-04:00,53.77731614130002,53.956375206617594,53.42914404996036,53.4788818359375,476600,0.0,0.0,0.0
2026-05-05 00:00:00-04:00,53.58830808024324,53.677837614302575,53.31971947806522,53.36946105957031,355400,0.0,0.0,0.0
2026-05-06 00:00:00-04:00,53.91658271703382,54.10558781904265,53.84694905867532,53.99616241455078,252100,0.0,0.0,0.0
2026-05-07 00:00:00-04:00,54.19511787785212,54.30454328340883,53.64799464481838,53.787261962890625,821100,0.0,0.0,0.0
2026-05-08 00:00:00-04:00,54.10558953987008,54.24485686101649,54.026009839822095,54.18517303466797,649400,0.0,0.0,0.0
2026-05-11 00:00:00-04:00,54.215013648644344,54.56318194316691,54.215013648644344,54.26475143432617,573100,0.0,0.0,0.0
2026-05-12 00:00:00-04:00,54.21501202810186,54.5134425280222,53.896685655553526,54.48360061645508,425600,0.0,0.0,0.0
2026-05-13 00:00:00-04:00,54.41396847123509,54.47365229602734,53.986216684724894,54.09564208984375,492700,0.0,0.0,0.0
2026-05-14 00:00:00-04:00,54.16527487872057,54.55323491263886,54.03595360249789,54.443809509277344,304200,0.0,0.0,0.0
2026-05-15 00:00:00-04:00,53.906632301921725,53.99616183238163,53.56841005293427,53.797210693359375,537200,0.0,0.0,0.0
2026-05-19 00:00:00-04:00,53.886736757960485,54.08569169294677,53.62809799880315,53.65793991088867,778500,0.0,0.0,0.0
2026-05-20 00:00:00-04:00,53.73752547221637,54.44381191360451,53.73752547221637,54.35428237915039,454600,0.0,0.0,0.0
2026-05-21 00:00:00-04:00,54.17522180159236,54.91135393046563,54.105588142817155,54.74224090576172,504600,0.0,0.0,0.0
2026-05-22 00:00:00-04:00,54.92130092030779,55.00088441442826,54.72234597975649,54.80192947387695,362600,0.0,0.0,0.0
2026-05-25 00:00:00-04:00,55.100358893331595,55.498268766533855,55.050621107868764,55.45847702026367,413900,0.0,0.0,0.0
2026-05-26 00:00:00-04:00,55.12025339342815,55.30925849137875,54.96109020706194,55.13019943237305,340200,0.0,0.0,0.0
2026-05-27 00:00:00-04:00,54.831768207945444,55.06056504815258,54.71239676843513,54.76213455200195,410400,0.0,0.0,0.0
2026-05-28 00:00:00-04:00,54.63281515242307,55.05062089716126,54.45375988439216,54.881507873535156,631100,0.0,0.0,0.0
2026-05-29 00:00:00-04:00,54.98098656319897,55.25952119310182,54.79198146358628,55.1600456237793,525800,0.0,0.0,0.0
2026-06-01 00:00:00-04:00,55.10035877876577,55.41868515876578,54.911353676500056,55.28936767578125,322100,0.0,0.0,0.0
2026-06-02 00:00:00-04:00,55.289365951829154,55.98570251464844,55.2694700793558,55.98570251464844,472300,0.0,0.0,0.0
2026-06-03 00:00:00-04:00,55.717114827358955,55.896173887758586,55.38884241312611,55.39878845214844,730500,0.0,0.0,0.0
2026-06-04 00:00:00-04:00,55.53806006812534,56.18465886346463,55.45847657622218,56.075233459472656,248300,0.0,0.0,0.0
2026-06-05 00:00:00-04:00,55.637536717275516,55.71711641597227,54.73229535044468,54.77208709716797,541900,0.0,0.0,0.0
2026-06-08 00:00:00-04:00,55.09041200237157,55.26947106306913,54.82182341132524,54.92129898071289,475300,0.0,0.0,0.0
2026-06-09 00:00:00-04:00,55.08046251774392,55.30925936458567,54.1155373453678,54.78203201293945,791900,0.0,0.0,0.0
2026-06-10 00:00:00-04:00,54.4736504700993,54.79198063557018,54.21501171691945,54.38412094116211,564900,0.0,0.0,0.0
2026-06-11 00:00:00-04:00,54.69250302036154,55.31920974294443,54.652711274062675,55.219730377197266,454300,0.0,0.0,0.0
2026-06-12 00:00:00-04:00,55.45847761740898,55.856387494895706,55.35900204541221,55.657432556152344,561500,0.0,0.0,0.0
2026-06-15 00:00:00-04:00,56.274190295544905,56.44330332417725,56.0453934407187,56.194610595703125,317300,0.0,0.0,0.0
2026-06-16 00:00:00-04:00,56.30403168005762,56.51293645402459,56.18466023404067,56.40351104736328,374400,0.0,0.0,0.0
2026-06-17 00:00:00-04:00,56.33387572108334,56.781523373841324,55.906123941197905,55.97575759887695,549600,0.0,0.0,0.0
2026-06-18 00:00:00-04:00,56.12497212152312,56.194609575401394,55.60769459506883,55.72706604003906,368200,0.0,0.0,0.0
2026-06-19 00:00:00-04:00,55.56790066072295,55.78675146351015,55.50821304321289,55.50821304321289,380500,0.0,0.0,0.0
2026-06-22 00:00:00-04:00,55.54800680074814,55.89617509529692,55.54800680074814,55.79669952392578,349000,0.0,0.0,0.0
2026-06-23 00:00:00-04:00,55.209783778374536,55.86633240665171,55.040674550443185,55.66737747192383,432400,0.0,0.0,0.0
2026-06-24 00:00:00-04:00,55.299313540575014,55.53806022219706,55.090412565874324,55.35900115966797,476500,0.0,0.0,0.0
2026-06-25 00:00:00-04:00,55.68000030517578,55.95000076293945,55.470001220703125,55.56999969482422,520800,0.291,0.0,0.0
2026-06-26 00:00:00-04:00,55.470001220703125,55.9900016784668,55.45000076293945,55.7400016784668,395700,0.0,0.0,0.0
2026-06-29 00:00:00-04:00,55.84000015258789,55.95000076293945,55.40999984741211,55.529998779296875,420400,0.0,0.0,0.0
2026-06-30 00:00:00-04:00,55.540000915527344,55.70000076293945,55.400001525878906,55.599998474121094,400800,0.0,0.0,0.0
2026-07-02 00:00:00-04:00,55.84000015258789,56.02000045776367,55.349998474121094,55.79999923706055,699300,0.0,0.0,0.0
2026-07-03 00:00:00-04:00,56.0,56.40999984741211,56.0,56.279998779296875,397000,0.0,0.0,0.0
2026-07-06 00:00:00-04:00,56.209999084472656,56.38999938964844,55.93000030517578,56.18000030517578,848200,0.0,0.0,0.0
2026-07-07 00:00:00-04:00,56.25,56.5,56.0,56.27000045776367,342100,0.0,0.0,0.0
2026-07-08 00:00:00-04:00,55.970001220703125,56.0,55.2400016784668,55.7400016784668,513100,0.0,0.0,0.0
2026-07-09 00:00:00-04:00,55.939998626708984,56.27000045776367,55.900001525878906,56.189998626708984,725100,0.0,0.0,0.0
2026-07-10 00:00:00-04:00,56.279998779296875,56.470001220703125,56.060001373291016,56.34000015258789,429400,0.0,0.0,0.0
2026-07-13 00:00:00-04:00,56.380001068115234,56.54999923706055,56.150001525878906,56.29999923706055,799700,0.0,0.0,0.0
2026-07-14 00:00:00-04:00,56.380001068115234,56.70000076293945,56.33000183105469,56.369998931884766,785500,0.0,0.0,0.0
2026-07-15 00:00:00-04:00,56.540000915527344,56.63999938964844,56.27000045776367,56.5099983215332,382400,0.0,0.0,0.0
2026-07-16 00:00:00-04:00,56.349998474121094,56.56999969482422,56.130001068115234,56.439998626708984,469100,0.0,0.0,0.0
2026-07-17 00:00:00-04:00,56.15999984741211,56.43000030517578,55.95000076293945,56.29999923706055,547200,0.0,0.0,0.0
2026-07-20 00:00:00-04:00,56.349998474121094,56.470001220703125,55.810001373291016,55.83000183105469,570500,0.0,0.0,0.0
2026-07-21 00:00:00-04:00,56.099998474121094,56.470001220703125,55.849998474121094,56.470001220703125,267000,0.0,0.0,0.0
2026-07-22 00:00:00-04:00,56.63999938964844,57.0099983215332,56.56999969482422,56.630001068115234,258500,0.0,0.0,0.0
2026-07-23 00:00:00-04:00,56.29999923706055,56.349998474121094,56.0,56.189998626708984,484900,0.0,0.0,0.0
2026-07-24 00:00:00-04:00,56.34000015258789,56.61000061035156,56.209999084472656,56.459999084472656,356700,0.0,0.0,0.0
2026-07-27 00:00:00-04:00,56.65999984741211,56.86000061035156,56.41999816894531,56.810001373291016,641300,0.0,0.0,0.0
2026-07-28 00:00:00-04:00,56.66999816894531,57.189998626708984,56.5,57.189998626708984,289400,0.0,0.0,0.0
2026-07-29 00:00:00-04:00,57.04999923706055,57.08000183105469,56.349998474121094,56.400001525878906,602200,0.0,0.0,0.0
2026-07-30 00:00:00-04:00,56.810001373291016,56.810001373291016,56.279998779296875,56.72999954223633,374800,0.0,0.0,0.0
2026-07-31 00:00:00-04:00,56.65999984741211,56.79999923706055,56.220001220703125,56.29999923706055,353800,0.0,0.0,0.0
2026-08-04 00:00:00-04:00,56.91999816894531,57.290000915527344,56.75,57.209999084472656,824800,0.0,0.0,0.0
2026-08-05 00:00:00-04:00,58.0099983215332,58.22999954223633,57.72999954223633,57.75,446300,0.0,0.0,0.0
2026-08-06 00:00:00-04:00,57.7599983215332,57.91999816894531,57.5,57.7400016784668,218900,0.0,0.0,0.0
2026-08-07 00:00:00-04:00,58.060001373291016,58.20000076293945,57.93000030517578,58.130001068115234,255400,0.0,0.0,0.0
2026-08-10 00:00:00-04:00,58.099998474121094,58.369998931884766,58.0,58.2400016784668,266000,0.0,0.0,0.0
2026-08-11 00:00:00-04:00,58.38999938964844,58.58000183105469,58.25,58.29999923706055,462800,0.0,0.0,0.0
2026-08-12 00:00:00-04:00,58.540000915527344,58.63999938964844,58.34000015258789,58.58000183105469,254300,0.0,0.0,0.0
2026-08-13 00:00:00-04:00,58.56999969482422,58.75,58.38999938964844,58.7400016784668,1005600,0.0,0.0,0.0
2026-08-14 00:00:00-04:00,58.79999923706055,58.900001525878906,58.58000183105469,58.720001220703125,258000,0.0,0.0,0.0
2026-08-17 00:00:00-04:00,58.68000030517578,58.86000061035156,58.58000183105469,58.61000061035156,617400,0.0,0.0,0.0
2026-08-18 00:00:00-04:00,58.5,58.54999923706055,58.04999923706055,58.119998931884766,525100,0.0,0.0,0.0
2026-08-19 00:00:00-04:00,58.599998474121094,58.75,58.09000015258789,58.209999084472656,343900,0.0,0.0,0.0
2026-08-20 00:00:00-04:00,58.0099983215332,58.310001373291016,57.900001525878906,58.099998474121094,557400,0.0,0.0,0.0
2026-08-21 00:00:00-04:00,58.439998626708984,58.70000076293945,58.400001525878906,58.56999969482422,297500,0.0,0.0,0.0
2026-08-24 00:00:00-04:00,58.52000045776367,58.75,58.38999938964844,58.66999816894531,284900,0.0,0.0,0.0
2026-08-25 00:00:00-04:00,58.52000045776367,59.15999984741211,58.47999954223633,59.099998474121094,444700,0.0,0.0,0.0
2026-08-26 00:00:00-04:00,58.84000015258789,59.290000915527344,58.810001373291016,58.86000061035156,196300,0.0,0.0,0.0
2026-08-27 00:00:00-04:00,58.869998931884766,58.90999984741211,58.56999969482422,58.90999984741211,309000,0.0,0.0,0.0
2026-08-28 00:00:00-04:00,59.029998779296875,59.119998931884766,58.27000045776367,58.459999084472656,534400,0.0,0.0,0.0
2026-08-31 00:00:00-04:00,58.369998931884766,58.58000183105469,57.83000183105469,58.02000045776367,354600,0.0,0.0,0.0
2026-09-01 00:00:00-04:00,57.689998626708984,57.77000045776367,57.15999984741211,57.310001373291016,513100,0.0,0.0,0.0
2026-09-02 00:00:00-04:00,57.540000915527344,57.7599983215332,57.43000030517578,57.7400016784668,1345600,0.0,0.0,0.0
2026-09-03 00:00:00-04:00,58.18000030517578,58.65999984741211,58.09000015258789,58.619998931884766,415900,0.0,0.0,0.0
2026-09-04 00:00:00-04:00,58.369998931884766,58.68000030517578,58.29999923706055,58.41999816894531,524600,0.0,0.0,0.0
2026-09-08 00:00:00-04:00,58.2400016784668,58.36000061035156,57.790000915527344,57.810001373291016,754700,0.0,0.0,0.0
2026-09-09 00:00:00-04:00,57.90999984741211,58.0,57.43000030517578,57.470001220703125,398300,0.0,0.0,0.0
2026-09-10 00:00:00-04:00,57.0099983215332,57.150001525878906,56.709999084472656,56.83000183105469,409500,0.0,0.0,0.0
2026-09-11 00:00:00-04:00,57.38999938964844,57.41999816894531,57.0,57.18000030517578,482100,0.0,0.0,0.0
