Date,Open,High,Low,Close,Volume,Dividends,Stock Splits,Capital Gains
2019-01-02 00:00:00-05:00,11.936692825358513,11.952285766601562,11.9055061993246,11.952285766601562,86600,0.0,0.0,0.0
2019-01-03 00:00:00-05:00,11.952288890814485,12.014662159186082,11.936695945495591,11.999069213867188,58100,0.0,0.0,0.0
2019-01-04 00:00:00-05:00,11.975675550240044,11.983472392635475,11.94448892420613,11.952285766601562,114500,0.0,0.0,0.0
2019-01-07 00:00:00-05:00,11.983469122157821,11.983469122157821,11.944485664367676,11.944485664367676,214500,0.0,0.0,0.0
2019-01-08 00:00:00-05:00,11.94448929061509,11.960082975884307,11.93669319152832,11.93669319152832,65900,0.0,0.0,0.0
2019-01-09 00:00:00-05:00,11.936692792691478,11.952285733891854,11.921099107943288,11.928895950317383,103400,0.0,0.0,0.0
2019-01-10 00:00:00-05:00,11.944488891517759,11.960082576265949,11.928895950317383,11.928895950317383,101200,0.0,0.0,0.0
2019-01-11 00:00:00-05:00,11.960082975884307,11.960082975884307,11.93669319152832,11.93669319152832,40200,0.0,0.0,0.0
2019-01-14 00:00:00-05:00,11.967876185170331,11.967876185170331,11.944485664367676,11.944485664367676,75100,0.0,0.0,0.0
2019-01-15 00:00:00-05:00,11.944488891517759,11.944488891517759,11.928895950317383,11.928895950317383,76300,0.0,0.0,0.0
2019-01-16 00:00:00-05:00,11.921099107943288,11.928895950317383,11.905506166742912,11.928895950317383,54900,0.0,0.0,0.0
2019-01-17 00:00:00-05:00,11.936695258098307,11.936695258098307,11.91330472614494,11.921101570129395,66900,0.0,0.0,0.0
2019-01-18 00:00:00-05:00,11.921099264046017,11.928896106522208,11.897709480165265,11.913302421569824,149000,0.0,0.0,0.0
2019-01-21 00:00:00-05:00,11.921099506259106,11.93669319152832,11.913302663624497,11.93669319152832,99700,0.0,0.0,0.0
2019-01-22 00:00:00-05:00,11.952284658329859,11.97567443979953,11.952284658329859,11.967878341674805,108800,0.0,0.0,0.0
2019-01-23 00:00:00-05:00,11.960081500002332,11.97567443979953,11.952284658329859,11.967878341674805,47400,0.0,0.0,0.0
2019-01-24 00:00:00-05:00,11.983471870422363,11.99906555453369,11.983471870422363,11.983471870422363,66200,0.0,0.0,0.0
2019-01-25 00:00:00-05:00,11.983471870422363,11.983471870422363,11.960082087803157,11.983471870422363,206900,0.0,0.0,0.0
2019-01-28 00:00:00-05:00,11.991268712478027,11.991268712478027,11.9756750283667,11.983471870422363,68700,0.0,0.0,0.0
2019-01-29 00:00:00-05:00,11.983470999640721,11.999105370598537,11.975653814161813,11.991288185119629,110100,0.04,0.0,0.0
2019-01-30 00:00:00-05:00,11.999108187385449,12.014741816525415,11.975656625443479,12.006924629211426,93400,0.0,0.0,0.0
2019-01-31 00:00:00-05:00,12.053821563720703,12.069455185800031,12.0460043799372,12.053821563720703,115500,0.0,0.0,0.0
2019-02-01 00:00:00-05:00,12.061642361500944,12.061642361500944,12.014739990234375,12.014739990234375,110500,0.0,0.0,0.0
2019-02-04 00:00:00-05:00,12.030378341674805,12.030378341674805,12.00692677554069,12.030378341674805,97900,0.0,0.0,0.0
2019-02-05 00:00:00-05:00,12.038190841674805,12.053825213976362,12.03037440101193,12.038190841674805,116800,0.0,0.0,0.0
2019-02-06 00:00:00-05:00,12.061638747504205,12.069455185800031,12.0460043799372,12.053821563720703,86200,0.0,0.0,0.0
2019-02-07 00:00:00-05:00,12.077275358837325,12.085092544555664,12.069458173118987,12.085092544555664,66000,0.0,0.0,0.0
2019-02-08 00:00:00-05:00,12.092909730274004,12.092909730274004,12.069458173118987,12.085092544555664,338900,0.0,0.0,0.0
2019-02-11 00:00:00-05:00,12.06164264678955,12.077276273922916,12.05382546047891,12.06164264678955,118900,0.0,0.0,0.0
2019-02-12 00:00:00-05:00,12.061642520745774,12.069458961486816,12.053825334516823,12.069458961486816,157900,0.0,0.0,0.0
2019-02-13 00:00:00-05:00,12.061638747504205,12.061638747504205,12.0460043799372,12.053821563720703,102500,0.0,0.0,0.0
2019-02-14 00:00:00-05:00,12.100731024664842,12.108548213519015,12.092914581298828,12.092914581298828,44000,0.0,0.0,0.0
2019-02-15 00:00:00-05:00,12.09290691266691,12.116357718870107,12.077272544872988,12.108540534973145,121200,0.0,0.0,0.0
2019-02-19 00:00:00-05:00,12.124174902767068,12.124174902767068,12.100723351076184,12.108540534973145,171900,0.0,0.0,0.0
2019-02-20 00:00:00-05:00,12.116357718870107,12.116357718870107,12.100723351076184,12.108540534973145,183100,0.0,0.0,0.0
2019-02-21 00:00:00-05:00,12.092906828246855,12.100723266601562,12.077272460562076,12.100723266601562,187000,0.0,0.0,0.0
2019-02-22 00:00:00-05:00,12.108540450443952,12.116357634286341,12.100723266601562,12.100723266601562,85900,0.0,0.0,0.0
2019-02-25 00:00:00-05:00,12.108544431629378,12.116361618041992,12.100727245216765,12.116361618041992,86500,0.0,0.0,0.0
2019-02-26 00:00:00-05:00,12.139869689941406,12.147707099708281,12.13203228017453,12.139869689941406,83300,0.04,0.0,0.0
2019-02-27 00:00:00-05:00,12.124200938596994,12.124200938596994,12.100688698977887,12.116363525390625,160500,0.0,0.0,0.0
2019-02-28 00:00:00-05:00,12.124201174402572,12.124201174402572,12.085014855025447,12.100688934326172,134100,0.0,0.0,0.0
2019-03-01 00:00:00-05:00,12.092852268384247,12.108526347684972,12.077177441666647,12.100688934326172,125300,0.0,0.0,0.0
2019-03-04 00:00:00-05:00,12.100687629707075,12.124199867248535,12.08501355209623,12.124199867248535,203500,0.0,0.0,0.0
2019-03-05 00:00:00-05:00,12.116360227028792,12.132034301757812,12.108522815955954,12.132034301757812,83000,0.0,0.0,0.0
2019-03-06 00:00:00-05:00,12.155549444544521,12.186898348922933,12.155549444544521,12.179060935974121,54500,0.0,0.0,0.0
2019-03-07 00:00:00-05:00,12.194733902221024,12.226082801818848,12.186896490467387,12.226082801818848,68200,0.0,0.0,0.0
2019-03-08 00:00:00-05:00,12.218245739177318,12.218245739177318,12.186896838683762,12.202570915222168,270500,0.0,0.0,0.0
2019-03-11 00:00:00-04:00,12.218245390065212,12.226082801818848,12.218245390065212,12.226082801818848,85100,0.0,0.0,0.0
2019-03-12 00:00:00-04:00,12.241756323342619,12.257431146139805,12.233918911944027,12.249593734741211,95200,0.0,0.0,0.0
2019-03-13 00:00:00-04:00,12.257433171945404,12.257433171945404,12.233920933863724,12.241758346557617,124000,0.0,0.0,0.0
2019-03-14 00:00:00-04:00,12.249595876563292,12.249595876563292,12.226084385673259,12.23392105102539,84900,0.0,0.0,0.0
2019-03-15 00:00:00-04:00,12.25742868807767,12.273102760314941,12.25742868807767,12.273102760314941,91700,0.0,0.0,0.0
2019-03-18 00:00:00-04:00,12.273107411421721,12.288782237015779,12.273107411421721,12.28094482421875,116900,0.0,0.0,0.0
2019-03-19 00:00:00-04:00,12.273107411421721,12.288782237015779,12.265269998624692,12.28094482421875,102000,0.0,0.0,0.0
2019-03-20 00:00:00-04:00,12.28094118223522,12.320127487182617,12.27310377176242,12.320127487182617,103500,0.0,0.0,0.0
2019-03-21 00:00:00-04:00,12.335801560711616,12.335801560711616,12.304452666237019,12.320127487182617,117200,0.0,0.0,0.0
2019-03-22 00:00:00-04:00,12.367150914680675,12.390663146972656,12.367150914680675,12.390663146972656,154200,0.0,0.0,0.0
2019-03-25 00:00:00-04:00,12.406333697328407,12.43768258406377,12.398496288790462,12.422008514404297,120100,0.0,0.0,0.0
2019-03-26 00:00:00-04:00,12.406333697328407,12.422008514404297,12.390659627668933,12.422008514404297,355600,0.0,0.0,0.0
2019-03-27 00:00:00-04:00,12.453441537732012,12.453441537732012,12.429869816076506,12.445584297180176,125100,0.04,0.0,0.0
2019-03-28 00:00:00-04:00,12.43772605963794,12.43772605963794,12.414155089179552,12.422012329101562,123700,0.0,0.0,0.0
2019-03-29 00:00:00-04:00,12.382732312034124,12.382732312034124,12.359160581925407,12.37487506866455,102700,0.0,0.0,0.0
2019-04-01 00:00:00-04:00,12.374871924088739,12.374871924088739,12.3198727330935,12.327729225158691,267200,0.0,0.0,0.0
2019-04-02 00:00:00-04:00,12.343443870544434,12.351301112020934,12.335586629067935,12.343443870544434,104400,0.0,0.0,0.0
2019-04-03 00:00:00-04:00,12.3198727330935,12.327729225158691,12.3198727330935,12.327729225158691,76100,0.0,0.0,0.0
2019-04-04 00:00:00-04:00,12.327729387591434,12.343443870544434,12.319872895422725,12.343443870544434,76700,0.0,0.0,0.0
2019-04-05 00:00:00-04:00,12.343443870544434,12.351301112020934,12.335586629067935,12.343443870544434,113900,0.0,0.0,0.0
2019-04-08 00:00:00-04:00,12.343444705846593,12.343444705846593,12.30415924511337,12.312016487121582,122800,0.0,0.0,0.0
2019-04-09 00:00:00-04:00,12.319872693449769,12.32772918548968,12.304158210754395,12.304158210754395,63500,0.0,0.0,0.0
2019-04-10 00:00:00-04:00,12.3198727330935,12.335586466531662,12.31201549172053,12.327729225158691,47000,0.0,0.0,0.0
2019-04-11 00:00:00-04:00,12.335586426837367,12.335586426837367,12.304158210754395,12.304158210754395,214400,0.0,0.0,0.0
2019-04-12 00:00:00-04:00,12.280587114927439,12.280587114927439,12.264872632387014,12.272729873657227,198400,0.0,0.0,0.0
2019-04-15 00:00:00-04:00,12.27272991348217,12.296300888061523,12.257016180198525,12.296300888061523,116700,0.0,0.0,0.0
2019-04-16 00:00:00-04:00,12.280587114927439,12.280587114927439,12.264872632387014,12.272729873657227,103400,0.0,0.0,0.0
2019-04-17 00:00:00-04:00,12.24915691293108,12.264870643615723,12.241299672934934,12.264870643615723,134700,0.0,0.0,0.0
2019-04-18 00:00:00-04:00,12.27272991348217,12.304158129357232,12.27272991348217,12.296300888061523,140600,0.0,0.0,0.0
2019-04-22 00:00:00-04:00,12.296300848160092,12.296300848160092,12.272729873657227,12.272729873657227,133200,0.0,0.0,0.0
2019-04-23 00:00:00-04:00,12.296300969406706,12.304158210754395,12.288444477366797,12.304158210754395,174800,0.0,0.0,0.0
2019-04-24 00:00:00-04:00,12.335584765749193,12.374870217889743,12.335584765749193,12.367012977600098,90000,0.0,0.0,0.0
2019-04-25 00:00:00-04:00,12.367012895144484,12.367012895144484,12.35129916397764,12.359155654907227,134800,0.0,0.0,0.0
2019-04-26 00:00:00-04:00,12.38279048898213,12.38279048898213,12.367035942292285,12.374913215637207,113800,0.04,0.0,0.0
2019-04-29 00:00:00-04:00,12.351283073425293,12.359159596142987,12.34340579948941,12.351283073425293,127600,0.0,0.0,0.0
2019-04-30 00:00:00-04:00,12.343400037853126,12.36703109741211,12.343400037853126,12.36703109741211,95600,0.0,0.0,0.0
2019-05-01 00:00:00-04:00,12.374909479826572,12.398540541509323,12.367032208859687,12.382786750793457,76900,0.0,0.0,0.0
2019-05-02 00:00:00-04:00,12.367033818317363,12.367033818317363,12.311894416809082,12.311894416809082,267300,0.0,0.0,0.0
2019-05-03 00:00:00-04:00,12.327649193748709,12.335526466369629,12.319772672345852,12.335526466369629,94900,0.0,0.0,0.0
2019-05-06 00:00:00-04:00,12.351283073425293,12.359159596142987,12.351283073425293,12.351283073425293,144800,0.0,0.0,0.0
2019-05-07 00:00:00-04:00,12.374910387085242,12.398541450500488,12.367033115540838,12.398541450500488,128600,0.0,0.0,0.0
2019-05-08 00:00:00-04:00,12.398540541509323,12.406417812476208,12.367032208859687,12.382786750793457,125200,0.0,0.0,0.0
2019-05-09 00:00:00-04:00,12.390664178956087,12.414295993589294,12.390664178956087,12.398541450500488,89100,0.0,0.0,0.0
2019-05-10 00:00:00-04:00,12.38279048898213,12.398544284453841,12.367035942292285,12.374913215637207,104800,0.0,0.0,0.0
2019-05-13 00:00:00-04:00,12.40641800420947,12.422172546386719,12.398540733120848,12.422172546386719,50100,0.0,0.0,0.0
2019-05-14 00:00:00-04:00,12.414297026227967,12.414297026227967,12.39066520962903,12.40641975402832,115700,0.0,0.0,0.0
2019-05-15 00:00:00-04:00,12.4300537109375,12.445808259001675,12.42217718812361,12.4300537109375,72200,0.0,0.0,0.0
2019-05-16 00:00:00-04:00,12.42217718812361,12.4300537109375,12.414299914091522,12.4300537109375,76600,0.0,0.0,0.0
2019-05-17 00:00:00-04:00,12.453685533033763,12.453685533033763,12.414299914091522,12.4300537109375,115500,0.0,0.0,0.0
2019-05-21 00:00:00-04:00,12.398544284453841,12.398544284453841,12.367035942292285,12.374913215637207,182300,0.0,0.0,0.0
2019-05-22 00:00:00-04:00,12.374910308875693,12.390664100646973,12.367033037381075,12.390664100646973,57700,0.0,0.0,0.0
2019-05-23 00:00:00-04:00,12.414297288861663,12.469436692989646,12.414297288861663,12.453682899475098,164800,0.0,0.0,0.0
2019-05-24 00:00:00-04:00,12.469439582192797,12.477316856384277,12.453685785028048,12.477316856384277,67800,0.0,0.0,0.0
2019-05-27 00:00:00-04:00,12.485188440239918,12.50094223022461,12.485188440239918,12.50094223022461,70600,0.0,0.0,0.0
2019-05-28 00:00:00-04:00,12.516703605651855,12.516703605651855,12.500949055847178,12.516703605651855,68900,0.0,0.0,0.0
2019-05-29 00:00:00-04:00,12.516701698303223,12.540392404902079,12.516701698303223,12.516701698303223,574000,0.04,0.0,0.0
2019-05-30 00:00:00-04:00,12.508801710837357,12.524595260620117,12.493007407940784,12.524595260620117,114100,0.0,0.0,0.0
2019-05-31 00:00:00-04:00,12.564077377319336,12.57197452695273,12.55618022768594,12.564077377319336,198000,0.0,0.0,0.0
2019-06-03 00:00:00-04:00,12.595665459164282,12.619356155395508,12.579871912714685,12.619356155395508,78100,0.0,0.0,0.0
2019-06-04 00:00:00-04:00,12.60356616973877,12.61146332175152,12.587771865713268,12.60356616973877,88200,0.0,0.0,0.0
2019-06-05 00:00:00-04:00,12.619356155395508,12.627253305177133,12.611459758727536,12.619356155395508,82400,0.0,0.0,0.0
2019-06-06 00:00:00-04:00,12.627256872663153,12.627256872663153,12.60356616973877,12.60356616973877,116800,0.0,0.0,0.0
2019-06-07 00:00:00-04:00,12.627253305177133,12.627253305177133,12.603562608945909,12.619356155395508,74300,0.0,0.0,0.0
2019-06-10 00:00:00-04:00,12.595668567440883,12.595668567440883,12.579875017093856,12.58777141571045,90100,0.0,0.0,0.0
2019-06-11 00:00:00-04:00,12.571977615356445,12.579874766929835,12.564080463783055,12.571977615356445,93500,0.0,0.0,0.0
2019-06-12 00:00:00-04:00,12.571977138342834,12.595667839050293,12.571977138342834,12.595667839050293,98800,0.0,0.0,0.0
2019-06-13 00:00:00-04:00,12.603565916145214,12.635153770446777,12.603565916145214,12.635153770446777,71300,0.0,0.0,0.0
2019-06-14 00:00:00-04:00,12.635151362754126,12.650945663452148,12.635151362754126,12.650945663452148,66900,0.0,0.0,0.0
2019-06-17 00:00:00-04:00,12.658845901489258,12.658845901489258,12.635154444663511,12.658845901489258,76500,0.0,0.0,0.0
2019-06-18 00:00:00-04:00,12.690431143054257,12.690431143054257,12.650946893696961,12.674636840820312,214400,0.0,0.0,0.0
2019-06-19 00:00:00-04:00,12.658844270289164,12.690431369092106,12.65094711903153,12.682534217834473,111400,0.0,0.0,0.0
2019-06-20 00:00:00-04:00,12.698331609050094,12.698331609050094,12.68253730269307,12.690434455871582,146000,0.0,0.0,0.0
2019-06-21 00:00:00-04:00,12.674638924690969,12.674638924690969,12.658846126088054,12.666743278503418,73700,0.0,0.0,0.0
2019-06-24 00:00:00-04:00,12.682534217834473,12.690431369092106,12.674637066576839,12.682534217834473,79700,0.0,0.0,0.0
2019-06-25 00:00:00-04:00,12.690434455871582,12.698331609050094,12.68253730269307,12.690434455871582,171300,0.0,0.0,0.0
2019-06-26 00:00:00-04:00,12.690432326949827,12.690432326949827,12.642931938171387,12.642931938171387,108500,0.04,0.0,0.0
2019-06-27 00:00:00-04:00,12.642932019456124,12.674598693847656,12.642932019456124,12.674598693847656,224700,0.0,0.0,0.0
2019-06-28 00:00:00-04:00,12.666682521600364,12.698349952697754,12.658765663826017,12.698349952697754,50400,0.0,0.0,0.0
2019-07-02 00:00:00-04:00,12.682516644168842,12.690433502197266,12.666682928111998,12.690433502197266,138700,0.0,0.0,0.0
2019-07-03 00:00:00-04:00,12.698347789809983,12.714179992675781,12.6904309333841,12.714179992675781,92600,0.0,0.0,0.0
2019-07-04 00:00:00-04:00,12.70626163482666,12.714178490317055,12.70626163482666,12.70626163482666,103400,0.0,0.0,0.0
2019-07-05 00:00:00-04:00,12.650848307852826,12.650848307852826,12.611265530526111,12.619181632995605,190900,0.0,0.0,0.0
2019-07-08 00:00:00-04:00,12.619182239019091,12.63501595470464,12.611266136169434,12.611266136169434,78700,0.0,0.0,0.0
2019-07-09 00:00:00-04:00,12.619181632995605,12.635015347920756,12.611265530526111,12.619181632995605,60600,0.0,0.0,0.0
2019-07-10 00:00:00-04:00,12.611265530526111,12.627098490458181,12.595431815600959,12.619181632995605,116800,0.0,0.0,0.0
2019-07-11 00:00:00-04:00,12.611268315975801,12.627101279404897,12.579601634124362,12.587517738342285,98400,0.0,0.0,0.0
2019-07-12 00:00:00-04:00,12.579596463549896,12.595429420471191,12.571679607592777,12.595429420471191,90400,0.0,0.0,0.0
2019-07-15 00:00:00-04:00,12.60334927832666,12.619182239019091,12.595432420483883,12.611266136169434,236900,0.0,0.0,0.0
2019-07-16 00:00:00-04:00,12.57959986636614,12.603349685668945,12.57168300826749,12.603349685668945,112200,0.0,0.0,0.0
2019-07-17 00:00:00-04:00,12.627097213842367,12.658763885498047,12.619180357180195,12.658763885498047,115400,0.0,0.0,0.0
2019-07-18 00:00:00-04:00,12.658764979155354,12.682515551193806,12.650848121809204,12.674598693847656,47500,0.0,0.0,0.0
2019-07-19 00:00:00-04:00,12.698349265886108,12.698349265886108,12.666681836501505,12.674598693847656,80500,0.0,0.0,0.0
2019-07-22 00:00:00-04:00,12.72209901603457,12.72209901603457,12.690433094923407,12.698349952697754,80700,0.0,0.0,0.0
2019-07-23 00:00:00-04:00,12.71418256629626,12.71418256629626,12.690433502197266,12.690433502197266,76800,0.0,0.0,0.0
2019-07-24 00:00:00-04:00,12.714183399326402,12.722100257873535,12.714183399326402,12.722100257873535,67800,0.0,0.0,0.0
2019-07-25 00:00:00-04:00,12.714179992675781,12.714179992675781,12.706263136249898,12.714179992675781,104100,0.0,0.0,0.0
2019-07-26 00:00:00-04:00,12.72209534580745,12.72209534580745,12.698346289322053,12.70626163482666,139200,0.0,0.0,0.0
2019-07-29 00:00:00-04:00,12.7142041561126,12.7142041561126,12.690394240760838,12.698330879211426,189800,0.04,0.0,0.0
2019-07-30 00:00:00-04:00,12.690391699727623,12.698328336589036,12.666582546022736,12.682455062866211,82600,0.0,0.0,0.0
2019-07-31 00:00:00-04:00,12.68245760231025,12.7142041561126,12.674521720739165,12.698330879211426,89500,0.0,0.0,0.0
2019-08-01 00:00:00-04:00,12.706261253649783,12.777689450732948,12.698324619111848,12.75387954711914,110300,0.0,0.0,0.0
2019-08-02 00:00:00-04:00,12.785634276993855,12.80944268210339,12.785634276993855,12.801506042480469,53000,0.0,0.0,0.0
2019-08-06 00:00:00-04:00,12.825314745871687,12.896742981949364,12.825314745871687,12.888806343078613,120400,0.0,0.0,0.0
2019-08-07 00:00:00-04:00,12.97610545416382,12.99197872896613,12.904677231312222,12.912613868713379,96700,0.0,0.0,0.0
2019-08-08 00:00:00-04:00,12.896738847377271,12.912612120029953,12.849120543177824,12.904675483703613,114000,0.0,0.0,0.0
2019-08-09 00:00:00-04:00,12.91261658310402,12.928489861243088,12.872933387756348,12.872933387756348,78000,0.0,0.0,0.0
2019-08-12 00:00:00-04:00,12.896741226548043,12.944359539532044,12.896741226548043,12.928487777709961,106200,0.0,0.0,0.0
2019-08-13 00:00:00-04:00,12.936422267158042,12.936422267158042,12.8729306817076,12.912613868713379,113000,0.0,0.0,0.0
2019-08-14 00:00:00-04:00,12.991982784456916,12.991982784456916,12.968172864821103,12.976109504699707,210600,0.0,0.0,0.0
2019-08-15 00:00:00-04:00,12.976097382267692,13.039588928222656,12.976097382267692,13.039588928222656,103700,0.0,0.0,0.0
2019-08-16 00:00:00-04:00,12.999911308288574,13.007847944136385,12.968166278655836,12.999911308288574,101000,0.0,0.0,0.0
2019-08-19 00:00:00-04:00,12.936422821456507,12.960232734680178,12.920551059732926,12.960232734680176,115900,0.0,0.0,0.0
2019-08-20 00:00:00-04:00,12.976106010162624,12.99197928564507,12.952296096938953,12.960232734680176,121700,0.0,0.0,0.0
2019-08-21 00:00:00-04:00,12.920548756356293,12.928485392682635,12.896738847377271,12.904675483703613,192500,0.0,0.0,0.0
2019-08-22 00:00:00-04:00,12.872929649388956,12.872929649388956,12.841184616088867,12.841184616088867,134600,0.0,0.0,0.0
2019-08-23 00:00:00-04:00,12.841181695837593,12.928483166637045,12.833245060877793,12.920546531677246,79900,0.0,0.0,0.0
2019-08-26 00:00:00-04:00,12.912615143434737,12.92055178161939,12.880868590696124,12.89674186706543,71600,0.0,0.0,0.0
2019-08-27 00:00:00-04:00,12.920554539308753,12.976109504699707,12.920554539308753,12.976109504699707,58600,0.0,0.0,0.0
2019-08-28 00:00:00-04:00,12.9920163890147,12.9920163890147,12.968148084397361,12.984060287475586,129200,0.04,0.0,0.0
2019-08-29 00:00:00-04:00,13.007925869853883,13.007925869853883,12.952234688206095,12.968145370483398,155200,0.0,0.0,0.0
2019-08-30 00:00:00-04:00,12.960195541381836,12.976106229494569,12.928371130213478,12.960195541381836,69700,0.0,0.0,0.0
2019-09-03 00:00:00-04:00,12.968149587541134,12.992017894925059,12.944282797628594,12.976105690002441,111200,0.0,0.0,0.0
2019-09-04 00:00:00-04:00,12.976105690002441,12.98406179246375,12.96019500255121,12.976105690002441,107200,0.0,0.0,0.0
2019-09-05 00:00:00-04:00,12.89654705376357,12.89654705376357,12.848811953243557,12.864724159240723,170100,0.0,0.0,0.0
2019-09-06 00:00:00-04:00,12.856763435038763,12.864719535177626,12.832895134622177,12.848807334899902,167000,0.0,0.0,0.0
2019-09-09 00:00:00-04:00,12.816987185360855,12.824943287196557,12.793118879853752,12.801074981689453,116900,0.0,0.0,0.0
2019-09-10 00:00:00-04:00,12.793117543556832,12.793117543556832,12.729470252990723,12.729470252990723,219700,0.0,0.0,0.0
2019-09-11 00:00:00-04:00,12.729471757462546,12.75334006329745,12.721515655517578,12.721515655517578,200200,0.0,0.0,0.0
2019-09-12 00:00:00-04:00,12.745380622847428,12.745380622847428,12.673777241569676,12.689688682556152,124800,0.0,0.0,0.0
2019-09-13 00:00:00-04:00,12.67377636372555,12.681731704300041,12.649908065795898,12.649908065795898,160200,0.0,0.0,0.0
2019-09-16 00:00:00-04:00,12.673777645769297,12.70560128749263,12.665821545654596,12.69764518737793,75200,0.0,0.0,0.0
2019-09-17 00:00:00-04:00,12.70560270871232,12.729470252990723,12.689690506703016,12.729470252990723,103000,0.0,0.0,0.0
2019-09-18 00:00:00-04:00,12.737427014352138,12.777206003966585,12.737427014352138,12.761295318603516,94900,0.0,0.0,0.0
2019-09-19 00:00:00-04:00,12.78515870550258,12.78515870550258,12.769246506899764,12.777202606201172,127200,0.0,0.0,0.0
2019-09-20 00:00:00-04:00,12.777206528938613,12.816987037658691,12.777206528938613,12.816987037658691,64200,0.0,0.0,0.0
2019-09-23 00:00:00-04:00,12.848806524530495,12.85676262416757,12.832894325256348,12.832894325256348,132700,0.0,0.0,0.0
2019-09-24 00:00:00-04:00,12.848805564997864,12.896540641784668,12.84084946595494,12.896540641784668,101200,0.0,0.0,0.0
2019-09-25 00:00:00-04:00,12.89654461432468,12.89654461432468,12.801074431343263,12.809030532836914,168600,0.0,0.0,0.0
2019-09-26 00:00:00-04:00,12.83295726776123,12.840933185019864,12.824981350502599,12.83295726776123,111300,0.04,0.0,0.0
2019-09-27 00:00:00-04:00,12.824981350502599,12.840933185019864,12.817005433243965,12.83295726776123,65700,0.0,0.0,0.0
2019-09-30 00:00:00-04:00,12.824982916952338,12.840934753417969,12.809031080486706,12.840934753417969,163400,0.0,0.0,0.0
2019-10-01 00:00:00-04:00,12.809029515985333,12.864859415545094,12.8010535987267,12.83295726776123,120700,0.0,0.0,0.0
2019-10-02 00:00:00-04:00,12.880809783935547,12.88878570028634,12.856883556133662,12.880809783935547,91800,0.0,0.0,0.0
2019-10-03 00:00:00-04:00,12.888788047042764,12.936642032610157,12.888788047042764,12.928666114807129,172100,0.0,0.0,0.0
2019-10-04 00:00:00-04:00,12.944619791816772,12.952595710754395,12.92866795394153,12.952595710754395,154400,0.0,0.0,0.0
2019-10-07 00:00:00-04:00,12.936641188788586,12.936641188788586,12.896763123625357,12.912714958190918,167000,0.0,0.0,0.0
2019-10-08 00:00:00-04:00,12.93664344066509,12.93664344066509,12.8967653685603,12.904741287231445,179000,0.0,0.0,0.0
2019-10-09 00:00:00-04:00,12.896763866202141,12.896763866202141,12.856885798742791,12.872836112976074,81000,0.0,0.0,0.0
2019-10-10 00:00:00-04:00,12.832958398451103,12.832958398451103,12.785104411933643,12.79308032989502,219200,0.0,0.0,0.0
2019-10-11 00:00:00-04:00,12.745225485815235,12.745225485815235,12.69737149680585,12.737250328063965,288400,0.0,0.0,0.0
2019-10-15 00:00:00-04:00,12.745222600000302,12.75319851657108,12.689392705255393,12.697368621826172,157400,0.0,0.0,0.0
2019-10-16 00:00:00-04:00,12.705344538396949,12.705344538396949,12.689392705255393,12.697368621826172,106300,0.0,0.0,0.0
2019-10-17 00:00:00-04:00,12.689392705255393,12.705344538396949,12.681416788684615,12.697368621826172,87900,0.0,0.0,0.0
2019-10-18 00:00:00-04:00,12.705343332074376,12.721294403076172,12.69736741626088,12.721294403076172,73800,0.0,0.0,0.0
2019-10-21 00:00:00-04:00,12.705348434748396,12.713323593139648,12.689396596714886,12.713323593139648,154400,0.0,0.0,0.0
2019-10-22 00:00:00-04:00,12.753201404191946,12.753201404191946,12.721298491310543,12.737250328063965,90600,0.0,0.0,0.0
2019-10-23 00:00:00-04:00,12.761174879048074,12.761174879048074,12.745223045349121,12.745223045349121,104200,0.0,0.0,0.0
2019-10-24 00:00:00-04:00,12.745222006832511,12.761173839231663,12.721295018859017,12.729270935058594,145600,0.0,0.0,0.0
2019-10-25 00:00:00-04:00,12.745226508581165,12.745226508581165,12.705348434748396,12.713323593139648,140600,0.0,0.0,0.0
2019-10-28 00:00:00-04:00,12.665466287406142,12.665466287406142,12.625587463378906,12.625587463378906,209500,0.0,0.0,0.0
2019-10-29 00:00:00-04:00,12.649574279785156,12.657570401181859,12.633582799543856,12.649574279785156,89800,0.04,0.0,0.0
2019-10-30 00:00:00-04:00,12.657574019203528,12.761521339416504,12.657574019203528,12.761521339416504,114100,0.0,0.0,0.0
2019-10-31 00:00:00-04:00,12.801498413085938,12.8174906569749,12.793502291141456,12.801498413085938,97200,0.0,0.0,0.0
2019-11-01 00:00:00-04:00,12.785506248474121,12.793502370468183,12.761518645044099,12.785506248474121,152800,0.0,0.0,0.0
2019-11-04 00:00:00-05:00,12.729536574083125,12.737532697116448,12.713544328016482,12.721540451049805,173000,0.0,0.0,0.0
2019-11-05 00:00:00-05:00,12.681561744053244,12.681561744053244,12.657574135338567,12.665570259094238,173000,0.0,0.0,0.0
2019-11-06 00:00:00-05:00,12.713544328016482,12.721540451049805,12.68156059843546,12.721540451049805,99700,0.0,0.0,0.0
2019-11-07 00:00:00-05:00,12.66556592884386,12.673562049865723,12.641578328330342,12.673562049865723,168600,0.0,0.0,0.0
2019-11-08 00:00:00-05:00,12.681561822371467,12.713545555039337,12.681561822371467,12.705550193786621,200200,0.0,0.0,0.0
2019-11-11 00:00:00-05:00,12.681561822371467,12.721541678844389,12.681561822371467,12.705550193786621,114700,0.0,0.0,0.0
2019-11-12 00:00:00-05:00,12.673564639067466,12.689556121826172,12.657572393756533,12.689556121826172,150700,0.0,0.0,0.0
2019-11-13 00:00:00-05:00,12.74552797609155,12.74552797609155,12.71354424671506,12.737532615661621,113100,0.0,0.0,0.0
2019-11-14 00:00:00-05:00,12.753522443971207,12.801498413085938,12.753522443971207,12.801498413085938,162900,0.0,0.0,0.0
2019-11-15 00:00:00-05:00,12.801496943853607,12.809493064880371,12.785504701800079,12.809493064880371,95100,0.0,0.0,0.0
2019-11-18 00:00:00-05:00,12.809493064880371,12.833479902856519,12.801496943853607,12.809493064880371,133000,0.0,0.0,0.0
2019-11-19 00:00:00-05:00,12.825483304319041,12.857466258328026,12.81748718454082,12.849470138549805,90900,0.0,0.0,0.0
2019-11-20 00:00:00-05:00,12.873466925829195,12.881463050842285,12.857474675803013,12.881463050842285,74500,0.0,0.0,0.0
2019-11-21 00:00:00-05:00,12.849474470252126,12.849474470252126,12.825487627935129,12.84147834777832,120300,0.0,0.0,0.0
2019-11-22 00:00:00-05:00,12.825483304319041,12.849470138549805,12.825483304319041,12.849470138549805,108300,0.0,0.0,0.0
2019-11-25 00:00:00-05:00,12.841474018771581,12.849470138549805,12.841474018771581,12.849470138549805,76900,0.0,0.0,0.0
2019-11-26 00:00:00-05:00,12.873466925829195,12.881463050842285,12.873466925829195,12.881463050842285,150800,0.0,0.0,0.0
2019-11-27 00:00:00-05:00,12.865429698276717,12.865429698276717,12.841383143483938,12.857415199279785,95400,0.04,0.0,0.0
2019-11-28 00:00:00-05:00,12.85740870756424,12.873439226365276,12.849392683713612,12.865423202514648,57600,0.0,0.0,0.0
2019-11-29 00:00:00-05:00,12.857407364343409,12.881453904482916,12.841375318317032,12.873437881469727,65400,0.0,0.0,0.0
2019-12-02 00:00:00-05:00,12.841378042469387,12.841378042469387,12.801298683351092,12.825345993041992,172600,0.0,0.0,0.0
2019-12-03 00:00:00-05:00,12.857416493628751,12.88947907954718,12.841384436218965,12.881463050842285,152700,0.0,0.0,0.0
2019-12-04 00:00:00-05:00,12.857410879009768,12.857410879009768,12.801299467029015,12.809314727783203,169900,0.0,0.0,0.0
2019-12-05 00:00:00-05:00,12.761220371074401,12.769236396445677,12.745188320331849,12.753204345703125,108200,0.0,0.0,0.0
2019-12-06 00:00:00-05:00,12.761220910295929,12.777252197265625,12.753204884585939,12.777252197265625,79000,0.0,0.0,0.0
2019-12-09 00:00:00-05:00,12.785267682737974,12.79328370810925,12.753204345703125,12.753204345703125,128300,0.0,0.0,0.0
2019-12-10 00:00:00-05:00,12.761220371074401,12.761220371074401,12.737173059410827,12.753204345703125,104100,0.0,0.0,0.0
2019-12-11 00:00:00-05:00,12.745187536327373,12.769235610961914,12.7371722758994,12.769235610961914,276700,0.0,0.0,0.0
2019-12-12 00:00:00-05:00,12.769233394222127,12.769233394222127,12.697090711742895,12.705106735229492,175900,0.0,0.0,0.0
2019-12-13 00:00:00-05:00,12.729157571906253,12.785268222975615,12.705110259226567,12.777252197265625,103500,0.0,0.0,0.0
2019-12-16 00:00:00-05:00,12.753203953207946,12.76121997833252,12.73717266740903,12.76121997833252,95200,0.0,0.0,0.0
2019-12-17 00:00:00-05:00,12.76121997833252,12.76121997833252,12.745187928083373,12.76121997833252,87400,0.0,0.0,0.0
2019-12-18 00:00:00-05:00,12.753204366763107,12.753204366763107,12.70510974335654,12.737173080444336,203500,0.0,0.0,0.0
2019-12-19 00:00:00-05:00,12.72915625102122,12.769235610961914,12.721140226143039,12.769235610961914,62500,0.0,0.0,0.0
2019-12-20 00:00:00-05:00,12.78526741662016,12.809314727783203,12.777251391415733,12.809314727783203,83200,0.0,0.0,0.0
2019-12-23 00:00:00-05:00,12.825348711072715,12.825348711072715,12.785269343460543,12.793285369873047,89000,0.0,0.0,0.0
2019-12-24 00:00:00-05:00,12.801297187805176,12.809312447132276,12.793281164027972,12.801297187805176,34700,0.0,0.0,0.0
2019-12-27 00:00:00-05:00,12.825406567670775,12.825406567670775,12.809334261796996,12.817370414733887,124900,0.04,0.0,0.0
2019-12-30 00:00:00-05:00,12.769154821998692,12.777190208435059,12.753082516386534,12.777190208435059,123500,0.0,0.0,0.0
2019-12-31 00:00:00-05:00,12.769156029973825,12.769156029973825,12.720939874945767,12.745047569274902,124300,0.0,0.0,0.0
2020-01-02 00:00:00-05:00,12.769154821998692,12.801298666853295,12.761118669192614,12.777190208435059,103400,0.0,0.0,0.0
2020-01-03 00:00:00-05:00,12.825412026911675,12.857555885971802,12.809339714196586,12.849519729614258,104800,0.0,0.0,0.0
2020-01-06 00:00:00-05:00,12.897729644993605,12.897729644993605,12.809334261796996,12.817370414733887,268100,0.0,0.0,0.0
2020-01-07 00:00:00-05:00,12.825407061436394,12.833443214682667,12.801299368067328,12.809334754943848,150400,0.0,0.0,0.0
2020-01-08 00:00:00-05:00,12.80933405328966,12.81737020609574,12.761118669192614,12.777190208435059,203200,0.0,0.0,0.0
2020-01-09 00:00:00-05:00,12.761120539472456,12.80130054302195,12.761120539472456,12.793264389038086,117800,0.0,0.0,0.0
2020-01-10 00:00:00-05:00,12.785226569356054,12.817370414733887,12.785226569356054,12.817370414733887,119800,0.0,0.0,0.0
2020-01-13 00:00:00-05:00,12.809334754943848,12.809334754943848,12.785227061574782,12.809334754943848,232000,0.0,0.0,0.0
2020-01-14 00:00:00-05:00,12.817370874972795,12.83344318142369,12.817370874972795,12.825407028198242,132700,0.0,0.0,0.0
2020-01-15 00:00:00-05:00,12.849515880271095,12.865588188171387,12.833444338740627,12.865588188171387,116900,0.0,0.0,0.0
2020-01-16 00:00:00-05:00,12.849519729614258,12.849519729614258,12.833448183269219,12.849519729614258,178500,0.0,0.0,0.0
2020-01-17 00:00:00-05:00,12.833441054905466,12.849512592323533,12.82540490301162,12.841476440429688,119000,0.0,0.0,0.0
2020-01-20 00:00:00-05:00,12.833448183269219,12.849519729614258,12.833448183269219,12.849519729614258,134100,0.0,0.0,0.0
2020-01-21 00:00:00-05:00,12.857556263214097,12.905771670033909,12.857556263214097,12.889700889587402,199600,0.0,0.0,0.0
2020-01-22 00:00:00-05:00,12.881660899892202,12.945948600769043,12.873624745690135,12.945948600769043,169900,0.0,0.0,0.0
2020-01-23 00:00:00-05:00,12.970052226751246,12.986124531061252,12.962016074596242,12.97808837890625,101800,0.0,0.0,0.0
2020-01-24 00:00:00-05:00,13.002194464641946,13.026301383972168,12.994158313952196,13.026301383972168,196900,0.0,0.0,0.0
2020-01-27 00:00:00-05:00,13.074523023415829,13.09862995147705,13.058450716215296,13.09862995147705,176200,0.0,0.0,0.0
2020-01-28 00:00:00-05:00,13.082563020100096,13.082563020100096,13.034346084334473,13.04238224029541,176300,0.0,0.0,0.0
2020-01-29 00:00:00-05:00,13.050434054314026,13.074600540269966,13.050434054314026,13.066544532775879,227300,0.04,0.0,0.0
2020-01-30 00:00:00-05:00,13.090712555258138,13.090712555258138,13.066544532775879,13.066544532775879,104800,0.0,0.0,0.0
2020-01-31 00:00:00-05:00,13.090713500976562,13.106825517128723,13.082657492900482,13.090713500976562,148600,0.0,0.0,0.0
2020-02-03 00:00:00-05:00,13.082660659497195,13.106828689575195,13.050438155919998,13.106828689575195,185100,0.0,0.0,0.0
2020-02-04 00:00:00-05:00,13.066544532775879,13.074600540269966,13.050434054314026,13.066544532775879,83400,0.0,0.0,0.0
2020-02-05 00:00:00-05:00,13.034323059821594,13.034323059821594,13.010155035447148,13.026267051696777,219200,0.0,0.0,0.0
2020-02-06 00:00:00-05:00,13.0343249549795,13.050436973571777,13.0343249549795,13.050436973571777,95000,0.0,0.0,0.0
2020-02-07 00:00:00-05:00,13.082657492900482,13.098769509052643,13.06654547674832,13.090713500976562,210000,0.0,0.0,0.0
2020-02-10 00:00:00-05:00,13.106821376693958,13.130987856761596,13.106821376693958,13.122933387756348,178100,0.0,0.0,0.0
2020-02-11 00:00:00-05:00,13.09877206336493,13.106828073011963,13.074604034423828,13.074604034423828,412500,0.0,0.0,0.0
2020-02-12 00:00:00-05:00,13.07460028513126,13.07460028513126,13.018209770299382,13.034321784973145,197500,0.0,0.0,0.0
2020-02-13 00:00:00-05:00,13.034321784973145,13.050433799646907,13.034321784973145,13.034321784973145,124900,0.0,0.0,0.0
2020-02-14 00:00:00-05:00,13.066548024776793,13.082660044070861,13.05849201512976,13.074604034423828,136400,0.0,0.0,0.0
2020-02-18 00:00:00-05:00,13.090716669523196,13.114884699601195,13.090716669523196,13.106828689575195,182000,0.0,0.0,0.0
2020-02-19 00:00:00-05:00,13.082657492900482,13.090713500976562,13.0746014848244,13.090713500976562,109800,0.0,0.0,0.0
2020-02-20 00:00:00-05:00,13.106824496236184,13.13904698950426,13.106824496236184,13.130990982055664,158200,0.0,0.0,0.0
2020-02-21 00:00:00-05:00,13.163215948738753,13.195438444300258,13.163215948738753,13.179327964782715,103100,0.0,0.0,0.0
2020-02-24 00:00:00-05:00,13.259886493093445,13.259886493093445,13.219607984889302,13.22766399383545,155500,0.0,0.0,0.0
2020-02-25 00:00:00-05:00,13.211553265497674,13.235721294695113,13.195441246032715,13.195441246032715,192500,0.0,0.0,0.0
2020-02-26 00:00:00-05:00,13.138904549349796,13.195433085483927,13.122753098943734,13.15505599975586,146300,0.04,0.0,0.0
2020-02-27 00:00:00-05:00,13.187363669438742,13.211590856638717,13.155062293459936,13.16313648223877,98000,0.0,0.0,0.0
2020-02-28 00:00:00-05:00,13.219660261093022,13.227734446008965,13.146980274552828,13.15505599975586,288700,0.0,0.0,0.0
2020-03-02 00:00:00-05:00,13.146993212907102,13.243898930137153,13.146993212907102,13.171218872070312,342500,0.0,0.0,0.0
2020-03-03 00:00:00-05:00,13.243894065310114,13.340801287232225,13.203516954677257,13.316574096679688,320900,0.0,0.0,0.0
2020-03-04 00:00:00-05:00,13.316574096679688,13.389254128049261,13.308498366495508,13.316574096679688,124400,0.0,0.0,0.0
2020-03-05 00:00:00-05:00,13.373104044745693,13.405406968808729,13.356954123002371,13.397331237792969,238400,0.0,0.0,0.0
2020-03-06 00:00:00-05:00,13.542687459892464,13.566913105754494,13.478083170447453,13.518460273742676,179600,0.0,0.0,0.0
2020-03-09 00:00:00-04:00,13.550766928051424,13.849561271581377,13.373103927834299,13.558842658996582,336600,0.0,0.0,0.0
2020-03-10 00:00:00-04:00,13.510382131482503,13.663817869112,13.461929308126471,13.47000503540039,179100,0.0,0.0,0.0
2020-03-11 00:00:00-04:00,13.486159897846223,13.574989839731332,13.26004409790039,13.26004409790039,181900,0.0,0.0,0.0
2020-03-12 00:00:00-04:00,13.15506381254884,13.260045221962535,12.274828496235234,12.727059364318848,807300,0.0,0.0,0.0
2020-03-13 00:00:00-04:00,12.541322110671729,12.94510016112202,12.541322110671729,12.872419357299805,456200,0.0,0.0,0.0
2020-03-16 00:00:00-04:00,12.492866544224217,12.759359429505576,12.339430779884115,12.355582237243652,304800,0.0,0.0,0.0
2020-03-17 00:00:00-04:00,12.274829752043779,12.678607051585642,12.274829752043779,12.541322708129883,119400,0.0,0.0,0.0
2020-03-18 00:00:00-04:00,12.274830544977693,12.492870670484491,11.305765117506004,11.321916580200195,633300,0.0,0.0,0.0
2020-03-19 00:00:00-04:00,11.362294200852691,12.274831089677074,11.354219239291396,12.234453201293945,648600,0.0,0.0,0.0
2020-03-20 00:00:00-04:00,12.21022153824439,12.694754450693258,12.194070851906138,12.299052238464355,317000,0.0,0.0,0.0
2020-03-23 00:00:00-04:00,12.27482961447738,12.67860690949403,12.27482961447738,12.30713176727295,315000,0.0,0.0,0.0
2020-03-24 00:00:00-04:00,12.323283680591356,12.387887988551292,12.202150025558401,12.371736526489258,119700,0.0,0.0,0.0
2020-03-25 00:00:00-04:00,12.266750707449717,12.638225753482859,12.266750707449717,12.63015079498291,479200,0.0,0.0,0.0
2020-03-26 00:00:00-04:00,12.363660539659197,12.646304170993972,12.323282657998789,12.517095565795898,168100,0.0,0.0,0.0
2020-03-27 00:00:00-04:00,12.452323462439509,12.792373967338454,12.436130213569747,12.614252090454102,157700,0.04,0.0,0.0
2020-03-30 00:00:00-04:00,12.679021763680351,12.751889829102778,12.622346944856906,12.67092514038086,715400,0.0,0.0,0.0
2020-03-31 00:00:00-04:00,12.646637369496549,12.792373515631953,12.630444893335158,12.776180267333984,133700,0.0,0.0,0.0
2020-04-01 00:00:00-04:00,12.76808307570176,12.88952933664814,12.50089991177403,12.67092514038086,228400,0.0,0.0,0.0
2020-04-02 00:00:00-04:00,12.719505853550178,12.905723582174316,12.606155428211615,12.865242004394531,316500,0.0,0.0,0.0
2020-04-03 00:00:00-04:00,12.792371961052174,12.946203940505711,12.743792994198357,12.85714340209961,146200,0.0,0.0,0.0
2020-04-06 00:00:00-04:00,12.84095393904614,12.913822024727445,12.816664834531274,12.832858085632324,94500,0.0,0.0,0.0
2020-04-07 00:00:00-04:00,12.759988854912367,12.816663684406812,12.711409878105242,12.768085479736328,104700,0.0,0.0,0.0
2020-04-08 00:00:00-04:00,12.751888456201089,12.800467418631401,12.72759936105414,12.792370796203613,180700,0.0,0.0,0.0
2020-04-09 00:00:00-04:00,12.76808115108904,12.913816487829799,12.751887906930968,12.897624015808105,168600,0.0,0.0,0.0
2020-04-13 00:00:00-04:00,12.889528417031602,12.954299854533353,12.881431794309773,12.946203231811523,340000,0.0,0.0,0.0
2020-04-14 00:00:00-04:00,12.9462015443024,12.970491409301758,12.921912451439384,12.970491409301758,282200,0.0,0.0,0.0
2020-04-15 00:00:00-04:00,12.962397531086584,13.237676548917188,12.962397531086584,13.22957992553711,435600,0.0,0.0,0.0
2020-04-16 00:00:00-04:00,13.31864131044888,13.359122883295115,13.237676620483398,13.237676620483398,127000,0.0,0.0,0.0
2020-04-17 00:00:00-04:00,13.342930446528994,13.342930446528994,13.245774048090228,13.26196575164795,247200,0.0,0.0,0.0
2020-04-20 00:00:00-04:00,13.253869795677343,13.286254744924644,13.221483302157031,13.22957992553711,235000,0.0,0.0,0.0
2020-04-21 00:00:00-04:00,13.197192478363494,13.286253784835607,13.18909739984139,13.270060539245605,213300,0.0,0.0,0.0
2020-04-22 00:00:00-04:00,13.245773243907248,13.286254816753482,13.221483373635698,13.237676620483398,186600,0.0,0.0,0.0
2020-04-23 00:00:00-04:00,13.205289247332246,13.261964063251707,13.205289247332246,13.245772361755371,306600,0.0,0.0,0.0
2020-04-24 00:00:00-04:00,13.270059658260104,13.278156280517578,13.245771335760475,13.278156280517578,54000,0.0,0.0,0.0
2020-04-27 00:00:00-04:00,13.253870672005643,13.27815899947878,13.245774048090228,13.26196575164795,42500,0.0,0.0,0.0
2020-04-28 00:00:00-04:00,13.286315836519664,13.302547176987892,13.278199392258824,13.29443073272705,107000,0.04,0.0,0.0
2020-04-29 00:00:00-04:00,13.294428430207729,13.326894201628207,13.286313535405796,13.310661315917969,118200,0.0,0.0,0.0
2020-04-30 00:00:00-04:00,13.326897019724136,13.383710583670538,13.326897019724136,13.375594139099121,225000,0.0,0.0,0.0
2020-05-01 00:00:00-04:00,13.39182670532534,13.43240737915039,13.37559381657393,13.43240737915039,159800,0.0,0.0,0.0
2020-05-04 00:00:00-04:00,13.43240443354179,13.44052087613763,13.383707326019882,13.391823768615723,164400,0.0,0.0,0.0
2020-05-05 00:00:00-04:00,13.375595246553132,13.408061027526855,13.367478801309701,13.408061027526855,46600,0.0,0.0,0.0
2020-05-06 00:00:00-04:00,13.391824640345952,13.391824640345952,13.343127529654147,13.35124397277832,65000,0.0,0.0,0.0
2020-05-07 00:00:00-04:00,13.375595922134098,13.408061704747618,13.343131687574296,13.399945259094238,50000,0.0,0.0,0.0
2020-05-08 00:00:00-04:00,13.383708953857422,13.39994184102348,13.367476066691363,13.383708953857422,77800,0.0,0.0,0.0
2020-05-11 00:00:00-04:00,13.391824640345952,13.399941083470127,13.343127529654147,13.35124397277832,146800,0.0,0.0,0.0
2020-05-12 00:00:00-04:00,13.335013187434056,13.367477416992188,13.335013187434056,13.367477416992188,146900,0.0,0.0,0.0
2020-05-13 00:00:00-04:00,13.37559502074013,13.383711465846535,13.335014343261719,13.335014343261719,85700,0.0,0.0,0.0
2020-05-14 00:00:00-04:00,13.367477416992188,13.383710305797994,13.343129631836959,13.367477416992188,86900,0.0,0.0,0.0
2020-05-15 00:00:00-04:00,13.399940211211563,13.399940211211563,13.359357998232362,13.391823768615723,105500,0.0,0.0,0.0
2020-05-19 00:00:00-04:00,13.335008901528496,13.351241785117013,13.326892459734237,13.343125343322754,80000,0.0,0.0,0.0
2020-05-20 00:00:00-04:00,13.335010218497976,13.391823768615723,13.335010218497976,13.391823768615723,57400,0.0,0.0,0.0
2020-05-21 00:00:00-04:00,13.391825397440451,13.41617472818954,13.383708953857422,13.383708953857422,60400,0.0,0.0,0.0
2020-05-22 00:00:00-04:00,13.391827738059929,13.44052486001605,13.391827738059929,13.424293518066406,110300,0.0,0.0,0.0
2020-05-25 00:00:00-04:00,13.456753730773926,13.464870173351338,13.440520845619105,13.456753730773926,47200,0.0,0.0,0.0
2020-05-26 00:00:00-04:00,13.42429180770137,13.44052314758301,13.42429180770137,13.440523147583008,88700,0.0,0.0,0.0
2020-05-27 00:00:00-04:00,13.424252860849684,13.448661151972617,13.424252860849684,13.44052505493164,102400,0.04,0.0,0.0
2020-05-28 00:00:00-04:00,13.448657934331012,13.448657934331012,13.407977458859078,13.424249649047852,127600,0.0,0.0,0.0
2020-05-29 00:00:00-04:00,13.416116763808706,13.44052505493164,13.407980666767727,13.44052505493164,37500,0.0,0.0,0.0
2020-06-01 00:00:00-04:00,13.424251608005603,13.448659896850586,13.399843319160619,13.448659896850586,191000,0.0,0.0,0.0
2020-06-02 00:00:00-04:00,13.432388957890662,13.456797249013595,13.416116763808706,13.44052505493164,94300,0.0,0.0,0.0
2020-06-03 00:00:00-04:00,13.44866044828629,13.44866044828629,13.39170777197943,13.407979965209961,218300,0.0,0.0,0.0
2020-06-04 00:00:00-04:00,13.416111886755013,13.416111886755013,13.359160779972994,13.375432968139648,89800,0.0,0.0,0.0
2020-06-05 00:00:00-04:00,13.334756198269899,13.342892294611085,13.302213364706855,13.326620101928711,129400,0.0,0.0,0.0
2020-06-08 00:00:00-04:00,13.3510303916975,13.399845425258192,13.3510303916975,13.391709327697754,178300,0.0,0.0,0.0
2020-06-09 00:00:00-04:00,13.440523800568926,13.464930537612215,13.432387704287263,13.448659896850586,187600,0.0,0.0,0.0
2020-06-10 00:00:00-04:00,13.4649325376785,13.513749122619629,13.4649325376785,13.513749122619629,105400,0.0,0.0,0.0
2020-06-11 00:00:00-04:00,13.530016600975445,13.546288792149573,13.513745961602877,13.521882057189941,74000,0.0,0.0,0.0
2020-06-12 00:00:00-04:00,13.513748815610935,13.538155555725098,13.505612718305585,13.538155555725098,145100,0.0,0.0,0.0
2020-06-15 00:00:00-04:00,13.570698133720722,13.603240966796875,13.562562037501264,13.603240966796875,87800,0.0,0.0,0.0
2020-06-16 00:00:00-04:00,13.562566151014412,13.586974447075802,13.546293953640154,13.578838348388672,132900,0.0,0.0,0.0
2020-06-17 00:00:00-04:00,13.595108078263294,13.619516372680664,13.586973531926219,13.619516372680664,58500,0.0,0.0,0.0
2020-06-18 00:00:00-04:00,13.61951416410554,13.635786357745046,13.611378067285786,13.627650260925293,43500,0.0,0.0,0.0
2020-06-19 00:00:00-04:00,13.611378067285786,13.635786357745046,13.59510587364628,13.627650260925293,91700,0.0,0.0,0.0
2020-06-22 00:00:00-04:00,13.652057948572317,13.660194045032817,13.627649659190816,13.643921852111816,61700,0.0,0.0,0.0
2020-06-23 00:00:00-04:00,13.635787963867188,13.635787963867188,13.611379670532942,13.635787963867188,62300,0.0,0.0,0.0
2020-06-24 00:00:00-04:00,13.652057544113628,13.652057544113628,13.58697032615964,13.603240966796875,144400,0.0,0.0,0.0
2020-06-25 00:00:00-04:00,13.61951416410554,13.635786357745046,13.611378067285786,13.627650260925293,31900,0.0,0.0,0.0
2020-06-26 00:00:00-04:00,13.619498397441872,13.635807991027832,13.595031673787739,13.635807991027832,28000,0.04,0.0,0.0
2020-06-29 00:00:00-04:00,13.619496989869642,13.652117729187012,13.611341416161142,13.652117729187012,81400,0.0,0.0,0.0
2020-06-30 00:00:00-04:00,13.684737658269084,13.684737658269084,13.652115369074666,13.668426513671875,77800,0.0,0.0,0.0
2020-07-02 00:00:00-04:00,13.62765100806151,13.660273302895513,13.619496989869642,13.652117729187012,99200,0.0,0.0,0.0
2020-07-03 00:00:00-04:00,13.692892979514271,13.692892979514271,13.660270690917969,13.660270690917969,97500,0.0,0.0,0.0
2020-07-06 00:00:00-04:00,13.660276906751466,13.67658805847168,13.652121330891362,13.67658805847168,136500,0.0,0.0,0.0
2020-07-07 00:00:00-04:00,13.684734749216775,13.709199905395508,13.668423608086929,13.709199905395508,70600,0.0,0.0,0.0
2020-07-08 00:00:00-04:00,13.692892476507042,13.701046492840245,13.635803473560674,13.643959045410156,289700,0.0,0.0,0.0
2020-07-09 00:00:00-04:00,13.660273302895513,13.684740024021016,13.643962155478512,13.652117729187012,115800,0.0,0.0,0.0
2020-07-10 00:00:00-04:00,13.660270690917969,13.67658183521612,13.652115118768894,13.660270690917969,64600,0.0,0.0,0.0
2020-07-13 00:00:00-04:00,13.643965755031255,13.67658805847168,13.63581017917115,13.67658805847168,112300,0.0,0.0,0.0
2020-07-14 00:00:00-04:00,13.68473840918747,13.692893981933594,13.676582836441348,13.692893981933594,38800,0.0,0.0,0.0
2020-07-15 00:00:00-04:00,13.692893981933594,13.70920357190939,13.692893981933594,13.692893981933594,78800,0.0,0.0,0.0
2020-07-16 00:00:00-04:00,13.72551611313594,13.749982833862305,13.72551611313594,13.749982833862305,78100,0.0,0.0,0.0
2020-07-17 00:00:00-04:00,13.749982833862305,13.75813840743776,13.74182726028685,13.749982833862305,85800,0.0,0.0,0.0
2020-07-20 00:00:00-04:00,13.774448248545902,13.774448248545902,13.758138656616211,13.758138656616211,107800,0.0,0.0,0.0
2020-07-21 00:00:00-04:00,13.774446737352248,13.782602310180664,13.766291164523832,13.782602310180664,71500,0.0,0.0,0.0
2020-07-22 00:00:00-04:00,13.790759293008268,13.790759293008268,13.766292572021486,13.766292572021484,119600,0.0,0.0,0.0
2020-07-23 00:00:00-04:00,13.766292572021486,13.766292572021486,13.741827406551327,13.766292572021484,107300,0.0,0.0,0.0
2020-07-24 00:00:00-04:00,13.749981574383465,13.79075788300908,13.749981574383465,13.782602310180664,73000,0.0,0.0,0.0
2020-07-27 00:00:00-04:00,13.782603719346007,13.798914866670529,13.766292572021486,13.766292572021484,79200,0.0,0.0,0.0
2020-07-28 00:00:00-04:00,13.782598550410112,13.815220832824707,13.774442979806464,13.815220832824707,45300,0.0,0.0,0.0
2020-07-29 00:00:00-04:00,13.815222719220928,13.823397594508753,13.798872968645282,13.807047843933105,71200,0.04,0.0,0.0
2020-07-30 00:00:00-04:00,13.815228497285958,13.831578254699707,13.798878739872206,13.831578254699707,34300,0.0,0.0,0.0
2020-07-31 00:00:00-04:00,13.839747470650526,13.856097221374512,13.831572595288533,13.856097221374512,52200,0.0,0.0,0.0
2020-08-04 00:00:00-04:00,13.856097929201496,13.896970748901367,13.847923053421896,13.896970748901367,128400,0.0,0.0,0.0
2020-08-05 00:00:00-04:00,13.872449856618323,13.872449856618323,13.839751903894365,13.864274978637695,178900,0.0,0.0,0.0
2020-08-06 00:00:00-04:00,13.87244610112602,13.89697072842869,13.87244610112602,13.888795852661133,37300,0.0,0.0,0.0
2020-08-07 00:00:00-04:00,13.88062379863301,13.9051484309212,13.856100725543262,13.872448921203613,95400,0.0,0.0,0.0
2020-08-10 00:00:00-04:00,13.880616443630313,13.880616443630313,13.847918510437012,13.847918510437012,58600,0.0,0.0,0.0
2020-08-11 00:00:00-04:00,13.798879904188572,13.798879904188572,13.749832187007478,13.766181945800781,128200,0.0,0.0,0.0
2020-08-12 00:00:00-04:00,13.717128773756578,13.733476966849912,13.692604145319281,13.725303649902344,140600,0.0,0.0,0.0
2020-08-13 00:00:00-04:00,13.71713058495047,13.71713058495047,13.676256198824637,13.684431076049805,85400,0.0,0.0,0.0
2020-08-14 00:00:00-04:00,13.69260595327497,13.700780830500136,13.676256198824637,13.684431076049805,137200,0.0,0.0,0.0
2020-08-17 00:00:00-04:00,13.708951971316392,13.733475037109667,13.68442734632514,13.717126846313477,79100,0.0,0.0,0.0
2020-08-18 00:00:00-04:00,13.733472869163927,13.749822616577148,13.708949807241828,13.749822616577148,173200,0.0,0.0,0.0
2020-08-19 00:00:00-04:00,13.749826719141442,13.758001595287208,13.725303649902344,13.725303649902344,107500,0.0,0.0,0.0
2020-08-20 00:00:00-04:00,13.741651535034181,13.749826410996741,13.733476659071622,13.74165153503418,77100,0.0,0.0,0.0
2020-08-21 00:00:00-04:00,13.725299554655049,13.749822616577148,13.708949807241828,13.749822616577148,97500,0.0,0.0,0.0
2020-08-24 00:00:00-04:00,13.741647742870539,13.75799749028376,13.741647742870539,13.749822616577148,109600,0.0,0.0,0.0
2020-08-25 00:00:00-04:00,13.700784699933823,13.708959579467773,13.676260061331972,13.708959579467773,256700,0.0,0.0,0.0
2020-08-26 00:00:00-04:00,13.69260595327497,13.700780830500136,13.668081321599471,13.684431076049805,124000,0.0,0.0,0.0
2020-08-27 00:00:00-04:00,13.717203552316887,13.717203552316887,13.643455020078692,13.651649475097656,139200,0.04,0.0,0.0
2020-08-28 00:00:00-04:00,13.643455020078692,13.65984393011662,13.643455020078692,13.651649475097656,86200,0.0,0.0,0.0
2020-08-31 00:00:00-04:00,13.64345927602266,13.676237106323242,13.618877466230197,13.676237106323242,130900,0.0,0.0,0.0
2020-09-01 00:00:00-04:00,13.668046961343183,13.741795539855957,13.65985250118249,13.741795539855957,136300,0.0,0.0,0.0
2020-09-02 00:00:00-04:00,13.749988624444114,13.790959358215332,13.741794165103208,13.790959358215332,94400,0.0,0.0,0.0
2020-09-03 00:00:00-04:00,13.807340169006896,13.815534623535887,13.782756805419922,13.782756805419922,174600,0.0,0.0,0.0
2020-09-04 00:00:00-04:00,13.758177795773634,13.758177795773634,13.717205514816968,13.7253999710083,184200,0.0,0.0,0.0
2020-09-08 00:00:00-04:00,13.766371604741098,13.774566061477508,13.741789797464678,13.7581787109375,126400,0.0,0.0,0.0
2020-09-09 00:00:00-04:00,13.766369227898627,13.766369227898627,13.733592969544807,13.749981880187988,75400,0.0,0.0,0.0
2020-09-10 00:00:00-04:00,13.741789919495035,13.766371726989746,13.725401005876678,13.766371726989746,124400,0.0,0.0,0.0
2020-09-11 00:00:00-04:00,13.774570439533521,13.790959358215332,13.766375980192615,13.790959358215332,48700,0.0,0.0,0.0
2020-09-14 00:00:00-04:00,13.799153817556236,13.799153817556236,13.782764898874426,13.790959358215332,95600,0.0,0.0,0.0
2020-09-15 00:00:00-04:00,13.774570439533521,13.790959358215332,13.766375980192615,13.790959358215332,70100,0.0,0.0,0.0
2020-09-16 00:00:00-04:00,13.799149431686738,13.799149431686738,13.741789797464678,13.7581787109375,70900,0.0,0.0,0.0
2020-09-17 00:00:00-04:00,13.774562350890932,13.782756805419922,13.74998055023635,13.782756805419922,121200,0.0,0.0,0.0
2020-09-18 00:00:00-04:00,13.782760153235724,13.782760153235724,13.766371240196895,13.774565696716309,55600,0.0,0.0,0.0
2020-09-21 00:00:00-04:00,13.790951259948914,13.790951259948914,13.76636789636194,13.782756805419922,78900,0.0,0.0,0.0
2020-09-22 00:00:00-04:00,13.774565696716309,13.774565696716309,13.75817834661025,13.774565696716309,79100,0.0,0.0,0.0
2020-09-23 00:00:00-04:00,13.766371726989746,13.782760640608105,13.758178833113394,13.766371726989746,114000,0.0,0.0,0.0
2020-09-24 00:00:00-04:00,13.766371604741098,13.766371604741098,13.741789797464678,13.7581787109375,63200,0.0,0.0,0.0
2020-09-25 00:00:00-04:00,13.749984254201088,13.7581787109375,13.749984254201088,13.7581787109375,84300,0.0,0.0,0.0
2020-09-28 00:00:00-04:00,13.758176831615865,13.758176831615865,13.741748781787456,13.74996280670166,150300,0.04,0.0,0.0
2020-09-29 00:00:00-04:00,13.749963731796342,13.766391782730027,13.741749706329498,13.758177757263184,44700,0.0,0.0,0.0
2020-09-30 00:00:00-04:00,13.741752101554686,13.741752101554686,13.708897560625845,13.717111587524414,140300,0.0,0.0,0.0
2020-10-01 00:00:00-04:00,13.708897190374936,13.74175173041644,13.692469137021485,13.725323677062988,97600,0.0,0.0,0.0
2020-10-02 00:00:00-04:00,13.749966651722882,13.749966651722882,13.717112109543727,13.741752624511719,87100,0.0,0.0,0.0
2020-10-05 00:00:00-04:00,13.717107911878786,13.717107911878786,13.676037788391113,13.676037788391113,160400,0.0,0.0,0.0
2020-10-06 00:00:00-04:00,13.692466679209659,13.725321213353741,13.68425265400736,13.708894729614258,266500,0.0,0.0,0.0
2020-10-07 00:00:00-04:00,13.700679862483717,13.700679862483717,13.676037788391113,13.676037788391113,123200,0.0,0.0,0.0
2020-10-08 00:00:00-04:00,13.692463901465635,13.70889194853753,13.684249877929688,13.684249877929688,84100,0.0,0.0,0.0
2020-10-09 00:00:00-04:00,13.684249877929688,13.700677925001584,13.676035854393739,13.684249877929688,68200,0.0,0.0,0.0
2020-10-13 00:00:00-04:00,13.700683533727274,13.717111587524414,13.700683533727274,13.717111587524414,86100,0.0,0.0,0.0
2020-10-14 00:00:00-04:00,13.741752654853812,13.741752654853812,13.717112139831412,13.733538627624512,101500,0.0,0.0,0.0
2020-10-15 00:00:00-04:00,13.766394736541713,13.766394736541713,13.733538627624512,13.733538627624512,142300,0.0,0.0,0.0
2020-10-16 00:00:00-04:00,13.741752624511719,13.741752624511719,13.708898082332563,13.741752624511719,61600,0.0,0.0,0.0
2020-10-19 00:00:00-04:00,13.717108754816557,13.725321213353741,13.708894729614258,13.708894729614258,125600,0.0,0.0,0.0
2020-10-20 00:00:00-04:00,13.708893887181253,13.708893887181253,13.676037788391113,13.676037788391113,143100,0.0,0.0,0.0
2020-10-21 00:00:00-04:00,13.667826652526855,13.676040678960508,13.659612626093203,13.667826652526855,74800,0.0,0.0,0.0
2020-10-22 00:00:00-04:00,13.676039197375216,13.676039197375216,13.643184661865234,13.643184661865234,103500,0.0,0.0,0.0
2020-10-23 00:00:00-04:00,13.643179501709895,13.667820002356498,13.643179501709895,13.659605979919434,118800,0.0,0.0,0.0
2020-10-26 00:00:00-04:00,13.659605979919434,13.676034024793562,13.643179501709895,13.659605979919434,153300,0.0,0.0,0.0
2020-10-27 00:00:00-04:00,13.684249877929688,13.692463901465635,13.676035854393739,13.684249877929688,62100,0.0,0.0,0.0
2020-10-28 00:00:00-04:00,13.684245960668978,13.708945759326582,13.676012170971507,13.69247817993164,97500,0.04,0.0,0.0
2020-10-29 00:00:00-04:00,13.692482125327246,13.692482125327246,13.643080943342618,13.651314735412598,125800,0.0,0.0,0.0
2020-10-30 00:00:00-04:00,13.63485182966487,13.63485182966487,13.60191822052002,13.60191822052002,125000,0.0,0.0,0.0
2020-11-02 00:00:00-05:00,13.62661766101915,13.643085250357801,13.610151642116254,13.634851455688477,102400,0.0,0.0,0.0
2020-11-03 00:00:00-05:00,13.618385810310343,13.618385810310343,13.585450630729694,13.60191822052002,120300,0.0,0.0,0.0
2020-11-04 00:00:00-05:00,13.692485686566405,13.692485686566405,13.659552080156132,13.676019668579102,95800,0.0,0.0,0.0
2020-11-05 00:00:00-05:00,13.68425464630127,13.68425464630127,13.667787056454067,13.68425464630127,103400,0.0,0.0,0.0
2020-11-06 00:00:00-05:00,13.667789459228516,13.667789459228516,13.634854273744157,13.667789459228516,78600,0.0,0.0,0.0
2020-11-09 00:00:00-05:00,13.618385350893897,13.618385350893897,13.56074878857213,13.585450172424316,233500,0.0,0.0,0.0
2020-11-10 00:00:00-05:00,13.56074878857213,13.585450172424316,13.56074878857213,13.585450172424316,133700,0.0,0.0,0.0
2020-11-11 00:00:00-05:00,13.585446616644795,13.585446616644795,13.560745239257812,13.560745239257812,142200,0.0,0.0,0.0
2020-11-12 00:00:00-05:00,13.610150460492981,13.634850271920783,13.601916666538507,13.626616477966309,141700,0.0,0.0,0.0
2020-11-13 00:00:00-05:00,13.643084065875257,13.643084065875257,13.610150460492981,13.626616477966309,288200,0.0,0.0,0.0
2020-11-16 00:00:00-05:00,13.62661766101915,13.634851455688477,13.61838543678558,13.634851455688477,142500,0.0,0.0,0.0
2020-11-17 00:00:00-05:00,13.651314735412598,13.651314735412598,13.634847151272636,13.651314735412598,677400,0.0,0.0,0.0
2020-11-18 00:00:00-05:00,13.65954852748258,13.667782319552561,13.634847151272636,13.651314735412598,142500,0.0,0.0,0.0
2020-11-19 00:00:00-05:00,13.667787056454067,13.68425464630127,13.659553261530464,13.68425464630127,76500,0.0,0.0,0.0
2020-11-20 00:00:00-05:00,13.708953133668803,13.71718692779541,13.692485545415591,13.71718692779541,95200,0.0,0.0,0.0
2020-11-23 00:00:00-05:00,13.708956490539762,13.717190286682554,13.692488898254181,13.700722694396973,122000,0.0,0.0,0.0
2020-11-24 00:00:00-05:00,13.692486870789068,13.70072066571267,13.676020851377668,13.68425464630127,126300,0.0,0.0,0.0
2020-11-25 00:00:00-05:00,13.70072066571267,13.70895446063627,13.676020851377668,13.68425464630127,198500,0.0,0.0,0.0
2020-11-26 00:00:00-05:00,13.708956490539762,13.717190286682554,13.700722694396973,13.700722694396973,57800,0.0,0.0,0.0
2020-11-27 00:00:00-05:00,13.725479006108218,13.741986274719238,13.717226946022487,13.741986274719238,334600,0.04,0.0,0.0
2020-11-30 00:00:00-05:00,13.733732104286794,13.758493006236728,13.725478470303482,13.750239372253418,147500,0.0,0.0,0.0
2020-12-01 00:00:00-05:00,13.733731721729516,13.741985355482921,13.692465127182171,13.717226028442383,361800,0.0,0.0,0.0
2020-12-02 00:00:00-05:00,13.700721446885934,13.700721446885934,13.651201208877016,13.675960540771484,226800,0.0,0.0,0.0
2020-12-03 00:00:00-05:00,13.684217327201516,13.700724601745605,13.667710052657426,13.700724601745605,149100,0.0,0.0,0.0
2020-12-04 00:00:00-05:00,13.684219123710957,13.684219123710957,13.626445229442242,13.634698867797852,141300,0.0,0.0,0.0
2020-12-07 00:00:00-05:00,13.642947573505532,13.684214176142968,13.642947573505532,13.675960540771484,174400,0.0,0.0,0.0
2020-12-08 00:00:00-05:00,13.675960540771483,13.692467811514451,13.6677069054,13.675960540771484,103600,0.0,0.0,0.0
2020-12-09 00:00:00-05:00,13.675960540771483,13.684214176142968,13.659453270028516,13.675960540771484,177800,0.0,0.0,0.0
2020-12-10 00:00:00-05:00,13.675953751246126,13.692461013793945,13.667700119972217,13.692461013793945,93100,0.0,0.0,0.0
2020-12-11 00:00:00-05:00,13.708972930908203,13.72547862484095,13.692465662755723,13.708972930908203,88600,0.0,0.0,0.0
2020-12-14 00:00:00-05:00,13.675953751246126,13.708968276341762,13.667700119972217,13.692461013793945,110700,0.0,0.0,0.0
2020-12-15 00:00:00-05:00,13.69247096447356,13.70897823901765,13.684217327201516,13.700724601745605,127500,0.0,0.0,0.0
2020-12-16 00:00:00-05:00,13.675958394603242,13.708972930908203,13.675958394603242,13.708972930908203,97100,0.0,0.0,0.0
2020-12-17 00:00:00-05:00,13.717221907615672,13.717221907615672,13.684207382520036,13.692461013793945,151900,0.0,0.0,0.0
2020-12-18 00:00:00-05:00,13.725478087976112,13.725478087976112,13.700718760935574,13.717226028442383,190700,0.0,0.0,0.0
2020-12-21 00:00:00-05:00,13.725478087976112,13.725478087976112,13.700718760935574,13.717226028442383,118200,0.0,0.0,0.0
2020-12-22 00:00:00-05:00,13.733732640413727,13.741986274719238,13.725479006108218,13.741986274719238,189400,0.0,0.0,0.0
2020-12-23 00:00:00-05:00,13.717232784424443,13.725484848022461,13.692471870969039,13.725484848022461,114900,0.0,0.0,0.0
2020-12-24 00:00:00-05:00,13.717226946022487,13.75023990902475,13.717226946022487,13.741986274719238,43000,0.0,0.0,0.0
2020-12-29 00:00:00-05:00,13.75853118533537,13.766804695129395,13.741985743757962,13.766804695129395,109400,0.04,0.0,0.0
2020-12-30 00:00:00-05:00,13.766807169566068,13.775080680847168,13.750261725014793,13.775080680847168,65100,0.0,0.0,0.0
2020-12-31 00:00:00-05:00,13.783352648562756,13.816446689981033,13.775079138208188,13.808173179626465,68300,0.0,0.0,0.0
2021-01-04 00:00:00-05:00,13.808173179626465,13.816446689981033,13.791626158917326,13.808173179626465,214500,0.0,0.0,0.0
2021-01-05 00:00:00-05:00,13.80817224409952,13.80817224409952,13.75853118533537,13.766804695129395,146700,0.0,0.0,0.0
2021-01-06 00:00:00-05:00,13.708895296021888,13.717168807983398,13.675802826186905,13.717168807983398,320700,0.0,0.0,0.0
2021-01-07 00:00:00-05:00,13.650985503804833,13.68407955944136,13.650985503804833,13.675806045532227,161200,0.0,0.0,0.0
2021-01-08 00:00:00-05:00,13.675806045532227,13.692351495339064,13.667532531623095,13.675806045532227,185200,0.0,0.0,0.0
2021-01-11 00:00:00-05:00,13.675797276607726,13.675797276607726,13.642703242191104,13.659250259399414,167400,0.0,0.0,0.0
2021-01-12 00:00:00-05:00,13.617887110369352,13.642707644190493,13.609615177106564,13.626160621643066,196400,0.0,0.0,0.0
2021-01-13 00:00:00-05:00,13.617887084916322,13.66752815246582,13.617887084916322,13.66752815246582,217100,0.0,0.0,0.0
2021-01-14 00:00:00-05:00,13.66753026967531,13.684077294755076,13.626162706975899,13.642709732055664,251100,0.0,0.0,0.0
2021-01-15 00:00:00-05:00,13.667529285316082,13.684076309204102,13.659255773372072,13.684076309204102,80600,0.0,0.0,0.0
2021-01-18 00:00:00-05:00,13.675800743477046,13.7006196975708,13.667527232775521,13.7006196975708,112300,0.0,0.0,0.0
2021-01-19 00:00:00-05:00,13.675802797260092,13.684076309204102,13.667529285316082,13.684076309204102,144000,0.0,0.0,0.0
2021-01-20 00:00:00-05:00,13.692351495339064,13.692351495339064,13.659259017713964,13.675806045532227,129300,0.0,0.0,0.0
2021-01-21 00:00:00-05:00,13.659250259399414,13.659250259399414,13.642703242191104,13.659250259399414,174400,0.0,0.0,0.0
2021-01-22 00:00:00-05:00,13.659256369055308,13.667529881360126,13.634435832140849,13.650982856750488,160800,0.0,0.0,0.0
2021-01-25 00:00:00-05:00,13.675806045532227,13.692351495339064,13.667532531623095,13.675806045532227,151400,0.0,0.0,0.0
2021-01-26 00:00:00-05:00,13.65925464120757,13.67580166372407,13.65098112994932,13.66752815246582,200000,0.0,0.0,0.0
2021-01-27 00:00:00-05:00,13.675821232426586,13.68411482517186,13.65094045419076,13.659234046936035,176700,0.04,0.0,0.0
2021-01-28 00:00:00-05:00,13.650942616465683,13.659236210524643,13.626063416130126,13.642650604248047,131200,0.0,0.0,0.0
2021-01-29 00:00:00-05:00,13.62606550562716,13.659238305108579,13.62606550562716,13.650944709777832,166000,0.0,0.0,0.0
2021-02-01 00:00:00-05:00,13.65094045419076,13.675821232426586,13.642648443286557,13.659234046936035,520600,0.0,0.0,0.0
2021-02-02 00:00:00-05:00,13.650945923710356,13.659239519778623,13.634360313415527,13.634360313415527,146400,0.0,0.0,0.0
2021-02-03 00:00:00-05:00,13.634353932002037,13.642647524188579,13.592885971069336,13.592885971069336,254500,0.0,0.0,0.0
2021-02-04 00:00:00-05:00,13.58459644855968,13.601183637901954,13.568010841058843,13.57630443572998,209300,0.0,0.0,0.0
2021-02-05 00:00:00-05:00,13.559715200450382,13.576302387289925,13.54312801361084,13.54312801361084,221800,0.0,0.0,0.0
2021-02-08 00:00:00-05:00,13.518247233351527,13.559715200450382,13.518247233351527,13.54312801361084,312500,0.0,0.0,0.0
2021-02-09 00:00:00-05:00,13.551424980163574,13.559718575647734,13.543131384679414,13.551424980163574,114700,0.0,0.0,0.0
2021-02-10 00:00:00-05:00,13.551424980163574,13.559718575647734,13.526544193711096,13.551424980163574,156300,0.0,0.0,0.0
2021-02-11 00:00:00-05:00,13.559718575647734,13.568012171131892,13.543131384679414,13.551424980163574,148800,0.0,0.0,0.0
2021-02-12 00:00:00-05:00,13.526540243758106,13.534833836820413,13.501661046412323,13.5182466506958,196300,0.0,0.0,0.0
2021-02-16 00:00:00-05:00,13.46848983768958,13.46848983768958,13.427023444479412,13.435317039489746,221500,0.0,0.0,0.0
2021-02-17 00:00:00-05:00,13.4270222349038,13.460195030115257,13.4270222349038,13.45190143585205,233400,0.0,0.0,0.0
2021-02-18 00:00:00-05:00,13.410430908203125,13.418724499907103,13.39384372479517,13.410430908203125,162100,0.0,0.0,0.0
2021-02-19 00:00:00-05:00,13.377258483149577,13.377258483149577,13.327498507543723,13.344085693359375,224500,0.0,0.0,0.0
2021-02-22 00:00:00-05:00,13.335792912501715,13.344086505914559,13.294326527278695,13.310912132263184,295400,0.0,0.0,0.0
2021-02-23 00:00:00-05:00,13.277740409291305,13.28603400337177,13.244566823890104,13.261153221130371,274800,0.0,0.0,0.0
2021-02-24 00:00:00-05:00,13.227895476948364,13.244524261821168,13.178010708138158,13.236209869384766,268100,0.04,0.0,0.0
2021-02-25 00:00:00-05:00,13.161383368186447,13.186325755329847,13.128126587693849,13.169697761535645,304300,0.0,0.0,0.0
2021-02-26 00:00:00-05:00,13.153063781385073,13.294405240896362,13.128121404090104,13.286090850830078,255300,0.0,0.0,0.0
2021-03-01 00:00:00-05:00,13.277779337344093,13.327664892666428,13.277779337344093,13.311036109924316,246600,0.0,0.0,0.0
2021-03-02 00:00:00-05:00,13.311036109924316,13.311036109924316,13.277779337344093,13.311036109924316,179400,0.0,0.0,0.0
2021-03-03 00:00:00-05:00,13.286092482068089,13.286092482068089,13.236207721353406,13.269464492797852,180100,0.0,0.0,0.0
2021-03-04 00:00:00-05:00,13.227896929171642,13.244525715870036,13.169697761535645,13.169697761535645,169000,0.0,0.0,0.0
2021-03-05 00:00:00-05:00,13.169697761535645,13.178012154884842,13.10318420055045,13.169697761535645,410400,0.0,0.0,0.0
2021-03-08 00:00:00-05:00,13.194635351241976,13.202949741568144,13.136436204766605,13.144750595092773,162600,0.0,0.0,0.0
2021-03-09 00:00:00-05:00,13.169696820571332,13.202953598687758,13.15306803506105,13.194639205932617,142100,0.0,0.0,0.0
2021-03-10 00:00:00-05:00,13.194638700106859,13.244524261821168,13.194638700106859,13.236209869384766,147900,0.0,0.0,0.0
2021-03-11 00:00:00-05:00,13.227892418210166,13.227892418210166,13.186321258544922,13.186321258544922,124500,0.0,0.0,0.0
2021-03-12 00:00:00-05:00,13.128125424380693,13.128125424380693,13.061611869289417,13.069926261901855,193900,0.0,0.0,0.0
2021-03-15 00:00:00-04:00,13.06992558215244,13.094867965788417,13.06992558215244,13.086553573608398,117400,0.0,0.0,0.0
2021-03-16 00:00:00-04:00,13.086552603650073,13.103181386777608,13.053295830299025,13.061610221862793,141200,0.0,0.0,0.0
2021-03-17 00:00:00-04:00,13.028353432238122,13.044981422440866,12.995096658928613,13.036667823791504,202800,0.0,0.0,0.0
2021-03-18 00:00:00-04:00,13.011726106078283,13.011726106078283,12.945212552011622,12.995098114013672,194000,0.0,0.0,0.0
2021-03-19 00:00:00-04:00,13.00341277963965,13.028355164712545,12.995098386980644,13.011726379394531,168700,0.0,0.0,0.0
2021-03-22 00:00:00-04:00,13.044980744376838,13.061609526619256,13.0283527550384,13.053295135498047,139900,0.0,0.0,0.0
2021-03-23 00:00:00-04:00,13.06992627501492,13.094868659973145,13.06161188239414,13.094868659973145,114900,0.0,0.0,0.0
2021-03-24 00:00:00-04:00,13.111499113569554,13.153069496154785,13.094870326212083,13.153069496154785,81800,0.0,0.0,0.0
2021-03-25 00:00:00-04:00,13.161378582841207,13.161378582841207,13.128121814440437,13.144750595092773,70300,0.0,0.0,0.0
2021-03-26 00:00:00-04:00,13.11980889212974,13.136437674642721,13.10318090252075,13.12812328338623,54800,0.0,0.0,0.0
2021-03-29 00:00:00-04:00,13.16146473786391,13.16146473786391,13.078111254794472,13.086446762084961,124500,0.04,0.0,0.0
2021-03-30 00:00:00-04:00,13.078113723147053,13.119790472547809,13.061443500337479,13.111454963684082,136700,0.0,0.0,0.0
2021-03-31 00:00:00-04:00,13.128127492058022,13.136463001880912,13.094786247684436,13.103121757507324,110500,0.0,0.0,0.0
2021-04-01 00:00:00-04:00,13.128123843079912,13.136459350585938,13.119788335573888,13.136459350585938,109300,0.0,0.0,0.0
2021-04-05 00:00:00-04:00,13.08644923201078,13.111454963684082,13.08644923201078,13.111454963684082,189200,0.0,0.0,0.0
2021-04-06 00:00:00-04:00,13.12812211389032,13.169798851013184,13.12812211389032,13.169798851013184,121800,0.0,0.0,0.0
2021-04-07 00:00:00-04:00,13.169802502423698,13.186472724944181,13.153131484985352,13.153131484985352,110600,0.0,0.0,0.0
2021-04-08 00:00:00-04:00,13.169804574965973,13.186474800109863,13.169804574965973,13.186474800109863,75300,0.0,0.0,0.0
2021-04-09 00:00:00-04:00,13.161467714558738,13.186473447167959,13.153132205383027,13.178138732910156,86700,0.0,0.0,0.0
2021-04-12 00:00:00-04:00,13.178135705683932,13.178135705683932,13.16146469116211,13.16146469116211,123000,0.0,0.0,0.0
2021-04-13 00:00:00-04:00,13.153132205383027,13.178138732910156,13.153132205383027,13.178138732910156,107200,0.0,0.0,0.0
2021-04-14 00:00:00-04:00,13.169802502423698,13.169802502423698,13.136461262464868,13.153131484985352,115000,0.0,0.0,0.0
2021-04-15 00:00:00-04:00,13.178134543047578,13.236481498890873,13.178134543047578,13.219810485839844,161100,0.0,0.0,0.0
2021-04-16 00:00:00-04:00,13.178135705683932,13.194805925288032,13.153129183901196,13.16146469116211,197600,0.0,0.0,0.0
2021-04-19 00:00:00-04:00,13.136459350585938,13.153129570680239,13.119788335573888,13.136459350585938,100900,0.0,0.0,0.0
2021-04-20 00:00:00-04:00,13.086447100467538,13.144794858091961,13.078111592961514,13.136459350585938,116200,0.0,0.0,0.0
2021-04-21 00:00:00-04:00,13.144794858091961,13.169800585692288,13.103118115479587,13.136459350585938,128400,0.0,0.0,0.0
2021-04-22 00:00:00-04:00,13.111456078938014,13.144798117228977,13.094785854710478,13.128127098083496,178100,0.0,0.0,0.0
2021-04-23 00:00:00-04:00,13.136462607656236,13.136462607656236,13.111456078938014,13.128127098083496,79000,0.0,0.0,0.0
2021-04-26 00:00:00-04:00,13.119791982235133,13.119791982235133,13.094786247684436,13.103121757507324,109700,0.0,0.0,0.0
2021-04-27 00:00:00-04:00,13.09478226937545,13.11978799632919,13.086446762084961,13.086446762084961,92000,0.0,0.0,0.0
2021-04-28 00:00:00-04:00,13.094806056672173,13.111518859863281,13.078092456532747,13.111518859863281,145400,0.04,0.0,0.0
2021-04-29 00:00:00-04:00,13.086448213022015,13.103161811828613,13.069735411163673,13.103161811828613,147400,0.0,0.0,0.0
2021-04-30 00:00:00-04:00,13.103162856741886,13.119875659932994,13.103162856741886,13.111518859863281,120800,0.0,0.0,0.0
2021-05-03 00:00:00-04:00,13.094805012425313,13.136588212493553,13.094805012425313,13.103161811828613,124700,0.0,0.0,0.0
2021-05-04 00:00:00-04:00,13.119871390210953,13.136584984911117,13.119871390210953,13.128228187561035,66800,0.0,0.0,0.0
2021-05-05 00:00:00-04:00,13.136587235471115,13.144943237304688,13.111516839125807,13.144943237304688,310400,0.0,0.0,0.0
2021-05-06 00:00:00-04:00,13.14494409899999,13.14494409899999,13.128231297289066,13.136588096618652,106400,0.0,0.0,0.0
2021-05-07 00:00:00-04:00,13.161655175719039,13.178368771175673,13.136585579482183,13.153298377990723,271100,0.0,0.0,0.0
2021-05-10 00:00:00-04:00,13.144944556135975,13.161658155376388,13.111518154603427,13.119874954223633,142500,0.0,0.0,0.0
2021-05-11 00:00:00-04:00,13.103157494361511,13.111513494063267,13.078087104412264,13.086443901062012,335900,0.0,0.0,0.0
2021-05-12 00:00:00-04:00,13.044665244852125,13.069735643507704,13.036309242248535,13.036309242248535,101800,0.0,0.0,0.0
2021-05-13 00:00:00-04:00,13.04466392791321,13.069734324037778,13.04466392791321,13.06137752532959,70800,0.0,0.0,0.0
2021-05-14 00:00:00-04:00,13.06973934173584,13.078095346703854,13.05302573790282,13.06973934173584,74600,0.0,0.0,0.0
2021-05-17 00:00:00-04:00,13.06137752532959,13.069734324037778,13.04466392791321,13.06137752532959,123600,0.0,0.0,0.0
2021-05-18 00:00:00-04:00,13.078095346703854,13.078095346703854,13.061382539819329,13.06973934173584,114200,0.0,0.0,0.0
2021-05-19 00:00:00-04:00,13.078095346703854,13.086452148620364,13.04466893598631,13.06973934173584,197900,0.0,0.0,0.0
2021-05-20 00:00:00-04:00,13.069735163008302,13.094804763793945,13.061378363763673,13.094804763793945,73300,0.0,0.0,0.0
2021-05-21 00:00:00-04:00,13.111518859863281,13.111518859863281,13.094806056672173,13.111518859863281,63800,0.0,0.0,0.0
2021-05-25 00:00:00-04:00,13.144943983639953,13.178371180664938,13.144943983639953,13.170014381408691,149000,0.0,0.0,0.0
2021-05-26 00:00:00-04:00,13.195146560668945,13.203524623255362,13.178390435496112,13.195146560668945,112300,0.04,0.0,0.0
2021-05-27 00:00:00-04:00,13.178394317626953,13.178394317626953,13.161638986494308,13.178394317626953,77900,0.0,0.0,0.0
2021-05-28 00:00:00-04:00,13.17839069150751,13.203524879755031,13.170013427734375,13.170013427734375,139300,0.0,0.0,0.0
2021-05-31 00:00:00-04:00,13.178390435496112,13.195146560668945,13.170013171885719,13.195146560668945,73400,0.0,0.0,0.0
2021-06-01 00:00:00-04:00,13.170013171885719,13.203524623255362,13.161635109299302,13.195146560668945,114200,0.0,0.0,0.0
2021-06-02 00:00:00-04:00,13.17838919698054,13.228656768798828,13.17838919698054,13.228656768798828,105500,0.0,0.0,0.0
2021-06-03 00:00:00-04:00,13.20352561190112,13.20352561190112,13.178391422259889,13.186769485473633,139200,0.0,0.0,0.0
2021-06-04 00:00:00-04:00,13.195147189066113,13.245414768002497,13.195147189066113,13.23703670501709,126600,0.0,0.0,0.0
2021-06-07 00:00:00-04:00,13.23703670501709,13.23703670501709,13.228658642031682,13.23703670501709,63500,0.0,0.0,0.0
2021-06-08 00:00:00-04:00,13.237037623993983,13.253792952151969,13.237037623993983,13.245415687561035,133000,0.0,0.0,0.0
2021-06-09 00:00:00-04:00,13.270549774169922,13.278927838175674,13.25379364615842,13.270549774169922,128200,0.0,0.0,0.0
2021-06-10 00:00:00-04:00,13.262169581878489,13.28730297088623,13.245414255532005,13.28730297088623,67600,0.0,0.0,0.0
2021-06-11 00:00:00-04:00,13.28730389018927,13.295681953430176,13.28730389018927,13.295681953430176,36100,0.0,0.0,0.0
2021-06-14 00:00:00-04:00,13.287305103205266,13.287305103205266,13.25379364615842,13.270549774169922,132900,0.0,0.0,0.0
2021-06-15 00:00:00-04:00,13.270548562683542,13.295681953430176,13.262170499442636,13.295681953430176,103400,0.0,0.0,0.0
2021-06-16 00:00:00-04:00,13.287304407444061,13.304060534578165,13.237037623993983,13.245415687561035,130700,0.0,0.0,0.0
2021-06-17 00:00:00-04:00,13.262169581878489,13.329192485216485,13.262169581878489,13.28730297088623,157700,0.0,0.0,0.0
2021-06-18 00:00:00-04:00,13.312438740571443,13.345950196222065,13.287304549601382,13.329194068908691,149100,0.0,0.0,0.0
2021-06-21 00:00:00-04:00,13.304058074951172,13.312436136969305,13.287301950914905,13.304058074951172,107400,0.0,0.0,0.0
2021-06-22 00:00:00-04:00,13.287305535576065,13.320816993713379,13.278928270273875,13.320816993713379,126900,0.0,0.0,0.0
2021-06-23 00:00:00-04:00,13.304058994897659,13.312437057495117,13.287302869702742,13.312437057495117,95900,0.0,0.0,0.0
2021-06-24 00:00:00-04:00,13.320816005252004,13.329194068908691,13.304060676914757,13.329194068908691,103600,0.0,0.0,0.0
2021-06-25 00:00:00-04:00,13.329194624257864,13.329194624257864,13.270549774169922,13.270549774169922,178400,0.0,0.0,0.0
2021-06-28 00:00:00-04:00,13.30414554874823,13.320943295638662,13.295746274803589,13.312544822692871,48800,0.04,0.0,0.0
2021-06-29 00:00:00-04:00,13.262148604639533,13.295744895935059,13.25374933156596,13.295744895935059,127700,0.0,0.0,0.0
2021-06-30 00:00:00-04:00,13.304143227414983,13.32934024385363,13.304143227414983,13.320940971374512,149700,0.0,0.0,0.0
2021-07-02 00:00:00-04:00,13.320943567985687,13.337742116218415,13.312545094868188,13.32934284210205,51700,0.0,0.0,0.0
2021-07-05 00:00:00-04:00,13.320940971374512,13.320940971374512,13.304143227414983,13.320940971374512,49100,0.0,0.0,0.0
2021-07-06 00:00:00-04:00,13.32094331214402,13.379737428830508,13.32094331214402,13.36293888092041,95200,0.0,0.0,0.0
2021-07-07 00:00:00-04:00,13.379736220670008,13.413332512457679,13.379736220670008,13.396533966064453,98700,0.0,0.0,0.0
2021-07-08 00:00:00-04:00,13.43852709214315,13.43852709214315,13.396531534780477,13.413330078125,89400,0.0,0.0,0.0
2021-07-09 00:00:00-04:00,13.37973673810582,13.37973673810582,13.354538917541504,13.354538917541504,80600,0.0,0.0,0.0
2021-07-12 00:00:00-04:00,13.37133746458438,13.37973673810582,13.354538917541504,13.354538917541504,108700,0.0,0.0,0.0
2021-07-13 00:00:00-04:00,13.362936961705449,13.371336234454175,13.329340671709282,13.337739944458008,168500,0.0,0.0,0.0
2021-07-14 00:00:00-04:00,13.354541517754459,13.388137817382812,13.337743768439765,13.388137817382812,64300,0.0,0.0,0.0
2021-07-15 00:00:00-04:00,13.396533024683455,13.421730041503906,13.371336007863004,13.421730041503906,87200,0.0,0.0,0.0
2021-07-16 00:00:00-04:00,13.388133752077064,13.430129314110298,13.388133752077064,13.421730041503906,80000,0.0,0.0,0.0
2021-07-19 00:00:00-04:00,13.47212724336068,13.514122009277344,13.47212724336068,13.514122009277344,112900,0.0,0.0,0.0
2021-07-20 00:00:00-04:00,13.52252413756685,13.52252413756685,13.455331536716743,13.463730812072754,117100,0.0,0.0,0.0
2021-07-21 00:00:00-04:00,13.430131912231445,13.430131912231445,13.396535616305243,13.430131912231445,107800,0.0,0.0,0.0
2021-07-22 00:00:00-04:00,13.430133710648716,13.472130087428763,13.430133710648716,13.463730812072754,90900,0.0,0.0,0.0
2021-07-23 00:00:00-04:00,13.438527798503928,13.446927070617676,13.430128526390181,13.446927070617676,39100,0.0,0.0,0.0
2021-07-26 00:00:00-04:00,13.446930460693984,13.455329734925254,13.430131912231445,13.430131912231445,76600,0.0,0.0,0.0
2021-07-27 00:00:00-04:00,13.463733786405829,13.480530738830566,13.463733786405829,13.480530738830566,64000,0.0,0.0,0.0
2021-07-28 00:00:00-04:00,13.455269001638563,13.488950046328814,13.446849543466303,13.48052978515625,68200,0.04,0.0,0.0
2021-07-29 00:00:00-04:00,13.46368381480545,13.4721040725708,13.455263557040098,13.4721040725708,56700,0.0,0.0,0.0
2021-07-30 00:00:00-04:00,13.46368381480545,13.4721040725708,13.446844102274724,13.4721040725708,66400,0.0,0.0,0.0
2021-08-03 00:00:00-04:00,13.539464531342103,13.539464531342103,13.514203758041107,13.522624015808105,149500,0.0,0.0,0.0
2021-08-04 00:00:00-04:00,13.547887925155939,13.556308184872048,13.497367972859612,13.514206886291504,123600,0.0,0.0,0.0
2021-08-05 00:00:00-04:00,13.505785942077637,13.514204594365667,13.480525167213383,13.505785942077637,62200,0.0,0.0,0.0
2021-08-06 00:00:00-04:00,13.463684768349836,13.463684768349836,13.438424796264762,13.446845054626465,98900,0.0,0.0,0.0
2021-08-09 00:00:00-04:00,13.455266957576,13.463687217469396,13.421586721002601,13.430006980895996,93600,0.0,0.0,0.0
2021-08-10 00:00:00-04:00,13.430006030495461,13.438426289792979,13.396325796305508,13.404746055603027,86200,0.0,0.0,0.0
2021-08-11 00:00:00-04:00,13.396325796305508,13.413166314900547,13.379486080710594,13.404746055603027,96100,0.0,0.0,0.0
2021-08-12 00:00:00-04:00,13.396325796305508,13.413166314900547,13.387905537007988,13.404746055603027,64200,0.0,0.0,0.0
2021-08-13 00:00:00-04:00,13.42158386209247,13.463684349591508,13.42158386209247,13.4552640914917,67300,0.0,0.0,0.0
2021-08-16 00:00:00-04:00,13.488950046328814,13.505790568673937,13.48052978515625,13.48052978515625,85200,0.0,0.0,0.0
2021-08-17 00:00:00-04:00,13.488950046328814,13.497370307501376,13.472109523983688,13.48052978515625,100300,0.0,0.0,0.0
2021-08-18 00:00:00-04:00,13.4721040725708,13.488944588101504,13.455263557040098,13.4721040725708,73900,0.0,0.0,0.0
2021-08-19 00:00:00-04:00,13.488947599241712,13.505788118531726,13.480527339596703,13.497367858886719,73500,0.0,0.0,0.0
2021-08-20 00:00:00-04:00,13.497370307501376,13.505790568673937,13.48052978515625,13.48052978515625,100400,0.0,0.0,0.0
2021-08-23 00:00:00-04:00,13.488948677683137,13.497368938001344,13.463687896728516,13.463687896728516,113800,0.0,0.0,0.0
2021-08-24 00:00:00-04:00,13.455264509988133,13.455264509988133,13.438424796264762,13.446845054626465,74500,0.0,0.0,0.0
2021-08-25 00:00:00-04:00,13.446847776132868,13.446847776132868,13.396327018737793,13.396327018737793,96000,0.0,0.0,0.0
2021-08-26 00:00:00-04:00,13.404744832968904,13.438425064086914,13.387904315909873,13.438425064086914,47200,0.0,0.0,0.0
2021-08-27 00:00:00-04:00,13.421541268620143,13.472188949584961,13.421541268620143,13.472188949584961,167200,0.04,0.0,0.0
2021-08-30 00:00:00-04:00,13.455306120924162,13.48907097322818,13.455306120924162,13.472188949584961,157800,0.0,0.0,0.0
2021-08-31 00:00:00-04:00,13.480632290427332,13.489072900946397,13.429984602224472,13.43842601776123,81700,0.0,0.0,0.0
2021-09-01 00:00:00-04:00,13.480629398922133,13.505952835083008,13.46374657146987,13.505952835083008,86500,0.0,0.0,0.0
2021-09-02 00:00:00-04:00,13.4890681738435,13.522833824157715,13.480627566282356,13.522833824157715,71400,0.0,0.0,0.0
2021-09-03 00:00:00-04:00,13.489070007630744,13.505952835083008,13.489070007630744,13.505952835083008,50600,0.0,0.0,0.0
2021-09-07 00:00:00-04:00,13.463747024536133,13.472188438546326,13.446865001533295,13.463747024536133,129900,0.0,0.0,0.0
2021-09-08 00:00:00-04:00,13.472188949584961,13.48907097322818,13.472188949584961,13.472188949584961,72100,0.0,0.0,0.0
2021-09-09 00:00:00-04:00,13.46374657146987,13.505952835083008,13.46374657146987,13.505952835083008,93600,0.0,0.0,0.0
2021-09-10 00:00:00-04:00,13.472190874890574,13.480632290427332,13.43842601776123,13.43842601776123,78300,0.0,0.0,0.0
2021-09-13 00:00:00-04:00,13.463750330267368,13.480633162432966,13.446868303119517,13.45530891418457,106800,0.0,0.0,0.0
2021-09-14 00:00:00-04:00,13.455305157743737,13.505952835083008,13.446864549035126,13.505952835083008,92700,0.0,0.0,0.0
2021-09-15 00:00:00-04:00,13.489073773498019,13.489073773498019,13.446868303119517,13.45530891418457,86700,0.0,0.0,0.0
2021-09-16 00:00:00-04:00,13.43842557387781,13.455307599376006,13.421542743361949,13.446866989135742,119700,0.0,0.0,0.0
2021-09-17 00:00:00-04:00,13.396218299865723,13.413101129117864,13.387776885239651,13.396218299865723,109200,0.0,0.0,0.0
2021-09-20 00:00:00-04:00,13.42998415861988,13.446866989135742,13.421542743361949,13.446866989135742,139500,0.0,0.0,0.0
2021-09-21 00:00:00-04:00,13.446868832891774,13.455309444289364,13.421544583645666,13.429986000061035,68900,0.0,0.0,0.0
2021-09-22 00:00:00-04:00,13.42998217351291,13.463747024536133,13.421540759502719,13.463747024536133,98600,0.0,0.0,0.0
2021-09-23 00:00:00-04:00,13.42154226545102,13.42154226545102,13.362453970784836,13.370895385742188,161800,0.0,0.0,0.0
2021-09-24 00:00:00-04:00,13.345568072972119,13.345568072972119,13.31180322795899,13.320243835449219,125600,0.0,0.0,0.0
2021-09-27 00:00:00-04:00,13.303361815451357,13.320243835449219,13.294920402943722,13.320243835449219,111100,0.0,0.0,0.0
2021-09-28 00:00:00-04:00,13.261006395916276,13.277931319359341,13.24408066540996,13.269469261169434,195600,0.04,0.0,0.0
2021-09-29 00:00:00-04:00,13.269472044481343,13.286396971474463,13.227158516403415,13.252546310424805,93900,0.0,0.0,0.0
2021-09-30 00:00:00-04:00,13.277934104446194,13.277934104446194,13.235621383431685,13.252546310424805,65800,0.0,0.0,0.0
2021-10-01 00:00:00-04:00,13.277934113251762,13.294859847319527,13.277934113251762,13.286396980285645,117300,0.0,0.0,0.0
2021-10-04 00:00:00-04:00,13.277934113251762,13.286396980285645,13.261009186247419,13.286396980285645,108100,0.0,0.0,0.0
2021-10-05 00:00:00-04:00,13.269472005551341,13.269472005551341,13.22715847759755,13.244083404541016,125300,0.0,0.0,0.0
2021-10-06 00:00:00-04:00,13.24408443465955,13.26947303764459,13.24408443465955,13.26101016998291,70600,0.0,0.0,0.0
2021-10-07 00:00:00-04:00,13.235624239295538,13.244086301086254,13.218698501586914,13.218698501586914,89500,0.0,0.0,0.0
2021-10-08 00:00:00-04:00,13.210231797824138,13.210231797824138,13.150993347167969,13.150993347167969,129900,0.0,0.0,0.0
2021-10-12 00:00:00-04:00,13.125605555038662,13.159456213565525,13.117142688641106,13.150993347167969,114900,0.0,0.0,0.0
2021-10-13 00:00:00-04:00,13.167920004890759,13.193307798803328,13.150994270906766,13.176382064819336,216600,0.0,0.0,0.0
2021-10-14 00:00:00-04:00,13.193307855353755,13.252546310424805,13.184844988325485,13.252546310424805,112100,0.0,0.0,0.0
2021-10-15 00:00:00-04:00,13.210234642028809,13.227160378468085,13.201772580872706,13.210234642028809,83400,0.0,0.0,0.0
2021-10-18 00:00:00-04:00,13.201773570941885,13.227161370441225,13.184847833233261,13.218698501586914,48800,0.0,0.0,0.0
2021-10-19 00:00:00-04:00,13.193307798803328,13.193307798803328,13.167920004890759,13.176382064819336,179100,0.0,0.0,0.0
2021-10-20 00:00:00-04:00,13.184844931811332,13.184844931811332,13.167920004890759,13.176382064819336,78900,0.0,0.0,0.0
2021-10-21 00:00:00-04:00,13.159455285656563,13.159455285656563,13.117141763715786,13.125604629516602,167800,0.0,0.0,0.0
2021-10-22 00:00:00-04:00,13.125605555038662,13.159456213565525,13.125605555038662,13.150993347167969,148200,0.0,0.0,0.0
2021-10-25 00:00:00-04:00,13.150993386628807,13.176381178834292,13.134068460846272,13.159456253051758,214900,0.0,0.0,0.0
2021-10-26 00:00:00-04:00,13.16791909128251,13.184844017028809,13.15945622487768,13.184844017028809,124300,0.0,0.0,0.0
2021-10-27 00:00:00-04:00,13.218783188918913,13.23575249034072,13.125454458521451,13.210298538208008,265300,0.04,0.0,0.0
2021-10-28 00:00:00-04:00,13.142423478261165,13.201815226480296,13.100001032144887,13.184845924377441,241900,0.0,0.0,0.0
2021-10-29 00:00:00-04:00,13.16787696799172,13.201814761862181,13.108485221862793,13.108485221862793,144800,0.0,0.0,0.0
2021-11-01 00:00:00-04:00,13.09999942779541,13.116968727820044,13.083030936911536,13.09999942779541,146900,0.0,0.0,0.0
2021-11-02 00:00:00-04:00,13.108484986811526,13.133938129472757,13.083031844150295,13.091516494750977,110700,0.0,0.0,0.0
2021-11-03 00:00:00-04:00,13.108484077807727,13.108484077807727,13.074546286899219,13.09999942779541,139500,0.0,0.0,0.0
2021-11-04 00:00:00-04:00,13.116969912121508,13.167877007650935,13.116969912121508,13.159392356872559,174800,0.0,0.0,0.0
2021-11-05 00:00:00-04:00,13.193330045927027,13.218783188918913,13.184845395216124,13.210298538208008,140800,0.0,0.0,0.0
2021-11-08 00:00:00-05:00,13.201815226480296,13.201815226480296,13.15939278036402,13.184845924377441,133700,0.0,0.0,0.0
2021-11-09 00:00:00-05:00,13.210297774706232,13.244235566447554,13.201813933626488,13.218782424926758,215400,0.0,0.0,0.0
2021-11-10 00:00:00-05:00,13.184848715321914,13.184848715321914,13.125457763671875,13.125457763671875,101600,0.0,0.0,0.0
2021-11-11 00:00:00-05:00,13.116973110824432,13.125457763671875,13.100003805129546,13.125457763671875,80600,0.0,0.0,0.0
2021-11-12 00:00:00-05:00,13.13393783569336,13.142422486104257,13.116969344012361,13.13393783569336,138800,0.0,0.0,0.0
2021-11-15 00:00:00-05:00,13.116969637412208,13.116969637412208,13.091516494750977,13.091516494750977,110700,0.0,0.0,0.0
2021-11-16 00:00:00-05:00,13.074548298621146,13.09151760125677,13.040610502490782,13.049095153808594,150000,0.0,0.0,0.0
2021-11-17 00:00:00-05:00,13.057576276340285,13.11696720123291,13.057576276340285,13.11696720123291,96600,0.0,0.0,0.0
2021-11-18 00:00:00-05:00,13.074547427992334,13.116969872615616,13.074547427992334,13.108485221862793,90200,0.0,0.0,0.0
2021-11-19 00:00:00-05:00,13.142420768737793,13.159390067342152,13.125452279274127,13.142420768737793,111200,0.0,0.0,0.0
2021-11-22 00:00:00-05:00,13.100001443433698,13.100001443433698,13.040610502490782,13.049095153808594,184800,0.0,0.0,0.0
2021-11-23 00:00:00-05:00,13.015156366467785,13.032124858670235,12.998187065124512,12.998187065124512,113400,0.0,0.0,0.0
2021-11-24 00:00:00-05:00,12.99818349657498,13.06605906503172,12.99818349657498,13.057575225830078,139600,0.0,0.0,0.0
2021-11-25 00:00:00-05:00,13.074543713373963,13.074543713373963,13.049090577487835,13.057575225830078,94800,0.0,0.0,0.0
2021-11-26 00:00:00-05:00,13.168164280990764,13.193684564063943,13.142644809166965,13.18517780303955,207200,0.04,0.0,0.0
2021-11-29 00:00:00-05:00,13.117122475434018,13.185174926282636,13.10861571626564,13.176668167114258,229700,0.0,0.0,0.0
2021-11-30 00:00:00-05:00,13.26173608511653,13.278748794704105,13.193683624267578,13.193683624267578,189600,0.0,0.0,0.0
2021-12-01 00:00:00-05:00,13.193685238770795,13.287257181076116,13.185178477311378,13.2787504196167,138500,0.0,0.0,0.0
2021-12-02 00:00:00-05:00,13.295761123644919,13.312773831707393,13.27024165592658,13.304267883300781,158900,0.0,0.0,0.0
2021-12-03 00:00:00-05:00,13.2362144013607,13.346799023308034,13.2362144013607,13.338293075561523,151900,0.0,0.0,0.0
2021-12-06 00:00:00-05:00,13.304272745546907,13.312778697062145,13.261739742972518,13.270246505737305,148500,0.0,0.0,0.0
2021-12-07 00:00:00-05:00,13.253229240045663,13.261736000409778,13.210696249474406,13.227709770202637,85100,0.0,0.0,0.0
2021-12-08 00:00:00-05:00,13.21920289670838,13.253229126624323,13.21920289670838,13.244722366333008,205800,0.0,0.0,0.0
2021-12-09 00:00:00-05:00,13.261739742972518,13.287259220017331,13.244726217442942,13.270246505737305,154400,0.0,0.0,0.0
2021-12-10 00:00:00-05:00,13.27874760433319,13.321280591363257,13.27874760433319,13.304267883300781,98000,0.0,0.0,0.0
2021-12-13 00:00:00-05:00,13.329786238017908,13.38082516919297,13.329786238017908,13.372319221496582,219400,0.0,0.0,0.0
2021-12-14 00:00:00-05:00,13.338295922493515,13.338295922493515,13.312775640059357,13.329789161682129,126100,0.0,0.0,0.0
2021-12-15 00:00:00-05:00,13.329786238017908,13.38082516919297,13.329786238017908,13.372319221496582,217000,0.0,0.0,0.0
2021-12-16 00:00:00-05:00,13.380825012693325,13.448878272212777,13.380825012693325,13.4403715133667,133100,0.0,0.0,0.0
2021-12-17 00:00:00-05:00,13.457386999118805,13.474400520324707,13.448881049765196,13.474400520324707,111300,0.0,0.0,0.0
2021-12-20 00:00:00-05:00,13.46589391667034,13.474400677372442,13.389334692850147,13.397841453552246,96900,0.0,0.0,0.0
2021-12-21 00:00:00-05:00,13.363815279289643,13.363815279289643,13.329789047584711,13.3468017578125,107500,0.0,0.0,0.0
2021-12-22 00:00:00-05:00,13.3638152219932,13.397841453552246,13.346801700589,13.397841453552246,111100,0.0,0.0,0.0
2021-12-23 00:00:00-05:00,13.372320048176698,13.389332755870386,13.355306529233774,13.380825996398926,118700,0.0,0.0,0.0
2021-12-24 00:00:00-05:00,13.37232302265517,13.380828972769422,13.355309499927836,13.363816261291504,274100,0.0,0.0,0.0
2021-12-29 00:00:00-05:00,13.355283255889399,13.389396335453716,13.338227122767227,13.372340202331543,587600,0.04,0.0,0.0
2021-12-30 00:00:00-05:00,13.363816100865497,13.397929191589355,13.355287624854473,13.397929191589355,77100,0.0,0.0,0.0
2021-12-31 00:00:00-05:00,13.41498658714453,13.449100494384766,13.397930446844725,13.449100494384766,53200,0.0,0.0,0.0
2022-01-04 00:00:00-05:00,13.244415370685132,13.321170002030577,13.244415370685132,13.287056922912598,224700,0.0,0.0,0.0
2022-01-05 00:00:00-05:00,13.304117519116902,13.304117519116902,13.235891342163086,13.235891342163086,280300,0.0,0.0,0.0
2022-01-06 00:00:00-05:00,13.184721713019318,13.201777851128368,13.167664761590059,13.176193237304688,164300,0.0,0.0,0.0
2022-01-07 00:00:00-05:00,13.167661818485959,13.167661818485959,13.116492602275434,13.133548736572266,203500,0.0,0.0,0.0
2022-01-10 00:00:00-05:00,13.099435654658572,13.133548736572266,13.09090799417017,13.133548736572266,104200,0.0,0.0,0.0
2022-01-11 00:00:00-05:00,13.133548972022563,13.15060591994521,13.116492837419958,13.142077445983887,109100,0.0,0.0,0.0
2022-01-12 00:00:00-05:00,13.125022653605456,13.142078789952299,13.107965703938488,13.116494178771973,187200,0.0,0.0,0.0
2022-01-13 00:00:00-05:00,13.125021311381282,13.142077445983887,13.099435889497311,13.142077445983887,149900,0.0,0.0,0.0
2022-01-14 00:00:00-05:00,13.107965139824241,13.116493614290693,13.073852055278522,13.090909004211426,115500,0.0,0.0,0.0
2022-01-17 00:00:00-05:00,13.056795838915662,13.056795838915662,13.031210415674536,13.048267364501953,156400,0.0,0.0,0.0
2022-01-18 00:00:00-05:00,13.005626364707043,13.014154839487286,12.94592866788558,12.954456329345703,253100,0.0,0.0,0.0
2022-01-19 00:00:00-05:00,12.954455845571122,12.988568930098047,12.954455845571122,12.971512794494629,129300,0.0,0.0,0.0
2022-01-20 00:00:00-05:00,12.980044457430067,12.988572120666504,12.962987504316617,12.988572120666504,70800,0.0,0.0,0.0
2022-01-21 00:00:00-05:00,13.022682519890381,13.056795603610354,13.022682519890381,13.039738655090332,129600,0.0,0.0,0.0
2022-01-24 00:00:00-05:00,13.05679710812484,13.073853245290142,12.971513982337832,12.980042457580566,235500,0.0,0.0,0.0
2022-01-25 00:00:00-05:00,13.005629073779954,13.031213690129839,12.980044457430067,12.988572120666504,155100,0.0,0.0,0.0
2022-01-26 00:00:00-05:00,13.022685138088434,13.048269752692157,12.937402004982378,12.945930480957031,314400,0.0,0.0,0.0
2022-01-27 00:00:00-05:00,13.005786028721909,13.057091263252557,13.005786028721909,13.022887229919434,518400,0.04,0.0,0.0
2022-01-28 00:00:00-05:00,12.963028274903087,13.02288368600956,12.963028274903087,12.997231483459473,133700,0.0,0.0,0.0
2022-01-31 00:00:00-05:00,12.997234986573929,13.014337003195998,12.954480760487794,12.963031768798828,217500,0.0,0.0,0.0
2022-02-01 00:00:00-05:00,12.980130006103112,12.988680196455622,12.911723590470244,12.920273780822754,453500,0.0,0.0,0.0
2022-02-02 00:00:00-05:00,12.980133819191103,13.022887229919434,12.971582810857821,13.022887229919434,123900,0.0,0.0,0.0
2022-02-03 00:00:00-05:00,12.980133785420897,12.980133785420897,12.945930567645796,12.963031768798828,145400,0.0,0.0,0.0
2022-02-04 00:00:00-05:00,12.945926343516785,12.945926343516785,12.894621125860006,12.911723136901855,129300,0.0,0.0,0.0
2022-02-07 00:00:00-05:00,12.903172584648935,12.92882478664406,12.894621578827627,12.920273780822754,112000,0.0,0.0,0.0
2022-02-08 00:00:00-05:00,12.877522468566895,12.903174674717189,12.860420454154077,12.877522468566895,212900,0.0,0.0,0.0
2022-02-09 00:00:00-05:00,12.903174763674052,12.911725770939412,12.886072749143331,12.894623756408691,80100,0.0,0.0,0.0
2022-02-10 00:00:00-05:00,12.877520643669307,12.877520643669307,12.792012214660645,12.792012214660645,278500,0.0,0.0,0.0
2022-02-11 00:00:00-05:00,12.826213115599293,12.851865313499264,12.757806710886923,12.843315124511719,668100,0.0,0.0,0.0
2022-02-14 00:00:00-05:00,12.792012214660645,12.80911341118109,12.749258000156315,12.792012214660645,192700,0.0,0.0,0.0
2022-02-15 00:00:00-05:00,12.757808685302734,12.766359691082313,12.749257679523156,12.757808685302734,262000,0.0,0.0,0.0
2022-02-16 00:00:00-05:00,12.77491283416748,12.77491283416748,12.74070961861228,12.77491283416748,179100,0.0,0.0,0.0
2022-02-17 00:00:00-05:00,12.792014711940519,12.826217927127434,12.783463704276548,12.800565719604492,273900,0.0,0.0,0.0
2022-02-18 00:00:00-05:00,12.809115636406931,12.834768658847315,12.809115636406931,12.826217651367188,111600,0.0,0.0,0.0
2022-02-22 00:00:00-05:00,12.800565493113723,12.800565493113723,12.766362278531995,12.783463478088379,117000,0.0,0.0,0.0
2022-02-23 00:00:00-05:00,12.757813733932874,12.757813733932874,12.723610512748166,12.732161521911621,194500,0.0,0.0,0.0
2022-02-24 00:00:00-05:00,12.749306233437025,12.783601577546966,12.723584929770944,12.740732192993164,201400,0.04,0.0,0.0
2022-02-25 00:00:00-05:00,12.749305711857021,12.809322357177734,12.749305711857021,12.809322357177734,118600,0.0,0.0,0.0
2022-02-28 00:00:00-05:00,12.843615413421134,12.877911567687988,12.843615413421134,12.877911567687988,165200,0.0,0.0,0.0
2022-03-01 00:00:00-05:00,12.93793287844382,13.023670842103016,12.93793287844382,13.015097618103027,210200,0.0,0.0,0.0
2022-03-02 00:00:00-05:00,12.980801913278691,12.997949178474245,12.92935848236084,12.92935848236084,105600,0.0,0.0,0.0
2022-03-03 00:00:00-05:00,12.912210708851772,12.946506055558373,12.912210708851772,12.937932014465332,139000,0.0,0.0,0.0
2022-03-04 00:00:00-05:00,12.946507427319244,13.015098128000048,12.946507427319244,13.006524085998535,203400,0.0,0.0,0.0
2022-03-07 00:00:00-05:00,12.963652627813977,12.97222666844916,12.90363597869873,12.90363597869873,164200,0.0,0.0,0.0
2022-03-08 00:00:00-05:00,12.852191677549907,12.860765717601353,12.809322294958143,12.826470375061035,170800,0.0,0.0,0.0
2022-03-09 00:00:00-05:00,12.800749841997883,12.809323064899184,12.783601760864258,12.783601760864258,106500,0.0,0.0,0.0
2022-03-10 00:00:00-05:00,12.77502728961872,12.77502728961872,12.689289339837575,12.715010643005371,163600,0.0,0.0,0.0
2022-03-11 00:00:00-05:00,12.697861480887974,12.706434702217946,12.65499210357666,12.65499210357666,171000,0.0,0.0,0.0
2022-03-14 00:00:00-04:00,12.577825856331382,12.586399894282646,12.517809226003061,12.526382446289062,144000,0.0,0.0,0.0
2022-03-15 00:00:00-04:00,12.526385767025198,12.560681110256661,12.474943161010742,12.474943161010742,162400,0.0,0.0,0.0
2022-03-16 00:00:00-04:00,12.457791778009478,12.534956484240325,12.457791778009478,12.526382446289062,137800,0.0,0.0,0.0
2022-03-17 00:00:00-04:00,12.552109273714937,12.560682497220357,12.509239885525554,12.543535232543945,235100,0.0,0.0,0.0
2022-03-18 00:00:00-04:00,12.543533572739237,12.577828915219548,12.534959532702795,12.569254875183105,87100,0.0,0.0,0.0
2022-03-21 00:00:00-04:00,12.509240482290604,12.517814523870628,12.440649784981638,12.457797050476074,174800,0.0,0.0,0.0
2022-03-22 00:00:00-04:00,12.397778773123747,12.41492603637533,12.354909388496536,12.363483428955078,196200,0.0,0.0,0.0
2022-03-23 00:00:00-04:00,12.389204394099343,12.474943161010742,12.389204394099343,12.474943161010742,187000,0.0,0.0,0.0
2022-03-24 00:00:00-04:00,12.389201863785066,12.43207123848532,12.389201863785066,12.423497200012207,127000,0.0,0.0,0.0
2022-03-25 00:00:00-04:00,12.423502262853884,12.423502262853884,12.312042170276989,12.329190254211426,250700,0.0,0.0,0.0
2022-03-28 00:00:00-04:00,12.363485134895095,12.406354525437518,12.354911093253488,12.380632400512695,145700,0.0,0.0,0.0
2022-03-29 00:00:00-04:00,12.397825711991809,12.423618462256393,12.363435104993448,12.406423568725586,173900,0.04,0.0,0.0
2022-03-30 00:00:00-04:00,12.38063112562783,12.458010203402736,12.38063112562783,12.44941234588623,93600,0.0,0.0,0.0
2022-03-31 00:00:00-04:00,12.458009224886599,12.509595545996955,12.449411368045412,12.483802795410156,244400,0.0,0.0,0.0
2022-04-01 00:00:00-04:00,12.406420417723963,12.46660375970145,12.406420417723963,12.458005905151367,121500,0.0,0.0,0.0
2022-04-04 00:00:00-04:00,12.492399844422835,12.500997701272354,12.440814343199236,12.466607093811035,82700,0.0,0.0,0.0
2022-04-05 00:00:00-04:00,12.449412654943504,12.4666083704034,12.3720343951845,12.3978271484375,116400,0.0,0.0,0.0
2022-04-06 00:00:00-04:00,12.337639996562206,12.380627632141113,12.337639996562206,12.380627632141113,280600,0.0,0.0,0.0
2022-04-07 00:00:00-04:00,12.363433509264656,12.380628400576146,12.320445051080972,12.337640762329102,201300,0.0,0.0,0.0
2022-04-08 00:00:00-04:00,12.303252703593166,12.329045455861637,12.286056988789646,12.294654846191406,110900,0.0,0.0,0.0
2022-04-11 00:00:00-04:00,12.243067887445138,12.260263601357806,12.20867727955657,12.225872993469238,171700,0.0,0.0,0.0
2022-04-12 00:00:00-04:00,12.260263767273404,12.31184926983597,12.260263767273404,12.286056518554688,376300,0.0,0.0,0.0
2022-04-13 00:00:00-04:00,12.303251266479492,12.337641872132638,12.286055553684562,12.303251266479492,184000,0.0,0.0,0.0
2022-04-14 00:00:00-04:00,12.26886018338975,12.26886018338975,12.174285406571393,12.182883262634277,159100,0.0,0.0,0.0
2022-04-18 00:00:00-04:00,12.182886608118725,12.20867936345352,12.157093852783932,12.174288749694824,131800,0.0,0.0,0.0
2022-04-19 00:00:00-04:00,12.131296773552684,12.139894629493211,12.114101881608299,12.122699737548828,140300,0.0,0.0,0.0
2022-04-20 00:00:00-04:00,12.114103317260742,12.157091782121308,12.105505460301275,12.114103317260742,115600,0.0,0.0,0.0
2022-04-21 00:00:00-04:00,12.071113258399937,12.071113258399937,12.002332051680353,12.045320510864258,292500,0.0,0.0,0.0
2022-04-22 00:00:00-04:00,12.036720756384403,12.053916465320201,12.002330158449338,12.028122901916504,231700,0.0,0.0,0.0
2022-04-25 00:00:00-04:00,12.062519526431688,12.1227037178392,12.062519526431688,12.088313102722168,230100,0.0,0.0,0.0
2022-04-26 00:00:00-04:00,12.122702450703848,12.174287958018907,12.105506734974258,12.139897346496582,179500,0.0,0.0,0.0
2022-04-27 00:00:00-04:00,12.122650838464027,12.131272297806897,12.062295689467742,12.079540252685547,119100,0.04,0.0,0.0
2022-04-28 00:00:00-04:00,12.062297604040257,12.131274223327637,12.062297604040257,12.131274223327637,199100,0.0,0.0,0.0
2022-04-29 00:00:00-04:00,12.06230079783367,12.105411401869425,12.053678512573242,12.053678512573242,201100,0.0,0.0,0.0
2022-05-02 00:00:00-04:00,12.027808886753322,12.053674912542904,11.967454552488919,11.984698295593262,190100,0.0,0.0,0.0
2022-05-03 00:00:00-04:00,11.984698295593262,12.027808886753322,11.976076835174158,11.984698295593262,172700,0.0,0.0,0.0
2022-05-04 00:00:00-04:00,11.958830628236425,12.027807235717773,11.950208346734751,12.027807235717773,230500,0.0,0.0,0.0
2022-05-05 00:00:00-04:00,11.976076937090722,11.976076937090722,11.889855754036859,11.924344062805176,139400,0.0,0.0,0.0
2022-05-06 00:00:00-04:00,11.863990057023264,11.915722110477232,11.846745491027832,11.846745491027832,216500,0.0,0.0,0.0
2022-05-09 00:00:00-04:00,11.846742209713586,11.932963371276855,11.846742209713586,11.932963371276855,160600,0.0,0.0,0.0
2022-05-10 00:00:00-04:00,11.950207110229949,11.97607395205849,11.924341090667342,11.932963371276855,128800,0.0,0.0,0.0
2022-05-11 00:00:00-04:00,11.898475910622423,11.95020795339768,11.881231348186674,11.9415864944458,150400,0.0,0.0,0.0
2022-05-12 00:00:00-04:00,11.967456342777476,12.01918840209557,11.958834058802374,11.993322372436523,228800,0.0,0.0,0.0
2022-05-13 00:00:00-04:00,11.984698295593262,12.001942860963739,11.967454552488919,11.984698295593262,188300,0.0,0.0,0.0
2022-05-16 00:00:00-04:00,11.9933190437431,12.036429629387195,11.9933190437431,12.019185066223145,122100,0.0,0.0,0.0
2022-05-17 00:00:00-04:00,11.976076937090722,11.976076937090722,11.91572178004656,11.924344062805176,138100,0.0,0.0,0.0
2022-05-18 00:00:00-04:00,11.889858131789916,11.958834763120608,11.889858131789916,11.950212478637695,135100,0.0,0.0,0.0
2022-05-19 00:00:00-04:00,12.019185066223145,12.036429629387195,11.9933190437431,12.019185066223145,176100,0.0,0.0,0.0
2022-05-20 00:00:00-04:00,12.00194644554344,12.053678512573242,12.00194644554344,12.053678512573242,89300,0.0,0.0,0.0
2022-05-24 00:00:00-04:00,12.045051948515969,12.114028556855125,12.045051948515969,12.079540252685547,131100,0.0,0.0,0.0
2022-05-25 00:00:00-04:00,12.10540748888633,12.131273514040231,12.088163746205769,12.122652053833008,104200,0.0,0.0,0.0
2022-05-26 00:00:00-04:00,12.122653235145167,12.122653235145167,12.088164924157159,12.105408668518066,104000,0.0,0.0,0.0
2022-05-27 00:00:00-04:00,12.11405369312413,12.148640536642631,12.105406776090657,12.131346702575684,98500,0.04,0.0,0.0
2022-05-30 00:00:00-04:00,12.079466834716381,12.105406761169434,12.079466834716381,12.105406761169434,112600,0.0,0.0,0.0
2022-05-31 00:00:00-04:00,12.053524017333984,12.062170932874475,12.027584095327764,12.053524017333984,150900,0.0,0.0,0.0
2022-06-01 00:00:00-04:00,12.044881715907936,12.044881715907936,11.98435411269687,12.00164794921875,94900,0.0,0.0,0.0
2022-06-02 00:00:00-04:00,12.010291986922464,12.010291986922464,11.967058230602493,11.97570514678955,75100,0.0,0.0,0.0
2022-06-03 00:00:00-04:00,11.932473135102681,11.941120052553993,11.915179300200055,11.923826217651367,85900,0.0,0.0,0.0
2022-06-06 00:00:00-04:00,11.889241106167322,11.89788802487954,11.820067405700684,11.820067405700684,116100,0.0,0.0,0.0
2022-06-07 00:00:00-04:00,11.811417579650879,11.83735750478696,11.802770663067067,11.811417579650879,96900,0.0,0.0,0.0
2022-06-08 00:00:00-04:00,11.785480489236654,11.785480489236654,11.750893639197704,11.759540557861328,119400,0.0,0.0,0.0
2022-06-09 00:00:00-04:00,11.72495457560143,11.768187522888184,11.72495457560143,11.768187522888184,215100,0.0,0.0,0.0
2022-06-10 00:00:00-04:00,11.776833363231464,11.776833363231464,11.673072814941406,11.673072814941406,211000,0.0,0.0,0.0
2022-06-13 00:00:00-04:00,11.603898850855359,11.61254576916911,11.534725153576398,11.552018165588379,147500,0.0,0.0,0.0
2022-06-14 00:00:00-04:00,11.552017124164356,11.560664041698578,11.456903505134235,11.465550422668457,156700,0.0,0.0,0.0
2022-06-15 00:00:00-04:00,11.534722376980595,11.552015384829867,11.45690178012057,11.54336929321289,267400,0.0,0.0,0.0
2022-06-16 00:00:00-04:00,11.491492480814163,11.621192969408092,11.491492480814163,11.603899955749512,221900,0.0,0.0,0.0
2022-06-17 00:00:00-04:00,11.612544059753418,11.65577699572706,11.577957216205267,11.612544059753418,151300,0.0,0.0,0.0
2022-06-20 00:00:00-04:00,11.595252944764395,11.612546782901582,11.5866060256958,11.5866060256958,37300,0.0,0.0,0.0
2022-06-21 00:00:00-04:00,11.560662301062163,11.595249141376028,11.54336929321289,11.54336929321289,65900,0.0,0.0,0.0
2022-06-22 00:00:00-04:00,11.595253036612425,11.62983988854518,11.595253036612425,11.603899955749512,69700,0.0,0.0,0.0
2022-06-23 00:00:00-04:00,11.690367698669434,11.742247565151796,11.690367698669434,11.690367698669434,106700,0.0,0.0,0.0
2022-06-24 00:00:00-04:00,11.690364756505035,11.742244609930571,11.681717839395645,11.699010848999023,108900,0.0,0.0,0.0
2022-06-27 00:00:00-04:00,11.64713191986084,11.716305612994606,11.638485002065252,11.64713191986084,258600,0.0,0.0,0.0
2022-06-28 00:00:00-04:00,11.629790377447115,11.673152923583984,11.612445855235432,11.673152923583984,346600,0.04,0.0,0.0
2022-06-29 00:00:00-04:00,11.681820012474194,11.751199722290039,11.67314734197937,11.751199722290039,168300,0.0,0.0,0.0
2022-06-30 00:00:00-04:00,11.75987818982031,11.794568061828613,11.73386016551024,11.794568061828613,87900,0.0,0.0,0.0
2022-07-04 00:00:00-04:00,11.785890667302859,11.837925040941833,11.785890667302859,11.829253196716309,90700,0.0,0.0,0.0
2022-07-05 00:00:00-04:00,11.86394314485517,11.924650190251766,11.855270473492382,11.898633003234863,172800,0.0,0.0,0.0
2022-07-06 00:00:00-04:00,11.907303753252188,11.92464909438374,11.81190685824282,11.820579528808594,62500,0.0,0.0,0.0
2022-07-07 00:00:00-04:00,11.829253067623121,11.83792491175401,11.785890538682889,11.803235054016113,85700,0.0,0.0,0.0
2022-07-08 00:00:00-04:00,11.777219732310352,11.785892404885937,11.725185350999997,11.74252986907959,151700,0.0,0.0,0.0
2022-07-11 00:00:00-04:00,11.777217864990234,11.811907722720795,11.76854519378973,11.777217864990234,73000,0.0,0.0,0.0
2022-07-12 00:00:00-04:00,11.82925219937437,11.85526938400031,11.820579528808594,11.820579528808594,125200,0.0,0.0,0.0
2022-07-13 00:00:00-04:00,11.811905911748159,11.846595764160156,11.751198876794993,11.846595764160156,106700,0.0,0.0,0.0
2022-07-14 00:00:00-04:00,11.811905911748159,11.846595764160156,11.78588872920699,11.846595764160156,661700,0.0,0.0,0.0
2022-07-15 00:00:00-04:00,11.863945003191644,11.915979385375977,11.85527233047039,11.915979385375977,220300,0.0,0.0,0.0
2022-07-18 00:00:00-04:00,11.88128857064864,11.89863391470292,11.85527138163875,11.889961242675781,75300,0.0,0.0,0.0
2022-07-19 00:00:00-04:00,11.89863391470292,11.907305759658533,11.86394405366589,11.889961242675781,152100,0.0,0.0,0.0
2022-07-20 00:00:00-04:00,11.933323733348846,11.933323733348846,11.863944011521244,11.881288528442383,126400,0.0,0.0,0.0
2022-07-21 00:00:00-04:00,11.915973865420586,12.011371567019156,11.915973865420586,12.00269889831543,107300,0.0,0.0,0.0
2022-07-22 00:00:00-04:00,12.072087357469279,12.115449905395508,12.072087357469279,12.115449905395508,129300,0.0,0.0,0.0
2022-07-25 00:00:00-04:00,12.072084468189352,12.080757141113281,12.054739122341497,12.080757141113281,61200,0.0,0.0,0.0
2022-07-26 00:00:00-04:00,12.150135910587542,12.15880858282639,12.098100704225995,12.106773376464844,69200,0.0,0.0,0.0
2022-07-27 00:00:00-04:00,12.106774989427386,12.176354089296073,12.106774989427386,12.12416934967041,217100,0.04,0.0,0.0
2022-07-28 00:00:00-04:00,12.228534328622464,12.26332386575369,12.202441553688049,12.254626274108887,389700,0.0,0.0,0.0
2022-07-29 00:00:00-04:00,12.228534328622464,12.289415811240113,12.219836736977658,12.254626274108887,231400,0.0,0.0,0.0
2022-08-02 00:00:00-04:00,12.315508753353113,12.315508753353113,12.176350593566895,12.176350593566895,163900,0.0,0.0,0.0
2022-08-03 00:00:00-04:00,12.132862348017586,12.193744659423828,12.08937521971255,12.193744659423828,135000,0.0,0.0,0.0
2022-08-04 00:00:00-04:00,12.211141586303711,12.219839179687138,12.176352042218156,12.211141586303711,145000,0.0,0.0,0.0
2022-08-05 00:00:00-04:00,12.15025976400911,12.158956527709961,12.106772627712312,12.158956527709961,142600,0.0,0.0,0.0
2022-08-08 00:00:00-04:00,12.167655775691705,12.202445323570984,12.167655775691705,12.185050964355469,115800,0.0,0.0,0.0
2022-08-09 00:00:00-04:00,12.193747772463148,12.193747772463148,12.150260633055934,12.167654991149902,81500,0.0,0.0,0.0
2022-08-10 00:00:00-04:00,12.228536689393248,12.263326233240745,12.202443909421513,12.219839096069336,91300,0.0,0.0,0.0
2022-08-11 00:00:00-04:00,12.237230616873635,12.237230616873635,12.115467656354191,12.141559600830078,210900,0.0,0.0,0.0
2022-08-12 00:00:00-04:00,12.167654991149902,12.167654991149902,12.115471087419802,12.167654991149902,104900,0.0,0.0,0.0
2022-08-15 00:00:00-04:00,12.185050178692066,12.219839724328198,12.167654991149902,12.167654991149902,75400,0.0,0.0,0.0
2022-08-16 00:00:00-04:00,12.141559600830078,12.150257192138026,12.098072473738293,12.141559600830078,101000,0.0,0.0,0.0
2022-08-17 00:00:00-04:00,12.09807690510167,12.09807690510167,12.063287356574891,12.08937931060791,135800,0.0,0.0,0.0
2022-08-18 00:00:00-04:00,12.071982383728027,12.09807433221209,12.063284791083978,12.071982383728027,133200,0.0,0.0,0.0
2022-08-19 00:00:00-04:00,12.019795255504716,12.037190437316895,12.00240090314046,12.037190437316895,97000,0.0,0.0,0.0
2022-08-22 00:00:00-04:00,11.993704375948646,11.993704375948646,11.941519655331804,11.950217247009277,113300,0.0,0.0,0.0
2022-08-23 00:00:00-04:00,11.924127495223322,11.9763122254411,11.898035544838509,11.932825088500977,79200,0.0,0.0,0.0
2022-08-24 00:00:00-04:00,11.915427289551905,11.932822472293413,11.88933534488761,11.906729698181152,62000,0.0,0.0,0.0
2022-08-25 00:00:00-04:00,11.906732801547816,11.967615127563477,11.889338443720616,11.967615127563477,198200,0.0,0.0,0.0
2022-08-26 00:00:00-04:00,11.94152243040047,11.976312805195233,11.924128072451277,11.958917617797852,168600,0.0,0.0,0.0
2022-08-29 00:00:00-04:00,11.924028396606445,11.932751367527738,11.897860315710862,11.924028396606445,82600,0.04,0.0,0.0
2022-08-30 00:00:00-04:00,11.924026945676284,11.950195023387703,11.906581005956541,11.941472053527832,160800,0.0,0.0,0.0
2022-08-31 00:00:00-04:00,11.941471972321814,11.950194942122366,11.906580924987793,11.906580924987793,104400,0.0,0.0,0.0
2022-09-01 00:00:00-04:00,11.845521262772882,11.862967201582586,11.819353186426474,11.854244232177734,133600,0.0,0.0,0.0
2022-09-02 00:00:00-04:00,11.889134697036969,11.93274871006214,11.889134697036969,11.897857666015625,171700,0.0,0.0,0.0
2022-09-06 00:00:00-04:00,11.854243483629546,11.880411558323544,11.801906502373452,11.828075408935547,86300,0.0,0.0,0.0
2022-09-07 00:00:00-04:00,11.854246880575845,11.889137934122235,11.836800937868482,11.880414962768555,143500,0.0,0.0,0.0
2022-09-08 00:00:00-04:00,11.854244815642634,11.862967785476831,11.810630798339844,11.810630798339844,131700,0.0,0.0,0.0
2022-09-09 00:00:00-04:00,11.862965381038602,11.897856421435327,11.854242412972416,11.88913345336914,181100,0.0,0.0,0.0
2022-09-12 00:00:00-04:00,11.89785679411738,11.906578930588754,11.854242784288328,11.871687889099121,138500,0.0,0.0,0.0
2022-09-13 00:00:00-04:00,11.83679630029322,11.83679630029322,11.793183124348824,11.819351196289062,215900,0.0,0.0,0.0
2022-09-14 00:00:00-04:00,11.828076155831328,11.862967201582586,11.810630217021622,11.854244232177734,172300,0.0,0.0,0.0
2022-09-15 00:00:00-04:00,11.862965752627748,11.880410857438541,11.84551981594891,11.871687889099121,132800,0.0,0.0,0.0
2022-09-16 00:00:00-04:00,11.83679684760949,11.880410857438541,11.83679684760949,11.871687889099121,115800,0.0,0.0,0.0
2022-09-19 00:00:00-04:00,11.845523909222164,11.889137934122235,11.845523909222164,11.880414962768555,98700,0.0,0.0,0.0
2022-09-20 00:00:00-04:00,11.880411728058313,11.915302772104829,11.862966621969107,11.897857666015625,116300,0.0,0.0,0.0
2022-09-21 00:00:00-04:00,11.932751896612867,11.976365089416504,11.90658298268869,11.976365089416504,184800,0.0,0.0,0.0
2022-09-22 00:00:00-04:00,11.924026864588896,11.932749834389448,11.880412847454325,11.906580924987793,145900,0.0,0.0,0.0
2022-09-23 00:00:00-04:00,11.976360434625231,11.976360434625231,11.915301322937012,11.915301322937012,401000,0.0,0.0,0.0
2022-09-26 00:00:00-04:00,11.9065772180402,11.9065772180402,11.82807300988099,11.845518112182617,197500,0.0,0.0,0.0
2022-09-27 00:00:00-04:00,11.819353604946985,11.819353604946985,11.732125571546035,11.740848541259766,197000,0.0,0.0,0.0
2022-09-28 00:00:00-04:00,11.819585920065654,11.93332000564827,11.810836951709867,11.92457103729248,141700,0.04,0.0,0.0
2022-09-29 00:00:00-04:00,11.880828861325789,11.915823905795987,11.81958774208986,11.854582786560059,279000,0.0,0.0,0.0
2022-09-30 00:00:00-04:00,11.880828865247027,11.889577834954382,11.828336715698242,11.828336715698242,93400,0.0,0.0,0.0
2022-10-03 00:00:00-04:00,11.880829741291564,11.907075818001235,11.828337587872218,11.837085723876953,230800,0.0,0.0,0.0
2022-10-04 00:00:00-04:00,11.880830727670629,11.898328669828295,11.845835677703104,11.872081756591797,380800,0.0,0.0,0.0
2022-10-05 00:00:00-04:00,11.828334647669415,11.828334647669415,11.740846634587337,11.76709270477295,425800,0.0,0.0,0.0
2022-10-06 00:00:00-04:00,11.740845598690976,11.740845598690976,11.688352628603687,11.723347663879395,423700,0.0,0.0,0.0
2022-10-07 00:00:00-04:00,11.697102545831216,11.697102545831216,11.653358539597638,11.670856475830078,87500,0.0,0.0,0.0
2022-10-11 00:00:00-04:00,11.644612199353809,11.65336033446991,11.592119216918945,11.592119216918945,346700,0.0,0.0,0.0
2022-10-12 00:00:00-04:00,11.583372227746574,11.653362326726787,11.565875120175418,11.609619140625,217400,0.0,0.0,0.0
2022-10-13 00:00:00-04:00,11.539628207296992,11.653362326726787,11.539628207296992,11.609619140625,111100,0.0,0.0,0.0
2022-10-14 00:00:00-04:00,11.618368094626902,11.627117066201896,11.539629019147663,11.548377990722656,137400,0.0,0.0,0.0
2022-10-17 00:00:00-04:00,11.60961516506692,11.627112266646428,11.57461929321289,11.57461929321289,174400,0.0,0.0,0.0
2022-10-18 00:00:00-04:00,11.618366274027212,11.653361320495605,11.592120197762846,11.653361320495605,145000,0.0,0.0,0.0
2022-10-19 00:00:00-04:00,11.565875842330415,11.574623979488317,11.46963882446289,11.46963882446289,160000,0.0,0.0,0.0
2022-10-20 00:00:00-04:00,11.45213599106265,11.478382058112063,11.373396955566982,11.390894889831543,170300,0.0,0.0,0.0
2022-10-21 00:00:00-04:00,11.338400978074159,11.417140007019043,11.329652011669758,11.417140007019043,116900,0.0,0.0,0.0
2022-10-24 00:00:00-04:00,11.408393028361731,11.460886001586914,11.408393028361731,11.460886001586914,251600,0.0,0.0,0.0
2022-10-25 00:00:00-04:00,11.478385007485503,11.51338005065918,11.478385007485503,11.51338005065918,281200,0.0,0.0,0.0
2022-10-26 00:00:00-04:00,11.548371502007083,11.68835163116455,11.548371502007083,11.68835163116455,173400,0.0,0.0,0.0
2022-10-27 00:00:00-04:00,11.714683375499417,11.767333167718876,11.697132886857359,11.749783515930176,304200,0.04,0.0,0.0
2022-10-28 00:00:00-04:00,11.723455279357552,11.767330654739508,11.723455279357552,11.75855541229248,301500,0.0,0.0,0.0
2022-10-31 00:00:00-04:00,11.767328876683523,11.767328876683523,11.714679103663157,11.74100399017334,178000,0.0,0.0,0.0
2022-11-01 00:00:00-04:00,11.802433638607056,11.811208883173785,11.749783844913452,11.776108741760254,115100,0.0,0.0,0.0
2022-11-02 00:00:00-04:00,11.75855712395601,11.784882855129261,11.697132091591692,11.714682579040527,252100,0.0,0.0,0.0
2022-11-03 00:00:00-04:00,11.662028928017717,11.679579410913355,11.626928799079524,11.635704040527344,386500,0.0,0.0,0.0
2022-11-04 00:00:00-04:00,11.56550407409668,11.609378608735225,11.547953590758777,11.56550407409668,280900,0.0,0.0,0.0
2022-11-07 00:00:00-05:00,11.54795726933069,11.574282165870166,11.460207335247977,11.468981742858887,246800,0.0,0.0,0.0
2022-11-08 00:00:00-05:00,11.477753331113377,11.574278478912525,11.477753331113377,11.56550407409668,205500,0.0,0.0,0.0
2022-11-09 00:00:00-05:00,11.556730586509584,11.600605964660645,11.547955343508725,11.600605964660645,232400,0.0,0.0,0.0
2022-11-10 00:00:00-05:00,11.714681190285713,11.837531240450692,11.714681190285713,11.802431106567383,195400,0.0,0.0,0.0
2022-11-11 00:00:00-05:00,11.811205247365109,11.837530136108398,11.811205247365109,11.837530136108398,135200,0.0,0.0,0.0
2022-11-14 00:00:00-05:00,11.81120442640804,11.837529313321575,11.802429185152507,11.819979667663574,131500,0.0,0.0,0.0
2022-11-15 00:00:00-05:00,11.837532977632346,11.872633116666671,11.811208082569935,11.855083465576172,393800,0.0,0.0,0.0
2022-11-16 00:00:00-05:00,11.890183759488663,11.934059143066406,11.86385886408335,11.934059143066406,319400,0.0,0.0,0.0
2022-11-17 00:00:00-05:00,11.872633447190044,11.88140869140625,11.84630855139477,11.88140869140625,265800,0.0,0.0,0.0
2022-11-18 00:00:00-05:00,11.863858709548083,11.890183604610495,11.846308221604259,11.855083465576172,238000,0.0,0.0,0.0
2022-11-21 00:00:00-05:00,11.898955697743935,11.925280585835527,11.872629972799238,11.907730102539062,260900,0.0,0.0,0.0
2022-11-22 00:00:00-05:00,11.942831491213324,11.977931624653174,11.942831491213324,11.969157218933105,150900,0.0,0.0,0.0
2022-11-23 00:00:00-05:00,11.986707866993667,12.04813289642334,11.977932623688496,12.04813289642334,370600,0.0,0.0,0.0
2022-11-24 00:00:00-05:00,12.074458608160123,12.09200825789078,12.065683364868164,12.065683364868164,111200,0.0,0.0,0.0
2022-11-25 00:00:00-05:00,12.039361166023506,12.100786209106445,12.039361166023506,12.100786209106445,139200,0.0,0.0,0.0
2022-11-28 00:00:00-05:00,12.07438335564533,12.083183288574219,12.047981038995164,12.083183288574219,376500,0.04,0.0,0.0
2022-11-29 00:00:00-05:00,12.030373573303223,12.039174340574297,12.003972110777363,12.030373573303223,256400,0.0,0.0,0.0
2022-11-30 00:00:00-05:00,11.986374425572125,12.056778907775879,11.951172184470247,12.056778907775879,278000,0.0,0.0,0.0
2022-12-01 00:00:00-05:00,12.109580629419057,12.20638656616211,12.091979092218054,12.20638656616211,426800,0.0,0.0,0.0
2022-12-02 00:00:00-05:00,12.144785917704322,12.259193420410156,12.109583673740042,12.259193420410156,236100,0.0,0.0,0.0
2022-12-05 00:00:00-05:00,12.206389691447084,12.215190462300907,12.17998821817332,12.197588920593262,381000,0.0,0.0,0.0
2022-12-06 00:00:00-05:00,12.223991176445876,12.259193420410156,12.206389634819887,12.259193420410156,221300,0.0,0.0,0.0
2022-12-07 00:00:00-05:00,12.303193995963094,12.311994765631615,12.215188817140646,12.276792526245117,303300,0.0,0.0,0.0
2022-12-08 00:00:00-05:00,12.223990488478634,12.267992661491764,12.215189718160948,12.250391960144043,295600,0.0,0.0,0.0
2022-12-09 00:00:00-05:00,12.22398974988847,12.232789680386803,12.197587440530675,12.215188980102539,175100,0.0,0.0,0.0
2022-12-12 00:00:00-05:00,12.250391385046983,12.250391385046983,12.153585433959961,12.153585433959961,265000,0.0,0.0,0.0
2022-12-13 00:00:00-05:00,12.241593626378464,12.259195170517227,12.197590605319373,12.232792854309082,382200,0.0,0.0,0.0
2022-12-14 00:00:00-05:00,12.23279041950867,12.259192730461729,12.20638894784326,12.250391960144043,256200,0.0,0.0,0.0
2022-12-15 00:00:00-05:00,12.259193420410156,12.267993351935452,12.206389634819887,12.259193420410156,326600,0.0,0.0,0.0
2022-12-16 00:00:00-05:00,12.20638894784326,12.259192730461729,12.197588177525574,12.250391960144043,334800,0.0,0.0,0.0
2022-12-19 00:00:00-05:00,12.179986904385947,12.206388374811933,12.153585433959961,12.153585433959961,181800,0.0,0.0,0.0
2022-12-20 00:00:00-05:00,12.065579151246224,12.100781390811626,12.065579151246224,12.074379920959473,293000,0.0,0.0,0.0
2022-12-21 00:00:00-05:00,12.11838515547958,12.135985858850416,12.083182070162406,12.0919828414917,304500,0.0,0.0,0.0
2022-12-22 00:00:00-05:00,12.065577453380598,12.083178151042736,12.030375218768846,12.039175987243652,216700,0.0,0.0,0.0
2022-12-23 00:00:00-05:00,11.9775721786806,12.030375953466704,11.968772248955855,11.986372947692871,431800,0.0,0.0,0.0
2022-12-28 00:00:00-05:00,11.924588509534907,11.933415201792256,11.853976654995519,11.862802505493164,226200,0.04,0.0,0.0
2022-12-29 00:00:00-05:00,11.862803505788396,11.915762822038424,11.862803505788396,11.898109436035156,69400,0.0,0.0,0.0
2022-12-30 00:00:00-05:00,11.853976300349087,11.8892822265625,11.845149608355815,11.8892822265625,83200,0.0,0.0,0.0
2023-01-03 00:00:00-05:00,11.933417320251465,11.951069866140196,11.889284692889854,11.933417320251465,170600,0.0,0.0,0.0
2023-01-04 00:00:00-05:00,11.995201110839844,11.995201110839844,11.968721874179025,11.995201110839844,189900,0.0,0.0,0.0
2023-01-05 00:00:00-05:00,11.942244167114765,11.977550103593098,11.933418314315125,11.968724250793457,209200,0.0,0.0,0.0
2023-01-06 00:00:00-05:00,11.933417449098922,12.048161103014225,11.933417449098922,12.039335250854492,210100,0.0,0.0,0.0
2023-01-09 00:00:00-05:00,12.0216803626101,12.05698629212215,12.004027818733954,12.0481595993042,233400,0.0,0.0,0.0
2023-01-10 00:00:00-05:00,11.995202623016372,12.039335250854492,11.986375929096775,12.039335250854492,200500,0.0,0.0,0.0
2023-01-11 00:00:00-05:00,12.048160641581187,12.118772506713867,12.048160641581187,12.118772506713867,222600,0.0,0.0,0.0
2023-01-12 00:00:00-05:00,12.136424243350687,12.224689483642578,12.09229162320474,12.224689483642578,162300,0.0,0.0,0.0
2023-01-13 00:00:00-05:00,12.21586414815191,12.242343386476803,12.198210761428777,12.233516693115234,205200,0.0,0.0,0.0
2023-01-16 00:00:00-05:00,12.242342075677286,12.259995460510254,12.233515383260801,12.259995460510254,124400,0.0,0.0,0.0
2023-01-17 00:00:00-05:00,12.233514866949685,12.259994943081555,12.22468901666541,12.251168251037598,271200,0.0,0.0,0.0
2023-01-18 00:00:00-05:00,12.33060694694411,12.357086181640625,12.31295356263997,12.357086181640625,234100,0.0,0.0,0.0
2023-01-19 00:00:00-05:00,12.321781126251022,12.339433670043945,12.286475196905421,12.339433670043945,198700,0.0,0.0,0.0
2023-01-20 00:00:00-05:00,12.259995460510254,12.268821311167018,12.233515383260801,12.259995460510254,233000,0.0,0.0,0.0
2023-01-23 00:00:00-05:00,12.20703411102295,12.233513342094614,12.198207420079202,12.20703411102295,183900,0.0,0.0,0.0
2023-01-24 00:00:00-05:00,12.215862324621455,12.251168251037598,12.18055639820531,12.251168251037598,175700,0.0,0.0,0.0
2023-01-25 00:00:00-05:00,12.251171632157543,12.312956809997559,12.224692390477525,12.312956809997559,183200,0.0,0.0,0.0
2023-01-26 00:00:00-05:00,12.277650833129883,12.304130074722107,12.242344897086946,12.277650833129883,267200,0.0,0.0,0.0
2023-01-27 00:00:00-05:00,12.233386709670043,12.251091003417969,12.215683260109307,12.251091003417969,383000,0.04,0.0,0.0
2023-01-30 00:00:00-05:00,12.233390108246354,12.233390108246354,12.215686653767394,12.224538803100586,161800,0.0,0.0,0.0
2023-01-31 00:00:00-05:00,12.251094406912738,12.251094406912738,12.189131049955243,12.224538803100586,199700,0.0,0.0,0.0
2023-02-01 00:00:00-05:00,12.286500119970288,12.304203571509714,12.224536773301375,12.277647972106934,223900,0.0,0.0,0.0
2023-02-02 00:00:00-05:00,12.313056802163866,12.330761099447463,12.295353349067629,12.321908950805664,297000,0.0,0.0,0.0
2023-02-03 00:00:00-05:00,12.251091145389632,12.259943292366177,12.2068312546941,12.242238998413086,172300,0.0,0.0,0.0
2023-02-06 00:00:00-05:00,12.180281932162147,12.180281932162147,12.1360220186678,12.162577629089355,303100,0.0,0.0,0.0
2023-02-07 00:00:00-05:00,12.127165794372559,12.162573544439253,12.100610192869373,12.127165794372559,194400,0.0,0.0,0.0
2023-02-08 00:00:00-05:00,12.136019019862578,12.171426773071289,12.109463416002901,12.171426773071289,131700,0.0,0.0,0.0
2023-02-09 00:00:00-05:00,12.215685591632973,12.215685591632973,12.118313645809046,12.127165794372559,193800,0.0,0.0,0.0
2023-02-10 00:00:00-05:00,12.082905751914067,12.082905751914067,12.020942401081765,12.038646697998047,175400,0.0,0.0,0.0
2023-02-13 00:00:00-05:00,12.047497876710938,12.091757774353027,12.047497876710938,12.091757774353027,191900,0.0,0.0,0.0
2023-02-14 00:00:00-05:00,12.065199715591056,12.074051862153635,11.994384231464762,12.020939826965332,253700,0.0,0.0,0.0
2023-02-15 00:00:00-05:00,12.003239506790925,12.003239506790925,11.932423160018486,11.958979606628418,302700,0.0,0.0,0.0
2023-02-16 00:00:00-05:00,11.941275452646988,11.958979750600081,11.914719849904738,11.950127601623535,233900,0.0,0.0,0.0
2023-02-17 00:00:00-05:00,11.932422621333988,11.98553466796875,11.932422621333988,11.98553466796875,348200,0.0,0.0,0.0
2023-02-21 00:00:00-05:00,11.888162086328723,11.897013389509036,11.852754341045761,11.861605644226074,197200,0.0,0.0,0.0
2023-02-22 00:00:00-05:00,11.852756515013212,11.905867720585402,11.852756515013212,11.897015571594238,190100,0.0,0.0,0.0
2023-02-23 00:00:00-05:00,11.888164104043359,11.958979606628418,11.888164104043359,11.958979606628418,275200,0.0,0.0,0.0
2023-02-24 00:00:00-05:00,11.896829198790323,11.914586067199707,11.870194742870337,11.914586067199707,168500,0.04,0.0,0.0
2023-02-27 00:00:00-05:00,11.914588411436654,11.932344436645508,11.905709975485099,11.932344436645508,111800,0.0,0.0,0.0
2023-02-28 00:00:00-05:00,11.905708376690937,11.98561259613624,11.89682994193165,11.976734161376953,333600,0.0,0.0,0.0
2023-03-01 00:00:00-05:00,11.95897766602526,11.95897766602526,11.905707906268491,11.92346477508545,181000,0.0,0.0,0.0
2023-03-02 00:00:00-05:00,11.861316001145124,11.879072869094136,11.852438413864682,11.870194435119629,163000,0.0,0.0,0.0
2023-03-03 00:00:00-05:00,11.941220186697706,12.003368377685547,11.932341752743149,12.003368377685547,194200,0.0,0.0,0.0
2023-03-06 00:00:00-05:00,12.021125762414966,12.021125762414966,11.967855999339479,11.985612869262695,154300,0.0,0.0,0.0
2023-03-07 00:00:00-05:00,11.99448994373099,12.012245964946041,11.958977054606821,12.003368377685547,174900,0.0,0.0,0.0
2023-03-08 00:00:00-05:00,12.021125552041074,12.07439531418432,12.01224711723484,12.047760009765625,201200,0.0,0.0,0.0
2023-03-09 00:00:00-05:00,12.065516942426836,12.118785858154297,12.047760072721584,12.118785858154297,332800,0.0,0.0,0.0
2023-03-10 00:00:00-05:00,12.163177822043236,12.251960481825893,12.163177822043236,12.243082046508789,149500,0.0,0.0,0.0
2023-03-13 00:00:00-04:00,12.402891595639721,12.43840449336412,12.367378697915322,12.420647621154785,240700,0.0,0.0,0.0
2023-03-14 00:00:00-04:00,12.376256480528552,12.376256480528552,12.287474658178736,12.32298755645752,204100,0.0,0.0,0.0
2023-03-15 00:00:00-04:00,12.420645924156334,12.447281228831226,12.296351222450111,12.358498573303223,293400,0.0,0.0,0.0
2023-03-16 00:00:00-04:00,12.411768084062803,12.411768084062803,12.234203611191685,12.243082046508789,261300,0.0,0.0,0.0
2023-03-17 00:00:00-04:00,12.29635054567905,12.394010784029472,12.287472111276074,12.367376327514648,189400,0.0,0.0,0.0
2023-03-20 00:00:00-04:00,12.376253848237974,12.376253848237974,12.269715176061208,12.296350479125977,150200,0.0,0.0,0.0
2023-03-21 00:00:00-04:00,12.243082590856565,12.322986818874792,12.234204155144711,12.260839462280273,243800,0.0,0.0,0.0
2023-03-22 00:00:00-04:00,12.251958982905123,12.402888978054147,12.243080548674216,12.394010543823242,151900,0.0,0.0,0.0
2023-03-23 00:00:00-04:00,12.322985002193873,12.376253915223518,12.322985002193873,12.367376327514648,301100,0.0,0.0,0.0
2023-03-24 00:00:00-04:00,12.394010784029472,12.411766806141317,12.34074102430572,12.367376327514648,216900,0.0,0.0,0.0
2023-03-27 00:00:00-04:00,12.296351811717221,12.314107835657236,12.225326022568774,12.243082046508789,181500,0.0,0.0,0.0
2023-03-28 00:00:00-04:00,12.207570758262714,12.207570758262714,12.17205785901554,12.198692321777344,74900,0.0,0.0,0.0
2023-03-29 00:00:00-04:00,12.189787207233625,12.234308149823896,12.189787207233625,12.216500282287598,101100,0.04,0.0,0.0
2023-03-30 00:00:00-04:00,12.207595918177669,12.243212502399814,12.207595918177669,12.225403785705566,142400,0.0,0.0,0.0
2023-03-31 00:00:00-04:00,12.216500571899127,12.261021515544837,12.216500571899127,12.252117156982422,194300,0.0,0.0,0.0
2023-04-03 00:00:00-04:00,12.225401618578655,12.31444348793325,12.207593754207455,12.30553913116455,165600,0.0,0.0,0.0
2023-04-04 00:00:00-04:00,12.261017546303096,12.367867266962671,12.243208834943452,12.350058555603027,257700,0.0,0.0,0.0
2023-04-05 00:00:00-04:00,12.341156005859375,12.376772584624499,12.323348141059924,12.341156005859375,426500,0.0,0.0,0.0
2023-04-06 00:00:00-04:00,12.33225364944199,12.358965873718262,12.31444493381361,12.358965873718262,147700,0.0,0.0,0.0
2023-04-10 00:00:00-04:00,12.287730973554186,12.287730973554186,12.243210039939353,12.261018753051758,117900,0.0,0.0,0.0
2023-04-11 00:00:00-04:00,12.269925024940884,12.269925024940884,12.216500571899127,12.252117156982422,166200,0.0,0.0,0.0
2023-04-12 00:00:00-04:00,12.305541702844625,12.305541702844625,12.225404173511144,12.269925117492676,187600,0.0,0.0,0.0
2023-04-13 00:00:00-04:00,12.27882908662196,12.27882908662196,12.216500276524792,12.225403785705566,304700,0.0,0.0,0.0
2023-04-14 00:00:00-04:00,12.2075917077411,12.216496063017084,12.136358563865343,12.171975135803223,193800,0.0,0.0,0.0
2023-04-17 00:00:00-04:00,12.145263570536272,12.145263570536272,12.118550503275602,12.136359214782715,88100,0.0,0.0,0.0
2023-04-18 00:00:00-04:00,12.127456864771162,12.180882158962332,12.127456864771162,12.145265579223633,148700,0.0,0.0,0.0
2023-04-19 00:00:00-04:00,12.136360365432413,12.16307258605957,12.136360365432413,12.16307258605957,136500,0.0,0.0,0.0
2023-04-20 00:00:00-04:00,12.198691559830545,12.225403785705566,12.189787201483421,12.225403785705566,110100,0.0,0.0,0.0
2023-04-21 00:00:00-04:00,12.287733742065715,12.287733742065715,12.20759621333671,12.252117156982422,295300,0.0,0.0,0.0
2023-04-24 00:00:00-04:00,12.269922356935782,12.28773107018824,12.26101884947574,12.278826713562012,95000,0.0,0.0,0.0
2023-04-25 00:00:00-04:00,12.341156400474942,12.394581694914043,12.332252892373631,12.385677337646484,190900,0.0,0.0,0.0
2023-04-26 00:00:00-04:00,12.36781695827236,12.36781695827236,12.305307558724,12.314237594604492,140200,0.04,0.0,0.0
2023-04-27 00:00:00-04:00,12.278520965914177,12.296381041549024,12.233871628442344,12.242801666259766,93400,0.0,0.0,0.0
2023-04-28 00:00:00-04:00,12.332099535077951,12.376748018015922,12.29638023775844,12.367818832397461,189100,0.0,0.0,0.0
2023-05-01 00:00:00-04:00,12.332100341203436,12.332100341203436,12.233871628442344,12.242801666259766,149900,0.0,0.0,0.0
2023-05-02 00:00:00-04:00,12.260659921102294,12.367818663210157,12.260659921102294,12.358888626098633,183000,0.0,0.0,0.0
2023-05-03 00:00:00-04:00,12.385677743457208,12.412467002868652,12.367818521054646,12.412467002868652,157500,0.0,0.0,0.0
2023-05-04 00:00:00-04:00,12.358886957476749,12.43032554149331,12.358886957476749,12.37674617767334,126900,0.0,0.0,0.0
2023-05-05 00:00:00-04:00,12.287449052955793,12.296379089355469,12.269588980156442,12.296379089355469,148900,0.0,0.0,0.0
2023-05-08 00:00:00-04:00,12.24280340639627,12.269592672040963,12.224943328222873,12.23387336730957,255900,0.0,0.0,0.0
2023-05-09 00:00:00-04:00,12.242800165580046,12.2695894241333,12.242800165580046,12.2695894241333,171900,0.0,0.0,0.0
2023-05-10 00:00:00-04:00,12.287448338578105,12.323167630484987,12.269588266817118,12.314237594604492,148000,0.0,0.0,0.0
2023-05-11 00:00:00-04:00,12.385678055249604,12.385678055249604,12.34102872069641,12.367818832397461,79400,0.0,0.0,0.0
2023-05-12 00:00:00-04:00,12.367819279845566,12.367819279845566,12.32316994367703,12.341029167175293,192100,0.0,0.0,0.0
2023-05-15 00:00:00-04:00,12.28745174407959,12.305310969175217,12.269591667368632,12.28745174407959,104300,0.0,0.0,0.0
2023-05-16 00:00:00-04:00,12.2427993504586,12.2427993504586,12.189219985304211,12.216010093688965,172800,0.0,0.0,0.0
2023-05-17 00:00:00-04:00,12.180288727831122,12.207077980041504,12.171358693222672,12.207077980041504,202300,0.0,0.0,0.0
2023-05-18 00:00:00-04:00,12.135639973074753,12.153499191510615,12.11777990302388,12.126709938049316,211300,0.0,0.0,0.0
2023-05-19 00:00:00-04:00,12.117779533744475,12.189218108540913,12.117779533744475,12.162428855895996,170000,0.0,0.0,0.0
2023-05-23 00:00:00-04:00,12.108855698366895,12.1177848854487,12.064206356496417,12.08206558227539,257200,0.0,0.0,0.0
2023-05-24 00:00:00-04:00,12.099923512839226,12.099923512839226,12.046344141777908,12.064204216003418,190800,0.0,0.0,0.0
2023-05-25 00:00:00-04:00,12.073131761869126,12.073131761869126,12.019552401863715,12.028482437133789,215000,0.0,0.0,0.0
2023-05-26 00:00:00-04:00,12.01062236659364,12.037411620788827,11.992763147668528,12.028482437133789,120300,0.0,0.0,0.0
2023-05-29 00:00:00-04:00,12.05527384026768,12.064203877129597,12.037413766543844,12.046343803405762,88700,0.0,0.0,0.0
2023-05-30 00:00:00-04:00,12.073213565579968,12.100083351135254,12.0642578245428,12.100083351135254,141100,0.04,0.0,0.0
2023-05-31 00:00:00-04:00,12.073209555224263,12.162773769028835,12.073209555224263,12.153817176818848,168000,0.0,0.0,0.0
2023-06-01 00:00:00-04:00,12.171733856201172,12.207559381180326,12.15382066663765,12.171733856201172,250500,0.0,0.0,0.0
2023-06-02 00:00:00-04:00,12.15382046194501,12.15382046194501,12.117994937569224,12.135908126831055,89200,0.0,0.0,0.0
2023-06-05 00:00:00-04:00,12.064259087523565,12.135910148209465,12.055302491400823,12.109041213989258,187200,0.0,0.0,0.0
2023-06-06 00:00:00-04:00,12.091128021743774,12.109041213989258,12.064259087523565,12.109041213989258,188200,0.0,0.0,0.0
2023-06-07 00:00:00-04:00,12.082167951112677,12.117993471153165,11.965734797444146,11.974691390991211,237800,0.0,0.0,0.0
2023-06-08 00:00:00-04:00,11.98364819339961,12.037386047323047,11.98364819339961,12.010517120361328,115700,0.0,0.0,0.0
2023-06-09 00:00:00-04:00,11.992607531108124,12.046345397327217,11.974694339603104,12.037388801574707,152400,0.0,0.0,0.0
2023-06-12 00:00:00-04:00,12.073211777158672,12.073211777158672,12.028430516162562,12.046342849731445,101000,0.0,0.0,0.0
2023-06-13 00:00:00-04:00,12.073210076857722,12.073210076857722,11.947821197090962,11.965733528137207,139500,0.0,0.0,0.0
2023-06-14 00:00:00-04:00,11.992605101874068,12.02843062347927,11.97469191399756,12.019474029541016,123600,0.0,0.0,0.0
2023-06-15 00:00:00-04:00,12.037387099798938,12.073212623596191,12.028431359460523,12.073212623596191,272000,0.0,0.0,0.0
2023-06-16 00:00:00-04:00,12.046343694285218,12.073212623596191,12.019474764974245,12.073212623596191,244100,0.0,0.0,0.0
2023-06-19 00:00:00-04:00,12.019474029541016,12.019474029541016,12.00156084166451,12.019474029541016,88100,0.0,0.0,0.0
2023-06-20 00:00:00-04:00,12.037387099798938,12.091125812568748,12.037387099798938,12.073212623596191,141400,0.0,0.0,0.0
2023-06-21 00:00:00-04:00,12.019473922304218,12.055299443589789,11.983648401018648,12.046342849731445,122300,0.0,0.0,0.0
2023-06-22 00:00:00-04:00,11.974691390991211,12.0105169110317,11.956779058044853,11.974691390991211,273400,0.0,0.0,0.0
2023-06-23 00:00:00-04:00,12.046345397327217,12.073214330436764,12.010519868465162,12.037388801574707,188600,0.0,0.0,0.0
2023-06-26 00:00:00-04:00,12.091125812568748,12.126951336366,12.073212623596191,12.073212623596191,164000,0.0,0.0,0.0
2023-06-27 00:00:00-04:00,12.10904154203497,12.135910476983083,12.064259414356085,12.0911283493042,189000,0.0,0.0,0.0
2023-06-28 00:00:00-04:00,12.127057228143077,12.154006004333496,12.11807401718422,12.154006004333496,57900,0.04,0.0,0.0
2023-06-29 00:00:00-04:00,12.073157557066999,12.073157557066999,12.0372255736737,12.055191993713379,248300,0.0,0.0,0.0
2023-06-30 00:00:00-04:00,12.100107902236749,12.162988662719727,12.091124691686007,12.162988662719727,234600,0.0,0.0,0.0
2023-07-04 00:00:00-04:00,12.118074970393504,12.12705818205898,12.09112619208329,12.109091758728027,133700,0.0,0.0,0.0
2023-07-05 00:00:00-04:00,12.073158663627549,12.08214187447074,12.028244322783864,12.037226676940918,254100,0.0,0.0,0.0
2023-07-06 00:00:00-04:00,11.99231243133545,12.001294785563838,11.96536279859185,11.99231243133545,182400,0.0,0.0,0.0
2023-07-07 00:00:00-04:00,11.93841552734375,11.965364306798035,11.929432315296904,11.93841552734375,181700,0.0,0.0,0.0
2023-07-10 00:00:00-04:00,11.920449158659798,11.974346713945447,11.920449158659798,11.965363502502441,127200,0.0,0.0,0.0
2023-07-11 00:00:00-04:00,11.956381951437443,11.956381951437443,11.929432315296904,11.93841552734375,179700,0.0,0.0,0.0
2023-07-12 00:00:00-04:00,11.983331672500379,12.046212448396748,11.956382890928552,12.028246879577637,126400,0.0,0.0,0.0
2023-07-13 00:00:00-04:00,12.04620853766278,12.082140520322207,12.028242974676088,12.07315731048584,166500,0.0,0.0,0.0
2023-07-14 00:00:00-04:00,12.055191993713379,12.073157557066999,12.02824322033992,12.055191993713379,196100,0.0,0.0,0.0
2023-07-17 00:00:00-04:00,12.028246879577637,12.055195661149464,12.019263666824921,12.028246879577637,199500,0.0,0.0,0.0
2023-07-18 00:00:00-04:00,12.064174801092884,12.09112357356693,12.046208381652832,12.046208381652832,121500,0.0,0.0,0.0
2023-07-19 00:00:00-04:00,12.055193899826868,12.100109100341797,12.046210688386644,12.100109100341797,189800,0.0,0.0,0.0
2023-07-20 00:00:00-04:00,12.046208374259578,12.046208374259578,11.974344409915538,12.001293182373047,188300,0.0,0.0,0.0
2023-07-21 00:00:00-04:00,12.04620988778411,12.064176309470493,12.028244322783864,12.037226676940918,186300,0.0,0.0,0.0
2023-07-24 00:00:00-04:00,12.05519183141971,12.073157394531467,11.983327865600586,11.983327865600586,300600,0.0,0.0,0.0
2023-07-25 00:00:00-04:00,11.956378691031661,11.983327463137238,11.947395481434462,11.974344253540039,138100,0.0,0.0,0.0
2023-07-26 00:00:00-04:00,12.019263666824921,12.028246879577637,11.992314885253094,12.028246879577637,94200,0.0,0.0,0.0
2023-07-27 00:00:00-04:00,11.965174690471562,11.974184817574109,11.89309539215721,11.911115646362305,389400,0.04,0.0,0.0
2023-07-28 00:00:00-04:00,11.929135678912198,12.001214981079102,11.929135678912198,12.001214981079102,392700,0.0,0.0,0.0
2023-07-31 00:00:00-04:00,12.001214590356646,12.028244972229004,11.992205322318894,12.028244972229004,201400,0.0,0.0,0.0
2023-08-01 00:00:00-04:00,11.956164937311529,11.96517420479537,11.911115162880412,11.93814468383789,199400,0.0,0.0,0.0
2023-08-02 00:00:00-04:00,11.911117831661384,11.938147358675044,11.893097574150165,11.929137229919434,365900,0.0,0.0,0.0
2023-08-03 00:00:00-04:00,11.857056149568361,11.857056149568361,11.821016499175418,11.830026626586914,249500,0.0,0.0,0.0
2023-08-04 00:00:00-04:00,11.875076539885246,11.992205619812012,11.875076539885246,11.992205619812012,196500,0.0,0.0,0.0
2023-08-08 00:00:00-04:00,12.028245270616166,12.046264666391718,11.965175237269106,11.992205619812012,98200,0.0,0.0,0.0
2023-08-09 00:00:00-04:00,11.992205619812012,12.010225015587563,11.974185364783407,11.992205619812012,141300,0.0,0.0,0.0
2023-08-10 00:00:00-04:00,11.974187014444313,12.001216541457973,11.920127101163823,11.929137229919434,243700,0.0,0.0,0.0
2023-08-11 00:00:00-04:00,11.875076574325997,11.911116225234675,11.875076574325997,11.893095970153809,95400,0.0,0.0,0.0
2023-08-14 00:00:00-04:00,11.875078201293945,11.89309759959054,11.857057943744179,11.875078201293945,125800,0.0,0.0,0.0
2023-08-15 00:00:00-04:00,11.839035611054506,11.857055004884858,11.812005231429534,11.821015357971191,119400,0.0,0.0,0.0
2023-08-16 00:00:00-04:00,11.81200781204263,11.830028069062895,11.784978285765378,11.802998542785645,165800,0.0,0.0,0.0
2023-08-17 00:00:00-04:00,11.793988227844238,11.812007625326517,11.766958701994252,11.793988227844238,148600,0.0,0.0,0.0
2023-08-18 00:00:00-04:00,11.830030715694232,11.86607037854446,11.82102058516834,11.848050117492676,213300,0.0,0.0,0.0
2023-08-21 00:00:00-04:00,11.802998542785645,11.81200781204263,11.775968157255246,11.802998542785645,269100,0.0,0.0,0.0
2023-08-22 00:00:00-04:00,11.784976678329345,11.802996932891702,11.757947155738842,11.76695728302002,85500,0.0,0.0,0.0
2023-08-23 00:00:00-04:00,11.848043812934993,11.920123100280762,11.839034546456434,11.920123100280762,139400,0.0,0.0,0.0
2023-08-24 00:00:00-04:00,11.857057571411133,11.902107354617733,11.857057571411133,11.857057571411133,82800,0.0,0.0,0.0
2023-08-25 00:00:00-04:00,11.857054898868494,11.884084418998828,11.83002537873816,11.86606502532959,109200,0.0,0.0,0.0
2023-08-28 00:00:00-04:00,11.88408374786377,11.893093873816031,11.866064355212147,11.88408374786377,82500,0.0,0.0,0.0
2023-08-29 00:00:00-04:00,11.884085589378037,11.965421676635742,11.875048916690195,11.965421676635742,206900,0.04,0.0,0.0
2023-08-30 00:00:00-04:00,11.965420284968285,11.974457818471727,11.947346079828034,11.956382751464844,66400,0.0,0.0,0.0
2023-08-31 00:00:00-04:00,11.983496149671819,12.01060789012024,11.983496149671819,11.992533683776855,185900,0.0,0.0,0.0
2023-09-01 00:00:00-04:00,12.010609545387739,12.028684616088867,11.974460265852292,12.028684616088867,145300,0.0,0.0,0.0
2023-09-05 00:00:00-04:00,11.94735076336898,11.94735076336898,11.893126402958195,11.911201477050781,131800,0.0,0.0,0.0
2023-09-06 00:00:00-04:00,11.92927238629645,11.92927238629645,11.875048902766048,11.90216064453125,120800,0.0,0.0,0.0
2023-09-07 00:00:00-04:00,11.902162377671305,11.93831165924438,11.893124841811321,11.920236587524414,79300,0.0,0.0,0.0
2023-09-08 00:00:00-04:00,11.93831165924438,11.965423404957473,11.911199913531288,11.920236587524414,113200,0.0,0.0,0.0
2023-09-11 00:00:00-04:00,11.90216064453125,11.911198179075226,11.884085575443295,11.90216064453125,112100,0.0,0.0,0.0
2023-09-12 00:00:00-04:00,11.90216064453125,11.911198179075226,11.875048902766048,11.90216064453125,150100,0.0,0.0,0.0
2023-09-13 00:00:00-04:00,11.884084185873107,11.929270991442705,11.875047514252492,11.893121719360352,74600,0.0,0.0,0.0
2023-09-14 00:00:00-04:00,11.92927238629645,11.92927238629645,11.893123109987272,11.90216064453125,105600,0.0,0.0,0.0
2023-09-15 00:00:00-04:00,11.893123799333289,11.911198869468906,11.866012055996645,11.875049591064453,137800,0.0,0.0,0.0
2023-09-18 00:00:00-04:00,11.85697408483246,11.875049154303282,11.85697408483246,11.866011619567871,84000,0.0,0.0,0.0
2023-09-19 00:00:00-04:00,11.793713132931678,11.811787340639215,11.766601390436994,11.784675598144531,164500,0.0,0.0,0.0
2023-09-20 00:00:00-04:00,11.78467863588949,11.811790385372788,11.76660442352295,11.76660442352295,84100,0.0,0.0,0.0
2023-09-21 00:00:00-04:00,11.739489291880588,11.748526827057123,11.703340013041238,11.712377548217773,164400,0.0,0.0,0.0
2023-09-22 00:00:00-04:00,11.712373492163211,11.757560290530678,11.70333596011642,11.748522758483887,78800,0.0,0.0,0.0
2023-09-25 00:00:00-04:00,11.685268487283548,11.69430516266795,11.667193412780762,11.667193412780762,124600,0.0,0.0,0.0
2023-09-26 00:00:00-04:00,11.67622669450204,11.685264228459603,11.649114954496026,11.658151626586914,246400,0.0,0.0,0.0
2023-09-27 00:00:00-04:00,11.640077573639548,11.640077573639548,11.558741490685025,11.57681655883789,172800,0.0,0.0,0.0
2023-09-28 00:00:00-04:00,11.55874650622775,11.612970872348566,11.531634754100875,11.603933334350586,83500,0.0,0.0,0.0
2023-09-29 00:00:00-04:00,11.631040573120117,11.667189849217458,11.6220030386291,11.631040573120117,187700,0.0,0.0,0.0
2023-10-02 00:00:00-04:00,11.63103986838946,11.63103986838946,11.585853060538994,11.594890594482422,85400,0.0,0.0,0.0
2023-10-03 00:00:00-04:00,11.486444554638572,11.513556298807993,11.450295275123745,11.468369483947754,341400,0.0,0.0,0.0
2023-10-04 00:00:00-04:00,11.540669267475737,11.567781012497063,11.53163173184635,11.558743476867676,150600,0.0,0.0,0.0
2023-10-05 00:00:00-04:00,11.576815166656608,11.576815166656608,11.558740100677376,11.567777633666992,199000,0.0,0.0,0.0
2023-10-06 00:00:00-04:00,11.522592216245979,11.57681655883789,11.513554682169547,11.57681655883789,95200,0.0,0.0,0.0
2023-10-10 00:00:00-04:00,11.631040243858001,11.70333879400599,11.631040243858001,11.685264587402344,99800,0.0,0.0,0.0
2023-10-11 00:00:00-04:00,11.730452972919654,11.748528045146752,11.712378762559437,11.739490509033203,131100,0.0,0.0,0.0
2023-10-12 00:00:00-04:00,11.712380237170734,11.721417774422127,11.640081662893575,11.667193412780762,158700,0.0,0.0,0.0
2023-10-13 00:00:00-04:00,11.712377548217773,11.721415083394309,11.676228269378424,11.712377548217773,87300,0.0,0.0,0.0
2023-10-16 00:00:00-04:00,11.65815587552937,11.676230950032155,11.631044125642182,11.667193412780762,92400,0.0,0.0,0.0
2023-10-17 00:00:00-04:00,11.640077420538463,11.67622669450204,11.640077420538463,11.658151626586914,197900,0.0,0.0,0.0
2023-10-18 00:00:00-04:00,11.640078107611133,11.658152314726442,11.61296636600481,11.631040573120117,83900,0.0,0.0,0.0
2023-10-19 00:00:00-04:00,11.612964436748488,11.62200110787152,11.558740100677376,11.567777633666992,340600,0.0,0.0,0.0
2023-10-20 00:00:00-04:00,11.576819162255852,11.62200511906615,11.576819162255852,11.612968444824219,97800,0.0,0.0,0.0
2023-10-23 00:00:00-04:00,11.57681727419658,11.685265104214961,11.57681727419658,11.676227569580078,213300,0.0,0.0,0.0
2023-10-24 00:00:00-04:00,11.667191766511587,11.694303512573242,11.658154230535414,11.694303512573242,119400,0.0,0.0,0.0
2023-10-25 00:00:00-04:00,11.649115204077109,11.667189410512798,11.603928395187847,11.622002601623535,169500,0.0,0.0,0.0
2023-10-26 00:00:00-04:00,11.667192200686761,11.721416556694805,11.667192200686761,11.703341484069824,348000,0.0,0.0,0.0
2023-10-27 00:00:00-04:00,11.712406431554067,11.75773325447077,11.712406431554067,11.74866771697998,128700,0.04,0.0,0.0
2023-10-30 00:00:00-04:00,11.68521022974229,11.730536186361203,11.68521022974229,11.69427490234375,129700,0.0,0.0,0.0
2023-10-31 00:00:00-04:00,11.712408753552255,11.721474292840297,11.6761474609375,11.6761474609375,81500,0.0,0.0,0.0
2023-11-01 00:00:00-04:00,11.721466549446072,11.793989086765999,11.721466549446072,11.784923553466797,164700,0.0,0.0,0.0
2023-11-02 00:00:00-04:00,11.84838590151574,11.866516976291878,11.830255691276832,11.857451438903809,325800,0.0,0.0,0.0
2023-11-03 00:00:00-04:00,11.902775190531337,11.984363276900732,11.902775190531337,11.95716667175293,272600,0.0,0.0,0.0
2023-11-06 00:00:00-05:00,11.920907881154962,11.929973418094054,11.884646597935781,11.902777671813965,205900,0.0,0.0,0.0
2023-11-07 00:00:00-05:00,11.939040274132045,11.96623602341689,11.920909198250628,11.948105812072754,189800,0.0,0.0,0.0
2023-11-08 00:00:00-05:00,11.948103138331769,11.984364417442789,11.939037602419743,11.975298881530762,236000,0.0,0.0,0.0
2023-11-09 00:00:00-05:00,11.96623538537451,11.96623538537451,11.857451529498233,11.866517066955566,380500,0.0,0.0,0.0
2023-11-10 00:00:00-05:00,11.929974100082418,11.929974100082418,11.866517066955566,11.866517066955566,147100,0.0,0.0,0.0
2023-11-13 00:00:00-05:00,11.86651620664744,11.88464641571045,11.86651620664744,11.88464641571045,86100,0.0,0.0,0.0
2023-11-14 00:00:00-05:00,12.002494043494881,12.038755320849907,12.002494043494881,12.020625114440918,198200,0.0,0.0,0.0
2023-11-15 00:00:00-05:00,11.966232206802196,11.975297741851465,11.939036466191402,11.95716667175293,151500,0.0,0.0,0.0
2023-11-16 00:00:00-05:00,12.002494812011719,12.029691420172165,11.984364604441858,12.002494812011719,161400,0.0,0.0,0.0
2023-11-17 00:00:00-05:00,12.029690649913935,12.038755320849907,12.002494043494881,12.020625114440918,155000,0.0,0.0,0.0
2023-11-20 00:00:00-05:00,12.020626345579087,12.065953163049448,12.011560809177588,12.05688762664795,215800,0.0,0.0,0.0
2023-11-21 00:00:00-05:00,12.065953163049448,12.084083371315312,12.03875655384495,12.05688762664795,246600,0.0,0.0,0.0
2023-11-22 00:00:00-05:00,12.09315186704512,12.102217405665057,12.047825038482781,12.065956115722656,232500,0.0,0.0,0.0
2023-11-23 00:00:00-05:00,12.06595297933484,12.06595297933484,12.029691698818088,12.038756370544434,288400,0.0,0.0,0.0
2023-11-24 00:00:00-05:00,12.038755413498407,12.047820949041192,12.002494135864321,12.029690742492676,180400,0.0,0.0,0.0
2023-11-27 00:00:00-05:00,12.056886097823396,12.11127758026123,12.056886097823396,12.11127758026123,99400,0.0,0.0,0.0
2023-11-28 00:00:00-05:00,12.093093559827173,12.15674114227295,12.093093559827173,12.15674114227295,420500,0.04,0.0,0.0
2023-11-29 00:00:00-05:00,12.184017804629104,12.220387973381035,12.174925912791037,12.211296081542969,326000,0.0,0.0,0.0
2023-11-30 00:00:00-05:00,12.193113757446783,12.202206518799818,12.165836340521134,12.18402099609375,327100,0.0,0.0,0.0
2023-12-01 00:00:00-05:00,12.156743015734227,12.320409243969516,12.156743015734227,12.293131828308105,391200,0.0,0.0,0.0
2023-12-04 00:00:00-05:00,12.284040451049805,12.311317869783743,12.256762165182359,12.284040451049805,149100,0.0,0.0,0.0
2023-12-05 00:00:00-05:00,12.320407980971398,12.37496280670166,12.320407980971398,12.37496280670166,201900,0.0,0.0,0.0
2023-12-06 00:00:00-05:00,12.393147051306768,12.447701871422726,12.38405429224303,12.420424461364746,337700,0.0,0.0,0.0
2023-12-07 00:00:00-05:00,12.420424461364746,12.447701871422726,12.393147051306768,12.420424461364746,209200,0.0,0.0,0.0
2023-12-08 00:00:00-05:00,12.356780575010882,12.374965231439612,12.329503156801042,12.365873336791992,290700,0.0,0.0,0.0
2023-12-11 00:00:00-05:00,12.32950158172548,12.347686235831148,12.293131406380766,12.320408821105957,162400,0.0,0.0,0.0
2023-12-12 00:00:00-05:00,12.329502635129348,12.356780052185059,12.320409873732961,12.356780052185059,293500,0.0,0.0,0.0
2023-12-13 00:00:00-05:00,12.384057342953634,12.511353399804593,12.36587268747975,12.493167877197266,363400,0.0,0.0,0.0
2023-12-14 00:00:00-05:00,12.547723446153684,12.611371040344238,12.538630684945481,12.611371040344238,281400,0.0,0.0,0.0
2023-12-15 00:00:00-05:00,12.629553280407306,12.63864517211914,12.574997594470252,12.63864517211914,402400,0.0,0.0,0.0
2023-12-18 00:00:00-05:00,12.602276793336769,12.602276793336769,12.556814726922566,12.584092140197754,157100,0.0,0.0,0.0
2023-12-19 00:00:00-05:00,12.593183956067563,12.620461367297427,12.593183956067563,12.602275848388672,203300,0.0,0.0,0.0
2023-12-20 00:00:00-05:00,12.620463043437647,12.665925979614258,12.620463043437647,12.665925979614258,254500,0.0,0.0,0.0
2023-12-21 00:00:00-05:00,12.693204156951198,12.693204156951198,12.602278279136033,12.611371040344238,277600,0.0,0.0,0.0
2023-12-22 00:00:00-05:00,12.629554863793448,12.629554863793448,12.502258825403166,12.511351585388184,352700,0.0,0.0,0.0
2023-12-27 00:00:00-05:00,12.629900375704725,12.657257316375343,12.593424164923414,12.648138046264648,189900,0.04,0.0,0.0
2023-12-28 00:00:00-05:00,12.62989949628787,12.639017896102187,12.584304018570666,12.611660957336426,169500,0.0,0.0,0.0
2023-12-29 00:00:00-05:00,12.556947079804907,12.62989949628787,12.556947079804907,12.611660957336426,155500,0.0,0.0,0.0
2024-01-02 00:00:00-05:00,12.53870915905232,12.575185369092198,12.511352218937775,12.52047061920166,219100,0.0,0.0,0.0
2024-01-03 00:00:00-05:00,12.511351909393632,12.575185057968753,12.49311336999421,12.566065788269043,401300,0.0,0.0,0.0
2024-01-04 00:00:00-05:00,12.502231833198357,12.529588770871317,12.474874895525396,12.493112564086914,190900,0.0,0.0,0.0
2024-01-05 00:00:00-05:00,12.456635475158691,12.538707152026857,12.438397807888714,12.456635475158691,301900,0.0,0.0,0.0
2024-01-08 00:00:00-05:00,12.465757293586284,12.529590446580706,12.456638023255229,12.502233505249023,161700,0.0,0.0,0.0
2024-01-09 00:00:00-05:00,12.502233505249023,12.529590446580706,12.48399496458691,12.502233505249023,208500,0.0,0.0,0.0
2024-01-10 00:00:00-05:00,12.520470295133729,12.529589564823025,12.447517876942207,12.4657564163208,193700,0.0,0.0,0.0
2024-01-11 00:00:00-05:00,12.474874895525396,12.502231833198357,12.43839868874099,12.493112564086914,189500,0.0,0.0,0.0
2024-01-12 00:00:00-05:00,12.511352775580079,12.538709716911761,12.48399496458691,12.502233505249023,202800,0.0,0.0,0.0
2024-01-15 00:00:00-05:00,12.493114234917966,12.52047117624965,12.47487656391734,12.502233505249023,94800,0.0,0.0,0.0
2024-01-16 00:00:00-05:00,12.465757286257675,12.47487655658337,12.383685592649393,12.401924133300781,337500,0.0,0.0,0.0
2024-01-17 00:00:00-05:00,12.35632832224433,12.35632832224433,12.3107328414917,12.3107328414917,207400,0.0,0.0,0.0
2024-01-18 00:00:00-05:00,12.301614998679927,12.301614998679927,12.274258054918896,12.292495727539062,272200,0.0,0.0,0.0
2024-01-19 00:00:00-05:00,12.28337574005127,12.29249414035322,12.25601793016107,12.28337574005127,495800,0.0,0.0,0.0
2024-01-22 00:00:00-05:00,12.328971862792969,12.347209534008865,12.310733321915576,12.328971862792969,211200,0.0,0.0,0.0
2024-01-23 00:00:00-05:00,12.31073165242885,12.31985092163086,12.274255445282181,12.31985092163086,264900,0.0,0.0,0.0
2024-01-24 00:00:00-05:00,12.347207374888427,12.365445912576499,12.292492631485553,12.30161190032959,345800,0.0,0.0,0.0
2024-01-25 00:00:00-05:00,12.328972812102519,12.328972812102519,12.28337732605976,12.292495727539062,395100,0.0,0.0,0.0
2024-01-26 00:00:00-05:00,12.274255752563477,12.301612691193004,12.265136483133169,12.274255752563477,166400,0.0,0.0,0.0
2024-01-29 00:00:00-05:00,12.301694792566575,12.35657262602514,12.292548341614554,12.338279724121094,175000,0.04,0.0,0.0
2024-01-30 00:00:00-05:00,12.34742942546226,12.393160820007324,12.310844484276968,12.393160820007324,192400,0.0,0.0,0.0
2024-01-31 00:00:00-05:00,12.420595648474599,12.45718057888123,12.411449197809555,12.438888549804688,379600,0.0,0.0,0.0
2024-02-01 00:00:00-05:00,12.484619303152236,12.53949713596382,12.475473724561608,12.530350685119629,360200,0.0,0.0,0.0
2024-02-02 00:00:00-05:00,12.448037470874265,12.457183923995396,12.393160496655033,12.420598983764648,303300,0.0,0.0,0.0
2024-02-05 00:00:00-05:00,12.356571430278885,12.356571430278885,12.319986502264692,12.329132080078125,214000,0.0,0.0,0.0
2024-02-06 00:00:00-05:00,12.347427287439622,12.402305125842071,12.347427287439622,12.384012222290039,379400,0.0,0.0,0.0
2024-02-07 00:00:00-05:00,12.365717406574092,12.402302333186594,12.347424507141113,12.347424507141113,281900,0.0,0.0,0.0
2024-02-08 00:00:00-05:00,12.301692721690134,12.310839171102437,12.274254245706652,12.292546272277832,244800,0.0,0.0,0.0
2024-02-09 00:00:00-05:00,12.283402366683728,12.319987297058105,12.274255916026748,12.319987297058105,232000,0.0,0.0,0.0
2024-02-12 00:00:00-05:00,12.319985620514739,12.319985620514739,12.283400695118955,12.292546272277832,160200,0.0,0.0,0.0
2024-02-13 00:00:00-05:00,12.228524922321197,12.25596340290768,12.219378471374512,12.219378471374512,288800,0.0,0.0,0.0
2024-02-14 00:00:00-05:00,12.255964437329782,12.319988727106752,12.255964437329782,12.301695823669434,709200,0.0,0.0,0.0
2024-02-15 00:00:00-05:00,12.319987297058105,12.347425776775504,12.292547945087165,12.319987297058105,211600,0.0,0.0,0.0
2024-02-16 00:00:00-05:00,12.274256311964079,12.338279724121094,12.274256311964079,12.338279724121094,181100,0.0,0.0,0.0
2024-02-20 00:00:00-05:00,12.356574296712687,12.393159233213721,12.356574296712687,12.365720748901367,192600,0.0,0.0,0.0
2024-02-21 00:00:00-05:00,12.374864655675612,12.374864655675612,12.31998769447062,12.338279724121094,134000,0.0,0.0,0.0
2024-02-22 00:00:00-05:00,12.338281154507959,12.356574058532715,12.319989122736876,12.356574058532715,185000,0.0,0.0,0.0
2024-02-23 00:00:00-05:00,12.356575556424286,12.420598983764648,12.356575556424286,12.420598983764648,171600,0.0,0.0,0.0
2024-02-26 00:00:00-05:00,12.411452854473069,12.411452854473069,12.374867913287778,12.393160820007324,250100,0.0,0.0,0.0
2024-02-27 00:00:00-05:00,12.356463845921997,12.383983564444437,12.328943252563477,12.328943252563477,164000,0.04,0.0,0.0
2024-02-28 00:00:00-05:00,12.338117106319453,12.365636825561523,12.328943574960064,12.365636825561523,138200,0.0,0.0,0.0
2024-02-29 00:00:00-05:00,12.374808854149128,12.402329444885254,12.374808854149128,12.402329444885254,132500,0.0,0.0,0.0
2024-03-01 00:00:00-05:00,12.383984392349916,12.457370896539912,12.365637328884347,12.448197364807129,293100,0.0,0.0,0.0
2024-03-04 00:00:00-05:00,12.411505420258315,12.43902601835595,12.411505420258315,12.429852485656738,206800,0.0,0.0,0.0
2024-03-05 00:00:00-05:00,12.475718142157394,12.50323786292141,12.475718142157394,12.494064331054688,100000,0.0,0.0,0.0
2024-03-06 00:00:00-05:00,12.539928107108945,12.539928107108945,12.494061333615342,12.50323486328125,177800,0.0,0.0,0.0
2024-03-07 00:00:00-05:00,12.530754246577185,12.539927776000875,12.466541290283203,12.466541290283203,502600,0.0,0.0,0.0
2024-03-08 00:00:00-05:00,12.512411853436422,12.530758043006205,12.494064789030459,12.521584510803223,73100,0.0,0.0,0.0
2024-03-11 00:00:00-04:00,12.512411394788133,12.512411394788133,12.475718142157394,12.494064331054688,332300,0.0,0.0,0.0
2024-03-12 00:00:00-04:00,12.466544428272696,12.466544428272696,12.439024707910482,12.448197364807129,140400,0.0,0.0,0.0
2024-03-13 00:00:00-04:00,12.439024925231934,12.457371114181889,12.429851393338879,12.439024925231934,134600,0.0,0.0,0.0
2024-03-14 00:00:00-04:00,12.393157419639696,12.393157419639696,12.347290637678844,12.365636825561523,203900,0.0,0.0,0.0
2024-03-15 00:00:00-04:00,12.328945834004918,12.374812624369985,12.328945834004918,12.34729290008545,131700,0.0,0.0,0.0
2024-03-18 00:00:00-04:00,12.328944562765678,12.338118094860059,12.301424841318704,12.310598373413086,134800,0.0,0.0,0.0
2024-03-19 00:00:00-04:00,12.383983888280305,12.393157419639696,12.356464169038235,12.365636825561523,219400,0.0,0.0,0.0
2024-03-20 00:00:00-04:00,12.374812442372564,12.411505699157715,12.365638909467213,12.411505699157715,497000,0.0,0.0,0.0
2024-03-21 00:00:00-04:00,12.411504286482375,12.411504286482375,12.365637502012424,12.383984565734863,370500,0.0,0.0,0.0
2024-03-22 00:00:00-04:00,12.448197582288834,12.448197582288834,12.420677861445824,12.439024925231934,180800,0.0,0.0,0.0
2024-03-25 00:00:00-04:00,12.429852764968414,12.429852764968414,12.402333041088614,12.411505699157715,116900,0.0,0.0,0.0
2024-03-26 00:00:00-04:00,12.383982384394503,12.402329444885254,12.365635323903753,12.402329444885254,268400,0.0,0.0,0.0
2024-03-27 00:00:00-04:00,12.411530654525807,12.448332786560059,12.411530654525807,12.448332786560059,218000,0.04,0.0,0.0
2024-03-28 00:00:00-04:00,12.439136359873334,12.475938502109493,12.420734850039114,12.466737747192383,260600,0.0,0.0,0.0
2024-04-01 00:00:00-04:00,12.393131099451692,12.393131099451692,12.337927457908195,12.356328964233398,258100,0.0,0.0,0.0
2024-04-02 00:00:00-04:00,12.301127583664364,12.337929725646973,12.282726951389199,12.337929725646973,296000,0.0,0.0,0.0
2024-04-03 00:00:00-04:00,12.319525581493723,12.347126960754395,12.291923324801024,12.347126960754395,232600,0.0,0.0,0.0
2024-04-04 00:00:00-04:00,12.347129973176994,12.383932113647461,12.337929218701316,12.383932113647461,175300,0.0,0.0,0.0
2024-04-05 00:00:00-04:00,12.365528839963886,12.402330975182178,12.347128211070796,12.356328964233398,218000,0.0,0.0,0.0
2024-04-08 00:00:00-04:00,12.328724639203797,12.347126142446033,12.282722635962147,12.319524765014648,566300,0.0,0.0,0.0
2024-04-09 00:00:00-04:00,12.356328528250303,12.393130662170062,12.356328528250303,12.37472915649414,678100,0.0,0.0,0.0
2024-04-10 00:00:00-04:00,12.301124413381642,12.328725793397018,12.264322280883789,12.264322280883789,423600,0.0,0.0,0.0
2024-04-11 00:00:00-04:00,12.282724443679149,12.282724443679149,12.236721556235029,12.255122184753418,201600,0.0,0.0,0.0
2024-04-12 00:00:00-04:00,12.310326139505419,12.337927521703827,12.301125386295244,12.328726768493652,321900,0.0,0.0,0.0
2024-04-15 00:00:00-04:00,12.25512071145032,12.25512071145032,12.20911870696863,12.236720085144043,149500,0.0,0.0,0.0
2024-04-16 00:00:00-04:00,12.218318581405773,12.25512071145032,12.218318581405773,12.236720085144043,155500,0.0,0.0,0.0
2024-04-17 00:00:00-04:00,12.245920837013179,12.27352221518859,12.227519333274909,12.236720085144043,245900,0.0,0.0,0.0
2024-04-18 00:00:00-04:00,12.24592406311095,12.24592406311095,12.199921169078147,12.218321800231934,111300,0.0,0.0,0.0
2024-04-19 00:00:00-04:00,12.236720085144043,12.245920837013179,12.218318581405773,12.236720085144043,227000,0.0,0.0,0.0
2024-04-22 00:00:00-04:00,12.227519333274909,12.236720085144043,12.20911870696863,12.236720085144043,163100,0.0,0.0,0.0
2024-04-23 00:00:00-04:00,12.209121923371152,12.236723308817945,12.199921169078147,12.218321800231934,271500,0.0,0.0,0.0
2024-04-24 00:00:00-04:00,12.209118246513514,12.218318120603692,12.181515991947101,12.190716743469238,108400,0.0,0.0,0.0
2024-04-25 00:00:00-04:00,12.153916655685324,12.172317284387454,12.135515149551088,12.163117408752441,125300,0.0,0.0,0.0
2024-04-26 00:00:00-04:00,12.181573897727525,12.200031250587905,12.172345221297336,12.190802574157715,104600,0.04,0.0,0.0
2024-04-29 00:00:00-04:00,12.209261054201445,12.246175765991211,12.209261054201445,12.246175765991211,113600,0.0,0.0,0.0
2024-04-30 00:00:00-04:00,12.209256172180176,12.227713520694662,12.20002837801775,12.209256172180176,182300,0.0,0.0,0.0
2024-05-01 00:00:00-04:00,12.227714538574219,12.273857033606685,12.209257188523276,12.227714538574219,194100,0.0,0.0,0.0
2024-05-02 00:00:00-04:00,12.23694332759676,12.283085823059082,12.227714652485316,12.283085823059082,89100,0.0,0.0,0.0
2024-05-03 00:00:00-04:00,12.347686737786495,12.347686737786495,12.310772911608606,12.338458061218262,198400,0.0,0.0,0.0
2024-05-06 00:00:00-04:00,12.356917364378022,12.384602518356624,12.356917364378022,12.375373840332031,63700,0.0,0.0,0.0
2024-05-07 00:00:00-04:00,12.42151352700117,12.430742202928124,12.403056175147265,12.412284851074219,94900,0.0,0.0,0.0
2024-05-08 00:00:00-04:00,12.366143226623535,12.393829256363594,12.366143226623535,12.366143226623535,165200,0.0,0.0,0.0
2024-05-09 00:00:00-04:00,12.356916441107526,12.384601593017578,12.347687763772472,12.384601593017578,111600,0.0,0.0,0.0
2024-05-10 00:00:00-04:00,12.338456122628008,12.338456122628008,12.310770977368179,12.329227447509766,230100,0.0,0.0,0.0
2024-05-13 00:00:00-04:00,12.35691735294281,12.35691735294281,12.329231318894653,12.347688674926758,126700,0.0,0.0,0.0
2024-05-14 00:00:00-04:00,12.347688674926758,12.35691735294281,12.329231318894653,12.347688674926758,106600,0.0,0.0,0.0
2024-05-15 00:00:00-04:00,12.40305715779219,12.43997098432956,12.40305715779219,12.421514511108398,195100,0.0,0.0,0.0
2024-05-16 00:00:00-04:00,12.449197769165039,12.467655119676406,12.439969093909356,12.449197769165039,140900,0.0,0.0,0.0
2024-05-17 00:00:00-04:00,12.430740314700584,12.43996810913086,12.403054291125228,12.43996810913086,116000,0.0,0.0,0.0
2024-05-21 00:00:00-04:00,12.458425458181097,12.467654132706215,12.43996810913086,12.43996810913086,71600,0.0,0.0,0.0
2024-05-22 00:00:00-04:00,12.421515493754407,12.439971968435632,12.412286816366239,12.430744171142578,107600,0.0,0.0,0.0
2024-05-23 00:00:00-04:00,12.430742202928124,12.430742202928124,12.39382837931529,12.412284851074219,143000,0.0,0.0,0.0
2024-05-24 00:00:00-04:00,12.39382837931529,12.42151352700117,12.39382837931529,12.412284851074219,126800,0.0,0.0,0.0
2024-05-27 00:00:00-04:00,12.421512541429466,12.421512541429466,12.393827395940233,12.403055191040039,55900,0.0,0.0,0.0
2024-05-28 00:00:00-04:00,12.412285713574038,12.412285713574038,12.338458061218262,12.338458061218262,332800,0.0,0.0,0.0
2024-05-29 00:00:00-04:00,12.301544159604902,12.31077283611654,12.283087686676655,12.292315483093262,149700,0.0,0.0,0.0
2024-05-30 00:00:00-04:00,12.320084280269386,12.347852817229455,12.320084280269386,12.33859634399414,141300,0.04,0.0,0.0
2024-05-31 00:00:00-04:00,12.394136134524928,12.421904675593693,12.394136134524928,12.41264820098877,156500,0.0,0.0,0.0
2024-06-03 00:00:00-04:00,12.431159788876068,12.514466285705566,12.431159788876068,12.514466285705566,223000,0.0,0.0,0.0
2024-06-04 00:00:00-04:00,12.551490382757704,12.588515391678989,12.54223390984092,12.579258918762207,266700,0.0,0.0,0.0
2024-06-05 00:00:00-04:00,12.597771313855212,12.634796323752266,12.588515723440349,12.625540733337402,284000,0.0,0.0,0.0
2024-06-06 00:00:00-04:00,12.607029914855957,12.63479845627911,12.597773440132901,12.607029914855957,218600,0.0,0.0,0.0
2024-06-07 00:00:00-04:00,12.579261232151316,12.579261232151316,12.542236216420944,12.551492691040039,115400,0.0,0.0,0.0
2024-06-10 00:00:00-04:00,12.532978057861328,12.532978057861328,12.505209520481053,12.532978057861328,149800,0.0,0.0,0.0
2024-06-11 00:00:00-04:00,12.53297974180185,12.560748282913126,12.523723267182755,12.551492691040039,172500,0.0,0.0,0.0
2024-06-12 00:00:00-04:00,12.63479845627911,12.653311405725225,12.597773440132901,12.607029914855957,202800,0.0,0.0,0.0
2024-06-13 00:00:00-04:00,12.644054008515385,12.671822547912598,12.625541943165894,12.671822547912598,225500,0.0,0.0,0.0
2024-06-14 00:00:00-04:00,12.708845138549805,12.72735808311595,12.699589549012517,12.708845138549805,147300,0.0,0.0,0.0
2024-06-17 00:00:00-04:00,12.68107839719268,12.718103408813477,12.65330985916356,12.718103408813477,262900,0.0,0.0,0.0
2024-06-18 00:00:00-04:00,12.727359550857503,12.745872497558594,12.699591013551753,12.745872497558594,185400,0.0,0.0,0.0
2024-06-19 00:00:00-04:00,12.727360614193973,12.736617088317871,12.718104140070073,12.736617088317871,137600,0.0,0.0,0.0
2024-06-20 00:00:00-04:00,12.66256454262601,12.708845138549805,12.644051598059866,12.708845138549805,564000,0.0,0.0,0.0
2024-06-21 00:00:00-04:00,12.68107902196032,12.690335496008041,12.653310482563107,12.671822547912598,194300,0.0,0.0,0.0
2024-06-24 00:00:00-04:00,12.69033432006836,12.69033432006836,12.653309310054318,12.69033432006836,171100,0.0,0.0,0.0
2024-06-25 00:00:00-04:00,12.634798667712323,12.662568092346191,12.634798667712323,12.662568092346191,165900,0.0,0.0,0.0
2024-06-26 00:00:00-04:00,12.597772780518302,12.607029254756693,12.570004240549098,12.588517189025879,217300,0.0,0.0,0.0
2024-06-27 00:00:00-04:00,12.560663223266602,12.579230778273159,12.560663223266602,12.560663223266602,174300,0.04,0.0,0.0
2024-06-28 00:00:00-04:00,12.607081468114998,12.616365245796986,12.551380572722609,12.569947242736816,203400,0.0,0.0,0.0
2024-07-02 00:00:00-04:00,12.495681826559325,12.504965606495881,12.458547592163086,12.458547592163086,362800,0.0,0.0,0.0
2024-07-03 00:00:00-04:00,12.48639702984043,12.53281504039335,12.477113250659864,12.495680809020996,244500,0.0,0.0,0.0
2024-07-04 00:00:00-04:00,12.486395594519639,12.49567937263303,12.47711181640625,12.47711181640625,165300,0.0,0.0,0.0
2024-07-05 00:00:00-04:00,12.54209679504062,12.569947242736816,12.532813017358633,12.569947242736816,144100,0.0,0.0,0.0
2024-07-08 00:00:00-04:00,12.579234362551631,12.607084817647317,12.560666802254506,12.588518142700195,136700,0.0,0.0,0.0
2024-07-09 00:00:00-04:00,12.569947242736816,12.59779769043301,12.560663465054828,12.569947242736816,176300,0.0,0.0,0.0
2024-07-10 00:00:00-04:00,12.597801037498753,12.607084817647317,12.588518142700195,12.588518142700195,165100,0.0,0.0,0.0
2024-07-11 00:00:00-04:00,12.653500856629378,12.672067528676484,12.625650405883789,12.625650405883789,190600,0.0,0.0,0.0
2024-07-12 00:00:00-04:00,12.662784576416016,12.672067469721446,12.644217019105428,12.662784576416016,140500,0.0,0.0,0.0
2024-07-15 00:00:00-04:00,12.653502224526319,12.67206889858056,12.644218444824219,12.644218444824219,174100,0.0,0.0,0.0
2024-07-16 00:00:00-04:00,12.68135309428358,12.699920654296875,12.672069314276932,12.699920654296875,122900,0.0,0.0,0.0
2024-07-17 00:00:00-04:00,12.68135309428358,12.71848732896018,12.672069314276932,12.699920654296875,161400,0.0,0.0,0.0
2024-07-18 00:00:00-04:00,12.699917309456561,12.727767756791403,12.681349754333496,12.681349754333496,104800,0.0,0.0,0.0
2024-07-19 00:00:00-04:00,12.672067469721446,12.690635027032034,12.662784576416016,12.662784576416016,132100,0.0,0.0,0.0
2024-07-22 00:00:00-04:00,12.66278600422842,12.68135267828266,12.625651770769977,12.644218444824219,189100,0.0,0.0,0.0
2024-07-23 00:00:00-04:00,12.65350079776072,12.672067469721446,12.65350079776072,12.662784576416016,222900,0.0,0.0,0.0
2024-07-24 00:00:00-04:00,12.690636698456524,12.70920337286258,12.653502464294434,12.653502464294434,188400,0.0,0.0,0.0
2024-07-25 00:00:00-04:00,12.662783084560187,12.709200201668336,12.662783084560187,12.681349754333496,98400,0.0,0.0,0.0
2024-07-26 00:00:00-04:00,12.718487500224434,12.727771280356095,12.699920825311116,12.709203720092773,140000,0.0,0.0,0.0
2024-07-29 00:00:00-04:00,12.75561976197173,12.764903540667092,12.737053089930871,12.746335983276367,129600,0.0,0.0,0.0
2024-07-30 00:00:00-04:00,12.792891502380371,12.802202408145684,12.764959673021279,12.792891502380371,192700,0.04,0.0,0.0
2024-07-31 00:00:00-04:00,12.802202379095846,12.848756019879927,12.792891473351661,12.839445114135742,178000,0.0,0.0,0.0
2024-08-01 00:00:00-04:00,12.867375169121791,12.923239707946777,12.867375169121791,12.923239707946777,195800,0.0,0.0,0.0
2024-08-02 00:00:00-04:00,12.979103677377772,13.025657312885027,12.969793660625715,12.997725486755371,186700,0.0,0.0,0.0
2024-08-06 00:00:00-04:00,12.960482460607658,12.979103381624201,12.876686096191406,12.876686096191406,304500,0.0,0.0,0.0
2024-08-07 00:00:00-04:00,12.858065175174865,12.88599700066804,12.848754270698231,12.876686096191406,195700,0.0,0.0,0.0
2024-08-08 00:00:00-04:00,12.839441891001275,12.867373713285154,12.839441891001275,12.858063697814941,144100,0.0,0.0,0.0
2024-08-09 00:00:00-04:00,12.904617309570312,12.923239117640277,12.895307293472012,12.904617309570312,211800,0.0,0.0,0.0
2024-08-12 00:00:00-04:00,12.913930277690522,12.941862106323242,12.904619372167339,12.941862106323242,167100,0.0,0.0,0.0
2024-08-13 00:00:00-04:00,12.960483120089172,12.988414947003633,12.960483120089172,12.979104042053223,84500,0.0,0.0,0.0
2024-08-14 00:00:00-04:00,12.988414582066572,13.016346408196227,12.988414582066572,12.997725486755371,118600,0.0,0.0,0.0
2024-08-15 00:00:00-04:00,12.960480509278732,12.979101427491711,12.941858703129164,12.969791412353516,144100,0.0,0.0,0.0
2024-08-16 00:00:00-04:00,12.979104042053223,12.979104042053223,12.951172215138763,12.979104042053223,174300,0.0,0.0,0.0
2024-08-19 00:00:00-04:00,12.960480509278732,12.979101427491711,12.960480509278732,12.969791412353516,125700,0.0,0.0,0.0
2024-08-20 00:00:00-04:00,13.00703639144417,13.025657312885027,12.997725486755371,12.997725486755371,225100,0.0,0.0,0.0
2024-08-21 00:00:00-04:00,13.016345614243619,13.053589230727084,13.007035598059442,13.034967422485352,172900,0.0,0.0,0.0
2024-08-22 00:00:00-04:00,12.997725851954042,12.997725851954042,12.960483120089172,12.979104042053223,175800,0.0,0.0,0.0
2024-08-23 00:00:00-04:00,12.997724104648078,13.025655927807616,12.98841320094935,13.016345024108887,155800,0.0,0.0,0.0
2024-08-26 00:00:00-04:00,13.007035008346806,13.016345024108887,12.98841320094935,13.016345024108887,205100,0.0,0.0,0.0
2024-08-27 00:00:00-04:00,12.969795380697441,13.007038116455078,12.960484474773818,13.007038116455078,247500,0.0,0.0,0.0
2024-08-28 00:00:00-04:00,12.988412330566495,12.988412330566495,12.960480509278732,12.969791412353516,69700,0.0,0.0,0.0
2024-08-29 00:00:00-04:00,12.94178044615984,12.951118164039055,12.9231059008952,12.932443618774414,115000,0.04,0.0,0.0
2024-08-30 00:00:00-04:00,12.932445820359957,12.94178264933486,12.904432661953425,12.923108100891113,186800,0.0,0.0,0.0
2024-09-03 00:00:00-04:00,12.960456199212256,12.9884684630419,12.951118481104439,12.979130744934082,212000,0.0,0.0,0.0
2024-09-04 00:00:00-04:00,13.016483019297068,13.0538330078125,13.007146190038686,13.0538330078125,155400,0.0,0.0,0.0
2024-09-05 00:00:00-04:00,13.06317072756485,13.081846167069552,13.035158458801767,13.0538330078125,174300,0.0,0.0,0.0
2024-09-06 00:00:00-04:00,13.07250690460205,13.10985688870973,13.035156920494371,13.07250690460205,398500,0.0,0.0,0.0
2024-09-09 00:00:00-04:00,13.072505366288471,13.119193063552538,13.063167648736906,13.091180801391602,273000,0.0,0.0,0.0
2024-09-10 00:00:00-04:00,13.109855067612779,13.156542763885433,13.100517350259501,13.128530502319336,178100,0.0,0.0,0.0
2024-09-11 00:00:00-04:00,13.119192784966058,13.16588048123871,13.109855067612779,13.128530502319336,292900,0.0,0.0,0.0
2024-09-12 00:00:00-04:00,13.12853110026648,13.13786792755127,13.100517946930767,13.13786792755127,204500,0.0,0.0,0.0
2024-09-13 00:00:00-04:00,13.156542778015137,13.165880495378444,13.128530516418957,13.156542778015137,169700,0.0,0.0,0.0
2024-09-16 00:00:00-04:00,13.175217704945508,13.203230857849121,13.165880877804737,13.203230857849121,254500,0.0,0.0,0.0
2024-09-17 00:00:00-04:00,13.193892756974625,13.193892756974625,13.156542778015137,13.156542778015137,179600,0.0,0.0,0.0
2024-09-18 00:00:00-04:00,13.156542763885433,13.193892742804806,13.128530502319336,13.128530502319336,291000,0.0,0.0,0.0
2024-09-19 00:00:00-04:00,13.109855067612779,13.137867329178876,13.109855067612779,13.128530502319336,256700,0.0,0.0,0.0
2024-09-20 00:00:00-04:00,13.14720564532984,13.156543363108412,13.109855664709338,13.13786792755127,117900,0.0,0.0,0.0
2024-09-23 00:00:00-04:00,13.109855664709338,13.14720564532984,13.081843401867406,13.13786792755127,239800,0.0,0.0,0.0
2024-09-24 00:00:00-04:00,13.109855067612779,13.147205046532154,13.100517350259501,13.128530502319336,195600,0.0,0.0,0.0
2024-09-25 00:00:00-04:00,13.109855346000973,13.109855346000973,13.091180801391602,13.091180801391602,158300,0.0,0.0,0.0
2024-09-26 00:00:00-04:00,13.109855638946552,13.109855638946552,13.081843376159668,13.081843376159668,323600,0.0,0.0,0.0
2024-09-27 00:00:00-04:00,13.128665836477504,13.166122763402884,13.119301381485265,13.156758308410645,274600,0.04,0.0,0.0
2024-09-30 00:00:00-04:00,13.184851436432549,13.184851436432549,13.138030052185059,13.138030052185059,262700,0.0,0.0,0.0
2024-10-01 00:00:00-04:00,13.156758963101504,13.184851436432549,13.138030052185059,13.138030052185059,290900,0.0,0.0,0.0
2024-10-02 00:00:00-04:00,13.109937757221557,13.109937757221557,13.0818452835083,13.0818452835083,561700,0.0,0.0,0.0
2024-10-03 00:00:00-04:00,13.053749167931905,13.063113621545599,13.016292246520585,13.025656700134277,307500,0.0,0.0,0.0
2024-10-04 00:00:00-04:00,12.941380174011549,12.969473538695652,12.93201661216042,12.95074462890625,380100,0.0,0.0,0.0
2024-10-07 00:00:00-04:00,12.885195018230997,12.9226519441485,12.87583056349073,12.903923034667969,257900,0.0,0.0,0.0
2024-10-08 00:00:00-04:00,12.885198793003639,12.93202018737793,12.885198793003639,12.93202018737793,152600,0.0,0.0,0.0
2024-10-09 00:00:00-04:00,12.913289070129395,12.913289070129395,12.885196595513344,12.913289070129395,225300,0.0,0.0,0.0
2024-10-10 00:00:00-04:00,12.913288028443564,12.941380500793457,12.903923573312401,12.941380500793457,224000,0.0,0.0,0.0
2024-10-11 00:00:00-04:00,12.913287702371015,12.969473538695652,12.913287702371015,12.95074462890625,319400,0.0,0.0,0.0
2024-10-15 00:00:00-04:00,13.006928685950342,13.03502115374797,12.997564232336648,13.025656700134277,272200,0.0,0.0,0.0
2024-10-16 00:00:00-04:00,13.072479574621914,13.081844029309744,13.053750665246252,13.063115119934082,172900,0.0,0.0,0.0
2024-10-17 00:00:00-04:00,13.03502115374797,13.03502115374797,13.006928685950342,13.025656700134277,195700,0.0,0.0,0.0
2024-10-18 00:00:00-04:00,13.035022735595703,13.044387190345807,13.0256582808456,13.035022735595703,193000,0.0,0.0,0.0
2024-10-21 00:00:00-04:00,13.006932051507773,13.006932051507773,12.950746208330921,12.960110664367676,279400,0.0,0.0,0.0
2024-10-22 00:00:00-04:00,12.969475120404432,12.969475120404432,12.941381752294165,12.960110664367676,274400,0.0,0.0,0.0
2024-10-23 00:00:00-04:00,12.95074184915568,12.960106302040392,12.922649383544922,12.922649383544922,233300,0.0,0.0,0.0
2024-10-24 00:00:00-04:00,12.932015960484149,12.969472885131836,12.922651506061346,12.969472885131836,198100,0.0,0.0,0.0
2024-10-25 00:00:00-04:00,12.988201555441483,12.988201555441483,12.93201661216042,12.95074462890625,139600,0.0,0.0,0.0
2024-10-28 00:00:00-04:00,12.960109083800951,12.969473538695652,12.922652157265718,12.95074462890625,215400,0.0,0.0,0.0
2024-10-29 00:00:00-04:00,12.913289277227578,12.960110664367676,12.903924821190824,12.960110664367676,201900,0.0,0.0,0.0
2024-10-30 00:00:00-04:00,12.997675396143954,13.035240895731508,12.969501495361328,12.969501495361328,159400,0.04,0.0,0.0
2024-10-31 00:00:00-04:00,12.988281940779657,13.025847434997559,12.96010804402424,13.025847434997559,236600,0.0,0.0,0.0
2024-11-01 00:00:00-04:00,13.025848468085242,13.035240066292578,12.950717473690757,12.978891372680664,229500,0.0,0.0,0.0
2024-11-04 00:00:00-05:00,13.016456101,13.025847698652576,12.97889060602174,12.988282203674316,337700,0.0,0.0,0.0
2024-11-05 00:00:00-05:00,12.988284296525038,13.016458198390486,12.960110394659587,12.997675895690918,238700,0.0,0.0,0.0
2024-11-06 00:00:00-05:00,12.931935172908187,12.988282970888,12.913151976493515,12.978891372680664,294200,0.0,0.0,0.0
2024-11-07 00:00:00-05:00,13.016455762172152,13.07280445098877,13.00706506039607,13.07280445098877,355000,0.0,0.0,0.0
2024-11-08 00:00:00-05:00,13.100978085092073,13.129151981119882,13.082195786284203,13.110369682312012,272300,0.0,0.0,0.0
2024-11-11 00:00:00-05:00,13.110371216963275,13.110371216963275,13.091588020324707,13.091588020324707,177400,0.0,0.0,0.0
2024-11-12 00:00:00-05:00,13.054022789001465,13.082197584534127,13.016457290590047,13.054022789001465,302700,0.0,0.0,0.0
2024-11-13 00:00:00-05:00,13.072806897753578,13.082198496919458,12.978892697359155,12.997675895690918,237800,0.0,0.0,0.0
2024-11-14 00:00:00-05:00,13.035238844984411,13.054021144007216,13.007064948634195,13.01645565032959,341900,0.0,0.0,0.0
2024-11-15 00:00:00-05:00,13.007065135704623,13.044630629922525,12.988281940779657,13.025847434997559,181400,0.0,0.0,0.0
2024-11-18 00:00:00-05:00,12.988281753979374,13.01645565032959,12.978890156651964,13.01645565032959,113100,0.0,0.0,0.0
2024-11-19 00:00:00-05:00,12.997675980202235,12.997675980202235,12.950718879699707,12.950718879699707,199500,0.0,0.0,0.0
2024-11-20 00:00:00-05:00,12.913151741027832,12.941325639503999,12.903760142991747,12.913151741027832,240200,0.0,0.0,0.0
2024-11-21 00:00:00-05:00,12.884976648732417,12.913150544598215,12.83801955853475,12.847411155700684,268000,0.0,0.0,0.0
2024-11-22 00:00:00-05:00,12.828628463992834,12.884977153564169,12.828628463992834,12.875585556030273,188700,0.0,0.0,0.0
2024-11-25 00:00:00-05:00,12.969501993825467,12.997675895690918,12.960110394659587,12.997675895690918,157500,0.0,0.0,0.0
2024-11-26 00:00:00-05:00,13.016456024470807,13.044630817262888,13.016456024470807,13.035239219665527,181600,0.0,0.0,0.0
2024-11-27 00:00:00-05:00,13.082334518432617,13.101171105634393,13.04466044580832,13.082334518432617,214100,0.04,0.0,0.0
2024-11-28 00:00:00-05:00,13.091748938585356,13.101167678833008,13.082331096558214,13.101167678833008,201700,0.0,0.0,0.0
2024-11-29 00:00:00-05:00,13.148261539260268,13.233028411865234,13.148261539260268,13.233028411865234,409400,0.0,0.0,0.0
2024-12-02 00:00:00-05:00,13.157681615688531,13.261285082598278,13.148262873727463,13.251866340637207,276600,0.0,0.0,0.0
2024-12-03 00:00:00-05:00,13.223610295602185,13.223610295602185,13.176517486572266,13.176517486572266,266000,0.0,0.0,0.0
2024-12-04 00:00:00-05:00,13.157680028431509,13.242446899414062,13.157680028431509,13.242446899414062,289500,0.0,0.0,0.0
2024-12-05 00:00:00-05:00,13.20477308707044,13.242447152870358,13.195354346065313,13.233028411865234,155000,0.0,0.0,0.0
2024-12-06 00:00:00-05:00,13.308377655663964,13.336632982820094,13.28954017207944,13.327214241027832,239000,0.0,0.0,0.0
2024-12-09 00:00:00-05:00,13.317796125513906,13.317796125513906,13.261284574134926,13.270703315734863,280200,0.0,0.0,0.0
2024-12-10 00:00:00-05:00,13.25186748231478,13.298960297956604,13.242449637763016,13.280123710632324,227200,0.0,0.0,0.0
2024-12-11 00:00:00-05:00,13.317797460665538,13.317797460665538,13.214193089120844,13.223611831665039,257500,0.0,0.0,0.0
2024-12-12 00:00:00-05:00,13.204774411695325,13.214192255424614,13.176518185845453,13.18593692779541,163500,0.0,0.0,0.0
2024-12-13 00:00:00-05:00,13.185936228022374,13.185936228022374,13.148262160442563,13.176517486572266,269100,0.0,0.0,0.0
2024-12-16 00:00:00-05:00,13.176517486572266,13.176517486572266,13.129424677542348,13.176517486572266,275400,0.0,0.0,0.0
2024-12-17 00:00:00-05:00,13.185932861601506,13.214188180517514,13.185932861601506,13.195351600646973,261500,0.0,0.0,0.0
2024-12-18 00:00:00-05:00,13.195353875376673,13.204772616045824,13.138842329582314,13.148261070251465,416800,0.0,0.0,0.0
2024-12-19 00:00:00-05:00,13.054076057196223,13.063494798296261,13.016401991016663,13.0258207321167,316500,0.0,0.0,0.0
2024-12-20 00:00:00-05:00,13.054078290298836,13.110589848345654,13.054078290298836,13.082334518432617,239500,0.0,0.0,0.0
2024-12-23 00:00:00-05:00,13.072915775721357,13.091752362923133,13.072915775721357,13.082334518432617,203300,0.0,0.0,0.0
2024-12-24 00:00:00-05:00,13.063494429027044,13.082331910694636,13.044657845580016,13.07291316986084,122800,0.0,0.0,0.0
2024-12-27 00:00:00-05:00,13.063494429027044,13.101168494141664,13.063494429027044,13.07291316986084,180800,0.0,0.0,0.0
2024-12-30 00:00:00-05:00,13.0918032728559,13.129586219787598,13.0918032728559,13.129586219787598,152400,0.04,0.0,0.0
2024-12-31 00:00:00-05:00,13.148478048170139,13.176815032958984,13.139032086301688,13.176815032958984,112800,0.0,0.0,0.0
2025-01-02 00:00:00-05:00,13.13903558435599,13.157927513122559,13.120144556406165,13.157927513122559,231400,0.0,0.0,0.0
2025-01-03 00:00:00-05:00,13.148478787710633,13.176815774093303,13.110695838928223,13.110695838928223,225200,0.0,0.0,0.0
2025-01-06 00:00:00-05:00,13.110697926477085,13.139034917371708,13.091805998669539,13.12014389038086,339900,0.0,0.0,0.0
2025-01-07 00:00:00-05:00,13.10125046722016,13.120142392871417,13.07291347955987,13.091804504394531,259000,0.0,0.0,0.0
2025-01-08 00:00:00-05:00,13.054022196953278,13.082360086826096,13.04457713447898,13.072914123535156,396200,0.0,0.0,0.0
2025-01-09 00:00:00-05:00,13.054021835327148,13.072913761385678,13.035130810085235,13.054021835327148,156600,0.0,0.0,0.0
2025-01-10 00:00:00-05:00,13.006793120768519,13.006793120768519,12.950118246464234,12.959564208984375,430200,0.0,0.0,0.0
2025-01-13 00:00:00-05:00,12.931229464939564,12.940675429755972,12.902892471307126,12.921784400939941,190300,0.0,0.0,0.0
2025-01-14 00:00:00-05:00,12.874551954943486,12.89344297859056,12.855660030479873,12.883997917175293,216500,0.0,0.0,0.0
2025-01-15 00:00:00-05:00,12.950116835127119,12.997345741764134,12.94067087363642,12.987899780273438,282500,0.0,0.0,0.0
2025-01-16 00:00:00-05:00,12.98790189575553,13.072913761385678,12.98790189575553,13.054021835327148,186600,0.0,0.0,0.0
2025-01-17 00:00:00-05:00,13.0823594423855,13.10125046722016,13.054021553908614,13.091804504394531,205300,0.0,0.0,0.0
2025-01-20 00:00:00-05:00,13.09180391412874,13.120141801327964,13.09180391412874,13.110695838928223,126600,0.0,0.0,0.0
2025-01-21 00:00:00-05:00,13.148477371599682,13.15792333298208,13.129585448834888,13.139031410217285,450000,0.0,0.0,0.0
2025-01-22 00:00:00-05:00,13.12958828311332,13.12958828311332,13.08236026763916,13.08236026763916,379900,0.0,0.0,0.0
2025-01-23 00:00:00-05:00,13.06346607208252,13.082357995644573,13.054020110301494,13.06346607208252,392800,0.0,0.0,0.0
2025-01-24 00:00:00-05:00,13.054020965346329,13.120141801327964,13.054020965346329,13.110695838928223,162400,0.0,0.0,0.0
2025-01-27 00:00:00-05:00,13.176816168055147,13.186262130737305,13.148479180825257,13.186262130737305,220400,0.0,0.0,0.0
2025-01-28 00:00:00-05:00,13.139032086301688,13.186260994827434,13.139032086301688,13.176815032958984,196300,0.0,0.0,0.0
2025-01-29 00:00:00-05:00,13.18626135903764,13.214598344609167,13.167369434778937,13.195707321166992,248700,0.0,0.0,0.0
2025-01-30 00:00:00-05:00,13.214653911618381,13.262018443884344,13.205180824484525,13.252545356750488,211800,0.04,0.0,0.0
2025-01-31 00:00:00-05:00,13.27149313758503,13.299911499023438,13.2430738727432,13.299911499023438,433500,0.0,0.0,0.0
2025-02-03 00:00:00-05:00,13.432530759964573,13.432530759964573,13.318856421510839,13.347274780273438,758700,0.0,0.0,0.0
2025-02-04 00:00:00-05:00,13.290436631277432,13.3756926075811,13.290436631277432,13.366219520568848,439500,0.0,0.0,0.0
2025-02-05 00:00:00-05:00,13.394637294325701,13.432528734764116,13.385164208365298,13.423055648803711,342500,0.0,0.0,0.0
2025-02-06 00:00:00-05:00,13.385165928020298,13.413584286149348,13.366219753665387,13.394639015197754,375300,0.0,0.0,0.0
2025-02-07 00:00:00-05:00,13.318855525410958,13.328327708758973,13.290436265157085,13.309382438659668,466500,0.0,0.0,0.0
2025-02-10 00:00:00-05:00,13.337800795510264,13.356746969012846,13.299909351908378,13.309382438659668,181500,0.0,0.0,0.0
2025-02-11 00:00:00-05:00,13.271492958068848,13.290438230970384,13.262019869916376,13.271492958068848,355200,0.0,0.0,0.0
2025-02-12 00:00:00-05:00,13.224127587779684,13.224127587779684,13.195709228515625,13.195709228515625,200200,0.0,0.0,0.0
2025-02-13 00:00:00-05:00,13.252545116773035,13.29990964818132,13.243072029810719,13.262018203735352,365900,0.0,0.0,0.0
2025-02-14 00:00:00-05:00,13.27149271707326,13.299911077611222,13.262019629092807,13.280965805053711,399800,0.0,0.0,0.0
2025-02-18 00:00:00-05:00,13.205181412668075,13.23360067533549,13.195709228515625,13.195709228515625,455300,0.0,0.0,0.0
2025-02-19 00:00:00-05:00,13.205181412668075,13.21465450022388,13.176763053404017,13.195709228515625,343300,0.0,0.0,0.0
2025-02-20 00:00:00-05:00,13.195706845212653,13.205179027654314,13.167287587678098,13.17676067352295,264100,0.0,0.0,0.0
2025-02-21 00:00:00-05:00,13.205180585364749,13.280964377659984,13.205180585364749,13.262018203735352,548200,0.0,0.0,0.0
2025-02-24 00:00:00-05:00,13.243072212627801,13.299909831783031,13.243072212627801,13.290436744689941,419800,0.0,0.0,0.0
2025-02-25 00:00:00-05:00,13.328329317249048,13.375693853318277,13.328329317249048,13.356748580932617,454400,0.0,0.0,0.0
2025-02-26 00:00:00-05:00,13.366220233710349,13.385166408745707,13.34727496207834,13.375693321228027,299300,0.0,0.0,0.0
2025-02-27 00:00:00-05:00,13.366194725036621,13.39469472704701,13.35669563033642,13.366194725036621,401600,0.04,0.0,0.0
2025-02-28 00:00:00-05:00,13.413694432914623,13.442193530252162,13.394695336679586,13.432694435119629,369800,0.0,0.0,0.0
2025-03-03 00:00:00-05:00,13.423191198270818,13.518188468486239,13.385192108990699,13.499189376831055,755700,0.0,0.0,0.0
2025-03-04 00:00:00-05:00,13.49919072032232,13.518189813868366,13.451691627502441,13.451691627502441,555800,0.0,0.0,0.0
2025-03-05 00:00:00-05:00,13.432693423887523,13.45169251869228,13.366194327146117,13.394694328308105,474300,0.0,0.0,0.0
2025-03-06 00:00:00-05:00,13.347194552645126,13.356694552548676,13.261696365452897,13.271196365356445,476000,0.0,0.0,0.0
2025-03-07 00:00:00-05:00,13.328192253305545,13.356692248099046,13.299693164481742,13.318693161010742,493800,0.0,0.0,0.0
2025-03-10 00:00:00-04:00,13.375691854204485,13.413690942757405,13.347192764282227,13.347192764282227,682800,0.0,0.0,0.0
2025-03-11 00:00:00-04:00,13.35669276291289,13.42319094138807,13.31869367435997,13.347192764282227,671600,0.0,0.0,0.0
2025-03-12 00:00:00-04:00,13.337694052863043,13.356694051958046,13.271195867970171,13.280694961547852,532900,0.0,0.0,0.0
2025-03-13 00:00:00-04:00,13.261695474462684,13.32819365738012,13.233196382636612,13.309194564819336,473600,0.0,0.0,0.0
2025-03-14 00:00:00-04:00,13.299694510639638,13.328193602348039,13.28069451218751,13.290194511413574,511300,0.0,0.0,0.0
2025-03-17 00:00:00-04:00,13.35669276291289,13.394691851465812,13.337692765651562,13.347192764282227,315700,0.0,0.0,0.0
2025-03-18 00:00:00-04:00,13.290193678467979,13.35669276291289,13.290193678467979,13.347192764282227,366900,0.0,0.0,0.0
2025-03-19 00:00:00-04:00,13.337695179472446,13.375694274902344,13.29969608404255,13.375694274902344,495200,0.0,0.0,0.0
2025-03-20 00:00:00-04:00,13.413692407565438,13.413692407565438,13.347194221828495,13.356694221496582,210400,0.0,0.0,0.0
2025-03-21 00:00:00-04:00,13.37569472570675,13.39469472704701,13.33769562899616,13.366194725036621,321600,0.0,0.0,0.0
2025-03-24 00:00:00-04:00,13.37569466907904,13.37569466907904,13.31869647723943,13.328195571899414,379600,0.0,0.0,0.0
2025-03-25 00:00:00-04:00,13.318693161010742,13.366191340393847,13.318693161010742,13.318693161010742,251500,0.0,0.0,0.0
2025-03-26 00:00:00-04:00,13.290195459193688,13.290195459193688,13.261696365452897,13.271196365356445,477100,0.0,0.0,0.0
2025-03-27 00:00:00-04:00,13.271197825426043,13.309196923250965,13.261697824477324,13.299696922302246,328500,0.0,0.0,0.0
2025-03-28 00:00:00-04:00,13.328277482801914,13.366385459899902,13.318750261385956,13.366385459899902,301500,0.04,0.0,0.0
2025-03-31 00:00:00-04:00,13.385439797792483,13.414020553250445,13.36638535510995,13.40449333190918,223400,0.0,0.0,0.0
2025-04-01 00:00:00-04:00,13.433074876392215,13.471182852852323,13.423547655135732,13.452128410339355,229300,0.0,0.0,0.0
2025-04-02 00:00:00-04:00,13.48070831209752,13.48070831209752,13.394966051914874,13.414019584655762,542200,0.0,0.0,0.0
2025-04-03 00:00:00-04:00,13.461653894874017,13.480707426363013,13.394965171813965,13.394965171813965,457000,0.0,0.0,0.0
2025-04-04 00:00:00-04:00,13.480709240587812,13.52834443856958,13.433074951171875,13.433074951171875,623900,0.0,0.0,0.0
2025-04-07 00:00:00-04:00,13.423546239126079,13.423546239126079,13.26158712911375,13.271114349365234,706100,0.0,0.0,0.0
2025-04-08 00:00:00-04:00,13.252060890197754,13.29969608641691,13.213952914935588,13.252060890197754,447100,0.0,0.0,0.0
2025-04-09 00:00:00-04:00,13.213953136777176,13.223480357894115,13.090101987954423,13.1663179397583,656700,0.0,0.0,0.0
2025-04-10 00:00:00-04:00,13.156791731326024,13.194899707529538,13.118683755122511,13.128210067749023,243200,0.0,0.0,0.0
2025-04-11 00:00:00-04:00,13.109155640784895,13.128209173305597,13.07104766717773,13.118682861328125,352000,0.0,0.0,0.0
2025-04-14 00:00:00-04:00,13.15678857826871,13.242530822753906,13.15678857826871,13.242530822753906,203600,0.0,0.0,0.0
2025-04-15 00:00:00-04:00,13.23300735684957,13.261588111154744,13.213952914935588,13.252060890197754,206500,0.0,0.0,0.0
2025-04-16 00:00:00-04:00,13.271114290468338,13.280640602111816,13.23300631819725,13.280640602111816,407400,0.0,0.0,0.0
2025-04-17 00:00:00-04:00,13.271112479481241,13.280638789824751,13.233004512410398,13.242530822753906,179200,0.0,0.0,0.0
2025-04-21 00:00:00-04:00,13.204425975681305,13.21395319684155,13.147264465851475,13.156791687011719,237000,0.0,0.0,0.0
2025-04-22 00:00:00-04:00,13.185372337935892,13.194899559020996,13.175845116850788,13.194899559020996,183800,0.0,0.0,0.0
2025-04-23 00:00:00-04:00,13.26158735912393,13.26158735912393,13.156790660237178,13.175844192504883,284700,0.0,0.0,0.0
2025-04-24 00:00:00-04:00,13.194898518499372,13.233006491268867,13.185371298165563,13.223479270935059,213900,0.0,0.0,0.0
2025-04-25 00:00:00-04:00,13.24253278911401,13.24253278911401,13.213952036708372,13.233006477355957,255700,0.0,0.0,0.0
2025-04-28 00:00:00-04:00,13.194898504626527,13.24253278911401,13.194898504626527,13.233006477355957,252500,0.0,0.0,0.0
2025-04-29 00:00:00-04:00,13.223452206423726,13.280778800466551,13.223452206423726,13.271224975585938,353200,0.04,0.0,0.0
2025-04-30 00:00:00-04:00,13.299887044370742,13.338105073933141,13.271223749996368,13.328550338745117,381300,0.0,0.0,0.0
2025-05-01 00:00:00-04:00,13.290333874526457,13.309443347153232,13.252115840462714,13.299888610839844,259600,0.0,0.0,0.0
2025-05-02 00:00:00-04:00,13.252115249633789,13.261669985521191,13.21389721727395,13.252115249633789,402200,0.0,0.0,0.0
2025-05-05 00:00:00-04:00,13.252115249633789,13.252115249633789,13.21389721727395,13.252115249633789,336300,0.0,0.0,0.0
2025-05-06 00:00:00-04:00,13.22345398173573,13.271226757311663,13.213899244382562,13.261672019958496,219100,0.0,0.0,0.0
2025-05-07 00:00:00-04:00,13.280778312982553,13.3381058161109,13.280778312982553,13.309442520141602,378500,0.0,0.0,0.0
2025-05-08 00:00:00-04:00,13.299888017881031,13.299888017881031,13.242560513746389,13.252115249633789,305800,0.0,0.0,0.0
2025-05-09 00:00:00-04:00,13.271225313089488,13.299888610839844,13.252115840462714,13.299888610839844,350800,0.0,0.0,0.0
2025-05-12 00:00:00-04:00,13.233008719088897,13.280780583474925,13.22345398173573,13.261672019958496,190400,0.0,0.0,0.0
2025-05-13 00:00:00-04:00,13.271226757311663,13.271226757311663,13.22345398173573,13.261672019958496,318000,0.0,0.0,0.0
2025-05-14 00:00:00-04:00,13.242560301900756,13.26166977336986,13.223451741621405,13.233006477355957,204900,0.0,0.0,0.0
2025-05-15 00:00:00-04:00,13.261669837139895,13.31899642944336,13.252115101359397,13.31899642944336,306500,0.0,0.0,0.0
2025-05-16 00:00:00-04:00,13.328551080391216,13.328551080391216,13.280778312982553,13.309442520141602,310000,0.0,0.0,0.0
2025-05-20 00:00:00-04:00,13.204339981079102,13.242558006202168,13.19478615819053,13.204339981079102,535700,0.0,0.0,0.0
2025-05-21 00:00:00-04:00,13.156570179747227,13.166124004122024,13.118351237489101,13.137460708618164,430600,0.0,0.0,0.0
2025-05-22 00:00:00-04:00,13.118353267812925,13.156572215986186,13.099244704916169,13.147017478942871,284800,0.0,0.0,0.0
2025-05-23 00:00:00-04:00,13.166122564979375,13.185232034019648,13.147014007128737,13.175677299499512,331100,0.0,0.0,0.0
2025-05-26 00:00:00-04:00,13.185233243729218,13.223451274126532,13.185233243729218,13.194787979125977,185400,0.0,0.0,0.0
2025-05-27 00:00:00-04:00,13.213899244382562,13.261672019958496,13.204344507029393,13.261672019958496,289700,0.0,0.0,0.0
2025-05-28 00:00:00-04:00,13.223451953161351,13.271224721408593,13.204342481386549,13.252115249633789,253000,0.0,0.0,0.0
2025-05-29 00:00:00-04:00,13.27128259712802,13.309611173518249,13.261700224574126,13.300028800964355,293400,0.04,0.0,0.0
2025-05-30 00:00:00-04:00,13.290444778735688,13.319190979003906,13.280862407371206,13.319190979003906,227500,0.0,0.0,0.0
2025-06-02 00:00:00-04:00,13.290443420410156,13.31918961774042,13.290443420410156,13.290443420410156,334800,0.0,0.0,0.0
2025-06-03 00:00:00-04:00,13.29044411664534,13.309608858419574,13.271280288696289,13.271280288696289,287900,0.0,0.0,0.0
2025-06-04 00:00:00-04:00,13.290444670573978,13.309609413146973,13.28086229928748,13.309609413146973,245100,0.0,0.0,0.0
2025-06-05 00:00:00-04:00,13.280864055856568,13.319192632246798,13.27128259712802,13.300028800964355,306900,0.0,0.0,0.0
2025-06-06 00:00:00-04:00,13.261697062704245,13.261697062704245,13.213786125183105,13.213786125183105,288100,0.0,0.0,0.0
2025-06-09 00:00:00-04:00,13.17545755793122,13.242532322165738,13.17545755793122,13.213786125183105,240700,0.0,0.0,0.0
2025-06-10 00:00:00-04:00,13.252115946446724,13.252115946446724,13.21378737556791,13.232952117919922,153200,0.0,0.0,0.0
2025-06-11 00:00:00-04:00,13.223369746743916,13.232952117919922,13.204205004391902,13.232952117919922,292400,0.0,0.0,0.0
2025-06-12 00:00:00-04:00,13.252113886273964,13.252113886273964,13.204202951667375,13.223367691040039,301100,0.0,0.0,0.0
2025-06-13 00:00:00-04:00,13.213788731310892,13.213788731310892,13.175460156499543,13.194624900817871,182000,0.0,0.0,0.0
2025-06-16 00:00:00-04:00,13.175457000732422,13.204203196499359,13.165874630868414,13.175457000732422,317600,0.0,0.0,0.0
2025-06-17 00:00:00-04:00,13.185042528658707,13.204206359151728,13.16587778434038,13.194624900817871,203700,0.0,0.0,0.0
2025-06-18 00:00:00-04:00,13.204202951667375,13.242531516587633,13.194621495806112,13.223367691040039,334700,0.0,0.0,0.0
2025-06-19 00:00:00-04:00,13.23295006072637,13.242531516587633,13.213785321353706,13.223367691040039,108700,0.0,0.0,0.0
2025-06-20 00:00:00-04:00,13.242530972992173,13.271278080871122,13.223367148231238,13.252113342285156,192900,0.0,0.0,0.0
2025-06-23 00:00:00-04:00,13.280861050025022,13.328771988125554,13.280861050025022,13.290443420410156,280900,0.0,0.0,0.0
2025-06-24 00:00:00-04:00,13.26169722307989,13.309608161180423,13.242532482309622,13.290443420410156,224100,0.0,0.0,0.0
2025-06-25 00:00:00-04:00,13.242531516587633,13.261696255960297,13.223367691040039,13.223367691040039,552800,0.0,0.0,0.0
2025-06-26 00:00:00-04:00,13.252115546922054,13.280861745758221,13.232951718973004,13.271280288696289,295700,0.0,0.0,0.0
2025-06-27 00:00:00-04:00,13.25206003722498,13.319329084430498,13.242449911489325,13.271280288696289,435400,0.04,0.0,0.0
2025-06-30 00:00:00-04:00,13.319331266680898,13.33855152130127,13.30011192853271,13.33855152130127,181000,0.0,0.0,0.0
2025-07-02 00:00:00-04:00,13.261669158935547,13.271279283943631,13.24244890891938,13.261669158935547,357600,0.0,0.0,0.0
2025-07-03 00:00:00-04:00,13.242449760437012,13.261670011689082,13.232840551283,13.242449760437012,219500,0.0,0.0,0.0
2025-07-04 00:00:00-04:00,13.290499623695567,13.30010974943122,13.25206003722498,13.271280288696289,158600,0.0,0.0,0.0
2025-07-07 00:00:00-04:00,13.242451655902968,13.242451655902968,13.213622191370362,13.232842445373535,633000,0.0,0.0,0.0
2025-07-08 00:00:00-04:00,13.204009107328337,13.213619232177734,13.18478977410149,13.213619232177734,191900,0.0,0.0,0.0
2025-07-09 00:00:00-04:00,13.213619450367093,13.261669158935547,13.213619450367093,13.261669158935547,342600,0.0,0.0,0.0
2025-07-10 00:00:00-04:00,13.232842445373535,13.242451655902968,13.213622191370362,13.232842445373535,198900,0.0,0.0,0.0
2025-07-11 00:00:00-04:00,13.184790459053747,13.184790459053747,13.146350874131164,13.155960083007812,470100,0.0,0.0,0.0
2025-07-14 00:00:00-04:00,13.14635181427002,13.155961023833855,13.117521436162331,13.14635181427002,462600,0.0,0.0,0.0
2025-07-15 00:00:00-04:00,13.136739457944845,13.136739457944845,13.050250171249614,13.079079627990723,431800,0.0,0.0,0.0
2025-07-16 00:00:00-04:00,13.079079627990723,13.107910001203736,13.059860295653953,13.079079627990723,347900,0.0,0.0,0.0
2025-07-17 00:00:00-04:00,13.08868975239506,13.107910001203736,13.079079627990723,13.079079627990723,741400,0.0,0.0,0.0
2025-07-18 00:00:00-04:00,13.098301837268501,13.117521172481897,13.088691711425781,13.088691711425781,269900,0.0,0.0,0.0
2025-07-21 00:00:00-04:00,13.117521436162331,13.165571149869752,13.117521436162331,13.14635181427002,243800,0.0,0.0,0.0
2025-07-22 00:00:00-04:00,13.1559609737101,13.165571099709382,13.136741638183594,13.136741638183594,527800,0.0,0.0,0.0
2025-07-23 00:00:00-04:00,13.117521108964095,13.14635148635265,13.069472312927246,13.069472312927246,405600,0.0,0.0,0.0
2025-07-24 00:00:00-04:00,13.069472476405114,13.127131398959367,13.069472476405114,13.107912063598633,264000,0.0,0.0,0.0
2025-07-25 00:00:00-04:00,13.0983021005626,13.165571149869752,13.0983021005626,13.14635181427002,272000,0.0,0.0,0.0
2025-07-28 00:00:00-04:00,13.146349803881096,13.155959011975455,13.127129554748535,13.127129554748535,275000,0.0,0.0,0.0
2025-07-29 00:00:00-04:00,13.146351926972201,13.194400724619477,13.146351926972201,13.17518138885498,477300,0.0,0.0,0.0
2025-07-30 00:00:00-04:00,13.165543142423896,13.204095208994461,13.155904895992812,13.17518138885498,257800,0.04,0.0,0.0
2025-07-31 00:00:00-04:00,13.204095749668582,13.23300957099201,13.184820175170898,13.184820175170898,637700,0.0,0.0,0.0
2025-08-01 00:00:00-04:00,13.261924618793017,13.281200193737382,13.242648124694824,13.242648124694824,306100,0.0,0.0,0.0
2025-08-05 00:00:00-04:00,13.271562036424774,13.281199363717748,13.252285543531281,13.261923789978027,435100,0.0,0.0,0.0
2025-08-06 00:00:00-04:00,13.252285543531281,13.271562036424774,13.242647297084536,13.261923789978027,266900,0.0,0.0,0.0
2025-08-07 00:00:00-04:00,13.271560762339272,13.290836334228516,13.252284271296345,13.290836334228516,370800,0.0,0.0,0.0
2025-08-08 00:00:00-04:00,13.281198501586914,13.290836747408006,13.26192292909844,13.281198501586914,215900,0.0,0.0,0.0
2025-08-11 00:00:00-04:00,13.281200858345795,13.300477353408608,13.261925282436856,13.271563529968262,364300,0.0,0.0,0.0
2025-08-12 00:00:00-04:00,13.242647493711482,13.242647493711482,13.204095426505848,13.213733673095703,266300,0.0,0.0,0.0
2025-08-13 00:00:00-04:00,13.242645804627285,13.271560540708808,13.242645804627285,13.252284049987793,308200,0.0,0.0,0.0
2025-08-14 00:00:00-04:00,13.261924618793017,13.261924618793017,13.223372549750462,13.242648124694824,361500,0.0,0.0,0.0
2025-08-15 00:00:00-04:00,13.204094886779785,13.223371379171557,13.194456640583901,13.204094886779785,319600,0.0,0.0,0.0
2025-08-18 00:00:00-04:00,13.194456962563377,13.204095208994461,13.165543142423896,13.17518138885498,360200,0.0,0.0,0.0
2025-08-19 00:00:00-04:00,13.194457179915993,13.223371919685558,13.194457179915993,13.213733673095703,206300,0.0,0.0,0.0
2025-08-20 00:00:00-04:00,13.204095426505848,13.233009247121627,13.194457179915993,13.213733673095703,132300,0.0,0.0,0.0
2025-08-21 00:00:00-04:00,13.213733996494328,13.223372243320073,13.175181928345154,13.184820175170898,341800,0.0,0.0,0.0
2025-08-22 00:00:00-04:00,13.213731353490763,13.242645169030865,13.204093108592854,13.223369598388672,297500,0.0,0.0,0.0
2025-08-25 00:00:00-04:00,13.194456100463867,13.204094346265208,13.184818773816238,13.194456100463867,384600,0.0,0.0,0.0
2025-08-26 00:00:00-04:00,13.194456640583901,13.21373313297567,13.184819313541762,13.204094886779785,369400,0.0,0.0,0.0
2025-08-27 00:00:00-04:00,13.184819313541762,13.21373313297567,13.175181067345878,13.204094886779785,276800,0.0,0.0,0.0
2025-08-28 00:00:00-04:00,13.204093881444043,13.242758834406077,13.204093881444043,13.223426818847656,269700,0.04,0.0,0.0
2025-08-29 00:00:00-04:00,13.242759567298043,13.281424522399902,13.242759567298043,13.281424522399902,215400,0.0,0.0,0.0
2025-09-02 00:00:00-04:00,13.21376035014585,13.23309236570427,13.194427412742238,13.223426818847656,314900,0.0,0.0,0.0
2025-09-03 00:00:00-04:00,13.22342763498364,13.281424607083602,13.22342763498364,13.262092590332031,388500,0.0,0.0,0.0
2025-09-04 00:00:00-04:00,13.291091864943652,13.3104248046875,13.291091864943652,13.3104248046875,415100,0.0,0.0,0.0
2025-09-05 00:00:00-04:00,13.35875508485668,13.38775449398293,13.35875508485668,13.36842155456543,548400,0.0,0.0,0.0
2025-09-08 00:00:00-04:00,13.407085283064387,13.455416705334242,13.407085283064387,13.44575023651123,570200,0.0,0.0,0.0
2025-09-09 00:00:00-04:00,13.455418641416584,13.455418641416584,13.407087212192383,13.43608570098877,321600,0.0,0.0,0.0
2025-09-10 00:00:00-04:00,13.455416679382324,13.494081632754593,13.445750210577955,13.455416679382324,375800,0.0,0.0,0.0
2025-09-11 00:00:00-04:00,13.484416961669922,13.503749901856093,13.474750491576836,13.484416961669922,255100,0.0,0.0,0.0
2025-09-12 00:00:00-04:00,13.465084943329078,13.494083431763007,13.455418473235992,13.484416961669922,300400,0.0,0.0,0.0
2025-09-15 00:00:00-04:00,13.484416907303885,13.5134153956209,13.484416907303885,13.50374984741211,271300,0.0,0.0,0.0
2025-09-16 00:00:00-04:00,13.50374984741211,13.523081865675012,13.494083377357997,13.50374984741211,517200,0.0,0.0,0.0
2025-09-17 00:00:00-04:00,13.523081892916446,13.53274836299003,13.48441693446743,13.494083404541016,363000,0.0,0.0,0.0
2025-09-18 00:00:00-04:00,13.48441693446743,13.5037498746146,13.455418446091999,13.494083404541016,382900,0.0,0.0,0.0
2025-09-19 00:00:00-04:00,13.50374984741211,13.50374984741211,13.47475043724977,13.50374984741211,406400,0.0,0.0,0.0
2025-09-22 00:00:00-04:00,13.503749901856093,13.513415450103853,13.484416961669922,13.484416961669922,532300,0.0,0.0,0.0
2025-09-23 00:00:00-04:00,13.494083404541016,13.5037498746146,13.474750464393844,13.494083404541016,431000,0.0,0.0,0.0
2025-09-24 00:00:00-04:00,13.474749565124512,13.494082503981453,13.465084017541304,13.474749565124512,396600,0.0,0.0,0.0
2025-09-25 00:00:00-04:00,13.4844189581538,13.4844189581538,13.445753993902105,13.465086936950684,417500,0.0,0.0,0.0
2025-09-26 00:00:00-04:00,13.474749565124512,13.494082503981453,13.455417548112834,13.474749565124512,291900,0.0,0.0,0.0
2025-09-29 00:00:00-04:00,13.503832413608244,13.52322006225586,13.49413812703541,13.52322006225586,284800,0.04,0.0,0.0
2025-09-30 00:00:00-04:00,13.513525009155273,13.542607867224108,13.513525009155273,13.513525009155273,277300,0.0,0.0,0.0
2025-10-01 00:00:00-04:00,13.532916086489267,13.542610374306873,13.484445571899414,13.484445571899414,268500,0.0,0.0,0.0
2025-10-02 00:00:00-04:00,13.503832413608244,13.532914348828694,13.49413812703541,13.52322006225586,201700,0.0,0.0,0.0
2025-10-03 00:00:00-04:00,13.523219295178219,13.532913581201164,13.494137361607384,13.513525009155273,434800,0.0,0.0,0.0
2025-10-06 00:00:00-04:00,13.47475128408181,13.503834147534624,13.47475128408181,13.484445571899414,413100,0.0,0.0,0.0
2025-10-07 00:00:00-04:00,13.48444443065423,13.513526367147549,13.455362494160912,13.494138717651367,315100,0.0,0.0,0.0
2025-10-08 00:00:00-04:00,13.513526367147549,13.523220654144685,13.48444443065423,13.494138717651367,504600,0.0,0.0,0.0
2025-10-09 00:00:00-04:00,13.49413985971702,13.503834147534624,13.484445571899414,13.484445571899414,392100,0.0,0.0,0.0
2025-10-10 00:00:00-04:00,13.49413812703541,13.52322006225586,13.474749553889742,13.52322006225586,443000,0.0,0.0,0.0
2025-10-14 00:00:00-04:00,13.532915115356445,13.552302765102212,13.513526541112576,13.532915115356445,612800,0.0,0.0,0.0
2025-10-15 00:00:00-04:00,13.55230198625759,13.591079132516825,13.55230198625759,13.571690559387207,456400,0.0,0.0,0.0
2025-10-16 00:00:00-04:00,13.58138425620201,13.610466190135549,13.571689970058161,13.6007719039917,364500,0.0,0.0,0.0
2025-10-17 00:00:00-04:00,13.6007719039917,13.610466190135549,13.59107854234586,13.6007719039917,471700,0.0,0.0,0.0
2025-10-20 00:00:00-04:00,13.639549255371094,13.649243542319015,13.62016160597334,13.639549255371094,453700,0.0,0.0,0.0
2025-10-21 00:00:00-04:00,13.649244903112255,13.649244903112255,13.620162963867188,13.620162963867188,554000,0.0,0.0,0.0
2025-10-22 00:00:00-04:00,13.629855155944824,13.63954851787053,13.62016086952108,13.629855155944824,464000,0.0,0.0,0.0
2025-10-23 00:00:00-04:00,13.620161243782414,13.629855530472542,13.600772670402158,13.610466957092285,372200,0.0,0.0,0.0
2025-10-24 00:00:00-04:00,13.639548124069089,13.639548124069089,13.6007719039917,13.6007719039917,410800,0.0,0.0,0.0
2025-10-27 00:00:00-04:00,13.620161231994745,13.668631740905372,13.620161231994745,13.658937454223633,506600,0.0,0.0,0.0
2025-10-28 00:00:00-04:00,13.678324699401855,13.678324699401855,13.658937051108628,13.678324699401855,588700,0.0,0.0,0.0
2025-10-29 00:00:00-04:00,13.658936696356788,13.658936696356788,13.59107854234586,13.6007719039917,600800,0.0,0.0,0.0
2025-10-30 00:00:00-04:00,13.61049390786838,13.620215911745058,13.581328823379659,13.6007719039917,629100,0.04,0.0,0.0
2025-10-31 00:00:00-04:00,13.620217572383808,13.629939577445839,13.600773562259747,13.610495567321777,428700,0.0,0.0,0.0
2025-11-03 00:00:00-05:00,13.600772152064259,13.62021616017227,13.591050148010254,13.591050148010254,486500,0.0,0.0,0.0
2025-11-04 00:00:00-05:00,13.600772152064259,13.610494156118264,13.581329071097585,13.591050148010254,392200,0.0,0.0,0.0
2025-11-05 00:00:00-05:00,13.620215911745058,13.620215911745058,13.591049900115019,13.6007719039917,559700,0.0,0.0,0.0
2025-11-06 00:00:00-05:00,13.620215600077582,13.649380683898926,13.610493596423368,13.649380683898926,421600,0.0,0.0,0.0
2025-11-07 00:00:00-05:00,13.591049900115019,13.620215911745058,13.591049900115019,13.6007719039917,618500,0.0,0.0,0.0
2025-11-10 00:00:00-05:00,13.600773562259747,13.610495567321777,13.591051557197716,13.610495567321777,564400,0.0,0.0,0.0
2025-11-11 00:00:00-05:00,13.610495069871266,13.629939079284668,13.600773065164566,13.629939079284668,302700,0.0,0.0,0.0
2025-11-12 00:00:00-05:00,13.620217323303223,13.639660405930286,13.610495318418984,13.620217323303223,326200,0.0,0.0,0.0
2025-11-13 00:00:00-05:00,13.6007719039917,13.620215911745058,13.581328823379659,13.6007719039917,440900,0.0,0.0,0.0
2025-11-14 00:00:00-05:00,13.591050488984184,13.600772493282095,13.542442321777344,13.542442321777344,3535800,0.0,0.0,0.0
2025-11-17 00:00:00-05:00,13.561886082543674,13.57160808732856,13.54244300011531,13.552164077758789,476900,0.0,0.0,0.0
2025-11-18 00:00:00-05:00,13.54244161591276,13.561884696353804,13.513275604539226,13.532719612121582,635800,0.0,0.0,0.0
2025-11-19 00:00:00-05:00,13.552162692562625,13.552162692562625,13.522997608330403,13.532719612121582,340600,0.0,0.0,0.0
2025-11-20 00:00:00-05:00,13.532720995330425,13.561886082543674,13.52299899054554,13.552164077758789,734800,0.0,0.0,0.0
2025-11-21 00:00:00-05:00,13.571606636047363,13.581328639792625,13.55216262855684,13.571606636047363,446200,0.0,0.0,0.0
2025-11-24 00:00:00-05:00,13.6007719039917,13.6007719039917,13.571606819502978,13.6007719039917,499600,0.0,0.0,0.0
2025-11-25 00:00:00-05:00,13.610493843566548,13.64938093174823,13.610493843566548,13.63965892791748,821300,0.0,0.0,0.0
2025-11-26 00:00:00-05:00,13.639657974243164,13.659157574506773,13.610409503639868,13.639657974243164,688000,0.04,0.0,0.0
2025-11-27 00:00:00-05:00,13.6494098587187,13.66890946196001,13.639660057098045,13.659159660339355,251200,0.0,0.0,0.0
2025-11-28 00:00:00-05:00,13.659159660339355,13.659159660339355,13.62991025547739,13.659159660339355,454100,0.0,0.0,0.0
2025-12-01 00:00:00-05:00,13.59091075818469,13.600660558929713,13.561662285741793,13.571412086486816,789500,0.0,0.0,0.0
2025-12-02 00:00:00-05:00,13.571412086486816,13.58116188723184,13.54216361404392,13.571412086486816,632600,0.0,0.0,0.0
2025-12-03 00:00:00-05:00,13.561661898090772,13.590910369697621,13.561661898090772,13.581161499023438,1280900,0.0,0.0,0.0
2025-12-04 00:00:00-05:00,13.571413277561115,13.571413277561115,13.53241500095057,13.54216480255127,558100,0.0,0.0,0.0
2025-12-05 00:00:00-05:00,13.434917296039687,13.434917296039687,13.395919023924025,13.41541862487793,779800,0.0,0.0,0.0
2025-12-08 00:00:00-05:00,13.376420352762269,13.425168425354883,13.347170951331409,13.41541862487793,1311200,0.0,0.0,0.0
2025-12-09 00:00:00-05:00,13.415419791241929,13.415419791241929,13.376421515735677,13.386170387268066,563000,0.0,0.0,0.0
2025-12-10 00:00:00-05:00,13.376420352762269,13.434917296039687,13.376420352762269,13.41541862487793,528700,0.0,0.0,0.0
2025-12-11 00:00:00-05:00,13.454417051128466,13.454417051128466,13.425168579154684,13.434917449951172,474400,0.0,0.0,0.0
2025-12-12 00:00:00-05:00,13.42516803741455,13.42516803741455,13.405668437024115,13.42516803741455,462600,0.0,0.0,0.0
2025-12-15 00:00:00-05:00,13.464167983781454,13.473916855397626,13.444668380964638,13.454418182373047,698200,0.0,0.0,0.0
2025-12-16 00:00:00-05:00,13.425168909214598,13.473916053771973,13.425168909214598,13.473916053771973,537600,0.0,0.0,0.0
2025-12-17 00:00:00-05:00,13.444668769836426,13.454418571526837,13.434918968146015,13.444668769836426,473400,0.0,0.0,0.0
2025-12-18 00:00:00-05:00,13.444668769836426,13.464168373217246,13.434918968146015,13.444668769836426,423400,0.0,0.0,0.0
2025-12-19 00:00:00-05:00,13.434917296039687,13.444667096516639,13.41541862487793,13.41541862487793,414600,0.0,0.0,0.0
2025-12-22 00:00:00-05:00,13.425168579154684,13.434917449951172,13.415418778566035,13.434917449951172,625900,0.0,0.0,0.0
2025-12-23 00:00:00-05:00,13.444667193910426,13.483665466308594,13.434917393362845,13.483665466308594,667900,0.0,0.0,0.0
2025-12-24 00:00:00-05:00,13.483665078577996,13.503164679112436,13.483665078577996,13.493414878845215,505100,0.0,0.0,0.0
2025-12-29 00:00:00-05:00,13.493415032953452,13.512913703918457,13.48366523257488,13.512913703918457,448700,0.0,0.0,0.0
2025-12-30 00:00:00-05:00,13.483581540646899,13.493359561091161,13.46402643224173,13.473803520202637,349000,0.04,0.0,0.0
2025-12-31 00:00:00-05:00,13.483581540646899,13.483581540646899,13.46402643224173,13.473803520202637,216400,0.0,0.0,0.0
2026-01-02 00:00:00-05:00,13.454249377158249,13.454249377158249,13.415138225058275,13.424915313720703,542900,0.0,0.0,0.0
2026-01-05 00:00:00-05:00,13.454248411797467,13.493359561091161,13.444470391353205,13.473803520202637,466500,0.0,0.0,0.0
2026-01-06 00:00:00-05:00,13.46402643224173,13.473803520202637,13.434692370908945,13.473803520202637,880500,0.0,0.0,0.0
2026-01-07 00:00:00-05:00,13.512914659921554,13.532470700796221,13.49335955153024,13.522692680358887,639000,0.0,0.0,0.0
2026-01-08 00:00:00-05:00,13.493358596910616,13.512913703918457,13.483580577165052,13.512913703918457,439000,0.0,0.0,0.0
2026-01-09 00:00:00-05:00,13.503136622684183,13.532469749450684,13.493358602934254,13.532469749450684,431300,0.0,0.0,0.0
2026-01-12 00:00:00-05:00,13.512914659921554,13.532470700796221,13.503137571967573,13.522692680358887,577000,0.0,0.0,0.0
2026-01-13 00:00:00-05:00,13.512913703918457,13.512913703918457,13.493358596910616,13.512913703918457,955500,0.0,0.0,0.0
2026-01-14 00:00:00-05:00,13.503136607580206,13.552024841308594,13.503136607580206,13.552024841308594,588100,0.0,0.0,0.0
2026-01-15 00:00:00-05:00,13.561802867097468,13.57158088684082,13.542247760094046,13.57158088684082,520600,0.0,0.0,0.0
2026-01-16 00:00:00-05:00,13.571580880786579,13.58135890052557,13.542247754052887,13.552024841308594,392400,0.0,0.0,0.0
2026-01-19 00:00:00-05:00,13.552024859485616,13.552024859485616,13.532469752464689,13.542247772216797,368700,0.0,0.0,0.0
2026-01-20 00:00:00-05:00,13.512915630831762,13.53247167311154,13.503138542175293,13.503138542175293,653800,0.0,0.0,0.0
2026-01-21 00:00:00-05:00,13.50313661665618,13.532469743409585,13.493358596910616,13.512913703918457,722300,0.0,0.0,0.0
2026-01-22 00:00:00-05:00,13.522691732712582,13.552024859485616,13.522691732712582,13.542247772216797,476400,0.0,0.0,0.0
2026-01-23 00:00:00-05:00,13.532469752464689,13.542247772216797,13.512913712960476,13.542247772216797,529400,0.0,0.0,0.0
2026-01-26 00:00:00-05:00,13.571582795836823,13.591137905590891,13.571582795836823,13.581360816955566,322900,0.0,0.0,0.0
2026-01-27 00:00:00-05:00,13.571580898989831,13.571580898989831,13.542247772216797,13.542247772216797,386900,0.0,0.0,0.0
2026-01-28 00:00:00-05:00,13.552024841308594,13.561802861047585,13.532469734313896,13.552024841308594,504300,0.0,0.0,0.0
2026-01-29 00:00:00-05:00,13.551045417785645,13.57065664191856,13.531435128767365,13.551045417785645,1055800,0.039,0.0,0.0
2026-01-30 00:00:00-05:00,13.56085205078125,13.56085205078125,13.541241760286608,13.56085205078125,618700,0.0,0.0,0.0
2026-02-02 00:00:00-05:00,13.560851029852103,13.560851029852103,13.531435128767365,13.551045417785645,671800,0.0,0.0,0.0
2026-02-03 00:00:00-05:00,13.551045417785645,13.551045417785645,13.531435128767365,13.551045417785645,567800,0.0,0.0,0.0
2026-02-04 00:00:00-05:00,13.541240740833821,13.57065664191856,13.531435128767365,13.551045417785645,514100,0.0,0.0,0.0
2026-02-05 00:00:00-05:00,13.570654937565918,13.590265224121323,13.551043715895997,13.580460548400879,450000,0.0,0.0,0.0
2026-02-06 00:00:00-05:00,13.580461434228468,13.580461434228468,13.551044599804781,13.570655822753906,616400,0.0,0.0,0.0
2026-02-09 00:00:00-05:00,13.580461551277677,13.590266227722168,13.560850328159527,13.590266227722168,508700,0.0,0.0,0.0
2026-02-10 00:00:00-05:00,13.590268267651538,13.6196851067443,13.590268267651538,13.609879493713379,874500,0.0,0.0,0.0
2026-02-11 00:00:00-05:00,13.60007209122543,13.639293603073735,13.60007209122543,13.629487991333008,573900,0.0,0.0,0.0
2026-02-12 00:00:00-05:00,13.63929290267251,13.668708801269531,13.62948729143532,13.668708801269531,250500,0.0,0.0,0.0
2026-02-13 00:00:00-05:00,13.668709889550627,13.707931402507594,13.668709889550627,13.688321113586426,578900,0.0,0.0,0.0
2026-02-17 00:00:00-05:00,13.698125839233398,13.727541738269037,13.698125839233398,13.698125839233398,654400,0.0,0.0,0.0
2026-02-18 00:00:00-05:00,13.688320227849994,13.717736126885635,13.688320227849994,13.698125839233398,502000,0.0,0.0,0.0
2026-02-19 00:00:00-05:00,13.70793051550223,13.70793051550223,13.688320227849994,13.698125839233398,499400,0.0,0.0,0.0
2026-02-20 00:00:00-05:00,13.71773624420166,13.71773624420166,13.698125956381713,13.71773624420166,532700,0.0,0.0,0.0
2026-02-23 00:00:00-05:00,13.727542944273699,13.747154168763409,13.717737332028845,13.737348556518555,817000,0.0,0.0,0.0
2026-02-24 00:00:00-05:00,13.737348489394208,13.74715410159115,13.727542877197266,13.727542877197266,654300,0.0,0.0,0.0
2026-02-25 00:00:00-05:00,13.727542877197266,13.74715410159115,13.717737265000324,13.727542877197266,506800,0.0,0.0,0.0
2026-02-26 00:00:00-05:00,13.74622473510092,13.756057739257812,13.736392668670916,13.756057739257812,541600,0.039,0.0,0.0
2026-02-27 00:00:00-05:00,13.765890121459961,13.77572312517259,13.746224114034703,13.765890121459961,608500,0.0,0.0,0.0
2026-03-02 00:00:00-05:00,13.726559929592,13.726559929592,13.687228849931783,13.706893920898438,747400,0.0,0.0,0.0
2026-03-03 00:00:00-05:00,13.628231736700425,13.697061829275338,13.608566665769668,13.677395820617676,1445500,0.0,0.0,0.0
2026-03-04 00:00:00-05:00,13.687229447968356,13.69706245274477,13.667563438415527,13.667563438415527,645500,0.0,0.0,0.0
2026-03-05 00:00:00-05:00,13.618398666381836,13.628230732259109,13.598732659173617,13.618398666381836,544900,0.0,0.0,0.0
2026-03-06 00:00:00-05:00,13.569234182893396,13.579067186205329,13.539736110684407,13.549568176269531,816100,0.0,0.0,0.0
2026-03-09 00:00:00-04:00,13.500404141200955,13.598732299185414,13.490572075583957,13.57906723022461,761900,0.0,0.0,0.0
2026-03-10 00:00:00-04:00,13.579066897450982,13.608564969032704,13.559400891245307,13.569233894348145,608500,0.0,0.0,0.0
2026-03-11 00:00:00-04:00,13.549569702663872,13.549569702663872,13.480740547180176,13.480740547180176,688100,0.0,0.0,0.0
2026-03-12 00:00:00-04:00,13.480740189932321,13.490573194091388,13.431576106863883,13.44140911102295,507100,0.0,0.0,0.0
2026-03-13 00:00:00-04:00,13.500405593453364,13.510238597854917,13.431576438096306,13.451242446899414,783500,0.0,0.0,0.0
2026-03-16 00:00:00-04:00,13.510237693786621,13.529903701273735,13.490572624026358,13.510237693786621,556400,0.0,0.0,0.0
2026-03-17 00:00:00-04:00,13.559402772623447,13.56923577709062,13.539737701416016,13.539737701416016,607900,0.0,0.0,0.0
2026-03-18 00:00:00-04:00,13.53973763597114,13.549569702663872,13.47090754276053,13.480740547180176,765700,0.0,0.0,0.0
2026-03-19 00:00:00-04:00,13.470906616539244,13.520070697530178,13.470906616539244,13.510237693786621,622500,0.0,0.0,0.0
2026-03-20 00:00:00-04:00,13.470908078302578,13.470908078302578,13.382412910461426,13.382412910461426,818500,0.0,0.0,0.0
2026-03-23 00:00:00-04:00,13.40207800660184,13.480740164270847,13.392245002461491,13.411911010742188,843600,0.0,0.0,0.0
2026-03-24 00:00:00-04:00,13.382412910461426,13.421743991976722,13.362747838567254,13.382412910461426,427200,0.0,0.0,0.0
2026-03-25 00:00:00-04:00,13.451241851244697,13.500404995621578,13.451241851244697,13.490572929382324,534800,0.0,0.0,0.0
2026-03-26 00:00:00-04:00,13.451242406059436,13.461074472704226,13.402078321927844,13.421743392944336,554600,0.0,0.0,0.0
2026-03-27 00:00:00-04:00,13.38241261934672,13.411911633136699,13.38241261934672,13.402078628540039,499800,0.0,0.0,0.0
2026-03-30 00:00:00-04:00,13.459266662597656,13.478987651750641,13.449407108369684,13.459266662597656,409100,0.038,0.0,0.0
2026-03-31 00:00:00-04:00,13.488848188393865,13.50856823725983,13.469127199179377,13.478987693786621,522800,0.0,0.0,0.0
2026-04-01 00:00:00-04:00,13.478987651750641,13.498707700555105,13.459266662597656,13.459266662597656,612300,0.0,0.0,0.0
2026-04-02 00:00:00-04:00,13.469127696275944,13.51842923078318,13.449407646682184,13.488848686218262,382600,0.0,0.0,0.0
2026-04-06 00:00:00-04:00,13.478987764203733,13.518428802490234,13.469127269544977,13.518428802490234,598400,0.0,0.0,0.0
2026-04-07 00:00:00-04:00,13.488847689840572,13.49870724373488,13.41982517048949,13.46912670135498,501900,0.0,0.0,0.0
2026-04-08 00:00:00-04:00,13.577590401805365,13.587449955804587,13.528288870415265,13.548008918762207,437800,0.0,0.0,0.0
2026-04-09 00:00:00-04:00,13.518428830994317,13.55786986936398,13.478987792624652,13.538148880004883,597000,0.0,0.0,0.0
2026-04-10 00:00:00-04:00,13.538148851459221,13.538148851459221,13.508568307831478,13.518428802490234,377500,0.0,0.0,0.0
2026-04-13 00:00:00-04:00,13.50856785259464,13.528288841247559,13.488847804290216,13.528288841247559,516500,0.0,0.0,0.0
2026-04-14 00:00:00-04:00,13.51842891428952,13.577590942382812,13.508568419549215,13.577590942382812,675600,0.0,0.0,0.0
2026-04-15 00:00:00-04:00,13.567730364043527,13.567730364043527,13.538148880004883,13.538148880004883,356100,0.0,0.0,0.0
2026-04-16 00:00:00-04:00,13.557869341187153,13.557869341187153,13.498707315763182,13.508567810058594,528000,0.0,0.0,0.0
2026-04-17 00:00:00-04:00,13.567729979014874,13.60717101626527,13.567729979014874,13.58745002746582,716300,0.0,0.0,0.0
2026-04-20 00:00:00-04:00,13.577590018433012,13.597310066223145,13.567729524363711,13.597310066223145,841100,0.0,0.0,0.0
2026-04-21 00:00:00-04:00,13.597310949685198,13.597310949685198,13.538148921773907,13.557869911193848,1071000,0.0,0.0,0.0
2026-04-22 00:00:00-04:00,13.587450454975228,13.587450454975228,13.557869911193848,13.557869911193848,518000,0.0,0.0,0.0
2026-04-23 00:00:00-04:00,13.567730405903818,13.597310949685198,13.518428872702499,13.557869911193848,461200,0.0,0.0,0.0
2026-04-24 00:00:00-04:00,13.55786948461515,13.597310521865545,13.548008990215425,13.58745002746582,487800,0.0,0.0,0.0
2026-04-27 00:00:00-04:00,13.567730405903818,13.577590900613789,13.548009416483877,13.557869911193848,485900,0.0,0.0,0.0
2026-04-28 00:00:00-04:00,13.538148921773907,13.557869911193848,13.518428872702499,13.557869911193848,584600,0.0,0.0,0.0
2026-04-29 00:00:00-04:00,13.536116673045257,13.536116673045257,13.447129113197528,13.457015991210938,519000,0.038,0.0,0.0
2026-04-30 00:00:00-04:00,13.496565818786621,13.526229280562124,13.496565818786621,13.496565818786621,606900,0.0,0.0,0.0
2026-05-01 00:00:00-04:00,13.506453264089936,13.555891422720952,13.506453264089936,13.526228904724121,548600,0.0,0.0,0.0
2026-05-04 00:00:00-04:00,13.536116546744037,13.536116546744037,13.457015865647781,13.466903686523438,578600,0.0,0.0,0.0
2026-05-05 00:00:00-04:00,13.466903812178854,13.496566332128097,13.457015991210938,13.457015991210938,926300,0.0,0.0,0.0
2026-05-06 00:00:00-04:00,13.536117175643279,13.565780639648438,13.536117175643279,13.565780639648438,731600,0.0,0.0,0.0
2026-05-07 00:00:00-04:00,13.595442456509144,13.595442456509144,13.526229596657808,13.546004295349121,805600,0.0,0.0,0.0
2026-05-08 00:00:00-04:00,13.605331294648687,13.615219116210938,13.585555651524189,13.615219116210938,869400,0.0,0.0,0.0
2026-05-11 00:00:00-04:00,13.565779811392977,13.575666689169847,13.536116349198913,13.555891990661621,769600,0.0,0.0,0.0
2026-05-12 00:00:00-04:00,13.506453514099121,13.516341334599241,13.496565693599003,13.506453514099121,490800,0.0,0.0,0.0
2026-05-13 00:00:00-04:00,13.496566520873547,13.516342163085938,13.496566520873547,13.516342163085938,658700,0.0,0.0,0.0
2026-05-14 00:00:00-04:00,13.536116600036621,13.565780062780378,13.526229722076538,13.536116600036621,628500,0.0,0.0,0.0
2026-05-15 00:00:00-04:00,13.466903244523476,13.466903244523476,13.427352905273438,13.427352905273438,502300,0.0,0.0,0.0
2026-05-19 00:00:00-04:00,13.397690386574524,13.427352905273438,13.377914745472271,13.427352905273438,691800,0.0,0.0,0.0
2026-05-20 00:00:00-04:00,13.45701510545892,13.536115782086767,13.447128228096274,13.526228904724121,827100,0.0,0.0,0.0
2026-05-21 00:00:00-04:00,13.516341650690688,13.575666689169847,13.496566009227978,13.555891990661621,669400,0.0,0.0,0.0
2026-05-22 00:00:00-04:00,13.585554248153153,13.585554248153153,13.546003908944222,13.575666427612305,423100,0.0,0.0,0.0
2026-05-25 00:00:00-04:00,13.61521790108222,13.634992599487305,13.61521790108222,13.634992599487305,482400,0.0,0.0,0.0
2026-05-26 00:00:00-04:00,13.644881248474121,13.644881248474121,13.615218727588601,13.644881248474121,917000,0.0,0.0,0.0
2026-05-27 00:00:00-04:00,13.67454376935964,13.67454376935964,13.634993427194102,13.644881248474121,644000,0.0,0.0,0.0
2026-05-28 00:00:00-04:00,13.632983385542394,13.682558059692383,13.613153137659094,13.682558059692383,876400,0.038,0.0,0.0
2026-05-29 00:00:00-04:00,13.702386856079102,13.71230197965465,13.672642430910678,13.702386856079102,676100,0.0,0.0,0.0
2026-06-01 00:00:00-04:00,13.632982662947267,13.692472457885742,13.623067539531153,13.692472457885742,771200,0.0,0.0,0.0
2026-06-02 00:00:00-04:00,13.692472678061778,13.71230197965465,13.672642430910678,13.702386856079102,611000,0.0,0.0,0.0
2026-06-03 00:00:00-04:00,13.682557554486229,13.702386856079102,13.672642430910678,13.702386856079102,925100,0.0,0.0,0.0
2026-06-04 00:00:00-04:00,13.692472678061778,13.722217103230202,13.692472678061778,13.702386856079102,506900,0.0,0.0,0.0
2026-06-05 00:00:00-04:00,13.632982710861747,13.662727135656418,13.613152463959823,13.652812957763672,590500,0.0,0.0,0.0
2026-06-08 00:00:00-04:00,13.67264207789437,13.67264207789437,13.583407859134825,13.603238105773926,891000,0.0,0.0,0.0
2026-06-09 00:00:00-04:00,13.603238326045403,13.64289787440759,13.603238326045403,13.613152503967285,762500,0.0,0.0,0.0
2026-06-10 00:00:00-04:00,13.632982482611038,13.652812729180953,13.613152236041122,13.642897605895996,472800,0.0,0.0,0.0
2026-06-11 00:00:00-04:00,13.652813356619518,13.712302207946777,13.642898232878894,13.712302207946777,685800,0.0,0.0,0.0
2026-06-12 00:00:00-04:00,13.692472906023772,13.712302207946777,13.682557782283148,13.712302207946777,415900,0.0,0.0,0.0
2026-06-15 00:00:00-04:00,13.732132683719913,13.751961985972573,13.702387312003532,13.722217559814453,675200,0.0,0.0,0.0
2026-06-16 00:00:00-04:00,13.722216834626344,13.742046135831073,13.712301711244876,13.732131958007812,753800,0.0,0.0,0.0
2026-06-17 00:00:00-04:00,13.732132226805753,13.751961528398626,13.692472678061778,13.702386856079102,989600,0.0,0.0,0.0
2026-06-18 00:00:00-04:00,13.742046135831073,13.761876382594009,13.722216834626344,13.732131958007812,827900,0.0,0.0,0.0
2026-06-19 00:00:00-04:00,13.732132683719913,13.732132683719913,13.702387312003532,13.722217559814453,108900,0.0,0.0,0.0
2026-06-22 00:00:00-04:00,13.712302485959071,13.72221760990072,13.672642935750734,13.682558059692383,903200,0.0,0.0,0.0
2026-06-23 00:00:00-04:00,13.692472678061778,13.722217103230202,13.692472678061778,13.702386856079102,433400,0.0,0.0,0.0
2026-06-24 00:00:00-04:00,13.751961211435841,13.771791458129883,13.74204608808882,13.771791458129883,338900,0.0,0.0,0.0
2026-06-25 00:00:00-04:00,13.771791955479031,13.771791955479031,13.732132406216902,13.751961708068848,638700,0.0,0.0,0.0
2026-06-26 00:00:00-04:00,13.732132406216902,13.751961708068848,13.72221728251181,13.751961708068848,434100,0.0,0.0,0.0
2026-06-29 00:00:00-04:00,13.760909882724011,13.780795097351074,13.750966801298263,13.780795097351074,661200,0.039,0.0,0.0
2026-06-30 00:00:00-04:00,13.760910987854004,13.770854070078274,13.74102482340546,13.760910987854004,663600,0.0,0.0,0.0
2026-07-02 00:00:00-04:00,13.701252863935512,13.721139027543982,13.671424566747278,13.711195945739746,619400,0.0,0.0,0.0
2026-07-03 00:00:00-04:00,13.711195872411539,13.731082035913655,13.711195872411539,13.721138954162598,293800,0.0,0.0,0.0
2026-07-06 00:00:00-04:00,13.741024897153517,13.750967979431152,13.72113968082276,13.750967979431152,800100,0.0,0.0,0.0
2026-07-07 00:00:00-04:00,13.72113829734715,13.72113829734715,13.681366920471191,13.681366920471191,515400,0.0,0.0,0.0
2026-07-08 00:00:00-04:00,13.63165290520654,13.63165290520654,13.591881527038428,13.621709823608398,668600,0.0,0.0,0.0
2026-07-09 00:00:00-04:00,13.631653559298574,13.661481857299805,13.631653559298574,13.661481857299805,573900,0.0,0.0,0.0
2026-07-10 00:00:00-04:00,13.651538701679304,13.671424865722656,13.631653485860442,13.671424865722656,369700,0.0,0.0,0.0
2026-07-13 00:00:00-04:00,13.641595986804681,13.641595986804681,13.60182460863657,13.621709823608398,613400,0.0,0.0,0.0
2026-07-14 00:00:00-04:00,13.62170989683714,13.631652978488734,13.601824681758409,13.611766815185547,530600,0.0,0.0,0.0
2026-07-15 00:00:00-04:00,13.621710629755253,13.651538928090492,13.621710629755253,13.641596794128418,588100,0.0,0.0,0.0
2026-07-16 00:00:00-04:00,13.621710550714791,13.651538848876953,13.611767468585905,13.651538848876953,569200,0.0,0.0,0.0
2026-07-17 00:00:00-04:00,13.651538193567465,13.661481275219058,13.611766815185547,13.611766815185547,539300,0.0,0.0,0.0
2026-07-20 00:00:00-04:00,13.641595986804681,13.641595986804681,13.60182460863657,13.621709823608398,539200,0.0,0.0,0.0
2026-07-21 00:00:00-04:00,13.63165283203125,13.641595913576015,13.61176666894172,13.63165283203125,643900,0.0,0.0,0.0
2026-07-22 00:00:00-04:00,13.611767922384697,13.611767922384697,13.5819396232281,13.591882705688477,447900,0.0,0.0,0.0
2026-07-23 00:00:00-04:00,13.552110745610184,13.552110745610184,13.532224581538255,13.542167663574219,596400,0.0,0.0,0.0
2026-07-24 00:00:00-04:00,13.571995515309686,13.601824760437012,13.56205338182504,13.601824760437012,802600,0.0,0.0,0.0
2026-07-27 00:00:00-04:00,13.631653711941835,13.641596794128418,13.61176754756867,13.641596794128418,517900,0.0,0.0,0.0
2026-07-28 00:00:00-04:00,13.641596567882118,13.671424865722656,13.631653485860442,13.671424865722656,572300,0.0,0.0,0.0
2026-07-29 00:00:00-04:00,13.621709975630766,13.631653057339875,13.591881678727903,13.601824760437012,454600,0.0,0.0,0.0
2026-07-30 00:00:00-04:00,13.590856875998353,13.620770454406738,13.580885366217053,13.620770454406738,582800,0.039,0.0,0.0
2026-07-31 00:00:00-04:00,13.58088493347168,13.58088493347168,13.540999846552905,13.58088493347168,598400,0.0,0.0,0.0
2026-08-04 00:00:00-04:00,13.620769825986871,13.650683403015137,13.610798316665626,13.650683403015137,609200,0.0,0.0,0.0
2026-08-05 00:00:00-04:00,13.650683403015137,13.660654912336382,13.630741335308116,13.650683403015137,653700,0.0,0.0,0.0
2026-08-06 00:00:00-04:00,13.610798620275885,13.62077012981956,13.580885042580348,13.590856552124023,523700,0.0,0.0,0.0
2026-08-07 00:00:00-04:00,13.580884824202672,13.580884824202672,13.560942756371475,13.570913314819336,473200,0.0,0.0,0.0
2026-08-10 00:00:00-04:00,13.550971551422142,13.550971551422142,13.501114954320869,13.511086463928223,722500,0.0,0.0,0.0
2026-08-11 00:00:00-04:00,13.531028532207435,13.541000041814788,13.511086463928223,13.511086463928223,391400,0.0,0.0,0.0
2026-08-12 00:00:00-04:00,13.541000366210938,13.550971876057174,13.5310288563647,13.541000366210938,579100,0.0,0.0,0.0
2026-08-13 00:00:00-04:00,13.570913533036673,13.600828061667698,13.560942974428489,13.590856552124023,326200,0.0,0.0,0.0
2026-08-14 00:00:00-04:00,13.590856964506605,13.590856964506605,13.5310288563647,13.541000366210938,693200,0.0,0.0,0.0
2026-08-17 00:00:00-04:00,13.531028641332835,13.541000151020608,13.511086572892795,13.521058082580566,474600,0.0,0.0,0.0
2026-08-18 00:00:00-04:00,13.501115169195943,13.541000257324647,13.491143659429888,13.531028747558594,611600,0.0,0.0,0.0
2026-08-19 00:00:00-04:00,13.550971031188965,13.560942540413505,13.531028012739887,13.550971031188965,451800,0.0,0.0,0.0
2026-08-20 00:00:00-04:00,13.501114736069695,13.511086245515855,13.481172668112855,13.491143226623535,487400,0.0,0.0,0.0
2026-08-21 00:00:00-04:00,13.491143120077444,13.491143120077444,13.471201052278097,13.481172561645508,535600,0.0,0.0,0.0
2026-08-24 00:00:00-04:00,13.5310288563647,13.56094338590341,13.5310288563647,13.541000366210938,276300,0.0,0.0,0.0
2026-08-25 00:00:00-04:00,13.57091364190536,13.600828170776367,13.56094308321719,13.600828170776367,316400,0.0,0.0,0.0
2026-08-26 00:00:00-04:00,13.580884824202672,13.580884824202672,13.550971246988139,13.570913314819336,329200,0.0,0.0,0.0
2026-08-27 00:00:00-04:00,13.56094338590341,13.57091394481413,13.5310288563647,13.541000366210938,386100,0.0,0.0,0.0
2026-08-28 00:00:00-04:00,13.539999961853027,13.5600004196167,13.520000457763672,13.529999732971191,281800,0.039,0.0,0.0
2026-08-31 00:00:00-04:00,13.520000457763672,13.529999732971191,13.489999771118164,13.529999732971191,279900,0.0,0.0,0.0
2026-09-01 00:00:00-04:00,13.479999542236328,13.529999732971191,13.479999542236328,13.520000457763672,466900,0.0,0.0,0.0
2026-09-02 00:00:00-04:00,13.520000457763672,13.520000457763672,13.460000038146973,13.470000267028809,212400,0.0,0.0,0.0
2026-09-03 00:00:00-04:00,13.5,13.5,13.470000267028809,13.489999771118164,367000,0.0,0.0,0.0
2026-09-04 00:00:00-04:00,13.5,13.510000228881836,13.489999771118164,13.5,214800,0.0,0.0,0.0
2026-09-08 00:00:00-04:00,13.489999771118164,13.489999771118164,13.460000038146973,13.479999542236328,351600,0.0,0.0,0.0
2026-09-09 00:00:00-04:00,13.460000038146973,13.470000267028809,13.430000305175781,13.4399995803833,293300,0.0,0.0,0.0
2026-09-10 00:00:00-04:00,13.390000343322754,13.390000343322754,13.350000381469727,13.359999656677246,496900,0.0,0.0,0.0
2026-09-11 00:00:00-04:00,13.369999885559082,13.390000343322754,13.350000381469727,13.350000381469727,361300,0.0,0.0,0.0
