Date,Open,High,Low,Close,Volume,Dividends,Stock Splits,Capital Gains
2019-01-02 00:00:00-05:00,11.936693777788667,11.952286720275879,11.905507149266368,11.952286720275879,86600,0.0,0.0,0.0
2019-01-03 00:00:00-05:00,11.9522860409457,12.014659294445197,11.93669309934474,11.999066352844238,58100,0.0,0.0,0.0
2019-01-04 00:00:00-05:00,11.975676505780633,11.983473348798176,11.944489877258334,11.952286720275879,114500,0.0,0.0,0.0
2019-01-07 00:00:00-05:00,11.983475819665719,11.983475819665719,11.94449234008789,11.94449234008789,214500,0.0,0.0,0.0
2019-01-08 00:00:00-05:00,11.94448833631791,11.960082020341279,11.936692237854004,11.936692237854004,65900,0.0,0.0,0.0
2019-01-09 00:00:00-05:00,11.936688975500887,11.952281911714856,11.921095295739345,11.928892135620117,103400,0.0,0.0,0.0
2019-01-10 00:00:00-05:00,11.944485071834084,11.960078751595628,11.928892135620117,11.928892135620117,101200,0.0,0.0,0.0
2019-01-11 00:00:00-05:00,11.960082020341279,11.960082020341279,11.936692237854004,11.936692237854004,40200,0.0,0.0,0.0
2019-01-14 00:00:00-05:00,11.967882873963404,11.967882873963404,11.94449234008789,11.94449234008789,75100,0.0,0.0,0.0
2019-01-15 00:00:00-05:00,11.944485071834084,11.944485071834084,11.928892135620117,11.928892135620117,76300,0.0,0.0,0.0
2019-01-16 00:00:00-05:00,11.921095295739345,11.928892135620117,11.905502359525379,11.928892135620117,54900,0.0,0.0,0.0
2019-01-17 00:00:00-05:00,11.936691438411133,11.936691438411133,11.913300913942628,11.921097755432129,66900,0.0,0.0,0.0
2019-01-18 00:00:00-05:00,11.921096401150628,11.928893241754379,11.897706622887018,11.913299560546875,149000,0.0,0.0,0.0
2019-01-21 00:00:00-05:00,11.921098553830635,11.936692237854004,11.913301711818951,11.936692237854004,99700,0.0,0.0,0.0
2019-01-22 00:00:00-05:00,11.95228656319329,11.975676348390646,11.95228656319329,11.967880249023438,108800,0.0,0.0,0.0
2019-01-23 00:00:00-05:00,11.960083406108364,11.975676348390646,11.95228656319329,11.967880249023438,47400,0.0,0.0,0.0
2019-01-24 00:00:00-05:00,11.983475685119629,11.99906937419489,11.983475685119629,11.983475685119629,66200,0.0,0.0,0.0
2019-01-25 00:00:00-05:00,11.983475685119629,11.983475685119629,11.960085895054755,11.983475685119629,206900,0.0,0.0,0.0
2019-01-28 00:00:00-05:00,11.99127252965726,11.99127252965726,11.975678840581997,11.983475685119629,68700,0.0,0.0,0.0
2019-01-29 00:00:00-05:00,11.983470999640721,11.999105370598537,11.975653814161813,11.991288185119629,110100,0.04,0.0,0.0
2019-01-30 00:00:00-05:00,11.99910342211805,12.014737045049353,11.97565186948952,12.006919860839844,93400,0.0,0.0,0.0
2019-01-31 00:00:00-05:00,12.053823471069336,12.069457095622466,12.046006286048872,12.053823471069336,115500,0.0,0.0,0.0
2019-02-01 00:00:00-05:00,12.06164331889815,12.06164331889815,12.014740943908691,12.014740943908691,110500,0.0,0.0,0.0
2019-02-04 00:00:00-05:00,12.030380249023438,12.030380249023438,12.006928679171208,12.030380249023438,97900,0.0,0.0,0.0
2019-02-05 00:00:00-05:00,12.038193702697754,12.05382807871501,12.030377260177206,12.038193702697754,116800,0.0,0.0,0.0
2019-02-06 00:00:00-05:00,12.061640656089798,12.069457095622466,12.046006286048872,12.053823471069336,86200,0.0,0.0,0.0
2019-02-07 00:00:00-05:00,12.077279171067072,12.08509635925293,12.069461982881213,12.08509635925293,66000,0.0,0.0,0.0
2019-02-08 00:00:00-05:00,12.092913547438789,12.092913547438789,12.069461982881213,12.08509635925293,338900,0.0,0.0,0.0
2019-02-11 00:00:00-05:00,12.06164264678955,12.077276273922916,12.05382546047891,12.06164264678955,118900,0.0,0.0,0.0
2019-02-12 00:00:00-05:00,12.061644426859168,12.06946086883545,12.053827239394858,12.06946086883545,157900,0.0,0.0,0.0
2019-02-13 00:00:00-05:00,12.061640656089798,12.061640656089798,12.046006286048872,12.053823471069336,102500,0.0,0.0,0.0
2019-02-14 00:00:00-05:00,12.100726253211148,12.108543438982917,12.092909812927246,12.092909812927246,44000,0.0,0.0,0.0
2019-02-15 00:00:00-05:00,12.092913579767945,12.116364398900117,12.077279203354431,12.10854721069336,121200,0.0,0.0,0.0
2019-02-19 00:00:00-05:00,12.124181587106873,12.124181587106873,12.100730022486603,12.10854721069336,171900,0.0,0.0,0.0
2019-02-20 00:00:00-05:00,12.116364398900117,12.116364398900117,12.100730022486603,12.10854721069336,183100,0.0,0.0,0.0
2019-02-21 00:00:00-05:00,12.092911593538316,12.100728034973145,12.077277219692709,12.100728034973145,187000,0.0,0.0,0.0
2019-02-22 00:00:00-05:00,12.108545221895948,12.116362408818752,12.100728034973145,12.100728034973145,85900,0.0,0.0,0.0
2019-02-25 00:00:00-05:00,12.108540619393263,12.116357803344727,12.100723435441802,12.116357803344727,86500,0.0,0.0,0.0
2019-02-26 00:00:00-05:00,12.139875411987305,12.147712825448293,12.132037998526318,12.139875411987305,83300,0.04,0.0,0.0
2019-02-27 00:00:00-05:00,12.124197121432209,12.124197121432209,12.10068488921566,12.11635971069336,160500,0.0,0.0,0.0
2019-02-28 00:00:00-05:00,12.124198307820514,12.124198307820514,12.085011997708396,12.100686073303223,134100,0.0,0.0,0.0
2019-03-01 00:00:00-05:00,12.092849409214159,12.108523484808986,12.077174586202633,12.100686073303223,125300,0.0,0.0,0.0
2019-03-04 00:00:00-05:00,12.100691437006567,12.1242036819458,12.08501735446411,12.1242036819458,203500,0.0,0.0,0.0
2019-03-05 00:00:00-05:00,12.116361179471003,12.132035255432129,12.108523767782081,12.132035255432129,83000,0.0,0.0,0.0
2019-03-06 00:00:00-05:00,12.15555230004431,12.186901211786996,12.15555230004431,12.17906379699707,54500,0.0,0.0,0.0
2019-03-07 00:00:00-05:00,12.194735804679025,12.22608470916748,12.1868983917027,12.22608470916748,68200,0.0,0.0,0.0
2019-03-08 00:00:00-05:00,12.218244784277958,12.218244784277958,12.186895886234431,12.202569961547852,270500,0.0,0.0,0.0
2019-03-11 00:00:00-04:00,12.218247296191157,12.22608470916748,12.218247296191157,12.22608470916748,85100,0.0,0.0,0.0
2019-03-12 00:00:00-04:00,12.241756323342619,12.257431146139805,12.233918911944027,12.249593734741211,95200,0.0,0.0,0.0
2019-03-13 00:00:00-04:00,12.257432217049967,12.257432217049967,12.233919980799968,12.2417573928833,124000,0.0,0.0,0.0
2019-03-14 00:00:00-04:00,12.249593966770853,12.249593966770853,12.226082479546415,12.233919143676758,84900,0.0,0.0,0.0
2019-03-15 00:00:00-04:00,12.257436307728645,12.273110389709473,12.257436307728645,12.273110389709473,91700,0.0,0.0,0.0
2019-03-18 00:00:00-04:00,12.273105505290314,12.28878032844992,12.273105505290314,12.280942916870117,116900,0.0,0.0,0.0
2019-03-19 00:00:00-04:00,12.273105505290314,12.28878032844992,12.26526809371051,12.280942916870117,102000,0.0,0.0,0.0
2019-03-20 00:00:00-04:00,12.280946886081159,12.320133209228516,12.273109471968297,12.320133209228516,103500,0.0,0.0,0.0
2019-03-21 00:00:00-04:00,12.335807290037291,12.335807290037291,12.304458381002794,12.320133209228516,117200,0.0,0.0,0.0
2019-03-22 00:00:00-04:00,12.36715186654532,12.390664100646973,12.36715186654532,12.390664100646973,154200,0.0,0.0,0.0
2019-03-25 00:00:00-04:00,12.406337507212065,12.437686403574414,12.398500096267316,12.422012329101562,120100,0.0,0.0,0.0
2019-03-26 00:00:00-04:00,12.406337507212065,12.422012329101562,12.390663432739212,12.422012329101562,355600,0.0,0.0,0.0
2019-03-27 00:00:00-04:00,12.453440583455613,12.453440583455613,12.429868863606352,12.44558334350586,125100,0.04,0.0,0.0
2019-03-28 00:00:00-04:00,12.437725104757236,12.437725104757236,12.41415413610846,12.422011375427246,123700,0.0,0.0,0.0
2019-03-29 00:00:00-04:00,12.38272944919461,12.38272944919461,12.359157724535583,12.374872207641602,102700,0.0,0.0,0.0
2019-04-01 00:00:00-04:00,12.374871924088739,12.374871924088739,12.3198727330935,12.327729225158691,267200,0.0,0.0,0.0
2019-04-02 00:00:00-04:00,12.343441009521484,12.351298249176795,12.335583769866174,12.343441009521484,104400,0.0,0.0,0.0
2019-04-03 00:00:00-04:00,12.3198727330935,12.327729225158691,12.3198727330935,12.327729225158691,76100,0.0,0.0,0.0
2019-04-04 00:00:00-04:00,12.327726530210864,12.343441009521484,12.319870039863169,12.343441009521484,76700,0.0,0.0,0.0
2019-04-05 00:00:00-04:00,12.343441009521484,12.351298249176795,12.335583769866174,12.343441009521484,113900,0.0,0.0,0.0
2019-04-08 00:00:00-04:00,12.343445661955302,12.343445661955302,12.304160198179073,12.312017440795898,122800,0.0,0.0,0.0
2019-04-09 00:00:00-04:00,12.319874603234407,12.327731096492204,12.304160118103027,12.304160118103027,63500,0.0,0.0,0.0
2019-04-10 00:00:00-04:00,12.3198727330935,12.335586466531662,12.31201549172053,12.327729225158691,47000,0.0,0.0,0.0
2019-04-11 00:00:00-04:00,12.335588339057894,12.335588339057894,12.304160118103027,12.304160118103027,214400,0.0,0.0,0.0
2019-04-12 00:00:00-04:00,12.280584252072806,12.280584252072806,12.264869773195748,12.272727012634277,198400,0.0,0.0,0.0
2019-04-15 00:00:00-04:00,12.272731817174575,12.296302795410156,12.257018081453484,12.296302795410156,116700,0.0,0.0,0.0
2019-04-16 00:00:00-04:00,12.280584252072806,12.280584252072806,12.264869773195748,12.272727012634277,103400,0.0,0.0,0.0
2019-04-17 00:00:00-04:00,12.249161675193431,12.264875411987305,12.241304432142526,12.264875411987305,134700,0.0,0.0,0.0
2019-04-18 00:00:00-04:00,12.272731817174575,12.304160037924646,12.272731817174575,12.296302795410156,140600,0.0,0.0,0.0
2019-04-22 00:00:00-04:00,12.29629798164227,12.29629798164227,12.272727012634277,12.272727012634277,133200,0.0,0.0,0.0
2019-04-23 00:00:00-04:00,12.296302875537338,12.304160118103027,12.28844638227954,12.304160118103027,174800,0.0,0.0,0.0
2019-04-24 00:00:00-04:00,12.335587619501442,12.37487308073041,12.335587619501442,12.367015838623047,90000,0.0,0.0,0.0
2019-04-25 00:00:00-04:00,12.367011940863875,12.367011940863875,12.351298210909556,12.35915470123291,134800,0.0,0.0,0.0
2019-04-26 00:00:00-04:00,12.382787626137992,12.382787626137992,12.367033083090526,12.374910354614258,113800,0.04,0.0,0.0
2019-04-29 00:00:00-04:00,12.35128116607666,12.359157687578021,12.343403893357227,12.35128116607666,127600,0.0,0.0,0.0
2019-04-30 00:00:00-04:00,12.34340098970515,12.367032051086426,12.34340098970515,12.367032051086426,95600,0.0,0.0,0.0
2019-05-01 00:00:00-04:00,12.374907573691292,12.398538631734098,12.367030303937762,12.382784843444824,76900,0.0,0.0,0.0
2019-05-02 00:00:00-04:00,12.367029986535796,12.367029986535796,12.311890602111816,12.311890602111816,267300,0.0,0.0,0.0
2019-05-03 00:00:00-04:00,12.327650146814024,12.335527420043945,12.319773624802224,12.335527420043945,94900,0.0,0.0,0.0
2019-05-06 00:00:00-04:00,12.35128116607666,12.359157687578021,12.35128116607666,12.35128116607666,144800,0.0,0.0,0.0
2019-05-07 00:00:00-04:00,12.374910387085242,12.398541450500488,12.367033115540838,12.398541450500488,128600,0.0,0.0,0.0
2019-05-08 00:00:00-04:00,12.398538631734098,12.406415901487629,12.367030303937762,12.382784843444824,125200,0.0,0.0,0.0
2019-05-09 00:00:00-04:00,12.390664178956087,12.414295993589294,12.390664178956087,12.398541450500488,89100,0.0,0.0,0.0
2019-05-10 00:00:00-04:00,12.382787626137992,12.398541417967499,12.367033083090526,12.374910354614258,104800,0.0,0.0,0.0
2019-05-13 00:00:00-04:00,12.406418956674282,12.422173500061035,12.398541684980904,12.422173500061035,50100,0.0,0.0,0.0
2019-05-14 00:00:00-04:00,12.414301797627154,12.414301797627154,12.390669971945398,12.406424522399902,115700,0.0,0.0,0.0
2019-05-15 00:00:00-04:00,12.430051803588867,12.445806349235562,12.422175281983602,12.430051803588867,72200,0.0,0.0,0.0
2019-05-16 00:00:00-04:00,12.422175281983602,12.430051803588867,12.414298009160255,12.430051803588867,76600,0.0,0.0,0.0
2019-05-17 00:00:00-04:00,12.453683622058909,12.453683622058909,12.414298009160255,12.430051803588867,115500,0.0,0.0,0.0
2019-05-21 00:00:00-04:00,12.398541417967499,12.398541417967499,12.367033083090526,12.374910354614258,182300,0.0,0.0,0.0
2019-05-22 00:00:00-04:00,12.374911261337484,12.390665054321289,12.367033989236575,12.390665054321289,57700,0.0,0.0,0.0
2019-05-23 00:00:00-04:00,12.414294436886891,12.46943382834753,12.414294436886891,12.453680038452148,164800,0.0,0.0,0.0
2019-05-24 00:00:00-04:00,12.469431957614912,12.477309226989746,12.453678170083,12.477309226989746,67800,0.0,0.0,0.0
2019-05-27 00:00:00-04:00,12.485189392712407,12.500943183898926,12.485189392712407,12.500943183898926,70600,0.0,0.0,0.0
2019-05-28 00:00:00-04:00,12.51669979095459,12.51669979095459,12.500945245951401,12.51669979095459,68900,0.0,0.0,0.0
2019-05-29 00:00:00-04:00,12.516700744628906,12.540391449422717,12.516700744628906,12.516700744628906,574000,0.04,0.0,0.0
2019-05-30 00:00:00-04:00,12.508801710837357,12.524595260620117,12.493007407940784,12.524595260620117,114100,0.0,0.0,0.0
2019-05-31 00:00:00-04:00,12.564081192016602,12.571978344047723,12.55618403998548,12.564081192016602,198000,0.0,0.0,0.0
2019-06-03 00:00:00-04:00,12.595665459164282,12.619356155395508,12.579871912714685,12.619356155395508,78100,0.0,0.0,0.0
2019-06-04 00:00:00-04:00,12.603561401367188,12.611458550392168,12.587767103317226,12.603561401367188,88200,0.0,0.0,0.0
2019-06-05 00:00:00-04:00,12.619356155395508,12.627253305177133,12.611459758727536,12.619356155395508,82400,0.0,0.0,0.0
2019-06-06 00:00:00-04:00,12.627252095328547,12.627252095328547,12.603561401367188,12.603561401367188,116800,0.0,0.0,0.0
2019-06-07 00:00:00-04:00,12.627253305177133,12.627253305177133,12.603562608945909,12.619356155395508,74300,0.0,0.0,0.0
2019-06-10 00:00:00-04:00,12.595666658895642,12.595666658895642,12.579873110941715,12.587769508361816,90100,0.0,0.0,0.0
2019-06-11 00:00:00-04:00,12.571979522705078,12.57987667547658,12.564082369933578,12.571979522705078,93500,0.0,0.0,0.0
2019-06-12 00:00:00-04:00,12.571979993984597,12.595670700073242,12.571979993984597,12.595670700073242,98800,0.0,0.0,0.0
2019-06-13 00:00:00-04:00,12.603566867435347,12.635154724121094,12.603566867435347,12.635154724121094,71300,0.0,0.0,0.0
2019-06-14 00:00:00-04:00,12.635157077656233,12.650951385498047,12.635157077656233,12.650951385498047,66900,0.0,0.0,0.0
2019-06-17 00:00:00-04:00,12.658843994140625,12.658843994140625,12.635152540884546,12.658843994140625,76500,0.0,0.0,0.0
2019-06-18 00:00:00-04:00,12.690431143054257,12.690431143054257,12.650946893696961,12.674636840820312,214400,0.0,0.0,0.0
2019-06-19 00:00:00-04:00,12.658843318396231,12.690430414823956,12.650946167732432,12.682533264160156,111400,0.0,0.0,0.0
2019-06-20 00:00:00-04:00,12.698328746246752,12.698328746246752,12.682534443450512,12.690431594848633,146000,0.0,0.0,0.0
2019-06-21 00:00:00-04:00,12.674638924690969,12.674638924690969,12.658846126088054,12.666743278503418,73700,0.0,0.0,0.0
2019-06-24 00:00:00-04:00,12.682533264160156,12.690430414823956,12.674636113496355,12.682533264160156,79700,0.0,0.0,0.0
2019-06-25 00:00:00-04:00,12.690431594848633,12.698328746246752,12.682534443450512,12.690431594848633,171300,0.0,0.0,0.0
2019-06-26 00:00:00-04:00,12.690436155979178,12.690436155979178,12.642935752868652,12.642935752868652,108500,0.04,0.0,0.0
2019-06-27 00:00:00-04:00,12.642936775914235,12.674603462219238,12.642936775914235,12.674603462219238,224700,0.0,0.0,0.0
2019-06-28 00:00:00-04:00,12.666681570304343,12.698348999023438,12.658764713124569,12.698348999023438,50400,0.0,0.0,0.0
2019-07-02 00:00:00-04:00,12.682514738010099,12.690431594848633,12.666681024333032,12.690431594848633,138700,0.0,0.0,0.0
2019-07-03 00:00:00-04:00,12.698348742296746,12.714180946350098,12.69043188527703,12.714180946350098,92600,0.0,0.0,0.0
2019-07-04 00:00:00-04:00,12.706263542175293,12.714180398854095,12.706263542175293,12.706263542175293,103400,0.0,0.0,0.0
2019-07-05 00:00:00-04:00,12.650845439650405,12.650845439650405,12.611262671297903,12.619178771972656,190900,0.0,0.0,0.0
2019-07-08 00:00:00-04:00,12.619184147564967,12.635017865645235,12.611268043518066,12.611268043518066,78700,0.0,0.0,0.0
2019-07-09 00:00:00-04:00,12.619178771972656,12.635012483307987,12.611262671297903,12.619178771972656,60600,0.0,0.0,0.0
2019-07-10 00:00:00-04:00,12.611262671297903,12.627095627640323,12.595428959962574,12.619178771972656,116800,0.0,0.0,0.0
2019-07-11 00:00:00-04:00,12.611267360502058,12.627100322731591,12.579600681049797,12.587516784667969,98400,0.0,0.0,0.0
2019-07-12 00:00:00-04:00,12.579599320976424,12.59543228149414,12.571682463221011,12.59543228149414,90400,0.0,0.0,0.0
2019-07-15 00:00:00-04:00,12.603351184477933,12.619184147564967,12.595434325437799,12.611268043518066,236900,0.0,0.0,0.0
2019-07-16 00:00:00-04:00,12.57959986636614,12.603349685668945,12.57168300826749,12.603349685668945,112200,0.0,0.0,0.0
2019-07-17 00:00:00-04:00,12.62709816513101,12.658764839172363,12.619181307872404,12.658764839172363,115400,0.0,0.0,0.0
2019-07-18 00:00:00-04:00,12.658769741570058,12.682520322543827,12.65085288124547,12.674603462219238,47500,0.0,0.0,0.0
2019-07-19 00:00:00-04:00,12.698354043193007,12.698354043193007,12.666686601894648,12.674603462219238,80500,0.0,0.0,0.0
2019-07-22 00:00:00-04:00,12.722098060576647,12.722098060576647,12.690432141843663,12.698348999023438,80700,0.0,0.0,0.0
2019-07-23 00:00:00-04:00,12.714180655378188,12.714180655378188,12.690431594848633,12.690431594848633,76800,0.0,0.0,0.0
2019-07-24 00:00:00-04:00,12.71418244624555,12.722099304199219,12.71418244624555,12.722099304199219,67800,0.0,0.0,0.0
2019-07-25 00:00:00-04:00,12.714180946350098,12.714180946350098,12.70626408933038,12.714180946350098,104100,0.0,0.0,0.0
2019-07-26 00:00:00-04:00,12.722097255532896,12.722097255532896,12.698348195482508,12.706263542175293,139200,0.0,0.0,0.0
2019-07-29 00:00:00-04:00,12.714203201246164,12.714203201246164,12.690393287682582,12.69832992553711,189800,0.04,0.0,0.0
2019-07-30 00:00:00-04:00,12.690389791185378,12.698326426853178,12.666580641061215,12.682453155517578,82600,0.0,0.0,0.0
2019-07-31 00:00:00-04:00,12.682456649828055,12.714203201246164,12.674520768852972,12.69832992553711,89500,0.0,0.0,0.0
2019-08-01 00:00:00-04:00,12.706259353422487,12.777687539823532,12.698322720071479,12.753877639770508,110300,0.0,0.0,0.0
2019-08-02 00:00:00-04:00,12.78563237201002,12.809440773572243,12.78563237201002,12.801504135131836,53000,0.0,0.0,0.0
2019-08-06 00:00:00-04:00,12.825310949966017,12.896739164903094,12.825310949966017,12.888802528381348,120400,0.0,0.0,0.0
2019-08-07 00:00:00-04:00,12.976107370890924,12.99198064803791,12.90467913748852,12.912615776062012,96700,0.0,0.0,0.0
2019-08-08 00:00:00-04:00,12.89673980046506,12.9126130742908,12.84912149274655,12.90467643737793,114000,0.0,0.0,0.0
2019-08-09 00:00:00-04:00,12.91261084341886,12.928484114502222,12.872927665710451,12.87292766571045,78000,0.0,0.0,0.0
2019-08-12 00:00:00-04:00,12.896736469885438,12.944354765306532,12.896736469885438,12.928483009338379,106200,0.0,0.0,0.0
2019-08-13 00:00:00-04:00,12.936424178023463,12.936424178023463,12.87293258319455,12.912615776062012,113000,0.0,0.0,0.0
2019-08-14 00:00:00-04:00,12.991979919934163,12.991979919934163,12.968170005548055,12.976106643676758,210600,0.0,0.0,0.0
2019-08-15 00:00:00-04:00,12.976100229359929,13.039591789245605,12.976100229359929,13.039591789245605,103700,0.0,0.0,0.0
2019-08-16 00:00:00-04:00,12.999913215637207,13.007849852649482,12.968168181346835,12.999913215637207,101000,0.0,0.0,0.0
2019-08-19 00:00:00-04:00,12.936423773378777,12.960233688354492,12.92055201048728,12.960233688354492,115900,0.0,0.0,0.0
2019-08-20 00:00:00-04:00,12.976106965004968,12.991980241655446,12.952297050029253,12.960233688354492,121700,0.0,0.0,0.0
2019-08-21 00:00:00-04:00,12.92054971120367,12.928486348116538,12.89673980046506,12.90467643737793,192500,0.0,0.0,0.0
2019-08-22 00:00:00-04:00,12.872928693357037,12.872928693357037,12.84118366241455,12.84118366241455,134600,0.0,0.0,0.0
2019-08-23 00:00:00-04:00,12.841185487102967,12.928486983677544,12.833248849799935,12.920550346374512,79900,0.0,0.0,0.0
2019-08-26 00:00:00-04:00,12.912612278890446,12.920548915314429,12.880865733194513,12.89673900604248,71600,0.0,0.0,0.0
2019-08-27 00:00:00-04:00,12.92055169053478,12.976106643676758,12.92055169053478,12.976106643676758,58600,0.0,0.0,0.0
2019-08-28 00:00:00-04:00,12.992013526238631,12.992013526238631,12.968145226880647,12.984057426452637,129200,0.04,0.0,0.0
2019-08-29 00:00:00-04:00,13.007923000054587,13.007923000054587,12.952231830693348,12.96814250946045,155200,0.0,0.0,0.0
2019-08-30 00:00:00-04:00,12.960193634033203,12.976104319804364,12.928369227548435,12.960193634033203,69700,0.0,0.0,0.0
2019-09-03 00:00:00-04:00,12.96814577518279,12.992014075549944,12.944278992286575,12.976101875305176,111200,0.0,0.0,0.0
2019-09-04 00:00:00-04:00,12.976101875305176,12.98405797542756,12.960191192531344,12.976101875305176,107200,0.0,0.0,0.0
2019-09-05 00:00:00-04:00,12.89654705376357,12.89654705376357,12.848811953243557,12.864724159240723,170100,0.0,0.0,0.0
2019-09-06 00:00:00-04:00,12.856764389303605,12.86472049003299,12.832896087115447,12.848808288574219,167000,0.0,0.0,0.0
2019-09-09 00:00:00-04:00,12.816985275641319,12.824941376291568,12.793116973690571,12.80107307434082,116900,0.0,0.0,0.0
2019-09-10 00:00:00-04:00,12.793123294212933,12.793123294212933,12.729475975036621,12.729475975036621,219700,0.0,0.0,0.0
2019-09-11 00:00:00-04:00,12.729471757462546,12.75334006329745,12.721515655517578,12.721515655517578,200200,0.0,0.0,0.0
2019-09-12 00:00:00-04:00,12.745382538566949,12.745382538566949,12.673779146526709,12.689690589904785,124800,0.0,0.0,0.0
2019-09-13 00:00:00-04:00,12.673778274673035,12.681733616447032,12.649909973144531,12.649909973144531,160200,0.0,0.0,0.0
2019-09-16 00:00:00-04:00,12.673779549532718,12.705603196036371,12.665823448222909,12.697647094726562,75200,0.0,0.0,0.0
2019-09-17 00:00:00-04:00,12.705608420029478,12.729475975036621,12.689696210867453,12.729475975036621,103000,0.0,0.0,0.0
2019-09-18 00:00:00-04:00,12.73742606246154,12.777205049103234,12.73742606246154,12.7612943649292,94900,0.0,0.0,0.0
2019-09-19 00:00:00-04:00,12.785164431111479,12.785164431111479,12.769252225382663,12.77720832824707,127200,0.0,0.0,0.0
2019-09-20 00:00:00-04:00,12.777204627509882,12.816985130310059,12.777204627509882,12.816985130310059,64200,0.0,0.0,0.0
2019-09-23 00:00:00-04:00,12.84881034395781,12.85676644595991,12.832898139953613,12.832898139953613,132700,0.0,0.0,0.0
2019-09-24 00:00:00-04:00,12.848810315719863,12.89654541015625,12.84085421373525,12.89654541015625,101200,0.0,0.0,0.0
2019-09-25 00:00:00-04:00,12.896541733754598,12.896541733754598,12.801071572097387,12.809027671813965,168600,0.0,0.0,0.0
2019-09-26 00:00:00-04:00,12.83295726776123,12.840933185019864,12.824981350502599,12.83295726776123,111300,0.04,0.0,0.0
2019-09-27 00:00:00-04:00,12.824981350502599,12.840933185019864,12.817005433243965,12.83295726776123,65700,0.0,0.0,0.0
2019-09-30 00:00:00-04:00,12.824978154504334,12.840929985046387,12.809026323962282,12.840929985046387,163400,0.0,0.0,0.0
2019-10-01 00:00:00-04:00,12.809029515985333,12.864859415545094,12.8010535987267,12.83295726776123,120700,0.0,0.0,0.0
2019-10-02 00:00:00-04:00,12.880809783935547,12.88878570028634,12.856883556133662,12.880809783935547,91800,0.0,0.0,0.0
2019-10-03 00:00:00-04:00,12.888786145577289,12.936640124084848,12.888786145577289,12.928664207458496,172100,0.0,0.0,0.0
2019-10-04 00:00:00-04:00,12.944614073294382,12.952589988708496,12.928662242466155,12.952589988708496,154400,0.0,0.0,0.0
2019-10-07 00:00:00-04:00,12.936639277905789,12.936639277905789,12.896761218632985,12.912713050842285,167000,0.0,0.0,0.0
2019-10-08 00:00:00-04:00,12.93664248463317,12.93664248463317,12.896764415475413,12.904740333557129,179000,0.0,0.0,0.0
2019-10-09 00:00:00-04:00,12.896760999861183,12.896760999861183,12.856882941264843,12.872833251953125,81000,0.0,0.0,0.0
2019-10-10 00:00:00-04:00,12.832956485156961,12.832956485156961,12.785102505774157,12.793078422546387,219200,0.0,0.0,0.0
2019-10-11 00:00:00-04:00,12.745224531543796,12.745224531543796,12.697370546117375,12.737249374389648,288400,0.0,0.0,0.0
2019-10-15 00:00:00-04:00,12.745220685463234,12.753196600835903,12.68939079910487,12.697366714477539,157400,0.0,0.0,0.0
2019-10-16 00:00:00-04:00,12.705342629850206,12.705342629850206,12.68939079910487,12.697366714477539,106300,0.0,0.0,0.0
2019-10-17 00:00:00-04:00,12.68939079910487,12.705342629850206,12.681414883732204,12.697366714477539,87900,0.0,0.0,0.0
2019-10-18 00:00:00-04:00,12.70534714198844,12.721298217773438,12.697371223783229,12.721298217773438,73800,0.0,0.0,0.0
2019-10-21 00:00:00-04:00,12.705349387824466,12.713324546813965,12.68939754859435,12.713324546813965,154400,0.0,0.0,0.0
2019-10-22 00:00:00-04:00,12.753200449323328,12.753200449323328,12.721297538830585,12.737249374389648,90600,0.0,0.0,0.0
2019-10-23 00:00:00-04:00,12.761179653387716,12.761179653387716,12.745227813720703,12.745227813720703,104200,0.0,0.0,0.0
2019-10-24 00:00:00-04:00,12.745222006832511,12.761173839231663,12.721295018859017,12.729270935058594,145600,0.0,0.0,0.0
2019-10-25 00:00:00-04:00,12.74522746464864,12.74522746464864,12.705349387824466,12.713324546813965,140600,0.0,0.0,0.0
2019-10-28 00:00:00-04:00,12.665466287406142,12.665466287406142,12.625587463378906,12.625587463378906,209500,0.0,0.0,0.0
2019-10-29 00:00:00-04:00,12.649572372436523,12.657568492627544,12.633580894606476,12.649572372436523,89800,0.04,0.0,0.0
2019-10-30 00:00:00-04:00,12.6575692896721,12.761516571044922,12.6575692896721,12.761516571044922,114100,0.0,0.0,0.0
2019-10-31 00:00:00-04:00,12.801497459411621,12.817489702109208,12.793501338062827,12.801497459411621,97200,0.0,0.0,0.0
2019-11-01 00:00:00-04:00,12.785507202148438,12.793503324738932,12.761519596929174,12.785507202148438,152800,0.0,0.0,0.0
2019-11-04 00:00:00-05:00,12.729535619809377,12.737531742243267,12.7135433749416,12.721539497375488,173000,0.0,0.0,0.0
2019-11-05 00:00:00-05:00,12.681556014782721,12.681556014782721,12.657568416905157,12.66556453704834,173000,0.0,0.0,0.0
2019-11-06 00:00:00-05:00,12.7135433749416,12.721539497375488,12.681559647758247,12.721539497375488,99700,0.0,0.0,0.0
2019-11-07 00:00:00-05:00,12.665566881916474,12.673563003540039,12.641579279597911,12.673563003540039,168600,0.0,0.0,0.0
2019-11-08 00:00:00-05:00,12.681555159255165,12.713538875118216,12.681555159255165,12.705543518066406,200200,0.0,0.0,0.0
2019-11-11 00:00:00-05:00,12.681555159255165,12.721534994721964,12.681555159255165,12.705543518066406,114700,0.0,0.0,0.0
2019-11-12 00:00:00-05:00,12.673562734122491,12.689554214477539,12.65757049121533,12.689554214477539,150700,0.0,0.0,0.0
2019-11-13 00:00:00-05:00,12.745526067545672,12.745526067545672,12.713542342958503,12.737530708312988,113100,0.0,0.0,0.0
2019-11-14 00:00:00-05:00,12.75352149387096,12.801497459411621,12.75352149387096,12.801497459411621,162900,0.0,0.0,0.0
2019-11-15 00:00:00-05:00,12.801499803090609,12.80949592590332,12.785507557465186,12.80949592590332,95100,0.0,0.0,0.0
2019-11-18 00:00:00-05:00,12.80949592590332,12.833482769236973,12.801499803090609,12.80949592590332,133000,0.0,0.0,0.0
2019-11-19 00:00:00-05:00,12.825486160001159,12.857469121131368,12.817490038442545,12.849472999572754,90900,0.0,0.0,0.0
2019-11-20 00:00:00-05:00,12.873462160417564,12.881458282470703,12.857469916311285,12.881458282470703,74500,0.0,0.0,0.0
2019-11-21 00:00:00-05:00,12.849474470252126,12.849474470252126,12.825487627935129,12.84147834777832,120300,0.0,0.0,0.0
2019-11-22 00:00:00-05:00,12.825486160001159,12.849472999572754,12.825486160001159,12.849472999572754,108300,0.0,0.0,0.0
2019-11-25 00:00:00-05:00,12.84147687801414,12.849472999572754,12.84147687801414,12.849472999572754,76900,0.0,0.0,0.0
2019-11-26 00:00:00-05:00,12.873462160417564,12.881458282470703,12.873462160417564,12.881458282470703,150800,0.0,0.0,0.0
2019-11-27 00:00:00-05:00,12.865425881201611,12.865425881201611,12.84137933354326,12.85741138458252,95400,0.04,0.0,0.0
2019-11-28 00:00:00-05:00,12.857406801403787,12.873437317828236,12.849390778741565,12.865421295166016,57600,0.0,0.0,0.0
2019-11-29 00:00:00-05:00,12.857411174290462,12.881457721555513,12.841379123513418,12.873441696166992,65400,0.0,0.0,0.0
2019-12-02 00:00:00-05:00,12.841378997335823,12.841378997335823,12.801299635237285,12.825346946716309,172600,0.0,0.0,0.0
2019-12-03 00:00:00-05:00,12.857411734158559,12.889474308208278,12.841379682683408,12.881458282470703,152700,0.0,0.0,0.0
2019-12-04 00:00:00-05:00,12.857411836264921,12.857411836264921,12.801300420106582,12.80931568145752,169900,0.0,0.0,0.0
2019-12-05 00:00:00-05:00,12.761222279621897,12.769238306192037,12.745190226481617,12.753206253051758,108200,0.0,0.0,0.0
2019-12-06 00:00:00-05:00,12.761219957818165,12.777251243591309,12.753203932706477,12.777251243591309,79000,0.0,0.0,0.0
2019-12-09 00:00:00-05:00,12.785269594881948,12.793285621452087,12.753206253051758,12.753206253051758,128300,0.0,0.0,0.0
2019-12-10 00:00:00-05:00,12.761222279621897,12.761222279621897,12.737174964361847,12.753206253051758,104100,0.0,0.0,0.0
2019-12-11 00:00:00-05:00,12.74518848820565,12.76923656463623,12.737173227179056,12.76923656463623,276700,0.0,0.0,0.0
2019-12-12 00:00:00-05:00,12.769239145148985,12.769239145148985,12.697096430178586,12.70511245727539,175900,0.0,0.0,0.0
2019-12-13 00:00:00-05:00,12.729156621821646,12.785267268702995,12.705109310936814,12.777251243591309,103500,0.0,0.0,0.0
2019-12-16 00:00:00-05:00,12.753203000132686,12.761219024658203,12.737171715531824,12.761219024658203,95200,0.0,0.0,0.0
2019-12-17 00:00:00-05:00,12.761219024658203,12.761219024658203,12.745186975607167,12.761219024658203,87400,0.0,0.0,0.0
2019-12-18 00:00:00-05:00,12.753204366763107,12.753204366763107,12.70510974335654,12.737173080444336,203500,0.0,0.0,0.0
2019-12-19 00:00:00-05:00,12.729157201702197,12.76923656463623,12.721141176225338,12.76923656463623,62500,0.0,0.0,0.0
2019-12-20 00:00:00-05:00,12.785268368504115,12.80931568145752,12.777252342702882,12.80931568145752,83200,0.0,0.0,0.0
2019-12-23 00:00:00-05:00,12.825345842879289,12.825345842879289,12.785266484230254,12.793282508850098,89000,0.0,0.0,0.0
2019-12-24 00:00:00-05:00,12.801297187805176,12.809312447132276,12.793281164027972,12.801297187805176,34700,0.0,0.0,0.0
2019-12-27 00:00:00-05:00,12.825409430487511,12.825409430487511,12.80933712102616,12.817373275756836,124900,0.04,0.0,0.0
2019-12-30 00:00:00-05:00,12.76916054044608,12.777195930480957,12.753088227636216,12.777195930480957,123500,0.0,0.0,0.0
2019-12-31 00:00:00-05:00,12.769152208060698,12.769152208060698,12.720936067464132,12.745043754577637,124300,0.0,0.0,0.0
2020-01-02 00:00:00-05:00,12.76916054044608,12.801304399695754,12.761124384041148,12.777195930480957,103400,0.0,0.0,0.0
2020-01-03 00:00:00-05:00,12.825403459946003,12.857547297535058,12.809331157966705,12.84951114654541,104800,0.0,0.0,0.0
2020-01-06 00:00:00-05:00,12.8977325239539,12.8977325239539,12.80933712102616,12.817373275756836,268100,0.0,0.0,0.0
2020-01-07 00:00:00-05:00,12.8254032419527,12.833439392805756,12.80129555576305,12.809330940246582,150400,0.0,0.0,0.0
2020-01-08 00:00:00-05:00,12.809339789730629,12.817375946135561,12.761124384041148,12.777195930480957,203200,0.0,0.0,0.0
2020-01-09 00:00:00-05:00,12.761118636916152,12.801298634475206,12.761118636916152,12.793262481689453,117800,0.0,0.0,0.0
2020-01-10 00:00:00-05:00,12.785229423204031,12.817373275756836,12.785229423204031,12.817373275756836,119800,0.0,0.0,0.0
2020-01-13 00:00:00-05:00,12.809330940246582,12.809330940246582,12.785223254056932,12.809330940246582,232000,0.0,0.0,0.0
2020-01-14 00:00:00-05:00,12.81736896881927,12.833441272879949,12.81736896881927,12.82540512084961,132700,0.0,0.0,0.0
2020-01-15 00:00:00-05:00,12.849514927788157,12.86558723449707,12.833443387449005,12.86558723449707,116900,0.0,0.0,0.0
2020-01-16 00:00:00-05:00,12.84951114654541,12.84951114654541,12.83343961093565,12.84951114654541,178500,0.0,0.0,0.0
2020-01-17 00:00:00-05:00,12.833443914138169,12.8495154551369,12.825407760453905,12.841479301452637,119000,0.0,0.0,0.0
2020-01-20 00:00:00-05:00,12.83343961093565,12.84951114654541,12.83343961093565,12.84951114654541,134100,0.0,0.0,0.0
2020-01-21 00:00:00-05:00,12.857551506733987,12.905766895717157,12.857551506733987,12.88969612121582,199600,0.0,0.0,0.0
2020-01-22 00:00:00-05:00,12.881660899892202,12.945948600769043,12.873624745690135,12.945948600769043,169900,0.0,0.0,0.0
2020-01-23 00:00:00-05:00,12.970055086002624,12.986127393855774,12.962018932076049,12.9780912399292,101800,0.0,0.0,0.0
2020-01-24 00:00:00-05:00,13.00220017609843,13.026307106018066,12.994164021878653,13.026307106018066,196900,0.0,0.0,0.0
2020-01-27 00:00:00-05:00,13.074522071496668,13.098628997802734,13.058449765466316,13.098628997802734,176200,0.0,0.0,0.0
2020-01-28 00:00:00-05:00,13.082558237038183,13.082558237038183,13.034341318900957,13.042377471923828,176300,0.0,0.0,0.0
2020-01-29 00:00:00-05:00,13.050434054314026,13.074600540269966,13.050434054314026,13.066544532775879,227300,0.04,0.0,0.0
2020-01-30 00:00:00-05:00,13.090712555258138,13.090712555258138,13.066544532775879,13.066544532775879,104800,0.0,0.0,0.0
2020-01-31 00:00:00-05:00,13.090716361999512,13.106828381673012,13.082660352162762,13.090716361999512,148600,0.0,0.0,0.0
2020-02-03 00:00:00-05:00,13.082658755665573,13.106826782226562,13.0504362567775,13.106826782226562,185100,0.0,0.0,0.0
2020-02-04 00:00:00-05:00,13.066544532775879,13.074600540269966,13.050434054314026,13.066544532775879,83400,0.0,0.0,0.0
2020-02-05 00:00:00-05:00,13.034324968349813,13.034324968349813,13.010156940436605,13.02626895904541,219200,0.0,0.0,0.0
2020-02-06 00:00:00-05:00,13.034321144991846,13.050433158874512,13.034321144991846,13.050433158874512,95000,0.0,0.0,0.0
2020-02-07 00:00:00-05:00,13.082660352162762,13.098772371836262,13.066548332489262,13.090716361999512,210000,0.0,0.0,0.0
2020-02-10 00:00:00-05:00,13.106823281700796,13.130989765280905,13.106823281700796,13.12293529510498,178100,0.0,0.0,0.0
2020-02-11 00:00:00-05:00,13.098768241616305,13.106824248912888,13.074600219726562,13.074600219726562,412500,0.0,0.0,0.0
2020-02-12 00:00:00-05:00,13.074601241752609,13.074601241752609,13.01821072279484,13.034322738647461,197500,0.0,0.0,0.0
2020-02-13 00:00:00-05:00,13.034322738647461,13.050434754500081,13.034322738647461,13.034322738647461,124900,0.0,0.0,0.0
2020-02-14 00:00:00-05:00,13.06654421242998,13.082656227023143,13.058488205133399,13.074600219726562,136400,0.0,0.0,0.0
2020-02-18 00:00:00-05:00,13.090714764519236,13.114882791080225,13.090714764519236,13.106826782226562,182000,0.0,0.0,0.0
2020-02-19 00:00:00-05:00,13.082660352162762,13.090716361999512,13.074604342326012,13.090716361999512,109800,0.0,0.0,0.0
2020-02-20 00:00:00-05:00,13.106823544317026,13.139046035244855,13.106823544317026,13.130990028381348,158200,0.0,0.0,0.0
2020-02-21 00:00:00-05:00,13.163216901247182,13.19543939914035,13.163216901247182,13.179328918457031,103100,0.0,0.0,0.0
2020-02-24 00:00:00-05:00,13.259884581098524,13.259884581098524,13.219606078702295,13.227662086486816,155500,0.0,0.0,0.0
2020-02-25 00:00:00-05:00,13.211551355820113,13.23571938152416,13.195439338684082,13.195439338684082,192500,0.0,0.0,0.0
2020-02-26 00:00:00-05:00,13.138909311866891,13.195437868491172,13.12275785560634,13.155060768127441,146300,0.04,0.0,0.0
2020-02-27 00:00:00-05:00,13.18735793686123,13.21158511352959,13.155056574923908,13.163130760192871,98000,0.0,0.0,0.0
2020-02-28 00:00:00-05:00,13.219665052881998,13.227739240724626,13.146985039997166,13.155060768127441,288700,0.0,0.0,0.0
2020-03-02 00:00:00-05:00,13.146984645624984,13.243890299706102,13.146984645624984,13.171210289001465,342500,0.0,0.0,0.0
2020-03-03 00:00:00-05:00,13.243894065310114,13.340801287232225,13.203516954677257,13.316574096679688,320900,0.0,0.0,0.0
2020-03-04 00:00:00-05:00,13.316574096679688,13.389254128049261,13.308498366495508,13.316574096679688,124400,0.0,0.0,0.0
2020-03-05 00:00:00-05:00,13.37310023694677,13.405403151812013,13.356950319801907,13.397327423095703,238400,0.0,0.0,0.0
2020-03-06 00:00:00-05:00,13.542684593742118,13.566910234477074,13.478080317969843,13.518457412719727,179600,0.0,0.0,0.0
2020-03-09 00:00:00-04:00,13.550770740476631,13.849565168070542,13.373107690275111,13.558846473693848,336600,0.0,0.0,0.0
2020-03-10 00:00:00-04:00,13.510385957614538,13.663821738696942,13.461933120536695,13.470008850097656,179100,0.0,0.0,0.0
2020-03-11 00:00:00-04:00,13.486165717466834,13.57499569768432,13.260049819946289,13.260049819946289,181900,0.0,0.0,0.0
2020-03-12 00:00:00-04:00,13.155061841057055,13.260043234737646,12.274826656660458,12.727057456970215,807300,0.0,0.0,0.0
2020-03-13 00:00:00-04:00,12.54132025238286,12.945098243004033,12.54132025238286,12.872417449951172,456200,0.0,0.0,0.0
2020-03-16 00:00:00-04:00,12.492866544224217,12.759359429505576,12.339430779884115,12.355582237243652,304800,0.0,0.0,0.0
2020-03-17 00:00:00-04:00,12.274827885224761,12.678605123358102,12.274827885224761,12.54132080078125,119400,0.0,0.0,0.0
2020-03-18 00:00:00-04:00,12.274826409214796,12.49286646125726,11.305761308250657,11.32191276550293,633300,0.0,0.0,0.0
2020-03-19 00:00:00-04:00,11.36229242947346,12.274829176033537,11.354217469171049,12.234451293945312,648600,0.0,0.0,0.0
2020-03-20 00:00:00-04:00,12.2102262721761,12.694759372479524,12.194075579576191,12.299057006835938,317000,0.0,0.0,0.0
2020-03-23 00:00:00-04:00,12.274827712134906,12.678604944574502,12.274827712134906,12.307129859924316,315000,0.0,0.0,0.0
2020-03-24 00:00:00-04:00,12.323284630530688,12.387888943470642,12.202150966160156,12.371737480163574,119700,0.0,0.0,0.0
2020-03-25 00:00:00-04:00,12.266745150040967,12.638220027778628,12.266745150040967,12.630145072937012,479200,0.0,0.0,0.0
2020-03-26 00:00:00-04:00,12.36365582973849,12.646299353400536,12.323277963459986,12.517090797424316,168100,0.0,0.0,0.0
2020-03-27 00:00:00-04:00,12.452323462439509,12.792373967338454,12.436130213569747,12.614252090454102,157700,0.04,0.0,0.0
2020-03-30 00:00:00-04:00,12.679020809396643,12.751888869334671,12.622345994838815,12.670924186706543,715400,0.0,0.0,0.0
2020-03-31 00:00:00-04:00,12.646640201510422,12.792376380281123,12.630447721722982,12.776183128356934,133700,0.0,0.0,0.0
2020-04-01 00:00:00-04:00,12.768082114714872,12.889528366520628,12.500898970896623,12.670924186706543,228400,0.0,0.0,0.0
2020-04-02 00:00:00-04:00,12.719503024936605,12.905720712148915,12.606152624805354,12.865239143371582,316500,0.0,0.0,0.0
2020-04-03 00:00:00-04:00,12.792374807661924,12.946206821346768,12.74379582999812,12.857146263122559,146200,0.0,0.0,0.0
2020-04-06 00:00:00-04:00,12.840951076218259,12.91381914565398,12.81666197711853,12.832855224609375,94500,0.0,0.0,0.0
2020-04-07 00:00:00-04:00,12.75998980798193,12.816664641709533,12.711410827546342,12.768086433410645,104700,0.0,0.0,0.0
2020-04-08 00:00:00-04:00,12.751888456201089,12.800467418631401,12.72759936105414,12.792370796203613,180700,0.0,0.0,0.0
2020-04-09 00:00:00-04:00,12.768083983376068,12.913819352444651,12.751890735625919,12.897626876831055,168600,0.0,0.0,0.0
2020-04-13 00:00:00-04:00,12.889529366531002,12.954300808804103,12.88143274321274,12.94620418548584,340000,0.0,0.0,0.0
2020-04-14 00:00:00-04:00,12.946206303744244,12.97049617767334,12.921917201951773,12.97049617767334,282200,0.0,0.0,0.0
2020-04-15 00:00:00-04:00,12.962397531086584,13.237676548917188,12.962397531086584,13.22957992553711,435600,0.0,0.0,0.0
2020-04-16 00:00:00-04:00,13.31864131044888,13.359122883295115,13.237676620483398,13.237676620483398,127000,0.0,0.0,0.0
2020-04-17 00:00:00-04:00,13.342933325018572,13.342933325018572,13.245776905620117,13.261968612670898,247200,0.0,0.0,0.0
2020-04-20 00:00:00-04:00,13.253869795677343,13.286254744924644,13.221483302157031,13.22957992553711,235000,0.0,0.0,0.0
2020-04-21 00:00:00-04:00,13.197196272113638,13.286257604187888,13.18910119126447,13.270064353942871,213300,0.0,0.0,0.0
2020-04-22 00:00:00-04:00,13.245773243907248,13.286254816753482,13.221483373635698,13.237676620483398,186600,0.0,0.0,0.0
2020-04-23 00:00:00-04:00,13.205289247332246,13.261964063251707,13.205289247332246,13.245772361755371,306600,0.0,0.0,0.0
2020-04-24 00:00:00-04:00,13.270061564445692,13.278158187866211,13.245773238457152,13.278158187866211,54000,0.0,0.0,0.0
2020-04-27 00:00:00-04:00,13.25387353128223,13.278161863995122,13.245776905620117,13.261968612670898,42500,0.0,0.0,0.0
2020-04-28 00:00:00-04:00,13.286321555072835,13.302552902527182,13.278205107318602,13.29443645477295,107000,0.04,0.0,0.0
2020-04-29 00:00:00-04:00,13.294429382719002,13.326895156465568,13.286314487335659,13.310662269592285,118200,0.0,0.0,0.0
2020-04-30 00:00:00-04:00,13.326898920128599,13.383712492176569,13.326898920128599,13.375596046447754,225000,0.0,0.0,0.0
2020-05-01 00:00:00-04:00,13.391822902152665,13.432403564453125,13.375590018011268,13.432403564453125,159800,0.0,0.0,0.0
2020-05-04 00:00:00-04:00,13.432407303234372,13.440523747564205,13.383710185308837,13.391826629638672,164400,0.0,0.0,0.0
2020-05-05 00:00:00-04:00,13.375595246553132,13.408061027526855,13.367478801309701,13.408061027526855,46600,0.0,0.0,0.0
2020-05-06 00:00:00-04:00,13.391823683772973,13.391823683772973,13.343126576559584,13.351243019104004,65000,0.0,0.0,0.0
2020-05-07 00:00:00-04:00,13.375594970192724,13.408060750495654,13.343130737943403,13.399944305419922,50000,0.0,0.0,0.0
2020-05-08 00:00:00-04:00,13.383710861206055,13.399943750685507,13.367477971726602,13.383710861206055,77800,0.0,0.0,0.0
2020-05-11 00:00:00-04:00,13.391823683772973,13.399940126317393,13.343126576559584,13.351243019104004,146800,0.0,0.0,0.0
2020-05-12 00:00:00-04:00,13.335009382001157,13.367473602294922,13.335009382001157,13.367473602294922,146900,0.0,0.0,0.0
2020-05-13 00:00:00-04:00,13.375593107587116,13.3837095515326,13.335012435913086,13.335012435913086,85700,0.0,0.0,0.0
2020-05-14 00:00:00-04:00,13.367473602294922,13.383706486468325,13.343125824087858,13.367473602294922,86900,0.0,0.0,0.0
2020-05-15 00:00:00-04:00,13.399943073968505,13.399943073968505,13.359360852319337,13.391826629638672,105500,0.0,0.0,0.0
2020-05-19 00:00:00-04:00,13.335010807716914,13.35124369362586,13.326894364762442,13.343127250671387,80000,0.0,0.0,0.0
2020-05-20 00:00:00-04:00,13.335013067383304,13.391826629638672,13.335013067383304,13.391826629638672,57400,0.0,0.0,0.0
2020-05-21 00:00:00-04:00,13.39182730594578,13.416176640164958,13.383710861206055,13.383710861206055,60400,0.0,0.0,0.0
2020-05-22 00:00:00-04:00,13.391824883956177,13.44052199553383,13.391824883956177,13.424290657043457,110300,0.0,0.0,0.0
2020-05-25 00:00:00-04:00,13.456755638122559,13.464872081850388,13.4405227506669,13.456755638122559,47200,0.0,0.0,0.0
2020-05-26 00:00:00-04:00,13.424295617791847,13.440526962280273,13.424295617791847,13.440526962280273,88700,0.0,0.0,0.0
2020-05-27 00:00:00-04:00,13.424253813369406,13.448662106224234,13.424253813369406,13.440526008605957,102400,0.04,0.0,0.0
2020-05-28 00:00:00-04:00,13.448658889739322,13.448658889739322,13.4079784113774,13.424250602722168,127600,0.0,0.0,0.0
2020-05-29 00:00:00-04:00,13.41611771575113,13.440526008605957,13.407981618132855,13.440526008605957,37500,0.0,0.0,0.0
2020-06-01 00:00:00-04:00,13.42424875217519,13.448657035827637,13.399840468522743,13.448657035827637,191000,0.0,0.0,0.0
2020-06-02 00:00:00-04:00,13.432389910987682,13.45679820384251,13.41611771575113,13.440526008605957,94300,0.0,0.0,0.0
2020-06-03 00:00:00-04:00,13.44866523112535,13.44866523112535,13.39171253456402,13.407984733581543,218300,0.0,0.0,0.0
2020-06-04 00:00:00-04:00,13.416113799904496,13.416113799904496,13.359162685001197,13.375434875488281,89800,0.0,0.0,0.0
2020-06-05 00:00:00-04:00,13.33476192380919,13.34289802364377,13.302219076273241,13.32662582397461,129400,0.0,0.0,0.0
2020-06-08 00:00:00-04:00,13.351027539365255,13.399842562497037,13.351027539365255,13.391706466674805,178300,0.0,0.0,0.0
2020-06-09 00:00:00-04:00,13.440520941276821,13.464927673127903,13.432384846726006,13.448657035827637,187600,0.0,0.0,0.0
2020-06-10 00:00:00-04:00,13.46492873676131,13.513745307922363,13.46492873676131,13.513745307922363,105400,0.0,0.0,0.0
2020-06-11 00:00:00-04:00,13.530015646727414,13.546287836753892,13.513745008502385,13.521881103515625,74000,0.0,0.0,0.0
2020-06-12 00:00:00-04:00,13.513748815610935,13.538155555725098,13.505612718305585,13.538155555725098,145100,0.0,0.0,0.0
2020-06-15 00:00:00-04:00,13.570699085113578,13.603241920471191,13.562562988323727,13.603241920471191,87800,0.0,0.0,0.0
2020-06-16 00:00:00-04:00,13.562567103545893,13.586975401321535,13.546294905028798,13.578839302062988,132900,0.0,0.0,0.0
2020-06-17 00:00:00-04:00,13.595100462541826,13.619508743286133,13.58696592076157,13.619508743286133,58500,0.0,0.0,0.0
2020-06-18 00:00:00-04:00,13.619511304790702,13.635783495013984,13.611375209679062,13.627647399902344,43500,0.0,0.0,0.0
2020-06-19 00:00:00-04:00,13.611375209679062,13.635783495013984,13.595103019455781,13.627647399902344,91700,0.0,0.0,0.0
2020-06-22 00:00:00-04:00,13.652063674030366,13.660199773903017,13.627655374412413,13.643927574157715,61700,0.0,0.0,0.0
2020-06-23 00:00:00-04:00,13.635785102844238,13.635785102844238,13.611376814631273,13.635785102844238,62300,0.0,0.0,0.0
2020-06-24 00:00:00-04:00,13.652058501210298,13.652058501210298,13.58697127869328,13.603241920471191,144400,0.0,0.0,0.0
2020-06-25 00:00:00-04:00,13.619511304790702,13.635783495013984,13.611375209679062,13.627647399902344,31900,0.0,0.0,0.0
2020-06-26 00:00:00-04:00,13.61949363477367,13.63580322265625,13.595026919675425,13.63580322265625,28000,0.04,0.0,0.0
2020-06-29 00:00:00-04:00,13.619489378704992,13.65211009979248,13.611333809554178,13.65211009979248,81400,0.0,0.0,0.0
2020-06-30 00:00:00-04:00,13.68474052270622,13.68474052270622,13.65211822668343,13.668429374694824,77800,0.0,0.0,0.0
2020-07-02 00:00:00-04:00,13.62764339234004,13.660265668943293,13.619489378704992,13.65211009979248,99200,0.0,0.0,0.0
2020-07-03 00:00:00-04:00,13.692892979514271,13.692892979514271,13.660270690917969,13.660270690917969,97500,0.0,0.0,0.0
2020-07-06 00:00:00-04:00,13.660276906751466,13.67658805847168,13.652121330891362,13.67658805847168,136500,0.0,0.0,0.0
2020-07-07 00:00:00-04:00,13.68473855710641,13.709203720092773,13.668427411437857,13.709203720092773,70600,0.0,0.0,0.0
2020-07-08 00:00:00-04:00,13.692891519412418,13.701045535175679,13.63580252045641,13.64395809173584,289700,0.0,0.0,0.0
2020-07-09 00:00:00-04:00,13.660265668943293,13.684732376395733,13.643954530641667,13.65211009979248,115800,0.0,0.0,0.0
2020-07-10 00:00:00-04:00,13.660270690917969,13.67658183521612,13.652115118768894,13.660270690917969,64600,0.0,0.0,0.0
2020-07-13 00:00:00-04:00,13.643965755031255,13.67658805847168,13.63581017917115,13.67658805847168,112300,0.0,0.0,0.0
2020-07-14 00:00:00-04:00,13.68474317471898,13.692898750305176,13.676587599132786,13.692898750305176,38800,0.0,0.0,0.0
2020-07-15 00:00:00-04:00,13.692898750305176,13.709208345960572,13.692898750305176,13.692898750305176,78800,0.0,0.0,0.0
2020-07-16 00:00:00-04:00,13.725511353249198,13.749978065490723,13.725511353249198,13.749978065490723,78100,0.0,0.0,0.0
2020-07-17 00:00:00-04:00,13.749978065490723,13.758133636237897,13.741822494743547,13.749978065490723,85800,0.0,0.0,0.0
2020-07-20 00:00:00-04:00,13.774449203350752,13.774449203350752,13.758139610290527,13.758139610290527,107800,0.0,0.0,0.0
2020-07-21 00:00:00-04:00,13.774450549792244,13.78260612487793,13.76629497470656,13.78260612487793,71500,0.0,0.0,0.0
2020-07-22 00:00:00-04:00,13.790756426900444,13.790756426900444,13.766289710998533,13.766289710998535,119600,0.0,0.0,0.0
2020-07-23 00:00:00-04:00,13.766289710998533,13.766289710998533,13.741824550612925,13.766289710998535,107300,0.0,0.0,0.0
2020-07-24 00:00:00-04:00,13.749985380052085,13.790761699963614,13.749985380052085,13.78260612487793,73000,0.0,0.0,0.0
2020-07-27 00:00:00-04:00,13.78260085493314,13.798911998867746,13.766289710998533,13.766289710998535,79200,0.0,0.0,0.0
2020-07-28 00:00:00-04:00,13.78259950183249,13.815221786499023,13.774443930665855,13.815221786499023,45300,0.0,0.0,0.0
2020-07-29 00:00:00-04:00,13.81522176498196,13.823396639705132,13.798872015535617,13.807046890258789,71200,0.04,0.0,0.0
2020-07-30 00:00:00-04:00,13.815219924362813,13.83156967163086,13.798870177094766,13.83156967163086,34300,0.0,0.0,0.0
2020-07-31 00:00:00-04:00,13.839745565552503,13.856095314025879,13.831570691315816,13.856095314025879,52200,0.0,0.0,0.0
2020-08-04 00:00:00-04:00,13.856101732679235,13.896974563598633,13.847926854655645,13.896974563598633,128400,0.0,0.0,0.0
2020-08-05 00:00:00-04:00,13.872442222725223,13.872442222725223,13.839744287994677,13.864267349243164,178900,0.0,0.0,0.0
2020-08-06 00:00:00-04:00,13.872444196022698,13.8969688199574,13.872444196022698,13.8887939453125,37300,0.0,0.0,0.0
2020-08-07 00:00:00-04:00,13.880625707105622,13.905150342765747,13.856102630644152,13.872450828552246,95400,0.0,0.0,0.0
2020-08-10 00:00:00-04:00,13.880620267334903,13.880620267334903,13.847922325134277,13.847922325134277,58600,0.0,0.0,0.0
2020-08-11 00:00:00-04:00,13.798877036370014,13.798877036370014,13.749829329382496,13.766179084777832,128200,0.0,0.0,0.0
2020-08-12 00:00:00-04:00,13.717130679969182,13.733478875334356,13.6926060481238,13.725305557250977,140600,0.0,0.0,0.0
2020-08-13 00:00:00-04:00,13.71712676113783,13.71712676113783,13.676252386406217,13.684427261352539,85400,0.0,0.0,0.0
2020-08-14 00:00:00-04:00,13.692602136298863,13.700777011245185,13.676252386406217,13.684427261352539,137200,0.0,0.0,0.0
2020-08-17 00:00:00-04:00,13.708954830634283,13.733477901542408,13.684430200527855,13.717129707336426,79100,0.0,0.0,0.0
2020-08-18 00:00:00-04:00,13.733475726784869,13.749825477600098,13.708952659760081,13.749825477600098,173200,0.0,0.0,0.0
2020-08-19 00:00:00-04:00,13.749828629897944,13.758003507179739,13.725305557250977,13.725305557250977,107500,0.0,0.0,0.0
2020-08-20 00:00:00-04:00,13.741651535034181,13.749826410996741,13.733476659071622,13.74165153503418,77100,0.0,0.0,0.0
2020-08-21 00:00:00-04:00,13.725302410575312,13.749825477600098,13.708952659760081,13.749825477600098,97500,0.0,0.0,0.0
2020-08-24 00:00:00-04:00,13.741650602192484,13.758000353007713,13.741650602192484,13.749825477600098,109600,0.0,0.0,0.0
2020-08-25 00:00:00-04:00,13.7007799344057,13.708954811096191,13.676255304334225,13.708954811096191,256700,0.0,0.0,0.0
2020-08-26 00:00:00-04:00,13.692602136298863,13.700777011245185,13.668077511459893,13.684427261352539,124000,0.0,0.0,0.0
2020-08-27 00:00:00-04:00,13.71720834358579,13.71720834358579,13.64345978558804,13.651654243469238,139200,0.04,0.0,0.0
2020-08-28 00:00:00-04:00,13.64345978558804,13.659848701350437,13.64345978558804,13.651654243469238,86200,0.0,0.0,0.0
2020-08-31 00:00:00-04:00,13.64345927602266,13.676237106323242,13.618877466230197,13.676237106323242,130900,0.0,0.0,0.0
2020-09-01 00:00:00-04:00,13.66804316711839,13.741791725158691,13.659848709232463,13.741791725158691,136300,0.0,0.0,0.0
2020-09-02 00:00:00-04:00,13.749985771920805,13.790956497192383,13.741791314279894,13.790956497192383,94400,0.0,0.0,0.0
2020-09-03 00:00:00-04:00,13.807344945883496,13.815539403247493,13.782761573791504,13.782761573791504,174600,0.0,0.0,0.0
2020-09-04 00:00:00-04:00,13.758174927918233,13.758174927918233,13.717202655502131,13.725397109985352,184200,0.0,0.0,0.0
2020-09-08 00:00:00-04:00,13.76637255898332,13.774567016287746,13.741790750002968,13.758179664611816,126400,0.0,0.0,0.0
2020-09-09 00:00:00-04:00,13.766374001953196,13.766374001953196,13.73359773223286,13.74998664855957,75400,0.0,0.0,0.0
2020-09-10 00:00:00-04:00,13.741790871466431,13.766372680664062,13.72540195671272,13.766372680664062,124400,0.0,0.0,0.0
2020-09-11 00:00:00-04:00,13.774567581910558,13.790956497192383,13.766373124269645,13.790956497192383,48700,0.0,0.0,0.0
2020-09-14 00:00:00-04:00,13.799150954833294,13.799150954833294,13.78276203955147,13.790956497192383,95600,0.0,0.0,0.0
2020-09-15 00:00:00-04:00,13.774567581910558,13.790956497192383,13.766373124269645,13.790956497192383,70100,0.0,0.0,0.0
2020-09-16 00:00:00-04:00,13.799150388201019,13.799150388201019,13.741790750002968,13.758179664611816,70900,0.0,0.0,0.0
2020-09-17 00:00:00-04:00,13.774567116427505,13.782761573791504,13.749985307268446,13.782761573791504,121200,0.0,0.0,0.0
2020-09-18 00:00:00-04:00,13.782760153235724,13.782760153235724,13.766371240196895,13.774565696716309,55600,0.0,0.0,0.0
2020-09-21 00:00:00-04:00,13.7909560311555,13.7909560311555,13.766372659063508,13.782761573791504,78900,0.0,0.0,0.0
2020-09-22 00:00:00-04:00,13.774565696716309,13.774565696716309,13.75817834661025,13.774565696716309,79100,0.0,0.0,0.0
2020-09-23 00:00:00-04:00,13.766372680664062,13.782761595417773,13.758179786220142,13.766372680664062,114000,0.0,0.0,0.0
2020-09-24 00:00:00-04:00,13.76637255898332,13.76637255898332,13.741790750002968,13.758179664611816,63200,0.0,0.0,0.0
2020-09-25 00:00:00-04:00,13.749985207307391,13.758179664611816,13.749985207307391,13.758179664611816,84300,0.0,0.0,0.0
2020-09-28 00:00:00-04:00,13.758174923127811,13.758174923127811,13.741746875578244,13.749960899353027,150300,0.04,0.0,0.0
2020-09-29 00:00:00-04:00,13.74996182558645,13.766389874242652,13.741747801258349,13.75817584991455,44700,0.0,0.0,0.0
2020-09-30 00:00:00-04:00,13.741750190779817,13.741750190779817,13.708895654419361,13.717109680175781,140300,0.0,0.0,0.0
2020-10-01 00:00:00-04:00,13.708894332776062,13.741748865969088,13.692466282847015,13.725320816040039,97600,0.0,0.0,0.0
2020-10-02 00:00:00-04:00,13.74996378898978,13.74996378898978,13.717109253650914,13.74174976348877,87100,0.0,0.0,0.0
2020-10-05 00:00:00-04:00,13.71710408572571,13.71710408572571,13.676033973693848,13.676033973693848,160400,0.0,0.0,0.0
2020-10-06 00:00:00-04:00,13.692469536804103,13.725324077804869,13.68425550988755,13.708897590637207,266500,0.0,0.0,0.0
2020-10-07 00:00:00-04:00,13.700676040912965,13.700676040912965,13.676033973693848,13.676033973693848,123200,0.0,0.0,0.0
2020-10-08 00:00:00-04:00,13.692467718452688,13.708895770104156,13.684253692626953,13.684253692626953,84100,0.0,0.0,0.0
2020-10-09 00:00:00-04:00,13.684253692626953,13.700681744278423,13.676039666801218,13.684253692626953,68200,0.0,0.0,0.0
2020-10-13 00:00:00-04:00,13.700681628662943,13.717109680175781,13.700681628662943,13.717109680175781,86100,0.0,0.0,0.0
2020-10-14 00:00:00-04:00,13.741749792119684,13.741749792119684,13.717109282230492,13.733535766601562,101500,0.0,0.0,0.0
2020-10-15 00:00:00-04:00,13.766391868674054,13.766391868674054,13.733535766601562,13.733535766601562,142300,0.0,0.0,0.0
2020-10-16 00:00:00-04:00,13.74174976348877,13.74174976348877,13.708895228149904,13.74174976348877,61600,0.0,0.0,0.0
2020-10-19 00:00:00-04:00,13.717111617553758,13.725324077804869,13.708897590637207,13.708897590637207,125600,0.0,0.0,0.0
2020-10-20 00:00:00-04:00,13.708890063319338,13.708890063319338,13.676033973693848,13.676033973693848,143100,0.0,0.0,0.0
2020-10-21 00:00:00-04:00,13.667823791503906,13.676037816218155,13.659609766789659,13.667823791503906,74800,0.0,0.0,0.0
2020-10-22 00:00:00-04:00,13.67603824140433,13.67603824140433,13.643183708190918,13.643183708190918,103500,0.0,0.0,0.0
2020-10-23 00:00:00-04:00,13.64318712192963,13.667827636338863,13.64318712192963,13.659613609313965,118800,0.0,0.0,0.0
2020-10-26 00:00:00-04:00,13.659613609313965,13.676041663363762,13.64318712192963,13.659613609313965,153300,0.0,0.0,0.0
2020-10-27 00:00:00-04:00,13.684253692626953,13.692467718452688,13.676039666801218,13.684253692626953,62100,0.0,0.0,0.0
2020-10-28 00:00:00-04:00,13.684257397880335,13.708957217181885,13.676023601301113,13.692489624023438,97500,0.04,0.0,0.0
2020-10-29 00:00:00-04:00,13.692484994977997,13.692484994977997,13.64308380263994,13.651317596435547,125800,0.0,0.0,0.0
2020-10-30 00:00:00-04:00,13.634852785648269,13.634852785648269,13.601919174194336,13.601919174194336,125000,0.0,0.0,0.0
2020-11-02 00:00:00-05:00,13.626619567215977,13.643087158858243,13.610153546009686,13.63485336303711,102400,0.0,0.0,0.0
2020-11-03 00:00:00-05:00,13.618386765139258,13.618386765139258,13.585451583249416,13.601919174194336,120300,0.0,0.0,0.0
2020-11-04 00:00:00-05:00,13.69248377692131,13.69248377692131,13.659550175104178,13.676017761230469,95800,0.0,0.0,0.0
2020-11-05 00:00:00-05:00,13.684249877929688,13.684249877929688,13.667782293820727,13.684249877929688,103400,0.0,0.0,0.0
2020-11-06 00:00:00-05:00,13.667790412902832,13.667790412902832,13.634855225120411,13.667790412902832,78600,0.0,0.0,0.0
2020-11-09 00:00:00-05:00,13.618380570962362,13.618380570962362,13.560744028870515,13.585445404052734,233500,0.0,0.0,0.0
2020-11-10 00:00:00-05:00,13.560744028870515,13.585445404052734,13.560744028870515,13.585445404052734,133700,0.0,0.0,0.0
2020-11-11 00:00:00-05:00,13.585450438290668,13.585450438290668,13.560749053955078,13.560749053955078,142200,0.0,0.0,0.0
2020-11-12 00:00:00-05:00,13.610151413014902,13.63485122617135,13.601917618484178,13.626617431640625,141700,0.0,0.0,0.0
2020-11-13 00:00:00-05:00,13.643085020702076,13.643085020702076,13.610151413014902,13.626617431640625,288200,0.0,0.0,0.0
2020-11-16 00:00:00-05:00,13.626619567215977,13.63485336303711,13.61838734183082,13.63485336303711,142500,0.0,0.0,0.0
2020-11-17 00:00:00-05:00,13.651317596435547,13.651317596435547,13.634850008844332,13.651317596435547,677400,0.0,0.0,0.0
2020-11-18 00:00:00-05:00,13.659551390231156,13.667785184026764,13.634850008844332,13.651317596435547,142500,0.0,0.0,0.0
2020-11-19 00:00:00-05:00,13.667782293820727,13.684249877929688,13.659548501766247,13.684249877929688,76500,0.0,0.0,0.0
2020-11-20 00:00:00-05:00,13.708955039872542,13.717188835144043,13.692487449329544,13.717188835144043,95200,0.0,0.0,0.0
2020-11-23 00:00:00-05:00,13.708951719302508,13.717185512579626,13.692484132748273,13.70071792602539,122000,0.0,0.0,0.0
2020-11-24 00:00:00-05:00,13.69248209954891,13.700715891603389,13.676016085875206,13.684249877929688,126300,0.0,0.0,0.0
2020-11-25 00:00:00-05:00,13.700715891603389,13.70894968365787,13.676016085875206,13.684249877929688,198500,0.0,0.0,0.0
2020-11-26 00:00:00-05:00,13.708951719302508,13.717185512579626,13.70071792602539,13.70071792602539,57800,0.0,0.0,0.0
2020-11-27 00:00:00-05:00,13.725480911165686,13.74198818206787,13.717228849934594,13.741988182067871,334600,0.04,0.0,0.0
2020-11-30 00:00:00-05:00,13.733733056816218,13.758493960483493,13.72547942226046,13.750240325927734,147500,0.0,0.0,0.0
2020-12-01 00:00:00-05:00,13.733729812085805,13.741983444691561,13.692463223276484,13.71722412109375,361800,0.0,0.0,0.0
2020-12-02 00:00:00-05:00,13.700718580682981,13.700718580682981,13.651198353033742,13.675957679748535,226800,0.0,0.0,0.0
2020-12-03 00:00:00-05:00,13.68420875447395,13.700716018676758,13.667701490271144,13.700716018676758,149100,0.0,0.0,0.0
2020-12-04 00:00:00-05:00,13.684216252296977,13.684216252296977,13.626442370151187,13.634696006774902,141300,0.0,0.0,0.0
2020-12-07 00:00:00-05:00,13.642944719388925,13.68421131339335,13.642944719388925,13.675957679748535,174400,0.0,0.0,0.0
2020-12-08 00:00:00-05:00,13.675957679748535,13.692464947038166,13.667704046103719,13.675957679748535,103600,0.0,0.0,0.0
2020-12-09 00:00:00-05:00,13.675957679748535,13.68421131339335,13.659450412458902,13.675957679748535,177800,0.0,0.0,0.0
2020-12-10 00:00:00-05:00,13.675964229016643,13.692471504211426,13.667710591419251,13.692471504211426,93100,0.0,0.0,0.0
2020-12-11 00:00:00-05:00,13.70897102355957,13.725476715195855,13.692463757703768,13.70897102355957,88600,0.0,0.0,0.0
2020-12-14 00:00:00-05:00,13.675964229016643,13.708978779406209,13.667710591419251,13.692471504211426,110700,0.0,0.0,0.0
2020-12-15 00:00:00-05:00,13.692462386575354,13.70896965077816,13.68420875447395,13.700716018676758,127500,0.0,0.0,0.0
2020-12-16 00:00:00-05:00,13.675956491847968,13.70897102355957,13.675956491847968,13.70897102355957,97100,0.0,0.0,0.0
2020-12-17 00:00:00-05:00,13.7172324170036,13.7172324170036,13.684217866614034,13.692471504211426,151900,0.0,0.0,0.0
2020-12-18 00:00:00-05:00,13.725476179480049,13.725476179480049,13.70071685588224,13.71722412109375,190700,0.0,0.0,0.0
2020-12-21 00:00:00-05:00,13.725476179480049,13.725476179480049,13.70071685588224,13.71722412109375,118200,0.0,0.0,0.0
2020-12-22 00:00:00-05:00,13.733734546616779,13.74198818206787,13.725480911165686,13.741988182067871,189400,0.0,0.0,0.0
2020-12-23 00:00:00-05:00,13.717231831323495,13.725483894348145,13.69247091958853,13.725483894348145,114900,0.0,0.0,0.0
2020-12-24 00:00:00-05:00,13.717228849934594,13.750241817518962,13.717228849934594,13.741988182067871,43000,0.0,0.0,0.0
2020-12-29 00:00:00-05:00,13.758535950841278,13.766809463500977,13.741990503533067,13.766809463500977,109400,0.04,0.0,0.0
2020-12-30 00:00:00-05:00,13.76680907576912,13.7750825881958,13.7502636289269,13.7750825881958,65100,0.0,0.0,0.0
2020-12-31 00:00:00-05:00,13.783355504442946,13.816449552718236,13.775081992374124,13.808176040649414,68300,0.0,0.0,0.0
2021-01-04 00:00:00-05:00,13.808176040649414,13.816449552718236,13.791629016511768,13.808176040649414,214500,0.0,0.0,0.0
2021-01-05 00:00:00-05:00,13.80817702679947,13.80817702679947,13.758535950841278,13.766809463500977,146700,0.0,0.0,0.0
2021-01-06 00:00:00-05:00,13.70889434292278,13.71716785430908,13.67580187538852,13.717167854309082,320700,0.0,0.0,0.0
2021-01-07 00:00:00-05:00,13.65097979214401,13.684073833933768,13.65097979214401,13.675800323486328,161200,0.0,0.0,0.0
2021-01-08 00:00:00-05:00,13.675800323486328,13.692345766370442,13.667526813038888,13.675800323486328,185200,0.0,0.0,0.0
2021-01-11 00:00:00-05:00,13.675801095926172,13.675801095926172,13.642707052267186,13.65925407409668,167400,0.0,0.0,0.0
2021-01-12 00:00:00-05:00,13.617884251083554,13.64270477969324,13.609612319557586,13.626157760620117,196400,0.0,0.0,0.0
2021-01-13 00:00:00-05:00,13.617889935547911,13.66753101348877,13.617889935547911,13.66753101348877,217100,0.0,0.0,0.0
2021-01-14 00:00:00-05:00,13.667529314265952,13.684076338189021,13.626161754458279,13.642708778381348,251100,0.0,0.0,0.0
2021-01-15 00:00:00-05:00,13.667529285316082,13.684076309204102,13.659255773372072,13.684076309204102,80600,0.0,0.0,0.0
2021-01-18 00:00:00-05:00,13.675803599317192,13.70062255859375,13.667530086887957,13.70062255859375,112300,0.0,0.0,0.0
2021-01-19 00:00:00-05:00,13.675802797260092,13.684076309204102,13.667529285316082,13.684076309204102,144000,0.0,0.0,0.0
2021-01-20 00:00:00-05:00,13.692345766370442,13.692345766370442,13.659253302591448,13.675800323486328,129300,0.0,0.0,0.0
2021-01-21 00:00:00-05:00,13.65925407409668,13.65925407409668,13.642707052267186,13.65925407409668,174400,0.0,0.0,0.0
2021-01-22 00:00:00-05:00,13.659258277559935,13.66753179102075,13.63443773717749,13.650984764099121,160800,0.0,0.0,0.0
2021-01-25 00:00:00-05:00,13.675800323486328,13.692345766370442,13.667526813038888,13.675800323486328,151400,0.0,0.0,0.0
2021-01-26 00:00:00-05:00,13.659257500498626,13.675804526478913,13.650983987508484,13.66753101348877,200000,0.0,0.0,0.0
2021-01-27 00:00:00-05:00,13.67581932276175,13.684112914348926,13.650938548000228,13.659232139587402,176700,0.04,0.0,0.0
2021-01-28 00:00:00-05:00,13.650942616465683,13.659236210524643,13.626063416130126,13.642650604248047,131200,0.0,0.0,0.0
2021-01-29 00:00:00-05:00,13.62605979400984,13.659232579586266,13.62605979400984,13.650938987731934,166000,0.0,0.0,0.0
2021-02-01 00:00:00-05:00,13.650938548000228,13.67581932276175,13.642646538253906,13.659232139587402,520600,0.0,0.0,0.0
2021-02-02 00:00:00-05:00,13.650944968875937,13.659238564364097,13.634359359741211,13.634359359741211,146400,0.0,0.0,0.0
2021-02-03 00:00:00-05:00,13.634354888585738,13.642648481354156,13.592886924743652,13.592886924743652,254500,0.0,0.0,0.0
2021-02-04 00:00:00-05:00,13.584594540046092,13.601181727058016,13.568008934875385,13.576302528381348,209300,0.0,0.0,0.0
2021-02-05 00:00:00-05:00,13.559714245608037,13.576301431279548,13.543127059936523,13.543127059936523,221800,0.0,0.0,0.0
2021-02-08 00:00:00-05:00,13.518246281429255,13.559714245608037,13.518246281429255,13.543127059936523,312500,0.0,0.0,0.0
2021-02-09 00:00:00-05:00,13.551424026489258,13.559717621389758,13.543130431588756,13.551424026489258,114700,0.0,0.0,0.0
2021-02-10 00:00:00-05:00,13.551424026489258,13.559717621389758,13.526543241787751,13.551424026489258,156300,0.0,0.0,0.0
2021-02-11 00:00:00-05:00,13.559717621389758,13.56801121629026,13.543130431588756,13.551424026489258,148800,0.0,0.0,0.0
2021-02-12 00:00:00-05:00,13.526540243758106,13.534833836820413,13.501661046412323,13.5182466506958,196300,0.0,0.0,0.0
2021-02-16 00:00:00-05:00,13.468490793718589,13.468490793718589,13.427024397565027,13.435317993164062,221500,0.0,0.0,0.0
2021-02-17 00:00:00-05:00,13.427019379172293,13.46019216732838,13.427019379172293,13.451898574829102,233400,0.0,0.0,0.0
2021-02-18 00:00:00-05:00,13.410432815551758,13.418726408435324,13.393845629784627,13.410432815551758,162100,0.0,0.0,0.0
2021-02-19 00:00:00-05:00,13.377262307330007,13.377262307330007,13.327502317499182,13.34408950805664,224500,0.0,0.0,0.0
2021-02-22 00:00:00-05:00,13.335793867958643,13.344087461965689,13.29432747976472,13.3109130859375,295400,0.0,0.0,0.0
2021-02-23 00:00:00-05:00,13.277737544689757,13.286031136980924,13.24456396644558,13.261150360107422,274800,0.0,0.0,0.0
2021-02-24 00:00:00-05:00,13.227899289249407,13.244528078914653,13.178014506062329,13.236213684082031,268100,0.04,0.0,0.0
2021-02-25 00:00:00-05:00,13.161381462041977,13.186323845573007,13.128124686365911,13.169695854187012,304300,0.0,0.0,0.0
2021-02-26 00:00:00-05:00,13.153067557887656,13.29440905798085,13.128125173431242,13.286094665527344,255300,0.0,0.0,0.0
2021-03-01 00:00:00-05:00,13.277778386052471,13.327663937800738,13.277778386052471,13.31103515625,246600,0.0,0.0,0.0
2021-03-02 00:00:00-05:00,13.31103515625,13.31103515625,13.277778386052471,13.31103515625,179400,0.0,0.0,0.0
2021-03-03 00:00:00-05:00,13.286092482068089,13.286092482068089,13.236207721353406,13.269464492797852,180100,0.0,0.0,0.0
2021-03-04 00:00:00-05:00,13.227895013394107,13.244523797684177,13.169695854187012,13.169695854187012,169000,0.0,0.0,0.0
2021-03-05 00:00:00-05:00,13.169695854187012,13.178010246332049,13.103182302834883,13.169695854187012,410400,0.0,0.0,0.0
2021-03-08 00:00:00-05:00,13.194639180416143,13.202953573155204,13.136440017050978,13.144754409790039,162600,0.0,0.0,0.0
2021-03-09 00:00:00-05:00,13.169695868699785,13.202952644412498,13.153067084391388,13.1946382522583,142100,0.0,0.0,0.0
2021-03-10 00:00:00-05:00,13.194642502823244,13.244528078914653,13.194642502823244,13.236213684082031,147900,0.0,0.0,0.0
2021-03-11 00:00:00-05:00,13.2278943315719,13.2278943315719,13.186323165893555,13.186323165893555,124500,0.0,0.0,0.0
2021-03-12 00:00:00-05:00,13.128123508538815,13.128123508538815,13.061609963154137,13.069924354553223,193900,0.0,0.0,0.0
2021-03-15 00:00:00-04:00,13.069923677227315,13.094866057227973,13.069923677227315,13.086551666259766,117400,0.0,0.0,0.0
2021-03-16 00:00:00-04:00,13.086554514640971,13.103183300196758,13.053297736433533,13.061612129211426,141200,0.0,0.0,0.0
2021-03-17 00:00:00-04:00,13.028356291436399,13.044984285288315,12.99509951082837,13.036670684814453,202800,0.0,0.0,0.0
2021-03-18 00:00:00-04:00,13.011722286499888,13.011722286499888,12.94520875195821,12.995094299316406,194000,0.0,0.0,0.0
2021-03-19 00:00:00-04:00,13.003408967379714,13.028351345140155,12.99509457715827,13.011722564697266,168700,0.0,0.0,0.0
2021-03-22 00:00:00-04:00,13.044980744376838,13.061609526619256,13.0283527550384,13.053295135498047,139900,0.0,0.0,0.0
2021-03-23 00:00:00-04:00,13.06992246758368,13.094864845275879,13.061608077384983,13.094864845275879,114900,0.0,0.0,0.0
2021-03-24 00:00:00-04:00,13.111497212249112,13.153067588806152,13.094868427303009,13.153067588806152,81800,0.0,0.0,0.0
2021-03-25 00:00:00-04:00,13.16138240236403,13.16138240236403,13.128125624311917,13.144754409790039,70300,0.0,0.0,0.0
2021-03-26 00:00:00-04:00,13.119807939059411,13.136436720364419,13.103179950658339,13.128122329711914,54800,0.0,0.0,0.0
2021-03-29 00:00:00-04:00,13.1614704927114,13.1614704927114,13.078116973195671,13.08645248413086,124500,0.04,0.0,0.0
2021-03-30 00:00:00-04:00,13.078111820648635,13.119788563986594,13.061441600264109,13.11145305633545,136700,0.0,0.0,0.0
2021-03-31 00:00:00-04:00,13.128125581069444,13.13646108967898,13.094784341549156,13.103119850158691,110500,0.0,0.0,0.0
2021-04-01 00:00:00-04:00,13.12812765535663,13.136463165283203,13.119792145430058,13.136463165283203,109300,0.0,0.0,0.0
2021-04-05 00:00:00-04:00,13.08644732829978,13.11145305633545,13.08644732829978,13.11145305633545,189200,0.0,0.0,0.0
2021-04-06 00:00:00-04:00,13.12812211389032,13.169798851013184,13.12812211389032,13.169798851013184,121800,0.0,0.0,0.0
2021-04-07 00:00:00-04:00,13.169800592657584,13.186470812760703,13.153129577636719,13.153129577636719,110600,0.0,0.0,0.0
2021-04-08 00:00:00-04:00,13.169803622497284,13.186473846435547,13.169803622497284,13.186473846435547,75300,0.0,0.0,0.0
2021-04-09 00:00:00-04:00,13.161466762090868,13.186472492890477,13.153131253518382,13.17813777923584,86700,0.0,0.0,0.0
2021-04-12 00:00:00-04:00,13.178135705683932,13.178135705683932,13.16146469116211,13.16146469116211,123000,0.0,0.0,0.0
2021-04-13 00:00:00-04:00,13.153131253518382,13.17813777923584,13.153131253518382,13.17813777923584,107200,0.0,0.0,0.0
2021-04-14 00:00:00-04:00,13.169800592657584,13.169800592657584,13.136459357533601,13.153129577636719,115000,0.0,0.0,0.0
2021-04-15 00:00:00-04:00,13.178140247054516,13.236487228152631,13.178140247054516,13.219816207885742,161100,0.0,0.0,0.0
2021-04-16 00:00:00-04:00,13.178135705683932,13.194805925288032,13.153129183901196,13.16146469116211,197600,0.0,0.0,0.0
2021-04-19 00:00:00-04:00,13.136463165283203,13.15313339021837,13.119792145430058,13.136463165283203,100900,0.0,0.0,0.0
2021-04-20 00:00:00-04:00,13.086450900641744,13.144798675209776,13.07811539071517,13.136463165283203,116200,0.0,0.0,0.0
2021-04-21 00:00:00-04:00,13.144798675209776,13.169804410071517,13.103121920494889,13.136463165283203,128400,0.0,0.0,0.0
2021-04-22 00:00:00-04:00,13.111451316621647,13.144793342802183,13.094781098449035,13.128122329711914,178100,0.0,0.0,0.0
2021-04-23 00:00:00-04:00,13.13645783625705,13.13645783625705,13.111451316621647,13.128122329711914,79000,0.0,0.0,0.0
2021-04-26 00:00:00-04:00,13.119790072459908,13.119790072459908,13.094784341549156,13.103119850158691,109700,0.0,0.0,0.0
2021-04-27 00:00:00-04:00,13.094787995066048,13.119793732953536,13.08645248413086,13.08645248413086,92000,0.0,0.0,0.0
2021-04-28 00:00:00-04:00,13.094803199296072,13.111515998840332,13.078089602803669,13.111515998840332,145400,0.04,0.0,0.0
2021-04-29 00:00:00-04:00,13.08644630810628,13.10315990447998,13.06973350868072,13.10315990447998,147400,0.0,0.0,0.0
2021-04-30 00:00:00-04:00,13.103159997542274,13.119872797086535,13.103159997542274,13.111515998840332,120800,0.0,0.0,0.0
2021-05-03 00:00:00-04:00,13.094803106293131,13.13658630027924,13.094803106293131,13.10315990447998,124700,0.0,0.0,0.0
2021-05-04 00:00:00-04:00,13.119877108614473,13.136590710599394,13.119877108614473,13.128233909606934,66800,0.0,0.0,0.0
2021-05-05 00:00:00-04:00,13.136586282403032,13.144942283630371,13.111515887876598,13.144942283630371,310400,0.0,0.0,0.0
2021-05-06 00:00:00-04:00,13.144941236157182,13.144941236157182,13.128228438086149,13.136585235595703,106400,0.0,0.0,0.0
2021-05-07 00:00:00-04:00,13.161661855680597,13.178375459619916,13.136592246720118,13.153305053710938,271100,0.0,0.0,0.0
2021-05-10 00:00:00-04:00,13.1449474226258,13.161661025510911,13.111521013804028,13.119877815246582,142500,0.0,0.0,0.0
2021-05-11 00:00:00-04:00,13.103164178607743,13.111520182572104,13.078093775869467,13.086450576782227,335900,0.0,0.0,0.0
2021-05-12 00:00:00-04:00,13.044666199137728,13.069736599627339,13.036310195922852,13.036310195922852,101800,0.0,0.0,0.0
2021-05-13 00:00:00-04:00,13.044662023005259,13.069732415468806,13.044662023005259,13.061375617980957,70800,0.0,0.0,0.0
2021-05-14 00:00:00-04:00,13.069738388061523,13.078094392419818,13.053024785448065,13.069738388061523,74600,0.0,0.0,0.0
2021-05-17 00:00:00-04:00,13.061375617980957,13.069732415468806,13.044662023005259,13.061375617980957,123600,0.0,0.0,0.0
2021-05-18 00:00:00-04:00,13.078094392419818,13.078094392419818,13.061381586754795,13.069738388061523,114200,0.0,0.0,0.0
2021-05-19 00:00:00-04:00,13.078094392419818,13.086451193726546,13.044667984141334,13.069738388061523,197900,0.0,0.0,0.0
2021-05-20 00:00:00-04:00,13.069735163008302,13.094804763793945,13.061378363763673,13.094804763793945,73300,0.0,0.0,0.0
2021-05-21 00:00:00-04:00,13.111515998840332,13.111515998840332,13.094803199296072,13.111515998840332,63800,0.0,0.0,0.0
2021-05-25 00:00:00-04:00,13.144943031781049,13.178370226385484,13.144943031781049,13.170013427734375,149000,0.0,0.0,0.0
2021-05-26 00:00:00-04:00,13.195148468017578,13.203526531815037,13.17839234042266,13.195148468017578,112300,0.04,0.0,0.0
2021-05-27 00:00:00-04:00,13.17839241027832,13.17839241027832,13.161637081570726,13.17839241027832,77900,0.0,0.0,0.0
2021-05-28 00:00:00-04:00,13.178391645788444,13.203525835855997,13.170014381408691,13.170014381408691,139300,0.0,0.0,0.0
2021-05-31 00:00:00-04:00,13.17839234042266,13.195148468017578,13.17001507560134,13.195148468017578,73400,0.0,0.0,0.0
2021-06-01 00:00:00-04:00,13.17001507560134,13.203526531815037,13.16163701180388,13.195148468017578,114200,0.0,0.0,0.0
2021-06-02 00:00:00-04:00,13.178390147030989,13.228657722473145,13.178390147030989,13.228657722473145,105500,0.0,0.0,0.0
2021-06-03 00:00:00-04:00,13.203529431445634,13.203529431445634,13.17839523453353,13.186773300170898,139200,0.0,0.0,0.0
2021-06-04 00:00:00-04:00,13.195145287753416,13.245412859446656,13.195145287753416,13.237034797668457,126600,0.0,0.0,0.0
2021-06-07 00:00:00-04:00,13.237034797668457,13.237034797668457,13.22865673589026,13.237034797668457,63500,0.0,0.0,0.0
2021-06-08 00:00:00-04:00,13.23703667092289,13.253791997874488,13.23703667092289,13.245414733886719,133000,0.0,0.0,0.0
2021-06-09 00:00:00-04:00,13.270546913146973,13.27892497534648,13.253790788747954,13.270546913146973,128200,0.0,0.0,0.0
2021-06-10 00:00:00-04:00,13.26216863000808,13.287302017211914,13.245413304864183,13.287302017211914,67600,0.0,0.0,0.0
2021-06-11 00:00:00-04:00,13.287301984042521,13.295680046081543,13.287301984042521,13.295680046081543,36100,0.0,0.0,0.0
2021-06-14 00:00:00-04:00,13.287302238570003,13.287302238570003,13.253790788747954,13.270546913146973,132900,0.0,0.0,0.0
2021-06-15 00:00:00-04:00,13.27054665894045,13.295680046081543,13.262168596901429,13.295680046081543,103400,0.0,0.0,0.0
2021-06-16 00:00:00-04:00,13.287303450753743,13.304059576681402,13.23703667092289,13.245414733886719,130700,0.0,0.0,0.0
2021-06-17 00:00:00-04:00,13.26216863000808,13.329191528535619,13.26216863000808,13.287302017211914,157700,0.0,0.0,0.0
2021-06-18 00:00:00-04:00,13.312438740571443,13.345950196222065,13.287304549601382,13.329194068908691,149100,0.0,0.0,0.0
2021-06-21 00:00:00-04:00,13.304059028625488,13.312437091244185,13.287302903388094,13.304059028625488,107400,0.0,0.0,0.0
2021-06-22 00:00:00-04:00,13.287302681750651,13.32081413269043,13.278925418247717,13.32081413269043,126900,0.0,0.0,0.0
2021-06-23 00:00:00-04:00,13.304058041823529,13.3124361038208,13.287301917828986,13.3124361038208,95900,0.0,0.0,0.0
2021-06-24 00:00:00-04:00,13.320816005252004,13.329194068908691,13.304060676914757,13.329194068908691,103600,0.0,0.0,0.0
2021-06-25 00:00:00-04:00,13.32919175059156,13.32919175059156,13.270546913146973,13.270546913146973,178400,0.0,0.0,0.0
2021-06-28 00:00:00-04:00,13.30414745489346,13.320945204190583,13.295748179745418,13.312546730041504,48800,0.04,0.0,0.0
2021-06-29 00:00:00-04:00,13.26215050716859,13.295746803283691,13.253751232890094,13.295746803283691,127700,0.0,0.0,0.0
2021-06-30 00:00:00-04:00,13.304147037301904,13.329344060956183,13.304147037301904,13.320944786071777,149700,0.0,0.0,0.0
2021-07-02 00:00:00-04:00,13.320942614912314,13.337741161943157,13.312544142395701,13.329341888427734,51700,0.0,0.0,0.0
2021-07-05 00:00:00-04:00,13.320944786071777,13.320944786071777,13.304147037301904,13.320944786071777,49100,0.0,0.0,0.0
2021-07-06 00:00:00-04:00,13.320947114852878,13.379741248323228,13.320947114852878,13.362942695617676,95200,0.0,0.0,0.0
2021-07-07 00:00:00-04:00,13.379737173148524,13.41333346732785,13.379737173148524,13.39653491973877,98700,0.0,0.0,0.0
2021-07-08 00:00:00-04:00,13.438530914006346,13.438530914006346,13.396535344700304,13.413333892822266,89400,0.0,0.0,0.0
2021-07-09 00:00:00-04:00,13.37973673810582,13.37973673810582,13.354538917541504,13.354538917541504,80600,0.0,0.0,0.0
2021-07-12 00:00:00-04:00,13.37133746458438,13.37973673810582,13.354538917541504,13.354538917541504,108700,0.0,0.0,0.0
2021-07-13 00:00:00-04:00,13.362940783609258,13.371340058760241,13.329344484004292,13.337743759155273,168500,0.0,0.0,0.0
2021-07-14 00:00:00-04:00,13.354541517754459,13.388137817382812,13.337743768439765,13.388137817382812,64300,0.0,0.0,0.0
2021-07-15 00:00:00-04:00,13.39653778410323,13.421734809875488,13.371340758330971,13.421734809875488,87200,0.0,0.0,0.0
2021-07-16 00:00:00-04:00,13.388138508512808,13.43013408546591,13.388138508512808,13.421734809875488,80000,0.0,0.0,0.0
2021-07-19 00:00:00-04:00,13.472124391228283,13.514119148254395,13.472124391228283,13.514119148254395,112900,0.0,0.0,0.0
2021-07-20 00:00:00-04:00,13.522522221889218,13.522522221889218,13.455329630558,13.463728904724121,117100,0.0,0.0,0.0
2021-07-21 00:00:00-04:00,13.430130004882812,13.430130004882812,13.396533713727958,13.430130004882812,107800,0.0,0.0,0.0
2021-07-22 00:00:00-04:00,13.43013180805964,13.472128178890241,13.43013180805964,13.463728904724121,90900,0.0,0.0,0.0
2021-07-23 00:00:00-04:00,13.4385268454253,13.44692611694336,13.430127573907242,13.44692611694336,39100,0.0,0.0,0.0
2021-07-26 00:00:00-04:00,13.446928550959619,13.455327823998024,13.430130004882812,13.430130004882812,76600,0.0,0.0,0.0
2021-07-27 00:00:00-04:00,13.463728071489689,13.480525016784668,13.463728071489689,13.480525016784668,64000,0.0,0.0,0.0
2021-07-28 00:00:00-04:00,13.45526519408955,13.488946229248794,13.446845738299814,13.480525970458984,68200,0.04,0.0,0.0
2021-07-29 00:00:00-04:00,13.463686674040218,13.47210693359375,13.455266414486687,13.47210693359375,56700,0.0,0.0,0.0
2021-07-30 00:00:00-04:00,13.463686674040218,13.47210693359375,13.446846957933303,13.47210693359375,66400,0.0,0.0,0.0
2021-08-03 00:00:00-04:00,13.539466441066068,13.539466441066068,13.514205664202073,13.522625923156738,149500,0.0,0.0,0.0
2021-08-04 00:00:00-04:00,13.547888881207069,13.556309141517382,13.497368925345636,13.51420783996582,123600,0.0,0.0,0.0
2021-08-05 00:00:00-04:00,13.50578498840332,13.514203640096891,13.480524215322788,13.50578498840332,62200,0.0,0.0,0.0
2021-08-06 00:00:00-04:00,13.463685723218456,13.463685723218456,13.438425749341897,13.446846008300781,98900,0.0,0.0,0.0
2021-08-09 00:00:00-04:00,13.455264091171864,13.463684349271475,13.421583861773437,13.430004119873047,93600,0.0,0.0,0.0
2021-08-10 00:00:00-04:00,13.430005075024036,13.438425333722499,13.396324843230248,13.404745101928711,86200,0.0,0.0,0.0
2021-08-11 00:00:00-04:00,13.396324843230248,13.413165360627175,13.379485128833387,13.404745101928711,96100,0.0,0.0,0.0
2021-08-12 00:00:00-04:00,13.396324843230248,13.413165360627175,13.387904584531784,13.404745101928711,64200,0.0,0.0,0.0
2021-08-13 00:00:00-04:00,13.42158576466677,13.463686258133754,13.42158576466677,13.455265998840332,67300,0.0,0.0,0.0
2021-08-16 00:00:00-04:00,13.488946229248794,13.505786746828418,13.480525970458984,13.480525970458984,85200,0.0,0.0,0.0
2021-08-17 00:00:00-04:00,13.488946229248794,13.497366488038606,13.472105711669172,13.480525970458984,100300,0.0,0.0,0.0
2021-08-18 00:00:00-04:00,13.47210693359375,13.488947452700813,13.455266414486687,13.47210693359375,73900,0.0,0.0,0.0
2021-08-19 00:00:00-04:00,13.488944740003596,13.505785255723943,13.480524482143421,13.49736499786377,73500,0.0,0.0,0.0
2021-08-20 00:00:00-04:00,13.497366488038606,13.505786746828418,13.480525970458984,13.480525970458984,100400,0.0,0.0,0.0
2021-08-23 00:00:00-04:00,13.488946766755907,13.497367025881248,13.463685989379883,13.463685989379883,113800,0.0,0.0,0.0
2021-08-24 00:00:00-04:00,13.455265464259572,13.455265464259572,13.438425749341897,13.446846008300781,74500,0.0,0.0,0.0
2021-08-25 00:00:00-04:00,13.446845861591168,13.446845861591168,13.39632511138916,13.39632511138916,96000,0.0,0.0,0.0
2021-08-26 00:00:00-04:00,13.404747686821375,13.438427925109863,13.38790716617702,13.438427925109863,47200,0.0,0.0,0.0
2021-08-27 00:00:00-04:00,13.421543168798243,13.472190856933594,13.421543168798243,13.472190856933594,167200,0.04,0.0,0.0
2021-08-30 00:00:00-04:00,13.455308025882578,13.489072882966916,13.455308025882578,13.472190856933594,157800,0.0,0.0,0.0
2021-08-31 00:00:00-04:00,13.48063516043594,13.489075772751999,13.429987461450255,13.43842887878418,81700,0.0,0.0,0.0
2021-09-01 00:00:00-04:00,13.480632254580712,13.505955696105957,13.463749423552088,13.505955696105957,86500,0.0,0.0,0.0
2021-09-02 00:00:00-04:00,13.489071979015709,13.52283763885498,13.48063136907353,13.52283763885498,71400,0.0,0.0,0.0
2021-09-03 00:00:00-04:00,13.489072865077333,13.505955696105957,13.489072865077333,13.505955696105957,50600,0.0,0.0,0.0
2021-09-07 00:00:00-04:00,13.463748931884766,13.472190347090816,13.446866906490328,13.463748931884766,129900,0.0,0.0,0.0
2021-09-08 00:00:00-04:00,13.472190856933594,13.489072882966916,13.472190856933594,13.472190856933594,72100,0.0,0.0,0.0
2021-09-09 00:00:00-04:00,13.463749423552088,13.505955696105957,13.463749423552088,13.505955696105957,93600,0.0,0.0,0.0
2021-09-10 00:00:00-04:00,13.472193743102014,13.48063516043594,13.43842887878418,13.43842887878418,78300,0.0,0.0,0.0
2021-09-13 00:00:00-04:00,13.46374746744951,13.480630296025284,13.446865443891308,13.455306053161621,106800,0.0,0.0,0.0
2021-09-14 00:00:00-04:00,13.455308008037775,13.505955696105957,13.446867397541155,13.505955696105957,92700,0.0,0.0,0.0
2021-09-15 00:00:00-04:00,13.489070905295597,13.489070905295597,13.446865443891308,13.455306053161621,86700,0.0,0.0,0.0
2021-09-16 00:00:00-04:00,13.438424620802174,13.455306645103068,13.42154179148367,13.446866035461426,119700,0.0,0.0,0.0
2021-09-17 00:00:00-04:00,13.396219253540039,13.413102083994065,13.387777838313024,13.396219253540039,109200,0.0,0.0,0.0
2021-09-20 00:00:00-04:00,13.429983206142921,13.446866035461426,13.42154179148367,13.446866035461426,139500,0.0,0.0,0.0
2021-09-21 00:00:00-04:00,13.446868832891774,13.455309444289364,13.421544583645666,13.429986000061035,68900,0.0,0.0,0.0
2021-09-22 00:00:00-04:00,13.42998407607823,13.463748931884766,13.421542660872179,13.463748931884766,98600,0.0,0.0,0.0
2021-09-23 00:00:00-04:00,13.421539393590958,13.421539393590958,13.362451111568129,13.370892524719238,161800,0.0,0.0,0.0
2021-09-24 00:00:00-04:00,13.345571894921827,13.345571894921827,13.311807040239005,13.320247650146484,125600,0.0,0.0,0.0
2021-09-27 00:00:00-04:00,13.30336562531389,13.320247650146484,13.294924210388777,13.320247650146484,111100,0.0,0.0,0.0
2021-09-28 00:00:00-04:00,13.261009255114551,13.277934182206788,13.244083520958887,13.269472122192383,195600,0.04,0.0,0.0
2021-09-29 00:00:00-04:00,13.269472999373665,13.286397927584728,13.227159468250786,13.252547264099121,93900,0.0,0.0,0.0
2021-09-30 00:00:00-04:00,13.277935059947458,13.277935059947458,13.235622335888056,13.252547264099121,65800,0.0,0.0,0.0
2021-10-01 00:00:00-04:00,13.277933160184896,13.29485889303776,13.277933160184896,13.286396026611328,117300,0.0,0.0,0.0
2021-10-04 00:00:00-04:00,13.277933160184896,13.286396026611328,13.261008234395392,13.286396026611328,108100,0.0,0.0,0.0
2021-10-05 00:00:00-04:00,13.269470094546366,13.269470094546366,13.227156572686365,13.244081497192383,125300,0.0,0.0,0.0
2021-10-06 00:00:00-04:00,13.244085387116643,13.26947399192752,13.244085387116643,13.261011123657227,70600,0.0,0.0,0.0
2021-10-07 00:00:00-04:00,13.235619464818347,13.24408152355655,13.218693733215332,13.218693733215332,89500,0.0,0.0,0.0
2021-10-08 00:00:00-04:00,13.210232755794264,13.210232755794264,13.150994300842285,13.150994300842285,129900,0.0,0.0,0.0
2021-10-12 00:00:00-04:00,13.125606506871925,13.159457167853544,13.117143639860664,13.150994300842285,114900,0.0,0.0,0.0
2021-10-13 00:00:00-04:00,13.167919051828905,13.193306843903969,13.150993319069956,13.17638111114502,216600,0.0,0.0,0.0
2021-10-14 00:00:00-04:00,13.193308804765179,13.252547264099121,13.184845937127907,13.252547264099121,112100,0.0,0.0,0.0
2021-10-15 00:00:00-04:00,13.21023178100586,13.227157513779423,13.201769721682439,13.21023178100586,83400,0.0,0.0,0.0
2021-10-18 00:00:00-04:00,13.201768808675622,13.22715659901684,13.184843077072607,13.218693733215332,48800,0.0,0.0,0.0
2021-10-19 00:00:00-04:00,13.193306843903969,13.193306843903969,13.167919051828905,13.17638111114502,179100,0.0,0.0,0.0
2021-10-20 00:00:00-04:00,13.184843977524494,13.184843977524494,13.167919051828905,13.17638111114502,78900,0.0,0.0,0.0
2021-10-21 00:00:00-04:00,13.159455285656563,13.159455285656563,13.117141763715786,13.125604629516602,167800,0.0,0.0,0.0
2021-10-22 00:00:00-04:00,13.125606506871925,13.159457167853544,13.125606506871925,13.150994300842285,148200,0.0,0.0,0.0
2021-10-25 00:00:00-04:00,13.150994339689815,13.17638213373517,13.13406941268072,13.159457206726074,214900,0.0,0.0,0.0
2021-10-26 00:00:00-04:00,13.167917186382274,13.184842109680176,13.1594543212017,13.184842109680176,124300,0.0,0.0,0.0
2021-10-27 00:00:00-04:00,13.218781280345237,13.235750579316957,13.1254525634229,13.210296630859375,265300,0.04,0.0,0.0
2021-10-28 00:00:00-04:00,13.14242252765531,13.201814271578572,13.100000084607494,13.184844970703125,241900,0.0,0.0,0.0
2021-10-29 00:00:00-04:00,13.167878883982143,13.201816682790717,13.108487129211426,13.108487129211426,144800,0.0,0.0,0.0
2021-11-01 00:00:00-04:00,13.100001335144043,13.116970637639392,13.08303284178957,13.100001335144043,146900,0.0,0.0,0.0
2021-11-02 00:00:00-04:00,13.108484986811526,13.133938129472757,13.083031844150295,13.091516494750977,110700,0.0,0.0,0.0
2021-11-03 00:00:00-04:00,13.108485986391717,13.108485986391717,13.074548190541897,13.100001335144043,139500,0.0,0.0,0.0
2021-11-04 00:00:00-04:00,13.116969912121508,13.167877007650935,13.116969912121508,13.159392356872559,174800,0.0,0.0,0.0
2021-11-05 00:00:00-04:00,13.193328141028363,13.218781280345237,13.184843491542503,13.210296630859375,140800,0.0,0.0,0.0
2021-11-08 00:00:00-05:00,13.201814271578572,13.201814271578572,13.159391828530756,13.184844970703125,133700,0.0,0.0,0.0
2021-11-09 00:00:00-05:00,13.210295868581856,13.244233655426266,13.20181202872625,13.218780517578125,215400,0.0,0.0,0.0
2021-11-10 00:00:00-05:00,13.184848715321914,13.184848715321914,13.125457763671875,13.125457763671875,101600,0.0,0.0,0.0
2021-11-11 00:00:00-05:00,13.116973110824432,13.125457763671875,13.100003805129546,13.125457763671875,80600,0.0,0.0,0.0
2021-11-12 00:00:00-05:00,13.133936882019043,13.142421531813858,13.11696839157015,13.133936882019043,138800,0.0,0.0,0.0
2021-11-15 00:00:00-05:00,13.116969637412208,13.116969637412208,13.091516494750977,13.091516494750977,110700,0.0,0.0,0.0
2021-11-16 00:00:00-05:00,13.074545432017576,13.09151473093267,13.040607643328098,13.049092292785645,150000,0.0,0.0,0.0
2021-11-17 00:00:00-05:00,13.057580073765385,13.116971015930176,13.057580073765385,13.116971015930176,96600,0.0,0.0,0.0
2021-11-18 00:00:00-05:00,13.074549330402851,13.116971781198806,13.074549330402851,13.108487129211426,90200,0.0,0.0,0.0
2021-11-19 00:00:00-05:00,13.14242172241211,13.159391022247837,13.125453231717131,13.14242172241211,111200,0.0,0.0,0.0
2021-11-22 00:00:00-05:00,13.09999857124951,13.09999857124951,13.040607643328098,13.049092292785645,184800,0.0,0.0,0.0
2021-11-23 00:00:00-05:00,13.015161141064539,13.032129639491863,12.998191833496094,12.998191833496094,113400,0.0,0.0,0.0
2021-11-24 00:00:00-05:00,12.998189192594436,13.066064790795377,12.998189192594436,13.057580947875977,139600,0.0,0.0,0.0
2021-11-25 00:00:00-05:00,13.074549442855734,13.074549442855734,13.04909629581562,13.057580947875977,94800,0.0,0.0,0.0
2021-11-26 00:00:00-05:00,13.168162376103282,13.193682655484736,13.142642907971094,13.185175895690918,207200,0.04,0.0,0.0
2021-11-29 00:00:00-05:00,13.117123424798656,13.185175880572638,13.108616665014592,13.176669120788574,229700,0.0,0.0,0.0
2021-11-30 00:00:00-05:00,13.261732250743218,13.2787449554119,13.193679809570312,13.193679809570312,189600,0.0,0.0,0.0
2021-12-01 00:00:00-05:00,13.193682396075884,13.287254318220311,13.185175636449323,13.27874755859375,138500,0.0,0.0,0.0
2021-12-02 00:00:00-05:00,13.295762076709453,13.312774785991431,13.270242607161833,13.304268836975098,158900,0.0,0.0,0.0
2021-12-03 00:00:00-05:00,13.236213454984902,13.346798069025551,13.236213454984902,13.338292121887207,151900,0.0,0.0,0.0
2021-12-06 00:00:00-05:00,13.304272745546907,13.312778697062145,13.261739742972518,13.270246505737305,148500,0.0,0.0,0.0
2021-12-07 00:00:00-05:00,13.253231151074035,13.261737912664769,13.210698154369801,13.22771167755127,85100,0.0,0.0,0.0
2021-12-08 00:00:00-05:00,13.219204800381998,13.253231035197999,13.219204800381998,13.24472427368164,205800,0.0,0.0,0.0
2021-12-09 00:00:00-05:00,13.261739742972518,13.287259220017331,13.244726217442942,13.270246505737305,154400,0.0,0.0,0.0
2021-12-10 00:00:00-05:00,13.278748556178167,13.321281546257074,13.278748556178167,13.304268836975098,98000,0.0,0.0,0.0
2021-12-13 00:00:00-05:00,13.329786238017908,13.38082516919297,13.329786238017908,13.372319221496582,219400,0.0,0.0,0.0
2021-12-14 00:00:00-05:00,13.338294968210587,13.338294968210587,13.312774687602266,13.329788208007812,126100,0.0,0.0,0.0
2021-12-15 00:00:00-05:00,13.329786238017908,13.38082516919297,13.329786238017908,13.372319221496582,217000,0.0,0.0,0.0
2021-12-16 00:00:00-05:00,13.380826911591601,13.448880180768622,13.380826911591601,13.440373420715332,133100,0.0,0.0,0.0
2021-12-17 00:00:00-05:00,13.457388904059114,13.47440242767334,13.448882953501457,13.47440242767334,111300,0.0,0.0,0.0
2021-12-20 00:00:00-05:00,13.465891999633598,13.474398759124655,13.389332786712556,13.397839546203613,96900,0.0,0.0,0.0
2021-12-21 00:00:00-05:00,13.363813369509664,13.363813369509664,13.32978714266731,13.346799850463867,107500,0.0,0.0,0.0
2021-12-22 00:00:00-05:00,13.36381331948862,13.397839546203613,13.346799800506508,13.397839546203613,111100,0.0,0.0,0.0
2021-12-23 00:00:00-05:00,13.372320048176698,13.389332755870386,13.355306529233774,13.380825996398926,118700,0.0,0.0,0.0
2021-12-24 00:00:00-05:00,13.372321114092411,13.380827062992653,13.35530759379333,13.363814353942871,274100,0.0,0.0,0.0
2021-12-29 00:00:00-05:00,13.355283255889399,13.389396335453716,13.338227122767227,13.372340202331543,587600,0.04,0.0,0.0
2021-12-30 00:00:00-05:00,13.363815149619374,13.397928237915039,13.355286674215412,13.397928237915039,77100,0.0,0.0,0.0
2021-12-31 00:00:00-05:00,13.414982782123317,13.4490966796875,13.39792664666131,13.4490966796875,53200,0.0,0.0,0.0
2022-01-04 00:00:00-05:00,13.244417271912598,13.321171914276123,13.244417271912598,13.28705883026123,224700,0.0,0.0,0.0
2022-01-05 00:00:00-05:00,13.304117519116902,13.304117519116902,13.235891342163086,13.235891342163086,280300,0.0,0.0,0.0
2022-01-06 00:00:00-05:00,13.184718850144531,13.201774984550083,13.167661902418947,13.176190376281738,164300,0.0,0.0,0.0
2022-01-07 00:00:00-05:00,13.167660862334568,13.167660862334568,13.116491649839624,13.13354778289795,203500,0.0,0.0,0.0
2022-01-10 00:00:00-05:00,13.099434703461329,13.13354778289795,13.09090704359215,13.13354778289795,104200,0.0,0.0,0.0
2022-01-11 00:00:00-05:00,13.133547065911694,13.150604011358816,13.116490933784496,13.142075538635254,109100,0.0,0.0,0.0
2022-01-12 00:00:00-05:00,13.125020745016647,13.142076878883254,13.107963797830033,13.11649227142334,187200,0.0,0.0,0.0
2022-01-13 00:00:00-05:00,13.125019406508057,13.142075538635254,13.099433988337374,13.142075538635254,149900,0.0,0.0,0.0
2022-01-14 00:00:00-05:00,13.107968959491673,13.116497436443327,13.073855865005383,13.090912818908691,115500,0.0,0.0,0.0
2022-01-17 00:00:00-05:00,13.056796793213309,13.056796793213309,13.031211368102193,13.04826831817627,156400,0.0,0.0,0.0
2022-01-18 00:00:00-05:00,13.005625407265718,13.014153881418117,12.94592771483905,12.954455375671387,253100,0.0,0.0,0.0
2022-01-19 00:00:00-05:00,12.954454893150844,12.988567975169751,12.954454893150844,12.971511840820312,129300,0.0,0.0,0.0
2022-01-20 00:00:00-05:00,12.980040645237347,12.988568305969238,12.962983697133462,12.988568305969238,70800,0.0,0.0,0.0
2022-01-21 00:00:00-05:00,13.02268537717108,13.056798468375733,13.02268537717108,13.039741516113281,129600,0.0,0.0,0.0
2022-01-24 00:00:00-05:00,13.05679710812484,13.073853245290142,12.971513982337832,12.980042457580566,235500,0.0,0.0,0.0
2022-01-25 00:00:00-05:00,13.005625254073122,13.031209862908897,12.980040645237347,12.988568305969238,155100,0.0,0.0,0.0
2022-01-26 00:00:00-05:00,13.022681300774348,13.04826590783921,12.937398192798147,12.945926666259766,314400,0.0,0.0,0.0
2022-01-27 00:00:00-05:00,13.00578412387794,13.057089350894358,13.00578412387794,13.0228853225708,518400,0.04,0.0,0.0
2022-01-28 00:00:00-05:00,12.963030177232385,13.022885597122663,12.963030177232385,12.997233390808105,133700,0.0,0.0,0.0
2022-01-31 00:00:00-05:00,12.997232118002115,13.01433413084966,12.954477901352107,12.963028907775879,217500,0.0,0.0,0.0
2022-02-01 00:00:00-05:00,12.980131922287988,12.988682113902716,12.91172549655666,12.920275688171387,453500,0.0,0.0,0.0
2022-02-02 00:00:00-05:00,12.980131918104188,13.0228853225708,12.971580911023299,13.0228853225708,123900,0.0,0.0,0.0
2022-02-03 00:00:00-05:00,12.980130920623425,12.980130920623425,12.94592771039719,12.963028907775879,145400,0.0,0.0,0.0
2022-02-04 00:00:00-05:00,12.9459301683192,12.9459301683192,12.894624935504575,12.911726951599121,129300,0.0,0.0,0.0
2022-02-07 00:00:00-05:00,12.903174489473013,12.928826695255033,12.894623482389369,12.920275688171387,112000,0.0,0.0,0.0
2022-02-08 00:00:00-05:00,12.877520561218262,12.90317276356909,12.860418549338503,12.877520561218262,212900,0.0,0.0,0.0
2022-02-09 00:00:00-05:00,12.903174763674052,12.911725770939412,12.886072749143331,12.894623756408691,80100,0.0,0.0,0.0
2022-02-10 00:00:00-05:00,12.877519683620136,12.877519683620136,12.792011260986328,12.792011260986328,278500,0.0,0.0,0.0
2022-02-11 00:00:00-05:00,12.826215020408121,12.851867222117678,12.75780860553678,12.843317031860352,668100,0.0,0.0,0.0
2022-02-14 00:00:00-05:00,12.792011260986328,12.809112456231837,12.749257049669422,12.792011260986328,192700,0.0,0.0,0.0
2022-02-15 00:00:00-05:00,12.757810592651367,12.766361599709358,12.749259585593375,12.757810592651367,262000,0.0,0.0,0.0
2022-02-16 00:00:00-05:00,12.774916648864746,12.774916648864746,12.740713423096174,12.774916648864746,179100,0.0,0.0,0.0
2022-02-17 00:00:00-05:00,12.792014711940519,12.826217927127434,12.783463704276548,12.800565719604492,273900,0.0,0.0,0.0
2022-02-18 00:00:00-05:00,12.809115636406931,12.834768658847315,12.809115636406931,12.826217651367188,111600,0.0,0.0,0.0
2022-02-22 00:00:00-05:00,12.800561673313068,12.800561673313068,12.766358468937877,12.783459663391113,117000,0.0,0.0,0.0
2022-02-23 00:00:00-05:00,12.757811822741397,12.757811822741397,12.723608606680521,12.732159614562988,194500,0.0,0.0,0.0
2022-02-24 00:00:00-05:00,12.749304324804816,12.783599663780581,12.723583024989338,12.740730285644531,201400,0.04,0.0,0.0
2022-02-25 00:00:00-05:00,12.749306661063002,12.80932331085205,12.749306661063002,12.80932331085205,118600,0.0,0.0,0.0
2022-02-28 00:00:00-05:00,12.843615413421134,12.877911567687988,12.843615413421134,12.877911567687988,165200,0.0,0.0,0.0
2022-03-01 00:00:00-05:00,12.937929086363376,13.023667024892955,12.937929086363376,13.015093803405762,210200,0.0,0.0,0.0
2022-03-02 00:00:00-05:00,12.980799998341086,12.997947261007061,12.929356575012207,12.929356575012207,105600,0.0,0.0,0.0
2022-03-03 00:00:00-05:00,12.912209757073411,12.94650510125205,12.912209757073411,12.937931060791016,139000,0.0,0.0,0.0
2022-03-04 00:00:00-05:00,12.946506478045515,13.01509717369706,12.946506478045515,13.006523132324219,203400,0.0,0.0,0.0
2022-03-07 00:00:00-05:00,12.963653585923968,12.972227627192837,12.903636932373047,12.903636932373047,164200,0.0,0.0,0.0
2022-03-08 00:00:00-05:00,12.85219072196316,12.860764761377109,12.809321342558823,12.826469421386719,170800,0.0,0.0,0.0
2022-03-09 00:00:00-05:00,12.800748887044296,12.809322109306022,12.783600807189941,12.783600807189941,106500,0.0,0.0,0.0
2022-03-10 00:00:00-05:00,12.775028247794515,12.775028247794515,12.689290291582697,12.715011596679688,163600,0.0,0.0,0.0
2022-03-11 00:00:00-05:00,12.697865308507707,12.706438532421975,12.654995918273926,12.654995918273926,171000,0.0,0.0,0.0
2022-03-14 00:00:00-04:00,12.577827771513125,12.586401810769926,12.51781113204628,12.526384353637695,144000,0.0,0.0,0.0
2022-03-15 00:00:00-04:00,12.526386724632157,12.560682070485404,12.474944114685059,12.474944114685059,162400,0.0,0.0,0.0
2022-03-16 00:00:00-04:00,12.457793674914049,12.534958392894497,12.457793674914049,12.526384353637695,137800,0.0,0.0,0.0
2022-03-17 00:00:00-04:00,12.552109273714937,12.560682497220357,12.509239885525554,12.543535232543945,235100,0.0,0.0,0.0
2022-03-18 00:00:00-04:00,12.543537379630235,12.577832732518987,12.53496333699162,12.569258689880371,87100,0.0,0.0,0.0
2022-03-21 00:00:00-04:00,12.509239524678168,12.517813565601829,12.440648832619985,12.457796096801758,174800,0.0,0.0,0.0
2022-03-22 00:00:00-04:00,12.397777816804012,12.414925078732917,12.354908435483589,12.363482475280762,196200,0.0,0.0,0.0
2022-03-23 00:00:00-04:00,12.389205341219172,12.474944114685059,12.389205341219172,12.474944114685059,187000,0.0,0.0,0.0
2022-03-24 00:00:00-04:00,12.389204716910099,12.432074101482796,12.389204716910099,12.423500061035156,127000,0.0,0.0,0.0
2022-03-25 00:00:00-04:00,12.423498418976132,12.423498418976132,12.312038360885404,12.32918643951416,250700,0.0,0.0,0.0
2022-03-28 00:00:00-04:00,12.363483230188155,12.40635261412616,12.354909189867456,12.380630493164062,145700,0.0,0.0,0.0
2022-03-29 00:00:00-04:00,12.397828571032022,12.423621327244625,12.363437956102906,12.406426429748535,173900,0.04,0.0,0.0
2022-03-30 00:00:00-04:00,12.38063112562783,12.458010203402736,12.38063112562783,12.44941234588623,93600,0.0,0.0,0.0
2022-03-31 00:00:00-04:00,12.458007321478858,12.509593634707555,12.449409465951303,12.483800888061523,244400,0.0,0.0,0.0
2022-04-01 00:00:00-04:00,12.40642136744935,12.46660471403394,12.40642136744935,12.458006858825684,121500,0.0,0.0,0.0
2022-04-04 00:00:00-04:00,12.492403667012507,12.501001526492912,12.440818150004095,12.4666109085083,82700,0.0,0.0,0.0
2022-04-05 00:00:00-04:00,12.449411697301091,12.466607411438247,12.372033443494232,12.397826194763184,116400,0.0,0.0,0.0
2022-04-06 00:00:00-04:00,12.337643798014197,12.380631446838379,12.337643798014197,12.380631446838379,280600,0.0,0.0,0.0
2022-04-07 00:00:00-04:00,12.363433509264656,12.380628400576146,12.320445051080972,12.337640762329102,201300,0.0,0.0,0.0
2022-04-08 00:00:00-04:00,12.30325461227564,12.329047368545506,12.286058894804437,12.294656753540039,110900,0.0,0.0,0.0
2022-04-11 00:00:00-04:00,12.243065977413943,12.260261688643922,12.208675374890626,12.225871086120605,171700,0.0,0.0,0.0
2022-04-12 00:00:00-04:00,12.260263767273404,12.31184926983597,12.260263767273404,12.286056518554688,376300,0.0,0.0,0.0
2022-04-13 00:00:00-04:00,12.30324935913086,12.337639959452497,12.286053649001746,12.30324935913086,184000,0.0,0.0,0.0
2022-04-14 00:00:00-04:00,12.268859222985174,12.268859222985174,12.174284453570117,12.182882308959961,159100,0.0,0.0,0.0
2022-04-18 00:00:00-04:00,12.182882790727403,12.208675537980282,12.157090043474522,12.174284934997559,131800,0.0,0.0,0.0
2022-04-19 00:00:00-04:00,12.131296773552684,12.139894629493211,12.114101881608299,12.122699737548828,140300,0.0,0.0,0.0
2022-04-20 00:00:00-04:00,12.114104270935059,12.15709273917986,12.105506413298732,12.114104270935059,115600,0.0,0.0,0.0
2022-04-21 00:00:00-04:00,12.071113258399937,12.071113258399937,12.002332051680353,12.045320510864258,292500,0.0,0.0,0.0
2022-04-22 00:00:00-04:00,12.036721710740418,12.053917421039614,12.002331110078623,12.02812385559082,231700,0.0,0.0,0.0
2022-04-25 00:00:00-04:00,12.06251667151348,12.12270084867679,12.06251667151348,12.088310241699219,230100,0.0,0.0,0.0
2022-04-26 00:00:00-04:00,12.12269959373324,12.174285088891084,12.105503882056182,12.139894485473633,179500,0.0,0.0,0.0
2022-04-27 00:00:00-04:00,12.122649881386149,12.13127134004836,12.062294737154877,12.07953929901123,119100,0.04,0.0,0.0
2022-04-28 00:00:00-04:00,12.062297604040257,12.131274223327637,12.062297604040257,12.131274223327637,199100,0.0,0.0,0.0
2022-04-29 00:00:00-04:00,12.062299843477167,12.105410444102056,12.053677558898926,12.053677558898926,201100,0.0,0.0,0.0
2022-05-02 00:00:00-04:00,12.02781175806776,12.053677790032157,11.967457409395388,11.984701156616211,190100,0.0,0.0,0.0
2022-05-03 00:00:00-04:00,11.984701156616211,12.02781175806776,11.976079694138965,11.984701156616211,172700,0.0,0.0,0.0
2022-05-04 00:00:00-04:00,11.958830628236425,12.027807235717773,11.950208346734751,12.027807235717773,230500,0.0,0.0,0.0
2022-05-05 00:00:00-04:00,11.976075979278962,11.976075979278962,11.889854803120816,11.92434310913086,139400,0.0,0.0,0.0
2022-05-06 00:00:00-04:00,11.863991012085785,11.915723069704233,11.846746444702148,11.846746444702148,216500,0.0,0.0,0.0
2022-05-09 00:00:00-04:00,11.846744103280745,11.932965278625488,11.846744103280745,11.932965278625488,160600,0.0,0.0,0.0
2022-05-10 00:00:00-04:00,11.950209020334796,11.97607586629786,11.924342996637801,11.932965278625488,128800,0.0,0.0,0.0
2022-05-11 00:00:00-04:00,11.898477811085295,11.95020986212336,11.88123324589519,11.941588401794434,150400,0.0,0.0,0.0
2022-05-12 00:00:00-04:00,11.967454439542427,12.019186490633356,11.958832156938563,11.99332046508789,228800,0.0,0.0,0.0
2022-05-13 00:00:00-04:00,11.984701156616211,12.001945726103362,11.967457409395388,11.984701156616211,188300,0.0,0.0,0.0
2022-05-16 00:00:00-04:00,11.99332189860895,12.036432494515006,11.99332189860895,12.019187927246094,122100,0.0,0.0,0.0
2022-05-17 00:00:00-04:00,11.976075979278962,11.976075979278962,11.91572082706183,11.92434310913086,138100,0.0,0.0,0.0
2022-05-18 00:00:00-04:00,11.889857182932115,11.9588338087582,11.889857182932115,11.950211524963379,135100,0.0,0.0,0.0
2022-05-19 00:00:00-04:00,12.019187927246094,12.036432494515006,11.99332189860895,12.019187927246094,176100,0.0,0.0,0.0
2022-05-20 00:00:00-04:00,12.00194549596211,12.053677558898926,12.00194549596211,12.053677558898926,89300,0.0,0.0,0.0
2022-05-24 00:00:00-04:00,12.04505099756449,12.114027600457971,12.04505099756449,12.07953929901123,131100,0.0,0.0,0.0
2022-05-25 00:00:00-04:00,12.10540844120404,12.131274468392789,12.088164697166933,12.122653007507324,104200,0.0,0.0,0.0
2022-05-26 00:00:00-04:00,12.122653235145167,12.122653235145167,12.088164924157159,12.105408668518066,104000,0.0,0.0,0.0
2022-05-27 00:00:00-04:00,12.114054645439003,12.14864149167646,12.105407727725774,12.13134765625,98500,0.04,0.0,0.0
2022-05-30 00:00:00-04:00,12.079468737977875,12.105408668518066,12.079468737977875,12.105408668518066,112600,0.0,0.0,0.0
2022-05-31 00:00:00-04:00,12.053525924682617,12.062172841591396,12.027585998571668,12.053525924682617,150900,0.0,0.0,0.0
2022-06-01 00:00:00-04:00,12.04488075879818,12.04488075879818,11.984353160396756,12.001646995544434,94900,0.0,0.0,0.0
2022-06-02 00:00:00-04:00,12.010293899779679,12.010293899779679,11.967060136573947,11.975707054138184,75100,0.0,0.0,0.0
2022-06-03 00:00:00-04:00,11.932474089468581,11.94112100761148,11.915180253182784,11.923827171325684,85900,0.0,0.0,0.0
2022-06-06 00:00:00-04:00,11.889242065422756,11.89788898483263,11.820068359375,11.820068359375,116100,0.0,0.0,0.0
2022-06-07 00:00:00-04:00,11.811419486999512,11.837359416324462,11.802772569019366,11.811419486999512,96900,0.0,0.0,0.0
2022-06-08 00:00:00-04:00,11.785479533458664,11.785479533458664,11.750892686224635,11.759539604187012,119400,0.0,0.0,0.0
2022-06-09 00:00:00-04:00,11.724956475943012,11.768189430236816,11.724956475943012,11.768189430236816,215100,0.0,0.0,0.0
2022-06-10 00:00:00-04:00,11.776834325382879,11.776834325382879,11.673073768615723,11.673073768615723,211000,0.0,0.0,0.0
2022-06-13 00:00:00-04:00,11.603895976983415,11.61254289315563,11.53472229683631,11.55201530456543,147500,0.0,0.0,0.0
2022-06-14 00:00:00-04:00,11.552016163297965,11.560663080112962,11.456902552179146,11.46554946899414,156700,0.0,0.0,0.0
2022-06-15 00:00:00-04:00,11.534725235860407,11.552018247995749,11.456904619712555,11.54337215423584,267400,0.0,0.0,0.0
2022-06-16 00:00:00-04:00,11.491492480814163,11.621192969408092,11.491492480814163,11.603899955749512,221900,0.0,0.0,0.0
2022-06-17 00:00:00-04:00,11.61254596710205,11.65577891017666,11.577959117873046,11.61254596710205,151300,0.0,0.0,0.0
2022-06-20 00:00:00-04:00,11.595250081606304,11.61254391547321,11.586603164672852,11.586603164672852,37300,0.0,0.0,0.0
2022-06-21 00:00:00-04:00,11.560665166371182,11.595252015257392,11.54337215423584,11.54337215423584,65900,0.0,0.0,0.0
2022-06-22 00:00:00-04:00,11.595253036612425,11.62983988854518,11.595253036612425,11.603899955749512,69700,0.0,0.0,0.0
2022-06-23 00:00:00-04:00,11.690367698669434,11.742247565151796,11.690367698669434,11.690367698669434,106700,0.0,0.0,0.0
2022-06-24 00:00:00-04:00,11.690364756505035,11.742244609930571,11.681717839395645,11.699010848999023,108900,0.0,0.0,0.0
2022-06-27 00:00:00-04:00,11.647130966186523,11.716304653656307,11.63848404909895,11.647130966186523,258600,0.0,0.0,0.0
2022-06-28 00:00:00-04:00,11.629787527052075,11.673150062561035,11.612443009091436,11.673150062561035,346600,0.04,0.0,0.0
2022-06-29 00:00:00-04:00,11.681824752693057,11.751204490661621,11.673152078679058,11.751204490661621,168300,0.0,0.0,0.0
2022-06-30 00:00:00-04:00,11.759877238950914,11.794567108154297,11.733859216744586,11.794567108154297,87900,0.0,0.0,0.0
2022-07-04 00:00:00-04:00,11.785891617481289,11.837925995315274,11.785891617481289,11.829254150390625,90700,0.0,0.0,0.0
2022-07-05 00:00:00-04:00,11.8639440957491,11.924651146011358,11.855271423691196,11.89863395690918,172800,0.0,0.0,0.0
2022-07-06 00:00:00-04:00,11.907305674594495,11.92465101852486,11.811908764192044,11.820581436157227,62500,0.0,0.0,0.0
2022-07-07 00:00:00-04:00,11.829255934952657,11.837927781185542,11.785893395501647,11.803237915039062,85700,0.0,0.0,0.0
2022-07-08 00:00:00-04:00,11.777217819327017,11.785890490493893,11.725183446468648,11.742527961730957,151700,0.0,0.0,0.0
2022-07-11 00:00:00-04:00,11.777220726013184,11.811910592170904,11.76854805270584,11.777220726013184,73000,0.0,0.0,0.0
2022-07-12 00:00:00-04:00,11.82925410812241,11.855271296946437,11.820581436157227,11.820581436157227,125200,0.0,0.0,0.0
2022-07-13 00:00:00-04:00,11.811909715275018,11.846599578857422,11.751202660773707,11.846599578857422,106700,0.0,0.0,0.0
2022-07-14 00:00:00-04:00,11.811909715275018,11.846599578857422,11.785892524356111,11.846599578857422,661700,0.0,0.0,0.0
2022-07-15 00:00:00-04:00,11.863946902211318,11.91598129272461,11.85527422810186,11.91598129272461,220300,0.0,0.0,0.0
2022-07-18 00:00:00-04:00,11.881290476606033,11.898635823442795,11.85527328342255,11.889963150024414,75300,0.0,0.0,0.0
2022-07-19 00:00:00-04:00,11.898635823442795,11.907307669789516,11.86394595684093,11.889963150024414,152100,0.0,0.0,0.0
2022-07-20 00:00:00-04:00,11.933320859795781,11.933320859795781,11.863941154674867,11.881285667419434,126400,0.0,0.0,0.0
2022-07-21 00:00:00-04:00,11.915980492905646,12.011378247562979,11.915980492905646,12.002705574035645,107300,0.0,0.0,0.0
2022-07-22 00:00:00-04:00,12.072083556425241,12.115446090698242,12.072083556425241,12.115446090698242,129300,0.0,0.0,0.0
2022-07-25 00:00:00-04:00,12.07208256220999,12.080755233764648,12.054737219100673,12.080755233764648,61200,0.0,0.0,0.0
2022-07-26 00:00:00-04:00,12.150135910587542,12.15880858282639,12.098100704225995,12.106773376464844,69200,0.0,0.0,0.0
2022-07-27 00:00:00-04:00,12.106774989427386,12.176354089296073,12.106774989427386,12.12416934967041,217100,0.04,0.0,0.0
2022-07-28 00:00:00-04:00,12.228537183553865,12.263326728807222,12.202444402527707,12.254629135131836,389700,0.0,0.0,0.0
2022-07-29 00:00:00-04:00,12.228537183553865,12.289418680385193,12.219839589878479,12.254629135131836,231400,0.0,0.0,0.0
2022-08-02 00:00:00-04:00,12.315511647073436,12.315511647073436,12.176353454589844,12.176353454589844,163900,0.0,0.0,0.0
2022-08-03 00:00:00-04:00,12.1328661436684,12.193748474121094,12.08937900175883,12.193748474121094,135000,0.0,0.0,0.0
2022-08-04 00:00:00-04:00,12.211140632629395,12.21983822533355,12.176351091260859,12.211140632629395,145000,0.0,0.0,0.0
2022-08-05 00:00:00-04:00,12.15025976400911,12.158956527709961,12.106772627712312,12.158956527709961,142600,0.0,0.0,0.0
2022-08-08 00:00:00-04:00,12.167655775691705,12.202445323570984,12.167655775691705,12.185050964355469,115800,0.0,0.0,0.0
2022-08-09 00:00:00-04:00,12.193747772463148,12.193747772463148,12.150260633055934,12.167654991149902,81500,0.0,0.0,0.0
2022-08-10 00:00:00-04:00,12.22853955245256,12.26332910444531,12.202446766371738,12.219841957092285,91300,0.0,0.0,0.0
2022-08-11 00:00:00-04:00,12.237234461629312,12.237234461629312,12.115471462853757,12.141563415527344,210900,0.0,0.0,0.0
2022-08-12 00:00:00-04:00,12.167654991149902,12.167654991149902,12.115471087419802,12.167654991149902,104900,0.0,0.0,0.0
2022-08-15 00:00:00-04:00,12.185050178692066,12.219839724328198,12.167654991149902,12.167654991149902,75400,0.0,0.0,0.0
2022-08-16 00:00:00-04:00,12.141563415527344,12.150261009567947,12.098076274772552,12.141563415527344,101000,0.0,0.0,0.0
2022-08-17 00:00:00-04:00,12.098078813822529,12.098078813822529,12.06328925980698,12.089381217956543,135800,0.0,0.0,0.0
2022-08-18 00:00:00-04:00,12.071986198425293,12.098078155154305,12.06328860303284,12.071986198425293,133200,0.0,0.0,0.0
2022-08-19 00:00:00-04:00,12.019799064689288,12.03719425201416,12.0024047068126,12.03719425201416,97000,0.0,0.0,0.0
2022-08-22 00:00:00-04:00,11.993705333093407,11.993705333093407,11.94152060831202,11.950218200683594,113300,0.0,0.0,0.0
2022-08-23 00:00:00-04:00,11.924129401181728,11.976314139740738,11.898037446626363,11.93282699584961,79200,0.0,0.0,0.0
2022-08-24 00:00:00-04:00,11.91542824392286,11.932823428057642,11.88933629716872,11.906730651855469,62000,0.0,0.0,0.0
2022-08-25 00:00:00-04:00,11.906733750370549,11.967616081237793,11.889339391157227,11.967616081237793,198200,0.0,0.0,0.0
2022-08-26 00:00:00-04:00,11.941523382687592,11.976313760256744,11.92412902335127,11.958918571472168,168600,0.0,0.0,0.0
2022-08-29 00:00:00-04:00,11.924026489257812,11.932749458783793,11.897858412548034,11.924026489257812,82600,0.04,0.0,0.0
2022-08-30 00:00:00-04:00,11.924024088832956,11.950192160274842,11.906578153293038,11.941469192504883,160800,0.0,0.0,0.0
2022-08-31 00:00:00-04:00,11.94147101585285,11.950193984954723,11.906579971313477,11.906579971313477,104400,0.0,0.0,0.0
2022-09-01 00:00:00-04:00,11.845523168717989,11.862969110334745,11.819355088161135,11.854246139526367,133600,0.0,0.0,0.0
2022-09-02 00:00:00-04:00,11.889135650012095,11.932749666533153,11.889135650012095,11.897858619689941,171700,0.0,0.0,0.0
2022-09-06 00:00:00-04:00,11.854244439413742,11.880412516217621,11.801907453937822,11.828076362609863,86300,0.0,0.0,0.0
2022-09-07 00:00:00-04:00,11.85424117113346,11.889132207875033,11.836795236828706,11.880409240722656,143500,0.0,0.0,0.0
2022-09-08 00:00:00-04:00,11.85424673003468,11.862969701277583,11.810632705688477,11.810632705688477,131700,0.0,0.0,0.0
2022-09-09 00:00:00-04:00,11.86296918733969,11.897860238931408,11.854246216474689,11.889137268066406,181100,0.0,0.0,0.0
2022-09-12 00:00:00-04:00,11.897859661446917,11.906581800020286,11.854245641107086,11.87169075012207,138500,0.0,0.0,0.0
2022-09-13 00:00:00-04:00,11.836798210457056,11.836798210457056,11.793185027474582,11.819353103637695,215900,0.0,0.0,0.0
2022-09-14 00:00:00-04:00,11.828078058969515,11.862969110334745,11.810632117352757,11.854246139526367,172300,0.0,0.0,0.0
2022-09-15 00:00:00-04:00,11.862968611548702,11.880413720563686,11.84552267066547,11.87169075012207,132800,0.0,0.0,0.0
2022-09-16 00:00:00-04:00,11.836799700223855,11.880413720563686,11.836799700223855,11.87169075012207,115800,0.0,0.0,0.0
2022-09-19 00:00:00-04:00,11.845518203981083,11.889132207875033,11.845518203981083,11.880409240722656,98700,0.0,0.0,0.0
2022-09-20 00:00:00-04:00,11.880412680334247,11.915303727177461,11.86296757284673,11.897858619689941,116300,0.0,0.0,0.0
2022-09-21 00:00:00-04:00,11.932749046008635,11.976362228393555,11.906580138335924,11.976362228393555,184800,0.0,0.0,0.0
2022-09-22 00:00:00-04:00,11.924025909517223,11.932748878619096,11.880411895875977,11.906579971313477,145900,0.0,0.0,0.0
2022-09-23 00:00:00-04:00,11.976361393186584,11.976361393186584,11.915302276611328,11.915302276611328,401000,0.0,0.0,0.0
2022-09-26 00:00:00-04:00,11.9065772180402,11.9065772180402,11.82807300988099,11.845518112182617,197500,0.0,0.0,0.0
2022-09-27 00:00:00-04:00,11.819352644895934,11.819352644895934,11.73212461858026,11.74084758758545,197000,0.0,0.0,0.0
2022-09-28 00:00:00-04:00,11.819589701177943,11.933323823144349,11.81084073002334,11.924574851989746,141700,0.04,0.0,0.0
2022-09-29 00:00:00-04:00,11.880830772897296,11.915825822998038,11.81958964380795,11.854584693908691,279000,0.0,0.0,0.0
2022-09-30 00:00:00-04:00,11.880829823153588,11.88957879356634,11.828337669372559,11.828337669372559,93400,0.0,0.0,0.0
2022-10-03 00:00:00-04:00,11.880827826894313,11.907073899374868,11.828335681933202,11.83708381652832,230800,0.0,0.0,0.0
2022-10-04 00:00:00-04:00,11.880826910162174,11.898324846697461,11.84583187143914,11.872077941894531,380800,0.0,0.0,0.0
2022-10-05 00:00:00-04:00,11.828335606307139,11.828335606307139,11.740847586134517,11.767093658447266,425800,0.0,0.0,0.0
2022-10-06 00:00:00-04:00,11.740847508886464,11.740847508886464,11.688354530258746,11.723349571228027,423700,0.0,0.0,0.0
2022-10-07 00:00:00-04:00,11.697102545831216,11.697102545831216,11.653358539597638,11.670856475830078,87500,0.0,0.0,0.0
2022-10-11 00:00:00-04:00,11.644607409389451,11.653355540907041,11.592114448547363,11.592114448547363,346700,0.0,0.0,0.0
2022-10-12 00:00:00-04:00,11.583369373191799,11.653359454923963,11.565872269932552,11.60961627960205,217400,0.0,0.0,0.0
2022-10-13 00:00:00-04:00,11.5396253635223,11.653359454923963,11.5396253635223,11.60961627960205,111100,0.0,0.0,0.0
2022-10-14 00:00:00-04:00,11.61836233790197,11.627111305141982,11.539623301436746,11.548372268676758,137400,0.0,0.0,0.0
2022-10-17 00:00:00-04:00,11.609618034740176,11.62711514064463,11.57462215423584,11.57462215423584,174400,0.0,0.0,0.0
2022-10-18 00:00:00-04:00,11.618360569164619,11.653355598449707,11.59211450578763,11.653355598449707,145000,0.0,0.0,0.0
2022-10-19 00:00:00-04:00,11.56587103394939,11.574619167470354,11.469634056091309,11.469634056091309,160000,0.0,0.0,0.0
2022-10-20 00:00:00-04:00,11.4521379086658,11.478383980109987,11.373398859985674,11.390896797180176,170300,0.0,0.0,0.0
2022-10-21 00:00:00-04:00,11.338404766463123,11.417143821716309,11.329655797135516,11.417143821716309,116900,0.0,0.0,0.0
2022-10-24 00:00:00-04:00,11.408394926974356,11.460887908935547,11.408394926974356,11.460887908935547,251600,0.0,0.0,0.0
2022-10-25 00:00:00-04:00,11.478386909036727,11.513381958007812,11.478386909036727,11.513381958007812,281200,0.0,0.0,0.0
2022-10-26 00:00:00-04:00,11.548374328766316,11.6883544921875,11.548374328766316,11.6883544921875,173400,0.0,0.0,0.0
2022-10-27 00:00:00-04:00,11.714680523023205,11.767330302422659,11.697130038654615,11.749780654907227,304200,0.04,0.0,0.0
2022-10-28 00:00:00-04:00,11.723455279357552,11.767330654739508,11.723455279357552,11.75855541229248,301500,0.0,0.0,0.0
2022-10-31 00:00:00-04:00,11.767329832496104,11.767329832496104,11.71468005519921,11.741004943847656,178000,0.0,0.0,0.0
2022-11-01 00:00:00-04:00,11.80242885957602,11.811204100589485,11.749779087201324,11.776103973388672,115100,0.0,0.0,0.0
2022-11-02 00:00:00-04:00,11.758553294971707,11.78487901757241,11.69712828260946,11.714678764343262,252100,0.0,0.0,0.0
2022-11-03 00:00:00-04:00,11.662029883849648,11.679580368183741,11.626929752034613,11.63570499420166,386500,0.0,0.0,0.0
2022-11-04 00:00:00-04:00,11.565503120422363,11.60937765144308,11.547952638531646,11.565503120422363,280900,0.0,0.0,0.0
2022-11-07 00:00:00-05:00,11.547955348848033,11.574280241009548,11.460205429358572,11.468979835510254,246800,0.0,0.0,0.0
2022-11-08 00:00:00-05:00,11.477752384674854,11.574277524514685,11.477752384674854,11.565503120422363,205500,0.0,0.0,0.0
2022-11-09 00:00:00-05:00,11.556728686374854,11.600604057312012,11.547953444816802,11.600604057312012,232400,0.0,0.0,0.0
2022-11-10 00:00:00-05:00,11.714676457366505,11.837526457898091,11.714676457366505,11.8024263381958,195400,0.0,0.0,0.0
2022-11-11 00:00:00-05:00,11.811206198918597,11.837531089782715,11.811206198918597,11.837531089782715,135200,0.0,0.0,0.0
2022-11-14 00:00:00-05:00,11.81120442640804,11.837529313321575,11.802429185152507,11.819979667663574,131500,0.0,0.0,0.0
2022-11-15 00:00:00-05:00,11.837527264057472,11.872627386150151,11.811202381701193,11.855077743530273,393800,0.0,0.0,0.0
2022-11-16 00:00:00-05:00,11.890184709656808,11.934060096740723,11.86385981214782,11.934060096740723,319400,0.0,0.0,0.0
2022-11-17 00:00:00-05:00,11.872633447190044,11.88140869140625,11.84630855139477,11.88140869140625,265800,0.0,0.0,0.0
2022-11-18 00:00:00-05:00,11.863852983266673,11.890177865622952,11.846302503793872,11.855077743530273,238000,0.0,0.0,0.0
2022-11-21 00:00:00-05:00,11.898956650715519,11.925281540915437,11.872630923662431,11.907731056213379,260900,0.0,0.0,0.0
2022-11-22 00:00:00-05:00,11.942828636483092,11.977928761532853,11.942828636483092,11.969154357910156,150900,0.0,0.0,0.0
2022-11-23 00:00:00-05:00,11.986707866993667,12.04813289642334,11.977932623688496,12.04813289642334,370600,0.0,0.0,0.0
2022-11-24 00:00:00-05:00,12.074456699424296,12.092006346380698,12.065681457519531,12.065681457519531,111200,0.0,0.0,0.0
2022-11-25 00:00:00-05:00,12.039354524190047,12.10077953338623,12.039354524190047,12.10077953338623,139200,0.0,0.0,0.0
2022-11-28 00:00:00-05:00,12.074384308625104,12.083184242248535,12.047981989891117,12.083184242248535,376500,0.04,0.0,0.0
2022-11-29 00:00:00-05:00,12.030379295349121,12.039180066806132,12.003977820265847,12.030379295349121,256400,0.0,0.0,0.0
2022-11-30 00:00:00-05:00,11.986375373677545,12.056779861450195,11.95117312979122,12.056779861450195,278000,0.0,0.0,0.0
2022-12-01 00:00:00-05:00,12.109583467751916,12.206389427185059,12.091981926425333,12.206389427185059,426800,0.0,0.0,0.0
2022-12-02 00:00:00-05:00,12.144784028155799,12.259191513061523,12.109581789668466,12.259191513061523,236100,0.0,0.0,0.0
2022-12-05 00:00:00-05:00,12.206389691447084,12.215190462300907,12.17998821817332,12.197588920593262,381000,0.0,0.0,0.0
2022-12-06 00:00:00-05:00,12.22398927457419,12.259191513061523,12.20638773568674,12.259191513061523,221300,0.0,0.0,0.0
2022-12-07 00:00:00-05:00,12.303196863138725,12.311997634858207,12.21519166380727,12.276795387268066,303300,0.0,0.0,0.0
2022-12-08 00:00:00-05:00,12.223987633621629,12.267989796358252,12.215186865359323,12.250389099121094,295600,0.0,0.0,0.0
2022-12-09 00:00:00-05:00,12.22398974988847,12.232789680386803,12.197587440530675,12.215188980102539,175100,0.0,0.0,0.0
2022-12-12 00:00:00-05:00,12.250390423776444,12.250390423776444,12.153584480285645,12.153584480285645,265000,0.0,0.0,0.0
2022-12-13 00:00:00-05:00,12.24158790021589,12.259189436121305,12.197584899739779,12.232787132263184,382200,0.0,0.0,0.0
2022-12-14 00:00:00-05:00,12.23278756259648,12.259189867383402,12.206386097097015,12.250389099121094,256200,0.0,0.0,0.0
2022-12-15 00:00:00-05:00,12.259191513061523,12.26799144321768,12.20638773568674,12.259191513061523,326600,0.0,0.0,0.0
2022-12-16 00:00:00-05:00,12.206386097097015,12.259189867383402,12.197585328834709,12.250389099121094,334800,0.0,0.0,0.0
2022-12-19 00:00:00-05:00,12.179985948639946,12.206387416994245,12.153584480285645,12.153584480285645,181800,0.0,0.0,0.0
2022-12-20 00:00:00-05:00,12.065581057204628,12.10078330233081,12.065581057204628,12.074381828308105,293000,0.0,0.0,0.0
2022-12-21 00:00:00-05:00,12.11838515547958,12.135985858850416,12.083182070162406,12.0919828414917,304500,0.0,0.0,0.0
2022-12-22 00:00:00-05:00,12.065579364911974,12.083180065362564,12.030377124723184,12.039177894592285,216700,0.0,0.0,0.0
2022-12-23 00:00:00-05:00,11.977576943551094,12.030380739343387,11.968777010325596,11.986377716064453,431800,0.0,0.0,0.0
2022-12-28 00:00:00-05:00,11.924585633610658,11.933412323739221,11.853973796101153,11.862799644470215,226200,0.04,0.0,0.0
2022-12-29 00:00:00-05:00,11.862802554943972,11.91576186694913,11.862802554943972,11.89810848236084,69400,0.0,0.0,0.0
2022-12-30 00:00:00-05:00,11.85397439866444,11.889280319213867,11.845147708087195,11.889280319213867,83200,0.0,0.0,0.0
2023-01-03 00:00:00-05:00,11.933419227600098,11.951071776310283,11.889286593184655,11.933419227600098,170600,0.0,0.0,0.0
2023-01-04 00:00:00-05:00,11.995200157165527,11.995200157165527,11.968720922609931,11.995200157165527,189900,0.0,0.0,0.0
2023-01-05 00:00:00-05:00,11.942243215550395,11.977549149215532,11.933417363454003,11.96872329711914,209200,0.0,0.0,0.0
2023-01-06 00:00:00-05:00,11.933414613246239,12.048158239893905,11.933414613246239,12.039332389831543,210100,0.0,0.0,0.0
2023-01-09 00:00:00-05:00,12.021679411031753,12.056985337749156,12.004026868552897,12.048158645629883,233400,0.0,0.0,0.0
2023-01-10 00:00:00-05:00,11.995199772481085,12.039332389831543,11.98637308065906,12.039332389831543,200500,0.0,0.0,0.0
2023-01-11 00:00:00-05:00,12.0481596934636,12.11877155303955,12.0481596934636,12.11877155303955,222600,0.0,0.0,0.0
2023-01-12 00:00:00-05:00,12.136425190139242,12.224690437316895,12.092292566550416,12.224690437316895,162300,0.0,0.0,0.0
2023-01-13 00:00:00-05:00,12.21586414815191,12.242343386476803,12.198210761428777,12.233516693115234,205200,0.0,0.0,0.0
2023-01-16 00:00:00-05:00,12.242340171075076,12.259993553161621,12.233513480031805,12.259993553161621,124400,0.0,0.0,0.0
2023-01-17 00:00:00-05:00,12.233516771549912,12.25999685180439,12.224690919891568,12.25117015838623,271200,0.0,0.0,0.0
2023-01-18 00:00:00-05:00,12.330605995313363,12.357085227966309,12.312952612371646,12.357085227966309,234100,0.0,0.0,0.0
2023-01-19 00:00:00-05:00,12.321779221631003,12.339431762695312,12.286473297742761,12.339431762695312,198700,0.0,0.0,0.0
2023-01-20 00:00:00-05:00,12.259993553161621,12.268819402445304,12.233513480031805,12.259993553161621,233000,0.0,0.0,0.0
2023-01-23 00:00:00-05:00,12.20703411102295,12.233513342094614,12.198207420079202,12.20703411102295,183900,0.0,0.0,0.0
2023-01-24 00:00:00-05:00,12.215864226473409,12.25117015838623,12.180558294560589,12.25117015838623,175700,0.0,0.0,0.0
2023-01-25 00:00:00-05:00,12.251167836602047,12.312952995300293,12.224688603125605,12.312952995300293,183200,0.0,0.0,0.0
2023-01-26 00:00:00-05:00,12.27764892578125,12.30412816325989,12.242342995223135,12.27764892578125,267200,0.0,0.0,0.0
2023-01-27 00:00:00-05:00,12.233388614262328,12.251092910766602,12.215685161945377,12.251092910766602,383000,0.04,0.0,0.0
2023-01-30 00:00:00-05:00,12.23338915388152,12.23338915388152,12.215685700783661,12.22453784942627,161800,0.0,0.0,0.0
2023-01-31 00:00:00-05:00,12.251093451166735,12.251093451166735,12.189130099043195,12.22453784942627,199700,0.0,0.0,0.0
2023-02-01 00:00:00-05:00,12.2865010743322,12.304204527246752,12.224537722850245,12.27764892578125,223900,0.0,0.0,0.0
2023-02-02 00:00:00-05:00,12.313056802163866,12.330761099447463,12.295353349067629,12.321908950805664,297000,0.0,0.0,0.0
2023-02-03 00:00:00-05:00,12.251094008481337,12.259946157526638,12.206834107442226,12.242241859436035,172300,0.0,0.0,0.0
2023-02-06 00:00:00-05:00,12.180278111912067,12.180278111912067,12.136018212299494,12.16257381439209,303100,0.0,0.0,0.0
2023-02-07 00:00:00-05:00,12.127161026000977,12.162568762145433,12.10060543493939,12.127161026000977,194400,0.0,0.0,0.0
2023-02-08 00:00:00-05:00,12.136015216262603,12.171422958374023,12.10945962072583,12.171422958374023,131700,0.0,0.0,0.0
2023-02-09 00:00:00-05:00,12.215680788455627,12.215680788455627,12.118308880918107,12.127161026000977,193800,0.0,0.0,0.0
2023-02-10 00:00:00-05:00,12.082906709094486,12.082906709094486,12.020943353353587,12.038647651672363,175400,0.0,0.0,0.0
2023-02-13 00:00:00-05:00,12.047498826894486,12.091758728027344,12.047498826894486,12.091758728027344,191900,0.0,0.0,0.0
2023-02-14 00:00:00-05:00,12.065198758405407,12.074050904265704,11.994383279897217,12.020938873291016,253700,0.0,0.0,0.0
2023-02-15 00:00:00-05:00,12.003238549587083,12.003238549587083,11.932422208461926,11.958978652954102,302700,0.0,0.0,0.0
2023-02-16 00:00:00-05:00,11.941272593743365,11.958976887457808,11.914716997358887,11.950124740600586,233900,0.0,0.0,0.0
2023-02-17 00:00:00-05:00,11.93242167188573,11.985533714294434,11.93242167188573,11.985533714294434,348200,0.0,0.0,0.0
2023-02-21 00:00:00-05:00,11.888164953757093,11.897016259072343,11.852757199933773,11.861608505249023,197200,0.0,0.0,0.0
2023-02-22 00:00:00-05:00,11.852754614760263,11.905865811817577,11.852754614760263,11.897013664245605,190100,0.0,0.0,0.0
2023-02-23 00:00:00-05:00,11.888163156016256,11.958978652954102,11.888163156016256,11.958978652954102,275200,0.0,0.0,0.0
2023-02-24 00:00:00-05:00,11.896830151043336,11.914587020874023,11.870195692991457,11.914587020874023,168500,0.04,0.0,0.0
2023-02-27 00:00:00-05:00,11.914585554671072,11.932341575622559,11.905707120848305,11.932341575622559,111800,0.0,0.0,0.0
2023-02-28 00:00:00-05:00,11.905705532634748,11.985609732992394,11.896827099996358,11.976731300354004,333600,0.0,0.0,0.0
2023-03-01 00:00:00-05:00,11.958975752995773,11.958975752995773,11.905706001760352,11.923462867736816,181000,0.0,0.0,0.0
2023-03-02 00:00:00-05:00,11.861316001145124,11.879072869094136,11.852438413864682,11.870194435119629,163000,0.0,0.0,0.0
2023-03-03 00:00:00-05:00,11.941221135434313,12.003369331359863,11.93234270077436,12.003369331359863,194200,0.0,0.0,0.0
2023-03-06 00:00:00-05:00,12.021123849414936,12.021123849414936,11.967854094816614,11.985610961914062,154300,0.0,0.0,0.0
2023-03-07 00:00:00-05:00,11.994490896699908,12.012246919325687,11.958978004754222,12.003369331359863,174900,0.0,0.0,0.0
2023-03-08 00:00:00-05:00,12.021124600475083,12.074394358401612,12.012246166371648,12.047759056091309,201200,0.0,0.0,0.0
2023-03-09 00:00:00-05:00,12.065515992944459,12.11878490447998,12.047759124636562,12.11878490447998,332800,0.0,0.0,0.0
2023-03-10 00:00:00-05:00,12.163178769493419,12.251961436191795,12.163178769493419,12.243083000183105,149500,0.0,0.0,0.0
2023-03-13 00:00:00-04:00,12.402888738706766,12.438401628250979,12.367375849162555,12.420644760131836,240700,0.0,0.0,0.0
2023-03-14 00:00:00-04:00,12.37625360713818,12.37625360713818,12.287471805400804,12.32298469543457,204100,0.0,0.0,0.0
2023-03-15 00:00:00-04:00,12.420645924156334,12.447281228831226,12.296351222450111,12.358498573303223,293400,0.0,0.0,0.0
2023-03-16 00:00:00-04:00,12.411769050876911,12.411769050876911,12.234204564174416,12.243083000183105,261300,0.0,0.0,0.0
2023-03-17 00:00:00-04:00,12.29635054567905,12.394010784029472,12.287472111276074,12.367376327514648,189400,0.0,0.0,0.0
2023-03-20 00:00:00-04:00,12.376254808109397,12.376254808109397,12.269716127669756,12.296351432800293,150200,0.0,0.0,0.0
2023-03-21 00:00:00-04:00,12.243083543149714,12.322987777383062,12.234205106747277,12.26084041595459,243800,0.0,0.0,0.0
2023-03-22 00:00:00-04:00,12.251957097417197,12.402887069339187,12.243078664552618,12.39400863647461,151900,0.0,0.0,0.0
2023-03-23 00:00:00-04:00,12.322985002193873,12.376253915223518,12.322985002193873,12.367376327514648,301100,0.0,0.0,0.0
2023-03-24 00:00:00-04:00,12.394010784029472,12.411766806141317,12.34074102430572,12.367376327514648,216900,0.0,0.0,0.0
2023-03-27 00:00:00-04:00,12.296352769540984,12.314108794864104,12.225326974859987,12.243083000183105,181500,0.0,0.0,0.0
2023-03-28 00:00:00-04:00,12.207568849525877,12.207568849525877,12.172055955831388,12.198690414428711,74900,0.0,0.0,0.0
2023-03-29 00:00:00-04:00,12.189785304055674,12.23430623969494,12.189785304055674,12.216498374938965,101100,0.04,0.0,0.0
2023-03-30 00:00:00-04:00,12.207595918177669,12.243212502399814,12.207595918177669,12.225403785705566,142400,0.0,0.0,0.0
2023-03-31 00:00:00-04:00,12.216497719193098,12.26101865244261,12.216497719193098,12.252114295959473,194300,0.0,0.0,0.0
2023-04-03 00:00:00-04:00,12.225399723651272,12.31444157920445,12.207591862040276,12.305537223815918,165600,0.0,0.0,0.0
2023-04-04 00:00:00-04:00,12.261020386698746,12.367870132111198,12.243211671213523,12.350061416625977,257700,0.0,0.0,0.0
2023-04-05 00:00:00-04:00,12.34115982055664,12.376776410330981,12.323351950252711,12.34115982055664,426500,0.0,0.0,0.0
2023-04-06 00:00:00-04:00,12.332251746215833,12.358963966369629,12.314443033335856,12.358963966369629,147700,0.0,0.0,0.0
2023-04-10 00:00:00-04:00,12.287730973554186,12.287730973554186,12.243210039939353,12.261018753051758,117900,0.0,0.0,0.0
2023-04-11 00:00:00-04:00,12.269922159759574,12.269922159759574,12.216497719193098,12.252114295959473,166200,0.0,0.0,0.0
2023-04-12 00:00:00-04:00,12.305542659287223,12.305542659287223,12.225405123725091,12.269926071166992,187600,0.0,0.0,0.0
2023-04-13 00:00:00-04:00,12.27882908662196,12.27882908662196,12.216500276524792,12.225403785705566,304700,0.0,0.0,0.0
2023-04-14 00:00:00-04:00,12.207592664205976,12.216497020179617,12.136359514749103,12.171976089477539,193800,0.0,0.0,0.0
2023-04-17 00:00:00-04:00,12.145267388032352,12.145267388032352,12.118554312375236,12.13636302947998,88100,0.0,0.0,0.0
2023-04-18 00:00:00-04:00,12.127457817047096,12.180883115433344,12.127457817047096,12.14526653289795,148700,0.0,0.0,0.0
2023-04-19 00:00:00-04:00,12.136361317012295,12.163073539733887,12.136361317012295,12.163073539733887,136500,0.0,0.0,0.0
2023-04-20 00:00:00-04:00,12.198691559830545,12.225403785705566,12.189787201483421,12.225403785705566,110100,0.0,0.0,0.0
2023-04-21 00:00:00-04:00,12.287730872725849,12.287730872725849,12.20759336270996,12.252114295959473,295300,0.0,0.0,0.0
2023-04-24 00:00:00-04:00,12.269922356935782,12.28773107018824,12.26101884947574,12.278826713562012,95000,0.0,0.0,0.0
2023-04-25 00:00:00-04:00,12.341155450228657,12.394580740554106,12.3322519428129,12.385676383972168,190900,0.0,0.0,0.0
2023-04-26 00:00:00-04:00,12.367818873919886,12.367818873919886,12.305309464689461,12.314239501953125,140200,0.04,0.0,0.0
2023-04-27 00:00:00-04:00,12.278521922370912,12.296381999397,12.23387258142104,12.242802619934082,93400,0.0,0.0,0.0
2023-04-28 00:00:00-04:00,12.332098584157926,12.376747063653081,12.296379289592707,12.367817878723145,189100,0.0,0.0,0.0
2023-05-01 00:00:00-04:00,12.332101301833827,12.332101301833827,12.23387258142104,12.242802619934082,149900,0.0,0.0,0.0
2023-05-02 00:00:00-04:00,12.260663705480265,12.367822480663769,12.260663705480265,12.358892440795898,183000,0.0,0.0,0.0
2023-05-03 00:00:00-04:00,12.385676791841163,12.412466049194336,12.367817570810761,12.412466049194336,157500,0.0,0.0,0.0
2023-05-04 00:00:00-04:00,12.358886957476749,12.43032554149331,12.358886957476749,12.37674617767334,126900,0.0,0.0,0.0
2023-05-05 00:00:00-04:00,12.28744714699234,12.296377182006836,12.269587076963347,12.296377182006836,148900,0.0,0.0,0.0
2023-05-08 00:00:00-04:00,12.242800543284933,12.269589802664669,12.224940469288308,12.233870506286621,255900,0.0,0.0,0.0
2023-05-09 00:00:00-04:00,12.242803971948351,12.269593238830566,12.242803971948351,12.269593238830566,171900,0.0,0.0,0.0
2023-05-10 00:00:00-04:00,12.287450241777359,12.32316953921679,12.26959016725003,12.314239501953125,148000,0.0,0.0,0.0
2023-05-11 00:00:00-04:00,12.385677100198176,12.385677100198176,12.341027769087862,12.367817878723145,79400,0.0,0.0,0.0
2023-05-12 00:00:00-04:00,12.36781736835643,12.36781736835643,12.323168039088603,12.34102725982666,192100,0.0,0.0,0.0
2023-05-15 00:00:00-04:00,12.287446975708008,12.305306193873035,12.269586905927982,12.287446975708008,104300,0.0,0.0,0.0
2023-05-16 00:00:00-04:00,12.242801261989978,12.242801261989978,12.189221888469968,12.216012001037598,172800,0.0,0.0,0.0
2023-05-17 00:00:00-04:00,12.18029253415678,12.20708179473877,12.171362496757704,12.20708179473877,202300,0.0,0.0,0.0
2023-05-18 00:00:00-04:00,12.135642836204543,12.153502058853883,12.117782761939988,12.126712799072266,211300,0.0,0.0,0.0
2023-05-19 00:00:00-04:00,12.117785234784252,12.189223843190327,12.117785234784252,12.162434577941895,170000,0.0,0.0,0.0
2023-05-23 00:00:00-04:00,12.10885378678901,12.1177829724612,12.06420445196715,12.082063674926758,257200,0.0,0.0,0.0
2023-05-24 00:00:00-04:00,12.099918730349607,12.099918730349607,12.046339380465513,12.064199447631836,190800,0.0,0.0,0.0
2023-05-25 00:00:00-04:00,12.07313271908345,12.07313271908345,12.019553354830016,12.028483390808105,215000,0.0,0.0,0.0
2023-05-26 00:00:00-04:00,12.010623318851927,12.037412575171093,11.992764098510852,12.028483390808105,120300,0.0,0.0,0.0
2023-05-29 00:00:00-04:00,12.05527384026768,12.064203877129597,12.037413766543844,12.046343803405762,88700,0.0,0.0,0.0
2023-05-30 00:00:00-04:00,12.073209759353725,12.100079536437988,12.064254021139964,12.100079536437988,141100,0.04,0.0,0.0
2023-05-31 00:00:00-04:00,12.07321713401845,12.162781404045745,12.07321713401845,12.153824806213379,168000,0.0,0.0,0.0
2023-06-01 00:00:00-04:00,12.171732902526855,12.207558424699023,12.15381971436686,12.171732902526855,250500,0.0,0.0,0.0
2023-06-02 00:00:00-04:00,12.15382046194501,12.15382046194501,12.117994937569224,12.135908126831055,89200,0.0,0.0,0.0
2023-06-05 00:00:00-04:00,12.064256237081363,12.13590728083815,12.055299643074811,12.109038352966309,187200,0.0,0.0,0.0
2023-06-06 00:00:00-04:00,12.091125164953205,12.109038352966309,12.064256237081363,12.109038352966309,188200,0.0,0.0,0.0
2023-06-07 00:00:00-04:00,12.082166026644998,12.117991540979139,11.965732891522133,11.974689483642578,237800,0.0,0.0,0.0
2023-06-08 00:00:00-04:00,11.983647241858774,12.03738509151525,11.983647241858774,12.010516166687012,115700,0.0,0.0,0.0
2023-06-09 00:00:00-04:00,11.99260658098165,12.046344442943306,11.97469339089582,12.03738784790039,152400,0.0,0.0,0.0
2023-06-12 00:00:00-04:00,12.073215600364481,12.073215600364481,12.028434325187556,12.046346664428711,101000,0.0,0.0,0.0
2023-06-13 00:00:00-04:00,12.073211039097968,12.073211039097968,11.947822149337657,11.965734481811523,139500,0.0,0.0,0.0
2023-06-14 00:00:00-04:00,11.992606053416491,12.02843157786424,11.97469286411868,12.019474983215332,123600,0.0,0.0,0.0
2023-06-15 00:00:00-04:00,12.037387099798938,12.073212623596191,12.028431359460523,12.073212623596191,272000,0.0,0.0,0.0
2023-06-16 00:00:00-04:00,12.046343694285218,12.073212623596191,12.019474764974245,12.073212623596191,244100,0.0,0.0,0.0
2023-06-19 00:00:00-04:00,12.019474983215332,12.019474983215332,12.00156179391752,12.019474983215332,88100,0.0,0.0,0.0
2023-06-20 00:00:00-04:00,12.037387099798938,12.091125812568748,12.037387099798938,12.073212623596191,141400,0.0,0.0,0.0
2023-06-21 00:00:00-04:00,12.01947772849294,12.055303261123326,11.983652195862557,12.046346664428711,122300,0.0,0.0,0.0
2023-06-22 00:00:00-04:00,11.974689483642578,12.010514997976719,11.956777153549327,11.974689483642578,273400,0.0,0.0,0.0
2023-06-23 00:00:00-04:00,12.046344442943306,12.073213373924133,12.010518916919564,12.03738784790039,188600,0.0,0.0,0.0
2023-06-26 00:00:00-04:00,12.091125812568748,12.126951336366,12.073212623596191,12.073212623596191,164000,0.0,0.0,0.0
2023-06-27 00:00:00-04:00,12.10904058694777,12.135909519776625,12.064258462801028,12.091127395629883,189000,0.0,0.0,0.0
2023-06-28 00:00:00-04:00,12.127057228143077,12.154006004333496,12.11807401718422,12.154006004333496,57900,0.04,0.0,0.0
2023-06-29 00:00:00-04:00,12.073158512162554,12.073158512162554,12.03722652592671,12.055192947387695,248300,0.0,0.0,0.0
2023-06-30 00:00:00-04:00,12.100109799724684,12.16299057006836,12.091126587765233,12.16299057006836,234600,0.0,0.0,0.0
2023-07-04 00:00:00-04:00,12.118074970393504,12.12705818205898,12.09112619208329,12.109091758728027,133700,0.0,0.0,0.0
2023-07-05 00:00:00-04:00,12.073156750585342,12.082139960005108,12.028242416858523,12.037224769592285,254100,0.0,0.0,0.0
2023-07-06 00:00:00-04:00,11.99231243133545,12.001294785563838,11.96536279859185,11.99231243133545,182400,0.0,0.0,0.0
2023-07-07 00:00:00-04:00,11.938411712646484,11.965360483489793,11.929428503470056,11.938411712646484,181700,0.0,0.0,0.0
2023-07-10 00:00:00-04:00,11.920448208565286,11.974345759555144,11.920448208565286,11.965362548828125,127200,0.0,0.0,0.0
2023-07-11 00:00:00-04:00,11.956378130999342,11.956378130999342,11.929428503470056,11.938411712646484,179700,0.0,0.0,0.0
2023-07-12 00:00:00-04:00,11.98332977227406,12.04621053819927,11.956380994975566,12.028244972229004,126400,0.0,0.0,0.0
2023-07-13 00:00:00-04:00,12.046211392299575,12.082143383473943,12.028245825055514,12.073160171508789,166500,0.0,0.0,0.0
2023-07-14 00:00:00-04:00,12.055192947387695,12.073158512162554,12.028244171882346,12.055192947387695,196100,0.0,0.0,0.0
2023-07-17 00:00:00-04:00,12.028244972229004,12.055193749527497,12.019261760900777,12.028244972229004,199500,0.0,0.0,0.0
2023-07-18 00:00:00-04:00,12.064175756189567,12.091124530797094,12.046209335327148,12.046209335327148,121500,0.0,0.0,0.0
2023-07-19 00:00:00-04:00,12.055194849961177,12.100110054016113,12.046211637812938,12.100110054016113,189800,0.0,0.0,0.0
2023-07-20 00:00:00-04:00,12.04620741701611,12.04620741701611,11.97434345838269,12.00129222869873,188300,0.0,0.0,0.0
2023-07-21 00:00:00-04:00,12.04620797901205,12.06417439785158,12.028242416858523,12.037224769592285,186300,0.0,0.0,0.0
2023-07-24 00:00:00-04:00,12.055193750206705,12.073159316177984,11.983329772949219,11.983329772949219,300600,0.0,0.0,0.0
2023-07-25 00:00:00-04:00,11.956378691031661,11.983327463137238,11.947395481434462,11.974344253540039,138100,0.0,0.0,0.0
2023-07-26 00:00:00-04:00,12.019261760900777,12.028244972229004,11.992312983602286,12.028244972229004,94200,0.0,0.0,0.0
2023-07-27 00:00:00-04:00,11.965173732468958,11.974183858850102,11.893094439925703,11.911114692687988,389400,0.04,0.0,0.0
2023-07-28 00:00:00-04:00,11.929133783019102,12.001213073730469,11.929133783019102,12.001213073730469,392700,0.0,0.0,0.0
2023-07-31 00:00:00-04:00,12.001215541887825,12.02824592590332,11.99220627313576,12.02824592590332,201400,0.0,0.0,0.0
2023-08-01 00:00:00-04:00,11.956163027083813,11.96517229312825,11.911113259850266,11.938142776489258,199400,0.0,0.0,0.0
2023-08-02 00:00:00-04:00,11.91111592719387,11.938145449885782,11.893095672563907,11.9291353225708,365900,0.0,0.0,0.0
2023-08-03 00:00:00-04:00,11.857056149568361,11.857056149568361,11.821016499175418,11.830026626586914,249500,0.0,0.0,0.0
2023-08-04 00:00:00-04:00,11.875073706806196,11.992202758789062,11.875073706806196,11.992202758789062,196500,0.0,0.0,0.0
2023-08-08 00:00:00-04:00,12.028242400995111,12.04626179247171,11.965172382694892,11.992202758789062,98200,0.0,0.0,0.0
2023-08-09 00:00:00-04:00,11.992202758789062,12.010222150265662,11.974182508059615,11.992202758789062,141300,0.0,0.0,0.0
2023-08-10 00:00:00-04:00,11.974185099892674,12.001214622584586,11.92012519525582,11.9291353225708,243700,0.0,0.0,0.0
2023-08-11 00:00:00-04:00,11.875074669867216,11.911114314996055,11.875074669867216,11.893094062805176,95400,0.0,0.0,0.0
2023-08-14 00:00:00-04:00,11.875078201293945,11.89309759959054,11.857057943744179,11.875078201293945,125800,0.0,0.0,0.0
2023-08-15 00:00:00-04:00,11.839034655926383,11.857054048303,11.81200427848212,11.821014404296875,119400,0.0,0.0,0.0
2023-08-16 00:00:00-04:00,11.81200685764037,11.830027113204611,11.784977333547086,11.802997589111328,165800,0.0,0.0,0.0
2023-08-17 00:00:00-04:00,11.793987274169922,11.812006670195135,11.766957750505572,11.793987274169922,148600,0.0,0.0,0.0
2023-08-18 00:00:00-04:00,11.830026906798643,11.86606655804524,11.821016779173728,11.84804630279541,213300,0.0,0.0,0.0
2023-08-21 00:00:00-04:00,11.802997589111328,11.81200685764037,11.775967205764966,11.802997589111328,269100,0.0,0.0,0.0
2023-08-22 00:00:00-04:00,11.784978588598806,11.802998846082131,11.75794906162699,11.766959190368652,85500,0.0,0.0,0.0
2023-08-23 00:00:00-04:00,11.848046656657743,11.920125961303711,11.839037388016814,11.920125961303711,139400,0.0,0.0,0.0
2023-08-24 00:00:00-04:00,11.857054710388184,11.902104482724596,11.857054710388184,11.857054710388184,82800,0.0,0.0,0.0
2023-08-25 00:00:00-04:00,11.857056804768842,11.884086329243894,11.83002728029379,11.866066932678223,109200,0.0,0.0,0.0
2023-08-28 00:00:00-04:00,11.884084701538086,11.893094828213394,11.866065307440444,11.884084701538086,82500,0.0,0.0,0.0
2023-08-29 00:00:00-04:00,11.884087483761286,11.965423583984375,11.875050809632953,11.965423583984375,206900,0.04,0.0,0.0
2023-08-30 00:00:00-04:00,11.965420284968285,11.974457818471727,11.947346079828034,11.956382751464844,66400,0.0,0.0,0.0
2023-08-31 00:00:00-04:00,11.983497102627448,12.01060884523186,11.983497102627448,11.992534637451172,185900,0.0,0.0,0.0
2023-09-01 00:00:00-04:00,12.01060764090521,12.028682708740234,11.974458367101834,12.028682708740234,145300,0.0,0.0,0.0
2023-09-05 00:00:00-04:00,11.94735076336898,11.94735076336898,11.893126402958195,11.911201477050781,131800,0.0,0.0,0.0
2023-09-06 00:00:00-04:00,11.929276209683154,11.929276209683154,11.875052708773875,11.902164459228516,120800,0.0,0.0,0.0
2023-09-07 00:00:00-04:00,11.902159520986416,11.938308793883161,11.893121987295569,11.920233726501465,79300,0.0,0.0,0.0
2023-09-08 00:00:00-04:00,11.938308793883161,11.965420533089057,11.911197054677265,11.920233726501465,113200,0.0,0.0,0.0
2023-09-11 00:00:00-04:00,11.902164459228516,11.911201996669064,11.884089384347417,11.902164459228516,112100,0.0,0.0,0.0
2023-09-12 00:00:00-04:00,11.902164459228516,11.911201996669064,11.875052708773875,11.902164459228516,150100,0.0,0.0,0.0
2023-09-13 00:00:00-04:00,11.884086091772353,11.929272904588744,11.875049418702488,11.893123626708984,74600,0.0,0.0,0.0
2023-09-14 00:00:00-04:00,11.929276209683154,11.929276209683154,11.893126921787966,11.902164459228516,105600,0.0,0.0,0.0
2023-09-15 00:00:00-04:00,11.893125709584968,11.91120078262377,11.866013961893685,11.875051498413086,137800,0.0,0.0,0.0
2023-09-18 00:00:00-04:00,11.856972178936525,11.875047245501952,11.856972178936525,11.866009712219238,84000,0.0,0.0,0.0
2023-09-19 00:00:00-04:00,11.793709315308964,11.811783517165885,11.766597581590347,11.784671783447266,164500,0.0,0.0,0.0
2023-09-20 00:00:00-04:00,11.784675770471837,11.811787513362976,11.7666015625,11.7666015625,84100,0.0,0.0,0.0
2023-09-21 00:00:00-04:00,11.739489291880588,11.748526827057123,11.703340013041238,11.712377548217773,164400,0.0,0.0,0.0
2023-09-22 00:00:00-04:00,11.712377295122959,11.757564108162395,11.703339760141716,11.748526573181152,78800,0.0,0.0,0.0
2023-09-25 00:00:00-04:00,11.685264666676467,11.694301339106245,11.667189598083496,11.667189598083496,124600,0.0,0.0,0.0
2023-09-26 00:00:00-04:00,11.67622669450204,11.685264228459603,11.649114954496026,11.658151626586914,246400,0.0,0.0,0.0
2023-09-27 00:00:00-04:00,11.640078532525177,11.640078532525177,11.558742442870354,11.576817512512207,172800,0.0,0.0,0.0
2023-09-28 00:00:00-04:00,11.558741756424665,11.612966100263213,11.531630015438743,11.603928565979004,83500,0.0,0.0,0.0
2023-09-29 00:00:00-04:00,11.63104248046875,11.66719176249413,11.62200494449569,11.63104248046875,187700,0.0,0.0,0.0
2023-10-02 00:00:00-04:00,11.631038911741882,11.631038911741882,11.58585210760801,11.594889640808105,85400,0.0,0.0,0.0
2023-10-03 00:00:00-04:00,11.486444554638572,11.513556298807993,11.450295275123745,11.468369483947754,341400,0.0,0.0,0.0
2023-10-04 00:00:00-04:00,11.540668315292665,11.567780058077089,11.531630780408936,11.55874252319336,150600,0.0,0.0,0.0
2023-10-05 00:00:00-04:00,11.576817075495391,11.576817075495391,11.558742006535859,11.567779541015625,199000,0.0,0.0,0.0
2023-10-06 00:00:00-04:00,11.522593165453406,11.576817512512207,11.51355563063248,11.576817512512207,95200,0.0,0.0,0.0
2023-10-10 00:00:00-04:00,11.631042142355767,11.703340704304818,11.631042142355767,11.685266494750977,99800,0.0,0.0,0.0
2023-10-11 00:00:00-04:00,11.730452019979515,11.748527090738259,11.712377811087583,11.739489555358887,131100,0.0,0.0,0.0
2023-10-12 00:00:00-04:00,11.712376407699216,11.721413941995701,11.640077857060747,11.667189598083496,158700,0.0,0.0,0.0
2023-10-13 00:00:00-04:00,11.712377548217773,11.721415083394309,11.676228269378424,11.712377548217773,87300,0.0,0.0,0.0
2023-10-16 00:00:00-04:00,11.65815206378701,11.676227132379982,11.631040322764262,11.667189598083496,92400,0.0,0.0,0.0
2023-10-17 00:00:00-04:00,11.640077420538463,11.67622669450204,11.640077420538463,11.658151626586914,197900,0.0,0.0,0.0
2023-10-18 00:00:00-04:00,11.640080016441813,11.65815422652107,11.612968270389494,11.63104248046875,83900,0.0,0.0,0.0
2023-10-19 00:00:00-04:00,11.61296635154773,11.62200302416077,11.558742006535859,11.567779541015625,340600,0.0,0.0,0.0
2023-10-20 00:00:00-04:00,11.576817260844484,11.622003210233308,11.576817260844484,11.612966537475586,97800,0.0,0.0,0.0
2023-10-23 00:00:00-04:00,11.576815383086933,11.685263195390018,11.576815383086933,11.676225662231445,213300,0.0,0.0,0.0
2023-10-24 00:00:00-04:00,11.667191766511587,11.694303512573242,11.658154230535414,11.694303512573242,119400,0.0,0.0,0.0
2023-10-25 00:00:00-04:00,11.649115204077109,11.667189410512798,11.603928395187847,11.622002601623535,169500,0.0,0.0,0.0
2023-10-26 00:00:00-04:00,11.667188397772332,11.72141273610598,11.667188397772332,11.703337669372559,348000,0.0,0.0,0.0
2023-10-27 00:00:00-04:00,11.712405480823188,11.757732300060576,11.712405480823188,11.748666763305664,128700,0.04,0.0,0.0
2023-10-30 00:00:00-04:00,11.685208323872116,11.730534273098316,11.685208323872116,11.694272994995117,129700,0.0,0.0,0.0
2023-10-31 00:00:00-04:00,11.712404927008114,11.721470463334366,11.676143646240234,11.676143646240234,81500,0.0,0.0,0.0
2023-11-01 00:00:00-04:00,11.721471292141919,11.79399385880564,11.721471292141919,11.784928321838379,164700,0.0,0.0,0.0
2023-11-02 00:00:00-04:00,11.848386854460932,11.86651793069532,11.830256642763842,11.857452392578125,325800,0.0,0.0,0.0
2023-11-03 00:00:00-04:00,11.902776139867523,11.984364232744184,11.902776139867523,11.957167625427246,272600,0.0,0.0,0.0
2023-11-06 00:00:00-05:00,11.920905015774126,11.929970550534172,11.884643741270926,11.902774810791016,205900,0.0,0.0,0.0
2023-11-07 00:00:00-05:00,11.939040274132045,11.96623602341689,11.920909198250628,11.948105812072754,189800,0.0,0.0,0.0
2023-11-08 00:00:00-05:00,11.948105041348839,11.984366326235323,11.939039503992912,11.975300788879395,236000,0.0,0.0,0.0
2023-11-09 00:00:00-05:00,11.96623442368615,11.96623442368615,11.857450576552486,11.86651611328125,380500,0.0,0.0,0.0
2023-11-10 00:00:00-05:00,11.929973141308261,11.929973141308261,11.86651611328125,11.86651611328125,147100,0.0,0.0,0.0
2023-11-13 00:00:00-05:00,11.86651715886691,11.884647369384766,11.86651715886691,11.884647369384766,86100,0.0,0.0,0.0
2023-11-14 00:00:00-05:00,12.002494043494881,12.038755320849907,12.002494043494881,12.020625114440918,198200,0.0,0.0,0.0
2023-11-15 00:00:00-05:00,11.96623316119956,11.97529869697187,11.939037418419698,11.957167625427246,151500,0.0,0.0,0.0
2023-11-16 00:00:00-05:00,12.002496719360352,12.029693331842683,11.98436650890937,12.002496719360352,161400,0.0,0.0,0.0
2023-11-17 00:00:00-05:00,12.029690649913935,12.038755320849907,12.002494043494881,12.020625114440918,155000,0.0,0.0,0.0
2023-11-20 00:00:00-05:00,12.020626345579087,12.065953163049448,12.011560809177588,12.05688762664795,215800,0.0,0.0,0.0
2023-11-21 00:00:00-05:00,12.065953163049448,12.084083371315312,12.03875655384495,12.05688762664795,246600,0.0,0.0,0.0
2023-11-22 00:00:00-05:00,12.09314708792599,12.102212622963297,12.04782027727646,12.065951347351074,232500,0.0,0.0,0.0
2023-11-23 00:00:00-05:00,12.065952023506089,12.065952023506089,12.029690745861847,12.038755416870117,288400,0.0,0.0,0.0
2023-11-24 00:00:00-05:00,12.038757322284274,12.047822859264432,12.002496038900839,12.029692649841309,180400,0.0,0.0,0.0
2023-11-27 00:00:00-05:00,12.056886097823396,12.11127758026123,12.056886097823396,12.11127758026123,99400,0.0,0.0,0.0
2023-11-28 00:00:00-05:00,12.093095457189731,12.156743049621582,12.093095457189731,12.156743049621582,420500,0.04,0.0,0.0
2023-11-29 00:00:00-05:00,12.18402065926094,12.220390836534152,12.174928765292705,12.211298942565918,326000,0.0,0.0,0.0
2023-11-30 00:00:00-05:00,12.193114711832813,12.20220747389756,12.16583729277209,12.184021949768066,327100,0.0,0.0,0.0
2023-12-01 00:00:00-05:00,12.156739243359947,12.320405420807761,12.156739243359947,12.29312801361084,391200,0.0,0.0,0.0
2023-12-04 00:00:00-05:00,12.284036636352539,12.311314046615722,12.256758358956118,12.284036636352539,149100,0.0,0.0,0.0
2023-12-05 00:00:00-05:00,12.320410829381574,12.37496566772461,12.320410829381574,12.37496566772461,201900,0.0,0.0,0.0
2023-12-06 00:00:00-05:00,12.39314800288665,12.447702827191478,12.384055243124745,12.420425415039062,337700,0.0,0.0,0.0
2023-12-07 00:00:00-05:00,12.420425415039062,12.447702827191478,12.39314800288665,12.420425415039062,209200,0.0,0.0,0.0
2023-12-08 00:00:00-05:00,12.356778669064743,12.374963322688618,12.329501255062253,12.36587142944336,290700,0.0,0.0,0.0
2023-12-11 00:00:00-05:00,12.32950158172548,12.347686235831148,12.293131406380766,12.320408821105957,162400,0.0,0.0,0.0
2023-12-12 00:00:00-05:00,12.329501683560256,12.356779098510742,12.320408922865631,12.356779098510742,293500,0.0,0.0,0.0
2023-12-13 00:00:00-05:00,12.384057342953634,12.511353399804593,12.36587268747975,12.493167877197266,363400,0.0,0.0,0.0
2023-12-14 00:00:00-05:00,12.547720599569866,12.611368179321289,12.53862784042445,12.611368179321289,281400,0.0,0.0,0.0
2023-12-15 00:00:00-05:00,12.629553280407306,12.63864517211914,12.574997594470252,12.63864517211914,402400,0.0,0.0,0.0
2023-12-18 00:00:00-05:00,12.602275838284344,12.602275838284344,12.556813775315446,12.584091186523438,157100,0.0,0.0,0.0
2023-12-19 00:00:00-05:00,12.593186815026431,12.62046423244893,12.593186815026431,12.602278709411621,203300,0.0,0.0,0.0
2023-12-20 00:00:00-05:00,12.620463043437647,12.665925979614258,12.620463043437647,12.665925979614258,254500,0.0,0.0,0.0
2023-12-21 00:00:00-05:00,12.69320127736354,12.69320127736354,12.602275420175873,12.611368179321289,277600,0.0,0.0,0.0
2023-12-22 00:00:00-05:00,12.629551975740462,12.629551975740462,12.502255966459495,12.511348724365234,352700,0.0,0.0,0.0
2023-12-27 00:00:00-05:00,12.629898471106348,12.657255407651517,12.593422265825676,12.648136138916016,189900,0.04,0.0,0.0
2023-12-28 00:00:00-05:00,12.62990140639484,12.639019807588197,12.584305921781919,12.611662864685059,169500,0.0,0.0,0.0
2023-12-29 00:00:00-05:00,12.556948978878781,12.62990140639484,12.556948978878781,12.611662864685059,155500,0.0,0.0,0.0
2024-01-02 00:00:00-05:00,12.53870915905232,12.575185369092198,12.511352218937775,12.52047061920166,219100,0.0,0.0,0.0
2024-01-03 00:00:00-05:00,12.511354757959408,12.575187921067965,12.493116214407463,12.566068649291992,401300,0.0,0.0,0.0
2024-01-04 00:00:00-05:00,12.502234696309692,12.529591640247611,12.474877752371773,12.493115425109863,190900,0.0,0.0,0.0
2024-01-05 00:00:00-05:00,12.456636428833008,12.538708111984544,12.438398760166763,12.456636428833008,301900,0.0,0.0,0.0
2024-01-08 00:00:00-05:00,12.465756342694386,12.529589490819593,12.45663707305895,12.502232551574707,161700,0.0,0.0,0.0
2024-01-09 00:00:00-05:00,12.502232551574707,12.529589490819593,12.483994012303837,12.502232551574707,208500,0.0,0.0,0.0
2024-01-10 00:00:00-05:00,12.52047125299385,12.529590523380802,12.447518829221211,12.465757369995117,193700,0.0,0.0,0.0
2024-01-11 00:00:00-05:00,12.474877752371773,12.502234696309692,12.438401537234025,12.493115425109863,189500,0.0,0.0,0.0
2024-01-12 00:00:00-05:00,12.511351821210141,12.538708760455028,12.483994012303837,12.502232551574707,202800,0.0,0.0,0.0
2024-01-15 00:00:00-05:00,12.493113281939271,12.520470221184159,12.47487561232982,12.502232551574707,94800,0.0,0.0,0.0
2024-01-16 00:00:00-05:00,12.465756327674763,12.47487559729921,12.38368464037757,12.401923179626465,337500,0.0,0.0,0.0
2024-01-17 00:00:00-05:00,12.356323536212047,12.356323536212047,12.310728073120117,12.310728073120117,207400,0.0,0.0,0.0
2024-01-18 00:00:00-05:00,12.301613089916314,12.301613089916314,12.274256150400086,12.29249382019043,272200,0.0,0.0,0.0
2024-01-19 00:00:00-05:00,12.283374786376953,12.292493185970955,12.256016978610798,12.283374786376953,495800,0.0,0.0,0.0
2024-01-22 00:00:00-05:00,12.328968048095703,12.347205713668696,12.310729512861482,12.328968048095703,211200,0.0,0.0,0.0
2024-01-23 00:00:00-05:00,12.31073069946045,12.319849967956543,12.27425449513739,12.319849967956543,264900,0.0,0.0,0.0
2024-01-24 00:00:00-05:00,12.347207374888427,12.365445912576499,12.292492631485553,12.30161190032959,345800,0.0,0.0,0.0
2024-01-25 00:00:00-05:00,12.328970899093969,12.328970899093969,12.28337542012597,12.29249382019043,395100,0.0,0.0,0.0
2024-01-26 00:00:00-05:00,12.27425765991211,12.301614602792746,12.265138389064719,12.27425765991211,166400,0.0,0.0,0.0
2024-01-29 00:00:00-05:00,12.301695743413099,12.356573581113386,12.292549291754112,12.33828067779541,175000,0.04,0.0,0.0
2024-01-30 00:00:00-05:00,12.34742847530705,12.393159866333008,12.31084353693703,12.393159866333008,192400,0.0,0.0,0.0
2024-01-31 00:00:00-05:00,12.420596600746421,12.457181533957975,12.41145014938013,12.438889503479004,379600,0.0,0.0,0.0
2024-02-01 00:00:00-05:00,12.484618352958496,12.539496181593375,12.47547277506393,12.530349731445312,360200,0.0,0.0,0.0
2024-02-02 00:00:00-05:00,12.448033647749908,12.457180098061919,12.39315669038486,12.420595169067383,303300,0.0,0.0,0.0
2024-02-05 00:00:00-05:00,12.35657429766924,12.35657429766924,12.319989361165375,12.329134941101074,214000,0.0,0.0,0.0
2024-02-06 00:00:00-05:00,12.347430140010518,12.40230799109115,12.347430140010518,12.384015083312988,379400,0.0,0.0,0.0
2024-02-07 00:00:00-05:00,12.365717406574092,12.402302333186594,12.347424507141113,12.347424507141113,281900,0.0,0.0,0.0
2024-02-08 00:00:00-05:00,12.301691767306222,12.310838216008928,12.274253293451459,12.292545318603516,244800,0.0,0.0,0.0
2024-02-09 00:00:00-05:00,12.283401415841404,12.319986343383789,12.274254965892437,12.319986343383789,232000,0.0,0.0,0.0
2024-02-12 00:00:00-05:00,12.319984664711637,12.319984664711637,12.283399742154167,12.292545318603516,160200,0.0,0.0,0.0
2024-02-13 00:00:00-05:00,12.228523967933036,12.255962446378053,12.219377517700195,12.219377517700195,288800,0.0,0.0,0.0
2024-02-14 00:00:00-05:00,12.255963487200736,12.319987772014299,12.255963487200736,12.301694869995117,709200,0.0,0.0,0.0
2024-02-15 00:00:00-05:00,12.319986343383789,12.34742482097721,12.292546993536893,12.319986343383789,211600,0.0,0.0,0.0
2024-02-16 00:00:00-05:00,12.274257260689774,12.33828067779541,12.274257260689774,12.33828067779541,181100,0.0,0.0,0.0
2024-02-20 00:00:00-05:00,12.356569531868086,12.393154454261527,12.356569531868086,12.365715980529785,192600,0.0,0.0,0.0
2024-02-21 00:00:00-05:00,12.374865612177723,12.374865612177723,12.319988646731074,12.33828067779541,134000,0.0,0.0,0.0
2024-02-22 00:00:00-05:00,12.338278297720523,12.356571197509766,12.31998627018475,12.356571197509766,185000,0.0,0.0,0.0
2024-02-23 00:00:00-05:00,12.356571761390322,12.420595169067383,12.356571761390322,12.420595169067383,171600,0.0,0.0,0.0
2024-02-26 00:00:00-05:00,12.411451899391151,12.411451899391151,12.374866961021132,12.393159866333008,250100,0.0,0.0,0.0
2024-02-27 00:00:00-05:00,12.35646097851269,12.383980690648976,12.328940391540527,12.328940391540527,164000,0.04,0.0,0.0
2024-02-28 00:00:00-05:00,12.338118057871368,12.36563777923584,12.328944525804488,12.36563777923584,138200,0.0,0.0,0.0
2024-02-29 00:00:00-05:00,12.374807902591002,12.402328491210938,12.374807902591002,12.402328491210938,132500,0.0,0.0,0.0
2024-03-01 00:00:00-05:00,12.383984392349916,12.457370896539912,12.365637328884347,12.448197364807129,293100,0.0,0.0,0.0
2024-03-04 00:00:00-05:00,12.411504467991668,12.439025063977798,12.411504467991668,12.429851531982422,206800,0.0,0.0,0.0
2024-03-05 00:00:00-05:00,12.475717189883444,12.503236908546876,12.475717189883444,12.494063377380371,100000,0.0,0.0,0.0
2024-03-06 00:00:00-05:00,12.539930020055074,12.539930020055074,12.494063239564568,12.503236770629883,177800,0.0,0.0,0.0
2024-03-07 00:00:00-05:00,12.530759998096334,12.5399335317306,12.466547012329102,12.466547012329102,502600,0.0,0.0,0.0
2024-03-08 00:00:00-05:00,12.512410900460718,12.53075708863321,12.49406383745211,12.521583557128906,73100,0.0,0.0,0.0
2024-03-11 00:00:00-04:00,12.51241043971338,12.51241043971338,12.475717189883444,12.494063377380371,332300,0.0,0.0,0.0
2024-03-12 00:00:00-04:00,12.466544428272696,12.466544428272696,12.439024707910482,12.448197364807129,140400,0.0,0.0,0.0
2024-03-13 00:00:00-04:00,12.439024925231934,12.457371114181889,12.429851393338879,12.439024925231934,134600,0.0,0.0,0.0
2024-03-14 00:00:00-04:00,12.39315837543648,12.39315837543648,12.347291589938248,12.36563777923584,203900,0.0,0.0,0.0
2024-03-15 00:00:00-04:00,12.328944881747683,12.374811668570114,12.328944881747683,12.347291946411133,131700,0.0,0.0,0.0
2024-03-18 00:00:00-04:00,12.328946472956787,12.338120006472474,12.301426747246031,12.310600280761719,134800,0.0,0.0,0.0
2024-03-19 00:00:00-04:00,12.3839848433696,12.39315837543648,12.356465122005128,12.36563777923584,219400,0.0,0.0,0.0
2024-03-20 00:00:00-04:00,12.374813393227447,12.411506652832031,12.365639859617222,12.411506652832031,497000,0.0,0.0,0.0
2024-03-21 00:00:00-04:00,12.411504286482375,12.411504286482375,12.365637502012424,12.383984565734863,370500,0.0,0.0,0.0
2024-03-22 00:00:00-04:00,12.448197582288834,12.448197582288834,12.420677861445824,12.439024925231934,180800,0.0,0.0,0.0
2024-03-25 00:00:00-04:00,12.429853720052481,12.429853720052481,12.402333994058122,12.411506652832031,116900,0.0,0.0,0.0
2024-03-26 00:00:00-04:00,12.38398143213098,12.402328491210938,12.365634373051023,12.402328491210938,268400,0.0,0.0,0.0
2024-03-27 00:00:00-04:00,12.411534457945338,12.448336601257324,12.411534457945338,12.448336601257324,218000,0.04,0.0,0.0
2024-03-28 00:00:00-04:00,12.439134456747576,12.47593659335319,12.420732949728695,12.46673583984375,260600,0.0,0.0,0.0
2024-04-01 00:00:00-04:00,12.393129186422204,12.393129186422204,12.337925553400057,12.356327056884766,258100,0.0,0.0,0.0
2024-04-02 00:00:00-04:00,12.30112663283471,12.337928771972656,12.282726001981844,12.337928771972656,296000,0.0,0.0,0.0
2024-04-03 00:00:00-04:00,12.319529387663426,12.34713077545166,12.291927122442893,12.34713077545166,232600,0.0,0.0,0.0
2024-04-04 00:00:00-04:00,12.347129022336773,12.383931159973145,12.337928268569637,12.383931159973145,175300,0.0,0.0,0.0
2024-04-05 00:00:00-04:00,12.36552693119514,12.402329060732578,12.34712630514241,12.356327056884766,218000,0.0,0.0,0.0
2024-04-08 00:00:00-04:00,12.328723684817305,12.34712518663505,12.282721685136742,12.319523811340332,566300,0.0,0.0,0.0
2024-04-09 00:00:00-04:00,12.356328528250303,12.393130662170062,12.356328528250303,12.37472915649414,678100,0.0,0.0,0.0
2024-04-10 00:00:00-04:00,12.301125369917694,12.328726752079355,12.264323234558105,12.264323234558105,423600,0.0,0.0,0.0
2024-04-11 00:00:00-04:00,12.282724443679149,12.282724443679149,12.236721556235029,12.255122184753418,201600,0.0,0.0,0.0
2024-04-12 00:00:00-04:00,12.310324235003506,12.33792561293177,12.301123483216756,12.32872486114502,321900,0.0,0.0,0.0
2024-04-15 00:00:00-04:00,12.255121666558697,12.255121666558697,12.20911965849182,12.23672103881836,149500,0.0,0.0,0.0
2024-04-16 00:00:00-04:00,12.218319533645959,12.255121666558697,12.218319533645959,12.23672103881836,155500,0.0,0.0,0.0
2024-04-17 00:00:00-04:00,12.245921791404559,12.273523171731098,12.22752028623216,12.23672103881836,245900,0.0,0.0,0.0
2024-04-18 00:00:00-04:00,12.2459231072822,12.2459231072822,12.19992021684005,12.218320846557617,111300,0.0,0.0,0.0
2024-04-19 00:00:00-04:00,12.23672103881836,12.245921791404559,12.218319533645959,12.23672103881836,227000,0.0,0.0,0.0
2024-04-22 00:00:00-04:00,12.22752028623216,12.23672103881836,12.20911965849182,12.23672103881836,163100,0.0,0.0,0.0
2024-04-23 00:00:00-04:00,12.209120970414912,12.23672235370734,12.19992021684005,12.218320846557617,271500,0.0,0.0,0.0
2024-04-24 00:00:00-04:00,12.209117291399656,12.218317164770133,12.181515038992556,12.190715789794922,108400,0.0,0.0,0.0
2024-04-25 00:00:00-04:00,12.153917608638235,12.172318238783104,12.13551610106119,12.163118362426758,125300,0.0,0.0,0.0
2024-04-26 00:00:00-04:00,12.181571991822793,12.200029341795371,12.172343316836503,12.190800666809082,104600,0.04,0.0,0.0
2024-04-29 00:00:00-04:00,12.209258201802726,12.246172904968262,12.209258201802726,12.246172904968262,113600,0.0,0.0,0.0
2024-04-30 00:00:00-04:00,12.209257125854492,12.227714475810695,12.200029330971276,12.209257125854492,182300,0.0,0.0,0.0
2024-05-01 00:00:00-04:00,12.227715492248535,12.273857990879787,12.20925814075805,12.227715492248535,194100,0.0,0.0,0.0
2024-05-02 00:00:00-04:00,12.236942377505006,12.283084869384766,12.227713703110089,12.283084869384766,89100,0.0,0.0,0.0
2024-05-03 00:00:00-04:00,12.34768482901124,12.34768482901124,12.3107710085397,12.338456153869629,198400,0.0,0.0,0.0
2024-05-06 00:00:00-04:00,12.356916412126004,12.384601563971126,12.356916412126004,12.375372886657715,63700,0.0,0.0,0.0
2024-05-07 00:00:00-04:00,12.421511618234403,12.43074029274322,12.403054269216769,12.412282943725586,94900,0.0,0.0,0.0
2024-05-08 00:00:00-04:00,12.366143226623535,12.393829256363594,12.366143226623535,12.366143226623535,165200,0.0,0.0,0.0
2024-05-09 00:00:00-04:00,12.356916441107526,12.384601593017578,12.347687763772472,12.384601593017578,111600,0.0,0.0,0.0
2024-05-10 00:00:00-04:00,12.33845898579249,12.33845898579249,12.310773834108266,12.329230308532715,230100,0.0,0.0,0.0
2024-05-13 00:00:00-04:00,12.356913535394435,12.356913535394435,12.329227509899606,12.347684860229492,126700,0.0,0.0,0.0
2024-05-14 00:00:00-04:00,12.347684860229492,12.356913535394435,12.329227509899606,12.347684860229492,106600,0.0,0.0,0.0
2024-05-15 00:00:00-04:00,12.403058110049425,12.439971939420891,12.403058110049425,12.421515464782715,195100,0.0,0.0,0.0
2024-05-16 00:00:00-04:00,12.449197769165039,12.467655119676406,12.439969093909356,12.449197769165039,140900,0.0,0.0,0.0
2024-05-17 00:00:00-04:00,12.430741267667479,12.439969062805176,12.403055241969653,12.439969062805176,116000,0.0,0.0,0.0
2024-05-21 00:00:00-04:00,12.458426413270393,12.467655088503001,12.439969062805176,12.439969062805176,71600,0.0,0.0,0.0
2024-05-22 00:00:00-04:00,12.421513587821805,12.439970059671104,12.412284911849664,12.430742263793945,107600,0.0,0.0,0.0
2024-05-23 00:00:00-04:00,12.43074029274322,12.43074029274322,12.393826474802793,12.412282943725586,143000,0.0,0.0,0.0
2024-05-24 00:00:00-04:00,12.393826474802793,12.421511618234403,12.393826474802793,12.412282943725586,126800,0.0,0.0,0.0
2024-05-27 00:00:00-04:00,12.421512541429466,12.421512541429466,12.393827395940233,12.403055191040039,55900,0.0,0.0,0.0
2024-05-28 00:00:00-04:00,12.412283794812708,12.412283794812708,12.338456153869629,12.338456153869629,332800,0.0,0.0,0.0
2024-05-29 00:00:00-04:00,12.301540342043683,12.31076901569137,12.283083874843069,12.292311668395996,149700,0.0,0.0,0.0
2024-05-30 00:00:00-04:00,12.320084280269386,12.347852817229455,12.320084280269386,12.33859634399414,141300,0.04,0.0,0.0
2024-05-31 00:00:00-04:00,12.394135182272908,12.421903721208194,12.394135182272908,12.412647247314453,156500,0.0,0.0,0.0
2024-06-03 00:00:00-04:00,12.431159788876068,12.514466285705566,12.431159788876068,12.514466285705566,223000,0.0,0.0,0.0
2024-06-04 00:00:00-04:00,12.551493237464985,12.588518254807228,12.542236762442913,12.579261779785156,266700,0.0,0.0,0.0
2024-06-05 00:00:00-04:00,12.597772265431956,12.634797278125706,12.588516674317969,12.625541687011719,284000,0.0,0.0,0.0
2024-06-06 00:00:00-04:00,12.607028007507324,12.634796544729307,12.597771534184702,12.607028007507324,218600,0.0,0.0,0.0
2024-06-07 00:00:00-04:00,12.57926027636712,12.57926027636712,12.542235263449944,12.551491737365723,115400,0.0,0.0,0.0
2024-06-10 00:00:00-04:00,12.532979965209961,12.532979965209961,12.505211423603694,12.532979965209961,149800,0.0,0.0,0.0
2024-06-11 00:00:00-04:00,12.532978789534166,12.560747328535562,12.523722315618388,12.551491737365723,172500,0.0,0.0,0.0
2024-06-12 00:00:00-04:00,12.634796544729307,12.65330949137455,12.597771534184702,12.607028007507324,202800,0.0,0.0,0.0
2024-06-13 00:00:00-04:00,12.644053056930913,12.671821594238281,12.62554099297463,12.671821594238281,225500,0.0,0.0,0.0
2024-06-14 00:00:00-04:00,12.708847045898438,12.727359993243013,12.699591454972065,12.708847045898438,147300,0.0,0.0,0.0
2024-06-17 00:00:00-04:00,12.681079348090654,12.718104362487793,12.653310807979294,12.718104362487793,262900,0.0,0.0,0.0
2024-06-18 00:00:00-04:00,12.727359550857503,12.745872497558594,12.699591013551753,12.745872497558594,185400,0.0,0.0,0.0
2024-06-19 00:00:00-04:00,12.727361567175196,12.736618041992188,12.718105092358204,12.736618041992188,137600,0.0,0.0,0.0
2024-06-20 00:00:00-04:00,12.662566443028831,12.708847045898438,12.644053495684258,12.708847045898438,564000,0.0,0.0,0.0
2024-06-21 00:00:00-04:00,12.681078067589365,12.69033454094045,12.653309530281998,12.671821594238281,194300,0.0,0.0,0.0
2024-06-24 00:00:00-04:00,12.690335273742676,12.690335273742676,12.653310260946219,12.690335273742676,171100,0.0,0.0,0.0
2024-06-25 00:00:00-04:00,12.634798667712323,12.662568092346191,12.634798667712323,12.662568092346191,165900,0.0,0.0,0.0
2024-06-26 00:00:00-04:00,12.597772780518302,12.607029254756693,12.570004240549098,12.588517189025879,217300,0.0,0.0,0.0
2024-06-27 00:00:00-04:00,12.560664176940918,12.579231733357226,12.560664176940918,12.560664176940918,174300,0.04,0.0,0.0
2024-06-28 00:00:00-04:00,12.607083381098334,12.616367160189032,12.551382477253958,12.56994915008545,203400,0.0,0.0,0.0
2024-07-02 00:00:00-04:00,12.495679913525604,12.504963692040855,12.458545684814453,12.458545684814453,362800,0.0,0.0,0.0
2024-07-03 00:00:00-04:00,12.486395123908878,12.532813127376524,12.477111346145394,12.495678901672363,244500,0.0,0.0,0.0
2024-07-04 00:00:00-04:00,12.486395594519639,12.49567937263303,12.47711181640625,12.47711181640625,165300,0.0,0.0,0.0
2024-07-05 00:00:00-04:00,12.54209869816326,12.56994915008545,12.532814919072562,12.56994915008545,144100,0.0,0.0,0.0
2024-07-08 00:00:00-04:00,12.579233409580633,12.607083862566437,12.560665850690137,12.588517189025879,136700,0.0,0.0,0.0
2024-07-09 00:00:00-04:00,12.56994915008545,12.597799602007637,12.560665370994752,12.56994915008545,176300,0.0,0.0,0.0
2024-07-10 00:00:00-04:00,12.59780008312119,12.607083862566437,12.588517189025879,12.588517189025879,165100,0.0,0.0,0.0
2024-07-11 00:00:00-04:00,12.653498945073396,12.672065614315647,12.625648498535156,12.625648498535156,190600,0.0,0.0,0.0
2024-07-12 00:00:00-04:00,12.662784576416016,12.672067469721446,12.644217019105428,12.662784576416016,140500,0.0,0.0,0.0
2024-07-15 00:00:00-04:00,12.653503178900854,12.672069854355463,12.644219398498535,12.644219398498535,174100,0.0,0.0,0.0
2024-07-16 00:00:00-04:00,12.681354046563603,12.699921607971191,12.67207026585981,12.699921607971191,122900,0.0,0.0,0.0
2024-07-17 00:00:00-04:00,12.681354046563603,12.718488284028721,12.67207026585981,12.699921607971191,161400,0.0,0.0,0.0
2024-07-18 00:00:00-04:00,12.699917309456561,12.727767756791403,12.681349754333496,12.681349754333496,104800,0.0,0.0,0.0
2024-07-19 00:00:00-04:00,12.672067469721446,12.690635027032034,12.662784576416016,12.662784576416016,132100,0.0,0.0,0.0
2024-07-22 00:00:00-04:00,12.662786959303173,12.681353634757782,12.625652723043927,12.644219398498535,189100,0.0,0.0,0.0
2024-07-23 00:00:00-04:00,12.65350079776072,12.672067469721446,12.65350079776072,12.662784576416016,222900,0.0,0.0,0.0
2024-07-24 00:00:00-04:00,12.690635741983458,12.709202414990173,12.653501510620117,12.653501510620117,188400,0.0,0.0,0.0
2024-07-25 00:00:00-04:00,12.662783084560187,12.709200201668336,12.662783084560187,12.681349754333496,98400,0.0,0.0,0.0
2024-07-26 00:00:00-04:00,12.718487500224434,12.727771280356095,12.699920825311116,12.709203720092773,140000,0.0,0.0,0.0
2024-07-29 00:00:00-04:00,12.755620716340653,12.764904495730622,12.737054042910646,12.746336936950684,129600,0.0,0.0,0.0
2024-07-30 00:00:00-04:00,12.792890548706055,12.802201453777265,12.764958721429203,12.792890548706055,192700,0.04,0.0,0.0
2024-07-31 00:00:00-04:00,12.802202379095846,12.848756019879927,12.792891473351661,12.839445114135742,178000,0.0,0.0,0.0
2024-08-01 00:00:00-04:00,12.86737801777712,12.923242568969727,12.86737801777712,12.923242568969727,195800,0.0,0.0,0.0
2024-08-02 00:00:00-04:00,12.97910462968576,13.025658268608769,12.969794612250606,12.997726440429688,186700,0.0,0.0,0.0
2024-08-06 00:00:00-04:00,12.960481500727207,12.979102420364645,12.87668514251709,12.87668514251709,304500,0.0,0.0,0.0
2024-08-07 00:00:00-04:00,12.858064222879651,12.885996046304138,12.848753319092603,12.87668514251709,195700,0.0,0.0,0.0
2024-08-08 00:00:00-04:00,12.839442843294425,12.867374667649988,12.839442843294425,12.858064651489258,144100,0.0,0.0,0.0
2024-08-09 00:00:00-04:00,12.904618263244629,12.923240072690778,12.8953082464583,12.904618263244629,211800,0.0,0.0,0.0
2024-08-12 00:00:00-04:00,12.91392837445843,12.94186019897461,12.904617470307475,12.94186019897461,167100,0.0,0.0,0.0
2024-08-13 00:00:00-04:00,12.960483120089172,12.988414947003633,12.960483120089172,12.979104042053223,84500,0.0,0.0,0.0
2024-08-14 00:00:00-04:00,12.988415535057724,13.016347363236806,12.988415535057724,12.997726440429688,118600,0.0,0.0,0.0
2024-08-15 00:00:00-04:00,12.960480509278732,12.979101427491711,12.941858703129164,12.969791412353516,144100,0.0,0.0,0.0
2024-08-16 00:00:00-04:00,12.979104042053223,12.979104042053223,12.951172215138763,12.979104042053223,174300,0.0,0.0,0.0
2024-08-19 00:00:00-04:00,12.960480509278732,12.979101427491711,12.960480509278732,12.969791412353516,125700,0.0,0.0,0.0
2024-08-20 00:00:00-04:00,13.00703734580165,13.025658268608769,12.997726440429688,12.997726440429688,225100,0.0,0.0,0.0
2024-08-21 00:00:00-04:00,13.016346566555512,13.053590185763824,13.007036549690188,13.034968376159668,172900,0.0,0.0,0.0
2024-08-22 00:00:00-04:00,12.997725851954042,12.997725851954042,12.960483120089172,12.979104042053223,175800,0.0,0.0,0.0
2024-08-23 00:00:00-04:00,12.997725056958087,13.02565688216412,12.988414152577173,13.016345977783203,155800,0.0,0.0,0.0
2024-08-26 00:00:00-04:00,13.007035961339003,13.016345977783203,12.988414152577173,13.016345977783203,205100,0.0,0.0,0.0
2024-08-27 00:00:00-04:00,12.969794429753756,13.007037162780762,12.960483524512806,13.007037162780762,247500,0.0,0.0,0.0
2024-08-28 00:00:00-04:00,12.988412330566495,12.988412330566495,12.960480509278732,12.969791412353516,69700,0.0,0.0,0.0
2024-08-29 00:00:00-04:00,12.94178330924836,12.951121029193342,12.923108759852381,12.932446479797363,115000,0.04,0.0,0.0
2024-08-30 00:00:00-04:00,12.932442957269748,12.941779784177587,12.904429805064998,12.923105239868164,186800,0.0,0.0,0.0
2024-09-03 00:00:00-04:00,12.960456199212256,12.9884684630419,12.951118481104439,12.979130744934082,212000,0.0,0.0,0.0
2024-09-04 00:00:00-04:00,13.01648206835143,13.053832054138184,13.007145239775168,13.053832054138184,155400,0.0,0.0,0.0
2024-09-05 00:00:00-04:00,13.063169773208347,13.081845211348677,13.035157506491759,13.053832054138184,174300,0.0,0.0,0.0
2024-09-06 00:00:00-04:00,13.07250690460205,13.10985688870973,13.035156920494371,13.07250690460205,398500,0.0,0.0,0.0
2024-09-09 00:00:00-04:00,13.072505366288471,13.119193063552538,13.063167648736906,13.091180801391602,273000,0.0,0.0,0.0
2024-09-10 00:00:00-04:00,13.109856019930486,13.156543719594598,13.100518301898903,13.128531455993652,178100,0.0,0.0,0.0
2024-09-11 00:00:00-04:00,13.11919373796207,13.165881437626181,13.109856019930486,13.128531455993652,292900,0.0,0.0,0.0
2024-09-12 00:00:00-04:00,13.12853110026648,13.13786792755127,13.100517946930767,13.13786792755127,204500,0.0,0.0,0.0
2024-09-13 00:00:00-04:00,13.156543731689453,13.16588144972962,13.128531468062755,13.156543731689453,169700,0.0,0.0,0.0
2024-09-16 00:00:00-04:00,13.17521960824734,13.203232765197754,13.165882779757764,13.203232765197754,254500,0.0,0.0,0.0
2024-09-17 00:00:00-04:00,13.193893713356315,13.193893713356315,13.156543731689453,13.156543731689453,179600,0.0,0.0,0.0
2024-09-18 00:00:00-04:00,13.156543719594598,13.193893701227125,13.128531455993652,13.128531455993652,291000,0.0,0.0,0.0
2024-09-19 00:00:00-04:00,13.109856019930486,13.137868283531432,13.109856019930486,13.128531455993652,256700,0.0,0.0,0.0
2024-09-20 00:00:00-04:00,13.14720564532984,13.156543363108412,13.109855664709338,13.13786792755127,117900,0.0,0.0,0.0
2024-09-23 00:00:00-04:00,13.109855664709338,13.14720564532984,13.081843401867406,13.13786792755127,239800,0.0,0.0,0.0
2024-09-24 00:00:00-04:00,13.109856019930486,13.147206001563015,13.100518301898903,13.128531455993652,195600,0.0,0.0,0.0
2024-09-25 00:00:00-04:00,13.109855346000973,13.109855346000973,13.091180801391602,13.091180801391602,158300,0.0,0.0,0.0
2024-09-26 00:00:00-04:00,13.109857550379408,13.109857550379408,13.0818452835083,13.0818452835083,323600,0.0,0.0,0.0
2024-09-27 00:00:00-04:00,13.128666788115524,13.166123717755989,13.119302332444496,13.156759262084961,274600,0.04,0.0,0.0
2024-09-30 00:00:00-04:00,13.184851436432549,13.184851436432549,13.138030052185059,13.138030052185059,262700,0.0,0.0,0.0
2024-10-01 00:00:00-04:00,13.156758963101504,13.184851436432549,13.138030052185059,13.138030052185059,290900,0.0,0.0,0.0
2024-10-02 00:00:00-04:00,13.109938712943832,13.109938712943832,13.081846237182617,13.081846237182617,561700,0.0,0.0,0.0
2024-10-03 00:00:00-04:00,13.053749167931905,13.063113621545599,13.016292246520585,13.025656700134277,307500,0.0,0.0,0.0
2024-10-04 00:00:00-04:00,12.941378268042085,12.969471628588678,12.932014707569994,12.950742721557617,380100,0.0,0.0,0.0
2024-10-07 00:00:00-04:00,12.885195970521204,12.92265289920699,12.875831515088851,12.903923988342285,257900,0.0,0.0,0.0
2024-10-08 00:00:00-04:00,12.885193091674855,12.932014465332031,12.885193091674855,12.932014465332031,152600,0.0,0.0,0.0
2024-10-09 00:00:00-04:00,12.913288116455078,12.913288116455078,12.885195643913718,12.913288116455078,225300,0.0,0.0,0.0
2024-10-10 00:00:00-04:00,12.913289931651823,12.94138240814209,12.903925475140493,12.94138240814209,224000,0.0,0.0,0.0
2024-10-11 00:00:00-04:00,12.913285800538931,12.969471628588678,12.913285800538931,12.950742721557617,319400,0.0,0.0,0.0
2024-10-15 00:00:00-04:00,13.006928685950342,13.03502115374797,12.997564232336648,13.025656700134277,272200,0.0,0.0,0.0
2024-10-16 00:00:00-04:00,13.072480528979883,13.081844984351367,13.053751618236914,13.063116073608398,172900,0.0,0.0,0.0
2024-10-17 00:00:00-04:00,13.03502115374797,13.03502115374797,13.006928685950342,13.025656700134277,195700,0.0,0.0,0.0
2024-10-18 00:00:00-04:00,13.035022735595703,13.044387190345807,13.0256582808456,13.035022735595703,193000,0.0,0.0,0.0
2024-10-21 00:00:00-04:00,13.006930137268403,13.006930137268403,12.950744302360462,12.960108757019043,279400,0.0,0.0,0.0
2024-10-22 00:00:00-04:00,12.969473211677625,12.969473211677625,12.94137984770188,12.960108757019043,274400,0.0,0.0,0.0
2024-10-23 00:00:00-04:00,12.950745672145692,12.96011012779474,12.922653198242188,12.922653198242188,233300,0.0,0.0,0.0
2024-10-24 00:00:00-04:00,12.932015009564124,12.96947193145752,12.92265055582991,12.96947193145752,198100,0.0,0.0,0.0
2024-10-25 00:00:00-04:00,12.988199642576301,12.988199642576301,12.932014707569994,12.950742721557617,139600,0.0,0.0,0.0
2024-10-28 00:00:00-04:00,12.960107175073148,12.969471628588678,12.922650254054464,12.950742721557617,215400,0.0,0.0,0.0
2024-10-29 00:00:00-04:00,12.913287376769683,12.960108757019043,12.903922922111102,12.960108757019043,201900,0.0,0.0,0.0
2024-10-30 00:00:00-04:00,12.997671573159947,13.035237061698425,12.969497680664062,12.969497680664062,159400,0.04,0.0,0.0
2024-10-31 00:00:00-04:00,12.98828384262765,13.025849342346191,12.960109941746785,13.025849342346191,236600,0.0,0.0,0.0
2024-11-01 00:00:00-04:00,13.025850382334585,13.03524198192209,12.950719376899018,12.978893280029297,229500,0.0,0.0,0.0
2024-11-04 00:00:00-05:00,13.016456101,13.025847698652576,12.97889060602174,12.988282203674316,337700,0.0,0.0,0.0
2024-11-05 00:00:00-05:00,12.988282390554577,13.016456288285639,12.960108492823517,12.997673988342285,238700,0.0,0.0,0.0
2024-11-06 00:00:00-05:00,12.931937073356243,12.988284879616801,12.913153874181235,12.978893280029297,294200,0.0,0.0,0.0
2024-11-07 00:00:00-05:00,13.016455762172152,13.07280445098877,13.00706506039607,13.07280445098877,355000,0.0,0.0,0.0
2024-11-08 00:00:00-05:00,13.100979991074379,13.129153891201039,13.082197689533984,13.110371589660645,272300,0.0,0.0,0.0
2024-11-11 00:00:00-05:00,13.110369306878068,13.110369306878068,13.091586112976074,13.091586112976074,177400,0.0,0.0,0.0
2024-11-12 00:00:00-05:00,13.054024696350098,13.082199495999431,13.016459192449911,13.054024696350098,302700,0.0,0.0,0.0
2024-11-13 00:00:00-05:00,13.07280497937982,13.082196577167526,12.97889079276687,12.997673988342285,237800,0.0,0.0,0.0
2024-11-14 00:00:00-05:00,13.035238844984411,13.054021144007216,13.007064948634195,13.01645565032959,341900,0.0,0.0,0.0
2024-11-15 00:00:00-05:00,13.007067040303001,13.044632540021542,12.98828384262765,13.025849342346191,181400,0.0,0.0,0.0
2024-11-18 00:00:00-05:00,12.988281753979374,13.01645565032959,12.978890156651964,13.01645565032959,113100,0.0,0.0,0.0
2024-11-19 00:00:00-05:00,12.997675023070057,12.997675023070057,12.95071792602539,12.95071792602539,199500,0.0,0.0,0.0
2024-11-20 00:00:00-05:00,12.913151741027832,12.941325639503999,12.903760142991747,12.913151741027832,240200,0.0,0.0,0.0
2024-11-21 00:00:00-05:00,12.884974735806747,12.913148627489802,12.83801765258041,12.84740924835205,268000,0.0,0.0,0.0
2024-11-22 00:00:00-05:00,12.828629414189113,12.884978107934105,12.828629414189113,12.87558650970459,188700,0.0,0.0,0.0
2024-11-25 00:00:00-05:00,12.969500090611225,12.997673988342285,12.960108492823517,12.997673988342285,157500,0.0,0.0,0.0
2024-11-26 00:00:00-05:00,13.016457929071036,13.044632725985721,13.016457929071036,13.03524112701416,181600,0.0,0.0,0.0
2024-11-27 00:00:00-05:00,13.0823335647583,13.101170150586931,13.044659494880364,13.0823335647583,214100,0.04,0.0,0.0
2024-11-28 00:00:00-05:00,13.09174798559666,13.101166725158691,13.08233014425507,13.101166725158691,201700,0.0,0.0,0.0
2024-11-29 00:00:00-05:00,13.14826343439099,13.233030319213867,13.14826343439099,13.233030319213867,409400,0.0,0.0,0.0
2024-12-02 00:00:00-05:00,13.157683509481103,13.261286991302553,13.148264766164388,13.25186824798584,276600,0.0,0.0,0.0
2024-12-03 00:00:00-05:00,13.223610295602185,13.223610295602185,13.176517486572266,13.176517486572266,266000,0.0,0.0,0.0
2024-12-04 00:00:00-05:00,13.157679080861802,13.242445945739746,13.157679080861802,13.242445945739746,289500,0.0,0.0,0.0
2024-12-05 00:00:00-05:00,13.204774990346479,13.242449061576568,13.19535624798378,13.233030319213867,155000,0.0,0.0,0.0
2024-12-06 00:00:00-05:00,13.308377655663964,13.336632982820094,13.28954017207944,13.327214241027832,239000,0.0,0.0,0.0
2024-12-09 00:00:00-05:00,13.317796125513906,13.317796125513906,13.261284574134926,13.270703315734863,280200,0.0,0.0,0.0
2024-12-10 00:00:00-05:00,13.251865579024429,13.29895838790258,13.242447735825294,13.280121803283691,227200,0.0,0.0,0.0
2024-12-11 00:00:00-05:00,13.317795539731748,13.317795539731748,13.214191183130753,13.223609924316406,257500,0.0,0.0,0.0
2024-12-12 00:00:00-05:00,13.204774411695325,13.214192255424614,13.176518185845453,13.18593692779541,163500,0.0,0.0,0.0
2024-12-13 00:00:00-05:00,13.185936228022374,13.185936228022374,13.148262160442563,13.176517486572266,269100,0.0,0.0,0.0
2024-12-16 00:00:00-05:00,13.176517486572266,13.176517486572266,13.129424677542348,13.176517486572266,275400,0.0,0.0,0.0
2024-12-17 00:00:00-05:00,13.185933814595096,13.214189135553214,13.185933814595096,13.195352554321289,261500,0.0,0.0,0.0
2024-12-18 00:00:00-05:00,13.195354832466741,13.204773573819056,13.138843282573466,13.148262023925781,416800,0.0,0.0,0.0
2024-12-19 00:00:00-05:00,13.054075101453217,13.06349384186367,13.01640103803193,13.025819778442383,316500,0.0,0.0,0.0
2024-12-20 00:00:00-05:00,13.05407733868434,13.110588892611585,13.05407733868434,13.0823335647583,239500,0.0,0.0,0.0
2024-12-23 00:00:00-05:00,13.072914822733647,13.091751408562278,13.072914822733647,13.0823335647583,203300,0.0,0.0,0.0
2024-12-24 00:00:00-05:00,13.063496335001474,13.08233381941747,13.044659748806174,13.072915077209473,122800,0.0,0.0,0.0
2024-12-27 00:00:00-05:00,13.063496335001474,13.10117040561277,13.063496335001474,13.072915077209473,180800,0.0,0.0,0.0
2024-12-30 00:00:00-05:00,13.091808027505563,13.12959098815918,13.091808027505563,13.12959098815918,152400,0.04,0.0,0.0
2024-12-31 00:00:00-05:00,13.148480903040404,13.176817893981934,13.139034939120995,13.176817893981934,112800,0.0,0.0,0.0
2025-01-02 00:00:00-05:00,13.13903272744085,13.15792465209961,13.120141703598637,13.15792465209961,231400,0.0,0.0,0.0
2025-01-03 00:00:00-05:00,13.148479744133288,13.176816732577194,13.110696792602539,13.110696792602539,225200,0.0,0.0,0.0
2025-01-06 00:00:00-05:00,13.110696973489375,13.139033962324245,13.091805047055042,13.120142936706543,339900,0.0,0.0,0.0
2025-01-07 00:00:00-05:00,13.10124951285775,13.120141437132823,13.072912527261673,13.091803550720215,259000,0.0,0.0,0.0
2025-01-08 00:00:00-05:00,13.054021244657136,13.082359132462692,13.044576182871857,13.07291316986084,396200,0.0,0.0,0.0
2025-01-09 00:00:00-05:00,13.054022789001465,13.072914716440161,13.03513176237945,13.054022789001465,156600,0.0,0.0,0.0
2025-01-10 00:00:00-05:00,13.006793120768519,13.006793120768519,12.950118246464234,12.959564208984375,430200,0.0,0.0,0.0
2025-01-13 00:00:00-05:00,12.931225647453978,12.9406716094818,12.90288866218703,12.921780586242676,190300,0.0,0.0,0.0
2025-01-14 00:00:00-05:00,12.874553860893739,12.893444887337441,12.855661933633364,12.883999824523926,216500,0.0,0.0,0.0
2025-01-15 00:00:00-05:00,12.950118736927106,12.997347650499961,12.940672774049215,12.98790168762207,282500,0.0,0.0,0.0
2025-01-16 00:00:00-05:00,12.987902844599388,13.072914716440161,12.987902844599388,13.054022789001465,186600,0.0,0.0,0.0
2025-01-17 00:00:00-05:00,13.082358489399208,13.10124951285775,13.0540206029866,13.091803550720215,205300,0.0,0.0,0.0
2025-01-20 00:00:00-05:00,13.091804866428854,13.12014275568938,13.091804866428854,13.110696792602539,126600,0.0,0.0,0.0
2025-01-21 00:00:00-05:00,13.148478325959617,13.157924288027633,13.129586401823584,13.139032363891602,450000,0.0,0.0,0.0
2025-01-22 00:00:00-05:00,13.129586368879057,13.129586368879057,13.082358360290527,13.082358360290527,379900,0.0,0.0,0.0
2025-01-23 00:00:00-05:00,13.063467979431152,13.082359905751545,13.054022016270956,13.063467979431152,392800,0.0,0.0,0.0
2025-01-24 00:00:00-05:00,13.054021914898104,13.12014275568938,13.054021914898104,13.110696792602539,162400,0.0,0.0,0.0
2025-01-27 00:00:00-05:00,13.1768171210463,13.186263084411621,13.148480131766982,13.186263084411621,220400,0.0,0.0,0.0
2025-01-28 00:00:00-05:00,13.139034939120995,13.186263857901343,13.139034939120995,13.176817893981934,196300,0.0,0.0,0.0
2025-01-29 00:00:00-05:00,13.18626135903764,13.214598344609167,13.167369434778937,13.195707321166992,248700,0.0,0.0,0.0
2025-01-30 00:00:00-05:00,13.214654862565968,13.262019398240358,13.205181774750415,13.252546310424805,211800,0.04,0.0,0.0
2025-01-31 00:00:00-05:00,13.271489331038753,13.299907684326172,13.243070074348172,13.299907684326172,433500,0.0,0.0,0.0
2025-02-03 00:00:00-05:00,13.432530759964573,13.432530759964573,13.318856421510839,13.347274780273438,758700,0.0,0.0,0.0
2025-02-04 00:00:00-05:00,13.290436631277432,13.3756926075811,13.290436631277432,13.366219520568848,439500,0.0,0.0,0.0
2025-02-05 00:00:00-05:00,13.394638245980964,13.43252968911147,13.385165159347522,13.423056602478027,342500,0.0,0.0,0.0
2025-02-06 00:00:00-05:00,13.38516497502045,13.413583331126162,13.366218802014473,13.394638061523438,375300,0.0,0.0,0.0
2025-02-07 00:00:00-05:00,13.318855525410958,13.328327708758973,13.290436265157085,13.309382438659668,466500,0.0,0.0,0.0
2025-02-10 00:00:00-05:00,13.337800795510264,13.356746969012846,13.299909351908378,13.309382438659668,181500,0.0,0.0,0.0
2025-02-11 00:00:00-05:00,13.271490097045898,13.290435365863278,13.262017010935601,13.271490097045898,355200,0.0,0.0,0.0
2025-02-12 00:00:00-05:00,13.224125676323375,13.224125676323375,13.195707321166992,13.195707321166992,200200,0.0,0.0,0.0
2025-02-13 00:00:00-05:00,13.252545116773035,13.29990964818132,13.243072029810719,13.262018203735352,365900,0.0,0.0,0.0
2025-02-14 00:00:00-05:00,13.27149271707326,13.299911077611222,13.262019629092807,13.280965805053711,399800,0.0,0.0,0.0
2025-02-18 00:00:00-05:00,13.205179503950305,13.23359876250991,13.195707321166992,13.195707321166992,455300,0.0,0.0,0.0
2025-02-19 00:00:00-05:00,13.205179503950305,13.21465259013684,13.176761148793922,13.195707321166992,343300,0.0,0.0,0.0
2025-02-20 00:00:00-05:00,13.19570875530376,13.20518093911653,13.167289493655492,13.176762580871582,264100,0.0,0.0,0.0
2025-02-21 00:00:00-05:00,13.205180585364749,13.280964377659984,13.205180585364749,13.262018203735352,548200,0.0,0.0,0.0
2025-02-24 00:00:00-05:00,13.243073162903409,13.299910786137103,13.243073162903409,13.290437698364258,419800,0.0,0.0,0.0
2025-02-25 00:00:00-05:00,13.328329317249048,13.375693853318277,13.328329317249048,13.356748580932617,454400,0.0,0.0,0.0
2025-02-26 00:00:00-05:00,13.366222139708137,13.385168317445185,13.347276865374567,13.37569522857666,299300,0.0,0.0,0.0
2025-02-27 00:00:00-05:00,13.366191864013672,13.39469185992366,13.356692771346744,13.366191864013672,401600,0.04,0.0,0.0
2025-02-28 00:00:00-05:00,13.413691575938476,13.442190667206006,13.394692483750047,13.43269157409668,369800,0.0,0.0,0.0
2025-03-03 00:00:00-05:00,13.423193094881396,13.518190378519321,13.385194000232252,13.499191284179688,755700,0.0,0.0,0.0
2025-03-04 00:00:00-05:00,13.499189763280496,13.518188855479577,13.451690673828125,13.451690673828125,555800,0.0,0.0,0.0
2025-03-05 00:00:00-05:00,13.43269246750775,13.45169156095981,13.36619337550094,13.394693374633789,474300,0.0,0.0,0.0
2025-03-06 00:00:00-05:00,13.347195511780708,13.356695512366931,13.261697318444538,13.271197319030762,476000,0.0,0.0,0.0
2025-03-07 00:00:00-05:00,13.328195116369018,13.356695117284676,13.299696021423253,13.318696022033691,493800,0.0,0.0,0.0
2025-03-10 00:00:00-04:00,13.375691854204485,13.413690942757405,13.347192764282227,13.347192764282227,682800,0.0,0.0,0.0
2025-03-11 00:00:00-04:00,13.35669276291289,13.42319094138807,13.31869367435997,13.347192764282227,671600,0.0,0.0,0.0
2025-03-12 00:00:00-04:00,13.33769501063041,13.356695011089787,13.271196820962366,13.280695915222168,532900,0.0,0.0,0.0
2025-03-13 00:00:00-04:00,13.261693573921175,13.328191747308717,13.233194486179324,13.309192657470703,473600,0.0,0.0,0.0
2025-03-14 00:00:00-04:00,13.299694510639638,13.328193602348039,13.28069451218751,13.290194511413574,511300,0.0,0.0,0.0
2025-03-17 00:00:00-04:00,13.35669276291289,13.394691851465812,13.337692765651562,13.347192764282227,315700,0.0,0.0,0.0
2025-03-18 00:00:00-04:00,13.290193678467979,13.35669276291289,13.290193678467979,13.347192764282227,366900,0.0,0.0,0.0
2025-03-19 00:00:00-04:00,13.337694228507429,13.375693321228027,13.299695135786832,13.375693321228027,495200,0.0,0.0,0.0
2025-03-20 00:00:00-04:00,13.413693365309452,13.413693365309452,13.347195174824508,13.356695175170898,210400,0.0,0.0,0.0
2025-03-21 00:00:00-04:00,13.375691862650333,13.39469185992366,13.33769277407342,13.366191864013672,321600,0.0,0.0,0.0
2025-03-24 00:00:00-04:00,13.37569466907904,13.37569466907904,13.31869647723943,13.328195571899414,379600,0.0,0.0,0.0
2025-03-25 00:00:00-04:00,13.318696022033691,13.366194211620003,13.318696022033691,13.318696022033691,251500,0.0,0.0,0.0
2025-03-26 00:00:00-04:00,13.290196414233288,13.290196414233288,13.261697318444538,13.271197319030762,477100,0.0,0.0,0.0
2025-03-27 00:00:00-04:00,13.271194970533802,13.309194060184382,13.261694971628717,13.299694061279297,328500,0.0,0.0,0.0
2025-03-28 00:00:00-04:00,13.328276531846551,13.366384506225586,13.318749311110349,13.366384506225586,301500,0.04,0.0,0.0
2025-03-31 00:00:00-04:00,13.385436940836273,13.41401769019403,13.366382502220675,13.40449047088623,223400,0.0,0.0,0.0
2025-04-01 00:00:00-04:00,13.43307392406868,13.471181897827162,13.423546703487618,13.452127456665039,229300,0.0,0.0,0.0
2025-04-02 00:00:00-04:00,13.48070639526637,13.48070639526637,13.394964147275477,13.414017677307129,542200,0.0,0.0,0.0
2025-04-03 00:00:00-04:00,13.461654853296334,13.480708386141876,13.394966125488281,13.394966125488281,457000,0.0,0.0,0.0
2025-04-04 00:00:00-04:00,13.480709240587812,13.52834443856958,13.433074951171875,13.433074951171875,623900,0.0,0.0,0.0
2025-04-07 00:00:00-04:00,13.423546239126079,13.423546239126079,13.26158712911375,13.271114349365234,706100,0.0,0.0,0.0
2025-04-08 00:00:00-04:00,13.252058982849121,13.299694172212218,13.213951013071778,13.252058982849121,447100,0.0,0.0,0.0
2025-04-09 00:00:00-04:00,13.213950265403165,13.223477484449852,13.090099143493097,13.166315078735352,656700,0.0,0.0,0.0
2025-04-10 00:00:00-04:00,13.156791731326024,13.194899707529538,13.118683755122511,13.128210067749023,243200,0.0,0.0,0.0
2025-04-11 00:00:00-04:00,13.109155640784895,13.128209173305597,13.07104766717773,13.118682861328125,352000,0.0,0.0,0.0
2025-04-14 00:00:00-04:00,13.156791420767215,13.242533683776855,13.156791420767215,13.242533683776855,203600,0.0,0.0,0.0
2025-04-15 00:00:00-04:00,13.233005452243283,13.261586202434874,13.213951013071778,13.252058982849121,206500,0.0,0.0,0.0
2025-04-16 00:00:00-04:00,13.271114290468338,13.280640602111816,13.23300631819725,13.280640602111816,407400,0.0,0.0,0.0
2025-04-17 00:00:00-04:00,13.271115346679203,13.280641659080851,13.233007371375207,13.242533683776855,179200,0.0,0.0,0.0
2025-04-21 00:00:00-04:00,13.2044240614271,13.213951281206175,13.147262559884009,13.156789779663086,237000,0.0,0.0,0.0
2025-04-22 00:00:00-04:00,13.185372337935892,13.194899559020996,13.175845116850788,13.194899559020996,183800,0.0,0.0,0.0
2025-04-23 00:00:00-04:00,13.261586399243477,13.261586399243477,13.156789707941964,13.175843238830566,284700,0.0,0.0,0.0
2025-04-24 00:00:00-04:00,13.194897566886294,13.23300553690745,13.185370347239587,13.223478317260742,213900,0.0,0.0,0.0
2025-04-25 00:00:00-04:00,13.24253374347487,13.24253374347487,13.213952989009478,13.233007431030273,255700,0.0,0.0,0.0
2025-04-28 00:00:00-04:00,13.194899455554486,13.24253374347487,13.194899455554486,13.233007431030273,252500,0.0,0.0,0.0
2025-04-29 00:00:00-04:00,13.223453156665077,13.280779754827408,13.223453156665077,13.271225929260254,353200,0.04,0.0,0.0
2025-04-30 00:00:00-04:00,13.299888947617587,13.33810698264908,13.271225649141423,13.32855224609375,381300,0.0,0.0,0.0
2025-05-01 00:00:00-04:00,13.290333874526457,13.309443347153232,13.252115840462714,13.299888610839844,259600,0.0,0.0,0.0
2025-05-02 00:00:00-04:00,13.252115249633789,13.261669985521191,13.21389721727395,13.252115249633789,402200,0.0,0.0,0.0
2025-05-05 00:00:00-04:00,13.252115249633789,13.252115249633789,13.21389721727395,13.252115249633789,336300,0.0,0.0,0.0
2025-05-06 00:00:00-04:00,13.223452079883774,13.27122484858883,13.213897343904808,13.261670112609863,219100,0.0,0.0,0.0
2025-05-07 00:00:00-04:00,13.280779264602966,13.338106771839055,13.280779264602966,13.309443473815918,378500,0.0,0.0,0.0
2025-05-08 00:00:00-04:00,13.299888017881031,13.299888017881031,13.242560513746389,13.252115249633789,305800,0.0,0.0,0.0
2025-05-09 00:00:00-04:00,13.271225313089488,13.299888610839844,13.252115840462714,13.299888610839844,350800,0.0,0.0,0.0
2025-05-12 00:00:00-04:00,13.23300681586274,13.28077867337802,13.223452079883774,13.261670112609863,190400,0.0,0.0,0.0
2025-05-13 00:00:00-04:00,13.27122484858883,13.27122484858883,13.223452079883774,13.261670112609863,318000,0.0,0.0,0.0
2025-05-14 00:00:00-04:00,13.242561256263597,13.261670729109879,13.223452694607133,13.233007431030273,204900,0.0,0.0,0.0
2025-05-15 00:00:00-04:00,13.261669837139895,13.31899642944336,13.252115101359397,13.31899642944336,306500,0.0,0.0,0.0
2025-05-16 00:00:00-04:00,13.328552035434738,13.328552035434738,13.280779264602966,13.309443473815918,310000,0.0,0.0,0.0
2025-05-20 00:00:00-04:00,13.204340934753418,13.242558962636755,13.19478711117483,13.204340934753418,535700,0.0,0.0,0.0
2025-05-21 00:00:00-04:00,13.156572089870249,13.166125915632106,13.118353142063345,13.137462615966797,430600,0.0,0.0,0.0
2025-05-22 00:00:00-04:00,13.118351364622852,13.156570307251368,13.099242804498337,13.147015571594238,284800,0.0,0.0,0.0
2025-05-23 00:00:00-04:00,13.166123517962106,13.18523298838555,13.147014958728363,13.175678253173828,331100,0.0,0.0,0.0
2025-05-26 00:00:00-04:00,13.185233243729218,13.223451274126532,13.185233243729218,13.194787979125977,185400,0.0,0.0,0.0
2025-05-27 00:00:00-04:00,13.213897343904808,13.261670112609863,13.204342607925842,13.261670112609863,289700,0.0,0.0,0.0
2025-05-28 00:00:00-04:00,13.223451953161351,13.271224721408593,13.204342481386549,13.252115249633789,253000,0.0,0.0,0.0
2025-05-29 00:00:00-04:00,13.271281645514941,13.309610219156832,13.261699273648148,13.300027847290039,293400,0.04,0.0,0.0
2025-05-30 00:00:00-04:00,13.290443827119644,13.31919002532959,13.280861456441274,13.31919002532959,227500,0.0,0.0,0.0
2025-06-02 00:00:00-04:00,13.290443420410156,13.31918961774042,13.290443420410156,13.290443420410156,334800,0.0,0.0,0.0
2025-06-03 00:00:00-04:00,13.29044411664534,13.309608858419574,13.271280288696289,13.271280288696289,287900,0.0,0.0,0.0
2025-06-04 00:00:00-04:00,13.29044562287508,13.309610366821289,13.280863250901975,13.309610366821289,245100,0.0,0.0,0.0
2025-06-05 00:00:00-04:00,13.280863103556456,13.319191677198345,13.271281645514941,13.300027847290039,306900,0.0,0.0,0.0
2025-06-06 00:00:00-04:00,13.261697062704245,13.261697062704245,13.213786125183105,13.213786125183105,288100,0.0,0.0,0.0
2025-06-09 00:00:00-04:00,13.17545755793122,13.242532322165738,13.17545755793122,13.213786125183105,240700,0.0,0.0,0.0
2025-06-10 00:00:00-04:00,13.252115946446724,13.252115946446724,13.21378737556791,13.232952117919922,153200,0.0,0.0,0.0
2025-06-11 00:00:00-04:00,13.223369746743916,13.232952117919922,13.204205004391902,13.232952117919922,292400,0.0,0.0,0.0
2025-06-12 00:00:00-04:00,13.252113886273964,13.252113886273964,13.204202951667375,13.223367691040039,301100,0.0,0.0,0.0
2025-06-13 00:00:00-04:00,13.213787776251463,13.213787776251463,13.175459204210407,13.194623947143555,182000,0.0,0.0,0.0
2025-06-16 00:00:00-04:00,13.175459861755371,13.204206063764484,13.16587748981057,13.175459861755371,317600,0.0,0.0,0.0
2025-06-17 00:00:00-04:00,13.185041575676982,13.20420540478489,13.165876832743832,13.194623947143555,203700,0.0,0.0,0.0
2025-06-18 00:00:00-04:00,13.204202951667375,13.242531516587633,13.194621495806112,13.223367691040039,334700,0.0,0.0,0.0
2025-06-19 00:00:00-04:00,13.23295006072637,13.242531516587633,13.213785321353706,13.223367691040039,108700,0.0,0.0,0.0
2025-06-20 00:00:00-04:00,13.242532878961635,13.271279990978096,13.223369051442493,13.252115249633789,192900,0.0,0.0,0.0
2025-06-23 00:00:00-04:00,13.280861050025022,13.328771988125554,13.280861050025022,13.290443420410156,280900,0.0,0.0,0.0
2025-06-24 00:00:00-04:00,13.26169722307989,13.309608161180423,13.242532482309622,13.290443420410156,224100,0.0,0.0,0.0
2025-06-25 00:00:00-04:00,13.242531516587633,13.261696255960297,13.223367691040039,13.223367691040039,552800,0.0,0.0,0.0
2025-06-26 00:00:00-04:00,13.252115546922054,13.280861745758221,13.232951718973004,13.271280288696289,295700,0.0,0.0,0.0
2025-06-27 00:00:00-04:00,13.25206003722498,13.319329084430498,13.242449911489325,13.271280288696289,435400,0.04,0.0,0.0
2025-06-30 00:00:00-04:00,13.319330314380782,13.338550567626953,13.30011097760673,13.338550567626953,181000,0.0,0.0,0.0
2025-07-02 00:00:00-04:00,13.261669158935547,13.271279283943631,13.24244890891938,13.261669158935547,357600,0.0,0.0,0.0
2025-07-03 00:00:00-04:00,13.242450714111328,13.261670966747573,13.232841504265295,13.242450714111328,219500,0.0,0.0,0.0
2025-07-04 00:00:00-04:00,13.290499623695567,13.30010974943122,13.25206003722498,13.271280288696289,158600,0.0,0.0,0.0
2025-07-07 00:00:00-04:00,13.242447838435607,13.242447838435607,13.213618382213816,13.23283863067627,633000,0.0,0.0,0.0
2025-07-08 00:00:00-04:00,13.204009107328337,13.213619232177734,13.18478977410149,13.213619232177734,191900,0.0,0.0,0.0
2025-07-09 00:00:00-04:00,13.213619450367093,13.261669158935547,13.213619450367093,13.261669158935547,342600,0.0,0.0,0.0
2025-07-10 00:00:00-04:00,13.23283863067627,13.242447838435607,13.213618382213816,13.23283863067627,198900,0.0,0.0,0.0
2025-07-11 00:00:00-04:00,13.184792370582201,13.184792370582201,13.146352780086655,13.155961990356445,470100,0.0,0.0,0.0
2025-07-14 00:00:00-04:00,13.14634895324707,13.155958160719667,13.117518581413698,13.14634895324707,462600,0.0,0.0,0.0
2025-07-15 00:00:00-04:00,13.136741373702126,13.136741373702126,13.050252074393988,13.079081535339355,431800,0.0,0.0,0.0
2025-07-16 00:00:00-04:00,13.079081535339355,13.10791191275676,13.059862200199792,13.079081535339355,347900,0.0,0.0,0.0
2025-07-17 00:00:00-04:00,13.088691661145157,13.10791191275676,13.079081535339355,13.079081535339355,741400,0.0,0.0,0.0
2025-07-18 00:00:00-04:00,13.098301837268501,13.117521172481897,13.088691711425781,13.088691711425781,269900,0.0,0.0,0.0
2025-07-21 00:00:00-04:00,13.117518581413698,13.165568284664124,13.117518581413698,13.14634895324707,243800,0.0,0.0,0.0
2025-07-22 00:00:00-04:00,13.1559609737101,13.165571099709382,13.136741638183594,13.136741638183594,527800,0.0,0.0,0.0
2025-07-23 00:00:00-04:00,13.117522066144513,13.14635244563681,13.069473266601562,13.069473266601562,405600,0.0,0.0,0.0
2025-07-24 00:00:00-04:00,13.069474378160354,13.12713330910463,13.069474378160354,13.107913970947266,264000,0.0,0.0,0.0
2025-07-25 00:00:00-04:00,13.098299249996645,13.165568284664124,13.098299249996645,13.14634895324707,272000,0.0,0.0,0.0
2025-07-28 00:00:00-04:00,13.146351714022396,13.155960923512955,13.127131462097168,13.127131462097168,275000,0.0,0.0,0.0
2025-07-29 00:00:00-04:00,13.14634907220964,13.194397859423,13.14634907220964,13.175178527832031,477300,0.0,0.0,0.0
2025-07-30 00:00:00-04:00,13.165542189447235,13.204094253227243,13.155903943713808,13.175180435180664,257800,0.04,0.0,0.0
2025-07-31 00:00:00-04:00,13.204091929394412,13.233005742352352,13.184816360473633,13.184816360473633,637700,0.0,0.0,0.0
2025-08-01 00:00:00-04:00,13.261924618793017,13.281200193737382,13.242648124694824,13.242648124694824,306100,0.0,0.0,0.0
2025-08-05 00:00:00-04:00,13.271561082057364,13.281198408657312,13.252284590550058,13.261922836303711,435100,0.0,0.0,0.0
2025-08-06 00:00:00-04:00,13.252284590550058,13.271561082057364,13.242646344796405,13.261922836303711,266900,0.0,0.0,0.0
2025-08-07 00:00:00-04:00,13.271558857756848,13.290834426879883,13.252282369480264,13.290834426879883,370800,0.0,0.0,0.0
2025-08-08 00:00:00-04:00,13.281200408935547,13.290838656140814,13.261924833678856,13.281200408935547,215900,0.0,0.0,0.0
2025-08-11 00:00:00-04:00,13.281197995245273,13.300474486152547,13.261922423491676,13.271560668945312,364300,0.0,0.0,0.0
2025-08-12 00:00:00-04:00,13.242645582189258,13.242645582189258,13.204093520548458,13.21373176574707,266300,0.0,0.0,0.0
2025-08-13 00:00:00-04:00,13.242645804627285,13.271560540708808,13.242645804627285,13.252284049987793,308200,0.0,0.0,0.0
2025-08-14 00:00:00-04:00,13.261924618793017,13.261924618793017,13.223372549750462,13.242648124694824,361500,0.0,0.0,0.0
2025-08-15 00:00:00-04:00,13.204093933105469,13.223370424104981,13.194455687605712,13.204093933105469,319600,0.0,0.0,0.0
2025-08-18 00:00:00-04:00,13.194456007493814,13.204094253227243,13.165542189447235,13.175180435180664,360200,0.0,0.0,0.0
2025-08-19 00:00:00-04:00,13.194455275349844,13.223370010945684,13.194455275349844,13.21373176574707,206300,0.0,0.0,0.0
2025-08-20 00:00:00-04:00,13.204093520548458,13.233007336990644,13.194455275349844,13.21373176574707,132300,0.0,0.0,0.0
2025-08-21 00:00:00-04:00,13.213730173431573,13.223368417468732,13.175178116436474,13.184816360473633,341800,0.0,0.0,0.0
2025-08-22 00:00:00-04:00,13.213731353490763,13.242645169030865,13.204093108592854,13.223369598388672,297500,0.0,0.0,0.0
2025-08-25 00:00:00-04:00,13.194457054138184,13.20409530063616,13.184819726793982,13.194457054138184,384600,0.0,0.0,0.0
2025-08-26 00:00:00-04:00,13.194455687605712,13.213732178605225,13.184818361259637,13.204093933105469,369400,0.0,0.0,0.0
2025-08-27 00:00:00-04:00,13.184818361259637,13.213732178605225,13.175180115759881,13.204093933105469,276800,0.0,0.0,0.0
2025-08-28 00:00:00-04:00,13.204093881444043,13.242758834406077,13.204093881444043,13.223426818847656,269700,0.04,0.0,0.0
2025-08-29 00:00:00-04:00,13.242761469093992,13.281426429748535,13.242761469093992,13.281426429748535,215400,0.0,0.0,0.0
2025-09-02 00:00:00-04:00,13.21376035014585,13.23309236570427,13.194427412742238,13.223426818847656,314900,0.0,0.0,0.0
2025-09-03 00:00:00-04:00,13.22342763498364,13.281424607083602,13.22342763498364,13.262092590332031,388500,0.0,0.0,0.0
2025-09-04 00:00:00-04:00,13.291090912654518,13.310423851013184,13.291090912654518,13.310423851013184,415100,0.0,0.0,0.0
2025-09-05 00:00:00-04:00,13.35875413187195,13.387753538929445,13.35875413187195,13.368420600891113,548400,0.0,0.0,0.0
2025-09-08 00:00:00-04:00,13.407085283064387,13.455416705334242,13.407085283064387,13.44575023651123,570200,0.0,0.0,0.0
2025-09-09 00:00:00-04:00,13.455417686370042,13.455417686370042,13.407086260576339,13.436084747314453,321600,0.0,0.0,0.0
2025-09-10 00:00:00-04:00,13.455416679382324,13.494081632754593,13.445750210577955,13.455416679382324,375800,0.0,0.0,0.0
2025-09-11 00:00:00-04:00,13.484417915344238,13.503750856897716,13.4747514445675,13.484417915344238,255100,0.0,0.0,0.0
2025-09-12 00:00:00-04:00,13.465085895636154,13.494084386120978,13.455419424859414,13.484417915344238,300400,0.0,0.0,0.0
2025-09-15 00:00:00-04:00,13.484415954994917,13.513414441263974,13.484415954994917,13.503748893737793,271300,0.0,0.0,0.0
2025-09-16 00:00:00-04:00,13.503748893737793,13.52308091063541,13.494082424366354,13.503748893737793,517200,0.0,0.0,0.0
2025-09-17 00:00:00-04:00,13.523079981468964,13.532746450176221,13.484415028485126,13.494081497192383,363000,0.0,0.0,0.0
2025-09-18 00:00:00-04:00,13.484415028485126,13.503747965899642,13.455416544208544,13.494081497192383,382900,0.0,0.0,0.0
2025-09-19 00:00:00-04:00,13.503748893737793,13.503748893737793,13.474749485623478,13.503748893737793,406400,0.0,0.0,0.0
2025-09-22 00:00:00-04:00,13.503750856897716,13.513416405829064,13.484417915344238,13.484417915344238,532300,0.0,0.0,0.0
2025-09-23 00:00:00-04:00,13.494081497192383,13.503747965899642,13.474748559777867,13.494081497192383,431000,0.0,0.0,0.0
2025-09-24 00:00:00-04:00,13.474748611450195,13.49408154893885,13.465083064551067,13.474748611450195,396600,0.0,0.0,0.0
2025-09-25 00:00:00-04:00,13.484416093023238,13.484416093023238,13.445751136986964,13.465084075927734,417500,0.0,0.0,0.0
2025-09-26 00:00:00-04:00,13.474748611450195,13.49408154893885,13.45541659580674,13.474748611450195,291900,0.0,0.0,0.0
2025-09-29 00:00:00-04:00,13.503832413608244,13.52322006225586,13.49413812703541,13.52322006225586,284800,0.04,0.0,0.0
2025-09-30 00:00:00-04:00,13.513524055480957,13.542606911497362,13.513524055480957,13.513524055480957,277300,0.0,0.0,0.0
2025-10-01 00:00:00-04:00,13.532914172284574,13.54260845873094,13.484443664550781,13.484443664550781,268500,0.0,0.0,0.0
2025-10-02 00:00:00-04:00,13.503832413608244,13.532914348828694,13.49413812703541,13.52322006225586,201700,0.0,0.0,0.0
2025-10-03 00:00:00-04:00,13.523218340819758,13.532912626158561,13.494136409301289,13.513524055480957,434800,0.0,0.0,0.0
2025-10-06 00:00:00-04:00,13.474749378104415,13.503832237443515,13.474749378104415,13.484443664550781,413100,0.0,0.0,0.0
2025-10-07 00:00:00-04:00,13.48444347766504,13.513525412103045,13.455361543227037,13.49413776397705,315100,0.0,0.0,0.0
2025-10-08 00:00:00-04:00,13.513525412103045,13.523219698415053,13.48444347766504,13.49413776397705,504600,0.0,0.0,0.0
2025-10-09 00:00:00-04:00,13.494137950997148,13.503832237443515,13.484443664550781,13.484443664550781,392100,0.0,0.0,0.0
2025-10-10 00:00:00-04:00,13.49413812703541,13.52322006225586,13.474749553889742,13.52322006225586,443000,0.0,0.0,0.0
2025-10-14 00:00:00-04:00,13.532915115356445,13.552302765102212,13.513526541112576,13.532915115356445,612800,0.0,0.0,0.0
2025-10-15 00:00:00-04:00,13.55230198625759,13.591079132516825,13.55230198625759,13.571690559387207,456400,0.0,0.0,0.0
2025-10-16 00:00:00-04:00,13.581385208516881,13.61046714448962,13.571690921693277,13.600772857666016,364500,0.0,0.0,0.0
2025-10-17 00:00:00-04:00,13.600772857666016,13.61046714448962,13.591079495340486,13.600772857666016,471700,0.0,0.0,0.0
2025-10-20 00:00:00-04:00,13.639548301696777,13.649242587966876,13.620160653654603,13.639548301696777,453700,0.0,0.0,0.0
2025-10-21 00:00:00-04:00,13.649242991691027,13.649242991691027,13.620161056518555,13.620161056518555,554000,0.0,0.0,0.0
2025-10-22 00:00:00-04:00,13.629855155944824,13.63954851787053,13.62016086952108,13.629855155944824,464000,0.0,0.0,0.0
2025-10-23 00:00:00-04:00,13.620160289428826,13.629854575439683,13.600771717407111,13.610466003417969,372200,0.0,0.0,0.0
2025-10-24 00:00:00-04:00,13.63954908046236,13.63954908046236,13.600772857666016,13.600772857666016,410800,0.0,0.0,0.0
2025-10-27 00:00:00-04:00,13.620162182961682,13.668632695256546,13.620162182961682,13.65893840789795,506600,0.0,0.0,0.0
2025-10-28 00:00:00-04:00,13.678324699401855,13.678324699401855,13.658937051108628,13.678324699401855,588700,0.0,0.0,0.0
2025-10-29 00:00:00-04:00,13.658937654109568,13.658937654109568,13.591079495340486,13.600772857666016,600800,0.0,0.0,0.0
2025-10-30 00:00:00-04:00,13.610494862224394,13.620216866782773,13.581329775690644,13.600772857666016,629100,0.04,0.0,0.0
2025-10-31 00:00:00-04:00,13.620215663672752,13.62993766737236,13.600771656273537,13.610493659973145,428700,0.0,0.0,0.0
2025-11-03 00:00:00-05:00,13.600770243351255,13.62021424873052,13.591048240661621,13.591048240661621,486500,0.0,0.0,0.0
2025-11-04 00:00:00-05:00,13.600770243351255,13.610492246040888,13.581327165113194,13.591048240661621,392200,0.0,0.0,0.0
2025-11-05 00:00:00-05:00,13.620216866782773,13.620216866782773,13.591050853107637,13.600772857666016,559700,0.0,0.0,0.0
2025-11-06 00:00:00-05:00,13.620214648441014,13.64937973022461,13.610492645466069,13.64937973022461,421600,0.0,0.0,0.0
2025-11-07 00:00:00-05:00,13.591050853107637,13.620216866782773,13.591050853107637,13.600772857666016,618500,0.0,0.0,0.0
2025-11-10 00:00:00-05:00,13.600771656273537,13.610493659973145,13.591049652573929,13.610493659973145,564400,0.0,0.0,0.0
2025-11-11 00:00:00-05:00,13.610495069871266,13.629939079284668,13.600773065164566,13.629939079284668,302700,0.0,0.0,0.0
2025-11-12 00:00:00-05:00,13.620217323303223,13.639660405930286,13.610495318418984,13.620217323303223,326200,0.0,0.0,0.0
2025-11-13 00:00:00-05:00,13.600772857666016,13.620216866782773,13.581329775690644,13.600772857666016,440900,0.0,0.0,0.0
2025-11-14 00:00:00-05:00,13.591050488984184,13.600772493282095,13.542442321777344,13.542442321777344,3535800,0.0,0.0,0.0
2025-11-17 00:00:00-05:00,13.561884173826755,13.571606177243353,13.542441094134835,13.552162170410156,476900,0.0,0.0,0.0
2025-11-18 00:00:00-05:00,13.54244161591276,13.561884696353804,13.513275604539226,13.532719612121582,635800,0.0,0.0,0.0
2025-11-19 00:00:00-05:00,13.552162692562625,13.552162692562625,13.522997608330403,13.532719612121582,340600,0.0,0.0,0.0
2025-11-20 00:00:00-05:00,13.532719090718237,13.561884173826755,13.522997087301638,13.552162170410156,734800,0.0,0.0,0.0
2025-11-21 00:00:00-05:00,13.571606636047363,13.581328639792625,13.55216262855684,13.571606636047363,446200,0.0,0.0,0.0
2025-11-24 00:00:00-05:00,13.600772857666016,13.600772857666016,13.571607771132266,13.600772857666016,499600,0.0,0.0,0.0
2025-11-25 00:00:00-05:00,13.610494795201665,13.6493818861023,13.610494795201665,13.639659881591797,821300,0.0,0.0,0.0
2025-11-26 00:00:00-05:00,13.639659881591797,13.6591594845822,13.61041140689844,13.639659881591797,688000,0.04,0.0,0.0
2025-11-27 00:00:00-05:00,13.6494098587187,13.66890946196001,13.639660057098045,13.659159660339355,251200,0.0,0.0,0.0
2025-11-28 00:00:00-05:00,13.659159660339355,13.659159660339355,13.62991025547739,13.659159660339355,454100,0.0,0.0,0.0
2025-12-01 00:00:00-05:00,13.590911713229193,13.600661514659343,13.561663238730983,13.571413040161133,789500,0.0,0.0,0.0
2025-12-02 00:00:00-05:00,13.571413040161133,13.581162841591283,13.542164565662922,13.571413040161133,632600,0.0,0.0,0.0
2025-12-03 00:00:00-05:00,13.56166285039582,13.590911324056506,13.56166285039582,13.581162452697754,1280900,0.0,0.0,0.0
2025-12-04 00:00:00-05:00,13.571411366092974,13.571411366092974,13.53241309497515,13.542162895202637,558100,0.0,0.0,0.0
2025-12-05 00:00:00-05:00,13.434918251100123,13.434918251100123,13.395919976212154,13.415419578552246,779800,0.0,0.0,0.0
2025-12-08 00:00:00-05:00,13.376421303664278,13.425169379722293,13.347171900154141,13.415419578552246,1311200,0.0,0.0,0.0
2025-12-09 00:00:00-05:00,13.41541883548379,13.41541883548379,13.3764205627559,13.38616943359375,563000,0.0,0.0,0.0
2025-12-10 00:00:00-05:00,13.376421303664278,13.434918251100123,13.376421303664278,13.415419578552246,528700,0.0,0.0,0.0
2025-12-11 00:00:00-05:00,13.454417051128466,13.454417051128466,13.425168579154684,13.434917449951172,474400,0.0,0.0,0.0
2025-12-12 00:00:00-05:00,13.425168991088867,13.425168991088867,13.405669389313253,13.425168991088867,462600,0.0,0.0,0.0
2025-12-15 00:00:00-05:00,13.464166075050654,13.47391494528479,13.444666474998174,13.454416275024414,698200,0.0,0.0,0.0
2025-12-16 00:00:00-05:00,13.425170809662655,13.473917961120605,13.425170809662655,13.473917961120605,537600,0.0,0.0,0.0
2025-12-17 00:00:00-05:00,13.44466781616211,13.454417617160935,13.434918015163285,13.44466781616211,473400,0.0,0.0,0.0
2025-12-18 00:00:00-05:00,13.44466781616211,13.46416741815976,13.434918015163285,13.44466781616211,423400,0.0,0.0,0.0
2025-12-19 00:00:00-05:00,13.434918251100123,13.444668052270169,13.415419578552246,13.415419578552246,414600,0.0,0.0,0.0
2025-12-22 00:00:00-05:00,13.425168579154684,13.434917449951172,13.415418778566035,13.434917449951172,625900,0.0,0.0,0.0
2025-12-23 00:00:00-05:00,13.444668144826469,13.48366641998291,13.434918343589302,13.48366641998291,667900,0.0,0.0,0.0
2025-12-24 00:00:00-05:00,13.483665078577996,13.503164679112436,13.483665078577996,13.493414878845215,505100,0.0,0.0,0.0
2025-12-29 00:00:00-05:00,13.49341598525165,13.512914657592773,13.483666184184985,13.512914657592773,448700,0.0,0.0,0.0
2025-12-30 00:00:00-05:00,13.483580586280494,13.493358606032668,13.464025479259433,13.47380256652832,349000,0.04,0.0,0.0
2025-12-31 00:00:00-05:00,13.483580586280494,13.483580586280494,13.464025479259433,13.47380256652832,216400,0.0,0.0,0.0
2026-01-02 00:00:00-05:00,13.45424746564197,13.45424746564197,13.415136319098727,13.42491340637207,542900,0.0,0.0,0.0
2026-01-05 00:00:00-05:00,13.454247459507258,13.493358606032668,13.444469439755084,13.47380256652832,466500,0.0,0.0,0.0
2026-01-06 00:00:00-05:00,13.464025479259433,13.47380256652832,13.43469142000291,13.47380256652832,880500,0.0,0.0,0.0
2026-01-07 00:00:00-05:00,13.512914659921554,13.532470700796221,13.49335955153024,13.522692680358887,639000,0.0,0.0,0.0
2026-01-08 00:00:00-05:00,13.493359549204829,13.512914657592773,13.48358152876918,13.512914657592773,439000,0.0,0.0,0.0
2026-01-09 00:00:00-05:00,13.503135671077061,13.532468795776367,13.493357652016218,13.532468795776367,431300,0.0,0.0,0.0
2026-01-12 00:00:00-05:00,13.512914659921554,13.532470700796221,13.503137571967573,13.522692680358887,577000,0.0,0.0,0.0
2026-01-13 00:00:00-05:00,13.512914657592773,13.512914657592773,13.493359549204829,13.512914657592773,955500,0.0,0.0,0.0
2026-01-14 00:00:00-05:00,13.503138508048178,13.552026748657227,13.503138508048178,13.552026748657227,588100,0.0,0.0,0.0
2026-01-15 00:00:00-05:00,13.561802867097468,13.57158088684082,13.542247760094046,13.57158088684082,520600,0.0,0.0,0.0
2026-01-16 00:00:00-05:00,13.57158279088758,13.581360812002758,13.542249660025467,13.552026748657227,392400,0.0,0.0,0.0
2026-01-19 00:00:00-05:00,13.552025813848456,13.552025813848456,13.532470705450416,13.542248725891113,368700,0.0,0.0,0.0
2026-01-20 00:00:00-05:00,13.512914676466927,13.53247071736554,13.503137588500977,13.503137588500977,653800,0.0,0.0,0.0
2026-01-21 00:00:00-05:00,13.503137569640478,13.532470698464069,13.493359549204829,13.512914657592773,722300,0.0,0.0,0.0
2026-01-22 00:00:00-05:00,13.522692685009721,13.552025813848456,13.522692685009721,13.542248725891113,476400,0.0,0.0,0.0
2026-01-23 00:00:00-05:00,13.532470705450416,13.542248725891113,13.512914664569024,13.542248725891113,529400,0.0,0.0,0.0
2026-01-26 00:00:00-05:00,13.571580889861403,13.591135996869177,13.571580889861403,13.581358909606934,322900,0.0,0.0,0.0
2026-01-27 00:00:00-05:00,13.57158185472985,13.57158185472985,13.542248725891113,13.542248725891113,386900,0.0,0.0,0.0
2026-01-28 00:00:00-05:00,13.552026748657227,13.561804769772404,13.532471638910291,13.552026748657227,504300,0.0,0.0,0.0
2026-01-29 00:00:00-05:00,13.551045417785645,13.57065664191856,13.531435128767365,13.551045417785645,1055800,0.039,0.0,0.0
2026-01-30 00:00:00-05:00,13.56085205078125,13.56085205078125,13.541241760286608,13.56085205078125,618700,0.0,0.0,0.0
2026-02-02 00:00:00-05:00,13.560851029852103,13.560851029852103,13.531435128767365,13.551045417785645,671800,0.0,0.0,0.0
2026-02-03 00:00:00-05:00,13.551045417785645,13.551045417785645,13.531435128767365,13.551045417785645,567800,0.0,0.0,0.0
2026-02-04 00:00:00-05:00,13.541240740833821,13.57065664191856,13.531435128767365,13.551045417785645,514100,0.0,0.0,0.0
2026-02-05 00:00:00-05:00,13.570656843537373,13.590267132847002,13.551045619113093,13.580462455749512,450000,0.0,0.0,0.0
2026-02-06 00:00:00-05:00,13.58046238859187,13.58046238859187,13.551045552100923,13.570656776428223,616400,0.0,0.0,0.0
2026-02-09 00:00:00-05:00,13.580461551277677,13.590266227722168,13.560850328159527,13.590266227722168,508700,0.0,0.0,0.0
2026-02-10 00:00:00-05:00,13.590265410751194,13.619682243660046,13.590265410751194,13.60987663269043,874500,0.0,0.0,0.0
2026-02-11 00:00:00-05:00,13.60007209122543,13.639293603073735,13.60007209122543,13.629487991333008,573900,0.0,0.0,0.0
2026-02-12 00:00:00-05:00,13.639293854294461,13.668709754943848,13.629488242373126,13.668709754943848,250500,0.0,0.0,0.0
2026-02-13 00:00:00-05:00,13.668708937242638,13.707930447467016,13.668708937242638,13.68832015991211,578900,0.0,0.0,0.0
2026-02-17 00:00:00-05:00,13.698126792907715,13.727542693991312,13.698126792907715,13.698126792907715,654400,0.0,0.0,0.0
2026-02-18 00:00:00-05:00,13.688321180841637,13.717737081925234,13.688321180841637,13.698126792907715,502000,0.0,0.0,0.0
2026-02-19 00:00:00-05:00,13.707931469859156,13.707931469859156,13.688321180841637,13.698126792907715,499400,0.0,0.0,0.0
2026-02-20 00:00:00-05:00,13.717738151550293,13.717738151550293,13.698127861003682,13.717738151550293,532700,0.0,0.0,0.0
2026-02-23 00:00:00-05:00,13.727542944273699,13.747154168763409,13.717737332028845,13.737348556518555,817000,0.0,0.0,0.0
2026-02-24 00:00:00-05:00,13.737349443749736,13.74715505662789,13.727543830871582,13.727543830871582,654300,0.0,0.0,0.0
2026-02-25 00:00:00-05:00,13.727543830871582,13.74715505662789,13.717738217993428,13.727543830871582,506800,0.0,0.0,0.0
2026-02-26 00:00:00-05:00,13.74622473510092,13.756057739257812,13.736392668670916,13.756057739257812,541600,0.039,0.0,0.0
2026-02-27 00:00:00-05:00,13.765892028808594,13.775725033883646,13.74622601865849,13.765892028808594,608500,0.0,0.0,0.0
2026-03-02 00:00:00-05:00,13.726559929592,13.726559929592,13.687228849931783,13.706893920898438,747400,0.0,0.0,0.0
2026-03-03 00:00:00-05:00,13.62823078645414,13.697060874229784,13.608565716894555,13.67739486694336,1445500,0.0,0.0,0.0
2026-03-04 00:00:00-05:00,13.687227537875275,13.697060541279464,13.667561531066895,13.667561531066895,645500,0.0,0.0,0.0
2026-03-05 00:00:00-05:00,13.618399620056152,13.628231686621948,13.598733611470754,13.618399620056152,544900,0.0,0.0,0.0
2026-03-06 00:00:00-05:00,13.569235137951887,13.579068141955908,13.539737063666703,13.549569129943848,816100,0.0,0.0,0.0
2026-03-09 00:00:00-04:00,13.500405089350668,13.598733254240832,13.490573023043153,13.579068183898926,761900,0.0,0.0,0.0
2026-03-10 00:00:00-04:00,13.579067851816383,13.608565925471291,13.55940184422854,13.569234848022461,608500,0.0,0.0,0.0
2026-03-11 00:00:00-04:00,13.549569702663872,13.549569702663872,13.480740547180176,13.480740547180176,688100,0.0,0.0,0.0
2026-03-12 00:00:00-04:00,13.480741146397197,13.490574151253918,13.431577059840544,13.441410064697266,507100,0.0,0.0,0.0
2026-03-13 00:00:00-04:00,13.500405593453364,13.510238597854917,13.431576438096306,13.451242446899414,783500,0.0,0.0,0.0
2026-03-16 00:00:00-04:00,13.510237693786621,13.529903701273735,13.490572624026358,13.510237693786621,556400,0.0,0.0,0.0
2026-03-17 00:00:00-04:00,13.559402772623447,13.56923577709062,13.539737701416016,13.539737701416016,607900,0.0,0.0,0.0
2026-03-18 00:00:00-04:00,13.53973763597114,13.549569702663872,13.47090754276053,13.480740547180176,765700,0.0,0.0,0.0
2026-03-19 00:00:00-04:00,13.470906616539244,13.520070697530178,13.470906616539244,13.510237693786621,622500,0.0,0.0,0.0
2026-03-20 00:00:00-04:00,13.470908078302578,13.470908078302578,13.382412910461426,13.382412910461426,818500,0.0,0.0,0.0
2026-03-23 00:00:00-04:00,13.402077053626714,13.480739205702328,13.392244050185557,13.411910057067871,843600,0.0,0.0,0.0
2026-03-24 00:00:00-04:00,13.382412910461426,13.421743991976722,13.362747838567254,13.382412910461426,427200,0.0,0.0,0.0
2026-03-25 00:00:00-04:00,13.451241851244697,13.500404995621578,13.451241851244697,13.490572929382324,534800,0.0,0.0,0.0
2026-03-26 00:00:00-04:00,13.451241450289084,13.461073516235263,13.402077369650819,13.42174243927002,554600,0.0,0.0,0.0
2026-03-27 00:00:00-04:00,13.38241261934672,13.411911633136699,13.38241261934672,13.402078628540039,499800,0.0,0.0,0.0
2026-03-30 00:00:00-04:00,13.45926570892334,13.478986696678968,13.449406155393978,13.45926570892334,409100,0.038,0.0,0.0
2026-03-31 00:00:00-04:00,13.488849142765838,13.508569193027048,13.469128152156038,13.478988647460938,522800,0.0,0.0,0.0
2026-04-01 00:00:00-04:00,13.478986696678968,13.498706744086142,13.45926570892334,13.45926570892334,612300,0.0,0.0,0.0
2026-04-02 00:00:00-04:00,13.469127696275944,13.51842923078318,13.449407646682184,13.488848686218262,382600,0.0,0.0,0.0
2026-04-06 00:00:00-04:00,13.478987764203733,13.518428802490234,13.469127269544977,13.518428802490234,598400,0.0,0.0,0.0
2026-04-07 00:00:00-04:00,13.488848644911222,13.498708199503632,13.419826120673038,13.469127655029297,501900,0.0,0.0,0.0
2026-04-08 00:00:00-04:00,13.577590401805365,13.587449955804587,13.528288870415265,13.548008918762207,437800,0.0,0.0,0.0
2026-04-09 00:00:00-04:00,13.518427878709147,13.557868914300448,13.478986843117848,13.538147926330566,597000,0.0,0.0,0.0
2026-04-10 00:00:00-04:00,13.538148851459221,13.538148851459221,13.508568307831478,13.518428802490234,377500,0.0,0.0,0.0
2026-04-13 00:00:00-04:00,13.50856785259464,13.528288841247559,13.488847804290216,13.528288841247559,516500,0.0,0.0,0.0
2026-04-14 00:00:00-04:00,13.51842891428952,13.577590942382812,13.508568419549215,13.577590942382812,675600,0.0,0.0,0.0
2026-04-15 00:00:00-04:00,13.567729408285388,13.567729408285388,13.538147926330566,13.538147926330566,356100,0.0,0.0,0.0
2026-04-16 00:00:00-04:00,13.557870298342047,13.557870298342047,13.498708268741371,13.50856876373291,528000,0.0,0.0,0.0
2026-04-17 00:00:00-04:00,13.567729979014874,13.60717101626527,13.567729979014874,13.58745002746582,716300,0.0,0.0,0.0
2026-04-20 00:00:00-04:00,13.577590970724223,13.597311019897461,13.567730475963337,13.597311019897461,841100,0.0,0.0,0.0
2026-04-21 00:00:00-04:00,13.597310949685198,13.597310949685198,13.538148921773907,13.557869911193848,1071000,0.0,0.0,0.0
2026-04-22 00:00:00-04:00,13.587450454975228,13.587450454975228,13.557869911193848,13.557869911193848,518000,0.0,0.0,0.0
2026-04-23 00:00:00-04:00,13.567730405903818,13.597310949685198,13.518428872702499,13.557869911193848,461200,0.0,0.0,0.0
2026-04-24 00:00:00-04:00,13.55786948461515,13.597310521865545,13.548008990215425,13.58745002746582,487800,0.0,0.0,0.0
2026-04-27 00:00:00-04:00,13.567730405903818,13.577590900613789,13.548009416483877,13.557869911193848,485900,0.0,0.0,0.0
2026-04-28 00:00:00-04:00,13.538148921773907,13.557869911193848,13.518428872702499,13.557869911193848,584600,0.0,0.0,0.0
2026-04-29 00:00:00-04:00,13.536117632325295,13.536117632325295,13.44713006617118,13.457016944885254,519000,0.038,0.0,0.0
2026-04-30 00:00:00-04:00,13.496565818786621,13.526229280562124,13.496565818786621,13.496565818786621,606900,0.0,0.0,0.0
2026-05-01 00:00:00-04:00,13.50645421636996,13.555892378486641,13.50645421636996,13.526229858398438,548600,0.0,0.0,0.0
2026-05-04 00:00:00-04:00,13.536117505319742,13.536117505319742,13.457016818621879,13.466904640197754,578600,0.0,0.0,0.0
2026-05-05 00:00:00-04:00,13.466904766553903,13.496567288605275,13.457016944885254,13.457016944885254,926300,0.0,0.0,0.0
2026-05-06 00:00:00-04:00,13.536116224054302,13.565779685974121,13.536116224054302,13.565779685974121,731600,0.0,0.0,0.0
2026-05-07 00:00:00-04:00,13.595442456509144,13.595442456509144,13.526229596657808,13.546004295349121,805600,0.0,0.0,0.0
2026-05-08 00:00:00-04:00,13.605330341666962,13.615218162536621,13.585554699927643,13.615218162536621,869400,0.0,0.0,0.0
2026-05-11 00:00:00-04:00,13.565780765762913,13.575667644235338,13.536117301481987,13.555892944335938,769600,0.0,0.0,0.0
2026-05-12 00:00:00-04:00,13.506454467773438,13.516342288971725,13.496566646575152,13.506454467773438,490800,0.0,0.0,0.0
2026-05-13 00:00:00-04:00,13.49656747315255,13.516343116760254,13.49656747315255,13.516343116760254,658700,0.0,0.0,0.0
2026-05-14 00:00:00-04:00,13.536116600036621,13.565780062780378,13.526229722076538,13.536116600036621,628500,0.0,0.0,0.0
2026-05-15 00:00:00-04:00,13.466903244523476,13.466903244523476,13.427352905273438,13.427352905273438,502300,0.0,0.0,0.0
2026-05-19 00:00:00-04:00,13.397690386574524,13.427352905273438,13.377914745472271,13.427352905273438,691800,0.0,0.0,0.0
2026-05-20 00:00:00-04:00,13.457016054253279,13.536116736458164,13.447129176193553,13.526229858398438,827100,0.0,0.0,0.0
2026-05-21 00:00:00-04:00,13.516342601582588,13.575667644235338,13.496566958728637,13.555892944335938,669400,0.0,0.0,0.0
2026-05-22 00:00:00-04:00,13.585554248153153,13.585554248153153,13.546003908944222,13.575666427612305,423100,0.0,0.0,0.0
2026-05-25 00:00:00-04:00,13.615218853373431,13.634993553161621,13.615218853373431,13.634993553161621,482400,0.0,0.0,0.0
2026-05-26 00:00:00-04:00,13.644880294799805,13.644880294799805,13.615217775987471,13.644880294799805,917000,0.0,0.0,0.0
2026-05-27 00:00:00-04:00,13.674542813612137,13.674542813612137,13.63499247421087,13.644880294799805,644000,0.0,0.0,0.0
2026-05-28 00:00:00-04:00,13.632982435323433,13.682557106018066,13.613152188822301,13.682557106018066,876400,0.038,0.0,0.0
2026-05-29 00:00:00-04:00,13.702385902404785,13.712301025290252,13.672641479306547,13.702385902404785,676100,0.0,0.0,0.0
2026-06-01 00:00:00-04:00,13.632982662947267,13.692472457885742,13.623067539531153,13.692472457885742,771200,0.0,0.0,0.0
2026-06-02 00:00:00-04:00,13.69247172507748,13.712301025290252,13.672641479306547,13.702385902404785,611000,0.0,0.0,0.0
2026-06-03 00:00:00-04:00,13.682556602192014,13.702385902404785,13.672641479306547,13.702385902404785,925100,0.0,0.0,0.0
2026-06-04 00:00:00-04:00,13.69247172507748,13.722216148175718,13.69247172507748,13.702385902404785,506900,0.0,0.0,0.0
2026-06-05 00:00:00-04:00,13.632982710861747,13.662727135656418,13.613152463959823,13.652812957763672,590500,0.0,0.0,0.0
2026-06-08 00:00:00-04:00,13.672643036434351,13.672643036434351,13.583408811418915,13.603239059448242,891000,0.0,0.0,0.0
2026-06-09 00:00:00-04:00,13.603238326045403,13.64289787440759,13.603238326045403,13.613152503967285,762500,0.0,0.0,0.0
2026-06-10 00:00:00-04:00,13.632982482611038,13.652812729180953,13.613152236041122,13.642897605895996,472800,0.0,0.0,0.0
2026-06-11 00:00:00-04:00,13.65281240708258,13.712301254272461,13.642897284031541,13.712301254272461,685800,0.0,0.0,0.0
2026-06-12 00:00:00-04:00,13.69247195372856,13.712301254272461,13.68255683067752,13.712301254272461,415900,0.0,0.0,0.0
2026-06-15 00:00:00-04:00,13.732131729356508,13.751961030231062,13.70238635970739,13.722216606140137,675200,0.0,0.0,0.0
2026-06-16 00:00:00-04:00,13.722216834626344,13.742046135831073,13.712301711244876,13.732131958007812,753800,0.0,0.0,0.0
2026-06-17 00:00:00-04:00,13.732131271061185,13.751960571273955,13.69247172507748,13.702385902404785,989600,0.0,0.0,0.0
2026-06-18 00:00:00-04:00,13.742046135831073,13.761876382594009,13.722216834626344,13.732131958007812,827900,0.0,0.0,0.0
2026-06-19 00:00:00-04:00,13.732131729356508,13.732131729356508,13.70238635970739,13.722216606140137,108900,0.0,0.0,0.0
2026-06-22 00:00:00-04:00,13.712301530211567,13.722216653462134,13.6726419827675,13.682557106018066,903200,0.0,0.0,0.0
2026-06-23 00:00:00-04:00,13.69247172507748,13.722216148175718,13.69247172507748,13.702385902404785,433400,0.0,0.0,0.0
2026-06-24 00:00:00-04:00,13.751961211435841,13.771791458129883,13.74204608808882,13.771791458129883,338900,0.0,0.0,0.0
2026-06-25 00:00:00-04:00,13.771791000429523,13.771791000429523,13.732131453917715,13.751960754394531,638700,0.0,0.0,0.0
2026-06-26 00:00:00-04:00,13.732131453917715,13.751960754394531,13.722216330900219,13.751960754394531,434100,0.0,0.0,0.0
2026-06-29 00:00:00-04:00,13.760909882724011,13.780795097351074,13.750966801298263,13.780795097351074,661200,0.039,0.0,0.0
2026-06-30 00:00:00-04:00,13.760910034179688,13.770853115714871,13.741023871109318,13.760910034179688,663600,0.0,0.0,0.0
2026-07-02 00:00:00-04:00,13.701253816918243,13.721139981909882,13.671425517655319,13.711196899414062,619400,0.0,0.0,0.0
2026-07-03 00:00:00-04:00,13.711195872411539,13.731082035913655,13.711195872411539,13.721138954162598,293800,0.0,0.0,0.0
2026-07-06 00:00:00-04:00,13.741023944168784,13.750967025756836,13.721138729217133,13.750967025756836,800100,0.0,0.0,0.0
2026-07-07 00:00:00-04:00,13.72113925379377,13.72113925379377,13.681367874145508,13.681367874145508,515400,0.0,0.0,0.0
2026-07-08 00:00:00-04:00,13.631653859576984,13.631653859576984,13.591882478624424,13.621710777282715,668600,0.0,0.0,0.0
2026-07-09 00:00:00-04:00,13.631653559298574,13.661481857299805,13.631653559298574,13.661481857299805,573900,0.0,0.0,0.0
2026-07-10 00:00:00-04:00,13.651538701679304,13.671424865722656,13.631653485860442,13.671424865722656,369700,0.0,0.0,0.0
2026-07-13 00:00:00-04:00,13.641596941871253,13.641596941871253,13.601825560918693,13.621710777282715,613400,0.0,0.0,0.0
2026-07-14 00:00:00-04:00,13.62170989683714,13.631652978488734,13.601824681758409,13.611766815185547,530600,0.0,0.0,0.0
2026-07-15 00:00:00-04:00,13.621710629755253,13.651538928090492,13.621710629755253,13.641596794128418,588100,0.0,0.0,0.0
2026-07-16 00:00:00-04:00,13.621710550714791,13.651538848876953,13.611767468585905,13.651538848876953,569200,0.0,0.0,0.0
2026-07-17 00:00:00-04:00,13.651538193567465,13.661481275219058,13.611766815185547,13.611766815185547,539300,0.0,0.0,0.0
2026-07-20 00:00:00-04:00,13.641596941871253,13.641596941871253,13.601825560918693,13.621710777282715,539200,0.0,0.0,0.0
2026-07-21 00:00:00-04:00,13.631653785705566,13.641596867945953,13.611767621224793,13.631653785705566,643900,0.0,0.0,0.0
2026-07-22 00:00:00-04:00,13.611766967315136,13.611766967315136,13.58193867025144,13.59188175201416,447900,0.0,0.0,0.0
2026-07-23 00:00:00-04:00,13.552110745610184,13.552110745610184,13.532224581538255,13.542167663574219,596400,0.0,0.0,0.0
2026-07-24 00:00:00-04:00,13.571995515309686,13.601824760437012,13.56205338182504,13.601824760437012,802600,0.0,0.0,0.0
2026-07-27 00:00:00-04:00,13.631653711941835,13.641596794128418,13.61176754756867,13.641596794128418,517900,0.0,0.0,0.0
2026-07-28 00:00:00-04:00,13.641596567882118,13.671424865722656,13.631653485860442,13.671424865722656,572300,0.0,0.0,0.0
2026-07-29 00:00:00-04:00,13.621709975630766,13.631653057339875,13.591881678727903,13.601824760437012,454600,0.0,0.0,0.0
2026-07-30 00:00:00-04:00,13.590856875998353,13.620770454406738,13.580885366217053,13.620770454406738,582800,0.039,0.0,0.0
2026-07-31 00:00:00-04:00,13.58088493347168,13.58088493347168,13.540999846552905,13.58088493347168,598400,0.0,0.0,0.0
2026-08-04 00:00:00-04:00,13.620769825986871,13.650683403015137,13.610798316665626,13.650683403015137,609200,0.0,0.0,0.0
2026-08-05 00:00:00-04:00,13.650683403015137,13.660654912336382,13.630741335308116,13.650683403015137,653700,0.0,0.0,0.0
2026-08-06 00:00:00-04:00,13.610798620275885,13.62077012981956,13.580885042580348,13.590856552124023,523700,0.0,0.0,0.0
2026-08-07 00:00:00-04:00,13.580884824202672,13.580884824202672,13.560942756371475,13.570913314819336,473200,0.0,0.0,0.0
2026-08-10 00:00:00-04:00,13.550971551422142,13.550971551422142,13.501114954320869,13.511086463928223,722500,0.0,0.0,0.0
2026-08-11 00:00:00-04:00,13.531028532207435,13.541000041814788,13.511086463928223,13.511086463928223,391400,0.0,0.0,0.0
2026-08-12 00:00:00-04:00,13.541000366210938,13.550971876057174,13.5310288563647,13.541000366210938,579100,0.0,0.0,0.0
2026-08-13 00:00:00-04:00,13.570913533036673,13.600828061667698,13.560942974428489,13.590856552124023,326200,0.0,0.0,0.0
2026-08-14 00:00:00-04:00,13.590856964506605,13.590856964506605,13.5310288563647,13.541000366210938,693200,0.0,0.0,0.0
2026-08-17 00:00:00-04:00,13.531028641332835,13.541000151020608,13.511086572892795,13.521058082580566,474600,0.0,0.0,0.0
2026-08-18 00:00:00-04:00,13.501115169195943,13.541000257324647,13.491143659429888,13.531028747558594,611600,0.0,0.0,0.0
2026-08-19 00:00:00-04:00,13.550971031188965,13.560942540413505,13.531028012739887,13.550971031188965,451800,0.0,0.0,0.0
2026-08-20 00:00:00-04:00,13.501114736069695,13.511086245515855,13.481172668112855,13.491143226623535,487400,0.0,0.0,0.0
2026-08-21 00:00:00-04:00,13.491143120077444,13.491143120077444,13.471201052278097,13.481172561645508,535600,0.0,0.0,0.0
2026-08-24 00:00:00-04:00,13.5310288563647,13.56094338590341,13.5310288563647,13.541000366210938,276300,0.0,0.0,0.0
2026-08-25 00:00:00-04:00,13.57091364190536,13.600828170776367,13.56094308321719,13.600828170776367,316400,0.0,0.0,0.0
2026-08-26 00:00:00-04:00,13.580884824202672,13.580884824202672,13.550971246988139,13.570913314819336,329200,0.0,0.0,0.0
2026-08-27 00:00:00-04:00,13.56094338590341,13.57091394481413,13.5310288563647,13.541000366210938,386100,0.0,0.0,0.0
2026-08-28 00:00:00-04:00,13.539999961853027,13.5600004196167,13.520000457763672,13.529999732971191,281800,0.039,0.0,0.0
2026-08-31 00:00:00-04:00,13.520000457763672,13.529999732971191,13.489999771118164,13.529999732971191,279900,0.0,0.0,0.0
2026-09-01 00:00:00-04:00,13.479999542236328,13.529999732971191,13.479999542236328,13.520000457763672,466900,0.0,0.0,0.0
2026-09-02 00:00:00-04:00,13.520000457763672,13.520000457763672,13.460000038146973,13.470000267028809,212400,0.0,0.0,0.0
2026-09-03 00:00:00-04:00,13.5,13.5,13.470000267028809,13.489999771118164,367000,0.0,0.0,0.0
2026-09-04 00:00:00-04:00,13.5,13.510000228881836,13.489999771118164,13.5,214800,0.0,0.0,0.0
2026-09-08 00:00:00-04:00,13.489999771118164,13.489999771118164,13.460000038146973,13.479999542236328,351600,0.0,0.0,0.0
2026-09-09 00:00:00-04:00,13.460000038146973,13.470000267028809,13.430000305175781,13.4399995803833,293300,0.0,0.0,0.0
2026-09-10 00:00:00-04:00,13.390000343322754,13.390000343322754,13.350000381469727,13.359999656677246,496900,0.0,0.0,0.0
2026-09-11 00:00:00-04:00,13.369999885559082,13.390000343322754,13.350000381469727,13.350000381469727,361320,0.0,0.0,0.0
