Date,Open,High,Low,Close,Volume,Dividends,Stock Splits,Capital Gains
2019-01-02 00:00:00-05:00,11.936693777788667,11.952286720275879,11.905507149266368,11.952286720275879,86600,0.0,0.0,0.0
2019-01-03 00:00:00-05:00,11.952283191076912,12.01465642970431,11.93669025319389,11.999063491821289,58100,0.0,0.0,0.0
2019-01-04 00:00:00-05:00,11.975676505780633,11.983473348798176,11.944489877258334,11.952286720275879,114500,0.0,0.0,0.0
2019-01-07 00:00:00-05:00,11.983469122157821,11.983469122157821,11.944485664367676,11.944485664367676,214500,0.0,0.0,0.0
2019-01-08 00:00:00-05:00,11.944493107803812,11.960086798056418,11.936697006225586,11.936697006225586,65900,0.0,0.0,0.0
2019-01-09 00:00:00-05:00,11.936689929798536,11.952282867259106,11.921096248790331,11.928893089294434,103400,0.0,0.0,0.0
2019-01-10 00:00:00-05:00,11.944486026755003,11.960079707763208,11.928893089294434,11.928893089294434,101200,0.0,0.0,0.0
2019-01-11 00:00:00-05:00,11.960086798056418,11.960086798056418,11.936697006225586,11.936697006225586,40200,0.0,0.0,0.0
2019-01-14 00:00:00-05:00,11.967876185170331,11.967876185170331,11.944485664367676,11.944485664367676,75100,0.0,0.0,0.0
2019-01-15 00:00:00-05:00,11.944486026755003,11.944486026755003,11.928893089294434,11.928893089294434,76300,0.0,0.0,0.0
2019-01-16 00:00:00-05:00,11.921096248790331,11.928893089294434,11.905503311329761,11.928893089294434,54900,0.0,0.0,0.0
2019-01-17 00:00:00-05:00,11.936695258098307,11.936695258098307,11.91330472614494,11.921101570129395,66900,0.0,0.0,0.0
2019-01-18 00:00:00-05:00,11.921099264046017,11.928896106522208,11.897709480165265,11.913302421569824,149000,0.0,0.0,0.0
2019-01-21 00:00:00-05:00,11.92110331597298,11.936697006225586,11.913306470846678,11.936697006225586,99700,0.0,0.0,0.0
2019-01-22 00:00:00-05:00,11.952284658329859,11.97567443979953,11.952284658329859,11.967878341674805,108800,0.0,0.0,0.0
2019-01-23 00:00:00-05:00,11.960081500002332,11.97567443979953,11.952284658329859,11.967878341674805,47400,0.0,0.0,0.0
2019-01-24 00:00:00-05:00,11.983471870422363,11.99906555453369,11.983471870422363,11.983471870422363,66200,0.0,0.0,0.0
2019-01-25 00:00:00-05:00,11.983471870422363,11.983471870422363,11.960082087803157,11.983471870422363,206900,0.0,0.0,0.0
2019-01-28 00:00:00-05:00,11.991268712478027,11.991268712478027,11.9756750283667,11.983471870422363,68700,0.0,0.0,0.0
2019-01-29 00:00:00-05:00,11.983472905745943,11.99910727919058,11.975655719023624,11.991290092468262,110100,0.04,0.0,0.0
2019-01-30 00:00:00-05:00,11.999102469064571,12.014736090754141,11.975650918298728,12.006918907165527,93400,0.0,0.0,0.0
2019-01-31 00:00:00-05:00,12.053825378417969,12.069459005444902,12.046008192160546,12.053825378417969,115500,0.0,0.0,0.0
2019-02-01 00:00:00-05:00,12.061639489309316,12.061639489309316,12.014737129211426,12.014737129211426,110500,0.0,0.0,0.0
2019-02-04 00:00:00-05:00,12.030374526977539,12.030374526977539,12.006922968279651,12.030374526977539,97900,0.0,0.0,0.0
2019-02-05 00:00:00-05:00,12.038189888000488,12.053824259063479,12.030373447956837,12.038189888000488,116800,0.0,0.0,0.0
2019-02-06 00:00:00-05:00,12.061642564675392,12.069459005444902,12.046008192160546,12.053825378417969,86200,0.0,0.0,0.0
2019-02-07 00:00:00-05:00,12.07727631189476,12.08509349822998,12.069459125559542,12.08509349822998,66000,0.0,0.0,0.0
2019-02-08 00:00:00-05:00,12.092910684565199,12.092910684565199,12.069459125559542,12.08509349822998,338900,0.0,0.0,0.0
2019-02-11 00:00:00-05:00,12.061641693115234,12.0772753190125,12.053824507422673,12.061641693115234,118900,0.0,0.0,0.0
2019-02-12 00:00:00-05:00,12.061642520745774,12.069458961486816,12.053825334516823,12.069458961486816,157900,0.0,0.0,0.0
2019-02-13 00:00:00-05:00,12.061642564675392,12.061642564675392,12.046008192160546,12.053825378417969,102500,0.0,0.0,0.0
2019-02-14 00:00:00-05:00,12.100728161792626,12.108545348797355,12.092911720275879,12.092911720275879,44000,0.0,0.0,0.0
2019-02-15 00:00:00-05:00,12.092907865109916,12.116358673160107,12.077273496084622,12.108541488647461,121200,0.0,0.0,0.0
2019-02-19 00:00:00-05:00,12.124175857672755,12.124175857672755,12.100724304134815,12.108541488647461,171900,0.0,0.0,0.0
2019-02-20 00:00:00-05:00,12.116358673160107,12.116358673160107,12.100724304134815,12.108541488647461,183100,0.0,0.0,0.0
2019-02-21 00:00:00-05:00,12.092911593538316,12.100728034973145,12.077277219692709,12.100728034973145,187000,0.0,0.0,0.0
2019-02-22 00:00:00-05:00,12.108545221895948,12.116362408818752,12.100728034973145,12.100728034973145,85900,0.0,0.0,0.0
2019-02-25 00:00:00-05:00,12.108549196924521,12.116366386413574,12.10073200743547,12.116366386413574,86500,0.0,0.0,0.0
2019-02-26 00:00:00-05:00,12.139871597290039,12.147709008288285,12.132034186291792,12.139871597290039,83300,0.04,0.0,0.0
2019-02-27 00:00:00-05:00,12.124199030014601,12.124199030014601,12.100686794096774,12.116361618041992,160500,0.0,0.0,0.0
2019-02-28 00:00:00-05:00,12.12419735229316,12.12419735229316,12.085011045269379,12.100685119628906,134100,0.0,0.0,0.0
2019-03-01 00:00:00-05:00,12.092848456157462,12.108522530516991,12.077173634381294,12.100685119628906,125300,0.0,0.0,0.0
2019-03-04 00:00:00-05:00,12.100687629707075,12.124199867248535,12.08501355209623,12.124199867248535,203500,0.0,0.0,0.0
2019-03-05 00:00:00-05:00,12.11636308435542,12.132037162780762,12.108525671434334,12.132037162780762,83000,0.0,0.0,0.0
2019-03-06 00:00:00-05:00,12.155547540877995,12.186896440346892,12.155547540877995,12.179059028625488,54500,0.0,0.0,0.0
2019-03-07 00:00:00-05:00,12.194730097305024,12.226078987121582,12.186892687996762,12.226078987121582,68200,0.0,0.0,0.0
2019-03-08 00:00:00-05:00,12.218243829378599,12.218243829378599,12.1868949337851,12.202569007873535,270500,0.0,0.0,0.0
2019-03-11 00:00:00-04:00,12.218241577813322,12.226078987121582,12.218241577813322,12.226078987121582,85100,0.0,0.0,0.0
2019-03-12 00:00:00-04:00,12.241759182535057,12.257434008993263,12.233921769305953,12.24959659576416,95200,0.0,0.0,0.0
2019-03-13 00:00:00-04:00,12.257429352363653,12.257429352363653,12.233917121608702,12.241754531860352,124000,0.0,0.0,0.0
2019-03-14 00:00:00-04:00,12.249596831459513,12.249596831459513,12.226085338736683,12.233922004699707,84900,0.0,0.0,0.0
2019-03-15 00:00:00-04:00,12.257430592990413,12.273104667663574,12.257430592990413,12.273104667663574,91700,0.0,0.0,0.0
2019-03-18 00:00:00-04:00,12.273105505290314,12.28878032844992,12.273105505290314,12.280942916870117,116900,0.0,0.0,0.0
2019-03-19 00:00:00-04:00,12.273105505290314,12.28878032844992,12.26526809371051,12.280942916870117,102000,0.0,0.0,0.0
2019-03-20 00:00:00-04:00,12.28094118223522,12.320127487182617,12.27310377176242,12.320127487182617,103500,0.0,0.0,0.0
2019-03-21 00:00:00-04:00,12.335801560711616,12.335801560711616,12.304452666237019,12.320127487182617,117200,0.0,0.0,0.0
2019-03-22 00:00:00-04:00,12.367152818409966,12.390665054321289,12.367152818409966,12.390665054321289,154200,0.0,0.0,0.0
2019-03-25 00:00:00-04:00,12.406342269566636,12.43769117796272,12.398504855613382,12.422017097473145,120100,0.0,0.0,0.0
2019-03-26 00:00:00-04:00,12.406342269566636,12.422017097473145,12.390668189077061,12.422017097473145,355600,0.0,0.0,0.0
2019-03-27 00:00:00-04:00,12.453440583455613,12.453440583455613,12.429868863606352,12.44558334350586,125100,0.04,0.0,0.0
2019-03-28 00:00:00-04:00,12.437729879160763,12.437729879160763,12.414158901463924,12.422016143798828,123700,0.0,0.0,0.0
2019-03-29 00:00:00-04:00,12.382728494914772,12.382728494914772,12.35915677207231,12.374871253967285,102700,0.0,0.0,0.0
2019-04-01 00:00:00-04:00,12.374871924088739,12.374871924088739,12.3198727330935,12.327729225158691,267200,0.0,0.0,0.0
2019-04-02 00:00:00-04:00,12.343448638916016,12.351305883427832,12.3355913944042,12.343448638916016,104400,0.0,0.0,0.0
2019-04-03 00:00:00-04:00,12.3198727330935,12.327729225158691,12.3198727330935,12.327729225158691,76100,0.0,0.0,0.0
2019-04-04 00:00:00-04:00,12.327734149892386,12.343448638916016,12.31987765468865,12.343448638916016,76700,0.0,0.0,0.0
2019-04-05 00:00:00-04:00,12.343448638916016,12.351305883427832,12.3355913944042,12.343448638916016,113900,0.0,0.0,0.0
2019-04-08 00:00:00-04:00,12.343439925303047,12.343439925303047,12.30415447978485,12.31201171875,122800,0.0,0.0,0.0
2019-04-09 00:00:00-04:00,12.319869828772813,12.327726318985894,12.304155349731445,12.304155349731445,63500,0.0,0.0,0.0
2019-04-10 00:00:00-04:00,12.3198727330935,12.335586466531662,12.31201549172053,12.327729225158691,47000,0.0,0.0,0.0
2019-04-11 00:00:00-04:00,12.335583558506576,12.335583558506576,12.304155349731445,12.304155349731445,214400,0.0,0.0,0.0
2019-04-12 00:00:00-04:00,12.280585206357683,12.280585206357683,12.264870726259504,12.272727966308594,198400,0.0,0.0,0.0
2019-04-15 00:00:00-04:00,12.27272705794356,12.296298027038574,12.257013328316086,12.296298027038574,116700,0.0,0.0,0.0
2019-04-16 00:00:00-04:00,12.280585206357683,12.280585206357683,12.264870726259504,12.272727966308594,103400,0.0,0.0,0.0
2019-04-17 00:00:00-04:00,12.249159770288491,12.264873504638672,12.241302528459489,12.264873504638672,134700,0.0,0.0,0.0
2019-04-18 00:00:00-04:00,12.27272705794356,12.304155266506111,12.27272705794356,12.296298027038574,140600,0.0,0.0,0.0
2019-04-22 00:00:00-04:00,12.29629893714821,12.29629893714821,12.272727966308594,12.272727966308594,133200,0.0,0.0,0.0
2019-04-23 00:00:00-04:00,12.296298110210763,12.304155349731445,12.288441619997682,12.304155349731445,174800,0.0,0.0,0.0
2019-04-24 00:00:00-04:00,12.335587619501442,12.37487308073041,12.335587619501442,12.367015838623047,90000,0.0,0.0,0.0
2019-04-25 00:00:00-04:00,12.367017666547524,12.367017666547524,12.351303929318055,12.359160423278809,134800,0.0,0.0,0.0
2019-04-26 00:00:00-04:00,12.382793351826269,12.382793351826269,12.367038801494045,12.374916076660156,113800,0.04,0.0,0.0
2019-04-29 00:00:00-04:00,12.351276397705078,12.359152916165606,12.343399128026768,12.351276397705078,127600,0.0,0.0,0.0
2019-04-30 00:00:00-04:00,12.34340479711325,12.367035865783691,12.34340479711325,12.367035865783691,95600,0.0,0.0,0.0
2019-05-01 00:00:00-04:00,12.374913292097128,12.398544361059772,12.367036018703535,12.382790565490723,76900,0.0,0.0,0.0
2019-05-02 00:00:00-04:00,12.367034776262756,12.367034776262756,12.311895370483398,12.311895370483398,267300,0.0,0.0,0.0
2019-05-03 00:00:00-04:00,12.327648240683393,12.335525512695312,12.31977171988948,12.335525512695312,94900,0.0,0.0,0.0
2019-05-06 00:00:00-04:00,12.351276397705078,12.359152916165606,12.351276397705078,12.351276397705078,144800,0.0,0.0,0.0
2019-05-07 00:00:00-04:00,12.374914194511865,12.398545265197754,12.367036920543839,12.398545265197754,128600,0.0,0.0,0.0
2019-05-08 00:00:00-04:00,12.398544361059772,12.406421634453364,12.367036018703535,12.382790565490723,125200,0.0,0.0,0.0
2019-05-09 00:00:00-04:00,12.390667991229726,12.414299813133809,12.390667991229726,12.398545265197754,89100,0.0,0.0,0.0
2019-05-10 00:00:00-04:00,12.382793351826269,12.398547150940185,12.367038801494045,12.374916076660156,104800,0.0,0.0,0.0
2019-05-13 00:00:00-04:00,12.40641990913909,12.422174453735352,12.39854263684096,12.422174453735352,50100,0.0,0.0,0.0
2019-05-14 00:00:00-04:00,12.41429511766829,12.41429511766829,12.390663304702484,12.406417846679688,115700,0.0,0.0,0.0
2019-05-15 00:00:00-04:00,12.430049896240234,12.445804439469448,12.422173375843595,12.430049896240234,72200,0.0,0.0,0.0
2019-05-16 00:00:00-04:00,12.422173375843595,12.430049896240234,12.414296104228988,12.430049896240234,76600,0.0,0.0,0.0
2019-05-17 00:00:00-04:00,12.453681711084055,12.453681711084055,12.414296104228988,12.430049896240234,115500,0.0,0.0,0.0
2019-05-21 00:00:00-04:00,12.398547150940185,12.398547150940185,12.367038801494045,12.374916076660156,182300,0.0,0.0,0.0
2019-05-22 00:00:00-04:00,12.374911261337484,12.390665054321289,12.367033989236575,12.390665054321289,57700,0.0,0.0,0.0
2019-05-23 00:00:00-04:00,12.41429823951992,12.469437647870354,12.41429823951992,12.453683853149414,164800,0.0,0.0,0.0
2019-05-24 00:00:00-04:00,12.469431957614912,12.477309226989746,12.453678170083,12.477309226989746,67800,0.0,0.0,0.0
2019-05-27 00:00:00-04:00,12.485189392712407,12.500943183898926,12.485189392712407,12.500943183898926,70600,0.0,0.0,0.0
2019-05-28 00:00:00-04:00,12.516694068908691,12.516694068908691,12.50093953110774,12.516694068908691,68900,0.0,0.0,0.0
2019-05-29 00:00:00-04:00,12.51669979095459,12.540390493943356,12.51669979095459,12.51669979095459,574000,0.04,0.0,0.0
2019-05-30 00:00:00-04:00,12.508799805893895,12.524593353271484,12.493005505402609,12.524593353271484,114100,0.0,0.0,0.0
2019-05-31 00:00:00-04:00,12.564075469970703,12.571972618405233,12.556178321536173,12.564075469970703,198000,0.0,0.0,0.0
2019-06-03 00:00:00-04:00,12.595665459164282,12.619356155395508,12.579871912714685,12.619356155395508,78100,0.0,0.0,0.0
2019-06-04 00:00:00-04:00,12.603559494018555,12.611456641848427,12.587765198358808,12.603559494018555,88200,0.0,0.0,0.0
2019-06-05 00:00:00-04:00,12.619356155395508,12.627253305177133,12.611459758727536,12.619356155395508,82400,0.0,0.0,0.0
2019-06-06 00:00:00-04:00,12.627250184394704,12.627250184394704,12.603559494018555,12.603559494018555,116800,0.0,0.0,0.0
2019-06-07 00:00:00-04:00,12.627253305177133,12.627253305177133,12.603562608945909,12.619356155395508,74300,0.0,0.0,0.0
2019-06-10 00:00:00-04:00,12.595665704623023,12.595665704623023,12.579872157865648,12.5877685546875,90100,0.0,0.0,0.0
2019-06-11 00:00:00-04:00,12.571976661682129,12.579873812656464,12.564079510707794,12.571976661682129,93500,0.0,0.0,0.0
2019-06-12 00:00:00-04:00,12.571976186462248,12.595666885375977,12.571976186462248,12.595666885375977,98800,0.0,0.0,0.0
2019-06-13 00:00:00-04:00,12.603565916145214,12.635153770446777,12.603565916145214,12.635153770446777,71300,0.0,0.0,0.0
2019-06-14 00:00:00-04:00,12.635157077656233,12.650951385498047,12.635157077656233,12.650951385498047,66900,0.0,0.0,0.0
2019-06-17 00:00:00-04:00,12.658842086791992,12.658842086791992,12.63515063710558,12.658842086791992,76500,0.0,0.0,0.0
2019-06-18 00:00:00-04:00,12.690430188191533,12.690430188191533,12.65094594180514,12.674635887145996,214400,0.0,0.0,0.0
2019-06-19 00:00:00-04:00,12.658840462717443,12.690427552019507,12.650943313835143,12.682530403137207,111400,0.0,0.0,0.0
2019-06-20 00:00:00-04:00,12.698329700514533,12.698329700514533,12.682535396531364,12.69043254852295,146000,0.0,0.0,0.0
2019-06-21 00:00:00-04:00,12.674634153347087,12.674634153347087,12.65884136068934,12.666738510131836,73700,0.0,0.0,0.0
2019-06-24 00:00:00-04:00,12.682530403137207,12.690427552019507,12.674633254254905,12.682530403137207,79700,0.0,0.0,0.0
2019-06-25 00:00:00-04:00,12.69043254852295,12.698329700514533,12.682535396531364,12.69043254852295,171300,0.0,0.0,0.0
2019-06-26 00:00:00-04:00,12.69043041243515,12.69043041243515,12.642930030822754,12.642930030822754,108500,0.04,0.0,0.0
2019-06-27 00:00:00-04:00,12.64292916558126,12.674595832824707,12.64292916558126,12.674595832824707,224700,0.0,0.0,0.0
2019-06-28 00:00:00-04:00,12.666676813824234,12.698344230651855,12.658759959617328,12.698344230651855,50400,0.0,0.0,0.0
2019-07-02 00:00:00-04:00,12.68251569108947,12.69043254852295,12.666681976222515,12.69043254852295,138700,0.0,0.0,0.0
2019-07-03 00:00:00-04:00,12.698348742296746,12.714180946350098,12.69043188527703,12.714180946350098,92600,0.0,0.0,0.0
2019-07-04 00:00:00-04:00,12.706265449523926,12.714182307391134,12.706265449523926,12.706265449523926,103400,0.0,0.0,0.0
2019-07-05 00:00:00-04:00,12.650848307852826,12.650848307852826,12.611265530526111,12.619181632995605,190900,0.0,0.0,0.0
2019-07-08 00:00:00-04:00,12.619182239019091,12.63501595470464,12.611266136169434,12.611266136169434,78700,0.0,0.0,0.0
2019-07-09 00:00:00-04:00,12.619181632995605,12.635015347920756,12.611265530526111,12.619181632995605,60600,0.0,0.0,0.0
2019-07-10 00:00:00-04:00,12.611265530526111,12.627098490458181,12.595431815600959,12.619181632995605,116800,0.0,0.0,0.0
2019-07-11 00:00:00-04:00,12.6112616276596,12.62709458269177,12.57959496260241,12.58751106262207,98400,0.0,0.0,0.0
2019-07-12 00:00:00-04:00,12.579601225927444,12.595434188842773,12.571684366973166,12.595434188842773,90400,0.0,0.0,0.0
2019-07-15 00:00:00-04:00,12.60334927832666,12.619182239019091,12.595432420483883,12.611266136169434,236900,0.0,0.0,0.0
2019-07-16 00:00:00-04:00,12.57959986636614,12.603349685668945,12.57168300826749,12.603349685668945,112200,0.0,0.0,0.0
2019-07-17 00:00:00-04:00,12.627101018996933,12.658767700195312,12.61918415994903,12.658767700195312,115400,0.0,0.0,0.0
2019-07-18 00:00:00-04:00,12.658762121706534,12.682512688383795,12.650845266147446,12.674595832824707,47500,0.0,0.0,0.0
2019-07-19 00:00:00-04:00,12.69834639950197,12.69834639950197,12.66667897726562,12.674595832824707,80500,0.0,0.0,0.0
2019-07-22 00:00:00-04:00,12.722093283287027,12.722093283287027,12.69042737644495,12.698344230651855,80700,0.0,0.0,0.0
2019-07-23 00:00:00-04:00,12.714181610837224,12.714181610837224,12.69043254852295,12.69043254852295,76800,0.0,0.0,0.0
2019-07-24 00:00:00-04:00,12.714180540083843,12.722097396850586,12.714180540083843,12.722097396850586,67800,0.0,0.0,0.0
2019-07-25 00:00:00-04:00,12.714180946350098,12.714180946350098,12.70626408933038,12.714180946350098,104100,0.0,0.0,0.0
2019-07-26 00:00:00-04:00,12.722099165258342,12.722099165258342,12.69835010164296,12.706265449523926,139200,0.0,0.0,0.0
2019-07-29 00:00:00-04:00,12.714200336646854,12.714200336646854,12.690390428447813,12.69832706451416,189800,0.04,0.0,0.0
2019-07-30 00:00:00-04:00,12.690393608269869,12.698330246324893,12.66658445098426,12.682456970214844,82600,0.0,0.0,0.0
2019-07-31 00:00:00-04:00,12.682453792381466,12.714200336646854,12.674517913194393,12.69832706451416,89500,0.0,0.0,0.0
2019-08-01 00:00:00-04:00,12.706264103990724,12.777692317097069,12.698327467672398,12.75388240814209,110300,0.0,0.0,0.0
2019-08-02 00:00:00-04:00,12.785630467026188,12.809438865041098,12.785630467026188,12.801502227783203,53000,0.0,0.0,0.0
2019-08-06 00:00:00-04:00,12.825312847918852,12.896741073426229,12.825312847918852,12.88880443572998,120400,0.0,0.0,0.0
2019-08-07 00:00:00-04:00,12.976108329254478,12.991981607573798,12.904680090576667,12.912616729736328,96700,0.0,0.0,0.0
2019-08-08 00:00:00-04:00,12.89673980046506,12.9126130742908,12.84912149274655,12.90467643737793,114000,0.0,0.0,0.0
2019-08-09 00:00:00-04:00,12.912614669875634,12.9284879456628,12.872931480407715,12.872931480407715,78000,0.0,0.0,0.0
2019-08-12 00:00:00-04:00,12.896737421217958,12.944355720151634,12.896737421217958,12.928483963012695,106200,0.0,0.0,0.0
2019-08-13 00:00:00-04:00,12.936425133456174,12.936425133456174,12.872933533938024,12.912616729736328,113000,0.0,0.0,0.0
2019-08-14 00:00:00-04:00,12.99197801025233,12.99197801025233,12.968168099366023,12.976104736328125,210600,0.0,0.0,0.0
2019-08-15 00:00:00-04:00,12.976109719667383,13.03960132598877,12.976109719667383,13.03960132598877,103700,0.0,0.0,0.0
2019-08-16 00:00:00-04:00,12.99991512298584,13.007851761162579,12.968170084037832,12.99991512298584,101000,0.0,0.0,0.0
2019-08-19 00:00:00-04:00,12.936422821456507,12.960232734680178,12.920551059732926,12.960232734680176,115900,0.0,0.0,0.0
2019-08-20 00:00:00-04:00,12.976106010162624,12.99197928564507,12.952296096938953,12.960232734680176,121700,0.0,0.0,0.0
2019-08-21 00:00:00-04:00,12.92054971120367,12.928486348116538,12.89673980046506,12.90467643737793,192500,0.0,0.0,0.0
2019-08-22 00:00:00-04:00,12.872933473516639,12.872933473516639,12.841188430786133,12.841188430786133,134600,0.0,0.0,0.0
2019-08-23 00:00:00-04:00,12.841180748021248,12.92848221237692,12.833244113647257,12.92054557800293,79900,0.0,0.0,0.0
2019-08-26 00:00:00-04:00,12.91261418858664,12.920550826184401,12.880867638195587,12.896740913391113,71600,0.0,0.0,0.0
2019-08-27 00:00:00-04:00,12.92054979135213,12.976104736328125,12.92054979135213,12.976104736328125,58600,0.0,0.0,0.0
2019-08-28 00:00:00-04:00,12.992017343273389,12.992017343273389,12.968149036902933,12.984061241149902,129200,0.04,0.0,0.0
2019-08-29 00:00:00-04:00,13.00792969625294,13.00792969625294,12.952238498223089,12.968149185180664,155200,0.0,0.0,0.0
2019-08-30 00:00:00-04:00,12.96019458770752,12.976105274649466,12.928370178880957,12.96019458770752,69700,0.0,0.0,0.0
2019-09-03 00:00:00-04:00,12.968147681361962,12.9920159852375,12.944280894957583,12.976103782653809,111200,0.0,0.0,0.0
2019-09-04 00:00:00-04:00,12.976103782653809,12.984059883945655,12.960193097541275,12.976103782653809,107200,0.0,0.0,0.0
2019-09-05 00:00:00-04:00,12.896542273596678,12.896542273596678,12.848807190769909,12.86471939086914,170100,0.0,0.0,0.0
2019-09-06 00:00:00-04:00,12.856767252098125,12.864723354599084,12.832898944595252,12.848811149597168,167000,0.0,0.0,0.0
2019-09-09 00:00:00-04:00,12.816986230501087,12.824942331744062,12.793117926772162,12.801074028015137,116900,0.0,0.0,0.0
2019-09-10 00:00:00-04:00,12.793119460442199,12.793119460442199,12.729472160339355,12.729472160339355,219700,0.0,0.0,0.0
2019-09-11 00:00:00-04:00,12.729469848921047,12.753338151177354,12.721513748168945,12.721513748168945,200200,0.0,0.0,0.0
2019-09-12 00:00:00-04:00,12.745385412146227,12.745385412146227,12.673782003962257,12.689693450927734,124800,0.0,0.0,0.0
2019-09-13 00:00:00-04:00,12.673775408251807,12.681730748226549,12.649907112121582,12.649907112121582,160200,0.0,0.0,0.0
2019-09-16 00:00:00-04:00,12.673775742005873,12.70559937894889,12.66581964308628,12.697643280029297,75200,0.0,0.0,0.0
2019-09-17 00:00:00-04:00,12.705604612484706,12.729472160339355,12.689692408091162,12.729472160339355,103000,0.0,0.0,0.0
2019-09-18 00:00:00-04:00,12.737427966242732,12.777206958829934,12.737427966242732,12.761296272277832,94900,0.0,0.0,0.0
2019-09-19 00:00:00-04:00,12.78516061403888,12.78516061403888,12.76924841306073,12.777204513549805,127200,0.0,0.0,0.0
2019-09-20 00:00:00-04:00,12.777206528938613,12.816987037658691,12.777206528938613,12.816987037658691,64200,0.0,0.0,0.0
2019-09-23 00:00:00-04:00,12.848809389100982,12.856765490511824,12.832897186279297,12.832897186279297,132700,0.0,0.0,0.0
2019-09-24 00:00:00-04:00,12.848810315719863,12.89654541015625,12.84085421373525,12.89654541015625,101200,0.0,0.0,0.0
2019-09-25 00:00:00-04:00,12.89654749489476,12.89654749489476,12.80107729058914,12.809033393859863,168600,0.0,0.0,0.0
2019-09-26 00:00:00-04:00,12.83295726776123,12.840933185019864,12.824981350502599,12.83295726776123,111300,0.04,0.0,0.0
2019-09-27 00:00:00-04:00,12.824981350502599,12.840933185019864,12.817005433243965,12.83295726776123,65700,0.0,0.0,0.0
2019-09-30 00:00:00-04:00,12.824981011973136,12.840932846069336,12.809029177876937,12.840932846069336,163400,0.0,0.0,0.0
2019-10-01 00:00:00-04:00,12.809029515985333,12.864859415545094,12.8010535987267,12.83295726776123,120700,0.0,0.0,0.0
2019-10-02 00:00:00-04:00,12.88081169128418,12.88878760881602,12.856885459939376,12.88081169128418,91800,0.0,0.0,0.0
2019-10-03 00:00:00-04:00,12.88878994850824,12.936643941135467,12.88878994850824,12.928668022155762,172100,0.0,0.0,0.0
2019-10-04 00:00:00-04:00,12.944617885642643,12.952593803405762,12.928666050116405,12.952593803405762,154400,0.0,0.0,0.0
2019-10-07 00:00:00-04:00,12.936645010554182,12.936645010554182,12.896766933610104,12.912718772888184,167000,0.0,0.0,0.0
2019-10-08 00:00:00-04:00,12.93664248463317,12.93664248463317,12.896764415475413,12.904740333557129,179000,0.0,0.0,0.0
2019-10-09 00:00:00-04:00,12.896763866202141,12.896763866202141,12.856885798742791,12.872836112976074,81000,0.0,0.0,0.0
2019-10-10 00:00:00-04:00,12.83295744180403,12.83295744180403,12.785103458853898,12.793079376220703,219200,0.0,0.0,0.0
2019-10-11 00:00:00-04:00,12.745222623000917,12.745222623000917,12.697368644740427,12.737247467041016,288400,0.0,0.0,0.0
2019-10-15 00:00:00-04:00,12.745222600000302,12.75319851657108,12.689392705255393,12.697368621826172,157400,0.0,0.0,0.0
2019-10-16 00:00:00-04:00,12.705344538396949,12.705344538396949,12.689392705255393,12.697368621826172,106300,0.0,0.0,0.0
2019-10-17 00:00:00-04:00,12.689392705255393,12.705344538396949,12.681416788684615,12.697368621826172,87900,0.0,0.0,0.0
2019-10-18 00:00:00-04:00,12.705351904381022,12.72130298614502,12.697375983186168,12.72130298614502,73800,0.0,0.0,0.0
2019-10-21 00:00:00-04:00,12.705347481672327,12.713322639465332,12.689395644835423,12.713322639465332,154400,0.0,0.0,0.0
2019-10-22 00:00:00-04:00,12.753198539586089,12.753198539586089,12.721295633870671,12.737247467041016,90600,0.0,0.0,0.0
2019-10-23 00:00:00-04:00,12.761178698519787,12.761178698519787,12.745226860046387,12.745226860046387,104200,0.0,0.0,0.0
2019-10-24 00:00:00-04:00,12.745222006832511,12.761173839231663,12.721295018859017,12.729270935058594,145600,0.0,0.0,0.0
2019-10-25 00:00:00-04:00,12.745225552513691,12.745225552513691,12.705347481672327,12.713322639465332,140600,0.0,0.0,0.0
2019-10-28 00:00:00-04:00,12.665466287406142,12.665466287406142,12.625587463378906,12.625587463378906,209500,0.0,0.0,0.0
2019-10-29 00:00:00-04:00,12.649571418762207,12.657567538350385,12.633579942137786,12.649571418762207,89800,0.04,0.0,0.0
2019-10-30 00:00:00-04:00,12.657570235578387,12.761517524719238,12.657570235578387,12.761517524719238,114100,0.0,0.0,0.0
2019-10-31 00:00:00-04:00,12.801493644714355,12.81748588264644,12.793497525748313,12.801493644714355,97200,0.0,0.0,0.0
2019-11-01 00:00:00-04:00,12.785506248474121,12.793502370468183,12.761518645044099,12.785506248474121,152800,0.0,0.0,0.0
2019-11-04 00:00:00-05:00,12.729531802714385,12.737527922750546,12.713539562642062,12.721535682678223,173000,0.0,0.0,0.0
2019-11-05 00:00:00-05:00,12.681558879417983,12.681558879417983,12.657571276121862,12.665567398071289,173000,0.0,0.0,0.0
2019-11-06 00:00:00-05:00,12.713539562642062,12.721535682678223,12.681555845049392,12.721535682678223,99700,0.0,0.0,0.0
2019-11-07 00:00:00-05:00,12.665568788061707,12.673564910888672,12.641581182133052,12.673564910888672,168600,0.0,0.0,0.0
2019-11-08 00:00:00-05:00,12.681557063002678,12.713540783667108,12.681557063002678,12.705545425415039,200200,0.0,0.0,0.0
2019-11-11 00:00:00-05:00,12.681557063002678,12.721536904471227,12.681557063002678,12.705545425415039,114700,0.0,0.0,0.0
2019-11-12 00:00:00-05:00,12.673560829177513,12.689552307128906,12.657568588674122,12.689552307128906,150700,0.0,0.0,0.0
2019-11-13 00:00:00-05:00,12.745526067545672,12.745526067545672,12.713542342958503,12.737530708312988,113100,0.0,0.0,0.0
2019-11-14 00:00:00-05:00,12.753517693469973,12.801493644714355,12.753517693469973,12.801493644714355,162900,0.0,0.0,0.0
2019-11-15 00:00:00-05:00,12.801500756169608,12.809496879577637,12.785508509353553,12.809496879577637,95100,0.0,0.0,0.0
2019-11-18 00:00:00-05:00,12.809496879577637,12.833483724697121,12.801500756169608,12.809496879577637,133000,0.0,0.0,0.0
2019-11-19 00:00:00-05:00,12.825486160001159,12.857469121131368,12.817490038442545,12.849472999572754,90900,0.0,0.0,0.0
2019-11-20 00:00:00-05:00,12.873462160417564,12.881458282470703,12.857469916311285,12.881458282470703,74500,0.0,0.0,0.0
2019-11-21 00:00:00-05:00,12.849475424520277,12.849475424520277,12.825488580421894,12.841479301452637,120300,0.0,0.0,0.0
2019-11-22 00:00:00-05:00,12.825486160001159,12.849472999572754,12.825486160001159,12.849472999572754,108300,0.0,0.0,0.0
2019-11-25 00:00:00-05:00,12.84147687801414,12.849472999572754,12.84147687801414,12.849472999572754,76900,0.0,0.0,0.0
2019-11-26 00:00:00-05:00,12.873462160417564,12.881458282470703,12.873462160417564,12.881458282470703,150800,0.0,0.0,0.0
2019-11-27 00:00:00-05:00,12.86542397266406,12.86542397266406,12.841377428572923,12.857409477233887,95400,0.04,0.0,0.0
2019-11-28 00:00:00-05:00,12.857412519885147,12.873443043439355,12.849396493657707,12.865427017211914,57600,0.0,0.0,0.0
2019-11-29 00:00:00-05:00,12.857408316830172,12.881454858751065,12.841376269616127,12.873438835144043,65400,0.0,0.0,0.0
2019-12-02 00:00:00-05:00,12.841378997335823,12.841378997335823,12.801299635237285,12.825346946716309,172600,0.0,0.0,0.0
2019-12-03 00:00:00-05:00,12.857409830370482,12.889472399672718,12.841377781269188,12.88145637512207,152700,0.0,0.0,0.0
2019-12-04 00:00:00-05:00,12.857410879009768,12.857410879009768,12.801299467029015,12.809314727783203,169900,0.0,0.0,0.0
2019-12-05 00:00:00-05:00,12.761217508253155,12.769233531826137,12.745185461107194,12.753201484680176,108200,0.0,0.0,0.0
2019-12-06 00:00:00-05:00,12.761223767729229,12.777255058288574,12.753207740224326,12.777255058288574,79000,0.0,0.0,0.0
2019-12-09 00:00:00-05:00,12.785264814522014,12.793280838094995,12.753201484680176,12.753201484680176,128300,0.0,0.0,0.0
2019-12-10 00:00:00-05:00,12.761217508253155,12.761217508253155,12.737170201984299,12.753201484680176,104100,0.0,0.0,0.0
2019-12-11 00:00:00-05:00,12.745191343840487,12.76923942565918,12.737176081018026,12.76923942565918,276700,0.0,0.0,0.0
2019-12-12 00:00:00-05:00,12.769236269685555,12.769236269685555,12.697093570960739,12.705109596252441,175900,0.0,0.0,0.0
2019-12-13 00:00:00-05:00,12.729160422160078,12.785271085793477,12.70511310409583,12.777255058288574,103500,0.0,0.0,0.0
2019-12-16 00:00:00-05:00,12.753200140906902,12.761216163635254,12.7371688599002,12.761216163635254,95200,0.0,0.0,0.0
2019-12-17 00:00:00-05:00,12.761216163635254,12.761216163635254,12.74518411817855,12.761216163635254,87400,0.0,0.0,0.0
2019-12-18 00:00:00-05:00,12.753205321637738,12.753205321637738,12.705110694630166,12.737174034118652,203500,0.0,0.0,0.0
2019-12-19 00:00:00-05:00,12.72916005374513,12.76923942565918,12.721144026472231,12.76923942565918,62500,0.0,0.0,0.0
2019-12-20 00:00:00-05:00,12.78526741662016,12.809314727783203,12.777251391415733,12.809314727783203,83200,0.0,0.0,0.0
2019-12-23 00:00:00-05:00,12.825345842879289,12.825345842879289,12.785266484230254,12.793282508850098,89000,0.0,0.0,0.0
2019-12-24 00:00:00-05:00,12.801301002502441,12.809316264218033,12.793284976336517,12.801301002502441,34700,0.0,0.0,0.0
2019-12-27 00:00:00-05:00,12.825412293304247,12.825412293304247,12.809339980255324,12.817376136779785,124900,0.04,0.0,0.0
2019-12-30 00:00:00-05:00,12.769153868924127,12.777189254760742,12.753081564511588,12.777189254760742,123500,0.0,0.0,0.0
2019-12-31 00:00:00-05:00,12.769156029973825,12.769156029973825,12.720939874945767,12.745047569274902,124300,0.0,0.0,0.0
2020-01-02 00:00:00-05:00,12.769153868924127,12.80129771137955,12.761117716717857,12.777189254760742,103400,0.0,0.0,0.0
2020-01-03 00:00:00-05:00,12.825403459946003,12.857547297535058,12.809331157966705,12.84951114654541,104800,0.0,0.0,0.0
2020-01-06 00:00:00-05:00,12.897735402914195,12.897735402914195,12.809339980255324,12.817376136779785,268100,0.0,0.0,0.0
2020-01-07 00:00:00-05:00,12.825409926049167,12.83344608109035,12.801302227295539,12.809337615966797,150400,0.0,0.0,0.0
2020-01-08 00:00:00-05:00,12.809333097216166,12.817369249422436,12.761117716717857,12.777189254760742,203200,0.0,0.0,0.0
2020-01-09 00:00:00-05:00,12.761116734359847,12.801296725928463,12.761116734359847,12.79326057434082,117800,0.0,0.0,0.0
2020-01-10 00:00:00-05:00,12.785232277052007,12.817376136779785,12.785232277052007,12.817376136779785,119800,0.0,0.0,0.0
2020-01-13 00:00:00-05:00,12.809337615966797,12.809337615966797,12.785229917213169,12.809337615966797,232000,0.0,0.0,0.0
2020-01-14 00:00:00-05:00,12.817370874972795,12.83344318142369,12.817370874972795,12.825407028198242,132700,0.0,0.0,0.0
2020-01-15 00:00:00-05:00,12.849512070339333,12.865584373474121,12.833440533574139,12.865584373474121,116900,0.0,0.0,0.0
2020-01-16 00:00:00-05:00,12.84951114654541,12.84951114654541,12.83343961093565,12.84951114654541,178500,0.0,0.0,0.0
2020-01-17 00:00:00-05:00,12.833445820293303,12.849517363679146,12.825409665415426,12.84148120880127,119000,0.0,0.0,0.0
2020-01-20 00:00:00-05:00,12.83343961093565,12.84951114654541,12.83343961093565,12.84951114654541,134100,0.0,0.0,0.0
2020-01-21 00:00:00-05:00,12.85755340932603,12.905768805443858,12.85755340932603,12.889698028564453,199600,0.0,0.0,0.0
2020-01-22 00:00:00-05:00,12.881658053076675,12.945945739746094,12.87362190065058,12.945945739746094,169900,0.0,0.0,0.0
2020-01-23 00:00:00-05:00,12.97005413291883,12.986126439590933,12.96201797958278,12.978090286254883,101800,0.0,0.0,0.0
2020-01-24 00:00:00-05:00,13.00220017609843,13.026307106018066,12.994164021878653,13.026307106018066,196900,0.0,0.0,0.0
2020-01-27 00:00:00-05:00,13.074525879173304,13.0986328125,13.058453568462234,13.0986328125,176200,0.0,0.0,0.0
2020-01-28 00:00:00-05:00,13.082560150262948,13.082560150262948,13.034343225074362,13.042379379272461,176300,0.0,0.0,0.0
2020-01-29 00:00:00-05:00,13.050434054314026,13.074600540269966,13.050434054314026,13.066544532775879,227300,0.04,0.0,0.0
2020-01-30 00:00:00-05:00,13.090712555258138,13.090712555258138,13.066544532775879,13.066544532775879,104800,0.0,0.0,0.0
2020-01-31 00:00:00-05:00,13.090718269348145,13.106830291369205,13.082662258337615,13.090718269348145,148600,0.0,0.0,0.0
2020-02-03 00:00:00-05:00,13.082658755665573,13.106826782226562,13.0504362567775,13.106826782226562,185100,0.0,0.0,0.0
2020-02-04 00:00:00-05:00,13.066544532775879,13.074600540269966,13.050434054314026,13.066544532775879,83400,0.0,0.0,0.0
2020-02-05 00:00:00-05:00,13.034319242765152,13.034319242765152,13.01015122546823,13.026263236999512,219200,0.0,0.0,0.0
2020-02-06 00:00:00-05:00,13.03432209748876,13.050434112548828,13.03432209748876,13.050434112548828,95000,0.0,0.0,0.0
2020-02-07 00:00:00-05:00,13.082662258337615,13.098774280358676,13.066550236316555,13.090718269348145,210000,0.0,0.0,0.0
2020-02-10 00:00:00-05:00,13.106824234204215,13.130990719540558,13.106824234204215,13.122936248779297,178100,0.0,0.0,0.0
2020-02-11 00:00:00-05:00,13.098773018802087,13.106829029036733,13.074604988098145,13.074604988098145,412500,0.0,0.0,0.0
2020-02-12 00:00:00-05:00,13.074603154995307,13.074603154995307,13.018212627785758,13.034324645996094,197500,0.0,0.0,0.0
2020-02-13 00:00:00-05:00,13.034324645996094,13.05043666420643,13.034324645996094,13.034324645996094,124900,0.0,0.0,0.0
2020-02-14 00:00:00-05:00,13.066548977863498,13.082660998332791,13.05849296762885,13.074604988098145,136400,0.0,0.0,0.0
2020-02-18 00:00:00-05:00,13.090714764519236,13.114882791080225,13.090714764519236,13.106826782226562,182000,0.0,0.0,0.0
2020-02-19 00:00:00-05:00,13.082662258337615,13.090718269348145,13.074606247327084,13.090718269348145,109800,0.0,0.0,0.0
2020-02-20 00:00:00-05:00,13.106827351993662,13.13904985228248,13.106827351993662,13.130993843078613,158200,0.0,0.0,0.0
2020-02-21 00:00:00-05:00,13.163222616297753,13.195445128180907,13.163222616297753,13.17933464050293,103100,0.0,0.0,0.0
2020-02-24 00:00:00-05:00,13.259883625101063,13.259883625101063,13.219605125608794,13.2276611328125,155500,0.0,0.0,0.0
2020-02-25 00:00:00-05:00,13.211553265497674,13.235721294695113,13.195441246032715,13.195441246032715,192500,0.0,0.0,0.0
2020-02-26 00:00:00-05:00,13.138912169377146,13.195440738295517,13.122760709603904,13.15506362915039,146300,0.04,0.0,0.0
2020-02-27 00:00:00-05:00,13.187366535727499,13.21159372819328,13.155065152727952,13.163139343261719,98000,0.0,0.0,0.0
2020-02-28 00:00:00-05:00,13.219667927955383,13.227742117554023,13.146987899263769,13.15506362915039,288700,0.0,0.0,0.0
2020-03-02 00:00:00-05:00,13.146989405226162,13.24389509439002,13.146989405226162,13.171215057373047,342500,0.0,0.0,0.0
2020-03-03 00:00:00-05:00,13.243894065310114,13.340801287232225,13.203516954677257,13.316574096679688,320900,0.0,0.0,0.0
2020-03-04 00:00:00-05:00,13.316574096679688,13.389254128049261,13.308498366495508,13.316574096679688,124400,0.0,0.0,0.0
2020-03-05 00:00:00-05:00,13.373099284997041,13.405402197562836,13.356949369001791,13.397326469421387,238400,0.0,0.0,0.0
2020-03-06 00:00:00-05:00,13.542686504509016,13.566912148662022,13.478082219621584,13.51845932006836,179600,0.0,0.0,0.0
2020-03-09 00:00:00-04:00,13.550759303201007,13.849553478603047,13.373096402952674,13.55883502960205,336600,0.0,0.0,0.0
2020-03-10 00:00:00-04:00,13.510387870680555,13.663823673489414,13.46193502674181,13.470010757446289,179100,0.0,0.0,0.0
2020-03-11 00:00:00-04:00,13.48616183771976,13.57499179238233,13.260046005249023,13.260046005249023,181900,0.0,0.0,0.0
2020-03-12 00:00:00-04:00,13.155058883819379,13.260040253900314,12.274823897298297,12.727054595947266,807300,0.0,0.0,0.0
2020-03-13 00:00:00-04:00,12.541323968960594,12.945102079240005,12.541323968960594,12.872421264648438,456200,0.0,0.0,0.0
2020-03-16 00:00:00-04:00,12.492865579953513,12.759358444665432,12.33942982745646,12.355581283569336,304800,0.0,0.0,0.0
2020-03-17 00:00:00-04:00,12.274828818634271,12.678606087471872,12.274828818634271,12.541321754455566,119400,0.0,0.0,0.0
2020-03-18 00:00:00-04:00,12.274826409214796,12.49286646125726,11.305761308250657,11.32191276550293,633300,0.0,0.0,0.0
2020-03-19 00:00:00-04:00,11.36228800102538,12.274824391924694,11.354213043870184,12.23444652557373,648600,0.0,0.0,0.0
2020-03-20 00:00:00-04:00,12.210218697885365,12.694751497621501,12.19406801530411,12.299049377441406,317000,0.0,0.0,0.0
2020-03-23 00:00:00-04:00,12.274827712134906,12.678604944574502,12.274827712134906,12.307129859924316,315000,0.0,0.0,0.0
2020-03-24 00:00:00-04:00,12.323280830773356,12.38788512379324,12.202147203753135,12.371733665466309,119700,0.0,0.0,0.0
2020-03-25 00:00:00-04:00,12.26675626485847,12.63823147918709,12.26675626485847,12.630156517028809,479200,0.0,0.0,0.0
2020-03-26 00:00:00-04:00,12.363657713706772,12.64630128043791,12.323279841275507,12.51709270477295,168100,0.0,0.0,0.0
2020-03-27 00:00:00-04:00,12.45232157957543,12.792372033056752,12.436128333154183,12.614250183105469,157700,0.04,0.0,0.0
2020-03-30 00:00:00-04:00,12.679023672247764,12.751891748638988,12.622348844893086,12.670927047729492,715400,0.0,0.0,0.0
2020-03-31 00:00:00-04:00,12.646638313501173,12.792374470515009,12.6304458361311,12.7761812210083,133700,0.0,0.0,0.0
2020-04-01 00:00:00-04:00,12.768084997675533,12.889531276903163,12.500901793528842,12.670927047729492,228400,0.0,0.0,0.0
2020-04-02 00:00:00-04:00,12.719502082065414,12.90571975547378,12.6061516903366,12.865238189697266,316500,0.0,0.0,0.0
2020-04-03 00:00:00-04:00,12.79237290992209,12.946204900786062,12.743793939464943,12.857144355773926,146200,0.0,0.0,0.0
2020-04-06 00:00:00-04:00,12.84094916766634,12.913817226271672,12.816660072176703,12.832853317260742,94500,0.0,0.0,0.0
2020-04-07 00:00:00-04:00,12.759986948773241,12.81666176980137,12.71140797922304,12.768083572387695,104700,0.0,0.0,0.0
2020-04-08 00:00:00-04:00,12.751891308170133,12.800470281465165,12.72760220759091,12.792373657226562,180700,0.0,0.0,0.0
2020-04-09 00:00:00-04:00,12.768083983376068,12.913819352444651,12.751890735625919,12.897626876831055,168600,0.0,0.0,0.0
2020-04-13 00:00:00-04:00,12.889529366531002,12.954300808804103,12.88143274321274,12.94620418548584,340000,0.0,0.0,0.0
2020-04-14 00:00:00-04:00,12.94620249619077,12.970492362976074,12.921913401541861,12.970492362976074,282200,0.0,0.0,0.0
2020-04-15 00:00:00-04:00,12.962402203156927,13.237681320207056,12.962402203156927,13.229584693908691,435600,0.0,0.0,0.0
2020-04-16 00:00:00-04:00,13.3186432294633,13.359124808142314,13.237678527832031,13.237678527832031,127000,0.0,0.0,0.0
2020-04-17 00:00:00-04:00,13.342928527535943,13.342928527535943,13.245772143070303,13.261963844299316,247200,0.0,0.0,0.0
2020-04-20 00:00:00-04:00,13.253874572803785,13.286259533723678,13.221488067610327,13.229584693908691,235000,0.0,0.0,0.0
2020-04-21 00:00:00-04:00,13.197189633050888,13.286250920321397,13.189094556274082,13.270057678222656,213300,0.0,0.0,0.0
2020-04-22 00:00:00-04:00,13.245775152422482,13.286256731101497,13.22148527865113,13.237678527832031,186600,0.0,0.0,0.0
2020-04-23 00:00:00-04:00,13.20529114885144,13.261965972931893,13.20529114885144,13.245774269104004,306600,0.0,0.0,0.0
2020-04-24 00:00:00-04:00,13.27006537681687,13.278162002563477,13.24577704385051,13.278162002563477,54000,0.0,0.0,0.0
2020-04-27 00:00:00-04:00,13.253868765821254,13.27815708980122,13.245772143070303,13.261963844299316,42500,0.0,0.0,0.0
2020-04-28 00:00:00-04:00,13.286315836519664,13.302547176987892,13.278199392258824,13.29443073272705,107000,0.04,0.0,0.0
2020-04-29 00:00:00-04:00,13.294433192764092,13.326898975815011,13.286318295055104,13.31066608428955,118200,0.0,0.0,0.0
2020-04-30 00:00:00-04:00,13.326898920128599,13.383712492176569,13.326898920128599,13.375596046447754,225000,0.0,0.0,0.0
2020-05-01 00:00:00-04:00,13.391820049773157,13.432400703430176,13.375587169089268,13.432400703430176,159800,0.0,0.0,0.0
2020-05-04 00:00:00-04:00,13.432406346670177,13.440522790422014,13.38370923221252,13.391825675964355,164400,0.0,0.0,0.0
2020-05-05 00:00:00-04:00,13.375594295188007,13.408060073852539,13.367477850521874,13.408060073852539,46600,0.0,0.0,0.0
2020-05-06 00:00:00-04:00,13.391823683772973,13.391823683772973,13.343126576559584,13.351243019104004,65000,0.0,0.0,0.0
2020-05-07 00:00:00-04:00,13.375593066309976,13.408058841991727,13.343128838681615,13.399942398071289,50000,0.0,0.0,0.0
2020-05-08 00:00:00-04:00,13.383712768554688,13.399945660347532,13.367479876761843,13.383712768554688,77800,0.0,0.0,0.0
2020-05-11 00:00:00-04:00,13.391823683772973,13.399940126317393,13.343126576559584,13.351243019104004,146800,0.0,0.0,0.0
2020-05-12 00:00:00-04:00,13.335014138792282,13.367478370666504,13.335014138792282,13.367478370666504,146900,0.0,0.0,0.0
2020-05-13 00:00:00-04:00,13.375599803622665,13.38371625163137,13.3350191116333,13.3350191116333,85700,0.0,0.0,0.0
2020-05-14 00:00:00-04:00,13.367478370666504,13.383711260630411,13.343130583774235,13.367478370666504,86900,0.0,0.0,0.0
2020-05-15 00:00:00-04:00,13.399942119716192,13.399942119716192,13.359359900957013,13.391825675964355,105500,0.0,0.0,0.0
2020-05-19 00:00:00-04:00,13.335013666999542,13.35124655638913,13.32689722230475,13.343130111694336,80000,0.0,0.0,0.0
2020-05-20 00:00:00-04:00,13.335012117754863,13.391825675964355,13.335012117754863,13.391825675964355,57400,0.0,0.0,0.0
2020-05-21 00:00:00-04:00,13.39182921445111,13.416178552140376,13.383712768554688,13.383712768554688,60400,0.0,0.0,0.0
2020-05-22 00:00:00-04:00,13.391828689427847,13.440525814843456,13.391828689427847,13.424294471740723,110300,0.0,0.0,0.0
2020-05-25 00:00:00-04:00,13.456758499145508,13.464874944598963,13.440525608238598,13.456758499145508,47200,0.0,0.0,0.0
2020-05-26 00:00:00-04:00,13.42429276022399,13.440524101257324,13.42429276022399,13.440524101257324,88700,0.0,0.0,0.0
2020-05-27 00:00:00-04:00,13.424251908329964,13.448660197721004,13.424251908329964,13.440524101257324,102400,0.04,0.0,0.0
2020-05-28 00:00:00-04:00,13.44866175596425,13.44866175596425,13.407981268932362,13.424253463745117,127600,0.0,0.0,0.0
2020-05-29 00:00:00-04:00,13.416115811866284,13.440524101257324,13.407979715402604,13.440524101257324,37500,0.0,0.0,0.0
2020-06-01 00:00:00-04:00,13.424250656062132,13.44865894317627,13.399842368947994,13.44865894317627,191000,0.0,0.0,0.0
2020-06-02 00:00:00-04:00,13.432388004793644,13.456796294184684,13.416115811866284,13.440524101257324,94300,0.0,0.0,0.0
2020-06-03 00:00:00-04:00,13.448661404854102,13.448661404854102,13.391708724496347,13.407980918884277,218300,0.0,0.0,0.0
2020-06-04 00:00:00-04:00,13.416115713053978,13.416115713053978,13.359164590029401,13.375436782836914,89800,0.0,0.0,0.0
2020-06-05 00:00:00-04:00,13.334759061039543,13.342895159127426,13.302216220490047,13.32662296295166,129400,0.0,0.0,0.0
2020-06-08 00:00:00-04:00,13.3510303916975,13.399845425258192,13.3510303916975,13.391709327697754,178300,0.0,0.0,0.0
2020-06-09 00:00:00-04:00,13.440522847471556,13.46492958278411,13.432386751766844,13.44865894317627,187600,0.0,0.0,0.0
2020-06-10 00:00:00-04:00,13.464931587449204,13.513748168945314,13.464931587449204,13.513748168945312,105400,0.0,0.0,0.0
2020-06-11 00:00:00-04:00,13.530022326463632,13.546294524523653,13.513751680205829,13.52188777923584,74000,0.0,0.0,0.0
2020-06-12 00:00:00-04:00,13.513748815610935,13.538155555725098,13.505612718305585,13.538155555725098,145100,0.0,0.0,0.0
2020-06-15 00:00:00-04:00,13.570699085113578,13.603241920471191,13.562562988323727,13.603241920471191,87800,0.0,0.0,0.0
2020-06-16 00:00:00-04:00,13.562562340888489,13.586970630092866,13.546290148085571,13.578834533691406,132900,0.0,0.0,0.0
2020-06-17 00:00:00-04:00,13.595102366472192,13.619510650634766,13.586967823552731,13.619510650634766,58500,0.0,0.0,0.0
2020-06-18 00:00:00-04:00,13.61951607031543,13.63578826623242,13.611379972356936,13.627652168273926,43500,0.0,0.0,0.0
2020-06-19 00:00:00-04:00,13.611379972356936,13.63578826623242,13.595107776439948,13.627652168273926,91700,0.0,0.0,0.0
2020-06-22 00:00:00-04:00,13.652059857058333,13.660195954656217,13.627651564264681,13.64392375946045,61700,0.0,0.0,0.0
2020-06-23 00:00:00-04:00,13.635787963867188,13.635787963867188,13.611379670532942,13.635787963867188,62300,0.0,0.0,0.0
2020-06-24 00:00:00-04:00,13.652058501210298,13.652058501210298,13.58697127869328,13.603241920471191,144400,0.0,0.0,0.0
2020-06-25 00:00:00-04:00,13.61951607031543,13.63578826623242,13.611379972356936,13.627652168273926,31900,0.0,0.0,0.0
2020-06-26 00:00:00-04:00,13.61949458730731,13.635804176330566,13.595027870497887,13.635804176330566,28000,0.04,0.0,0.0
2020-06-29 00:00:00-04:00,13.619493184287316,13.652113914489746,13.61133761285766,13.652113914489746,81400,0.0,0.0,0.0
2020-06-30 00:00:00-04:00,13.68474052270622,13.68474052270622,13.65211822668343,13.668429374694824,77800,0.0,0.0,0.0
2020-07-02 00:00:00-04:00,13.627647200200775,13.660269485919404,13.619493184287316,13.652113914489746,99200,0.0,0.0,0.0
2020-07-03 00:00:00-04:00,13.69289680332147,13.69289680332147,13.660274505615234,13.660274505615234,97500,0.0,0.0,0.0
2020-07-06 00:00:00-04:00,13.660272144066804,13.676583290100098,13.652116571050156,13.676583290100098,136500,0.0,0.0,0.0
2020-07-07 00:00:00-04:00,13.684739509078819,13.70920467376709,13.668428362275588,13.70920467376709,70600,0.0,0.0,0.0
2020-07-08 00:00:00-04:00,13.692901090358673,13.70105511182136,13.635812051499059,13.643967628479004,289700,0.0,0.0,0.0
2020-07-09 00:00:00-04:00,13.660269485919404,13.684736200208373,13.643958343060088,13.652113914489746,115800,0.0,0.0,0.0
2020-07-10 00:00:00-04:00,13.660274505615234,13.676585654468353,13.652118931188676,13.660274505615234,64600,0.0,0.0,0.0
2020-07-13 00:00:00-04:00,13.64396099803351,13.676583290100098,13.635805425016862,13.676583290100098,112300,0.0,0.0,0.0
2020-07-14 00:00:00-04:00,13.684736502974866,13.692892074584961,13.676580931364773,13.692892074584961,38800,0.0,0.0,0.0
2020-07-15 00:00:00-04:00,13.692892074584961,13.709201662288915,13.692892074584961,13.692892074584961,78800,0.0,0.0,0.0
2020-07-16 00:00:00-04:00,13.725518017090637,13.749984741210938,13.725518017090637,13.749984741210938,78100,0.0,0.0,0.0
2020-07-17 00:00:00-04:00,13.749984741210938,13.758140315917705,13.741829166504171,13.749984741210938,85800,0.0,0.0,0.0
2020-07-20 00:00:00-04:00,13.774447293741053,13.774447293741053,13.758137702941895,13.758137702941895,107800,0.0,0.0,0.0
2020-07-21 00:00:00-04:00,13.77444197180225,13.78259754180908,13.766286401795421,13.782597541809082,71500,0.0,0.0,0.0
2020-07-22 00:00:00-04:00,13.790758337638993,13.790758337638993,13.766291618347168,13.766291618347168,119600,0.0,0.0,0.0
2020-07-23 00:00:00-04:00,13.766291618347168,13.766291618347168,13.741826454571859,13.766291618347168,107300,0.0,0.0,0.0
2020-07-24 00:00:00-04:00,13.74997681729769,13.790753111815912,13.74997681729769,13.782597541809082,73000,0.0,0.0,0.0
2020-07-27 00:00:00-04:00,13.782602764541718,13.798913910736267,13.766291618347168,13.766291618347168,79200,0.0,0.0,0.0
2020-07-28 00:00:00-04:00,13.78259950183249,13.815221786499023,13.774443930665855,13.815221786499023,45300,0.0,0.0,0.0
2020-07-29 00:00:00-04:00,13.8152265361768,13.823401413723229,13.798876781083942,13.807051658630371,71200,0.04,0.0,0.0
2020-07-30 00:00:00-04:00,13.81521801926878,13.831567764282227,13.798868274255334,13.831567764282227,34300,0.0,0.0,0.0
2020-07-31 00:00:00-04:00,13.839754138493603,13.856103897094727,13.831579259193044,13.856103897094727,52200,0.0,0.0,0.0
2020-08-04 00:00:00-04:00,13.856096027462627,13.896968841552734,13.847921152805021,13.896968841552734,128400,0.0,0.0,0.0
2020-08-05 00:00:00-04:00,13.872445085435135,13.872445085435135,13.83974714395706,13.864270210266113,178900,0.0,0.0,0.0
2020-08-06 00:00:00-04:00,13.872448006229341,13.896972636899978,13.872448006229341,13.888797760009766,37300,0.0,0.0,0.0
2020-08-07 00:00:00-04:00,13.880622844396704,13.905147474998925,13.856099772992817,13.872447967529297,95400,0.0,0.0,0.0
2020-08-10 00:00:00-04:00,13.880618355482609,13.880618355482609,13.847920417785645,13.847920417785645,58600,0.0,0.0,0.0
2020-08-11 00:00:00-04:00,13.798875124490973,13.798875124490973,13.749827424299173,13.7661771774292,128200,0.0,0.0,0.0
2020-08-12 00:00:00-04:00,13.717125914437672,13.733474104123244,13.692601291112506,13.725300788879395,140600,0.0,0.0,0.0
2020-08-13 00:00:00-04:00,13.71713058495047,13.71713058495047,13.676256198824637,13.684431076049805,85400,0.0,0.0,0.0
2020-08-14 00:00:00-04:00,13.69260595327497,13.700780830500136,13.676256198824637,13.684431076049805,137200,0.0,0.0,0.0
2020-08-17 00:00:00-04:00,13.708958643058137,13.733481720786063,13.684434006131475,13.717133522033691,79100,0.0,0.0,0.0
2020-08-18 00:00:00-04:00,13.733475726784869,13.749825477600098,13.708952659760081,13.749825477600098,173200,0.0,0.0,0.0
2020-08-19 00:00:00-04:00,13.749823853006689,13.757998727448411,13.725300788879395,13.725300788879395,107500,0.0,0.0,0.0
2020-08-20 00:00:00-04:00,13.741652488708496,13.749827365238396,13.733477612178598,13.741652488708496,77100,0.0,0.0,0.0
2020-08-21 00:00:00-04:00,13.725302410575312,13.749825477600098,13.708952659760081,13.749825477600098,97500,0.0,0.0,0.0
2020-08-24 00:00:00-04:00,13.741650602192484,13.758000353007713,13.741650602192484,13.749825477600098,109600,0.0,0.0,0.0
2020-08-25 00:00:00-04:00,13.70077802819445,13.708952903747559,13.676253401535126,13.708952903747559,256700,0.0,0.0,0.0
2020-08-26 00:00:00-04:00,13.69260595327497,13.700780830500136,13.668081321599471,13.684431076049805,124000,0.0,0.0,0.0
2020-08-27 00:00:00-04:00,13.717207385332008,13.717207385332008,13.64345883248617,13.651653289794922,139200,0.04,0.0,0.0
2020-08-28 00:00:00-04:00,13.64345883248617,13.659847747103672,13.64345883248617,13.651653289794922,86200,0.0,0.0,0.0
2020-08-31 00:00:00-04:00,13.643464984354534,13.67624282836914,13.618883164277205,13.67624282836914,130900,0.0,0.0,0.0
2020-09-01 00:00:00-04:00,13.668040321449793,13.741788864135742,13.659845865269942,13.741788864135742,136300,0.0,0.0,0.0
2020-09-02 00:00:00-04:00,13.749984821079703,13.790955543518066,13.741790364005457,13.790955543518066,94400,0.0,0.0,0.0
2020-09-03 00:00:00-04:00,13.807344945883496,13.815539403247493,13.782761573791504,13.782761573791504,174600,0.0,0.0,0.0
2020-09-04 00:00:00-04:00,13.758182575532631,13.758182575532631,13.717210280341694,13.725404739379883,184200,0.0,0.0,0.0
2020-09-08 00:00:00-04:00,13.766371604741098,13.774566061477508,13.741789797464678,13.7581787109375,126400,0.0,0.0,0.0
2020-09-09 00:00:00-04:00,13.766377821196851,13.766377821196851,13.733601542383305,13.749990463256836,75400,0.0,0.0,0.0
2020-09-10 00:00:00-04:00,13.741791823437827,13.766373634338379,13.725402907548764,13.766373634338379,124400,0.0,0.0,0.0
2020-09-11 00:00:00-04:00,13.774566629369572,13.790955543518066,13.766372172295323,13.790955543518066,48700,0.0,0.0,0.0
2020-09-14 00:00:00-04:00,13.799150000592315,13.799150000592315,13.782761086443818,13.790955543518066,95600,0.0,0.0,0.0
2020-09-15 00:00:00-04:00,13.774566629369572,13.790955543518066,13.766372172295323,13.790955543518066,70100,0.0,0.0,0.0
2020-09-16 00:00:00-04:00,13.799149431686738,13.799149431686738,13.741789797464678,13.7581787109375,70900,0.0,0.0,0.0
2020-09-17 00:00:00-04:00,13.774567116427505,13.782761573791504,13.749985307268446,13.782761573791504,121200,0.0,0.0,0.0
2020-09-18 00:00:00-04:00,13.782761107477379,13.782761107477379,13.766372193303871,13.774566650390625,55600,0.0,0.0,0.0
2020-09-21 00:00:00-04:00,13.7909560311555,13.7909560311555,13.766372659063508,13.782761573791504,78900,0.0,0.0,0.0
2020-09-22 00:00:00-04:00,13.774566650390625,13.774566650390625,13.758179299149997,13.774566650390625,79100,0.0,0.0,0.0
2020-09-23 00:00:00-04:00,13.766373634338379,13.782762550227442,13.75818073932689,13.766373634338379,114000,0.0,0.0,0.0
2020-09-24 00:00:00-04:00,13.766371604741098,13.766371604741098,13.741789797464678,13.7581787109375,63200,0.0,0.0,0.0
2020-09-25 00:00:00-04:00,13.749984254201088,13.7581787109375,13.749984254201088,13.7581787109375,84300,0.0,0.0,0.0
2020-09-28 00:00:00-04:00,13.758177785859893,13.758177785859893,13.741749734892062,13.749963760375977,150300,0.04,0.0,0.0
2020-09-29 00:00:00-04:00,13.749968497321069,13.766396553948463,13.741754469007372,13.758182525634766,44700,0.0,0.0,0.0
2020-09-30 00:00:00-04:00,13.741750190779817,13.741750190779817,13.708895654419361,13.717109680175781,140300,0.0,0.0,0.0
2020-10-01 00:00:00-04:00,13.708897190374936,13.74175173041644,13.692469137021485,13.725323677062988,97600,0.0,0.0,0.0
2020-10-02 00:00:00-04:00,13.749967605967251,13.749967605967251,13.717113061507998,13.741753578186035,87100,0.0,0.0,0.0
2020-10-05 00:00:00-04:00,13.717111738031862,13.717111738031862,13.676041603088379,13.676041603088379,160400,0.0,0.0,0.0
2020-10-06 00:00:00-04:00,13.692473346930026,13.72532789707304,13.684259317727804,13.708901405334473,266500,0.0,0.0,0.0
2020-10-07 00:00:00-04:00,13.700683684054468,13.700683684054468,13.676041603088379,13.676041603088379,123200,0.0,0.0,0.0
2020-10-08 00:00:00-04:00,13.692467718452688,13.708895770104156,13.684253692626953,13.684253692626953,84100,0.0,0.0,0.0
2020-10-09 00:00:00-04:00,13.684253692626953,13.700681744278423,13.676039666801218,13.684253692626953,68200,0.0,0.0,0.0
2020-10-13 00:00:00-04:00,13.700681628662943,13.717109680175781,13.700681628662943,13.717109680175781,86100,0.0,0.0,0.0
2020-10-14 00:00:00-04:00,13.741751700609102,13.741751700609102,13.717111187297771,13.733537673950195,101500,0.0,0.0,0.0
2020-10-15 00:00:00-04:00,13.766393780585826,13.766393780585826,13.733537673950195,13.733537673950195,142300,0.0,0.0,0.0
2020-10-16 00:00:00-04:00,13.741753578186035,13.741753578186035,13.708899033726782,13.741753578186035,61600,0.0,0.0,0.0
2020-10-19 00:00:00-04:00,13.717115434536694,13.72532789707304,13.708901405334473,13.708901405334473,125600,0.0,0.0,0.0
2020-10-20 00:00:00-04:00,13.708897711043166,13.708897711043166,13.676041603088379,13.676041603088379,143100,0.0,0.0,0.0
2020-10-21 00:00:00-04:00,13.667831420898438,13.676045450197762,13.659617391599111,13.667831420898438,74800,0.0,0.0,0.0
2020-10-22 00:00:00-04:00,13.676040153346102,13.676040153346102,13.64318561553955,13.64318561553955,103500,0.0,0.0,0.0
2020-10-23 00:00:00-04:00,13.643183311819762,13.66782381934768,13.643183311819762,13.6596097946167,118800,0.0,0.0,0.0
2020-10-26 00:00:00-04:00,13.6596097946167,13.67603784407866,13.643183311819762,13.6596097946167,153300,0.0,0.0,0.0
2020-10-27 00:00:00-04:00,13.684253692626953,13.692467718452688,13.676039666801218,13.684253692626953,62100,0.0,0.0,0.0
2020-10-28 00:00:00-04:00,13.684255491678442,13.708955307539334,13.67602169624618,13.692487716674805,97500,0.04,0.0,0.0
2020-10-29 00:00:00-04:00,13.69248977772925,13.69248977772925,13.643088568135477,13.651322364807129,125800,0.0,0.0,0.0
2020-10-30 00:00:00-04:00,13.634852785648269,13.634852785648269,13.601919174194336,13.601919174194336,125000,0.0,0.0,0.0
2020-11-02 00:00:00-05:00,13.626618614117563,13.643086204608021,13.61015259406297,13.634852409362793,102400,0.0,0.0,0.0
2020-11-03 00:00:00-05:00,13.618386765139258,13.618386765139258,13.585451583249416,13.601919174194336,120300,0.0,0.0,0.0
2020-11-04 00:00:00-05:00,13.69248664138895,13.69248664138895,13.659553032682107,13.676020622253418,95800,0.0,0.0,0.0
2020-11-05 00:00:00-05:00,13.68425178527832,13.68425178527832,13.667784198874063,13.68425178527832,103400,0.0,0.0,0.0
2020-11-06 00:00:00-05:00,13.667790412902832,13.667790412902832,13.634855225120411,13.667790412902832,78600,0.0,0.0,0.0
2020-11-09 00:00:00-05:00,13.618387262866511,13.618387262866511,13.560750692452777,13.58545207977295,233500,0.0,0.0,0.0
2020-11-10 00:00:00-05:00,13.560750692452777,13.58545207977295,13.560750692452777,13.58545207977295,133700,0.0,0.0,0.0
2020-11-11 00:00:00-05:00,13.585452349113604,13.585452349113604,13.560750961303711,13.560750961303711,142200,0.0,0.0,0.0
2020-11-12 00:00:00-05:00,13.610149507971057,13.634849317670215,13.601915714592833,13.626615524291992,141700,0.0,0.0,0.0
2020-11-13 00:00:00-05:00,13.643083111048437,13.643083111048437,13.610149507971057,13.626615524291992,288200,0.0,0.0,0.0
2020-11-16 00:00:00-05:00,13.626618614117563,13.634852409362793,13.6183863893082,13.634852409362793,142500,0.0,0.0,0.0
2020-11-17 00:00:00-05:00,13.651322364807129,13.651322364807129,13.634854771463825,13.651322364807129,677400,0.0,0.0,0.0
2020-11-18 00:00:00-05:00,13.65955616147878,13.667789958150433,13.634854771463825,13.651322364807129,142500,0.0,0.0,0.0
2020-11-19 00:00:00-05:00,13.667784198874063,13.68425178527832,13.659550405671933,13.68425178527832,76500,0.0,0.0,0.0
2020-11-20 00:00:00-05:00,13.708954086770673,13.717187881469727,13.692486497372567,13.717187881469727,95200,0.0,0.0,0.0
2020-11-23 00:00:00-05:00,13.708956490539762,13.717190286682554,13.692488898254181,13.700722694396973,122000,0.0,0.0,0.0
2020-11-24 00:00:00-05:00,13.692484008044973,13.700717801247102,13.676017992076192,13.68425178527832,126300,0.0,0.0,0.0
2020-11-25 00:00:00-05:00,13.700717801247102,13.70895159444923,13.676017992076192,13.68425178527832,198500,0.0,0.0,0.0
2020-11-26 00:00:00-05:00,13.708956490539762,13.717190286682554,13.700722694396973,13.700722694396973,57800,0.0,0.0,0.0
2020-11-27 00:00:00-05:00,13.725481863694423,13.741989135742188,13.71722980189065,13.741989135742188,334600,0.04,0.0,0.0
2020-11-30 00:00:00-05:00,13.733734961875063,13.758495868977018,13.725481326174412,13.750242233276367,147500,0.0,0.0,0.0
2020-12-01 00:00:00-05:00,13.733732676551371,13.7419863108786,13.692466079135013,13.7172269821167,361800,0.0,0.0,0.0
2020-12-02 00:00:00-05:00,13.70072717929184,13.70072717929184,13.651206920563569,13.675966262817383,226800,0.0,0.0,0.0
2020-12-03 00:00:00-05:00,13.684217327201516,13.700724601745605,13.667710052657426,13.700724601745605,149100,0.0,0.0,0.0
2020-12-04 00:00:00-05:00,13.684215295158983,13.684215295158983,13.626441417054169,13.634695053100586,141300,0.0,0.0,0.0
2020-12-07 00:00:00-05:00,13.642953281738748,13.684219901642201,13.642953281738748,13.675966262817383,174400,0.0,0.0,0.0
2020-12-08 00:00:00-05:00,13.675966262817383,13.692473540467022,13.667712623992564,13.675966262817383,103600,0.0,0.0,0.0
2020-12-09 00:00:00-05:00,13.675966262817383,13.684219901642201,13.659458985167745,13.675966262817383,177800,0.0,0.0,0.0
2020-12-10 00:00:00-05:00,13.675956608819904,13.692463874816895,13.66770297582141,13.692463874816895,93100,0.0,0.0,0.0
2020-12-11 00:00:00-05:00,13.708975791931152,13.725481489308589,13.692468520333652,13.708975791931152,88600,0.0,0.0,0.0
2020-12-14 00:00:00-05:00,13.675956608819904,13.708971140813885,13.66770297582141,13.692463874816895,110700,0.0,0.0,0.0
2020-12-15 00:00:00-05:00,13.69247096447356,13.70897823901765,13.684217327201516,13.700724601745605,127500,0.0,0.0,0.0
2020-12-16 00:00:00-05:00,13.67596124873615,13.708975791931152,13.67596124873615,13.708975791931152,97100,0.0,0.0,0.0
2020-12-17 00:00:00-05:00,13.71722477381238,13.71722477381238,13.6842102418184,13.692463874816895,151900,0.0,0.0,0.0
2020-12-18 00:00:00-05:00,13.725479042224142,13.725479042224142,13.700719713462242,13.7172269821167,190700,0.0,0.0,0.0
2020-12-21 00:00:00-05:00,13.725479042224142,13.725479042224142,13.700719713462242,13.7172269821167,118200,0.0,0.0,0.0
2020-12-22 00:00:00-05:00,13.733735499718305,13.741989135742188,13.725481863694423,13.741989135742188,189400,0.0,0.0,0.0
2020-12-23 00:00:00-05:00,13.717229925121604,13.725481986999512,13.692469016827513,13.725481986999512,114900,0.0,0.0,0.0
2020-12-24 00:00:00-05:00,13.71722980189065,13.75024277176607,13.71722980189065,13.741989135742188,43000,0.0,0.0,0.0
2020-12-29 00:00:00-05:00,13.758538810144824,13.766812324523926,13.741993359398133,13.766812324523926,109400,0.04,0.0,0.0
2020-12-30 00:00:00-05:00,13.766808122667593,13.775081634521484,13.750262676970847,13.775081634521484,65100,0.0,0.0,0.0
2020-12-31 00:00:00-05:00,13.783357408363074,13.816451461209706,13.775083895151417,13.808177947998047,68300,0.0,0.0,0.0
2021-01-04 00:00:00-05:00,13.808177947998047,13.816451461209706,13.791630921574733,13.808177947998047,214500,0.0,0.0,0.0
2021-01-05 00:00:00-05:00,13.80817989641944,13.80817989641944,13.758538810144824,13.766812324523926,146700,0.0,0.0,0.0
2021-01-06 00:00:00-05:00,13.708892436724565,13.71716594696045,13.675799973791758,13.71716594696045,320700,0.0,0.0,0.0
2021-01-07 00:00:00-05:00,13.650978840200539,13.684072879682503,13.650978840200539,13.675799369812012,161200,0.0,0.0,0.0
2021-01-08 00:00:00-05:00,13.675799369812012,13.692344811542338,13.66752585994152,13.675799369812012,185200,0.0,0.0,0.0
2021-01-11 00:00:00-05:00,13.675802050755783,13.675802050755783,13.642708004786208,13.659255027770996,167400,0.0,0.0,0.0
2021-01-12 00:00:00-05:00,13.61788996965515,13.642710508687745,13.60961803465554,13.626163482666016,196400,0.0,0.0,0.0
2021-01-13 00:00:00-05:00,13.617884234284736,13.667525291442871,13.617884234284736,13.667525291442871,217100,0.0,0.0,0.0
2021-01-14 00:00:00-05:00,13.667532180494034,13.68407920788719,13.626164612011138,13.642711639404297,251100,0.0,0.0,0.0
2021-01-15 00:00:00-05:00,13.667526427752732,13.684073448181152,13.65925291753852,13.684073448181152,80600,0.0,0.0,0.0
2021-01-18 00:00:00-05:00,13.675801695423761,13.700620651245117,13.667528184146335,13.700620651245117,112300,0.0,0.0,0.0
2021-01-19 00:00:00-05:00,13.675799937966941,13.684073448181152,13.667526427752732,13.684073448181152,144000,0.0,0.0,0.0
2021-01-20 00:00:00-05:00,13.692344811542338,13.692344811542338,13.659252350071029,13.675799369812012,129300,0.0,0.0,0.0
2021-01-21 00:00:00-05:00,13.659255027770996,13.659255027770996,13.642708004786208,13.659255027770996,174400,0.0,0.0,0.0
2021-01-22 00:00:00-05:00,13.659258277559935,13.66753179102075,13.63443773717749,13.650984764099121,160800,0.0,0.0,0.0
2021-01-25 00:00:00-05:00,13.675799369812012,13.692344811542338,13.66752585994152,13.675799369812012,151400,0.0,0.0,0.0
2021-01-26 00:00:00-05:00,13.659251781916515,13.675798800969227,13.65097827239016,13.667525291442871,200000,0.0,0.0,0.0
2021-01-27 00:00:00-05:00,13.67581932276175,13.684112914348926,13.650938548000228,13.659232139587402,176700,0.04,0.0,0.0
2021-01-28 00:00:00-05:00,13.650937845195882,13.65923143635607,13.62605865355609,13.642645835876465,131200,0.0,0.0,0.0
2021-01-29 00:00:00-05:00,13.62606550562716,13.659238305108579,13.62606550562716,13.650944709777832,166000,0.0,0.0,0.0
2021-02-01 00:00:00-05:00,13.650938548000228,13.67581932276175,13.642646538253906,13.659232139587402,520600,0.0,0.0,0.0
2021-02-02 00:00:00-05:00,13.650944014041515,13.659237608949567,13.634358406066895,13.634358406066895,146400,0.0,0.0,0.0
2021-02-03 00:00:00-05:00,13.634356801753139,13.64265039568531,13.592888832092285,13.592888832092285,254500,0.0,0.0,0.0
2021-02-04 00:00:00-05:00,13.584594540046092,13.601181727058016,13.568008934875385,13.576302528381348,209300,0.0,0.0,0.0
2021-02-05 00:00:00-05:00,13.559716155292728,13.5763033433003,13.543128967285156,13.543128967285156,221800,0.0,0.0,0.0
2021-02-08 00:00:00-05:00,13.518248185273798,13.559716155292728,13.518248185273798,13.543128967285156,312500,0.0,0.0,0.0
2021-02-09 00:00:00-05:00,13.551419258117676,13.559712850099892,13.543125666135461,13.551419258117676,114700,0.0,0.0,0.0
2021-02-10 00:00:00-05:00,13.551419258117676,13.559712850099892,13.52653848217103,13.551419258117676,156300,0.0,0.0,0.0
2021-02-11 00:00:00-05:00,13.559712850099892,13.568006442082106,13.543125666135461,13.551419258117676,148800,0.0,0.0,0.0
2021-02-12 00:00:00-05:00,13.5265392894987,13.534832881975916,13.501660093908075,13.518245697021484,196300,0.0,0.0,0.0
2021-02-16 00:00:00-05:00,13.468486013573541,13.468486013573541,13.42701963213695,13.43531322479248,221500,0.0,0.0,0.0
2021-02-17 00:00:00-05:00,13.427021282993298,13.460194075852964,13.427021282993298,13.451900482177734,233400,0.0,0.0,0.0
2021-02-18 00:00:00-05:00,13.410432815551758,13.418726408435324,13.393845629784627,13.410432815551758,162100,0.0,0.0,0.0
2021-02-19 00:00:00-05:00,13.377256571059362,13.377256571059362,13.327496602565994,13.344083786010742,224500,0.0,0.0,0.0
2021-02-22 00:00:00-05:00,13.335791001587864,13.344084593812301,13.29432462230665,13.31091022491455,295400,0.0,0.0,0.0
2021-02-23 00:00:00-05:00,13.277736589822574,13.286030181517308,13.244563013964072,13.261149406433105,274800,0.0,0.0,0.0
2021-02-24 00:00:00-05:00,13.22789261772258,13.244521399001053,13.178007859695027,13.236207008361816,268100,0.04,0.0,0.0
2021-02-25 00:00:00-05:00,13.161379555897506,13.186321935816165,13.128122785037972,13.169693946838379,304300,0.0,0.0,0.0
2021-02-26 00:00:00-05:00,13.153069446138948,13.294410966523095,13.12812705810181,13.286096572875977,255300,0.0,0.0,0.0
2021-03-01 00:00:00-05:00,13.277781239927338,13.327666802397813,13.277781239927338,13.31103801727295,246600,0.0,0.0,0.0
2021-03-02 00:00:00-05:00,13.31103801727295,13.31103801727295,13.277781239927338,13.31103801727295,179400,0.0,0.0,0.0
2021-03-03 00:00:00-05:00,13.286094391806822,13.286094391806822,13.23620962392172,13.269466400146484,180100,0.0,0.0,0.0
2021-03-04 00:00:00-05:00,13.22789309761657,13.244521879498318,13.169693946838379,13.169693946838379,169000,0.0,0.0,0.0
2021-03-05 00:00:00-05:00,13.169693946838379,13.178008337779252,13.103180405119314,13.169693946838379,410400,0.0,0.0,0.0
2021-03-08 00:00:00-05:00,13.19463726582906,13.202951657361675,13.136438110908792,13.144752502441406,162600,0.0,0.0,0.0
2021-03-09 00:00:00-05:00,13.169693964956695,13.20295073586198,13.15306518305207,13.194636344909668,142100,0.0,0.0,0.0
2021-03-10 00:00:00-05:00,13.194635848069568,13.244521399001053,13.194635848069568,13.236207008361816,147900,0.0,0.0,0.0
2021-03-11 00:00:00-05:00,13.227896244933634,13.227896244933634,13.186325073242188,13.186325073242188,124500,0.0,0.0,0.0
2021-03-12 00:00:00-05:00,13.128120634775996,13.128120634775996,13.061607103951218,13.069921493530273,193900,0.0,0.0,0.0
2021-03-15 00:00:00-04:00,13.069924629689876,13.094867011508194,13.069924629689876,13.086552619934082,117400,0.0,0.0,0.0
2021-03-16 00:00:00-04:00,13.086550692659179,13.10317947335846,13.05329392416452,13.06160831451416,141200,0.0,0.0,0.0
2021-03-17 00:00:00-04:00,13.028355338370305,13.044983331005833,12.995098560195117,13.036669731140137,202800,0.0,0.0,0.0
2021-03-18 00:00:00-04:00,13.01172706097288,13.01172706097288,12.945213502024973,12.995099067687988,194000,0.0,0.0,0.0
2021-03-19 00:00:00-04:00,13.003410873509683,13.028353254926351,12.995096482069457,13.011724472045898,168700,0.0,0.0,0.0
2021-03-22 00:00:00-04:00,13.044981697443705,13.061610480901022,13.028353706890423,13.053296089172363,139900,0.0,0.0,0.0
2021-03-23 00:00:00-04:00,13.06992341944149,13.094865798950195,13.061609028637273,13.094865798950195,114900,0.0,0.0,0.0
2021-03-24 00:00:00-04:00,13.111496261588892,13.153066635131836,13.094867477848473,13.153066635131836,81800,0.0,0.0,0.0
2021-03-25 00:00:00-04:00,13.16138049260262,13.16138049260262,13.128123719376177,13.144752502441406,70300,0.0,0.0,0.0
2021-03-26 00:00:00-04:00,13.119811751340725,13.136440537477633,13.103183758107985,13.12812614440918,54800,0.0,0.0,0.0
2021-03-29 00:00:00-04:00,13.161463778722661,13.161463778722661,13.078110301727605,13.086445808410645,124500,0.04,0.0,0.0
2021-03-30 00:00:00-04:00,13.078114674396263,13.119791426828415,13.061444450374163,13.111455917358398,136700,0.0,0.0,0.0
2021-03-31 00:00:00-04:00,13.12811889260942,13.136454396972216,13.09477767007568,13.103113174438477,110500,0.0,0.0,0.0
2021-04-01 00:00:00-04:00,13.128126702287451,13.136462211608887,13.119791192966016,13.136462211608887,109300,0.0,0.0,0.0
2021-04-05 00:00:00-04:00,13.08645018386628,13.111455917358398,13.08645018386628,13.111455917358398,189200,0.0,0.0,0.0
2021-04-06 00:00:00-04:00,13.128120212577624,13.16979694366455,13.128120212577624,13.16979694366455,121800,0.0,0.0,0.0
2021-04-07 00:00:00-04:00,13.169803457306756,13.186473681035922,13.153132438659668,13.153132438659668,110600,0.0,0.0,0.0
2021-04-08 00:00:00-04:00,13.169798860153836,13.186469078063965,13.169798860153836,13.186469078063965,75300,0.0,0.0,0.0
2021-04-09 00:00:00-04:00,13.161467714558738,13.186473447167959,13.153132205383027,13.178138732910156,86700,0.0,0.0,0.0
2021-04-12 00:00:00-04:00,13.178136660566224,13.178136660566224,13.161465644836426,13.161465644836426,123000,0.0,0.0,0.0
2021-04-13 00:00:00-04:00,13.153132205383027,13.178138732910156,13.153132205383027,13.178138732910156,107200,0.0,0.0,0.0
2021-04-14 00:00:00-04:00,13.169803457306756,13.169803457306756,13.136462214930503,13.153132438659668,115000,0.0,0.0,0.0
2021-04-15 00:00:00-04:00,13.178140247054516,13.236487228152631,13.178140247054516,13.219816207885742,161100,0.0,0.0,0.0
2021-04-16 00:00:00-04:00,13.178136660566224,13.194806881378241,13.153130136971527,13.161465644836426,197600,0.0,0.0,0.0
2021-04-19 00:00:00-04:00,13.136462211608887,13.153132435333838,13.119791192966016,13.136462211608887,100900,0.0,0.0,0.0
2021-04-20 00:00:00-04:00,13.086449950598192,13.144797720930322,13.078114441276757,13.136462211608887,116200,0.0,0.0,0.0
2021-04-21 00:00:00-04:00,13.144797720930322,13.16980345397671,13.103120969241065,13.136462211608887,128400,0.0,0.0,0.0
2021-04-22 00:00:00-04:00,13.111454174011467,13.14479620745826,13.0947839522059,13.128125190734863,178100,0.0,0.0,0.0
2021-04-23 00:00:00-04:00,13.136460699096562,13.136460699096562,13.111454174011467,13.128125190734863,79000,0.0,0.0,0.0
2021-04-26 00:00:00-04:00,13.119783388246622,13.119783388246622,13.09477767007568,13.103113174438477,109700,0.0,0.0,0.0
2021-04-27 00:00:00-04:00,13.094781315093684,13.119787040225134,13.086445808410645,13.086445808410645,92000,0.0,0.0,0.0
2021-04-28 00:00:00-04:00,13.094806056672173,13.111518859863281,13.078092456532747,13.111518859863281,145400,0.04,0.0,0.0
2021-04-29 00:00:00-04:00,13.086445355648415,13.103158950805664,13.069732557439245,13.103158950805664,147400,0.0,0.0,0.0
2021-04-30 00:00:00-04:00,13.103162856741886,13.119875659932994,13.103162856741886,13.111518859863281,120800,0.0,0.0,0.0
2021-05-03 00:00:00-04:00,13.09480215322704,13.136585344172085,13.09480215322704,13.103158950805664,124700,0.0,0.0,0.0
2021-05-04 00:00:00-04:00,13.119872343278205,13.136585939192496,13.119872343278205,13.128229141235352,66800,0.0,0.0,0.0
2021-05-05 00:00:00-04:00,13.136590094675363,13.144946098327637,13.111519692873435,13.144946098327637,310400,0.0,0.0,0.0
2021-05-06 00:00:00-04:00,13.144938373314378,13.144938373314378,13.128225578883232,13.136582374572754,106400,0.0,0.0,0.0
2021-05-07 00:00:00-04:00,13.161653267158595,13.178366860191604,13.13658367455706,13.15329647064209,271100,0.0,0.0,0.0
2021-05-10 00:00:00-04:00,13.144941689646153,13.161655285241867,13.111515295402828,13.119872093200684,142500,0.0,0.0,0.0
2021-05-11 00:00:00-04:00,13.10315940414615,13.111515405065791,13.078089010542893,13.086445808410645,335900,0.0,0.0,0.0
2021-05-12 00:00:00-04:00,13.044663336280923,13.06973373126844,13.036307334899902,13.036307334899902,101800,0.0,0.0,0.0
2021-05-13 00:00:00-04:00,13.044662023005259,13.069732415468806,13.044662023005259,13.061375617980957,70800,0.0,0.0,0.0
2021-05-14 00:00:00-04:00,13.069735527038574,13.078091529567702,13.053021928083796,13.069735527038574,74600,0.0,0.0,0.0
2021-05-17 00:00:00-04:00,13.061375617980957,13.069732415468806,13.044662023005259,13.061375617980957,123600,0.0,0.0,0.0
2021-05-18 00:00:00-04:00,13.078091529567702,13.078091529567702,13.061378727561186,13.069735527038574,114200,0.0,0.0,0.0
2021-05-19 00:00:00-04:00,13.078091529567702,13.086448329045092,13.044665128606407,13.069735527038574,197900,0.0,0.0,0.0
2021-05-20 00:00:00-04:00,13.069735163008302,13.094804763793945,13.061378363763673,13.094804763793945,73300,0.0,0.0,0.0
2021-05-21 00:00:00-04:00,13.111518859863281,13.111518859863281,13.094806056672173,13.111518859863281,63800,0.0,0.0,0.0
2021-05-25 00:00:00-04:00,13.144945887357764,13.178373089223845,13.144945887357764,13.170016288757324,149000,0.0,0.0,0.0
2021-05-26 00:00:00-04:00,13.195147514343262,13.2035255775352,13.178391387959387,13.195147514343262,112300,0.04,0.0,0.0
2021-05-27 00:00:00-04:00,13.178390502929688,13.178390502929688,13.161635176647142,13.178390502929688,77900,0.0,0.0,0.0
2021-05-28 00:00:00-04:00,13.17839069150751,13.203524879755031,13.170013427734375,13.170013427734375,139300,0.0,0.0,0.0
2021-05-31 00:00:00-04:00,13.178391387959387,13.195147514343262,13.17001412374353,13.195147514343262,73400,0.0,0.0,0.0
2021-06-01 00:00:00-04:00,13.17001412374353,13.2035255775352,13.161636060551592,13.195147514343262,114200,0.0,0.0,0.0
2021-06-02 00:00:00-04:00,13.17838919698054,13.228656768798828,13.17838919698054,13.228656768798828,105500,0.0,0.0,0.0
2021-06-03 00:00:00-04:00,13.203524657014993,13.203524657014993,13.178390469191479,13.186768531799316,139200,0.0,0.0,0.0
2021-06-04 00:00:00-04:00,13.195146238409762,13.245413813724575,13.195146238409762,13.237035751342773,126600,0.0,0.0,0.0
2021-06-07 00:00:00-04:00,13.237035751342773,13.237035751342773,13.22865768896097,13.237035751342773,63500,0.0,0.0,0.0
2021-06-08 00:00:00-04:00,13.237034764780704,13.253790089319523,13.237034764780704,13.245412826538086,133000,0.0,0.0,0.0
2021-06-09 00:00:00-04:00,13.270548820495605,13.278926883899276,13.253792693688265,13.270548820495605,128200,0.0,0.0,0.0
2021-06-10 00:00:00-04:00,13.262173389360123,13.287306785583496,13.245418058203297,13.287306785583496,67600,0.0,0.0,0.0
2021-06-11 00:00:00-04:00,13.287301030969148,13.295679092407227,13.287301030969148,13.295679092407227,36100,0.0,0.0,0.0
2021-06-14 00:00:00-04:00,13.287304148326845,13.287304148326845,13.253792693688265,13.270548820495605,132900,0.0,0.0,0.0
2021-06-15 00:00:00-04:00,13.270545707068905,13.295679092407227,13.262167645630827,13.295679092407227,103400,0.0,0.0,0.0
2021-06-16 00:00:00-04:00,13.287301537373107,13.304057660887871,13.237034764780704,13.245412826538086,130700,0.0,0.0,0.0
2021-06-17 00:00:00-04:00,13.262173389360123,13.329196311939954,13.262173389360123,13.287306785583496,157700,0.0,0.0,0.0
2021-06-18 00:00:00-04:00,13.312437788095934,13.345949241348885,13.287303598924169,13.329193115234375,149100,0.0,0.0,0.0
2021-06-21 00:00:00-04:00,13.304058074951172,13.312436136969305,13.287301950914905,13.304058074951172,107400,0.0,0.0,0.0
2021-06-22 00:00:00-04:00,13.28730363302579,13.320815086364746,13.278926368923104,13.320815086364746,126900,0.0,0.0,0.0
2021-06-23 00:00:00-04:00,13.304060901045919,13.31243896484375,13.287304773450257,13.31243896484375,95900,0.0,0.0,0.0
2021-06-24 00:00:00-04:00,13.32081505217712,13.329193115234375,13.304059725038679,13.329193115234375,103600,0.0,0.0,0.0
2021-06-25 00:00:00-04:00,13.329193666369097,13.329193666369097,13.270548820495605,13.270548820495605,178400,0.0,0.0,0.0
2021-06-28 00:00:00-04:00,13.304146501820846,13.320944249914623,13.295747227274504,13.312545776367188,48800,0.04,0.0,0.0
2021-06-29 00:00:00-04:00,13.262147653375003,13.295743942260742,13.253748380903891,13.295743942260742,127700,0.0,0.0,0.0
2021-06-30 00:00:00-04:00,13.304145132358444,13.329342152404907,13.304145132358444,13.320942878723145,149700,0.0,0.0,0.0
2021-07-02 00:00:00-04:00,13.320940708765566,13.337739253392638,13.312542237450725,13.329339981079102,51700,0.0,0.0,0.0
2021-07-05 00:00:00-04:00,13.320942878723145,13.320942878723145,13.304145132358444,13.320942878723145,49100,0.0,0.0,0.0
2021-07-06 00:00:00-04:00,13.320940460112377,13.379734564210965,13.320940460112377,13.362936019897461,95200,0.0,0.0,0.0
2021-07-07 00:00:00-04:00,13.379734315712975,13.41333060271733,13.379734315712975,13.39653205871582,98700,0.0,0.0,0.0
2021-07-08 00:00:00-04:00,13.438530914006346,13.438530914006346,13.396535344700304,13.413333892822266,89400,0.0,0.0,0.0
2021-07-09 00:00:00-04:00,13.37974056000079,13.37974056000079,13.35454273223877,13.35454273223877,80600,0.0,0.0,0.0
2021-07-12 00:00:00-04:00,13.371341284080117,13.37974056000079,13.35454273223877,13.35454273223877,108700,0.0,0.0,0.0
2021-07-13 00:00:00-04:00,13.362936961705449,13.371336234454175,13.329340671709282,13.337739944458008,168500,0.0,0.0,0.0
2021-07-14 00:00:00-04:00,13.354536761348667,13.38813304901123,13.337739018016725,13.38813304901123,64300,0.0,0.0,0.0
2021-07-15 00:00:00-04:00,13.396538735987185,13.421735763549805,13.371341708424566,13.421735763549805,87200,0.0,0.0,0.0
2021-07-16 00:00:00-04:00,13.388139459799957,13.430135039737033,13.388139459799957,13.421735763549805,80000,0.0,0.0,0.0
2021-07-19 00:00:00-04:00,13.47212629264988,13.514121055603027,13.47212629264988,13.514121055603027,112900,0.0,0.0,0.0
2021-07-20 00:00:00-04:00,13.522521264050404,13.522521264050404,13.455328677478628,13.463727951049805,117100,0.0,0.0,0.0
2021-07-21 00:00:00-04:00,13.43012809753418,13.43012809753418,13.396531811150677,13.43012809753418,107800,0.0,0.0,0.0
2021-07-22 00:00:00-04:00,13.430130856765102,13.47212722462098,13.430130856765102,13.463727951049805,90900,0.0,0.0,0.0
2021-07-23 00:00:00-04:00,13.438530657739815,13.446929931640625,13.430131383839004,13.446929931640625,39100,0.0,0.0,0.0
2021-07-26 00:00:00-04:00,13.446926641225257,13.455325913070796,13.43012809753418,13.43012809753418,76600,0.0,0.0,0.0
2021-07-27 00:00:00-04:00,13.463727119003666,13.480524063110352,13.463727119003666,13.480524063110352,64000,0.0,0.0,0.0
2021-07-28 00:00:00-04:00,13.455264242202297,13.488945274978793,13.446844787008192,13.480525016784668,68200,0.04,0.0,0.0
2021-07-29 00:00:00-04:00,13.463681908648937,13.472102165222168,13.455261652075706,13.472102165222168,56700,0.0,0.0,0.0
2021-07-30 00:00:00-04:00,13.463681908648937,13.472102165222168,13.446842198502338,13.472102165222168,66400,0.0,0.0,0.0
2021-08-03 00:00:00-04:00,13.539464531342103,13.539464531342103,13.514203758041107,13.522624015808105,149500,0.0,0.0,0.0
2021-08-04 00:00:00-04:00,13.547886013053681,13.556306271581384,13.497366067887567,13.514204978942871,123600,0.0,0.0,0.0
2021-08-05 00:00:00-04:00,13.505788803100586,13.514207457171995,13.480528022885167,13.505788803100586,62200,0.0,0.0,0.0
2021-08-06 00:00:00-04:00,13.463681903743979,13.463681903743979,13.43842193703335,13.446842193603516,98900,0.0,0.0,0.0
2021-08-09 00:00:00-04:00,13.455262180235774,13.463682437139525,13.421581955620661,13.430002212524414,93600,0.0,0.0,0.0
2021-08-10 00:00:00-04:00,13.430006985966886,13.43842724586346,13.39632674938077,13.404747009277344,86200,0.0,0.0,0.0
2021-08-11 00:00:00-04:00,13.39632674938077,13.413167269173918,13.3794870325878,13.404747009277344,96100,0.0,0.0,0.0
2021-08-12 00:00:00-04:00,13.39632674938077,13.413167269173918,13.387906489484195,13.404747009277344,64200,0.0,0.0,0.0
2021-08-13 00:00:00-04:00,13.42158576466677,13.463686258133754,13.42158576466677,13.455265998840332,67300,0.0,0.0,0.0
2021-08-16 00:00:00-04:00,13.488945274978793,13.505785791367039,13.480525016784668,13.480525016784668,85200,0.0,0.0,0.0
2021-08-17 00:00:00-04:00,13.488945274978793,13.497365533172916,13.472104758590545,13.480525016784668,100300,0.0,0.0,0.0
2021-08-18 00:00:00-04:00,13.472102165222168,13.48894267836863,13.455261652075706,13.472102165222168,73900,0.0,0.0,0.0
2021-08-19 00:00:00-04:00,13.488947599241712,13.505788118531726,13.480527339596703,13.497367858886719,73500,0.0,0.0,0.0
2021-08-20 00:00:00-04:00,13.497365533172916,13.505785791367039,13.480525016784668,13.480525016784668,100400,0.0,0.0,0.0
2021-08-23 00:00:00-04:00,13.488941033974218,13.497361289520962,13.463680267333984,13.463680267333984,113800,0.0,0.0,0.0
2021-08-24 00:00:00-04:00,13.455261647173815,13.455261647173815,13.43842193703335,13.446842193603516,74500,0.0,0.0,0.0
2021-08-25 00:00:00-04:00,13.446842032507764,13.446842032507764,13.396321296691895,13.396321296691895,96000,0.0,0.0,0.0
2021-08-26 00:00:00-04:00,13.40474293040059,13.438423156738281,13.387902415731775,13.438423156738281,47200,0.0,0.0,0.0
2021-08-27 00:00:00-04:00,13.421540318531093,13.472187995910645,13.421540318531093,13.472187995910645,167200,0.04,0.0,0.0
2021-08-30 00:00:00-04:00,13.455305168444953,13.489070018358813,13.455305168444953,13.472187995910645,157800,0.0,0.0,0.0
2021-08-31 00:00:00-04:00,13.480634203766403,13.489074815483464,13.429986508374993,13.438427925109863,81700,0.0,0.0,0.0
2021-09-01 00:00:00-04:00,13.48062844703594,13.505951881408691,13.463745620775796,13.505951881408691,86500,0.0,0.0,0.0
2021-09-02 00:00:00-04:00,13.489071979015709,13.52283763885498,13.48063136907353,13.52283763885498,71400,0.0,0.0,0.0
2021-09-03 00:00:00-04:00,13.489069055148548,13.505951881408691,13.489069055148548,13.505951881408691,50600,0.0,0.0,0.0
2021-09-07 00:00:00-04:00,13.4637451171875,13.472186530001837,13.446863096576264,13.4637451171875,129900,0.0,0.0,0.0
2021-09-08 00:00:00-04:00,13.472187995910645,13.489070018358813,13.472187995910645,13.472187995910645,72100,0.0,0.0,0.0
2021-09-09 00:00:00-04:00,13.463745620775796,13.505951881408691,13.463745620775796,13.505951881408691,93600,0.0,0.0,0.0
2021-09-10 00:00:00-04:00,13.472192787031533,13.480634203766403,13.438427925109863,13.438427925109863,78300,0.0,0.0,0.0
2021-09-13 00:00:00-04:00,13.463746513176888,13.480629340556055,13.446864490815239,13.455305099487305,106800,0.0,0.0,0.0
2021-09-14 00:00:00-04:00,13.455304207645725,13.505951881408691,13.446863599533117,13.505951881408691,92700,0.0,0.0,0.0
2021-09-15 00:00:00-04:00,13.489069949228123,13.489069949228123,13.446864490815239,13.455305099487305,86700,0.0,0.0,0.0
2021-09-16 00:00:00-04:00,13.438423667726537,13.455305690830128,13.421540839605392,13.44686508178711,119700,0.0,0.0,0.0
2021-09-17 00:00:00-04:00,13.396219253540039,13.413102083994065,13.387777838313024,13.396219253540039,109200,0.0,0.0,0.0
2021-09-20 00:00:00-04:00,13.429982253665964,13.44686508178711,13.421540839605392,13.44686508178711,139500,0.0,0.0,0.0
2021-09-21 00:00:00-04:00,13.446864058525872,13.45530466692659,13.421539818271244,13.429981231689453,68900,0.0,0.0,0.0
2021-09-22 00:00:00-04:00,13.429980270947594,13.4637451171875,13.421538858133259,13.4637451171875,98600,0.0,0.0,0.0
2021-09-23 00:00:00-04:00,13.421540350877645,13.421540350877645,13.362452064640365,13.370893478393555,161800,0.0,0.0,0.0
2021-09-24 00:00:00-04:00,13.345572850409255,13.345572850409255,13.31180799330901,13.3202486038208,125600,0.0,0.0,0.0
2021-09-27 00:00:00-04:00,13.303366577779526,13.3202486038208,13.294925162250042,13.3202486038208,111100,0.0,0.0,0.0
2021-09-28 00:00:00-04:00,13.261013067378919,13.277937999336721,13.244087328357459,13.269475936889648,195600,0.04,0.0,0.0
2021-09-29 00:00:00-04:00,13.269472044481343,13.286396971474463,13.227158516403415,13.252546310424805,93900,0.0,0.0,0.0
2021-09-30 00:00:00-04:00,13.277934104446194,13.277934104446194,13.235621383431685,13.252546310424805,65800,0.0,0.0,0.0
2021-10-01 00:00:00-04:00,13.277929347917429,13.294855075910695,13.277929347917429,13.286392211914062,117300,0.0,0.0,0.0
2021-10-04 00:00:00-04:00,13.277929347917429,13.286392211914062,13.261004426987293,13.286392211914062,108100,0.0,0.0,0.0
2021-10-05 00:00:00-04:00,13.269472961053829,13.269472961053829,13.227159430053144,13.244084358215332,125300,0.0,0.0,0.0
2021-10-06 00:00:00-04:00,13.24408443465955,13.26947303764459,13.24408443465955,13.26101016998291,70600,0.0,0.0,0.0
2021-10-07 00:00:00-04:00,13.235620419713785,13.244082479062492,13.218694686889648,13.218694686889648,89500,0.0,0.0,0.0
2021-10-08 00:00:00-04:00,13.21023083985401,13.21023083985401,13.150992393493652,13.150992393493652,129900,0.0,0.0,0.0
2021-10-12 00:00:00-04:00,13.1256046032054,13.159455259277504,13.117141737421548,13.150992393493652,114900,0.0,0.0,0.0
2021-10-13 00:00:00-04:00,13.167922864076317,13.193310663501405,13.150997126417195,13.176384925842285,216600,0.0,0.0,0.0
2021-10-14 00:00:00-04:00,13.193307855353755,13.252546310424805,13.184844988325485,13.252546310424805,112100,0.0,0.0,0.0
2021-10-15 00:00:00-04:00,13.210232734680176,13.227158468675642,13.201770674745859,13.210232734680176,83400,0.0,0.0,0.0
2021-10-18 00:00:00-04:00,13.201769761128874,13.227157553301717,13.184844028304738,13.218694686889648,48800,0.0,0.0,0.0
2021-10-19 00:00:00-04:00,13.193310663501405,13.193310663501405,13.167922864076317,13.176384925842285,179100,0.0,0.0,0.0
2021-10-20 00:00:00-04:00,13.184847794671846,13.184847794671846,13.167922864076317,13.176384925842285,78900,0.0,0.0,0.0
2021-10-21 00:00:00-04:00,13.159457197924207,13.159457197924207,13.117143669834636,13.125606536865234,167800,0.0,0.0,0.0
2021-10-22 00:00:00-04:00,13.1256046032054,13.159455259277504,13.1256046032054,13.150992393493652,148200,0.0,0.0,0.0
2021-10-25 00:00:00-04:00,13.15098957438478,13.176377359230788,13.134064653508487,13.159452438354492,214900,0.0,0.0,0.0
2021-10-26 00:00:00-04:00,13.167917186382274,13.184842109680176,13.1594543212017,13.184842109680176,124300,0.0,0.0,0.0
2021-10-27 00:00:00-04:00,13.218785097492589,13.235754401364483,13.125456353620002,13.21030044555664,265300,0.04,0.0,0.0
2021-10-28 00:00:00-04:00,13.1424206264436,13.201812361775122,13.099998189532709,13.184843063354492,241900,0.0,0.0,0.0
2021-10-29 00:00:00-04:00,13.167878883982143,13.201816682790717,13.108487129211426,13.108487129211426,144800,0.0,0.0,0.0
2021-11-01 00:00:00-04:00,13.09999942779541,13.116968727820044,13.083030936911536,13.09999942779541,146900,0.0,0.0,0.0
2021-11-02 00:00:00-04:00,13.108484986811526,13.133938129472757,13.083031844150295,13.091516494750977,110700,0.0,0.0,0.0
2021-11-03 00:00:00-04:00,13.108484077807727,13.108484077807727,13.074546286899219,13.09999942779541,139500,0.0,0.0,0.0
2021-11-04 00:00:00-04:00,13.116969912121508,13.167877007650935,13.116969912121508,13.159392356872559,174800,0.0,0.0,0.0
2021-11-05 00:00:00-04:00,13.19333195082569,13.218785097492589,13.184847298889744,13.21030044555664,140800,0.0,0.0,0.0
2021-11-08 00:00:00-05:00,13.201812361775122,13.201812361775122,13.15938992486423,13.184843063354492,133700,0.0,0.0,0.0
2021-11-09 00:00:00-05:00,13.210297774706232,13.244235566447554,13.201813933626488,13.218782424926758,215400,0.0,0.0,0.0
2021-11-10 00:00:00-05:00,13.184843925374084,13.184843925374084,13.125452995300293,13.125452995300293,101600,0.0,0.0,0.0
2021-11-11 00:00:00-05:00,13.116968345535254,13.125452995300293,13.099999046005179,13.125452995300293,80600,0.0,0.0,0.0
2021-11-12 00:00:00-05:00,13.13393497467041,13.14241962323306,13.116966486685733,13.13393497467041,138800,0.0,0.0,0.0
2021-11-15 00:00:00-05:00,13.116969637412208,13.116969637412208,13.091516494750977,13.091516494750977,110700,0.0,0.0,0.0
2021-11-16 00:00:00-05:00,13.074546387552099,13.09151568770737,13.040608596382326,13.049093246459961,150000,0.0,0.0,0.0
2021-11-17 00:00:00-05:00,13.057579124409111,13.11697006225586,13.057579124409111,13.11697006225586,96600,0.0,0.0,0.0
2021-11-18 00:00:00-05:00,13.074549330402851,13.116971781198806,13.074549330402851,13.108487129211426,90200,0.0,0.0,0.0
2021-11-19 00:00:00-05:00,13.14242172241211,13.159391022247837,13.125453231717131,13.14242172241211,111200,0.0,0.0,0.0
2021-11-22 00:00:00-05:00,13.099999528644238,13.099999528644238,13.040608596382326,13.049093246459961,184800,0.0,0.0,0.0
2021-11-23 00:00:00-05:00,13.015157321387136,13.03212581483456,12.998188018798828,12.998188018798828,113400,0.0,0.0,0.0
2021-11-24 00:00:00-05:00,12.998187293921283,13.066062882207492,12.998187293921283,13.057579040527344,139600,0.0,0.0,0.0
2021-11-25 00:00:00-05:00,13.074547533028475,13.074547533028475,13.049094389706358,13.057579040527344,94800,0.0,0.0,0.0
2021-11-26 00:00:00-05:00,13.16815951877206,13.193679792615923,13.142640056177285,13.185173034667969,207200,0.04,0.0,0.0
2021-11-29 00:00:00-05:00,13.117123424798656,13.185175880572638,13.108616665014592,13.176669120788574,229700,0.0,0.0,0.0
2021-11-30 00:00:00-05:00,13.261737043709859,13.278749754527158,13.193684577941895,13.193684577941895,189600,0.0,0.0,0.0
2021-12-01 00:00:00-05:00,13.193683343640856,13.28725527250558,13.185176583403342,13.278748512268066,138500,0.0,0.0,0.0
2021-12-02 00:00:00-05:00,13.295763982838526,13.312776694559508,13.270244509632342,13.30427074432373,158900,0.0,0.0,0.0
2021-12-03 00:00:00-05:00,13.236220079615471,13.346804749002931,13.236220079615471,13.338298797607422,151900,0.0,0.0,0.0
2021-12-06 00:00:00-05:00,13.30426700882911,13.312772956676637,13.26173402459468,13.270240783691406,148500,0.0,0.0,0.0
2021-12-07 00:00:00-05:00,13.253225417988917,13.261732175899795,13.210692439683616,13.227705955505371,85100,0.0,0.0,0.0
2021-12-08 00:00:00-05:00,13.219205752218807,13.253231989484835,13.219205752218807,13.244725227355957,205800,0.0,0.0,0.0
2021-12-09 00:00:00-05:00,13.26173402459468,13.28725349063566,13.244720506401231,13.270240783691406,154400,0.0,0.0,0.0
2021-12-10 00:00:00-05:00,13.27875045986812,13.32128345604471,13.27875045986812,13.30427074432373,98000,0.0,0.0,0.0
2021-12-13 00:00:00-05:00,13.329788139299884,13.380827077754839,13.329788139299884,13.372321128845215,219400,0.0,0.0,0.0
2021-12-14 00:00:00-05:00,13.338295922493515,13.338295922493515,13.312775640059357,13.329789161682129,126100,0.0,0.0,0.0
2021-12-15 00:00:00-05:00,13.329788139299884,13.380827077754839,13.329788139299884,13.372321128845215,217000,0.0,0.0,0.0
2021-12-16 00:00:00-05:00,13.380828810489877,13.448882089324464,13.380828810489877,13.440375328063965,133100,0.0,0.0,0.0
2021-12-17 00:00:00-05:00,13.45738414170834,13.474397659301758,13.448878194160802,13.474397659301758,111300,0.0,0.0,0.0
2021-12-20 00:00:00-05:00,13.465891999633598,13.474398759124655,13.389332786712556,13.397839546203613,96900,0.0,0.0,0.0
2021-12-21 00:00:00-05:00,13.363813369509664,13.363813369509664,13.32978714266731,13.346799850463867,107500,0.0,0.0,0.0
2021-12-22 00:00:00-05:00,13.36381331948862,13.397839546203613,13.346799800506508,13.397839546203613,111100,0.0,0.0,0.0
2021-12-23 00:00:00-05:00,13.372321954312865,13.389334664431603,13.355308432944776,13.380827903747559,118700,0.0,0.0,0.0
2021-12-24 00:00:00-05:00,13.372319205529653,13.380825153215884,13.355305687658824,13.363812446594238,274100,0.0,0.0,0.0
2021-12-29 00:00:00-05:00,13.355288018178735,13.389401109907253,13.338231878974607,13.372344970703125,587600,0.04,0.0,0.0
2021-12-30 00:00:00-05:00,13.363815149619374,13.397928237915039,13.355286674215412,13.397928237915039,77100,0.0,0.0,0.0
2021-12-31 00:00:00-05:00,13.41498658714453,13.449100494384766,13.397930446844725,13.449100494384766,53200,0.0,0.0,0.0
2022-01-04 00:00:00-05:00,13.244415370685132,13.321170002030577,13.244415370685132,13.287056922912598,224700,0.0,0.0,0.0
2022-01-05 00:00:00-05:00,13.304112726166109,13.304112726166109,13.235886573791504,13.235886573791504,280300,0.0,0.0,0.0
2022-01-06 00:00:00-05:00,13.184720758727721,13.20177689560227,13.167663808533021,13.176192283630371,164300,0.0,0.0,0.0
2022-01-07 00:00:00-05:00,13.167661818485959,13.167661818485959,13.116492602275434,13.133548736572266,203500,0.0,0.0,0.0
2022-01-10 00:00:00-05:00,13.099435654658572,13.133548736572266,13.09090799417017,13.133548736572266,104200,0.0,0.0,0.0
2022-01-11 00:00:00-05:00,13.13354801896713,13.150604965652013,13.116491885602228,13.14207649230957,109100,0.0,0.0,0.0
2022-01-12 00:00:00-05:00,13.125018836427836,13.142074967814208,13.107961891721578,13.116490364074707,187200,0.0,0.0,0.0
2022-01-13 00:00:00-05:00,13.12502035894467,13.14207649230957,13.099434938917343,13.14207649230957,149900,0.0,0.0,0.0
2022-01-14 00:00:00-05:00,13.107964184907383,13.116492658752534,13.073851102846804,13.09090805053711,115500,0.0,0.0,0.0
2022-01-17 00:00:00-05:00,13.05679297602272,13.05679297602272,13.031207558391573,13.048264503479004,156400,0.0,0.0,0.0
2022-01-18 00:00:00-05:00,13.005625407265718,13.014153881418117,12.94592771483905,12.954455375671387,253100,0.0,0.0,0.0
2022-01-19 00:00:00-05:00,12.9544567979914,12.988569885026342,12.9544567979914,12.971513748168945,129300,0.0,0.0,0.0
2022-01-20 00:00:00-05:00,12.980038739140985,12.988566398620605,12.962981793541886,12.988566398620605,70800,0.0,0.0,0.0
2022-01-21 00:00:00-05:00,13.022683472317281,13.056796558532147,13.022683472317281,13.039739608764648,129600,0.0,0.0,0.0
2022-01-24 00:00:00-05:00,13.056794230183856,13.073850363589695,12.971511123194706,12.980039596557617,235500,0.0,0.0,0.0
2022-01-25 00:00:00-05:00,13.005623344219707,13.031207949298427,12.980038739140985,12.988566398620605,155100,0.0,0.0,0.0
2022-01-26 00:00:00-05:00,13.022681300774348,13.04826590783921,12.937398192798147,12.945926666259766,314400,0.0,0.0,0.0
2022-01-27 00:00:00-05:00,13.005781266611987,13.057086482357061,13.005781266611987,13.022882461547852,518400,0.04,0.0,0.0
2022-01-28 00:00:00-05:00,12.963032079561684,13.022887508235765,12.963032079561684,12.997235298156738,133700,0.0,0.0,0.0
2022-01-31 00:00:00-05:00,12.997234986573929,13.014337003195998,12.954480760487794,12.963031768798828,217500,0.0,0.0,0.0
2022-02-01 00:00:00-05:00,12.980129048010674,12.988679237732075,12.911722637427037,12.920272827148438,453500,0.0,0.0,0.0
2022-02-02 00:00:00-05:00,12.980129066473818,13.022882461547852,12.971578061271517,13.022882461547852,123900,0.0,0.0,0.0
2022-02-03 00:00:00-05:00,12.980133785420897,12.980133785420897,12.945930567645796,12.963031768798828,145400,0.0,0.0,0.0
2022-02-04 00:00:00-05:00,12.945929212118594,12.945929212118594,12.894623983093433,12.911725997924805,129300,0.0,0.0,0.0
2022-02-07 00:00:00-05:00,12.903171632236898,12.928823832338578,12.89462062704676,12.920272827148438,112000,0.0,0.0,0.0
2022-02-08 00:00:00-05:00,12.877523422241211,12.903175630291237,12.860421406561866,12.877523422241211,212900,0.0,0.0,0.0
2022-02-09 00:00:00-05:00,12.903175717980794,12.911726725878578,12.886073702185223,12.894624710083008,80100,0.0,0.0,0.0
2022-02-10 00:00:00-05:00,12.877523523816814,12.877523523816814,12.792015075683594,12.792015075683594,278500,0.0,0.0,0.0
2022-02-11 00:00:00-05:00,12.826215972812538,12.851868176426883,12.757809552861712,12.843317985534668,668100,0.0,0.0,0.0
2022-02-14 00:00:00-05:00,12.792015075683594,12.80911627602884,12.749260851616985,12.792015075683594,192700,0.0,0.0,0.0
2022-02-15 00:00:00-05:00,12.757807731628418,12.76635873676879,12.749256726488047,12.757807731628418,262000,0.0,0.0,0.0
2022-02-16 00:00:00-05:00,12.774910926818848,12.774910926818848,12.740707716370332,12.774910926818848,179100,0.0,0.0,0.0
2022-02-17 00:00:00-05:00,12.792014711940519,12.826217927127434,12.783463704276548,12.800565719604492,273900,0.0,0.0,0.0
2022-02-18 00:00:00-05:00,12.809115636406931,12.834768658847315,12.809115636406931,12.826217651367188,111600,0.0,0.0,0.0
2022-02-22 00:00:00-05:00,12.80056453816356,12.80056453816356,12.766361326133465,12.783462524414062,117000,0.0,0.0,0.0
2022-02-23 00:00:00-05:00,12.75780991154992,12.75780991154992,12.723606700612876,12.732157707214355,194500,0.0,0.0,0.0
2022-02-24 00:00:00-05:00,12.749307187753129,12.783602534430159,12.723585882161746,12.74073314666748,201400,0.04,0.0,0.0
2022-02-25 00:00:00-05:00,12.749305711857021,12.809322357177734,12.749305711857021,12.809322357177734,118600,0.0,0.0,0.0
2022-02-28 00:00:00-05:00,12.843616364555647,12.877912521362305,12.843616364555647,12.877912521362305,165200,0.0,0.0,0.0
2022-03-01 00:00:00-05:00,12.937929086363376,13.023667024892955,12.937929086363376,13.015093803405762,210200,0.0,0.0,0.0
2022-03-02 00:00:00-05:00,12.980799040872283,12.99794630227347,12.92935562133789,12.92935562133789,105600,0.0,0.0,0.0
2022-03-03 00:00:00-05:00,12.91220880529505,12.94650414694573,12.91220880529505,12.9379301071167,139000,0.0,0.0,0.0
2022-03-04 00:00:00-05:00,12.946503630224328,13.015094310788092,12.946503630224328,13.00652027130127,203400,0.0,0.0,0.0
2022-03-07 00:00:00-05:00,12.963650711593994,12.972224750961807,12.903634071350098,12.903634071350098,164200,0.0,0.0,0.0
2022-03-08 00:00:00-05:00,12.852188810789663,12.860762848928617,12.809319437760179,12.826467514038086,170800,0.0,0.0,0.0
2022-03-09 00:00:00-05:00,12.800749841997883,12.809323064899184,12.783601760864258,12.783601760864258,106500,0.0,0.0,0.0
2022-03-10 00:00:00-05:00,12.77502728961872,12.77502728961872,12.689289339837575,12.715010643005371,163600,0.0,0.0,0.0
2022-03-11 00:00:00-05:00,12.697865308507707,12.706438532421975,12.654995918273926,12.654995918273926,171000,0.0,0.0,0.0
2022-03-14 00:00:00-04:00,12.577827771513125,12.586401810769926,12.51781113204628,12.526384353637695,144000,0.0,0.0,0.0
2022-03-15 00:00:00-04:00,12.526387682239115,12.560683030714143,12.474945068359375,12.474945068359375,162400,0.0,0.0,0.0
2022-03-16 00:00:00-04:00,12.457793674914049,12.534958392894497,12.457793674914049,12.526384353637695,137800,0.0,0.0,0.0
2022-03-17 00:00:00-04:00,12.552108319388743,12.560681542242348,12.509238934458685,12.543534278869629,235100,0.0,0.0,0.0
2022-03-18 00:00:00-04:00,12.543533572739237,12.577828915219548,12.534959532702795,12.569254875183105,87100,0.0,0.0,0.0
2022-03-21 00:00:00-04:00,12.5092376094533,12.517811649064233,12.440646927896681,12.457794189453125,174800,0.0,0.0,0.0
2022-03-22 00:00:00-04:00,12.397777816804012,12.414925078732917,12.354908435483589,12.363482475280762,196200,0.0,0.0,0.0
2022-03-23 00:00:00-04:00,12.389206288339,12.474945068359375,12.389206288339,12.474945068359375,187000,0.0,0.0,0.0
2022-03-24 00:00:00-04:00,12.389204716910099,12.432074101482796,12.389204716910099,12.423500061035156,127000,0.0,0.0,0.0
2022-03-25 00:00:00-04:00,12.42349937994557,12.42349937994557,12.312039313233301,12.329187393188477,250700,0.0,0.0,0.0
2022-03-28 00:00:00-04:00,12.363480373127743,12.406349747159119,12.354906334788408,12.380627632141113,145700,0.0,0.0,0.0
2022-03-29 00:00:00-04:00,12.397825711991809,12.423618462256393,12.363435104993448,12.406423568725586,173900,0.04,0.0,0.0
2022-03-30 00:00:00-04:00,12.38063112562783,12.458010203402736,12.38063112562783,12.44941234588623,93600,0.0,0.0,0.0
2022-03-31 00:00:00-04:00,12.458010176590468,12.509596501641656,12.449412319092467,12.483803749084473,244400,0.0,0.0,0.0
2022-04-01 00:00:00-04:00,12.406423266900129,12.466606622698922,12.406423266900129,12.458008766174316,121500,0.0,0.0,0.0
2022-04-04 00:00:00-04:00,12.492399844422835,12.500997701272354,12.440814343199236,12.466607093811035,82700,0.0,0.0,0.0
2022-04-05 00:00:00-04:00,12.449408824373853,12.466604534542785,12.372030588423426,12.397823333740234,116400,0.0,0.0,0.0
2022-04-06 00:00:00-04:00,12.337640946925204,12.38062858581543,12.337640946925204,12.38062858581543,280600,0.0,0.0,0.0
2022-04-07 00:00:00-04:00,12.363437331936828,12.380632228564835,12.320448860461463,12.337644577026367,201300,0.0,0.0,0.0
2022-04-08 00:00:00-04:00,12.303250794910692,12.329043543177768,12.286055082774853,12.294652938842773,110900,0.0,0.0,0.0
2022-04-11 00:00:00-04:00,12.24306693242954,12.260262645000864,12.208676327223598,12.225872039794922,171700,0.0,0.0,0.0
2022-04-12 00:00:00-04:00,12.260262815601187,12.311848314159556,12.260262815601187,12.286055564880371,376300,0.0,0.0,0.0
2022-04-13 00:00:00-04:00,12.303253173828125,12.337643784812778,12.286057458367377,12.303253173828125,184000,0.0,0.0,0.0
2022-04-14 00:00:00-04:00,12.268859222985174,12.268859222985174,12.174284453570117,12.182882308959961,159100,0.0,0.0,0.0
2022-04-18 00:00:00-04:00,12.18287992768391,12.208672668875355,12.157087186492467,12.17428207397461,131800,0.0,0.0,0.0
2022-04-19 00:00:00-04:00,12.131300590955213,12.139898449601262,12.114105693600045,12.122703552246094,140300,0.0,0.0,0.0
2022-04-20 00:00:00-04:00,12.114104270935059,12.15709273917986,12.105506413298732,12.114104270935059,115600,0.0,0.0,0.0
2022-04-21 00:00:00-04:00,12.071117081265646,12.071117081265646,12.002335852763373,12.045324325561523,292500,0.0,0.0,0.0
2022-04-22 00:00:00-04:00,12.036724573808463,12.05392028819785,12.002333964966482,12.02812671661377,231700,0.0,0.0,0.0
2022-04-25 00:00:00-04:00,12.062517623152882,12.12270180506426,12.062517623152882,12.088311195373535,230100,0.0,0.0,0.0
2022-04-26 00:00:00-04:00,12.122700546056775,12.174286045267026,12.105504833028874,12.13989543914795,179500,0.0,0.0,0.0
2022-04-27 00:00:00-04:00,12.122651795541906,12.131273255565436,12.062296641780609,12.079541206359863,119100,0.04,0.0,0.0
2022-04-28 00:00:00-04:00,12.06229665578839,12.13127326965332,12.06229665578839,12.13127326965332,199100,0.0,0.0,0.0
2022-04-29 00:00:00-04:00,12.062298889120665,12.105409486334688,12.05367660522461,12.05367660522461,201100,0.0,0.0,0.0
2022-05-02 00:00:00-04:00,12.027809843858135,12.05367587170599,11.967455504791076,11.984699249267578,190100,0.0,0.0,0.0
2022-05-03 00:00:00-04:00,11.984699249267578,12.027809843858135,11.976077788162428,11.984699249267578,172700,0.0,0.0,0.0
2022-05-04 00:00:00-04:00,11.958831576441648,12.02780818939209,11.95020929425632,12.02780818939209,230500,0.0,0.0,0.0
2022-05-05 00:00:00-04:00,11.976075979278962,11.976075979278962,11.889854803120816,11.92434310913086,139400,0.0,0.0,0.0
2022-05-06 00:00:00-04:00,11.863991012085785,11.915723069704233,11.846746444702148,11.846746444702148,216500,0.0,0.0,0.0
2022-05-09 00:00:00-04:00,11.846746943631485,11.932968139648438,11.846746943631485,11.932968139648438,160600,0.0,0.0,0.0
2022-05-10 00:00:00-04:00,11.950211885492068,11.976078737656914,11.92434585559349,11.932968139648438,128800,0.0,0.0,0.0
2022-05-11 00:00:00-04:00,11.89847686085386,11.950208907760521,11.881232297040931,11.941587448120117,150400,0.0,0.0,0.0
2022-05-12 00:00:00-04:00,11.967450633072328,12.019182667708922,11.958828353210942,11.993316650390625,228800,0.0,0.0,0.0
2022-05-13 00:00:00-04:00,11.984699249267578,12.00194381601028,11.967455504791076,11.984699249267578,188300,0.0,0.0,0.0
2022-05-16 00:00:00-04:00,11.993318092121148,12.036428674344592,11.993318092121148,12.019184112548828,122100,0.0,0.0,0.0
2022-05-17 00:00:00-04:00,11.976075979278962,11.976075979278962,11.91572082706183,11.92434310913086,138100,0.0,0.0,0.0
2022-05-18 00:00:00-04:00,11.889851489785313,11.958828082583747,11.889851489785313,11.95020580291748,135100,0.0,0.0,0.0
2022-05-19 00:00:00-04:00,12.019184112548828,12.036428674344592,11.993318092121148,12.019184112548828,176100,0.0,0.0,0.0
2022-05-20 00:00:00-04:00,12.00194454638078,12.05367660522461,12.00194454638078,12.05367660522461,89300,0.0,0.0,0.0
2022-05-24 00:00:00-04:00,12.04505289946745,12.114029513252278,12.04505289946745,12.079541206359863,131100,0.0,0.0,0.0
2022-05-25 00:00:00-04:00,12.105410345839454,12.131276377097901,12.08816659908926,12.122654914855957,104200,0.0,0.0,0.0
2022-05-26 00:00:00-04:00,12.122653235145167,12.122653235145167,12.088164924157159,12.105408668518066,104000,0.0,0.0,0.0
2022-05-27 00:00:00-04:00,12.114057502383616,12.148644356777938,12.105410582631123,12.13135051727295,98500,0.04,0.0,0.0
2022-05-30 00:00:00-04:00,12.079468737977875,12.105408668518066,12.079468737977875,12.105408668518066,112600,0.0,0.0,0.0
2022-05-31 00:00:00-04:00,12.053526878356934,12.062173795949855,12.02758695019362,12.053526878356934,150900,0.0,0.0,0.0
2022-06-01 00:00:00-04:00,12.044879801688426,12.044879801688426,11.984352208096642,12.001646041870117,94900,0.0,0.0,0.0
2022-06-02 00:00:00-04:00,12.010296769065503,12.010296769065503,11.96706299553113,11.975709915161133,75100,0.0,0.0,0.0
2022-06-03 00:00:00-04:00,11.932473135102681,11.941120052553993,11.915179300200055,11.923826217651367,85900,0.0,0.0,0.0
2022-06-06 00:00:00-04:00,11.88923822840102,11.89788514502027,11.820064544677734,11.820064544677734,116100,0.0,0.0,0.0
2022-06-07 00:00:00-04:00,11.811417579650879,11.83735750478696,11.802770663067067,11.811417579650879,96900,0.0,0.0,0.0
2022-06-08 00:00:00-04:00,11.785479533458664,11.785479533458664,11.750892686224635,11.759539604187012,119400,0.0,0.0,0.0
2022-06-09 00:00:00-04:00,11.72495457560143,11.768187522888184,11.72495457560143,11.768187522888184,215100,0.0,0.0,0.0
2022-06-10 00:00:00-04:00,11.776834325382879,11.776834325382879,11.673073768615723,11.673073768615723,211000,0.0,0.0,0.0
2022-06-13 00:00:00-04:00,11.60389693494073,11.612543851826791,11.534723249083006,11.552016258239746,147500,0.0,0.0,0.0
2022-06-14 00:00:00-04:00,11.552017124164356,11.560664041698578,11.456903505134235,11.465550422668457,156700,0.0,0.0,0.0
2022-06-15 00:00:00-04:00,11.534730000660092,11.552023019938886,11.456909352365862,11.543376922607422,267400,0.0,0.0,0.0
2022-06-16 00:00:00-04:00,11.491493425250194,11.621193924503645,11.491493425250194,11.603900909423828,221900,0.0,0.0,0.0
2022-06-17 00:00:00-04:00,11.612544059753418,11.65577699572706,11.577957216205267,11.612544059753418,151300,0.0,0.0,0.0
2022-06-20 00:00:00-04:00,11.595249127220274,11.612542959663754,11.586602210998535,11.586602210998535,37300,0.0,0.0,0.0
2022-06-21 00:00:00-04:00,11.560669941886214,11.595256805059666,11.543376922607422,11.543376922607422,65900,0.0,0.0,0.0
2022-06-22 00:00:00-04:00,11.595253989576088,11.629840844351385,11.595253989576088,11.603900909423828,69700,0.0,0.0,0.0
2022-06-23 00:00:00-04:00,11.690364837646484,11.742244691432111,11.690364837646484,11.690364837646484,106700,0.0,0.0,0.0
2022-06-24 00:00:00-04:00,11.690364756505035,11.742244609930571,11.681717839395645,11.699010848999023,108900,0.0,0.0,0.0
2022-06-27 00:00:00-04:00,11.64713191986084,11.716305612994606,11.638485002065252,11.64713191986084,258600,0.0,0.0,0.0
2022-06-28 00:00:00-04:00,11.629786576920397,11.673149108886719,11.612442060376772,11.673149108886719,346600,0.04,0.0,0.0
2022-06-29 00:00:00-04:00,11.681823804649285,11.751203536987305,11.67315113133912,11.751203536987305,168300,0.0,0.0,0.0
2022-06-30 00:00:00-04:00,11.759875337212124,11.794565200805664,11.73385731921328,11.794565200805664,87900,0.0,0.0,0.0
2022-07-04 00:00:00-04:00,11.785891617481289,11.837925995315274,11.785891617481289,11.829254150390625,90700,0.0,0.0,0.0
2022-07-05 00:00:00-04:00,11.86394314485517,11.924650190251766,11.855270473492382,11.898633003234863,172800,0.0,0.0,0.0
2022-07-06 00:00:00-04:00,11.907307595936802,11.924652942665983,11.81191067014127,11.82058334350586,62500,0.0,0.0,0.0
2022-07-07 00:00:00-04:00,11.829255934952657,11.837927781185542,11.785893395501647,11.803237915039062,85700,0.0,0.0,0.0
2022-07-08 00:00:00-04:00,11.77722068880202,11.78589336208196,11.725186303265673,11.742530822753906,151700,0.0,0.0,0.0
2022-07-11 00:00:00-04:00,11.777219772338867,11.811909635687535,11.768547099733805,11.777219772338867,73000,0.0,0.0,0.0
2022-07-12 00:00:00-04:00,11.829256016870449,11.855273209892568,11.82058334350586,11.82058334350586,125200,0.0,0.0,0.0
2022-07-13 00:00:00-04:00,11.811907813511588,11.846597671508789,11.75120076878435,11.846597671508789,106700,0.0,0.0,0.0
2022-07-14 00:00:00-04:00,11.811907813511588,11.846597671508789,11.785890626781551,11.846597671508789,661700,0.0,0.0,0.0
2022-07-15 00:00:00-04:00,11.863945952701481,11.915980339050293,11.855273279286127,11.915980339050293,220300,0.0,0.0,0.0
2022-07-18 00:00:00-04:00,11.88128666469125,11.898632005963046,11.85526947985495,11.889959335327148,75300,0.0,0.0,0.0
2022-07-19 00:00:00-04:00,11.898632005963046,11.90730384952755,11.863942150490848,11.889959335327148,152100,0.0,0.0,0.0
2022-07-20 00:00:00-04:00,11.933324691199868,11.933324691199868,11.86394496380337,11.8812894821167,126400,0.0,0.0,0.0
2022-07-21 00:00:00-04:00,11.915977652554906,12.011375384472768,11.915977652554906,12.002702713012695,107300,0.0,0.0,0.0
2022-07-22 00:00:00-04:00,12.07208450668625,12.115447044372559,12.07208450668625,12.115447044372559,129300,0.0,0.0,0.0
2022-07-25 00:00:00-04:00,12.07208351519967,12.080756187438965,12.054738170721084,12.080756187438965,61200,0.0,0.0,0.0
2022-07-26 00:00:00-04:00,12.15013686767761,12.158809540599622,12.098101657217148,12.10677433013916,69200,0.0,0.0,0.0
2022-07-27 00:00:00-04:00,12.106773084815199,12.176352173737847,12.106773084815199,12.124167442321777,217100,0.04,0.0,0.0
2022-07-28 00:00:00-04:00,12.228537183553865,12.263326728807222,12.202444402527707,12.254629135131836,389700,0.0,0.0,0.0
2022-07-29 00:00:00-04:00,12.228537183553865,12.289418680385193,12.219839589878479,12.254629135131836,231400,0.0,0.0,0.0
2022-08-02 00:00:00-04:00,12.315511647073436,12.315511647073436,12.176353454589844,12.176353454589844,163900,0.0,0.0,0.0
2022-08-03 00:00:00-04:00,12.1328661436684,12.193748474121094,12.08937900175883,12.193748474121094,135000,0.0,0.0,0.0
2022-08-04 00:00:00-04:00,12.211140632629395,12.21983822533355,12.176351091260859,12.211140632629395,145000,0.0,0.0,0.0
2022-08-05 00:00:00-04:00,12.150260717001306,12.158957481384277,12.106773577293641,12.158957481384277,142600,0.0,0.0,0.0
2022-08-08 00:00:00-04:00,12.167652918753108,12.20244245846388,12.167652918753108,12.18504810333252,115800,0.0,0.0,0.0
2022-08-09 00:00:00-04:00,12.193745861024324,12.193745861024324,12.150258728433965,12.16765308380127,81500,0.0,0.0,0.0
2022-08-10 00:00:00-04:00,12.228537643746352,12.263327190308932,12.202444861738252,12.219840049743652,91300,0.0,0.0,0.0
2022-08-11 00:00:00-04:00,12.237234461629312,12.237234461629312,12.115471462853757,12.141563415527344,210900,0.0,0.0,0.0
2022-08-12 00:00:00-04:00,12.16765308380127,12.16765308380127,12.115469188251291,12.16765308380127,104900,0.0,0.0,0.0
2022-08-15 00:00:00-04:00,12.185048268616638,12.219837808799314,12.16765308380127,12.16765308380127,75400,0.0,0.0,0.0
2022-08-16 00:00:00-04:00,12.141563415527344,12.150261009567947,12.098076274772552,12.141563415527344,101000,0.0,0.0,0.0
2022-08-17 00:00:00-04:00,12.098074996380813,12.098074996380813,12.0632854533428,12.089377403259277,135800,0.0,0.0,0.0
2022-08-18 00:00:00-04:00,12.071982383728027,12.09807433221209,12.063284791083978,12.071982383728027,133200,0.0,0.0,0.0
2022-08-19 00:00:00-04:00,12.01980001698543,12.037195205688477,12.002405657730636,12.037195205688477,97000,0.0,0.0,0.0
2022-08-22 00:00:00-04:00,11.993707247382927,11.993707247382927,11.941522514272448,11.950220108032227,113300,0.0,0.0,0.0
2022-08-23 00:00:00-04:00,11.924124636285715,11.976309353991644,11.898032692156725,11.932822227478027,79200,0.0,0.0,0.0
2022-08-24 00:00:00-04:00,11.915430152664767,11.932825339586097,11.889338201730936,11.906732559204102,62000,0.0,0.0,0.0
2022-08-25 00:00:00-04:00,11.906730903902355,11.967613220214844,11.889336548847394,11.967613220214844,198200,0.0,0.0,0.0
2022-08-26 00:00:00-04:00,11.941521478113348,11.976311850133722,11.924127121551281,11.958916664123535,168600,0.0,0.0,0.0
2022-08-29 00:00:00-04:00,11.924022674560547,11.9327456412959,11.897854606222376,11.924022674560547,82600,0.04,0.0,0.0
2022-08-30 00:00:00-04:00,11.924025993395174,11.95019406901675,11.906580055068707,11.941471099853516,160800,0.0,0.0,0.0
2022-08-31 00:00:00-04:00,11.941470059383885,11.95019302778708,11.90657901763916,11.90657901763916,104400,0.0,0.0,0.0
2022-09-01 00:00:00-04:00,11.845523168717989,11.862969110334745,11.819355088161135,11.854246139526367,133600,0.0,0.0,0.0
2022-09-02 00:00:00-04:00,11.889133744061843,11.932747753591128,11.889133744061843,11.897856712341309,171700,0.0,0.0,0.0
2022-09-06 00:00:00-04:00,11.854244439413742,11.880412516217621,11.801907453937822,11.828076362609863,86300,0.0,0.0,0.0
2022-09-07 00:00:00-04:00,11.854242122707191,11.889133162249568,11.836796187002003,11.880410194396973,143500,0.0,0.0,0.0
2022-09-08 00:00:00-04:00,11.854241944054568,11.8629649117757,11.810627937316895,11.810627937316895,131700,0.0,0.0,0.0
2022-09-09 00:00:00-04:00,11.86296442946333,11.897855467061307,11.854241462096848,11.889132499694824,181100,0.0,0.0,0.0
2022-09-12 00:00:00-04:00,11.89785679411738,11.906578930588754,11.854242784288328,11.871687889099121,138500,0.0,0.0,0.0
2022-09-13 00:00:00-04:00,11.836800120620895,11.836800120620895,11.79318693060034,11.819355010986328,215900,0.0,0.0,0.0
2022-09-14 00:00:00-04:00,11.828078058969515,11.862969110334745,11.810632117352757,11.854246139526367,172300,0.0,0.0,0.0
2022-09-15 00:00:00-04:00,11.862965752627748,11.880410857438541,11.84551981594891,11.871687889099121,132800,0.0,0.0,0.0
2022-09-16 00:00:00-04:00,11.83679684760949,11.880410857438541,11.83679684760949,11.871687889099121,115800,0.0,0.0,0.0
2022-09-19 00:00:00-04:00,11.845519154854598,11.889133162249568,11.845519154854598,11.880410194396973,98700,0.0,0.0,0.0
2022-09-20 00:00:00-04:00,11.880410775782376,11.915301817032198,11.862965671091487,11.897856712341309,116300,0.0,0.0,0.0
2022-09-21 00:00:00-04:00,11.932747145605811,11.976360321044922,11.906578242100748,11.976360321044922,184800,0.0,0.0,0.0
2022-09-22 00:00:00-04:00,11.92402495444555,11.932747922848744,11.88041094429763,11.90657901763916,145900,0.0,0.0,0.0
2022-09-23 00:00:00-04:00,11.976360434625231,11.976360434625231,11.915301322937012,11.915301322937012,401000,0.0,0.0,0.0
2022-09-26 00:00:00-04:00,11.906579135220484,11.906579135220484,11.828074914420638,11.84552001953125,197500,0.0,0.0,0.0
2022-09-27 00:00:00-04:00,11.819351684844884,11.819351684844884,11.732123665614484,11.740846633911133,197000,0.0,0.0,0.0
2022-09-28 00:00:00-04:00,11.819583084231438,11.93331714252621,11.81083411797476,11.924568176269531,141700,0.04,0.0,0.0
2022-09-29 00:00:00-04:00,11.880830772897296,11.915825822998038,11.81958964380795,11.854584693908691,279000,0.0,0.0,0.0
2022-09-30 00:00:00-04:00,11.880825991527344,11.889574959118509,11.828333854675293,11.828333854675293,93400,0.0,0.0,0.0
2022-10-03 00:00:00-04:00,11.880827826894313,11.907073899374868,11.828335681933202,11.83708381652832,230800,0.0,0.0,0.0
2022-10-04 00:00:00-04:00,11.880827864539288,11.89832580248017,11.84583282300513,11.872078895568848,380800,0.0,0.0,0.0
2022-10-05 00:00:00-04:00,11.828332730393969,11.828332730393969,11.740844731492976,11.767090797424316,425800,0.0,0.0,0.0
2022-10-06 00:00:00-04:00,11.740847508886464,11.740847508886464,11.688354530258746,11.723349571228027,423700,0.0,0.0,0.0
2022-10-07 00:00:00-04:00,11.697105413288192,11.697105413288192,11.6533613963311,11.670859336853027,87500,0.0,0.0,0.0
2022-10-11 00:00:00-04:00,11.644611241360938,11.653359375757336,11.592118263244629,11.592118263244629,346700,0.0,0.0,0.0
2022-10-12 00:00:00-04:00,11.58336842167354,11.653358497656354,11.565871319851595,11.609615325927734,217400,0.0,0.0,0.0
2022-10-13 00:00:00-04:00,11.539624415597402,11.653358497656354,11.539624415597402,11.609615325927734,111100,0.0,0.0,0.0
2022-10-14 00:00:00-04:00,11.61836233790197,11.627111305141982,11.539623301436746,11.548372268676758,137400,0.0,0.0,0.0
2022-10-17 00:00:00-04:00,11.609618034740176,11.62711514064463,11.57462215423584,11.57462215423584,174400,0.0,0.0,0.0
2022-10-18 00:00:00-04:00,11.618366274027212,11.653361320495605,11.592120197762846,11.653361320495605,145000,0.0,0.0,0.0
2022-10-19 00:00:00-04:00,11.565871995625596,11.574620129873946,11.469635009765625,11.469635009765625,160000,0.0,0.0,0.0
2022-10-20 00:00:00-04:00,11.452140785070526,11.478386863106872,11.37340171661371,11.390899658203125,170300,0.0,0.0,0.0
2022-10-21 00:00:00-04:00,11.338400978074159,11.417140007019043,11.329652011669758,11.417140007019043,116900,0.0,0.0,0.0
2022-10-24 00:00:00-04:00,11.408397774893292,11.460890769958496,11.408397774893292,11.460890769958496,251600,0.0,0.0,0.0
2022-10-25 00:00:00-04:00,11.478382155158663,11.51337718963623,11.478382155158663,11.51337718963623,281200,0.0,0.0,0.0
2022-10-26 00:00:00-04:00,11.548372444260162,11.688352584838867,11.548372444260162,11.688352584838867,173400,0.0,0.0,0.0
2022-10-27 00:00:00-04:00,11.7146795721978,11.767329347323923,11.697129089253703,11.74977970123291,304200,0.04,0.0,0.0
2022-10-28 00:00:00-04:00,11.723453377702493,11.767328745967449,11.723453377702493,11.758553504943848,301500,0.0,0.0,0.0
2022-10-31 00:00:00-04:00,11.767329832496104,11.767329832496104,11.71468005519921,11.741004943847656,178000,0.0,0.0,0.0
2022-11-01 00:00:00-04:00,11.80242885957602,11.811204100589485,11.749779087201324,11.776103973388672,115100,0.0,0.0,0.0
2022-11-02 00:00:00-04:00,11.758554252217783,11.784879976961623,11.697129234855018,11.714679718017578,252100,0.0,0.0,0.0
2022-11-03 00:00:00-04:00,11.662030839681579,11.67958132545413,11.626930704989702,11.635705947875977,386500,0.0,0.0,0.0
2022-11-04 00:00:00-04:00,11.565502166748047,11.609376694150935,11.547951686304518,11.565502166748047,280900,0.0,0.0,0.0
2022-11-07 00:00:00-05:00,11.54795246812405,11.574277353718625,11.460202570524464,11.468976974487305,246800,0.0,0.0,0.0
2022-11-08 00:00:00-05:00,11.477751438236336,11.574276570116844,11.477751438236336,11.565502166748047,205500,0.0,0.0,0.0
2022-11-09 00:00:00-05:00,11.556727736307488,11.600603103637695,11.547952495470842,11.600603103637695,232400,0.0,0.0,0.0
2022-11-10 00:00:00-05:00,11.714680243701872,11.837530283940172,11.714680243701872,11.802430152893066,195400,0.0,0.0,0.0
2022-11-11 00:00:00-05:00,11.811205247365109,11.837530136108398,11.811205247365109,11.837530136108398,135200,0.0,0.0,0.0
2022-11-14 00:00:00-05:00,11.811205379374343,11.837530268411854,11.802430137410793,11.81998062133789,131500,0.0,0.0,0.0
2022-11-15 00:00:00-05:00,11.83753012084491,11.872630251408411,11.811205232135563,11.855080604553223,393800,0.0,0.0,0.0
2022-11-16 00:00:00-05:00,11.890180908984219,11.934056282043457,11.86385601988993,11.934056282043457,319400,0.0,0.0,0.0
2022-11-17 00:00:00-05:00,11.872628682340233,11.881403923034668,11.846303797109943,11.881403923034668,265800,0.0,0.0,0.0
2022-11-18 00:00:00-05:00,11.863855846407379,11.890180735116724,11.846305362699066,11.855080604553223,238000,0.0,0.0,0.0
2022-11-21 00:00:00-05:00,11.898953791800762,11.925278675675703,11.87262807107285,11.90772819519043,260900,0.0,0.0,0.0
2022-11-22 00:00:00-05:00,11.942829588059835,11.977929715906292,11.942829588059835,11.969155311584473,150900,0.0,0.0,0.0
2022-11-23 00:00:00-05:00,11.986705020557078,12.04813003540039,11.977929779335732,12.04813003540039,370600,0.0,0.0,0.0
2022-11-24 00:00:00-05:00,12.074456699424296,12.092006346380698,12.065681457519531,12.065681457519531,111200,0.0,0.0,0.0
2022-11-25 00:00:00-05:00,12.039355473023399,12.100780487060547,12.039355473023399,12.100780487060547,139200,0.0,0.0,0.0
2022-11-28 00:00:00-05:00,12.074380496706006,12.08318042755127,12.047978186307308,12.08318042755127,376500,0.04,0.0,0.0
2022-11-29 00:00:00-05:00,12.03037166595459,12.03917243183035,12.003970207614534,12.03037166595459,256400,0.0,0.0,0.0
2022-11-30 00:00:00-05:00,11.986373477466705,12.056777954101562,11.951171239149277,12.056777954101562,278000,0.0,0.0,0.0
2022-12-01 00:00:00-05:00,12.109582521640963,12.206388473510742,12.091980981689575,12.206388473510742,426800,0.0,0.0,0.0
2022-12-02 00:00:00-05:00,12.144784028155799,12.259191513061523,12.109581789668466,12.259191513061523,236100,0.0,0.0,0.0
2022-12-05 00:00:00-05:00,12.206389691447084,12.215190462300907,12.17998821817332,12.197588920593262,381000,0.0,0.0,0.0
2022-12-06 00:00:00-05:00,12.22398927457419,12.259191513061523,12.20638773568674,12.259191513061523,221300,0.0,0.0,0.0
2022-12-07 00:00:00-05:00,12.303193995963094,12.311994765631615,12.215188817140646,12.276792526245117,303300,0.0,0.0,0.0
2022-12-08 00:00:00-05:00,12.223989536859632,12.26799170644726,12.215188767227072,12.250391006469727,295600,0.0,0.0,0.0
2022-12-09 00:00:00-05:00,12.223992612972722,12.23279254553216,12.197590297431018,12.215191841125488,175100,0.0,0.0,0.0
2022-12-12 00:00:00-05:00,12.250389462505904,12.250389462505904,12.153583526611328,12.153583526611328,265000,0.0,0.0,0.0
2022-12-13 00:00:00-05:00,12.241594580738893,12.259196126249881,12.197591556249305,12.232793807983398,382200,0.0,0.0,0.0
2022-12-14 00:00:00-05:00,12.232789467204606,12.259191776102286,12.206387997594511,12.250391006469727,256200,0.0,0.0,0.0
2022-12-15 00:00:00-05:00,12.259191513061523,12.26799144321768,12.20638773568674,12.259191513061523,326600,0.0,0.0,0.0
2022-12-16 00:00:00-05:00,12.206387997594511,12.259191776102286,12.197587227961952,12.250391006469727,334800,0.0,0.0,0.0
2022-12-19 00:00:00-05:00,12.179984992893942,12.206386459176558,12.153583526611328,12.153583526611328,181800,0.0,0.0,0.0
2022-12-20 00:00:00-05:00,12.065579151246224,12.100781390811626,12.065579151246224,12.074379920959473,293000,0.0,0.0,0.0
2022-12-21 00:00:00-05:00,12.11838228820971,12.135982987416135,12.083179211221763,12.09197998046875,304500,0.0,0.0,0.0
2022-12-22 00:00:00-05:00,12.065578409146285,12.08317910820265,12.030376171746015,12.039176940917969,216700,0.0,0.0,0.0
2022-12-23 00:00:00-05:00,11.977574084628797,12.030377867817377,11.968774153503752,11.986374855041504,431800,0.0,0.0,0.0
2022-12-28 00:00:00-05:00,11.924586592252073,11.933413283090232,11.85397474906594,11.862800598144531,226200,0.04,0.0,0.0
2022-12-29 00:00:00-05:00,11.862800653255123,11.915759956770536,11.862800653255123,11.898106575012207,69400,0.0,0.0,0.0
2022-12-30 00:00:00-05:00,11.853977251191411,11.889283180236816,11.845150558490122,11.889283180236816,83200,0.0,0.0,0.0
2023-01-03 00:00:00-05:00,11.9334135055542,11.95106604580003,11.88928089230025,11.9334135055542,170600,0.0,0.0,0.0
2023-01-04 00:00:00-05:00,11.99520206451416,11.99520206451416,11.96872282574812,11.99520206451416,189900,0.0,0.0,0.0
2023-01-05 00:00:00-05:00,11.942240360857289,11.977546286082838,11.933414510870643,11.968720436096191,209200,0.0,0.0,0.0
2023-01-06 00:00:00-05:00,11.933414613246239,12.048158239893905,11.933414613246239,12.039332389831543,210100,0.0,0.0,0.0
2023-01-09 00:00:00-05:00,12.021679411031753,12.056985337749156,12.004026868552897,12.048158645629883,233400,0.0,0.0,0.0
2023-01-10 00:00:00-05:00,11.995199772481085,12.039332389831543,11.98637308065906,12.039332389831543,200500,0.0,0.0,0.0
2023-01-11 00:00:00-05:00,12.048157797228422,12.118769645690918,12.048157797228422,12.118769645690918,222600,0.0,0.0,0.0
2023-01-12 00:00:00-05:00,12.136426136927797,12.224691390991211,12.092293509896091,12.224691390991211,162300,0.0,0.0,0.0
2023-01-13 00:00:00-05:00,12.215865100450106,12.24234434083921,12.198211712350787,12.23351764678955,205200,0.0,0.0,0.0
2023-01-16 00:00:00-05:00,12.24234302797839,12.25999641418457,12.233516334875297,12.25999641418457,124400,0.0,0.0,0.0
2023-01-17 00:00:00-05:00,12.233517723850026,12.259997806165806,12.224691871504648,12.251171112060547,271200,0.0,0.0,0.0
2023-01-18 00:00:00-05:00,12.330607898574856,12.357087135314941,12.312954512908293,12.357087135314941,234100,0.0,0.0,0.0
2023-01-19 00:00:00-05:00,12.321781126251022,12.339433670043945,12.286475196905421,12.339433670043945,198700,0.0,0.0,0.0
2023-01-20 00:00:00-05:00,12.25999641418457,12.268822265527875,12.233516334875297,12.25999641418457,233000,0.0,0.0,0.0
2023-01-23 00:00:00-05:00,12.207035064697266,12.233514297837619,12.198208373063933,12.207035064697266,183900,0.0,0.0,0.0
2023-01-24 00:00:00-05:00,12.215865177399387,12.251171112060547,12.180559242738228,12.251171112060547,175700,0.0,0.0,0.0
2023-01-25 00:00:00-05:00,12.251166887713172,12.312952041625977,12.224687656287625,12.312952041625977,183200,0.0,0.0,0.0
2023-01-26 00:00:00-05:00,12.277644157409668,12.304123384604349,12.242338240563608,12.277644157409668,267200,0.0,0.0,0.0
2023-01-27 00:00:00-05:00,12.233386709670043,12.251091003417969,12.215683260109307,12.251091003417969,383000,0.04,0.0,0.0
2023-01-30 00:00:00-05:00,12.233387245151851,12.233387245151851,12.215683794816195,12.224535942077637,161800,0.0,0.0,0.0
2023-01-31 00:00:00-05:00,12.251091539674732,12.251091539674732,12.1891281972191,12.224535942077637,199700,0.0,0.0,0.0
2023-02-01 00:00:00-05:00,12.286499165608376,12.304202615772672,12.224535823752506,12.277647018432617,223900,0.0,0.0,0.0
2023-02-02 00:00:00-05:00,12.313056802163866,12.330761099447463,12.295353349067629,12.321908950805664,297000,0.0,0.0,0.0
2023-02-03 00:00:00-05:00,12.251091145389632,12.259943292366177,12.2068312546941,12.242238998413086,172300,0.0,0.0,0.0
2023-02-06 00:00:00-05:00,12.180275246724506,12.180275246724506,12.136015357523265,12.16257095336914,303100,0.0,0.0,0.0
2023-02-07 00:00:00-05:00,12.12716293334961,12.16257067506296,12.100607338111383,12.12716293334961,194400,0.0,0.0,0.0
2023-02-08 00:00:00-05:00,12.136017118062592,12.171424865722656,12.109461518364366,12.171424865722656,131700,0.0,0.0,0.0
2023-02-09 00:00:00-05:00,12.215682709726565,12.215682709726565,12.118310786874483,12.12716293334961,193800,0.0,0.0,0.0
2023-02-10 00:00:00-05:00,12.08290383755323,12.08290383755323,12.02094049653812,12.038644790649414,175400,0.0,0.0,0.0
2023-02-13 00:00:00-05:00,12.047495976343843,12.091755867004395,12.047495976343843,12.091755867004395,191900,0.0,0.0,0.0
2023-02-14 00:00:00-05:00,12.065202587148004,12.074054735817422,11.994387086167393,12.020942687988281,253700,0.0,0.0,0.0
2023-02-15 00:00:00-05:00,12.003238549587083,12.003238549587083,11.932422208461926,11.958978652954102,302700,0.0,0.0,0.0
2023-02-16 00:00:00-05:00,11.941271640775488,11.958975933077049,11.914716046510268,11.95012378692627,233900,0.0,0.0,0.0
2023-02-17 00:00:00-05:00,11.932420722437476,11.985532760620117,11.932420722437476,11.985532760620117,348200,0.0,0.0,0.0
2023-02-21 00:00:00-05:00,11.88816304213818,11.897014346030138,11.852755294008432,11.86160659790039,197200,0.0,0.0,0.0
2023-02-22 00:00:00-05:00,11.852753664633786,11.905864857433665,11.852753664633786,11.897012710571289,190100,0.0,0.0,0.0
2023-02-23 00:00:00-05:00,11.888163156016256,11.958978652954102,11.888163156016256,11.958978652954102,275200,0.0,0.0,0.0
2023-02-24 00:00:00-05:00,11.896829198790323,11.914586067199707,11.870194742870337,11.914586067199707,168500,0.04,0.0,0.0
2023-02-27 00:00:00-05:00,11.914588411436654,11.932344436645508,11.905709975485099,11.932344436645508,111800,0.0,0.0,0.0
2023-02-28 00:00:00-05:00,11.905710272728395,11.985614504898804,11.896831836555178,11.976736068725586,333600,0.0,0.0,0.0
2023-03-01 00:00:00-05:00,11.958978622540004,11.958978622540004,11.905708858522559,11.923465728759766,181000,0.0,0.0,0.0
2023-03-02 00:00:00-05:00,11.861314095223111,11.87907096031888,11.852436509369156,11.870192527770996,163000,0.0,0.0,0.0
2023-03-03 00:00:00-05:00,11.941218289224489,12.003366470336914,11.932339856680723,12.003366470336914,194200,0.0,0.0,0.0
2023-03-06 00:00:00-05:00,12.021124805914951,12.021124805914951,11.967855047078046,11.985611915588379,154300,0.0,0.0,0.0
2023-03-07 00:00:00-05:00,11.994488037793149,12.012244056186749,11.958975154312018,12.003366470336914,174900,0.0,0.0,0.0
2023-03-08 00:00:00-05:00,12.021127455173056,12.07439722574974,12.01224901896123,12.047761917114258,201200,0.0,0.0,0.0
2023-03-09 00:00:00-05:00,12.065515992944459,12.11878490447998,12.047759124636562,12.11878490447998,332800,0.0,0.0,0.0
2023-03-10 00:00:00-05:00,12.163175927142877,12.25195857309409,12.163175927142877,12.243080139160156,149500,0.0,0.0,0.0
2023-03-13 00:00:00-04:00,12.402889691017752,12.438402583288692,12.36737679874681,12.420645713806152,240700,0.0,0.0,0.0
2023-03-14 00:00:00-04:00,12.37625360713818,12.37625360713818,12.287471805400804,12.32298469543457,204100,0.0,0.0,0.0
2023-03-15 00:00:00-04:00,12.420644965686261,12.447280268305775,12.29635027357155,12.358497619628906,293400,0.0,0.0,0.0
2023-03-16 00:00:00-04:00,12.411766150434588,12.411766150434588,12.234201705226223,12.243080139160156,261300,0.0,0.0,0.0
2023-03-17 00:00:00-04:00,12.296353390271157,12.394013651213937,12.287474953814277,12.367379188537598,189400,0.0,0.0,0.0
2023-03-20 00:00:00-04:00,12.376255767980819,12.376255767980819,12.269717079278307,12.29635238647461,150200,0.0,0.0,0.0
2023-03-21 00:00:00-04:00,12.243081638563416,12.32298586036652,12.234203203542146,12.260838508605957,243800,0.0,0.0,0.0
2023-03-22 00:00:00-04:00,12.251960868393047,12.402890886769107,12.243082432795815,12.394012451171875,151900,0.0,0.0,0.0
2023-03-23 00:00:00-04:00,12.322987852947497,12.376256778300176,12.322987852947497,12.367379188537598,301100,0.0,0.0,0.0
2023-03-24 00:00:00-04:00,12.394013651213937,12.411769677433394,12.340743879166956,12.367379188537598,216900,0.0,0.0,0.0
2023-03-27 00:00:00-04:00,12.296349896069696,12.314105917243502,12.22532411798635,12.243080139160156,181500,0.0,0.0,0.0
2023-03-28 00:00:00-04:00,12.20756598642062,12.20756598642062,12.172053101055157,12.198687553405762,74900,0.0,0.0,0.0
2023-03-29 00:00:00-04:00,12.1897843524667,12.234305284630464,12.1897843524667,12.216497421264648,101100,0.04,0.0,0.0
2023-03-30 00:00:00-04:00,12.2075949658925,12.243211547336282,12.2075949658925,12.22540283203125,142400,0.0,0.0,0.0
2023-03-31 00:00:00-04:00,12.216500571899127,12.261021515544837,12.216500571899127,12.252117156982422,194300,0.0,0.0,0.0
2023-04-03 00:00:00-04:00,12.225402566042344,12.314444442297651,12.207594700291043,12.305540084838867,165600,0.0,0.0,0.0
2023-04-04 00:00:00-04:00,12.261016599504547,12.367866311913161,12.243207889520095,12.350057601928711,257700,0.0,0.0,0.0
2023-04-05 00:00:00-04:00,12.341157913208008,12.37677449747774,12.323350045656316,12.341157913208008,426500,0.0,0.0,0.0
2023-04-06 00:00:00-04:00,12.332252697828912,12.358964920043945,12.314443983574733,12.358964920043945,147700,0.0,0.0,0.0
2023-04-10 00:00:00-04:00,12.287730017802167,12.287730017802167,12.243209087650216,12.261017799377441,117900,0.0,0.0,0.0
2023-04-11 00:00:00-04:00,12.269925024940884,12.269925024940884,12.216500571899127,12.252117156982422,166200,0.0,0.0,0.0
2023-04-12 00:00:00-04:00,12.305540746402027,12.305540746402027,12.2254032232972,12.26992416381836,187600,0.0,0.0,0.0
2023-04-13 00:00:00-04:00,12.278828128780065,12.278828128780065,12.216499323545017,12.22540283203125,304700,0.0,0.0,0.0
2023-04-14 00:00:00-04:00,12.207590751276225,12.216495105854554,12.136357612981586,12.171974182128906,193800,0.0,0.0,0.0
2023-04-17 00:00:00-04:00,12.145265479284312,12.145265479284312,12.118552407825419,12.136361122131348,88100,0.0,0.0,0.0
2023-04-18 00:00:00-04:00,12.127455912495225,12.18088120249132,12.127455912495225,12.145264625549316,148700,0.0,0.0,0.0
2023-04-19 00:00:00-04:00,12.136361317012295,12.163073539733887,12.136361317012295,12.163073539733887,136500,0.0,0.0,0.0
2023-04-20 00:00:00-04:00,12.198690608239984,12.22540283203125,12.189786250587469,12.22540283203125,110100,0.0,0.0,0.0
2023-04-21 00:00:00-04:00,12.287733742065715,12.287733742065715,12.20759621333671,12.252117156982422,295300,0.0,0.0,0.0
2023-04-24 00:00:00-04:00,12.269923309918514,12.287732024554142,12.261019801766952,12.278827667236328,95000,0.0,0.0,0.0
2023-04-25 00:00:00-04:00,12.341152599489797,12.394577877474301,12.3322490941307,12.385673522949219,190900,0.0,0.0,0.0
2023-04-26 00:00:00-04:00,12.367816000448597,12.367816000448597,12.305306605741267,12.314236640930176,140200,0.04,0.0,0.0
2023-04-27 00:00:00-04:00,12.278517140087244,12.296377210157123,12.23386781652756,12.2427978515625,93400,0.0,0.0,0.0
2023-04-28 00:00:00-04:00,12.3320976332379,12.376746109290242,12.296378341426973,12.367816925048828,189100,0.0,0.0,0.0
2023-05-01 00:00:00-04:00,12.332096498681867,12.332096498681867,12.23386781652756,12.2427978515625,149900,0.0,0.0,0.0
2023-05-02 00:00:00-04:00,12.260658028913308,12.36781675448335,12.260658028913308,12.35888671875,183000,0.0,0.0,0.0
2023-05-03 00:00:00-04:00,12.385675840225119,12.41246509552002,12.367816620566874,12.41246509552002,157500,0.0,0.0,0.0
2023-05-04 00:00:00-04:00,12.358886957476749,12.43032554149331,12.358886957476749,12.37674617767334,126900,0.0,0.0,0.0
2023-05-05 00:00:00-04:00,12.287448099974068,12.296378135681152,12.269588028559896,12.296378135681152,148900,0.0,0.0,0.0
2023-05-08 00:00:00-04:00,12.242797680173597,12.269586933288375,12.224937610353745,12.233867645263672,255900,0.0,0.0,0.0
2023-05-09 00:00:00-04:00,12.242798262395892,12.269587516784668,12.242798262395892,12.269587516784668,171900,0.0,0.0,0.0
2023-05-10 00:00:00-04:00,12.28744738697848,12.323166676119085,12.269587316600662,12.314236640930176,148000,0.0,0.0,0.0
2023-05-11 00:00:00-04:00,12.385676145146746,12.385676145146746,12.341026817479314,12.367816925048828,79400,0.0,0.0,0.0
2023-05-12 00:00:00-04:00,12.36781736835643,12.36781736835643,12.323168039088603,12.34102725982666,192100,0.0,0.0,0.0
2023-05-15 00:00:00-04:00,12.28744888305664,12.305308103993907,12.269588810504242,12.28744888305664,104300,0.0,0.0,0.0
2023-05-16 00:00:00-04:00,12.242798394692912,12.242798394692912,12.189219033721335,12.216009140014648,172800,0.0,0.0,0.0
2023-05-17 00:00:00-04:00,12.18028777624971,12.207077026367188,12.171357742338916,12.207077026367188,202300,0.0,0.0,0.0
2023-05-18 00:00:00-04:00,12.13564092745135,12.153500147291705,12.117780855995916,12.126710891723633,211300,0.0,0.0,0.0
2023-05-19 00:00:00-04:00,12.117783334437659,12.189221931640523,12.117783334437659,12.162432670593262,170000,0.0,0.0,0.0
2023-05-23 00:00:00-04:00,12.108852831000068,12.11778201596745,12.064203499702517,12.082062721252441,257200,0.0,0.0,0.0
2023-05-24 00:00:00-04:00,12.099926382332999,12.099926382332999,12.046346998565346,12.064207077026367,190800,0.0,0.0,0.0
2023-05-25 00:00:00-04:00,12.07313271908345,12.07313271908345,12.019553354830016,12.028483390808105,215000,0.0,0.0,0.0
2023-05-26 00:00:00-04:00,12.010623318851927,12.037412575171093,11.992764098510852,12.028483390808105,120300,0.0,0.0,0.0
2023-05-29 00:00:00-04:00,12.055271931505116,12.064201966953103,12.037411860609142,12.046341896057129,88700,0.0,0.0,0.0
2023-05-30 00:00:00-04:00,12.073217371806209,12.10008716583252,12.064261627945637,12.10008716583252,141100,0.04,0.0,0.0
2023-05-31 00:00:00-04:00,12.073211449922809,12.162775677783062,12.073211449922809,12.15381908416748,168000,0.0,0.0,0.0
2023-06-01 00:00:00-04:00,12.171734809875488,12.207560337661628,12.15382161890844,12.171734809875488,250500,0.0,0.0,0.0
2023-06-02 00:00:00-04:00,12.153822372108847,12.153822372108847,12.117996842102517,12.135910034179688,89200,0.0,0.0,0.0
2023-06-05 00:00:00-04:00,12.064257187228764,12.135908236628588,12.055300592516815,12.109039306640625,187200,0.0,0.0,0.0
2023-06-06 00:00:00-04:00,12.091126117216728,12.109039306640625,12.064257187228764,12.109039306640625,188200,0.0,0.0,0.0
2023-06-07 00:00:00-04:00,12.082168913346514,12.117994436240176,11.965735750405152,11.974692344665527,237800,0.0,0.0,0.0
2023-06-08 00:00:00-04:00,11.983650096481282,12.03738795893864,11.983650096481282,12.010519027709961,115700,0.0,0.0,0.0
2023-06-09 00:00:00-04:00,11.992604680728698,12.046342534175482,11.97469149348125,12.037385940551758,152400,0.0,0.0,0.0
2023-06-12 00:00:00-04:00,12.073211777158672,12.073211777158672,12.028430516162562,12.046342849731445,101000,0.0,0.0,0.0
2023-06-13 00:00:00-04:00,12.073212963578458,12.073212963578458,11.947824053831049,11.965736389160156,139500,0.0,0.0,0.0
2023-06-14 00:00:00-04:00,11.992606053416491,12.02843157786424,11.97469286411868,12.019474983215332,123600,0.0,0.0,0.0
2023-06-15 00:00:00-04:00,12.037381394732389,12.073206901550293,12.028425658638506,12.073206901550293,272000,0.0,0.0,0.0
2023-06-16 00:00:00-04:00,12.046337984973729,12.073206901550293,12.019469068397166,12.073206901550293,244100,0.0,0.0,0.0
2023-06-19 00:00:00-04:00,12.019474983215332,12.019474983215332,12.00156179391752,12.019474983215332,88100,0.0,0.0,0.0
2023-06-20 00:00:00-04:00,12.037381394732389,12.091120082032973,12.037381394732389,12.073206901550293,141400,0.0,0.0,0.0
2023-06-21 00:00:00-04:00,12.019473922304218,12.055299443589789,11.983648401018648,12.046342849731445,122300,0.0,0.0,0.0
2023-06-22 00:00:00-04:00,11.974692344665527,12.010517867559189,11.956780010292617,11.974692344665527,273400,0.0,0.0,0.0
2023-06-23 00:00:00-04:00,12.046342534175482,12.073211460898872,12.010517013828366,12.037385940551758,188600,0.0,0.0,0.0
2023-06-26 00:00:00-04:00,12.091120082032973,12.126945588850877,12.073206901550293,12.073206901550293,164000,0.0,0.0,0.0
2023-06-27 00:00:00-04:00,12.10903581151177,12.13590473374434,12.064253705025731,12.0911226272583,189000,0.0,0.0,0.0
2023-06-28 00:00:00-04:00,12.127058179702836,12.154006958007812,12.118074968039103,12.154006958007812,57900,0.04,0.0,0.0
2023-06-29 00:00:00-04:00,12.07315564687589,12.07315564687589,12.037223669167679,12.055190086364746,248300,0.0,0.0,0.0
2023-06-30 00:00:00-04:00,12.100107902236749,12.162988662719727,12.091124691686007,12.162988662719727,234600,0.0,0.0,0.0
2023-07-04 00:00:00-04:00,12.118072107248084,12.127055316791091,12.091123335305078,12.109088897705078,133700,0.0,0.0,0.0
2023-07-05 00:00:00-04:00,12.073157707106446,12.082140917237924,12.028243369821194,12.037225723266602,254100,0.0,0.0,0.0
2023-07-06 00:00:00-04:00,11.992315292358398,12.00129764872972,11.965365653185387,11.992315292358398,182400,0.0,0.0,0.0
2023-07-07 00:00:00-04:00,11.938413619995117,11.965362395143913,11.92943040938348,11.938413619995117,181700,0.0,0.0,0.0
2023-07-10 00:00:00-04:00,11.920446308376262,11.974343850774535,11.920446308376262,11.965360641479492,127200,0.0,0.0,0.0
2023-07-11 00:00:00-04:00,11.956380041218392,11.956380041218392,11.92943040938348,11.938413619995117,179700,0.0,0.0,0.0
2023-07-12 00:00:00-04:00,11.983331672500379,12.046212448396748,11.956382890928552,12.028246879577637,126400,0.0,0.0,0.0
2023-07-13 00:00:00-04:00,12.046209489208378,12.08214147470612,12.028243924802563,12.073158264160156,166500,0.0,0.0,0.0
2023-07-14 00:00:00-04:00,12.055190086364746,12.07315564687589,12.028241317255068,12.055190086364746,196100,0.0,0.0,0.0
2023-07-17 00:00:00-04:00,12.028246879577637,12.055195661149464,12.019263666824921,12.028246879577637,199500,0.0,0.0,0.0
2023-07-18 00:00:00-04:00,12.064176711286247,12.091125488027256,12.046210289001465,12.046210289001465,121500,0.0,0.0,0.0
2023-07-19 00:00:00-04:00,12.055193899826868,12.100109100341797,12.046210688386644,12.100109100341797,189800,0.0,0.0,0.0
2023-07-20 00:00:00-04:00,12.046208374259578,12.046208374259578,11.974344409915538,12.001293182373047,188300,0.0,0.0,0.0
2023-07-21 00:00:00-04:00,12.04620893339808,12.064175353661037,12.028243369821194,12.037225723266602,186300,0.0,0.0,0.0
2023-07-24 00:00:00-04:00,12.055193750206705,12.073159316177984,11.983329772949219,11.983329772949219,300600,0.0,0.0,0.0
2023-07-25 00:00:00-04:00,11.956380595518626,11.983329371916772,11.947397384490525,11.974346160888672,138100,0.0,0.0,0.0
2023-07-26 00:00:00-04:00,12.019263666824921,12.028246879577637,11.992314885253094,12.028246879577637,94200,0.0,0.0,0.0
2023-07-27 00:00:00-04:00,11.965174690471562,11.974184817574109,11.89309539215721,11.911115646362305,389400,0.04,0.0,0.0
2023-07-28 00:00:00-04:00,11.929136626858746,12.001215934753418,11.929136626858746,12.001215934753418,392700,0.0,0.0,0.0
2023-07-31 00:00:00-04:00,12.001216493419005,12.028246879577637,11.99220722395263,12.028246879577637,201400,0.0,0.0,0.0
2023-08-01 00:00:00-04:00,11.95616398219767,11.96517324896181,11.91111421136534,11.938143730163574,199400,0.0,0.0,0.0
2023-08-02 00:00:00-04:00,11.911114974960116,11.938144495491152,11.893094721770781,11.929134368896484,365900,0.0,0.0,0.0
2023-08-03 00:00:00-04:00,11.857059017128243,11.857059017128243,11.82101935801932,11.830029487609863,249500,0.0,0.0,0.0
2023-08-04 00:00:00-04:00,11.875077484244928,11.992206573486328,11.875077484244928,11.992206573486328,196500,0.0,0.0,0.0
2023-08-08 00:00:00-04:00,12.028246227156519,12.046265624365052,11.965176188793844,11.992206573486328,98200,0.0,0.0,0.0
2023-08-09 00:00:00-04:00,11.992206573486328,12.010225970694862,11.974186317024671,11.992206573486328,141300,0.0,0.0,0.0
2023-08-10 00:00:00-04:00,11.974184142616856,12.001213663147892,11.920124242301817,11.929134368896484,243700,0.0,0.0,0.0
2023-08-11 00:00:00-04:00,11.875074669867216,11.911114314996055,11.875074669867216,11.893094062805176,95400,0.0,0.0,0.0
2023-08-14 00:00:00-04:00,11.875075340270996,11.893094734226237,11.857055087062788,11.875075340270996,125800,0.0,0.0,0.0
2023-08-15 00:00:00-04:00,11.839037521310747,11.857056918048572,11.812007137324363,11.821017265319824,119400,0.0,0.0,0.0
2023-08-16 00:00:00-04:00,11.81200685764037,11.830027113204611,11.784977333547086,11.802997589111328,165800,0.0,0.0,0.0
2023-08-17 00:00:00-04:00,11.793986320495605,11.81200571506375,11.76695679901689,11.793986320495605,148600,0.0,0.0,0.0
2023-08-18 00:00:00-04:00,11.830026906798643,11.86606655804524,11.821016779173728,11.84804630279541,213300,0.0,0.0,0.0
2023-08-21 00:00:00-04:00,11.802997589111328,11.81200685764037,11.775967205764966,11.802997589111328,269100,0.0,0.0,0.0
2023-08-22 00:00:00-04:00,11.784977633464075,11.802997889486916,11.757948108682916,11.766958236694336,85500,0.0,0.0,0.0
2023-08-23 00:00:00-04:00,11.848044760842576,11.920124053955078,11.839035493643228,11.920124053955078,139400,0.0,0.0,0.0
2023-08-24 00:00:00-04:00,11.857057571411133,11.902107354617733,11.857057571411133,11.857057571411133,82800,0.0,0.0,0.0
2023-08-25 00:00:00-04:00,11.857052992968148,11.884082508753762,11.830023477182532,11.866063117980957,109200,0.0,0.0,0.0
2023-08-28 00:00:00-04:00,11.884084701538086,11.893094828213394,11.866065307440444,11.884084701538086,82500,0.0,0.0,0.0
2023-08-29 00:00:00-04:00,11.884084642186412,11.965420722961426,11.875047970218816,11.965420722961426,206900,0.04,0.0,0.0
2023-08-30 00:00:00-04:00,11.965421239363462,11.974458773587763,11.947347032781561,11.95638370513916,66400,0.0,0.0,0.0
2023-08-31 00:00:00-04:00,11.983497102627448,12.01060884523186,11.983497102627448,11.992534637451172,185900,0.0,0.0,0.0
2023-09-01 00:00:00-04:00,12.01060764090521,12.028682708740234,11.974458367101834,12.028682708740234,145300,0.0,0.0,0.0
2023-09-05 00:00:00-04:00,11.947347893663117,11.947347893663117,11.893123546276808,11.911198616027832,131800,0.0,0.0,0.0
2023-09-06 00:00:00-04:00,11.929269518756424,11.929269518756424,11.875046048260177,11.9021577835083,120800,0.0,0.0,0.0
2023-09-07 00:00:00-04:00,11.902159520986416,11.938308793883161,11.893121987295569,11.920233726501465,79300,0.0,0.0,0.0
2023-09-08 00:00:00-04:00,11.938308793883161,11.965420533089057,11.911197054677265,11.920233726501465,113200,0.0,0.0,0.0
2023-09-11 00:00:00-04:00,11.9021577835083,11.91119531587985,11.884082718765203,11.9021577835083,112100,0.0,0.0,0.0
2023-09-12 00:00:00-04:00,11.9021577835083,11.91119531587985,11.875046048260177,11.9021577835083,150100,0.0,0.0,0.0
2023-09-13 00:00:00-04:00,11.884085138822728,11.929271948015725,11.87504846647749,11.893122673034668,74600,0.0,0.0,0.0
2023-09-14 00:00:00-04:00,11.929269518756424,11.929269518756424,11.893120251136752,11.9021577835083,105600,0.0,0.0,0.0
2023-09-15 00:00:00-04:00,11.893122844207449,11.911197912891474,11.866011103048123,11.875048637390137,137800,0.0,0.0,0.0
2023-09-18 00:00:00-04:00,11.856975990728396,11.875051063104612,11.856975990728396,11.866013526916504,84000,0.0,0.0,0.0
2023-09-19 00:00:00-04:00,11.793714087337356,11.81178829650755,11.766602342648655,11.784676551818848,164500,0.0,0.0,0.0
2023-09-20 00:00:00-04:00,11.784676725611055,11.81178847069958,11.766602516174316,11.766602516174316,84100,0.0,0.0,0.0
2023-09-21 00:00:00-04:00,11.739488335998711,11.748525870439371,11.703339060102799,11.712376594543457,164400,0.0,0.0,0.0
2023-09-22 00:00:00-04:00,11.712378245862896,11.757565062570324,11.70334071014804,11.748527526855469,78800,0.0,0.0,0.0
2023-09-25 00:00:00-04:00,11.685264666676467,11.694301339106245,11.667189598083496,11.667189598083496,124600,0.0,0.0,0.0
2023-09-26 00:00:00-04:00,11.676225739349125,11.685263272567388,11.649114001560939,11.658150672912598,246400,0.0,0.0,0.0
2023-09-27 00:00:00-04:00,11.640078532525177,11.640078532525177,11.558742442870354,11.576817512512207,172800,0.0,0.0,0.0
2023-09-28 00:00:00-04:00,11.558742706385281,11.612967054680283,11.53163096317117,11.60392951965332,83500,0.0,0.0,0.0
2023-09-29 00:00:00-04:00,11.63104248046875,11.66719176249413,11.62200494449569,11.63104248046875,187700,0.0,0.0,0.0
2023-10-02 00:00:00-04:00,11.631037955094305,11.631037955094305,11.585851154677027,11.594888687133789,85400,0.0,0.0,0.0
2023-10-03 00:00:00-04:00,11.486442644283803,11.513554383944165,11.450293370781102,11.468367576599121,341400,0.0,0.0,0.0
2023-10-04 00:00:00-04:00,11.54066641092652,11.56777814923714,11.531628877534105,11.558740615844727,150600,0.0,0.0,0.0
2023-10-05 00:00:00-04:00,11.576817075495391,11.576817075495391,11.558742006535859,11.567779541015625,199000,0.0,0.0,0.0
2023-10-06 00:00:00-04:00,11.522593165453406,11.576817512512207,11.51355563063248,11.576817512512207,95200,0.0,0.0,0.0
2023-10-10 00:00:00-04:00,11.63103644686247,11.703334973408333,11.63103644686247,11.685260772705078,99800,0.0,0.0,0.0
2023-10-11 00:00:00-04:00,11.730450114099236,11.748525181921272,11.712375908143873,11.739487648010254,131100,0.0,0.0,0.0
2023-10-12 00:00:00-04:00,11.712376407699216,11.721413941995701,11.640077857060747,11.667189598083496,158700,0.0,0.0,0.0
2023-10-13 00:00:00-04:00,11.712376594543457,11.721414128984115,11.676227318647543,11.712376594543457,87300,0.0,0.0,0.0
2023-10-16 00:00:00-04:00,11.65815206378701,11.676227132379982,11.631040322764262,11.667189598083496,92400,0.0,0.0,0.0
2023-10-17 00:00:00-04:00,11.640076468342675,11.676225739349125,11.640076468342675,11.658150672912598,197900,0.0,0.0,0.0
2023-10-18 00:00:00-04:00,11.640080016441813,11.65815422652107,11.612968270389494,11.63104248046875,83900,0.0,0.0,0.0
2023-10-19 00:00:00-04:00,11.61296635154773,11.62200302416077,11.558742006535859,11.567779541015625,340600,0.0,0.0,0.0
2023-10-20 00:00:00-04:00,11.576818211550167,11.622004164649729,11.576818211550167,11.612967491149902,97800,0.0,0.0,0.0
2023-10-23 00:00:00-04:00,11.576819165306228,11.685267013039905,11.576819165306228,11.676229476928711,213300,0.0,0.0,0.0
2023-10-24 00:00:00-04:00,11.667190815048244,11.694302558898926,11.658153279809085,11.694302558898926,119400,0.0,0.0,0.0
2023-10-25 00:00:00-04:00,11.649117115875335,11.667191325277278,11.603930299570226,11.622004508972168,169500,0.0,0.0,0.0
2023-10-26 00:00:00-04:00,11.667190299229546,11.721414646400392,11.667190299229546,11.703339576721191,348000,0.0,0.0,0.0
2023-10-27 00:00:00-04:00,11.712403579361427,11.75773039124019,11.712403579361427,11.748664855957031,128700,0.04,0.0,0.0
2023-10-30 00:00:00-04:00,11.685209276807203,11.73053522972976,11.685209276807203,11.694273948669434,129700,0.0,0.0,0.0
2023-10-31 00:00:00-04:00,11.712403970372081,11.721469505957886,11.676142692565918,11.676142692565918,81500,0.0,0.0,0.0
2023-11-01 00:00:00-04:00,11.72146939506358,11.793991949989785,11.72146939506358,11.784926414489746,164700,0.0,0.0,0.0
2023-11-02 00:00:00-04:00,11.848386854460932,11.86651793069532,11.830256642763842,11.857452392578125,325800,0.0,0.0,0.0
2023-11-03 00:00:00-04:00,11.902776139867523,11.984364232744184,11.902776139867523,11.957167625427246,272600,0.0,0.0,0.0
2023-11-06 00:00:00-05:00,11.920907881154962,11.929973418094054,11.884646597935781,11.902777671813965,205900,0.0,0.0,0.0
2023-11-07 00:00:00-05:00,11.939039321181323,11.966235068295454,11.920908246747091,11.948104858398438,189800,0.0,0.0,0.0
2023-11-08 00:00:00-05:00,11.948101235314699,11.984362508650255,11.939035700846572,11.975296974182129,236000,0.0,0.0,0.0
2023-11-09 00:00:00-05:00,11.966233461997788,11.966233461997788,11.857449623606739,11.866515159606934,380500,0.0,0.0,0.0
2023-11-10 00:00:00-05:00,11.929972182534106,11.929972182534106,11.866515159606934,11.866515159606934,147100,0.0,0.0,0.0
2023-11-13 00:00:00-05:00,11.86651620664744,11.88464641571045,11.86651620664744,11.88464641571045,86100,0.0,0.0,0.0
2023-11-14 00:00:00-05:00,12.002494995730743,12.03875627596261,12.002494995730743,12.020626068115234,198200,0.0,0.0,0.0
2023-11-15 00:00:00-05:00,11.96623316119956,11.97529869697187,11.939037418419698,11.957167625427246,151500,0.0,0.0,0.0
2023-11-16 00:00:00-05:00,12.002493858337402,12.029690464336905,11.984363652208101,12.002493858337402,161400,0.0,0.0,0.0
2023-11-17 00:00:00-05:00,12.02969160430748,12.03875627596261,12.002494995730743,12.020626068115234,155000,0.0,0.0,0.0
2023-11-20 00:00:00-05:00,12.020627296385214,12.06595411744083,12.01156175926665,12.056888580322266,215800,0.0,0.0,0.0
2023-11-21 00:00:00-05:00,12.06595411744083,12.084084327140754,12.038757506085139,12.056888580322266,246600,0.0,0.0,0.0
2023-11-22 00:00:00-05:00,12.093148043749817,12.10221357950365,12.047821229517725,12.06595230102539,232500,0.0,0.0,0.0
2023-11-23 00:00:00-05:00,12.06595393516359,12.06595393516359,12.029692651774328,12.03875732421875,288400,0.0,0.0,0.0
2023-11-24 00:00:00-05:00,12.038754459105473,12.047819993929572,12.002493184346061,12.02968978881836,180400,0.0,0.0,0.0
2023-11-27 00:00:00-05:00,12.05688989538894,12.111281394958496,12.05688989538894,12.111281394958496,99400,0.0,0.0,0.0
2023-11-28 00:00:00-05:00,12.093094508508452,12.156742095947266,12.093094508508452,12.156742095947266,420500,0.04,0.0,0.0
2023-11-29 00:00:00-05:00,12.184019707716994,12.22038988214978,12.174927814458815,12.211297988891602,326000,0.0,0.0,0.0
2023-11-30 00:00:00-05:00,12.193112803060753,12.202205563702075,12.165835388270176,12.184020042419434,327100,0.0,0.0,0.0
2023-12-01 00:00:00-05:00,12.156739243359947,12.320405420807761,12.156739243359947,12.29312801361084,391200,0.0,0.0,0.0
2023-12-04 00:00:00-05:00,12.284041404724121,12.311318825575746,12.256763116738918,12.284041404724121,149100,0.0,0.0,0.0
2023-12-05 00:00:00-05:00,12.320407980971398,12.37496280670166,12.320407980971398,12.37496280670166,201900,0.0,0.0,0.0
2023-12-06 00:00:00-05:00,12.39314800288665,12.447702827191478,12.384055243124745,12.420425415039062,337700,0.0,0.0,0.0
2023-12-07 00:00:00-05:00,12.420425415039062,12.447702827191478,12.39314800288665,12.420425415039062,209200,0.0,0.0,0.0
2023-12-08 00:00:00-05:00,12.356777716091674,12.374962368313122,12.329500304192857,12.365870475769043,290700,0.0,0.0,0.0
2023-12-11 00:00:00-05:00,12.329500627347329,12.347685280045393,12.293130454817886,12.32040786743164,162400,0.0,0.0,0.0
2023-12-12 00:00:00-05:00,12.329503586698443,12.356781005859375,12.320410824600293,12.356781005859375,293500,0.0,0.0,0.0
2023-12-13 00:00:00-05:00,12.384059233644216,12.511355309929634,12.365874575394058,12.493169784545898,363400,0.0,0.0,0.0
2023-12-14 00:00:00-05:00,12.547723446153684,12.611371040344238,12.538630684945481,12.611371040344238,281400,0.0,0.0,0.0
2023-12-15 00:00:00-05:00,12.629556139372115,12.63864803314209,12.575000441085235,12.63864803314209,402400,0.0,0.0,0.0
2023-12-18 00:00:00-05:00,12.602276793336769,12.602276793336769,12.556814726922566,12.584092140197754,157100,0.0,0.0,0.0
2023-12-19 00:00:00-05:00,12.593185862040142,12.620463277398429,12.593185862040142,12.602277755737305,203300,0.0,0.0,0.0
2023-12-20 00:00:00-05:00,12.62046114293523,12.665924072265625,12.62046114293523,12.665924072265625,254500,0.0,0.0,0.0
2023-12-21 00:00:00-05:00,12.693204156951198,12.693204156951198,12.602278279136033,12.611371040344238,277600,0.0,0.0,0.0
2023-12-22 00:00:00-05:00,12.629554863793448,12.629554863793448,12.502258825403166,12.511351585388184,352700,0.0,0.0,0.0
2023-12-27 00:00:00-05:00,12.629901328003914,12.657258270737254,12.593425114472282,12.648138999938965,189900,0.04,0.0,0.0
2023-12-28 00:00:00-05:00,12.62990140639484,12.639019807588197,12.584305921781919,12.611662864685059,169500,0.0,0.0,0.0
2023-12-29 00:00:00-05:00,12.556948978878781,12.62990140639484,12.556948978878781,12.611662864685059,155500,0.0,0.0,0.0
2024-01-02 00:00:00-05:00,12.538710114115853,12.575186326934094,12.511353171917552,12.520471572875977,219100,0.0,0.0,0.0
2024-01-03 00:00:00-05:00,12.511351909393632,12.575185057968753,12.49311336999421,12.566065788269043,401300,0.0,0.0,0.0
2024-01-04 00:00:00-05:00,12.502234696309692,12.529591640247611,12.474877752371773,12.493115425109863,190900,0.0,0.0,0.0
2024-01-05 00:00:00-05:00,12.456635475158691,12.538707152026857,12.438397807888714,12.456635475158691,301900,0.0,0.0,0.0
2024-01-08 00:00:00-05:00,12.465756342694386,12.529589490819593,12.45663707305895,12.502232551574707,161700,0.0,0.0,0.0
2024-01-09 00:00:00-05:00,12.502232551574707,12.529589490819593,12.483994012303837,12.502232551574707,208500,0.0,0.0,0.0
2024-01-10 00:00:00-05:00,12.52047125299385,12.529590523380802,12.447518829221211,12.465757369995117,193700,0.0,0.0,0.0
2024-01-11 00:00:00-05:00,12.474877752371773,12.502234696309692,12.438401537234025,12.493115425109863,189500,0.0,0.0,0.0
2024-01-12 00:00:00-05:00,12.511351821210141,12.538708760455028,12.483994012303837,12.502232551574707,202800,0.0,0.0,0.0
2024-01-15 00:00:00-05:00,12.493113281939271,12.520470221184159,12.47487561232982,12.502232551574707,94800,0.0,0.0,0.0
2024-01-16 00:00:00-05:00,12.465756327674763,12.47487559729921,12.38368464037757,12.401923179626465,337500,0.0,0.0,0.0
2024-01-17 00:00:00-05:00,12.35632545062496,12.35632545062496,12.31072998046875,12.31072998046875,207400,0.0,0.0,0.0
2024-01-18 00:00:00-05:00,12.301612135534508,12.301612135534508,12.274255198140683,12.292492866516113,272200,0.0,0.0,0.0
2024-01-19 00:00:00-05:00,12.283376693725586,12.292495094735484,12.256018881711341,12.283376693725586,495800,0.0,0.0,0.0
2024-01-22 00:00:00-05:00,12.328967094421387,12.347204758583654,12.310728560597958,12.328967094421387,211200,0.0,0.0,0.0
2024-01-23 00:00:00-05:00,12.310734511334042,12.319853782653809,12.274258295716553,12.319853782653809,264900,0.0,0.0,0.0
2024-01-24 00:00:00-05:00,12.347209289306578,12.365447829822513,12.292494537420255,12.301613807678223,345800,0.0,0.0,0.0
2024-01-25 00:00:00-05:00,12.328969942589694,12.328969942589694,12.283374467159078,12.292492866516113,395100,0.0,0.0,0.0
2024-01-26 00:00:00-05:00,12.27425479888916,12.301611735393132,12.265135530167393,12.27425479888916,166400,0.0,0.0,0.0
2024-01-29 00:00:00-05:00,12.301694792566575,12.35657262602514,12.292548341614554,12.338279724121094,175000,0.04,0.0,0.0
2024-01-30 00:00:00-05:00,12.34742562484142,12.393157005310059,12.310840694917216,12.393157005310059,192400,0.0,0.0,0.0
2024-01-31 00:00:00-05:00,12.420595648474599,12.45718057888123,12.411449197809555,12.438888549804688,379600,0.0,0.0,0.0
2024-02-01 00:00:00-05:00,12.484620253345977,12.539498090334265,12.475474674059285,12.530351638793945,360200,0.0,0.0,0.0
2024-02-02 00:00:00-05:00,12.448036515093175,12.457182967512026,12.393159545087489,12.420598030090332,303300,0.0,0.0,0.0
2024-02-05 00:00:00-05:00,12.356571430278885,12.356571430278885,12.319986502264692,12.329132080078125,214000,0.0,0.0,0.0
2024-02-06 00:00:00-05:00,12.347426336582659,12.402304170759047,12.347426336582659,12.384011268615723,379400,0.0,0.0,0.0
2024-02-07 00:00:00-05:00,12.365717406574092,12.402302333186594,12.347424507141113,12.347424507141113,281900,0.0,0.0,0.0
2024-02-08 00:00:00-05:00,12.301692721690134,12.310839171102437,12.274254245706652,12.292546272277832,244800,0.0,0.0,0.0
2024-02-09 00:00:00-05:00,12.283403317526052,12.319988250732422,12.274256866161057,12.319988250732422,232000,0.0,0.0,0.0
2024-02-12 00:00:00-05:00,12.319985620514739,12.319985620514739,12.283400695118955,12.292546272277832,160200,0.0,0.0,0.0
2024-02-13 00:00:00-05:00,12.228526831097518,12.255965315966932,12.219380378723145,12.219380378723145,288800,0.0,0.0,0.0
2024-02-14 00:00:00-05:00,12.25596253707169,12.319986816921848,12.25596253707169,12.3016939163208,709200,0.0,0.0,0.0
2024-02-15 00:00:00-05:00,12.319988250732422,12.347426732573798,12.292548896637436,12.319988250732422,211600,0.0,0.0,0.0
2024-02-16 00:00:00-05:00,12.274256311964079,12.338279724121094,12.274256311964079,12.338279724121094,181100,0.0,0.0,0.0
2024-02-20 00:00:00-05:00,12.356569531868086,12.393154454261527,12.356569531868086,12.365715980529785,192600,0.0,0.0,0.0
2024-02-21 00:00:00-05:00,12.374864655675612,12.374864655675612,12.31998769447062,12.338279724121094,134000,0.0,0.0,0.0
2024-02-22 00:00:00-05:00,12.338282106770437,12.356575012207031,12.319990073587585,12.356575012207031,185000,0.0,0.0,0.0
2024-02-23 00:00:00-05:00,12.356574607665795,12.420598030090332,12.356574607665795,12.420598030090332,171600,0.0,0.0,0.0
2024-02-26 00:00:00-05:00,12.411449034145393,12.411449034145393,12.37486410422119,12.393157005310059,250100,0.0,0.0,0.0
2024-02-27 00:00:00-05:00,12.3564648017251,12.383984522376258,12.328944206237793,12.328944206237793,164000,0.04,0.0,0.0
2024-02-28 00:00:00-05:00,12.338118057871368,12.36563777923584,12.328944525804488,12.36563777923584,138200,0.0,0.0,0.0
2024-02-29 00:00:00-05:00,12.374810757265381,12.402331352233887,12.374810757265381,12.402331352233887,132500,0.0,0.0,0.0
2024-03-01 00:00:00-05:00,12.38398723861452,12.457373759671254,12.365640170932167,12.448200225830078,293100,0.0,0.0,0.0
2024-03-04 00:00:00-05:00,12.411506372524963,12.4390269727341,12.411506372524963,12.429853439331055,206800,0.0,0.0,0.0
2024-03-05 00:00:00-05:00,12.475718142157394,12.50323786292141,12.475718142157394,12.494064331054688,100000,0.0,0.0,0.0
2024-03-06 00:00:00-05:00,12.539932889474267,12.539932889474267,12.494066098488405,12.503239631652832,177800,0.0,0.0,0.0
2024-03-07 00:00:00-05:00,12.530758080923285,12.539931613154025,12.466545104980469,12.466545104980469,502600,0.0,0.0,0.0
2024-03-08 00:00:00-05:00,12.512410900460718,12.53075708863321,12.49406383745211,12.521583557128906,73100,0.0,0.0,0.0
2024-03-11 00:00:00-04:00,12.512411394788133,12.512411394788133,12.475718142157394,12.494064331054688,332300,0.0,0.0,0.0
2024-03-12 00:00:00-04:00,12.46654729351243,12.46654729351243,12.43902756682524,12.448200225830078,140400,0.0,0.0,0.0
2024-03-13 00:00:00-04:00,12.439024925231934,12.457371114181889,12.429851393338879,12.439024925231934,134600,0.0,0.0,0.0
2024-03-14 00:00:00-04:00,12.39315837543648,12.39315837543648,12.347291589938248,12.36563777923584,203900,0.0,0.0,0.0
2024-03-15 00:00:00-04:00,12.328942977233213,12.37480975697037,12.328942977233213,12.3472900390625,131700,0.0,0.0,0.0
2024-03-18 00:00:00-04:00,12.32894265257457,12.338116183247646,12.301422935391377,12.310596466064453,134800,0.0,0.0,0.0
2024-03-19 00:00:00-04:00,12.3839848433696,12.39315837543648,12.356465122005128,12.36563777923584,219400,0.0,0.0,0.0
2024-03-20 00:00:00-04:00,12.374811491517681,12.411504745483398,12.365637959317207,12.411504745483398,497000,0.0,0.0,0.0
2024-03-21 00:00:00-04:00,12.411501419101652,12.411501419101652,12.365634645228123,12.383981704711914,370500,0.0,0.0,0.0
2024-03-22 00:00:00-04:00,12.448197582288834,12.448197582288834,12.420677861445824,12.439024925231934,180800,0.0,0.0,0.0
2024-03-25 00:00:00-04:00,12.429851809884347,12.429851809884347,12.402332088119104,12.411504745483398,116900,0.0,0.0,0.0
2024-03-26 00:00:00-04:00,12.38398428892155,12.402331352233887,12.365637225609213,12.402331352233887,268400,0.0,0.0,0.0
2024-03-27 00:00:00-04:00,12.41153160538069,12.448333740234375,12.41153160538069,12.448333740234375,218000,0.04,0.0,0.0
2024-03-28 00:00:00-04:00,12.439135408310456,12.475937547731343,12.420733899883906,12.466736793518066,260600,0.0,0.0,0.0
2024-04-01 00:00:00-04:00,12.393131099451692,12.393131099451692,12.337927457908195,12.356328964233398,258100,0.0,0.0,0.0
2024-04-02 00:00:00-04:00,12.301123780345753,12.337925910949707,12.282723153759777,12.337925910949707,296000,0.0,0.0,0.0
2024-04-03 00:00:00-04:00,12.319528436121,12.347129821777344,12.291926173032426,12.347129821777344,232600,0.0,0.0,0.0
2024-04-04 00:00:00-04:00,12.347126169816114,12.383928298950195,12.337925418174601,12.383928298950195,175300,0.0,0.0,0.0
2024-04-05 00:00:00-04:00,12.365528839963886,12.402330975182178,12.347128211070796,12.356328964233398,218000,0.0,0.0,0.0
2024-04-08 00:00:00-04:00,12.328726547976785,12.347128054068001,12.282724537612955,12.319526672363281,566300,0.0,0.0,0.0
2024-04-09 00:00:00-04:00,12.356327575994055,12.39312970707761,12.356327575994055,12.374728202819824,678100,0.0,0.0,0.0
2024-04-10 00:00:00-04:00,12.301125369917694,12.328726752079355,12.264323234558105,12.264323234558105,423600,0.0,0.0,0.0
2024-04-11 00:00:00-04:00,12.282723487856869,12.282723487856869,12.23672060399262,12.255121231079102,201600,0.0,0.0,0.0
2024-04-12 00:00:00-04:00,12.310326139505419,12.337927521703827,12.301125386295244,12.328726768493652,321900,0.0,0.0,0.0
2024-04-15 00:00:00-04:00,12.255121666558697,12.255121666558697,12.20911965849182,12.23672103881836,149500,0.0,0.0,0.0
2024-04-16 00:00:00-04:00,12.218319533645959,12.255121666558697,12.218319533645959,12.23672103881836,155500,0.0,0.0,0.0
2024-04-17 00:00:00-04:00,12.245921791404559,12.273523171731098,12.22752028623216,12.23672103881836,245900,0.0,0.0,0.0
2024-04-18 00:00:00-04:00,12.24592406311095,12.24592406311095,12.199921169078147,12.218321800231934,111300,0.0,0.0,0.0
2024-04-19 00:00:00-04:00,12.23672103881836,12.245921791404559,12.218319533645959,12.23672103881836,227000,0.0,0.0,0.0
2024-04-22 00:00:00-04:00,12.22752028623216,12.23672103881836,12.20911965849182,12.23672103881836,163100,0.0,0.0,0.0
2024-04-23 00:00:00-04:00,12.209121923371152,12.236723308817945,12.199921169078147,12.218321800231934,271500,0.0,0.0,0.0
2024-04-24 00:00:00-04:00,12.20912015674123,12.218320032270812,12.181517897856192,12.190718650817871,108400,0.0,0.0,0.0
2024-04-25 00:00:00-04:00,12.153916655685324,12.172317284387454,12.135515149551088,12.163117408752441,125300,0.0,0.0,0.0
2024-04-26 00:00:00-04:00,12.181574850679892,12.200032204984172,12.172346173527751,12.190803527832031,104600,0.04,0.0,0.0
2024-04-29 00:00:00-04:00,12.209261054201445,12.246175765991211,12.209261054201445,12.246175765991211,113600,0.0,0.0,0.0
2024-04-30 00:00:00-04:00,12.209257125854492,12.227714475810695,12.200029330971276,12.209257125854492,182300,0.0,0.0,0.0
2024-05-01 00:00:00-04:00,12.227713584899902,12.273856076333583,12.209256236288502,12.227713584899902,194100,0.0,0.0,0.0
2024-05-02 00:00:00-04:00,12.236944277688517,12.283086776733398,12.227715601860547,12.283086776733398,89100,0.0,0.0,0.0
2024-05-03 00:00:00-04:00,12.347686737786495,12.347686737786495,12.310772911608606,12.338458061218262,198400,0.0,0.0,0.0
2024-05-06 00:00:00-04:00,12.35691260311793,12.384597746429128,12.35691260311793,12.37536907196045,63700,0.0,0.0,0.0
2024-05-07 00:00:00-04:00,12.42151352700117,12.430742202928124,12.403056175147265,12.412284851074219,94900,0.0,0.0,0.0
2024-05-08 00:00:00-04:00,12.366142272949219,12.393828300554137,12.366142272949219,12.366142272949219,165200,0.0,0.0,0.0
2024-05-09 00:00:00-04:00,12.356917392649951,12.384602546691895,12.347688714604244,12.384602546691895,111600,0.0,0.0,0.0
2024-05-10 00:00:00-04:00,12.33845707701617,12.33845707701617,12.310771929614875,12.329228401184082,230100,0.0,0.0,0.0
2024-05-13 00:00:00-04:00,12.356916398555716,12.356916398555716,12.329230366645891,12.347687721252441,126700,0.0,0.0,0.0
2024-05-14 00:00:00-04:00,12.347687721252441,12.356916398555716,12.329230366645891,12.347687721252441,106600,0.0,0.0,0.0
2024-05-15 00:00:00-04:00,12.40305525327772,12.439969074146898,12.40305525327772,12.421512603759766,195100,0.0,0.0,0.0
2024-05-16 00:00:00-04:00,12.449200630187988,12.467657984941146,12.439971952811408,12.449200630187988,140900,0.0,0.0,0.0
2024-05-17 00:00:00-04:00,12.430743173601266,12.439970970153809,12.403057143658502,12.439970970153809,116000,0.0,0.0,0.0
2024-05-21 00:00:00-04:00,12.458428323448985,12.467657000096573,12.439970970153809,12.439970970153809,71600,0.0,0.0,0.0
2024-05-22 00:00:00-04:00,12.421514540788106,12.439971014053368,12.412285864107952,12.430743217468262,107600,0.0,0.0,0.0
2024-05-23 00:00:00-04:00,12.430742202928124,12.430742202928124,12.39382837931529,12.412284851074219,143000,0.0,0.0,0.0
2024-05-24 00:00:00-04:00,12.39382837931529,12.42151352700117,12.39382837931529,12.412284851074219,126800,0.0,0.0,0.0
2024-05-27 00:00:00-04:00,12.421516361803494,12.421516361803494,12.393831207799387,12.403059005737305,55900,0.0,0.0,0.0
2024-05-28 00:00:00-04:00,12.412285713574038,12.412285713574038,12.338458061218262,12.338458061218262,332800,0.0,0.0,0.0
2024-05-29 00:00:00-04:00,12.301542250824292,12.310770925903956,12.283085780759862,12.292313575744629,149700,0.0,0.0,0.0
2024-05-30 00:00:00-04:00,12.320086184756352,12.34785472600899,12.320086184756352,12.338598251342773,141300,0.04,0.0,0.0
2024-05-31 00:00:00-04:00,12.394132325516853,12.421900858051696,12.394132325516853,12.412644386291504,156500,0.0,0.0,0.0
2024-06-03 00:00:00-04:00,12.43116073620195,12.514467239379883,12.43116073620195,12.514467239379883,223000,0.0,0.0,0.0
2024-06-04 00:00:00-04:00,12.551492285895891,12.588517300431148,12.542235811575582,12.57926082611084,266700,0.0,0.0,0.0
2024-06-05 00:00:00-04:00,12.597773217008701,12.634798232499147,12.588517625195589,12.625542640686035,284000,0.0,0.0,0.0
2024-06-06 00:00:00-04:00,12.60702896118164,12.63479750050421,12.597772487158801,12.60702896118164,218600,0.0,0.0,0.0
2024-06-07 00:00:00-04:00,12.579261232151316,12.579261232151316,12.542236216420944,12.551492691040039,115400,0.0,0.0,0.0
2024-06-10 00:00:00-04:00,12.532974243164062,12.532974243164062,12.505205714235775,12.532974243164062,149800,0.0,0.0,0.0
2024-06-11 00:00:00-04:00,12.53297974180185,12.560748282913126,12.523723267182755,12.551492691040039,172500,0.0,0.0,0.0
2024-06-12 00:00:00-04:00,12.63479750050421,12.653310448549888,12.597772487158801,12.60702896118164,202800,0.0,0.0,0.0
2024-06-13 00:00:00-04:00,12.644052105346441,12.671820640563965,12.625540042783365,12.671820640563965,225500,0.0,0.0,0.0
2024-06-14 00:00:00-04:00,12.708847999572754,12.727360948306544,12.69959240795184,12.708847999572754,147300,0.0,0.0,0.0
2024-06-17 00:00:00-04:00,12.681081249886603,12.718106269836426,12.653312705610762,12.718106269836426,262900,0.0,0.0,0.0
2024-06-18 00:00:00-04:00,12.727359550857503,12.745872497558594,12.699591013551753,12.745872497558594,185400,0.0,0.0,0.0
2024-06-19 00:00:00-04:00,12.727361567175196,12.736618041992188,12.718105092358204,12.736618041992188,137600,0.0,0.0,0.0
2024-06-20 00:00:00-04:00,12.662567393230242,12.708847999572754,12.644054444496453,12.708847999572754,564000,0.0,0.0,0.0
2024-06-21 00:00:00-04:00,12.68107711321841,12.690333585872859,12.653308578000889,12.671820640563965,194300,0.0,0.0,0.0
2024-06-24 00:00:00-04:00,12.69033432006836,12.69033432006836,12.653309310054318,12.69033432006836,171100,0.0,0.0,0.0
2024-06-25 00:00:00-04:00,12.634798667712323,12.662568092346191,12.634798667712323,12.662568092346191,165900,0.0,0.0,0.0
2024-06-26 00:00:00-04:00,12.597770871767308,12.607027344603205,12.570002336005453,12.588515281677246,217300,0.0,0.0,0.0
2024-06-27 00:00:00-04:00,12.560665130615234,12.579232688441293,12.560665130615234,12.560665130615234,174300,0.04,0.0,0.0
2024-06-28 00:00:00-04:00,12.607080511623332,12.616364288600966,12.551379620456936,12.5699462890625,203400,0.0,0.0,0.0
2024-07-02 00:00:00-04:00,12.495682783076186,12.504966563723395,12.458548545837402,12.458548545837402,362800,0.0,0.0,0.0
2024-07-03 00:00:00-04:00,12.486395123908878,12.532813127376524,12.477111346145394,12.495678901672363,244500,0.0,0.0,0.0
2024-07-04 00:00:00-04:00,12.486399412055286,12.495683193007057,12.477115631103516,12.477115631103516,165300,0.0,0.0,0.0
2024-07-05 00:00:00-04:00,12.542095843479302,12.5699462890625,12.53281206650167,12.5699462890625,144100,0.0,0.0,0.0
2024-07-08 00:00:00-04:00,12.579233409580633,12.607083862566437,12.560665850690137,12.588517189025879,136700,0.0,0.0,0.0
2024-07-09 00:00:00-04:00,12.5699462890625,12.5977967346457,12.560662512084868,12.5699462890625,176300,0.0,0.0,0.0
2024-07-10 00:00:00-04:00,12.59780008312119,12.607083862566437,12.588517189025879,12.588517189025879,165100,0.0,0.0,0.0
2024-07-11 00:00:00-04:00,12.653500856629378,12.672067528676484,12.625650405883789,12.625650405883789,190600,0.0,0.0,0.0
2024-07-12 00:00:00-04:00,12.662784576416016,12.672067469721446,12.644217019105428,12.662784576416016,140500,0.0,0.0,0.0
2024-07-15 00:00:00-04:00,12.653500315777253,12.672066987030755,12.644216537475586,12.644216537475586,174100,0.0,0.0,0.0
2024-07-16 00:00:00-04:00,12.681352142003556,12.699919700622559,12.672068362694054,12.699919700622559,122900,0.0,0.0,0.0
2024-07-17 00:00:00-04:00,12.681352142003556,12.718486373891636,12.672068362694054,12.699919700622559,161400,0.0,0.0,0.0
2024-07-18 00:00:00-04:00,12.699918264527213,12.727768713956488,12.681350708007812,12.681350708007812,104800,0.0,0.0,0.0
2024-07-19 00:00:00-04:00,12.672067469721446,12.690635027032034,12.662784576416016,12.662784576416016,132100,0.0,0.0,0.0
2024-07-22 00:00:00-04:00,12.662784094078917,12.681350765332422,12.625649866222082,12.644216537475586,189100,0.0,0.0,0.0
2024-07-23 00:00:00-04:00,12.65350079776072,12.672067469721446,12.65350079776072,12.662784576416016,222900,0.0,0.0,0.0
2024-07-24 00:00:00-04:00,12.690634785510396,12.70920145711777,12.6535005569458,12.6535005569458,188400,0.0,0.0,0.0
2024-07-25 00:00:00-04:00,12.662784036838236,12.709201157437088,12.662784036838236,12.681350708007812,98400,0.0,0.0,0.0
2024-07-26 00:00:00-04:00,12.71848368274062,12.727767460085733,12.699917013400134,12.709199905395508,140000,0.0,0.0,0.0
2024-07-29 00:00:00-04:00,12.755618807602804,12.76490258560356,12.737052136951096,12.74633502960205,129600,0.0,0.0,0.0
2024-07-30 00:00:00-04:00,12.792893409729004,12.80220431688252,12.764961576205433,12.792893409729004,192700,0.04,0.0,0.0
2024-07-31 00:00:00-04:00,12.802200477279765,12.848754111148123,12.79288957291875,12.83944320678711,178000,0.0,0.0,0.0
2024-08-01 00:00:00-04:00,12.867375169121791,12.923239707946777,12.867375169121791,12.923239707946777,195800,0.0,0.0,0.0
2024-08-02 00:00:00-04:00,12.97910462968576,13.025658268608769,12.969794612250606,12.997726440429688,186700,0.0,0.0,0.0
2024-08-06 00:00:00-04:00,12.960481500727207,12.979102420364645,12.87668514251709,12.87668514251709,304500,0.0,0.0,0.0
2024-08-07 00:00:00-04:00,12.858064222879651,12.885996046304138,12.848753319092603,12.87668514251709,195700,0.0,0.0,0.0
2024-08-08 00:00:00-04:00,12.83944665246702,12.867378485109326,12.83944665246702,12.858068466186523,144100,0.0,0.0,0.0
2024-08-09 00:00:00-04:00,12.904620170593262,12.92324198279178,12.895310152430879,12.904620170593262,211800,0.0,0.0,0.0
2024-08-12 00:00:00-04:00,12.913930277690522,12.941862106323242,12.904619372167339,12.941862106323242,167100,0.0,0.0,0.0
2024-08-13 00:00:00-04:00,12.960483120089172,12.988414947003633,12.960483120089172,12.979104042053223,84500,0.0,0.0,0.0
2024-08-14 00:00:00-04:00,12.988415535057724,13.016347363236806,12.988415535057724,12.997726440429688,118600,0.0,0.0,0.0
2024-08-15 00:00:00-04:00,12.960480509278732,12.979101427491711,12.941858703129164,12.969791412353516,144100,0.0,0.0,0.0
2024-08-16 00:00:00-04:00,12.979104042053223,12.979104042053223,12.951172215138763,12.979104042053223,174300,0.0,0.0,0.0
2024-08-19 00:00:00-04:00,12.960480509278732,12.979101427491711,12.960480509278732,12.969791412353516,125700,0.0,0.0,0.0
2024-08-20 00:00:00-04:00,13.00703734580165,13.025658268608769,12.997726440429688,12.997726440429688,225100,0.0,0.0,0.0
2024-08-21 00:00:00-04:00,13.016348471179299,13.053592095837303,13.007038452951681,13.0349702835083,172900,0.0,0.0,0.0
2024-08-22 00:00:00-04:00,12.997725851954042,12.997725851954042,12.960483120089172,12.979104042053223,175800,0.0,0.0,0.0
2024-08-23 00:00:00-04:00,12.997726009268096,13.02565783652062,12.988415104204995,13.01634693145752,155800,0.0,0.0,0.0
2024-08-26 00:00:00-04:00,13.007036914331197,13.01634693145752,12.988415104204995,13.01634693145752,205100,0.0,0.0,0.0
2024-08-27 00:00:00-04:00,12.969792527866389,13.007035255432129,12.960481623990788,13.007035255432129,247500,0.0,0.0,0.0
2024-08-28 00:00:00-04:00,12.988412330566495,12.988412330566495,12.960480509278732,12.969791412353516,69700,0.0,0.0,0.0
2024-08-29 00:00:00-04:00,12.94178044615984,12.951118164039055,12.9231059008952,12.932443618774414,115000,0.04,0.0,0.0
2024-08-30 00:00:00-04:00,12.932444865996555,12.941781694282435,12.904431709657283,12.923107147216797,186800,0.0,0.0,0.0
2024-09-03 00:00:00-04:00,12.960457151514415,12.988469417402328,12.951119432720484,12.979131698608398,212000,0.0,0.0,0.0
2024-09-04 00:00:00-04:00,13.01648206835143,13.053832054138184,13.007145239775168,13.053832054138184,155400,0.0,0.0,0.0
2024-09-05 00:00:00-04:00,13.063169773208347,13.081845211348677,13.035157506491759,13.053832054138184,174300,0.0,0.0,0.0
2024-09-06 00:00:00-04:00,13.072507858276367,13.109857845108827,13.035157871443905,13.072507858276367,398500,0.0,0.0,0.0
2024-09-09 00:00:00-04:00,13.072507270916145,13.119194974982479,13.0631695520041,13.091182708740234,273000,0.0,0.0,0.0
2024-09-10 00:00:00-04:00,13.109857924565901,13.156545631012929,13.100520205177709,13.128533363342285,178100,0.0,0.0,0.0
2024-09-11 00:00:00-04:00,13.119195643954093,13.16588335040112,13.109857924565901,13.128533363342285,292900,0.0,0.0,0.0
2024-09-12 00:00:00-04:00,13.12853014726992,13.137866973876953,13.100516995967675,13.137866973876953,204500,0.0,0.0,0.0
2024-09-13 00:00:00-04:00,13.156545639038086,13.165883358431973,13.128533371350356,13.156545639038086,169700,0.0,0.0,0.0
2024-09-16 00:00:00-04:00,13.17521960824734,13.203232765197754,13.165882779757764,13.203232765197754,254500,0.0,0.0,0.0
2024-09-17 00:00:00-04:00,13.193895626119703,13.193895626119703,13.156545639038086,13.156545639038086,179600,0.0,0.0,0.0
2024-09-18 00:00:00-04:00,13.156545631012929,13.193895618071762,13.128533363342285,13.128533363342285,291000,0.0,0.0,0.0
2024-09-19 00:00:00-04:00,13.109857924565901,13.137870192236544,13.109857924565901,13.128533363342285,256700,0.0,0.0,0.0
2024-09-20 00:00:00-04:00,13.147204690977702,13.15654240807845,13.109854713068424,13.137866973876953,117900,0.0,0.0,0.0
2024-09-23 00:00:00-04:00,13.109854713068424,13.147204690977702,13.081842452259895,13.137866973876953,239800,0.0,0.0,0.0
2024-09-24 00:00:00-04:00,13.109857924565901,13.147207911624736,13.100520205177709,13.128533363342285,195600,0.0,0.0,0.0
2024-09-25 00:00:00-04:00,13.109857256070434,13.109857256070434,13.091182708740234,13.091182708740234,158300,0.0,0.0,0.0
2024-09-26 00:00:00-04:00,13.109856594662979,13.109856594662979,13.081844329833984,13.081844329833984,323600,0.0,0.0,0.0
2024-09-27 00:00:00-04:00,13.128664884839486,13.166121809049782,13.119300430526033,13.156757354736328,274600,0.04,0.0,0.0
2024-09-30 00:00:00-04:00,13.184851436432549,13.184851436432549,13.138030052185059,13.138030052185059,262700,0.0,0.0,0.0
2024-10-01 00:00:00-04:00,13.156758963101504,13.184851436432549,13.138030052185059,13.138030052185059,290900,0.0,0.0,0.0
2024-10-02 00:00:00-04:00,13.109936801499282,13.109936801499282,13.081844329833984,13.081844329833984,561700,0.0,0.0,0.0
2024-10-03 00:00:00-04:00,13.053750123663015,13.063114577962326,13.016293199509283,13.025657653808594,307500,0.0,0.0,0.0
2024-10-04 00:00:00-04:00,12.941380174011549,12.969473538695652,12.93201661216042,12.95074462890625,380100,0.0,0.0,0.0
2024-10-07 00:00:00-04:00,12.885195970521204,12.92265289920699,12.875831515088851,12.903923988342285,257900,0.0,0.0,0.0
2024-10-08 00:00:00-04:00,12.885196892560712,12.932018280029297,12.885196892560712,12.932018280029297,152600,0.0,0.0,0.0
2024-10-09 00:00:00-04:00,12.913287162780762,12.913287162780762,12.88519469231409,12.913287162780762,225300,0.0,0.0,0.0
2024-10-10 00:00:00-04:00,12.913287076839435,12.94137954711914,12.903922622398355,12.94137954711914,224000,0.0,0.0,0.0
2024-10-11 00:00:00-04:00,12.913287702371015,12.969473538695652,12.913287702371015,12.95074462890625,319400,0.0,0.0,0.0
2024-10-15 00:00:00-04:00,13.006929638253485,13.035022108107906,12.997565183954174,13.025657653808594,272200,0.0,0.0,0.0
2024-10-16 00:00:00-04:00,13.072480528979883,13.081844984351367,13.053751618236914,13.063116073608398,172900,0.0,0.0,0.0
2024-10-17 00:00:00-04:00,13.035022108107906,13.035022108107906,13.006929638253485,13.025657653808594,195700,0.0,0.0,0.0
2024-10-18 00:00:00-04:00,13.035022735595703,13.044387190345807,13.0256582808456,13.035022735595703,193000,0.0,0.0,0.0
2024-10-21 00:00:00-04:00,13.006929180148719,13.006929180148719,12.950743349375232,12.960107803344727,279400,0.0,0.0,0.0
2024-10-22 00:00:00-04:00,12.969472257314223,12.969472257314223,12.941378895405737,12.960107803344727,274400,0.0,0.0,0.0
2024-10-23 00:00:00-04:00,12.950743760650687,12.960108214917568,12.922651290893555,12.922651290893555,233300,0.0,0.0,0.0
2024-10-24 00:00:00-04:00,12.932015960484149,12.969472885131836,12.922651506061346,12.969472885131836,198100,0.0,0.0,0.0
2024-10-25 00:00:00-04:00,12.988201555441483,12.988201555441483,12.93201661216042,12.95074462890625,139600,0.0,0.0,0.0
2024-10-28 00:00:00-04:00,12.960109083800951,12.969473538695652,12.922652157265718,12.95074462890625,215400,0.0,0.0,0.0
2024-10-29 00:00:00-04:00,12.913286426540735,12.960107803344727,12.90392197257124,12.960107803344727,201900,0.0,0.0,0.0
2024-10-30 00:00:00-04:00,12.997676351889956,13.03524185423978,12.969502449035645,12.969502449035645,159400,0.04,0.0,0.0
2024-10-31 00:00:00-04:00,12.988285744475643,13.025851249694824,12.96011183946933,13.025851249694824,236600,0.0,0.0,0.0
2024-11-01 00:00:00-04:00,13.025850382334585,13.03524198192209,12.950719376899018,12.978893280029297,229500,0.0,0.0,0.0
2024-11-04 00:00:00-05:00,13.016455145256995,13.025846742219986,12.978889653037008,12.98828125,337700,0.0,0.0,0.0
2024-11-05 00:00:00-05:00,12.988284296525038,13.016458198390486,12.960110394659587,12.997675895690918,238700,0.0,0.0,0.0
2024-11-06 00:00:00-05:00,12.931937073356243,12.988284879616801,12.913153874181235,12.978893280029297,294200,0.0,0.0,0.0
2024-11-07 00:00:00-05:00,13.016455762172152,13.07280445098877,13.00706506039607,13.07280445098877,355000,0.0,0.0,0.0
2024-11-08 00:00:00-05:00,13.100978085092073,13.129151981119882,13.082195786284203,13.110369682312012,272300,0.0,0.0,0.0
2024-11-11 00:00:00-05:00,13.110369306878068,13.110369306878068,13.091586112976074,13.091586112976074,177400,0.0,0.0,0.0
2024-11-12 00:00:00-05:00,13.054024696350098,13.082199495999431,13.016459192449911,13.054024696350098,302700,0.0,0.0,0.0
2024-11-13 00:00:00-05:00,13.072806897753578,13.082198496919458,12.978892697359155,12.997675895690918,237800,0.0,0.0,0.0
2024-11-14 00:00:00-05:00,13.035240755085415,13.054023056860457,13.007066854606775,13.016457557678223,341900,0.0,0.0,0.0
2024-11-15 00:00:00-05:00,13.007068944901379,13.04463445012056,12.988285744475643,13.025851249694824,181400,0.0,0.0,0.0
2024-11-18 00:00:00-05:00,12.988283657199585,13.016457557678223,12.978892058495989,13.016457557678223,113100,0.0,0.0,0.0
2024-11-19 00:00:00-05:00,12.99767406593788,12.99767406593788,12.950716972351074,12.950716972351074,199500,0.0,0.0,0.0
2024-11-20 00:00:00-05:00,12.913150787353516,12.94132468374896,12.90375919001103,12.913150787353516,240200,0.0,0.0,0.0
2024-11-21 00:00:00-05:00,12.884977605195253,12.913151503152424,12.838020511511921,12.847412109375,268000,0.0,0.0,0.0
2024-11-22 00:00:00-05:00,12.828629414189113,12.884978107934105,12.828629414189113,12.87558650970459,188700,0.0,0.0,0.0
2024-11-25 00:00:00-05:00,12.969501993825467,12.997675895690918,12.960110394659587,12.997675895690918,157500,0.0,0.0,0.0
2024-11-26 00:00:00-05:00,13.016456024470807,13.044630817262888,13.016456024470807,13.035239219665527,181600,0.0,0.0,0.0
2024-11-27 00:00:00-05:00,13.0823335647583,13.101170150586931,13.044659494880364,13.0823335647583,214100,0.04,0.0,0.0
2024-11-28 00:00:00-05:00,13.091751797551447,13.101170539855957,13.082333953467645,13.101170539855957,201700,0.0,0.0,0.0
2024-11-29 00:00:00-05:00,13.148260591694907,13.233027458190918,13.148260591694907,13.233027458190918,409400,0.0,0.0,0.0
2024-12-02 00:00:00-05:00,13.157681615688531,13.261285082598278,13.148262873727463,13.251866340637207,276600,0.0,0.0,0.0
2024-12-03 00:00:00-05:00,13.223611252684929,13.223611252684929,13.176518440246582,13.176518440246582,266000,0.0,0.0,0.0
2024-12-04 00:00:00-05:00,13.157680976001213,13.242447853088379,13.157680976001213,13.242447853088379,289500,0.0,0.0,0.0
2024-12-05 00:00:00-05:00,13.20477213543242,13.242446198517255,13.195353395106082,13.233027458190918,155000,0.0,0.0,0.0
2024-12-06 00:00:00-05:00,13.308377655663964,13.336632982820094,13.28954017207944,13.327214241027832,239000,0.0,0.0,0.0
2024-12-09 00:00:00-05:00,13.317795168455353,13.317795168455353,13.261283621137471,13.270702362060547,280200,0.0,0.0,0.0
2024-12-10 00:00:00-05:00,13.251865579024429,13.29895838790258,13.242447735825294,13.280121803283691,227200,0.0,0.0,0.0
2024-12-11 00:00:00-05:00,13.317795539731748,13.317795539731748,13.214191183130753,13.223609924316406,257500,0.0,0.0,0.0
2024-12-12 00:00:00-05:00,13.204772501621846,13.21419034398884,13.176516279859243,13.185935020446777,163500,0.0,0.0,0.0
2024-12-13 00:00:00-05:00,13.185937182378389,13.185937182378389,13.14826311207185,13.176518440246582,269100,0.0,0.0,0.0
2024-12-16 00:00:00-05:00,13.176518440246582,13.176518440246582,13.129425627808237,13.176518440246582,275400,0.0,0.0,0.0
2024-12-17 00:00:00-05:00,13.185935720582279,13.214191045624618,13.185935720582279,13.195354461669922,261500,0.0,0.0,0.0
2024-12-18 00:00:00-05:00,13.195353875376673,13.204772616045824,13.138842329582314,13.148261070251465,416800,0.0,0.0,0.0
2024-12-19 00:00:00-05:00,13.054076057196223,13.063494798296261,13.016401991016663,13.0258207321167,316500,0.0,0.0,0.0
2024-12-20 00:00:00-05:00,13.05407733868434,13.110588892611585,13.05407733868434,13.0823335647583,239500,0.0,0.0,0.0
2024-12-23 00:00:00-05:00,13.072914822733647,13.091751408562278,13.072914822733647,13.0823335647583,203300,0.0,0.0,0.0
2024-12-24 00:00:00-05:00,13.06349538201426,13.082332865056053,13.044658797193096,13.072914123535156,122800,0.0,0.0,0.0
2024-12-27 00:00:00-05:00,13.06349538201426,13.101169449877217,13.06349538201426,13.072914123535156,180800,0.0,0.0,0.0
2024-12-30 00:00:00-05:00,13.091806125645697,13.129589080810547,13.091806125645697,13.129589080810547,152400,0.04,0.0,0.0
2024-12-31 00:00:00-05:00,13.14847899979356,13.1768159866333,13.139033037241457,13.1768159866333,112800,0.0,0.0,0.0
2025-01-02 00:00:00-05:00,13.1390317751358,13.157923698425293,13.120140752662794,13.157923698425293,231400,0.0,0.0,0.0
2025-01-03 00:00:00-05:00,13.148479744133288,13.176816732577194,13.110696792602539,13.110696792602539,225200,0.0,0.0,0.0
2025-01-06 00:00:00-05:00,13.110697926477085,13.139034917371708,13.091805998669539,13.12014389038086,339900,0.0,0.0,0.0
2025-01-07 00:00:00-05:00,13.101253330307387,13.120145260087197,13.072916336454462,13.09180736541748,259000,0.0,0.0,0.0
2025-01-08 00:00:00-05:00,13.05402314924942,13.082361041189499,13.044578086086101,13.072915077209473,396200,0.0,0.0,0.0
2025-01-09 00:00:00-05:00,13.054022789001465,13.072914716440161,13.03513176237945,13.054022789001465,156600,0.0,0.0,0.0
2025-01-10 00:00:00-05:00,13.006793120768519,13.006793120768519,12.950118246464234,12.959564208984375,430200,0.0,0.0,0.0
2025-01-13 00:00:00-05:00,12.931228510568166,12.940674474687428,12.902891519027103,12.921783447265625,190300,0.0,0.0,0.0
2025-01-14 00:00:00-05:00,12.874553860893739,12.893444887337441,12.855661933633364,12.883999824523926,216500,0.0,0.0,0.0
2025-01-15 00:00:00-05:00,12.950118736927106,12.997347650499961,12.940672774049215,12.98790168762207,282500,0.0,0.0,0.0
2025-01-16 00:00:00-05:00,12.987902844599388,13.072914716440161,12.987902844599388,13.054022789001465,186600,0.0,0.0,0.0
2025-01-17 00:00:00-05:00,13.082362301344368,13.101253330307387,13.05402440667465,13.09180736541748,205300,0.0,0.0,0.0
2025-01-20 00:00:00-05:00,13.091804866428854,13.12014275568938,13.091804866428854,13.110696792602539,126600,0.0,0.0,0.0
2025-01-21 00:00:00-05:00,13.14848214339936,13.157928108209852,13.129590213778375,13.139036178588867,450000,0.0,0.0,0.0
2025-01-22 00:00:00-05:00,13.12958828311332,13.12958828311332,13.08236026763916,13.08236026763916,379900,0.0,0.0,0.0
2025-01-23 00:00:00-05:00,13.063467025756836,13.082358950698058,13.054021063286225,13.063467025756836,392800,0.0,0.0,0.0
2025-01-24 00:00:00-05:00,13.054021914898104,13.12014275568938,13.054021914898104,13.110696792602539,162400,0.0,0.0,0.0
2025-01-27 00:00:00-05:00,13.176815215063995,13.186261177062988,13.148478229883528,13.186261177062988,220400,0.0,0.0,0.0
2025-01-28 00:00:00-05:00,13.139033037241457,13.186261949185404,13.139033037241457,13.1768159866333,196300,0.0,0.0,0.0
2025-01-29 00:00:00-05:00,13.18626135903764,13.214598344609167,13.167369434778937,13.195707321166992,248700,0.0,0.0,0.0
2025-01-30 00:00:00-05:00,13.214655813513554,13.262020352596373,13.205182725016302,13.252547264099121,211800,0.04,0.0,0.0
2025-01-31 00:00:00-05:00,13.27149218594846,13.299910545349121,13.243072923144442,13.299910545349121,433500,0.0,0.0,0.0
2025-02-03 00:00:00-05:00,13.432531719730502,13.432531719730502,13.318857373154637,13.347275733947754,758700,0.0,0.0,0.0
2025-02-04 00:00:00-05:00,13.290437579544669,13.375693561931318,13.290437579544669,13.366220474243164,439500,0.0,0.0,0.0
2025-02-05 00:00:00-05:00,13.394637294325701,13.432528734764116,13.385164208365298,13.423055648803711,342500,0.0,0.0,0.0
2025-02-06 00:00:00-05:00,13.385165928020298,13.413584286149348,13.366219753665387,13.394639015197754,375300,0.0,0.0,0.0
2025-02-07 00:00:00-05:00,13.318853616704752,13.328325798695321,13.290434360523603,13.309380531311035,466500,0.0,0.0,0.0
2025-02-10 00:00:00-05:00,13.337798884089038,13.35674505487647,13.299907445917318,13.309380531311035,181500,0.0,0.0,0.0
2025-02-11 00:00:00-05:00,13.271492958068848,13.290438230970384,13.262019869916376,13.271492958068848,355200,0.0,0.0,0.0
2025-02-12 00:00:00-05:00,13.224124720595219,13.224124720595219,13.195706367492676,13.195706367492676,200200,0.0,0.0,0.0
2025-02-13 00:00:00-05:00,13.252545116773035,13.29990964818132,13.243072029810719,13.262018203735352,365900,0.0,0.0,0.0
2025-02-14 00:00:00-05:00,13.271490811085107,13.29990916754176,13.262017724465133,13.280963897705078,399800,0.0,0.0,0.0
2025-02-18 00:00:00-05:00,13.20517854959142,13.23359780609712,13.195706367492676,13.195706367492676,455300,0.0,0.0,0.0
2025-02-19 00:00:00-05:00,13.20517854959142,13.21465163509332,13.176760196488875,13.195706367492676,343300,0.0,0.0,0.0
2025-02-20 00:00:00-05:00,13.195707800258205,13.205179983385422,13.167288540666794,13.176761627197266,264100,0.0,0.0,0.0
2025-02-21 00:00:00-05:00,13.205180585364749,13.280964377659984,13.205180585364749,13.262018203735352,548200,0.0,0.0,0.0
2025-02-24 00:00:00-05:00,13.243073162903409,13.299910786137103,13.243073162903409,13.290437698364258,419800,0.0,0.0,0.0
2025-02-25 00:00:00-05:00,13.328328365603873,13.375692898291264,13.328328365603873,13.3567476272583,454400,0.0,0.0,0.0
2025-02-26 00:00:00-05:00,13.366220233710349,13.385166408745707,13.34727496207834,13.375693321228027,299300,0.0,0.0,0.0
2025-02-27 00:00:00-05:00,13.366192817687988,13.394692815631442,13.356693724343302,13.366192817687988,401600,0.04,0.0,0.0
2025-02-28 00:00:00-05:00,13.413691575938476,13.442190667206006,13.394692483750047,13.43269157409668,369800,0.0,0.0,0.0
2025-03-03 00:00:00-05:00,13.423193094881396,13.518190378519321,13.385194000232252,13.499191284179688,755700,0.0,0.0,0.0
2025-03-04 00:00:00-05:00,13.499189763280496,13.518188855479577,13.451690673828125,13.451690673828125,555800,0.0,0.0,0.0
2025-03-05 00:00:00-05:00,13.43269246750775,13.45169156095981,13.36619337550094,13.394693374633789,474300,0.0,0.0,0.0
2025-03-06 00:00:00-05:00,13.347195511780708,13.356695512366931,13.261697318444538,13.271197319030762,476000,0.0,0.0,0.0
2025-03-07 00:00:00-05:00,13.328193207660036,13.356693204494256,13.299694116795578,13.318694114685059,493800,0.0,0.0,0.0
2025-03-10 00:00:00-04:00,13.37569089849387,13.413689984331707,13.34719181060791,13.34719181060791,682800,0.0,0.0,0.0
2025-03-11 00:00:00-04:00,13.356691808559786,13.423189982283583,13.31869272272195,13.34719181060791,671600,0.0,0.0,0.0
2025-03-12 00:00:00-04:00,13.337694052863043,13.356694051958046,13.271195867970171,13.280694961547852,532900,0.0,0.0,0.0
2025-03-13 00:00:00-04:00,13.261697375004193,13.328195567451523,13.233198279093898,13.309196472167969,473600,0.0,0.0,0.0
2025-03-14 00:00:00-04:00,13.299696419351669,13.32819551515013,13.280696418172747,13.290196418762207,511300,0.0,0.0,0.0
2025-03-17 00:00:00-04:00,13.356691808559786,13.394690894397623,13.337691812656033,13.34719181060791,315700,0.0,0.0,0.0
2025-03-18 00:00:00-04:00,13.29019272886632,13.356691808559786,13.29019272886632,13.34719181060791,366900,0.0,0.0,0.0
2025-03-19 00:00:00-04:00,13.337692326577397,13.375691413879395,13.299693239275397,13.375691413879395,495200,0.0,0.0,0.0
2025-03-20 00:00:00-04:00,13.413691449821425,13.413691449821425,13.347193268832484,13.356693267822266,210400,0.0,0.0,0.0
2025-03-21 00:00:00-04:00,13.375692817002474,13.394692815631442,13.337693725714333,13.366192817687988,321600,0.0,0.0,0.0
2025-03-24 00:00:00-04:00,13.37569466907904,13.37569466907904,13.31869647723943,13.328195571899414,379600,0.0,0.0,0.0
2025-03-25 00:00:00-04:00,13.318694114685059,13.366192297469233,13.318694114685059,13.318694114685059,251500,0.0,0.0,0.0
2025-03-26 00:00:00-04:00,13.290196414233288,13.290196414233288,13.261697318444538,13.271197319030762,477100,0.0,0.0,0.0
2025-03-27 00:00:00-04:00,13.27119592216455,13.30919501453991,13.261695922578253,13.299695014953613,328500,0.0,0.0,0.0
2025-03-28 00:00:00-04:00,13.32827558089119,13.36638355255127,13.318748360834743,13.36638355255127,301500,0.04,0.0,0.0
2025-03-31 00:00:00-04:00,13.385438845473747,13.414019598898307,13.366384404146858,13.404492378234863,223400,0.0,0.0,0.0
2025-04-01 00:00:00-04:00,13.433074876392215,13.471182852852323,13.423547655135732,13.452128410339355,229300,0.0,0.0,0.0
2025-04-02 00:00:00-04:00,13.48070831209752,13.48070831209752,13.394966051914874,13.414019584655762,542200,0.0,0.0,0.0
2025-04-03 00:00:00-04:00,13.461653894874017,13.480707426363013,13.394965171813965,13.394965171813965,457000,0.0,0.0,0.0
2025-04-04 00:00:00-04:00,13.480707326475633,13.528342517693728,13.433073043823242,13.433073043823242,623900,0.0,0.0,0.0
2025-04-07 00:00:00-04:00,13.423545274497869,13.423545274497869,13.261586176124068,13.271113395690918,706100,0.0,0.0,0.0
2025-04-08 00:00:00-04:00,13.252059936523438,13.299695129314562,13.213951964003682,13.252059936523438,447100,0.0,0.0,0.0
2025-04-09 00:00:00-04:00,13.213950265403165,13.223477484449852,13.090099143493097,13.166315078735352,656700,0.0,0.0,0.0
2025-04-10 00:00:00-04:00,13.156790775575445,13.194898749010676,13.118682802140215,13.128209114074707,243200,0.0,0.0,0.0
2025-04-11 00:00:00-04:00,13.10915373482144,13.128207264571916,13.071045766754864,13.118680953979492,352000,0.0,0.0,0.0
2025-04-14 00:00:00-04:00,13.156791420767215,13.242533683776855,13.156791420767215,13.242533683776855,203600,0.0,0.0,0.0
2025-04-15 00:00:00-04:00,13.233006404546426,13.261587156794809,13.213951964003682,13.252059936523438,206500,0.0,0.0,0.0
2025-04-16 00:00:00-04:00,13.271115243458576,13.280641555786133,13.23300726845098,13.280641555786133,407400,0.0,0.0,0.0
2025-04-17 00:00:00-04:00,13.271115346679203,13.280641659080851,13.233007371375207,13.242533683776855,179200,0.0,0.0,0.0
2025-04-21 00:00:00-04:00,13.2044240614271,13.213951281206175,13.147262559884009,13.156789779663086,237000,0.0,0.0,0.0
2025-04-22 00:00:00-04:00,13.185371384950164,13.19489860534668,13.175844164553649,13.19489860534668,183800,0.0,0.0,0.0
2025-04-23 00:00:00-04:00,13.26158735912393,13.26158735912393,13.156790660237178,13.175844192504883,284700,0.0,0.0,0.0
2025-04-24 00:00:00-04:00,13.194896615273214,13.233004582546032,13.185369396313607,13.223477363586426,213900,0.0,0.0,0.0
2025-04-25 00:00:00-04:00,13.242534697835726,13.242534697835726,13.213953941310582,13.23300838470459,255700,0.0,0.0,0.0
2025-04-28 00:00:00-04:00,13.194900406482441,13.242534697835726,13.194900406482441,13.23300838470459,252500,0.0,0.0,0.0
2025-04-29 00:00:00-04:00,13.223454106906429,13.280780709188267,13.223454106906429,13.27122688293457,353200,0.04,0.0,0.0
2025-04-30 00:00:00-04:00,13.299887995994164,13.338106028291111,13.271224699568895,13.328551292419434,381300,0.0,0.0,0.0
2025-05-01 00:00:00-04:00,13.290331968548077,13.309441438434346,13.252113939965216,13.299886703491211,259600,0.0,0.0,0.0
2025-05-02 00:00:00-04:00,13.252116203308105,13.261670939883103,13.213898168197945,13.252116203308105,402200,0.0,0.0,0.0
2025-05-05 00:00:00-04:00,13.252116203308105,13.252116203308105,13.213898168197945,13.252116203308105,336300,0.0,0.0,0.0
2025-05-06 00:00:00-04:00,13.223450178031818,13.271222939865995,13.213895443427054,13.26166820526123,219100,0.0,0.0,0.0
2025-05-07 00:00:00-04:00,13.28077736136214,13.338104860382744,13.28077736136214,13.309441566467285,378500,0.0,0.0,0.0
2025-05-08 00:00:00-04:00,13.299888974993262,13.299888974993262,13.242561466733108,13.252116203308105,305800,0.0,0.0,0.0
2025-05-09 00:00:00-04:00,13.271223409851483,13.299886703491211,13.252113939965216,13.299886703491211,350800,0.0,0.0,0.0
2025-05-12 00:00:00-04:00,13.233004912636583,13.280776763281116,13.223450178031818,13.26166820526123,190400,0.0,0.0,0.0
2025-05-13 00:00:00-04:00,13.271222939865995,13.271222939865995,13.223450178031818,13.26166820526123,318000,0.0,0.0,0.0
2025-05-14 00:00:00-04:00,13.242561256263597,13.261670729109879,13.223452694607133,13.233007431030273,204900,0.0,0.0,0.0
2025-05-15 00:00:00-04:00,13.261670786709479,13.318997383117676,13.25211605024484,13.318997383117676,306500,0.0,0.0,0.0
2025-05-16 00:00:00-04:00,13.328550125347697,13.328550125347697,13.28077736136214,13.309441566467285,310000,0.0,0.0,0.0
2025-05-20 00:00:00-04:00,13.204340934753418,13.242558962636755,13.19478711117483,13.204340934753418,535700,0.0,0.0,0.0
2025-05-21 00:00:00-04:00,13.156572089870249,13.166125915632106,13.118353142063345,13.137462615966797,430600,0.0,0.0,0.0
2025-05-22 00:00:00-04:00,13.118350413027814,13.156569352883958,13.09924185428942,13.147014617919922,284800,0.0,0.0,0.0
2025-05-23 00:00:00-04:00,13.166124470944837,13.185233942751452,13.14701591032799,13.175679206848145,331100,0.0,0.0,0.0
2025-05-26 00:00:00-04:00,13.185233243729218,13.223451274126532,13.185233243729218,13.194787979125977,185400,0.0,0.0,0.0
2025-05-27 00:00:00-04:00,13.213895443427054,13.26166820526123,13.20434070882229,13.26166820526123,289700,0.0,0.0,0.0
2025-05-28 00:00:00-04:00,13.223452904772943,13.271225676458101,13.204343431622947,13.252116203308105,253000,0.0,0.0,0.0
2025-05-29 00:00:00-04:00,13.271278790675703,13.30960735607258,13.261696420870214,13.30002498626709,293400,0.04,0.0,0.0
2025-05-30 00:00:00-04:00,13.290445730351733,13.319191932678223,13.280863358301138,13.319191932678223,227500,0.0,0.0,0.0
2025-06-02 00:00:00-04:00,13.290444374084473,13.31919057347746,13.290444374084473,13.290444374084473,334800,0.0,0.0,0.0
2025-06-03 00:00:00-04:00,13.29044316159391,13.309607901990965,13.271279335021973,13.271279335021973,287900,0.0,0.0,0.0
2025-06-04 00:00:00-04:00,13.290444670573978,13.309609413146973,13.28086229928748,13.309609413146973,245100,0.0,0.0,0.0
2025-06-05 00:00:00-04:00,13.280860246656111,13.319188812052987,13.271278790675703,13.30002498626709,306900,0.0,0.0,0.0
2025-06-06 00:00:00-04:00,13.261697062704245,13.261697062704245,13.213786125183105,13.213786125183105,288100,0.0,0.0,0.0
2025-06-09 00:00:00-04:00,13.17545755793122,13.242532322165738,13.17545755793122,13.213786125183105,240700,0.0,0.0,0.0
2025-06-10 00:00:00-04:00,13.252114036335888,13.252114036335888,13.21378547098161,13.232950210571289,153200,0.0,0.0,0.0
2025-06-11 00:00:00-04:00,13.223367840776449,13.232950210571289,13.20420310118677,13.232950210571289,292400,0.0,0.0,0.0
2025-06-12 00:00:00-04:00,13.252114842021468,13.252114842021468,13.204203903959524,13.223368644714355,301100,0.0,0.0,0.0
2025-06-13 00:00:00-04:00,13.213785866132604,13.213785866132604,13.175457299632134,13.194622039794922,182000,0.0,0.0,0.0
2025-06-16 00:00:00-04:00,13.175459861755371,13.204206063764484,13.16587748981057,13.175459861755371,317600,0.0,0.0,0.0
2025-06-17 00:00:00-04:00,13.185039669713527,13.204203496051209,13.16587492955074,13.194622039794922,203700,0.0,0.0,0.0
2025-06-18 00:00:00-04:00,13.204203903959524,13.242532471644052,13.194622447407243,13.223368644714355,334700,0.0,0.0,0.0
2025-06-19 00:00:00-04:00,13.232951015091771,13.242532471644052,13.21378627433694,13.223368644714355,108700,0.0,0.0,0.0
2025-06-20 00:00:00-04:00,13.242533831946366,13.271280946031583,13.22337000304812,13.252116203308105,192900,0.0,0.0,0.0
2025-06-23 00:00:00-04:00,13.280862003011743,13.328772944550192,13.280862003011743,13.290444374084473,280900,0.0,0.0,0.0
2025-06-24 00:00:00-04:00,13.261698174691483,13.309609116229932,13.242533432546024,13.290444374084473,224100,0.0,0.0,0.0
2025-06-25 00:00:00-04:00,13.242532471644052,13.261697212398884,13.223368644714355,13.223368644714355,552800,0.0,0.0,0.0
2025-06-26 00:00:00-04:00,13.252114594624917,13.280860791395382,13.232950768052978,13.271279335021973,295700,0.0,0.0,0.0
2025-06-27 00:00:00-04:00,13.252059084931831,13.319328127303393,13.24244895988676,13.271279335021973,435400,0.04,0.0,0.0
2025-06-30 00:00:00-04:00,13.31932745748044,13.338547706604004,13.300108124828796,13.338547706604004,181000,0.0,0.0,0.0
2025-07-02 00:00:00-04:00,13.261669158935547,13.271279283943631,13.24244890891938,13.261669158935547,357600,0.0,0.0,0.0
2025-07-03 00:00:00-04:00,13.242449760437012,13.261670011689082,13.232840551283,13.242449760437012,219500,0.0,0.0,0.0
2025-07-04 00:00:00-04:00,13.290498668640147,13.300108793685219,13.252059084931831,13.271279335021973,158600,0.0,0.0,0.0
2025-07-07 00:00:00-04:00,13.242448792802447,13.242448792802447,13.213619334502951,13.232839584350586,633000,0.0,0.0,0.0
2025-07-08 00:00:00-04:00,13.204011013289776,13.213621139526367,13.184791677288674,13.213621139526367,191900,0.0,0.0,0.0
2025-07-09 00:00:00-04:00,13.213619450367093,13.261669158935547,13.213619450367093,13.261669158935547,342600,0.0,0.0,0.0
2025-07-10 00:00:00-04:00,13.232839584350586,13.242448792802447,13.213619334502951,13.232839584350586,198900,0.0,0.0,0.0
2025-07-11 00:00:00-04:00,13.184789503289519,13.184789503289519,13.146349921153417,13.155959129333496,470100,0.0,0.0,0.0
2025-07-14 00:00:00-04:00,13.146349906921387,13.155959115091061,13.117519532996575,13.146349906921387,462600,0.0,0.0,0.0
2025-07-15 00:00:00-04:00,13.136741373702126,13.136741373702126,13.050252074393988,13.079081535339355,431800,0.0,0.0,0.0
2025-07-16 00:00:00-04:00,13.079081535339355,13.10791191275676,13.059862200199792,13.079081535339355,347900,0.0,0.0,0.0
2025-07-17 00:00:00-04:00,13.088691661145157,13.10791191275676,13.079081535339355,13.079081535339355,741400,0.0,0.0,0.0
2025-07-18 00:00:00-04:00,13.098301837268501,13.117521172481897,13.088691711425781,13.088691711425781,269900,0.0,0.0,0.0
2025-07-21 00:00:00-04:00,13.117519532996575,13.165569239732665,13.117519532996575,13.146349906921387,243800,0.0,0.0,0.0
2025-07-22 00:00:00-04:00,13.1559609737101,13.165571099709382,13.136741638183594,13.136741638183594,527800,0.0,0.0,0.0
2025-07-23 00:00:00-04:00,13.117520151783676,13.14635052706849,13.06947135925293,13.06947135925293,405600,0.0,0.0,0.0
2025-07-24 00:00:00-04:00,13.069472476405114,13.127131398959367,13.069472476405114,13.107912063598633,264000,0.0,0.0,0.0
2025-07-25 00:00:00-04:00,13.098300200185296,13.165569239732665,13.098300200185296,13.146349906921387,272000,0.0,0.0,0.0
2025-07-28 00:00:00-04:00,13.146350758951746,13.155959967744206,13.127130508422852,13.127130508422852,275000,0.0,0.0,0.0
2025-07-29 00:00:00-04:00,13.146350975384681,13.194399769553986,13.146350975384681,13.175180435180664,477300,0.0,0.0,0.0
2025-07-30 00:00:00-04:00,13.165543142423896,13.204095208994461,13.155904895992812,13.17518138885498,257800,0.04,0.0,0.0
2025-07-31 00:00:00-04:00,13.204093839531497,13.23300765667218,13.184818267822266,13.184818267822266,637700,0.0,0.0,0.0
2025-08-01 00:00:00-04:00,13.261924618793017,13.281200193737382,13.242648124694824,13.242648124694824,306100,0.0,0.0,0.0
2025-08-05 00:00:00-04:00,13.271561082057364,13.281198408657312,13.252284590550058,13.261922836303711,435100,0.0,0.0,0.0
2025-08-06 00:00:00-04:00,13.252284590550058,13.271561082057364,13.242646344796405,13.261922836303711,266900,0.0,0.0,0.0
2025-08-07 00:00:00-04:00,13.271561714630485,13.290837287902832,13.252285222204387,13.290837287902832,370800,0.0,0.0,0.0
2025-08-08 00:00:00-04:00,13.28119945526123,13.29083770177441,13.261923881388649,13.28119945526123,215900,0.0,0.0,0.0
2025-08-11 00:00:00-04:00,13.281197995245273,13.300474486152547,13.261922423491676,13.271560668945312,364300,0.0,0.0,0.0
2025-08-12 00:00:00-04:00,13.242647493711482,13.242647493711482,13.204095426505848,13.213733673095703,266300,0.0,0.0,0.0
2025-08-13 00:00:00-04:00,13.242647710588724,13.27156245083183,13.242647710588724,13.252285957336426,308200,0.0,0.0,0.0
2025-08-14 00:00:00-04:00,13.261924618793017,13.261924618793017,13.223372549750462,13.242648124694824,361500,0.0,0.0,0.0
2025-08-15 00:00:00-04:00,13.204092979431152,13.223369469038408,13.194454734627524,13.204092979431152,319600,0.0,0.0,0.0
2025-08-18 00:00:00-04:00,13.194456962563377,13.204095208994461,13.165543142423896,13.17518138885498,360200,0.0,0.0,0.0
2025-08-19 00:00:00-04:00,13.194457179915993,13.223371919685558,13.194457179915993,13.213733673095703,206300,0.0,0.0,0.0
2025-08-20 00:00:00-04:00,13.204095426505848,13.233009247121627,13.194457179915993,13.213733673095703,132300,0.0,0.0,0.0
2025-08-21 00:00:00-04:00,13.213732084962949,13.223370330394403,13.175180022390812,13.184818267822266,341800,0.0,0.0,0.0
2025-08-22 00:00:00-04:00,13.21373325944917,13.242647079159822,13.204095013161032,13.223371505737305,297500,0.0,0.0,0.0
2025-08-25 00:00:00-04:00,13.19445514678955,13.204093391894254,13.184817820838491,13.19445514678955,384600,0.0,0.0,0.0
2025-08-26 00:00:00-04:00,13.194454734627524,13.21373122423478,13.18481740897751,13.204092979431152,369400,0.0,0.0,0.0
2025-08-27 00:00:00-04:00,13.18481740897751,13.21373122423478,13.175179164173883,13.204092979431152,276800,0.0,0.0,0.0
2025-08-28 00:00:00-04:00,13.20409292916402,13.242757879337532,13.20409292916402,13.22342586517334,269700,0.04,0.0,0.0
2025-08-29 00:00:00-04:00,13.242759567298043,13.281424522399902,13.242759567298043,13.281424522399902,215400,0.0,0.0,0.0
2025-09-02 00:00:00-04:00,13.21375939716868,13.233091411332872,13.19442646115936,13.22342586517334,314900,0.0,0.0,0.0
2025-09-03 00:00:00-04:00,13.223428585877567,13.28142556214808,13.223428585877567,13.262093544006348,388500,0.0,0.0,0.0
2025-09-04 00:00:00-04:00,13.29108996036538,13.310422897338867,13.29108996036538,13.310422897338867,415100,0.0,0.0,0.0
2025-09-05 00:00:00-04:00,13.35875508485668,13.38775449398293,13.35875508485668,13.36842155456543,548400,0.0,0.0,0.0
2025-09-08 00:00:00-04:00,13.407085283064387,13.455416705334242,13.407085283064387,13.44575023651123,570200,0.0,0.0,0.0
2025-09-09 00:00:00-04:00,13.455419596463125,13.455419596463125,13.40708816380843,13.436086654663086,321600,0.0,0.0,0.0
2025-09-10 00:00:00-04:00,13.455416679382324,13.494081632754593,13.445750210577955,13.455416679382324,375800,0.0,0.0,0.0
2025-09-11 00:00:00-04:00,13.484416007995605,13.50374894681447,13.474749538586174,13.484416007995605,255100,0.0,0.0,0.0
2025-09-12 00:00:00-04:00,13.465083991022002,13.494082477405039,13.45541752161257,13.484416007995605,300400,0.0,0.0,0.0
2025-09-15 00:00:00-04:00,13.484415954994917,13.513414441263974,13.484415954994917,13.503748893737793,271300,0.0,0.0,0.0
2025-09-16 00:00:00-04:00,13.503748893737793,13.52308091063541,13.494082424366354,13.503748893737793,517200,0.0,0.0,0.0
2025-09-17 00:00:00-04:00,13.523079981468964,13.532746450176221,13.484415028485126,13.494081497192383,363000,0.0,0.0,0.0
2025-09-18 00:00:00-04:00,13.484415028485126,13.503747965899642,13.455416544208544,13.494081497192383,382900,0.0,0.0,0.0
2025-09-19 00:00:00-04:00,13.503748893737793,13.503748893737793,13.474749485623478,13.503748893737793,406400,0.0,0.0,0.0
2025-09-22 00:00:00-04:00,13.50374894681447,13.513414494378642,13.484416007995605,13.484416007995605,532300,0.0,0.0,0.0
2025-09-23 00:00:00-04:00,13.494081497192383,13.503747965899642,13.474748559777867,13.494081497192383,431000,0.0,0.0,0.0
2025-09-24 00:00:00-04:00,13.474749565124512,13.494082503981453,13.465084017541304,13.474749565124512,396600,0.0,0.0,0.0
2025-09-25 00:00:00-04:00,13.484417048066758,13.484417048066758,13.44575208929201,13.46508502960205,417500,0.0,0.0,0.0
2025-09-26 00:00:00-04:00,13.474749565124512,13.494082503981453,13.455417548112834,13.474749565124512,291900,0.0,0.0,0.0
2025-09-29 00:00:00-04:00,13.503832413608244,13.52322006225586,13.49413812703541,13.52322006225586,284800,0.04,0.0,0.0
2025-09-30 00:00:00-04:00,13.51352596282959,13.542608822950855,13.51352596282959,13.51352596282959,277300,0.0,0.0,0.0
2025-10-01 00:00:00-04:00,13.532914172284574,13.54260845873094,13.484443664550781,13.484443664550781,268500,0.0,0.0,0.0
2025-10-02 00:00:00-04:00,13.503832413608244,13.532914348828694,13.49413812703541,13.52322006225586,201700,0.0,0.0,0.0
2025-10-03 00:00:00-04:00,13.52322024953668,13.532914536243768,13.494138313913478,13.51352596282959,434800,0.0,0.0,0.0
2025-10-06 00:00:00-04:00,13.474749378104415,13.503832237443515,13.474749378104415,13.484443664550781,413100,0.0,0.0,0.0
2025-10-07 00:00:00-04:00,13.48444347766504,13.513525412103045,13.455361543227037,13.49413776397705,315100,0.0,0.0,0.0
2025-10-08 00:00:00-04:00,13.513525412103045,13.523219698415053,13.48444347766504,13.49413776397705,504600,0.0,0.0,0.0
2025-10-09 00:00:00-04:00,13.494137950997148,13.503832237443515,13.484443664550781,13.484443664550781,392100,0.0,0.0,0.0
2025-10-10 00:00:00-04:00,13.49413812703541,13.52322006225586,13.474749553889742,13.52322006225586,443000,0.0,0.0,0.0
2025-10-14 00:00:00-04:00,13.532915115356445,13.552302765102212,13.513526541112576,13.532915115356445,612800,0.0,0.0,0.0
2025-10-15 00:00:00-04:00,13.552301033945696,13.591078177480085,13.552301033945696,13.57168960571289,456400,0.0,0.0,0.0
2025-10-16 00:00:00-04:00,13.58138425620201,13.610466190135549,13.571689970058161,13.6007719039917,364500,0.0,0.0,0.0
2025-10-17 00:00:00-04:00,13.6007719039917,13.610466190135549,13.59107854234586,13.6007719039917,471700,0.0,0.0,0.0
2025-10-20 00:00:00-04:00,13.639549255371094,13.649243542319015,13.62016160597334,13.639549255371094,453700,0.0,0.0,0.0
2025-10-21 00:00:00-04:00,13.649242035980414,13.649242035980414,13.620160102844238,13.620160102844238,554000,0.0,0.0,0.0
2025-10-22 00:00:00-04:00,13.62985610961914,13.639549472223086,13.620161822517092,13.62985610961914,464000,0.0,0.0,0.0
2025-10-23 00:00:00-04:00,13.620161243782414,13.629855530472542,13.600772670402158,13.610466957092285,372200,0.0,0.0,0.0
2025-10-24 00:00:00-04:00,13.639548124069089,13.639548124069089,13.6007719039917,13.6007719039917,410800,0.0,0.0,0.0
2025-10-27 00:00:00-04:00,13.620159330060865,13.668629832203017,13.620159330060865,13.658935546875,506600,0.0,0.0,0.0
2025-10-28 00:00:00-04:00,13.678324699401855,13.678324699401855,13.658937051108628,13.678324699401855,588700,0.0,0.0,0.0
2025-10-29 00:00:00-04:00,13.658936696356788,13.658936696356788,13.59107854234586,13.6007719039917,600800,0.0,0.0,0.0
2025-10-30 00:00:00-04:00,13.61049390786838,13.620215911745058,13.581328823379659,13.6007719039917,629100,0.04,0.0,0.0
2025-10-31 00:00:00-04:00,13.620214709317224,13.62993671233562,13.600770703280432,13.610492706298828,428700,0.0,0.0,0.0
2025-11-03 00:00:00-05:00,13.600772152064259,13.62021616017227,13.591050148010254,13.591050148010254,486500,0.0,0.0,0.0
2025-11-04 00:00:00-05:00,13.600772152064259,13.610494156118264,13.581329071097585,13.591050148010254,392200,0.0,0.0,0.0
2025-11-05 00:00:00-05:00,13.620215911745058,13.620215911745058,13.591049900115019,13.6007719039917,559700,0.0,0.0,0.0
2025-11-06 00:00:00-05:00,13.62021750335072,13.649382591247559,13.610495498337965,13.649382591247559,421600,0.0,0.0,0.0
2025-11-07 00:00:00-05:00,13.591049900115019,13.620215911745058,13.591049900115019,13.6007719039917,618500,0.0,0.0,0.0
2025-11-10 00:00:00-05:00,13.600770703280432,13.610492706298828,13.591048700262036,13.610492706298828,564400,0.0,0.0,0.0
2025-11-11 00:00:00-05:00,13.610493165243593,13.629937171936035,13.600771161897372,13.629937171936035,302700,0.0,0.0,0.0
2025-11-12 00:00:00-05:00,13.62021541595459,13.639658495858882,13.610493412431802,13.62021541595459,326200,0.0,0.0,0.0
2025-11-13 00:00:00-05:00,13.6007719039917,13.620215911745058,13.581328823379659,13.6007719039917,440900,0.0,0.0,0.0
2025-11-14 00:00:00-05:00,13.591050488984184,13.600772493282095,13.542442321777344,13.542442321777344,3535800,0.0,0.0,0.0
2025-11-17 00:00:00-05:00,13.561886082543674,13.57160808732856,13.54244300011531,13.552164077758789,476900,0.0,0.0,0.0
2025-11-18 00:00:00-05:00,13.542440661553318,13.561883740624173,13.513274652235163,13.532718658447266,635800,0.0,0.0,0.0
2025-11-19 00:00:00-05:00,13.552161737518123,13.552161737518123,13.522996655341215,13.532718658447266,340600,0.0,0.0,0.0
2025-11-20 00:00:00-05:00,13.532720995330425,13.561886082543674,13.52299899054554,13.552164077758789,734800,0.0,0.0,0.0
2025-11-21 00:00:00-05:00,13.57160758972168,13.581329594150105,13.55216358086483,13.57160758972168,446200,0.0,0.0,0.0
2025-11-24 00:00:00-05:00,13.6007719039917,13.6007719039917,13.571606819502978,13.6007719039917,499600,0.0,0.0,0.0
2025-11-25 00:00:00-05:00,13.610492891931433,13.649379977394158,13.610492891931433,13.639657974243164,821300,0.0,0.0,0.0
2025-11-26 00:00:00-05:00,13.639657974243164,13.659157574506773,13.610409503639868,13.639657974243164,688000,0.04,0.0,0.0
2025-11-27 00:00:00-05:00,13.64940890572511,13.66890850760497,13.63965910478518,13.659158706665039,251200,0.0,0.0,0.0
2025-11-28 00:00:00-05:00,13.659158706665039,13.659158706665039,13.629909303845249,13.659158706665039,454100,0.0,0.0,0.0
2025-12-01 00:00:00-05:00,13.59091075818469,13.600660558929713,13.561662285741793,13.571412086486816,789500,0.0,0.0,0.0
2025-12-02 00:00:00-05:00,13.571412086486816,13.58116188723184,13.54216361404392,13.571412086486816,632600,0.0,0.0,0.0
2025-12-03 00:00:00-05:00,13.561661898090772,13.590910369697621,13.561661898090772,13.581161499023438,1280900,0.0,0.0,0.0
2025-12-04 00:00:00-05:00,13.571412321827044,13.571412321827044,13.532414047962858,13.542163848876953,558100,0.0,0.0,0.0
2025-12-05 00:00:00-05:00,13.434918251100123,13.434918251100123,13.395919976212154,13.415419578552246,779800,0.0,0.0,0.0
2025-12-08 00:00:00-05:00,13.376421303664278,13.425169379722293,13.347171900154141,13.415419578552246,1311200,0.0,0.0,0.0
2025-12-09 00:00:00-05:00,13.415419791241929,13.415419791241929,13.376421515735677,13.386170387268066,563000,0.0,0.0,0.0
2025-12-10 00:00:00-05:00,13.376421303664278,13.434918251100123,13.376421303664278,13.415419578552246,528700,0.0,0.0,0.0
2025-12-11 00:00:00-05:00,13.454417051128466,13.454417051128466,13.425168579154684,13.434917449951172,474400,0.0,0.0,0.0
2025-12-12 00:00:00-05:00,13.425168991088867,13.425168991088867,13.405669389313253,13.425168991088867,462600,0.0,0.0,0.0
2025-12-15 00:00:00-05:00,13.464167983781454,13.473916855397626,13.444668380964638,13.454418182373047,698200,0.0,0.0,0.0
2025-12-16 00:00:00-05:00,13.425168909214598,13.473916053771973,13.425168909214598,13.473916053771973,537600,0.0,0.0,0.0
2025-12-17 00:00:00-05:00,13.444666862487793,13.454416662795033,13.434917062180553,13.444666862487793,473400,0.0,0.0,0.0
2025-12-18 00:00:00-05:00,13.444666862487793,13.464166463102273,13.434917062180553,13.444666862487793,423400,0.0,0.0,0.0
2025-12-19 00:00:00-05:00,13.434918251100123,13.444668052270169,13.415419578552246,13.415419578552246,414600,0.0,0.0,0.0
2025-12-22 00:00:00-05:00,13.425168579154684,13.434917449951172,13.415418778566035,13.434917449951172,625900,0.0,0.0,0.0
2025-12-23 00:00:00-05:00,13.444667193910426,13.483665466308594,13.434917393362845,13.483665466308594,667900,0.0,0.0,0.0
2025-12-24 00:00:00-05:00,13.483665078577996,13.503164679112436,13.483665078577996,13.493414878845215,505100,0.0,0.0,0.0
2025-12-29 00:00:00-05:00,13.49341598525165,13.512914657592773,13.483666184184985,13.512914657592773,448700,0.0,0.0,0.0
2025-12-30 00:00:00-05:00,13.483581540646899,13.493359561091161,13.46402643224173,13.473803520202637,349000,0.04,0.0,0.0
2025-12-31 00:00:00-05:00,13.483581540646899,13.483581540646899,13.46402643224173,13.473803520202637,216400,0.0,0.0,0.0
2026-01-02 00:00:00-05:00,13.454248421400107,13.454248421400107,13.4151372720785,13.424914360046387,542900,0.0,0.0,0.0
2026-01-05 00:00:00-05:00,13.454248411797467,13.493359561091161,13.444470391353205,13.473803520202637,466500,0.0,0.0,0.0
2026-01-06 00:00:00-05:00,13.46402643224173,13.473803520202637,13.434692370908945,13.473803520202637,880500,0.0,0.0,0.0
2026-01-07 00:00:00-05:00,13.512913706936823,13.53246974643232,13.493358599924614,13.52269172668457,639000,0.0,0.0,0.0
2026-01-08 00:00:00-05:00,13.493359549204829,13.512914657592773,13.48358152876918,13.512914657592773,439000,0.0,0.0,0.0
2026-01-09 00:00:00-05:00,13.503136622684183,13.532469749450684,13.493358602934254,13.532469749450684,431300,0.0,0.0,0.0
2026-01-12 00:00:00-05:00,13.512913706936823,13.53246974643232,13.503136619672361,13.52269172668457,577000,0.0,0.0,0.0
2026-01-13 00:00:00-05:00,13.512914657592773,13.512914657592773,13.493359549204829,13.512914657592773,955500,0.0,0.0,0.0
2026-01-14 00:00:00-05:00,13.503136607580206,13.552024841308594,13.503136607580206,13.552024841308594,588100,0.0,0.0,0.0
2026-01-15 00:00:00-05:00,13.561803820084682,13.571581840515137,13.542248711707124,13.571581840515137,520600,0.0,0.0,0.0
2026-01-16 00:00:00-05:00,13.571580880786579,13.58135890052557,13.542247754052887,13.552024841308594,392400,0.0,0.0,0.0
2026-01-19 00:00:00-05:00,13.552025813848456,13.552025813848456,13.532470705450416,13.542248725891113,368700,0.0,0.0,0.0
2026-01-20 00:00:00-05:00,13.512913722102093,13.532469761619538,13.50313663482666,13.50313663482666,653800,0.0,0.0,0.0
2026-01-21 00:00:00-05:00,13.503137569640478,13.532470698464069,13.493359549204829,13.512914657592773,722300,0.0,0.0,0.0
2026-01-22 00:00:00-05:00,13.522692685009721,13.552025813848456,13.522692685009721,13.542248725891113,476400,0.0,0.0,0.0
2026-01-23 00:00:00-05:00,13.532470705450416,13.542248725891113,13.512914664569024,13.542248725891113,529400,0.0,0.0,0.0
2026-01-26 00:00:00-05:00,13.571580889861403,13.591135996869177,13.571580889861403,13.581358909606934,322900,0.0,0.0,0.0
2026-01-27 00:00:00-05:00,13.57158185472985,13.57158185472985,13.542248725891113,13.542248725891113,386900,0.0,0.0,0.0
2026-01-28 00:00:00-05:00,13.552024841308594,13.561802861047585,13.532469734313896,13.552024841308594,504300,0.0,0.0,0.0
2026-01-29 00:00:00-05:00,13.551045417785645,13.57065664191856,13.531435128767365,13.551045417785645,1055800,0.039,0.0,0.0
2026-01-30 00:00:00-05:00,13.560850143432617,13.560850143432617,13.541239855696183,13.560850143432617,618700,0.0,0.0,0.0
2026-02-02 00:00:00-05:00,13.560851029852103,13.560851029852103,13.531435128767365,13.551045417785645,671800,0.0,0.0,0.0
2026-02-03 00:00:00-05:00,13.551045417785645,13.551045417785645,13.531435128767365,13.551045417785645,567800,0.0,0.0,0.0
2026-02-04 00:00:00-05:00,13.541240740833821,13.57065664191856,13.531435128767365,13.551045417785645,514100,0.0,0.0,0.0
2026-02-05 00:00:00-05:00,13.570655890551645,13.590266178484162,13.551044667504545,13.580461502075195,450000,0.0,0.0,0.0
2026-02-06 00:00:00-05:00,13.580461434228468,13.580461434228468,13.551044599804781,13.570655822753906,616400,0.0,0.0,0.0
2026-02-09 00:00:00-05:00,13.580461551277677,13.590266227722168,13.560850328159527,13.590266227722168,508700,0.0,0.0,0.0
2026-02-10 00:00:00-05:00,13.590267315351424,13.619684152382883,13.590267315351424,13.609878540039062,874500,0.0,0.0,0.0
2026-02-11 00:00:00-05:00,13.600073042841474,13.639294557434164,13.600073042841474,13.629488945007324,573900,0.0,0.0,0.0
2026-02-12 00:00:00-05:00,13.639293854294461,13.668709754943848,13.629488242373126,13.668709754943848,250500,0.0,0.0,0.0
2026-02-13 00:00:00-05:00,13.668709889550627,13.707931402507594,13.668709889550627,13.688321113586426,578900,0.0,0.0,0.0
2026-02-17 00:00:00-05:00,13.698126792907715,13.727542693991312,13.698126792907715,13.698126792907715,654400,0.0,0.0,0.0
2026-02-18 00:00:00-05:00,13.688321180841637,13.717737081925234,13.688321180841637,13.698126792907715,502000,0.0,0.0,0.0
2026-02-19 00:00:00-05:00,13.707931469859156,13.707931469859156,13.688321180841637,13.698126792907715,499400,0.0,0.0,0.0
2026-02-20 00:00:00-05:00,13.71773624420166,13.71773624420166,13.698125956381713,13.71773624420166,532700,0.0,0.0,0.0
2026-02-23 00:00:00-05:00,13.727542944273699,13.747154168763409,13.717737332028845,13.737348556518555,817000,0.0,0.0,0.0
2026-02-24 00:00:00-05:00,13.73734753503868,13.74715314655441,13.72754192352295,13.72754192352295,654300,0.0,0.0,0.0
2026-02-25 00:00:00-05:00,13.72754192352295,13.74715314655441,13.717736312007219,13.72754192352295,506800,0.0,0.0,0.0
2026-02-26 00:00:00-05:00,13.746223782108302,13.756056785583496,13.736391716359933,13.756056785583496,541600,0.039,0.0,0.0
2026-02-27 00:00:00-05:00,13.765891075134277,13.775724079528118,13.746225066346597,13.765891075134277,608500,0.0,0.0,0.0
2026-03-02 00:00:00-05:00,13.726559929592,13.726559929592,13.687228849931783,13.706893920898438,747400,0.0,0.0,0.0
2026-03-03 00:00:00-05:00,13.628231736700425,13.697061829275338,13.608566665769668,13.677395820617676,1445500,0.0,0.0,0.0
2026-03-04 00:00:00-05:00,13.687229447968356,13.69706245274477,13.667563438415527,13.667563438415527,645500,0.0,0.0,0.0
2026-03-05 00:00:00-05:00,13.618399620056152,13.628231686621948,13.598733611470754,13.618399620056152,544900,0.0,0.0,0.0
2026-03-06 00:00:00-05:00,13.569235137951887,13.579068141955908,13.539737063666703,13.549569129943848,816100,0.0,0.0,0.0
2026-03-09 00:00:00-04:00,13.50040603750038,13.59873420929625,13.490573970502346,13.579069137573242,761900,0.0,0.0,0.0
2026-03-10 00:00:00-04:00,13.579067851816383,13.608565925471291,13.55940184422854,13.569234848022461,608500,0.0,0.0,0.0
2026-03-11 00:00:00-04:00,13.549568744120341,13.549568744120341,13.48073959350586,13.48073959350586,688100,0.0,0.0,0.0
2026-03-12 00:00:00-04:00,13.480740189932321,13.490573194091388,13.431576106863883,13.44140911102295,507100,0.0,0.0,0.0
2026-03-13 00:00:00-04:00,13.500404636293448,13.510237639997856,13.43157548581628,13.451241493225098,783500,0.0,0.0,0.0
2026-03-16 00:00:00-04:00,13.510238647460938,13.529904656336255,13.490573576312537,13.510238647460938,556400,0.0,0.0,0.0
2026-03-17 00:00:00-04:00,13.559402772623447,13.56923577709062,13.539737701416016,13.539737701416016,607900,0.0,0.0,0.0
2026-03-18 00:00:00-04:00,13.539736678123164,13.549568744120341,13.470906589781835,13.48073959350586,765700,0.0,0.0,0.0
2026-03-19 00:00:00-04:00,13.47090756743722,13.520071651898597,13.47090756743722,13.510238647460938,622500,0.0,0.0,0.0
2026-03-20 00:00:00-04:00,13.470907118321808,13.470907118321808,13.38241195678711,13.38241195678711,818500,0.0,0.0,0.0
2026-03-23 00:00:00-04:00,13.402077053626714,13.480739205702328,13.392244050185557,13.411910057067871,843600,0.0,0.0,0.0
2026-03-24 00:00:00-04:00,13.38241195678711,13.421743035499544,13.362746886294333,13.38241195678711,427200,0.0,0.0,0.0
2026-03-25 00:00:00-04:00,13.451242802138625,13.500405949990942,13.451242802138625,13.49057388305664,534800,0.0,0.0,0.0
2026-03-26 00:00:00-04:00,13.451242406059436,13.461074472704226,13.402078321927844,13.421743392944336,554600,0.0,0.0,0.0
2026-03-27 00:00:00-04:00,13.382411667071812,13.411910678762679,13.382411667071812,13.402077674865723,499800,0.0,0.0,0.0
2026-03-30 00:00:00-04:00,13.459267616271973,13.478988606822314,13.449408061345387,13.459267616271973,409100,0.038,0.0,0.0
2026-03-31 00:00:00-04:00,13.488848188393865,13.50856823725983,13.469127199179377,13.478987693786621,522800,0.0,0.0,0.0
2026-04-01 00:00:00-04:00,13.478988606822314,13.49870865702407,13.459267616271973,13.459267616271973,612300,0.0,0.0,0.0
2026-04-02 00:00:00-04:00,13.469127696275944,13.51842923078318,13.449407646682184,13.488848686218262,382600,0.0,0.0,0.0
2026-04-06 00:00:00-04:00,13.478987764203733,13.518428802490234,13.469127269544977,13.518428802490234,598400,0.0,0.0,0.0
2026-04-07 00:00:00-04:00,13.488848644911222,13.498708199503632,13.419826120673038,13.469127655029297,501900,0.0,0.0,0.0
2026-04-08 00:00:00-04:00,13.577591357561989,13.587450912255246,13.528289822701446,13.548009872436523,437800,0.0,0.0,0.0
2026-04-09 00:00:00-04:00,13.518428830994317,13.55786986936398,13.478987792624652,13.538148880004883,597000,0.0,0.0,0.0
2026-04-10 00:00:00-04:00,13.538148851459221,13.538148851459221,13.508568307831478,13.518428802490234,377500,0.0,0.0,0.0
2026-04-13 00:00:00-04:00,13.50856880487873,13.528289794921875,13.488848755184144,13.528289794921875,516500,0.0,0.0,0.0
2026-04-14 00:00:00-04:00,13.51842891428952,13.577590942382812,13.508568419549215,13.577590942382812,675600,0.0,0.0,0.0
2026-04-15 00:00:00-04:00,13.567730364043527,13.567730364043527,13.538148880004883,13.538148880004883,356100,0.0,0.0,0.0
2026-04-16 00:00:00-04:00,13.557869341187153,13.557869341187153,13.498707315763182,13.508567810058594,528000,0.0,0.0,0.0
2026-04-17 00:00:00-04:00,13.567730931305082,13.60717197132376,13.567730931305082,13.587450981140137,716300,0.0,0.0,0.0
2026-04-20 00:00:00-04:00,13.577590018433012,13.597310066223145,13.567729524363711,13.597310066223145,841100,0.0,0.0,0.0
2026-04-21 00:00:00-04:00,13.597310949685198,13.597310949685198,13.538148921773907,13.557869911193848,1071000,0.0,0.0,0.0
2026-04-22 00:00:00-04:00,13.587450454975228,13.587450454975228,13.557869911193848,13.557869911193848,518000,0.0,0.0,0.0
2026-04-23 00:00:00-04:00,13.567730405903818,13.597310949685198,13.518428872702499,13.557869911193848,461200,0.0,0.0,0.0
2026-04-24 00:00:00-04:00,13.557870436213271,13.597311476231948,13.548009941121459,13.587450981140137,487800,0.0,0.0,0.0
2026-04-27 00:00:00-04:00,13.567730405903818,13.577590900613789,13.548009416483877,13.557869911193848,485900,0.0,0.0,0.0
2026-04-28 00:00:00-04:00,13.538148921773907,13.557869911193848,13.518428872702499,13.557869911193848,584600,0.0,0.0,0.0
2026-04-29 00:00:00-04:00,13.53611571376522,13.53611571376522,13.447128160223878,13.457015037536621,519000,0.038,0.0,0.0
2026-04-30 00:00:00-04:00,13.496566772460938,13.526230236332475,13.496566772460938,13.496566772460938,606900,0.0,0.0,0.0
2026-05-01 00:00:00-04:00,13.50645421636996,13.555892378486641,13.50645421636996,13.526229858398438,548600,0.0,0.0,0.0
2026-05-04 00:00:00-04:00,13.536117505319742,13.536117505319742,13.457016818621879,13.466904640197754,578600,0.0,0.0,0.0
2026-05-05 00:00:00-04:00,13.466902857803806,13.49656537565092,13.457015037536621,13.457015037536621,926300,0.0,0.0,0.0
2026-05-06 00:00:00-04:00,13.536117175643279,13.565780639648438,13.536117175643279,13.565780639648438,731600,0.0,0.0,0.0
2026-05-07 00:00:00-04:00,13.595442456509144,13.595442456509144,13.526229596657808,13.546004295349121,805600,0.0,0.0,0.0
2026-05-08 00:00:00-04:00,13.605330341666962,13.615218162536621,13.585554699927643,13.615218162536621,869400,0.0,0.0,0.0
2026-05-11 00:00:00-04:00,13.565779811392977,13.575666689169847,13.536116349198913,13.555891990661621,769600,0.0,0.0,0.0
2026-05-12 00:00:00-04:00,13.506454467773438,13.516342288971725,13.496566646575152,13.506454467773438,490800,0.0,0.0,0.0
2026-05-13 00:00:00-04:00,13.496566520873547,13.516342163085938,13.496566520873547,13.516342163085938,658700,0.0,0.0,0.0
2026-05-14 00:00:00-04:00,13.536116600036621,13.565780062780378,13.526229722076538,13.536116600036621,628500,0.0,0.0,0.0
2026-05-15 00:00:00-04:00,13.466904201006846,13.466904201006846,13.427353858947754,13.427353858947754,502300,0.0,0.0,0.0
2026-05-19 00:00:00-04:00,13.397691338142069,13.427353858947754,13.377915695635256,13.427353858947754,691800,0.0,0.0,0.0
2026-05-20 00:00:00-04:00,13.457016054253279,13.536116736458164,13.447129176193553,13.526229858398438,827100,0.0,0.0,0.0
2026-05-21 00:00:00-04:00,13.516341650690688,13.575666689169847,13.496566009227978,13.555891990661621,669400,0.0,0.0,0.0
2026-05-22 00:00:00-04:00,13.585555202522078,13.585555202522078,13.546004860534783,13.575667381286621,423100,0.0,0.0,0.0
2026-05-25 00:00:00-04:00,13.61521790108222,13.634992599487305,13.61521790108222,13.634992599487305,482400,0.0,0.0,0.0
2026-05-26 00:00:00-04:00,13.644880294799805,13.644880294799805,13.615217775987471,13.644880294799805,917000,0.0,0.0,0.0
2026-05-27 00:00:00-04:00,13.674542813612137,13.674542813612137,13.63499247421087,13.644880294799805,644000,0.0,0.0,0.0
2026-05-28 00:00:00-04:00,13.632982435323433,13.682557106018066,13.613152188822301,13.682557106018066,876400,0.038,0.0,0.0
2026-05-29 00:00:00-04:00,13.702385902404785,13.712301025290252,13.672641479306547,13.702385902404785,676100,0.0,0.0,0.0
2026-06-01 00:00:00-04:00,13.632982662947267,13.692472457885742,13.623067539531153,13.692472457885742,771200,0.0,0.0,0.0
2026-06-02 00:00:00-04:00,13.69247172507748,13.712301025290252,13.672641479306547,13.702385902404785,611000,0.0,0.0,0.0
2026-06-03 00:00:00-04:00,13.682556602192014,13.702385902404785,13.672641479306547,13.702385902404785,925100,0.0,0.0,0.0
2026-06-04 00:00:00-04:00,13.69247172507748,13.722216148175718,13.69247172507748,13.702385902404785,506900,0.0,0.0,0.0
2026-06-05 00:00:00-04:00,13.632982710861747,13.662727135656418,13.613152463959823,13.652812957763672,590500,0.0,0.0,0.0
2026-06-08 00:00:00-04:00,13.672643036434351,13.672643036434351,13.583408811418915,13.603239059448242,891000,0.0,0.0,0.0
2026-06-09 00:00:00-04:00,13.603238326045403,13.64289787440759,13.603238326045403,13.613152503967285,762500,0.0,0.0,0.0
2026-06-10 00:00:00-04:00,13.632981529629815,13.652811774813545,13.613151284446085,13.64289665222168,472800,0.0,0.0,0.0
2026-06-11 00:00:00-04:00,13.652813356619518,13.712302207946777,13.642898232878894,13.712302207946777,685800,0.0,0.0,0.0
2026-06-12 00:00:00-04:00,13.692472906023772,13.712302207946777,13.682557782283148,13.712302207946777,415900,0.0,0.0,0.0
2026-06-15 00:00:00-04:00,13.732132683719913,13.751961985972573,13.702387312003532,13.722217559814453,675200,0.0,0.0,0.0
2026-06-16 00:00:00-04:00,13.722216834626344,13.742046135831073,13.712301711244876,13.732131958007812,753800,0.0,0.0,0.0
2026-06-17 00:00:00-04:00,13.732131271061185,13.751960571273955,13.69247172507748,13.702385902404785,989600,0.0,0.0,0.0
2026-06-18 00:00:00-04:00,13.742046135831073,13.761876382594009,13.722216834626344,13.732131958007812,827900,0.0,0.0,0.0
2026-06-19 00:00:00-04:00,13.732132683719913,13.732132683719913,13.702387312003532,13.722217559814453,108900,0.0,0.0,0.0
2026-06-22 00:00:00-04:00,13.712301530211567,13.722216653462134,13.6726419827675,13.682557106018066,903200,0.0,0.0,0.0
2026-06-23 00:00:00-04:00,13.69247172507748,13.722216148175718,13.69247172507748,13.702385902404785,433400,0.0,0.0,0.0
2026-06-24 00:00:00-04:00,13.751961211435841,13.771791458129883,13.74204608808882,13.771791458129883,338900,0.0,0.0,0.0
2026-06-25 00:00:00-04:00,13.771791000429523,13.771791000429523,13.732131453917715,13.751960754394531,638700,0.0,0.0,0.0
2026-06-26 00:00:00-04:00,13.732131453917715,13.751960754394531,13.722216330900219,13.751960754394531,434100,0.0,0.0,0.0
2026-06-29 00:00:00-04:00,13.760909882724011,13.780795097351074,13.750966801298263,13.780795097351074,661200,0.039,0.0,0.0
2026-06-30 00:00:00-04:00,13.760910987854004,13.770854070078274,13.74102482340546,13.760910987854004,663600,0.0,0.0,0.0
2026-07-02 00:00:00-04:00,13.701252863935512,13.721139027543982,13.671424566747278,13.711195945739746,619400,0.0,0.0,0.0
2026-07-03 00:00:00-04:00,13.711195872411539,13.731082035913655,13.711195872411539,13.721138954162598,293800,0.0,0.0,0.0
2026-07-06 00:00:00-04:00,13.741024897153517,13.750967979431152,13.72113968082276,13.750967979431152,800100,0.0,0.0,0.0
2026-07-07 00:00:00-04:00,13.72113829734715,13.72113829734715,13.681366920471191,13.681366920471191,515400,0.0,0.0,0.0
2026-07-08 00:00:00-04:00,13.63165290520654,13.63165290520654,13.591881527038428,13.621709823608398,668600,0.0,0.0,0.0
2026-07-09 00:00:00-04:00,13.631653559298574,13.661481857299805,13.631653559298574,13.661481857299805,573900,0.0,0.0,0.0
2026-07-10 00:00:00-04:00,13.651538701679304,13.671424865722656,13.631653485860442,13.671424865722656,369700,0.0,0.0,0.0
2026-07-13 00:00:00-04:00,13.641595986804681,13.641595986804681,13.60182460863657,13.621709823608398,613400,0.0,0.0,0.0
2026-07-14 00:00:00-04:00,13.62170989683714,13.631652978488734,13.601824681758409,13.611766815185547,530600,0.0,0.0,0.0
2026-07-15 00:00:00-04:00,13.621710629755253,13.651538928090492,13.621710629755253,13.641596794128418,588100,0.0,0.0,0.0
2026-07-16 00:00:00-04:00,13.621710550714791,13.651538848876953,13.611767468585905,13.651538848876953,569200,0.0,0.0,0.0
2026-07-17 00:00:00-04:00,13.651538193567465,13.661481275219058,13.611766815185547,13.611766815185547,539300,0.0,0.0,0.0
2026-07-20 00:00:00-04:00,13.641595986804681,13.641595986804681,13.60182460863657,13.621709823608398,539200,0.0,0.0,0.0
2026-07-21 00:00:00-04:00,13.63165283203125,13.641595913576015,13.61176666894172,13.63165283203125,643900,0.0,0.0,0.0
2026-07-22 00:00:00-04:00,13.611767922384697,13.611767922384697,13.5819396232281,13.591882705688477,447900,0.0,0.0,0.0
2026-07-23 00:00:00-04:00,13.552110745610184,13.552110745610184,13.532224581538255,13.542167663574219,596400,0.0,0.0,0.0
2026-07-24 00:00:00-04:00,13.571995515309686,13.601824760437012,13.56205338182504,13.601824760437012,802600,0.0,0.0,0.0
2026-07-27 00:00:00-04:00,13.631653711941835,13.641596794128418,13.61176754756867,13.641596794128418,517900,0.0,0.0,0.0
2026-07-28 00:00:00-04:00,13.641596567882118,13.671424865722656,13.631653485860442,13.671424865722656,572300,0.0,0.0,0.0
2026-07-29 00:00:00-04:00,13.621709975630766,13.631653057339875,13.591881678727903,13.601824760437012,454600,0.0,0.0,0.0
2026-07-30 00:00:00-04:00,13.590856875998353,13.620770454406738,13.580885366217053,13.620770454406738,582800,0.039,0.0,0.0
2026-07-31 00:00:00-04:00,13.58088493347168,13.58088493347168,13.540999846552905,13.58088493347168,598400,0.0,0.0,0.0
2026-08-04 00:00:00-04:00,13.620769825986871,13.650683403015137,13.610798316665626,13.650683403015137,609200,0.0,0.0,0.0
2026-08-05 00:00:00-04:00,13.650683403015137,13.660654912336382,13.630741335308116,13.650683403015137,653700,0.0,0.0,0.0
2026-08-06 00:00:00-04:00,13.610798620275885,13.62077012981956,13.580885042580348,13.590856552124023,523700,0.0,0.0,0.0
2026-08-07 00:00:00-04:00,13.580884824202672,13.580884824202672,13.560942756371475,13.570913314819336,473200,0.0,0.0,0.0
2026-08-10 00:00:00-04:00,13.550971551422142,13.550971551422142,13.501114954320869,13.511086463928223,722500,0.0,0.0,0.0
2026-08-11 00:00:00-04:00,13.531028532207435,13.541000041814788,13.511086463928223,13.511086463928223,391400,0.0,0.0,0.0
2026-08-12 00:00:00-04:00,13.541000366210938,13.550971876057174,13.5310288563647,13.541000366210938,579100,0.0,0.0,0.0
2026-08-13 00:00:00-04:00,13.570913533036673,13.600828061667698,13.560942974428489,13.590856552124023,326200,0.0,0.0,0.0
2026-08-14 00:00:00-04:00,13.590856964506605,13.590856964506605,13.5310288563647,13.541000366210938,693200,0.0,0.0,0.0
2026-08-17 00:00:00-04:00,13.531028641332835,13.541000151020608,13.511086572892795,13.521058082580566,474600,0.0,0.0,0.0
2026-08-18 00:00:00-04:00,13.501115169195943,13.541000257324647,13.491143659429888,13.531028747558594,611600,0.0,0.0,0.0
2026-08-19 00:00:00-04:00,13.550971031188965,13.560942540413505,13.531028012739887,13.550971031188965,451800,0.0,0.0,0.0
2026-08-20 00:00:00-04:00,13.501114736069695,13.511086245515855,13.481172668112855,13.491143226623535,487400,0.0,0.0,0.0
2026-08-21 00:00:00-04:00,13.491143120077444,13.491143120077444,13.471201052278097,13.481172561645508,535600,0.0,0.0,0.0
2026-08-24 00:00:00-04:00,13.5310288563647,13.56094338590341,13.5310288563647,13.541000366210938,276300,0.0,0.0,0.0
2026-08-25 00:00:00-04:00,13.57091364190536,13.600828170776367,13.56094308321719,13.600828170776367,316400,0.0,0.0,0.0
2026-08-26 00:00:00-04:00,13.580884824202672,13.580884824202672,13.550971246988139,13.570913314819336,329200,0.0,0.0,0.0
2026-08-27 00:00:00-04:00,13.56094338590341,13.57091394481413,13.5310288563647,13.541000366210938,386100,0.0,0.0,0.0
2026-08-28 00:00:00-04:00,13.539999961853027,13.5600004196167,13.520000457763672,13.529999732971191,281800,0.039,0.0,0.0
2026-08-31 00:00:00-04:00,13.520000457763672,13.529999732971191,13.489999771118164,13.529999732971191,279900,0.0,0.0,0.0
2026-09-01 00:00:00-04:00,13.479999542236328,13.529999732971191,13.479999542236328,13.520000457763672,466900,0.0,0.0,0.0
2026-09-02 00:00:00-04:00,13.520000457763672,13.520000457763672,13.460000038146973,13.470000267028809,212400,0.0,0.0,0.0
2026-09-03 00:00:00-04:00,13.5,13.5,13.470000267028809,13.489999771118164,367000,0.0,0.0,0.0
2026-09-04 00:00:00-04:00,13.5,13.510000228881836,13.489999771118164,13.5,214800,0.0,0.0,0.0
2026-09-08 00:00:00-04:00,13.489999771118164,13.489999771118164,13.460000038146973,13.479999542236328,351600,0.0,0.0,0.0
2026-09-09 00:00:00-04:00,13.460000038146973,13.470000267028809,13.430000305175781,13.4399995803833,293300,0.0,0.0,0.0
2026-09-10 00:00:00-04:00,13.390000343322754,13.390000343322754,13.350000381469727,13.359999656677246,496900,0.0,0.0,0.0
2026-09-11 00:00:00-04:00,13.369999885559082,13.390000343322754,13.350000381469727,13.350000381469727,361300,0.0,0.0,0.0
