"Date","Symbol","Class Symbol","Root Symbol","Underlying Symbol","Strike Price","Expiry Date","Call/Put","Ins. Type","Bid Price","Ask Price","Bid Size","Ask Size","Last Price","Volume","Last Close Price","Net Change","Open Price","High Price","Low Price","Total Value","Nb. Trades","Settlement Price","Open Interest","Implied Volatility","Accrued Financing Value","Accrued Financing Date","CORRA Rate"
"2023-12-01","CRAU23","CRA","CRA","CRA",0,"2023-12-20",0,1,94.9425,94.945,2299,15,94.9425,1552,94.9425,0,94.945,94.9475,94.9425,147334,43,94.9425,115347,0,0,"",0
"2023-12-01","CRAZ23","CRA","CRA","CRA",0,"2024-03-20",0,1,95.005,95.015,634,15,0,15473,0,0.005,95.005,95.02,94.985,0,1327,95.01,124524,0,0,"",0
"2023-12-01","CRAH24","CRA","CRA","CRA",0,"2024-06-19",0,1,95.27,95.275,30,5,0,20840,0,0.045,95.245,95.295,95.195,0,4020,95.27,124694,0,0,"",0
"2023-12-01","CRAM24","CRA","CRA","CRA",0,"2024-09-18",0,1,95.61,95.655,136,1,0,21321,0,0.105,95.53,95.625,95.465,0,4186,95.6,111864,0,0,"",0
"2023-12-01","CRAU24","CRA","CRA","CRA",0,"2024-12-18",0,1,95.91,95.92,51,30,0,17225,0,0.135,95.795,95.93,95.735,0,4130,95.9,68599,0,0,"",0
"2023-12-01","CRAZ24","CRA","CRA","CRA",0,"2025-03-19",0,1,96.165,96.245,40,10,0,9196,0,0.145,96.045,96.195,95.985,0,1657,96.16,63162,0,0,"",0
"2023-12-01","CRAH25","CRA","CRA","CRA",0,"2025-06-18",0,1,96.39,0,25,0,0,6102,0,0.145,96.27,96.42,96.21,0,1718,96.38,41535,0,0,"",0
"2023-12-01","CRAM25","CRA","CRA","CRA",0,"2025-09-17",0,1,96.545,0,2,0,0,2283,0,0.14,96.48,96.585,96.385,0,378,96.555,17088,0,0,"",0
"2023-12-01","CRAU25","CRA","CRA","CRA",0,"2025-12-17",0,1,96.685,0,22,0,0,2396,0,0.13,96.585,96.71,96.515,0,218,96.685,14949,0,0,"",0
"2023-12-01","CRAZ25","CRA","CRA","CRA",0,"2026-03-18",0,1,0,0,0,0,0,1255,0,0.12,96.685,96.785,96.645,0,127,96.785,8564,0,0,"",0
"2023-12-01","CRAH26","CRA","CRA","CRA",0,"2026-06-17",0,1,0,96.86,0,1,0,310,0,0.095,96.78,96.835,96.78,0,33,96.855,1015,0,0,"",0
"2023-12-01","CRAM26","CRA","CRA","CRA",0,"2026-09-16",0,1,0,0,0,0,0,100,0,0,0,0,0,0,3,96.91,442,0,0,"",0
"2023-12-04","CRAU23","CRA","CRA","CRA",0,"2023-12-20",0,1,94.9425,94.945,2220,29,0,1,0,0.0025,94.945,94.945,94.945,0,1,94.9425,115332,0,0,"",0
"2023-12-04","CRAZ23","CRA","CRA","CRA",0,"2024-03-20",0,1,95.005,95.02,15,45,0,5763,0,0.005,95.005,95.025,95,0,311,95,122978,0,0,"",0
"2023-12-04","CRAH24","CRA","CRA","CRA",0,"2024-06-19",0,1,95.24,95.255,10,20,0,11325,0,-0.025,95.26,95.28,95.235,0,2110,95.24,124807,0,0,"",0
"2023-12-04","CRAM24","CRA","CRA","CRA",0,"2024-09-18",0,1,0,95.565,0,100,0,11229,0,-0.035,95.58,95.605,95.545,0,1662,95.555,111558,0,0,"",0
"2023-12-04","CRAU24","CRA","CRA","CRA",0,"2024-12-18",0,1,95.85,95.865,2,40,0,13897,0,-0.04,95.87,95.89,95.83,0,2503,95.85,69228,0,0,"",0
"2023-12-04","CRAZ24","CRA","CRA","CRA",0,"2025-03-19",0,1,96.125,96.145,50,5,0,11970,0,-0.03,96.12,96.13,96.085,0,1351,96.105,62588,0,0,"",0
"2023-12-04","CRAH25","CRA","CRA","CRA",0,"2025-06-18",0,1,96.345,96.35,14,5,0,6222,0,-0.035,96.34,96.35,96.3,0,1539,96.32,41977,0,0,"",0
"2023-12-04","CRAM25","CRA","CRA","CRA",0,"2025-09-17",0,1,0,0,0,0,0,1007,0,-0.055,96.505,96.535,96.46,0,306,96.485,16898,0,0,"",0
"2023-12-04","CRAU25","CRA","CRA","CRA",0,"2025-12-17",0,1,96.6,96.635,50,28,0,1126,0,-0.05,96.635,96.65,96.58,0,267,96.61,14305,0,0,"",0
"2023-12-04","CRAZ25","CRA","CRA","CRA",0,"2026-03-18",0,1,0,0,0,0,0,114,0,-0.055,96.73,96.735,96.675,0,31,96.71,8698,0,0,"",0
"2023-12-04","CRAH26","CRA","CRA","CRA",0,"2026-06-17",0,1,0,0,0,0,0,131,0,-0.105,96.765,96.765,96.75,0,19,96.78,1153,0,0,"",0
"2023-12-04","CRAM26","CRA","CRA","CRA",0,"2026-09-16",0,1,0,0,0,0,0,77,0,0,0,0,0,0,5,96.835,492,0,0,"",0
"2023-12-05","CRAU23","CRA","CRA","CRA",0,"2023-12-20",0,1,94.9425,94.945,2042,160,0,4,0,0,94.9425,94.9425,94.9425,0,1,94.9425,115332,0,0,"",0
"2023-12-05","CRAZ23","CRA","CRA","CRA",0,"2024-03-20",0,1,95.01,95.015,465,1335,0,9317,0,0.01,95.015,95.015,95,0,813,95.01,121143,0,0,"",0
"2023-12-05","CRAH24","CRA","CRA","CRA",0,"2024-06-19",0,1,95.275,95.28,60,80,0,12402,0,0.035,95.26,95.3,95.25,0,2623,95.285,124921,0,0,"",0
"2023-12-05","CRAM24","CRA","CRA","CRA",0,"2024-09-18",0,1,95.605,95.61,300,32,0,11115,0,0.055,95.59,95.65,95.575,0,1916,95.62,110350,0,0,"",0
"2023-12-05","CRAU24","CRA","CRA","CRA",0,"2024-12-18",0,1,95.915,95.925,13,100,0,9097,0,0.065,95.89,95.955,95.87,0,2359,95.93,72905,0,0,"",0
"2023-12-05","CRAZ24","CRA","CRA","CRA",0,"2025-03-19",0,1,96.17,96.185,100,4,0,7674,0,0.075,96.155,96.215,96.135,0,1463,96.195,61785,0,0,"",0
"2023-12-05","CRAH25","CRA","CRA","CRA",0,"2025-06-18",0,1,96.39,96.405,21,173,0,4359,0,0.07,96.36,96.43,96.35,0,1088,96.405,41427,0,0,"",0
"2023-12-05","CRAM25","CRA","CRA","CRA",0,"2025-09-17",0,1,96.54,96.555,125,10,0,1727,0,0.07,96.53,96.595,96.52,0,506,96.57,16832,0,0,"",0
"2023-12-05","CRAU25","CRA","CRA","CRA",0,"2025-12-17",0,1,96.66,96.695,10,75,0,977,0,0.08,96.65,96.715,96.65,0,242,96.695,15016,0,0,"",0
"2023-12-05","CRAZ25","CRA","CRA","CRA",0,"2026-03-18",0,1,96.75,96.785,5,50,0,358,0,0.06,96.765,96.81,96.75,0,79,96.795,8692,0,0,"",0
"2023-12-05","CRAH26","CRA","CRA","CRA",0,"2026-06-17",0,1,0,0,0,0,0,144,0,0.06,96.845,96.845,96.835,0,16,96.865,1081,0,0,"",0
"2023-12-05","CRAM26","CRA","CRA","CRA",0,"2026-09-16",0,1,0,0,0,0,0,51,0,0,0,0,0,0,3,96.92,467,0,0,"",0
"2023-12-06","CRAU23","CRA","CRA","CRA",0,"2023-12-20",0,1,94.9425,94.945,1964,1276,0,986,0,0.0025,94.9425,94.945,94.9425,0,28,94.9425,115332,0,0,"",0
"2023-12-06","CRAZ23","CRA","CRA","CRA",0,"2024-03-20",0,1,95,95.005,558,239,0,9487,0,-0.005,95.01,95.015,94.995,0,852,95.005,121657,0,0,"",0
"2023-12-06","CRAH24","CRA","CRA","CRA",0,"2024-06-19",0,1,95.27,95.285,275,69,0,16817,0,-0.01,95.26,95.295,95.225,0,2157,95.28,125390,0,0,"",0
"2023-12-06","CRAM24","CRA","CRA","CRA",0,"2024-09-18",0,1,95.6,95.62,400,260,0,14031,0,-0.01,95.605,95.635,95.525,0,2561,95.615,111972,0,0,"",0
"2023-12-06","CRAU24","CRA","CRA","CRA",0,"2024-12-18",0,1,95.9,95.92,100,22,0,12638,0,-0.015,95.895,95.945,95.85,0,3330,95.915,71431,0,0,"",0
"2023-12-06","CRAZ24","CRA","CRA","CRA",0,"2025-03-19",0,1,96.18,96.195,170,200,0,8052,0,-0.01,96.165,96.215,96.14,0,1819,96.18,61480,0,0,"",0
"2023-12-06","CRAH25","CRA","CRA","CRA",0,"2025-06-18",0,1,96.39,96.445,2,2,0,4391,0,-0.005,96.37,96.435,96.365,0,903,96.395,41400,0,0,"",0
"2023-12-06","CRAM25","CRA","CRA","CRA",0,"2025-09-17",0,1,96.545,96.59,100,111,0,2835,0,-0.005,96.535,96.6,96.525,0,528,96.56,16907,0,0,"",0
"2023-12-06","CRAU25","CRA","CRA","CRA",0,"2025-12-17",0,1,96.67,96.73,57,50,0,1182,0,0,96.655,96.735,96.65,0,189,96.69,15112,0,0,"",0
"2023-12-06","CRAZ25","CRA","CRA","CRA",0,"2026-03-18",0,1,96.755,96.825,50,50,0,649,0,0.005,96.74,96.84,96.74,0,116,96.795,8836,0,0,"",0
"2023-12-06","CRAH26","CRA","CRA","CRA",0,"2026-06-17",0,1,0,0,0,0,0,569,0,-0.02,96.845,96.845,96.845,0,20,96.87,1215,0,0,"",0
"2023-12-06","CRAM26","CRA","CRA","CRA",0,"2026-09-16",0,1,0,0,0,0,0,303,0,0,0,0,0,0,15,96.925,517,0,0,"",0
"2023-12-07","CRAU23","CRA","CRA","CRA",0,"2023-12-20",0,1,94.9425,94.945,51,2337,0,2000,0,0,94.9425,94.9425,94.9425,0,13,94.9425,114918,0,0,"",0
"2023-12-07","CRAZ23","CRA","CRA","CRA",0,"2024-03-20",0,1,94.99,95,1010,351,0,7626,0,-0.01,95.005,95.01,94.99,0,388,94.995,121838,0,0,"",0
"2023-12-07","CRAH24","CRA","CRA","CRA",0,"2024-06-19",0,1,95.26,95.27,375,77,0,12644,0,-0.01,95.27,95.295,95.27,0,1515,95.275,125583,0,0,"",0
"2023-12-07","CRAM24","CRA","CRA","CRA",0,"2024-09-18",0,1,95.6,95.615,14,250,0,13613,0,0,95.595,95.65,95.585,0,1449,95.62,111877,0,0,"",0
"2023-12-07","CRAU24","CRA","CRA","CRA",0,"2024-12-18",0,1,95.905,95.93,100,44,0,7061,0,0.01,95.895,95.96,95.875,0,1308,95.935,69380,0,0,"",0
"2023-12-07","CRAZ24","CRA","CRA","CRA",0,"2025-03-19",0,1,96.195,96.205,5,105,0,9977,0,0.025,96.15,96.245,96.15,0,1489,96.21,59771,0,0,"",0
"2023-12-07","CRAH25","CRA","CRA","CRA",0,"2025-06-18",0,1,96.405,96.42,100,4,0,4513,0,0.025,96.385,96.47,96.38,0,1058,96.425,40915,0,0,"",0
"2023-12-07","CRAM25","CRA","CRA","CRA",0,"2025-09-17",0,1,96.56,0,2,0,0,1498,0,0.025,96.545,96.635,96.535,0,370,96.59,16896,0,0,"",0
"2023-12-07","CRAU25","CRA","CRA","CRA",0,"2025-12-17",0,1,96.685,96.735,50,50,0,649,0,0.02,96.695,96.755,96.69,0,87,96.72,14898,0,0,"",0
"2023-12-07","CRAZ25","CRA","CRA","CRA",0,"2026-03-18",0,1,0,0,0,0,0,200,0,0.015,96.8,96.85,96.8,0,46,96.82,8538,0,0,"",0
"2023-12-07","CRAH26","CRA","CRA","CRA",0,"2026-06-17",0,1,0,0,0,0,0,39,0,0.01,96.88,96.88,96.88,0,6,96.895,1273,0,0,"",0
"2023-12-07","CRAM26","CRA","CRA","CRA",0,"2026-09-16",0,1,0,0,0,0,0,27,0,0.01,96.935,96.935,96.935,0,3,96.95,416,0,0,"",0
"2023-12-08","CRAU23","CRA","CRA","CRA",0,"2023-12-20",0,1,94.9425,94.945,72,3720,0,238,0,0,94.9425,94.9425,94.9425,0,12,94.9425,113196,0,0,"",0
"2023-12-08","CRAZ23","CRA","CRA","CRA",0,"2024-03-20",0,1,94.98,94.99,1744,213,0,11306,0,-0.015,94.99,95,94.98,0,853,94.985,120946,0,0,"",0
"2023-12-08","CRAH24","CRA","CRA","CRA",0,"2024-06-19",0,1,95.215,95.23,198,5,0,13834,0,-0.05,95.27,95.275,95.205,0,3292,95.215,123680,0,0,"",0
"2023-12-08","CRAM24","CRA","CRA","CRA",0,"2024-09-18",0,1,95.52,95.545,30,8,0,9894,0,-0.1,95.605,95.615,95.5,0,1738,95.515,114130,0,0,"",0
"2023-12-08","CRAU24","CRA","CRA","CRA",0,"2024-12-18",0,1,95.795,95.83,50,16,0,8446,0,-0.12,95.915,95.925,95.79,0,1802,95.805,70113,0,0,"",0
"2023-12-08","CRAZ24","CRA","CRA","CRA",0,"2025-03-19",0,1,96.07,96.085,15,10,0,6536,0,-0.135,96.195,96.2,96.05,0,1356,96.065,58926,0,0,"",0
"2023-12-08","CRAH25","CRA","CRA","CRA",0,"2025-06-18",0,1,96.285,96.31,4,10,0,4821,0,-0.14,96.405,96.405,96.255,0,924,96.28,40415,0,0,"",0
"2023-12-08","CRAM25","CRA","CRA","CRA",0,"2025-09-17",0,1,96.42,96.475,50,5,0,1909,0,-0.135,96.54,96.54,96.415,0,408,96.45,16384,0,0,"",0
"2023-12-08","CRAU25","CRA","CRA","CRA",0,"2025-12-17",0,1,96.5,96.61,25,10,0,1155,0,-0.13,96.665,96.67,96.535,0,215,96.585,15070,0,0,"",0
"2023-12-08","CRAZ25","CRA","CRA","CRA",0,"2026-03-18",0,1,0,0,0,0,0,253,0,-0.145,96.78,96.78,96.635,0,41,96.69,8624,0,0,"",0
"2023-12-08","CRAH26","CRA","CRA","CRA",0,"2026-06-17",0,1,0,0,0,0,0,148,0,0,0,0,0,0,8,96.765,1309,0,0,"",0
"2023-12-08","CRAM26","CRA","CRA","CRA",0,"2026-09-16",0,1,0,0,0,0,0,50,0,0,0,0,0,0,2,96.825,442,0,0,"",0
"2023-12-11","CRAU23","CRA","CRA","CRA",0,"2023-12-20",0,1,94.94,94.9425,3409,11,0,0,0,0,0,0,0,0,0,94.9425,113069,0,0,"",0
"2023-12-11","CRAZ23","CRA","CRA","CRA",0,"2024-03-20",0,1,94.98,94.985,27,526,0,18414,0,-0.005,94.98,94.985,94.97,0,9037,94.98,122904,0,0,"",0
"2023-12-11","CRAH24","CRA","CRA","CRA",0,"2024-06-19",0,1,95.185,95.19,5,1,0,18763,0,-0.03,95.205,95.215,95.16,0,1997,95.185,126931,0,0,"",0
"2023-12-11","CRAM24","CRA","CRA","CRA",0,"2024-09-18",0,1,95.46,95.47,15,20,0,10946,0,-0.045,95.475,95.5,95.425,0,1734,95.47,115527,0,0,"",0
"2023-12-11","CRAU24","CRA","CRA","CRA",0,"2024-12-18",0,1,95.745,95.75,50,50,0,5977,0,-0.05,95.78,95.795,95.695,0,1158,95.755,70110,0,0,"",0
"2023-12-11","CRAZ24","CRA","CRA","CRA",0,"2025-03-19",0,1,96.005,96.015,8,13,0,8389,0,-0.05,96.045,96.055,95.955,0,1189,96.01,58398,0,0,"",0
"2023-12-11","CRAH25","CRA","CRA","CRA",0,"2025-06-18",0,1,96.195,96.225,3,19,0,4601,0,-0.065,96.265,96.265,96.165,0,854,96.22,40464,0,0,"",0
"2023-12-11","CRAM25","CRA","CRA","CRA",0,"2025-09-17",0,1,96.34,96.405,25,13,0,1022,0,-0.055,96.425,96.43,96.345,0,215,96.39,16353,0,0,"",0
"2023-12-11","CRAU25","CRA","CRA","CRA",0,"2025-12-17",0,1,0,96.545,0,48,0,1033,0,-0.045,96.5,96.54,96.495,0,244,96.53,15273,0,0,"",0
"2023-12-11","CRAZ25","CRA","CRA","CRA",0,"2026-03-18",0,1,0,0,0,0,0,53,0,-0.05,96.615,96.64,96.615,0,15,96.65,8576,0,0,"",0
"2023-12-11","CRAH26","CRA","CRA","CRA",0,"2026-06-17",0,1,0,0,0,0,0,9,0,0,0,0,0,0,1,96.74,1261,0,0,"",0
"2023-12-11","CRAM26","CRA","CRA","CRA",0,"2026-09-16",0,1,0,0,0,0,0,0,0,0,0,0,0,0,0,96.81,393,0,0,"",0
"2023-12-12","CRAU23","CRA","CRA","CRA",0,"2023-12-20",0,1,94.94,94.945,4593,4288,94.945,160,94.9425,0.0025,94.9425,94.945,94.9425,15188,5,94.9425,113069,0,0,"",0
"2023-12-12","CRAZ23","CRA","CRA","CRA",0,"2024-03-20",0,1,94.975,94.985,170,420,94.98,8599,94.98,0,94.985,94.985,94.97,816097,739,94.98,125556,0,0,"",0
"2023-12-12","CRAH24","CRA","CRA","CRA",0,"2024-06-19",0,1,95.17,95.185,14,45,95.175,7631,95.185,-0.01,95.205,95.225,95.16,725848,1487,95.18,125455,0,0,"",0
"2023-12-12","CRAM24","CRA","CRA","CRA",0,"2024-09-18",0,1,95.435,95.46,50,25,95.45,6273,95.47,-0.02,95.49,95.53,95.45,598201,1307,95.46,116309,0,0,"",0
"2023-12-12","CRAU24","CRA","CRA","CRA",0,"2024-12-18",0,1,95.715,95.73,4,73,95.72,4937,95.755,-0.035,95.775,95.83,95.72,471889,1367,95.735,69436,0,0,"",0
"2023-12-12","CRAZ24","CRA","CRA","CRA",0,"2025-03-19",0,1,0,95.99,0,6,95.98,5908,96.01,-0.03,96.035,96.095,95.98,566915,940,95.99,57056,0,0,"",0
"2023-12-12","CRAH25","CRA","CRA","CRA",0,"2025-06-18",0,1,0,96.19,0,50,96.185,6227,96.22,-0.035,96.26,96.3,96.185,598759,1114,96.2,40333,0,0,"",0
"2023-12-12","CRAM25","CRA","CRA","CRA",0,"2025-09-17",0,1,96.22,96.375,20,10,96.36,1875,96.39,-0.03,96.43,96.475,96.36,180601,299,96.375,16425,0,0,"",0
"2023-12-12","CRAU25","CRA","CRA","CRA",0,"2025-12-17",0,1,0,96.535,0,1,96.55,718,96.53,0.02,96.575,96.595,96.51,69254,169,96.525,15364,0,0,"",0
"2023-12-12","CRAZ25","CRA","CRA","CRA",0,"2026-03-18",0,1,0,96.665,0,6,96.645,771,96.65,-0.005,96.705,96.705,96.64,74424,201,96.645,8567,0,0,"",0
"2023-12-12","CRAH26","CRA","CRA","CRA",0,"2026-06-17",0,1,96.745,0,11,0,96.745,600,96.74,0.005,96.745,96.785,96.745,57977,133,96.745,1256,0,0,"",0
"2023-12-12","CRAM26","CRA","CRA","CRA",0,"2026-09-16",0,1,96.82,0,25,0,96.84,217,96.81,0.03,96.86,96.86,96.815,21000,27,96.825,393,0,0,"",0
"2023-12-13","CRAU23","CRA","CRA","CRA",0,"2023-12-20",0,1,94.94,94.9425,3193,999,0,100,0,0,94.9425,94.9425,94.9425,0,1,94.9425,113062,0,0,"",0
"2023-12-13","CRAZ23","CRA","CRA","CRA",0,"2024-03-20",0,1,94.985,94.99,20,1156,0,12128,0,0.01,94.985,94.99,94.975,0,631,94.985,128494,0,0,"",0
"2023-12-13","CRAH24","CRA","CRA","CRA",0,"2024-06-19",0,1,95.3,95.31,46,106,0,15380,0,0.125,95.2,95.315,95.17,0,2255,95.29,124703,0,0,"",0
"2023-12-13","CRAM24","CRA","CRA","CRA",0,"2024-09-18",0,1,95.665,95.785,30,4,0,10082,0,0.21,95.48,95.695,95.44,0,1855,95.64,115613,0,0,"",0
"2023-12-13","CRAU24","CRA","CRA","CRA",0,"2024-12-18",0,1,95.985,96.01,56,3,0,8819,0,0.26,95.775,96.02,95.73,0,1738,95.95,67999,0,0,"",0
"2023-12-13","CRAZ24","CRA","CRA","CRA",0,"2025-03-19",0,1,96.15,96.405,10,3,0,8352,0,0.275,96.005,96.285,95.99,0,1376,96.225,58777,0,0,"",0
"2023-12-13","CRAH25","CRA","CRA","CRA",0,"2025-06-18",0,1,96.465,0,25,0,0,8668,0,0.28,96.195,96.5,96.19,0,1608,96.44,42277,0,0,"",0
"2023-12-13","CRAM25","CRA","CRA","CRA",0,"2025-09-17",0,1,96.55,0,1,0,0,4092,0,0.285,96.375,96.675,96.375,0,614,96.615,17019,0,0,"",0
"2023-12-13","CRAU25","CRA","CRA","CRA",0,"2025-12-17",0,1,0,96.815,0,1,0,1568,0,0.26,96.525,96.8,96.525,0,209,96.76,15403,0,0,"",0
"2023-12-13","CRAZ25","CRA","CRA","CRA",0,"2026-03-18",0,1,0,0,0,0,0,522,0,0.175,96.665,96.82,96.66,0,139,96.875,8719,0,0,"",0
"2023-12-13","CRAH26","CRA","CRA","CRA",0,"2026-06-17",0,1,0,0,0,0,0,149,0,0.05,96.76,96.795,96.76,0,23,96.965,1453,0,0,"",0
"2023-12-13","CRAM26","CRA","CRA","CRA",0,"2026-09-16",0,1,0,0,0,0,0,54,0,0,0,0,0,0,3,97.04,455,0,0,"",0
"2023-12-14","CRAU23","CRA","CRA","CRA",0,"2023-12-20",0,1,94.94,94.9425,3208,4446,0,1,0,0,94.9425,94.9425,94.9425,0,1,94.9425,113162,0,0,"",0
"2023-12-14","CRAZ23","CRA","CRA","CRA",0,"2024-03-20",0,1,95,95.005,273,200,0,12611,0,0.015,94.99,95.01,94.99,0,918,95,127226,0,0,"",0
"2023-12-14","CRAH24","CRA","CRA","CRA",0,"2024-06-19",0,1,95.33,95.355,25,280,0,17450,0,0.05,95.345,95.37,95.32,0,3079,95.345,125778,0,0,"",0
"2023-12-14","CRAM24","CRA","CRA","CRA",0,"2024-09-18",0,1,95.73,95.745,250,30,0,14997,0,0.095,95.74,95.785,95.695,0,2163,95.73,115791,0,0,"",0
"2023-12-14","CRAU24","CRA","CRA","CRA",0,"2024-12-18",0,1,96.045,96.055,20,175,0,10721,0,0.105,96.075,96.135,96.01,0,1980,96.04,68265,0,0,"",0
"2023-12-14","CRAZ24","CRA","CRA","CRA",0,"2025-03-19",0,1,96.305,96.32,1,100,0,12404,0,0.095,96.345,96.42,96.28,0,1970,96.3,59580,0,0,"",0
"2023-12-14","CRAH25","CRA","CRA","CRA",0,"2025-06-18",0,1,0,96.615,0,16,0,10452,0,0.095,96.56,96.635,96.49,0,1703,96.515,44113,0,0,"",0
"2023-12-14","CRAM25","CRA","CRA","CRA",0,"2025-09-17",0,1,96.645,96.705,50,50,0,7855,0,0.08,96.73,96.775,96.665,0,1221,96.685,17841,0,0,"",0
"2023-12-14","CRAU25","CRA","CRA","CRA",0,"2025-12-17",0,1,96.8,96.86,50,50,0,3268,0,0.065,96.935,96.935,96.81,0,420,96.825,15321,0,0,"",0
"2023-12-14","CRAZ25","CRA","CRA","CRA",0,"2026-03-18",0,1,0,96.97,0,50,0,1083,0,0.065,96.99,97.005,96.925,0,219,96.935,8815,0,0,"",0
"2023-12-14","CRAH26","CRA","CRA","CRA",0,"2026-06-17",0,1,0,0,0,0,0,523,0,0.07,97.055,97.075,97.01,0,60,97.02,1480,0,0,"",0
"2023-12-14","CRAM26","CRA","CRA","CRA",0,"2026-09-16",0,1,0,0,0,0,0,104,0,0.055,97.16,97.16,97.095,0,10,97.09,505,0,0,"",0
"2023-12-15","CRAU23","CRA","CRA","CRA",0,"2023-12-20",0,1,94.94,94.9425,2478,3948,0,201,0,0,94.9425,94.9425,94.9425,0,5,94.9425,113162,0,0,"",0
"2023-12-15","CRAZ23","CRA","CRA","CRA",0,"2024-03-20",0,1,94.985,94.99,100,82,0,15461,0,-0.015,95,95.005,94.98,0,1040,94.985,127567,0,0,"",0
"2023-12-15","CRAH24","CRA","CRA","CRA",0,"2024-06-19",0,1,95.27,95.28,20,30,0,19588,0,-0.07,95.325,95.355,95.27,0,2920,95.275,125249,0,0,"",0
"2023-12-15","CRAM24","CRA","CRA","CRA",0,"2024-09-18",0,1,95.645,95.675,1,89,0,18053,0,-0.085,95.705,95.76,95.64,0,3124,95.645,117779,0,0,"",0
"2023-12-15","CRAU24","CRA","CRA","CRA",0,"2024-12-18",0,1,0,95.99,0,30,0,10558,0,-0.065,96.025,96.085,95.955,0,2156,95.965,66775,0,0,"",0
"2023-12-15","CRAZ24","CRA","CRA","CRA",0,"2025-03-19",0,1,96.26,96.315,60,10,0,11786,0,-0.035,96.285,96.35,96.22,0,2125,96.235,63638,0,0,"",0
"2023-12-15","CRAH25","CRA","CRA","CRA",0,"2025-06-18",0,1,96.505,96.52,86,30,0,8968,0,-0.01,96.55,96.585,96.45,0,1668,96.465,42804,0,0,"",0
"2023-12-15","CRAM25","CRA","CRA","CRA",0,"2025-09-17",0,1,96.685,96.765,137,97,0,6277,0,0,96.66,96.765,96.635,0,863,96.65,20703,0,0,"",0
"2023-12-15","CRAU25","CRA","CRA","CRA",0,"2025-12-17",0,1,96.82,0,25,0,0,1688,0,0,96.8,96.91,96.775,0,249,96.795,13798,0,0,"",0
"2023-12-15","CRAZ25","CRA","CRA","CRA",0,"2026-03-18",0,1,0,96.955,0,12,0,468,0,0.02,96.9,97,96.9,0,141,96.91,8745,0,0,"",0
"2023-12-15","CRAH26","CRA","CRA","CRA",0,"2026-06-17",0,1,0,0,0,0,0,454,0,-0.035,97.005,97.08,96.985,0,113,96.995,1697,0,0,"",0
"2023-12-15","CRAM26","CRA","CRA","CRA",0,"2026-09-16",0,1,0,0,0,0,0,101,0,-0.015,97.075,97.075,97.075,0,5,97.065,480,0,0,"",0
"2023-12-18","CRAU23","CRA","CRA","CRA",0,"2023-12-20",0,1,94.94,94.9425,2478,3700,94.9425,208,94.9425,0,94.9425,94.9425,94.9425,19746,4,94.9425,113162,0,0,"",0
"2023-12-18","CRAZ23","CRA","CRA","CRA",0,"2024-03-20",0,1,94.98,94.985,741,116,0,7004,0,0,94.985,94.985,94.975,0,544,94.985,128743,0,0,"",0
"2023-12-18","CRAH24","CRA","CRA","CRA",0,"2024-06-19",0,1,95.255,95.26,40,76,0,7616,0,-0.02,95.275,95.28,95.25,0,1265,95.26,123663,0,0,"",0
"2023-12-18","CRAM24","CRA","CRA","CRA",0,"2024-09-18",0,1,95.63,95.64,132,100,0,10272,0,-0.01,95.655,95.655,95.625,0,2403,95.635,117235,0,0,"",0
"2023-12-18","CRAU24","CRA","CRA","CRA",0,"2024-12-18",0,1,95.95,95.96,20,7,0,7079,0,-0.005,95.99,95.99,95.95,0,1864,95.955,66691,0,0,"",0
"2023-12-18","CRAZ24","CRA","CRA","CRA",0,"2025-03-19",0,1,96.225,96.245,111,10,0,6934,0,0,96.3,96.3,96.23,0,1564,96.235,62273,0,0,"",0
"2023-12-18","CRAH25","CRA","CRA","CRA",0,"2025-06-18",0,1,96.455,96.475,100,10,0,4399,0,0,96.52,96.55,96.455,0,801,96.46,42189,0,0,"",0
"2023-12-18","CRAM25","CRA","CRA","CRA",0,"2025-09-17",0,1,96.62,96.665,150,100,0,1695,0,-0.005,96.69,96.705,96.635,0,295,96.64,19743,0,0,"",0
"2023-12-18","CRAU25","CRA","CRA","CRA",0,"2025-12-17",0,1,96.79,96.805,1,43,0,853,0,0.005,96.83,96.83,96.785,0,163,96.79,14938,0,0,"",0
"2023-12-18","CRAZ25","CRA","CRA","CRA",0,"2026-03-18",0,1,96.91,96.925,1,25,0,351,0,0.015,96.935,96.94,96.91,0,76,96.91,8630,0,0,"",0
"2023-12-18","CRAH26","CRA","CRA","CRA",0,"2026-06-17",0,1,0,0,0,0,0,146,0,0,0,0,0,0,4,97,1817,0,0,"",0
"2023-12-18","CRAM26","CRA","CRA","CRA",0,"2026-09-16",0,1,0,0,0,0,0,0,0,0,0,0,0,0,0,97.07,556,0,0,"",0
"2023-12-19","CRAU23","CRA","CRA","CRA",0,"2023-12-20",0,1,0,0,0,0,94.9425,167,94.9425,0,94.94,94.9425,94.94,15852,5,94.9425,113362,0,0,"",0
"2023-12-19","CRAZ23","CRA","CRA","CRA",0,"2024-03-20",0,1,94.975,94.98,745,141,0,7438,0,-0.005,94.985,94.995,94.97,0,1230,94.98,127120,0,0,"",0
"2023-12-19","CRAH24","CRA","CRA","CRA",0,"2024-06-19",0,1,95.235,95.245,25,2,95.24,13165,95.26,-0.02,95.265,95.28,95.225,1252915,2330,95.24,122452,0,0,"",0
"2023-12-19","CRAM24","CRA","CRA","CRA",0,"2024-09-18",0,1,95.625,95.63,250,176,95.63,12157,95.635,-0.005,95.645,95.67,95.59,1160891,3201,95.64,116271,0,0,"",0
"2023-12-19","CRAU24","CRA","CRA","CRA",0,"2024-12-18",0,1,95.96,95.98,8,177,95.975,12035,95.955,0.02,95.965,96.005,95.915,1152737,2902,95.985,64684,0,0,"",0
"2023-12-19","CRAZ24","CRA","CRA","CRA",0,"2025-03-19",0,1,96.26,96.28,104,102,96.27,11634,96.235,0.035,96.24,96.295,96.205,1118859,2552,96.275,63000,0,0,"",0
"2023-12-19","CRAH25","CRA","CRA","CRA",0,"2025-06-18",0,1,96.49,96.515,100,100,96.5,4216,96.46,0.04,96.46,96.525,96.44,406346,971,96.515,42066,0,0,"",0
"2023-12-19","CRAM25","CRA","CRA","CRA",0,"2025-09-17",0,1,96.68,96.715,100,104,96.695,2968,96.64,0.055,96.645,96.715,96.63,286480,816,96.7,19671,0,0,"",0
"2023-12-19","CRAU25","CRA","CRA","CRA",0,"2025-12-17",0,1,96.84,96.865,13,50,96.845,1709,96.79,0.055,96.795,96.865,96.78,165257,336,96.85,14768,0,0,"",0
"2023-12-19","CRAZ25","CRA","CRA","CRA",0,"2026-03-18",0,1,96.94,96.985,50,1,96.965,1419,96.91,0.055,96.915,96.985,96.905,137428,180,96.97,8608,0,0,"",0
"2023-12-19","CRAH26","CRA","CRA","CRA",0,"2026-06-17",0,1,0,0,0,0,97.05,1081,97,0.05,97.07,97.07,97,104904,43,97.06,1963,0,0,"",0
"2023-12-19","CRAM26","CRA","CRA","CRA",0,"2026-09-16",0,1,0,97.135,0,25,0,92,0,0,0,0,0,8935,3,97.13,556,0,0,"",0
"2023-12-20","CRAU23","CRA","CRA","CRA",0,"2023-12-20",0,1,0,0,0,0,0,0,0,0,0,0,0,0,0,94.9408,113362,0,0,"",0
"2023-12-20","CRAZ23","CRA","CRA","CRA",0,"2024-03-20",0,1,94.98,94.9825,99,85,94.98,4603,94.98,0,94.98,94.9825,94.9775,437033,219,94.9775,125071,0,0,"",0
"2023-12-20","CRAH24","CRA","CRA","CRA",0,"2024-06-19",0,1,95.25,95.26,50,111,95.255,6462,95.24,0.015,95.25,95.27,95.235,615034,1176,95.245,124912,0,0,"",0
"2023-12-20","CRAM24","CRA","CRA","CRA",0,"2024-09-18",0,1,95.68,95.695,2,250,95.685,10571,95.64,0.045,95.65,95.695,95.645,1010239,2086,95.665,117574,0,0,"",0
"2023-12-20","CRAU24","CRA","CRA","CRA",0,"2024-12-18",0,1,96.055,96.075,102,22,96.06,11009,95.985,0.075,96.02,96.075,96.015,1057048,2180,96.04,62457,0,0,"",0
"2023-12-20","CRAZ24","CRA","CRA","CRA",0,"2025-03-19",0,1,96.38,96.395,69,100,96.385,7332,96.275,0.11,96.285,96.385,96.285,705709,1676,96.36,66347,0,0,"",0
"2023-12-20","CRAH25","CRA","CRA","CRA",0,"2025-06-18",0,1,96.635,96.66,101,100,96.65,4521,96.515,0.135,96.54,96.65,96.54,436333,879,96.625,41807,0,0,"",0
"2023-12-20","CRAM25","CRA","CRA","CRA",0,"2025-09-17",0,1,96.835,96.87,1,100,96.855,3102,96.7,0.155,96.725,96.855,96.725,299807,829,96.825,20327,0,0,"",0
"2023-12-20","CRAU25","CRA","CRA","CRA",0,"2025-12-17",0,1,96.985,97.01,3,1,97.005,1598,96.85,0.155,96.895,97.01,96.895,154729,312,96.98,14245,0,0,"",0
"2023-12-20","CRAZ25","CRA","CRA","CRA",0,"2026-03-18",0,1,97.09,97.14,50,50,97.125,1891,96.97,0.155,97,97.135,97,183507,252,97.105,7844,0,0,"",0
"2023-12-20","CRAH26","CRA","CRA","CRA",0,"2026-06-17",0,1,0,0,0,0,97.21,806,97.06,0.15,97.18,97.21,97.18,78286,49,97.19,2591,0,0,"",0
"2023-12-20","CRAM26","CRA","CRA","CRA",0,"2026-09-16",0,1,0,0,0,0,97.27,152,97.13,0.14,97.27,97.27,97.27,14782,6,97.26,606,0,0,"",0
"2023-12-21","CRAZ23","CRA","CRA","CRA",0,"2024-03-20",0,1,94.9775,94.98,839,226,0,4174,0,0.0025,94.98,94.985,94.9775,0,136,94.98,125677,0,0,"",0
"2023-12-21","CRAH24","CRA","CRA","CRA",0,"2024-06-19",0,1,95.235,95.245,89,54,95.235,8301,95.245,-0.01,95.245,95.275,95.23,790168,1243,95.245,122656,0,0,"",0
"2023-12-21","CRAM24","CRA","CRA","CRA",0,"2024-09-18",0,1,95.64,95.68,27,5,0,5860,0,-0.02,95.665,95.74,95.645,0,1542,95.665,119199,0,0,"",0
"2023-12-21","CRAU24","CRA","CRA","CRA",0,"2024-12-18",0,1,95.995,96.04,9,2,96.02,5693,96.04,-0.02,96.025,96.145,96.01,546672,1194,96.04,60469,0,0,"",0
"2023-12-21","CRAZ24","CRA","CRA","CRA",0,"2025-03-19",0,1,96.34,96.37,3,1,0,8381,0,-0.015,96.34,96.49,96.34,0,1954,96.375,64895,0,0,"",0
"2023-12-21","CRAH25","CRA","CRA","CRA",0,"2025-06-18",0,1,96.62,96.655,5,1,0,6946,0,-0.005,96.605,96.77,96.605,0,1075,96.65,42061,0,0,"",0
"2023-12-21","CRAM25","CRA","CRA","CRA",0,"2025-09-17",0,1,0,96.885,0,50,0,4737,0,0.005,96.82,96.985,96.81,0,1250,96.865,20656,0,0,"",0
"2023-12-21","CRAU25","CRA","CRA","CRA",0,"2025-12-17",0,1,0,0,0,0,0,3563,0,0.005,96.98,97.14,96.98,0,676,97.025,14292,0,0,"",0
"2023-12-21","CRAZ25","CRA","CRA","CRA",0,"2026-03-18",0,1,97.085,97.135,50,32,0,2063,0,0.03,97.08,97.27,97.08,0,534,97.135,7379,0,0,"",0
"2023-12-21","CRAH26","CRA","CRA","CRA",0,"2026-06-17",0,1,97.16,97.22,50,23,0,904,0,0.03,97.26,97.34,97.21,0,118,97.21,3196,0,0,"",0
"2023-12-21","CRAM26","CRA","CRA","CRA",0,"2026-09-16",0,1,0,97.4,0,21,0,275,0,0.01,97.285,97.4,97.27,0,49,97.265,592,0,0,"",0
"2023-12-21","CRAU26","CRA","CRA","CRA",0,"2026-12-16",0,1,97,98,1,1,0,50,0,0,0,0,0,4872,2,97.265,0,0,0,"",0
"2023-12-22","CRAZ23","CRA","CRA","CRA",0,"2024-03-20",0,1,94.9775,94.98,969,335,0,1715,0,-0.0025,94.9775,94.98,94.9775,0,86,94.9775,125915,0,0,"",0
"2023-12-22","CRAH24","CRA","CRA","CRA",0,"2024-06-19",0,1,95.205,95.235,100,250,0,6776,0,-0.035,95.225,95.25,95.21,0,973,95.215,121306,0,0,"",0
"2023-12-22","CRAM24","CRA","CRA","CRA",0,"2024-09-18",0,1,95.61,95.685,8,5,0,5341,0,-0.035,95.63,95.67,95.61,0,1234,95.62,118607,0,0,"",0
"2023-12-22","CRAU24","CRA","CRA","CRA",0,"2024-12-18",0,1,0,96.025,0,58,0,6631,0,-0.045,96,96.05,95.97,0,1394,95.985,59443,0,0,"",0
"2023-12-22","CRAZ24","CRA","CRA","CRA",0,"2025-03-19",0,1,96.325,96.37,1,25,0,6037,0,-0.055,96.33,96.385,96.3,0,1333,96.31,63405,0,0,"",0
"2023-12-22","CRAH25","CRA","CRA","CRA",0,"2025-06-18",0,1,96.595,96.62,115,100,0,4508,0,-0.055,96.605,96.665,96.575,0,1167,96.59,41861,0,0,"",0
"2023-12-22","CRAM25","CRA","CRA","CRA",0,"2025-09-17",0,1,96.81,96.82,1,150,0,4508,0,-0.06,96.82,96.875,96.785,0,692,96.805,20600,0,0,"",0
"2023-12-22","CRAU25","CRA","CRA","CRA",0,"2025-12-17",0,1,96.96,96.985,1,100,0,782,0,-0.065,96.975,97.025,96.945,0,172,96.965,15428,0,0,"",0
"2023-12-22","CRAZ25","CRA","CRA","CRA",0,"2026-03-18",0,1,97.06,97.08,1,7,0,519,0,-0.065,97.115,97.135,97.06,0,121,97.075,7137,0,0,"",0
"2023-12-22","CRAH26","CRA","CRA","CRA",0,"2026-06-17",0,1,97.13,97.18,50,50,0,227,0,-0.065,97.195,97.215,97.14,0,50,97.15,3447,0,0,"",0
"2023-12-22","CRAM26","CRA","CRA","CRA",0,"2026-09-16",0,1,0,0,0,0,0,80,0,-0.01,97.255,97.255,97.255,0,11,97.205,608,0,0,"",0
"2023-12-22","CRAU26","CRA","CRA","CRA",0,"2026-12-16",0,1,0,0,0,0,0,25,0,0,0,0,0,0,1,97.245,50,0,0,"",0
"2023-12-27","CRAZ23","CRA","CRA","CRA",0,"2024-03-20",0,1,94.975,94.9775,1462,229,0,3471,0,0,94.9775,94.98,94.975,0,129,94.98,126638,0,0,"",0
"2023-12-27","CRAH24","CRA","CRA","CRA",0,"2024-06-19",0,1,95.215,95.22,25,25,0,6264,0,-0.005,95.22,95.23,95.21,0,998,95.215,119032,0,0,"",0
"2023-12-27","CRAM24","CRA","CRA","CRA",0,"2024-09-18",0,1,95.65,95.66,50,26,0,5608,0,0.03,95.64,95.675,95.625,0,1075,95.655,116795,0,0,"",0
"2023-12-27","CRAU24","CRA","CRA","CRA",0,"2024-12-18",0,1,96.05,96.06,25,64,0,6100,0,0.07,96.025,96.075,96.005,0,833,96.05,58844,0,0,"",0
"2023-12-27","CRAZ24","CRA","CRA","CRA",0,"2025-03-19",0,1,96.405,96.42,10,200,0,7287,0,0.105,96.35,96.435,96.33,0,986,96.405,63242,0,0,"",0
"2023-12-27","CRAH25","CRA","CRA","CRA",0,"2025-06-18",0,1,96.695,96.71,10,100,0,5418,0,0.11,96.61,96.725,96.61,0,926,96.695,41989,0,0,"",0
"2023-12-27","CRAM25","CRA","CRA","CRA",0,"2025-09-17",0,1,0,96.94,0,100,0,5011,0,0.11,96.84,96.94,96.83,0,563,96.91,21633,0,0,"",0
"2023-12-27","CRAU25","CRA","CRA","CRA",0,"2025-12-17",0,1,0,97.1,0,100,0,1112,0,0.105,97.005,97.1,97,0,200,97.07,15691,0,0,"",0
"2023-12-27","CRAZ25","CRA","CRA","CRA",0,"2026-03-18",0,1,97.15,97.215,50,50,0,228,0,0.105,97.12,97.21,97.11,0,44,97.185,7190,0,0,"",0
"2023-12-27","CRAH26","CRA","CRA","CRA",0,"2026-06-17",0,1,97.235,97.285,50,50,0,148,0,0.115,97.245,97.285,97.245,0,24,97.26,3495,0,0,"",0
"2023-12-27","CRAM26","CRA","CRA","CRA",0,"2026-09-16",0,1,0,97.33,0,7,0,45,0,0.125,97.33,97.33,97.33,0,6,97.31,599,0,0,"",0
"2023-12-27","CRAU26","CRA","CRA","CRA",0,"2026-12-16",0,1,0,0,0,0,0,25,0,0,0,0,0,0,1,97.35,75,0,0,"",0
"2023-12-28","CRAZ23","CRA","CRA","CRA",0,"2024-03-20",0,1,94.9725,94.975,608,332,94.975,2332,94.98,-0.005,94.98,94.98,94.9725,221349,156,94.975,126409,0,0,"",0
"2023-12-28","CRAH24","CRA","CRA","CRA",0,"2024-06-19",0,1,95.2,95.205,130,2,95.2,7100,95.215,-0.015,95.195,95.21,95.195,675455,1045,95.21,122092,0,0,"",0
"2023-12-28","CRAM24","CRA","CRA","CRA",0,"2024-09-18",0,1,95.625,95.63,46,149,95.63,4320,95.655,-0.025,95.635,95.64,95.605,412615,929,95.635,118261,0,0,"",0
"2023-12-28","CRAU24","CRA","CRA","CRA",0,"2024-12-18",0,1,96.015,96.03,250,25,96.02,3460,96.05,-0.03,96.025,96.045,95.99,332107,1022,96.025,59630,0,0,"",0
"2023-12-28","CRAZ24","CRA","CRA","CRA",0,"2025-03-19",0,1,96.375,96.385,8,100,96.37,3173,96.405,-0.035,96.375,96.4,96.34,305360,946,96.38,61764,0,0,"",0
"2023-12-28","CRAH25","CRA","CRA","CRA",0,"2025-06-18",0,1,96.655,96.665,100,25,96.67,4123,96.695,-0.025,96.655,96.69,96.64,397852,1171,96.66,41309,0,0,"",0
"2023-12-28","CRAM25","CRA","CRA","CRA",0,"2025-09-17",0,1,96.865,96.885,100,19,96.88,1808,96.91,-0.03,96.875,96.905,96.865,174858,456,96.88,21075,0,0,"",0
"2023-12-28","CRAU25","CRA","CRA","CRA",0,"2025-12-17",0,1,0,0,0,0,97.055,509,97.07,-0.015,97.025,97.065,97.025,49376,149,97.04,15972,0,0,"",0
"2023-12-28","CRAZ25","CRA","CRA","CRA",0,"2026-03-18",0,1,97.105,97.175,50,50,97.15,306,97.185,-0.035,97.155,97.18,97.15,29701,133,97.155,7221,0,0,"",0
"2023-12-28","CRAH26","CRA","CRA","CRA",0,"2026-06-17",0,1,0,97.25,0,50,97.225,8,97.26,-0.035,97.23,97.24,97.225,776,5,97.22,3574,0,0,"",0
"2023-12-28","CRAM26","CRA","CRA","CRA",0,"2026-09-16",0,1,0,0,0,0,0,0,0,0,0,0,0,0,0,97.26,603,0,0,"",0
"2023-12-28","CRAU26","CRA","CRA","CRA",0,"2026-12-16",0,1,0,0,0,0,0,0,0,0,0,0,0,0,0,97.3,100,0,0,"",0
"2023-12-29","CRAZ23","CRA","CRA","CRA",0,"2024-03-20",0,1,94.9725,94.975,34,1440,94.9725,4526,94.975,-0.0025,94.9725,94.975,94.97,429659,230,94.9725,125411,0,0,"",0
"2023-12-29","CRAH24","CRA","CRA","CRA",0,"2024-06-19",0,1,95.215,95.235,50,100,95.23,4799,95.21,0.02,95.2,95.23,95.18,456734,448,95.225,120358,0,0,"",0
"2023-12-29","CRAM24","CRA","CRA","CRA",0,"2024-09-18",0,1,95.645,95.66,102,54,95.655,5755,95.635,0.02,95.64,95.665,95.605,549790,1067,95.665,117777,0,0,"",0
"2023-12-29","CRAU24","CRA","CRA","CRA",0,"2024-12-18",0,1,0,96.07,0,196,96.06,5266,96.025,0.035,96.045,96.07,95.99,505532,787,96.06,59333,0,0,"",0
"2023-12-29","CRAZ24","CRA","CRA","CRA",0,"2025-03-19",0,1,96.405,0,50,0,96.42,4383,96.38,0.04,96.435,96.45,96.34,422036,879,96.42,61126,0,0,"",0
"2023-12-29","CRAH25","CRA","CRA","CRA",0,"2025-06-18",0,1,96.645,0,8,0,96.71,3659,96.66,0.05,96.675,96.74,96.62,353443,633,96.71,40915,0,0,"",0
"2023-12-29","CRAM25","CRA","CRA","CRA",0,"2025-09-17",0,1,96.915,96.94,100,100,96.915,2703,96.88,0.035,96.895,96.935,96.835,261633,452,96.92,21321,0,0,"",0
"2023-12-29","CRAU25","CRA","CRA","CRA",0,"2025-12-17",0,1,97.06,97.085,100,109,97.065,503,97.04,0.025,97.04,97.085,96.99,48789,118,97.075,15976,0,0,"",0
"2023-12-29","CRAZ25","CRA","CRA","CRA",0,"2026-03-18",0,1,97.15,97.18,50,60,97.17,372,97.155,0.015,97.16,97.2,97.125,36110,95,97.18,7380,0,0,"",0
"2023-12-29","CRAH26","CRA","CRA","CRA",0,"2026-06-17",0,1,97.22,97.265,50,50,97.26,82,97.22,0.04,97.2,97.26,97.195,7966,12,97.245,3580,0,0,"",0
"2023-12-29","CRAM26","CRA","CRA","CRA",0,"2026-09-16",0,1,97.25,97.32,50,50,0,16,0,0,0,0,0,1556,1,97.285,603,0,0,"",0
"2023-12-29","CRAU26","CRA","CRA","CRA",0,"2026-12-16",0,1,97.25,97.39,50,50,0,0,0,0,0,0,0,0,0,97.325,100,0,0,"",0
"2024-01-02","CRAZ23","CRA","CRA","CRA",0,"2024-03-20",0,1,94.9675,94.9725,1072,450,94.97,6553,94.9725,-0.0025,94.975,94.975,94.9675,622227,160,94.97,125734,0,0,"",0
"2024-01-02","CRAH24","CRA","CRA","CRA",0,"2024-06-19",0,1,95.215,95.22,77,4,0,8955,0,-0.01,95.22,95.225,95.19,0,1081,95.215,122746,0,0,"",0
"2024-01-02","CRAM24","CRA","CRA","CRA",0,"2024-09-18",0,1,95.6,95.65,22,25,0,12657,0,-0.035,95.64,95.64,95.575,0,2145,95.62,118728,0,0,"",0
"2024-01-02","CRAU24","CRA","CRA","CRA",0,"2024-12-18",0,1,96.005,0,3,0,0,5275,0,-0.055,96.03,96.04,95.955,0,1404,95.99,61395,0,0,"",0
"2024-01-02","CRAZ24","CRA","CRA","CRA",0,"2025-03-19",0,1,96.315,96.36,6,8,0,4864,0,-0.08,96.385,96.39,96.3,0,1305,96.33,59725,0,0,"",0
"2024-01-02","CRAH25","CRA","CRA","CRA",0,"2025-06-18",0,1,96.595,96.63,28,20,0,3378,0,-0.095,96.67,96.67,96.575,0,838,96.605,39899,0,0,"",0
"2024-01-02","CRAM25","CRA","CRA","CRA",0,"2025-09-17",0,1,0,0,0,0,0,3060,0,-0.09,96.86,96.87,96.785,0,730,96.81,21139,0,0,"",0
"2024-01-02","CRAU25","CRA","CRA","CRA",0,"2025-12-17",0,1,0,97.005,0,5,0,594,0,-0.095,97.005,97.005,96.935,0,177,96.96,16226,0,0,"",0
"2024-01-02","CRAZ25","CRA","CRA","CRA",0,"2026-03-18",0,1,0,0,0,0,0,523,0,-0.095,97.06,97.085,97.04,0,104,97.065,7411,0,0,"",0
"2024-01-02","CRAH26","CRA","CRA","CRA",0,"2026-06-17",0,1,0,0,0,0,0,376,0,-0.08,97.13,97.165,97.11,0,61,97.13,3660,0,0,"",0
"2024-01-02","CRAM26","CRA","CRA","CRA",0,"2026-09-16",0,1,0,0,0,0,0,229,0,-0.065,97.205,97.23,97.205,0,34,97.17,619,0,0,"",0
"2024-01-02","CRAU26","CRA","CRA","CRA",0,"2026-12-16",0,1,0,0,0,0,0,75,0,-0.06,97.24,97.265,97.24,0,6,97.205,100,0,0,"",0
"2024-01-03","CRAZ23","CRA","CRA","CRA",0,"2024-03-20",0,1,94.97,94.9725,109,340,0,4992,0,0,94.97,94.97,94.9625,0,124,94.97,127480,0,0,"",0
"2024-01-03","CRAH24","CRA","CRA","CRA",0,"2024-06-19",0,1,95.2,95.21,20,16,0,13695,0,-0.015,95.21,95.22,95.185,0,1136,95.215,124323,0,0,"",0
"2024-01-03","CRAM24","CRA","CRA","CRA",0,"2024-09-18",0,1,95.59,95.595,21,25,0,21655,0,-0.03,95.61,95.64,95.565,0,2272,95.615,121113,0,0,"",0
"2024-01-03","CRAU24","CRA","CRA","CRA",0,"2024-12-18",0,1,0,95.97,0,25,0,10001,0,-0.03,96.005,96.015,95.925,0,2236,95.985,62106,0,0,"",0
"2024-01-03","CRAZ24","CRA","CRA","CRA",0,"2025-03-19",0,1,96.295,96.3,40,25,0,7311,0,-0.03,96.335,96.355,96.26,0,1642,96.325,59260,0,0,"",0
"2024-01-03","CRAH25","CRA","CRA","CRA",0,"2025-06-18",0,1,0,96.58,0,24,0,4779,0,-0.025,96.61,96.635,96.545,0,1244,96.605,40869,0,0,"",0
"2024-01-03","CRAM25","CRA","CRA","CRA",0,"2025-09-17",0,1,96.76,0,3,0,0,3909,0,-0.025,96.78,96.85,96.765,0,955,96.815,21352,0,0,"",0
"2024-01-03","CRAU25","CRA","CRA","CRA",0,"2025-12-17",0,1,96.93,0,14,0,0,868,0,-0.03,96.96,97.005,96.915,0,238,96.965,16183,0,0,"",0
"2024-01-03","CRAZ25","CRA","CRA","CRA",0,"2026-03-18",0,1,0,0,0,0,0,670,0,-0.03,97.06,97.115,97.03,0,175,97.07,7403,0,0,"",0
"2024-01-03","CRAH26","CRA","CRA","CRA",0,"2026-06-17",0,1,0,0,0,0,0,90,0,0.04,97.16,97.17,97.13,0,25,97.145,3777,0,0,"",0
"2024-01-03","CRAM26","CRA","CRA","CRA",0,"2026-09-16",0,1,0,0,0,0,0,34,0,0.03,97.2,97.2,97.2,0,7,97.185,687,0,0,"",0
"2024-01-03","CRAU26","CRA","CRA","CRA",0,"2026-12-16",0,1,0,0,0,0,0,25,0,0,0,0,0,0,1,97.22,150,0,0,"",0
"2024-01-04","CRAZ23","CRA","CRA","CRA",0,"2024-03-20",0,1,94.965,94.9675,337,297,0,4417,0,-0.0025,94.97,94.97,94.965,0,177,94.97,128344,0,0,"",0
"2024-01-04","CRAH24","CRA","CRA","CRA",0,"2024-06-19",0,1,95.15,95.165,46,335,0,17174,0,-0.055,95.205,95.205,95.155,0,1620,95.165,125239,0,0,"",0
"2024-01-04","CRAM24","CRA","CRA","CRA",0,"2024-09-18",0,1,95.505,95.51,25,66,0,9851,0,-0.105,95.595,95.605,95.505,0,1617,95.525,122281,0,0,"",0
"2024-01-04","CRAU24","CRA","CRA","CRA",0,"2024-12-18",0,1,95.855,95.87,250,48,0,9390,0,-0.115,95.97,95.98,95.865,0,1688,95.88,62371,0,0,"",0
"2024-01-04","CRAZ24","CRA","CRA","CRA",0,"2025-03-19",0,1,96.185,96.21,100,100,0,10586,0,-0.135,96.315,96.32,96.19,0,1934,96.21,59202,0,0,"",0
"2024-01-04","CRAH25","CRA","CRA","CRA",0,"2025-06-18",0,1,96.465,96.485,101,21,0,7283,0,-0.12,96.6,96.6,96.475,0,2064,96.495,41186,0,0,"",0
"2024-01-04","CRAM25","CRA","CRA","CRA",0,"2025-09-17",0,1,0,96.775,0,1,0,4977,0,-0.12,96.795,96.81,96.695,0,1546,96.71,21792,0,0,"",0
"2024-01-04","CRAU25","CRA","CRA","CRA",0,"2025-12-17",0,1,0,0,0,0,0,1629,0,-0.105,96.95,96.95,96.845,0,636,96.86,16388,0,0,"",0
"2024-01-04","CRAZ25","CRA","CRA","CRA",0,"2026-03-18",0,1,96.935,96.995,50,50,0,563,0,-0.11,97.04,97.04,96.96,0,296,96.965,7516,0,0,"",0
"2024-01-04","CRAH26","CRA","CRA","CRA",0,"2026-06-17",0,1,97.04,0,20,0,0,284,0,-0.105,97.065,97.095,97.04,0,127,97.04,3802,0,0,"",0
"2024-01-04","CRAM26","CRA","CRA","CRA",0,"2026-09-16",0,1,0,0,0,0,0,55,0,0,0,0,0,0,6,97.085,694,0,0,"",0
"2024-01-04","CRAU26","CRA","CRA","CRA",0,"2026-12-16",0,1,0,0,0,0,0,0,0,0,0,0,0,0,0,97.12,175,0,0,"",0
"2024-01-05","CRAZ23","CRA","CRA","CRA",0,"2024-03-20",0,1,94.965,94.9675,150,249,94.9675,7722,94.97,-0.0025,94.9675,94.97,94.9575,733044,366,94.965,129549,0,0,"",0
"2024-01-05","CRAH24","CRA","CRA","CRA",0,"2024-06-19",0,1,95.165,95.175,131,19,95.165,25363,95.165,0,95.15,95.18,95.085,2411906,3559,95.165,125859,0,0,"",0
"2024-01-05","CRAM24","CRA","CRA","CRA",0,"2024-09-18",0,1,95.52,95.55,49,300,95.52,16400,95.525,-0.005,95.505,95.565,95.415,1564480,3733,95.515,122115,0,0,"",0
"2024-01-05","CRAU24","CRA","CRA","CRA",0,"2024-12-18",0,1,0,95.885,0,7,95.88,16148,95.88,0,95.86,95.945,95.745,1545097,4015,95.855,64529,0,0,"",0
"2024-01-05","CRAZ24","CRA","CRA","CRA",0,"2025-03-19",0,1,96.18,96.195,25,6,96.19,14529,96.21,-0.02,96.185,96.28,96.065,1395795,4297,96.16,63006,0,0,"",0
"2024-01-05","CRAH25","CRA","CRA","CRA",0,"2025-06-18",0,1,96.39,96.535,1,20,96.475,9453,96.495,-0.02,96.475,96.57,96.35,910391,2478,96.425,40905,0,0,"",0
"2024-01-05","CRAM25","CRA","CRA","CRA",0,"2025-09-17",0,1,96.67,96.69,25,50,96.69,8308,96.71,-0.02,96.69,96.785,96.57,801704,2693,96.635,20717,0,0,"",0
"2024-01-05","CRAU25","CRA","CRA","CRA",0,"2025-12-17",0,1,0,0,0,0,96.845,1376,96.86,-0.015,96.845,96.94,96.725,132794,620,96.79,16611,0,0,"",0
"2024-01-05","CRAZ25","CRA","CRA","CRA",0,"2026-03-18",0,1,0,0,0,0,96.94,279,96.965,-0.025,96.91,97.045,96.88,26930,146,96.895,7655,0,0,"",0
"2024-01-05","CRAH26","CRA","CRA","CRA",0,"2026-06-17",0,1,0,0,0,0,97,37,97.04,-0.04,96.99,97,96.975,3569,24,96.975,3796,0,0,"",0
"2024-01-05","CRAM26","CRA","CRA","CRA",0,"2026-09-16",0,1,0,0,0,0,0,26,0,0,0,0,0,2526,2,97.025,721,0,0,"",0
"2024-01-05","CRAU26","CRA","CRA","CRA",0,"2026-12-16",0,1,0,0,0,0,0,25,0,0,0,0,0,2430,1,97.06,175,0,0,"",0
"2024-01-08","CRAZ23","CRA","CRA","CRA",0,"2024-03-20",0,1,94.9675,94.97,9,675,0,1621,0,0.005,94.9675,94.97,94.965,0,57,94.9675,128777,0,0,"",0
"2024-01-08","CRAH24","CRA","CRA","CRA",0,"2024-06-19",0,1,95.165,95.175,148,43,0,7666,0,0,95.185,95.195,95.16,0,1181,95.17,124949,0,0,"",0
"2024-01-08","CRAM24","CRA","CRA","CRA",0,"2024-09-18",0,1,95.525,95.53,2,8,0,8297,0,0.015,95.555,95.57,95.51,0,1804,95.535,123899,0,0,"",0
"2024-01-08","CRAU24","CRA","CRA","CRA",0,"2024-12-18",0,1,95.865,95.885,252,301,0,7215,0,0.025,95.86,95.93,95.845,0,1717,95.885,66020,0,0,"",0
"2024-01-08","CRAZ24","CRA","CRA","CRA",0,"2025-03-19",0,1,96.185,96.195,75,12,0,8065,0,0.025,96.215,96.25,96.155,0,2312,96.195,60116,0,0,"",0
"2024-01-08","CRAH25","CRA","CRA","CRA",0,"2025-06-18",0,1,96.44,96.455,102,20,0,5128,0,0.025,96.445,96.525,96.425,0,1251,96.465,40916,0,0,"",0
"2024-01-08","CRAM25","CRA","CRA","CRA",0,"2025-09-17",0,1,96.65,96.66,100,22,0,3078,0,0.02,96.675,96.74,96.64,0,810,96.675,20492,0,0,"",0
"2024-01-08","CRAU25","CRA","CRA","CRA",0,"2025-12-17",0,1,96.79,96.815,100,100,0,701,0,0.02,96.81,96.885,96.795,0,246,96.83,16566,0,0,"",0
"2024-01-08","CRAZ25","CRA","CRA","CRA",0,"2026-03-18",0,1,96.89,96.94,50,50,0,672,0,0.015,96.915,97.005,96.9,0,111,96.94,7671,0,0,"",0
"2024-01-08","CRAH26","CRA","CRA","CRA",0,"2026-06-17",0,1,0,0,0,0,0,524,0,0.055,97.03,97.03,97.03,0,30,97.02,3806,0,0,"",0
"2024-01-08","CRAM26","CRA","CRA","CRA",0,"2026-09-16",0,1,0,0,0,0,0,171,0,0.06,97.035,97.085,97.035,0,19,97.07,721,0,0,"",0
"2024-01-08","CRAU26","CRA","CRA","CRA",0,"2026-12-16",0,1,0,0,0,0,0,25,0,0,0,0,0,0,1,97.105,200,0,0,"",0
"2024-01-09","CRAZ23","CRA","CRA","CRA",0,"2024-03-20",0,1,94.9675,94.97,185,577,94.9675,2474,94.9675,0,94.97,94.97,94.965,234908,61,94.9675,129874,0,0,"",0
"2024-01-09","CRAH24","CRA","CRA","CRA",0,"2024-06-19",0,1,95.17,95.195,116,15,95.19,5731,95.17,0.02,95.17,95.19,95.16,545147,632,95.175,125868,0,0,"",0
"2024-01-09","CRAM24","CRA","CRA","CRA",0,"2024-09-18",0,1,95.545,95.56,83,14,95.55,7046,95.535,0.015,95.525,95.555,95.505,672538,1366,95.54,124638,0,0,"",0
"2024-01-09","CRAU24","CRA","CRA","CRA",0,"2024-12-18",0,1,95.895,95.92,3,50,95.91,5642,95.885,0.025,95.875,95.91,95.845,540331,958,95.895,67106,0,0,"",0
"2024-01-09","CRAZ24","CRA","CRA","CRA",0,"2025-03-19",0,1,96.215,96.25,38,7,96.23,6020,96.195,0.035,96.19,96.235,96.155,578718,984,96.215,60835,0,0,"",0
"2024-01-09","CRAH25","CRA","CRA","CRA",0,"2025-06-18",0,1,96.47,96.52,3,10,96.5,3340,96.465,0.035,96.455,96.505,96.42,321618,1055,96.49,41198,0,0,"",0
"2024-01-09","CRAM25","CRA","CRA","CRA",0,"2025-09-17",0,1,96.69,96.735,4,2,96.71,2806,96.675,0.035,96.665,96.715,96.63,270930,709,96.7,20688,0,0,"",0
"2024-01-09","CRAU25","CRA","CRA","CRA",0,"2025-12-17",0,1,96.835,0,6,0,96.865,1271,96.83,0.035,96.81,96.87,96.775,122848,330,96.85,16586,0,0,"",0
"2024-01-09","CRAZ25","CRA","CRA","CRA",0,"2026-03-18",0,1,0,0,0,0,96.965,929,96.94,0.025,96.89,96.98,96.89,89969,105,96.96,7761,0,0,"",0
"2024-01-09","CRAH26","CRA","CRA","CRA",0,"2026-06-17",0,1,0,0,0,0,97.02,718,97.02,0,97.025,97.045,97.02,69646,56,97.04,4221,0,0,"",0
"2024-01-09","CRAM26","CRA","CRA","CRA",0,"2026-09-16",0,1,0,0,0,0,0,28,0,0,0,0,0,2717,2,97.09,664,0,0,"",0
"2024-01-09","CRAU26","CRA","CRA","CRA",0,"2026-12-16",0,1,0,0,0,0,0,0,0,0,0,0,0,0,0,97.125,225,0,0,"",0
"2024-01-10","CRAZ23","CRA","CRA","CRA",0,"2024-03-20",0,1,94.9675,94.97,304,1101,94.9675,2646,94.9675,0,94.97,94.97,94.9675,251232,80,94.9675,130226,0,0,"",0
"2024-01-10","CRAH24","CRA","CRA","CRA",0,"2024-06-19",0,1,95.185,95.195,529,250,95.19,16532,95.175,0.015,95.185,95.2,95.185,1572975,1879,95.185,126383,0,0,"",0
"2024-01-10","CRAM24","CRA","CRA","CRA",0,"2024-09-18",0,1,95.55,95.56,18,78,95.555,11282,95.54,0.015,95.56,95.58,95.545,1077107,2040,95.555,124303,0,0,"",0
"2024-01-10","CRAU24","CRA","CRA","CRA",0,"2024-12-18",0,1,95.895,95.915,30,9,95.9,8653,95.895,0.005,95.905,95.945,95.89,828990,1288,95.905,67838,0,0,"",0
"2024-01-10","CRAZ24","CRA","CRA","CRA",0,"2025-03-19",0,1,96.195,96.22,4,140,96.195,8969,96.215,-0.02,96.245,96.27,96.19,862378,1633,96.215,60589,0,0,"",0
"2024-01-10","CRAH25","CRA","CRA","CRA",0,"2025-06-18",0,1,96.45,96.485,3,2,96.455,7289,96.49,-0.035,96.495,96.54,96.455,702523,1483,96.475,40581,0,0,"",0
"2024-01-10","CRAM25","CRA","CRA","CRA",0,"2025-09-17",0,1,96.66,96.675,14,5,96.66,4881,96.7,-0.04,96.71,96.74,96.66,471350,1143,96.675,20476,0,0,"",0
"2024-01-10","CRAU25","CRA","CRA","CRA",0,"2025-12-17",0,1,96.79,96.82,3,7,96.81,2500,96.85,-0.04,96.88,96.885,96.8,241593,773,96.82,16455,0,0,"",0
"2024-01-10","CRAZ25","CRA","CRA","CRA",0,"2026-03-18",0,1,96.89,96.935,2,2,96.92,1016,96.96,-0.04,96.985,96.99,96.905,98257,283,96.93,7787,0,0,"",0
"2024-01-10","CRAH26","CRA","CRA","CRA",0,"2026-06-17",0,1,0,0,0,0,97.01,539,97.04,-0.03,97.065,97.065,96.99,52269,63,97.01,4835,0,0,"",0
"2024-01-10","CRAM26","CRA","CRA","CRA",0,"2026-09-16",0,1,0,0,0,0,0,144,0,0,0,0,0,13974,11,97.06,664,0,0,"",0
"2024-01-10","CRAU26","CRA","CRA","CRA",0,"2026-12-16",0,1,0,0,0,0,0,0,0,0,0,0,0,0,0,97.095,225,0,0,"",0
"2024-01-11","CRAZ23","CRA","CRA","CRA",0,"2024-03-20",0,1,94.9675,94.9725,715,181,0,4983,0,0.0025,94.9675,94.9725,94.965,0,553,94.97,128435,0,0,"",0
"2024-01-11","CRAH24","CRA","CRA","CRA",0,"2024-06-19",0,1,95.2,95.205,15,50,0,14431,0,0.01,95.195,95.205,95.175,0,1823,95.2,127953,0,0,"",0
"2024-01-11","CRAM24","CRA","CRA","CRA",0,"2024-09-18",0,1,95.595,95.635,49,4,0,18317,0,0.04,95.555,95.6,95.535,0,3188,95.595,128026,0,0,"",0
"2024-01-11","CRAU24","CRA","CRA","CRA",0,"2024-12-18",0,1,95.96,95.98,250,51,0,17482,0,0.065,95.905,95.975,95.87,0,3143,95.965,68613,0,0,"",0
"2024-01-11","CRAZ24","CRA","CRA","CRA",0,"2025-03-19",0,1,96.29,96.31,11,100,0,14371,0,0.08,96.225,96.305,96.175,0,2999,96.295,62505,0,0,"",0
"2024-01-11","CRAH25","CRA","CRA","CRA",0,"2025-06-18",0,1,96.565,96.59,100,100,0,9874,0,0.09,96.475,96.58,96.435,0,2498,96.57,39830,0,0,"",0
"2024-01-11","CRAM25","CRA","CRA","CRA",0,"2025-09-17",0,1,96.765,96.79,100,100,0,9023,0,0.105,96.68,96.785,96.64,0,2050,96.775,20302,0,0,"",0
"2024-01-11","CRAU25","CRA","CRA","CRA",0,"2025-12-17",0,1,96.915,96.94,23,74,0,1570,0,0.105,96.825,96.925,96.785,0,720,96.92,16257,0,0,"",0
"2024-01-11","CRAZ25","CRA","CRA","CRA",0,"2026-03-18",0,1,97.005,97.055,50,52,0,1972,0,0.095,96.97,97.035,96.9,0,377,97.02,7864,0,0,"",0
"2024-01-11","CRAH26","CRA","CRA","CRA",0,"2026-06-17",0,1,0,0,0,0,0,1101,0,0.08,97.06,97.09,96.985,0,66,97.09,5206,0,0,"",0
"2024-01-11","CRAM26","CRA","CRA","CRA",0,"2026-09-16",0,1,0,0,0,0,0,82,0,0.08,97.09,97.14,97.04,0,14,97.14,773,0,0,"",0
"2024-01-11","CRAU26","CRA","CRA","CRA",0,"2026-12-16",0,1,0,0,0,0,0,25,0,0,0,0,0,0,1,97.175,225,0,0,"",0
"2024-01-12","CRAZ23","CRA","CRA","CRA",0,"2024-03-20",0,1,94.97,94.9725,952,763,94.9725,3643,94.97,0.0025,94.9725,94.975,94.9675,345801,216,94.9725,128367,0,0,"",0
"2024-01-12","CRAH24","CRA","CRA","CRA",0,"2024-06-19",0,1,95.235,95.24,71,58,95.235,18453,95.2,0.035,95.205,95.245,95.185,1756288,2202,95.24,132447,0,0,"",0
"2024-01-12","CRAM24","CRA","CRA","CRA",0,"2024-09-18",0,1,95.67,95.675,56,41,95.67,15012,95.595,0.075,95.6,95.695,95.57,1434574,2734,95.675,130142,0,0,"",0
"2024-01-12","CRAU24","CRA","CRA","CRA",0,"2024-12-18",0,1,96.05,96.06,50,1,96.06,15110,95.965,0.095,95.96,96.1,95.945,1450360,3089,96.06,68568,0,0,"",0
"2024-01-12","CRAZ24","CRA","CRA","CRA",0,"2025-03-19",0,1,96.385,96.41,35,4,96.385,11856,96.295,0.09,96.28,96.445,96.27,1141230,2955,96.39,64372,0,0,"",0
"2024-01-12","CRAH25","CRA","CRA","CRA",0,"2025-06-18",0,1,96.655,96.785,15,28,96.655,7847,96.57,0.085,96.555,96.725,96.545,757025,2607,96.665,40583,0,0,"",0
"2024-01-12","CRAM25","CRA","CRA","CRA",0,"2025-09-17",0,1,96.855,0,25,0,96.855,4639,96.775,0.08,96.74,96.93,96.74,448110,1649,96.87,21275,0,0,"",0
"2024-01-12","CRAU25","CRA","CRA","CRA",0,"2025-12-17",0,1,96.8,0,25,0,96.985,3306,96.92,0.065,96.9,97.065,96.895,319873,1190,97.005,16112,0,0,"",0
"2024-01-12","CRAZ25","CRA","CRA","CRA",0,"2026-03-18",0,1,96.93,97.12,7,4,97.065,963,97.02,0.045,97.025,97.14,96.995,93412,363,97.09,8118,0,0,"",0
"2024-01-12","CRAH26","CRA","CRA","CRA",0,"2026-06-17",0,1,0,0,0,0,97.125,105,97.09,0.035,97.14,97.2,97.125,10189,45,97.155,6070,0,0,"",0
"2024-01-12","CRAM26","CRA","CRA","CRA",0,"2026-09-16",0,1,0,0,0,0,0,1,0,0,0,0,0,97,1,97.2,771,0,0,"",0
"2024-01-12","CRAU26","CRA","CRA","CRA",0,"2026-12-16",0,1,0,0,0,0,0,0,0,0,0,0,0,0,0,97.235,250,0,0,"",0
"2024-01-15","CRAZ23","CRA","CRA","CRA",0,"2024-03-20",0,1,94.9675,94.97,741,81,94.9675,806,94.9725,-0.005,94.9725,94.9725,94.9675,76501,55,94.9675,128323,0,0,"",0
"2024-01-15","CRAH24","CRA","CRA","CRA",0,"2024-06-19",0,1,95.215,95.22,54,30,95.215,5242,95.24,-0.025,95.22,95.24,95.215,498892,607,95.22,136502,0,0,"",0
"2024-01-15","CRAM24","CRA","CRA","CRA",0,"2024-09-18",0,1,95.66,95.67,2,200,95.66,4137,95.675,-0.015,95.605,95.675,95.575,395249,888,95.67,128562,0,0,"",0
"2024-01-15","CRAU24","CRA","CRA","CRA",0,"2024-12-18",0,1,96.04,96.07,250,300,96.055,4675,96.06,-0.005,96.045,96.07,95.945,448691,961,96.06,68704,0,0,"",0
"2024-01-15","CRAZ24","CRA","CRA","CRA",0,"2025-03-19",0,1,96.375,96.4,25,3,96.385,4643,96.39,-0.005,96.295,96.4,96.275,446857,1206,96.395,65388,0,0,"",0
"2024-01-15","CRAH25","CRA","CRA","CRA",0,"2025-06-18",0,1,96.65,96.715,34,8,96.655,4005,96.665,-0.01,96.525,96.675,96.525,386559,898,96.67,40650,0,0,"",0
"2024-01-15","CRAM25","CRA","CRA","CRA",0,"2025-09-17",0,1,96.805,0,50,0,96.85,1648,96.87,-0.02,96.74,96.92,96.74,159187,569,96.875,21088,0,0,"",0
"2024-01-15","CRAU25","CRA","CRA","CRA",0,"2025-12-17",0,1,96.8,0,25,0,96.99,672,97.005,-0.015,96.94,97.005,96.875,64987,226,97.01,15676,0,0,"",0
"2024-01-15","CRAZ25","CRA","CRA","CRA",0,"2026-03-18",0,1,97.045,97.115,50,50,97.06,273,97.09,-0.03,96.93,97.085,96.93,26479,96,97.085,8562,0,0,"",0
"2024-01-15","CRAH26","CRA","CRA","CRA",0,"2026-06-17",0,1,97.105,97.17,50,50,97.12,40,97.155,-0.035,97.12,97.12,97.12,3884,4,97.14,6042,0,0,"",0
"2024-01-15","CRAM26","CRA","CRA","CRA",0,"2026-09-16",0,1,0,0,0,0,0,0,0,0,0,0,0,0,0,97.175,771,0,0,"",0
"2024-01-15","CRAU26","CRA","CRA","CRA",0,"2026-12-16",0,1,0,0,0,0,0,0,0,0,0,0,0,0,0,97.195,250,0,0,"",0
"2024-01-16","CRAZ23","CRA","CRA","CRA",0,"2024-03-20",0,1,94.9575,94.96,170,605,94.96,8967,94.9675,-0.0075,94.97,94.97,94.955,851434,142,94.9575,128004,0,0,"",0
"2024-01-16","CRAH24","CRA","CRA","CRA",0,"2024-06-19",0,1,95.135,95.14,2,4,95.14,35672,95.22,-0.08,95.21,95.215,95.135,3393317,2575,95.145,135867,0,0,"",0
"2024-01-16","CRAM24","CRA","CRA","CRA",0,"2024-09-18",0,1,95.53,95.535,4,30,95.535,23933,95.67,-0.135,95.64,95.66,95.52,2285951,3393,95.54,129707,0,0,"",0
"2024-01-16","CRAU24","CRA","CRA","CRA",0,"2024-12-18",0,1,95.91,95.915,1,23,95.915,21795,96.06,-0.145,96.045,96.045,95.895,2089360,3880,95.92,70275,0,0,"",0
"2024-01-16","CRAZ24","CRA","CRA","CRA",0,"2025-03-19",0,1,96.25,96.265,2,4,96.255,15329,96.395,-0.14,96.365,96.37,96.225,1474595,3234,96.26,64069,0,0,"",0
"2024-01-16","CRAH25","CRA","CRA","CRA",0,"2025-06-18",0,1,96.52,96.54,8,25,96.54,12733,96.67,-0.13,96.62,96.64,96.5,1228327,2684,96.545,40182,0,0,"",0
"2024-01-16","CRAM25","CRA","CRA","CRA",0,"2025-09-17",0,1,96.705,96.745,11,25,96.745,8681,96.875,-0.13,96.84,96.84,96.705,839139,1696,96.75,21423,0,0,"",0
"2024-01-16","CRAU25","CRA","CRA","CRA",0,"2025-12-17",0,1,96.86,96.95,2,25,96.885,3074,97.01,-0.125,96.945,96.96,96.845,297389,688,96.89,15835,0,0,"",0
"2024-01-16","CRAZ25","CRA","CRA","CRA",0,"2026-03-18",0,1,96.94,96.965,1,12,96.965,735,97.085,-0.12,97.03,97.045,96.945,71188,197,96.98,8735,0,0,"",0
"2024-01-16","CRAH26","CRA","CRA","CRA",0,"2026-06-17",0,1,96.995,97.03,1,1,97.04,117,97.14,-0.1,97.07,97.075,97.04,11350,15,97.04,6074,0,0,"",0
"2024-01-16","CRAM26","CRA","CRA","CRA",0,"2026-09-16",0,1,97.035,97.07,1,1,97.075,104,97.175,-0.1,97.075,97.075,97.075,10095,9,97.075,771,0,0,"",0
"2024-01-16","CRAU26","CRA","CRA","CRA",0,"2026-12-16",0,1,0,0,0,0,0,25,0,0,0,0,0,2428,1,97.095,250,0,0,"",0
"2024-01-17","CRAZ23","CRA","CRA","CRA",0,"2024-03-20",0,1,94.9475,94.95,20,742,0,3519,0,-0.0075,94.9575,94.9575,94.9475,0,258,94.9475,125767,0,0,"",0
"2024-01-17","CRAH24","CRA","CRA","CRA",0,"2024-06-19",0,1,95.08,95.095,10,53,0,19064,0,-0.05,95.135,95.135,95.095,0,1976,95.105,144495,0,0,"",0
"2024-01-17","CRAM24","CRA","CRA","CRA",0,"2024-09-18",0,1,95.4,95.405,500,200,0,23365,0,-0.14,95.505,95.515,95.395,0,4004,95.415,132829,0,0,"",0
"2024-01-17","CRAU24","CRA","CRA","CRA",0,"2024-12-18",0,1,95.735,95.745,500,67,0,17262,0,-0.175,95.875,95.885,95.725,0,3493,95.745,72262,0,0,"",0
"2024-01-17","CRAZ24","CRA","CRA","CRA",0,"2025-03-19",0,1,96.05,96.07,100,63,0,18587,0,-0.205,96.215,96.23,96.045,0,4079,96.07,66520,0,0,"",0
"2024-01-17","CRAH25","CRA","CRA","CRA",0,"2025-06-18",0,1,96.33,96.355,110,125,0,14674,0,-0.205,96.495,96.515,96.33,0,3611,96.355,44906,0,0,"",0
"2024-01-17","CRAM25","CRA","CRA","CRA",0,"2025-09-17",0,1,96.545,96.575,50,50,0,10793,0,-0.195,96.7,96.725,96.55,0,2123,96.575,22407,0,0,"",0
"2024-01-17","CRAU25","CRA","CRA","CRA",0,"2025-12-17",0,1,96.68,0,10,0,0,3089,0,-0.2,96.84,96.855,96.69,0,902,96.715,15306,0,0,"",0
"2024-01-17","CRAZ25","CRA","CRA","CRA",0,"2026-03-18",0,1,96.755,96.815,50,51,0,2564,0,-0.205,96.935,96.945,96.775,0,605,96.8,8927,0,0,"",0
"2024-01-17","CRAH26","CRA","CRA","CRA",0,"2026-06-17",0,1,96.815,96.875,50,50,0,1263,0,-0.18,96.95,96.95,96.845,0,151,96.86,6041,0,0,"",0
"2024-01-17","CRAM26","CRA","CRA","CRA",0,"2026-09-16",0,1,0,0,0,0,0,252,0,-0.18,96.93,96.93,96.88,0,94,96.895,825,0,0,"",0
"2024-01-17","CRAU26","CRA","CRA","CRA",0,"2026-12-16",0,1,0,0,0,0,0,0,0,0,0,0,0,0,0,96.915,225,0,0,"",0
"2024-01-18","CRAZ23","CRA","CRA","CRA",0,"2024-03-20",0,1,94.945,94.9475,675,110,94.9475,4813,94.9475,0,94.9475,94.95,94.945,456920,93,94.9475,124988,0,0,"",0
"2024-01-18","CRAH24","CRA","CRA","CRA",0,"2024-06-19",0,1,95.095,95.1,55,50,95.1,10109,95.105,-0.005,95.085,95.11,95.07,960891,1276,95.095,142627,0,0,"",0
"2024-01-18","CRAM24","CRA","CRA","CRA",0,"2024-09-18",0,1,95.385,95.39,97,95,95.39,15272,95.415,-0.025,95.38,95.44,95.375,1455540,2588,95.395,130766,0,0,"",0
"2024-01-18","CRAU24","CRA","CRA","CRA",0,"2024-12-18",0,1,95.705,95.71,6,20,95.705,17881,95.745,-0.04,95.74,95.775,95.665,1710089,2962,95.715,74254,0,0,"",0
"2024-01-18","CRAZ24","CRA","CRA","CRA",0,"2025-03-19",0,1,96,96.025,110,115,96.02,13420,96.07,-0.05,96.055,96.105,95.885,1288425,2583,96.03,67313,0,0,"",0
"2024-01-18","CRAH25","CRA","CRA","CRA",0,"2025-06-18",0,1,96.285,96.295,4,5,96.285,9941,96.355,-0.07,96.355,96.395,96.225,956234,2637,96.3,44197,0,0,"",0
"2024-01-18","CRAM25","CRA","CRA","CRA",0,"2025-09-17",0,1,96.485,96.5,100,21,96.49,9087,96.575,-0.085,96.545,96.62,96.46,876390,2063,96.505,22788,0,0,"",0
"2024-01-18","CRAU25","CRA","CRA","CRA",0,"2025-12-17",0,1,96.61,96.63,100,10,96.62,2345,96.715,-0.095,96.665,96.75,96.62,226375,636,96.64,15241,0,0,"",0
"2024-01-18","CRAZ25","CRA","CRA","CRA",0,"2026-03-18",0,1,96.675,96.725,50,51,96.71,1472,96.8,-0.09,96.825,96.835,96.71,142231,310,96.725,8714,0,0,"",0
"2024-01-18","CRAH26","CRA","CRA","CRA",0,"2026-06-17",0,1,96.755,96.805,50,50,96.785,423,96.86,-0.075,96.835,96.835,96.785,40902,67,96.785,6731,0,0,"",0
"2024-01-18","CRAM26","CRA","CRA","CRA",0,"2026-09-16",0,1,0,0,0,0,96.83,114,96.895,-0.065,96.87,96.87,96.83,11026,22,96.82,824,0,0,"",0
"2024-01-18","CRAU26","CRA","CRA","CRA",0,"2026-12-16",0,1,0,0,0,0,0,0,0,0,0,0,0,0,0,96.84,225,0,0,"",0
"2024-01-19","CRAZ23","CRA","CRA","CRA",0,"2024-03-20",0,1,94.9425,94.945,1188,170,0,6506,0,-0.005,94.945,94.9475,94.9425,0,107,94.945,126628,0,0,"",0
"2024-01-19","CRAH24","CRA","CRA","CRA",0,"2024-06-19",0,1,95.085,95.095,635,80,0,13582,0,-0.005,95.1,95.11,95.085,0,1216,95.09,143900,0,0,"",0
"2024-01-19","CRAM24","CRA","CRA","CRA",0,"2024-09-18",0,1,95.35,95.36,100,103,0,16087,0,-0.04,95.385,95.4,95.345,0,3462,95.355,130351,0,0,"",0
"2024-01-19","CRAU24","CRA","CRA","CRA",0,"2024-12-18",0,1,95.64,95.67,250,262,0,15423,0,-0.07,95.7,95.72,95.64,0,3108,95.65,75039,0,0,"",0
"2024-01-19","CRAZ24","CRA","CRA","CRA",0,"2025-03-19",0,1,95.925,95.97,100,100,0,12644,0,-0.08,96.005,96.03,95.94,0,2973,95.95,67034,0,0,"",0
"2024-01-19","CRAH25","CRA","CRA","CRA",0,"2025-06-18",0,1,96.205,96.23,100,100,0,9455,0,-0.085,96.29,96.305,96.205,0,2665,96.21,46934,0,0,"",0
"2024-01-19","CRAM25","CRA","CRA","CRA",0,"2025-09-17",0,1,96.425,96.43,100,10,0,7949,0,-0.075,96.48,96.51,96.41,0,2033,96.415,24767,0,0,"",0
"2024-01-19","CRAU25","CRA","CRA","CRA",0,"2025-12-17",0,1,96.55,96.575,13,5,0,2512,0,-0.08,96.625,96.645,96.545,0,681,96.55,15409,0,0,"",0
"2024-01-19","CRAZ25","CRA","CRA","CRA",0,"2026-03-18",0,1,96.64,96.66,16,1,0,1977,0,-0.08,96.715,96.745,96.625,0,427,96.63,9089,0,0,"",0
"2024-01-19","CRAH26","CRA","CRA","CRA",0,"2026-06-17",0,1,96.695,96.745,50,50,0,384,0,-0.09,96.81,96.81,96.695,0,52,96.695,6809,0,0,"",0
"2024-01-19","CRAM26","CRA","CRA","CRA",0,"2026-09-16",0,1,0,0,0,0,0,129,0,-0.06,96.815,96.815,96.745,0,35,96.745,824,0,0,"",0
"2024-01-19","CRAU26","CRA","CRA","CRA",0,"2026-12-16",0,1,0,0,0,0,0,25,0,0,0,0,0,0,1,96.775,225,0,0,"",0
"2024-01-22","CRAZ23","CRA","CRA","CRA",0,"2024-03-20",0,1,94.945,94.9475,501,1009,0,4727,0,0,94.945,94.9475,94.945,0,440,94.945,128489,0,0,"",0
"2024-01-22","CRAH24","CRA","CRA","CRA",0,"2024-06-19",0,1,95.07,95.075,5,55,0,14712,0,-0.02,95.085,95.09,95.055,0,2237,95.07,146143,0,0,"",0
"2024-01-22","CRAM24","CRA","CRA","CRA",0,"2024-09-18",0,1,95.34,95.35,101,129,0,15954,0,-0.015,95.345,95.365,95.33,0,2513,95.345,131178,0,0,"",0
"2024-01-22","CRAU24","CRA","CRA","CRA",0,"2024-12-18",0,1,95.655,95.665,20,50,0,14217,0,0.01,95.645,95.69,95.63,0,3367,95.66,75070,0,0,"",0
"2024-01-22","CRAZ24","CRA","CRA","CRA",0,"2025-03-19",0,1,95.945,95.965,103,250,0,9734,0,0.005,95.935,96.01,95.925,0,1666,95.965,67784,0,0,"",0
"2024-01-22","CRAH25","CRA","CRA","CRA",0,"2025-06-18",0,1,96.22,96.245,100,100,0,6058,0,0.02,96.205,96.29,96.2,0,1487,96.235,48172,0,0,"",0
"2024-01-22","CRAM25","CRA","CRA","CRA",0,"2025-09-17",0,1,96.425,96.445,3,100,0,7918,0,0.02,96.425,96.495,96.41,0,2963,96.435,25434,0,0,"",0
"2024-01-22","CRAU25","CRA","CRA","CRA",0,"2025-12-17",0,1,96.545,96.58,100,100,0,1975,0,0.025,96.565,96.635,96.545,0,713,96.575,16009,0,0,"",0
"2024-01-22","CRAZ25","CRA","CRA","CRA",0,"2026-03-18",0,1,96.63,96.68,50,50,0,1119,0,0.035,96.645,96.72,96.625,0,338,96.66,9955,0,0,"",0
"2024-01-22","CRAH26","CRA","CRA","CRA",0,"2026-06-17",0,1,96.705,96.755,50,50,0,497,0,0.04,96.725,96.75,96.72,0,121,96.725,7076,0,0,"",0
"2024-01-22","CRAM26","CRA","CRA","CRA",0,"2026-09-16",0,1,0,0,0,0,0,137,0,0.035,96.78,96.805,96.765,0,48,96.775,811,0,0,"",0
"2024-01-22","CRAU26","CRA","CRA","CRA",0,"2026-12-16",0,1,0,0,0,0,0,26,0,0,0,0,0,0,2,96.81,200,0,0,"",0
"2024-01-23","CRAZ23","CRA","CRA","CRA",0,"2024-03-20",0,1,94.945,94.9475,311,659,94.945,9012,94.945,0,94.945,94.9475,94.9425,854760,1006,94.9475,130298,0,0,"",0
"2024-01-23","CRAH24","CRA","CRA","CRA",0,"2024-06-19",0,1,95.08,95.1,112,7,95.085,12785,95.07,0.015,95.07,95.095,95.06,1215181,1220,95.075,146485,0,0,"",0
"2024-01-23","CRAM24","CRA","CRA","CRA",0,"2024-09-18",0,1,95.355,95.38,51,2,95.355,13525,95.345,0.01,95.35,95.36,95.325,1288527,2188,95.34,133581,0,0,"",0
"2024-01-23","CRAU24","CRA","CRA","CRA",0,"2024-12-18",0,1,95.665,95.685,3,1,95.68,9256,95.66,0.02,95.66,95.68,95.625,884370,1663,95.655,75627,0,0,"",0
"2024-01-23","CRAZ24","CRA","CRA","CRA",0,"2025-03-19",0,1,95.98,96,30,4,95.98,10013,95.965,0.015,95.965,95.985,95.93,959399,1701,95.96,67626,0,0,"",0
"2024-01-23","CRAH25","CRA","CRA","CRA",0,"2025-06-18",0,1,96.205,96.285,150,50,96.245,6602,96.235,0.01,96.235,96.25,96.19,634679,1483,96.225,47995,0,0,"",0
"2024-01-23","CRAM25","CRA","CRA","CRA",0,"2025-09-17",0,1,96.445,0,25,0,96.445,3785,96.435,0.01,96.43,96.45,96.385,364270,1249,96.425,26805,0,0,"",0
"2024-01-23","CRAU25","CRA","CRA","CRA",0,"2025-12-17",0,1,0,0,0,0,96.58,1559,96.575,0.005,96.555,96.59,96.525,150257,620,96.565,16440,0,0,"",0
"2024-01-23","CRAZ25","CRA","CRA","CRA",0,"2026-03-18",0,1,0,96.705,0,1,96.685,820,96.66,0.025,96.665,96.685,96.625,79115,249,96.655,10609,0,0,"",0
"2024-01-23","CRAH26","CRA","CRA","CRA",0,"2026-06-17",0,1,0,0,0,0,96.71,264,96.725,-0.015,96.71,96.73,96.705,25489,75,96.72,7347,0,0,"",0
"2024-01-23","CRAM26","CRA","CRA","CRA",0,"2026-09-16",0,1,0,0,0,0,96.76,39,96.775,-0.015,96.76,96.78,96.76,3766,11,96.77,824,0,0,"",0
"2024-01-23","CRAU26","CRA","CRA","CRA",0,"2026-12-16",0,1,0,0,0,0,0,26,0,0,0,0,0,2515,2,96.805,226,0,0,"",0
"2024-01-24","CRAZ23","CRA","CRA","CRA",0,"2024-03-20",0,1,94.94,94.9425,152,1678,94.94,10031,94.9475,-0.0075,94.9475,94.9525,94.9375,951732,769,94.9425,134033,0,0,"",0
"2024-01-24","CRAH24","CRA","CRA","CRA",0,"2024-06-19",0,1,95.085,95.095,73,103,95.085,24065,95.075,0.01,95.09,95.1,95.055,2287315,2701,95.09,147945,0,0,"",0
"2024-01-24","CRAM24","CRA","CRA","CRA",0,"2024-09-18",0,1,95.395,95.405,38,50,95.405,29557,95.34,0.065,95.37,95.405,95.325,2816482,5503,95.395,132707,0,0,"",0
"2024-01-24","CRAU24","CRA","CRA","CRA",0,"2024-12-18",0,1,95.735,95.74,94,24,95.74,32507,95.655,0.085,95.685,95.75,95.65,3108441,5137,95.74,75483,0,0,"",0
"2024-01-24","CRAZ24","CRA","CRA","CRA",0,"2025-03-19",0,1,96.04,96.07,1,100,96.055,30687,95.96,0.095,95.995,96.07,95.975,2945831,5051,96.06,69880,0,0,"",0
"2024-01-24","CRAH25","CRA","CRA","CRA",0,"2025-06-18",0,1,96.27,96.335,20,2,96.31,17112,96.225,0.085,96.26,96.34,96.25,1646167,3631,96.33,50055,0,0,"",0
"2024-01-24","CRAM25","CRA","CRA","CRA",0,"2025-09-17",0,1,96.485,96.5,10,50,96.49,12872,96.425,0.065,96.46,96.54,96.445,1240624,2905,96.525,26974,0,0,"",0
"2024-01-24","CRAU25","CRA","CRA","CRA",0,"2025-12-17",0,1,0,96.63,0,39,96.615,2510,96.565,0.05,96.595,96.665,96.58,242095,836,96.65,16777,0,0,"",0
"2024-01-24","CRAZ25","CRA","CRA","CRA",0,"2026-03-18",0,1,0,96.745,0,4,96.695,992,96.655,0.04,96.685,96.75,96.665,95748,312,96.725,11103,0,0,"",0
"2024-01-24","CRAH26","CRA","CRA","CRA",0,"2026-06-17",0,1,0,96.795,0,4,96.76,903,96.72,0.04,96.79,96.8,96.73,87288,155,96.78,7546,0,0,"",0
"2024-01-24","CRAM26","CRA","CRA","CRA",0,"2026-09-16",0,1,0,0,0,0,96.77,381,96.77,0,96.825,96.845,96.77,36852,70,96.82,789,0,0,"",0
"2024-01-24","CRAU26","CRA","CRA","CRA",0,"2026-12-16",0,1,0,0,0,0,0,76,0,0,0,0,0,7361,4,96.845,202,0,0,"",0
"2024-01-25","CRAZ23","CRA","CRA","CRA",0,"2024-03-20",0,1,94.9375,94.94,1085,1465,94.9375,8425,94.9425,-0.005,94.9375,94.94,94.935,799809,78,94.94,131011,0,0,"",0
"2024-01-25","CRAH24","CRA","CRA","CRA",0,"2024-06-19",0,1,95.095,95.105,236,145,95.095,15149,95.09,0.005,95.095,95.115,95.085,1440286,1501,95.1,151779,0,0,"",0
"2024-01-25","CRAM24","CRA","CRA","CRA",0,"2024-09-18",0,1,95.42,95.435,2,100,95.425,20865,95.395,0.03,95.415,95.455,95.405,1989808,2920,95.425,134378,0,0,"",0
"2024-01-25","CRAU24","CRA","CRA","CRA",0,"2024-12-18",0,1,95.77,95.785,79,4,95.77,15781,95.74,0.03,95.755,95.82,95.74,1509522,3458,95.78,76055,0,0,"",0
"2024-01-25","CRAZ24","CRA","CRA","CRA",0,"2025-03-19",0,1,96.09,96.11,46,15,96.1,16776,96.06,0.04,96.07,96.155,96.05,1611526,2848,96.105,71277,0,0,"",0
"2024-01-25","CRAH25","CRA","CRA","CRA",0,"2025-06-18",0,1,96.34,96.355,15,49,96.355,8620,96.33,0.025,96.325,96.415,96.305,829774,2108,96.365,48556,0,0,"",0
"2024-01-25","CRAM25","CRA","CRA","CRA",0,"2025-09-17",0,1,96.52,96.55,21,16,96.545,6915,96.525,0.02,96.505,96.605,96.485,666836,1861,96.555,27502,0,0,"",0
"2024-01-25","CRAU25","CRA","CRA","CRA",0,"2025-12-17",0,1,96.655,96.69,400,4,96.66,2269,96.65,0.01,96.63,96.725,96.605,219016,659,96.68,16960,0,0,"",0
"2024-01-25","CRAZ25","CRA","CRA","CRA",0,"2026-03-18",0,1,96.72,0,5,0,96.735,915,96.725,0.01,96.72,96.79,96.68,88357,294,96.755,11366,0,0,"",0
"2024-01-25","CRAH26","CRA","CRA","CRA",0,"2026-06-17",0,1,0,0,0,0,0,347,0,0,0,0,0,33569,49,96.81,7831,0,0,"",0
"2024-01-25","CRAM26","CRA","CRA","CRA",0,"2026-09-16",0,1,0,0,0,0,0,221,0,0,0,0,0,21396,20,96.845,895,0,0,"",0
"2024-01-25","CRAU26","CRA","CRA","CRA",0,"2026-12-16",0,1,0,0,0,0,0,78,0,0,0,0,0,7555,6,96.87,228,0,0,"",0
"2024-01-26","CRAZ23","CRA","CRA","CRA",0,"2024-03-20",0,1,94.935,94.9375,1608,2266,0,2948,0,-0.005,94.9375,94.9375,94.935,0,58,94.9375,127810,0,0,"",0
"2024-01-26","CRAH24","CRA","CRA","CRA",0,"2024-06-19",0,1,95.08,95.085,285,83,0,10016,0,-0.015,95.105,95.11,95.075,0,1344,95.085,156438,0,0,"",0
"2024-01-26","CRAM24","CRA","CRA","CRA",0,"2024-09-18",0,1,95.375,95.43,65,20,0,19189,0,-0.045,95.435,95.44,95.37,0,3016,95.37,137527,0,0,"",0
"2024-01-26","CRAU24","CRA","CRA","CRA",0,"2024-12-18",0,1,95.72,95.73,5,30,0,11833,0,-0.06,95.79,95.8,95.705,0,2571,95.705,73880,0,0,"",0
"2024-01-26","CRAZ24","CRA","CRA","CRA",0,"2025-03-19",0,1,96.04,96.045,29,16,0,16818,0,-0.06,96.12,96.12,96.02,0,3513,96.02,70162,0,0,"",0
"2024-01-26","CRAH25","CRA","CRA","CRA",0,"2025-06-18",0,1,96.28,96.32,64,15,0,9276,0,-0.07,96.375,96.38,96.27,0,2183,96.27,47923,0,0,"",0
"2024-01-26","CRAM25","CRA","CRA","CRA",0,"2025-09-17",0,1,0,96.49,0,1,0,6002,0,-0.065,96.565,96.57,96.46,0,1489,96.455,27922,0,0,"",0
"2024-01-26","CRAU25","CRA","CRA","CRA",0,"2025-12-17",0,1,0,0,0,0,0,2277,0,-0.06,96.685,96.685,96.585,0,694,96.585,17362,0,0,"",0
"2024-01-26","CRAZ25","CRA","CRA","CRA",0,"2026-03-18",0,1,96.665,0,18,0,0,538,0,-0.055,96.71,96.745,96.675,0,182,96.67,11648,0,0,"",0
"2024-01-26","CRAH26","CRA","CRA","CRA",0,"2026-06-17",0,1,0,0,0,0,0,198,0,0,0,0,0,0,18,96.73,7826,0,0,"",0
"2024-01-26","CRAM26","CRA","CRA","CRA",0,"2026-09-16",0,1,0,0,0,0,0,129,0,-0.035,96.815,96.815,96.81,0,18,96.77,792,0,0,"",0
"2024-01-26","CRAU26","CRA","CRA","CRA",0,"2026-12-16",0,1,0,0,0,0,0,28,0,0,0,0,0,0,4,96.795,305,0,0,"",0
"2024-01-29","CRAZ23","CRA","CRA","CRA",0,"2024-03-20",0,1,94.9325,94.935,620,1874,0,1387,0,-0.0025,94.935,94.935,94.9325,0,24,94.935,126304,0,0,"",0
"2024-01-29","CRAH24","CRA","CRA","CRA",0,"2024-06-19",0,1,95.09,95.095,245,305,0,9404,0,0.01,95.085,95.095,95.085,0,911,95.09,158972,0,0,"",0
"2024-01-29","CRAM24","CRA","CRA","CRA",0,"2024-09-18",0,1,95.39,95.395,23,35,0,11692,0,0.02,95.38,95.395,95.375,0,1974,95.39,139433,0,0,"",0
"2024-01-29","CRAU24","CRA","CRA","CRA",0,"2024-12-18",0,1,95.73,95.745,27,1,0,7674,0,0.025,95.73,95.74,95.71,0,1663,95.735,74072,0,0,"",0
"2024-01-29","CRAZ24","CRA","CRA","CRA",0,"2025-03-19",0,1,96.06,96.065,55,8,0,7002,0,0.04,96.055,96.07,96.025,0,1590,96.06,71294,0,0,"",0
"2024-01-29","CRAH25","CRA","CRA","CRA",0,"2025-06-18",0,1,96.325,96.335,41,10,0,6753,0,0.06,96.315,96.335,96.28,0,1772,96.32,49639,0,0,"",0
"2024-01-29","CRAM25","CRA","CRA","CRA",0,"2025-09-17",0,1,96.525,0,26,0,0,4443,0,0.07,96.505,96.535,96.475,0,1167,96.52,27498,0,0,"",0
"2024-01-29","CRAU25","CRA","CRA","CRA",0,"2025-12-17",0,1,96.655,96.685,1,3,0,1502,0,0.085,96.635,96.67,96.605,0,454,96.66,17617,0,0,"",0
"2024-01-29","CRAZ25","CRA","CRA","CRA",0,"2026-03-18",0,1,96.735,0,1,0,0,1111,0,0.07,96.715,96.74,96.71,0,189,96.75,11523,0,0,"",0
"2024-01-29","CRAH26","CRA","CRA","CRA",0,"2026-06-17",0,1,0,0,0,0,0,113,0,0.05,96.78,96.78,96.78,0,16,96.815,7875,0,0,"",0
"2024-01-29","CRAM26","CRA","CRA","CRA",0,"2026-09-16",0,1,96.825,0,25,0,0,26,0,0,0,0,0,0,2,96.86,750,0,0,"",0
"2024-01-29","CRAU26","CRA","CRA","CRA",0,"2026-12-16",0,1,0,0,0,0,0,0,0,0,0,0,0,0,0,96.89,333,0,0,"",0
"2024-01-30","CRAZ23","CRA","CRA","CRA",0,"2024-03-20",0,1,94.9275,94.93,591,1,94.93,6489,94.935,-0.005,94.935,94.935,94.93,615979,78,94.9325,125844,0,0,"",0
"2024-01-30","CRAH24","CRA","CRA","CRA",0,"2024-06-19",0,1,95.065,95.07,50,20,95.065,18510,95.09,-0.025,95.1,95.1,95.06,1759396,1397,95.07,161064,0,0,"",0
"2024-01-30","CRAM24","CRA","CRA","CRA",0,"2024-09-18",0,1,95.34,95.355,77,202,95.34,25366,95.39,-0.05,95.4,95.4,95.33,2417417,3075,95.35,143876,0,0,"",0
"2024-01-30","CRAU24","CRA","CRA","CRA",0,"2024-12-18",0,1,95.67,95.675,255,198,95.675,17852,95.735,-0.06,95.745,95.75,95.655,1706522,3051,95.68,75244,0,0,"",0
"2024-01-30","CRAZ24","CRA","CRA","CRA",0,"2025-03-19",0,1,96,96.005,6,2,96.005,12589,96.06,-0.055,96.085,96.09,95.97,1207720,2724,96.005,71876,0,0,"",0
"2024-01-30","CRAH25","CRA","CRA","CRA",0,"2025-06-18",0,1,96.28,96.29,50,11,96.29,7703,96.32,-0.03,96.345,96.345,96.24,740737,2104,96.285,51703,0,0,"",0
"2024-01-30","CRAM25","CRA","CRA","CRA",0,"2025-09-17",0,1,96.49,0,80,0,96.51,7318,96.52,-0.01,96.54,96.54,96.445,705143,1893,96.5,27370,0,0,"",0
"2024-01-30","CRAU25","CRA","CRA","CRA",0,"2025-12-17",0,1,96.65,96.665,15,100,96.66,3922,96.66,0,96.675,96.695,96.585,378507,962,96.645,17792,0,0,"",0
"2024-01-30","CRAZ25","CRA","CRA","CRA",0,"2026-03-18",0,1,96.735,96.77,1,1,96.74,1696,96.75,-0.01,96.745,96.765,96.685,163880,276,96.735,11347,0,0,"",0
"2024-01-30","CRAH26","CRA","CRA","CRA",0,"2026-06-17",0,1,96.795,96.845,50,50,96.815,522,96.815,0,96.75,96.815,96.75,50490,40,96.8,7865,0,0,"",0
"2024-01-30","CRAM26","CRA","CRA","CRA",0,"2026-09-16",0,1,0,0,0,0,0,50,0,0,0,0,0,4841,2,96.845,750,0,0,"",0
"2024-01-30","CRAU26","CRA","CRA","CRA",0,"2026-12-16",0,1,0,0,0,0,0,0,0,0,0,0,0,0,0,96.885,333,0,0,"",0
"2024-01-31","CRAZ23","CRA","CRA","CRA",0,"2024-03-20",0,1,94.9325,94.935,519,1848,94.9325,9976,94.9325,0,94.93,94.9375,94.9275,946961,168,94.9325,125204,0,0,"",0
"2024-01-31","CRAH24","CRA","CRA","CRA",0,"2024-06-19",0,1,95.065,95.075,79,145,95.07,33529,95.07,0,95.075,95.11,95.055,3187191,2682,95.095,164177,0,0,"",0
"2024-01-31","CRAM24","CRA","CRA","CRA",0,"2024-09-18",0,1,95.36,95.365,93,56,95.365,40552,95.35,0.015,95.355,95.43,95.335,3864743,7020,95.41,150333,0,0,"",0
"2024-01-31","CRAU24","CRA","CRA","CRA",0,"2024-12-18",0,1,95.725,95.73,10,1,95.73,33940,95.68,0.05,95.69,95.8,95.675,3245211,7043,95.765,77148,0,0,"",0
"2024-01-31","CRAZ24","CRA","CRA","CRA",0,"2025-03-19",0,1,96.085,96.105,45,67,96.085,27863,96.005,0.08,96.025,96.155,96.015,2675552,7312,96.105,73374,0,0,"",0
"2024-01-31","CRAH25","CRA","CRA","CRA",0,"2025-06-18",0,1,96.39,96.63,37,28,96.39,20013,96.285,0.105,96.315,96.455,96.305,1925945,5922,96.395,53313,0,0,"",0
"2024-01-31","CRAM25","CRA","CRA","CRA",0,"2025-09-17",0,1,96.615,0,29,0,96.62,13060,96.5,0.12,96.545,96.675,96.54,1259516,4313,96.615,27190,0,0,"",0
"2024-01-31","CRAU25","CRA","CRA","CRA",0,"2025-12-17",0,1,96.69,0,100,0,96.755,5242,96.645,0.11,96.69,96.825,96.685,506103,1698,96.755,18650,0,0,"",0
"2024-01-31","CRAZ25","CRA","CRA","CRA",0,"2026-03-18",0,1,96.765,0,50,0,96.835,1643,96.735,0.1,96.81,96.915,96.79,158631,675,96.84,11987,0,0,"",0
"2024-01-31","CRAH26","CRA","CRA","CRA",0,"2026-06-17",0,1,96.83,0,50,0,96.9,631,96.8,0.1,96.895,96.945,96.88,60970,232,96.905,8196,0,0,"",0
"2024-01-31","CRAM26","CRA","CRA","CRA",0,"2026-09-16",0,1,0,0,0,0,96.955,206,96.845,0.11,96.935,97.015,96.92,19937,60,96.95,750,0,0,"",0
"2024-01-31","CRAU26","CRA","CRA","CRA",0,"2026-12-16",0,1,96.875,0,17,0,96.955,96,96.885,0.07,96.96,96.96,96.955,9310,12,96.99,333,0,0,"",0
"2024-02-01","CRAZ23","CRA","CRA","CRA",0,"2024-03-20",0,1,94.9325,94.935,23,70,94.935,10160,94.9325,0.0025,94.9325,94.935,94.9275,964425,153,94.9325,124712,0,0,"",0
"2024-02-01","CRAH24","CRA","CRA","CRA",0,"2024-06-19",0,1,95.065,95.07,65,56,0,22109,0,-0.025,95.06,95.085,95.05,0,1649,95.075,167139,0,0,"",0
"2024-02-01","CRAM24","CRA","CRA","CRA",0,"2024-09-18",0,1,95.37,95.38,100,38,0,25467,0,-0.03,95.34,95.415,95.335,0,4079,95.39,153381,0,0,"",0
"2024-02-01","CRAU24","CRA","CRA","CRA",0,"2024-12-18",0,1,95.75,95.77,251,280,0,16494,0,0,95.71,95.805,95.695,0,2883,95.77,82163,0,0,"",0
"2024-02-01","CRAZ24","CRA","CRA","CRA",0,"2025-03-19",0,1,96.125,96.145,10,100,0,13770,0,0.03,96.065,96.18,96.05,0,3055,96.145,75306,0,0,"",0
"2024-02-01","CRAH25","CRA","CRA","CRA",0,"2025-06-18",0,1,96.435,96.45,100,4,0,13746,0,0.055,96.36,96.505,96.355,0,3155,96.46,59687,0,0,"",0
"2024-02-01","CRAM25","CRA","CRA","CRA",0,"2025-09-17",0,1,96.67,96.695,100,100,0,7884,0,0.07,96.605,96.74,96.58,0,2304,96.69,28516,0,0,"",0
"2024-02-01","CRAU25","CRA","CRA","CRA",0,"2025-12-17",0,1,96.82,0,75,0,0,2259,0,0.08,96.755,96.895,96.735,0,778,96.845,19281,0,0,"",0
"2024-02-01","CRAZ25","CRA","CRA","CRA",0,"2026-03-18",0,1,96.895,96.94,50,4,0,1471,0,0.08,96.83,96.985,96.825,0,415,96.935,12319,0,0,"",0
"2024-02-01","CRAH26","CRA","CRA","CRA",0,"2026-06-17",0,1,96.97,97.02,50,50,0,842,0,0.08,96.94,96.995,96.94,0,57,97,8375,0,0,"",0
"2024-02-01","CRAM26","CRA","CRA","CRA",0,"2026-09-16",0,1,0,0,0,0,0,144,0,0,0,0,0,0,17,97.05,701,0,0,"",0
"2024-02-01","CRAU26","CRA","CRA","CRA",0,"2026-12-16",0,1,0,0,0,0,0,78,0,0,0,0,0,0,5,97.09,406,0,0,"",0
"2024-02-02","CRAZ23","CRA","CRA","CRA",0,"2024-03-20",0,1,94.9375,94.94,570,644,0,12307,0,0.0075,94.9325,94.945,94.9275,0,161,94.94,125030,0,0,"",0
"2024-02-02","CRAH24","CRA","CRA","CRA",0,"2024-06-19",0,1,95.035,95.04,221,500,0,41982,0,-0.04,95.07,95.07,95.015,0,2999,95.05,167764,0,0,"",0
"2024-02-02","CRAM24","CRA","CRA","CRA",0,"2024-09-18",0,1,95.255,95.26,47,100,0,35499,0,-0.135,95.365,95.375,95.235,0,5334,95.265,156286,0,0,"",0
"2024-02-02","CRAU24","CRA","CRA","CRA",0,"2024-12-18",0,1,95.58,95.59,151,21,0,27509,0,-0.18,95.77,95.77,95.565,0,5170,95.595,82642,0,0,"",0
"2024-02-02","CRAZ24","CRA","CRA","CRA",0,"2025-03-19",0,1,95.925,95.945,127,25,0,21412,0,-0.21,96.13,96.13,95.92,0,4850,95.94,75880,0,0,"",0
"2024-02-02","CRAH25","CRA","CRA","CRA",0,"2025-06-18",0,1,96.235,96.25,21,46,0,12423,0,-0.21,96.445,96.445,96.23,0,3905,96.25,60879,0,0,"",0
"2024-02-02","CRAM25","CRA","CRA","CRA",0,"2025-09-17",0,1,96.485,96.49,2,25,0,6333,0,-0.205,96.675,96.68,96.47,0,1895,96.49,29531,0,0,"",0
"2024-02-02","CRAU25","CRA","CRA","CRA",0,"2025-12-17",0,1,96.64,96.675,100,100,0,3676,0,-0.18,96.815,96.835,96.64,0,1073,96.66,19632,0,0,"",0
"2024-02-02","CRAZ25","CRA","CRA","CRA",0,"2026-03-18",0,1,96.75,96.79,50,50,0,2418,0,-0.15,96.93,96.93,96.755,0,666,96.77,12466,0,0,"",0
"2024-02-02","CRAH26","CRA","CRA","CRA",0,"2026-06-17",0,1,96.85,96.9,50,50,0,374,0,-0.15,96.855,96.9,96.845,0,131,96.85,8883,0,0,"",0
"2024-02-02","CRAM26","CRA","CRA","CRA",0,"2026-09-16",0,1,0,0,0,0,0,45,0,-0.13,96.905,96.92,96.905,0,16,96.92,723,0,0,"",0
"2024-02-02","CRAU26","CRA","CRA","CRA",0,"2026-12-16",0,1,0,0,0,0,0,26,0,0,0,0,0,0,2,96.975,483,0,0,"",0
"2024-02-05","CRAZ23","CRA","CRA","CRA",0,"2024-03-20",0,1,94.9325,94.9375,916,728,0,3378,0,-0.005,94.935,94.9375,94.9325,0,87,94.935,132408,0,0,"",0
"2024-02-05","CRAH24","CRA","CRA","CRA",0,"2024-06-19",0,1,95.015,95.02,35,340,0,22450,0,-0.035,95.015,95.035,95.005,0,2197,95.03,157911,0,0,"",0
"2024-02-05","CRAM24","CRA","CRA","CRA",0,"2024-09-18",0,1,95.205,95.215,8,25,0,27779,0,-0.055,95.23,95.23,95.19,0,4128,95.225,160935,0,0,"",0
"2024-02-05","CRAU24","CRA","CRA","CRA",0,"2024-12-18",0,1,95.515,95.525,15,25,0,14042,0,-0.075,95.58,95.58,95.5,0,2503,95.53,82325,0,0,"",0
"2024-02-05","CRAZ24","CRA","CRA","CRA",0,"2025-03-19",0,1,95.835,95.85,9,9,0,11617,0,-0.09,95.91,95.91,95.835,0,3225,95.855,77158,0,0,"",0
"2024-02-05","CRAH25","CRA","CRA","CRA",0,"2025-06-18",0,1,96.12,96.13,10,10,0,9431,0,-0.12,96.21,96.21,96.12,0,2527,96.14,60183,0,0,"",0
"2024-02-05","CRAM25","CRA","CRA","CRA",0,"2025-09-17",0,1,96.335,96.36,100,150,0,6530,0,-0.14,96.46,96.46,96.35,0,2105,96.365,30619,0,0,"",0
"2024-02-05","CRAU25","CRA","CRA","CRA",0,"2025-12-17",0,1,0,96.57,0,4,0,2041,0,-0.145,96.62,96.625,96.515,0,697,96.535,19558,0,0,"",0
"2024-02-05","CRAZ25","CRA","CRA","CRA",0,"2026-03-18",0,1,96.615,96.645,25,50,0,475,0,-0.14,96.71,96.71,96.63,0,252,96.65,12901,0,0,"",0
"2024-02-05","CRAH26","CRA","CRA","CRA",0,"2026-06-17",0,1,96.695,96.755,50,50,0,79,0,-0.135,96.755,96.755,96.715,0,36,96.735,8883,0,0,"",0
"2024-02-05","CRAM26","CRA","CRA","CRA",0,"2026-09-16",0,1,0,96.825,0,25,0,30,0,-0.14,96.8,96.8,96.78,0,11,96.805,750,0,0,"",0
"2024-02-05","CRAU26","CRA","CRA","CRA",0,"2026-12-16",0,1,0,0,0,0,0,1,0,0,0,0,0,0,1,96.86,509,0,0,"",0
"2024-02-06","CRAZ23","CRA","CRA","CRA",0,"2024-03-20",0,1,94.9325,94.935,345,184,94.9325,1491,94.935,-0.0025,94.9325,94.935,94.9325,141516,52,94.9325,130801,0,0,"",0
"2024-02-06","CRAH24","CRA","CRA","CRA",0,"2024-06-19",0,1,95.03,95.035,108,314,95.03,21135,95.03,0,95.02,95.045,95.02,2008185,1692,95.04,149911,0,0,"",0
"2024-02-06","CRAM24","CRA","CRA","CRA",0,"2024-09-18",0,1,95.265,95.275,25,280,95.275,30387,95.225,0.05,95.225,95.28,95.215,2893326,2959,95.27,159822,0,0,"",0
"2024-02-06","CRAU24","CRA","CRA","CRA",0,"2024-12-18",0,1,95.595,95.6,51,72,95.6,22568,95.53,0.07,95.54,95.6,95.525,2155654,2527,95.59,82316,0,0,"",0
"2024-02-06","CRAZ24","CRA","CRA","CRA",0,"2025-03-19",0,1,95.935,95.945,20,20,95.945,19245,95.855,0.09,95.865,95.945,95.855,1844261,2285,95.93,77933,0,0,"",0
"2024-02-06","CRAH25","CRA","CRA","CRA",0,"2025-06-18",0,1,96.22,96.23,9,8,96.215,9935,96.14,0.075,96.14,96.225,96.14,955065,1649,96.21,59725,0,0,"",0
"2024-02-06","CRAM25","CRA","CRA","CRA",0,"2025-09-17",0,1,96.425,96.445,100,6,96.435,7352,96.365,0.07,96.36,96.435,96.36,708219,1323,96.425,31090,0,0,"",0
"2024-02-06","CRAU25","CRA","CRA","CRA",0,"2025-12-17",0,1,96.575,96.59,100,2,96.58,2910,96.535,0.045,96.555,96.59,96.525,280684,678,96.58,19566,0,0,"",0
"2024-02-06","CRAZ25","CRA","CRA","CRA",0,"2026-03-18",0,1,96.69,96.705,10,9,96.7,1314,96.65,0.05,96.665,96.7,96.635,126868,349,96.69,12886,0,0,"",0
"2024-02-06","CRAH26","CRA","CRA","CRA",0,"2026-06-17",0,1,96.76,96.81,50,50,96.78,587,96.735,0.045,96.745,96.78,96.74,56734,119,96.775,8926,0,0,"",0
"2024-02-06","CRAM26","CRA","CRA","CRA",0,"2026-09-16",0,1,96.85,0,5,0,96.815,95,96.805,0.01,96.82,96.845,96.815,9183,23,96.845,726,0,0,"",0
"2024-02-06","CRAU26","CRA","CRA","CRA",0,"2026-12-16",0,1,0,0,0,0,96.91,39,96.86,0.05,96.91,96.915,96.905,3774,8,96.905,510,0,0,"",0
"2024-02-07","CRAZ23","CRA","CRA","CRA",0,"2024-03-20",0,1,94.93,94.9325,613,111,0,1986,0,0,94.935,94.935,94.9325,0,83,94.9325,113537,0,0,"",0
"2024-02-07","CRAH24","CRA","CRA","CRA",0,"2024-06-19",0,1,95.02,95.025,219,225,0,9729,0,-0.02,95.035,95.04,95.02,0,743,95.03,152924,0,0,"",0
"2024-02-07","CRAM24","CRA","CRA","CRA",0,"2024-09-18",0,1,95.235,95.245,24,14,0,17257,0,-0.035,95.27,95.28,95.235,0,2691,95.25,161540,0,0,"",0
"2024-02-07","CRAU24","CRA","CRA","CRA",0,"2024-12-18",0,1,95.545,95.55,25,40,0,21059,0,-0.04,95.595,95.605,95.545,0,3314,95.56,91300,0,0,"",0
"2024-02-07","CRAZ24","CRA","CRA","CRA",0,"2025-03-19",0,1,95.875,95.885,52,14,0,16395,0,-0.05,95.94,95.95,95.875,0,2890,95.9,83598,0,0,"",0
"2024-02-07","CRAH25","CRA","CRA","CRA",0,"2025-06-18",0,1,96.145,96.16,109,10,0,8569,0,-0.06,96.22,96.24,96.145,0,1958,96.18,57503,0,0,"",0
"2024-02-07","CRAM25","CRA","CRA","CRA",0,"2025-09-17",0,1,0,0,0,0,0,4702,0,-0.07,96.435,96.455,96.355,0,1146,96.385,30767,0,0,"",0
"2024-02-07","CRAU25","CRA","CRA","CRA",0,"2025-12-17",0,1,0,96.565,0,2,0,2222,0,-0.06,96.56,96.62,96.515,0,560,96.54,20041,0,0,"",0
"2024-02-07","CRAZ25","CRA","CRA","CRA",0,"2026-03-18",0,1,96.595,96.645,50,2,0,653,0,-0.075,96.68,96.73,96.615,0,298,96.65,13161,0,0,"",0
"2024-02-07","CRAH26","CRA","CRA","CRA",0,"2026-06-17",0,1,96.695,96.76,50,50,0,182,0,-0.035,96.75,96.75,96.725,0,100,96.74,9224,0,0,"",0
"2024-02-07","CRAM26","CRA","CRA","CRA",0,"2026-09-16",0,1,0,0,0,0,0,67,0,0,0,0,0,0,9,96.81,790,0,0,"",0
"2024-02-07","CRAU26","CRA","CRA","CRA",0,"2026-12-16",0,1,0,0,0,0,0,27,0,0,0,0,0,0,3,96.87,548,0,0,"",0
"2024-02-08","CRAZ23","CRA","CRA","CRA",0,"2024-03-20",0,1,94.9275,94.93,1418,94,94.93,2429,94.9325,-0.0025,94.935,94.935,94.93,230548,75,94.93,112458,0,0,"",0
"2024-02-08","CRAH24","CRA","CRA","CRA",0,"2024-06-19",0,1,95.01,95.015,307,138,95.015,18653,95.03,-0.015,95.025,95.03,95.01,1772115,1210,95.01,150179,0,0,"",0
"2024-02-08","CRAM24","CRA","CRA","CRA",0,"2024-09-18",0,1,95.2,95.21,160,223,95.205,18458,95.25,-0.045,95.24,95.245,95.2,1756631,2218,95.2,154875,0,0,"",0
"2024-02-08","CRAU24","CRA","CRA","CRA",0,"2024-12-18",0,1,95.5,95.505,45,306,95.5,12261,95.56,-0.06,95.55,95.555,95.495,1170345,1824,95.5,88564,0,0,"",0
"2024-02-08","CRAZ24","CRA","CRA","CRA",0,"2025-03-19",0,1,95.82,95.83,8,15,95.82,18692,95.9,-0.08,95.875,95.89,95.815,1789435,3142,95.825,87710,0,0,"",0
"2024-02-08","CRAH25","CRA","CRA","CRA",0,"2025-06-18",0,1,96.09,96.1,117,11,96.095,17120,96.18,-0.085,96.155,96.165,96.09,1644450,2695,96.095,56631,0,0,"",0
"2024-02-08","CRAM25","CRA","CRA","CRA",0,"2025-09-17",0,1,0,96.305,0,40,96.3,10985,96.385,-0.085,96.36,96.375,96.29,1057010,2196,96.3,31667,0,0,"",0
"2024-02-08","CRAU25","CRA","CRA","CRA",0,"2025-12-17",0,1,96.445,96.46,3,3,96.46,2900,96.54,-0.08,96.525,96.53,96.45,279325,741,96.455,20727,0,0,"",0
"2024-02-08","CRAZ25","CRA","CRA","CRA",0,"2026-03-18",0,1,96.555,96.58,3,2,96.57,1679,96.65,-0.08,96.635,96.635,96.565,161902,517,96.565,13014,0,0,"",0
"2024-02-08","CRAH26","CRA","CRA","CRA",0,"2026-06-17",0,1,96.635,96.695,50,50,96.67,224,96.74,-0.07,96.73,96.73,96.665,21583,118,96.655,9179,0,0,"",0
"2024-02-08","CRAM26","CRA","CRA","CRA",0,"2026-09-16",0,1,0,0,0,0,0,3,0,0,0,0,0,288,3,96.725,830,0,0,"",0
"2024-02-08","CRAU26","CRA","CRA","CRA",0,"2026-12-16",0,1,0,0,0,0,0,1,0,0,0,0,0,96,1,96.785,574,0,0,"",0
"2024-02-09","CRAZ23","CRA","CRA","CRA",0,"2024-03-20",0,1,94.9275,94.9325,2898,767,94.93,541,94.93,0,94.93,94.93,94.9275,51296,80,94.93,112334,0,0,"",0
"2024-02-09","CRAH24","CRA","CRA","CRA",0,"2024-06-19",0,1,95.01,95.015,108,139,95.01,13995,95.01,0,95.015,95.015,94.985,1329097,1621,95.01,152152,0,0,"",0
"2024-02-09","CRAM24","CRA","CRA","CRA",0,"2024-09-18",0,1,95.205,95.215,73,6,95.21,18361,95.2,0.01,95.205,95.215,95.16,1746679,2881,95.205,153189,0,0,"",0
"2024-02-09","CRAU24","CRA","CRA","CRA",0,"2024-12-18",0,1,95.495,95.505,104,37,95.5,18155,95.5,0,95.495,95.525,95.45,1731952,2963,95.495,83022,0,0,"",0
"2024-02-09","CRAZ24","CRA","CRA","CRA",0,"2025-03-19",0,1,95.81,95.815,22,20,95.815,14699,95.825,-0.01,95.815,95.85,95.77,1406683,2752,95.815,91643,0,0,"",0
"2024-02-09","CRAH25","CRA","CRA","CRA",0,"2025-06-18",0,1,96.07,96.08,33,4,96.075,7539,96.095,-0.02,96.085,96.12,96.045,723911,1855,96.08,57798,0,0,"",0
"2024-02-09","CRAM25","CRA","CRA","CRA",0,"2025-09-17",0,1,96.26,96.285,100,130,96.28,4402,96.3,-0.02,96.305,96.32,96.25,423266,1379,96.28,33361,0,0,"",0
"2024-02-09","CRAU25","CRA","CRA","CRA",0,"2025-12-17",0,1,96.415,96.435,100,1,96.43,1990,96.455,-0.025,96.465,96.475,96.405,191728,363,96.435,20746,0,0,"",0
"2024-02-09","CRAZ25","CRA","CRA","CRA",0,"2026-03-18",0,1,96.51,96.55,50,3,96.55,348,96.565,-0.015,96.55,96.58,96.515,33544,126,96.545,12662,0,0,"",0
"2024-02-09","CRAH26","CRA","CRA","CRA",0,"2026-06-17",0,1,96.615,96.665,50,50,96.66,14,96.655,0.005,96.64,96.66,96.64,1350,6,96.635,9227,0,0,"",0
"2024-02-09","CRAM26","CRA","CRA","CRA",0,"2026-09-16",0,1,0,0,0,0,0,0,0,0,0,0,0,0,0,96.705,832,0,0,"",0
"2024-02-09","CRAU26","CRA","CRA","CRA",0,"2026-12-16",0,1,0,0,0,0,0,0,0,0,0,0,0,0,0,96.77,574,0,0,"",0
"2024-02-12","CRAZ23","CRA","CRA","CRA",0,"2024-03-20",0,1,94.93,94.9325,10,760,0,1505,0,0,94.93,94.9325,94.9275,0,67,94.93,112388,0,0,"",0
"2024-02-12","CRAH24","CRA","CRA","CRA",0,"2024-06-19",0,1,95,95.005,3,113,0,7309,0,-0.01,95.015,95.02,94.995,0,647,95.01,154378,0,0,"",0
"2024-02-12","CRAM24","CRA","CRA","CRA",0,"2024-09-18",0,1,95.175,95.18,10,186,0,9307,0,-0.03,95.21,95.225,95.17,0,1649,95.19,154381,0,0,"",0
"2024-02-12","CRAU24","CRA","CRA","CRA",0,"2024-12-18",0,1,95.46,95.465,15,18,0,5521,0,-0.035,95.495,95.515,95.455,0,1237,95.47,82788,0,0,"",0
"2024-02-12","CRAZ24","CRA","CRA","CRA",0,"2025-03-19",0,1,95.775,95.785,16,12,0,7809,0,-0.035,95.805,95.835,95.775,0,1810,95.785,87007,0,0,"",0
"2024-02-12","CRAH25","CRA","CRA","CRA",0,"2025-06-18",0,1,96.03,96.045,100,19,0,6232,0,-0.04,96.08,96.1,96.035,0,1193,96.05,56387,0,0,"",0
"2024-02-12","CRAM25","CRA","CRA","CRA",0,"2025-09-17",0,1,0,96.245,0,25,0,3716,0,-0.045,96.275,96.3,96.23,0,951,96.25,33543,0,0,"",0
"2024-02-12","CRAU25","CRA","CRA","CRA",0,"2025-12-17",0,1,0,96.465,0,2,0,1561,0,-0.05,96.43,96.455,96.38,0,501,96.405,20919,0,0,"",0
"2024-02-12","CRAZ25","CRA","CRA","CRA",0,"2026-03-18",0,1,96.465,96.515,50,50,0,698,0,-0.065,96.545,96.565,96.48,0,244,96.515,12552,0,0,"",0
"2024-02-12","CRAH26","CRA","CRA","CRA",0,"2026-06-17",0,1,96.54,96.61,50,50,0,59,0,-0.005,96.63,96.63,96.63,0,24,96.605,9227,0,0,"",0
"2024-02-12","CRAM26","CRA","CRA","CRA",0,"2026-09-16",0,1,0,0,0,0,0,25,0,0,0,0,0,0,1,96.675,832,0,0,"",0
"2024-02-12","CRAU26","CRA","CRA","CRA",0,"2026-12-16",0,1,0,0,0,0,0,25,0,0,0,0,0,0,1,96.74,574,0,0,"",0
"2024-02-13","CRAZ23","CRA","CRA","CRA",0,"2024-03-20",0,1,94.93,94.9325,163,1262,0,2093,0,0.0025,94.93,94.935,94.9275,0,65,94.93,113271,0,0,"",0
"2024-02-13","CRAH24","CRA","CRA","CRA",0,"2024-06-19",0,1,94.98,94.985,792,278,0,15413,0,-0.025,94.99,95.005,94.97,0,1257,94.985,153027,0,0,"",0
"2024-02-13","CRAM24","CRA","CRA","CRA",0,"2024-09-18",0,1,95.1,95.105,137,178,0,18408,0,-0.085,95.175,95.185,95.095,0,2324,95.1,153603,0,0,"",0
"2024-02-13","CRAU24","CRA","CRA","CRA",0,"2024-12-18",0,1,95.32,95.325,11,25,0,17898,0,-0.135,95.46,95.485,95.32,0,2750,95.32,83018,0,0,"",0
"2024-02-13","CRAZ24","CRA","CRA","CRA",0,"2025-03-19",0,1,95.6,95.605,115,18,0,20430,0,-0.175,95.775,95.805,95.6,0,3156,95.605,88157,0,0,"",0
"2024-02-13","CRAH25","CRA","CRA","CRA",0,"2025-06-18",0,1,95.835,95.85,100,1,0,17739,0,-0.205,96.04,96.065,95.84,0,3337,95.85,53824,0,0,"",0
"2024-02-13","CRAM25","CRA","CRA","CRA",0,"2025-09-17",0,1,96.02,96.045,100,102,0,10909,0,-0.215,96.235,96.255,96.035,0,2651,96.045,34020,0,0,"",0
"2024-02-13","CRAU25","CRA","CRA","CRA",0,"2025-12-17",0,1,96.18,96.205,25,40,0,6165,0,-0.215,96.385,96.395,96.19,0,1024,96.2,21152,0,0,"",0
"2024-02-13","CRAZ25","CRA","CRA","CRA",0,"2026-03-18",0,1,0,0,0,0,0,2384,0,-0.185,96.48,96.505,96.31,0,442,96.315,12514,0,0,"",0
"2024-02-13","CRAH26","CRA","CRA","CRA",0,"2026-06-17",0,1,0,0,0,0,0,320,0,-0.19,96.57,96.57,96.415,0,94,96.405,9227,0,0,"",0
"2024-02-13","CRAM26","CRA","CRA","CRA",0,"2026-09-16",0,1,0,0,0,0,0,103,0,-0.16,96.64,96.64,96.515,0,21,96.495,857,0,0,"",0
"2024-02-13","CRAU26","CRA","CRA","CRA",0,"2026-12-16",0,1,0,0,0,0,0,20,0,0,0,0,0,0,3,96.575,599,0,0,"",0
"2024-02-14","CRAZ23","CRA","CRA","CRA",0,"2024-03-20",0,1,94.9325,94.935,547,287,94.935,1680,94.93,0.005,94.9325,94.935,94.93,159453,57,94.93,114303,0,0,"",0
"2024-02-14","CRAH24","CRA","CRA","CRA",0,"2024-06-19",0,1,95.01,95.015,612,343,95.01,22637,94.985,0.025,94.985,95.015,94.985,2150349,1212,95.01,155174,0,0,"",0
"2024-02-14","CRAM24","CRA","CRA","CRA",0,"2024-09-18",0,1,95.17,95.175,217,98,95.175,16812,95.1,0.075,95.105,95.175,95.1,1598866,2839,95.175,156062,0,0,"",0
"2024-02-14","CRAU24","CRA","CRA","CRA",0,"2024-12-18",0,1,95.43,95.435,78,90,95.435,26024,95.32,0.115,95.33,95.435,95.325,2481105,3196,95.43,85858,0,0,"",0
"2024-02-14","CRAZ24","CRA","CRA","CRA",0,"2025-03-19",0,1,95.72,95.73,54,114,95.73,23622,95.605,0.125,95.63,95.745,95.63,2259016,3067,95.725,93791,0,0,"",0
"2024-02-14","CRAH25","CRA","CRA","CRA",0,"2025-06-18",0,1,95.965,95.975,9,136,95.97,15629,95.85,0.12,95.875,96,95.875,1497612,2609,95.965,57897,0,0,"",0
"2024-02-14","CRAM25","CRA","CRA","CRA",0,"2025-09-17",0,1,96.145,96.165,100,30,96.16,6733,96.045,0.115,96.07,96.19,96.07,646763,1585,96.155,34626,0,0,"",0
"2024-02-14","CRAU25","CRA","CRA","CRA",0,"2025-12-17",0,1,96.305,96.33,6,100,96.315,3824,96.2,0.115,96.235,96.34,96.23,367771,950,96.31,20366,0,0,"",0
"2024-02-14","CRAZ25","CRA","CRA","CRA",0,"2026-03-18",0,1,96.395,96.445,50,50,96.44,668,96.315,0.125,96.365,96.465,96.35,64303,210,96.43,12755,0,0,"",0
"2024-02-14","CRAH26","CRA","CRA","CRA",0,"2026-06-17",0,1,0,0,0,0,96.525,221,96.405,0.12,96.48,96.535,96.46,21291,69,96.525,9404,0,0,"",0
"2024-02-14","CRAM26","CRA","CRA","CRA",0,"2026-09-16",0,1,0,0,0,0,0,20,0,0,0,0,0,1930,4,96.61,816,0,0,"",0
"2024-02-14","CRAU26","CRA","CRA","CRA",0,"2026-12-16",0,1,0,0,0,0,0,4,0,0,0,0,0,386,1,96.685,588,0,0,"",0
"2024-02-15","CRAZ23","CRA","CRA","CRA",0,"2024-03-20",0,1,94.9325,94.935,655,61,94.9325,324,94.93,0.0025,94.935,94.9375,94.9325,30743,21,94.9325,114335,0,0,"",0
"2024-02-15","CRAH24","CRA","CRA","CRA",0,"2024-06-19",0,1,95.01,95.015,207,48,95.015,8326,95.01,0.005,95.02,95.03,95.005,790995,905,95.015,160079,0,0,"",0
"2024-02-15","CRAM24","CRA","CRA","CRA",0,"2024-09-18",0,1,95.18,95.19,49,100,95.19,9644,95.175,0.015,95.175,95.215,95.165,917142,2708,95.185,154293,0,0,"",0
"2024-02-15","CRAU24","CRA","CRA","CRA",0,"2024-12-18",0,1,95.435,95.44,6,105,95.44,14150,95.43,0.01,95.435,95.495,95.41,1349252,2631,95.45,87072,0,0,"",0
"2024-02-15","CRAZ24","CRA","CRA","CRA",0,"2025-03-19",0,1,95.725,95.73,6,10,95.73,12676,95.725,0.005,95.725,95.805,95.705,1212130,2640,95.745,97342,0,0,"",0
"2024-02-15","CRAH25","CRA","CRA","CRA",0,"2025-06-18",0,1,95.97,95.985,2,102,95.975,13023,95.965,0.01,95.97,96.045,95.945,1248693,2647,95.99,53727,0,0,"",0
"2024-02-15","CRAM25","CRA","CRA","CRA",0,"2025-09-17",0,1,96.16,96.175,9,100,96.165,7036,96.155,0.01,96.17,96.24,96.14,676000,2373,96.185,34703,0,0,"",0
"2024-02-15","CRAU25","CRA","CRA","CRA",0,"2025-12-17",0,1,96.3,96.345,100,100,96.325,3158,96.31,0.015,96.32,96.395,96.3,303838,986,96.34,21353,0,0,"",0
"2024-02-15","CRAZ25","CRA","CRA","CRA",0,"2026-03-18",0,1,96.42,96.48,50,50,96.435,1257,96.43,0.005,96.45,96.52,96.43,121049,391,96.46,12697,0,0,"",0
"2024-02-15","CRAH26","CRA","CRA","CRA",0,"2026-06-17",0,1,96.53,96.58,50,50,96.53,260,96.525,0.005,96.55,96.58,96.53,25077,62,96.555,9512,0,0,"",0
"2024-02-15","CRAM26","CRA","CRA","CRA",0,"2026-09-16",0,1,0,0,0,0,96.65,110,96.61,0.04,96.63,96.65,96.62,10614,30,96.64,814,0,0,"",0
"2024-02-15","CRAU26","CRA","CRA","CRA",0,"2026-12-16",0,1,0,96.73,0,25,96.685,200,96.685,0,96.68,96.725,96.68,19327,22,96.715,592,0,0,"",0
"2024-02-16","CRAZ23","CRA","CRA","CRA",0,"2024-03-20",0,1,94.93,94.9325,1401,6,94.93,1056,94.9325,-0.0025,94.9375,94.9375,94.93,100197,72,94.93,114133,0,0,"",0
"2024-02-16","CRAH24","CRA","CRA","CRA",0,"2024-06-19",0,1,95.005,95.01,93,138,95.005,9687,95.015,-0.01,95.01,95.02,94.985,920028,986,95.01,158683,0,0,"",0
"2024-02-16","CRAM24","CRA","CRA","CRA",0,"2024-09-18",0,1,95.14,95.145,40,210,95.145,12889,95.185,-0.04,95.16,95.175,95.105,1225584,2451,95.145,155175,0,0,"",0
"2024-02-16","CRAU24","CRA","CRA","CRA",0,"2024-12-18",0,1,95.375,95.38,130,62,95.38,12303,95.45,-0.07,95.41,95.415,95.315,1172481,2019,95.38,84918,0,0,"",0
"2024-02-16","CRAZ24","CRA","CRA","CRA",0,"2025-03-19",0,1,95.655,95.66,66,26,95.665,13415,95.745,-0.08,95.71,95.71,95.575,1281472,3031,95.66,94622,0,0,"",0
"2024-02-16","CRAH25","CRA","CRA","CRA",0,"2025-06-18",0,1,95.9,95.905,34,44,95.905,12726,95.99,-0.085,95.945,95.945,95.805,1218547,2462,95.9,51039,0,0,"",0
"2024-02-16","CRAM25","CRA","CRA","CRA",0,"2025-09-17",0,1,96.1,96.105,18,26,96.105,6683,96.185,-0.08,96.125,96.135,96,641715,1393,96.1,36188,0,0,"",0
"2024-02-16","CRAU25","CRA","CRA","CRA",0,"2025-12-17",0,1,96.255,96.265,14,7,96.265,3232,96.34,-0.075,96.275,96.285,96.16,310727,700,96.26,22291,0,0,"",0
"2024-02-16","CRAZ25","CRA","CRA","CRA",0,"2026-03-18",0,1,96.38,96.39,29,50,96.385,1054,96.46,-0.075,96.395,96.4,96.285,101390,385,96.385,12367,0,0,"",0
"2024-02-16","CRAH26","CRA","CRA","CRA",0,"2026-06-17",0,1,96.485,96.515,17,12,96.495,162,96.555,-0.06,96.485,96.515,96.455,15596,68,96.485,9591,0,0,"",0
"2024-02-16","CRAM26","CRA","CRA","CRA",0,"2026-09-16",0,1,96.57,96.615,50,1,96.59,128,96.64,-0.05,96.57,96.59,96.57,12347,22,96.575,828,0,0,"",0
"2024-02-16","CRAU26","CRA","CRA","CRA",0,"2026-12-16",0,1,96.61,96.725,50,1,96.68,93,96.715,-0.035,96.645,96.68,96.645,8972,17,96.655,722,0,0,"",0
"2024-02-20","CRAZ23","CRA","CRA","CRA",0,"2024-03-20",0,1,94.93,94.9325,1010,88,0,1168,0,0,94.9325,94.9375,94.93,0,151,94.93,113884,0,0,"",0
"2024-02-20","CRAH24","CRA","CRA","CRA",0,"2024-06-19",0,1,95.025,95.035,255,276,0,26928,0,0.02,95.01,95.125,94.985,0,2295,95.04,157623,0,0,"",0
"2024-02-20","CRAM24","CRA","CRA","CRA",0,"2024-09-18",0,1,95.225,95.23,72,93,0,28616,0,0.08,95.145,95.34,95.14,0,3814,95.24,156774,0,0,"",0
"2024-02-20","CRAU24","CRA","CRA","CRA",0,"2024-12-18",0,1,95.505,95.51,15,292,0,29938,0,0.12,95.38,95.555,95.38,0,4528,95.515,82784,0,0,"",0
"2024-02-20","CRAZ24","CRA","CRA","CRA",0,"2025-03-19",0,1,95.805,95.81,39,384,0,37131,0,0.15,95.66,95.86,95.66,0,5838,95.815,94641,0,0,"",0
"2024-02-20","CRAH25","CRA","CRA","CRA",0,"2025-06-18",0,1,96.05,96.055,11,10,0,16189,0,0.16,95.905,96.1,95.905,0,2982,96.06,49282,0,0,"",0
"2024-02-20","CRAM25","CRA","CRA","CRA",0,"2025-09-17",0,1,96.24,96.255,100,20,0,9708,0,0.155,96.155,96.29,96.105,0,2252,96.255,36218,0,0,"",0
"2024-02-20","CRAU25","CRA","CRA","CRA",0,"2025-12-17",0,1,96.4,96.42,11,100,0,5022,0,0.15,96.27,96.44,96.26,0,1479,96.41,22883,0,0,"",0
"2024-02-20","CRAZ25","CRA","CRA","CRA",0,"2026-03-18",0,1,96.52,96.55,25,50,0,2546,0,0.145,96.395,96.56,96.395,0,640,96.53,12361,0,0,"",0
"2024-02-20","CRAH26","CRA","CRA","CRA",0,"2026-06-17",0,1,96.615,96.655,4,50,0,697,0,0.13,96.51,96.635,96.5,0,139,96.625,9689,0,0,"",0
"2024-02-20","CRAM26","CRA","CRA","CRA",0,"2026-09-16",0,1,0,0,0,0,0,122,0,0.12,96.71,96.715,96.695,0,33,96.71,727,0,0,"",0
"2024-02-20","CRAU26","CRA","CRA","CRA",0,"2026-12-16",0,1,0,0,0,0,0,46,0,0.115,96.77,96.77,96.77,0,4,96.78,647,0,0,"",0
"2024-02-21","CRAZ23","CRA","CRA","CRA",0,"2024-03-20",0,1,94.9325,94.9375,1031,530,94.935,2495,94.93,0.005,94.93,94.9375,94.93,236800,96,94.935,113837,0,0,"",0
"2024-02-21","CRAH24","CRA","CRA","CRA",0,"2024-06-19",0,1,95.035,95.04,658,50,95.035,14385,95.04,-0.005,95.04,95.045,95.035,1366964,761,95.045,165120,0,0,"",0
"2024-02-21","CRAM24","CRA","CRA","CRA",0,"2024-09-18",0,1,95.235,95.24,48,12,95.24,12933,95.24,0,95.235,95.255,95.225,1230993,1591,95.24,160088,0,0,"",0
"2024-02-21","CRAU24","CRA","CRA","CRA",0,"2024-12-18",0,1,95.505,95.515,49,34,95.51,15520,95.515,-0.005,95.51,95.535,95.485,1481397,2080,95.505,86914,0,0,"",0
"2024-02-21","CRAZ24","CRA","CRA","CRA",0,"2025-03-19",0,1,95.795,95.805,38,59,95.795,16392,95.815,-0.02,95.82,95.845,95.775,1569019,2586,95.8,97247,0,0,"",0
"2024-02-21","CRAH25","CRA","CRA","CRA",0,"2025-06-18",0,1,96.035,96.045,16,6,96.03,10718,96.06,-0.03,96.06,96.095,96.005,1029122,2393,96.04,50398,0,0,"",0
"2024-02-21","CRAM25","CRA","CRA","CRA",0,"2025-09-17",0,1,96.22,96.23,10,21,96.225,9053,96.255,-0.03,96.26,96.29,96.19,870487,2042,96.225,36864,0,0,"",0
"2024-02-21","CRAU25","CRA","CRA","CRA",0,"2025-12-17",0,1,96.355,96.375,3,3,96.37,2255,96.41,-0.04,96.41,96.45,96.34,217024,712,96.375,22813,0,0,"",0
"2024-02-21","CRAZ25","CRA","CRA","CRA",0,"2026-03-18",0,1,96.47,96.49,1,23,96.47,913,96.53,-0.06,96.525,96.57,96.46,87909,394,96.49,12043,0,0,"",0
"2024-02-21","CRAH26","CRA","CRA","CRA",0,"2026-06-17",0,1,0,96.59,0,2,96.565,361,96.625,-0.06,96.63,96.66,96.565,34798,154,96.585,9601,0,0,"",0
"2024-02-21","CRAM26","CRA","CRA","CRA",0,"2026-09-16",0,1,0,0,0,0,96.655,70,96.71,-0.055,96.72,96.72,96.655,6761,10,96.67,780,0,0,"",0
"2024-02-21","CRAU26","CRA","CRA","CRA",0,"2026-12-16",0,1,0,0,0,0,96.77,46,96.78,-0.01,96.775,96.775,96.77,4447,7,96.725,689,0,0,"",0
"2024-02-22","CRAZ23","CRA","CRA","CRA",0,"2024-03-20",0,1,94.9325,94.935,969,668,94.9325,2749,94.935,-0.0025,94.9325,94.935,94.9325,260938,77,94.9325,114809,0,0,"",0
"2024-02-22","CRAH24","CRA","CRA","CRA",0,"2024-06-19",0,1,95.025,95.03,632,109,95.03,13166,95.045,-0.015,95.04,95.04,95.02,1250970,1021,95.035,165277,0,0,"",0
"2024-02-22","CRAM24","CRA","CRA","CRA",0,"2024-09-18",0,1,95.21,95.22,231,173,95.22,16063,95.24,-0.02,95.24,95.245,95.195,1528637,2309,95.22,156395,0,0,"",0
"2024-02-22","CRAU24","CRA","CRA","CRA",0,"2024-12-18",0,1,95.47,95.48,100,77,95.475,18597,95.505,-0.03,95.51,95.52,95.44,1774056,2876,95.475,86638,0,0,"",0
"2024-02-22","CRAZ24","CRA","CRA","CRA",0,"2025-03-19",0,1,95.755,95.76,13,13,95.75,19491,95.8,-0.05,95.8,95.805,95.725,1864783,3133,95.755,97148,0,0,"",0
"2024-02-22","CRAH25","CRA","CRA","CRA",0,"2025-06-18",0,1,95.98,95.99,2,3,95.985,10991,96.04,-0.055,96.035,96.05,95.95,1053908,2295,95.98,49429,0,0,"",0
"2024-02-22","CRAM25","CRA","CRA","CRA",0,"2025-09-17",0,1,96.145,96.175,25,10,96.155,11918,96.225,-0.07,96.22,96.23,96.13,1145364,2245,96.16,36243,0,0,"",0
"2024-02-22","CRAU25","CRA","CRA","CRA",0,"2025-12-17",0,1,0,0,0,0,96.305,3479,96.375,-0.07,96.37,96.375,96.275,334678,978,96.305,22954,0,0,"",0
"2024-02-22","CRAZ25","CRA","CRA","CRA",0,"2026-03-18",0,1,0,96.49,0,9,96.415,1724,96.49,-0.075,96.475,96.49,96.39,165921,631,96.425,12237,0,0,"",0
"2024-02-22","CRAH26","CRA","CRA","CRA",0,"2026-06-17",0,1,0,96.55,0,1,96.525,640,96.585,-0.06,96.585,96.585,96.49,61619,353,96.52,9851,0,0,"",0
"2024-02-22","CRAM26","CRA","CRA","CRA",0,"2026-09-16",0,1,96.615,0,2,0,96.615,576,96.67,-0.055,96.62,96.635,96.585,55543,234,96.615,715,0,0,"",0
"2024-02-22","CRAU26","CRA","CRA","CRA",0,"2026-12-16",0,1,0,0,0,0,96.695,186,96.725,-0.03,96.685,96.7,96.68,17922,94,96.695,646,0,0,"",0
"2024-02-23","CRAZ23","CRA","CRA","CRA",0,"2024-03-20",0,1,94.935,94.9375,1178,1035,0,1471,0,0.005,94.9325,94.9375,94.9325,0,91,94.935,114638,0,0,"",0
"2024-02-23","CRAH24","CRA","CRA","CRA",0,"2024-06-19",0,1,95.03,95.035,381,265,0,10535,0,0,95.03,95.035,95.02,0,821,95.035,162338,0,0,"",0
"2024-02-23","CRAM24","CRA","CRA","CRA",0,"2024-09-18",0,1,95.235,95.24,25,15,0,8762,0,0.02,95.21,95.245,95.205,0,1555,95.245,156671,0,0,"",0
"2024-02-23","CRAU24","CRA","CRA","CRA",0,"2024-12-18",0,1,95.5,95.505,1,10,0,9317,0,0.03,95.47,95.515,95.455,0,1548,95.51,85826,0,0,"",0
"2024-02-23","CRAZ24","CRA","CRA","CRA",0,"2025-03-19",0,1,95.795,95.8,80,2,0,12173,0,0.045,95.755,95.805,95.73,0,2012,95.795,98213,0,0,"",0
"2024-02-23","CRAH25","CRA","CRA","CRA",0,"2025-06-18",0,1,96.035,96.045,3,3,0,7536,0,0.06,95.975,96.045,95.96,0,1632,96.03,50275,0,0,"",0
"2024-02-23","CRAM25","CRA","CRA","CRA",0,"2025-09-17",0,1,0,96.23,0,4,0,6558,0,0.065,96.15,96.225,96.135,0,1447,96.21,35112,0,0,"",0
"2024-02-23","CRAU25","CRA","CRA","CRA",0,"2025-12-17",0,1,0,0,0,0,0,1898,0,0.065,96.295,96.375,96.28,0,581,96.365,22669,0,0,"",0
"2024-02-23","CRAZ25","CRA","CRA","CRA",0,"2026-03-18",0,1,96.485,0,100,0,0,1480,0,0.065,96.415,96.495,96.41,0,430,96.49,12694,0,0,"",0
"2024-02-23","CRAH26","CRA","CRA","CRA",0,"2026-06-17",0,1,0,0,0,0,0,602,0,0.08,96.52,96.6,96.52,0,130,96.595,10162,0,0,"",0
"2024-02-23","CRAM26","CRA","CRA","CRA",0,"2026-09-16",0,1,96.68,0,2,0,0,521,0,0.045,96.61,96.66,96.61,0,119,96.69,884,0,0,"",0
"2024-02-23","CRAU26","CRA","CRA","CRA",0,"2026-12-16",0,1,0,0,0,0,0,200,0,0.03,96.695,96.725,96.69,0,23,96.77,679,0,0,"",0
"2024-02-26","CRAZ23","CRA","CRA","CRA",0,"2024-03-20",0,1,94.935,94.9375,473,2357,94.935,407,94.935,0,94.935,94.9375,94.935,38606,47,94.935,114303,0,0,"",0
"2024-02-26","CRAH24","CRA","CRA","CRA",0,"2024-06-19",0,1,95.025,95.03,418,744,95.03,11583,95.035,-0.005,95.03,95.035,95.02,1100522,914,95.025,164290,0,0,"",0
"2024-02-26","CRAM24","CRA","CRA","CRA",0,"2024-09-18",0,1,95.21,95.22,542,47,95.22,6979,95.245,-0.025,95.245,95.25,95.21,664033,1405,95.21,156578,0,0,"",0
"2024-02-26","CRAU24","CRA","CRA","CRA",0,"2024-12-18",0,1,95.465,95.475,38,58,95.47,8753,95.51,-0.04,95.505,95.515,95.455,834635,1941,95.46,85390,0,0,"",0
"2024-02-26","CRAZ24","CRA","CRA","CRA",0,"2025-03-19",0,1,95.76,95.765,6,16,95.76,5589,95.795,-0.035,95.8,95.815,95.74,534455,1354,95.74,97807,0,0,"",0
"2024-02-26","CRAH25","CRA","CRA","CRA",0,"2025-06-18",0,1,95.995,96.005,3,2,96,4977,96.03,-0.03,96.04,96.06,95.975,477361,1287,95.975,50892,0,0,"",0
"2024-02-26","CRAM25","CRA","CRA","CRA",0,"2025-09-17",0,1,0,0,0,0,96.185,4771,96.21,-0.025,96.24,96.25,96.16,458412,1389,96.165,35207,0,0,"",0
"2024-02-26","CRAU25","CRA","CRA","CRA",0,"2025-12-17",0,1,0,96.38,0,5,96.33,2695,96.365,-0.035,96.385,96.405,96.305,259285,809,96.315,22410,0,0,"",0
"2024-02-26","CRAZ25","CRA","CRA","CRA",0,"2026-03-18",0,1,0,0,0,0,96.46,1802,96.49,-0.03,96.53,96.53,96.435,173547,540,96.44,13204,0,0,"",0
"2024-02-26","CRAH26","CRA","CRA","CRA",0,"2026-06-17",0,1,0,0,0,0,96.57,811,96.595,-0.025,96.64,96.64,96.55,78226,191,96.545,10344,0,0,"",0
"2024-02-26","CRAM26","CRA","CRA","CRA",0,"2026-09-16",0,1,0,0,0,0,96.65,300,96.69,-0.04,96.69,96.69,96.65,28945,94,96.64,1045,0,0,"",0
"2024-02-26","CRAU26","CRA","CRA","CRA",0,"2026-12-16",0,1,0,0,0,0,96.77,3,96.77,0,96.77,96.77,96.77,290,1,96.72,711,0,0,"",0
"2024-02-27","CRAZ23","CRA","CRA","CRA",0,"2024-03-20",0,1,94.9325,94.9375,1497,2208,0,229,0,0,94.935,94.935,94.9325,0,63,94.935,114042,0,0,"",0
"2024-02-27","CRAH24","CRA","CRA","CRA",0,"2024-06-19",0,1,95.025,95.03,610,723,0,6640,0,0.005,95.025,95.035,95.025,0,745,95.025,168620,0,0,"",0
"2024-02-27","CRAM24","CRA","CRA","CRA",0,"2024-09-18",0,1,95.195,95.205,20,129,0,9784,0,-0.015,95.21,95.23,95.195,0,1624,95.21,157712,0,0,"",0
"2024-02-27","CRAU24","CRA","CRA","CRA",0,"2024-12-18",0,1,95.445,95.45,7,10,0,12489,0,-0.015,95.465,95.485,95.445,0,1692,95.455,84449,0,0,"",0
"2024-02-27","CRAZ24","CRA","CRA","CRA",0,"2025-03-19",0,1,95.72,95.73,215,75,0,7787,0,-0.015,95.755,95.775,95.725,0,1448,95.735,95875,0,0,"",0
"2024-02-27","CRAH25","CRA","CRA","CRA",0,"2025-06-18",0,1,95.955,95.965,25,8,0,3884,0,-0.005,95.985,96.02,95.965,0,1025,95.97,50399,0,0,"",0
"2024-02-27","CRAM25","CRA","CRA","CRA",0,"2025-09-17",0,1,0,96.155,0,2,0,2825,0,-0.01,96.175,96.21,96.155,0,926,96.16,34994,0,0,"",0
"2024-02-27","CRAU25","CRA","CRA","CRA",0,"2025-12-17",0,1,0,96.31,0,82,0,1167,0,-0.015,96.325,96.365,96.3,0,417,96.31,22821,0,0,"",0
"2024-02-27","CRAZ25","CRA","CRA","CRA",0,"2026-03-18",0,1,96.42,96.435,2,50,0,606,0,-0.01,96.49,96.49,96.43,0,181,96.435,13088,0,0,"",0
"2024-02-27","CRAH26","CRA","CRA","CRA",0,"2026-06-17",0,1,96.545,0,15,0,0,354,0,0,96.6,96.6,96.54,0,60,96.545,10521,0,0,"",0
"2024-02-27","CRAM26","CRA","CRA","CRA",0,"2026-09-16",0,1,0,0,0,0,0,4,0,0.01,96.655,96.655,96.65,0,4,96.64,1145,0,0,"",0
"2024-02-27","CRAU26","CRA","CRA","CRA",0,"2026-12-16",0,1,0,0,0,0,0,0,0,0,0,0,0,0,0,96.72,714,0,0,"",0
"2024-02-28","CRAZ23","CRA","CRA","CRA",0,"2024-03-20",0,1,94.9325,94.9375,3100,2265,94.9325,156,94.935,-0.0025,94.935,94.935,94.9325,14797,18,94.9325,113887,0,0,"",0
"2024-02-28","CRAH24","CRA","CRA","CRA",0,"2024-06-19",0,1,95.03,95.035,182,658,95.03,14186,95.025,0.005,95.025,95.035,95.02,1347855,933,95.035,168820,0,0,"",0
"2024-02-28","CRAM24","CRA","CRA","CRA",0,"2024-09-18",0,1,95.235,95.24,49,87,95.235,15471,95.21,0.025,95.2,95.24,95.2,1472287,2366,95.24,158375,0,0,"",0
"2024-02-28","CRAU24","CRA","CRA","CRA",0,"2024-12-18",0,1,95.49,95.495,15,20,95.495,15186,95.455,0.04,95.45,95.5,95.445,1448548,2378,95.5,84494,0,0,"",0
"2024-02-28","CRAZ24","CRA","CRA","CRA",0,"2025-03-19",0,1,95.775,95.78,13,10,95.78,13628,95.735,0.045,95.725,95.785,95.725,1303703,2165,95.78,95997,0,0,"",0
"2024-02-28","CRAH25","CRA","CRA","CRA",0,"2025-06-18",0,1,96.005,96.015,4,24,96.005,8974,95.97,0.035,95.965,96.015,95.96,860331,1686,96.005,49647,0,0,"",0
"2024-02-28","CRAM25","CRA","CRA","CRA",0,"2025-09-17",0,1,96.19,96.195,2,20,96.185,5958,96.16,0.025,96.16,96.195,96.15,572524,1445,96.19,35234,0,0,"",0
"2024-02-28","CRAU25","CRA","CRA","CRA",0,"2025-12-17",0,1,0,96.365,0,2,96.35,3693,96.31,0.04,96.31,96.35,96.305,355380,900,96.34,22789,0,0,"",0
"2024-02-28","CRAZ25","CRA","CRA","CRA",0,"2026-03-18",0,1,96.46,96.485,2,2,96.46,1603,96.435,0.025,96.45,96.475,96.45,154398,429,96.465,13116,0,0,"",0
"2024-02-28","CRAH26","CRA","CRA","CRA",0,"2026-06-17",0,1,0,0,0,0,96.58,328,96.545,0.035,96.58,96.585,96.565,31643,68,96.575,10541,0,0,"",0
"2024-02-28","CRAM26","CRA","CRA","CRA",0,"2026-09-16",0,1,0,96.685,0,100,96.68,211,96.64,0.04,96.68,96.69,96.67,20375,39,96.68,1145,0,0,"",0
"2024-02-28","CRAU26","CRA","CRA","CRA",0,"2026-12-16",0,1,0,0,0,0,0,45,0,0,0,0,0,4352,2,96.77,714,0,0,"",0
"2024-02-29","CRAZ23","CRA","CRA","CRA",0,"2024-03-20",0,1,94.935,94.9375,1682,2262,0,194,0,0.005,94.9375,94.9375,94.935,0,34,94.9375,113805,0,0,"",0
"2024-02-29","CRAH24","CRA","CRA","CRA",0,"2024-06-19",0,1,95.035,95.04,301,301,0,13644,0,0.005,95.03,95.04,95.025,0,1015,95.035,167222,0,0,"",0
"2024-02-29","CRAM24","CRA","CRA","CRA",0,"2024-09-18",0,1,95.255,95.26,32,69,0,14506,0,0.015,95.235,95.265,95.21,0,2354,95.255,160055,0,0,"",0
"2024-02-29","CRAU24","CRA","CRA","CRA",0,"2024-12-18",0,1,95.52,95.53,12,11,0,12038,0,0.02,95.49,95.535,95.45,0,2096,95.515,83808,0,0,"",0
"2024-02-29","CRAZ24","CRA","CRA","CRA",0,"2025-03-19",0,1,95.8,95.805,11,13,0,11230,0,0.03,95.775,95.815,95.725,0,2064,95.795,98453,0,0,"",0
"2024-02-29","CRAH25","CRA","CRA","CRA",0,"2025-06-18",0,1,0,96.045,0,2,0,7418,0,0.03,96.005,96.04,95.955,0,1558,96.02,51272,0,0,"",0
"2024-02-29","CRAM25","CRA","CRA","CRA",0,"2025-09-17",0,1,0,96.215,0,9,0,5238,0,0.02,96.185,96.225,96.13,0,1350,96.205,35504,0,0,"",0
"2024-02-29","CRAU25","CRA","CRA","CRA",0,"2025-12-17",0,1,0,96.365,0,9,0,2169,0,0.015,96.34,96.37,96.285,0,560,96.35,22692,0,0,"",0
"2024-02-29","CRAZ25","CRA","CRA","CRA",0,"2026-03-18",0,1,0,0,0,0,0,704,0,0.01,96.465,96.485,96.415,0,161,96.47,13420,0,0,"",0
"2024-02-29","CRAH26","CRA","CRA","CRA",0,"2026-06-17",0,1,0,0,0,0,0,256,0,0.01,96.545,96.6,96.54,0,33,96.58,10441,0,0,"",0
"2024-02-29","CRAM26","CRA","CRA","CRA",0,"2026-09-16",0,1,0,0,0,0,0,155,0,-0.025,96.685,96.705,96.655,0,17,96.68,1145,0,0,"",0
"2024-02-29","CRAU26","CRA","CRA","CRA",0,"2026-12-16",0,1,0,0,0,0,0,1,0,0.025,96.795,96.795,96.795,0,1,96.77,669,0,0,"",0
"2024-03-01","CRAZ23","CRA","CRA","CRA",0,"2024-03-20",0,1,94.9375,94.94,2054,1134,94.94,2326,94.9375,0.0025,94.9375,94.94,94.9375,220708,151,94.9375,113722,0,0,"",0
"2024-03-01","CRAH24","CRA","CRA","CRA",0,"2024-06-19",0,1,95.045,95.055,644,250,95.055,13293,95.035,0.02,95.035,95.055,95.03,1263145,1051,95.05,167537,0,0,"",0
"2024-03-01","CRAM24","CRA","CRA","CRA",0,"2024-09-18",0,1,95.295,95.3,16,3,95.295,17128,95.255,0.04,95.255,95.315,95.24,1630759,2816,95.305,157924,0,0,"",0
"2024-03-01","CRAU24","CRA","CRA","CRA",0,"2024-12-18",0,1,95.57,95.58,4,15,95.575,14899,95.515,0.06,95.52,95.605,95.5,1422316,3093,95.59,83963,0,0,"",0
"2024-03-01","CRAZ24","CRA","CRA","CRA",0,"2025-03-19",0,1,95.87,95.875,134,11,95.875,16997,95.795,0.08,95.795,95.89,95.775,1627203,3125,95.88,99879,0,0,"",0
"2024-03-01","CRAH25","CRA","CRA","CRA",0,"2025-06-18",0,1,96.105,96.115,2,2,96.11,5816,96.02,0.09,96.025,96.12,96,558480,1494,96.11,51225,0,0,"",0
"2024-03-01","CRAM25","CRA","CRA","CRA",0,"2025-09-17",0,1,0,96.305,0,6,96.29,6895,96.205,0.085,96.205,96.305,96.18,662932,1881,96.295,36592,0,0,"",0
"2024-03-01","CRAU25","CRA","CRA","CRA",0,"2025-12-17",0,1,96.43,0,7,0,96.435,2207,96.35,0.085,96.35,96.445,96.325,212478,604,96.44,22385,0,0,"",0
"2024-03-01","CRAZ25","CRA","CRA","CRA",0,"2026-03-18",0,1,0,0,0,0,96.56,2205,96.47,0.09,96.47,96.56,96.445,212610,468,96.555,13637,0,0,"",0
"2024-03-01","CRAH26","CRA","CRA","CRA",0,"2026-06-17",0,1,0,0,0,0,96.645,1209,96.58,0.065,96.605,96.655,96.6,116770,120,96.655,10302,0,0,"",0
"2024-03-01","CRAM26","CRA","CRA","CRA",0,"2026-09-16",0,1,0,0,0,0,96.705,342,96.68,0.025,96.7,96.71,96.7,33065,27,96.75,1249,0,0,"",0
"2024-03-01","CRAU26","CRA","CRA","CRA",0,"2026-12-16",0,1,0,0,0,0,0,25,0,0,0,0,0,2417,1,96.83,669,0,0,"",0
"2024-03-04","CRAZ23","CRA","CRA","CRA",0,"2024-03-20",0,1,94.9375,94.94,1505,1760,94.94,2573,94.9375,0.0025,94.9375,94.94,94.9375,243620,791,94.9375,112733,0,0,"",0
"2024-03-04","CRAH24","CRA","CRA","CRA",0,"2024-06-19",0,1,95.045,95.05,4,694,0,13010,0,-0.005,95.05,95.05,95.035,0,857,95.045,168061,0,0,"",0
"2024-03-04","CRAM24","CRA","CRA","CRA",0,"2024-09-18",0,1,95.275,95.285,70,64,0,14025,0,-0.03,95.29,95.3,95.27,0,2130,95.28,160867,0,0,"",0
"2024-03-04","CRAU24","CRA","CRA","CRA",0,"2024-12-18",0,1,95.54,95.55,55,76,0,14324,0,-0.04,95.57,95.58,95.53,0,1952,95.54,84911,0,0,"",0
"2024-03-04","CRAZ24","CRA","CRA","CRA",0,"2025-03-19",0,1,95.82,95.83,10,102,0,24169,0,-0.055,95.865,95.875,95.805,0,4063,95.82,98313,0,0,"",0
"2024-03-04","CRAH25","CRA","CRA","CRA",0,"2025-06-18",0,1,96.05,96.06,17,17,0,6054,0,-0.06,96.1,96.11,96.04,0,1107,96.05,51918,0,0,"",0
"2024-03-04","CRAM25","CRA","CRA","CRA",0,"2025-09-17",0,1,0,96.3,0,7,0,5300,0,-0.06,96.28,96.29,96.23,0,1086,96.235,36900,0,0,"",0
"2024-03-04","CRAU25","CRA","CRA","CRA",0,"2025-12-17",0,1,0,0,0,0,0,1729,0,-0.055,96.425,96.43,96.375,0,498,96.38,22691,0,0,"",0
"2024-03-04","CRAZ25","CRA","CRA","CRA",0,"2026-03-18",0,1,0,0,0,0,0,977,0,-0.04,96.54,96.55,96.495,0,252,96.495,13871,0,0,"",0
"2024-03-04","CRAH26","CRA","CRA","CRA",0,"2026-06-17",0,1,0,0,0,0,0,544,0,-0.05,96.645,96.645,96.605,0,75,96.6,10128,0,0,"",0
"2024-03-04","CRAM26","CRA","CRA","CRA",0,"2026-09-16",0,1,96.7,0,2,0,0,342,0,-0.04,96.705,96.71,96.705,0,42,96.695,1532,0,0,"",0
"2024-03-04","CRAU26","CRA","CRA","CRA",0,"2026-12-16",0,1,0,0,0,0,0,25,0,0,0,0,0,0,1,96.78,644,0,0,"",0
"2024-03-05","CRAZ23","CRA","CRA","CRA",0,"2024-03-20",0,1,94.9375,94.94,2145,1543,94.9375,1491,94.9375,0,94.9375,94.94,94.9375,141541,30,94.9375,112371,0,0,"",0
"2024-03-05","CRAH24","CRA","CRA","CRA",0,"2024-06-19",0,1,95.06,95.065,526,377,95.065,15517,95.045,0.02,95.04,95.065,95.04,1474764,931,95.06,171385,0,0,"",0
"2024-03-05","CRAM24","CRA","CRA","CRA",0,"2024-09-18",0,1,95.32,95.325,19,415,95.325,19334,95.28,0.045,95.285,95.325,95.285,1841133,3832,95.32,164249,0,0,"",0
"2024-03-05","CRAU24","CRA","CRA","CRA",0,"2024-12-18",0,1,95.61,95.615,115,45,95.61,13252,95.54,0.07,95.545,95.62,95.545,1265434,2505,95.605,85883,0,0,"",0
"2024-03-05","CRAZ24","CRA","CRA","CRA",0,"2025-03-19",0,1,95.91,95.915,28,127,95.915,21888,95.82,0.095,95.825,95.92,95.825,2096677,2951,95.9,100296,0,0,"",0
"2024-03-05","CRAH25","CRA","CRA","CRA",0,"2025-06-18",0,1,96.155,96.165,12,8,96.165,12401,96.05,0.115,96.055,96.175,96.055,1191218,2641,96.15,51356,0,0,"",0
"2024-03-05","CRAM25","CRA","CRA","CRA",0,"2025-09-17",0,1,96.355,0,30,0,96.36,9447,96.235,0.125,96.245,96.375,96.245,908735,2830,96.35,37600,0,0,"",0
"2024-03-05","CRAU25","CRA","CRA","CRA",0,"2025-12-17",0,1,96.49,0,30,0,96.51,2999,96.38,0.13,96.405,96.525,96.4,288916,749,96.5,23238,0,0,"",0
"2024-03-05","CRAZ25","CRA","CRA","CRA",0,"2026-03-18",0,1,96.605,0,32,0,96.64,1235,96.495,0.145,96.53,96.645,96.53,119093,410,96.625,13925,0,0,"",0
"2024-03-05","CRAH26","CRA","CRA","CRA",0,"2026-06-17",0,1,0,0,0,0,96.735,478,96.6,0.135,96.675,96.74,96.675,46169,105,96.73,10093,0,0,"",0
"2024-03-05","CRAM26","CRA","CRA","CRA",0,"2026-09-16",0,1,0,0,0,0,96.825,113,96.695,0.13,96.83,96.83,96.825,10933,11,96.825,1715,0,0,"",0
"2024-03-05","CRAU26","CRA","CRA","CRA",0,"2026-12-16",0,1,0,0,0,0,96.91,85,96.78,0.13,96.915,96.915,96.91,8233,7,96.91,619,0,0,"",0
"2024-03-06","CRAZ23","CRA","CRA","CRA",0,"2024-03-20",0,1,94.935,94.9375,14281,596,94.935,14735,94.9375,-0.0025,94.94,94.9425,94.935,1398809,223,94.9375,113781,0,0,"",0
"2024-03-06","CRAH24","CRA","CRA","CRA",0,"2024-06-19",0,1,95.025,95.03,865,1088,95.025,30805,95.06,-0.035,95.06,95.07,95.015,2927268,1710,95.03,172002,0,0,"",0
"2024-03-06","CRAM24","CRA","CRA","CRA",0,"2024-09-18",0,1,95.27,95.275,41,18,95.275,31602,95.32,-0.045,95.32,95.355,95.265,3009832,3878,95.275,166701,0,0,"",0
"2024-03-06","CRAU24","CRA","CRA","CRA",0,"2024-12-18",0,1,95.565,95.57,23,46,95.57,20142,95.605,-0.035,95.615,95.655,95.56,1923715,3593,95.57,87417,0,0,"",0
"2024-03-06","CRAZ24","CRA","CRA","CRA",0,"2025-03-19",0,1,95.88,95.885,5,50,95.885,27187,95.9,-0.015,95.91,95.96,95.87,2603609,5256,95.88,93248,0,0,"",0
"2024-03-06","CRAH25","CRA","CRA","CRA",0,"2025-06-18",0,1,96.145,96.155,6,3,96.15,16397,96.15,0,96.16,96.225,96.13,1575640,3467,96.15,51894,0,0,"",0
"2024-03-06","CRAM25","CRA","CRA","CRA",0,"2025-09-17",0,1,0,96.365,0,20,96.35,11876,96.35,0,96.35,96.43,96.345,1143321,2721,96.36,38989,0,0,"",0
"2024-03-06","CRAU25","CRA","CRA","CRA",0,"2025-12-17",0,1,0,96.51,0,18,96.51,4305,96.5,0.01,96.505,96.585,96.505,415076,1144,96.515,23774,0,0,"",0
"2024-03-06","CRAZ25","CRA","CRA","CRA",0,"2026-03-18",0,1,96.61,96.64,4,2,96.635,1609,96.625,0.01,96.64,96.705,96.63,155285,428,96.64,14160,0,0,"",0
"2024-03-06","CRAH26","CRA","CRA","CRA",0,"2026-06-17",0,1,0,0,0,0,96.75,1326,96.73,0.02,96.75,96.825,96.745,128182,218,96.75,9993,0,0,"",0
"2024-03-06","CRAM26","CRA","CRA","CRA",0,"2026-09-16",0,1,0,0,0,0,96.845,1010,96.825,0.02,96.865,96.9,96.845,97810,73,96.85,1759,0,0,"",0
"2024-03-06","CRAU26","CRA","CRA","CRA",0,"2026-12-16",0,1,0,0,0,0,96.985,168,96.91,0.075,96.945,96.99,96.945,16273,20,96.94,586,0,0,"",0
"2024-03-07","CRAZ23","CRA","CRA","CRA",0,"2024-03-20",0,1,94.935,94.9375,11985,2032,94.9375,234,94.9375,0,94.9375,94.9375,94.9375,22213,4,94.9375,121895,0,0,"",0
"2024-03-07","CRAH24","CRA","CRA","CRA",0,"2024-06-19",0,1,95.025,95.035,942,814,95.03,15135,95.03,0,95.025,95.03,95.02,1438018,878,95.03,174349,0,0,"",0
"2024-03-07","CRAM24","CRA","CRA","CRA",0,"2024-09-18",0,1,95.265,95.27,21,44,95.27,19911,95.275,-0.005,95.275,95.29,95.25,1895479,3659,95.265,167372,0,0,"",0
"2024-03-07","CRAU24","CRA","CRA","CRA",0,"2024-12-18",0,1,95.555,95.565,33,37,95.56,13622,95.57,-0.01,95.57,95.6,95.545,1300443,2513,95.56,88388,0,0,"",0
"2024-03-07","CRAZ24","CRA","CRA","CRA",0,"2025-03-19",0,1,95.87,95.88,31,17,95.87,15594,95.88,-0.01,95.885,95.925,95.85,1492898,3145,95.875,88766,0,0,"",0
"2024-03-07","CRAH25","CRA","CRA","CRA",0,"2025-06-18",0,1,96.14,96.145,66,14,96.14,9239,96.15,-0.01,96.15,96.2,96.125,887722,1984,96.145,54715,0,0,"",0
"2024-03-07","CRAM25","CRA","CRA","CRA",0,"2025-09-17",0,1,0,96.385,0,1,96.345,7761,96.36,-0.015,96.355,96.42,96.33,746919,2224,96.35,38963,0,0,"",0
"2024-03-07","CRAU25","CRA","CRA","CRA",0,"2025-12-17",0,1,96.5,96.505,51,4,96.5,2772,96.515,-0.015,96.51,96.585,96.495,267254,766,96.505,23072,0,0,"",0
"2024-03-07","CRAZ25","CRA","CRA","CRA",0,"2026-03-18",0,1,0,0,0,0,96.625,1178,96.64,-0.015,96.655,96.72,96.62,113666,380,96.63,14257,0,0,"",0
"2024-03-07","CRAH26","CRA","CRA","CRA",0,"2026-06-17",0,1,0,0,0,0,96.735,207,96.75,-0.015,96.765,96.825,96.735,19984,70,96.74,9040,0,0,"",0
"2024-03-07","CRAM26","CRA","CRA","CRA",0,"2026-09-16",0,1,0,0,0,0,96.905,220,96.85,0.055,96.905,96.905,96.905,21287,34,96.84,2670,0,0,"",0
"2024-03-07","CRAU26","CRA","CRA","CRA",0,"2026-12-16",0,1,0,0,0,0,96.995,75,96.94,0.055,96.995,96.995,96.995,7269,5,96.93,539,0,0,"",0
"2024-03-08","CRAZ23","CRA","CRA","CRA",0,"2024-03-20",0,1,94.935,94.9375,11549,2066,0,0,0,0,0,0,0,0,0,94.9375,121895,0,0,"",0
"2024-03-08","CRAH24","CRA","CRA","CRA",0,"2024-06-19",0,1,95.025,95.03,1096,312,0,22965,0,0,95.03,95.035,95.02,0,2345,95.025,168974,0,0,"",0
"2024-03-08","CRAM24","CRA","CRA","CRA",0,"2024-09-18",0,1,95.28,95.285,51,257,0,15270,0,0.015,95.265,95.295,95.255,0,2347,95.285,162410,0,0,"",0
"2024-03-08","CRAU24","CRA","CRA","CRA",0,"2024-12-18",0,1,95.59,95.595,4,2,0,16005,0,0.035,95.555,95.615,95.545,0,2387,95.595,89848,0,0,"",0
"2024-03-08","CRAZ24","CRA","CRA","CRA",0,"2025-03-19",0,1,95.92,95.925,4,3,0,19729,0,0.055,95.875,95.95,95.86,0,3273,95.925,84597,0,0,"",0
"2024-03-08","CRAH25","CRA","CRA","CRA",0,"2025-06-18",0,1,96.205,96.215,1,1,0,14261,0,0.065,96.145,96.23,96.13,0,2779,96.21,55804,0,0,"",0
"2024-03-08","CRAM25","CRA","CRA","CRA",0,"2025-09-17",0,1,0,96.445,0,20,0,13078,0,0.075,96.35,96.44,96.33,0,2799,96.425,41190,0,0,"",0
"2024-03-08","CRAU25","CRA","CRA","CRA",0,"2025-12-17",0,1,0,96.595,0,2,0,5923,0,0.075,96.5,96.6,96.495,0,1351,96.58,22672,0,0,"",0
"2024-03-08","CRAZ25","CRA","CRA","CRA",0,"2026-03-18",0,1,0,96.725,0,4,0,3832,0,0.065,96.655,96.725,96.65,0,753,96.7,14442,0,0,"",0
"2024-03-08","CRAH26","CRA","CRA","CRA",0,"2026-06-17",0,1,0,0,0,0,0,1386,0,0.075,96.76,96.815,96.76,0,371,96.805,9026,0,0,"",0
"2024-03-08","CRAM26","CRA","CRA","CRA",0,"2026-09-16",0,1,0,0,0,0,0,466,0,0.04,96.86,96.91,96.84,0,135,96.905,2687,0,0,"",0
"2024-03-08","CRAU26","CRA","CRA","CRA",0,"2026-12-16",0,1,0,0,0,0,0,54,0,0.035,96.995,96.995,96.925,0,27,96.99,590,0,0,"",0
"2024-03-11","CRAZ23","CRA","CRA","CRA",0,"2024-03-20",0,1,94.935,94.9375,6042,4345,0,121,0,0,94.9375,94.9375,94.935,0,7,94.935,121895,0,0,"",0
"2024-03-11","CRAH24","CRA","CRA","CRA",0,"2024-06-19",0,1,95.01,95.02,538,660,0,12228,0,-0.015,95.03,95.03,95.01,0,466,95.02,165050,0,0,"",0
"2024-03-11","CRAM24","CRA","CRA","CRA",0,"2024-09-18",0,1,95.26,95.265,10,136,0,9267,0,-0.025,95.285,95.295,95.26,0,1748,95.265,159438,0,0,"",0
"2024-03-11","CRAU24","CRA","CRA","CRA",0,"2024-12-18",0,1,95.57,95.575,42,37,0,6230,0,-0.025,95.6,95.61,95.56,0,1351,95.575,90446,0,0,"",0
"2024-03-11","CRAZ24","CRA","CRA","CRA",0,"2025-03-19",0,1,95.895,95.905,121,44,0,6949,0,-0.03,95.935,95.955,95.89,0,1588,95.9,80449,0,0,"",0
"2024-03-11","CRAH25","CRA","CRA","CRA",0,"2025-06-18",0,1,96.18,96.19,25,42,0,5951,0,-0.025,96.21,96.245,96.165,0,1604,96.185,52207,0,0,"",0
"2024-03-11","CRAM25","CRA","CRA","CRA",0,"2025-09-17",0,1,96.4,96.41,35,7,0,7229,0,-0.015,96.435,96.465,96.385,0,2153,96.405,44814,0,0,"",0
"2024-03-11","CRAU25","CRA","CRA","CRA",0,"2025-12-17",0,1,96.56,96.57,5,5,0,2036,0,-0.015,96.59,96.62,96.545,0,554,96.565,23327,0,0,"",0
"2024-03-11","CRAZ25","CRA","CRA","CRA",0,"2026-03-18",0,1,96.68,96.705,50,4,0,910,0,-0.005,96.725,96.74,96.67,0,273,96.69,15518,0,0,"",0
"2024-03-11","CRAH26","CRA","CRA","CRA",0,"2026-06-17",0,1,96.775,96.825,50,50,0,289,0,-0.015,96.825,96.845,96.775,0,131,96.795,9242,0,0,"",0
"2024-03-11","CRAM26","CRA","CRA","CRA",0,"2026-09-16",0,1,0,0,0,0,0,128,0,-0.015,96.93,96.935,96.88,0,22,96.89,2913,0,0,"",0
"2024-03-11","CRAU26","CRA","CRA","CRA",0,"2026-12-16",0,1,0,0,0,0,0,79,0,-0.025,96.995,96.995,96.95,0,17,96.965,615,0,0,"",0
"2024-03-12","CRAZ23","CRA","CRA","CRA",0,"2024-03-20",0,1,94.935,94.9375,5846,4806,94.935,5,94.935,0,94.935,94.935,94.935,474,1,94.935,121895,0,0,"",0
"2024-03-12","CRAH24","CRA","CRA","CRA",0,"2024-06-19",0,1,95.005,95.01,1523,1525,95.01,17581,95.02,-0.01,95.015,95.015,95,1670261,1117,95.01,167508,0,0,"",0
"2024-03-12","CRAM24","CRA","CRA","CRA",0,"2024-09-18",0,1,95.23,95.235,51,218,95.23,27477,95.265,-0.035,95.26,95.265,95.225,2615551,3443,95.23,161256,0,0,"",0
"2024-03-12","CRAU24","CRA","CRA","CRA",0,"2024-12-18",0,1,95.51,95.52,6,104,95.515,18233,95.575,-0.06,95.57,95.585,95.5,1740353,3419,95.51,90645,0,0,"",0
"2024-03-12","CRAZ24","CRA","CRA","CRA",0,"2025-03-19",0,1,95.825,95.83,41,1,95.83,18274,95.9,-0.07,95.9,95.925,95.8,1749066,3863,95.825,78364,0,0,"",0
"2024-03-12","CRAH25","CRA","CRA","CRA",0,"2025-06-18",0,1,96.11,96.115,8,12,96.115,12060,96.185,-0.07,96.185,96.21,96.07,1158367,2637,96.105,51204,0,0,"",0
"2024-03-12","CRAM25","CRA","CRA","CRA",0,"2025-09-17",0,1,96.33,96.335,54,7,96.335,15689,96.405,-0.07,96.405,96.425,96.285,1509978,3246,96.325,47119,0,0,"",0
"2024-03-12","CRAU25","CRA","CRA","CRA",0,"2025-12-17",0,1,0,96.59,0,125,96.505,4903,96.565,-0.06,96.565,96.58,96.455,472535,1295,96.495,22862,0,0,"",0
"2024-03-12","CRAZ25","CRA","CRA","CRA",0,"2026-03-18",0,1,0,96.655,0,1,96.635,2654,96.69,-0.055,96.68,96.7,96.585,256132,646,96.63,15406,0,0,"",0
"2024-03-12","CRAH26","CRA","CRA","CRA",0,"2026-06-17",0,1,0,0,0,0,96.735,1166,96.795,-0.06,96.805,96.805,96.71,112637,283,96.75,9127,0,0,"",0
"2024-03-12","CRAM26","CRA","CRA","CRA",0,"2026-09-16",0,1,0,0,0,0,96.84,228,96.89,-0.05,96.875,96.9,96.8,22039,52,96.85,2915,0,0,"",0
"2024-03-12","CRAU26","CRA","CRA","CRA",0,"2026-12-16",0,1,0,0,0,0,96.905,65,96.965,-0.06,96.985,96.985,96.905,6294,8,96.935,587,0,0,"",0
"2024-03-13","CRAZ23","CRA","CRA","CRA",0,"2024-03-20",0,1,94.935,94.9375,5354,5352,0,2,0,0,94.935,94.935,94.935,0,2,94.935,121895,0,0,"",0
"2024-03-13","CRAH24","CRA","CRA","CRA",0,"2024-06-19",0,1,95,95.005,3356,200,0,12508,0,-0.005,95.01,95.01,95,0,431,95.005,171385,0,0,"",0
"2024-03-13","CRAM24","CRA","CRA","CRA",0,"2024-09-18",0,1,95.215,95.22,1024,224,0,9060,0,-0.01,95.23,95.23,95.205,0,813,95.22,167210,0,0,"",0
"2024-03-13","CRAU24","CRA","CRA","CRA",0,"2024-12-18",0,1,95.485,95.49,140,58,0,10222,0,-0.025,95.51,95.51,95.475,0,1450,95.49,94783,0,0,"",0
"2024-03-13","CRAZ24","CRA","CRA","CRA",0,"2025-03-19",0,1,95.795,95.8,69,117,0,10836,0,-0.025,95.83,95.83,95.785,0,1804,95.8,81973,0,0,"",0
"2024-03-13","CRAH25","CRA","CRA","CRA",0,"2025-06-18",0,1,96.07,96.14,50,25,0,7510,0,-0.035,96.11,96.115,96.06,0,1856,96.075,52114,0,0,"",0
"2024-03-13","CRAM25","CRA","CRA","CRA",0,"2025-09-17",0,1,96.29,96.295,76,8,0,8711,0,-0.03,96.33,96.335,96.29,0,2040,96.295,47894,0,0,"",0
"2024-03-13","CRAU25","CRA","CRA","CRA",0,"2025-12-17",0,1,96.455,0,20,0,0,1505,0,-0.035,96.5,96.505,96.46,0,660,96.465,23478,0,0,"",0
"2024-03-13","CRAZ25","CRA","CRA","CRA",0,"2026-03-18",0,1,0,96.615,0,4,0,630,0,-0.05,96.64,96.64,96.58,0,243,96.6,13551,0,0,"",0
"2024-03-13","CRAH26","CRA","CRA","CRA",0,"2026-06-17",0,1,0,0,0,0,0,137,0,-0.04,96.715,96.725,96.7,0,32,96.715,9551,0,0,"",0
"2024-03-13","CRAM26","CRA","CRA","CRA",0,"2026-09-16",0,1,0,0,0,0,0,9,0,-0.03,96.825,96.825,96.82,0,3,96.815,2953,0,0,"",0
"2024-03-13","CRAU26","CRA","CRA","CRA",0,"2026-12-16",0,1,0,0,0,0,0,1,0,-0.015,96.92,96.92,96.92,0,1,96.9,562,0,0,"",0
"2024-03-14","CRAZ23","CRA","CRA","CRA",0,"2024-03-20",0,1,94.935,94.9375,4706,5781,0,7,0,0,94.935,94.935,94.935,0,6,94.935,121893,0,0,"",0
"2024-03-14","CRAH24","CRA","CRA","CRA",0,"2024-06-19",0,1,95,95.005,2311,304,0,11688,0,0,95,95.01,95,0,575,95.005,167969,0,0,"",0
"2024-03-14","CRAM24","CRA","CRA","CRA",0,"2024-09-18",0,1,95.19,95.195,52,235,0,21913,0,-0.03,95.215,95.22,95.18,0,2187,95.195,168608,0,0,"",0
"2024-03-14","CRAU24","CRA","CRA","CRA",0,"2024-12-18",0,1,95.435,95.445,116,40,0,19449,0,-0.045,95.485,95.49,95.425,0,2547,95.44,93667,0,0,"",0
"2024-03-14","CRAZ24","CRA","CRA","CRA",0,"2025-03-19",0,1,95.715,95.725,179,56,0,21309,0,-0.075,95.795,95.8,95.705,0,3377,95.72,84809,0,0,"",0
"2024-03-14","CRAH25","CRA","CRA","CRA",0,"2025-06-18",0,1,95.965,95.975,63,16,0,15267,0,-0.105,96.065,96.07,95.955,0,3327,95.975,52878,0,0,"",0
"2024-03-14","CRAM25","CRA","CRA","CRA",0,"2025-09-17",0,1,96.175,96.18,57,34,0,18719,0,-0.12,96.275,96.285,96.165,0,3465,96.18,52784,0,0,"",0
"2024-03-14","CRAU25","CRA","CRA","CRA",0,"2025-12-17",0,1,96.35,96.355,5,26,0,9392,0,-0.12,96.445,96.455,96.335,0,1614,96.35,22903,0,0,"",0
"2024-03-14","CRAZ25","CRA","CRA","CRA",0,"2026-03-18",0,1,96.48,96.505,1,50,0,4137,0,-0.125,96.575,96.585,96.47,0,910,96.48,13289,0,0,"",0
"2024-03-14","CRAH26","CRA","CRA","CRA",0,"2026-06-17",0,1,96.59,96.625,19,1,0,571,0,-0.115,96.68,96.68,96.59,0,96,96.595,9476,0,0,"",0
"2024-03-14","CRAM26","CRA","CRA","CRA",0,"2026-09-16",0,1,0,0,0,0,0,313,0,-0.115,96.735,96.735,96.695,0,51,96.695,2954,0,0,"",0
"2024-03-14","CRAU26","CRA","CRA","CRA",0,"2026-12-16",0,1,0,0,0,0,0,44,0,-0.11,96.79,96.79,96.79,0,6,96.78,562,0,0,"",0
"2024-03-15","CRAZ23","CRA","CRA","CRA",0,"2024-03-20",0,1,94.935,94.9375,1746,5080,0,0,0,0,0,0,0,0,0,94.935,121886,0,0,"",0
"2024-03-15","CRAH24","CRA","CRA","CRA",0,"2024-06-19",0,1,95,95.005,465,1698,0,15760,0,0,95.005,95.005,95,0,725,95.005,165265,0,0,"",0
"2024-03-15","CRAM24","CRA","CRA","CRA",0,"2024-09-18",0,1,95.175,95.18,8,50,0,28612,0,-0.02,95.195,95.205,95.175,0,3500,95.19,170100,0,0,"",0
"2024-03-15","CRAU24","CRA","CRA","CRA",0,"2024-12-18",0,1,95.415,95.42,50,123,0,19702,0,-0.025,95.45,95.45,95.405,0,2682,95.43,96301,0,0,"",0
"2024-03-15","CRAZ24","CRA","CRA","CRA",0,"2025-03-19",0,1,95.685,95.695,93,136,0,17436,0,-0.035,95.725,95.725,95.665,0,3004,95.7,87596,0,0,"",0
"2024-03-15","CRAH25","CRA","CRA","CRA",0,"2025-06-18",0,1,95.925,95.93,28,125,0,13905,0,-0.045,95.975,95.975,95.895,0,2988,95.935,55454,0,0,"",0
"2024-03-15","CRAM25","CRA","CRA","CRA",0,"2025-09-17",0,1,96.115,96.125,2,2,0,15860,0,-0.065,96.18,96.185,96.095,0,2896,96.13,49650,0,0,"",0
"2024-03-15","CRAU25","CRA","CRA","CRA",0,"2025-12-17",0,1,96.28,96.29,2,2,0,12143,0,-0.065,96.355,96.355,96.265,0,1822,96.29,26188,0,0,"",0
"2024-03-15","CRAZ25","CRA","CRA","CRA",0,"2026-03-18",0,1,96.405,96.44,49,50,0,3868,0,-0.055,96.46,96.485,96.405,0,766,96.42,14444,0,0,"",0
"2024-03-15","CRAH26","CRA","CRA","CRA",0,"2026-06-17",0,1,96.52,96.57,50,50,0,1276,0,-0.07,96.575,96.59,96.52,0,143,96.53,9635,0,0,"",0
"2024-03-15","CRAM26","CRA","CRA","CRA",0,"2026-09-16",0,1,96.63,0,2,0,0,416,0,-0.06,96.68,96.68,96.625,0,48,96.635,2823,0,0,"",0
"2024-03-15","CRAU26","CRA","CRA","CRA",0,"2026-12-16",0,1,0,0,0,0,0,73,0,-0.055,96.735,96.735,96.725,0,9,96.73,574,0,0,"",0
"2024-03-18","CRAZ23","CRA","CRA","CRA",0,"2024-03-20",0,1,94.935,94.9375,2570,9073,94.9375,3739,94.935,0.0025,94.935,94.9375,94.935,354950,22,94.935,121886,0,0,"",0
"2024-03-18","CRAH24","CRA","CRA","CRA",0,"2024-06-19",0,1,95,95.005,1669,2555,0,7069,0,-0.005,95,95.005,95,0,312,95.005,163101,0,0,"",0
"2024-03-18","CRAM24","CRA","CRA","CRA",0,"2024-09-18",0,1,95.165,95.17,75,67,0,30471,0,-0.02,95.17,95.185,95.16,0,2297,95.17,163926,0,0,"",0
"2024-03-18","CRAU24","CRA","CRA","CRA",0,"2024-12-18",0,1,95.4,95.405,97,207,0,19182,0,-0.03,95.42,95.42,95.39,0,2188,95.4,97471,0,0,"",0
"2024-03-18","CRAZ24","CRA","CRA","CRA",0,"2025-03-19",0,1,95.65,95.655,67,21,0,14237,0,-0.045,95.69,95.695,95.64,0,2236,95.65,90197,0,0,"",0
"2024-03-18","CRAH25","CRA","CRA","CRA",0,"2025-06-18",0,1,95.87,95.875,63,47,0,10431,0,-0.065,95.935,95.935,95.855,0,2083,95.865,56044,0,0,"",0
"2024-03-18","CRAM25","CRA","CRA","CRA",0,"2025-09-17",0,1,96.055,96.06,6,25,0,7051,0,-0.08,96.125,96.125,96.045,0,1775,96.045,51287,0,0,"",0
"2024-03-18","CRAU25","CRA","CRA","CRA",0,"2025-12-17",0,1,96.215,96.22,1,28,0,4483,0,-0.075,96.285,96.285,96.195,0,1335,96.205,32049,0,0,"",0
"2024-03-18","CRAZ25","CRA","CRA","CRA",0,"2026-03-18",0,1,96.335,96.36,4,3,0,2111,0,-0.07,96.415,96.415,96.33,0,579,96.34,15555,0,0,"",0
"2024-03-18","CRAH26","CRA","CRA","CRA",0,"2026-06-17",0,1,0,96.525,0,1,0,1202,0,-0.075,96.525,96.525,96.45,0,233,96.46,9274,0,0,"",0
"2024-03-18","CRAM26","CRA","CRA","CRA",0,"2026-09-16",0,1,0,0,0,0,0,367,0,-0.045,96.625,96.625,96.59,0,39,96.57,3060,0,0,"",0
"2024-03-18","CRAU26","CRA","CRA","CRA",0,"2026-12-16",0,1,0,0,0,0,0,234,0,-0.05,96.71,96.71,96.68,0,17,96.67,567,0,0,"",0
"2024-03-19","CRAZ23","CRA","CRA","CRA",0,"2024-03-20",0,1,0,0,0,0,0,40,0,0,94.935,94.935,94.935,0,3,94.935,123896,0,0,"",0
"2024-03-19","CRAH24","CRA","CRA","CRA",0,"2024-06-19",0,1,95.02,95.025,884,2112,0,30242,0,0.02,95.005,95.04,95,0,1362,95.02,161939,0,0,"",0
"2024-03-19","CRAM24","CRA","CRA","CRA",0,"2024-09-18",0,1,95.27,95.275,53,344,0,56670,0,0.105,95.17,95.285,95.17,0,5076,95.27,165199,0,0,"",0
"2024-03-19","CRAU24","CRA","CRA","CRA",0,"2024-12-18",0,1,95.545,95.555,55,118,0,43161,0,0.155,95.4,95.57,95.4,0,6050,95.55,99338,0,0,"",0
"2024-03-19","CRAZ24","CRA","CRA","CRA",0,"2025-03-19",0,1,95.81,95.82,51,31,0,40976,0,0.16,95.65,95.85,95.65,0,6206,95.815,90896,0,0,"",0
"2024-03-19","CRAH25","CRA","CRA","CRA",0,"2025-06-18",0,1,96.035,96.045,10,9,0,23654,0,0.175,95.875,96.08,95.87,0,4097,96.035,57457,0,0,"",0
"2024-03-19","CRAM25","CRA","CRA","CRA",0,"2025-09-17",0,1,96.205,96.215,5,8,0,15536,0,0.165,96.06,96.25,96.055,0,3848,96.215,52957,0,0,"",0
"2024-03-19","CRAU25","CRA","CRA","CRA",0,"2025-12-17",0,1,96.35,96.36,5,15,0,8027,0,0.15,96.23,96.39,96.205,0,2082,96.36,32062,0,0,"",0
"2024-03-19","CRAZ25","CRA","CRA","CRA",0,"2026-03-18",0,1,96.47,96.48,2,1,0,4896,0,0.135,96.355,96.505,96.34,0,1688,96.48,16025,0,0,"",0
"2024-03-19","CRAH26","CRA","CRA","CRA",0,"2026-06-17",0,1,96.545,96.62,100,75,0,1237,0,0.135,96.455,96.615,96.455,0,315,96.585,9548,0,0,"",0
"2024-03-19","CRAM26","CRA","CRA","CRA",0,"2026-09-16",0,1,0,0,0,0,0,470,0,0.105,96.595,96.705,96.57,0,73,96.685,3090,0,0,"",0
"2024-03-19","CRAU26","CRA","CRA","CRA",0,"2026-12-16",0,1,0,0,0,0,0,407,0,0.09,96.77,96.785,96.75,0,72,96.775,459,0,0,"",0
"2024-03-20","CRAZ23","CRA","CRA","CRA",0,"2024-03-20",0,1,0,0,0,0,0,0,0,0,0,0,0,0,0,94.9344,123896,0,0,"",0
"2024-03-20","CRAH24","CRA","CRA","CRA",0,"2024-06-19",0,1,95.015,95.02,540,815,0,13896,0,-0.0025,95.025,95.025,95.0125,0,568,95.015,163002,0,0,"",0
"2024-03-20","CRAM24","CRA","CRA","CRA",0,"2024-09-18",0,1,95.28,95.29,91,121,0,36316,0,0.015,95.275,95.29,95.25,0,2749,95.27,168803,0,0,"",0
"2024-03-20","CRAU24","CRA","CRA","CRA",0,"2024-12-18",0,1,95.575,95.58,10,30,0,27753,0,0.025,95.555,95.575,95.51,0,3129,95.56,109395,0,0,"",0
"2024-03-20","CRAZ24","CRA","CRA","CRA",0,"2025-03-19",0,1,95.845,95.855,14,30,0,27883,0,0.04,95.82,95.855,95.77,0,3925,95.84,100981,0,0,"",0
"2024-03-20","CRAH25","CRA","CRA","CRA",0,"2025-06-18",0,1,96.07,96.085,3,4,0,14836,0,0.04,96.045,96.085,95.995,0,2651,96.07,60383,0,0,"",0
"2024-03-20","CRAM25","CRA","CRA","CRA",0,"2025-09-17",0,1,96.255,0,4,0,0,13611,0,0.045,96.215,96.27,96.175,0,2720,96.25,53003,0,0,"",0
"2024-03-20","CRAU25","CRA","CRA","CRA",0,"2025-12-17",0,1,96.405,0,13,0,0,8702,0,0.045,96.355,96.415,96.32,0,1826,96.4,30329,0,0,"",0
"2024-03-20","CRAZ25","CRA","CRA","CRA",0,"2026-03-18",0,1,0,96.6,0,1,0,3755,0,0.055,96.485,96.535,96.445,0,924,96.52,16356,0,0,"",0
"2024-03-20","CRAH26","CRA","CRA","CRA",0,"2026-06-17",0,1,0,0,0,0,0,1648,0,0.045,96.63,96.64,96.55,0,283,96.625,9816,0,0,"",0
"2024-03-20","CRAM26","CRA","CRA","CRA",0,"2026-09-16",0,1,0,0,0,0,0,524,0,0,96.715,96.715,96.675,0,64,96.725,3152,0,0,"",0
"2024-03-20","CRAU26","CRA","CRA","CRA",0,"2026-12-16",0,1,0,0,0,0,0,68,0,0.05,96.775,96.825,96.775,0,16,96.815,730,0,0,"",0
"2024-03-21","CRAH24","CRA","CRA","CRA",0,"2024-06-19",0,1,95.0125,95.015,950,424,0,5766,0,-0.0025,95.015,95.02,95.0125,0,186,95.015,159526,0,0,"",0
"2024-03-21","CRAM24","CRA","CRA","CRA",0,"2024-09-18",0,1,95.265,95.27,590,145,0,15356,0,0,95.285,95.31,95.265,0,1436,95.265,165494,0,0,"",0
"2024-03-21","CRAU24","CRA","CRA","CRA",0,"2024-12-18",0,1,95.545,95.555,3,28,0,17465,0,-0.015,95.58,95.615,95.545,0,2471,95.55,104489,0,0,"",0
"2024-03-21","CRAZ24","CRA","CRA","CRA",0,"2025-03-19",0,1,95.815,95.82,126,50,0,20796,0,-0.025,95.85,95.9,95.815,0,2634,95.825,96446,0,0,"",0
"2024-03-21","CRAH25","CRA","CRA","CRA",0,"2025-06-18",0,1,96.04,96.045,3,66,0,8382,0,-0.025,96.075,96.14,96.035,0,1819,96.05,60020,0,0,"",0
"2024-03-21","CRAM25","CRA","CRA","CRA",0,"2025-09-17",0,1,96.215,96.225,5,66,0,8704,0,-0.025,96.26,96.33,96.22,0,1814,96.23,52656,0,0,"",0
"2024-03-21","CRAU25","CRA","CRA","CRA",0,"2025-12-17",0,1,0,96.38,0,25,0,6926,0,-0.03,96.41,96.485,96.365,0,1175,96.38,31812,0,0,"",0
"2024-03-21","CRAZ25","CRA","CRA","CRA",0,"2026-03-18",0,1,96.475,96.485,22,8,0,3869,0,-0.04,96.525,96.605,96.48,0,824,96.495,17359,0,0,"",0
"2024-03-21","CRAH26","CRA","CRA","CRA",0,"2026-06-17",0,1,0,0,0,0,0,968,0,-0.04,96.645,96.705,96.585,0,211,96.6,10290,0,0,"",0
"2024-03-21","CRAM26","CRA","CRA","CRA",0,"2026-09-16",0,1,96.685,96.72,1,6,0,630,0,-0.04,96.805,96.805,96.685,0,95,96.7,3542,0,0,"",0
"2024-03-21","CRAU26","CRA","CRA","CRA",0,"2026-12-16",0,1,96.75,96.81,1,1,0,210,0,-0.035,96.875,96.89,96.78,0,37,96.79,734,0,0,"",0
"2024-03-21","CRAZ26","CRA","CRA","CRA",0,"2027-03-17",0,1,96.7,97,1,1,0,50,0,0.025,96.875,96.875,96.875,0,1,96.825,0,0,0,"",0
"2024-03-22","CRAH24","CRA","CRA","CRA",0,"2024-06-19",0,1,95.015,95.0175,730,2575,0,8272,0,0.0025,95.015,95.02,95.015,0,254,95.015,159515,0,0,"",0
"2024-03-22","CRAM24","CRA","CRA","CRA",0,"2024-09-18",0,1,95.28,95.285,1503,162,0,15197,0,0.02,95.275,95.29,95.27,0,1877,95.285,162595,0,0,"",0
"2024-03-22","CRAU24","CRA","CRA","CRA",0,"2024-12-18",0,1,95.58,95.59,220,388,0,9250,0,0.035,95.57,95.595,95.56,0,1486,95.585,104186,0,0,"",0
"2024-03-22","CRAZ24","CRA","CRA","CRA",0,"2025-03-19",0,1,95.87,95.875,14,8,0,12983,0,0.045,95.835,95.875,95.83,0,1977,95.865,93371,0,0,"",0
"2024-03-22","CRAH25","CRA","CRA","CRA",0,"2025-06-18",0,1,96.095,96.175,25,4,0,5991,0,0.06,96.065,96.11,96.055,0,1459,96.1,61656,0,0,"",0
"2024-03-22","CRAM25","CRA","CRA","CRA",0,"2025-09-17",0,1,96.03,96.37,10,10,0,8651,0,0.065,96.245,96.3,96.245,0,2012,96.28,53219,0,0,"",0
"2024-03-22","CRAU25","CRA","CRA","CRA",0,"2025-12-17",0,1,96.435,96.44,3,3,0,3241,0,0.06,96.395,96.445,96.385,0,919,96.425,32681,0,0,"",0
"2024-03-22","CRAZ25","CRA","CRA","CRA",0,"2026-03-18",0,1,0,0,0,0,0,2031,0,0.07,96.51,96.565,96.51,0,528,96.545,17796,0,0,"",0
"2024-03-22","CRAH26","CRA","CRA","CRA",0,"2026-06-17",0,1,0,0,0,0,0,452,0,0.075,96.625,96.675,96.625,0,125,96.65,10001,0,0,"",0
"2024-03-22","CRAM26","CRA","CRA","CRA",0,"2026-09-16",0,1,0,0,0,0,0,191,0,0.05,96.73,96.755,96.73,0,75,96.745,3796,0,0,"",0
"2024-03-22","CRAU26","CRA","CRA","CRA",0,"2026-12-16",0,1,0,0,0,0,0,534,0,0.03,96.8,96.835,96.8,0,95,96.825,884,0,0,"",0
"2024-03-22","CRAZ26","CRA","CRA","CRA",0,"2027-03-17",0,1,96.7,97,1,1,0,170,0,0.06,96.865,96.885,96.86,0,19,96.87,50,0,0,"",0
"2024-03-25","CRAH24","CRA","CRA","CRA",0,"2024-06-19",0,1,95.0125,95.015,1829,1248,0,4453,0,-0.0025,95.015,95.015,95.01,0,85,95.0125,159983,0,0,"",0
"2024-03-25","CRAM24","CRA","CRA","CRA",0,"2024-09-18",0,1,95.26,95.265,164,123,0,8005,0,-0.02,95.285,95.285,95.26,0,792,95.265,161455,0,0,"",0
"2024-03-25","CRAU24","CRA","CRA","CRA",0,"2024-12-18",0,1,95.555,95.565,526,76,0,8279,0,-0.03,95.585,95.59,95.55,0,883,95.555,103827,0,0,"",0
"2024-03-25","CRAZ24","CRA","CRA","CRA",0,"2025-03-19",0,1,95.84,95.845,83,50,0,12675,0,-0.025,95.88,95.88,95.83,0,1942,95.84,93143,0,0,"",0
"2024-03-25","CRAH25","CRA","CRA","CRA",0,"2025-06-18",0,1,96.08,96.085,42,1,0,10101,0,-0.015,96.11,96.115,96.06,0,1315,96.075,61813,0,0,"",0
"2024-03-25","CRAM25","CRA","CRA","CRA",0,"2025-09-17",0,1,96.26,96.27,49,12,0,8103,0,-0.015,96.29,96.3,96.24,0,1879,96.26,56194,0,0,"",0
"2024-03-25","CRAU25","CRA","CRA","CRA",0,"2025-12-17",0,1,96.405,96.415,5,6,0,4978,0,-0.025,96.435,96.45,96.375,0,929,96.405,32193,0,0,"",0
"2024-03-25","CRAZ25","CRA","CRA","CRA",0,"2026-03-18",0,1,96.51,0,10,0,0,2351,0,-0.03,96.555,96.565,96.495,0,669,96.52,18402,0,0,"",0
"2024-03-25","CRAH26","CRA","CRA","CRA",0,"2026-06-17",0,1,0,0,0,0,0,785,0,-0.035,96.66,96.67,96.6,0,244,96.625,10127,0,0,"",0
"2024-03-25","CRAM26","CRA","CRA","CRA",0,"2026-09-16",0,1,96.685,0,2,0,0,783,0,-0.04,96.755,96.755,96.69,0,258,96.715,3882,0,0,"",0
"2024-03-25","CRAU26","CRA","CRA","CRA",0,"2026-12-16",0,1,0,0,0,0,0,278,0,-0.04,96.805,96.825,96.77,0,99,96.795,1144,0,0,"",0
"2024-03-25","CRAZ26","CRA","CRA","CRA",0,"2027-03-17",0,1,96.7,97,1,1,0,25,0,0,0,0,0,0,1,96.84,220,0,0,"",0
"2024-03-26","CRAH24","CRA","CRA","CRA",0,"2024-06-19",0,1,95.01,95.0125,144,677,0,8020,0,-0.0025,95.0125,95.0125,95.01,0,121,95.01,161155,0,0,"",0
"2024-03-26","CRAM24","CRA","CRA","CRA",0,"2024-09-18",0,1,95.245,95.25,98,464,0,17901,0,-0.02,95.265,95.265,95.235,0,1253,95.25,160200,0,0,"",0
"2024-03-26","CRAU24","CRA","CRA","CRA",0,"2024-12-18",0,1,95.515,95.52,159,50,0,16637,0,-0.035,95.55,95.56,95.51,0,1638,95.525,104037,0,0,"",0
"2024-03-26","CRAZ24","CRA","CRA","CRA",0,"2025-03-19",0,1,95.8,95.805,47,60,0,29896,0,-0.04,95.84,95.85,95.78,0,2835,95.805,93038,0,0,"",0
"2024-03-26","CRAH25","CRA","CRA","CRA",0,"2025-06-18",0,1,96.04,96.05,54,108,0,12729,0,-0.03,96.08,96.09,96.01,0,1867,96.04,60591,0,0,"",0
"2024-03-26","CRAM25","CRA","CRA","CRA",0,"2025-09-17",0,1,96.22,96.23,159,8,0,13491,0,-0.03,96.26,96.275,96.195,0,3852,96.225,55912,0,0,"",0
"2024-03-26","CRAU25","CRA","CRA","CRA",0,"2025-12-17",0,1,96.375,96.38,14,8,0,6146,0,-0.025,96.405,96.415,96.335,0,1288,96.375,32787,0,0,"",0
"2024-03-26","CRAZ25","CRA","CRA","CRA",0,"2026-03-18",0,1,96.49,96.5,2,5,0,3268,0,-0.03,96.52,96.525,96.45,0,1358,96.495,19647,0,0,"",0
"2024-03-26","CRAH26","CRA","CRA","CRA",0,"2026-06-17",0,1,96.58,96.625,9,50,0,529,0,-0.035,96.625,96.625,96.555,0,140,96.595,10160,0,0,"",0
"2024-03-26","CRAM26","CRA","CRA","CRA",0,"2026-09-16",0,1,96.665,96.715,50,50,0,547,0,-0.03,96.715,96.715,96.645,0,133,96.685,4263,0,0,"",0
"2024-03-26","CRAU26","CRA","CRA","CRA",0,"2026-12-16",0,1,0,0,0,0,0,319,0,-0.035,96.765,96.765,96.72,0,51,96.765,1289,0,0,"",0
"2024-03-26","CRAZ26","CRA","CRA","CRA",0,"2027-03-17",0,1,96.7,97,1,1,0,105,0,0,0,0,0,0,5,96.815,245,0,0,"",0
"2024-03-27","CRAH24","CRA","CRA","CRA",0,"2024-06-19",0,1,95.0075,95.01,1901,2367,0,4871,0,0,95.0075,95.01,95.0075,0,110,95.0075,161709,0,0,"",0
"2024-03-27","CRAM24","CRA","CRA","CRA",0,"2024-09-18",0,1,95.25,95.255,714,145,0,13099,0,0.005,95.245,95.26,95.235,0,1235,95.25,162720,0,0,"",0
"2024-03-27","CRAU24","CRA","CRA","CRA",0,"2024-12-18",0,1,95.53,95.535,123,24,0,10903,0,0.01,95.52,95.54,95.51,0,1265,95.53,108061,0,0,"",0
"2024-03-27","CRAZ24","CRA","CRA","CRA",0,"2025-03-19",0,1,95.82,95.825,19,49,0,15427,0,0.015,95.8,95.835,95.79,0,1538,95.815,98953,0,0,"",0
"2024-03-27","CRAH25","CRA","CRA","CRA",0,"2025-06-18",0,1,96.07,96.075,115,25,0,10743,0,0.035,96.04,96.08,96.035,0,1710,96.06,62254,0,0,"",0
"2024-03-27","CRAM25","CRA","CRA","CRA",0,"2025-09-17",0,1,96.26,96.27,104,24,0,6285,0,0.045,96.23,96.27,96.225,0,1153,96.25,56824,0,0,"",0
"2024-03-27","CRAU25","CRA","CRA","CRA",0,"2025-12-17",0,1,96.415,96.42,36,1,0,5921,0,0.05,96.38,96.425,96.375,0,1165,96.4,33032,0,0,"",0
"2024-03-27","CRAZ25","CRA","CRA","CRA",0,"2026-03-18",0,1,96.525,96.555,40,100,0,1751,0,0.05,96.505,96.545,96.495,0,548,96.525,19910,0,0,"",0
"2024-03-27","CRAH26","CRA","CRA","CRA",0,"2026-06-17",0,1,96.62,96.66,50,21,0,360,0,0.055,96.605,96.65,96.605,0,77,96.63,9960,0,0,"",0
"2024-03-27","CRAM26","CRA","CRA","CRA",0,"2026-09-16",0,1,96.71,96.76,50,50,0,310,0,0.045,96.7,96.735,96.7,0,59,96.72,4640,0,0,"",0
"2024-03-27","CRAU26","CRA","CRA","CRA",0,"2026-12-16",0,1,0,96.835,0,21,0,163,0,0.045,96.79,96.81,96.79,0,41,96.8,1493,0,0,"",0
"2024-03-27","CRAZ26","CRA","CRA","CRA",0,"2027-03-17",0,1,96.835,97,15,1,0,75,0,0,0,0,0,0,3,96.855,350,0,0,"",0
"2024-03-28","CRAH24","CRA","CRA","CRA",0,"2024-06-19",0,1,94.99,94.9925,1525,338,0,12125,0,-0.015,95.0075,95.0075,94.99,0,350,94.9925,161906,0,0,"",0
"2024-03-28","CRAM24","CRA","CRA","CRA",0,"2024-09-18",0,1,95.215,95.22,125,131,0,26901,0,-0.03,95.25,95.25,95.21,0,1766,95.22,162960,0,0,"",0
"2024-03-28","CRAU24","CRA","CRA","CRA",0,"2024-12-18",0,1,95.475,95.48,528,276,0,22041,0,-0.055,95.52,95.52,95.475,0,2178,95.485,107441,0,0,"",0
"2024-03-28","CRAZ24","CRA","CRA","CRA",0,"2025-03-19",0,1,95.76,95.765,51,54,0,18297,0,-0.055,95.805,95.805,95.755,0,2541,95.77,96248,0,0,"",0
"2024-03-28","CRAH25","CRA","CRA","CRA",0,"2025-06-18",0,1,96.005,96.015,43,36,0,12244,0,-0.055,96.05,96.05,96,0,2299,96.02,64604,0,0,"",0
"2024-03-28","CRAM25","CRA","CRA","CRA",0,"2025-09-17",0,1,96.2,96.205,33,24,0,7514,0,-0.05,96.245,96.245,96.195,0,1532,96.215,56891,0,0,"",0
"2024-03-28","CRAU25","CRA","CRA","CRA",0,"2025-12-17",0,1,96.36,96.365,20,20,0,5544,0,-0.045,96.4,96.4,96.35,0,1150,96.375,32994,0,0,"",0
"2024-03-28","CRAZ25","CRA","CRA","CRA",0,"2026-03-18",0,1,96.48,96.49,5,9,0,3724,0,-0.045,96.52,96.52,96.475,0,595,96.5,19912,0,0,"",0
"2024-03-28","CRAH26","CRA","CRA","CRA",0,"2026-06-17",0,1,96.585,96.6,7,15,0,2756,0,-0.035,96.605,96.615,96.575,0,165,96.605,9979,0,0,"",0
"2024-03-28","CRAM26","CRA","CRA","CRA",0,"2026-09-16",0,1,96.675,96.705,1,13,0,945,0,-0.03,96.69,96.7,96.67,0,38,96.695,4645,0,0,"",0
"2024-03-28","CRAU26","CRA","CRA","CRA",0,"2026-12-16",0,1,96.745,96.785,1,7,0,194,0,-0.03,96.77,96.79,96.75,0,59,96.775,1439,0,0,"",0
"2024-03-28","CRAZ26","CRA","CRA","CRA",0,"2027-03-17",0,1,96.795,96.845,50,50,0,100,0,0,0,0,0,0,4,96.835,425,0,0,"",0
"2024-04-01","CRAH24","CRA","CRA","CRA",0,"2024-06-19",0,1,94.975,94.9775,503,659,94.9775,5025,94.9925,-0.015,94.99,94.99,94.975,477090,243,94.975,160324,0,0,"",0
"2024-04-01","CRAM24","CRA","CRA","CRA",0,"2024-09-18",0,1,95.165,95.17,75,223,95.165,27988,95.22,-0.055,95.215,95.215,95.15,2662925,1954,95.16,168128,0,0,"",0
"2024-04-01","CRAU24","CRA","CRA","CRA",0,"2024-12-18",0,1,95.41,95.42,86,197,95.415,30652,95.485,-0.07,95.475,95.48,95.395,2923453,3136,95.405,107830,0,0,"",0
"2024-04-01","CRAZ24","CRA","CRA","CRA",0,"2025-03-19",0,1,95.685,95.695,35,145,95.695,24183,95.77,-0.075,95.765,95.77,95.675,2313102,2764,95.685,95679,0,0,"",0
"2024-04-01","CRAH25","CRA","CRA","CRA",0,"2025-06-18",0,1,95.925,95.93,2,9,95.93,13675,96.02,-0.09,96.015,96.02,95.91,1310091,2596,95.92,67103,0,0,"",0
"2024-04-01","CRAM25","CRA","CRA","CRA",0,"2025-09-17",0,1,96.105,96.11,36,157,96.11,9752,96.215,-0.105,96.205,96.21,96.095,936894,2174,96.105,57269,0,0,"",0
"2024-04-01","CRAU25","CRA","CRA","CRA",0,"2025-12-17",0,1,96.255,96.26,3,3,96.26,5939,96.375,-0.115,96.365,96.365,96.245,571282,1248,96.255,34351,0,0,"",0
"2024-04-01","CRAZ25","CRA","CRA","CRA",0,"2026-03-18",0,1,96.375,96.385,13,1,96.38,2165,96.5,-0.12,96.485,96.49,96.365,208461,498,96.375,20862,0,0,"",0
"2024-04-01","CRAH26","CRA","CRA","CRA",0,"2026-06-17",0,1,0,0,0,0,96.485,665,96.605,-0.12,96.55,96.555,96.465,64026,231,96.475,9781,0,0,"",0
"2024-04-01","CRAM26","CRA","CRA","CRA",0,"2026-09-16",0,1,0,0,0,0,96.58,58,96.695,-0.115,96.66,96.66,96.58,5594,16,96.565,5499,0,0,"",0
"2024-04-01","CRAU26","CRA","CRA","CRA",0,"2026-12-16",0,1,0,0,0,0,96.66,55,96.775,-0.115,96.66,96.66,96.66,5316,4,96.645,1404,0,0,"",0
"2024-04-01","CRAZ26","CRA","CRA","CRA",0,"2027-03-17",0,1,96.7,97,1,1,0,50,0,0,0,0,0,4838,2,96.705,525,0,0,"",0
"2024-04-02","CRAH24","CRA","CRA","CRA",0,"2024-06-19",0,1,94.9775,94.98,567,212,0,7391,0,0.005,94.975,94.98,94.9725,0,343,94.975,161333,0,0,"",0
"2024-04-02","CRAM24","CRA","CRA","CRA",0,"2024-09-18",0,1,95.195,95.2,84,63,0,25016,0,0.04,95.165,95.2,95.15,0,1550,95.185,166619,0,0,"",0
"2024-04-02","CRAU24","CRA","CRA","CRA",0,"2024-12-18",0,1,95.46,95.465,44,160,0,23549,0,0.06,95.415,95.465,95.39,0,3635,95.45,112517,0,0,"",0
"2024-04-02","CRAZ24","CRA","CRA","CRA",0,"2025-03-19",0,1,95.73,95.74,78,29,0,18648,0,0.055,95.69,95.74,95.67,0,3356,95.72,103698,0,0,"",0
"2024-04-02","CRAH25","CRA","CRA","CRA",0,"2025-06-18",0,1,95.96,95.965,7,4,0,10441,0,0.045,95.93,95.965,95.895,0,2276,95.945,71753,0,0,"",0
"2024-04-02","CRAM25","CRA","CRA","CRA",0,"2025-09-17",0,1,96.13,96.135,41,33,0,7546,0,0.03,96.105,96.135,96.07,0,1560,96.115,60178,0,0,"",0
"2024-04-02","CRAU25","CRA","CRA","CRA",0,"2025-12-17",0,1,96.265,0,25,0,0,6440,0,0.02,96.255,96.275,96.205,0,1361,96.25,35374,0,0,"",0
"2024-04-02","CRAZ25","CRA","CRA","CRA",0,"2026-03-18",0,1,96.375,96.385,2,1,0,4097,0,0.01,96.375,96.39,96.32,0,975,96.365,21068,0,0,"",0
"2024-04-02","CRAH26","CRA","CRA","CRA",0,"2026-06-17",0,1,0,0,0,0,0,801,0,-0.005,96.465,96.475,96.42,0,145,96.465,9913,0,0,"",0
"2024-04-02","CRAM26","CRA","CRA","CRA",0,"2026-09-16",0,1,0,0,0,0,0,441,0,-0.015,96.555,96.555,96.53,0,69,96.555,5468,0,0,"",0
"2024-04-02","CRAU26","CRA","CRA","CRA",0,"2026-12-16",0,1,0,0,0,0,0,352,0,-0.015,96.63,96.635,96.595,0,55,96.635,1404,0,0,"",0
"2024-04-02","CRAZ26","CRA","CRA","CRA",0,"2027-03-17",0,1,0,97,0,1,0,153,0,-0.005,96.7,96.7,96.7,0,8,96.695,575,0,0,"",0
"2024-04-03","CRAH24","CRA","CRA","CRA",0,"2024-06-19",0,1,94.985,94.9875,931,384,94.9875,7444,94.975,0.0125,94.975,94.99,94.975,706942,150,94.985,161566,0,0,"",0
"2024-04-03","CRAM24","CRA","CRA","CRA",0,"2024-09-18",0,1,95.21,95.215,76,232,95.21,19130,95.185,0.025,95.195,95.22,95.175,1820438,1620,95.21,162543,0,0,"",0
"2024-04-03","CRAU24","CRA","CRA","CRA",0,"2024-12-18",0,1,95.48,95.485,96,66,95.48,18621,95.45,0.03,95.46,95.5,95.435,1776109,2760,95.485,113761,0,0,"",0
"2024-04-03","CRAZ24","CRA","CRA","CRA",0,"2025-03-19",0,1,95.745,95.755,10,106,95.75,18588,95.72,0.03,95.73,95.77,95.695,1777299,3562,95.755,107037,0,0,"",0
"2024-04-03","CRAH25","CRA","CRA","CRA",0,"2025-06-18",0,1,95.965,95.97,16,32,95.97,10095,95.945,0.025,95.955,95.995,95.91,966464,2530,95.975,71335,0,0,"",0
"2024-04-03","CRAM25","CRA","CRA","CRA",0,"2025-09-17",0,1,96.13,96.14,2,3,96.135,9221,96.115,0.02,96.13,96.16,96.075,885680,2305,96.145,60298,0,0,"",0
"2024-04-03","CRAU25","CRA","CRA","CRA",0,"2025-12-17",0,1,96.265,96.275,9,34,96.27,6504,96.25,0.02,96.26,96.295,96.205,625403,1561,96.28,36581,0,0,"",0
"2024-04-03","CRAZ25","CRA","CRA","CRA",0,"2026-03-18",0,1,96.375,96.385,2,2,96.39,2456,96.365,0.025,96.38,96.4,96.315,236304,852,96.385,22558,0,0,"",0
"2024-04-03","CRAH26","CRA","CRA","CRA",0,"2026-06-17",0,1,96.44,0,5,0,96.485,407,96.465,0.02,96.465,96.495,96.415,39165,155,96.48,9787,0,0,"",0
"2024-04-03","CRAM26","CRA","CRA","CRA",0,"2026-09-16",0,1,96.515,0,5,0,96.56,161,96.555,0.005,96.55,96.565,96.51,15529,25,96.57,5546,0,0,"",0
"2024-04-03","CRAU26","CRA","CRA","CRA",0,"2026-12-16",0,1,0,96.67,0,15,96.64,271,96.635,0.005,96.625,96.645,96.595,26172,22,96.65,1495,0,0,"",0
"2024-04-03","CRAZ26","CRA","CRA","CRA",0,"2027-03-17",0,1,96.635,96.735,18,16,96.705,147,96.695,0.01,96.705,96.705,96.705,14207,6,96.71,672,0,0,"",0
"2024-04-04","CRAH24","CRA","CRA","CRA",0,"2024-06-19",0,1,94.9925,94.995,597,17,0,12630,0,0.01,94.9875,94.995,94.985,0,222,94.99,163138,0,0,"",0
"2024-04-04","CRAM24","CRA","CRA","CRA",0,"2024-09-18",0,1,95.23,95.235,638,155,0,19603,0,0.025,95.205,95.235,95.19,0,1547,95.225,163100,0,0,"",0
"2024-04-04","CRAU24","CRA","CRA","CRA",0,"2024-12-18",0,1,95.515,95.52,28,200,0,24358,0,0.035,95.47,95.52,95.45,0,2858,95.515,116235,0,0,"",0
"2024-04-04","CRAZ24","CRA","CRA","CRA",0,"2025-03-19",0,1,95.775,95.785,1,21,0,23216,0,0.03,95.73,95.79,95.71,0,3413,95.79,109627,0,0,"",0
"2024-04-04","CRAH25","CRA","CRA","CRA",0,"2025-06-18",0,1,95.995,96.005,2,7,0,11899,0,0.02,95.945,96.01,95.93,0,2220,96.01,72171,0,0,"",0
"2024-04-04","CRAM25","CRA","CRA","CRA",0,"2025-09-17",0,1,96.155,96.215,10,9,0,8004,0,0.02,96.11,96.18,96.09,0,1958,96.18,62177,0,0,"",0
"2024-04-04","CRAU25","CRA","CRA","CRA",0,"2025-12-17",0,1,96.225,0,21,0,0,5140,0,0.02,96.245,96.315,96.23,0,1302,96.315,37707,0,0,"",0
"2024-04-04","CRAZ25","CRA","CRA","CRA",0,"2026-03-18",0,1,96.415,96.42,1,1,0,3641,0,0.025,96.36,96.425,96.34,0,1037,96.425,22458,0,0,"",0
"2024-04-04","CRAH26","CRA","CRA","CRA",0,"2026-06-17",0,1,0,96.525,0,31,0,1548,0,0.045,96.445,96.53,96.435,0,243,96.525,9714,0,0,"",0
"2024-04-04","CRAM26","CRA","CRA","CRA",0,"2026-09-16",0,1,96.555,0,3,0,0,709,0,0.05,96.535,96.62,96.525,0,210,96.615,5586,0,0,"",0
"2024-04-04","CRAU26","CRA","CRA","CRA",0,"2026-12-16",0,1,96.64,0,23,0,0,185,0,-0.005,96.62,96.645,96.62,0,18,96.695,1728,0,0,"",0
"2024-04-04","CRAZ26","CRA","CRA","CRA",0,"2027-03-17",0,1,96.655,0,25,0,0,86,0,0,0,0,0,0,5,96.755,775,0,0,"",0
"2024-04-05","CRAH24","CRA","CRA","CRA",0,"2024-06-19",0,1,95.0025,95.005,53,127,95.005,20943,94.99,0.015,94.995,95.02,94.9875,1989504,829,95.005,165166,0,0,"",0
"2024-04-05","CRAM24","CRA","CRA","CRA",0,"2024-09-18",0,1,95.24,95.245,294,169,95.24,36540,95.225,0.015,95.23,95.29,95.21,3479612,2670,95.25,162891,0,0,"",0
"2024-04-05","CRAU24","CRA","CRA","CRA",0,"2024-12-18",0,1,95.515,95.52,207,206,95.515,23175,95.515,0,95.52,95.59,95.475,2212315,4330,95.53,122680,0,0,"",0
"2024-04-05","CRAZ24","CRA","CRA","CRA",0,"2025-03-19",0,1,95.77,95.775,12,2,95.775,44588,95.79,-0.015,95.775,95.86,95.73,4268099,6999,95.785,114311,0,0,"",0
"2024-04-05","CRAH25","CRA","CRA","CRA",0,"2025-06-18",0,1,95.965,95.975,9,8,95.975,21609,96.01,-0.035,96,96.075,95.95,2073375,3849,95.985,72883,0,0,"",0
"2024-04-05","CRAM25","CRA","CRA","CRA",0,"2025-09-17",0,1,96.12,96.13,3,1,96.135,14005,96.18,-0.045,96.16,96.23,96.11,1345906,3014,96.145,62532,0,0,"",0
"2024-04-05","CRAU25","CRA","CRA","CRA",0,"2025-12-17",0,1,0,96.26,0,48,96.26,11288,96.315,-0.055,96.285,96.36,96.23,1086123,2244,96.275,38096,0,0,"",0
"2024-04-05","CRAZ25","CRA","CRA","CRA",0,"2026-03-18",0,1,96.37,96.38,31,1,96.38,5813,96.425,-0.045,96.415,96.465,96.345,559953,1112,96.39,23692,0,0,"",0
"2024-04-05","CRAH26","CRA","CRA","CRA",0,"2026-06-17",0,1,0,96.49,0,5,96.47,2165,96.525,-0.055,96.515,96.56,96.47,208801,347,96.49,9407,0,0,"",0
"2024-04-05","CRAM26","CRA","CRA","CRA",0,"2026-09-16",0,1,0,0,0,0,96.565,331,96.615,-0.05,96.59,96.635,96.565,31915,121,96.58,6082,0,0,"",0
"2024-04-05","CRAU26","CRA","CRA","CRA",0,"2026-12-16",0,1,0,0,0,0,96.695,147,96.695,0,96.675,96.71,96.655,14192,31,96.66,1865,0,0,"",0
"2024-04-05","CRAZ26","CRA","CRA","CRA",0,"2027-03-17",0,1,0,0,0,0,0,50,0,0,0,0,0,4833,2,96.715,861,0,0,"",0
"2024-04-08","CRAH24","CRA","CRA","CRA",0,"2024-06-19",0,1,95.0125,95.015,10,484,95.0125,5218,95.005,0.0075,95.01,95.015,95.0075,495730,249,95.0125,162202,0,0,"",0
"2024-04-08","CRAM24","CRA","CRA","CRA",0,"2024-09-18",0,1,95.245,95.25,492,160,95.245,14948,95.25,-0.005,95.245,95.265,95.23,1423274,1631,95.25,164086,0,0,"",0
"2024-04-08","CRAU24","CRA","CRA","CRA",0,"2024-12-18",0,1,95.505,95.51,48,21,95.505,11327,95.53,-0.025,95.505,95.54,95.495,1080939,2453,95.515,125174,0,0,"",0
"2024-04-08","CRAZ24","CRA","CRA","CRA",0,"2025-03-19",0,1,95.74,95.75,58,39,95.75,18357,95.785,-0.035,95.76,95.795,95.74,1756194,2951,95.755,132538,0,0,"",0
"2024-04-08","CRAH25","CRA","CRA","CRA",0,"2025-06-18",0,1,95.94,95.95,25,15,95.94,10621,95.985,-0.045,95.945,95.99,95.935,1017296,2159,95.945,76782,0,0,"",0
"2024-04-08","CRAM25","CRA","CRA","CRA",0,"2025-09-17",0,1,96.1,96.105,25,52,96.095,10851,96.145,-0.05,96.1,96.14,96.09,1042274,1989,96.095,66067,0,0,"",0
"2024-04-08","CRAU25","CRA","CRA","CRA",0,"2025-12-17",0,1,96.225,96.23,17,10,96.23,6063,96.275,-0.045,96.225,96.265,96.21,582919,1419,96.225,39196,0,0,"",0
"2024-04-08","CRAZ25","CRA","CRA","CRA",0,"2026-03-18",0,1,96.325,0,15,0,96.335,2534,96.39,-0.055,96.345,96.37,96.32,243761,850,96.335,25352,0,0,"",0
"2024-04-08","CRAH26","CRA","CRA","CRA",0,"2026-06-17",0,1,96.425,0,15,0,96.43,737,96.49,-0.06,96.44,96.46,96.41,70946,219,96.435,9730,0,0,"",0
"2024-04-08","CRAM26","CRA","CRA","CRA",0,"2026-09-16",0,1,96.5,0,15,0,96.52,33,96.58,-0.06,96.54,96.545,96.52,3179,18,96.525,6241,0,0,"",0
"2024-04-08","CRAU26","CRA","CRA","CRA",0,"2026-12-16",0,1,0,0,0,0,96.6,63,96.66,-0.06,96.6,96.6,96.6,6079,13,96.6,1829,0,0,"",0
"2024-04-08","CRAZ26","CRA","CRA","CRA",0,"2027-03-17",0,1,0,0,0,0,0,50,0,0,0,0,0,4832,2,96.655,911,0,0,"",0
"2024-04-09","CRAH24","CRA","CRA","CRA",0,"2024-06-19",0,1,95.015,95.0175,1061,775,0,18948,0,0.0025,95.0125,95.02,95.01,0,378,95.015,162015,0,0,"",0
"2024-04-09","CRAM24","CRA","CRA","CRA",0,"2024-09-18",0,1,95.27,95.28,431,520,0,31679,0,0.025,95.245,95.28,95.245,0,2011,95.27,164960,0,0,"",0
"2024-04-09","CRAU24","CRA","CRA","CRA",0,"2024-12-18",0,1,95.535,95.54,33,256,0,16354,0,0.015,95.505,95.545,95.505,0,1983,95.535,126431,0,0,"",0
"2024-04-09","CRAZ24","CRA","CRA","CRA",0,"2025-03-19",0,1,95.785,95.79,81,59,0,16739,0,0.035,95.745,95.8,95.745,0,2809,95.78,134232,0,0,"",0
"2024-04-09","CRAH25","CRA","CRA","CRA",0,"2025-06-18",0,1,95.99,95.995,54,64,0,9478,0,0.045,95.95,96.01,95.95,0,1790,95.98,78802,0,0,"",0
"2024-04-09","CRAM25","CRA","CRA","CRA",0,"2025-09-17",0,1,96.145,96.15,35,48,0,12138,0,0.05,96.11,96.17,96.11,0,2338,96.14,68307,0,0,"",0
"2024-04-09","CRAU25","CRA","CRA","CRA",0,"2025-12-17",0,1,96.27,96.28,30,78,0,6146,0,0.055,96.235,96.295,96.235,0,1453,96.27,39797,0,0,"",0
"2024-04-09","CRAZ25","CRA","CRA","CRA",0,"2026-03-18",0,1,0,0,0,0,0,2165,0,0.055,96.35,96.405,96.345,0,855,96.38,25405,0,0,"",0
"2024-04-09","CRAH26","CRA","CRA","CRA",0,"2026-06-17",0,1,0,96.505,0,7,0,610,0,0.06,96.475,96.505,96.46,0,215,96.48,9691,0,0,"",0
"2024-04-09","CRAM26","CRA","CRA","CRA",0,"2026-09-16",0,1,0,96.6,0,10,0,156,0,0.055,96.56,96.58,96.56,0,19,96.57,6266,0,0,"",0
"2024-04-09","CRAU26","CRA","CRA","CRA",0,"2026-12-16",0,1,0,0,0,0,0,149,0,0.045,96.645,96.655,96.635,0,31,96.645,1882,0,0,"",0
"2024-04-09","CRAZ26","CRA","CRA","CRA",0,"2027-03-17",0,1,0,0,0,0,0,1,0,0.055,96.71,96.71,96.71,0,1,96.705,961,0,0,"",0
"2024-04-10","CRAH24","CRA","CRA","CRA",0,"2024-06-19",0,1,94.985,94.9875,50,848,0,33520,0,-0.0275,95.015,95.025,94.9825,0,1236,94.985,167638,0,0,"",0
"2024-04-10","CRAM24","CRA","CRA","CRA",0,"2024-09-18",0,1,95.21,95.215,358,466,0,72432,0,-0.06,95.27,95.29,95.17,0,6328,95.205,168959,0,0,"",0
"2024-04-10","CRAU24","CRA","CRA","CRA",0,"2024-12-18",0,1,95.42,95.43,32,507,0,57154,0,-0.105,95.525,95.56,95.405,0,7825,95.415,128324,0,0,"",0
"2024-04-10","CRAZ24","CRA","CRA","CRA",0,"2025-03-19",0,1,95.62,95.63,3,15,0,70486,0,-0.16,95.785,95.805,95.605,0,9966,95.615,135131,0,0,"",0
"2024-04-10","CRAH25","CRA","CRA","CRA",0,"2025-06-18",0,1,95.78,95.795,7,7,0,29543,0,-0.19,95.985,96.005,95.76,0,6110,95.77,80070,0,0,"",0
"2024-04-10","CRAM25","CRA","CRA","CRA",0,"2025-09-17",0,1,95.91,95.925,4,5,0,35679,0,-0.225,96.145,96.16,95.89,0,7166,95.895,69357,0,0,"",0
"2024-04-10","CRAU25","CRA","CRA","CRA",0,"2025-12-17",0,1,96.035,96.045,3,3,0,19061,0,-0.225,96.275,96.285,96.005,0,4181,96.015,39932,0,0,"",0
"2024-04-10","CRAZ25","CRA","CRA","CRA",0,"2026-03-18",0,1,96.145,96.16,2,2,0,12919,0,-0.22,96.315,96.4,96.125,0,2916,96.13,25923,0,0,"",0
"2024-04-10","CRAH26","CRA","CRA","CRA",0,"2026-06-17",0,1,0,96.27,0,4,0,1387,0,-0.22,96.47,96.5,96.225,0,463,96.24,9727,0,0,"",0
"2024-04-10","CRAM26","CRA","CRA","CRA",0,"2026-09-16",0,1,0,0,0,0,0,864,0,-0.235,96.565,96.585,96.33,0,225,96.34,6266,0,0,"",0
"2024-04-10","CRAU26","CRA","CRA","CRA",0,"2026-12-16",0,1,0,0,0,0,0,304,0,-0.22,96.665,96.67,96.425,0,55,96.425,1893,0,0,"",0
"2024-04-10","CRAZ26","CRA","CRA","CRA",0,"2027-03-17",0,1,0,0,0,0,0,103,0,-0.07,96.73,96.735,96.635,0,11,96.495,960,0,0,"",0
"2024-04-11","CRAH24","CRA","CRA","CRA",0,"2024-06-19",0,1,94.9825,94.985,172,66,0,3781,0,0,94.985,94.9875,94.9825,0,176,94.985,165924,0,0,"",0
"2024-04-11","CRAM24","CRA","CRA","CRA",0,"2024-09-18",0,1,95.195,95.2,57,68,0,32455,0,-0.005,95.215,95.235,95.175,0,3353,95.205,167522,0,0,"",0
"2024-04-11","CRAU24","CRA","CRA","CRA",0,"2024-12-18",0,1,95.395,95.4,22,18,0,25397,0,-0.01,95.43,95.465,95.36,0,4426,95.41,135122,0,0,"",0
"2024-04-11","CRAZ24","CRA","CRA","CRA",0,"2025-03-19",0,1,95.59,95.595,22,35,0,41345,0,-0.02,95.63,95.68,95.555,0,7184,95.6,155944,0,0,"",0
"2024-04-11","CRAH25","CRA","CRA","CRA",0,"2025-06-18",0,1,95.74,95.755,12,14,0,20836,0,-0.015,95.795,95.845,95.71,0,4714,95.755,85184,0,0,"",0
"2024-04-11","CRAM25","CRA","CRA","CRA",0,"2025-09-17",0,1,0,95.9,0,35,0,16301,0,-0.01,95.935,95.97,95.835,0,3375,95.885,77865,0,0,"",0
"2024-04-11","CRAU25","CRA","CRA","CRA",0,"2025-12-17",0,1,95.98,0,13,0,0,10566,0,-0.01,96.055,96.09,95.965,0,2508,96.01,41073,0,0,"",0
"2024-04-11","CRAZ25","CRA","CRA","CRA",0,"2026-03-18",0,1,0,96.13,0,30,0,7116,0,-0.01,96.165,96.205,96.095,0,1707,96.13,29289,0,0,"",0
"2024-04-11","CRAH26","CRA","CRA","CRA",0,"2026-06-17",0,1,0,0,0,0,0,1185,0,-0.01,96.26,96.315,96.21,0,317,96.24,9787,0,0,"",0
"2024-04-11","CRAM26","CRA","CRA","CRA",0,"2026-09-16",0,1,0,0,0,0,0,165,0,0.005,96.33,96.415,96.315,0,80,96.34,6783,0,0,"",0
"2024-04-11","CRAU26","CRA","CRA","CRA",0,"2026-12-16",0,1,0,0,0,0,0,100,0,0.01,96.43,96.505,96.425,0,31,96.43,2097,0,0,"",0
"2024-04-11","CRAZ26","CRA","CRA","CRA",0,"2027-03-17",0,1,0,0,0,0,0,25,0,0,0,0,0,0,1,96.505,1027,0,0,"",0
"2024-04-12","CRAH24","CRA","CRA","CRA",0,"2024-06-19",0,1,94.9875,94.99,88,393,0,3405,0,0.0025,94.9875,94.99,94.985,0,98,94.9875,164058,0,0,"",0
"2024-04-12","CRAM24","CRA","CRA","CRA",0,"2024-09-18",0,1,95.225,95.235,510,137,0,22324,0,0.03,95.205,95.24,95.205,0,1813,95.23,158208,0,0,"",0
"2024-04-12","CRAU24","CRA","CRA","CRA",0,"2024-12-18",0,1,95.46,95.465,18,36,0,15826,0,0.045,95.405,95.47,95.405,0,2027,95.465,125953,0,0,"",0
"2024-04-12","CRAZ24","CRA","CRA","CRA",0,"2025-03-19",0,1,95.67,95.68,27,123,0,26572,0,0.075,95.6,95.695,95.6,0,3515,95.685,150618,0,0,"",0
"2024-04-12","CRAH25","CRA","CRA","CRA",0,"2025-06-18",0,1,95.845,95.85,12,31,0,13209,0,0.09,95.765,95.865,95.765,0,2006,95.86,88231,0,0,"",0
"2024-04-12","CRAM25","CRA","CRA","CRA",0,"2025-09-17",0,1,0,95.995,0,55,0,12501,0,0.105,95.885,96.005,95.885,0,1776,96,76107,0,0,"",0
"2024-04-12","CRAU25","CRA","CRA","CRA",0,"2025-12-17",0,1,96.115,96.125,5,12,0,8146,0,0.11,96.015,96.145,96.015,0,1400,96.14,41144,0,0,"",0
"2024-04-12","CRAZ25","CRA","CRA","CRA",0,"2026-03-18",0,1,96.24,96.25,12,6,0,5866,0,0.12,96.135,96.27,96.135,0,1047,96.265,30773,0,0,"",0
"2024-04-12","CRAH26","CRA","CRA","CRA",0,"2026-06-17",0,1,0,0,0,0,0,1137,0,0.125,96.28,96.38,96.28,0,306,96.38,9896,0,0,"",0
"2024-04-12","CRAM26","CRA","CRA","CRA",0,"2026-09-16",0,1,0,0,0,0,0,312,0,0.125,96.41,96.48,96.41,0,79,96.48,6823,0,0,"",0
"2024-04-12","CRAU26","CRA","CRA","CRA",0,"2026-12-16",0,1,0,0,0,0,0,300,0,0.115,96.485,96.56,96.485,0,64,96.565,2115,0,0,"",0
"2024-04-12","CRAZ26","CRA","CRA","CRA",0,"2027-03-17",0,1,0,0,0,0,0,60,0,0,0,0,0,0,3,96.64,1002,0,0,"",0
"2024-04-15","CRAH24","CRA","CRA","CRA",0,"2024-06-19",0,1,94.9825,94.985,347,227,0,7840,0,-0.0025,94.9875,94.9875,94.9825,0,244,94.985,162871,0,0,"",0
"2024-04-15","CRAM24","CRA","CRA","CRA",0,"2024-09-18",0,1,95.21,95.22,1102,480,0,30529,0,-0.02,95.225,95.225,95.185,0,2052,95.21,156214,0,0,"",0
"2024-04-15","CRAU24","CRA","CRA","CRA",0,"2024-12-18",0,1,95.415,95.42,52,40,0,15325,0,-0.045,95.45,95.45,95.39,0,2475,95.415,124417,0,0,"",0
"2024-04-15","CRAZ24","CRA","CRA","CRA",0,"2025-03-19",0,1,95.63,95.635,8,18,0,23134,0,-0.055,95.655,95.665,95.585,0,3794,95.625,151902,0,0,"",0
"2024-04-15","CRAH25","CRA","CRA","CRA",0,"2025-06-18",0,1,95.795,95.805,1,5,0,15809,0,-0.065,95.815,95.83,95.735,0,2804,95.785,86412,0,0,"",0
"2024-04-15","CRAM25","CRA","CRA","CRA",0,"2025-09-17",0,1,95.935,95.94,68,19,0,12999,0,-0.06,95.955,95.965,95.865,0,3350,95.925,77705,0,0,"",0
"2024-04-15","CRAU25","CRA","CRA","CRA",0,"2025-12-17",0,1,96.06,96.07,4,6,0,8846,0,-0.075,96.095,96.1,95.995,0,2166,96.055,41198,0,0,"",0
"2024-04-15","CRAZ25","CRA","CRA","CRA",0,"2026-03-18",0,1,96.18,96.19,1,30,0,6484,0,-0.08,96.235,96.235,96.12,0,1874,96.175,30022,0,0,"",0
"2024-04-15","CRAH26","CRA","CRA","CRA",0,"2026-06-17",0,1,0,96.295,0,100,0,1668,0,-0.1,96.315,96.315,96.235,0,408,96.285,9532,0,0,"",0
"2024-04-15","CRAM26","CRA","CRA","CRA",0,"2026-09-16",0,1,0,0,0,0,0,508,0,-0.085,96.415,96.415,96.34,0,88,96.385,6745,0,0,"",0
"2024-04-15","CRAU26","CRA","CRA","CRA",0,"2026-12-16",0,1,0,0,0,0,0,157,0,-0.085,96.485,96.495,96.425,0,36,96.47,1949,0,0,"",0
"2024-04-15","CRAZ26","CRA","CRA","CRA",0,"2027-03-17",0,1,0,0,0,0,0,35,0,-0.095,96.545,96.545,96.545,0,2,96.545,942,0,0,"",0
"2024-04-16","CRAH24","CRA","CRA","CRA",0,"2024-06-19",0,1,94.9875,94.99,29,584,94.9875,9079,94.985,0.0025,94.9825,94.99,94.98,861982,468,94.9875,165069,0,0,"",0
"2024-04-16","CRAM24","CRA","CRA","CRA",0,"2024-09-18",0,1,95.245,95.25,176,125,95.25,50530,95.21,0.04,95.205,95.26,95.19,4811008,3292,95.255,163961,0,0,"",0
"2024-04-16","CRAU24","CRA","CRA","CRA",0,"2024-12-18",0,1,95.46,95.465,23,130,95.46,38284,95.415,0.045,95.41,95.495,95.385,3651811,4735,95.48,122319,0,0,"",0
"2024-04-16","CRAZ24","CRA","CRA","CRA",0,"2025-03-19",0,1,95.665,95.67,150,123,95.67,51227,95.625,0.045,95.625,95.72,95.585,4898098,6081,95.685,155262,0,0,"",0
"2024-04-16","CRAH25","CRA","CRA","CRA",0,"2025-06-18",0,1,95.82,95.825,23,22,95.82,23748,95.785,0.035,95.785,95.89,95.745,2273188,4382,95.835,86834,0,0,"",0
"2024-04-16","CRAM25","CRA","CRA","CRA",0,"2025-09-17",0,1,95.95,95.955,7,3,95.955,24012,95.925,0.03,95.92,96.02,95.88,2301059,4307,95.965,77656,0,0,"",0
"2024-04-16","CRAU25","CRA","CRA","CRA",0,"2025-12-17",0,1,96.07,96.08,25,7,96.07,11422,96.055,0.015,96.045,96.145,96.005,1096923,2494,96.09,41742,0,0,"",0
"2024-04-16","CRAZ25","CRA","CRA","CRA",0,"2026-03-18",0,1,96.175,96.2,100,100,96.185,9090,96.175,0.01,96.165,96.255,96.115,873698,2144,96.205,31014,0,0,"",0
"2024-04-16","CRAH26","CRA","CRA","CRA",0,"2026-06-17",0,1,96.27,96.32,50,50,96.285,2404,96.285,0,96.265,96.36,96.23,231282,530,96.31,9587,0,0,"",0
"2024-04-16","CRAM26","CRA","CRA","CRA",0,"2026-09-16",0,1,96.355,96.405,50,50,96.38,486,96.385,-0.005,96.335,96.425,96.335,46757,196,96.41,6749,0,0,"",0
"2024-04-16","CRAU26","CRA","CRA","CRA",0,"2026-12-16",0,1,0,0,0,0,96.46,162,96.47,-0.01,96.445,96.535,96.42,15590,71,96.495,1945,0,0,"",0
"2024-04-16","CRAZ26","CRA","CRA","CRA",0,"2027-03-17",0,1,0,0,0,0,96.6,2,96.545,0.055,96.6,96.6,96.6,192,2,96.57,977,0,0,"",0
"2024-04-17","CRAH24","CRA","CRA","CRA",0,"2024-06-19",0,1,94.9825,94.985,501,46,0,2583,0,-0.0025,94.9875,94.99,94.985,0,109,94.985,161711,0,0,"",0
"2024-04-17","CRAM24","CRA","CRA","CRA",0,"2024-09-18",0,1,95.245,95.255,618,1002,0,16943,0,0,95.245,95.26,95.245,0,1130,95.25,160138,0,0,"",0
"2024-04-17","CRAU24","CRA","CRA","CRA",0,"2024-12-18",0,1,95.47,95.475,162,122,0,14469,0,-0.01,95.45,95.485,95.45,0,2023,95.475,123173,0,0,"",0
"2024-04-17","CRAZ24","CRA","CRA","CRA",0,"2025-03-19",0,1,95.675,95.685,96,66,0,20001,0,-0.005,95.66,95.695,95.655,0,2378,95.68,157804,0,0,"",0
"2024-04-17","CRAH25","CRA","CRA","CRA",0,"2025-06-18",0,1,95.835,95.84,13,116,0,11792,0,0.005,95.815,95.86,95.805,0,1768,95.84,86537,0,0,"",0
"2024-04-17","CRAM25","CRA","CRA","CRA",0,"2025-09-17",0,1,95.975,95.985,12,12,0,14634,0,0.02,95.945,96,95.935,0,1771,95.98,75705,0,0,"",0
"2024-04-17","CRAU25","CRA","CRA","CRA",0,"2025-12-17",0,1,96.105,96.115,10,16,0,9736,0,0.025,96.07,96.13,96.06,0,1285,96.105,42858,0,0,"",0
"2024-04-17","CRAZ25","CRA","CRA","CRA",0,"2026-03-18",0,1,96.22,96.225,15,1,0,3564,0,0.02,96.18,96.245,96.175,0,700,96.22,29349,0,0,"",0
"2024-04-17","CRAH26","CRA","CRA","CRA",0,"2026-06-17",0,1,96.28,96.34,5,1,0,767,0,0.01,96.305,96.35,96.29,0,155,96.325,10630,0,0,"",0
"2024-04-17","CRAM26","CRA","CRA","CRA",0,"2026-09-16",0,1,0,0,0,0,0,319,0,0.01,96.405,96.42,96.385,0,73,96.42,6899,0,0,"",0
"2024-04-17","CRAU26","CRA","CRA","CRA",0,"2026-12-16",0,1,0,96.525,0,8,0,338,0,0.015,96.485,96.51,96.465,0,72,96.505,2010,0,0,"",0
"2024-04-17","CRAZ26","CRA","CRA","CRA",0,"2027-03-17",0,1,0,96.615,0,15,0,75,0,-0.015,96.555,96.555,96.555,0,2,96.58,977,0,0,"",0
"2024-04-18","CRAH24","CRA","CRA","CRA",0,"2024-06-19",0,1,94.98,94.9825,413,98,0,2717,0,-0.005,94.985,94.985,94.98,0,142,94.9825,162112,0,0,"",0
"2024-04-18","CRAM24","CRA","CRA","CRA",0,"2024-09-18",0,1,95.23,95.235,234,100,0,16238,0,-0.015,95.25,95.25,95.225,0,1192,95.23,153844,0,0,"",0
"2024-04-18","CRAU24","CRA","CRA","CRA",0,"2024-12-18",0,1,95.44,95.445,246,34,0,16067,0,-0.03,95.475,95.48,95.435,0,1645,95.435,123039,0,0,"",0
"2024-04-18","CRAZ24","CRA","CRA","CRA",0,"2025-03-19",0,1,95.63,95.635,69,23,0,24244,0,-0.05,95.68,95.69,95.63,0,2231,95.625,155318,0,0,"",0
"2024-04-18","CRAH25","CRA","CRA","CRA",0,"2025-06-18",0,1,95.775,95.78,152,29,0,14213,0,-0.06,95.84,95.855,95.77,0,1797,95.77,88932,0,0,"",0
"2024-04-18","CRAM25","CRA","CRA","CRA",0,"2025-09-17",0,1,95.91,95.915,6,10,0,9346,0,-0.065,95.985,95.995,95.9,0,1323,95.905,78179,0,0,"",0
"2024-04-18","CRAU25","CRA","CRA","CRA",0,"2025-12-17",0,1,96.035,96.04,1,9,0,6501,0,-0.065,96.11,96.125,96.025,0,1030,96.03,41960,0,0,"",0
"2024-04-18","CRAZ25","CRA","CRA","CRA",0,"2026-03-18",0,1,96.15,96.155,46,51,0,3174,0,-0.07,96.225,96.245,96.14,0,656,96.145,29626,0,0,"",0
"2024-04-18","CRAH26","CRA","CRA","CRA",0,"2026-06-17",0,1,0,96.26,0,7,0,477,0,-0.065,96.33,96.34,96.245,0,107,96.25,10754,0,0,"",0
"2024-04-18","CRAM26","CRA","CRA","CRA",0,"2026-09-16",0,1,0,0,0,0,0,125,0,-0.07,96.425,96.445,96.35,0,38,96.345,6947,0,0,"",0
"2024-04-18","CRAU26","CRA","CRA","CRA",0,"2026-12-16",0,1,0,0,0,0,0,62,0,-0.075,96.51,96.525,96.425,0,18,96.43,1890,0,0,"",0
"2024-04-18","CRAZ26","CRA","CRA","CRA",0,"2027-03-17",0,1,0,96.625,0,25,0,25,0,0,0,0,0,0,1,96.505,1002,0,0,"",0
"2024-04-19","CRAH24","CRA","CRA","CRA",0,"2024-06-19",0,1,94.98,94.9825,489,25,94.98,2251,94.9825,-0.0025,94.9825,94.985,94.98,213752,71,94.9825,163501,0,0,"",0
"2024-04-19","CRAM24","CRA","CRA","CRA",0,"2024-09-18",0,1,95.225,95.23,2131,176,95.23,13171,95.23,0,95.25,95.255,95.225,1253745,1401,95.23,152129,0,0,"",0
"2024-04-19","CRAU24","CRA","CRA","CRA",0,"2024-12-18",0,1,95.43,95.435,236,94,95.43,12131,95.435,-0.005,95.465,95.475,95.425,1156941,1677,95.435,124762,0,0,"",0
"2024-04-19","CRAZ24","CRA","CRA","CRA",0,"2025-03-19",0,1,95.62,95.63,50,28,95.62,17566,95.625,-0.005,95.66,95.675,95.61,1678573,2455,95.625,160952,0,0,"",0
"2024-04-19","CRAH25","CRA","CRA","CRA",0,"2025-06-18",0,1,95.775,95.78,10,8,95.78,9360,95.77,0.01,95.805,95.83,95.755,895747,1341,95.775,95532,0,0,"",0
"2024-04-19","CRAM25","CRA","CRA","CRA",0,"2025-09-17",0,1,95.91,95.92,7,15,95.92,6178,95.905,0.015,95.94,95.965,95.89,591658,1244,95.91,78762,0,0,"",0
"2024-04-19","CRAU25","CRA","CRA","CRA",0,"2025-12-17",0,1,96.04,96.055,6,6,96.05,3924,96.03,0.02,96.07,96.095,96.015,376732,764,96.04,41761,0,0,"",0
"2024-04-19","CRAZ25","CRA","CRA","CRA",0,"2026-03-18",0,1,96.155,96.175,2,1,96.155,2237,96.145,0.01,96.195,96.215,96.13,214927,436,96.155,29798,0,0,"",0
"2024-04-19","CRAH26","CRA","CRA","CRA",0,"2026-06-17",0,1,0,0,0,0,96.265,811,96.25,0.015,96.315,96.315,96.24,78003,158,96.26,10745,0,0,"",0
"2024-04-19","CRAM26","CRA","CRA","CRA",0,"2026-09-16",0,1,0,0,0,0,96.35,401,96.345,0.005,96.415,96.415,96.35,38621,52,96.36,6946,0,0,"",0
"2024-04-19","CRAU26","CRA","CRA","CRA",0,"2026-12-16",0,1,0,0,0,0,96.45,93,96.43,0.02,96.5,96.5,96.42,8962,16,96.445,1887,0,0,"",0
"2024-04-19","CRAZ26","CRA","CRA","CRA",0,"2027-03-17",0,1,0,0,0,0,0,50,0,0,0,0,0,4826,2,96.52,977,0,0,"",0
"2024-04-22","CRAH24","CRA","CRA","CRA",0,"2024-06-19",0,1,94.9825,94.9875,321,799,0,2592,0,0.0025,94.98,94.9875,94.98,0,185,94.985,163584,0,0,"",0
"2024-04-22","CRAM24","CRA","CRA","CRA",0,"2024-09-18",0,1,95.225,95.23,170,322,0,8198,0,0,95.22,95.23,95.205,0,930,95.225,151975,0,0,"",0
"2024-04-22","CRAU24","CRA","CRA","CRA",0,"2024-12-18",0,1,95.43,95.435,26,78,0,7632,0,0,95.4,95.435,95.4,0,1151,95.435,126405,0,0,"",0
"2024-04-22","CRAZ24","CRA","CRA","CRA",0,"2025-03-19",0,1,95.62,95.625,54,105,0,12755,0,-0.005,95.605,95.635,95.585,0,1888,95.625,161725,0,0,"",0
"2024-04-22","CRAH25","CRA","CRA","CRA",0,"2025-06-18",0,1,95.76,95.775,8,10,0,10609,0,-0.01,95.755,95.795,95.74,0,1564,95.775,93134,0,0,"",0
"2024-04-22","CRAM25","CRA","CRA","CRA",0,"2025-09-17",0,1,95.9,95.905,63,32,0,8732,0,-0.01,95.895,95.93,95.875,0,1456,95.905,79166,0,0,"",0
"2024-04-22","CRAU25","CRA","CRA","CRA",0,"2025-12-17",0,1,96.025,96.035,66,52,0,4328,0,-0.01,96.02,96.06,96.005,0,908,96.03,42263,0,0,"",0
"2024-04-22","CRAZ25","CRA","CRA","CRA",0,"2026-03-18",0,1,96.14,96.15,105,7,0,3559,0,-0.015,96.145,96.175,96.125,0,570,96.15,29558,0,0,"",0
"2024-04-22","CRAH26","CRA","CRA","CRA",0,"2026-06-17",0,1,0,96.285,0,5,0,379,0,0,96.245,96.285,96.23,0,96,96.26,10872,0,0,"",0
"2024-04-22","CRAM26","CRA","CRA","CRA",0,"2026-09-16",0,1,0,0,0,0,0,569,0,-0.015,96.33,96.345,96.33,0,61,96.355,7292,0,0,"",0
"2024-04-22","CRAU26","CRA","CRA","CRA",0,"2026-12-16",0,1,0,0,0,0,0,28,0,-0.015,96.43,96.43,96.43,0,4,96.44,1824,0,0,"",0
"2024-04-22","CRAZ26","CRA","CRA","CRA",0,"2027-03-17",0,1,0,96.645,0,25,0,25,0,0,0,0,0,0,1,96.515,927,0,0,"",0
"2024-04-23","CRAH24","CRA","CRA","CRA",0,"2024-06-19",0,1,94.98,94.9825,1272,388,94.9825,1560,94.985,-0.0025,94.9825,94.985,94.98,148069,121,94.9825,164181,0,0,"",0
"2024-04-23","CRAM24","CRA","CRA","CRA",0,"2024-09-18",0,1,95.22,95.225,348,539,95.225,15336,95.225,0,95.225,95.23,95.205,1459853,1173,95.22,151250,0,0,"",0
"2024-04-23","CRAU24","CRA","CRA","CRA",0,"2024-12-18",0,1,95.425,95.43,82,28,95.43,15302,95.435,-0.005,95.43,95.445,95.41,1459363,1748,95.43,127826,0,0,"",0
"2024-04-23","CRAZ24","CRA","CRA","CRA",0,"2025-03-19",0,1,95.62,95.63,152,70,95.62,23415,95.625,-0.005,95.625,95.65,95.595,2237732,2683,95.63,164621,0,0,"",0
"2024-04-23","CRAH25","CRA","CRA","CRA",0,"2025-06-18",0,1,95.78,95.79,2,21,95.78,18265,95.775,0.005,95.77,95.815,95.745,1748188,2363,95.79,95470,0,0,"",0
"2024-04-23","CRAM25","CRA","CRA","CRA",0,"2025-09-17",0,1,95.915,95.925,36,9,95.915,16558,95.905,0.01,95.905,95.95,95.875,1586455,2586,95.925,80001,0,0,"",0
"2024-04-23","CRAU25","CRA","CRA","CRA",0,"2025-12-17",0,1,96.04,96.055,50,27,96.05,9063,96.03,0.02,96.03,96.075,95.995,870132,1648,96.045,42546,0,0,"",0
"2024-04-23","CRAZ25","CRA","CRA","CRA",0,"2026-03-18",0,1,96.16,96.165,1,1,96.165,5169,96.15,0.015,96.13,96.19,96.105,496632,1236,96.16,30041,0,0,"",0
"2024-04-23","CRAH26","CRA","CRA","CRA",0,"2026-06-17",0,1,0,0,0,0,96.265,641,96.26,0.005,96.26,96.29,96.23,61662,105,96.26,10822,0,0,"",0
"2024-04-23","CRAM26","CRA","CRA","CRA",0,"2026-09-16",0,1,0,0,0,0,96.345,26,96.355,-0.01,96.33,96.345,96.33,2502,6,96.355,7292,0,0,"",0
"2024-04-23","CRAU26","CRA","CRA","CRA",0,"2026-12-16",0,1,0,96.445,0,10,96.44,37,96.44,0,96.43,96.44,96.425,3564,6,96.44,1810,0,0,"",0
"2024-04-23","CRAZ26","CRA","CRA","CRA",0,"2027-03-17",0,1,0,96.575,0,25,96.525,75,96.515,0.01,96.525,96.525,96.525,7238,2,96.515,902,0,0,"",0
"2024-04-24","CRAH24","CRA","CRA","CRA",0,"2024-06-19",0,1,94.98,94.9825,642,55,0,4322,0,0,94.9825,94.985,94.98,0,133,94.9825,164080,0,0,"",0
"2024-04-24","CRAM24","CRA","CRA","CRA",0,"2024-09-18",0,1,95.21,95.215,375,326,0,23309,0,-0.01,95.22,95.24,95.205,0,1747,95.215,149756,0,0,"",0
"2024-04-24","CRAU24","CRA","CRA","CRA",0,"2024-12-18",0,1,95.41,95.415,158,122,0,21032,0,-0.02,95.42,95.45,95.405,0,3283,95.415,130996,0,0,"",0
"2024-04-24","CRAZ24","CRA","CRA","CRA",0,"2025-03-19",0,1,95.605,95.61,152,59,0,36640,0,-0.02,95.61,95.655,95.59,0,4162,95.61,164703,0,0,"",0
"2024-04-24","CRAH25","CRA","CRA","CRA",0,"2025-06-18",0,1,95.76,95.765,45,30,0,27882,0,-0.025,95.765,95.815,95.74,0,2976,95.765,97753,0,0,"",0
"2024-04-24","CRAM25","CRA","CRA","CRA",0,"2025-09-17",0,1,95.89,95.895,59,58,0,19204,0,-0.035,95.9,95.945,95.875,0,2706,95.89,81478,0,0,"",0
"2024-04-24","CRAU25","CRA","CRA","CRA",0,"2025-12-17",0,1,96.005,96.01,61,54,0,12919,0,-0.035,96.02,96.07,96,0,1861,96.005,42398,0,0,"",0
"2024-04-24","CRAZ25","CRA","CRA","CRA",0,"2026-03-18",0,1,96.115,96.12,12,4,0,9685,0,-0.035,96.145,96.18,96.11,0,2002,96.115,31341,0,0,"",0
"2024-04-24","CRAH26","CRA","CRA","CRA",0,"2026-06-17",0,1,0,0,0,0,0,1850,0,-0.035,96.215,96.27,96.21,0,382,96.215,11038,0,0,"",0
"2024-04-24","CRAM26","CRA","CRA","CRA",0,"2026-09-16",0,1,0,0,0,0,0,1217,0,-0.045,96.355,96.36,96.31,0,251,96.305,7285,0,0,"",0
"2024-04-24","CRAU26","CRA","CRA","CRA",0,"2026-12-16",0,1,96.35,96.415,10,7,0,134,0,-0.05,96.405,96.445,96.39,0,37,96.385,1803,0,0,"",0
"2024-04-24","CRAZ26","CRA","CRA","CRA",0,"2027-03-17",0,1,96.415,96.525,15,7,0,146,0,-0.02,96.47,96.5,96.47,0,19,96.455,927,0,0,"",0
"2024-04-25","CRAH24","CRA","CRA","CRA",0,"2024-06-19",0,1,94.98,94.9825,182,2207,94.98,2868,94.9825,-0.0025,94.9825,94.9825,94.9775,272344,90,94.98,163715,0,0,"",0
"2024-04-25","CRAM24","CRA","CRA","CRA",0,"2024-09-18",0,1,95.19,95.195,635,151,95.19,19219,95.215,-0.025,95.21,95.225,95.19,1828993,1765,95.195,150189,0,0,"",0
"2024-04-25","CRAU24","CRA","CRA","CRA",0,"2024-12-18",0,1,95.375,95.385,88,199,95.375,20399,95.415,-0.04,95.41,95.43,95.375,1944704,2445,95.38,135146,0,0,"",0
"2024-04-25","CRAZ24","CRA","CRA","CRA",0,"2025-03-19",0,1,95.55,95.56,272,105,95.55,31208,95.61,-0.06,95.605,95.63,95.55,2981007,3210,95.555,173166,0,0,"",0
"2024-04-25","CRAH25","CRA","CRA","CRA",0,"2025-06-18",0,1,95.69,95.7,45,31,95.695,15487,95.765,-0.07,95.76,95.79,95.69,1481348,2012,95.695,104009,0,0,"",0
"2024-04-25","CRAM25","CRA","CRA","CRA",0,"2025-09-17",0,1,95.81,95.82,36,53,95.81,13886,95.89,-0.08,95.89,95.92,95.81,1329431,2252,95.815,84357,0,0,"",0
"2024-04-25","CRAU25","CRA","CRA","CRA",0,"2025-12-17",0,1,95.92,95.93,61,9,95.925,9372,96.005,-0.08,96.01,96.04,95.925,898181,1709,95.93,45917,0,0,"",0
"2024-04-25","CRAZ25","CRA","CRA","CRA",0,"2026-03-18",0,1,96.035,96.04,1,1,96.04,8672,96.115,-0.075,96.12,96.15,96.035,832702,1581,96.045,35242,0,0,"",0
"2024-04-25","CRAH26","CRA","CRA","CRA",0,"2026-06-17",0,1,0,96.14,0,1,96.13,1244,96.215,-0.085,96.23,96.255,96.13,119513,312,96.145,11260,0,0,"",0
"2024-04-25","CRAM26","CRA","CRA","CRA",0,"2026-09-16",0,1,96.135,96.31,25,25,96.24,263,96.305,-0.065,96.315,96.315,96.23,25280,86,96.235,8027,0,0,"",0
"2024-04-25","CRAU26","CRA","CRA","CRA",0,"2026-12-16",0,1,96.195,96.4,25,25,96.33,185,96.385,-0.055,96.405,96.405,96.31,17800,41,96.315,1794,0,0,"",0
"2024-04-25","CRAZ26","CRA","CRA","CRA",0,"2027-03-17",0,1,96.255,96.49,25,25,0,25,0,0,0,0,0,2410,1,96.385,1010,0,0,"",0
"2024-04-26","CRAH24","CRA","CRA","CRA",0,"2024-06-19",0,1,94.98,94.9825,838,2212,94.9825,1003,94.98,0.0025,94.98,94.9825,94.9775,95222,54,94.9825,163975,0,0,"",0
"2024-04-26","CRAM24","CRA","CRA","CRA",0,"2024-09-18",0,1,95.205,95.215,353,179,95.205,19387,95.195,0.01,95.195,95.21,95.185,1844980,1733,95.2,152230,0,0,"",0
"2024-04-26","CRAU24","CRA","CRA","CRA",0,"2024-12-18",0,1,95.395,95.405,18,304,95.4,16050,95.38,0.02,95.375,95.405,95.375,1529929,2419,95.395,135964,0,0,"",0
"2024-04-26","CRAZ24","CRA","CRA","CRA",0,"2025-03-19",0,1,95.57,95.58,26,34,95.57,19349,95.555,0.015,95.555,95.59,95.55,1847717,2976,95.565,176483,0,0,"",0
"2024-04-26","CRAH25","CRA","CRA","CRA",0,"2025-06-18",0,1,95.705,95.715,20,21,95.715,10189,95.695,0.02,95.695,95.735,95.69,974155,1985,95.705,105524,0,0,"",0
"2024-04-26","CRAM25","CRA","CRA","CRA",0,"2025-09-17",0,1,95.835,95.84,3,6,95.835,10451,95.815,0.02,95.82,95.86,95.81,1000360,1973,95.825,84541,0,0,"",0
"2024-04-26","CRAU25","CRA","CRA","CRA",0,"2025-12-17",0,1,95.94,95.955,10,4,95.955,8865,95.93,0.025,95.935,95.975,95.925,849409,1558,95.94,48418,0,0,"",0
"2024-04-26","CRAZ25","CRA","CRA","CRA",0,"2026-03-18",0,1,0,96.07,0,10,96.065,5229,96.045,0.02,96.04,96.085,96.035,502076,1198,96.05,38343,0,0,"",0
"2024-04-26","CRAH26","CRA","CRA","CRA",0,"2026-06-17",0,1,96.16,0,82,0,96.16,987,96.145,0.015,96.16,96.185,96.135,94864,132,96.15,11766,0,0,"",0
"2024-04-26","CRAM26","CRA","CRA","CRA",0,"2026-09-16",0,1,0,0,0,0,96.255,902,96.235,0.02,96.25,96.275,96.23,86812,58,96.245,8116,0,0,"",0
"2024-04-26","CRAU26","CRA","CRA","CRA",0,"2026-12-16",0,1,0,0,0,0,96.335,295,96.315,0.02,96.355,96.355,96.335,28414,22,96.33,1861,0,0,"",0
"2024-04-26","CRAZ26","CRA","CRA","CRA",0,"2027-03-17",0,1,0,0,0,0,0,25,0,0,0,0,0,2409,1,96.4,1010,0,0,"",0
"2024-04-29","CRAH24","CRA","CRA","CRA",0,"2024-06-19",0,1,94.9825,94.985,1000,1441,0,3541,0,0.0025,94.9825,94.985,94.98,0,70,94.9825,163596,0,0,"",0
"2024-04-29","CRAM24","CRA","CRA","CRA",0,"2024-09-18",0,1,95.21,95.215,204,241,0,9822,0,0.01,95.215,95.225,95.205,0,779,95.21,154439,0,0,"",0
"2024-04-29","CRAU24","CRA","CRA","CRA",0,"2024-12-18",0,1,95.41,95.415,871,164,0,12902,0,0.015,95.4,95.42,95.395,0,1250,95.41,137517,0,0,"",0
"2024-04-29","CRAZ24","CRA","CRA","CRA",0,"2025-03-19",0,1,95.58,95.585,89,16,0,16857,0,0.02,95.565,95.6,95.565,0,1672,95.585,175667,0,0,"",0
"2024-04-29","CRAH25","CRA","CRA","CRA",0,"2025-06-18",0,1,95.725,95.73,42,22,0,6091,0,0.025,95.715,95.745,95.705,0,778,95.725,106523,0,0,"",0
"2024-04-29","CRAM25","CRA","CRA","CRA",0,"2025-09-17",0,1,95.855,95.86,35,6,0,7575,0,0.035,95.835,95.87,95.83,0,925,95.855,82338,0,0,"",0
"2024-04-29","CRAU25","CRA","CRA","CRA",0,"2025-12-17",0,1,0,95.985,0,14,0,4418,0,0.045,95.945,95.99,95.945,0,657,95.98,49928,0,0,"",0
"2024-04-29","CRAZ25","CRA","CRA","CRA",0,"2026-03-18",0,1,96.1,96.105,1,1,0,4710,0,0.055,96.075,96.105,96.07,0,649,96.095,39566,0,0,"",0
"2024-04-29","CRAH26","CRA","CRA","CRA",0,"2026-06-17",0,1,0,0,0,0,0,529,0,0.065,96.165,96.215,96.165,0,132,96.2,11859,0,0,"",0
"2024-04-29","CRAM26","CRA","CRA","CRA",0,"2026-09-16",0,1,96.3,0,5,0,0,297,0,0.06,96.305,96.31,96.29,0,65,96.295,8437,0,0,"",0
"2024-04-29","CRAU26","CRA","CRA","CRA",0,"2026-12-16",0,1,0,0,0,0,0,104,0,0.06,96.39,96.39,96.38,0,17,96.38,2105,0,0,"",0
"2024-04-29","CRAZ26","CRA","CRA","CRA",0,"2027-03-17",0,1,0,0,0,0,0,15,0,0.065,96.465,96.465,96.465,0,2,96.455,1035,0,0,"",0
"2024-04-30","CRAH24","CRA","CRA","CRA",0,"2024-06-19",0,1,94.98,94.9825,2061,596,0,3979,0,-0.0025,94.9825,94.9825,94.98,0,64,94.9825,163514,0,0,"",0
"2024-04-30","CRAM24","CRA","CRA","CRA",0,"2024-09-18",0,1,95.19,95.195,205,218,0,27281,0,-0.02,95.21,95.215,95.19,0,1823,95.195,154671,0,0,"",0
"2024-04-30","CRAU24","CRA","CRA","CRA",0,"2024-12-18",0,1,95.375,95.38,180,43,0,18833,0,-0.035,95.41,95.41,95.37,0,2585,95.38,171555,0,0,"",0
"2024-04-30","CRAZ24","CRA","CRA","CRA",0,"2025-03-19",0,1,95.53,95.54,334,127,0,25444,0,-0.055,95.585,95.585,95.53,0,3591,95.535,196529,0,0,"",0
"2024-04-30","CRAH25","CRA","CRA","CRA",0,"2025-06-18",0,1,95.66,95.67,43,22,0,13628,0,-0.06,95.725,95.725,95.66,0,2068,95.665,119032,0,0,"",0
"2024-04-30","CRAM25","CRA","CRA","CRA",0,"2025-09-17",0,1,95.74,95.795,12,12,0,9727,0,-0.06,95.87,95.87,95.785,0,2148,95.79,87435,0,0,"",0
"2024-04-30","CRAU25","CRA","CRA","CRA",0,"2025-12-17",0,1,95.905,95.92,2,101,0,3988,0,-0.065,95.98,95.98,95.9,0,991,95.905,53385,0,0,"",0
"2024-04-30","CRAZ25","CRA","CRA","CRA",0,"2026-03-18",0,1,96.02,96.035,4,1,0,4084,0,-0.07,96.105,96.11,96.015,0,1048,96.02,41400,0,0,"",0
"2024-04-30","CRAH26","CRA","CRA","CRA",0,"2026-06-17",0,1,96.12,0,1,0,0,979,0,-0.075,96.22,96.22,96.12,0,325,96.125,12311,0,0,"",0
"2024-04-30","CRAM26","CRA","CRA","CRA",0,"2026-09-16",0,1,0,0,0,0,0,217,0,-0.075,96.305,96.305,96.215,0,69,96.22,8413,0,0,"",0
"2024-04-30","CRAU26","CRA","CRA","CRA",0,"2026-12-16",0,1,0,0,0,0,0,172,0,-0.05,96.395,96.395,96.33,0,33,96.31,2124,0,0,"",0
"2024-04-30","CRAZ26","CRA","CRA","CRA",0,"2027-03-17",0,1,0,0,0,0,0,51,0,-0.045,96.41,96.41,96.41,0,3,96.39,1010,0,0,"",0
"2024-05-01","CRAH24","CRA","CRA","CRA",0,"2024-06-19",0,1,94.98,94.9825,1149,1255,94.9825,6246,94.9825,0,94.98,94.9825,94.98,593158,152,94.98,163235,0,0,"",0
"2024-05-01","CRAM24","CRA","CRA","CRA",0,"2024-09-18",0,1,95.215,95.22,215,170,95.22,29410,95.195,0.025,95.19,95.22,95.18,2798866,2693,95.21,157795,0,0,"",0
"2024-05-01","CRAU24","CRA","CRA","CRA",0,"2024-12-18",0,1,95.41,95.42,5,100,95.415,25579,95.38,0.035,95.375,95.415,95.365,2438570,3118,95.41,172434,0,0,"",0
"2024-05-01","CRAZ24","CRA","CRA","CRA",0,"2025-03-19",0,1,95.585,95.59,160,53,95.59,36076,95.535,0.055,95.53,95.605,95.52,3445353,4165,95.595,199244,0,0,"",0
"2024-05-01","CRAH25","CRA","CRA","CRA",0,"2025-06-18",0,1,95.725,95.735,2,2,95.73,12907,95.665,0.065,95.66,95.755,95.655,1233802,2383,95.745,120376,0,0,"",0
"2024-05-01","CRAM25","CRA","CRA","CRA",0,"2025-09-17",0,1,95.825,0,34,0,95.865,10012,95.79,0.075,95.785,95.89,95.78,958047,2222,95.88,88771,0,0,"",0
"2024-05-01","CRAU25","CRA","CRA","CRA",0,"2025-12-17",0,1,95.905,0,5,0,95.985,7138,95.905,0.08,95.9,96.015,95.895,683984,1380,96.01,53141,0,0,"",0
"2024-05-01","CRAZ25","CRA","CRA","CRA",0,"2026-03-18",0,1,96.07,96.105,1,2,96.1,6707,96.02,0.08,96.025,96.135,96.01,644024,1310,96.125,41297,0,0,"",0
"2024-05-01","CRAH26","CRA","CRA","CRA",0,"2026-06-17",0,1,96.13,0,5,0,96.21,1129,96.125,0.085,96.115,96.24,96.11,108526,208,96.23,12169,0,0,"",0
"2024-05-01","CRAM26","CRA","CRA","CRA",0,"2026-09-16",0,1,0,0,0,0,96.34,283,96.22,0.12,96.205,96.34,96.205,27235,37,96.325,8308,0,0,"",0
"2024-05-01","CRAU26","CRA","CRA","CRA",0,"2026-12-16",0,1,0,96.435,0,15,96.345,158,96.31,0.035,96.29,96.345,96.29,15224,18,96.415,2105,0,0,"",0
"2024-05-01","CRAZ26","CRA","CRA","CRA",0,"2027-03-17",0,1,0,96.49,0,10,96.46,61,96.39,0.07,96.425,96.46,96.425,5880,6,96.495,1009,0,0,"",0
"2024-05-02","CRAH24","CRA","CRA","CRA",0,"2024-06-19",0,1,94.9825,94.985,436,1482,0,6055,0,0.0025,94.9825,94.985,94.98,0,86,94.9825,160786,0,0,"",0
"2024-05-02","CRAM24","CRA","CRA","CRA",0,"2024-09-18",0,1,95.215,95.22,104,122,0,26967,0,0.005,95.22,95.225,95.2,0,1691,95.22,157889,0,0,"",0
"2024-05-02","CRAU24","CRA","CRA","CRA",0,"2024-12-18",0,1,95.41,95.42,8,8,0,17294,0,0.005,95.42,95.435,95.395,0,1801,95.43,170297,0,0,"",0
"2024-05-02","CRAZ24","CRA","CRA","CRA",0,"2025-03-19",0,1,95.595,95.605,11,5,0,30728,0,0.01,95.6,95.63,95.575,0,3438,95.625,207802,0,0,"",0
"2024-05-02","CRAH25","CRA","CRA","CRA",0,"2025-06-18",0,1,0,95.78,0,98,0,13404,0,0.02,95.75,95.79,95.715,0,2259,95.79,122260,0,0,"",0
"2024-05-02","CRAM25","CRA","CRA","CRA",0,"2025-09-17",0,1,95.9,95.905,42,18,0,18912,0,0.025,95.875,95.93,95.85,0,2244,95.925,89884,0,0,"",0
"2024-05-02","CRAU25","CRA","CRA","CRA",0,"2025-12-17",0,1,96.025,96.03,21,12,0,8622,0,0.02,95.995,96.055,95.97,0,1348,96.05,54220,0,0,"",0
"2024-05-02","CRAZ25","CRA","CRA","CRA",0,"2026-03-18",0,1,0,96.16,0,30,0,10513,0,0.03,96.11,96.18,96.095,0,1544,96.17,41255,0,0,"",0
"2024-05-02","CRAH26","CRA","CRA","CRA",0,"2026-06-17",0,1,96.26,0,25,0,0,2699,0,0.05,96.22,96.29,96.205,0,460,96.28,11887,0,0,"",0
"2024-05-02","CRAM26","CRA","CRA","CRA",0,"2026-09-16",0,1,0,0,0,0,0,1627,0,0,96.335,96.35,96.31,0,132,96.38,8198,0,0,"",0
"2024-05-02","CRAU26","CRA","CRA","CRA",0,"2026-12-16",0,1,0,0,0,0,0,1065,0,0.01,96.415,96.425,96.4,0,309,96.47,2241,0,0,"",0
"2024-05-02","CRAZ26","CRA","CRA","CRA",0,"2027-03-17",0,1,0,0,0,0,0,863,0,0.015,96.515,96.515,96.51,0,274,96.55,1055,0,0,"",0
"2024-05-03","CRAH24","CRA","CRA","CRA",0,"2024-06-19",0,1,94.9825,94.985,129,898,0,6109,0,0.0025,94.9825,94.9875,94.98,0,199,94.985,157722,0,0,"",0
"2024-05-03","CRAM24","CRA","CRA","CRA",0,"2024-09-18",0,1,95.245,95.25,550,1284,0,31408,0,0.025,95.22,95.28,95.215,0,2462,95.25,157052,0,0,"",0
"2024-05-03","CRAU24","CRA","CRA","CRA",0,"2024-12-18",0,1,95.48,95.485,10,160,0,29864,0,0.05,95.425,95.525,95.415,0,3916,95.48,173765,0,0,"",0
"2024-05-03","CRAZ24","CRA","CRA","CRA",0,"2025-03-19",0,1,95.695,95.705,10,55,0,36763,0,0.065,95.615,95.73,95.605,0,5102,95.695,203208,0,0,"",0
"2024-05-03","CRAH25","CRA","CRA","CRA",0,"2025-06-18",0,1,95.865,95.875,24,16,0,19955,0,0.08,95.775,95.91,95.765,0,4054,95.87,125207,0,0,"",0
"2024-05-03","CRAM25","CRA","CRA","CRA",0,"2025-09-17",0,1,95.94,96.025,7,10,0,20554,0,0.09,95.92,96.05,95.905,0,3728,96.015,93791,0,0,"",0
"2024-05-03","CRAU25","CRA","CRA","CRA",0,"2025-12-17",0,1,96.15,96.155,12,18,0,11821,0,0.1,96.035,96.18,96.03,0,2335,96.15,55248,0,0,"",0
"2024-05-03","CRAZ25","CRA","CRA","CRA",0,"2026-03-18",0,1,96.265,96.275,21,2,0,7320,0,0.105,96.165,96.305,96.155,0,1312,96.275,43073,0,0,"",0
"2024-05-03","CRAH26","CRA","CRA","CRA",0,"2026-06-17",0,1,96.38,0,25,0,0,2374,0,0.11,96.27,96.405,96.27,0,393,96.385,11937,0,0,"",0
"2024-05-03","CRAM26","CRA","CRA","CRA",0,"2026-09-16",0,1,96.405,0,11,0,0,1361,0,0.085,96.39,96.505,96.385,0,148,96.485,8205,0,0,"",0
"2024-05-03","CRAU26","CRA","CRA","CRA",0,"2026-12-16",0,1,0,0,0,0,0,192,0,0.105,96.495,96.575,96.48,0,38,96.575,1703,0,0,"",0
"2024-05-03","CRAZ26","CRA","CRA","CRA",0,"2027-03-17",0,1,0,0,0,0,0,247,0,0.09,96.57,96.67,96.57,0,27,96.65,459,0,0,"",0
"2024-05-06","CRAH24","CRA","CRA","CRA",0,"2024-06-19",0,1,94.9825,94.985,1384,1232,94.985,470,94.985,0,94.985,94.985,94.9825,44626,21,94.985,155093,0,0,"",0
"2024-05-06","CRAM24","CRA","CRA","CRA",0,"2024-09-18",0,1,95.245,95.25,303,125,95.25,8633,95.25,0,95.25,95.26,95.245,822133,478,95.255,159813,0,0,"",0
"2024-05-06","CRAU24","CRA","CRA","CRA",0,"2024-12-18",0,1,95.48,95.49,66,112,95.49,10112,95.48,0.01,95.49,95.495,95.475,964527,1730,95.49,173848,0,0,"",0
"2024-05-06","CRAZ24","CRA","CRA","CRA",0,"2025-03-19",0,1,95.69,95.7,72,4,95.7,14087,95.695,0.005,95.705,95.72,95.685,1347101,1896,95.705,198166,0,0,"",0
"2024-05-06","CRAH25","CRA","CRA","CRA",0,"2025-06-18",0,1,0,95.885,0,25,95.875,5278,95.87,0.005,95.875,95.9,95.865,505381,991,95.89,126327,0,0,"",0
"2024-05-06","CRAM25","CRA","CRA","CRA",0,"2025-09-17",0,1,96.025,96.035,33,87,96.035,5346,96.015,0.02,96.025,96.055,96.015,513255,1127,96.04,94068,0,0,"",0
"2024-05-06","CRAU25","CRA","CRA","CRA",0,"2025-12-17",0,1,0,96.175,0,25,96.165,3163,96.15,0.015,96.15,96.185,96.15,303924,719,96.175,56561,0,0,"",0
"2024-05-06","CRAZ25","CRA","CRA","CRA",0,"2026-03-18",0,1,96.285,96.295,31,2,96.295,5137,96.275,0.02,96.275,96.31,96.275,494327,736,96.3,42875,0,0,"",0
"2024-05-06","CRAH26","CRA","CRA","CRA",0,"2026-06-17",0,1,96.405,0,6,0,96.41,1293,96.385,0.025,96.4,96.425,96.395,124545,243,96.41,11549,0,0,"",0
"2024-05-06","CRAM26","CRA","CRA","CRA",0,"2026-09-16",0,1,0,0,0,0,96.5,63,96.485,0.015,96.505,96.505,96.5,6073,11,96.51,8831,0,0,"",0
"2024-05-06","CRAU26","CRA","CRA","CRA",0,"2026-12-16",0,1,0,0,0,0,96.61,75,96.575,0.035,96.59,96.61,96.58,7237,15,96.6,1667,0,0,"",0
"2024-05-06","CRAZ26","CRA","CRA","CRA",0,"2027-03-17",0,1,0,0,0,0,96.68,27,96.65,0.03,96.67,96.68,96.67,2608,3,96.675,529,0,0,"",0
"2024-05-07","CRAH24","CRA","CRA","CRA",0,"2024-06-19",0,1,94.98,94.9825,2368,765,0,4765,0,-0.0025,94.9825,94.9825,94.98,0,105,94.9825,155298,0,0,"",0
"2024-05-07","CRAM24","CRA","CRA","CRA",0,"2024-09-18",0,1,95.245,95.25,1095,548,0,19458,0,-0.005,95.25,95.255,95.245,0,1113,95.25,160624,0,0,"",0
"2024-05-07","CRAU24","CRA","CRA","CRA",0,"2024-12-18",0,1,95.475,95.485,11,237,0,8234,0,-0.015,95.495,95.495,95.475,0,1111,95.48,174090,0,0,"",0
"2024-05-07","CRAZ24","CRA","CRA","CRA",0,"2025-03-19",0,1,95.685,95.695,85,57,0,16169,0,-0.01,95.71,95.715,95.685,0,1770,95.695,198003,0,0,"",0
"2024-05-07","CRAH25","CRA","CRA","CRA",0,"2025-06-18",0,1,0,95.905,0,9,0,6334,0,-0.01,95.89,95.9,95.875,0,1170,95.88,126118,0,0,"",0
"2024-05-07","CRAM25","CRA","CRA","CRA",0,"2025-09-17",0,1,96.03,96.035,219,29,0,9116,0,-0.01,96.04,96.065,96.03,0,1571,96.04,93248,0,0,"",0
"2024-05-07","CRAU25","CRA","CRA","CRA",0,"2025-12-17",0,1,0,96.23,0,100,0,3662,0,0,96.175,96.2,96.165,0,796,96.175,56607,0,0,"",0
"2024-05-07","CRAZ25","CRA","CRA","CRA",0,"2026-03-18",0,1,0,96.325,0,36,0,5558,0,0,96.3,96.335,96.295,0,842,96.305,43539,0,0,"",0
"2024-05-07","CRAH26","CRA","CRA","CRA",0,"2026-06-17",0,1,96.42,96.44,23,25,0,3290,0,0.01,96.415,96.45,96.41,0,503,96.425,11092,0,0,"",0
"2024-05-07","CRAM26","CRA","CRA","CRA",0,"2026-09-16",0,1,0,0,0,0,0,366,0,0.025,96.525,96.555,96.525,0,34,96.53,8829,0,0,"",0
"2024-05-07","CRAU26","CRA","CRA","CRA",0,"2026-12-16",0,1,0,0,0,0,0,110,0,0.025,96.595,96.64,96.595,0,20,96.62,1613,0,0,"",0
"2024-05-07","CRAZ26","CRA","CRA","CRA",0,"2027-03-17",0,1,0,0,0,0,0,51,0,0.025,96.71,96.71,96.7,0,4,96.695,531,0,0,"",0
"2024-05-08","CRAH24","CRA","CRA","CRA",0,"2024-06-19",0,1,94.98,94.985,2069,1977,94.9825,2217,94.9825,0,94.98,94.985,94.98,210569,15,94.9825,152175,0,0,"",0
"2024-05-08","CRAM24","CRA","CRA","CRA",0,"2024-09-18",0,1,95.235,95.24,624,662,95.235,16671,95.25,-0.015,95.245,95.25,95.235,1587544,530,95.24,163914,0,0,"",0
"2024-05-08","CRAU24","CRA","CRA","CRA",0,"2024-12-18",0,1,95.46,95.465,141,18,95.465,7463,95.48,-0.015,95.475,95.48,95.46,711755,1284,95.465,174448,0,0,"",0
"2024-05-08","CRAZ24","CRA","CRA","CRA",0,"2025-03-19",0,1,95.67,95.675,26,27,95.675,11554,95.695,-0.02,95.685,95.69,95.67,1104514,1765,95.68,197969,0,0,"",0
"2024-05-08","CRAH25","CRA","CRA","CRA",0,"2025-06-18",0,1,95.845,95.855,14,51,95.855,6578,95.88,-0.025,95.865,95.875,95.85,629926,947,95.86,124770,0,0,"",0
"2024-05-08","CRAM25","CRA","CRA","CRA",0,"2025-09-17",0,1,95.995,96.005,10,16,96.005,9695,96.04,-0.035,96.025,96.03,96,930731,1659,96.01,94881,0,0,"",0
"2024-05-08","CRAU25","CRA","CRA","CRA",0,"2025-12-17",0,1,96.125,96.14,1,3,96.14,4802,96.175,-0.035,96.165,96.165,96.13,461355,1049,96.14,56497,0,0,"",0
"2024-05-08","CRAZ25","CRA","CRA","CRA",0,"2026-03-18",0,1,96.255,96.265,2,1,96.27,2977,96.305,-0.035,96.29,96.295,96.255,286305,751,96.265,40743,0,0,"",0
"2024-05-08","CRAH26","CRA","CRA","CRA",0,"2026-06-17",0,1,0,0,0,0,96.375,1357,96.425,-0.05,96.41,96.41,96.375,130680,288,96.38,10463,0,0,"",0
"2024-05-08","CRAM26","CRA","CRA","CRA",0,"2026-09-16",0,1,0,0,0,0,96.48,1022,96.53,-0.05,96.5,96.505,96.48,98613,35,96.485,8830,0,0,"",0
"2024-05-08","CRAU26","CRA","CRA","CRA",0,"2026-12-16",0,1,0,0,0,0,96.595,27,96.62,-0.025,96.595,96.6,96.58,2602,12,96.575,1566,0,0,"",0
"2024-05-08","CRAZ26","CRA","CRA","CRA",0,"2027-03-17",0,1,0,0,0,0,96.675,2,96.695,-0.02,96.67,96.675,96.67,192,2,96.65,531,0,0,"",0
"2024-05-09","CRAH24","CRA","CRA","CRA",0,"2024-06-19",0,1,94.98,94.9825,1805,22,0,824,0,-0.0025,94.9825,94.985,94.98,0,43,94.9825,150411,0,0,"",0
"2024-05-09","CRAM24","CRA","CRA","CRA",0,"2024-09-18",0,1,95.23,95.235,182,307,0,15886,0,-0.005,95.235,95.245,95.225,0,674,95.24,159382,0,0,"",0
"2024-05-09","CRAU24","CRA","CRA","CRA",0,"2024-12-18",0,1,95.455,95.46,47,38,0,11432,0,-0.01,95.455,95.48,95.445,0,2463,95.47,173507,0,0,"",0
"2024-05-09","CRAZ24","CRA","CRA","CRA",0,"2025-03-19",0,1,95.67,95.675,81,49,0,17622,0,-0.005,95.665,95.7,95.65,0,3139,95.685,197042,0,0,"",0
"2024-05-09","CRAH25","CRA","CRA","CRA",0,"2025-06-18",0,1,95.845,95.855,28,26,0,8836,0,-0.005,95.84,95.885,95.825,0,1408,95.865,126000,0,0,"",0
"2024-05-09","CRAM25","CRA","CRA","CRA",0,"2025-09-17",0,1,96,96.005,100,2,0,12069,0,0,95.99,96.035,95.975,0,2455,96.01,96742,0,0,"",0
"2024-05-09","CRAU25","CRA","CRA","CRA",0,"2025-12-17",0,1,96.13,96.14,59,7,0,5939,0,-0.005,96.115,96.165,96.11,0,1211,96.14,56748,0,0,"",0
"2024-05-09","CRAZ25","CRA","CRA","CRA",0,"2026-03-18",0,1,96.25,96.26,2,2,0,6825,0,-0.005,96.25,96.29,96.235,0,1166,96.265,40614,0,0,"",0
"2024-05-09","CRAH26","CRA","CRA","CRA",0,"2026-06-17",0,1,0,96.4,0,5,0,1123,0,-0.005,96.35,96.405,96.35,0,185,96.38,11118,0,0,"",0
"2024-05-09","CRAM26","CRA","CRA","CRA",0,"2026-09-16",0,1,0,0,0,0,0,213,0,0.005,96.46,96.49,96.46,0,15,96.485,9126,0,0,"",0
"2024-05-09","CRAU26","CRA","CRA","CRA",0,"2026-12-16",0,1,0,0,0,0,0,64,0,0,96.565,96.575,96.56,0,6,96.575,1541,0,0,"",0
"2024-05-09","CRAZ26","CRA","CRA","CRA",0,"2027-03-17",0,1,96.655,0,50,0,0,0,0,0,0,0,0,0,0,96.65,531,0,0,"",0
"2024-05-10","CRAH24","CRA","CRA","CRA",0,"2024-06-19",0,1,94.9725,94.975,842,168,0,6941,0,-0.01,94.98,94.98,94.97,0,360,94.9725,150185,0,0,"",0
"2024-05-10","CRAM24","CRA","CRA","CRA",0,"2024-09-18",0,1,95.175,95.18,26,859,0,48855,0,-0.06,95.23,95.235,95.16,0,2321,95.17,158629,0,0,"",0
"2024-05-10","CRAU24","CRA","CRA","CRA",0,"2024-12-18",0,1,95.375,95.38,156,38,0,24900,0,-0.095,95.46,95.465,95.365,0,3418,95.38,173873,0,0,"",0
"2024-05-10","CRAZ24","CRA","CRA","CRA",0,"2025-03-19",0,1,95.575,95.58,192,445,0,43710,0,-0.105,95.67,95.68,95.56,0,4472,95.58,200069,0,0,"",0
"2024-05-10","CRAH25","CRA","CRA","CRA",0,"2025-06-18",0,1,95.75,95.755,35,66,0,20014,0,-0.115,95.85,95.86,95.73,0,2968,95.755,126100,0,0,"",0
"2024-05-10","CRAM25","CRA","CRA","CRA",0,"2025-09-17",0,1,95.905,95.91,12,42,0,15755,0,-0.1,96,96.01,95.88,0,2613,95.905,97923,0,0,"",0
"2024-05-10","CRAU25","CRA","CRA","CRA",0,"2025-12-17",0,1,96.045,96.055,101,124,0,10533,0,-0.095,96.13,96.14,96.025,0,2112,96.05,57635,0,0,"",0
"2024-05-10","CRAZ25","CRA","CRA","CRA",0,"2026-03-18",0,1,96.175,96.185,100,7,0,6590,0,-0.085,96.25,96.27,96.155,0,1152,96.185,41981,0,0,"",0
"2024-05-10","CRAH26","CRA","CRA","CRA",0,"2026-06-17",0,1,96.295,96.32,10,150,0,1714,0,-0.075,96.375,96.38,96.28,0,349,96.31,11001,0,0,"",0
"2024-05-10","CRAM26","CRA","CRA","CRA",0,"2026-09-16",0,1,0,0,0,0,0,166,0,-0.07,96.475,96.485,96.39,0,38,96.415,9128,0,0,"",0
"2024-05-10","CRAU26","CRA","CRA","CRA",0,"2026-12-16",0,1,0,0,0,0,0,172,0,-0.06,96.57,96.58,96.49,0,26,96.51,1597,0,0,"",0
"2024-05-10","CRAZ26","CRA","CRA","CRA",0,"2027-03-17",0,1,0,0,0,0,0,51,0,-0.05,96.6,96.6,96.6,0,3,96.595,531,0,0,"",0
"2024-05-13","CRAH24","CRA","CRA","CRA",0,"2024-06-19",0,1,94.97,94.975,680,1512,0,2782,0,0,94.975,94.975,94.9725,0,80,94.9725,151905,0,0,"",0
"2024-05-13","CRAM24","CRA","CRA","CRA",0,"2024-09-18",0,1,95.16,95.165,29,236,0,18087,0,-0.01,95.18,95.185,95.16,0,909,95.165,155876,0,0,"",0
"2024-05-13","CRAU24","CRA","CRA","CRA",0,"2024-12-18",0,1,95.36,95.37,87,67,0,14400,0,-0.015,95.38,95.4,95.36,0,1648,95.375,173303,0,0,"",0
"2024-05-13","CRAZ24","CRA","CRA","CRA",0,"2025-03-19",0,1,95.56,95.57,56,104,0,16403,0,-0.01,95.58,95.605,95.56,0,1765,95.57,206284,0,0,"",0
"2024-05-13","CRAH25","CRA","CRA","CRA",0,"2025-06-18",0,1,95.74,95.745,40,26,0,10306,0,-0.01,95.755,95.785,95.73,0,1278,95.74,127622,0,0,"",0
"2024-05-13","CRAM25","CRA","CRA","CRA",0,"2025-09-17",0,1,95.9,95.905,29,25,0,5954,0,-0.005,95.905,95.94,95.885,0,1135,95.895,99543,0,0,"",0
"2024-05-13","CRAU25","CRA","CRA","CRA",0,"2025-12-17",0,1,96.045,96.05,4,33,0,6139,0,0,96.055,96.08,96.025,0,1271,96.04,60453,0,0,"",0
"2024-05-13","CRAZ25","CRA","CRA","CRA",0,"2026-03-18",0,1,96.185,96.19,4,5,0,5139,0,0.005,96.18,96.21,96.165,0,876,96.175,43892,0,0,"",0
"2024-05-13","CRAH26","CRA","CRA","CRA",0,"2026-06-17",0,1,96.305,0,48,0,0,758,0,0,96.31,96.33,96.29,0,157,96.3,11112,0,0,"",0
"2024-05-13","CRAM26","CRA","CRA","CRA",0,"2026-09-16",0,1,0,0,0,0,0,168,0,0.005,96.425,96.44,96.42,0,40,96.42,9106,0,0,"",0
"2024-05-13","CRAU26","CRA","CRA","CRA",0,"2026-12-16",0,1,0,0,0,0,0,339,0,0.015,96.535,96.545,96.515,0,63,96.525,1635,0,0,"",0
"2024-05-13","CRAZ26","CRA","CRA","CRA",0,"2027-03-17",0,1,0,0,0,0,0,49,0,0,0,0,0,0,2,96.615,531,0,0,"",0
"2024-05-14","CRAH24","CRA","CRA","CRA",0,"2024-06-19",0,1,94.97,94.9725,599,209,0,1560,0,-0.0025,94.97,94.975,94.97,0,41,94.97,152212,0,0,"",0
"2024-05-14","CRAM24","CRA","CRA","CRA",0,"2024-09-18",0,1,95.165,95.17,724,369,0,17138,0,0.005,95.165,95.17,95.145,0,1119,95.17,160095,0,0,"",0
"2024-05-14","CRAU24","CRA","CRA","CRA",0,"2024-12-18",0,1,95.37,95.375,25,255,0,14805,0,-0.005,95.36,95.375,95.33,0,2218,95.375,172161,0,0,"",0
"2024-05-14","CRAZ24","CRA","CRA","CRA",0,"2025-03-19",0,1,95.565,95.575,162,26,0,21685,0,0,95.56,95.58,95.5,0,3128,95.575,201170,0,0,"",0
"2024-05-14","CRAH25","CRA","CRA","CRA",0,"2025-06-18",0,1,95.685,95.755,5,10,0,9193,0,0.01,95.73,95.765,95.66,0,1613,95.755,126799,0,0,"",0
"2024-05-14","CRAM25","CRA","CRA","CRA",0,"2025-09-17",0,1,95.92,95.925,10,9,0,10150,0,0.025,95.89,95.935,95.835,0,1778,95.925,99036,0,0,"",0
"2024-05-14","CRAU25","CRA","CRA","CRA",0,"2025-12-17",0,1,96.07,96.08,4,2,0,7294,0,0.035,96.045,96.09,96,0,1411,96.075,62071,0,0,"",0
"2024-05-14","CRAZ25","CRA","CRA","CRA",0,"2026-03-18",0,1,96.21,96.215,36,26,0,6426,0,0.04,96.175,96.23,96.14,0,1141,96.21,45357,0,0,"",0
"2024-05-14","CRAH26","CRA","CRA","CRA",0,"2026-06-17",0,1,0,96.345,0,2,0,1699,0,0.045,96.315,96.355,96.275,0,381,96.335,11314,0,0,"",0
"2024-05-14","CRAM26","CRA","CRA","CRA",0,"2026-09-16",0,1,0,0,0,0,0,166,0,0.035,96.445,96.465,96.4,0,40,96.45,9166,0,0,"",0
"2024-05-14","CRAU26","CRA","CRA","CRA",0,"2026-12-16",0,1,96.55,96.56,15,25,0,413,0,0.025,96.55,96.57,96.54,0,76,96.55,1696,0,0,"",0
"2024-05-14","CRAZ26","CRA","CRA","CRA",0,"2027-03-17",0,1,0,0,0,0,0,101,0,0.015,96.635,96.655,96.62,0,11,96.635,531,0,0,"",0
"2024-05-15","CRAH24","CRA","CRA","CRA",0,"2024-06-19",0,1,94.9725,94.975,1439,22,0,12484,0,0.005,94.9725,94.975,94.9725,0,224,94.9725,152053,0,0,"",0
"2024-05-15","CRAM24","CRA","CRA","CRA",0,"2024-09-18",0,1,95.19,95.195,34,1067,0,24458,0,0.02,95.17,95.195,95.17,0,1648,95.19,162289,0,0,"",0
"2024-05-15","CRAU24","CRA","CRA","CRA",0,"2024-12-18",0,1,95.42,95.425,177,82,0,26640,0,0.045,95.37,95.43,95.37,0,3869,95.42,174777,0,0,"",0
"2024-05-15","CRAZ24","CRA","CRA","CRA",0,"2025-03-19",0,1,95.65,95.66,122,203,0,38374,0,0.08,95.575,95.66,95.57,0,4840,95.65,198659,0,0,"",0
"2024-05-15","CRAH25","CRA","CRA","CRA",0,"2025-06-18",0,1,95.855,95.865,41,171,0,22115,0,0.1,95.755,95.865,95.755,0,3210,95.855,126638,0,0,"",0
"2024-05-15","CRAM25","CRA","CRA","CRA",0,"2025-09-17",0,1,96.035,96.045,5,12,0,20020,0,0.12,95.925,96.05,95.925,0,3020,96.035,100318,0,0,"",0
"2024-05-15","CRAU25","CRA","CRA","CRA",0,"2025-12-17",0,1,0,96.21,0,100,0,11804,0,0.12,96.085,96.205,96.08,0,2160,96.19,62009,0,0,"",0
"2024-05-15","CRAZ25","CRA","CRA","CRA",0,"2026-03-18",0,1,96.34,96.345,2,1,0,7689,0,0.135,96.225,96.35,96.22,0,1437,96.335,46996,0,0,"",0
"2024-05-15","CRAH26","CRA","CRA","CRA",0,"2026-06-17",0,1,0,0,0,0,0,2922,0,0.13,96.35,96.475,96.345,0,583,96.46,11985,0,0,"",0
"2024-05-15","CRAM26","CRA","CRA","CRA",0,"2026-09-16",0,1,0,0,0,0,0,859,0,0.135,96.495,96.585,96.49,0,101,96.575,9086,0,0,"",0
"2024-05-15","CRAU26","CRA","CRA","CRA",0,"2026-12-16",0,1,0,96.68,0,24,0,568,0,0.13,96.58,96.68,96.58,0,50,96.67,1737,0,0,"",0
"2024-05-15","CRAZ26","CRA","CRA","CRA",0,"2027-03-17",0,1,0,0,0,0,0,129,0,0.115,96.685,96.75,96.68,0,12,96.75,598,0,0,"",0
"2024-05-16","CRAH24","CRA","CRA","CRA",0,"2024-06-19",0,1,94.9725,94.975,1299,1622,0,1184,0,0.0025,94.975,94.975,94.9725,0,25,94.9725,158696,0,0,"",0
"2024-05-16","CRAM24","CRA","CRA","CRA",0,"2024-09-18",0,1,95.175,95.18,272,24,0,10924,0,-0.01,95.195,95.195,95.175,0,703,95.18,162835,0,0,"",0
"2024-05-16","CRAU24","CRA","CRA","CRA",0,"2024-12-18",0,1,95.4,95.405,148,62,0,12145,0,-0.02,95.425,95.435,95.395,0,1392,95.4,174600,0,0,"",0
"2024-05-16","CRAZ24","CRA","CRA","CRA",0,"2025-03-19",0,1,95.63,95.635,102,54,0,16224,0,-0.02,95.66,95.67,95.615,0,2394,95.63,201794,0,0,"",0
"2024-05-16","CRAH25","CRA","CRA","CRA",0,"2025-06-18",0,1,95.835,95.845,93,203,0,11452,0,-0.01,95.865,95.88,95.82,0,1727,95.835,128441,0,0,"",0
"2024-05-16","CRAM25","CRA","CRA","CRA",0,"2025-09-17",0,1,96.02,96.025,33,131,0,7097,0,-0.015,96.06,96.06,96,0,1472,96.015,100187,0,0,"",0
"2024-05-16","CRAU25","CRA","CRA","CRA",0,"2025-12-17",0,1,96.175,96.185,155,276,0,7663,0,-0.005,96.215,96.215,96.16,0,1380,96.175,61373,0,0,"",0
"2024-05-16","CRAZ25","CRA","CRA","CRA",0,"2026-03-18",0,1,96.32,96.325,55,884,0,4283,0,-0.01,96.36,96.36,96.305,0,822,96.32,47017,0,0,"",0
"2024-05-16","CRAH26","CRA","CRA","CRA",0,"2026-06-17",0,1,96.425,96.46,50,1,0,817,0,-0.015,96.485,96.485,96.43,0,261,96.445,11812,0,0,"",0
"2024-05-16","CRAM26","CRA","CRA","CRA",0,"2026-09-16",0,1,96.545,96.59,25,50,0,138,0,-0.035,96.585,96.585,96.54,0,23,96.56,9100,0,0,"",0
"2024-05-16","CRAU26","CRA","CRA","CRA",0,"2026-12-16",0,1,96.645,0,7,0,0,67,0,-0.01,96.67,96.67,96.64,0,28,96.655,1701,0,0,"",0
"2024-05-16","CRAZ26","CRA","CRA","CRA",0,"2027-03-17",0,1,96.725,0,2,0,0,32,0,-0.005,96.745,96.745,96.745,0,5,96.735,689,0,0,"",0
"2024-05-17","CRAH24","CRA","CRA","CRA",0,"2024-06-19",0,1,94.97,94.975,1611,1813,94.9725,1018,94.9725,0,94.9725,94.975,94.97,96658,36,94.9725,158466,0,0,"",0
"2024-05-17","CRAM24","CRA","CRA","CRA",0,"2024-09-18",0,1,95.17,95.175,448,117,95.17,13077,95.18,-0.01,95.18,95.185,95.17,1244317,620,95.175,166966,0,0,"",0
"2024-05-17","CRAU24","CRA","CRA","CRA",0,"2024-12-18",0,1,95.385,95.39,97,188,95.385,6071,95.4,-0.015,95.4,95.405,95.38,578714,875,95.385,172341,0,0,"",0
"2024-05-17","CRAZ24","CRA","CRA","CRA",0,"2025-03-19",0,1,95.6,95.605,43,29,95.605,4476,95.63,-0.025,95.63,95.635,95.595,427579,806,95.6,197411,0,0,"",0
"2024-05-17","CRAH25","CRA","CRA","CRA",0,"2025-06-18",0,1,95.795,95.805,119,59,95.805,5464,95.835,-0.03,95.845,95.845,95.79,522883,1080,95.795,127380,0,0,"",0
"2024-05-17","CRAM25","CRA","CRA","CRA",0,"2025-09-17",0,1,95.97,95.98,39,66,95.975,3728,96.015,-0.04,96.02,96.03,95.97,357575,871,95.97,100137,0,0,"",0
"2024-05-17","CRAU25","CRA","CRA","CRA",0,"2025-12-17",0,1,96.125,96.13,72,25,96.13,2224,96.175,-0.045,96.18,96.185,96.125,213660,532,96.125,60015,0,0,"",0
"2024-05-17","CRAZ25","CRA","CRA","CRA",0,"2026-03-18",0,1,96.265,96.27,15,114,96.27,2321,96.32,-0.05,96.325,96.33,96.265,223241,603,96.265,45516,0,0,"",0
"2024-05-17","CRAH26","CRA","CRA","CRA",0,"2026-06-17",0,1,96.39,96.4,47,7,96.39,906,96.445,-0.055,96.455,96.455,96.39,87244,206,96.39,11655,0,0,"",0
"2024-05-17","CRAM26","CRA","CRA","CRA",0,"2026-09-16",0,1,96.475,96.505,50,50,96.505,10,96.56,-0.055,96.535,96.535,96.505,962,7,96.505,9184,0,0,"",0
"2024-05-17","CRAU26","CRA","CRA","CRA",0,"2026-12-16",0,1,96.57,96.62,50,50,96.61,31,96.655,-0.045,96.635,96.635,96.61,2991,9,96.605,1726,0,0,"",0
"2024-05-17","CRAZ26","CRA","CRA","CRA",0,"2027-03-17",0,1,96.64,96.69,50,50,96.69,25,96.735,-0.045,96.69,96.69,96.69,2414,7,96.685,704,0,0,"",0
"2024-05-21","CRAH24","CRA","CRA","CRA",0,"2024-06-19",0,1,94.98,94.9825,1249,1187,0,7325,0,0.0075,94.9725,94.9825,94.9725,0,155,94.98,158052,0,0,"",0
"2024-05-21","CRAM24","CRA","CRA","CRA",0,"2024-09-18",0,1,95.22,95.225,40,996,0,57824,0,0.04,95.175,95.235,95.17,0,3236,95.22,171052,0,0,"",0
"2024-05-21","CRAU24","CRA","CRA","CRA",0,"2024-12-18",0,1,95.435,95.44,70,287,0,38906,0,0.05,95.38,95.455,95.375,0,4562,95.435,173395,0,0,"",0
"2024-05-21","CRAZ24","CRA","CRA","CRA",0,"2025-03-19",0,1,95.655,95.66,39,55,0,39553,0,0.06,95.59,95.68,95.59,0,5337,95.655,195973,0,0,"",0
"2024-05-21","CRAH25","CRA","CRA","CRA",0,"2025-06-18",0,1,95.855,95.86,32,140,0,18311,0,0.065,95.8,95.885,95.79,0,2602,95.86,126588,0,0,"",0
"2024-05-21","CRAM25","CRA","CRA","CRA",0,"2025-09-17",0,1,96.04,96.045,68,115,0,11483,0,0.07,95.975,96.06,95.965,0,2282,96.04,99567,0,0,"",0
"2024-05-21","CRAU25","CRA","CRA","CRA",0,"2025-12-17",0,1,96.195,96.2,11,16,0,8237,0,0.07,96.12,96.215,96.12,0,1810,96.195,60133,0,0,"",0
"2024-05-21","CRAZ25","CRA","CRA","CRA",0,"2026-03-18",0,1,96.335,96.34,2,23,0,5849,0,0.07,96.27,96.355,96.255,0,1308,96.33,43656,0,0,"",0
"2024-05-21","CRAH26","CRA","CRA","CRA",0,"2026-06-17",0,1,0,0,0,0,0,2120,0,0.06,96.39,96.48,96.38,0,386,96.455,11673,0,0,"",0
"2024-05-21","CRAM26","CRA","CRA","CRA",0,"2026-09-16",0,1,0,0,0,0,0,1707,0,0.05,96.51,96.59,96.5,0,186,96.565,9175,0,0,"",0
"2024-05-21","CRAU26","CRA","CRA","CRA",0,"2026-12-16",0,1,0,96.695,0,25,0,440,0,0.045,96.61,96.68,96.6,0,65,96.665,1722,0,0,"",0
"2024-05-21","CRAZ26","CRA","CRA","CRA",0,"2027-03-17",0,1,96.73,0,6,0,0,146,0,0.06,96.7,96.75,96.7,0,34,96.75,729,0,0,"",0
"2024-05-22","CRAH24","CRA","CRA","CRA",0,"2024-06-19",0,1,94.9775,94.9825,1541,1032,94.98,3308,94.98,0,94.98,94.9825,94.9775,314164,61,94.98,157447,0,0,"",0
"2024-05-22","CRAM24","CRA","CRA","CRA",0,"2024-09-18",0,1,95.21,95.215,136,585,95.21,16381,95.22,-0.01,95.22,95.22,95.205,1559361,744,95.21,182343,0,0,"",0
"2024-05-22","CRAU24","CRA","CRA","CRA",0,"2024-12-18",0,1,95.415,95.42,308,40,95.42,15881,95.435,-0.015,95.43,95.435,95.41,1514578,1697,95.42,176650,0,0,"",0
"2024-05-22","CRAZ24","CRA","CRA","CRA",0,"2025-03-19",0,1,95.625,95.635,188,78,95.63,15638,95.655,-0.025,95.655,95.655,95.625,1494384,2081,95.63,195642,0,0,"",0
"2024-05-22","CRAH25","CRA","CRA","CRA",0,"2025-06-18",0,1,95.82,95.83,31,180,95.825,13647,95.86,-0.035,95.85,95.855,95.815,1306578,1864,95.825,131746,0,0,"",0
"2024-05-22","CRAM25","CRA","CRA","CRA",0,"2025-09-17",0,1,96.005,96.01,20,40,96.005,11727,96.04,-0.035,96.035,96.035,95.99,1125735,1553,96,100482,0,0,"",0
"2024-05-22","CRAU25","CRA","CRA","CRA",0,"2025-12-17",0,1,96.16,96.165,54,100,96.165,7136,96.195,-0.03,96.175,96.18,96.145,685796,1131,96.155,59799,0,0,"",0
"2024-05-22","CRAZ25","CRA","CRA","CRA",0,"2026-03-18",0,1,96.3,96.305,1,10,96.305,4240,96.33,-0.025,96.32,96.32,96.285,407950,804,96.295,43839,0,0,"",0
"2024-05-22","CRAH26","CRA","CRA","CRA",0,"2026-06-17",0,1,0,0,0,0,96.425,425,96.455,-0.03,96.415,96.44,96.41,40910,154,96.42,11743,0,0,"",0
"2024-05-22","CRAM26","CRA","CRA","CRA",0,"2026-09-16",0,1,0,0,0,0,96.535,231,96.565,-0.03,96.54,96.55,96.53,22257,90,96.535,9578,0,0,"",0
"2024-05-22","CRAU26","CRA","CRA","CRA",0,"2026-12-16",0,1,0,0,0,0,96.645,18,96.665,-0.02,96.645,96.645,96.645,1736,7,96.635,1820,0,0,"",0
"2024-05-22","CRAZ26","CRA","CRA","CRA",0,"2027-03-17",0,1,0,0,0,0,0,0,0,0,0,0,0,0,0,96.72,792,0,0,"",0
"2024-05-23","CRAH24","CRA","CRA","CRA",0,"2024-06-19",0,1,94.98,94.9825,402,828,94.98,2062,94.98,0,94.9775,94.98,94.9775,195803,68,94.98,158386,0,0,"",0
"2024-05-23","CRAM24","CRA","CRA","CRA",0,"2024-09-18",0,1,95.215,95.22,1815,1714,95.215,27134,95.21,0.005,95.21,95.225,95.195,2582775,1883,95.215,177016,0,0,"",0
"2024-05-23","CRAU24","CRA","CRA","CRA",0,"2024-12-18",0,1,95.415,95.425,132,140,95.415,16173,95.42,-0.005,95.415,95.435,95.395,1541868,2549,95.42,175721,0,0,"",0
"2024-05-23","CRAZ24","CRA","CRA","CRA",0,"2025-03-19",0,1,95.61,95.615,2,1,95.61,23654,95.63,-0.02,95.625,95.65,95.585,2259660,3955,95.62,195127,0,0,"",0
"2024-05-23","CRAH25","CRA","CRA","CRA",0,"2025-06-18",0,1,95.785,95.79,4,8,95.785,16351,95.825,-0.04,95.82,95.85,95.77,1564554,2944,95.8,132027,0,0,"",0
"2024-05-23","CRAM25","CRA","CRA","CRA",0,"2025-09-17",0,1,95.95,95.955,38,80,95.955,16797,96,-0.045,96,96.03,95.94,1610298,2665,95.97,101084,0,0,"",0
"2024-05-23","CRAU25","CRA","CRA","CRA",0,"2025-12-17",0,1,96.11,96.115,3,5,96.115,8563,96.155,-0.04,96.16,96.19,96.1,822644,1687,96.125,60536,0,0,"",0
"2024-05-23","CRAZ25","CRA","CRA","CRA",0,"2026-03-18",0,1,96.25,96.26,2,2,96.26,5835,96.295,-0.035,96.3,96.33,96.245,561272,1212,96.27,43007,0,0,"",0
"2024-05-23","CRAH26","CRA","CRA","CRA",0,"2026-06-17",0,1,0,0,0,0,96.395,1764,96.42,-0.025,96.425,96.45,96.375,169870,418,96.4,11828,0,0,"",0
"2024-05-23","CRAM26","CRA","CRA","CRA",0,"2026-09-16",0,1,0,0,0,0,96.515,238,96.535,-0.02,96.54,96.575,96.49,22936,82,96.515,9730,0,0,"",0
"2024-05-23","CRAU26","CRA","CRA","CRA",0,"2026-12-16",0,1,96.6,0,19,0,96.6,220,96.635,-0.035,96.64,96.66,96.585,21228,56,96.615,1820,0,0,"",0
"2024-05-23","CRAZ26","CRA","CRA","CRA",0,"2027-03-17",0,1,0,0,0,0,96.685,82,96.72,-0.035,96.71,96.74,96.67,7914,28,96.7,792,0,0,"",0
"2024-05-24","CRAH24","CRA","CRA","CRA",0,"2024-06-19",0,1,94.98,94.9825,140,938,0,17026,0,0,94.98,94.9825,94.98,0,44,94.98,157903,0,0,"",0
"2024-05-24","CRAM24","CRA","CRA","CRA",0,"2024-09-18",0,1,95.205,95.21,360,41,0,30652,0,-0.005,95.215,95.225,95.205,0,1225,95.21,177003,0,0,"",0
"2024-05-24","CRAU24","CRA","CRA","CRA",0,"2024-12-18",0,1,95.405,95.41,128,127,0,14326,0,-0.01,95.415,95.425,95.4,0,1614,95.41,176340,0,0,"",0
"2024-05-24","CRAZ24","CRA","CRA","CRA",0,"2025-03-19",0,1,95.59,95.595,38,39,0,18394,0,-0.025,95.605,95.62,95.575,0,2029,95.59,195540,0,0,"",0
"2024-05-24","CRAH25","CRA","CRA","CRA",0,"2025-06-18",0,1,95.765,0,1,0,0,13524,0,-0.03,95.785,95.8,95.74,0,1773,95.765,131874,0,0,"",0
"2024-05-24","CRAM25","CRA","CRA","CRA",0,"2025-09-17",0,1,95.94,95.945,41,100,0,17634,0,-0.025,95.95,95.97,95.91,0,2111,95.935,101987,0,0,"",0
"2024-05-24","CRAU25","CRA","CRA","CRA",0,"2025-12-17",0,1,96.105,96.11,59,26,0,10088,0,-0.015,96.11,96.125,96.07,0,1285,96.095,60619,0,0,"",0
"2024-05-24","CRAZ25","CRA","CRA","CRA",0,"2026-03-18",0,1,96.24,96.26,2,2,0,6217,0,-0.02,96.255,96.275,96.22,0,843,96.245,42209,0,0,"",0
"2024-05-24","CRAH26","CRA","CRA","CRA",0,"2026-06-17",0,1,96.38,96.39,20,1,0,1107,0,-0.02,96.39,96.41,96.355,0,257,96.38,11962,0,0,"",0
"2024-05-24","CRAM26","CRA","CRA","CRA",0,"2026-09-16",0,1,0,96.515,0,1,0,322,0,-0.025,96.505,96.51,96.485,0,65,96.495,9639,0,0,"",0
"2024-05-24","CRAU26","CRA","CRA","CRA",0,"2026-12-16",0,1,96.6,0,20,0,0,4,0,0,0,0,0,0,2,96.6,1840,0,0,"",0
"2024-05-24","CRAZ26","CRA","CRA","CRA",0,"2027-03-17",0,1,0,0,0,0,0,4,0,0,0,0,0,0,2,96.685,834,0,0,"",0
"2024-05-27","CRAH24","CRA","CRA","CRA",0,"2024-06-19",0,1,94.9775,94.9825,1745,998,94.98,325,94.98,0,94.98,94.9825,94.98,30857,17,94.98,152193,0,0,"",0
"2024-05-27","CRAM24","CRA","CRA","CRA",0,"2024-09-18",0,1,95.2,95.205,1328,807,95.2,8033,95.21,-0.01,95.21,95.21,95.195,764527,629,95.205,174759,0,0,"",0
"2024-05-27","CRAU24","CRA","CRA","CRA",0,"2024-12-18",0,1,95.395,95.4,689,497,95.4,3936,95.41,-0.01,95.415,95.415,95.39,375225,532,95.4,177501,0,0,"",0
"2024-05-27","CRAZ24","CRA","CRA","CRA",0,"2025-03-19",0,1,95.57,95.575,128,55,95.575,3465,95.59,-0.015,95.6,95.6,95.565,330865,624,95.575,198827,0,0,"",0
"2024-05-27","CRAH25","CRA","CRA","CRA",0,"2025-06-18",0,1,95.735,95.745,74,53,95.735,2607,95.765,-0.03,95.775,95.775,95.735,249328,541,95.74,133925,0,0,"",0
"2024-05-27","CRAM25","CRA","CRA","CRA",0,"2025-09-17",0,1,95.905,95.91,11,12,95.905,3200,95.935,-0.03,95.945,95.945,95.9,306600,519,95.905,104758,0,0,"",0
"2024-05-27","CRAU25","CRA","CRA","CRA",0,"2025-12-17",0,1,96.065,96.07,4,25,96.07,3379,96.095,-0.025,96.115,96.115,96.065,324511,534,96.065,61811,0,0,"",0
"2024-05-27","CRAZ25","CRA","CRA","CRA",0,"2026-03-18",0,1,96.22,96.225,1,11,96.225,3224,96.245,-0.02,96.27,96.27,96.22,310090,471,96.225,42461,0,0,"",0
"2024-05-27","CRAH26","CRA","CRA","CRA",0,"2026-06-17",0,1,0,0,0,0,96.365,511,96.38,-0.015,96.405,96.405,96.355,49202,98,96.365,12159,0,0,"",0
"2024-05-27","CRAM26","CRA","CRA","CRA",0,"2026-09-16",0,1,0,0,0,0,96.51,29,96.495,0.015,96.505,96.51,96.505,2796,6,96.485,9501,0,0,"",0
"2024-05-27","CRAU26","CRA","CRA","CRA",0,"2026-12-16",0,1,96.585,0,1,0,96.59,4,96.6,-0.01,96.6,96.6,96.59,384,4,96.59,1836,0,0,"",0
"2024-05-27","CRAZ26","CRA","CRA","CRA",0,"2027-03-17",0,1,0,0,0,0,0,0,0,0,0,0,0,0,0,96.675,834,0,0,"",0
"2024-05-28","CRAH24","CRA","CRA","CRA",0,"2024-06-19",0,1,94.9775,94.98,1249,771,0,1312,0,0,94.98,94.9825,94.98,0,60,94.98,152107,0,0,"",0
"2024-05-28","CRAM24","CRA","CRA","CRA",0,"2024-09-18",0,1,95.2,95.205,1285,670,0,28736,0,0,95.205,95.22,95.2,0,2028,95.205,177079,0,0,"",0
"2024-05-28","CRAU24","CRA","CRA","CRA",0,"2024-12-18",0,1,95.38,95.385,397,133,0,22869,0,-0.015,95.4,95.415,95.385,0,4695,95.39,179253,0,0,"",0
"2024-05-28","CRAZ24","CRA","CRA","CRA",0,"2025-03-19",0,1,95.55,95.555,273,86,0,19772,0,-0.02,95.575,95.6,95.555,0,3719,95.56,198178,0,0,"",0
"2024-05-28","CRAH25","CRA","CRA","CRA",0,"2025-06-18",0,1,95.71,95.72,18,138,0,12427,0,-0.025,95.74,95.775,95.715,0,2445,95.725,134813,0,0,"",0
"2024-05-28","CRAM25","CRA","CRA","CRA",0,"2025-09-17",0,1,95.875,95.88,10,26,0,13018,0,-0.02,95.91,95.94,95.88,0,2291,95.89,102273,0,0,"",0
"2024-05-28","CRAU25","CRA","CRA","CRA",0,"2025-12-17",0,1,96.03,96.04,4,6,0,10021,0,-0.03,96.07,96.1,96.035,0,2010,96.05,62806,0,0,"",0
"2024-05-28","CRAZ25","CRA","CRA","CRA",0,"2026-03-18",0,1,96.165,96.19,21,4,0,6573,0,-0.04,96.23,96.255,96.185,0,1462,96.2,44014,0,0,"",0
"2024-05-28","CRAH26","CRA","CRA","CRA",0,"2026-06-17",0,1,0,96.33,0,42,0,1533,0,-0.05,96.38,96.4,96.315,0,540,96.335,12341,0,0,"",0
"2024-05-28","CRAM26","CRA","CRA","CRA",0,"2026-09-16",0,1,0,0,0,0,0,230,0,-0.035,96.505,96.515,96.445,0,76,96.45,9501,0,0,"",0
"2024-05-28","CRAU26","CRA","CRA","CRA",0,"2026-12-16",0,1,0,0,0,0,0,141,0,-0.02,96.615,96.62,96.57,0,29,96.55,1836,0,0,"",0
"2024-05-28","CRAZ26","CRA","CRA","CRA",0,"2027-03-17",0,1,0,0,0,0,0,77,0,0.025,96.7,96.7,96.7,0,4,96.63,834,0,0,"",0
"2024-05-29","CRAH24","CRA","CRA","CRA",0,"2024-06-19",0,1,94.9775,94.98,1571,1683,94.98,4146,94.98,0,94.9775,94.98,94.9775,393767,56,94.98,152128,0,0,"",0
"2024-05-29","CRAM24","CRA","CRA","CRA",0,"2024-09-18",0,1,95.19,95.195,617,301,95.195,22955,95.205,-0.01,95.2,95.2,95.185,2184666,1268,95.195,183630,0,0,"",0
"2024-05-29","CRAU24","CRA","CRA","CRA",0,"2024-12-18",0,1,95.375,95.38,138,97,95.375,17001,95.39,-0.015,95.375,95.39,95.36,1619949,3316,95.375,177256,0,0,"",0
"2024-05-29","CRAZ24","CRA","CRA","CRA",0,"2025-03-19",0,1,95.54,95.545,51,52,95.54,18158,95.56,-0.02,95.54,95.565,95.525,1733608,2839,95.54,200832,0,0,"",0
"2024-05-29","CRAH25","CRA","CRA","CRA",0,"2025-06-18",0,1,95.695,95.7,15,24,95.7,15468,95.725,-0.025,95.7,95.725,95.685,1478418,3482,95.7,136398,0,0,"",0
"2024-05-29","CRAM25","CRA","CRA","CRA",0,"2025-09-17",0,1,95.85,95.86,16,39,95.855,14123,95.89,-0.035,95.865,95.885,95.84,1351465,3377,95.86,104487,0,0,"",0
"2024-05-29","CRAU25","CRA","CRA","CRA",0,"2025-12-17",0,1,96,96.01,6,7,96.005,11336,96.05,-0.045,96.025,96.045,95.99,1088211,2238,96.015,64254,0,0,"",0
"2024-05-29","CRAZ25","CRA","CRA","CRA",0,"2026-03-18",0,1,96.125,96.155,1,2,96.155,9442,96.2,-0.045,96.17,96.19,96.13,907472,1449,96.16,46035,0,0,"",0
"2024-05-29","CRAH26","CRA","CRA","CRA",0,"2026-06-17",0,1,0,0,0,0,96.28,1648,96.335,-0.055,96.295,96.315,96.255,158512,444,96.29,12318,0,0,"",0
"2024-05-29","CRAM26","CRA","CRA","CRA",0,"2026-09-16",0,1,0,0,0,0,96.405,256,96.45,-0.045,96.425,96.435,96.395,24658,48,96.405,9428,0,0,"",0
"2024-05-29","CRAU26","CRA","CRA","CRA",0,"2026-12-16",0,1,0,0,0,0,96.495,195,96.55,-0.055,96.52,96.535,96.495,18806,33,96.5,1849,0,0,"",0
"2024-05-29","CRAZ26","CRA","CRA","CRA",0,"2027-03-17",0,1,96.475,0,25,0,96.565,151,96.63,-0.065,96.605,96.615,96.565,14583,7,96.575,911,0,0,"",0
"2024-05-30","CRAH24","CRA","CRA","CRA",0,"2024-06-19",0,1,94.9775,94.98,3090,591,94.98,2765,94.98,0,94.98,94.98,94.9775,262587,59,94.98,154906,0,0,"",0
"2024-05-30","CRAM24","CRA","CRA","CRA",0,"2024-09-18",0,1,95.2,95.205,1912,203,95.205,23819,95.195,0.01,95.195,95.21,95.19,2266984,1970,95.2,186475,0,0,"",0
"2024-05-30","CRAU24","CRA","CRA","CRA",0,"2024-12-18",0,1,95.4,95.41,36,96,95.405,15700,95.375,0.03,95.38,95.415,95.375,1496599,2638,95.405,177002,0,0,"",0
"2024-05-30","CRAZ24","CRA","CRA","CRA",0,"2025-03-19",0,1,95.59,95.6,66,85,95.59,27230,95.54,0.05,95.545,95.605,95.545,2601084,3158,95.59,203147,0,0,"",0
"2024-05-30","CRAH25","CRA","CRA","CRA",0,"2025-06-18",0,1,95.76,95.765,7,51,95.76,13789,95.7,0.06,95.705,95.77,95.7,1318506,2898,95.755,136206,0,0,"",0
"2024-05-30","CRAM25","CRA","CRA","CRA",0,"2025-09-17",0,1,95.85,95.925,24,93,95.925,14825,95.86,0.065,95.86,95.93,95.86,1419434,3301,95.915,103223,0,0,"",0
"2024-05-30","CRAU25","CRA","CRA","CRA",0,"2025-12-17",0,1,96.075,96.08,11,12,96.075,8830,96.015,0.06,96.02,96.09,96.02,847898,1623,96.07,65437,0,0,"",0
"2024-05-30","CRAZ25","CRA","CRA","CRA",0,"2026-03-18",0,1,96.21,96.22,4,4,96.22,4754,96.16,0.06,96.17,96.225,96.17,457048,897,96.215,49566,0,0,"",0
"2024-05-30","CRAH26","CRA","CRA","CRA",0,"2026-06-17",0,1,0,96.345,0,46,96.345,1353,96.29,0.055,96.315,96.345,96.295,130179,354,96.34,13094,0,0,"",0
"2024-05-30","CRAM26","CRA","CRA","CRA",0,"2026-09-16",0,1,0,0,0,0,96.445,917,96.405,0.04,96.41,96.45,96.405,88352,166,96.445,9462,0,0,"",0
"2024-05-30","CRAU26","CRA","CRA","CRA",0,"2026-12-16",0,1,0,0,0,0,96.53,353,96.5,0.03,96.515,96.53,96.515,34060,30,96.535,1817,0,0,"",0
"2024-05-30","CRAZ26","CRA","CRA","CRA",0,"2027-03-17",0,1,0,0,0,0,96.595,198,96.575,0.02,96.585,96.6,96.585,19110,28,96.605,1061,0,0,"",0
"2024-05-31","CRAH24","CRA","CRA","CRA",0,"2024-06-19",0,1,94.9825,94.9875,1605,1319,0,3720,0,0.005,94.98,94.9875,94.98,0,148,94.9825,154503,0,0,"",0
"2024-05-31","CRAM24","CRA","CRA","CRA",0,"2024-09-18",0,1,95.24,95.245,87,421,0,33956,0,0.04,95.205,95.265,95.195,0,2381,95.245,196885,0,0,"",0
"2024-05-31","CRAU24","CRA","CRA","CRA",0,"2024-12-18",0,1,95.44,95.45,46,46,0,31344,0,0.04,95.405,95.465,95.39,0,4334,95.455,175947,0,0,"",0
"2024-05-31","CRAZ24","CRA","CRA","CRA",0,"2025-03-19",0,1,95.635,95.645,145,45,0,30829,0,0.05,95.595,95.66,95.575,0,4155,95.65,209965,0,0,"",0
"2024-05-31","CRAH25","CRA","CRA","CRA",0,"2025-06-18",0,1,0,95.82,0,1,0,17289,0,0.065,95.755,95.845,95.74,0,3222,95.825,139441,0,0,"",0
"2024-05-31","CRAM25","CRA","CRA","CRA",0,"2025-09-17",0,1,95.97,95.99,10,14,0,16258,0,0.07,95.915,96.02,95.895,0,3086,95.99,107297,0,0,"",0
"2024-05-31","CRAU25","CRA","CRA","CRA",0,"2025-12-17",0,1,96.14,96.15,21,6,0,13337,0,0.07,96.065,96.185,96.05,0,2510,96.15,65427,0,0,"",0
"2024-05-31","CRAZ25","CRA","CRA","CRA",0,"2026-03-18",0,1,96.28,96.3,5,5,0,11727,0,0.07,96.215,96.33,96.195,0,2159,96.29,50570,0,0,"",0
"2024-05-31","CRAH26","CRA","CRA","CRA",0,"2026-06-17",0,1,96.405,96.445,5,4,0,1988,0,0.07,96.33,96.45,96.31,0,586,96.415,13399,0,0,"",0
"2024-05-31","CRAM26","CRA","CRA","CRA",0,"2026-09-16",0,1,0,0,0,0,0,950,0,0.075,96.415,96.555,96.415,0,282,96.52,9064,0,0,"",0
"2024-05-31","CRAU26","CRA","CRA","CRA",0,"2026-12-16",0,1,0,0,0,0,0,214,0,0.075,96.625,96.64,96.61,0,21,96.61,1921,0,0,"",0
"2024-05-31","CRAZ26","CRA","CRA","CRA",0,"2027-03-17",0,1,0,96.76,0,1,0,260,0,0.08,96.71,96.71,96.685,0,46,96.68,1083,0,0,"",0