"Date","Symbol","Class Symbol","Root Symbol","Underlying Symbol","Strike Price","Expiry Date","Call/Put","Ins. Type","Bid Price","Ask Price","Bid Size","Ask Size","Last Price","Volume","Last Close Price","Net Change","Open Price","High Price","Low Price","Total Value","Nb. Trades","Settlement Price","Open Interest","Implied Volatility","Accrued Financing Value","Accrued Financing Date","CORRA Rate"
"2020-12-01","CRAU20","CRA","CRA","CRA",0,"2020-12-16",0,1,99.775,0,100,0,0,0,0,0,0,0,0,0,0,99.775,1037,0,0,"",0
"2020-12-01","CRAZ20","CRA","CRA","CRA",0,"2021-03-17",0,1,99.78,0,9,0,0,0,0,0,0,0,0,0,0,99.78,1845,0,0,"",0
"2020-12-01","CRAH21","CRA","CRA","CRA",0,"2021-06-16",0,1,99.785,99.79,20,100,0,0,0,0,0,0,0,0,0,99.785,2643,0,0,"",0
"2020-12-01","CRAM21","CRA","CRA","CRA",0,"2021-09-15",0,1,99.78,0,100,0,0,0,0,0,0,0,0,0,0,99.785,250,0,0,"",0
"2020-12-01","CRAU21","CRA","CRA","CRA",0,"2021-12-15",0,1,99.75,0,50,0,0,0,0,0,0,0,0,0,0,99.785,89,0,0,"",0
"2020-12-01","CRAZ21","CRA","CRA","CRA",0,"2022-03-16",0,1,0,0,0,0,0,0,0,0,0,0,0,0,0,99.765,0,0,0,"",0
"2020-12-01","CRAH22","CRA","CRA","CRA",0,"2022-06-15",0,1,0,0,0,0,0,0,0,0,0,0,0,0,0,99.75,0,0,0,"",0
"2020-12-01","CRAM22","CRA","CRA","CRA",0,"2022-09-21",0,1,0,0,0,0,0,0,0,0,0,0,0,0,0,99.715,0,0,0,"",0
"2020-12-01","CRAU22","CRA","CRA","CRA",0,"2022-12-21",0,1,0,0,0,0,0,0,0,0,0,0,0,0,0,99.695,0,0,0,"",0
"2020-12-01","CRAZ22","CRA","CRA","CRA",0,"2023-03-15",0,1,0,0,0,0,0,0,0,0,0,0,0,0,0,99.675,0,0,0,"",0
"2020-12-01","CRAH23","CRA","CRA","CRA",0,"2023-06-21",0,1,0,0,0,0,0,0,0,0,0,0,0,0,0,99.645,0,0,0,"",0
"2020-12-01","CRAM23","CRA","CRA","CRA",0,"2023-09-20",0,1,0,0,0,0,0,0,0,0,0,0,0,0,0,99.615,0,0,0,"",0
"2020-12-02","CRAU20","CRA","CRA","CRA",0,"2020-12-16",0,1,99.775,99.79,100,100,0,0,0,0,0,0,0,0,0,99.775,1037,0,0,"",0
"2020-12-02","CRAZ20","CRA","CRA","CRA",0,"2021-03-17",0,1,99.78,99.795,109,100,0,0,0,0,0,0,0,0,0,99.78,1823,0,0,"",0
"2020-12-02","CRAH21","CRA","CRA","CRA",0,"2021-06-16",0,1,99.785,0,20,0,0,0,0,0,0,0,0,0,0,99.785,2643,0,0,"",0
"2020-12-02","CRAM21","CRA","CRA","CRA",0,"2021-09-15",0,1,99.78,99.795,100,100,0,0,0,0,0,0,0,0,0,99.785,250,0,0,"",0
"2020-12-02","CRAU21","CRA","CRA","CRA",0,"2021-12-15",0,1,99.75,0,50,0,0,0,0,0,0,0,0,0,0,99.785,89,0,0,"",0
"2020-12-02","CRAZ21","CRA","CRA","CRA",0,"2022-03-16",0,1,0,0,0,0,0,0,0,0,0,0,0,0,0,99.765,0,0,0,"",0
"2020-12-02","CRAH22","CRA","CRA","CRA",0,"2022-06-15",0,1,0,0,0,0,0,0,0,0,0,0,0,0,0,99.75,0,0,0,"",0
"2020-12-02","CRAM22","CRA","CRA","CRA",0,"2022-09-21",0,1,0,0,0,0,0,0,0,0,0,0,0,0,0,99.715,0,0,0,"",0
"2020-12-02","CRAU22","CRA","CRA","CRA",0,"2022-12-21",0,1,0,0,0,0,0,0,0,0,0,0,0,0,0,99.695,0,0,0,"",0
"2020-12-02","CRAZ22","CRA","CRA","CRA",0,"2023-03-15",0,1,0,0,0,0,0,0,0,0,0,0,0,0,0,99.675,0,0,0,"",0
"2020-12-02","CRAH23","CRA","CRA","CRA",0,"2023-06-21",0,1,0,0,0,0,0,0,0,0,0,0,0,0,0,99.645,0,0,0,"",0
"2020-12-02","CRAM23","CRA","CRA","CRA",0,"2023-09-20",0,1,0,0,0,0,0,0,0,0,0,0,0,0,0,99.615,0,0,0,"",0
"2020-12-03","CRAU20","CRA","CRA","CRA",0,"2020-12-16",0,1,99.775,0,101,0,0,0,0,0,0,0,0,0,0,99.775,1037,0,0,"",0
"2020-12-03","CRAZ20","CRA","CRA","CRA",0,"2021-03-17",0,1,99.78,99.79,9,201,0,0,0,0,0,0,0,0,0,99.78,1823,0,0,"",0
"2020-12-03","CRAH21","CRA","CRA","CRA",0,"2021-06-16",0,1,99.785,99.79,100,200,0,0,0,0,0,0,0,0,0,99.785,2643,0,0,"",0
"2020-12-03","CRAM21","CRA","CRA","CRA",0,"2021-09-15",0,1,99.78,99.79,100,200,0,0,0,0,0,0,0,0,0,99.785,250,0,0,"",0
"2020-12-03","CRAU21","CRA","CRA","CRA",0,"2021-12-15",0,1,99.755,99.79,50,200,0,0,0,0,0,0,0,0,0,99.785,89,0,0,"",0
"2020-12-03","CRAZ21","CRA","CRA","CRA",0,"2022-03-16",0,1,0,0,0,0,0,0,0,0,0,0,0,0,0,99.765,0,0,0,"",0
"2020-12-03","CRAH22","CRA","CRA","CRA",0,"2022-06-15",0,1,0,0,0,0,0,0,0,0,0,0,0,0,0,99.75,0,0,0,"",0
"2020-12-03","CRAM22","CRA","CRA","CRA",0,"2022-09-21",0,1,0,0,0,0,0,0,0,0,0,0,0,0,0,99.715,0,0,0,"",0
"2020-12-03","CRAU22","CRA","CRA","CRA",0,"2022-12-21",0,1,0,0,0,0,0,0,0,0,0,0,0,0,0,99.695,0,0,0,"",0
"2020-12-03","CRAZ22","CRA","CRA","CRA",0,"2023-03-15",0,1,0,0,0,0,0,0,0,0,0,0,0,0,0,99.675,0,0,0,"",0
"2020-12-03","CRAH23","CRA","CRA","CRA",0,"2023-06-21",0,1,0,0,0,0,0,0,0,0,0,0,0,0,0,99.645,0,0,0,"",0
"2020-12-03","CRAM23","CRA","CRA","CRA",0,"2023-09-20",0,1,0,0,0,0,0,0,0,0,0,0,0,0,0,99.615,0,0,0,"",0
"2020-12-04","CRAU20","CRA","CRA","CRA",0,"2020-12-16",0,1,99.775,99.79,100,100,0,0,0,0,0,0,0,0,0,99.775,1037,0,0,"",0
"2020-12-04","CRAZ20","CRA","CRA","CRA",0,"2021-03-17",0,1,99.78,99.795,109,100,0,0,0,0,0,0,0,0,0,99.78,1823,0,0,"",0
"2020-12-04","CRAH21","CRA","CRA","CRA",0,"2021-06-16",0,1,99.78,99.79,120,200,0,0,0,0,0,0,0,0,0,99.785,2643,0,0,"",0
"2020-12-04","CRAM21","CRA","CRA","CRA",0,"2021-09-15",0,1,99.78,99.79,100,200,0,0,0,0,0,0,0,0,0,99.785,250,0,0,"",0
"2020-12-04","CRAU21","CRA","CRA","CRA",0,"2021-12-15",0,1,99.75,0,50,0,0,0,0,0,0,0,0,0,0,99.785,89,0,0,"",0
"2020-12-04","CRAZ21","CRA","CRA","CRA",0,"2022-03-16",0,1,0,0,0,0,0,0,0,0,0,0,0,0,0,99.765,0,0,0,"",0
"2020-12-04","CRAH22","CRA","CRA","CRA",0,"2022-06-15",0,1,0,0,0,0,0,0,0,0,0,0,0,0,0,99.75,0,0,0,"",0
"2020-12-04","CRAM22","CRA","CRA","CRA",0,"2022-09-21",0,1,0,0,0,0,0,0,0,0,0,0,0,0,0,99.715,0,0,0,"",0
"2020-12-04","CRAU22","CRA","CRA","CRA",0,"2022-12-21",0,1,0,0,0,0,0,0,0,0,0,0,0,0,0,99.695,0,0,0,"",0
"2020-12-04","CRAZ22","CRA","CRA","CRA",0,"2023-03-15",0,1,0,0,0,0,0,0,0,0,0,0,0,0,0,99.675,0,0,0,"",0
"2020-12-04","CRAH23","CRA","CRA","CRA",0,"2023-06-21",0,1,0,0,0,0,0,0,0,0,0,0,0,0,0,99.645,0,0,0,"",0
"2020-12-04","CRAM23","CRA","CRA","CRA",0,"2023-09-20",0,1,0,0,0,0,0,0,0,0,0,0,0,0,0,99.615,0,0,0,"",0
"2020-12-07","CRAU20","CRA","CRA","CRA",0,"2020-12-16",0,1,99.775,99.79,200,200,0,0,0,0,0,0,0,0,0,99.775,1037,0,0,"",0
"2020-12-07","CRAZ20","CRA","CRA","CRA",0,"2021-03-17",0,1,99.78,99.795,509,200,0,0,0,0,0,0,0,0,0,99.78,1823,0,0,"",0
"2020-12-07","CRAH21","CRA","CRA","CRA",0,"2021-06-16",0,1,99.78,99.795,220,200,0,0,0,0,0,0,0,0,0,99.785,2643,0,0,"",0
"2020-12-07","CRAM21","CRA","CRA","CRA",0,"2021-09-15",0,1,99.78,99.795,200,200,0,0,0,0,0,0,0,0,0,99.785,250,0,0,"",0
"2020-12-07","CRAU21","CRA","CRA","CRA",0,"2021-12-15",0,1,99.75,0,50,0,0,0,0,0,0,0,0,0,0,99.785,89,0,0,"",0
"2020-12-07","CRAZ21","CRA","CRA","CRA",0,"2022-03-16",0,1,0,0,0,0,0,0,0,0,0,0,0,0,0,99.765,0,0,0,"",0
"2020-12-07","CRAH22","CRA","CRA","CRA",0,"2022-06-15",0,1,0,0,0,0,0,0,0,0,0,0,0,0,0,99.75,0,0,0,"",0
"2020-12-07","CRAM22","CRA","CRA","CRA",0,"2022-09-21",0,1,0,0,0,0,0,0,0,0,0,0,0,0,0,99.715,0,0,0,"",0
"2020-12-07","CRAU22","CRA","CRA","CRA",0,"2022-12-21",0,1,0,0,0,0,0,0,0,0,0,0,0,0,0,99.695,0,0,0,"",0
"2020-12-07","CRAZ22","CRA","CRA","CRA",0,"2023-03-15",0,1,0,0,0,0,0,0,0,0,0,0,0,0,0,99.675,0,0,0,"",0
"2020-12-07","CRAH23","CRA","CRA","CRA",0,"2023-06-21",0,1,0,0,0,0,0,0,0,0,0,0,0,0,0,99.645,0,0,0,"",0
"2020-12-07","CRAM23","CRA","CRA","CRA",0,"2023-09-20",0,1,0,0,0,0,0,0,0,0,0,0,0,0,0,99.615,0,0,0,"",0
"2020-12-08","CRAU20","CRA","CRA","CRA",0,"2020-12-16",0,1,99.775,99.79,100,100,0,0,0,0,0,0,0,0,0,99.775,1037,0,0,"",0
"2020-12-08","CRAZ20","CRA","CRA","CRA",0,"2021-03-17",0,1,99.785,99.8,400,100,0,0,0,0,0,0,0,0,0,99.785,1823,0,0,"",0
"2020-12-08","CRAH21","CRA","CRA","CRA",0,"2021-06-16",0,1,99.785,99.8,100,100,0,0,0,0,0,0,0,0,0,99.79,2643,0,0,"",0
"2020-12-08","CRAM21","CRA","CRA","CRA",0,"2021-09-15",0,1,99.78,99.795,100,100,0,0,0,0,0,0,0,0,0,99.79,250,0,0,"",0
"2020-12-08","CRAU21","CRA","CRA","CRA",0,"2021-12-15",0,1,0,0,0,0,0,0,0,0,0,0,0,0,0,99.79,89,0,0,"",0
"2020-12-08","CRAZ21","CRA","CRA","CRA",0,"2022-03-16",0,1,0,0,0,0,0,0,0,0,0,0,0,0,0,99.77,0,0,0,"",0
"2020-12-08","CRAH22","CRA","CRA","CRA",0,"2022-06-15",0,1,0,0,0,0,0,0,0,0,0,0,0,0,0,99.755,0,0,0,"",0
"2020-12-08","CRAM22","CRA","CRA","CRA",0,"2022-09-21",0,1,0,0,0,0,0,0,0,0,0,0,0,0,0,99.72,0,0,0,"",0
"2020-12-08","CRAU22","CRA","CRA","CRA",0,"2022-12-21",0,1,0,0,0,0,0,0,0,0,0,0,0,0,0,99.7,0,0,0,"",0
"2020-12-08","CRAZ22","CRA","CRA","CRA",0,"2023-03-15",0,1,0,0,0,0,0,0,0,0,0,0,0,0,0,99.68,0,0,0,"",0
"2020-12-08","CRAH23","CRA","CRA","CRA",0,"2023-06-21",0,1,0,0,0,0,0,0,0,0,0,0,0,0,0,99.65,0,0,0,"",0
"2020-12-08","CRAM23","CRA","CRA","CRA",0,"2023-09-20",0,1,0,0,0,0,0,0,0,0,0,0,0,0,0,99.62,0,0,0,"",0
"2020-12-09","CRAU20","CRA","CRA","CRA",0,"2020-12-16",0,1,99.775,0,100,0,0,0,0,0,0,0,0,0,0,99.775,1037,0,0,"",0
"2020-12-09","CRAZ20","CRA","CRA","CRA",0,"2021-03-17",0,1,99.785,99.795,300,250,0,0,0,0,0,0,0,0,0,99.785,1823,0,0,"",0
"2020-12-09","CRAH21","CRA","CRA","CRA",0,"2021-06-16",0,1,99.78,99.795,20,250,0,0,0,0,0,0,0,0,0,99.79,2643,0,0,"",0
"2020-12-09","CRAM21","CRA","CRA","CRA",0,"2021-09-15",0,1,99.78,99.795,100,250,0,0,0,0,0,0,0,0,0,99.79,250,0,0,"",0
"2020-12-09","CRAU21","CRA","CRA","CRA",0,"2021-12-15",0,1,0,0,0,0,0,0,0,0,0,0,0,0,0,99.79,89,0,0,"",0
"2020-12-09","CRAZ21","CRA","CRA","CRA",0,"2022-03-16",0,1,0,0,0,0,0,0,0,0,0,0,0,0,0,99.77,0,0,0,"",0
"2020-12-09","CRAH22","CRA","CRA","CRA",0,"2022-06-15",0,1,0,0,0,0,0,0,0,0,0,0,0,0,0,99.755,0,0,0,"",0
"2020-12-09","CRAM22","CRA","CRA","CRA",0,"2022-09-21",0,1,0,0,0,0,0,0,0,0,0,0,0,0,0,99.72,0,0,0,"",0
"2020-12-09","CRAU22","CRA","CRA","CRA",0,"2022-12-21",0,1,0,0,0,0,0,0,0,0,0,0,0,0,0,99.7,0,0,0,"",0
"2020-12-09","CRAZ22","CRA","CRA","CRA",0,"2023-03-15",0,1,0,0,0,0,0,0,0,0,0,0,0,0,0,99.68,0,0,0,"",0
"2020-12-09","CRAH23","CRA","CRA","CRA",0,"2023-06-21",0,1,0,0,0,0,0,0,0,0,0,0,0,0,0,99.65,0,0,0,"",0
"2020-12-09","CRAM23","CRA","CRA","CRA",0,"2023-09-20",0,1,0,0,0,0,0,0,0,0,0,0,0,0,0,99.62,0,0,0,"",0
"2020-12-10","CRAU20","CRA","CRA","CRA",0,"2020-12-16",0,1,99.775,0,100,0,0,0,0,0,0,0,0,0,0,99.775,1037,0,0,"",0
"2020-12-10","CRAZ20","CRA","CRA","CRA",0,"2021-03-17",0,1,99.785,99.805,300,1,0,9,0,0.005,99.79,99.79,99.79,898,1,99.785,1823,0,0,"",0
"2020-12-10","CRAH21","CRA","CRA","CRA",0,"2021-06-16",0,1,99.8,0,50,0,0,300,0,0.01,99.795,99.8,99.795,29937,5,99.79,2643,0,0,"",0
"2020-12-10","CRAM21","CRA","CRA","CRA",0,"2021-09-15",0,1,99.78,0,100,0,0,0,0,0,0,0,0,0,0,99.79,250,0,0,"",0
"2020-12-10","CRAU21","CRA","CRA","CRA",0,"2021-12-15",0,1,99.79,0,50,0,0,0,0,0,0,0,0,0,0,99.79,89,0,0,"",0
"2020-12-10","CRAZ21","CRA","CRA","CRA",0,"2022-03-16",0,1,0,0,0,0,0,0,0,0,0,0,0,0,0,99.77,0,0,0,"",0
"2020-12-10","CRAH22","CRA","CRA","CRA",0,"2022-06-15",0,1,0,0,0,0,0,0,0,0,0,0,0,0,0,99.755,0,0,0,"",0
"2020-12-10","CRAM22","CRA","CRA","CRA",0,"2022-09-21",0,1,0,0,0,0,0,0,0,0,0,0,0,0,0,99.72,0,0,0,"",0
"2020-12-10","CRAU22","CRA","CRA","CRA",0,"2022-12-21",0,1,0,0,0,0,0,0,0,0,0,0,0,0,0,99.7,0,0,0,"",0
"2020-12-10","CRAZ22","CRA","CRA","CRA",0,"2023-03-15",0,1,0,0,0,0,0,0,0,0,0,0,0,0,0,99.68,0,0,0,"",0
"2020-12-10","CRAH23","CRA","CRA","CRA",0,"2023-06-21",0,1,0,0,0,0,0,0,0,0,0,0,0,0,0,99.65,0,0,0,"",0
"2020-12-10","CRAM23","CRA","CRA","CRA",0,"2023-09-20",0,1,0,0,0,0,0,0,0,0,0,0,0,0,0,99.62,0,0,0,"",0
"2020-12-11","CRAU20","CRA","CRA","CRA",0,"2020-12-16",0,1,99.77,0,300,0,0,0,0,0,0,0,0,0,0,99.775,1037,0,0,"",0
"2020-12-11","CRAZ20","CRA","CRA","CRA",0,"2021-03-17",0,1,0,0,0,0,0,0,0,0,0,0,0,0,0,99.785,1823,0,0,"",0
"2020-12-11","CRAH21","CRA","CRA","CRA",0,"2021-06-16",0,1,99.78,0,20,0,0,0,0,0,0,0,0,0,0,99.795,2893,0,0,"",0
"2020-12-11","CRAM21","CRA","CRA","CRA",0,"2021-09-15",0,1,99.78,0,100,0,0,0,0,0,0,0,0,0,0,99.81,250,0,0,"",0
"2020-12-11","CRAU21","CRA","CRA","CRA",0,"2021-12-15",0,1,0,0,0,0,0,0,0,0,0,0,0,0,0,99.81,89,0,0,"",0
"2020-12-11","CRAZ21","CRA","CRA","CRA",0,"2022-03-16",0,1,0,0,0,0,0,0,0,0,0,0,0,0,0,99.79,0,0,0,"",0
"2020-12-11","CRAH22","CRA","CRA","CRA",0,"2022-06-15",0,1,0,0,0,0,0,0,0,0,0,0,0,0,0,99.775,0,0,0,"",0
"2020-12-11","CRAM22","CRA","CRA","CRA",0,"2022-09-21",0,1,0,0,0,0,0,0,0,0,0,0,0,0,0,99.74,0,0,0,"",0
"2020-12-11","CRAU22","CRA","CRA","CRA",0,"2022-12-21",0,1,0,0,0,0,0,0,0,0,0,0,0,0,0,99.72,0,0,0,"",0
"2020-12-11","CRAZ22","CRA","CRA","CRA",0,"2023-03-15",0,1,0,0,0,0,0,0,0,0,0,0,0,0,0,99.7,0,0,0,"",0
"2020-12-11","CRAH23","CRA","CRA","CRA",0,"2023-06-21",0,1,0,0,0,0,0,0,0,0,0,0,0,0,0,99.67,0,0,0,"",0
"2020-12-11","CRAM23","CRA","CRA","CRA",0,"2023-09-20",0,1,0,0,0,0,0,0,0,0,0,0,0,0,0,99.64,0,0,0,"",0
"2020-12-14","CRAU20","CRA","CRA","CRA",0,"2020-12-16",0,1,99.77,99.785,300,10,0,0,0,0,0,0,0,0,0,99.775,1037,0,0,"",0
"2020-12-14","CRAZ20","CRA","CRA","CRA",0,"2021-03-17",0,1,0,99.8,0,26,0,0,0,0,0,0,0,0,0,99.79,1814,0,0,"",0
"2020-12-14","CRAH21","CRA","CRA","CRA",0,"2021-06-16",0,1,99.795,0,200,0,0,48,0,0.005,99.8,99.8,99.8,4790,1,99.8,2893,0,0,"",0
"2020-12-14","CRAM21","CRA","CRA","CRA",0,"2021-09-15",0,1,99.78,0,100,0,0,0,0,0,0,0,0,0,0,99.815,250,0,0,"",0
"2020-12-14","CRAU21","CRA","CRA","CRA",0,"2021-12-15",0,1,0,0,0,0,0,0,0,0,0,0,0,0,0,99.815,89,0,0,"",0
"2020-12-14","CRAZ21","CRA","CRA","CRA",0,"2022-03-16",0,1,0,0,0,0,0,0,0,0,0,0,0,0,0,99.795,0,0,0,"",0
"2020-12-14","CRAH22","CRA","CRA","CRA",0,"2022-06-15",0,1,0,0,0,0,0,0,0,0,0,0,0,0,0,99.78,0,0,0,"",0
"2020-12-14","CRAM22","CRA","CRA","CRA",0,"2022-09-21",0,1,0,0,0,0,0,0,0,0,0,0,0,0,0,99.745,0,0,0,"",0
"2020-12-14","CRAU22","CRA","CRA","CRA",0,"2022-12-21",0,1,0,0,0,0,0,0,0,0,0,0,0,0,0,99.725,0,0,0,"",0
"2020-12-14","CRAZ22","CRA","CRA","CRA",0,"2023-03-15",0,1,0,0,0,0,0,0,0,0,0,0,0,0,0,99.705,0,0,0,"",0
"2020-12-14","CRAH23","CRA","CRA","CRA",0,"2023-06-21",0,1,0,0,0,0,0,0,0,0,0,0,0,0,0,99.675,0,0,0,"",0
"2020-12-14","CRAM23","CRA","CRA","CRA",0,"2023-09-20",0,1,0,0,0,0,0,0,0,0,0,0,0,0,0,99.645,0,0,0,"",0
"2020-12-15","CRAU20","CRA","CRA","CRA",0,"2020-12-16",0,1,99.765,0,100,0,0,0,0,0,0,0,0,0,0,99.775,1037,0,0,"",0
"2020-12-15","CRAZ20","CRA","CRA","CRA",0,"2021-03-17",0,1,0,99.8,0,21,0,0,0,0,0,0,0,0,0,99.79,1814,0,0,"",0
"2020-12-15","CRAH21","CRA","CRA","CRA",0,"2021-06-16",0,1,99.78,99.8,20,100,0,0,0,0,0,0,0,0,0,99.8,2893,0,0,"",0
"2020-12-15","CRAM21","CRA","CRA","CRA",0,"2021-09-15",0,1,99.79,99.8,200,100,0,0,0,0,0,0,0,0,0,99.8,250,0,0,"",0
"2020-12-15","CRAU21","CRA","CRA","CRA",0,"2021-12-15",0,1,0,0,0,0,0,0,0,0,0,0,0,0,0,99.8,89,0,0,"",0
"2020-12-15","CRAZ21","CRA","CRA","CRA",0,"2022-03-16",0,1,0,0,0,0,0,0,0,0,0,0,0,0,0,99.78,0,0,0,"",0
"2020-12-15","CRAH22","CRA","CRA","CRA",0,"2022-06-15",0,1,0,0,0,0,0,0,0,0,0,0,0,0,0,99.765,0,0,0,"",0
"2020-12-15","CRAM22","CRA","CRA","CRA",0,"2022-09-21",0,1,0,0,0,0,0,0,0,0,0,0,0,0,0,99.73,0,0,0,"",0
"2020-12-15","CRAU22","CRA","CRA","CRA",0,"2022-12-21",0,1,0,0,0,0,0,0,0,0,0,0,0,0,0,99.71,0,0,0,"",0
"2020-12-15","CRAZ22","CRA","CRA","CRA",0,"2023-03-15",0,1,0,0,0,0,0,0,0,0,0,0,0,0,0,99.69,0,0,0,"",0
"2020-12-15","CRAH23","CRA","CRA","CRA",0,"2023-06-21",0,1,0,0,0,0,0,0,0,0,0,0,0,0,0,99.66,0,0,0,"",0
"2020-12-15","CRAM23","CRA","CRA","CRA",0,"2023-09-20",0,1,0,0,0,0,0,0,0,0,0,0,0,0,0,99.63,0,0,0,"",0
"2020-12-16","CRAU20","CRA","CRA","CRA",0,"2020-12-16",0,1,0,0,0,0,0,0,0,0,0,0,0,0,0,99.782,1037,0,0,"",0
"2020-12-16","CRAZ20","CRA","CRA","CRA",0,"2021-03-17",0,1,99.79,99.8,250,21,0,0,0,0,0,0,0,0,0,99.79,1814,0,0,"",0
"2020-12-16","CRAH21","CRA","CRA","CRA",0,"2021-06-16",0,1,99.8,99.815,100,100,0,0,0,0,0,0,0,0,0,99.8,2845,0,0,"",0
"2020-12-16","CRAM21","CRA","CRA","CRA",0,"2021-09-15",0,1,99.8,99.815,100,100,0,0,0,0,0,0,0,0,0,99.8,250,0,0,"",0
"2020-12-16","CRAU21","CRA","CRA","CRA",0,"2021-12-15",0,1,99.8,99.815,100,100,0,0,0,0,0,0,0,0,0,99.8,89,0,0,"",0
"2020-12-16","CRAZ21","CRA","CRA","CRA",0,"2022-03-16",0,1,0,0,0,0,0,0,0,0,0,0,0,0,0,99.78,0,0,0,"",0
"2020-12-16","CRAH22","CRA","CRA","CRA",0,"2022-06-15",0,1,0,0,0,0,0,0,0,0,0,0,0,0,0,99.765,0,0,0,"",0
"2020-12-16","CRAM22","CRA","CRA","CRA",0,"2022-09-21",0,1,0,0,0,0,0,0,0,0,0,0,0,0,0,99.73,0,0,0,"",0
"2020-12-16","CRAU22","CRA","CRA","CRA",0,"2022-12-21",0,1,0,0,0,0,0,0,0,0,0,0,0,0,0,99.71,0,0,0,"",0
"2020-12-16","CRAZ22","CRA","CRA","CRA",0,"2023-03-15",0,1,0,0,0,0,0,0,0,0,0,0,0,0,0,99.69,0,0,0,"",0
"2020-12-16","CRAH23","CRA","CRA","CRA",0,"2023-06-21",0,1,0,0,0,0,0,0,0,0,0,0,0,0,0,99.66,0,0,0,"",0
"2020-12-16","CRAM23","CRA","CRA","CRA",0,"2023-09-20",0,1,0,0,0,0,0,0,0,0,0,0,0,0,0,99.63,0,0,0,"",0
"2020-12-17","CRAZ20","CRA","CRA","CRA",0,"2021-03-17",0,1,99.79,99.8,100,21,0,0,0,0,0,0,0,0,0,99.79,1814,0,0,"",0
"2020-12-17","CRAH21","CRA","CRA","CRA",0,"2021-06-16",0,1,99.805,99.82,100,100,0,0,0,0,0,0,0,0,0,99.805,2845,0,0,"",0
"2020-12-17","CRAM21","CRA","CRA","CRA",0,"2021-09-15",0,1,99.81,99.825,100,100,0,0,0,0,0,0,0,0,0,99.81,250,0,0,"",0
"2020-12-17","CRAU21","CRA","CRA","CRA",0,"2021-12-15",0,1,99.81,99.825,100,100,0,0,0,0,0,0,0,0,0,99.81,89,0,0,"",0
"2020-12-17","CRAZ21","CRA","CRA","CRA",0,"2022-03-16",0,1,0,0,0,0,0,0,0,0,0,0,0,0,0,99.79,0,0,0,"",0
"2020-12-17","CRAH22","CRA","CRA","CRA",0,"2022-06-15",0,1,0,0,0,0,0,0,0,0,0,0,0,0,0,99.775,0,0,0,"",0
"2020-12-17","CRAM22","CRA","CRA","CRA",0,"2022-09-21",0,1,0,0,0,0,0,0,0,0,0,0,0,0,0,99.74,0,0,0,"",0
"2020-12-17","CRAU22","CRA","CRA","CRA",0,"2022-12-21",0,1,0,0,0,0,0,0,0,0,0,0,0,0,0,99.72,0,0,0,"",0
"2020-12-17","CRAZ22","CRA","CRA","CRA",0,"2023-03-15",0,1,0,0,0,0,0,0,0,0,0,0,0,0,0,99.7,0,0,0,"",0
"2020-12-17","CRAH23","CRA","CRA","CRA",0,"2023-06-21",0,1,0,0,0,0,0,0,0,0,0,0,0,0,0,99.67,0,0,0,"",0
"2020-12-17","CRAM23","CRA","CRA","CRA",0,"2023-09-20",0,1,0,0,0,0,0,0,0,0,0,0,0,0,0,99.64,0,0,0,"",0
"2020-12-17","CRAU23","CRA","CRA","CRA",0,"2023-12-20",0,1,0,0,0,0,0,0,0,0,0,0,0,0,0,99.61,0,0,0,"",0
"2020-12-18","CRAZ20","CRA","CRA","CRA",0,"2021-03-17",0,1,99.805,0,50,0,0,221,0,0.01,99.79,99.8,99.79,22053,5,99.805,1814,0,0,"",0
"2020-12-18","CRAH21","CRA","CRA","CRA",0,"2021-06-16",0,1,99.815,99.83,200,25,0,550,0,0.01,99.815,99.815,99.815,54893,8,99.82,2845,0,0,"",0
"2020-12-18","CRAM21","CRA","CRA","CRA",0,"2021-09-15",0,1,99.815,0,50,0,0,0,0,0,0,0,0,0,0,99.825,250,0,0,"",0
"2020-12-18","CRAU21","CRA","CRA","CRA",0,"2021-12-15",0,1,99.815,0,50,0,0,0,0,0,0,0,0,0,0,99.825,89,0,0,"",0
"2020-12-18","CRAZ21","CRA","CRA","CRA",0,"2022-03-16",0,1,99.805,0,50,0,0,0,0,0,0,0,0,0,0,99.805,0,0,0,"",0
"2020-12-18","CRAH22","CRA","CRA","CRA",0,"2022-06-15",0,1,0,0,0,0,0,0,0,0,0,0,0,0,0,99.79,0,0,0,"",0
"2020-12-18","CRAM22","CRA","CRA","CRA",0,"2022-09-21",0,1,0,0,0,0,0,0,0,0,0,0,0,0,0,99.755,0,0,0,"",0
"2020-12-18","CRAU22","CRA","CRA","CRA",0,"2022-12-21",0,1,0,0,0,0,0,0,0,0,0,0,0,0,0,99.735,0,0,0,"",0
"2020-12-18","CRAZ22","CRA","CRA","CRA",0,"2023-03-15",0,1,0,0,0,0,0,0,0,0,0,0,0,0,0,99.715,0,0,0,"",0
"2020-12-18","CRAH23","CRA","CRA","CRA",0,"2023-06-21",0,1,0,0,0,0,0,0,0,0,0,0,0,0,0,99.685,0,0,0,"",0
"2020-12-18","CRAM23","CRA","CRA","CRA",0,"2023-09-20",0,1,0,0,0,0,0,0,0,0,0,0,0,0,0,99.655,0,0,0,"",0
"2020-12-18","CRAU23","CRA","CRA","CRA",0,"2023-12-20",0,1,0,0,0,0,0,0,0,0,0,0,0,0,0,99.625,0,0,0,"",0
"2020-12-21","CRAZ20","CRA","CRA","CRA",0,"2021-03-17",0,1,99.8,99.84,300,1,0,1,0,0,99.805,99.805,99.805,99,1,99.805,1863,0,0,"",0
"2020-12-21","CRAH21","CRA","CRA","CRA",0,"2021-06-16",0,1,99.805,0,50,0,0,2,0,-0.015,99.805,99.805,99.805,198,2,99.815,3245,0,0,"",0
"2020-12-21","CRAM21","CRA","CRA","CRA",0,"2021-09-15",0,1,99.81,0,50,0,0,0,0,0,0,0,0,0,0,99.82,250,0,0,"",0
"2020-12-21","CRAU21","CRA","CRA","CRA",0,"2021-12-15",0,1,99.81,0,50,0,0,0,0,0,0,0,0,0,0,99.82,89,0,0,"",0
"2020-12-21","CRAZ21","CRA","CRA","CRA",0,"2022-03-16",0,1,99.805,0,50,0,0,0,0,0,0,0,0,0,0,99.805,0,0,0,"",0
"2020-12-21","CRAH22","CRA","CRA","CRA",0,"2022-06-15",0,1,0,0,0,0,0,0,0,0,0,0,0,0,0,99.79,0,0,0,"",0
"2020-12-21","CRAM22","CRA","CRA","CRA",0,"2022-09-21",0,1,0,0,0,0,0,0,0,0,0,0,0,0,0,99.755,0,0,0,"",0
"2020-12-21","CRAU22","CRA","CRA","CRA",0,"2022-12-21",0,1,0,0,0,0,0,0,0,0,0,0,0,0,0,99.735,0,0,0,"",0
"2020-12-21","CRAZ22","CRA","CRA","CRA",0,"2023-03-15",0,1,0,0,0,0,0,0,0,0,0,0,0,0,0,99.715,0,0,0,"",0
"2020-12-21","CRAH23","CRA","CRA","CRA",0,"2023-06-21",0,1,0,0,0,0,0,0,0,0,0,0,0,0,0,99.685,0,0,0,"",0
"2020-12-21","CRAM23","CRA","CRA","CRA",0,"2023-09-20",0,1,0,0,0,0,0,0,0,0,0,0,0,0,0,99.655,0,0,0,"",0
"2020-12-21","CRAU23","CRA","CRA","CRA",0,"2023-12-20",0,1,0,0,0,0,0,0,0,0,0,0,0,0,0,99.625,0,0,0,"",0
"2020-12-22","CRAZ20","CRA","CRA","CRA",0,"2021-03-17",0,1,99.79,99.82,1,1,0,0,0,0,0,0,0,0,0,99.805,1843,0,0,"",0
"2020-12-22","CRAH21","CRA","CRA","CRA",0,"2021-06-16",0,1,99.81,99.82,20,25,0,0,0,0,0,0,0,0,0,99.815,3246,0,0,"",0
"2020-12-22","CRAM21","CRA","CRA","CRA",0,"2021-09-15",0,1,0,99.825,0,25,0,0,0,0,0,0,0,0,0,99.82,250,0,0,"",0
"2020-12-22","CRAU21","CRA","CRA","CRA",0,"2021-12-15",0,1,0,0,0,0,0,0,0,0,0,0,0,0,0,99.82,89,0,0,"",0
"2020-12-22","CRAZ21","CRA","CRA","CRA",0,"2022-03-16",0,1,0,99.81,0,200,0,0,0,0,0,0,0,0,0,99.805,0,0,0,"",0
"2020-12-22","CRAH22","CRA","CRA","CRA",0,"2022-06-15",0,1,0,0,0,0,0,0,0,0,0,0,0,0,0,99.79,0,0,0,"",0
"2020-12-22","CRAM22","CRA","CRA","CRA",0,"2022-09-21",0,1,0,0,0,0,0,0,0,0,0,0,0,0,0,99.755,0,0,0,"",0
"2020-12-22","CRAU22","CRA","CRA","CRA",0,"2022-12-21",0,1,0,0,0,0,0,0,0,0,0,0,0,0,0,99.735,0,0,0,"",0
"2020-12-22","CRAZ22","CRA","CRA","CRA",0,"2023-03-15",0,1,0,0,0,0,0,0,0,0,0,0,0,0,0,99.715,0,0,0,"",0
"2020-12-22","CRAH23","CRA","CRA","CRA",0,"2023-06-21",0,1,0,0,0,0,0,0,0,0,0,0,0,0,0,99.685,0,0,0,"",0
"2020-12-22","CRAM23","CRA","CRA","CRA",0,"2023-09-20",0,1,0,0,0,0,0,0,0,0,0,0,0,0,0,99.655,0,0,0,"",0
"2020-12-22","CRAU23","CRA","CRA","CRA",0,"2023-12-20",0,1,0,0,0,0,0,0,0,0,0,0,0,0,0,99.625,0,0,0,"",0
"2020-12-23","CRAZ20","CRA","CRA","CRA",0,"2021-03-17",0,1,99.79,99.82,1,1,0,0,0,0,0,0,0,0,0,99.805,1843,0,0,"",0
"2020-12-23","CRAH21","CRA","CRA","CRA",0,"2021-06-16",0,1,0,99.825,0,26,0,0,0,0,0,0,0,0,0,99.815,3246,0,0,"",0
"2020-12-23","CRAM21","CRA","CRA","CRA",0,"2021-09-15",0,1,0,0,0,0,0,0,0,0,0,0,0,0,0,99.82,250,0,0,"",0
"2020-12-23","CRAU21","CRA","CRA","CRA",0,"2021-12-15",0,1,0,0,0,0,0,0,0,0,0,0,0,0,0,99.82,89,0,0,"",0
"2020-12-23","CRAZ21","CRA","CRA","CRA",0,"2022-03-16",0,1,0,0,0,0,0,0,0,0,0,0,0,0,0,99.805,0,0,0,"",0
"2020-12-23","CRAH22","CRA","CRA","CRA",0,"2022-06-15",0,1,0,0,0,0,0,0,0,0,0,0,0,0,0,99.79,0,0,0,"",0
"2020-12-23","CRAM22","CRA","CRA","CRA",0,"2022-09-21",0,1,0,0,0,0,0,0,0,0,0,0,0,0,0,99.755,0,0,0,"",0
"2020-12-23","CRAU22","CRA","CRA","CRA",0,"2022-12-21",0,1,0,0,0,0,0,0,0,0,0,0,0,0,0,99.735,0,0,0,"",0
"2020-12-23","CRAZ22","CRA","CRA","CRA",0,"2023-03-15",0,1,0,0,0,0,0,0,0,0,0,0,0,0,0,99.715,0,0,0,"",0
"2020-12-23","CRAH23","CRA","CRA","CRA",0,"2023-06-21",0,1,0,0,0,0,0,0,0,0,0,0,0,0,0,99.685,0,0,0,"",0
"2020-12-23","CRAM23","CRA","CRA","CRA",0,"2023-09-20",0,1,0,0,0,0,0,0,0,0,0,0,0,0,0,99.655,0,0,0,"",0
"2020-12-23","CRAU23","CRA","CRA","CRA",0,"2023-12-20",0,1,0,0,0,0,0,0,0,0,0,0,0,0,0,99.625,0,0,0,"",0
"2020-12-24","CRAZ20","CRA","CRA","CRA",0,"2021-03-17",0,1,99.795,99.82,1,1,0,0,0,0,0,0,0,0,0,99.805,1843,0,0,"",0
"2020-12-24","CRAH21","CRA","CRA","CRA",0,"2021-06-16",0,1,0,99.825,0,26,0,0,0,0,0,0,0,0,0,99.815,3246,0,0,"",0
"2020-12-24","CRAM21","CRA","CRA","CRA",0,"2021-09-15",0,1,0,0,0,0,0,0,0,0,0,0,0,0,0,99.82,250,0,0,"",0
"2020-12-24","CRAU21","CRA","CRA","CRA",0,"2021-12-15",0,1,0,0,0,0,0,0,0,0,0,0,0,0,0,99.82,89,0,0,"",0
"2020-12-24","CRAZ21","CRA","CRA","CRA",0,"2022-03-16",0,1,0,0,0,0,0,0,0,0,0,0,0,0,0,99.805,0,0,0,"",0
"2020-12-24","CRAH22","CRA","CRA","CRA",0,"2022-06-15",0,1,0,0,0,0,0,0,0,0,0,0,0,0,0,99.79,0,0,0,"",0
"2020-12-24","CRAM22","CRA","CRA","CRA",0,"2022-09-21",0,1,0,0,0,0,0,0,0,0,0,0,0,0,0,99.755,0,0,0,"",0
"2020-12-24","CRAU22","CRA","CRA","CRA",0,"2022-12-21",0,1,0,0,0,0,0,0,0,0,0,0,0,0,0,99.735,0,0,0,"",0
"2020-12-24","CRAZ22","CRA","CRA","CRA",0,"2023-03-15",0,1,0,0,0,0,0,0,0,0,0,0,0,0,0,99.715,0,0,0,"",0
"2020-12-24","CRAH23","CRA","CRA","CRA",0,"2023-06-21",0,1,0,0,0,0,0,0,0,0,0,0,0,0,0,99.685,0,0,0,"",0
"2020-12-24","CRAM23","CRA","CRA","CRA",0,"2023-09-20",0,1,0,0,0,0,0,0,0,0,0,0,0,0,0,99.655,0,0,0,"",0
"2020-12-24","CRAU23","CRA","CRA","CRA",0,"2023-12-20",0,1,0,0,0,0,0,0,0,0,0,0,0,0,0,99.625,0,0,0,"",0
"2020-12-29","CRAZ20","CRA","CRA","CRA",0,"2021-03-17",0,1,99.8,99.82,25,51,0,0,0,0,0,0,0,0,0,99.805,1843,0,0,"",0
"2020-12-29","CRAH21","CRA","CRA","CRA",0,"2021-06-16",0,1,99.815,0,50,0,0,50,0,0.005,99.82,99.82,99.82,4991,1,99.815,3246,0,0,"",0
"2020-12-29","CRAM21","CRA","CRA","CRA",0,"2021-09-15",0,1,0,99.83,0,50,0,0,0,0,0,0,0,0,0,99.82,250,0,0,"",0
"2020-12-29","CRAU21","CRA","CRA","CRA",0,"2021-12-15",0,1,99.805,0,50,0,0,0,0,0,0,0,0,0,0,99.82,89,0,0,"",0
"2020-12-29","CRAZ21","CRA","CRA","CRA",0,"2022-03-16",0,1,0,0,0,0,0,0,0,0,0,0,0,0,0,99.805,0,0,0,"",0
"2020-12-29","CRAH22","CRA","CRA","CRA",0,"2022-06-15",0,1,0,0,0,0,0,0,0,0,0,0,0,0,0,99.79,0,0,0,"",0
"2020-12-29","CRAM22","CRA","CRA","CRA",0,"2022-09-21",0,1,0,0,0,0,0,0,0,0,0,0,0,0,0,99.755,0,0,0,"",0
"2020-12-29","CRAU22","CRA","CRA","CRA",0,"2022-12-21",0,1,0,0,0,0,0,0,0,0,0,0,0,0,0,99.735,0,0,0,"",0
"2020-12-29","CRAZ22","CRA","CRA","CRA",0,"2023-03-15",0,1,0,0,0,0,0,0,0,0,0,0,0,0,0,99.715,0,0,0,"",0
"2020-12-29","CRAH23","CRA","CRA","CRA",0,"2023-06-21",0,1,0,0,0,0,0,0,0,0,0,0,0,0,0,99.685,0,0,0,"",0
"2020-12-29","CRAM23","CRA","CRA","CRA",0,"2023-09-20",0,1,0,0,0,0,0,0,0,0,0,0,0,0,0,99.655,0,0,0,"",0
"2020-12-29","CRAU23","CRA","CRA","CRA",0,"2023-12-20",0,1,0,0,0,0,0,0,0,0,0,0,0,0,0,99.625,0,0,0,"",0
"2020-12-30","CRAZ20","CRA","CRA","CRA",0,"2021-03-17",0,1,99.795,99.815,1,150,0,0,0,0,0,0,0,0,0,99.805,1843,0,0,"",0
"2020-12-30","CRAH21","CRA","CRA","CRA",0,"2021-06-16",0,1,99.8,99.82,50,100,0,0,0,0,0,0,0,0,0,99.815,3296,0,0,"",0
"2020-12-30","CRAM21","CRA","CRA","CRA",0,"2021-09-15",0,1,0,99.825,0,100,0,0,0,0,0,0,0,0,0,99.82,250,0,0,"",0
"2020-12-30","CRAU21","CRA","CRA","CRA",0,"2021-12-15",0,1,99.81,99.825,50,100,0,0,0,0,0,0,0,0,0,99.82,89,0,0,"",0
"2020-12-30","CRAZ21","CRA","CRA","CRA",0,"2022-03-16",0,1,0,0,0,0,0,0,0,0,0,0,0,0,0,99.805,0,0,0,"",0
"2020-12-30","CRAH22","CRA","CRA","CRA",0,"2022-06-15",0,1,0,0,0,0,0,0,0,0,0,0,0,0,0,99.79,0,0,0,"",0
"2020-12-30","CRAM22","CRA","CRA","CRA",0,"2022-09-21",0,1,0,0,0,0,0,0,0,0,0,0,0,0,0,99.755,0,0,0,"",0
"2020-12-30","CRAU22","CRA","CRA","CRA",0,"2022-12-21",0,1,0,0,0,0,0,0,0,0,0,0,0,0,0,99.735,0,0,0,"",0
"2020-12-30","CRAZ22","CRA","CRA","CRA",0,"2023-03-15",0,1,0,0,0,0,0,0,0,0,0,0,0,0,0,99.715,0,0,0,"",0
"2020-12-30","CRAH23","CRA","CRA","CRA",0,"2023-06-21",0,1,0,0,0,0,0,0,0,0,0,0,0,0,0,99.685,0,0,0,"",0
"2020-12-30","CRAM23","CRA","CRA","CRA",0,"2023-09-20",0,1,0,0,0,0,0,0,0,0,0,0,0,0,0,99.655,0,0,0,"",0
"2020-12-30","CRAU23","CRA","CRA","CRA",0,"2023-12-20",0,1,0,0,0,0,0,0,0,0,0,0,0,0,0,99.625,0,0,0,"",0
"2020-12-31","CRAZ20","CRA","CRA","CRA",0,"2021-03-17",0,1,99.795,99.82,1,1,0,0,0,0,0,0,0,0,0,99.805,1843,0,0,"",0
"2020-12-31","CRAH21","CRA","CRA","CRA",0,"2021-06-16",0,1,99.79,0,50,0,0,0,0,0,0,0,0,0,0,99.815,3296,0,0,"",0
"2020-12-31","CRAM21","CRA","CRA","CRA",0,"2021-09-15",0,1,0,0,0,0,0,0,0,0,0,0,0,0,0,99.82,250,0,0,"",0
"2020-12-31","CRAU21","CRA","CRA","CRA",0,"2021-12-15",0,1,99.81,0,50,0,0,0,0,0,0,0,0,0,0,99.82,89,0,0,"",0
"2020-12-31","CRAZ21","CRA","CRA","CRA",0,"2022-03-16",0,1,0,0,0,0,0,100,0,0.015,99.82,99.82,99.82,9981,2,99.805,0,0,0,"",0
"2020-12-31","CRAH22","CRA","CRA","CRA",0,"2022-06-15",0,1,0,0,0,0,0,0,0,0,0,0,0,0,0,99.79,0,0,0,"",0
"2020-12-31","CRAM22","CRA","CRA","CRA",0,"2022-09-21",0,1,0,0,0,0,0,0,0,0,0,0,0,0,0,99.755,0,0,0,"",0
"2020-12-31","CRAU22","CRA","CRA","CRA",0,"2022-12-21",0,1,0,0,0,0,0,0,0,0,0,0,0,0,0,99.735,0,0,0,"",0
"2020-12-31","CRAZ22","CRA","CRA","CRA",0,"2023-03-15",0,1,0,0,0,0,0,0,0,0,0,0,0,0,0,99.715,0,0,0,"",0
"2020-12-31","CRAH23","CRA","CRA","CRA",0,"2023-06-21",0,1,0,0,0,0,0,0,0,0,0,0,0,0,0,99.685,0,0,0,"",0
"2020-12-31","CRAM23","CRA","CRA","CRA",0,"2023-09-20",0,1,0,0,0,0,0,0,0,0,0,0,0,0,0,99.655,0,0,0,"",0
"2020-12-31","CRAU23","CRA","CRA","CRA",0,"2023-12-20",0,1,0,0,0,0,0,0,0,0,0,0,0,0,0,99.625,0,0,0,"",0
"2021-01-04","CRAZ20","CRA","CRA","CRA",0,"2021-03-17",0,1,99.79,99.82,79,1,0,0,0,0,0,0,0,0,0,99.805,1843,0,0,"",0
"2021-01-04","CRAH21","CRA","CRA","CRA",0,"2021-06-16",0,1,99.79,0,50,0,0,0,0,0,0,0,0,0,0,99.815,3296,0,0,"",0
"2021-01-04","CRAM21","CRA","CRA","CRA",0,"2021-09-15",0,1,0,0,0,0,0,0,0,0,0,0,0,0,0,99.82,250,0,0,"",0
"2021-01-04","CRAU21","CRA","CRA","CRA",0,"2021-12-15",0,1,99.82,0,50,0,0,0,0,0,0,0,0,0,0,99.82,89,0,0,"",0
"2021-01-04","CRAZ21","CRA","CRA","CRA",0,"2022-03-16",0,1,0,0,0,0,0,0,0,0,0,0,0,0,0,99.805,100,0,0,"",0
"2021-01-04","CRAH22","CRA","CRA","CRA",0,"2022-06-15",0,1,0,0,0,0,0,0,0,0,0,0,0,0,0,99.79,0,0,0,"",0
"2021-01-04","CRAM22","CRA","CRA","CRA",0,"2022-09-21",0,1,0,0,0,0,0,0,0,0,0,0,0,0,0,99.755,0,0,0,"",0
"2021-01-04","CRAU22","CRA","CRA","CRA",0,"2022-12-21",0,1,0,0,0,0,0,0,0,0,0,0,0,0,0,99.735,0,0,0,"",0
"2021-01-04","CRAZ22","CRA","CRA","CRA",0,"2023-03-15",0,1,0,0,0,0,0,0,0,0,0,0,0,0,0,99.715,0,0,0,"",0
"2021-01-04","CRAH23","CRA","CRA","CRA",0,"2023-06-21",0,1,0,0,0,0,0,0,0,0,0,0,0,0,0,99.685,0,0,0,"",0
"2021-01-04","CRAM23","CRA","CRA","CRA",0,"2023-09-20",0,1,0,0,0,0,0,0,0,0,0,0,0,0,0,99.655,0,0,0,"",0
"2021-01-04","CRAU23","CRA","CRA","CRA",0,"2023-12-20",0,1,0,0,0,0,0,0,0,0,0,0,0,0,0,99.625,0,0,0,"",0
"2021-01-05","CRAZ20","CRA","CRA","CRA",0,"2021-03-17",0,1,99.79,99.82,79,100,0,100,0,0.01,99.815,99.815,99.815,9981,1,99.815,1843,0,0,"",0
"2021-01-05","CRAH21","CRA","CRA","CRA",0,"2021-06-16",0,1,99.79,99.825,50,100,0,0,0,0,0,0,0,0,0,99.825,3296,0,0,"",0
"2021-01-05","CRAM21","CRA","CRA","CRA",0,"2021-09-15",0,1,0,99.825,0,100,0,200,0,-0.005,99.83,99.83,99.825,19965,2,99.83,250,0,0,"",0
"2021-01-05","CRAU21","CRA","CRA","CRA",0,"2021-12-15",0,1,99.825,0,50,0,0,200,0,0.01,99.83,99.83,99.83,19966,2,99.83,89,0,0,"",0
"2021-01-05","CRAZ21","CRA","CRA","CRA",0,"2022-03-16",0,1,0,0,0,0,0,0,0,0,0,0,0,0,0,99.815,100,0,0,"",0
"2021-01-05","CRAH22","CRA","CRA","CRA",0,"2022-06-15",0,1,0,0,0,0,0,0,0,0,0,0,0,0,0,99.8,0,0,0,"",0
"2021-01-05","CRAM22","CRA","CRA","CRA",0,"2022-09-21",0,1,0,0,0,0,0,0,0,0,0,0,0,0,0,99.765,0,0,0,"",0
"2021-01-05","CRAU22","CRA","CRA","CRA",0,"2022-12-21",0,1,0,0,0,0,0,0,0,0,0,0,0,0,0,99.745,0,0,0,"",0
"2021-01-05","CRAZ22","CRA","CRA","CRA",0,"2023-03-15",0,1,0,0,0,0,0,0,0,0,0,0,0,0,0,99.725,0,0,0,"",0
"2021-01-05","CRAH23","CRA","CRA","CRA",0,"2023-06-21",0,1,0,0,0,0,0,0,0,0,0,0,0,0,0,99.695,0,0,0,"",0
"2021-01-05","CRAM23","CRA","CRA","CRA",0,"2023-09-20",0,1,0,0,0,0,0,0,0,0,0,0,0,0,0,99.665,0,0,0,"",0
"2021-01-05","CRAU23","CRA","CRA","CRA",0,"2023-12-20",0,1,0,0,0,0,0,0,0,0,0,0,0,0,0,99.635,0,0,0,"",0
"2021-01-06","CRAZ20","CRA","CRA","CRA",0,"2021-03-17",0,1,99.815,99.84,100,1,0,0,0,0,0,0,0,0,0,99.815,1943,0,0,"",0
"2021-01-06","CRAH21","CRA","CRA","CRA",0,"2021-06-16",0,1,99.815,0,51,0,0,0,0,0,0,0,0,0,0,99.825,3296,0,0,"",0
"2021-01-06","CRAM21","CRA","CRA","CRA",0,"2021-09-15",0,1,0,0,0,0,0,1,0,-0.005,99.825,99.825,99.825,99,1,99.83,254,0,0,"",0
"2021-01-06","CRAU21","CRA","CRA","CRA",0,"2021-12-15",0,1,99.825,0,50,0,0,0,0,0,0,0,0,0,0,99.83,200,0,0,"",0
"2021-01-06","CRAZ21","CRA","CRA","CRA",0,"2022-03-16",0,1,0,0,0,0,0,0,0,0,0,0,0,0,0,99.815,100,0,0,"",0
"2021-01-06","CRAH22","CRA","CRA","CRA",0,"2022-06-15",0,1,0,0,0,0,0,0,0,0,0,0,0,0,0,99.8,0,0,0,"",0
"2021-01-06","CRAM22","CRA","CRA","CRA",0,"2022-09-21",0,1,0,0,0,0,0,0,0,0,0,0,0,0,0,99.765,0,0,0,"",0
"2021-01-06","CRAU22","CRA","CRA","CRA",0,"2022-12-21",0,1,0,0,0,0,0,0,0,0,0,0,0,0,0,99.745,0,0,0,"",0
"2021-01-06","CRAZ22","CRA","CRA","CRA",0,"2023-03-15",0,1,0,0,0,0,0,0,0,0,0,0,0,0,0,99.725,0,0,0,"",0
"2021-01-06","CRAH23","CRA","CRA","CRA",0,"2023-06-21",0,1,0,0,0,0,0,0,0,0,0,0,0,0,0,99.695,0,0,0,"",0
"2021-01-06","CRAM23","CRA","CRA","CRA",0,"2023-09-20",0,1,0,0,0,0,0,0,0,0,0,0,0,0,0,99.665,0,0,0,"",0
"2021-01-06","CRAU23","CRA","CRA","CRA",0,"2023-12-20",0,1,0,0,0,0,0,0,0,0,0,0,0,0,0,99.635,0,0,0,"",0
"2021-01-07","CRAZ20","CRA","CRA","CRA",0,"2021-03-17",0,1,99.815,99.84,100,1,0,0,0,0,0,0,0,0,0,99.815,1943,0,0,"",0
"2021-01-07","CRAH21","CRA","CRA","CRA",0,"2021-06-16",0,1,99.815,0,51,0,0,0,0,0,0,0,0,0,0,99.825,3296,0,0,"",0
"2021-01-07","CRAM21","CRA","CRA","CRA",0,"2021-09-15",0,1,99.825,0,50,0,0,100,0,0,99.835,99.835,99.83,9982,2,99.83,255,0,0,"",0
"2021-01-07","CRAU21","CRA","CRA","CRA",0,"2021-12-15",0,1,99.83,0,100,0,0,50,0,0.005,99.835,99.835,99.835,4991,1,99.83,111,0,0,"",0
"2021-01-07","CRAZ21","CRA","CRA","CRA",0,"2022-03-16",0,1,99.83,0,50,0,0,0,0,0,0,0,0,0,0,99.83,100,0,0,"",0
"2021-01-07","CRAH22","CRA","CRA","CRA",0,"2022-06-15",0,1,0,0,0,0,0,0,0,0,0,0,0,0,0,99.815,0,0,0,"",0
"2021-01-07","CRAM22","CRA","CRA","CRA",0,"2022-09-21",0,1,0,0,0,0,0,0,0,0,0,0,0,0,0,99.78,0,0,0,"",0
"2021-01-07","CRAU22","CRA","CRA","CRA",0,"2022-12-21",0,1,0,0,0,0,0,0,0,0,0,0,0,0,0,99.76,0,0,0,"",0
"2021-01-07","CRAZ22","CRA","CRA","CRA",0,"2023-03-15",0,1,0,0,0,0,0,0,0,0,0,0,0,0,0,99.74,0,0,0,"",0
"2021-01-07","CRAH23","CRA","CRA","CRA",0,"2023-06-21",0,1,0,0,0,0,0,0,0,0,0,0,0,0,0,99.71,0,0,0,"",0
"2021-01-07","CRAM23","CRA","CRA","CRA",0,"2023-09-20",0,1,0,0,0,0,0,0,0,0,0,0,0,0,0,99.68,0,0,0,"",0
"2021-01-07","CRAU23","CRA","CRA","CRA",0,"2023-12-20",0,1,0,0,0,0,0,0,0,0,0,0,0,0,0,99.65,0,0,0,"",0
"2021-01-08","CRAZ20","CRA","CRA","CRA",0,"2021-03-17",0,1,99.81,99.82,100,200,0,0,0,0,0,0,0,0,0,99.815,1943,0,0,"",0
"2021-01-08","CRAH21","CRA","CRA","CRA",0,"2021-06-16",0,1,0,99.82,0,5,99.815,201,99.825,-0.01,99.815,99.815,99.815,20060,6,99.825,3296,0,0,"",0
"2021-01-08","CRAM21","CRA","CRA","CRA",0,"2021-09-15",0,1,0,99.825,0,100,0,450,0,-0.01,99.825,99.825,99.815,44914,7,99.825,355,0,0,"",0
"2021-01-08","CRAU21","CRA","CRA","CRA",0,"2021-12-15",0,1,99.81,99.825,150,200,0,0,0,0,0,0,0,0,0,99.825,161,0,0,"",0
"2021-01-08","CRAZ21","CRA","CRA","CRA",0,"2022-03-16",0,1,0,99.825,0,100,0,50,0,0,0,0,0,4989,2,99.825,100,0,0,"",0
"2021-01-08","CRAH22","CRA","CRA","CRA",0,"2022-06-15",0,1,0,0,0,0,0,0,0,0,0,0,0,0,0,99.81,0,0,0,"",0
"2021-01-08","CRAM22","CRA","CRA","CRA",0,"2022-09-21",0,1,0,0,0,0,0,0,0,0,0,0,0,0,0,99.775,0,0,0,"",0
"2021-01-08","CRAU22","CRA","CRA","CRA",0,"2022-12-21",0,1,0,0,0,0,0,0,0,0,0,0,0,0,0,99.755,0,0,0,"",0
"2021-01-08","CRAZ22","CRA","CRA","CRA",0,"2023-03-15",0,1,0,0,0,0,0,0,0,0,0,0,0,0,0,99.735,0,0,0,"",0
"2021-01-08","CRAH23","CRA","CRA","CRA",0,"2023-06-21",0,1,0,0,0,0,0,0,0,0,0,0,0,0,0,99.705,0,0,0,"",0
"2021-01-08","CRAM23","CRA","CRA","CRA",0,"2023-09-20",0,1,0,0,0,0,0,0,0,0,0,0,0,0,0,99.675,0,0,0,"",0
"2021-01-08","CRAU23","CRA","CRA","CRA",0,"2023-12-20",0,1,0,0,0,0,0,0,0,0,0,0,0,0,0,99.645,0,0,0,"",0
"2021-01-11","CRAZ20","CRA","CRA","CRA",0,"2021-03-17",0,1,99.8,99.84,28,1,0,0,0,0,0,0,0,0,0,99.815,1943,0,0,"",0
"2021-01-11","CRAH21","CRA","CRA","CRA",0,"2021-06-16",0,1,0,99.815,0,50,0,57,0,-0.005,99.815,99.815,99.81,5688,4,99.815,3296,0,0,"",0
"2021-01-11","CRAM21","CRA","CRA","CRA",0,"2021-09-15",0,1,0,99.82,0,25,0,51,0,-0.01,99.815,99.815,99.815,5090,1,99.815,655,0,0,"",0
"2021-01-11","CRAU21","CRA","CRA","CRA",0,"2021-12-15",0,1,99.8,99.82,50,25,0,50,0,-0.01,99.815,99.815,99.815,4990,1,99.815,161,0,0,"",0
"2021-01-11","CRAZ21","CRA","CRA","CRA",0,"2022-03-16",0,1,0,0,0,0,0,0,0,0,0,0,0,0,0,99.815,150,0,0,"",0
"2021-01-11","CRAH22","CRA","CRA","CRA",0,"2022-06-15",0,1,0,0,0,0,0,0,0,0,0,0,0,0,0,99.8,0,0,0,"",0
"2021-01-11","CRAM22","CRA","CRA","CRA",0,"2022-09-21",0,1,0,0,0,0,0,0,0,0,0,0,0,0,0,99.765,0,0,0,"",0
"2021-01-11","CRAU22","CRA","CRA","CRA",0,"2022-12-21",0,1,0,0,0,0,0,0,0,0,0,0,0,0,0,99.745,0,0,0,"",0
"2021-01-11","CRAZ22","CRA","CRA","CRA",0,"2023-03-15",0,1,0,0,0,0,0,0,0,0,0,0,0,0,0,99.725,0,0,0,"",0
"2021-01-11","CRAH23","CRA","CRA","CRA",0,"2023-06-21",0,1,0,0,0,0,0,0,0,0,0,0,0,0,0,99.695,0,0,0,"",0
"2021-01-11","CRAM23","CRA","CRA","CRA",0,"2023-09-20",0,1,0,0,0,0,0,0,0,0,0,0,0,0,0,99.665,0,0,0,"",0
"2021-01-11","CRAU23","CRA","CRA","CRA",0,"2023-12-20",0,1,0,0,0,0,0,0,0,0,0,0,0,0,0,99.635,0,0,0,"",0
"2021-01-12","CRAZ20","CRA","CRA","CRA",0,"2021-03-17",0,1,99.76,99.84,28,1,0,0,0,0,0,0,0,0,0,99.815,1943,0,0,"",0
"2021-01-12","CRAH21","CRA","CRA","CRA",0,"2021-06-16",0,1,0,99.815,0,325,0,0,0,0,0,0,0,0,0,99.815,3296,0,0,"",0
"2021-01-12","CRAM21","CRA","CRA","CRA",0,"2021-09-15",0,1,0,99.815,0,25,0,0,0,0,0,0,0,0,0,99.815,604,0,0,"",0
"2021-01-12","CRAU21","CRA","CRA","CRA",0,"2021-12-15",0,1,99.8,99.815,50,25,0,0,0,0,0,0,0,0,0,99.815,211,0,0,"",0
"2021-01-12","CRAZ21","CRA","CRA","CRA",0,"2022-03-16",0,1,0,0,0,0,0,0,0,0,0,0,0,0,0,99.815,150,0,0,"",0
"2021-01-12","CRAH22","CRA","CRA","CRA",0,"2022-06-15",0,1,0,0,0,0,0,0,0,0,0,0,0,0,0,99.8,0,0,0,"",0
"2021-01-12","CRAM22","CRA","CRA","CRA",0,"2022-09-21",0,1,0,0,0,0,0,0,0,0,0,0,0,0,0,99.765,0,0,0,"",0
"2021-01-12","CRAU22","CRA","CRA","CRA",0,"2022-12-21",0,1,0,0,0,0,0,0,0,0,0,0,0,0,0,99.745,0,0,0,"",0
"2021-01-12","CRAZ22","CRA","CRA","CRA",0,"2023-03-15",0,1,0,0,0,0,0,0,0,0,0,0,0,0,0,99.725,0,0,0,"",0
"2021-01-12","CRAH23","CRA","CRA","CRA",0,"2023-06-21",0,1,0,0,0,0,0,0,0,0,0,0,0,0,0,99.695,0,0,0,"",0
"2021-01-12","CRAM23","CRA","CRA","CRA",0,"2023-09-20",0,1,0,0,0,0,0,0,0,0,0,0,0,0,0,99.665,0,0,0,"",0
"2021-01-12","CRAU23","CRA","CRA","CRA",0,"2023-12-20",0,1,0,0,0,0,0,0,0,0,0,0,0,0,0,99.635,0,0,0,"",0
"2021-01-13","CRAZ20","CRA","CRA","CRA",0,"2021-03-17",0,1,99.79,99.84,28,1,0,0,0,0,0,0,0,0,0,99.815,1943,0,0,"",0
"2021-01-13","CRAH21","CRA","CRA","CRA",0,"2021-06-16",0,1,99.79,99.82,20,26,0,0,0,0,0,0,0,0,0,99.815,3296,0,0,"",0
"2021-01-13","CRAM21","CRA","CRA","CRA",0,"2021-09-15",0,1,0,99.82,0,25,0,0,0,0,0,0,0,0,0,99.815,604,0,0,"",0
"2021-01-13","CRAU21","CRA","CRA","CRA",0,"2021-12-15",0,1,99.795,99.82,50,26,0,50,0,-0.015,99.8,99.8,99.8,4990,1,99.815,211,0,0,"",0
"2021-01-13","CRAZ21","CRA","CRA","CRA",0,"2022-03-16",0,1,0,0,0,0,0,0,0,0,0,0,0,0,0,99.815,150,0,0,"",0
"2021-01-13","CRAH22","CRA","CRA","CRA",0,"2022-06-15",0,1,0,0,0,0,0,0,0,0,0,0,0,0,0,99.8,0,0,0,"",0
"2021-01-13","CRAM22","CRA","CRA","CRA",0,"2022-09-21",0,1,0,0,0,0,0,0,0,0,0,0,0,0,0,99.765,0,0,0,"",0
"2021-01-13","CRAU22","CRA","CRA","CRA",0,"2022-12-21",0,1,0,0,0,0,0,0,0,0,0,0,0,0,0,99.745,0,0,0,"",0
"2021-01-13","CRAZ22","CRA","CRA","CRA",0,"2023-03-15",0,1,0,0,0,0,0,0,0,0,0,0,0,0,0,99.725,0,0,0,"",0
"2021-01-13","CRAH23","CRA","CRA","CRA",0,"2023-06-21",0,1,0,0,0,0,0,0,0,0,0,0,0,0,0,99.695,0,0,0,"",0
"2021-01-13","CRAM23","CRA","CRA","CRA",0,"2023-09-20",0,1,0,0,0,0,0,0,0,0,0,0,0,0,0,99.665,0,0,0,"",0
"2021-01-13","CRAU23","CRA","CRA","CRA",0,"2023-12-20",0,1,0,0,0,0,0,0,0,0,0,0,0,0,0,99.635,0,0,0,"",0
"2021-01-14","CRAZ20","CRA","CRA","CRA",0,"2021-03-17",0,1,99.79,99.84,28,1,0,0,0,0,0,0,0,0,0,99.815,1943,0,0,"",0
"2021-01-14","CRAH21","CRA","CRA","CRA",0,"2021-06-16",0,1,99.79,0,20,0,0,0,0,0,0,0,0,0,0,99.815,3296,0,0,"",0
"2021-01-14","CRAM21","CRA","CRA","CRA",0,"2021-09-15",0,1,0,0,0,0,0,0,0,0,0,0,0,0,0,99.815,604,0,0,"",0
"2021-01-14","CRAU21","CRA","CRA","CRA",0,"2021-12-15",0,1,99.805,0,50,0,0,0,0,0,0,0,0,0,0,99.815,261,0,0,"",0
"2021-01-14","CRAZ21","CRA","CRA","CRA",0,"2022-03-16",0,1,0,0,0,0,0,0,0,0,0,0,0,0,0,99.815,150,0,0,"",0
"2021-01-14","CRAH22","CRA","CRA","CRA",0,"2022-06-15",0,1,0,0,0,0,0,0,0,0,0,0,0,0,0,99.8,0,0,0,"",0
"2021-01-14","CRAM22","CRA","CRA","CRA",0,"2022-09-21",0,1,0,0,0,0,0,0,0,0,0,0,0,0,0,99.765,0,0,0,"",0
"2021-01-14","CRAU22","CRA","CRA","CRA",0,"2022-12-21",0,1,0,0,0,0,0,0,0,0,0,0,0,0,0,99.745,0,0,0,"",0
"2021-01-14","CRAZ22","CRA","CRA","CRA",0,"2023-03-15",0,1,0,0,0,0,0,0,0,0,0,0,0,0,0,99.725,0,0,0,"",0
"2021-01-14","CRAH23","CRA","CRA","CRA",0,"2023-06-21",0,1,0,0,0,0,0,0,0,0,0,0,0,0,0,99.695,0,0,0,"",0
"2021-01-14","CRAM23","CRA","CRA","CRA",0,"2023-09-20",0,1,0,0,0,0,0,0,0,0,0,0,0,0,0,99.665,0,0,0,"",0
"2021-01-14","CRAU23","CRA","CRA","CRA",0,"2023-12-20",0,1,0,0,0,0,0,0,0,0,0,0,0,0,0,99.635,0,0,0,"",0
"2021-01-15","CRAZ20","CRA","CRA","CRA",0,"2021-03-17",0,1,99.82,99.83,50,100,0,0,0,0,0,0,0,0,0,99.82,1943,0,0,"",0
"2021-01-15","CRAH21","CRA","CRA","CRA",0,"2021-06-16",0,1,99.815,99.83,100,55,0,0,0,0,0,0,0,0,0,99.82,3296,0,0,"",0
"2021-01-15","CRAM21","CRA","CRA","CRA",0,"2021-09-15",0,1,99.815,99.83,100,55,0,0,0,0,0,0,0,0,0,99.82,604,0,0,"",0
"2021-01-15","CRAU21","CRA","CRA","CRA",0,"2021-12-15",0,1,99.815,99.83,150,50,0,0,0,0,0,0,0,0,0,99.82,250,0,0,"",0
"2021-01-15","CRAZ21","CRA","CRA","CRA",0,"2022-03-16",0,1,0,0,0,0,0,0,0,0,0,0,0,0,0,99.82,150,0,0,"",0
"2021-01-15","CRAH22","CRA","CRA","CRA",0,"2022-06-15",0,1,0,0,0,0,0,0,0,0,0,0,0,0,0,99.805,0,0,0,"",0
"2021-01-15","CRAM22","CRA","CRA","CRA",0,"2022-09-21",0,1,0,0,0,0,0,0,0,0,0,0,0,0,0,99.77,0,0,0,"",0
"2021-01-15","CRAU22","CRA","CRA","CRA",0,"2022-12-21",0,1,0,0,0,0,0,0,0,0,0,0,0,0,0,99.75,0,0,0,"",0
"2021-01-15","CRAZ22","CRA","CRA","CRA",0,"2023-03-15",0,1,0,0,0,0,0,0,0,0,0,0,0,0,0,99.73,0,0,0,"",0
"2021-01-15","CRAH23","CRA","CRA","CRA",0,"2023-06-21",0,1,0,0,0,0,0,0,0,0,0,0,0,0,0,99.7,0,0,0,"",0
"2021-01-15","CRAM23","CRA","CRA","CRA",0,"2023-09-20",0,1,0,0,0,0,0,0,0,0,0,0,0,0,0,99.67,0,0,0,"",0
"2021-01-15","CRAU23","CRA","CRA","CRA",0,"2023-12-20",0,1,0,0,0,0,0,0,0,0,0,0,0,0,0,99.64,0,0,0,"",0
"2021-01-18","CRAZ20","CRA","CRA","CRA",0,"2021-03-17",0,1,99.825,0,100,0,0,0,0,0,0,0,0,0,0,99.825,1943,0,0,"",0
"2021-01-18","CRAH21","CRA","CRA","CRA",0,"2021-06-16",0,1,99.805,0,20,0,0,0,0,0,0,0,0,0,0,99.825,3296,0,0,"",0
"2021-01-18","CRAM21","CRA","CRA","CRA",0,"2021-09-15",0,1,0,0,0,0,0,0,0,0,0,0,0,0,0,99.825,604,0,0,"",0
"2021-01-18","CRAU21","CRA","CRA","CRA",0,"2021-12-15",0,1,99.82,0,50,0,0,0,0,0,0,0,0,0,0,99.825,250,0,0,"",0
"2021-01-18","CRAZ21","CRA","CRA","CRA",0,"2022-03-16",0,1,0,99.84,0,50,0,0,0,0,0,0,0,0,0,99.825,150,0,0,"",0
"2021-01-18","CRAH22","CRA","CRA","CRA",0,"2022-06-15",0,1,0,0,0,0,0,0,0,0,0,0,0,0,0,99.81,0,0,0,"",0
"2021-01-18","CRAM22","CRA","CRA","CRA",0,"2022-09-21",0,1,0,0,0,0,0,0,0,0,0,0,0,0,0,99.775,0,0,0,"",0
"2021-01-18","CRAU22","CRA","CRA","CRA",0,"2022-12-21",0,1,0,0,0,0,0,0,0,0,0,0,0,0,0,99.755,0,0,0,"",0
"2021-01-18","CRAZ22","CRA","CRA","CRA",0,"2023-03-15",0,1,0,0,0,0,0,0,0,0,0,0,0,0,0,99.735,0,0,0,"",0
"2021-01-18","CRAH23","CRA","CRA","CRA",0,"2023-06-21",0,1,0,0,0,0,0,0,0,0,0,0,0,0,0,99.705,0,0,0,"",0
"2021-01-18","CRAM23","CRA","CRA","CRA",0,"2023-09-20",0,1,0,0,0,0,0,0,0,0,0,0,0,0,0,99.675,0,0,0,"",0
"2021-01-18","CRAU23","CRA","CRA","CRA",0,"2023-12-20",0,1,0,0,0,0,0,0,0,0,0,0,0,0,0,99.645,0,0,0,"",0
"2021-01-19","CRAZ20","CRA","CRA","CRA",0,"2021-03-17",0,1,99.82,0,28,0,0,0,0,0,0,0,0,0,0,99.825,1943,0,0,"",0
"2021-01-19","CRAH21","CRA","CRA","CRA",0,"2021-06-16",0,1,0,99.835,0,5,0,56,0,0,99.845,99.845,99.83,5585,7,99.83,3296,0,0,"",0
"2021-01-19","CRAM21","CRA","CRA","CRA",0,"2021-09-15",0,1,0,99.835,0,25,0,0,0,0,0,0,0,0,0,99.83,604,0,0,"",0
"2021-01-19","CRAU21","CRA","CRA","CRA",0,"2021-12-15",0,1,99.825,99.835,50,25,0,0,0,0,0,0,0,0,0,99.83,250,0,0,"",0
"2021-01-19","CRAZ21","CRA","CRA","CRA",0,"2022-03-16",0,1,0,0,0,0,0,0,0,0,0,0,0,0,0,99.83,150,0,0,"",0
"2021-01-19","CRAH22","CRA","CRA","CRA",0,"2022-06-15",0,1,0,0,0,0,0,0,0,0,0,0,0,0,0,99.815,0,0,0,"",0
"2021-01-19","CRAM22","CRA","CRA","CRA",0,"2022-09-21",0,1,0,0,0,0,0,0,0,0,0,0,0,0,0,99.78,0,0,0,"",0
"2021-01-19","CRAU22","CRA","CRA","CRA",0,"2022-12-21",0,1,0,0,0,0,0,0,0,0,0,0,0,0,0,99.76,0,0,0,"",0
"2021-01-19","CRAZ22","CRA","CRA","CRA",0,"2023-03-15",0,1,0,0,0,0,0,0,0,0,0,0,0,0,0,99.74,0,0,0,"",0
"2021-01-19","CRAH23","CRA","CRA","CRA",0,"2023-06-21",0,1,0,0,0,0,0,0,0,0,0,0,0,0,0,99.71,0,0,0,"",0
"2021-01-19","CRAM23","CRA","CRA","CRA",0,"2023-09-20",0,1,0,0,0,0,0,0,0,0,0,0,0,0,0,99.68,0,0,0,"",0
"2021-01-19","CRAU23","CRA","CRA","CRA",0,"2023-12-20",0,1,0,0,0,0,0,0,0,0,0,0,0,0,0,99.65,0,0,0,"",0
"2021-01-20","CRAZ20","CRA","CRA","CRA",0,"2021-03-17",0,1,0,0,0,0,0,28,0,0.005,99.83,99.83,99.83,2795,1,99.825,1943,0,0,"",0
"2021-01-20","CRAH21","CRA","CRA","CRA",0,"2021-06-16",0,1,99.815,99.82,125,3,0,29,0,0,99.83,99.83,99.83,2892,4,99.825,3329,0,0,"",0
"2021-01-20","CRAM21","CRA","CRA","CRA",0,"2021-09-15",0,1,0,99.82,0,5,0,0,0,0,0,0,0,0,0,99.825,604,0,0,"",0
"2021-01-20","CRAU21","CRA","CRA","CRA",0,"2021-12-15",0,1,99.795,99.815,50,25,0,0,0,0,0,0,0,0,0,99.815,250,0,0,"",0
"2021-01-20","CRAZ21","CRA","CRA","CRA",0,"2022-03-16",0,1,0,99.84,0,1000,0,0,0,0,0,0,0,0,0,99.815,150,0,0,"",0
"2021-01-20","CRAH22","CRA","CRA","CRA",0,"2022-06-15",0,1,0,0,0,0,0,0,0,0,0,0,0,0,0,99.8,0,0,0,"",0
"2021-01-20","CRAM22","CRA","CRA","CRA",0,"2022-09-21",0,1,0,0,0,0,0,0,0,0,0,0,0,0,0,99.765,0,0,0,"",0
"2021-01-20","CRAU22","CRA","CRA","CRA",0,"2022-12-21",0,1,0,0,0,0,0,0,0,0,0,0,0,0,0,99.745,0,0,0,"",0
"2021-01-20","CRAZ22","CRA","CRA","CRA",0,"2023-03-15",0,1,0,0,0,0,0,0,0,0,0,0,0,0,0,99.725,0,0,0,"",0
"2021-01-20","CRAH23","CRA","CRA","CRA",0,"2023-06-21",0,1,0,0,0,0,0,0,0,0,0,0,0,0,0,99.695,0,0,0,"",0
"2021-01-20","CRAM23","CRA","CRA","CRA",0,"2023-09-20",0,1,0,0,0,0,0,0,0,0,0,0,0,0,0,99.665,0,0,0,"",0
"2021-01-20","CRAU23","CRA","CRA","CRA",0,"2023-12-20",0,1,0,0,0,0,0,0,0,0,0,0,0,0,0,99.635,0,0,0,"",0
"2021-01-21","CRAZ20","CRA","CRA","CRA",0,"2021-03-17",0,1,99.825,0,10,0,0,477,0,-0.005,99.82,99.83,99.82,47613,11,99.825,1943,0,0,"",0
"2021-01-21","CRAH21","CRA","CRA","CRA",0,"2021-06-16",0,1,99.825,99.83,5,50,0,443,0,0,99.82,99.83,99.82,44215,18,99.825,3337,0,0,"",0
"2021-01-21","CRAM21","CRA","CRA","CRA",0,"2021-09-15",0,1,0,99.825,0,50,0,0,0,0,0,0,0,0,0,99.82,604,0,0,"",0
"2021-01-21","CRAU21","CRA","CRA","CRA",0,"2021-12-15",0,1,99.785,0,50,0,0,0,0,0,0,0,0,0,0,99.81,250,0,0,"",0
"2021-01-21","CRAZ21","CRA","CRA","CRA",0,"2022-03-16",0,1,0,0,0,0,0,0,0,0,0,0,0,0,0,99.81,150,0,0,"",0
"2021-01-21","CRAH22","CRA","CRA","CRA",0,"2022-06-15",0,1,0,0,0,0,0,0,0,0,0,0,0,0,0,99.795,0,0,0,"",0
"2021-01-21","CRAM22","CRA","CRA","CRA",0,"2022-09-21",0,1,0,0,0,0,0,0,0,0,0,0,0,0,0,99.76,0,0,0,"",0
"2021-01-21","CRAU22","CRA","CRA","CRA",0,"2022-12-21",0,1,0,0,0,0,0,0,0,0,0,0,0,0,0,99.74,0,0,0,"",0
"2021-01-21","CRAZ22","CRA","CRA","CRA",0,"2023-03-15",0,1,0,0,0,0,0,0,0,0,0,0,0,0,0,99.72,0,0,0,"",0
"2021-01-21","CRAH23","CRA","CRA","CRA",0,"2023-06-21",0,1,0,0,0,0,0,0,0,0,0,0,0,0,0,99.69,0,0,0,"",0
"2021-01-21","CRAM23","CRA","CRA","CRA",0,"2023-09-20",0,1,0,0,0,0,0,0,0,0,0,0,0,0,0,99.66,0,0,0,"",0
"2021-01-21","CRAU23","CRA","CRA","CRA",0,"2023-12-20",0,1,0,0,0,0,0,0,0,0,0,0,0,0,0,99.63,0,0,0,"",0
"2021-01-22","CRAZ20","CRA","CRA","CRA",0,"2021-03-17",0,1,99.79,99.815,1,100,0,110,0,-0.01,99.82,99.82,99.815,10979,3,99.825,2340,0,0,"",0
"2021-01-22","CRAH21","CRA","CRA","CRA",0,"2021-06-16",0,1,99.785,99.815,10,25,0,1960,0,0,99.825,99.825,99.825,195608,142,99.825,3701,0,0,"",0
"2021-01-22","CRAM21","CRA","CRA","CRA",0,"2021-09-15",0,1,0,99.82,0,150,0,0,0,0,0,0,0,0,0,99.82,604,0,0,"",0
"2021-01-22","CRAU21","CRA","CRA","CRA",0,"2021-12-15",0,1,99.77,99.815,50,50,0,0,0,0,0,0,0,0,0,99.81,250,0,0,"",0
"2021-01-22","CRAZ21","CRA","CRA","CRA",0,"2022-03-16",0,1,99.755,0,25,0,0,0,0,0,0,0,0,0,0,99.81,150,0,0,"",0
"2021-01-22","CRAH22","CRA","CRA","CRA",0,"2022-06-15",0,1,0,0,0,0,0,0,0,0,0,0,0,0,0,99.795,0,0,0,"",0
"2021-01-22","CRAM22","CRA","CRA","CRA",0,"2022-09-21",0,1,0,0,0,0,0,0,0,0,0,0,0,0,0,99.76,0,0,0,"",0
"2021-01-22","CRAU22","CRA","CRA","CRA",0,"2022-12-21",0,1,0,0,0,0,0,0,0,0,0,0,0,0,0,99.74,0,0,0,"",0
"2021-01-22","CRAZ22","CRA","CRA","CRA",0,"2023-03-15",0,1,0,0,0,0,0,0,0,0,0,0,0,0,0,99.72,0,0,0,"",0
"2021-01-22","CRAH23","CRA","CRA","CRA",0,"2023-06-21",0,1,0,0,0,0,0,0,0,0,0,0,0,0,0,99.69,0,0,0,"",0
"2021-01-22","CRAM23","CRA","CRA","CRA",0,"2023-09-20",0,1,0,0,0,0,0,0,0,0,0,0,0,0,0,99.66,0,0,0,"",0
"2021-01-22","CRAU23","CRA","CRA","CRA",0,"2023-12-20",0,1,0,0,0,0,0,0,0,0,0,0,0,0,0,99.63,0,0,0,"",0
"2021-01-25","CRAZ20","CRA","CRA","CRA",0,"2021-03-17",0,1,0,0,0,0,0,0,0,0,0,0,0,0,0,99.825,2440,0,0,"",0
"2021-01-25","CRAH21","CRA","CRA","CRA",0,"2021-06-16",0,1,99.785,99.805,25,10,0,6,0,-0.025,99.805,99.805,99.8,0,2,99.81,5661,0,0,"",0
"2021-01-25","CRAM21","CRA","CRA","CRA",0,"2021-09-15",0,1,99.79,99.8,25,30,0,6,0,-0.02,99.8,99.8,99.8,0,2,99.8,604,0,0,"",0
"2021-01-25","CRAU21","CRA","CRA","CRA",0,"2021-12-15",0,1,99.79,0,25,0,0,10,0,-0.015,99.795,99.795,99.795,0,1,99.79,250,0,0,"",0
"2021-01-25","CRAZ21","CRA","CRA","CRA",0,"2022-03-16",0,1,0,0,0,0,0,0,0,0,0,0,0,0,0,99.79,150,0,0,"",0
"2021-01-25","CRAH22","CRA","CRA","CRA",0,"2022-06-15",0,1,0,0,0,0,0,0,0,0,0,0,0,0,0,99.775,0,0,0,"",0
"2021-01-25","CRAM22","CRA","CRA","CRA",0,"2022-09-21",0,1,0,0,0,0,0,0,0,0,0,0,0,0,0,99.74,0,0,0,"",0
"2021-01-25","CRAU22","CRA","CRA","CRA",0,"2022-12-21",0,1,0,0,0,0,0,0,0,0,0,0,0,0,0,99.72,0,0,0,"",0
"2021-01-25","CRAZ22","CRA","CRA","CRA",0,"2023-03-15",0,1,0,0,0,0,0,0,0,0,0,0,0,0,0,99.7,0,0,0,"",0
"2021-01-25","CRAH23","CRA","CRA","CRA",0,"2023-06-21",0,1,0,0,0,0,0,0,0,0,0,0,0,0,0,99.67,0,0,0,"",0
"2021-01-25","CRAM23","CRA","CRA","CRA",0,"2023-09-20",0,1,0,0,0,0,0,0,0,0,0,0,0,0,0,99.64,0,0,0,"",0
"2021-01-25","CRAU23","CRA","CRA","CRA",0,"2023-12-20",0,1,0,0,0,0,0,0,0,0,0,0,0,0,0,99.61,0,0,0,"",0
"2021-01-26","CRAZ20","CRA","CRA","CRA",0,"2021-03-17",0,1,99.795,99.84,1,1,0,200,0,-0.01,99.815,99.815,99.815,0,2,99.815,2340,0,0,"",0
"2021-01-26","CRAH21","CRA","CRA","CRA",0,"2021-06-16",0,1,99.79,99.795,5,50,0,10,0,-0.02,99.79,99.79,99.79,0,2,99.795,5562,0,0,"",0
"2021-01-26","CRAM21","CRA","CRA","CRA",0,"2021-09-15",0,1,99.785,0,100,0,0,5,0,-0.01,99.79,99.79,99.79,0,1,99.785,599,0,0,"",0
"2021-01-26","CRAU21","CRA","CRA","CRA",0,"2021-12-15",0,1,99.775,0,50,0,0,0,0,0,0,0,0,0,0,99.78,260,0,0,"",0
"2021-01-26","CRAZ21","CRA","CRA","CRA",0,"2022-03-16",0,1,0,0,0,0,0,0,0,0,0,0,0,0,0,99.78,150,0,0,"",0
"2021-01-26","CRAH22","CRA","CRA","CRA",0,"2022-06-15",0,1,0,0,0,0,0,0,0,0,0,0,0,0,0,99.765,0,0,0,"",0
"2021-01-26","CRAM22","CRA","CRA","CRA",0,"2022-09-21",0,1,0,0,0,0,0,0,0,0,0,0,0,0,0,99.73,0,0,0,"",0
"2021-01-26","CRAU22","CRA","CRA","CRA",0,"2022-12-21",0,1,0,0,0,0,0,0,0,0,0,0,0,0,0,99.71,0,0,0,"",0
"2021-01-26","CRAZ22","CRA","CRA","CRA",0,"2023-03-15",0,1,0,0,0,0,0,0,0,0,0,0,0,0,0,99.69,0,0,0,"",0
"2021-01-26","CRAH23","CRA","CRA","CRA",0,"2023-06-21",0,1,0,0,0,0,0,0,0,0,0,0,0,0,0,99.66,0,0,0,"",0
"2021-01-26","CRAM23","CRA","CRA","CRA",0,"2023-09-20",0,1,0,0,0,0,0,0,0,0,0,0,0,0,0,99.63,0,0,0,"",0
"2021-01-26","CRAU23","CRA","CRA","CRA",0,"2023-12-20",0,1,0,0,0,0,0,0,0,0,0,0,0,0,0,99.6,0,0,0,"",0
"2021-01-27","CRAZ20","CRA","CRA","CRA",0,"2021-03-17",0,1,99.8,99.815,2,100,0,0,0,0,0,0,0,0,0,99.815,2304,0,0,"",0
"2021-01-27","CRAH21","CRA","CRA","CRA",0,"2021-06-16",0,1,99.79,99.795,45,25,0,110,0,-0.005,99.79,99.79,99.79,0,3,99.795,5557,0,0,"",0
"2021-01-27","CRAM21","CRA","CRA","CRA",0,"2021-09-15",0,1,0,99.79,0,25,0,0,0,0,0,0,0,0,0,99.785,599,0,0,"",0
"2021-01-27","CRAU21","CRA","CRA","CRA",0,"2021-12-15",0,1,99.775,99.79,45,100,0,5,0,0,99.78,99.78,99.78,0,1,99.78,260,0,0,"",0
"2021-01-27","CRAZ21","CRA","CRA","CRA",0,"2022-03-16",0,1,0,0,0,0,0,0,0,0,0,0,0,0,0,99.78,150,0,0,"",0
"2021-01-27","CRAH22","CRA","CRA","CRA",0,"2022-06-15",0,1,0,0,0,0,0,0,0,0,0,0,0,0,0,99.765,0,0,0,"",0
"2021-01-27","CRAM22","CRA","CRA","CRA",0,"2022-09-21",0,1,0,0,0,0,0,0,0,0,0,0,0,0,0,99.73,0,0,0,"",0
"2021-01-27","CRAU22","CRA","CRA","CRA",0,"2022-12-21",0,1,0,0,0,0,0,0,0,0,0,0,0,0,0,99.71,0,0,0,"",0
"2021-01-27","CRAZ22","CRA","CRA","CRA",0,"2023-03-15",0,1,0,0,0,0,0,0,0,0,0,0,0,0,0,99.69,0,0,0,"",0
"2021-01-27","CRAH23","CRA","CRA","CRA",0,"2023-06-21",0,1,0,0,0,0,0,0,0,0,0,0,0,0,0,99.66,0,0,0,"",0
"2021-01-27","CRAM23","CRA","CRA","CRA",0,"2023-09-20",0,1,0,0,0,0,0,0,0,0,0,0,0,0,0,99.63,0,0,0,"",0
"2021-01-27","CRAU23","CRA","CRA","CRA",0,"2023-12-20",0,1,0,0,0,0,0,0,0,0,0,0,0,0,0,99.6,0,0,0,"",0
"2021-01-28","CRAZ20","CRA","CRA","CRA",0,"2021-03-17",0,1,0,0,0,0,0,0,0,0,0,0,0,0,0,99.815,2304,0,0,"",0
"2021-01-28","CRAH21","CRA","CRA","CRA",0,"2021-06-16",0,1,0,0,0,0,0,0,0,0,0,0,0,0,0,99.795,5562,0,0,"",0
"2021-01-28","CRAM21","CRA","CRA","CRA",0,"2021-09-15",0,1,0,99.795,0,25,0,0,0,0,0,0,0,0,0,99.785,593,0,0,"",0
"2021-01-28","CRAU21","CRA","CRA","CRA",0,"2021-12-15",0,1,99.775,0,45,0,0,0,0,0,0,0,0,0,0,99.78,260,0,0,"",0
"2021-01-28","CRAZ21","CRA","CRA","CRA",0,"2022-03-16",0,1,0,0,0,0,0,0,0,0,0,0,0,0,0,99.78,150,0,0,"",0
"2021-01-28","CRAH22","CRA","CRA","CRA",0,"2022-06-15",0,1,0,0,0,0,0,0,0,0,0,0,0,0,0,99.765,0,0,0,"",0
"2021-01-28","CRAM22","CRA","CRA","CRA",0,"2022-09-21",0,1,0,0,0,0,0,0,0,0,0,0,0,0,0,99.73,0,0,0,"",0
"2021-01-28","CRAU22","CRA","CRA","CRA",0,"2022-12-21",0,1,0,0,0,0,0,0,0,0,0,0,0,0,0,99.71,0,0,0,"",0
"2021-01-28","CRAZ22","CRA","CRA","CRA",0,"2023-03-15",0,1,0,0,0,0,0,0,0,0,0,0,0,0,0,99.69,0,0,0,"",0
"2021-01-28","CRAH23","CRA","CRA","CRA",0,"2023-06-21",0,1,0,0,0,0,0,0,0,0,0,0,0,0,0,99.66,0,0,0,"",0
"2021-01-28","CRAM23","CRA","CRA","CRA",0,"2023-09-20",0,1,0,0,0,0,0,0,0,0,0,0,0,0,0,99.63,0,0,0,"",0
"2021-01-28","CRAU23","CRA","CRA","CRA",0,"2023-12-20",0,1,0,0,0,0,0,0,0,0,0,0,0,0,0,99.6,0,0,0,"",0
"2021-01-29","CRAZ20","CRA","CRA","CRA",0,"2021-03-17",0,1,0,0,0,0,0,0,0,0,0,0,0,0,0,99.815,2304,0,0,"",0
"2021-01-29","CRAH21","CRA","CRA","CRA",0,"2021-06-16",0,1,0,0,0,0,0,0,0,0,0,0,0,0,0,99.795,5547,0,0,"",0
"2021-01-29","CRAM21","CRA","CRA","CRA",0,"2021-09-15",0,1,0,0,0,0,0,0,0,0,0,0,0,0,0,99.785,593,0,0,"",0
"2021-01-29","CRAU21","CRA","CRA","CRA",0,"2021-12-15",0,1,99.78,0,45,0,0,0,0,0,0,0,0,0,0,99.78,260,0,0,"",0
"2021-01-29","CRAZ21","CRA","CRA","CRA",0,"2022-03-16",0,1,0,0,0,0,0,0,0,0,0,0,0,0,0,99.78,150,0,0,"",0
"2021-01-29","CRAH22","CRA","CRA","CRA",0,"2022-06-15",0,1,0,0,0,0,0,0,0,0,0,0,0,0,0,99.765,0,0,0,"",0
"2021-01-29","CRAM22","CRA","CRA","CRA",0,"2022-09-21",0,1,0,0,0,0,0,0,0,0,0,0,0,0,0,99.73,0,0,0,"",0
"2021-01-29","CRAU22","CRA","CRA","CRA",0,"2022-12-21",0,1,0,0,0,0,0,0,0,0,0,0,0,0,0,99.71,0,0,0,"",0
"2021-01-29","CRAZ22","CRA","CRA","CRA",0,"2023-03-15",0,1,0,0,0,0,0,0,0,0,0,0,0,0,0,99.69,0,0,0,"",0
"2021-01-29","CRAH23","CRA","CRA","CRA",0,"2023-06-21",0,1,0,0,0,0,0,0,0,0,0,0,0,0,0,99.66,0,0,0,"",0
"2021-01-29","CRAM23","CRA","CRA","CRA",0,"2023-09-20",0,1,0,0,0,0,0,0,0,0,0,0,0,0,0,99.63,0,0,0,"",0
"2021-01-29","CRAU23","CRA","CRA","CRA",0,"2023-12-20",0,1,0,0,0,0,0,0,0,0,0,0,0,0,0,99.6,0,0,0,"",0
"2021-02-01","CRAZ20","CRA","CRA","CRA",0,"2021-03-17",0,1,99.8,99.815,100,100,0,0,0,0,0,0,0,0,0,99.815,2304,0,0,"",0
"2021-02-01","CRAH21","CRA","CRA","CRA",0,"2021-06-16",0,1,99.79,99.805,100,100,0,0,0,0,0,0,0,0,0,99.795,5547,0,0,"",0
"2021-02-01","CRAM21","CRA","CRA","CRA",0,"2021-09-15",0,1,99.785,99.8,100,100,0,0,0,0,0,0,0,0,0,99.785,593,0,0,"",0
"2021-02-01","CRAU21","CRA","CRA","CRA",0,"2021-12-15",0,1,99.775,99.795,145,100,0,0,0,0,0,0,0,0,0,99.78,260,0,0,"",0
"2021-02-01","CRAZ21","CRA","CRA","CRA",0,"2022-03-16",0,1,0,0,0,0,0,0,0,0,0,0,0,0,0,99.78,150,0,0,"",0
"2021-02-01","CRAH22","CRA","CRA","CRA",0,"2022-06-15",0,1,0,0,0,0,0,0,0,0,0,0,0,0,0,99.765,0,0,0,"",0
"2021-02-01","CRAM22","CRA","CRA","CRA",0,"2022-09-21",0,1,0,0,0,0,0,0,0,0,0,0,0,0,0,99.73,0,0,0,"",0
"2021-02-01","CRAU22","CRA","CRA","CRA",0,"2022-12-21",0,1,0,0,0,0,0,0,0,0,0,0,0,0,0,99.71,0,0,0,"",0
"2021-02-01","CRAZ22","CRA","CRA","CRA",0,"2023-03-15",0,1,0,0,0,0,0,0,0,0,0,0,0,0,0,99.69,0,0,0,"",0
"2021-02-01","CRAH23","CRA","CRA","CRA",0,"2023-06-21",0,1,0,0,0,0,0,0,0,0,0,0,0,0,0,99.66,0,0,0,"",0
"2021-02-01","CRAM23","CRA","CRA","CRA",0,"2023-09-20",0,1,0,0,0,0,0,0,0,0,0,0,0,0,0,99.63,0,0,0,"",0
"2021-02-01","CRAU23","CRA","CRA","CRA",0,"2023-12-20",0,1,0,0,0,0,0,0,0,0,0,0,0,0,0,99.6,0,0,0,"",0
"2021-02-02","CRAZ20","CRA","CRA","CRA",0,"2021-03-17",0,1,99.8,99.815,100,100,0,0,0,0,0,0,0,0,0,99.815,2304,0,0,"",0
"2021-02-02","CRAH21","CRA","CRA","CRA",0,"2021-06-16",0,1,99.79,99.805,100,100,0,0,0,0,0,0,0,0,0,99.795,5547,0,0,"",0
"2021-02-02","CRAM21","CRA","CRA","CRA",0,"2021-09-15",0,1,99.785,99.8,100,100,0,0,0,0,0,0,0,0,0,99.785,593,0,0,"",0
"2021-02-02","CRAU21","CRA","CRA","CRA",0,"2021-12-15",0,1,99.775,99.79,145,100,0,0,0,0,0,0,0,0,0,99.78,260,0,0,"",0
"2021-02-02","CRAZ21","CRA","CRA","CRA",0,"2022-03-16",0,1,0,0,0,0,0,0,0,0,0,0,0,0,0,99.78,150,0,0,"",0
"2021-02-02","CRAH22","CRA","CRA","CRA",0,"2022-06-15",0,1,0,0,0,0,0,0,0,0,0,0,0,0,0,99.765,0,0,0,"",0
"2021-02-02","CRAM22","CRA","CRA","CRA",0,"2022-09-21",0,1,0,0,0,0,0,0,0,0,0,0,0,0,0,99.73,0,0,0,"",0
"2021-02-02","CRAU22","CRA","CRA","CRA",0,"2022-12-21",0,1,0,0,0,0,0,0,0,0,0,0,0,0,0,99.71,0,0,0,"",0
"2021-02-02","CRAZ22","CRA","CRA","CRA",0,"2023-03-15",0,1,0,0,0,0,0,0,0,0,0,0,0,0,0,99.69,0,0,0,"",0
"2021-02-02","CRAH23","CRA","CRA","CRA",0,"2023-06-21",0,1,0,0,0,0,0,0,0,0,0,0,0,0,0,99.66,0,0,0,"",0
"2021-02-02","CRAM23","CRA","CRA","CRA",0,"2023-09-20",0,1,0,0,0,0,0,0,0,0,0,0,0,0,0,99.63,0,0,0,"",0
"2021-02-02","CRAU23","CRA","CRA","CRA",0,"2023-12-20",0,1,0,0,0,0,0,0,0,0,0,0,0,0,0,99.6,0,0,0,"",0
"2021-02-03","CRAZ20","CRA","CRA","CRA",0,"2021-03-17",0,1,99.8,99.815,100,100,0,0,0,0,0,0,0,0,0,99.815,2304,0,0,"",0
"2021-02-03","CRAH21","CRA","CRA","CRA",0,"2021-06-16",0,1,99.79,99.805,100,100,0,0,0,0,0,0,0,0,0,99.795,5547,0,0,"",0
"2021-02-03","CRAM21","CRA","CRA","CRA",0,"2021-09-15",0,1,99.78,99.795,100,100,0,0,0,0,0,0,0,0,0,99.785,593,0,0,"",0
"2021-02-03","CRAU21","CRA","CRA","CRA",0,"2021-12-15",0,1,99.77,99.785,145,100,0,0,0,0,0,0,0,0,0,99.78,260,0,0,"",0
"2021-02-03","CRAZ21","CRA","CRA","CRA",0,"2022-03-16",0,1,0,0,0,0,0,0,0,0,0,0,0,0,0,99.78,150,0,0,"",0
"2021-02-03","CRAH22","CRA","CRA","CRA",0,"2022-06-15",0,1,0,0,0,0,0,0,0,0,0,0,0,0,0,99.765,0,0,0,"",0
"2021-02-03","CRAM22","CRA","CRA","CRA",0,"2022-09-21",0,1,0,0,0,0,0,0,0,0,0,0,0,0,0,99.73,0,0,0,"",0
"2021-02-03","CRAU22","CRA","CRA","CRA",0,"2022-12-21",0,1,0,0,0,0,0,0,0,0,0,0,0,0,0,99.71,0,0,0,"",0
"2021-02-03","CRAZ22","CRA","CRA","CRA",0,"2023-03-15",0,1,0,0,0,0,0,0,0,0,0,0,0,0,0,99.69,0,0,0,"",0
"2021-02-03","CRAH23","CRA","CRA","CRA",0,"2023-06-21",0,1,0,0,0,0,0,0,0,0,0,0,0,0,0,99.66,0,0,0,"",0
"2021-02-03","CRAM23","CRA","CRA","CRA",0,"2023-09-20",0,1,0,0,0,0,0,0,0,0,0,0,0,0,0,99.63,0,0,0,"",0
"2021-02-03","CRAU23","CRA","CRA","CRA",0,"2023-12-20",0,1,0,0,0,0,0,0,0,0,0,0,0,0,0,99.6,0,0,0,"",0
"2021-02-04","CRAZ20","CRA","CRA","CRA",0,"2021-03-17",0,1,99.8,99.815,100,100,0,0,0,0,0,0,0,0,0,99.815,2304,0,0,"",0
"2021-02-04","CRAH21","CRA","CRA","CRA",0,"2021-06-16",0,1,99.795,99.805,20,100,0,0,0,0,0,0,0,0,0,99.795,5547,0,0,"",0
"2021-02-04","CRAM21","CRA","CRA","CRA",0,"2021-09-15",0,1,99.78,99.795,100,100,0,0,0,0,0,0,0,0,0,99.785,593,0,0,"",0
"2021-02-04","CRAU21","CRA","CRA","CRA",0,"2021-12-15",0,1,99.775,99.79,145,100,0,0,0,0,0,0,0,0,0,99.78,260,0,0,"",0
"2021-02-04","CRAZ21","CRA","CRA","CRA",0,"2022-03-16",0,1,0,0,0,0,0,0,0,0,0,0,0,0,0,99.78,150,0,0,"",0
"2021-02-04","CRAH22","CRA","CRA","CRA",0,"2022-06-15",0,1,0,0,0,0,0,0,0,0,0,0,0,0,0,99.765,0,0,0,"",0
"2021-02-04","CRAM22","CRA","CRA","CRA",0,"2022-09-21",0,1,0,0,0,0,0,0,0,0,0,0,0,0,0,99.73,0,0,0,"",0
"2021-02-04","CRAU22","CRA","CRA","CRA",0,"2022-12-21",0,1,0,0,0,0,0,0,0,0,0,0,0,0,0,99.71,0,0,0,"",0
"2021-02-04","CRAZ22","CRA","CRA","CRA",0,"2023-03-15",0,1,0,0,0,0,0,0,0,0,0,0,0,0,0,99.69,0,0,0,"",0
"2021-02-04","CRAH23","CRA","CRA","CRA",0,"2023-06-21",0,1,0,0,0,0,0,0,0,0,0,0,0,0,0,99.66,0,0,0,"",0
"2021-02-04","CRAM23","CRA","CRA","CRA",0,"2023-09-20",0,1,0,0,0,0,0,0,0,0,0,0,0,0,0,99.63,0,0,0,"",0
"2021-02-04","CRAU23","CRA","CRA","CRA",0,"2023-12-20",0,1,0,0,0,0,0,0,0,0,0,0,0,0,0,99.6,0,0,0,"",0
"2021-02-05","CRAZ20","CRA","CRA","CRA",0,"2021-03-17",0,1,99.8,99.815,200,200,0,0,0,0,0,0,0,0,0,99.815,2304,0,0,"",0
"2021-02-05","CRAH21","CRA","CRA","CRA",0,"2021-06-16",0,1,99.79,99.805,200,200,0,0,0,0,0,0,0,0,0,99.795,5547,0,0,"",0
"2021-02-05","CRAM21","CRA","CRA","CRA",0,"2021-09-15",0,1,99.775,99.79,200,200,0,0,0,0,0,0,0,0,0,99.785,593,0,0,"",0
"2021-02-05","CRAU21","CRA","CRA","CRA",0,"2021-12-15",0,1,99.775,99.79,200,200,0,0,0,0,0,0,0,0,0,99.78,260,0,0,"",0
"2021-02-05","CRAZ21","CRA","CRA","CRA",0,"2022-03-16",0,1,0,0,0,0,0,0,0,0,0,0,0,0,0,99.78,150,0,0,"",0
"2021-02-05","CRAH22","CRA","CRA","CRA",0,"2022-06-15",0,1,0,0,0,0,0,0,0,0,0,0,0,0,0,99.765,0,0,0,"",0
"2021-02-05","CRAM22","CRA","CRA","CRA",0,"2022-09-21",0,1,0,0,0,0,0,0,0,0,0,0,0,0,0,99.73,0,0,0,"",0
"2021-02-05","CRAU22","CRA","CRA","CRA",0,"2022-12-21",0,1,0,0,0,0,0,0,0,0,0,0,0,0,0,99.71,0,0,0,"",0
"2021-02-05","CRAZ22","CRA","CRA","CRA",0,"2023-03-15",0,1,0,0,0,0,0,0,0,0,0,0,0,0,0,99.69,0,0,0,"",0
"2021-02-05","CRAH23","CRA","CRA","CRA",0,"2023-06-21",0,1,0,0,0,0,0,0,0,0,0,0,0,0,0,99.66,0,0,0,"",0
"2021-02-05","CRAM23","CRA","CRA","CRA",0,"2023-09-20",0,1,0,0,0,0,0,0,0,0,0,0,0,0,0,99.63,0,0,0,"",0
"2021-02-05","CRAU23","CRA","CRA","CRA",0,"2023-12-20",0,1,0,0,0,0,0,0,0,0,0,0,0,0,0,99.6,0,0,0,"",0
"2021-02-08","CRAZ20","CRA","CRA","CRA",0,"2021-03-17",0,1,99.8,99.815,100,100,0,0,0,0,0,0,0,0,0,99.815,2304,0,0,"",0
"2021-02-08","CRAH21","CRA","CRA","CRA",0,"2021-06-16",0,1,99.785,99.8,100,225,0,0,0,0,0,0,0,0,0,99.795,5547,0,0,"",0
"2021-02-08","CRAM21","CRA","CRA","CRA",0,"2021-09-15",0,1,99.77,99.785,100,125,0,0,0,0,0,0,0,0,0,99.785,593,0,0,"",0
"2021-02-08","CRAU21","CRA","CRA","CRA",0,"2021-12-15",0,1,99.765,99.78,100,225,0,0,0,0,0,0,0,0,0,99.78,260,0,0,"",0
"2021-02-08","CRAZ21","CRA","CRA","CRA",0,"2022-03-16",0,1,0,0,0,0,0,0,0,0,0,0,0,0,0,99.78,150,0,0,"",0
"2021-02-08","CRAH22","CRA","CRA","CRA",0,"2022-06-15",0,1,0,0,0,0,0,0,0,0,0,0,0,0,0,99.765,0,0,0,"",0
"2021-02-08","CRAM22","CRA","CRA","CRA",0,"2022-09-21",0,1,0,0,0,0,0,0,0,0,0,0,0,0,0,99.73,0,0,0,"",0
"2021-02-08","CRAU22","CRA","CRA","CRA",0,"2022-12-21",0,1,0,0,0,0,0,0,0,0,0,0,0,0,0,99.71,0,0,0,"",0
"2021-02-08","CRAZ22","CRA","CRA","CRA",0,"2023-03-15",0,1,0,0,0,0,0,0,0,0,0,0,0,0,0,99.69,0,0,0,"",0
"2021-02-08","CRAH23","CRA","CRA","CRA",0,"2023-06-21",0,1,0,0,0,0,0,0,0,0,0,0,0,0,0,99.66,0,0,0,"",0
"2021-02-08","CRAM23","CRA","CRA","CRA",0,"2023-09-20",0,1,0,0,0,0,0,0,0,0,0,0,0,0,0,99.63,0,0,0,"",0
"2021-02-08","CRAU23","CRA","CRA","CRA",0,"2023-12-20",0,1,0,0,0,0,0,0,0,0,0,0,0,0,0,99.6,0,0,0,"",0
"2021-02-09","CRAZ20","CRA","CRA","CRA",0,"2021-03-17",0,1,99.8,99.815,100,100,0,0,0,0,0,0,0,0,0,99.815,2304,0,0,"",0
"2021-02-09","CRAH21","CRA","CRA","CRA",0,"2021-06-16",0,1,99.775,99.79,100,120,0,5,0,-0.005,99.79,99.79,99.79,0,1,99.795,5547,0,0,"",0
"2021-02-09","CRAM21","CRA","CRA","CRA",0,"2021-09-15",0,1,99.77,99.78,100,25,0,0,0,0,0,0,0,0,0,99.78,593,0,0,"",0
"2021-02-09","CRAU21","CRA","CRA","CRA",0,"2021-12-15",0,1,99.77,99.78,100,204,0,1,0,0,99.78,99.78,99.78,0,1,99.775,260,0,0,"",0
"2021-02-09","CRAZ21","CRA","CRA","CRA",0,"2022-03-16",0,1,0,0,0,0,0,0,0,0,0,0,0,0,0,99.775,150,0,0,"",0
"2021-02-09","CRAH22","CRA","CRA","CRA",0,"2022-06-15",0,1,0,0,0,0,0,0,0,0,0,0,0,0,0,99.76,0,0,0,"",0
"2021-02-09","CRAM22","CRA","CRA","CRA",0,"2022-09-21",0,1,0,0,0,0,0,0,0,0,0,0,0,0,0,99.725,0,0,0,"",0
"2021-02-09","CRAU22","CRA","CRA","CRA",0,"2022-12-21",0,1,0,0,0,0,0,0,0,0,0,0,0,0,0,99.705,0,0,0,"",0
"2021-02-09","CRAZ22","CRA","CRA","CRA",0,"2023-03-15",0,1,0,0,0,0,0,0,0,0,0,0,0,0,0,99.685,0,0,0,"",0
"2021-02-09","CRAH23","CRA","CRA","CRA",0,"2023-06-21",0,1,0,0,0,0,0,0,0,0,0,0,0,0,0,99.655,0,0,0,"",0
"2021-02-09","CRAM23","CRA","CRA","CRA",0,"2023-09-20",0,1,0,0,0,0,0,0,0,0,0,0,0,0,0,99.625,0,0,0,"",0
"2021-02-09","CRAU23","CRA","CRA","CRA",0,"2023-12-20",0,1,0,0,0,0,0,0,0,0,0,0,0,0,0,99.595,0,0,0,"",0
"2021-02-10","CRAZ20","CRA","CRA","CRA",0,"2021-03-17",0,1,99.8,99.815,100,100,0,0,0,0,0,0,0,0,0,99.815,2304,0,0,"",0
"2021-02-10","CRAH21","CRA","CRA","CRA",0,"2021-06-16",0,1,99.78,99.79,100,90,0,10,0,-0.01,99.79,99.79,99.785,0,2,99.79,5547,0,0,"",0
"2021-02-10","CRAM21","CRA","CRA","CRA",0,"2021-09-15",0,1,99.77,99.785,105,105,0,0,0,0,0,0,0,0,0,99.775,593,0,0,"",0
"2021-02-10","CRAU21","CRA","CRA","CRA",0,"2021-12-15",0,1,99.77,99.785,205,105,0,0,0,0,0,0,0,0,0,99.77,261,0,0,"",0
"2021-02-10","CRAZ21","CRA","CRA","CRA",0,"2022-03-16",0,1,0,0,0,0,0,0,0,0,0,0,0,0,0,99.77,150,0,0,"",0
"2021-02-10","CRAH22","CRA","CRA","CRA",0,"2022-06-15",0,1,0,0,0,0,0,0,0,0,0,0,0,0,0,99.755,0,0,0,"",0
"2021-02-10","CRAM22","CRA","CRA","CRA",0,"2022-09-21",0,1,0,0,0,0,0,0,0,0,0,0,0,0,0,99.72,0,0,0,"",0
"2021-02-10","CRAU22","CRA","CRA","CRA",0,"2022-12-21",0,1,0,0,0,0,0,0,0,0,0,0,0,0,0,99.7,0,0,0,"",0
"2021-02-10","CRAZ22","CRA","CRA","CRA",0,"2023-03-15",0,1,0,0,0,0,0,0,0,0,0,0,0,0,0,99.68,0,0,0,"",0
"2021-02-10","CRAH23","CRA","CRA","CRA",0,"2023-06-21",0,1,0,0,0,0,0,0,0,0,0,0,0,0,0,99.65,0,0,0,"",0
"2021-02-10","CRAM23","CRA","CRA","CRA",0,"2023-09-20",0,1,0,0,0,0,0,0,0,0,0,0,0,0,0,99.62,0,0,0,"",0
"2021-02-10","CRAU23","CRA","CRA","CRA",0,"2023-12-20",0,1,0,0,0,0,0,0,0,0,0,0,0,0,0,99.59,0,0,0,"",0
"2021-02-11","CRAZ20","CRA","CRA","CRA",0,"2021-03-17",0,1,99.8,99.815,300,300,0,0,0,0,0,0,0,0,0,99.815,2304,0,0,"",0
"2021-02-11","CRAH21","CRA","CRA","CRA",0,"2021-06-16",0,1,99.78,99.79,300,100,0,0,0,0,0,0,0,0,0,99.79,5547,0,0,"",0
"2021-02-11","CRAM21","CRA","CRA","CRA",0,"2021-09-15",0,1,99.775,99.785,300,200,0,1,0,0.01,99.785,99.785,99.785,0,1,99.775,593,0,0,"",0
"2021-02-11","CRAU21","CRA","CRA","CRA",0,"2021-12-15",0,1,99.77,99.785,300,300,0,0,0,0,0,0,0,0,0,99.77,261,0,0,"",0
"2021-02-11","CRAZ21","CRA","CRA","CRA",0,"2022-03-16",0,1,0,0,0,0,0,0,0,0,0,0,0,0,0,99.77,150,0,0,"",0
"2021-02-11","CRAH22","CRA","CRA","CRA",0,"2022-06-15",0,1,0,0,0,0,0,0,0,0,0,0,0,0,0,99.755,0,0,0,"",0
"2021-02-11","CRAM22","CRA","CRA","CRA",0,"2022-09-21",0,1,0,0,0,0,0,0,0,0,0,0,0,0,0,99.72,0,0,0,"",0
"2021-02-11","CRAU22","CRA","CRA","CRA",0,"2022-12-21",0,1,0,0,0,0,0,0,0,0,0,0,0,0,0,99.7,0,0,0,"",0
"2021-02-11","CRAZ22","CRA","CRA","CRA",0,"2023-03-15",0,1,0,0,0,0,0,0,0,0,0,0,0,0,0,99.68,0,0,0,"",0
"2021-02-11","CRAH23","CRA","CRA","CRA",0,"2023-06-21",0,1,0,0,0,0,0,0,0,0,0,0,0,0,0,99.65,0,0,0,"",0
"2021-02-11","CRAM23","CRA","CRA","CRA",0,"2023-09-20",0,1,0,0,0,0,0,0,0,0,0,0,0,0,0,99.62,0,0,0,"",0
"2021-02-11","CRAU23","CRA","CRA","CRA",0,"2023-12-20",0,1,0,0,0,0,0,0,0,0,0,0,0,0,0,99.59,0,0,0,"",0
"2021-02-12","CRAZ20","CRA","CRA","CRA",0,"2021-03-17",0,1,99.8,99.815,200,200,0,0,0,0,0,0,0,0,0,99.815,2304,0,0,"",0
"2021-02-12","CRAH21","CRA","CRA","CRA",0,"2021-06-16",0,1,99.78,99.795,305,205,0,0,0,0,0,0,0,0,0,99.79,5547,0,0,"",0
"2021-02-12","CRAM21","CRA","CRA","CRA",0,"2021-09-15",0,1,99.765,99.78,205,305,0,0,0,0,0,0,0,0,0,99.775,593,0,0,"",0
"2021-02-12","CRAU21","CRA","CRA","CRA",0,"2021-12-15",0,1,99.765,99.775,200,205,0,0,0,0,0,0,0,0,0,99.77,261,0,0,"",0
"2021-02-12","CRAZ21","CRA","CRA","CRA",0,"2022-03-16",0,1,0,0,0,0,0,0,0,0,0,0,0,0,0,99.77,150,0,0,"",0
"2021-02-12","CRAH22","CRA","CRA","CRA",0,"2022-06-15",0,1,0,0,0,0,0,0,0,0,0,0,0,0,0,99.755,0,0,0,"",0
"2021-02-12","CRAM22","CRA","CRA","CRA",0,"2022-09-21",0,1,0,0,0,0,0,0,0,0,0,0,0,0,0,99.72,0,0,0,"",0
"2021-02-12","CRAU22","CRA","CRA","CRA",0,"2022-12-21",0,1,0,0,0,0,0,0,0,0,0,0,0,0,0,99.7,0,0,0,"",0
"2021-02-12","CRAZ22","CRA","CRA","CRA",0,"2023-03-15",0,1,0,0,0,0,0,0,0,0,0,0,0,0,0,99.68,0,0,0,"",0
"2021-02-12","CRAH23","CRA","CRA","CRA",0,"2023-06-21",0,1,0,0,0,0,0,0,0,0,0,0,0,0,0,99.65,0,0,0,"",0
"2021-02-12","CRAM23","CRA","CRA","CRA",0,"2023-09-20",0,1,0,0,0,0,0,0,0,0,0,0,0,0,0,99.62,0,0,0,"",0
"2021-02-12","CRAU23","CRA","CRA","CRA",0,"2023-12-20",0,1,0,0,0,0,0,0,0,0,0,0,0,0,0,99.59,0,0,0,"",0
"2021-02-16","CRAZ20","CRA","CRA","CRA",0,"2021-03-17",0,1,99.8,99.815,100,100,0,0,0,0,0,0,0,0,0,99.815,2304,0,0,"",0
"2021-02-16","CRAH21","CRA","CRA","CRA",0,"2021-06-16",0,1,99.77,99.785,100,100,0,100,0,-0.005,99.785,99.785,99.785,0,1,99.785,5547,0,0,"",0
"2021-02-16","CRAM21","CRA","CRA","CRA",0,"2021-09-15",0,1,99.765,99.775,5,200,0,0,0,0,0,0,0,0,0,99.77,593,0,0,"",0
"2021-02-16","CRAU21","CRA","CRA","CRA",0,"2021-12-15",0,1,99.755,99.77,200,100,0,0,0,0,0,0,0,0,0,99.765,261,0,0,"",0
"2021-02-16","CRAZ21","CRA","CRA","CRA",0,"2022-03-16",0,1,0,0,0,0,0,0,0,0,0,0,0,0,0,99.765,150,0,0,"",0
"2021-02-16","CRAH22","CRA","CRA","CRA",0,"2022-06-15",0,1,0,0,0,0,0,0,0,0,0,0,0,0,0,99.75,0,0,0,"",0
"2021-02-16","CRAM22","CRA","CRA","CRA",0,"2022-09-21",0,1,0,0,0,0,0,0,0,0,0,0,0,0,0,99.715,0,0,0,"",0
"2021-02-16","CRAU22","CRA","CRA","CRA",0,"2022-12-21",0,1,0,0,0,0,0,0,0,0,0,0,0,0,0,99.695,0,0,0,"",0
"2021-02-16","CRAZ22","CRA","CRA","CRA",0,"2023-03-15",0,1,0,0,0,0,0,0,0,0,0,0,0,0,0,99.675,0,0,0,"",0
"2021-02-16","CRAH23","CRA","CRA","CRA",0,"2023-06-21",0,1,0,0,0,0,0,0,0,0,0,0,0,0,0,99.645,0,0,0,"",0
"2021-02-16","CRAM23","CRA","CRA","CRA",0,"2023-09-20",0,1,0,0,0,0,0,0,0,0,0,0,0,0,0,99.615,0,0,0,"",0
"2021-02-16","CRAU23","CRA","CRA","CRA",0,"2023-12-20",0,1,0,0,0,0,0,0,0,0,0,0,0,0,0,99.585,0,0,0,"",0
"2021-02-17","CRAZ20","CRA","CRA","CRA",0,"2021-03-17",0,1,99.8,99.815,100,100,0,0,0,0,0,0,0,0,0,99.815,2304,0,0,"",0
"2021-02-17","CRAH21","CRA","CRA","CRA",0,"2021-06-16",0,1,99.775,99.79,200,100,0,0,0,0,0,0,0,0,0,99.785,5647,0,0,"",0
"2021-02-17","CRAM21","CRA","CRA","CRA",0,"2021-09-15",0,1,99.76,99.775,100,200,0,0,0,0,0,0,0,0,0,99.77,593,0,0,"",0
"2021-02-17","CRAU21","CRA","CRA","CRA",0,"2021-12-15",0,1,99.755,99.77,200,200,0,0,0,0,0,0,0,0,0,99.765,261,0,0,"",0
"2021-02-17","CRAZ21","CRA","CRA","CRA",0,"2022-03-16",0,1,0,0,0,0,0,0,0,0,0,0,0,0,0,99.765,150,0,0,"",0
"2021-02-17","CRAH22","CRA","CRA","CRA",0,"2022-06-15",0,1,0,0,0,0,0,0,0,0,0,0,0,0,0,99.75,0,0,0,"",0
"2021-02-17","CRAM22","CRA","CRA","CRA",0,"2022-09-21",0,1,0,0,0,0,0,0,0,0,0,0,0,0,0,99.715,0,0,0,"",0
"2021-02-17","CRAU22","CRA","CRA","CRA",0,"2022-12-21",0,1,0,0,0,0,0,0,0,0,0,0,0,0,0,99.695,0,0,0,"",0
"2021-02-17","CRAZ22","CRA","CRA","CRA",0,"2023-03-15",0,1,0,0,0,0,0,0,0,0,0,0,0,0,0,99.675,0,0,0,"",0
"2021-02-17","CRAH23","CRA","CRA","CRA",0,"2023-06-21",0,1,0,0,0,0,0,0,0,0,0,0,0,0,0,99.645,0,0,0,"",0
"2021-02-17","CRAM23","CRA","CRA","CRA",0,"2023-09-20",0,1,0,0,0,0,0,0,0,0,0,0,0,0,0,99.615,0,0,0,"",0
"2021-02-17","CRAU23","CRA","CRA","CRA",0,"2023-12-20",0,1,0,0,0,0,0,0,0,0,0,0,0,0,0,99.585,0,0,0,"",0
"2021-02-18","CRAZ20","CRA","CRA","CRA",0,"2021-03-17",0,1,99.8,99.815,100,100,0,0,0,0,0,0,0,0,0,99.815,2304,0,0,"",0
"2021-02-18","CRAH21","CRA","CRA","CRA",0,"2021-06-16",0,1,99.765,99.78,100,150,0,0,0,0,0,0,0,0,0,99.78,5647,0,0,"",0
"2021-02-18","CRAM21","CRA","CRA","CRA",0,"2021-09-15",0,1,99.755,99.77,100,100,0,0,0,0,0,0,0,0,0,99.765,593,0,0,"",0
"2021-02-18","CRAU21","CRA","CRA","CRA",0,"2021-12-15",0,1,99.75,99.76,5,100,0,0,0,0,0,0,0,0,0,99.76,261,0,0,"",0
"2021-02-18","CRAZ21","CRA","CRA","CRA",0,"2022-03-16",0,1,99.745,0,500,0,0,0,0,0,0,0,0,0,0,99.76,150,0,0,"",0
"2021-02-18","CRAH22","CRA","CRA","CRA",0,"2022-06-15",0,1,0,0,0,0,0,0,0,0,0,0,0,0,0,99.745,0,0,0,"",0
"2021-02-18","CRAM22","CRA","CRA","CRA",0,"2022-09-21",0,1,0,0,0,0,0,0,0,0,0,0,0,0,0,99.71,0,0,0,"",0
"2021-02-18","CRAU22","CRA","CRA","CRA",0,"2022-12-21",0,1,0,0,0,0,0,0,0,0,0,0,0,0,0,99.69,0,0,0,"",0
"2021-02-18","CRAZ22","CRA","CRA","CRA",0,"2023-03-15",0,1,0,0,0,0,0,0,0,0,0,0,0,0,0,99.67,0,0,0,"",0
"2021-02-18","CRAH23","CRA","CRA","CRA",0,"2023-06-21",0,1,0,0,0,0,0,0,0,0,0,0,0,0,0,99.64,0,0,0,"",0
"2021-02-18","CRAM23","CRA","CRA","CRA",0,"2023-09-20",0,1,0,0,0,0,0,0,0,0,0,0,0,0,0,99.61,0,0,0,"",0
"2021-02-18","CRAU23","CRA","CRA","CRA",0,"2023-12-20",0,1,0,0,0,0,0,0,0,0,0,0,0,0,0,99.58,0,0,0,"",0
"2021-02-19","CRAZ20","CRA","CRA","CRA",0,"2021-03-17",0,1,99.8,99.815,100,100,0,0,0,0,0,0,0,0,0,99.815,2304,0,0,"",0
"2021-02-19","CRAH21","CRA","CRA","CRA",0,"2021-06-16",0,1,99.77,99.785,105,100,0,5,0,0,99.78,99.78,99.78,0,1,99.78,5647,0,0,"",0
"2021-02-19","CRAM21","CRA","CRA","CRA",0,"2021-09-15",0,1,99.755,99.77,100,100,0,0,0,0,0,0,0,0,0,99.765,593,0,0,"",0
"2021-02-19","CRAU21","CRA","CRA","CRA",0,"2021-12-15",0,1,99.75,99.765,100,100,0,0,0,0,0,0,0,0,0,99.76,261,0,0,"",0
"2021-02-19","CRAZ21","CRA","CRA","CRA",0,"2022-03-16",0,1,0,0,0,0,0,0,0,0,0,0,0,0,0,99.76,150,0,0,"",0
"2021-02-19","CRAH22","CRA","CRA","CRA",0,"2022-06-15",0,1,0,0,0,0,0,0,0,0,0,0,0,0,0,99.745,0,0,0,"",0
"2021-02-19","CRAM22","CRA","CRA","CRA",0,"2022-09-21",0,1,0,0,0,0,0,0,0,0,0,0,0,0,0,99.71,0,0,0,"",0
"2021-02-19","CRAU22","CRA","CRA","CRA",0,"2022-12-21",0,1,0,0,0,0,0,0,0,0,0,0,0,0,0,99.69,0,0,0,"",0
"2021-02-19","CRAZ22","CRA","CRA","CRA",0,"2023-03-15",0,1,0,0,0,0,0,0,0,0,0,0,0,0,0,99.67,0,0,0,"",0
"2021-02-19","CRAH23","CRA","CRA","CRA",0,"2023-06-21",0,1,0,0,0,0,0,0,0,0,0,0,0,0,0,99.64,0,0,0,"",0
"2021-02-19","CRAM23","CRA","CRA","CRA",0,"2023-09-20",0,1,0,0,0,0,0,0,0,0,0,0,0,0,0,99.61,0,0,0,"",0
"2021-02-19","CRAU23","CRA","CRA","CRA",0,"2023-12-20",0,1,0,0,0,0,0,0,0,0,0,0,0,0,0,99.58,0,0,0,"",0
"2021-02-22","CRAZ20","CRA","CRA","CRA",0,"2021-03-17",0,1,99.8,99.815,100,100,0,0,0,0,0,0,0,0,0,99.815,2304,0,0,"",0
"2021-02-22","CRAH21","CRA","CRA","CRA",0,"2021-06-16",0,1,99.775,99.785,100,100,0,0,0,0,0,0,0,0,0,99.78,5647,0,0,"",0
"2021-02-22","CRAM21","CRA","CRA","CRA",0,"2021-09-15",0,1,99.765,99.78,100,100,0,1,0,0.01,99.775,99.775,99.775,0,1,99.765,593,0,0,"",0
"2021-02-22","CRAU21","CRA","CRA","CRA",0,"2021-12-15",0,1,99.755,99.77,100,100,0,0,0,0,0,0,0,0,0,99.76,261,0,0,"",0
"2021-02-22","CRAZ21","CRA","CRA","CRA",0,"2022-03-16",0,1,0,0,0,0,0,0,0,0,0,0,0,0,0,99.76,150,0,0,"",0
"2021-02-22","CRAH22","CRA","CRA","CRA",0,"2022-06-15",0,1,0,0,0,0,0,0,0,0,0,0,0,0,0,99.745,0,0,0,"",0
"2021-02-22","CRAM22","CRA","CRA","CRA",0,"2022-09-21",0,1,0,0,0,0,0,0,0,0,0,0,0,0,0,99.71,0,0,0,"",0
"2021-02-22","CRAU22","CRA","CRA","CRA",0,"2022-12-21",0,1,0,0,0,0,0,0,0,0,0,0,0,0,0,99.69,0,0,0,"",0
"2021-02-22","CRAZ22","CRA","CRA","CRA",0,"2023-03-15",0,1,0,0,0,0,0,0,0,0,0,0,0,0,0,99.67,0,0,0,"",0
"2021-02-22","CRAH23","CRA","CRA","CRA",0,"2023-06-21",0,1,0,0,0,0,0,0,0,0,0,0,0,0,0,99.64,0,0,0,"",0
"2021-02-22","CRAM23","CRA","CRA","CRA",0,"2023-09-20",0,1,0,0,0,0,0,0,0,0,0,0,0,0,0,99.61,0,0,0,"",0
"2021-02-22","CRAU23","CRA","CRA","CRA",0,"2023-12-20",0,1,0,0,0,0,0,0,0,0,0,0,0,0,0,99.58,0,0,0,"",0
"2021-02-23","CRAZ20","CRA","CRA","CRA",0,"2021-03-17",0,1,99.8,99.815,100,100,0,0,0,0,0,0,0,0,0,99.815,2304,0,0,"",0
"2021-02-23","CRAH21","CRA","CRA","CRA",0,"2021-06-16",0,1,99.77,99.78,5,100,0,5,0,-0.005,99.775,99.775,99.775,0,1,99.78,5647,0,0,"",0
"2021-02-23","CRAM21","CRA","CRA","CRA",0,"2021-09-15",0,1,99.755,99.77,100,100,0,0,0,0,0,0,0,0,0,99.765,592,0,0,"",0
"2021-02-23","CRAU21","CRA","CRA","CRA",0,"2021-12-15",0,1,99.755,99.775,100,100,0,5,0,0,99.76,99.76,99.76,0,1,99.76,261,0,0,"",0
"2021-02-23","CRAZ21","CRA","CRA","CRA",0,"2022-03-16",0,1,0,0,0,0,0,0,0,0,0,0,0,0,0,99.76,150,0,0,"",0
"2021-02-23","CRAH22","CRA","CRA","CRA",0,"2022-06-15",0,1,0,0,0,0,0,0,0,0,0,0,0,0,0,99.745,0,0,0,"",0
"2021-02-23","CRAM22","CRA","CRA","CRA",0,"2022-09-21",0,1,0,0,0,0,0,0,0,0,0,0,0,0,0,99.71,0,0,0,"",0
"2021-02-23","CRAU22","CRA","CRA","CRA",0,"2022-12-21",0,1,0,0,0,0,0,0,0,0,0,0,0,0,0,99.69,0,0,0,"",0
"2021-02-23","CRAZ22","CRA","CRA","CRA",0,"2023-03-15",0,1,0,0,0,0,0,0,0,0,0,0,0,0,0,99.67,0,0,0,"",0
"2021-02-23","CRAH23","CRA","CRA","CRA",0,"2023-06-21",0,1,0,0,0,0,0,0,0,0,0,0,0,0,0,99.64,0,0,0,"",0
"2021-02-23","CRAM23","CRA","CRA","CRA",0,"2023-09-20",0,1,0,0,0,0,0,0,0,0,0,0,0,0,0,99.61,0,0,0,"",0
"2021-02-23","CRAU23","CRA","CRA","CRA",0,"2023-12-20",0,1,0,0,0,0,0,0,0,0,0,0,0,0,0,99.58,0,0,0,"",0
"2021-02-24","CRAZ20","CRA","CRA","CRA",0,"2021-03-17",0,1,99.8,99.815,100,100,0,0,0,0,0,0,0,0,0,99.815,2304,0,0,"",0
"2021-02-24","CRAH21","CRA","CRA","CRA",0,"2021-06-16",0,1,99.77,99.785,5,100,0,0,0,0,0,0,0,0,0,99.78,5647,0,0,"",0
"2021-02-24","CRAM21","CRA","CRA","CRA",0,"2021-09-15",0,1,99.755,99.77,100,105,0,0,0,0,0,0,0,0,0,99.765,592,0,0,"",0
"2021-02-24","CRAU21","CRA","CRA","CRA",0,"2021-12-15",0,1,99.755,99.765,100,5,0,5,0,-0.005,99.755,99.755,99.755,0,1,99.76,261,0,0,"",0
"2021-02-24","CRAZ21","CRA","CRA","CRA",0,"2022-03-16",0,1,0,0,0,0,0,0,0,0,0,0,0,0,0,99.76,150,0,0,"",0
"2021-02-24","CRAH22","CRA","CRA","CRA",0,"2022-06-15",0,1,0,0,0,0,0,0,0,0,0,0,0,0,0,99.745,0,0,0,"",0
"2021-02-24","CRAM22","CRA","CRA","CRA",0,"2022-09-21",0,1,0,0,0,0,0,0,0,0,0,0,0,0,0,99.71,0,0,0,"",0
"2021-02-24","CRAU22","CRA","CRA","CRA",0,"2022-12-21",0,1,0,0,0,0,0,0,0,0,0,0,0,0,0,99.69,0,0,0,"",0
"2021-02-24","CRAZ22","CRA","CRA","CRA",0,"2023-03-15",0,1,0,0,0,0,0,0,0,0,0,0,0,0,0,99.67,0,0,0,"",0
"2021-02-24","CRAH23","CRA","CRA","CRA",0,"2023-06-21",0,1,0,0,0,0,0,0,0,0,0,0,0,0,0,99.64,0,0,0,"",0
"2021-02-24","CRAM23","CRA","CRA","CRA",0,"2023-09-20",0,1,0,0,0,0,0,0,0,0,0,0,0,0,0,99.61,0,0,0,"",0
"2021-02-24","CRAU23","CRA","CRA","CRA",0,"2023-12-20",0,1,0,0,0,0,0,0,0,0,0,0,0,0,0,99.58,0,0,0,"",0
"2021-02-25","CRAZ20","CRA","CRA","CRA",0,"2021-03-17",0,1,99.74,99.87,1,1,0,0,0,0,0,0,0,0,0,99.815,2304,0,0,"",0
"2021-02-25","CRAH21","CRA","CRA","CRA",0,"2021-06-16",0,1,0,0,0,0,0,0,0,0,0,0,0,0,0,99.775,5647,0,0,"",0
"2021-02-25","CRAM21","CRA","CRA","CRA",0,"2021-09-15",0,1,0,0,0,0,0,0,0,0,0,0,0,0,0,99.76,592,0,0,"",0
"2021-02-25","CRAU21","CRA","CRA","CRA",0,"2021-12-15",0,1,0,0,0,0,0,10,0,-0.015,99.755,99.755,99.745,0,2,99.745,261,0,0,"",0
"2021-02-25","CRAZ21","CRA","CRA","CRA",0,"2022-03-16",0,1,0,0,0,0,0,0,0,0,0,0,0,0,0,99.745,150,0,0,"",0
"2021-02-25","CRAH22","CRA","CRA","CRA",0,"2022-06-15",0,1,0,0,0,0,0,0,0,0,0,0,0,0,0,99.73,0,0,0,"",0
"2021-02-25","CRAM22","CRA","CRA","CRA",0,"2022-09-21",0,1,0,0,0,0,0,0,0,0,0,0,0,0,0,99.695,0,0,0,"",0
"2021-02-25","CRAU22","CRA","CRA","CRA",0,"2022-12-21",0,1,0,0,0,0,0,0,0,0,0,0,0,0,0,99.675,0,0,0,"",0
"2021-02-25","CRAZ22","CRA","CRA","CRA",0,"2023-03-15",0,1,0,0,0,0,0,0,0,0,0,0,0,0,0,99.655,0,0,0,"",0
"2021-02-25","CRAH23","CRA","CRA","CRA",0,"2023-06-21",0,1,0,0,0,0,0,0,0,0,0,0,0,0,0,99.625,0,0,0,"",0
"2021-02-25","CRAM23","CRA","CRA","CRA",0,"2023-09-20",0,1,0,0,0,0,0,0,0,0,0,0,0,0,0,99.595,0,0,0,"",0
"2021-02-25","CRAU23","CRA","CRA","CRA",0,"2023-12-20",0,1,0,0,0,0,0,0,0,0,0,0,0,0,0,99.565,0,0,0,"",0
"2021-02-26","CRAZ20","CRA","CRA","CRA",0,"2021-03-17",0,1,99.76,99.85,1,1,0,0,0,0,0,0,0,0,0,99.815,2304,0,0,"",0
"2021-02-26","CRAH21","CRA","CRA","CRA",0,"2021-06-16",0,1,0,0,0,0,0,0,0,0,0,0,0,0,0,99.775,5647,0,0,"",0
"2021-02-26","CRAM21","CRA","CRA","CRA",0,"2021-09-15",0,1,0,0,0,0,0,5,0,-0.02,99.74,99.74,99.74,0,1,99.76,592,0,0,"",0
"2021-02-26","CRAU21","CRA","CRA","CRA",0,"2021-12-15",0,1,0,0,0,0,0,100,0,-0.02,99.725,99.725,99.725,0,1,99.745,261,0,0,"",0
"2021-02-26","CRAZ21","CRA","CRA","CRA",0,"2022-03-16",0,1,0,0,0,0,0,0,0,0,0,0,0,0,0,99.745,150,0,0,"",0
"2021-02-26","CRAH22","CRA","CRA","CRA",0,"2022-06-15",0,1,0,0,0,0,0,0,0,0,0,0,0,0,0,99.73,0,0,0,"",0
"2021-02-26","CRAM22","CRA","CRA","CRA",0,"2022-09-21",0,1,0,0,0,0,0,0,0,0,0,0,0,0,0,99.695,0,0,0,"",0
"2021-02-26","CRAU22","CRA","CRA","CRA",0,"2022-12-21",0,1,0,0,0,0,0,0,0,0,0,0,0,0,0,99.675,0,0,0,"",0
"2021-02-26","CRAZ22","CRA","CRA","CRA",0,"2023-03-15",0,1,0,0,0,0,0,0,0,0,0,0,0,0,0,99.655,0,0,0,"",0
"2021-02-26","CRAH23","CRA","CRA","CRA",0,"2023-06-21",0,1,0,0,0,0,0,0,0,0,0,0,0,0,0,99.625,0,0,0,"",0
"2021-02-26","CRAM23","CRA","CRA","CRA",0,"2023-09-20",0,1,0,0,0,0,0,0,0,0,0,0,0,0,0,99.595,0,0,0,"",0
"2021-02-26","CRAU23","CRA","CRA","CRA",0,"2023-12-20",0,1,0,0,0,0,0,0,0,0,0,0,0,0,0,99.565,0,0,0,"",0
"2021-03-01","CRAZ20","CRA","CRA","CRA",0,"2021-03-17",0,1,99.8,99.815,100,100,0,0,0,0,0,0,0,0,0,99.815,2304,0,0,"",0
"2021-03-01","CRAH21","CRA","CRA","CRA",0,"2021-06-16",0,1,99.78,99.795,100,100,0,0,0,0,0,0,0,0,0,99.775,5647,0,0,"",0
"2021-03-01","CRAM21","CRA","CRA","CRA",0,"2021-09-15",0,1,99.76,99.78,100,100,0,300,0,0.01,99.77,99.77,99.77,0,4,99.765,699,0,0,"",0
"2021-03-01","CRAU21","CRA","CRA","CRA",0,"2021-12-15",0,1,99.75,99.77,100,100,0,0,0,0,0,0,0,0,0,99.755,186,0,0,"",0
"2021-03-01","CRAZ21","CRA","CRA","CRA",0,"2022-03-16",0,1,0,0,0,0,0,0,0,0,0,0,0,0,0,99.755,150,0,0,"",0
"2021-03-01","CRAH22","CRA","CRA","CRA",0,"2022-06-15",0,1,0,0,0,0,0,0,0,0,0,0,0,0,0,99.74,0,0,0,"",0
"2021-03-01","CRAM22","CRA","CRA","CRA",0,"2022-09-21",0,1,0,0,0,0,0,0,0,0,0,0,0,0,0,99.705,0,0,0,"",0
"2021-03-01","CRAU22","CRA","CRA","CRA",0,"2022-12-21",0,1,0,0,0,0,0,0,0,0,0,0,0,0,0,99.685,0,0,0,"",0
"2021-03-01","CRAZ22","CRA","CRA","CRA",0,"2023-03-15",0,1,0,0,0,0,0,0,0,0,0,0,0,0,0,99.665,0,0,0,"",0
"2021-03-01","CRAH23","CRA","CRA","CRA",0,"2023-06-21",0,1,0,0,0,0,0,0,0,0,0,0,0,0,0,99.635,0,0,0,"",0
"2021-03-01","CRAM23","CRA","CRA","CRA",0,"2023-09-20",0,1,0,0,0,0,0,0,0,0,0,0,0,0,0,99.605,0,0,0,"",0
"2021-03-01","CRAU23","CRA","CRA","CRA",0,"2023-12-20",0,1,0,0,0,0,0,0,0,0,0,0,0,0,0,99.575,0,0,0,"",0
"2021-03-02","CRAZ20","CRA","CRA","CRA",0,"2021-03-17",0,1,99.8,99.815,100,100,0,0,0,0,0,0,0,0,0,99.815,2304,0,0,"",0
"2021-03-02","CRAH21","CRA","CRA","CRA",0,"2021-06-16",0,1,99.78,99.79,100,100,0,0,0,0,0,0,0,0,0,99.78,5647,0,0,"",0
"2021-03-02","CRAM21","CRA","CRA","CRA",0,"2021-09-15",0,1,99.765,99.78,100,100,0,100,0,0.005,99.77,99.77,99.77,0,1,99.77,699,0,0,"",0
"2021-03-02","CRAU21","CRA","CRA","CRA",0,"2021-12-15",0,1,99.755,99.77,100,100,0,0,0,0,0,0,0,0,0,99.76,186,0,0,"",0
"2021-03-02","CRAZ21","CRA","CRA","CRA",0,"2022-03-16",0,1,0,0,0,0,0,0,0,0,0,0,0,0,0,99.76,150,0,0,"",0
"2021-03-02","CRAH22","CRA","CRA","CRA",0,"2022-06-15",0,1,0,0,0,0,0,0,0,0,0,0,0,0,0,99.745,0,0,0,"",0
"2021-03-02","CRAM22","CRA","CRA","CRA",0,"2022-09-21",0,1,0,0,0,0,0,0,0,0,0,0,0,0,0,99.71,0,0,0,"",0
"2021-03-02","CRAU22","CRA","CRA","CRA",0,"2022-12-21",0,1,0,0,0,0,0,0,0,0,0,0,0,0,0,99.69,0,0,0,"",0
"2021-03-02","CRAZ22","CRA","CRA","CRA",0,"2023-03-15",0,1,0,0,0,0,0,0,0,0,0,0,0,0,0,99.67,0,0,0,"",0
"2021-03-02","CRAH23","CRA","CRA","CRA",0,"2023-06-21",0,1,0,0,0,0,0,0,0,0,0,0,0,0,0,99.64,0,0,0,"",0
"2021-03-02","CRAM23","CRA","CRA","CRA",0,"2023-09-20",0,1,0,0,0,0,0,0,0,0,0,0,0,0,0,99.61,0,0,0,"",0
"2021-03-02","CRAU23","CRA","CRA","CRA",0,"2023-12-20",0,1,0,0,0,0,0,0,0,0,0,0,0,0,0,99.58,0,0,0,"",0
"2021-03-03","CRAZ20","CRA","CRA","CRA",0,"2021-03-17",0,1,99.805,99.815,25,200,0,0,0,0,0,0,0,0,0,99.815,2304,0,0,"",0
"2021-03-03","CRAH21","CRA","CRA","CRA",0,"2021-06-16",0,1,99.78,99.795,205,200,0,515,0,0.005,99.785,99.785,99.785,0,14,99.78,5647,0,0,"",0
"2021-03-03","CRAM21","CRA","CRA","CRA",0,"2021-09-15",0,1,99.77,99.785,200,100,0,100,0,0,99.77,99.77,99.77,0,1,99.77,794,0,0,"",0
"2021-03-03","CRAU21","CRA","CRA","CRA",0,"2021-12-15",0,1,99.755,99.77,100,200,0,0,0,0,0,0,0,0,0,99.76,186,0,0,"",0
"2021-03-03","CRAZ21","CRA","CRA","CRA",0,"2022-03-16",0,1,0,0,0,0,0,0,0,0,0,0,0,0,0,99.76,150,0,0,"",0
"2021-03-03","CRAH22","CRA","CRA","CRA",0,"2022-06-15",0,1,0,0,0,0,0,0,0,0,0,0,0,0,0,99.745,0,0,0,"",0
"2021-03-03","CRAM22","CRA","CRA","CRA",0,"2022-09-21",0,1,0,0,0,0,0,0,0,0,0,0,0,0,0,99.71,0,0,0,"",0
"2021-03-03","CRAU22","CRA","CRA","CRA",0,"2022-12-21",0,1,0,0,0,0,0,0,0,0,0,0,0,0,0,99.69,0,0,0,"",0
"2021-03-03","CRAZ22","CRA","CRA","CRA",0,"2023-03-15",0,1,0,0,0,0,0,0,0,0,0,0,0,0,0,99.67,0,0,0,"",0
"2021-03-03","CRAH23","CRA","CRA","CRA",0,"2023-06-21",0,1,0,0,0,0,0,0,0,0,0,0,0,0,0,99.64,0,0,0,"",0
"2021-03-03","CRAM23","CRA","CRA","CRA",0,"2023-09-20",0,1,0,0,0,0,0,0,0,0,0,0,0,0,0,99.61,0,0,0,"",0
"2021-03-03","CRAU23","CRA","CRA","CRA",0,"2023-12-20",0,1,0,0,0,0,0,0,0,0,0,0,0,0,0,99.58,0,0,0,"",0
"2021-03-04","CRAZ20","CRA","CRA","CRA",0,"2021-03-17",0,1,99.805,99.82,200,100,0,0,0,0,0,0,0,0,0,99.815,2304,0,0,"",0
"2021-03-04","CRAH21","CRA","CRA","CRA",0,"2021-06-16",0,1,99.79,99.795,100,100,0,229,0,0.015,99.795,99.795,99.795,0,3,99.79,6087,0,0,"",0
"2021-03-04","CRAM21","CRA","CRA","CRA",0,"2021-09-15",0,1,99.765,99.78,100,200,0,0,0,0,0,0,0,0,0,99.78,799,0,0,"",0
"2021-03-04","CRAU21","CRA","CRA","CRA",0,"2021-12-15",0,1,99.75,99.765,100,200,0,0,0,0,0,0,0,0,0,99.765,186,0,0,"",0
"2021-03-04","CRAZ21","CRA","CRA","CRA",0,"2022-03-16",0,1,0,0,0,0,0,0,0,0,0,0,0,0,0,99.765,150,0,0,"",0
"2021-03-04","CRAH22","CRA","CRA","CRA",0,"2022-06-15",0,1,0,0,0,0,0,0,0,0,0,0,0,0,0,99.75,0,0,0,"",0
"2021-03-04","CRAM22","CRA","CRA","CRA",0,"2022-09-21",0,1,0,0,0,0,0,0,0,0,0,0,0,0,0,99.715,0,0,0,"",0
"2021-03-04","CRAU22","CRA","CRA","CRA",0,"2022-12-21",0,1,0,0,0,0,0,0,0,0,0,0,0,0,0,99.695,0,0,0,"",0
"2021-03-04","CRAZ22","CRA","CRA","CRA",0,"2023-03-15",0,1,0,0,0,0,0,0,0,0,0,0,0,0,0,99.675,0,0,0,"",0
"2021-03-04","CRAH23","CRA","CRA","CRA",0,"2023-06-21",0,1,0,0,0,0,0,0,0,0,0,0,0,0,0,99.645,0,0,0,"",0
"2021-03-04","CRAM23","CRA","CRA","CRA",0,"2023-09-20",0,1,0,0,0,0,0,0,0,0,0,0,0,0,0,99.615,0,0,0,"",0
"2021-03-04","CRAU23","CRA","CRA","CRA",0,"2023-12-20",0,1,0,0,0,0,0,0,0,0,0,0,0,0,0,99.585,0,0,0,"",0
"2021-03-05","CRAZ20","CRA","CRA","CRA",0,"2021-03-17",0,1,99.805,99.815,300,87,0,0,0,0,0,0,0,0,0,99.815,2304,0,0,"",0
"2021-03-05","CRAH21","CRA","CRA","CRA",0,"2021-06-16",0,1,99.79,99.8,100,54,0,0,0,0,0,0,0,0,0,99.79,5665,0,0,"",0
"2021-03-05","CRAM21","CRA","CRA","CRA",0,"2021-09-15",0,1,99.765,99.78,200,200,0,0,0,0,0,0,0,0,0,99.78,799,0,0,"",0
"2021-03-05","CRAU21","CRA","CRA","CRA",0,"2021-12-15",0,1,99.75,99.765,200,100,0,0,0,0,0,0,0,0,0,99.765,186,0,0,"",0
"2021-03-05","CRAZ21","CRA","CRA","CRA",0,"2022-03-16",0,1,0,0,0,0,0,0,0,0,0,0,0,0,0,99.765,150,0,0,"",0
"2021-03-05","CRAH22","CRA","CRA","CRA",0,"2022-06-15",0,1,0,0,0,0,0,0,0,0,0,0,0,0,0,99.75,0,0,0,"",0
"2021-03-05","CRAM22","CRA","CRA","CRA",0,"2022-09-21",0,1,0,0,0,0,0,0,0,0,0,0,0,0,0,99.715,0,0,0,"",0
"2021-03-05","CRAU22","CRA","CRA","CRA",0,"2022-12-21",0,1,0,0,0,0,0,0,0,0,0,0,0,0,0,99.695,0,0,0,"",0
"2021-03-05","CRAZ22","CRA","CRA","CRA",0,"2023-03-15",0,1,0,0,0,0,0,0,0,0,0,0,0,0,0,99.675,0,0,0,"",0
"2021-03-05","CRAH23","CRA","CRA","CRA",0,"2023-06-21",0,1,0,0,0,0,0,0,0,0,0,0,0,0,0,99.645,0,0,0,"",0
"2021-03-05","CRAM23","CRA","CRA","CRA",0,"2023-09-20",0,1,0,0,0,0,0,0,0,0,0,0,0,0,0,99.615,0,0,0,"",0
"2021-03-05","CRAU23","CRA","CRA","CRA",0,"2023-12-20",0,1,0,0,0,0,0,0,0,0,0,0,0,0,0,99.585,0,0,0,"",0
"2021-03-08","CRAZ20","CRA","CRA","CRA",0,"2021-03-17",0,1,99.805,99.815,100,50,0,0,0,0,0,0,0,0,0,99.815,2304,0,0,"",0
"2021-03-08","CRAH21","CRA","CRA","CRA",0,"2021-06-16",0,1,99.78,99.79,100,100,0,100,0,0,99.79,99.79,99.79,0,1,99.79,5665,0,0,"",0
"2021-03-08","CRAM21","CRA","CRA","CRA",0,"2021-09-15",0,1,99.765,99.78,100,200,0,0,0,0,0,0,0,0,0,99.78,799,0,0,"",0
"2021-03-08","CRAU21","CRA","CRA","CRA",0,"2021-12-15",0,1,99.755,99.77,175,100,0,0,0,0,0,0,0,0,0,99.765,186,0,0,"",0
"2021-03-08","CRAZ21","CRA","CRA","CRA",0,"2022-03-16",0,1,0,0,0,0,0,0,0,0,0,0,0,0,0,99.765,150,0,0,"",0
"2021-03-08","CRAH22","CRA","CRA","CRA",0,"2022-06-15",0,1,0,0,0,0,0,0,0,0,0,0,0,0,0,99.75,0,0,0,"",0
"2021-03-08","CRAM22","CRA","CRA","CRA",0,"2022-09-21",0,1,0,0,0,0,0,0,0,0,0,0,0,0,0,99.715,0,0,0,"",0
"2021-03-08","CRAU22","CRA","CRA","CRA",0,"2022-12-21",0,1,0,0,0,0,0,0,0,0,0,0,0,0,0,99.695,0,0,0,"",0
"2021-03-08","CRAZ22","CRA","CRA","CRA",0,"2023-03-15",0,1,0,0,0,0,0,0,0,0,0,0,0,0,0,99.675,0,0,0,"",0
"2021-03-08","CRAH23","CRA","CRA","CRA",0,"2023-06-21",0,1,0,0,0,0,0,0,0,0,0,0,0,0,0,99.645,0,0,0,"",0
"2021-03-08","CRAM23","CRA","CRA","CRA",0,"2023-09-20",0,1,0,0,0,0,0,0,0,0,0,0,0,0,0,99.615,0,0,0,"",0
"2021-03-08","CRAU23","CRA","CRA","CRA",0,"2023-12-20",0,1,0,0,0,0,0,0,0,0,0,0,0,0,0,99.585,0,0,0,"",0
"2021-03-09","CRAZ20","CRA","CRA","CRA",0,"2021-03-17",0,1,99.805,99.815,100,50,0,0,0,0,0,0,0,0,0,99.815,2304,0,0,"",0
"2021-03-09","CRAH21","CRA","CRA","CRA",0,"2021-06-16",0,1,99.78,99.79,122,10,0,0,0,0,0,0,0,0,0,99.79,5765,0,0,"",0
"2021-03-09","CRAM21","CRA","CRA","CRA",0,"2021-09-15",0,1,99.77,99.785,100,100,0,0,0,0,0,0,0,0,0,99.78,799,0,0,"",0
"2021-03-09","CRAU21","CRA","CRA","CRA",0,"2021-12-15",0,1,99.755,99.765,100,100,0,0,0,0,0,0,0,0,0,99.765,186,0,0,"",0
"2021-03-09","CRAZ21","CRA","CRA","CRA",0,"2022-03-16",0,1,0,0,0,0,0,0,0,0,0,0,0,0,0,99.765,150,0,0,"",0
"2021-03-09","CRAH22","CRA","CRA","CRA",0,"2022-06-15",0,1,0,0,0,0,0,0,0,0,0,0,0,0,0,99.75,0,0,0,"",0
"2021-03-09","CRAM22","CRA","CRA","CRA",0,"2022-09-21",0,1,0,0,0,0,0,0,0,0,0,0,0,0,0,99.715,0,0,0,"",0
"2021-03-09","CRAU22","CRA","CRA","CRA",0,"2022-12-21",0,1,0,0,0,0,0,0,0,0,0,0,0,0,0,99.695,0,0,0,"",0
"2021-03-09","CRAZ22","CRA","CRA","CRA",0,"2023-03-15",0,1,0,0,0,0,0,0,0,0,0,0,0,0,0,99.675,0,0,0,"",0
"2021-03-09","CRAH23","CRA","CRA","CRA",0,"2023-06-21",0,1,0,0,0,0,0,0,0,0,0,0,0,0,0,99.645,0,0,0,"",0
"2021-03-09","CRAM23","CRA","CRA","CRA",0,"2023-09-20",0,1,0,0,0,0,0,0,0,0,0,0,0,0,0,99.615,0,0,0,"",0
"2021-03-09","CRAU23","CRA","CRA","CRA",0,"2023-12-20",0,1,0,0,0,0,0,0,0,0,0,0,0,0,0,99.585,0,0,0,"",0
"2021-03-10","CRAZ20","CRA","CRA","CRA",0,"2021-03-17",0,1,99.8,99.815,200,200,0,0,0,0,0,0,0,0,0,99.815,2304,0,0,"",0
"2021-03-10","CRAH21","CRA","CRA","CRA",0,"2021-06-16",0,1,99.78,99.79,550,70,0,1,0,-0.01,99.78,99.78,99.78,0,1,99.79,5765,0,0,"",0
"2021-03-10","CRAM21","CRA","CRA","CRA",0,"2021-09-15",0,1,99.77,99.785,200,200,0,0,0,0,0,0,0,0,0,99.78,799,0,0,"",0
"2021-03-10","CRAU21","CRA","CRA","CRA",0,"2021-12-15",0,1,99.755,99.77,202,200,0,0,0,0,0,0,0,0,0,99.765,186,0,0,"",0
"2021-03-10","CRAZ21","CRA","CRA","CRA",0,"2022-03-16",0,1,0,0,0,0,0,0,0,0,0,0,0,0,0,99.765,150,0,0,"",0
"2021-03-10","CRAH22","CRA","CRA","CRA",0,"2022-06-15",0,1,0,0,0,0,0,0,0,0,0,0,0,0,0,99.75,0,0,0,"",0
"2021-03-10","CRAM22","CRA","CRA","CRA",0,"2022-09-21",0,1,0,0,0,0,0,0,0,0,0,0,0,0,0,99.715,0,0,0,"",0
"2021-03-10","CRAU22","CRA","CRA","CRA",0,"2022-12-21",0,1,0,0,0,0,0,0,0,0,0,0,0,0,0,99.695,0,0,0,"",0
"2021-03-10","CRAZ22","CRA","CRA","CRA",0,"2023-03-15",0,1,0,0,0,0,0,0,0,0,0,0,0,0,0,99.675,0,0,0,"",0
"2021-03-10","CRAH23","CRA","CRA","CRA",0,"2023-06-21",0,1,0,0,0,0,0,0,0,0,0,0,0,0,0,99.645,0,0,0,"",0
"2021-03-10","CRAM23","CRA","CRA","CRA",0,"2023-09-20",0,1,0,0,0,0,0,0,0,0,0,0,0,0,0,99.615,0,0,0,"",0
"2021-03-10","CRAU23","CRA","CRA","CRA",0,"2023-12-20",0,1,0,0,0,0,0,0,0,0,0,0,0,0,0,99.585,0,0,0,"",0
"2021-03-11","CRAZ20","CRA","CRA","CRA",0,"2021-03-17",0,1,99.8,99.815,100,100,0,0,0,0,0,0,0,0,0,99.815,2304,0,0,"",0
"2021-03-11","CRAH21","CRA","CRA","CRA",0,"2021-06-16",0,1,99.775,99.785,101,15,0,0,0,0,0,0,0,0,0,99.79,5766,0,0,"",0
"2021-03-11","CRAM21","CRA","CRA","CRA",0,"2021-09-15",0,1,99.765,99.78,100,100,0,0,0,0,0,0,0,0,0,99.775,799,0,0,"",0
"2021-03-11","CRAU21","CRA","CRA","CRA",0,"2021-12-15",0,1,99.755,99.775,100,100,0,0,0,0,0,0,0,0,0,99.76,186,0,0,"",0
"2021-03-11","CRAZ21","CRA","CRA","CRA",0,"2022-03-16",0,1,0,0,0,0,0,0,0,0,0,0,0,0,0,99.76,150,0,0,"",0
"2021-03-11","CRAH22","CRA","CRA","CRA",0,"2022-06-15",0,1,0,0,0,0,0,0,0,0,0,0,0,0,0,99.745,0,0,0,"",0
"2021-03-11","CRAM22","CRA","CRA","CRA",0,"2022-09-21",0,1,0,0,0,0,0,0,0,0,0,0,0,0,0,99.71,0,0,0,"",0
"2021-03-11","CRAU22","CRA","CRA","CRA",0,"2022-12-21",0,1,0,0,0,0,0,0,0,0,0,0,0,0,0,99.69,0,0,0,"",0
"2021-03-11","CRAZ22","CRA","CRA","CRA",0,"2023-03-15",0,1,0,0,0,0,0,0,0,0,0,0,0,0,0,99.67,0,0,0,"",0
"2021-03-11","CRAH23","CRA","CRA","CRA",0,"2023-06-21",0,1,0,0,0,0,0,0,0,0,0,0,0,0,0,99.64,0,0,0,"",0
"2021-03-11","CRAM23","CRA","CRA","CRA",0,"2023-09-20",0,1,0,0,0,0,0,0,0,0,0,0,0,0,0,99.61,0,0,0,"",0
"2021-03-11","CRAU23","CRA","CRA","CRA",0,"2023-12-20",0,1,0,0,0,0,0,0,0,0,0,0,0,0,0,99.58,0,0,0,"",0
"2021-03-12","CRAZ20","CRA","CRA","CRA",0,"2021-03-17",0,1,99.805,99.815,200,50,0,0,0,0,0,0,0,0,0,99.815,2304,0,0,"",0
"2021-03-12","CRAH21","CRA","CRA","CRA",0,"2021-06-16",0,1,99.765,99.78,100,200,0,151,0,-0.015,99.785,99.785,99.775,0,3,99.775,5766,0,0,"",0
"2021-03-12","CRAM21","CRA","CRA","CRA",0,"2021-09-15",0,1,99.75,99.765,100,100,0,150,0,-0.02,99.755,99.76,99.755,0,5,99.76,799,0,0,"",0
"2021-03-12","CRAU21","CRA","CRA","CRA",0,"2021-12-15",0,1,99.73,99.745,100,100,0,100,0,-0.02,99.74,99.74,99.74,0,1,99.74,186,0,0,"",0
"2021-03-12","CRAZ21","CRA","CRA","CRA",0,"2022-03-16",0,1,0,0,0,0,0,0,0,0,0,0,0,0,0,99.74,150,0,0,"",0
"2021-03-12","CRAH22","CRA","CRA","CRA",0,"2022-06-15",0,1,0,0,0,0,0,0,0,0,0,0,0,0,0,99.725,0,0,0,"",0
"2021-03-12","CRAM22","CRA","CRA","CRA",0,"2022-09-21",0,1,0,0,0,0,0,0,0,0,0,0,0,0,0,99.69,0,0,0,"",0
"2021-03-12","CRAU22","CRA","CRA","CRA",0,"2022-12-21",0,1,0,0,0,0,0,0,0,0,0,0,0,0,0,99.67,0,0,0,"",0
"2021-03-12","CRAZ22","CRA","CRA","CRA",0,"2023-03-15",0,1,0,0,0,0,0,0,0,0,0,0,0,0,0,99.65,0,0,0,"",0
"2021-03-12","CRAH23","CRA","CRA","CRA",0,"2023-06-21",0,1,0,0,0,0,0,0,0,0,0,0,0,0,0,99.62,0,0,0,"",0
"2021-03-12","CRAM23","CRA","CRA","CRA",0,"2023-09-20",0,1,0,0,0,0,0,0,0,0,0,0,0,0,0,99.59,0,0,0,"",0
"2021-03-12","CRAU23","CRA","CRA","CRA",0,"2023-12-20",0,1,0,0,0,0,0,0,0,0,0,0,0,0,0,99.56,0,0,0,"",0
"2021-03-15","CRAZ20","CRA","CRA","CRA",0,"2021-03-17",0,1,99.805,99.815,200,100,0,0,0,0,0,0,0,0,0,99.815,2304,0,0,"",0
"2021-03-15","CRAH21","CRA","CRA","CRA",0,"2021-06-16",0,1,99.77,99.785,250,315,0,0,0,0,0,0,0,0,0,99.775,5717,0,0,"",0
"2021-03-15","CRAM21","CRA","CRA","CRA",0,"2021-09-15",0,1,99.745,99.76,200,300,0,0,0,0,0,0,0,0,0,99.76,874,0,0,"",0
"2021-03-15","CRAU21","CRA","CRA","CRA",0,"2021-12-15",0,1,99.73,99.74,100,300,0,0,0,0,0,0,0,0,0,99.74,286,0,0,"",0
"2021-03-15","CRAZ21","CRA","CRA","CRA",0,"2022-03-16",0,1,0,0,0,0,0,0,0,0,0,0,0,0,0,99.74,150,0,0,"",0
"2021-03-15","CRAH22","CRA","CRA","CRA",0,"2022-06-15",0,1,0,0,0,0,0,0,0,0,0,0,0,0,0,99.725,0,0,0,"",0
"2021-03-15","CRAM22","CRA","CRA","CRA",0,"2022-09-21",0,1,0,0,0,0,0,0,0,0,0,0,0,0,0,99.69,0,0,0,"",0
"2021-03-15","CRAU22","CRA","CRA","CRA",0,"2022-12-21",0,1,0,0,0,0,0,0,0,0,0,0,0,0,0,99.67,0,0,0,"",0
"2021-03-15","CRAZ22","CRA","CRA","CRA",0,"2023-03-15",0,1,0,0,0,0,0,0,0,0,0,0,0,0,0,99.65,0,0,0,"",0
"2021-03-15","CRAH23","CRA","CRA","CRA",0,"2023-06-21",0,1,0,0,0,0,0,0,0,0,0,0,0,0,0,99.62,0,0,0,"",0
"2021-03-15","CRAM23","CRA","CRA","CRA",0,"2023-09-20",0,1,0,0,0,0,0,0,0,0,0,0,0,0,0,99.59,0,0,0,"",0
"2021-03-15","CRAU23","CRA","CRA","CRA",0,"2023-12-20",0,1,0,0,0,0,0,0,0,0,0,0,0,0,0,99.56,0,0,0,"",0
"2021-03-16","CRAZ20","CRA","CRA","CRA",0,"2021-03-17",0,1,0,0,0,0,0,0,0,0,0,0,0,0,0,99.815,2304,0,0,"",0
"2021-03-16","CRAH21","CRA","CRA","CRA",0,"2021-06-16",0,1,99.775,99.785,101,15,0,0,0,0,0,0,0,0,0,99.775,5717,0,0,"",0
"2021-03-16","CRAM21","CRA","CRA","CRA",0,"2021-09-15",0,1,99.76,99.78,100,100,0,0,0,0,0,0,0,0,0,99.76,874,0,0,"",0
"2021-03-16","CRAU21","CRA","CRA","CRA",0,"2021-12-15",0,1,99.73,99.745,100,100,0,0,0,0,0,0,0,0,0,99.74,286,0,0,"",0
"2021-03-16","CRAZ21","CRA","CRA","CRA",0,"2022-03-16",0,1,0,0,0,0,0,0,0,0,0,0,0,0,0,99.74,150,0,0,"",0
"2021-03-16","CRAH22","CRA","CRA","CRA",0,"2022-06-15",0,1,0,0,0,0,0,0,0,0,0,0,0,0,0,99.725,0,0,0,"",0
"2021-03-16","CRAM22","CRA","CRA","CRA",0,"2022-09-21",0,1,0,0,0,0,0,0,0,0,0,0,0,0,0,99.69,0,0,0,"",0
"2021-03-16","CRAU22","CRA","CRA","CRA",0,"2022-12-21",0,1,0,0,0,0,0,0,0,0,0,0,0,0,0,99.67,0,0,0,"",0
"2021-03-16","CRAZ22","CRA","CRA","CRA",0,"2023-03-15",0,1,0,0,0,0,0,0,0,0,0,0,0,0,0,99.65,0,0,0,"",0
"2021-03-16","CRAH23","CRA","CRA","CRA",0,"2023-06-21",0,1,0,0,0,0,0,0,0,0,0,0,0,0,0,99.62,0,0,0,"",0
"2021-03-16","CRAM23","CRA","CRA","CRA",0,"2023-09-20",0,1,0,0,0,0,0,0,0,0,0,0,0,0,0,99.59,0,0,0,"",0
"2021-03-16","CRAU23","CRA","CRA","CRA",0,"2023-12-20",0,1,0,0,0,0,0,0,0,0,0,0,0,0,0,99.56,0,0,0,"",0
"2021-03-17","CRAH21","CRA","CRA","CRA",0,"2021-06-16",0,1,99.78,99.785,1,57,0,0,0,0,0,0,0,0,0,99.775,5717,0,0,"",0
"2021-03-17","CRAM21","CRA","CRA","CRA",0,"2021-09-15",0,1,99.755,99.775,150,105,0,0,0,0,0,0,0,0,0,99.76,874,0,0,"",0
"2021-03-17","CRAU21","CRA","CRA","CRA",0,"2021-12-15",0,1,99.745,99.765,50,5,0,0,0,0,0,0,0,0,0,99.74,286,0,0,"",0
"2021-03-17","CRAZ21","CRA","CRA","CRA",0,"2022-03-16",0,1,99.715,99.735,150,100,0,200,0,-0.03,99.71,99.71,99.71,0,2,99.74,150,0,0,"",0
"2021-03-17","CRAH22","CRA","CRA","CRA",0,"2022-06-15",0,1,0,0,0,0,0,0,0,0,0,0,0,0,0,99.725,0,0,0,"",0
"2021-03-17","CRAM22","CRA","CRA","CRA",0,"2022-09-21",0,1,0,0,0,0,0,0,0,0,0,0,0,0,0,99.69,0,0,0,"",0
"2021-03-17","CRAU22","CRA","CRA","CRA",0,"2022-12-21",0,1,0,0,0,0,0,0,0,0,0,0,0,0,0,99.67,0,0,0,"",0
"2021-03-17","CRAZ22","CRA","CRA","CRA",0,"2023-03-15",0,1,0,0,0,0,0,0,0,0,0,0,0,0,0,99.65,0,0,0,"",0
"2021-03-17","CRAH23","CRA","CRA","CRA",0,"2023-06-21",0,1,0,0,0,0,0,0,0,0,0,0,0,0,0,99.62,0,0,0,"",0
"2021-03-17","CRAM23","CRA","CRA","CRA",0,"2023-09-20",0,1,0,0,0,0,0,0,0,0,0,0,0,0,0,99.59,0,0,0,"",0
"2021-03-17","CRAU23","CRA","CRA","CRA",0,"2023-12-20",0,1,0,0,0,0,0,0,0,0,0,0,0,0,0,99.56,0,0,0,"",0
"2021-03-18","CRAH21","CRA","CRA","CRA",0,"2021-06-16",0,1,99.79,99.795,246,25,0,146,0,0.015,99.785,99.79,99.785,0,6,99.79,5717,0,0,"",0
"2021-03-18","CRAM21","CRA","CRA","CRA",0,"2021-09-15",0,1,99.77,99.785,300,200,0,0,0,0,0,0,0,0,0,99.775,874,0,0,"",0
"2021-03-18","CRAU21","CRA","CRA","CRA",0,"2021-12-15",0,1,99.745,99.76,200,300,0,0,0,0,0,0,0,0,0,99.755,286,0,0,"",0
"2021-03-18","CRAZ21","CRA","CRA","CRA",0,"2022-03-16",0,1,99.725,99.735,300,100,0,0,0,0,0,0,0,0,0,99.735,250,0,0,"",0
"2021-03-18","CRAH22","CRA","CRA","CRA",0,"2022-06-15",0,1,0,0,0,0,0,0,0,0,0,0,0,0,0,99.72,0,0,0,"",0
"2021-03-18","CRAM22","CRA","CRA","CRA",0,"2022-09-21",0,1,0,0,0,0,0,0,0,0,0,0,0,0,0,99.685,0,0,0,"",0
"2021-03-18","CRAU22","CRA","CRA","CRA",0,"2022-12-21",0,1,0,0,0,0,0,0,0,0,0,0,0,0,0,99.665,0,0,0,"",0
"2021-03-18","CRAZ22","CRA","CRA","CRA",0,"2023-03-15",0,1,0,0,0,0,0,0,0,0,0,0,0,0,0,99.645,0,0,0,"",0
"2021-03-18","CRAH23","CRA","CRA","CRA",0,"2023-06-21",0,1,0,0,0,0,0,0,0,0,0,0,0,0,0,99.615,0,0,0,"",0
"2021-03-18","CRAM23","CRA","CRA","CRA",0,"2023-09-20",0,1,0,0,0,0,0,0,0,0,0,0,0,0,0,99.585,0,0,0,"",0
"2021-03-18","CRAU23","CRA","CRA","CRA",0,"2023-12-20",0,1,0,0,0,0,0,0,0,0,0,0,0,0,0,99.555,0,0,0,"",0
"2021-03-18","CRAZ23","CRA","CRA","CRA",0,"2024-03-20",0,1,0,0,0,0,0,0,0,0,0,0,0,0,0,99.525,0,0,0,"",0
"2021-03-19","CRAH21","CRA","CRA","CRA",0,"2021-06-16",0,1,99.795,99.81,375,300,0,50,0,0.01,99.795,99.8,99.795,0,2,99.795,5613,0,0,"",0
"2021-03-19","CRAM21","CRA","CRA","CRA",0,"2021-09-15",0,1,99.785,99.8,200,200,0,0,0,0,0,0,0,0,0,99.785,874,0,0,"",0
"2021-03-19","CRAU21","CRA","CRA","CRA",0,"2021-12-15",0,1,99.77,99.785,300,300,0,100,0,0.02,99.775,99.775,99.775,0,1,99.77,286,0,0,"",0
"2021-03-19","CRAZ21","CRA","CRA","CRA",0,"2022-03-16",0,1,99.73,99.74,100,100,0,103,0,0.01,99.735,99.745,99.735,0,2,99.745,250,0,0,"",0
"2021-03-19","CRAH22","CRA","CRA","CRA",0,"2022-06-15",0,1,0,0,0,0,0,0,0,0,0,0,0,0,0,99.73,0,0,0,"",0
"2021-03-19","CRAM22","CRA","CRA","CRA",0,"2022-09-21",0,1,0,0,0,0,0,0,0,0,0,0,0,0,0,99.695,0,0,0,"",0
"2021-03-19","CRAU22","CRA","CRA","CRA",0,"2022-12-21",0,1,0,0,0,0,0,0,0,0,0,0,0,0,0,99.675,0,0,0,"",0
"2021-03-19","CRAZ22","CRA","CRA","CRA",0,"2023-03-15",0,1,0,0,0,0,0,0,0,0,0,0,0,0,0,99.655,0,0,0,"",0
"2021-03-19","CRAH23","CRA","CRA","CRA",0,"2023-06-21",0,1,0,0,0,0,0,0,0,0,0,0,0,0,0,99.625,0,0,0,"",0
"2021-03-19","CRAM23","CRA","CRA","CRA",0,"2023-09-20",0,1,0,0,0,0,0,0,0,0,0,0,0,0,0,99.595,0,0,0,"",0
"2021-03-19","CRAU23","CRA","CRA","CRA",0,"2023-12-20",0,1,0,0,0,0,0,0,0,0,0,0,0,0,0,99.565,0,0,0,"",0
"2021-03-19","CRAZ23","CRA","CRA","CRA",0,"2024-03-20",0,1,0,0,0,0,0,0,0,0,0,0,0,0,0,99.535,0,0,0,"",0
"2021-03-22","CRAH21","CRA","CRA","CRA",0,"2021-06-16",0,1,99.795,99.81,100,100,0,0,0,0,0,0,0,0,0,99.795,5588,0,0,"",0
"2021-03-22","CRAM21","CRA","CRA","CRA",0,"2021-09-15",0,1,99.78,99.795,100,100,0,204,0,0.005,99.795,99.795,99.79,0,20,99.785,874,0,0,"",0
"2021-03-22","CRAU21","CRA","CRA","CRA",0,"2021-12-15",0,1,99.775,99.79,100,100,0,2,0,0.02,99.79,99.79,99.79,0,1,99.775,186,0,0,"",0
"2021-03-22","CRAZ21","CRA","CRA","CRA",0,"2022-03-16",0,1,99.735,99.755,100,100,0,0,0,0,0,0,0,0,0,99.75,350,0,0,"",0
"2021-03-22","CRAH22","CRA","CRA","CRA",0,"2022-06-15",0,1,0,0,0,0,0,0,0,0,0,0,0,0,0,99.735,0,0,0,"",0
"2021-03-22","CRAM22","CRA","CRA","CRA",0,"2022-09-21",0,1,0,0,0,0,0,0,0,0,0,0,0,0,0,99.7,0,0,0,"",0
"2021-03-22","CRAU22","CRA","CRA","CRA",0,"2022-12-21",0,1,0,0,0,0,0,0,0,0,0,0,0,0,0,99.68,0,0,0,"",0
"2021-03-22","CRAZ22","CRA","CRA","CRA",0,"2023-03-15",0,1,0,0,0,0,0,0,0,0,0,0,0,0,0,99.66,0,0,0,"",0
"2021-03-22","CRAH23","CRA","CRA","CRA",0,"2023-06-21",0,1,0,0,0,0,0,0,0,0,0,0,0,0,0,99.63,0,0,0,"",0
"2021-03-22","CRAM23","CRA","CRA","CRA",0,"2023-09-20",0,1,0,0,0,0,0,0,0,0,0,0,0,0,0,99.6,0,0,0,"",0
"2021-03-22","CRAU23","CRA","CRA","CRA",0,"2023-12-20",0,1,0,0,0,0,0,0,0,0,0,0,0,0,0,99.57,0,0,0,"",0
"2021-03-22","CRAZ23","CRA","CRA","CRA",0,"2024-03-20",0,1,0,0,0,0,0,0,0,0,0,0,0,0,0,99.54,0,0,0,"",0
"2021-03-23","CRAH21","CRA","CRA","CRA",0,"2021-06-16",0,1,99.795,99.8,100,10,0,1,0,0.015,99.81,99.81,99.81,0,1,99.795,5588,0,0,"",0
"2021-03-23","CRAM21","CRA","CRA","CRA",0,"2021-09-15",0,1,99.78,99.795,100,200,0,1,0,0.01,99.795,99.795,99.795,0,1,99.785,966,0,0,"",0
"2021-03-23","CRAU21","CRA","CRA","CRA",0,"2021-12-15",0,1,99.775,99.79,100,150,0,0,0,0,0,0,0,0,0,99.775,186,0,0,"",0
"2021-03-23","CRAZ21","CRA","CRA","CRA",0,"2022-03-16",0,1,99.735,99.75,100,100,0,2,0,-0.01,99.74,99.74,99.74,0,1,99.75,350,0,0,"",0
"2021-03-23","CRAH22","CRA","CRA","CRA",0,"2022-06-15",0,1,0,0,0,0,0,0,0,0,0,0,0,0,0,99.735,0,0,0,"",0
"2021-03-23","CRAM22","CRA","CRA","CRA",0,"2022-09-21",0,1,0,0,0,0,0,0,0,0,0,0,0,0,0,99.7,0,0,0,"",0
"2021-03-23","CRAU22","CRA","CRA","CRA",0,"2022-12-21",0,1,0,0,0,0,0,0,0,0,0,0,0,0,0,99.68,0,0,0,"",0
"2021-03-23","CRAZ22","CRA","CRA","CRA",0,"2023-03-15",0,1,0,0,0,0,0,0,0,0,0,0,0,0,0,99.66,0,0,0,"",0
"2021-03-23","CRAH23","CRA","CRA","CRA",0,"2023-06-21",0,1,0,0,0,0,0,0,0,0,0,0,0,0,0,99.63,0,0,0,"",0
"2021-03-23","CRAM23","CRA","CRA","CRA",0,"2023-09-20",0,1,0,0,0,0,0,0,0,0,0,0,0,0,0,99.6,0,0,0,"",0
"2021-03-23","CRAU23","CRA","CRA","CRA",0,"2023-12-20",0,1,0,0,0,0,0,0,0,0,0,0,0,0,0,99.57,0,0,0,"",0
"2021-03-23","CRAZ23","CRA","CRA","CRA",0,"2024-03-20",0,1,0,0,0,0,0,0,0,0,0,0,0,0,0,99.54,0,0,0,"",0
"2021-03-24","CRAH21","CRA","CRA","CRA",0,"2021-06-16",0,1,99.795,99.81,100,100,0,0,0,0,0,0,0,0,0,99.8,5588,0,0,"",0
"2021-03-24","CRAM21","CRA","CRA","CRA",0,"2021-09-15",0,1,99.78,99.795,100,100,0,0,0,0,0,0,0,0,0,99.79,967,0,0,"",0
"2021-03-24","CRAU21","CRA","CRA","CRA",0,"2021-12-15",0,1,99.775,99.79,100,100,0,0,0,0,0,0,0,0,0,99.78,186,0,0,"",0
"2021-03-24","CRAZ21","CRA","CRA","CRA",0,"2022-03-16",0,1,99.745,99.76,100,100,0,0,0,0,0,0,0,0,0,99.755,350,0,0,"",0
"2021-03-24","CRAH22","CRA","CRA","CRA",0,"2022-06-15",0,1,0,0,0,0,0,0,0,0,0,0,0,0,0,99.74,0,0,0,"",0
"2021-03-24","CRAM22","CRA","CRA","CRA",0,"2022-09-21",0,1,0,0,0,0,0,0,0,0,0,0,0,0,0,99.705,0,0,0,"",0
"2021-03-24","CRAU22","CRA","CRA","CRA",0,"2022-12-21",0,1,0,0,0,0,0,0,0,0,0,0,0,0,0,99.685,0,0,0,"",0
"2021-03-24","CRAZ22","CRA","CRA","CRA",0,"2023-03-15",0,1,0,0,0,0,0,0,0,0,0,0,0,0,0,99.665,0,0,0,"",0
"2021-03-24","CRAH23","CRA","CRA","CRA",0,"2023-06-21",0,1,0,0,0,0,0,0,0,0,0,0,0,0,0,99.635,0,0,0,"",0
"2021-03-24","CRAM23","CRA","CRA","CRA",0,"2023-09-20",0,1,0,0,0,0,0,0,0,0,0,0,0,0,0,99.605,0,0,0,"",0
"2021-03-24","CRAU23","CRA","CRA","CRA",0,"2023-12-20",0,1,0,0,0,0,0,0,0,0,0,0,0,0,0,99.575,0,0,0,"",0
"2021-03-24","CRAZ23","CRA","CRA","CRA",0,"2024-03-20",0,1,0,0,0,0,0,0,0,0,0,0,0,0,0,99.545,0,0,0,"",0
"2021-03-25","CRAH21","CRA","CRA","CRA",0,"2021-06-16",0,1,99.795,99.81,200,300,0,0,0,0,0,0,0,0,0,99.8,5587,0,0,"",0
"2021-03-25","CRAM21","CRA","CRA","CRA",0,"2021-09-15",0,1,99.78,99.795,300,550,0,0,0,0,0,0,0,0,0,99.79,967,0,0,"",0
"2021-03-25","CRAU21","CRA","CRA","CRA",0,"2021-12-15",0,1,99.77,99.785,200,200,0,0,0,0,0,0,0,0,0,99.78,186,0,0,"",0
"2021-03-25","CRAZ21","CRA","CRA","CRA",0,"2022-03-16",0,1,99.74,99.755,200,200,0,0,0,0,0,0,0,0,0,99.755,350,0,0,"",0
"2021-03-25","CRAH22","CRA","CRA","CRA",0,"2022-06-15",0,1,0,0,0,0,0,0,0,0,0,0,0,0,0,99.74,0,0,0,"",0
"2021-03-25","CRAM22","CRA","CRA","CRA",0,"2022-09-21",0,1,0,0,0,0,0,0,0,0,0,0,0,0,0,99.705,0,0,0,"",0
"2021-03-25","CRAU22","CRA","CRA","CRA",0,"2022-12-21",0,1,0,0,0,0,0,0,0,0,0,0,0,0,0,99.685,0,0,0,"",0
"2021-03-25","CRAZ22","CRA","CRA","CRA",0,"2023-03-15",0,1,0,0,0,0,0,0,0,0,0,0,0,0,0,99.665,0,0,0,"",0
"2021-03-25","CRAH23","CRA","CRA","CRA",0,"2023-06-21",0,1,0,0,0,0,0,0,0,0,0,0,0,0,0,99.635,0,0,0,"",0
"2021-03-25","CRAM23","CRA","CRA","CRA",0,"2023-09-20",0,1,0,0,0,0,0,0,0,0,0,0,0,0,0,99.605,0,0,0,"",0
"2021-03-25","CRAU23","CRA","CRA","CRA",0,"2023-12-20",0,1,0,0,0,0,0,0,0,0,0,0,0,0,0,99.575,0,0,0,"",0
"2021-03-25","CRAZ23","CRA","CRA","CRA",0,"2024-03-20",0,1,0,0,0,0,0,0,0,0,0,0,0,0,0,99.545,0,0,0,"",0
"2021-03-26","CRAH21","CRA","CRA","CRA",0,"2021-06-16",0,1,99.795,99.81,100,150,0,0,0,0,0,0,0,0,0,99.8,5587,0,0,"",0
"2021-03-26","CRAM21","CRA","CRA","CRA",0,"2021-09-15",0,1,99.78,99.795,100,150,0,0,0,0,0,0,0,0,0,99.79,967,0,0,"",0
"2021-03-26","CRAU21","CRA","CRA","CRA",0,"2021-12-15",0,1,99.775,99.79,100,150,0,0,0,0,0,0,0,0,0,99.78,186,0,0,"",0
"2021-03-26","CRAZ21","CRA","CRA","CRA",0,"2022-03-16",0,1,99.74,99.755,100,100,0,0,0,0,0,0,0,0,0,99.755,350,0,0,"",0
"2021-03-26","CRAH22","CRA","CRA","CRA",0,"2022-06-15",0,1,0,0,0,0,0,0,0,0,0,0,0,0,0,99.74,0,0,0,"",0
"2021-03-26","CRAM22","CRA","CRA","CRA",0,"2022-09-21",0,1,0,0,0,0,0,0,0,0,0,0,0,0,0,99.705,0,0,0,"",0
"2021-03-26","CRAU22","CRA","CRA","CRA",0,"2022-12-21",0,1,0,0,0,0,0,0,0,0,0,0,0,0,0,99.685,0,0,0,"",0
"2021-03-26","CRAZ22","CRA","CRA","CRA",0,"2023-03-15",0,1,0,0,0,0,0,0,0,0,0,0,0,0,0,99.665,0,0,0,"",0
"2021-03-26","CRAH23","CRA","CRA","CRA",0,"2023-06-21",0,1,0,0,0,0,0,0,0,0,0,0,0,0,0,99.635,0,0,0,"",0
"2021-03-26","CRAM23","CRA","CRA","CRA",0,"2023-09-20",0,1,0,0,0,0,0,0,0,0,0,0,0,0,0,99.605,0,0,0,"",0
"2021-03-26","CRAU23","CRA","CRA","CRA",0,"2023-12-20",0,1,0,0,0,0,0,0,0,0,0,0,0,0,0,99.575,0,0,0,"",0
"2021-03-26","CRAZ23","CRA","CRA","CRA",0,"2024-03-20",0,1,0,0,0,0,0,0,0,0,0,0,0,0,0,99.545,0,0,0,"",0
"2021-03-29","CRAH21","CRA","CRA","CRA",0,"2021-06-16",0,1,99.805,99.815,350,600,0,0,0,0,0,0,0,0,0,99.805,5587,0,0,"",0
"2021-03-29","CRAM21","CRA","CRA","CRA",0,"2021-09-15",0,1,99.775,99.785,200,150,0,0,0,0,0,0,0,0,0,99.79,967,0,0,"",0
"2021-03-29","CRAU21","CRA","CRA","CRA",0,"2021-12-15",0,1,99.77,99.785,200,450,0,0,0,0,0,0,0,0,0,99.78,186,0,0,"",0
"2021-03-29","CRAZ21","CRA","CRA","CRA",0,"2022-03-16",0,1,99.735,99.75,200,200,0,0,0,0,0,0,0,0,0,99.75,350,0,0,"",0
"2021-03-29","CRAH22","CRA","CRA","CRA",0,"2022-06-15",0,1,0,0,0,0,0,0,0,0,0,0,0,0,0,99.735,0,0,0,"",0
"2021-03-29","CRAM22","CRA","CRA","CRA",0,"2022-09-21",0,1,0,0,0,0,0,0,0,0,0,0,0,0,0,99.7,0,0,0,"",0
"2021-03-29","CRAU22","CRA","CRA","CRA",0,"2022-12-21",0,1,0,0,0,0,0,0,0,0,0,0,0,0,0,99.68,0,0,0,"",0
"2021-03-29","CRAZ22","CRA","CRA","CRA",0,"2023-03-15",0,1,0,0,0,0,0,0,0,0,0,0,0,0,0,99.66,0,0,0,"",0
"2021-03-29","CRAH23","CRA","CRA","CRA",0,"2023-06-21",0,1,0,0,0,0,0,0,0,0,0,0,0,0,0,99.63,0,0,0,"",0
"2021-03-29","CRAM23","CRA","CRA","CRA",0,"2023-09-20",0,1,0,0,0,0,0,0,0,0,0,0,0,0,0,99.6,0,0,0,"",0
"2021-03-29","CRAU23","CRA","CRA","CRA",0,"2023-12-20",0,1,0,0,0,0,0,0,0,0,0,0,0,0,0,99.57,0,0,0,"",0
"2021-03-29","CRAZ23","CRA","CRA","CRA",0,"2024-03-20",0,1,0,0,0,0,0,0,0,0,0,0,0,0,0,99.54,0,0,0,"",0
"2021-03-30","CRAH21","CRA","CRA","CRA",0,"2021-06-16",0,1,99.785,99.795,320,10,0,10,0,-0.01,99.795,99.795,99.795,0,1,99.8,5587,0,0,"",0
"2021-03-30","CRAM21","CRA","CRA","CRA",0,"2021-09-15",0,1,99.77,99.785,400,400,0,0,0,0,0,0,0,0,0,99.785,967,0,0,"",0
"2021-03-30","CRAU21","CRA","CRA","CRA",0,"2021-12-15",0,1,99.765,99.78,200,200,0,0,0,0,0,0,0,0,0,99.775,186,0,0,"",0
"2021-03-30","CRAZ21","CRA","CRA","CRA",0,"2022-03-16",0,1,99.73,99.745,200,200,0,0,0,0,0,0,0,0,0,99.74,350,0,0,"",0
"2021-03-30","CRAH22","CRA","CRA","CRA",0,"2022-06-15",0,1,0,0,0,0,0,0,0,0,0,0,0,0,0,99.725,0,0,0,"",0
"2021-03-30","CRAM22","CRA","CRA","CRA",0,"2022-09-21",0,1,0,0,0,0,0,0,0,0,0,0,0,0,0,99.69,0,0,0,"",0
"2021-03-30","CRAU22","CRA","CRA","CRA",0,"2022-12-21",0,1,0,0,0,0,0,0,0,0,0,0,0,0,0,99.67,0,0,0,"",0
"2021-03-30","CRAZ22","CRA","CRA","CRA",0,"2023-03-15",0,1,0,0,0,0,0,0,0,0,0,0,0,0,0,99.65,0,0,0,"",0
"2021-03-30","CRAH23","CRA","CRA","CRA",0,"2023-06-21",0,1,0,0,0,0,0,0,0,0,0,0,0,0,0,99.62,0,0,0,"",0
"2021-03-30","CRAM23","CRA","CRA","CRA",0,"2023-09-20",0,1,0,0,0,0,0,0,0,0,0,0,0,0,0,99.59,0,0,0,"",0
"2021-03-30","CRAU23","CRA","CRA","CRA",0,"2023-12-20",0,1,0,0,0,0,0,0,0,0,0,0,0,0,0,99.56,0,0,0,"",0
"2021-03-30","CRAZ23","CRA","CRA","CRA",0,"2024-03-20",0,1,0,0,0,0,0,0,0,0,0,0,0,0,0,99.53,0,0,0,"",0
"2021-03-31","CRAH21","CRA","CRA","CRA",0,"2021-06-16",0,1,99.81,99.825,100,100,0,320,0,0.01,99.795,99.81,99.795,0,5,99.8,5597,0,0,"",0
"2021-03-31","CRAM21","CRA","CRA","CRA",0,"2021-09-15",0,1,0,0,0,0,0,0,0,0,0,0,0,0,0,99.785,967,0,0,"",0
"2021-03-31","CRAU21","CRA","CRA","CRA",0,"2021-12-15",0,1,0,0,0,0,0,0,0,0,0,0,0,0,0,99.775,186,0,0,"",0
"2021-03-31","CRAZ21","CRA","CRA","CRA",0,"2022-03-16",0,1,0,0,0,0,0,0,0,0,0,0,0,0,0,99.74,350,0,0,"",0
"2021-03-31","CRAH22","CRA","CRA","CRA",0,"2022-06-15",0,1,0,0,0,0,0,0,0,0,0,0,0,0,0,99.725,0,0,0,"",0
"2021-03-31","CRAM22","CRA","CRA","CRA",0,"2022-09-21",0,1,0,0,0,0,0,0,0,0,0,0,0,0,0,99.69,0,0,0,"",0
"2021-03-31","CRAU22","CRA","CRA","CRA",0,"2022-12-21",0,1,0,0,0,0,0,0,0,0,0,0,0,0,0,99.67,0,0,0,"",0
"2021-03-31","CRAZ22","CRA","CRA","CRA",0,"2023-03-15",0,1,0,0,0,0,0,0,0,0,0,0,0,0,0,99.65,0,0,0,"",0
"2021-03-31","CRAH23","CRA","CRA","CRA",0,"2023-06-21",0,1,0,0,0,0,0,0,0,0,0,0,0,0,0,99.62,0,0,0,"",0
"2021-03-31","CRAM23","CRA","CRA","CRA",0,"2023-09-20",0,1,0,0,0,0,0,0,0,0,0,0,0,0,0,99.59,0,0,0,"",0
"2021-03-31","CRAU23","CRA","CRA","CRA",0,"2023-12-20",0,1,0,0,0,0,0,0,0,0,0,0,0,0,0,99.56,0,0,0,"",0
"2021-03-31","CRAZ23","CRA","CRA","CRA",0,"2024-03-20",0,1,0,0,0,0,0,0,0,0,0,0,0,0,0,99.53,0,0,0,"",0
"2021-04-01","CRAH21","CRA","CRA","CRA",0,"2021-06-16",0,1,99.815,99.825,20,100,0,0,0,0,0,0,0,0,0,99.81,5543,0,0,"",0
"2021-04-01","CRAM21","CRA","CRA","CRA",0,"2021-09-15",0,1,99.78,99.795,200,200,0,0,0,0,0,0,0,0,0,99.795,792,0,0,"",0
"2021-04-01","CRAU21","CRA","CRA","CRA",0,"2021-12-15",0,1,99.765,99.78,200,100,0,0,0,0,0,0,0,0,0,99.785,184,0,0,"",0
"2021-04-01","CRAZ21","CRA","CRA","CRA",0,"2022-03-16",0,1,99.725,99.74,200,100,0,8,0,0.005,99.735,99.745,99.735,0,8,99.75,248,0,0,"",0
"2021-04-01","CRAH22","CRA","CRA","CRA",0,"2022-06-15",0,1,0,0,0,0,0,0,0,0,0,0,0,0,0,99.735,0,0,0,"",0
"2021-04-01","CRAM22","CRA","CRA","CRA",0,"2022-09-21",0,1,0,0,0,0,0,0,0,0,0,0,0,0,0,99.7,0,0,0,"",0
"2021-04-01","CRAU22","CRA","CRA","CRA",0,"2022-12-21",0,1,0,0,0,0,0,0,0,0,0,0,0,0,0,99.68,0,0,0,"",0
"2021-04-01","CRAZ22","CRA","CRA","CRA",0,"2023-03-15",0,1,0,0,0,0,0,0,0,0,0,0,0,0,0,99.66,0,0,0,"",0
"2021-04-01","CRAH23","CRA","CRA","CRA",0,"2023-06-21",0,1,0,0,0,0,0,0,0,0,0,0,0,0,0,99.63,0,0,0,"",0
"2021-04-01","CRAM23","CRA","CRA","CRA",0,"2023-09-20",0,1,0,0,0,0,0,0,0,0,0,0,0,0,0,99.6,0,0,0,"",0
"2021-04-01","CRAU23","CRA","CRA","CRA",0,"2023-12-20",0,1,0,0,0,0,0,0,0,0,0,0,0,0,0,99.57,0,0,0,"",0
"2021-04-01","CRAZ23","CRA","CRA","CRA",0,"2024-03-20",0,1,0,0,0,0,0,0,0,0,0,0,0,0,0,99.54,0,0,0,"",0
"2021-04-05","CRAH21","CRA","CRA","CRA",0,"2021-06-16",0,1,99.81,99.86,1,1,0,50,0,0,99.81,99.81,99.81,0,1,99.81,5543,0,0,"",0
"2021-04-05","CRAM21","CRA","CRA","CRA",0,"2021-09-15",0,1,0,0,0,0,0,0,0,0,0,0,0,0,0,99.79,792,0,0,"",0
"2021-04-05","CRAU21","CRA","CRA","CRA",0,"2021-12-15",0,1,0,0,0,0,0,0,0,0,0,0,0,0,0,99.78,184,0,0,"",0
"2021-04-05","CRAZ21","CRA","CRA","CRA",0,"2022-03-16",0,1,0,0,0,0,0,0,0,0,0,0,0,0,0,99.745,248,0,0,"",0
"2021-04-05","CRAH22","CRA","CRA","CRA",0,"2022-06-15",0,1,0,0,0,0,0,0,0,0,0,0,0,0,0,99.73,0,0,0,"",0
"2021-04-05","CRAM22","CRA","CRA","CRA",0,"2022-09-21",0,1,0,0,0,0,0,0,0,0,0,0,0,0,0,99.695,0,0,0,"",0
"2021-04-05","CRAU22","CRA","CRA","CRA",0,"2022-12-21",0,1,0,0,0,0,0,0,0,0,0,0,0,0,0,99.675,0,0,0,"",0
"2021-04-05","CRAZ22","CRA","CRA","CRA",0,"2023-03-15",0,1,0,0,0,0,0,0,0,0,0,0,0,0,0,99.655,0,0,0,"",0
"2021-04-05","CRAH23","CRA","CRA","CRA",0,"2023-06-21",0,1,0,0,0,0,0,0,0,0,0,0,0,0,0,99.625,0,0,0,"",0
"2021-04-05","CRAM23","CRA","CRA","CRA",0,"2023-09-20",0,1,0,0,0,0,0,0,0,0,0,0,0,0,0,99.595,0,0,0,"",0
"2021-04-05","CRAU23","CRA","CRA","CRA",0,"2023-12-20",0,1,0,0,0,0,0,0,0,0,0,0,0,0,0,99.565,0,0,0,"",0
"2021-04-05","CRAZ23","CRA","CRA","CRA",0,"2024-03-20",0,1,0,0,0,0,0,0,0,0,0,0,0,0,0,99.535,0,0,0,"",0
"2021-04-06","CRAH21","CRA","CRA","CRA",0,"2021-06-16",0,1,99.81,99.82,126,100,0,100,0,0.005,99.815,99.815,99.815,0,1,99.81,5533,0,0,"",0
"2021-04-06","CRAM21","CRA","CRA","CRA",0,"2021-09-15",0,1,99.78,99.795,100,100,0,0,0,0,0,0,0,0,0,99.79,792,0,0,"",0
"2021-04-06","CRAU21","CRA","CRA","CRA",0,"2021-12-15",0,1,99.775,99.79,100,100,0,0,0,0,0,0,0,0,0,99.78,184,0,0,"",0
"2021-04-06","CRAZ21","CRA","CRA","CRA",0,"2022-03-16",0,1,99.745,99.76,100,100,0,0,0,0,0,0,0,0,0,99.745,248,0,0,"",0
"2021-04-06","CRAH22","CRA","CRA","CRA",0,"2022-06-15",0,1,0,0,0,0,0,0,0,0,0,0,0,0,0,99.73,0,0,0,"",0
"2021-04-06","CRAM22","CRA","CRA","CRA",0,"2022-09-21",0,1,0,0,0,0,0,0,0,0,0,0,0,0,0,99.695,0,0,0,"",0
"2021-04-06","CRAU22","CRA","CRA","CRA",0,"2022-12-21",0,1,0,0,0,0,0,0,0,0,0,0,0,0,0,99.675,0,0,0,"",0
"2021-04-06","CRAZ22","CRA","CRA","CRA",0,"2023-03-15",0,1,0,0,0,0,0,0,0,0,0,0,0,0,0,99.655,0,0,0,"",0
"2021-04-06","CRAH23","CRA","CRA","CRA",0,"2023-06-21",0,1,0,0,0,0,0,0,0,0,0,0,0,0,0,99.625,0,0,0,"",0
"2021-04-06","CRAM23","CRA","CRA","CRA",0,"2023-09-20",0,1,0,0,0,0,0,0,0,0,0,0,0,0,0,99.595,0,0,0,"",0
"2021-04-06","CRAU23","CRA","CRA","CRA",0,"2023-12-20",0,1,0,0,0,0,0,0,0,0,0,0,0,0,0,99.565,0,0,0,"",0
"2021-04-06","CRAZ23","CRA","CRA","CRA",0,"2024-03-20",0,1,0,0,0,0,0,0,0,0,0,0,0,0,0,99.535,0,0,0,"",0
"2021-04-07","CRAH21","CRA","CRA","CRA",0,"2021-06-16",0,1,99.81,99.82,1,100,0,0,0,0,0,0,0,0,0,99.81,5633,0,0,"",0
"2021-04-07","CRAM21","CRA","CRA","CRA",0,"2021-09-15",0,1,99.785,99.8,100,100,0,0,0,0,0,0,0,0,0,99.79,792,0,0,"",0
"2021-04-07","CRAU21","CRA","CRA","CRA",0,"2021-12-15",0,1,99.78,99.795,100,100,0,0,0,0,0,0,0,0,0,99.78,184,0,0,"",0
"2021-04-07","CRAZ21","CRA","CRA","CRA",0,"2022-03-16",0,1,99.745,99.765,100,100,0,0,0,0,0,0,0,0,0,99.75,248,0,0,"",0
"2021-04-07","CRAH22","CRA","CRA","CRA",0,"2022-06-15",0,1,0,0,0,0,0,0,0,0,0,0,0,0,0,99.735,0,0,0,"",0
"2021-04-07","CRAM22","CRA","CRA","CRA",0,"2022-09-21",0,1,0,0,0,0,0,0,0,0,0,0,0,0,0,99.7,0,0,0,"",0
"2021-04-07","CRAU22","CRA","CRA","CRA",0,"2022-12-21",0,1,0,0,0,0,0,0,0,0,0,0,0,0,0,99.68,0,0,0,"",0
"2021-04-07","CRAZ22","CRA","CRA","CRA",0,"2023-03-15",0,1,0,0,0,0,0,0,0,0,0,0,0,0,0,99.66,0,0,0,"",0
"2021-04-07","CRAH23","CRA","CRA","CRA",0,"2023-06-21",0,1,0,0,0,0,0,0,0,0,0,0,0,0,0,99.63,0,0,0,"",0
"2021-04-07","CRAM23","CRA","CRA","CRA",0,"2023-09-20",0,1,0,0,0,0,0,0,0,0,0,0,0,0,0,99.6,0,0,0,"",0
"2021-04-07","CRAU23","CRA","CRA","CRA",0,"2023-12-20",0,1,0,0,0,0,0,0,0,0,0,0,0,0,0,99.57,0,0,0,"",0
"2021-04-07","CRAZ23","CRA","CRA","CRA",0,"2024-03-20",0,1,0,0,0,0,0,0,0,0,0,0,0,0,0,99.54,0,0,0,"",0
"2021-04-08","CRAH21","CRA","CRA","CRA",0,"2021-06-16",0,1,99.81,99.825,101,150,0,0,0,0,0,0,0,0,0,99.81,5533,0,0,"",0
"2021-04-08","CRAM21","CRA","CRA","CRA",0,"2021-09-15",0,1,99.785,99.8,100,100,0,0,0,0,0,0,0,0,0,99.79,792,0,0,"",0
"2021-04-08","CRAU21","CRA","CRA","CRA",0,"2021-12-15",0,1,99.78,99.795,100,100,0,0,0,0,0,0,0,0,0,99.78,184,0,0,"",0
"2021-04-08","CRAZ21","CRA","CRA","CRA",0,"2022-03-16",0,1,99.745,99.76,100,100,0,0,0,0,0,0,0,0,0,99.75,248,0,0,"",0
"2021-04-08","CRAH22","CRA","CRA","CRA",0,"2022-06-15",0,1,0,0,0,0,0,0,0,0,0,0,0,0,0,99.735,0,0,0,"",0
"2021-04-08","CRAM22","CRA","CRA","CRA",0,"2022-09-21",0,1,0,0,0,0,0,0,0,0,0,0,0,0,0,99.7,0,0,0,"",0
"2021-04-08","CRAU22","CRA","CRA","CRA",0,"2022-12-21",0,1,0,0,0,0,0,0,0,0,0,0,0,0,0,99.68,0,0,0,"",0
"2021-04-08","CRAZ22","CRA","CRA","CRA",0,"2023-03-15",0,1,0,0,0,0,0,0,0,0,0,0,0,0,0,99.66,0,0,0,"",0
"2021-04-08","CRAH23","CRA","CRA","CRA",0,"2023-06-21",0,1,0,0,0,0,0,0,0,0,0,0,0,0,0,99.63,0,0,0,"",0
"2021-04-08","CRAM23","CRA","CRA","CRA",0,"2023-09-20",0,1,0,0,0,0,0,0,0,0,0,0,0,0,0,99.6,0,0,0,"",0
"2021-04-08","CRAU23","CRA","CRA","CRA",0,"2023-12-20",0,1,0,0,0,0,0,0,0,0,0,0,0,0,0,99.57,0,0,0,"",0
"2021-04-08","CRAZ23","CRA","CRA","CRA",0,"2024-03-20",0,1,0,0,0,0,0,0,0,0,0,0,0,0,0,99.54,0,0,0,"",0
"2021-04-09","CRAH21","CRA","CRA","CRA",0,"2021-06-16",0,1,99.82,99.825,272,60,0,358,0,0.01,99.82,99.82,99.82,0,4,99.82,5533,0,0,"",0
"2021-04-09","CRAM21","CRA","CRA","CRA",0,"2021-09-15",0,1,99.79,99.8,200,40,0,0,0,0,0,0,0,0,0,99.8,792,0,0,"",0
"2021-04-09","CRAU21","CRA","CRA","CRA",0,"2021-12-15",0,1,99.78,99.795,100,100,0,0,0,0,0,0,0,0,0,99.79,184,0,0,"",0
"2021-04-09","CRAZ21","CRA","CRA","CRA",0,"2022-03-16",0,1,99.74,99.755,200,100,0,0,0,0,0,0,0,0,0,99.755,240,0,0,"",0
"2021-04-09","CRAH22","CRA","CRA","CRA",0,"2022-06-15",0,1,0,0,0,0,0,0,0,0,0,0,0,0,0,99.74,0,0,0,"",0
"2021-04-09","CRAM22","CRA","CRA","CRA",0,"2022-09-21",0,1,0,0,0,0,0,0,0,0,0,0,0,0,0,99.705,0,0,0,"",0
"2021-04-09","CRAU22","CRA","CRA","CRA",0,"2022-12-21",0,1,0,0,0,0,0,0,0,0,0,0,0,0,0,99.685,0,0,0,"",0
"2021-04-09","CRAZ22","CRA","CRA","CRA",0,"2023-03-15",0,1,0,0,0,0,0,0,0,0,0,0,0,0,0,99.665,0,0,0,"",0
"2021-04-09","CRAH23","CRA","CRA","CRA",0,"2023-06-21",0,1,0,0,0,0,0,0,0,0,0,0,0,0,0,99.635,0,0,0,"",0
"2021-04-09","CRAM23","CRA","CRA","CRA",0,"2023-09-20",0,1,0,0,0,0,0,0,0,0,0,0,0,0,0,99.605,0,0,0,"",0
"2021-04-09","CRAU23","CRA","CRA","CRA",0,"2023-12-20",0,1,0,0,0,0,0,0,0,0,0,0,0,0,0,99.575,0,0,0,"",0
"2021-04-09","CRAZ23","CRA","CRA","CRA",0,"2024-03-20",0,1,0,0,0,0,0,0,0,0,0,0,0,0,0,99.545,0,0,0,"",0
"2021-04-12","CRAH21","CRA","CRA","CRA",0,"2021-06-16",0,1,99.825,99.83,50,27,0,150,0,0.005,99.825,99.825,99.825,0,2,99.825,5886,0,0,"",0
"2021-04-12","CRAM21","CRA","CRA","CRA",0,"2021-09-15",0,1,0,99.8,0,100,0,0,0,0,0,0,0,0,0,99.8,792,0,0,"",0
"2021-04-12","CRAU21","CRA","CRA","CRA",0,"2021-12-15",0,1,0,99.79,0,11,0,0,0,0,0,0,0,0,0,99.79,184,0,0,"",0
"2021-04-12","CRAZ21","CRA","CRA","CRA",0,"2022-03-16",0,1,0,0,0,0,0,0,0,0,0,0,0,0,0,99.755,240,0,0,"",0
"2021-04-12","CRAH22","CRA","CRA","CRA",0,"2022-06-15",0,1,0,0,0,0,0,0,0,0,0,0,0,0,0,99.74,0,0,0,"",0
"2021-04-12","CRAM22","CRA","CRA","CRA",0,"2022-09-21",0,1,0,0,0,0,0,0,0,0,0,0,0,0,0,99.705,0,0,0,"",0
"2021-04-12","CRAU22","CRA","CRA","CRA",0,"2022-12-21",0,1,0,0,0,0,0,0,0,0,0,0,0,0,0,99.685,0,0,0,"",0
"2021-04-12","CRAZ22","CRA","CRA","CRA",0,"2023-03-15",0,1,0,0,0,0,0,0,0,0,0,0,0,0,0,99.665,0,0,0,"",0
"2021-04-12","CRAH23","CRA","CRA","CRA",0,"2023-06-21",0,1,0,0,0,0,0,0,0,0,0,0,0,0,0,99.635,0,0,0,"",0
"2021-04-12","CRAM23","CRA","CRA","CRA",0,"2023-09-20",0,1,0,0,0,0,0,0,0,0,0,0,0,0,0,99.605,0,0,0,"",0
"2021-04-12","CRAU23","CRA","CRA","CRA",0,"2023-12-20",0,1,0,0,0,0,0,0,0,0,0,0,0,0,0,99.575,0,0,0,"",0
"2021-04-12","CRAZ23","CRA","CRA","CRA",0,"2024-03-20",0,1,0,0,0,0,0,0,0,0,0,0,0,0,0,99.545,0,0,0,"",0
"2021-04-13","CRAH21","CRA","CRA","CRA",0,"2021-06-16",0,1,99.82,99.83,300,27,0,0,0,0,0,0,0,0,0,99.825,5633,0,0,"",0
"2021-04-13","CRAM21","CRA","CRA","CRA",0,"2021-09-15",0,1,99.785,99.8,100,100,0,0,0,0,0,0,0,0,0,99.8,792,0,0,"",0
"2021-04-13","CRAU21","CRA","CRA","CRA",0,"2021-12-15",0,1,99.785,99.8,200,100,0,0,0,0,0,0,0,0,0,99.79,184,0,0,"",0
"2021-04-13","CRAZ21","CRA","CRA","CRA",0,"2022-03-16",0,1,99.75,99.765,100,100,0,0,0,0,0,0,0,0,0,99.755,240,0,0,"",0
"2021-04-13","CRAH22","CRA","CRA","CRA",0,"2022-06-15",0,1,0,0,0,0,0,0,0,0,0,0,0,0,0,99.74,0,0,0,"",0
"2021-04-13","CRAM22","CRA","CRA","CRA",0,"2022-09-21",0,1,0,0,0,0,0,0,0,0,0,0,0,0,0,99.705,0,0,0,"",0
"2021-04-13","CRAU22","CRA","CRA","CRA",0,"2022-12-21",0,1,0,0,0,0,0,0,0,0,0,0,0,0,0,99.685,0,0,0,"",0
"2021-04-13","CRAZ22","CRA","CRA","CRA",0,"2023-03-15",0,1,0,0,0,0,0,0,0,0,0,0,0,0,0,99.665,0,0,0,"",0
"2021-04-13","CRAH23","CRA","CRA","CRA",0,"2023-06-21",0,1,0,0,0,0,0,0,0,0,0,0,0,0,0,99.635,0,0,0,"",0
"2021-04-13","CRAM23","CRA","CRA","CRA",0,"2023-09-20",0,1,0,0,0,0,0,0,0,0,0,0,0,0,0,99.605,0,0,0,"",0
"2021-04-13","CRAU23","CRA","CRA","CRA",0,"2023-12-20",0,1,0,0,0,0,0,0,0,0,0,0,0,0,0,99.575,0,0,0,"",0
"2021-04-13","CRAZ23","CRA","CRA","CRA",0,"2024-03-20",0,1,0,0,0,0,0,0,0,0,0,0,0,0,0,99.545,0,0,0,"",0
"2021-04-14","CRAH21","CRA","CRA","CRA",0,"2021-06-16",0,1,99.825,99.83,100,27,0,0,0,0,0,0,0,0,0,99.825,5633,0,0,"",0
"2021-04-14","CRAM21","CRA","CRA","CRA",0,"2021-09-15",0,1,99.79,99.805,200,100,0,0,0,0,0,0,0,0,0,99.8,792,0,0,"",0
"2021-04-14","CRAU21","CRA","CRA","CRA",0,"2021-12-15",0,1,99.785,99.8,100,200,0,0,0,0,0,0,0,0,0,99.79,184,0,0,"",0
"2021-04-14","CRAZ21","CRA","CRA","CRA",0,"2022-03-16",0,1,99.75,99.765,200,100,0,0,0,0,0,0,0,0,0,99.755,240,0,0,"",0
"2021-04-14","CRAH22","CRA","CRA","CRA",0,"2022-06-15",0,1,0,0,0,0,0,0,0,0,0,0,0,0,0,99.74,0,0,0,"",0
"2021-04-14","CRAM22","CRA","CRA","CRA",0,"2022-09-21",0,1,0,0,0,0,0,0,0,0,0,0,0,0,0,99.705,0,0,0,"",0
"2021-04-14","CRAU22","CRA","CRA","CRA",0,"2022-12-21",0,1,0,0,0,0,0,0,0,0,0,0,0,0,0,99.685,0,0,0,"",0
"2021-04-14","CRAZ22","CRA","CRA","CRA",0,"2023-03-15",0,1,0,0,0,0,0,0,0,0,0,0,0,0,0,99.665,0,0,0,"",0
"2021-04-14","CRAH23","CRA","CRA","CRA",0,"2023-06-21",0,1,0,0,0,0,0,0,0,0,0,0,0,0,0,99.635,0,0,0,"",0
"2021-04-14","CRAM23","CRA","CRA","CRA",0,"2023-09-20",0,1,0,0,0,0,0,0,0,0,0,0,0,0,0,99.605,0,0,0,"",0
"2021-04-14","CRAU23","CRA","CRA","CRA",0,"2023-12-20",0,1,0,0,0,0,0,0,0,0,0,0,0,0,0,99.575,0,0,0,"",0
"2021-04-14","CRAZ23","CRA","CRA","CRA",0,"2024-03-20",0,1,0,0,0,0,0,0,0,0,0,0,0,0,0,99.545,0,0,0,"",0
"2021-04-15","CRAH21","CRA","CRA","CRA",0,"2021-06-16",0,1,99.785,99.83,20,27,0,0,0,0,0,0,0,0,0,99.825,5633,0,0,"",0
"2021-04-15","CRAM21","CRA","CRA","CRA",0,"2021-09-15",0,1,99.79,0,100,0,0,0,0,0,0,0,0,0,0,99.8,792,0,0,"",0
"2021-04-15","CRAU21","CRA","CRA","CRA",0,"2021-12-15",0,1,99.785,99.8,100,100,0,0,0,0,0,0,0,0,0,99.79,184,0,0,"",0
"2021-04-15","CRAZ21","CRA","CRA","CRA",0,"2022-03-16",0,1,99.76,99.77,80,100,99.76,20,99.76,0,99.76,99.76,99.76,1995,1,99.76,240,0,0,"",0
"2021-04-15","CRAH22","CRA","CRA","CRA",0,"2022-06-15",0,1,0,0,0,0,0,0,0,0,0,0,0,0,0,99.745,0,0,0,"",0
"2021-04-15","CRAM22","CRA","CRA","CRA",0,"2022-09-21",0,1,0,0,0,0,0,0,0,0,0,0,0,0,0,99.71,0,0,0,"",0
"2021-04-15","CRAU22","CRA","CRA","CRA",0,"2022-12-21",0,1,0,0,0,0,0,0,0,0,0,0,0,0,0,99.69,0,0,0,"",0
"2021-04-15","CRAZ22","CRA","CRA","CRA",0,"2023-03-15",0,1,0,0,0,0,0,0,0,0,0,0,0,0,0,99.67,0,0,0,"",0
"2021-04-15","CRAH23","CRA","CRA","CRA",0,"2023-06-21",0,1,0,0,0,0,0,0,0,0,0,0,0,0,0,99.64,0,0,0,"",0
"2021-04-15","CRAM23","CRA","CRA","CRA",0,"2023-09-20",0,1,0,0,0,0,0,0,0,0,0,0,0,0,0,99.61,0,0,0,"",0
"2021-04-15","CRAU23","CRA","CRA","CRA",0,"2023-12-20",0,1,0,0,0,0,0,0,0,0,0,0,0,0,0,99.58,0,0,0,"",0
"2021-04-15","CRAZ23","CRA","CRA","CRA",0,"2024-03-20",0,1,0,0,0,0,0,0,0,0,0,0,0,0,0,99.55,0,0,0,"",0
"2021-04-16","CRAH21","CRA","CRA","CRA",0,"2021-06-16",0,1,99.815,99.83,100,127,0,0,0,0,0,0,0,0,0,99.825,5633,0,0,"",0
"2021-04-16","CRAM21","CRA","CRA","CRA",0,"2021-09-15",0,1,99.78,99.795,100,100,0,0,0,0,0,0,0,0,0,99.795,792,0,0,"",0
"2021-04-16","CRAU21","CRA","CRA","CRA",0,"2021-12-15",0,1,99.78,99.795,100,100,0,0,0,0,0,0,0,0,0,99.785,184,0,0,"",0
"2021-04-16","CRAZ21","CRA","CRA","CRA",0,"2022-03-16",0,1,99.75,99.755,100,20,0,0,0,0,0,0,0,0,0,99.755,240,0,0,"",0
"2021-04-16","CRAH22","CRA","CRA","CRA",0,"2022-06-15",0,1,0,0,0,0,0,0,0,0,0,0,0,0,0,99.74,0,0,0,"",0
"2021-04-16","CRAM22","CRA","CRA","CRA",0,"2022-09-21",0,1,0,0,0,0,0,0,0,0,0,0,0,0,0,99.705,0,0,0,"",0
"2021-04-16","CRAU22","CRA","CRA","CRA",0,"2022-12-21",0,1,0,0,0,0,0,0,0,0,0,0,0,0,0,99.685,0,0,0,"",0
"2021-04-16","CRAZ22","CRA","CRA","CRA",0,"2023-03-15",0,1,0,0,0,0,0,0,0,0,0,0,0,0,0,99.665,0,0,0,"",0
"2021-04-16","CRAH23","CRA","CRA","CRA",0,"2023-06-21",0,1,0,0,0,0,0,0,0,0,0,0,0,0,0,99.635,0,0,0,"",0
"2021-04-16","CRAM23","CRA","CRA","CRA",0,"2023-09-20",0,1,0,0,0,0,0,0,0,0,0,0,0,0,0,99.605,0,0,0,"",0
"2021-04-16","CRAU23","CRA","CRA","CRA",0,"2023-12-20",0,1,0,0,0,0,0,0,0,0,0,0,0,0,0,99.575,0,0,0,"",0
"2021-04-16","CRAZ23","CRA","CRA","CRA",0,"2024-03-20",0,1,0,0,0,0,0,0,0,0,0,0,0,0,0,99.545,0,0,0,"",0
"2021-04-19","CRAH21","CRA","CRA","CRA",0,"2021-06-16",0,1,99.82,99.825,1,27,0,0,0,0,0,0,0,0,0,99.825,5633,0,0,"",0
"2021-04-19","CRAM21","CRA","CRA","CRA",0,"2021-09-15",0,1,0,99.795,0,150,0,0,0,0,0,0,0,0,0,99.795,792,0,0,"",0
"2021-04-19","CRAU21","CRA","CRA","CRA",0,"2021-12-15",0,1,0,0,0,0,0,0,0,0,0,0,0,0,0,99.785,184,0,0,"",0
"2021-04-19","CRAZ21","CRA","CRA","CRA",0,"2022-03-16",0,1,99.75,99.755,21,100,0,79,0,-0.005,99.75,99.75,99.75,0,4,99.755,240,0,0,"",0
"2021-04-19","CRAH22","CRA","CRA","CRA",0,"2022-06-15",0,1,0,0,0,0,0,0,0,0,0,0,0,0,0,99.74,0,0,0,"",0
"2021-04-19","CRAM22","CRA","CRA","CRA",0,"2022-09-21",0,1,0,0,0,0,0,0,0,0,0,0,0,0,0,99.705,0,0,0,"",0
"2021-04-19","CRAU22","CRA","CRA","CRA",0,"2022-12-21",0,1,0,0,0,0,0,0,0,0,0,0,0,0,0,99.685,0,0,0,"",0
"2021-04-19","CRAZ22","CRA","CRA","CRA",0,"2023-03-15",0,1,0,0,0,0,0,0,0,0,0,0,0,0,0,99.665,0,0,0,"",0
"2021-04-19","CRAH23","CRA","CRA","CRA",0,"2023-06-21",0,1,0,0,0,0,0,0,0,0,0,0,0,0,0,99.635,0,0,0,"",0
"2021-04-19","CRAM23","CRA","CRA","CRA",0,"2023-09-20",0,1,0,0,0,0,0,0,0,0,0,0,0,0,0,99.605,0,0,0,"",0
"2021-04-19","CRAU23","CRA","CRA","CRA",0,"2023-12-20",0,1,0,0,0,0,0,0,0,0,0,0,0,0,0,99.575,0,0,0,"",0
"2021-04-19","CRAZ23","CRA","CRA","CRA",0,"2024-03-20",0,1,0,0,0,0,0,0,0,0,0,0,0,0,0,99.545,0,0,0,"",0
"2021-04-20","CRAH21","CRA","CRA","CRA",0,"2021-06-16",0,1,99.82,99.825,1,27,0,0,0,0,0,0,0,0,0,99.825,5633,0,0,"",0
"2021-04-20","CRAM21","CRA","CRA","CRA",0,"2021-09-15",0,1,99.78,99.795,200,100,0,0,0,0,0,0,0,0,0,99.795,792,0,0,"",0
"2021-04-20","CRAU21","CRA","CRA","CRA",0,"2021-12-15",0,1,99.77,99.785,100,100,0,0,0,0,0,0,0,0,0,99.785,184,0,0,"",0
"2021-04-20","CRAZ21","CRA","CRA","CRA",0,"2022-03-16",0,1,99.75,99.76,98,100,0,2,0,-0.005,99.75,99.75,99.75,0,1,99.755,242,0,0,"",0
"2021-04-20","CRAH22","CRA","CRA","CRA",0,"2022-06-15",0,1,0,0,0,0,0,0,0,0,0,0,0,0,0,99.74,0,0,0,"",0
"2021-04-20","CRAM22","CRA","CRA","CRA",0,"2022-09-21",0,1,0,0,0,0,0,0,0,0,0,0,0,0,0,99.705,0,0,0,"",0
"2021-04-20","CRAU22","CRA","CRA","CRA",0,"2022-12-21",0,1,0,0,0,0,0,0,0,0,0,0,0,0,0,99.685,0,0,0,"",0
"2021-04-20","CRAZ22","CRA","CRA","CRA",0,"2023-03-15",0,1,0,0,0,0,0,0,0,0,0,0,0,0,0,99.665,0,0,0,"",0
"2021-04-20","CRAH23","CRA","CRA","CRA",0,"2023-06-21",0,1,0,0,0,0,0,0,0,0,0,0,0,0,0,99.635,0,0,0,"",0
"2021-04-20","CRAM23","CRA","CRA","CRA",0,"2023-09-20",0,1,0,0,0,0,0,0,0,0,0,0,0,0,0,99.605,0,0,0,"",0
"2021-04-20","CRAU23","CRA","CRA","CRA",0,"2023-12-20",0,1,0,0,0,0,0,0,0,0,0,0,0,0,0,99.575,0,0,0,"",0
"2021-04-20","CRAZ23","CRA","CRA","CRA",0,"2024-03-20",0,1,0,0,0,0,0,0,0,0,0,0,0,0,0,99.545,0,0,0,"",0
"2021-04-21","CRAH21","CRA","CRA","CRA",0,"2021-06-16",0,1,99.805,99.82,100,127,0,100,0,-0.01,99.815,99.815,99.815,0,1,99.82,5633,0,0,"",0
"2021-04-21","CRAM21","CRA","CRA","CRA",0,"2021-09-15",0,1,99.785,99.8,500,100,0,0,0,0,0,0,0,0,0,99.79,792,0,0,"",0
"2021-04-21","CRAU21","CRA","CRA","CRA",0,"2021-12-15",0,1,99.77,99.785,100,100,0,0,0,0,0,0,0,0,0,99.78,184,0,0,"",0
"2021-04-21","CRAZ21","CRA","CRA","CRA",0,"2022-03-16",0,1,99.75,99.765,100,100,0,0,0,0,0,0,0,0,0,99.755,242,0,0,"",0
"2021-04-21","CRAH22","CRA","CRA","CRA",0,"2022-06-15",0,1,0,0,0,0,0,0,0,0,0,0,0,0,0,99.74,0,0,0,"",0
"2021-04-21","CRAM22","CRA","CRA","CRA",0,"2022-09-21",0,1,0,0,0,0,0,0,0,0,0,0,0,0,0,99.705,0,0,0,"",0
"2021-04-21","CRAU22","CRA","CRA","CRA",0,"2022-12-21",0,1,0,0,0,0,0,0,0,0,0,0,0,0,0,99.685,0,0,0,"",0
"2021-04-21","CRAZ22","CRA","CRA","CRA",0,"2023-03-15",0,1,0,0,0,0,0,0,0,0,0,0,0,0,0,99.665,0,0,0,"",0
"2021-04-21","CRAH23","CRA","CRA","CRA",0,"2023-06-21",0,1,0,0,0,0,0,0,0,0,0,0,0,0,0,99.635,0,0,0,"",0
"2021-04-21","CRAM23","CRA","CRA","CRA",0,"2023-09-20",0,1,0,0,0,0,0,0,0,0,0,0,0,0,0,99.605,0,0,0,"",0
"2021-04-21","CRAU23","CRA","CRA","CRA",0,"2023-12-20",0,1,0,0,0,0,0,0,0,0,0,0,0,0,0,99.575,0,0,0,"",0
"2021-04-21","CRAZ23","CRA","CRA","CRA",0,"2024-03-20",0,1,0,0,0,0,0,0,0,0,0,0,0,0,0,99.545,0,0,0,"",0
"2021-04-22","CRAH21","CRA","CRA","CRA",0,"2021-06-16",0,1,99.805,99.82,100,127,0,0,0,0,0,0,0,0,0,99.82,5733,0,0,"",0
"2021-04-22","CRAM21","CRA","CRA","CRA",0,"2021-09-15",0,1,99.785,99.8,100,100,0,0,0,0,0,0,0,0,0,99.79,792,0,0,"",0
"2021-04-22","CRAU21","CRA","CRA","CRA",0,"2021-12-15",0,1,99.78,99.795,100,100,0,25,0,0.005,99.785,99.785,99.785,0,1,99.78,184,0,0,"",0
"2021-04-22","CRAZ21","CRA","CRA","CRA",0,"2022-03-16",0,1,99.75,99.765,100,100,0,0,0,0,0,0,0,0,0,99.755,240,0,0,"",0
"2021-04-22","CRAH22","CRA","CRA","CRA",0,"2022-06-15",0,1,0,0,0,0,0,0,0,0,0,0,0,0,0,99.74,0,0,0,"",0
"2021-04-22","CRAM22","CRA","CRA","CRA",0,"2022-09-21",0,1,0,0,0,0,0,0,0,0,0,0,0,0,0,99.705,0,0,0,"",0
"2021-04-22","CRAU22","CRA","CRA","CRA",0,"2022-12-21",0,1,0,0,0,0,0,0,0,0,0,0,0,0,0,99.685,0,0,0,"",0
"2021-04-22","CRAZ22","CRA","CRA","CRA",0,"2023-03-15",0,1,0,0,0,0,0,0,0,0,0,0,0,0,0,99.665,0,0,0,"",0
"2021-04-22","CRAH23","CRA","CRA","CRA",0,"2023-06-21",0,1,0,0,0,0,0,0,0,0,0,0,0,0,0,99.635,0,0,0,"",0
"2021-04-22","CRAM23","CRA","CRA","CRA",0,"2023-09-20",0,1,0,0,0,0,0,0,0,0,0,0,0,0,0,99.605,0,0,0,"",0
"2021-04-22","CRAU23","CRA","CRA","CRA",0,"2023-12-20",0,1,0,0,0,0,0,0,0,0,0,0,0,0,0,99.575,0,0,0,"",0
"2021-04-22","CRAZ23","CRA","CRA","CRA",0,"2024-03-20",0,1,0,0,0,0,0,0,0,0,0,0,0,0,0,99.545,0,0,0,"",0
"2021-04-23","CRAH21","CRA","CRA","CRA",0,"2021-06-16",0,1,99.805,99.82,200,227,0,0,0,0,0,0,0,0,0,99.82,5733,0,0,"",0
"2021-04-23","CRAM21","CRA","CRA","CRA",0,"2021-09-15",0,1,99.79,99.805,200,200,0,0,0,0,0,0,0,0,0,99.79,792,0,0,"",0
"2021-04-23","CRAU21","CRA","CRA","CRA",0,"2021-12-15",0,1,99.785,99.8,200,200,0,0,0,0,0,0,0,0,0,99.78,184,0,0,"",0
"2021-04-23","CRAZ21","CRA","CRA","CRA",0,"2022-03-16",0,1,99.755,99.77,200,200,0,0,0,0,0,0,0,0,0,99.755,240,0,0,"",0
"2021-04-23","CRAH22","CRA","CRA","CRA",0,"2022-06-15",0,1,0,0,0,0,0,0,0,0,0,0,0,0,0,99.74,0,0,0,"",0
"2021-04-23","CRAM22","CRA","CRA","CRA",0,"2022-09-21",0,1,0,0,0,0,0,0,0,0,0,0,0,0,0,99.705,0,0,0,"",0
"2021-04-23","CRAU22","CRA","CRA","CRA",0,"2022-12-21",0,1,0,0,0,0,0,0,0,0,0,0,0,0,0,99.685,0,0,0,"",0
"2021-04-23","CRAZ22","CRA","CRA","CRA",0,"2023-03-15",0,1,0,0,0,0,0,0,0,0,0,0,0,0,0,99.665,0,0,0,"",0
"2021-04-23","CRAH23","CRA","CRA","CRA",0,"2023-06-21",0,1,0,0,0,0,0,0,0,0,0,0,0,0,0,99.635,0,0,0,"",0
"2021-04-23","CRAM23","CRA","CRA","CRA",0,"2023-09-20",0,1,0,0,0,0,0,0,0,0,0,0,0,0,0,99.605,0,0,0,"",0
"2021-04-23","CRAU23","CRA","CRA","CRA",0,"2023-12-20",0,1,0,0,0,0,0,0,0,0,0,0,0,0,0,99.575,0,0,0,"",0
"2021-04-23","CRAZ23","CRA","CRA","CRA",0,"2024-03-20",0,1,0,0,0,0,0,0,0,0,0,0,0,0,0,99.545,0,0,0,"",0
"2021-04-26","CRAH21","CRA","CRA","CRA",0,"2021-06-16",0,1,99.815,99.82,25,27,0,0,0,0,0,0,0,0,0,99.82,5733,0,0,"",0
"2021-04-26","CRAM21","CRA","CRA","CRA",0,"2021-09-15",0,1,99.785,99.8,200,200,0,0,0,0,0,0,0,0,0,99.79,792,0,0,"",0
"2021-04-26","CRAU21","CRA","CRA","CRA",0,"2021-12-15",0,1,99.78,99.795,200,200,0,0,0,0,0,0,0,0,0,99.78,159,0,0,"",0
"2021-04-26","CRAZ21","CRA","CRA","CRA",0,"2022-03-16",0,1,99.75,99.765,200,200,0,0,0,0,0,0,0,0,0,99.755,240,0,0,"",0
"2021-04-26","CRAH22","CRA","CRA","CRA",0,"2022-06-15",0,1,0,0,0,0,0,0,0,0,0,0,0,0,0,99.74,0,0,0,"",0
"2021-04-26","CRAM22","CRA","CRA","CRA",0,"2022-09-21",0,1,0,0,0,0,0,0,0,0,0,0,0,0,0,99.705,0,0,0,"",0
"2021-04-26","CRAU22","CRA","CRA","CRA",0,"2022-12-21",0,1,0,0,0,0,0,0,0,0,0,0,0,0,0,99.685,0,0,0,"",0
"2021-04-26","CRAZ22","CRA","CRA","CRA",0,"2023-03-15",0,1,0,0,0,0,0,0,0,0,0,0,0,0,0,99.665,0,0,0,"",0
"2021-04-26","CRAH23","CRA","CRA","CRA",0,"2023-06-21",0,1,0,0,0,0,0,0,0,0,0,0,0,0,0,99.635,0,0,0,"",0
"2021-04-26","CRAM23","CRA","CRA","CRA",0,"2023-09-20",0,1,0,0,0,0,0,0,0,0,0,0,0,0,0,99.605,0,0,0,"",0
"2021-04-26","CRAU23","CRA","CRA","CRA",0,"2023-12-20",0,1,0,0,0,0,0,0,0,0,0,0,0,0,0,99.575,0,0,0,"",0
"2021-04-26","CRAZ23","CRA","CRA","CRA",0,"2024-03-20",0,1,0,0,0,0,0,0,0,0,0,0,0,0,0,99.545,0,0,0,"",0
"2021-04-27","CRAH21","CRA","CRA","CRA",0,"2021-06-16",0,1,99.81,99.82,100,27,0,0,0,0,0,0,0,0,0,99.82,5733,0,0,"",0
"2021-04-27","CRAM21","CRA","CRA","CRA",0,"2021-09-15",0,1,99.79,99.805,100,100,0,0,0,0,0,0,0,0,0,99.79,792,0,0,"",0
"2021-04-27","CRAU21","CRA","CRA","CRA",0,"2021-12-15",0,1,99.78,99.795,100,100,0,0,0,0,0,0,0,0,0,99.78,159,0,0,"",0
"2021-04-27","CRAZ21","CRA","CRA","CRA",0,"2022-03-16",0,1,99.76,99.775,100,100,0,0,0,0,0,0,0,0,0,99.755,240,0,0,"",0
"2021-04-27","CRAH22","CRA","CRA","CRA",0,"2022-06-15",0,1,0,0,0,0,0,0,0,0,0,0,0,0,0,99.74,0,0,0,"",0
"2021-04-27","CRAM22","CRA","CRA","CRA",0,"2022-09-21",0,1,0,0,0,0,0,0,0,0,0,0,0,0,0,99.705,0,0,0,"",0
"2021-04-27","CRAU22","CRA","CRA","CRA",0,"2022-12-21",0,1,0,0,0,0,0,0,0,0,0,0,0,0,0,99.685,0,0,0,"",0
"2021-04-27","CRAZ22","CRA","CRA","CRA",0,"2023-03-15",0,1,0,0,0,0,0,0,0,0,0,0,0,0,0,99.665,0,0,0,"",0
"2021-04-27","CRAH23","CRA","CRA","CRA",0,"2023-06-21",0,1,0,0,0,0,0,0,0,0,0,0,0,0,0,99.635,0,0,0,"",0
"2021-04-27","CRAM23","CRA","CRA","CRA",0,"2023-09-20",0,1,0,0,0,0,0,0,0,0,0,0,0,0,0,99.605,0,0,0,"",0
"2021-04-27","CRAU23","CRA","CRA","CRA",0,"2023-12-20",0,1,0,0,0,0,0,0,0,0,0,0,0,0,0,99.575,0,0,0,"",0
"2021-04-27","CRAZ23","CRA","CRA","CRA",0,"2024-03-20",0,1,0,0,0,0,0,0,0,0,0,0,0,0,0,99.545,0,0,0,"",0
"2021-04-28","CRAH21","CRA","CRA","CRA",0,"2021-06-16",0,1,99.825,99.835,200,500,0,327,0,0.005,99.82,99.825,99.82,0,4,99.825,5733,0,0,"",0
"2021-04-28","CRAM21","CRA","CRA","CRA",0,"2021-09-15",0,1,99.79,99.805,100,100,0,0,0,0,0,0,0,0,0,99.795,792,0,0,"",0
"2021-04-28","CRAU21","CRA","CRA","CRA",0,"2021-12-15",0,1,99.78,99.795,100,100,0,0,0,0,0,0,0,0,0,99.785,159,0,0,"",0
"2021-04-28","CRAZ21","CRA","CRA","CRA",0,"2022-03-16",0,1,99.755,99.77,100,100,0,0,0,0,0,0,0,0,0,99.76,240,0,0,"",0
"2021-04-28","CRAH22","CRA","CRA","CRA",0,"2022-06-15",0,1,0,0,0,0,0,0,0,0,0,0,0,0,0,99.745,0,0,0,"",0
"2021-04-28","CRAM22","CRA","CRA","CRA",0,"2022-09-21",0,1,0,0,0,0,0,0,0,0,0,0,0,0,0,99.71,0,0,0,"",0
"2021-04-28","CRAU22","CRA","CRA","CRA",0,"2022-12-21",0,1,0,0,0,0,0,0,0,0,0,0,0,0,0,99.69,0,0,0,"",0
"2021-04-28","CRAZ22","CRA","CRA","CRA",0,"2023-03-15",0,1,0,0,0,0,0,0,0,0,0,0,0,0,0,99.67,0,0,0,"",0
"2021-04-28","CRAH23","CRA","CRA","CRA",0,"2023-06-21",0,1,0,0,0,0,0,0,0,0,0,0,0,0,0,99.64,0,0,0,"",0
"2021-04-28","CRAM23","CRA","CRA","CRA",0,"2023-09-20",0,1,0,0,0,0,0,0,0,0,0,0,0,0,0,99.61,0,0,0,"",0
"2021-04-28","CRAU23","CRA","CRA","CRA",0,"2023-12-20",0,1,0,0,0,0,0,0,0,0,0,0,0,0,0,99.58,0,0,0,"",0
"2021-04-28","CRAZ23","CRA","CRA","CRA",0,"2024-03-20",0,1,0,0,0,0,0,0,0,0,0,0,0,0,0,99.55,0,0,0,"",0
"2021-04-29","CRAH21","CRA","CRA","CRA",0,"2021-06-16",0,1,99.825,99.835,100,800,0,0,0,0,0,0,0,0,0,99.825,5706,0,0,"",0
"2021-04-29","CRAM21","CRA","CRA","CRA",0,"2021-09-15",0,1,99.79,99.815,100,1,0,0,0,0,0,0,0,0,0,99.795,792,0,0,"",0
"2021-04-29","CRAU21","CRA","CRA","CRA",0,"2021-12-15",0,1,99.78,99.805,100,1,0,0,0,0,0,0,0,0,0,99.785,159,0,0,"",0
"2021-04-29","CRAZ21","CRA","CRA","CRA",0,"2022-03-16",0,1,99.755,99.78,100,1,0,0,0,0,0,0,0,0,0,99.76,240,0,0,"",0
"2021-04-29","CRAH22","CRA","CRA","CRA",0,"2022-06-15",0,1,0,0,0,0,0,0,0,0,0,0,0,0,0,99.745,0,0,0,"",0
"2021-04-29","CRAM22","CRA","CRA","CRA",0,"2022-09-21",0,1,0,0,0,0,0,0,0,0,0,0,0,0,0,99.71,0,0,0,"",0
"2021-04-29","CRAU22","CRA","CRA","CRA",0,"2022-12-21",0,1,0,0,0,0,0,0,0,0,0,0,0,0,0,99.69,0,0,0,"",0
"2021-04-29","CRAZ22","CRA","CRA","CRA",0,"2023-03-15",0,1,0,0,0,0,0,0,0,0,0,0,0,0,0,99.67,0,0,0,"",0
"2021-04-29","CRAH23","CRA","CRA","CRA",0,"2023-06-21",0,1,0,0,0,0,0,0,0,0,0,0,0,0,0,99.64,0,0,0,"",0
"2021-04-29","CRAM23","CRA","CRA","CRA",0,"2023-09-20",0,1,0,0,0,0,0,0,0,0,0,0,0,0,0,99.61,0,0,0,"",0
"2021-04-29","CRAU23","CRA","CRA","CRA",0,"2023-12-20",0,1,0,0,0,0,0,0,0,0,0,0,0,0,0,99.58,0,0,0,"",0
"2021-04-29","CRAZ23","CRA","CRA","CRA",0,"2024-03-20",0,1,0,0,0,0,0,0,0,0,0,0,0,0,0,99.55,0,0,0,"",0
"2021-04-30","CRAH21","CRA","CRA","CRA",0,"2021-06-16",0,1,99.825,99.84,100,100,0,0,0,0,0,0,0,0,0,99.825,5706,0,0,"",0
"2021-04-30","CRAM21","CRA","CRA","CRA",0,"2021-09-15",0,1,99.79,99.805,100,100,0,0,0,0,0,0,0,0,0,99.795,792,0,0,"",0
"2021-04-30","CRAU21","CRA","CRA","CRA",0,"2021-12-15",0,1,99.79,99.805,100,100,0,0,0,0,0,0,0,0,0,99.79,159,0,0,"",0
"2021-04-30","CRAZ21","CRA","CRA","CRA",0,"2022-03-16",0,1,99.76,99.775,100,100,0,0,0,0,0,0,0,0,0,99.765,240,0,0,"",0
"2021-04-30","CRAH22","CRA","CRA","CRA",0,"2022-06-15",0,1,0,0,0,0,0,0,0,0,0,0,0,0,0,99.75,0,0,0,"",0
"2021-04-30","CRAM22","CRA","CRA","CRA",0,"2022-09-21",0,1,0,0,0,0,0,0,0,0,0,0,0,0,0,99.715,0,0,0,"",0
"2021-04-30","CRAU22","CRA","CRA","CRA",0,"2022-12-21",0,1,0,0,0,0,0,0,0,0,0,0,0,0,0,99.695,0,0,0,"",0
"2021-04-30","CRAZ22","CRA","CRA","CRA",0,"2023-03-15",0,1,0,0,0,0,0,0,0,0,0,0,0,0,0,99.675,0,0,0,"",0
"2021-04-30","CRAH23","CRA","CRA","CRA",0,"2023-06-21",0,1,0,0,0,0,0,0,0,0,0,0,0,0,0,99.645,0,0,0,"",0
"2021-04-30","CRAM23","CRA","CRA","CRA",0,"2023-09-20",0,1,0,0,0,0,0,0,0,0,0,0,0,0,0,99.615,0,0,0,"",0
"2021-04-30","CRAU23","CRA","CRA","CRA",0,"2023-12-20",0,1,0,0,0,0,0,0,0,0,0,0,0,0,0,99.585,0,0,0,"",0
"2021-04-30","CRAZ23","CRA","CRA","CRA",0,"2024-03-20",0,1,0,0,0,0,0,0,0,0,0,0,0,0,0,99.555,0,0,0,"",0
"2021-05-03","CRAH21","CRA","CRA","CRA",0,"2021-06-16",0,1,99.825,99.835,100,400,0,0,0,0,0,0,0,0,0,99.825,5706,0,0,"",0
"2021-05-03","CRAM21","CRA","CRA","CRA",0,"2021-09-15",0,1,99.785,99.8,100,100,0,0,0,0,0,0,0,0,0,99.795,792,0,0,"",0
"2021-05-03","CRAU21","CRA","CRA","CRA",0,"2021-12-15",0,1,99.79,99.805,100,100,0,0,0,0,0,0,0,0,0,99.79,159,0,0,"",0
"2021-05-03","CRAZ21","CRA","CRA","CRA",0,"2022-03-16",0,1,99.77,99.785,100,100,0,0,0,0,0,0,0,0,0,99.77,240,0,0,"",0
"2021-05-03","CRAH22","CRA","CRA","CRA",0,"2022-06-15",0,1,0,0,0,0,0,0,0,0,0,0,0,0,0,99.755,0,0,0,"",0
"2021-05-03","CRAM22","CRA","CRA","CRA",0,"2022-09-21",0,1,0,0,0,0,0,0,0,0,0,0,0,0,0,99.72,0,0,0,"",0
"2021-05-03","CRAU22","CRA","CRA","CRA",0,"2022-12-21",0,1,0,0,0,0,0,0,0,0,0,0,0,0,0,99.7,0,0,0,"",0
"2021-05-03","CRAZ22","CRA","CRA","CRA",0,"2023-03-15",0,1,0,0,0,0,0,0,0,0,0,0,0,0,0,99.68,0,0,0,"",0
"2021-05-03","CRAH23","CRA","CRA","CRA",0,"2023-06-21",0,1,0,0,0,0,0,0,0,0,0,0,0,0,0,99.65,0,0,0,"",0
"2021-05-03","CRAM23","CRA","CRA","CRA",0,"2023-09-20",0,1,0,0,0,0,0,0,0,0,0,0,0,0,0,99.62,0,0,0,"",0
"2021-05-03","CRAU23","CRA","CRA","CRA",0,"2023-12-20",0,1,0,0,0,0,0,0,0,0,0,0,0,0,0,99.59,0,0,0,"",0
"2021-05-03","CRAZ23","CRA","CRA","CRA",0,"2024-03-20",0,1,0,0,0,0,0,0,0,0,0,0,0,0,0,99.56,0,0,0,"",0
"2021-05-04","CRAH21","CRA","CRA","CRA",0,"2021-06-16",0,1,99.83,99.835,29,500,0,0,0,0,0,0,0,0,0,99.83,5706,0,0,"",0
"2021-05-04","CRAM21","CRA","CRA","CRA",0,"2021-09-15",0,1,99.785,99.8,100,100,0,0,0,0,0,0,0,0,0,99.8,792,0,0,"",0
"2021-05-04","CRAU21","CRA","CRA","CRA",0,"2021-12-15",0,1,99.79,99.805,100,100,0,0,0,0,0,0,0,0,0,99.795,159,0,0,"",0
"2021-05-04","CRAZ21","CRA","CRA","CRA",0,"2022-03-16",0,1,99.77,99.785,100,100,0,0,0,0,0,0,0,0,0,99.775,240,0,0,"",0
"2021-05-04","CRAH22","CRA","CRA","CRA",0,"2022-06-15",0,1,0,0,0,0,0,0,0,0,0,0,0,0,0,99.76,0,0,0,"",0
"2021-05-04","CRAM22","CRA","CRA","CRA",0,"2022-09-21",0,1,0,0,0,0,0,0,0,0,0,0,0,0,0,99.725,0,0,0,"",0
"2021-05-04","CRAU22","CRA","CRA","CRA",0,"2022-12-21",0,1,0,0,0,0,0,0,0,0,0,0,0,0,0,99.705,0,0,0,"",0
"2021-05-04","CRAZ22","CRA","CRA","CRA",0,"2023-03-15",0,1,0,0,0,0,0,0,0,0,0,0,0,0,0,99.685,0,0,0,"",0
"2021-05-04","CRAH23","CRA","CRA","CRA",0,"2023-06-21",0,1,0,0,0,0,0,0,0,0,0,0,0,0,0,99.655,0,0,0,"",0
"2021-05-04","CRAM23","CRA","CRA","CRA",0,"2023-09-20",0,1,0,0,0,0,0,0,0,0,0,0,0,0,0,99.625,0,0,0,"",0
"2021-05-04","CRAU23","CRA","CRA","CRA",0,"2023-12-20",0,1,0,0,0,0,0,0,0,0,0,0,0,0,0,99.595,0,0,0,"",0
"2021-05-04","CRAZ23","CRA","CRA","CRA",0,"2024-03-20",0,1,0,0,0,0,0,0,0,0,0,0,0,0,0,99.565,0,0,0,"",0
"2021-05-05","CRAH21","CRA","CRA","CRA",0,"2021-06-16",0,1,99.83,99.835,26,32,0,0,0,0,0,0,0,0,0,99.83,5706,0,0,"",0
"2021-05-05","CRAM21","CRA","CRA","CRA",0,"2021-09-15",0,1,0,0,0,0,0,0,0,0,0,0,0,0,0,99.8,792,0,0,"",0
"2021-05-05","CRAU21","CRA","CRA","CRA",0,"2021-12-15",0,1,0,0,0,0,0,0,0,0,0,0,0,0,0,99.795,159,0,0,"",0
"2021-05-05","CRAZ21","CRA","CRA","CRA",0,"2022-03-16",0,1,0,0,0,0,0,0,0,0,0,0,0,0,0,99.775,240,0,0,"",0
"2021-05-05","CRAH22","CRA","CRA","CRA",0,"2022-06-15",0,1,0,0,0,0,0,0,0,0,0,0,0,0,0,99.76,0,0,0,"",0
"2021-05-05","CRAM22","CRA","CRA","CRA",0,"2022-09-21",0,1,0,0,0,0,0,0,0,0,0,0,0,0,0,99.725,0,0,0,"",0
"2021-05-05","CRAU22","CRA","CRA","CRA",0,"2022-12-21",0,1,0,0,0,0,0,0,0,0,0,0,0,0,0,99.705,0,0,0,"",0
"2021-05-05","CRAZ22","CRA","CRA","CRA",0,"2023-03-15",0,1,0,0,0,0,0,0,0,0,0,0,0,0,0,99.685,0,0,0,"",0
"2021-05-05","CRAH23","CRA","CRA","CRA",0,"2023-06-21",0,1,0,0,0,0,0,0,0,0,0,0,0,0,0,99.655,0,0,0,"",0
"2021-05-05","CRAM23","CRA","CRA","CRA",0,"2023-09-20",0,1,0,0,0,0,0,0,0,0,0,0,0,0,0,99.625,0,0,0,"",0
"2021-05-05","CRAU23","CRA","CRA","CRA",0,"2023-12-20",0,1,0,0,0,0,0,0,0,0,0,0,0,0,0,99.595,0,0,0,"",0
"2021-05-05","CRAZ23","CRA","CRA","CRA",0,"2024-03-20",0,1,0,0,0,0,0,0,0,0,0,0,0,0,0,99.565,0,0,0,"",0
"2021-05-06","CRAH21","CRA","CRA","CRA",0,"2021-06-16",0,1,99.83,0,100,0,0,0,0,0,0,0,0,0,0,99.83,5706,0,0,"",0
"2021-05-06","CRAM21","CRA","CRA","CRA",0,"2021-09-15",0,1,99.8,0,257,0,0,300,0,0,99.8,99.8,99.8,0,3,99.8,792,0,0,"",0
"2021-05-06","CRAU21","CRA","CRA","CRA",0,"2021-12-15",0,1,0,0,0,0,0,0,0,0,0,0,0,0,0,99.795,159,0,0,"",0
"2021-05-06","CRAZ21","CRA","CRA","CRA",0,"2022-03-16",0,1,0,0,0,0,0,0,0,0,0,0,0,0,0,99.775,240,0,0,"",0
"2021-05-06","CRAH22","CRA","CRA","CRA",0,"2022-06-15",0,1,0,0,0,0,0,0,0,0,0,0,0,0,0,99.76,0,0,0,"",0
"2021-05-06","CRAM22","CRA","CRA","CRA",0,"2022-09-21",0,1,0,0,0,0,0,0,0,0,0,0,0,0,0,99.725,0,0,0,"",0
"2021-05-06","CRAU22","CRA","CRA","CRA",0,"2022-12-21",0,1,0,0,0,0,0,0,0,0,0,0,0,0,0,99.705,0,0,0,"",0
"2021-05-06","CRAZ22","CRA","CRA","CRA",0,"2023-03-15",0,1,0,0,0,0,0,0,0,0,0,0,0,0,0,99.685,0,0,0,"",0
"2021-05-06","CRAH23","CRA","CRA","CRA",0,"2023-06-21",0,1,0,0,0,0,0,0,0,0,0,0,0,0,0,99.655,0,0,0,"",0
"2021-05-06","CRAM23","CRA","CRA","CRA",0,"2023-09-20",0,1,0,0,0,0,0,0,0,0,0,0,0,0,0,99.625,0,0,0,"",0
"2021-05-06","CRAU23","CRA","CRA","CRA",0,"2023-12-20",0,1,0,0,0,0,0,0,0,0,0,0,0,0,0,99.595,0,0,0,"",0
"2021-05-06","CRAZ23","CRA","CRA","CRA",0,"2024-03-20",0,1,0,0,0,0,0,0,0,0,0,0,0,0,0,99.565,0,0,0,"",0
"2021-05-07","CRAH21","CRA","CRA","CRA",0,"2021-06-16",0,1,99.83,99.845,100,100,0,0,0,0,0,0,0,0,0,99.83,5706,0,0,"",0
"2021-05-07","CRAM21","CRA","CRA","CRA",0,"2021-09-15",0,1,99.8,99.815,100,100,0,0,0,0,0,0,0,0,0,99.8,704,0,0,"",0
"2021-05-07","CRAU21","CRA","CRA","CRA",0,"2021-12-15",0,1,99.785,99.8,100,48,0,302,0,0.005,99.8,99.8,99.8,0,4,99.795,159,0,0,"",0
"2021-05-07","CRAZ21","CRA","CRA","CRA",0,"2022-03-16",0,1,99.77,99.785,100,100,0,2,0,0,99.775,99.775,99.775,0,2,99.775,240,0,0,"",0
"2021-05-07","CRAH22","CRA","CRA","CRA",0,"2022-06-15",0,1,0,0,0,0,0,0,0,0,0,0,0,0,0,99.76,0,0,0,"",0
"2021-05-07","CRAM22","CRA","CRA","CRA",0,"2022-09-21",0,1,0,0,0,0,0,0,0,0,0,0,0,0,0,99.725,0,0,0,"",0
"2021-05-07","CRAU22","CRA","CRA","CRA",0,"2022-12-21",0,1,0,0,0,0,0,0,0,0,0,0,0,0,0,99.705,0,0,0,"",0
"2021-05-07","CRAZ22","CRA","CRA","CRA",0,"2023-03-15",0,1,0,0,0,0,0,0,0,0,0,0,0,0,0,99.685,0,0,0,"",0
"2021-05-07","CRAH23","CRA","CRA","CRA",0,"2023-06-21",0,1,0,0,0,0,0,0,0,0,0,0,0,0,0,99.655,0,0,0,"",0
"2021-05-07","CRAM23","CRA","CRA","CRA",0,"2023-09-20",0,1,0,0,0,0,0,0,0,0,0,0,0,0,0,99.625,0,0,0,"",0
"2021-05-07","CRAU23","CRA","CRA","CRA",0,"2023-12-20",0,1,0,0,0,0,0,0,0,0,0,0,0,0,0,99.595,0,0,0,"",0
"2021-05-07","CRAZ23","CRA","CRA","CRA",0,"2024-03-20",0,1,0,0,0,0,0,0,0,0,0,0,0,0,0,99.565,0,0,0,"",0
"2021-05-10","CRAH21","CRA","CRA","CRA",0,"2021-06-16",0,1,99.83,99.845,200,200,0,0,0,0,0,0,0,0,0,99.83,5706,0,0,"",0
"2021-05-10","CRAM21","CRA","CRA","CRA",0,"2021-09-15",0,1,99.8,99.815,200,200,0,0,0,0,0,0,0,0,0,99.8,704,0,0,"",0
"2021-05-10","CRAU21","CRA","CRA","CRA",0,"2021-12-15",0,1,99.795,99.805,200,29,0,0,0,0,0,0,0,0,0,99.795,459,0,0,"",0
"2021-05-10","CRAZ21","CRA","CRA","CRA",0,"2022-03-16",0,1,99.775,99.79,200,200,0,0,0,0,0,0,0,0,0,99.775,242,0,0,"",0
"2021-05-10","CRAH22","CRA","CRA","CRA",0,"2022-06-15",0,1,0,0,0,0,0,0,0,0,0,0,0,0,0,99.76,0,0,0,"",0
"2021-05-10","CRAM22","CRA","CRA","CRA",0,"2022-09-21",0,1,0,0,0,0,0,0,0,0,0,0,0,0,0,99.725,0,0,0,"",0
"2021-05-10","CRAU22","CRA","CRA","CRA",0,"2022-12-21",0,1,0,0,0,0,0,0,0,0,0,0,0,0,0,99.705,0,0,0,"",0
"2021-05-10","CRAZ22","CRA","CRA","CRA",0,"2023-03-15",0,1,0,0,0,0,0,0,0,0,0,0,0,0,0,99.685,0,0,0,"",0
"2021-05-10","CRAH23","CRA","CRA","CRA",0,"2023-06-21",0,1,0,0,0,0,0,0,0,0,0,0,0,0,0,99.655,0,0,0,"",0
"2021-05-10","CRAM23","CRA","CRA","CRA",0,"2023-09-20",0,1,0,0,0,0,0,0,0,0,0,0,0,0,0,99.625,0,0,0,"",0
"2021-05-10","CRAU23","CRA","CRA","CRA",0,"2023-12-20",0,1,0,0,0,0,0,0,0,0,0,0,0,0,0,99.595,0,0,0,"",0
"2021-05-10","CRAZ23","CRA","CRA","CRA",0,"2024-03-20",0,1,0,0,0,0,0,0,0,0,0,0,0,0,0,99.565,0,0,0,"",0
"2021-05-11","CRAH21","CRA","CRA","CRA",0,"2021-06-16",0,1,99.83,99.845,200,200,0,0,0,0,0,0,0,0,0,99.83,5706,0,0,"",0
"2021-05-11","CRAM21","CRA","CRA","CRA",0,"2021-09-15",0,1,99.795,99.81,200,200,0,0,0,0,0,0,0,0,0,99.8,604,0,0,"",0
"2021-05-11","CRAU21","CRA","CRA","CRA",0,"2021-12-15",0,1,99.795,99.81,200,200,0,0,0,0,0,0,0,0,0,99.795,422,0,0,"",0
"2021-05-11","CRAZ21","CRA","CRA","CRA",0,"2022-03-16",0,1,99.775,99.79,200,200,0,0,0,0,0,0,0,0,0,99.775,242,0,0,"",0
"2021-05-11","CRAH22","CRA","CRA","CRA",0,"2022-06-15",0,1,0,0,0,0,0,0,0,0,0,0,0,0,0,99.76,0,0,0,"",0
"2021-05-11","CRAM22","CRA","CRA","CRA",0,"2022-09-21",0,1,0,0,0,0,0,0,0,0,0,0,0,0,0,99.725,0,0,0,"",0
"2021-05-11","CRAU22","CRA","CRA","CRA",0,"2022-12-21",0,1,0,0,0,0,0,0,0,0,0,0,0,0,0,99.705,0,0,0,"",0
"2021-05-11","CRAZ22","CRA","CRA","CRA",0,"2023-03-15",0,1,0,0,0,0,0,0,0,0,0,0,0,0,0,99.685,0,0,0,"",0
"2021-05-11","CRAH23","CRA","CRA","CRA",0,"2023-06-21",0,1,0,0,0,0,0,0,0,0,0,0,0,0,0,99.655,0,0,0,"",0
"2021-05-11","CRAM23","CRA","CRA","CRA",0,"2023-09-20",0,1,0,0,0,0,0,0,0,0,0,0,0,0,0,99.625,0,0,0,"",0
"2021-05-11","CRAU23","CRA","CRA","CRA",0,"2023-12-20",0,1,0,0,0,0,0,0,0,0,0,0,0,0,0,99.595,0,0,0,"",0
"2021-05-11","CRAZ23","CRA","CRA","CRA",0,"2024-03-20",0,1,0,0,0,0,0,0,0,0,0,0,0,0,0,99.565,0,0,0,"",0
"2021-05-12","CRAH21","CRA","CRA","CRA",0,"2021-06-16",0,1,99.825,99.84,200,200,0,0,0,0,0,0,0,0,0,99.83,5706,0,0,"",0
"2021-05-12","CRAM21","CRA","CRA","CRA",0,"2021-09-15",0,1,99.795,99.805,25,200,0,0,0,0,0,0,0,0,0,99.8,604,0,0,"",0
"2021-05-12","CRAU21","CRA","CRA","CRA",0,"2021-12-15",0,1,99.785,99.8,200,200,0,0,0,0,0,0,0,0,0,99.795,422,0,0,"",0
"2021-05-12","CRAZ21","CRA","CRA","CRA",0,"2022-03-16",0,1,99.77,99.785,200,200,0,0,0,0,0,0,0,0,0,99.775,242,0,0,"",0
"2021-05-12","CRAH22","CRA","CRA","CRA",0,"2022-06-15",0,1,0,0,0,0,0,0,0,0,0,0,0,0,0,99.76,0,0,0,"",0
"2021-05-12","CRAM22","CRA","CRA","CRA",0,"2022-09-21",0,1,0,0,0,0,0,0,0,0,0,0,0,0,0,99.725,0,0,0,"",0
"2021-05-12","CRAU22","CRA","CRA","CRA",0,"2022-12-21",0,1,0,0,0,0,0,0,0,0,0,0,0,0,0,99.705,0,0,0,"",0
"2021-05-12","CRAZ22","CRA","CRA","CRA",0,"2023-03-15",0,1,0,0,0,0,0,0,0,0,0,0,0,0,0,99.685,0,0,0,"",0
"2021-05-12","CRAH23","CRA","CRA","CRA",0,"2023-06-21",0,1,0,0,0,0,0,0,0,0,0,0,0,0,0,99.655,0,0,0,"",0
"2021-05-12","CRAM23","CRA","CRA","CRA",0,"2023-09-20",0,1,0,0,0,0,0,0,0,0,0,0,0,0,0,99.625,0,0,0,"",0
"2021-05-12","CRAU23","CRA","CRA","CRA",0,"2023-12-20",0,1,0,0,0,0,0,0,0,0,0,0,0,0,0,99.595,0,0,0,"",0
"2021-05-12","CRAZ23","CRA","CRA","CRA",0,"2024-03-20",0,1,0,0,0,0,0,0,0,0,0,0,0,0,0,99.565,0,0,0,"",0
"2021-05-13","CRAH21","CRA","CRA","CRA",0,"2021-06-16",0,1,99.825,99.83,26,50,0,30,0,0,99.83,99.83,99.83,0,1,99.83,5706,0,0,"",0
"2021-05-13","CRAM21","CRA","CRA","CRA",0,"2021-09-15",0,1,99.8,99.81,100,300,0,0,0,0,0,0,0,0,0,99.8,604,0,0,"",0
"2021-05-13","CRAU21","CRA","CRA","CRA",0,"2021-12-15",0,1,99.79,99.805,100,400,0,0,0,0,0,0,0,0,0,99.795,422,0,0,"",0
"2021-05-13","CRAZ21","CRA","CRA","CRA",0,"2022-03-16",0,1,99.775,99.79,100,100,0,0,0,0,0,0,0,0,0,99.775,240,0,0,"",0
"2021-05-13","CRAH22","CRA","CRA","CRA",0,"2022-06-15",0,1,0,0,0,0,0,0,0,0,0,0,0,0,0,99.76,0,0,0,"",0
"2021-05-13","CRAM22","CRA","CRA","CRA",0,"2022-09-21",0,1,0,0,0,0,0,0,0,0,0,0,0,0,0,99.725,0,0,0,"",0
"2021-05-13","CRAU22","CRA","CRA","CRA",0,"2022-12-21",0,1,0,0,0,0,0,0,0,0,0,0,0,0,0,99.705,0,0,0,"",0
"2021-05-13","CRAZ22","CRA","CRA","CRA",0,"2023-03-15",0,1,0,0,0,0,0,0,0,0,0,0,0,0,0,99.685,0,0,0,"",0
"2021-05-13","CRAH23","CRA","CRA","CRA",0,"2023-06-21",0,1,0,0,0,0,0,0,0,0,0,0,0,0,0,99.655,0,0,0,"",0
"2021-05-13","CRAM23","CRA","CRA","CRA",0,"2023-09-20",0,1,0,0,0,0,0,0,0,0,0,0,0,0,0,99.625,0,0,0,"",0
"2021-05-13","CRAU23","CRA","CRA","CRA",0,"2023-12-20",0,1,0,0,0,0,0,0,0,0,0,0,0,0,0,99.595,0,0,0,"",0
"2021-05-13","CRAZ23","CRA","CRA","CRA",0,"2024-03-20",0,1,0,0,0,0,0,0,0,0,0,0,0,0,0,99.565,0,0,0,"",0
"2021-05-14","CRAH21","CRA","CRA","CRA",0,"2021-06-16",0,1,99.825,99.83,21,25,0,125,0,-0.005,99.825,99.825,99.825,0,4,99.83,5706,0,0,"",0
"2021-05-14","CRAM21","CRA","CRA","CRA",0,"2021-09-15",0,1,99.79,99.8,100,200,0,0,0,0,0,0,0,0,0,99.8,604,0,0,"",0
"2021-05-14","CRAU21","CRA","CRA","CRA",0,"2021-12-15",0,1,99.79,99.805,100,100,0,0,0,0,0,0,0,0,0,99.795,422,0,0,"",0
"2021-05-14","CRAZ21","CRA","CRA","CRA",0,"2022-03-16",0,1,99.775,99.79,100,100,0,0,0,0,0,0,0,0,0,99.775,240,0,0,"",0
"2021-05-14","CRAH22","CRA","CRA","CRA",0,"2022-06-15",0,1,0,0,0,0,0,0,0,0,0,0,0,0,0,99.76,0,0,0,"",0
"2021-05-14","CRAM22","CRA","CRA","CRA",0,"2022-09-21",0,1,0,99.79,0,50,0,0,0,0,0,0,0,0,0,99.725,0,0,0,"",0
"2021-05-14","CRAU22","CRA","CRA","CRA",0,"2022-12-21",0,1,0,0,0,0,0,0,0,0,0,0,0,0,0,99.705,0,0,0,"",0
"2021-05-14","CRAZ22","CRA","CRA","CRA",0,"2023-03-15",0,1,0,0,0,0,0,0,0,0,0,0,0,0,0,99.685,0,0,0,"",0
"2021-05-14","CRAH23","CRA","CRA","CRA",0,"2023-06-21",0,1,0,0,0,0,0,0,0,0,0,0,0,0,0,99.655,0,0,0,"",0
"2021-05-14","CRAM23","CRA","CRA","CRA",0,"2023-09-20",0,1,0,0,0,0,0,0,0,0,0,0,0,0,0,99.625,0,0,0,"",0
"2021-05-14","CRAU23","CRA","CRA","CRA",0,"2023-12-20",0,1,0,0,0,0,0,0,0,0,0,0,0,0,0,99.595,0,0,0,"",0
"2021-05-14","CRAZ23","CRA","CRA","CRA",0,"2024-03-20",0,1,0,0,0,0,0,0,0,0,0,0,0,0,0,99.565,0,0,0,"",0
"2021-05-17","CRAH21","CRA","CRA","CRA",0,"2021-06-16",0,1,99.82,99.825,29,25,0,21,0,-0.005,99.825,99.825,99.825,0,1,99.825,5676,0,0,"",0
"2021-05-17","CRAM21","CRA","CRA","CRA",0,"2021-09-15",0,1,99.79,99.8,200,400,0,0,0,0,0,0,0,0,0,99.795,604,0,0,"",0
"2021-05-17","CRAU21","CRA","CRA","CRA",0,"2021-12-15",0,1,99.785,99.8,200,300,0,0,0,0,0,0,0,0,0,99.79,422,0,0,"",0
"2021-05-17","CRAZ21","CRA","CRA","CRA",0,"2022-03-16",0,1,99.775,99.79,200,200,0,0,0,0,0,0,0,0,0,99.775,240,0,0,"",0
"2021-05-17","CRAH22","CRA","CRA","CRA",0,"2022-06-15",0,1,0,0,0,0,0,0,0,0,0,0,0,0,0,99.76,0,0,0,"",0
"2021-05-17","CRAM22","CRA","CRA","CRA",0,"2022-09-21",0,1,0,99.79,0,50,0,0,0,0,0,0,0,0,0,99.725,0,0,0,"",0
"2021-05-17","CRAU22","CRA","CRA","CRA",0,"2022-12-21",0,1,0,0,0,0,0,0,0,0,0,0,0,0,0,99.705,0,0,0,"",0
"2021-05-17","CRAZ22","CRA","CRA","CRA",0,"2023-03-15",0,1,0,0,0,0,0,0,0,0,0,0,0,0,0,99.685,0,0,0,"",0
"2021-05-17","CRAH23","CRA","CRA","CRA",0,"2023-06-21",0,1,0,0,0,0,0,0,0,0,0,0,0,0,0,99.655,0,0,0,"",0
"2021-05-17","CRAM23","CRA","CRA","CRA",0,"2023-09-20",0,1,0,0,0,0,0,0,0,0,0,0,0,0,0,99.625,0,0,0,"",0
"2021-05-17","CRAU23","CRA","CRA","CRA",0,"2023-12-20",0,1,0,0,0,0,0,0,0,0,0,0,0,0,0,99.595,0,0,0,"",0
"2021-05-17","CRAZ23","CRA","CRA","CRA",0,"2024-03-20",0,1,0,0,0,0,0,0,0,0,0,0,0,0,0,99.565,0,0,0,"",0
"2021-05-18","CRAH21","CRA","CRA","CRA",0,"2021-06-16",0,1,99.82,99.835,925,100,0,0,0,0,0,0,0,0,0,99.825,5676,0,0,"",0
"2021-05-18","CRAM21","CRA","CRA","CRA",0,"2021-09-15",0,1,99.79,99.805,100,100,0,0,0,0,0,0,0,0,0,99.795,604,0,0,"",0
"2021-05-18","CRAU21","CRA","CRA","CRA",0,"2021-12-15",0,1,99.79,99.805,100,100,0,0,0,0,0,0,0,0,0,99.79,422,0,0,"",0
"2021-05-18","CRAZ21","CRA","CRA","CRA",0,"2022-03-16",0,1,99.775,99.79,100,100,0,0,0,0,0,0,0,0,0,99.775,240,0,0,"",0
"2021-05-18","CRAH22","CRA","CRA","CRA",0,"2022-06-15",0,1,0,0,0,0,0,0,0,0,0,0,0,0,0,99.76,0,0,0,"",0
"2021-05-18","CRAM22","CRA","CRA","CRA",0,"2022-09-21",0,1,0,99.79,0,50,0,0,0,0,0,0,0,0,0,99.725,0,0,0,"",0
"2021-05-18","CRAU22","CRA","CRA","CRA",0,"2022-12-21",0,1,0,0,0,0,0,0,0,0,0,0,0,0,0,99.705,0,0,0,"",0
"2021-05-18","CRAZ22","CRA","CRA","CRA",0,"2023-03-15",0,1,0,0,0,0,0,0,0,0,0,0,0,0,0,99.685,0,0,0,"",0
"2021-05-18","CRAH23","CRA","CRA","CRA",0,"2023-06-21",0,1,0,0,0,0,0,0,0,0,0,0,0,0,0,99.655,0,0,0,"",0
"2021-05-18","CRAM23","CRA","CRA","CRA",0,"2023-09-20",0,1,0,0,0,0,0,0,0,0,0,0,0,0,0,99.625,0,0,0,"",0
"2021-05-18","CRAU23","CRA","CRA","CRA",0,"2023-12-20",0,1,0,0,0,0,0,0,0,0,0,0,0,0,0,99.595,0,0,0,"",0
"2021-05-18","CRAZ23","CRA","CRA","CRA",0,"2024-03-20",0,1,0,0,0,0,0,0,0,0,0,0,0,0,0,99.565,0,0,0,"",0
"2021-05-19","CRAH21","CRA","CRA","CRA",0,"2021-06-16",0,1,99.82,99.835,125,100,0,0,0,0,0,0,0,0,0,99.825,5676,0,0,"",0
"2021-05-19","CRAM21","CRA","CRA","CRA",0,"2021-09-15",0,1,99.795,99.81,100,100,0,0,0,0,0,0,0,0,0,99.795,604,0,0,"",0
"2021-05-19","CRAU21","CRA","CRA","CRA",0,"2021-12-15",0,1,99.79,99.805,100,100,0,0,0,0,0,0,0,0,0,99.79,422,0,0,"",0
"2021-05-19","CRAZ21","CRA","CRA","CRA",0,"2022-03-16",0,1,99.775,99.79,100,100,0,0,0,0,0,0,0,0,0,99.775,240,0,0,"",0
"2021-05-19","CRAH22","CRA","CRA","CRA",0,"2022-06-15",0,1,0,0,0,0,0,0,0,0,0,0,0,0,0,99.76,0,0,0,"",0
"2021-05-19","CRAM22","CRA","CRA","CRA",0,"2022-09-21",0,1,0,99.79,0,50,0,0,0,0,0,0,0,0,0,99.725,0,0,0,"",0
"2021-05-19","CRAU22","CRA","CRA","CRA",0,"2022-12-21",0,1,0,0,0,0,0,0,0,0,0,0,0,0,0,99.705,0,0,0,"",0
"2021-05-19","CRAZ22","CRA","CRA","CRA",0,"2023-03-15",0,1,0,0,0,0,0,0,0,0,0,0,0,0,0,99.685,0,0,0,"",0
"2021-05-19","CRAH23","CRA","CRA","CRA",0,"2023-06-21",0,1,0,0,0,0,0,0,0,0,0,0,0,0,0,99.655,0,0,0,"",0
"2021-05-19","CRAM23","CRA","CRA","CRA",0,"2023-09-20",0,1,0,0,0,0,0,0,0,0,0,0,0,0,0,99.625,0,0,0,"",0
"2021-05-19","CRAU23","CRA","CRA","CRA",0,"2023-12-20",0,1,0,0,0,0,0,0,0,0,0,0,0,0,0,99.595,0,0,0,"",0
"2021-05-19","CRAZ23","CRA","CRA","CRA",0,"2024-03-20",0,1,0,0,0,0,0,0,0,0,0,0,0,0,0,99.565,0,0,0,"",0
"2021-05-20","CRAH21","CRA","CRA","CRA",0,"2021-06-16",0,1,99.82,99.845,25,1,0,0,0,0,0,0,0,0,0,99.825,5676,0,0,"",0
"2021-05-20","CRAM21","CRA","CRA","CRA",0,"2021-09-15",0,1,99.785,99.82,1,1,0,0,0,0,0,0,0,0,0,99.795,604,0,0,"",0
"2021-05-20","CRAU21","CRA","CRA","CRA",0,"2021-12-15",0,1,99.78,99.8,1,100,0,0,0,0,0,0,0,0,0,99.79,422,0,0,"",0
"2021-05-20","CRAZ21","CRA","CRA","CRA",0,"2022-03-16",0,1,99.765,99.8,1,1,0,0,0,0,0,0,0,0,0,99.775,240,0,0,"",0
"2021-05-20","CRAH22","CRA","CRA","CRA",0,"2022-06-15",0,1,0,0,0,0,0,0,0,0,0,0,0,0,0,99.76,0,0,0,"",0
"2021-05-20","CRAM22","CRA","CRA","CRA",0,"2022-09-21",0,1,0,99.79,0,50,0,0,0,0,0,0,0,0,0,99.725,0,0,0,"",0
"2021-05-20","CRAU22","CRA","CRA","CRA",0,"2022-12-21",0,1,0,0,0,0,0,0,0,0,0,0,0,0,0,99.705,0,0,0,"",0
"2021-05-20","CRAZ22","CRA","CRA","CRA",0,"2023-03-15",0,1,0,0,0,0,0,0,0,0,0,0,0,0,0,99.685,0,0,0,"",0
"2021-05-20","CRAH23","CRA","CRA","CRA",0,"2023-06-21",0,1,0,0,0,0,0,0,0,0,0,0,0,0,0,99.655,0,0,0,"",0
"2021-05-20","CRAM23","CRA","CRA","CRA",0,"2023-09-20",0,1,0,0,0,0,0,0,0,0,0,0,0,0,0,99.625,0,0,0,"",0
"2021-05-20","CRAU23","CRA","CRA","CRA",0,"2023-12-20",0,1,0,0,0,0,0,0,0,0,0,0,0,0,0,99.595,0,0,0,"",0
"2021-05-20","CRAZ23","CRA","CRA","CRA",0,"2024-03-20",0,1,0,0,0,0,0,0,0,0,0,0,0,0,0,99.565,0,0,0,"",0
"2021-05-21","CRAH21","CRA","CRA","CRA",0,"2021-06-16",0,1,99.82,99.835,25,600,0,0,0,0,0,0,0,0,0,99.825,5676,0,0,"",0
"2021-05-21","CRAM21","CRA","CRA","CRA",0,"2021-09-15",0,1,99.795,99.81,100,100,0,0,0,0,0,0,0,0,0,99.795,604,0,0,"",0
"2021-05-21","CRAU21","CRA","CRA","CRA",0,"2021-12-15",0,1,99.785,99.8,100,100,0,0,0,0,0,0,0,0,0,99.79,422,0,0,"",0
"2021-05-21","CRAZ21","CRA","CRA","CRA",0,"2022-03-16",0,1,99.775,99.79,100,100,0,0,0,0,0,0,0,0,0,99.775,240,0,0,"",0
"2021-05-21","CRAH22","CRA","CRA","CRA",0,"2022-06-15",0,1,0,0,0,0,0,0,0,0,0,0,0,0,0,99.76,0,0,0,"",0
"2021-05-21","CRAM22","CRA","CRA","CRA",0,"2022-09-21",0,1,0,99.79,0,50,0,0,0,0,0,0,0,0,0,99.725,0,0,0,"",0
"2021-05-21","CRAU22","CRA","CRA","CRA",0,"2022-12-21",0,1,0,0,0,0,0,0,0,0,0,0,0,0,0,99.705,0,0,0,"",0
"2021-05-21","CRAZ22","CRA","CRA","CRA",0,"2023-03-15",0,1,0,0,0,0,0,0,0,0,0,0,0,0,0,99.685,0,0,0,"",0
"2021-05-21","CRAH23","CRA","CRA","CRA",0,"2023-06-21",0,1,0,0,0,0,0,0,0,0,0,0,0,0,0,99.655,0,0,0,"",0
"2021-05-21","CRAM23","CRA","CRA","CRA",0,"2023-09-20",0,1,0,0,0,0,0,0,0,0,0,0,0,0,0,99.625,0,0,0,"",0
"2021-05-21","CRAU23","CRA","CRA","CRA",0,"2023-12-20",0,1,0,0,0,0,0,0,0,0,0,0,0,0,0,99.595,0,0,0,"",0
"2021-05-21","CRAZ23","CRA","CRA","CRA",0,"2024-03-20",0,1,0,0,0,0,0,0,0,0,0,0,0,0,0,99.565,0,0,0,"",0
"2021-05-25","CRAH21","CRA","CRA","CRA",0,"2021-06-16",0,1,99.82,99.835,100,100,0,0,0,0,0,0,0,0,0,99.825,5676,0,0,"",0
"2021-05-25","CRAM21","CRA","CRA","CRA",0,"2021-09-15",0,1,99.795,99.81,100,100,0,0,0,0,0,0,0,0,0,99.795,604,0,0,"",0
"2021-05-25","CRAU21","CRA","CRA","CRA",0,"2021-12-15",0,1,99.78,99.795,100,100,0,0,0,0,0,0,0,0,0,99.79,422,0,0,"",0
"2021-05-25","CRAZ21","CRA","CRA","CRA",0,"2022-03-16",0,1,99.77,99.785,100,100,0,0,0,0,0,0,0,0,0,99.775,240,0,0,"",0
"2021-05-25","CRAH22","CRA","CRA","CRA",0,"2022-06-15",0,1,0,0,0,0,0,0,0,0,0,0,0,0,0,99.76,0,0,0,"",0
"2021-05-25","CRAM22","CRA","CRA","CRA",0,"2022-09-21",0,1,0,99.79,0,50,0,0,0,0,0,0,0,0,0,99.725,0,0,0,"",0
"2021-05-25","CRAU22","CRA","CRA","CRA",0,"2022-12-21",0,1,0,0,0,0,0,0,0,0,0,0,0,0,0,99.705,0,0,0,"",0
"2021-05-25","CRAZ22","CRA","CRA","CRA",0,"2023-03-15",0,1,0,0,0,0,0,0,0,0,0,0,0,0,0,99.685,0,0,0,"",0
"2021-05-25","CRAH23","CRA","CRA","CRA",0,"2023-06-21",0,1,0,0,0,0,0,0,0,0,0,0,0,0,0,99.655,0,0,0,"",0
"2021-05-25","CRAM23","CRA","CRA","CRA",0,"2023-09-20",0,1,0,0,0,0,0,0,0,0,0,0,0,0,0,99.625,0,0,0,"",0
"2021-05-25","CRAU23","CRA","CRA","CRA",0,"2023-12-20",0,1,0,0,0,0,0,0,0,0,0,0,0,0,0,99.595,0,0,0,"",0
"2021-05-25","CRAZ23","CRA","CRA","CRA",0,"2024-03-20",0,1,0,0,0,0,0,0,0,0,0,0,0,0,0,99.565,0,0,0,"",0
"2021-05-26","CRAH21","CRA","CRA","CRA",0,"2021-06-16",0,1,99.82,99.835,200,200,0,0,0,0,0,0,0,0,0,99.825,5676,0,0,"",0
"2021-05-26","CRAM21","CRA","CRA","CRA",0,"2021-09-15",0,1,99.795,99.81,100,100,0,0,0,0,0,0,0,0,0,99.795,604,0,0,"",0
"2021-05-26","CRAU21","CRA","CRA","CRA",0,"2021-12-15",0,1,99.79,99.805,100,100,0,0,0,0,0,0,0,0,0,99.79,422,0,0,"",0
"2021-05-26","CRAZ21","CRA","CRA","CRA",0,"2022-03-16",0,1,99.775,99.79,100,100,0,0,0,0,0,0,0,0,0,99.775,240,0,0,"",0
"2021-05-26","CRAH22","CRA","CRA","CRA",0,"2022-06-15",0,1,0,0,0,0,0,0,0,0,0,0,0,0,0,99.76,0,0,0,"",0
"2021-05-26","CRAM22","CRA","CRA","CRA",0,"2022-09-21",0,1,0,99.79,0,50,0,0,0,0,0,0,0,0,0,99.725,0,0,0,"",0
"2021-05-26","CRAU22","CRA","CRA","CRA",0,"2022-12-21",0,1,0,0,0,0,0,0,0,0,0,0,0,0,0,99.705,0,0,0,"",0
"2021-05-26","CRAZ22","CRA","CRA","CRA",0,"2023-03-15",0,1,0,0,0,0,0,0,0,0,0,0,0,0,0,99.685,0,0,0,"",0
"2021-05-26","CRAH23","CRA","CRA","CRA",0,"2023-06-21",0,1,0,0,0,0,0,0,0,0,0,0,0,0,0,99.655,0,0,0,"",0
"2021-05-26","CRAM23","CRA","CRA","CRA",0,"2023-09-20",0,1,0,0,0,0,0,0,0,0,0,0,0,0,0,99.625,0,0,0,"",0
"2021-05-26","CRAU23","CRA","CRA","CRA",0,"2023-12-20",0,1,0,0,0,0,0,0,0,0,0,0,0,0,0,99.595,0,0,0,"",0
"2021-05-26","CRAZ23","CRA","CRA","CRA",0,"2024-03-20",0,1,0,0,0,0,0,0,0,0,0,0,0,0,0,99.565,0,0,0,"",0
"2021-05-27","CRAH21","CRA","CRA","CRA",0,"2021-06-16",0,1,99.815,99.84,301,250,0,0,0,0,0,0,0,0,0,99.825,5676,0,0,"",0
"2021-05-27","CRAM21","CRA","CRA","CRA",0,"2021-09-15",0,1,99.79,99.82,1,1,0,0,0,0,0,0,0,0,0,99.8,604,0,0,"",0
"2021-05-27","CRAU21","CRA","CRA","CRA",0,"2021-12-15",0,1,99.78,99.81,1,1,0,0,0,0,0,0,0,0,0,99.795,422,0,0,"",0
"2021-05-27","CRAZ21","CRA","CRA","CRA",0,"2022-03-16",0,1,99.76,99.79,1,1,0,0,0,0,0,0,0,0,0,99.78,240,0,0,"",0
"2021-05-27","CRAH22","CRA","CRA","CRA",0,"2022-06-15",0,1,0,0,0,0,0,0,0,0,0,0,0,0,0,99.765,0,0,0,"",0
"2021-05-27","CRAM22","CRA","CRA","CRA",0,"2022-09-21",0,1,0,99.79,0,50,0,0,0,0,0,0,0,0,0,99.73,0,0,0,"",0
"2021-05-27","CRAU22","CRA","CRA","CRA",0,"2022-12-21",0,1,0,0,0,0,0,0,0,0,0,0,0,0,0,99.71,0,0,0,"",0
"2021-05-27","CRAZ22","CRA","CRA","CRA",0,"2023-03-15",0,1,0,0,0,0,0,0,0,0,0,0,0,0,0,99.69,0,0,0,"",0
"2021-05-27","CRAH23","CRA","CRA","CRA",0,"2023-06-21",0,1,0,0,0,0,0,0,0,0,0,0,0,0,0,99.66,0,0,0,"",0
"2021-05-27","CRAM23","CRA","CRA","CRA",0,"2023-09-20",0,1,0,0,0,0,0,0,0,0,0,0,0,0,0,99.63,0,0,0,"",0
"2021-05-27","CRAU23","CRA","CRA","CRA",0,"2023-12-20",0,1,0,0,0,0,0,0,0,0,0,0,0,0,0,99.6,0,0,0,"",0
"2021-05-27","CRAZ23","CRA","CRA","CRA",0,"2024-03-20",0,1,0,0,0,0,0,0,0,0,0,0,0,0,0,99.57,0,0,0,"",0
"2021-05-28","CRAH21","CRA","CRA","CRA",0,"2021-06-16",0,1,99.815,99.835,400,100,0,0,0,0,0,0,0,0,0,99.825,5676,0,0,"",0
"2021-05-28","CRAM21","CRA","CRA","CRA",0,"2021-09-15",0,1,0,0,0,0,0,0,0,0,0,0,0,0,0,99.8,604,0,0,"",0
"2021-05-28","CRAU21","CRA","CRA","CRA",0,"2021-12-15",0,1,99.785,99.805,100,100,0,0,0,0,0,0,0,0,0,99.795,422,0,0,"",0
"2021-05-28","CRAZ21","CRA","CRA","CRA",0,"2022-03-16",0,1,0,0,0,0,0,0,0,0,0,0,0,0,0,99.78,240,0,0,"",0
"2021-05-28","CRAH22","CRA","CRA","CRA",0,"2022-06-15",0,1,0,0,0,0,0,0,0,0,0,0,0,0,0,99.765,0,0,0,"",0
"2021-05-28","CRAM22","CRA","CRA","CRA",0,"2022-09-21",0,1,0,99.79,0,50,0,0,0,0,0,0,0,0,0,99.73,0,0,0,"",0
"2021-05-28","CRAU22","CRA","CRA","CRA",0,"2022-12-21",0,1,0,0,0,0,0,0,0,0,0,0,0,0,0,99.71,0,0,0,"",0
"2021-05-28","CRAZ22","CRA","CRA","CRA",0,"2023-03-15",0,1,0,0,0,0,0,0,0,0,0,0,0,0,0,99.69,0,0,0,"",0
"2021-05-28","CRAH23","CRA","CRA","CRA",0,"2023-06-21",0,1,0,0,0,0,0,0,0,0,0,0,0,0,0,99.66,0,0,0,"",0
"2021-05-28","CRAM23","CRA","CRA","CRA",0,"2023-09-20",0,1,0,0,0,0,0,0,0,0,0,0,0,0,0,99.63,0,0,0,"",0
"2021-05-28","CRAU23","CRA","CRA","CRA",0,"2023-12-20",0,1,0,0,0,0,0,0,0,0,0,0,0,0,0,99.6,0,0,0,"",0
"2021-05-28","CRAZ23","CRA","CRA","CRA",0,"2024-03-20",0,1,0,0,0,0,0,0,0,0,0,0,0,0,0,99.57,0,0,0,"",0
"2021-05-31","CRAH21","CRA","CRA","CRA",0,"2021-06-16",0,1,99.815,99.83,300,400,0,0,0,0,0,0,0,0,0,99.825,5676,0,0,"",0
"2021-05-31","CRAM21","CRA","CRA","CRA",0,"2021-09-15",0,1,0,0,0,0,0,0,0,0,0,0,0,0,0,99.8,604,0,0,"",0
"2021-05-31","CRAU21","CRA","CRA","CRA",0,"2021-12-15",0,1,0,0,0,0,0,0,0,0,0,0,0,0,0,99.795,422,0,0,"",0
"2021-05-31","CRAZ21","CRA","CRA","CRA",0,"2022-03-16",0,1,0,0,0,0,0,0,0,0,0,0,0,0,0,99.78,240,0,0,"",0
"2021-05-31","CRAH22","CRA","CRA","CRA",0,"2022-06-15",0,1,0,0,0,0,0,0,0,0,0,0,0,0,0,99.765,0,0,0,"",0
"2021-05-31","CRAM22","CRA","CRA","CRA",0,"2022-09-21",0,1,0,99.79,0,50,0,0,0,0,0,0,0,0,0,99.73,0,0,0,"",0
"2021-05-31","CRAU22","CRA","CRA","CRA",0,"2022-12-21",0,1,0,0,0,0,0,0,0,0,0,0,0,0,0,99.71,0,0,0,"",0
"2021-05-31","CRAZ22","CRA","CRA","CRA",0,"2023-03-15",0,1,0,0,0,0,0,0,0,0,0,0,0,0,0,99.69,0,0,0,"",0
"2021-05-31","CRAH23","CRA","CRA","CRA",0,"2023-06-21",0,1,0,0,0,0,0,0,0,0,0,0,0,0,0,99.66,0,0,0,"",0
"2021-05-31","CRAM23","CRA","CRA","CRA",0,"2023-09-20",0,1,0,0,0,0,0,0,0,0,0,0,0,0,0,99.63,0,0,0,"",0
"2021-05-31","CRAU23","CRA","CRA","CRA",0,"2023-12-20",0,1,0,0,0,0,0,0,0,0,0,0,0,0,0,99.6,0,0,0,"",0
"2021-05-31","CRAZ23","CRA","CRA","CRA",0,"2024-03-20",0,1,0,0,0,0,0,0,0,0,0,0,0,0,0,99.57,0,0,0,"",0