"Date","Symbol","Class Symbol","Root Symbol","Underlying Symbol","Strike Price","Expiry Date","Call/Put","Ins. Type","Bid Price","Ask Price","Bid Size","Ask Size","Last Price","Volume","Last Close Price","Net Change","Open Price","High Price","Low Price","Total Value","Nb. Trades","Settlement Price","Open Interest","Implied Volatility","Accrued Financing Value","Accrued Financing Date","CORRA Rate"
"2025-12-01","CRAU25","CRA","CRA","CRA",0,"2025-12-17",0,1,97.6,97.6025,1595,3527,0,580,0,0,97.6025,97.6025,97.6,0,44,97.6025,245097,0,0,"0000-00-00",0
"2025-12-01","CRAZ25","CRA","CRA","CRA",0,"2026-03-18",0,1,97.755,97.76,8494,4104,0,32547,0,-0.005,97.765,97.77,97.755,0,961,97.76,254684,0,0,"0000-00-00",0
"2025-12-01","CRAH26","CRA","CRA","CRA",0,"2026-06-17",0,1,97.78,97.785,873,180,0,31586,0,-0.03,97.81,97.815,97.785,0,4563,97.785,261759,0,0,"0000-00-00",0
"2025-12-01","CRAM26","CRA","CRA","CRA",0,"2026-09-16",0,1,97.785,97.79,434,233,0,45157,0,-0.045,97.83,97.83,97.785,0,4552,97.79,297975,0,0,"0000-00-00",0
"2025-12-01","CRAU26","CRA","CRA","CRA",0,"2026-12-16",0,1,97.735,97.74,128,87,0,20471,0,-0.06,97.79,97.79,97.735,0,3040,97.745,226054,0,0,"0000-00-00",0
"2025-12-01","CRAZ26","CRA","CRA","CRA",0,"2027-03-17",0,1,97.655,97.66,77,59,0,21563,0,-0.07,97.715,97.715,97.655,0,3270,97.665,213189,0,0,"0000-00-00",0
"2025-12-01","CRAH27","CRA","CRA","CRA",0,"2027-06-16",0,1,97.565,97.57,139,49,0,18832,0,-0.075,97.63,97.63,97.565,0,2811,97.575,138807,0,0,"0000-00-00",0
"2025-12-01","CRAM27","CRA","CRA","CRA",0,"2027-09-15",0,1,97.485,97.49,100,34,0,12219,0,-0.08,97.555,97.555,97.485,0,1356,97.495,70719,0,0,"0000-00-00",0
"2025-12-01","CRAU27","CRA","CRA","CRA",0,"2027-12-15",0,1,0,97.42,0,302,0,9497,0,-0.085,97.49,97.49,97.415,0,1347,97.425,47663,0,0,"0000-00-00",0
"2025-12-01","CRAZ27","CRA","CRA","CRA",0,"2028-03-15",0,1,0,97.41,0,55,0,4226,0,-0.08,97.42,97.42,97.365,0,562,97.365,23254,0,0,"0000-00-00",0
"2025-12-01","CRAH28","CRA","CRA","CRA",0,"2028-06-21",0,1,0,0,0,0,0,775,0,-0.075,97.37,97.37,97.32,0,143,97.315,4559,0,0,"0000-00-00",0
"2025-12-01","CRAM28","CRA","CRA","CRA",0,"2028-09-20",0,1,0,0,0,0,0,19,0,-0.06,97.29,97.29,97.29,0,5,97.27,721,0,0,"2025-09-17",0
"2025-12-02","CRAU25","CRA","CRA","CRA",0,"2025-12-17",0,1,97.6,97.6025,1417,2325,0,275,0,0,97.6025,97.6025,97.6,0,20,97.6025,245032,0,0,"0000-00-00",0
"2025-12-02","CRAZ25","CRA","CRA","CRA",0,"2026-03-18",0,1,97.76,97.765,3243,5584,0,31854,0,0,97.755,97.765,97.755,0,1012,97.76,257037,0,0,"0000-00-00",0
"2025-12-02","CRAH26","CRA","CRA","CRA",0,"2026-06-17",0,1,97.79,97.795,1243,704,0,54423,0,0.01,97.785,97.8,97.785,0,3857,97.795,266339,0,0,"0000-00-00",0
"2025-12-02","CRAM26","CRA","CRA","CRA",0,"2026-09-16",0,1,97.795,97.8,924,90,0,52103,0,0.01,97.79,97.805,97.785,0,3527,97.8,306537,0,0,"0000-00-00",0
"2025-12-02","CRAU26","CRA","CRA","CRA",0,"2026-12-16",0,1,97.745,97.75,108,160,0,29408,0,0.005,97.74,97.755,97.73,0,3316,97.75,227932,0,0,"0000-00-00",0
"2025-12-02","CRAZ26","CRA","CRA","CRA",0,"2027-03-17",0,1,97.665,97.67,76,56,0,25027,0,0.005,97.66,97.675,97.65,0,3207,97.67,216519,0,0,"0000-00-00",0
"2025-12-02","CRAH27","CRA","CRA","CRA",0,"2027-06-16",0,1,97.58,97.585,52,76,0,20548,0,0.005,97.57,97.59,97.56,0,2172,97.58,142674,0,0,"0000-00-00",0
"2025-12-02","CRAM27","CRA","CRA","CRA",0,"2027-09-15",0,1,97.5,97.505,28,32,0,13752,0,0.01,97.49,97.51,97.475,0,1824,97.5,71669,0,0,"0000-00-00",0
"2025-12-02","CRAU27","CRA","CRA","CRA",0,"2027-12-15",0,1,97.43,97.44,27,47,0,8651,0,0.01,97.42,97.445,97.405,0,1093,97.43,45553,0,0,"0000-00-00",0
"2025-12-02","CRAZ27","CRA","CRA","CRA",0,"2028-03-15",0,1,0,97.585,0,2,0,4919,0,0.005,97.36,97.385,97.345,0,405,97.37,23275,0,0,"0000-00-00",0
"2025-12-02","CRAH28","CRA","CRA","CRA",0,"2028-06-21",0,1,97.31,0,20,0,0,3723,0,0.005,97.3,97.33,97.29,0,240,97.32,4241,0,0,"0000-00-00",0
"2025-12-02","CRAM28","CRA","CRA","CRA",0,"2028-09-20",0,1,0,97.35,0,2,0,551,0,0.005,97.275,97.275,97.275,0,32,97.275,721,0,0,"2025-09-17",0
"2025-12-03","CRAU25","CRA","CRA","CRA",0,"2025-12-17",0,1,97.6,97.6025,1646,2549,0,316,0,0,97.6025,97.6025,97.6,0,11,97.6025,244797,0,0,"0000-00-00",0
"2025-12-03","CRAZ25","CRA","CRA","CRA",0,"2026-03-18",0,1,97.765,97.77,3861,871,0,37379,0,0.01,97.765,97.775,97.76,0,1178,97.765,257311,0,0,"0000-00-00",0
"2025-12-03","CRAH26","CRA","CRA","CRA",0,"2026-06-17",0,1,97.805,97.81,804,1032,0,45406,0,0.01,97.795,97.82,97.795,0,2334,97.805,257761,0,0,"0000-00-00",0
"2025-12-03","CRAM26","CRA","CRA","CRA",0,"2026-09-16",0,1,97.815,97.82,248,111,0,38636,0,0.02,97.805,97.83,97.8,0,2377,97.815,319024,0,0,"0000-00-00",0
"2025-12-03","CRAU26","CRA","CRA","CRA",0,"2026-12-16",0,1,97.77,97.78,466,192,0,22864,0,0.025,97.75,97.785,97.75,0,2261,97.765,229781,0,0,"0000-00-00",0
"2025-12-03","CRAZ26","CRA","CRA","CRA",0,"2027-03-17",0,1,97.7,97.705,32,47,0,32279,0,0.035,97.675,97.705,97.675,0,2508,97.69,218076,0,0,"0000-00-00",0
"2025-12-03","CRAH27","CRA","CRA","CRA",0,"2027-06-16",0,1,97.615,97.62,42,2,0,19101,0,0.04,97.585,97.625,97.585,0,1947,97.61,142312,0,0,"0000-00-00",0
"2025-12-03","CRAM27","CRA","CRA","CRA",0,"2027-09-15",0,1,97.54,0,138,0,0,11108,0,0.04,97.51,97.55,97.51,0,1460,97.535,73266,0,0,"0000-00-00",0
"2025-12-03","CRAU27","CRA","CRA","CRA",0,"2027-12-15",0,1,97.475,97.485,22,44,0,9003,0,0.05,97.44,97.485,97.44,0,1087,97.47,44610,0,0,"0000-00-00",0
"2025-12-03","CRAZ27","CRA","CRA","CRA",0,"2028-03-15",0,1,97.42,97.425,51,93,0,4983,0,0.055,97.385,97.435,97.385,0,521,97.415,22025,0,0,"0000-00-00",0
"2025-12-03","CRAH28","CRA","CRA","CRA",0,"2028-06-21",0,1,97.365,0,10,0,0,521,0,0.055,97.33,97.375,97.33,0,70,97.365,3648,0,0,"0000-00-00",0
"2025-12-03","CRAM28","CRA","CRA","CRA",0,"2028-09-20",0,1,0,0,0,0,0,147,0,0,0,0,0,0,3,97.32,672,0,0,"2025-09-17",0
"2025-12-04","CRAU25","CRA","CRA","CRA",0,"2025-12-17",0,1,97.6,97.6025,3902,1109,0,1,0,0,97.6025,97.6025,97.6025,0,1,97.6025,244636,0,0,"0000-00-00",0
"2025-12-04","CRAZ25","CRA","CRA","CRA",0,"2026-03-18",0,1,97.765,97.77,4686,6362,0,14428,0,0,97.77,97.775,97.765,0,505,97.765,255188,0,0,"0000-00-00",0
"2025-12-04","CRAH26","CRA","CRA","CRA",0,"2026-06-17",0,1,97.795,97.8,1246,689,0,40356,0,-0.01,97.805,97.815,97.795,0,4174,97.795,262640,0,0,"0000-00-00",0
"2025-12-04","CRAM26","CRA","CRA","CRA",0,"2026-09-16",0,1,97.8,97.805,876,40,0,44853,0,-0.01,97.815,97.835,97.8,0,4635,97.805,315247,0,0,"0000-00-00",0
"2025-12-04","CRAU26","CRA","CRA","CRA",0,"2026-12-16",0,1,97.75,97.755,574,1,0,38609,0,-0.01,97.77,97.79,97.75,0,3374,97.755,224265,0,0,"0000-00-00",0
"2025-12-04","CRAZ26","CRA","CRA","CRA",0,"2027-03-17",0,1,97.675,97.68,40,125,0,31328,0,-0.01,97.695,97.71,97.67,0,3472,97.675,219129,0,0,"0000-00-00",0
"2025-12-04","CRAH27","CRA","CRA","CRA",0,"2027-06-16",0,1,97.59,97.595,33,128,0,16951,0,-0.015,97.61,97.625,97.585,0,1658,97.59,143041,0,0,"0000-00-00",0
"2025-12-04","CRAM27","CRA","CRA","CRA",0,"2027-09-15",0,1,97.51,97.515,51,46,0,11203,0,-0.025,97.535,97.545,97.505,0,1269,97.51,70944,0,0,"0000-00-00",0
"2025-12-04","CRAU27","CRA","CRA","CRA",0,"2027-12-15",0,1,97.445,97.455,31,183,0,10431,0,-0.02,97.475,97.48,97.44,0,1045,97.44,43827,0,0,"0000-00-00",0
"2025-12-04","CRAZ27","CRA","CRA","CRA",0,"2028-03-15",0,1,97.395,97.4,24,47,0,2509,0,-0.015,97.42,97.43,97.38,0,442,97.385,25019,0,0,"0000-00-00",0
"2025-12-04","CRAH28","CRA","CRA","CRA",0,"2028-06-21",0,1,0,97.355,0,34,0,469,0,-0.015,97.37,97.375,97.335,0,94,97.335,3817,0,0,"0000-00-00",0
"2025-12-04","CRAM28","CRA","CRA","CRA",0,"2028-09-20",0,1,0,0,0,0,0,60,0,-0.01,97.31,97.31,97.31,0,4,97.29,722,0,0,"2025-09-17",0
"2025-12-05","CRAU25","CRA","CRA","CRA",0,"2025-12-17",0,1,97.5975,97.6,6490,764,0,4901,0,-0.0025,97.6,97.6025,97.6,0,74,97.6,244598,0,0,"0000-00-00",0
"2025-12-05","CRAZ25","CRA","CRA","CRA",0,"2026-03-18",0,1,97.75,97.755,427,3502,0,105017,0,-0.015,97.765,97.765,97.735,0,3498,97.755,252512,0,0,"0000-00-00",0
"2025-12-05","CRAH26","CRA","CRA","CRA",0,"2026-06-17",0,1,97.72,97.73,1198,2414,0,158846,0,-0.075,97.8,97.8,97.7,0,12554,97.725,259104,0,0,"0000-00-00",0
"2025-12-05","CRAM26","CRA","CRA","CRA",0,"2026-09-16",0,1,97.66,97.665,248,111,0,243306,0,-0.145,97.8,97.8,97.61,0,17491,97.655,324720,0,0,"0000-00-00",0
"2025-12-05","CRAU26","CRA","CRA","CRA",0,"2026-12-16",0,1,97.54,97.545,97,67,0,180994,0,-0.21,97.755,97.755,97.505,0,16546,97.54,230854,0,0,"0000-00-00",0
"2025-12-05","CRAZ26","CRA","CRA","CRA",0,"2027-03-17",0,1,97.415,97.425,92,61,0,167256,0,-0.255,97.675,97.675,97.38,0,15890,97.415,225352,0,0,"0000-00-00",0
"2025-12-05","CRAH27","CRA","CRA","CRA",0,"2027-06-16",0,1,97.31,97.32,51,48,0,93937,0,-0.275,97.59,97.59,97.28,0,11685,97.315,142719,0,0,"0000-00-00",0
"2025-12-05","CRAM27","CRA","CRA","CRA",0,"2027-09-15",0,1,97.24,97.245,24,52,0,60788,0,-0.27,97.51,97.51,97.205,0,8213,97.235,71180,0,0,"0000-00-00",0
"2025-12-05","CRAU27","CRA","CRA","CRA",0,"2027-12-15",0,1,97.18,97.185,26,27,0,40915,0,-0.26,97.445,97.445,97.15,0,8032,97.175,44011,0,0,"0000-00-00",0
"2025-12-05","CRAZ27","CRA","CRA","CRA",0,"2028-03-15",0,1,97.125,97.14,5,5,0,26533,0,-0.25,97.39,97.39,97.1,0,4941,97.13,25260,0,0,"0000-00-00",0
"2025-12-05","CRAH28","CRA","CRA","CRA",0,"2028-06-21",0,1,97.1,0,45,0,0,6571,0,-0.235,97.34,97.34,97.05,0,1789,97.1,3734,0,0,"0000-00-00",0
"2025-12-05","CRAM28","CRA","CRA","CRA",0,"2028-09-20",0,1,0,0,0,0,0,248,0,-0.22,97.105,97.105,97.01,0,19,97.075,755,0,0,"2025-09-17",0
"2025-12-08","CRAU25","CRA","CRA","CRA",0,"2025-12-17",0,1,97.5975,97.6,9287,772,0,429,0,-0.0025,97.5975,97.6,97.5975,0,13,97.6,245014,0,0,"0000-00-00",0
"2025-12-08","CRAZ25","CRA","CRA","CRA",0,"2026-03-18",0,1,97.76,97.765,2424,2239,0,49424,0,0.005,97.75,97.765,97.745,0,1134,97.76,245886,0,0,"0000-00-00",0
"2025-12-08","CRAH26","CRA","CRA","CRA",0,"2026-06-17",0,1,97.73,97.735,727,1968,0,73302,0,0.01,97.72,97.735,97.69,0,7598,97.73,265117,0,0,"0000-00-00",0
"2025-12-08","CRAM26","CRA","CRA","CRA",0,"2026-09-16",0,1,97.67,97.675,53,86,0,132474,0,0.02,97.65,97.675,97.59,0,9257,97.66,317717,0,0,"0000-00-00",0
"2025-12-08","CRAU26","CRA","CRA","CRA",0,"2026-12-16",0,1,97.54,97.55,46,106,0,127149,0,0.01,97.53,97.55,97.45,0,8581,97.525,241259,0,0,"0000-00-00",0
"2025-12-08","CRAZ26","CRA","CRA","CRA",0,"2027-03-17",0,1,97.405,97.41,100,18,0,79914,0,-0.005,97.405,97.415,97.315,0,7026,97.39,245345,0,0,"0000-00-00",0
"2025-12-08","CRAH27","CRA","CRA","CRA",0,"2027-06-16",0,1,97.29,97.3,23,26,0,43978,0,-0.02,97.3,97.31,97.2,0,4230,97.275,143880,0,0,"0000-00-00",0
"2025-12-08","CRAM27","CRA","CRA","CRA",0,"2027-09-15",0,1,97.215,97.22,36,14,0,26359,0,-0.015,97.225,97.23,97.12,0,3218,97.2,73662,0,0,"0000-00-00",0
"2025-12-08","CRAU27","CRA","CRA","CRA",0,"2027-12-15",0,1,97.16,97.17,20,22,0,26015,0,-0.01,97.17,97.17,97.07,0,2696,97.145,49321,0,0,"0000-00-00",0
"2025-12-08","CRAZ27","CRA","CRA","CRA",0,"2028-03-15",0,1,0,97.585,0,2,0,25220,0,0,97.12,97.13,97.04,0,2314,97.105,28229,0,0,"0000-00-00",0
"2025-12-08","CRAH28","CRA","CRA","CRA",0,"2028-06-21",0,1,0,0,0,0,0,2747,0,-0.01,97.09,97.09,97.01,0,381,97.075,4398,0,0,"0000-00-00",0
"2025-12-08","CRAM28","CRA","CRA","CRA",0,"2028-09-20",0,1,97,97.09,19,4,0,46,0,-0.08,97.04,97.07,96.995,0,16,97.05,819,0,0,"2025-09-17",0
"2025-12-09","CRAU25","CRA","CRA","CRA",0,"2025-12-17",0,1,97.5975,97.6,9501,223,0,15,0,-0.0025,97.5975,97.5975,97.5975,0,4,97.6,245154,0,0,"0000-00-00",0
"2025-12-09","CRAZ25","CRA","CRA","CRA",0,"2026-03-18",0,1,97.755,97.76,3451,3404,0,21684,0,-0.005,97.76,97.765,97.75,0,810,97.755,240780,0,0,"0000-00-00",0
"2025-12-09","CRAH26","CRA","CRA","CRA",0,"2026-06-17",0,1,97.7,97.705,540,572,0,44370,0,-0.03,97.73,97.73,97.7,0,3646,97.7,285557,0,0,"0000-00-00",0
"2025-12-09","CRAM26","CRA","CRA","CRA",0,"2026-09-16",0,1,97.615,97.625,635,607,0,71685,0,-0.04,97.665,97.665,97.61,0,5123,97.62,304311,0,0,"0000-00-00",0
"2025-12-09","CRAU26","CRA","CRA","CRA",0,"2026-12-16",0,1,97.48,97.485,77,37,0,64898,0,-0.04,97.535,97.54,97.475,0,4206,97.48,274393,0,0,"0000-00-00",0
"2025-12-09","CRAZ26","CRA","CRA","CRA",0,"2027-03-17",0,1,97.335,97.34,1149,656,0,42006,0,-0.05,97.405,97.405,97.335,0,3745,97.34,269838,0,0,"0000-00-00",0
"2025-12-09","CRAH27","CRA","CRA","CRA",0,"2027-06-16",0,1,97.215,97.22,15,10,0,25841,0,-0.055,97.285,97.3,97.215,0,2986,97.225,142329,0,0,"0000-00-00",0
"2025-12-09","CRAM27","CRA","CRA","CRA",0,"2027-09-15",0,1,97.14,97.145,11,7,0,25925,0,-0.055,97.205,97.23,97.135,0,2518,97.145,74769,0,0,"0000-00-00",0
"2025-12-09","CRAU27","CRA","CRA","CRA",0,"2027-12-15",0,1,97.085,97.095,2,4,0,9917,0,-0.05,97.155,97.18,97.085,0,1497,97.09,52102,0,0,"0000-00-00",0
"2025-12-09","CRAZ27","CRA","CRA","CRA",0,"2028-03-15",0,1,0,97.055,0,7,0,6039,0,-0.05,97.115,97.14,97.05,0,1091,97.05,31679,0,0,"0000-00-00",0
"2025-12-09","CRAH28","CRA","CRA","CRA",0,"2028-06-21",0,1,0,0,0,0,0,1791,0,-0.06,97.075,97.105,97.005,0,204,97.01,4971,0,0,"0000-00-00",0
"2025-12-09","CRAM28","CRA","CRA","CRA",0,"2028-09-20",0,1,0,0,0,0,0,184,0,0,0,0,0,0,11,96.98,838,0,0,"2025-09-17",0
"2025-12-10","CRAU25","CRA","CRA","CRA",0,"2025-12-17",0,1,97.5975,97.6,8967,2464,0,556,0,-0.0025,97.5975,97.6,97.5975,0,34,97.5975,245138,0,0,"0000-00-00",0
"2025-12-10","CRAZ25","CRA","CRA","CRA",0,"2026-03-18",0,1,97.755,97.76,1421,6937,0,55208,0,0,97.755,97.76,97.75,0,2009,97.75,234273,0,0,"0000-00-00",0
"2025-12-10","CRAH26","CRA","CRA","CRA",0,"2026-06-17",0,1,97.73,97.735,398,1738,0,80414,0,0.035,97.705,97.735,97.695,0,6158,97.725,251020,0,0,"0000-00-00",0
"2025-12-10","CRAM26","CRA","CRA","CRA",0,"2026-09-16",0,1,97.67,97.675,111,66,0,74183,0,0.055,97.625,97.68,97.6,0,7014,97.66,274064,0,0,"0000-00-00",0
"2025-12-10","CRAU26","CRA","CRA","CRA",0,"2026-12-16",0,1,97.545,97.55,135,254,0,74530,0,0.07,97.485,97.55,97.455,0,5686,97.53,211566,0,0,"0000-00-00",0
"2025-12-10","CRAZ26","CRA","CRA","CRA",0,"2027-03-17",0,1,97.415,97.42,230,47,0,77017,0,0.08,97.34,97.42,97.305,0,5320,97.395,214074,0,0,"0000-00-00",0
"2025-12-10","CRAH27","CRA","CRA","CRA",0,"2027-06-16",0,1,97.295,97.305,36,48,0,49340,0,0.07,97.22,97.305,97.185,0,4469,97.275,140982,0,0,"0000-00-00",0
"2025-12-10","CRAM27","CRA","CRA","CRA",0,"2027-09-15",0,1,97.215,97.22,72,36,0,28173,0,0.07,97.15,97.22,97.11,0,3010,97.195,73863,0,0,"0000-00-00",0
"2025-12-10","CRAU27","CRA","CRA","CRA",0,"2027-12-15",0,1,97.155,97.16,26,46,0,16758,0,0.065,97.095,97.16,97.055,0,2478,97.135,50128,0,0,"0000-00-00",0
"2025-12-10","CRAZ27","CRA","CRA","CRA",0,"2028-03-15",0,1,0,97.585,0,2,0,10015,0,0.055,97.055,97.11,97.02,0,1285,97.09,30872,0,0,"0000-00-00",0
"2025-12-10","CRAH28","CRA","CRA","CRA",0,"2028-06-21",0,1,0,0,0,0,0,2486,0,0.055,97.01,97.07,96.985,0,337,97.05,5008,0,0,"0000-00-00",0
"2025-12-10","CRAM28","CRA","CRA","CRA",0,"2028-09-20",0,1,0,0,0,0,0,115,0,-0.005,96.99,96.99,96.975,0,24,97.02,737,0,0,"2025-09-17",0
"2025-12-11","CRAU25","CRA","CRA","CRA",0,"2025-12-17",0,1,97.5975,97.6,9380,2179,0,47,0,0,97.5975,97.6,97.5975,0,46,97.5975,245098,0,0,"0000-00-00",0
"2025-12-11","CRAZ25","CRA","CRA","CRA",0,"2026-03-18",0,1,97.755,97.76,7746,4916,0,6025,0,0.005,97.755,97.76,97.75,0,244,97.755,230241,0,0,"0000-00-00",0
"2025-12-11","CRAH26","CRA","CRA","CRA",0,"2026-06-17",0,1,97.725,97.73,447,899,0,20947,0,0.005,97.735,97.735,97.725,0,1498,97.725,240704,0,0,"0000-00-00",0
"2025-12-11","CRAM26","CRA","CRA","CRA",0,"2026-09-16",0,1,97.675,97.68,88,80,0,11104,0,0.015,97.695,97.695,97.665,0,1844,97.675,269942,0,0,"0000-00-00",0
"2025-12-11","CRAU26","CRA","CRA","CRA",0,"2026-12-16",0,1,97.55,97.555,45,65,0,20081,0,0.02,97.555,97.555,97.535,0,1932,97.55,209341,0,0,"0000-00-00",0
"2025-12-11","CRAZ26","CRA","CRA","CRA",0,"2027-03-17",0,1,97.42,97.425,63,165,0,20624,0,0.025,97.435,97.435,97.405,0,1392,97.425,228374,0,0,"0000-00-00",0
"2025-12-11","CRAH27","CRA","CRA","CRA",0,"2027-06-16",0,1,97.305,97.31,14,19,0,12556,0,0.035,97.31,97.315,97.29,0,1245,97.31,144543,0,0,"0000-00-00",0
"2025-12-11","CRAM27","CRA","CRA","CRA",0,"2027-09-15",0,1,97.225,97.23,4,9,0,7307,0,0.03,97.235,97.24,97.21,0,631,97.23,72359,0,0,"0000-00-00",0
"2025-12-11","CRAU27","CRA","CRA","CRA",0,"2027-12-15",0,1,0,97.18,0,6,0,4065,0,0.035,97.195,97.195,97.15,0,452,97.175,51470,0,0,"0000-00-00",0
"2025-12-11","CRAZ27","CRA","CRA","CRA",0,"2028-03-15",0,1,97.12,97.13,4,3,0,1877,0,0.035,97.135,97.135,97.11,0,203,97.13,31659,0,0,"0000-00-00",0
"2025-12-11","CRAH28","CRA","CRA","CRA",0,"2028-06-21",0,1,0,0,0,0,0,201,0,0.045,97.09,97.095,97.085,0,37,97.09,5615,0,0,"0000-00-00",0
"2025-12-11","CRAM28","CRA","CRA","CRA",0,"2028-09-20",0,1,0,0,0,0,0,0,0,0,0,0,0,0,0,97.06,739,0,0,"2025-09-17",0
"2025-12-12","CRAU25","CRA","CRA","CRA",0,"2025-12-17",0,1,97.5975,97.6,9404,1669,0,550,0,0.0025,97.5975,97.6,97.5975,0,36,97.6,244845,0,0,"0000-00-00",0
"2025-12-12","CRAZ25","CRA","CRA","CRA",0,"2026-03-18",0,1,97.755,97.76,5075,6539,0,11101,0,0,97.755,97.76,97.755,0,450,97.76,211686,0,0,"0000-00-00",0
"2025-12-12","CRAH26","CRA","CRA","CRA",0,"2026-06-17",0,1,97.725,97.735,554,2379,0,28447,0,0.005,97.725,97.735,97.72,0,4035,97.73,225934,0,0,"0000-00-00",0
"2025-12-12","CRAM26","CRA","CRA","CRA",0,"2026-09-16",0,1,97.68,97.685,68,72,0,27287,0,0.01,97.675,97.69,97.655,0,2885,97.68,267251,0,0,"0000-00-00",0
"2025-12-12","CRAU26","CRA","CRA","CRA",0,"2026-12-16",0,1,97.555,97.565,54,48,0,39346,0,0.01,97.55,97.575,97.53,0,3723,97.56,204213,0,0,"0000-00-00",0
"2025-12-12","CRAZ26","CRA","CRA","CRA",0,"2027-03-17",0,1,97.44,97.445,59,55,0,21333,0,0.02,97.42,97.455,97.4,0,2218,97.44,227919,0,0,"0000-00-00",0
"2025-12-12","CRAH27","CRA","CRA","CRA",0,"2027-06-16",0,1,97.325,97.33,9,41,0,12286,0,0.02,97.3,97.335,97.28,0,1623,97.325,146895,0,0,"0000-00-00",0
"2025-12-12","CRAM27","CRA","CRA","CRA",0,"2027-09-15",0,1,97.245,97.255,36,39,0,10041,0,0.02,97.22,97.265,97.2,0,1215,97.245,71540,0,0,"0000-00-00",0
"2025-12-12","CRAU27","CRA","CRA","CRA",0,"2027-12-15",0,1,97.19,97.2,30,35,0,7387,0,0.025,97.17,97.205,97.14,0,957,97.19,51527,0,0,"0000-00-00",0
"2025-12-12","CRAZ27","CRA","CRA","CRA",0,"2028-03-15",0,1,97.14,97.15,11,8,0,2932,0,0.015,97.095,97.15,97.095,0,411,97.14,31849,0,0,"0000-00-00",0
"2025-12-12","CRAH28","CRA","CRA","CRA",0,"2028-06-21",0,1,0,0,0,0,0,682,0,0.015,97.075,97.105,97.06,0,103,97.1,5743,0,0,"0000-00-00",0
"2025-12-12","CRAM28","CRA","CRA","CRA",0,"2028-09-20",0,1,0,0,0,0,0,0,0,0,0,0,0,0,0,97.07,739,0,0,"2025-09-17",0
"2025-12-15","CRAU25","CRA","CRA","CRA",0,"2025-12-17",0,1,97.5975,97.6,8970,3375,0,1003,0,-0.0025,97.5975,97.6,97.5975,0,17,97.6,244834,0,0,"0000-00-00",0
"2025-12-15","CRAZ25","CRA","CRA","CRA",0,"2026-03-18",0,1,97.745,97.75,4007,1031,0,40965,0,-0.01,97.755,97.765,97.745,0,957,97.75,211394,0,0,"0000-00-00",0
"2025-12-15","CRAH26","CRA","CRA","CRA",0,"2026-06-17",0,1,97.735,97.74,607,413,0,43857,0,0.01,97.73,97.765,97.725,0,4408,97.735,232022,0,0,"0000-00-00",0
"2025-12-15","CRAM26","CRA","CRA","CRA",0,"2026-09-16",0,1,97.695,97.7,276,148,0,49102,0,0.02,97.68,97.725,97.68,0,4888,97.695,266804,0,0,"0000-00-00",0
"2025-12-15","CRAU26","CRA","CRA","CRA",0,"2026-12-16",0,1,97.59,97.595,41,299,0,34427,0,0.03,97.57,97.615,97.56,0,2882,97.59,204891,0,0,"0000-00-00",0
"2025-12-15","CRAZ26","CRA","CRA","CRA",0,"2027-03-17",0,1,97.475,97.48,339,28,0,39515,0,0.04,97.45,97.495,97.44,0,2827,97.48,224811,0,0,"0000-00-00",0
"2025-12-15","CRAH27","CRA","CRA","CRA",0,"2027-06-16",0,1,97.365,97.405,29,9,0,18209,0,0.045,97.34,97.385,97.33,0,2427,97.37,147095,0,0,"0000-00-00",0
"2025-12-15","CRAM27","CRA","CRA","CRA",0,"2027-09-15",0,1,97.285,97.295,38,54,0,13975,0,0.045,97.26,97.31,97.255,0,1523,97.29,73044,0,0,"0000-00-00",0
"2025-12-15","CRAU27","CRA","CRA","CRA",0,"2027-12-15",0,1,97.23,97.24,88,16,0,12330,0,0.045,97.21,97.25,97.2,0,1380,97.23,52663,0,0,"0000-00-00",0
"2025-12-15","CRAZ27","CRA","CRA","CRA",0,"2028-03-15",0,1,97.18,97.185,36,18,0,6576,0,0.045,97.16,97.205,97.155,0,764,97.18,33050,0,0,"0000-00-00",0
"2025-12-15","CRAH28","CRA","CRA","CRA",0,"2028-06-21",0,1,0,0,0,0,0,1212,0,0.045,97.12,97.155,97.115,0,169,97.14,5912,0,0,"0000-00-00",0
"2025-12-15","CRAM28","CRA","CRA","CRA",0,"2028-09-20",0,1,97.06,0,61,0,0,197,0,0.025,97.09,97.095,97.09,0,26,97.1,739,0,0,"2025-09-17",0
"2025-12-16","CRAU25","CRA","CRA","CRA",0,"2025-12-17",0,1,0,0,0,0,97.5975,561,97.6,-0.0025,97.6,97.6,97.5975,54750,25,97.6,243850,0,0,"0000-00-00",0
"2025-12-16","CRAZ25","CRA","CRA","CRA",0,"2026-03-18",0,1,97.745,97.75,3198,385,0,11006,0,0,97.75,97.75,97.745,0,301,97.75,200375,0,0,"0000-00-00",0
"2025-12-16","CRAH26","CRA","CRA","CRA",0,"2026-06-17",0,1,97.725,97.73,584,40,97.73,27124,97.735,-0.005,97.74,97.74,97.72,2648798,3407,97.735,223269,0,0,"0000-00-00",0
"2025-12-16","CRAM26","CRA","CRA","CRA",0,"2026-09-16",0,1,97.685,97.69,364,69,97.69,27361,97.695,-0.005,97.705,97.71,97.67,2671123,3331,97.695,264318,0,0,"0000-00-00",0
"2025-12-16","CRAU26","CRA","CRA","CRA",0,"2026-12-16",0,1,97.59,97.595,114,98,97.59,31184,97.59,0,97.6,97.615,97.57,3041251,4119,97.6,201727,0,0,"0000-00-00",0
"2025-12-16","CRAZ26","CRA","CRA","CRA",0,"2027-03-17",0,1,97.475,97.485,137,389,97.48,34090,97.48,0,97.49,97.505,97.46,3321229,3628,97.49,226665,0,0,"0000-00-00",0
"2025-12-16","CRAH27","CRA","CRA","CRA",0,"2027-06-16",0,1,97.37,97.375,170,47,97.375,21860,97.37,0.005,97.375,97.4,97.35,2127264,3001,97.385,145379,0,0,"0000-00-00",0
"2025-12-16","CRAM27","CRA","CRA","CRA",0,"2027-09-15",0,1,97.3,97.305,44,51,97.305,13265,97.29,0.015,97.3,97.32,97.275,1289957,1614,97.31,73350,0,0,"0000-00-00",0
"2025-12-16","CRAU27","CRA","CRA","CRA",0,"2027-12-15",0,1,97.24,97.25,241,44,97.245,9043,97.23,0.015,97.245,97.26,97.215,878741,1540,97.25,53806,0,0,"0000-00-00",0
"2025-12-16","CRAZ27","CRA","CRA","CRA",0,"2028-03-15",0,1,97.195,97.2,14,16,97.195,6341,97.18,0.015,97.19,97.21,97.165,615907,969,97.2,34682,0,0,"0000-00-00",0
"2025-12-16","CRAH28","CRA","CRA","CRA",0,"2028-06-21",0,1,97.14,0,13,0,97.145,2558,97.14,0.005,97.15,97.16,97.12,248405,266,97.155,6260,0,0,"0000-00-00",0
"2025-12-16","CRAM28","CRA","CRA","CRA",0,"2028-09-20",0,1,97.1,0,25,0,97.105,150,97.1,0.005,97.105,97.105,97.105,14561,10,97.115,776,0,0,"2025-09-17",0
"2025-12-17","CRAU25","CRA","CRA","CRA",0,"2025-12-17",0,1,0,0,0,0,0,0,0,0,0,0,0,0,0,97.6,243850,0,0,"0000-00-00",0
"2025-12-17","CRAZ25","CRA","CRA","CRA",0,"2026-03-18",0,1,97.745,97.7475,1774,409,0,9694,0,-0.0025,97.7475,97.7525,97.745,0,438,97.7475,195962,0,0,"0000-00-00",0
"2025-12-17","CRAH26","CRA","CRA","CRA",0,"2026-06-17",0,1,97.725,97.73,1456,1525,0,22120,0,-0.01,97.725,97.735,97.72,0,3070,97.725,213164,0,0,"0000-00-00",0
"2025-12-17","CRAM26","CRA","CRA","CRA",0,"2026-09-16",0,1,97.68,97.685,169,101,0,21118,0,-0.01,97.69,97.7,97.675,0,3295,97.685,257066,0,0,"0000-00-00",0
"2025-12-17","CRAU26","CRA","CRA","CRA",0,"2026-12-16",0,1,97.58,97.59,138,95,0,25082,0,-0.01,97.59,97.605,97.575,0,3287,97.59,198823,0,0,"0000-00-00",0
"2025-12-17","CRAZ26","CRA","CRA","CRA",0,"2027-03-17",0,1,97.47,97.48,152,302,0,18666,0,-0.02,97.475,97.49,97.465,0,2686,97.485,212587,0,0,"0000-00-00",0
"2025-12-17","CRAH27","CRA","CRA","CRA",0,"2027-06-16",0,1,97.37,97.375,32,38,0,20984,0,-0.01,97.37,97.385,97.355,0,2452,97.38,144883,0,0,"0000-00-00",0
"2025-12-17","CRAM27","CRA","CRA","CRA",0,"2027-09-15",0,1,97.29,97.295,34,42,0,13356,0,-0.02,97.3,97.315,97.28,0,1408,97.305,75608,0,0,"0000-00-00",0
"2025-12-17","CRAU27","CRA","CRA","CRA",0,"2027-12-15",0,1,97.23,97.235,49,28,0,10666,0,-0.015,97.24,97.26,97.215,0,1212,97.245,54383,0,0,"0000-00-00",0
"2025-12-17","CRAZ27","CRA","CRA","CRA",0,"2028-03-15",0,1,97.175,97.18,9,46,0,9673,0,-0.025,97.19,97.205,97.16,0,974,97.19,36553,0,0,"0000-00-00",0
"2025-12-17","CRAH28","CRA","CRA","CRA",0,"2028-06-21",0,1,0,97.135,0,6,0,1781,0,-0.02,97.15,97.15,97.105,0,225,97.145,7482,0,0,"0000-00-00",0
"2025-12-17","CRAM28","CRA","CRA","CRA",0,"2028-09-20",0,1,0,97.095,0,6,0,432,0,-0.02,97.08,97.095,97.08,0,45,97.105,776,0,0,"2025-09-17",0
"2025-12-18","CRAZ25","CRA","CRA","CRA",0,"2026-03-18",0,1,97.74,97.745,2697,1129,97.745,10033,97.7475,-0.0025,97.75,97.75,97.74,980547,223,97.7425,194292,0,0,"0000-00-00",0
"2025-12-18","CRAH26","CRA","CRA","CRA",0,"2026-06-17",0,1,97.725,97.73,763,1054,97.725,12487,97.725,0,97.725,97.735,97.725,1219238,1736,97.725,205994,0,0,"0000-00-00",0
"2025-12-18","CRAM26","CRA","CRA","CRA",0,"2026-09-16",0,1,97.685,97.69,318,894,97.69,11563,97.685,0.005,97.685,97.7,97.685,1128148,2546,97.685,254477,0,0,"0000-00-00",0
"2025-12-18","CRAU26","CRA","CRA","CRA",0,"2026-12-16",0,1,97.59,97.595,115,148,97.59,19816,97.59,0,97.59,97.605,97.59,1932890,2250,97.59,198758,0,0,"0000-00-00",0
"2025-12-18","CRAZ26","CRA","CRA","CRA",0,"2027-03-17",0,1,97.48,97.49,436,219,97.485,26291,97.485,0,97.475,97.5,97.475,2561271,2926,97.485,211534,0,0,"0000-00-00",0
"2025-12-18","CRAH27","CRA","CRA","CRA",0,"2027-06-16",0,1,97.375,97.38,98,364,97.38,12950,97.38,0,97.37,97.4,97.37,1260181,1860,97.385,143919,0,0,"0000-00-00",0
"2025-12-18","CRAM27","CRA","CRA","CRA",0,"2027-09-15",0,1,97.3,97.305,43,49,97.305,9583,97.305,0,97.295,97.325,97.295,931870,1392,97.31,73960,0,0,"0000-00-00",0
"2025-12-18","CRAU27","CRA","CRA","CRA",0,"2027-12-15",0,1,97.235,97.245,60,120,97.24,7761,97.245,-0.005,97.24,97.265,97.23,754299,1266,97.25,54208,0,0,"0000-00-00",0
"2025-12-18","CRAZ27","CRA","CRA","CRA",0,"2028-03-15",0,1,97.185,97.195,20,25,97.19,10027,97.19,0,97.18,97.21,97.175,974070,1319,97.195,40586,0,0,"0000-00-00",0
"2025-12-18","CRAH28","CRA","CRA","CRA",0,"2028-06-21",0,1,97.145,97.15,59,8,97.15,3723,97.145,0.005,97.145,97.165,97.125,361557,361,97.15,8636,0,0,"0000-00-00",0
"2025-12-18","CRAM28","CRA","CRA","CRA",0,"2028-09-20",0,1,0,0,0,0,97.115,130,97.105,0.01,97.11,97.115,97.11,12618,13,97.11,1042,0,0,"2025-09-17",0
"2025-12-18","CRAU28","CRA","CRA","CRA",0,"2028-12-20",0,1,0,0,0,0,0,0,0,0,0,0,0,0,0,97.06,0,0,0,"2025-12-17",0
"2025-12-19","CRAZ25","CRA","CRA","CRA",0,"2026-03-18",0,1,97.74,97.7425,1068,3,0,3820,0,0,97.74,97.745,97.74,0,124,97.7425,194358,0,0,"0000-00-00",0
"2025-12-19","CRAH26","CRA","CRA","CRA",0,"2026-06-17",0,1,97.715,97.72,348,180,0,14435,0,-0.01,97.725,97.735,97.715,0,2315,97.72,200345,0,0,"0000-00-00",0
"2025-12-19","CRAM26","CRA","CRA","CRA",0,"2026-09-16",0,1,97.675,97.685,72,68,0,16440,0,-0.005,97.685,97.69,97.665,0,1756,97.685,250328,0,0,"0000-00-00",0
"2025-12-19","CRAU26","CRA","CRA","CRA",0,"2026-12-16",0,1,97.575,97.58,49,68,0,25166,0,-0.01,97.585,97.59,97.56,0,1860,97.585,200946,0,0,"0000-00-00",0
"2025-12-19","CRAZ26","CRA","CRA","CRA",0,"2027-03-17",0,1,97.46,97.465,94,94,0,20784,0,-0.02,97.48,97.48,97.44,0,1805,97.47,206844,0,0,"0000-00-00",0
"2025-12-19","CRAH27","CRA","CRA","CRA",0,"2027-06-16",0,1,97.355,97.36,42,47,0,13770,0,-0.025,97.37,97.37,97.33,0,1805,97.365,142665,0,0,"0000-00-00",0
"2025-12-19","CRAM27","CRA","CRA","CRA",0,"2027-09-15",0,1,97.28,97.285,143,82,0,8500,0,-0.03,97.29,97.29,97.25,0,1136,97.285,72429,0,0,"0000-00-00",0
"2025-12-19","CRAU27","CRA","CRA","CRA",0,"2027-12-15",0,1,97.205,97.22,34,83,0,4222,0,-0.035,97.22,97.23,97.19,0,935,97.22,54104,0,0,"0000-00-00",0
"2025-12-19","CRAZ27","CRA","CRA","CRA",0,"2028-03-15",0,1,97.16,97.165,25,23,0,4837,0,-0.035,97.185,97.185,97.135,0,805,97.165,44502,0,0,"0000-00-00",0
"2025-12-19","CRAH28","CRA","CRA","CRA",0,"2028-06-21",0,1,0,0,0,0,0,187,0,-0.035,97.11,97.125,97.095,0,55,97.125,11618,0,0,"0000-00-00",0
"2025-12-19","CRAM28","CRA","CRA","CRA",0,"2028-09-20",0,1,97.075,0,72,0,0,6,0,0,0,0,0,0,6,97.09,1024,0,0,"2025-09-17",0
"2025-12-19","CRAU28","CRA","CRA","CRA",0,"2028-12-20",0,1,0,0,0,0,0,0,0,0,0,0,0,0,0,97.045,0,0,0,"2025-12-17",0
"2025-12-22","CRAZ25","CRA","CRA","CRA",0,"2026-03-18",0,1,97.745,97.7475,675,946,0,8776,0,0.005,97.74,97.7475,97.74,0,422,97.745,195225,0,0,"0000-00-00",0
"2025-12-22","CRAH26","CRA","CRA","CRA",0,"2026-06-17",0,1,97.715,97.72,1777,1252,0,8613,0,0,97.715,97.72,97.71,0,733,97.72,201029,0,0,"0000-00-00",0
"2025-12-22","CRAM26","CRA","CRA","CRA",0,"2026-09-16",0,1,97.68,97.685,547,253,0,12222,0,0,97.68,97.69,97.675,0,1728,97.685,251403,0,0,"0000-00-00",0
"2025-12-22","CRAU26","CRA","CRA","CRA",0,"2026-12-16",0,1,97.59,97.595,184,243,0,10980,0,0.01,97.57,97.595,97.57,0,1218,97.59,204599,0,0,"0000-00-00",0
"2025-12-22","CRAZ26","CRA","CRA","CRA",0,"2027-03-17",0,1,97.475,97.485,135,108,0,11928,0,0.015,97.455,97.485,97.45,0,1426,97.475,207523,0,0,"0000-00-00",0
"2025-12-22","CRAH27","CRA","CRA","CRA",0,"2027-06-16",0,1,97.375,97.38,41,50,0,6337,0,0.015,97.345,97.38,97.34,0,771,97.37,144355,0,0,"0000-00-00",0
"2025-12-22","CRAM27","CRA","CRA","CRA",0,"2027-09-15",0,1,97.29,97.3,42,112,0,4283,0,0.015,97.27,97.3,97.265,0,565,97.29,73813,0,0,"0000-00-00",0
"2025-12-22","CRAU27","CRA","CRA","CRA",0,"2027-12-15",0,1,97.23,97.24,32,37,0,2898,0,0.015,97.205,97.24,97.2,0,446,97.225,54452,0,0,"0000-00-00",0
"2025-12-22","CRAZ27","CRA","CRA","CRA",0,"2028-03-15",0,1,97.18,97.185,20,26,0,2201,0,0.015,97.14,97.185,97.14,0,336,97.17,44731,0,0,"0000-00-00",0
"2025-12-22","CRAH28","CRA","CRA","CRA",0,"2028-06-21",0,1,97.14,0,25,0,0,399,0,0.02,97.11,97.145,97.11,0,62,97.13,11608,0,0,"0000-00-00",0
"2025-12-22","CRAM28","CRA","CRA","CRA",0,"2028-09-20",0,1,97.095,0,65,0,0,181,0,0.015,97.075,97.105,97.075,0,16,97.095,1024,0,0,"2025-09-17",0
"2025-12-22","CRAU28","CRA","CRA","CRA",0,"2028-12-20",0,1,97.035,0,100,0,0,25,0,0,97.045,97.045,97.045,0,3,97.045,0,0,0,"2025-12-17",0
"2025-12-23","CRAZ25","CRA","CRA","CRA",0,"2026-03-18",0,1,97.7425,97.745,903,1876,0,3312,0,-0.0025,97.7475,97.7475,97.7425,0,92,97.7425,195732,0,0,"0000-00-00",0
"2025-12-23","CRAH26","CRA","CRA","CRA",0,"2026-06-17",0,1,97.715,97.72,2265,25,0,10346,0,0,97.72,97.725,97.715,0,751,97.72,199895,0,0,"0000-00-00",0
"2025-12-23","CRAM26","CRA","CRA","CRA",0,"2026-09-16",0,1,97.685,97.69,191,152,0,20201,0,0.005,97.69,97.695,97.68,0,2369,97.69,249701,0,0,"0000-00-00",0
"2025-12-23","CRAU26","CRA","CRA","CRA",0,"2026-12-16",0,1,97.61,97.615,24,225,0,20724,0,0.02,97.6,97.615,97.585,0,2174,97.61,202610,0,0,"0000-00-00",0
"2025-12-23","CRAZ26","CRA","CRA","CRA",0,"2027-03-17",0,1,97.505,97.51,61,95,0,21386,0,0.035,97.485,97.515,97.47,0,1919,97.505,207080,0,0,"0000-00-00",0
"2025-12-23","CRAH27","CRA","CRA","CRA",0,"2027-06-16",0,1,97.41,97.415,35,41,0,13568,0,0.04,97.385,97.415,97.37,0,1855,97.405,143744,0,0,"0000-00-00",0
"2025-12-23","CRAM27","CRA","CRA","CRA",0,"2027-09-15",0,1,97.335,97.34,23,52,0,10746,0,0.045,97.31,97.34,97.29,0,1291,97.33,73920,0,0,"0000-00-00",0
"2025-12-23","CRAU27","CRA","CRA","CRA",0,"2027-12-15",0,1,97.27,97.275,26,29,0,10312,0,0.05,97.25,97.275,97.23,0,1016,97.27,54826,0,0,"0000-00-00",0
"2025-12-23","CRAZ27","CRA","CRA","CRA",0,"2028-03-15",0,1,97.22,97.225,18,70,0,7407,0,0.05,97.19,97.23,97.175,0,848,97.215,45138,0,0,"0000-00-00",0
"2025-12-23","CRAH28","CRA","CRA","CRA",0,"2028-06-21",0,1,97.175,0,96,0,0,1699,0,0.05,97.16,97.18,97.13,0,187,97.175,11918,0,0,"0000-00-00",0
"2025-12-23","CRAM28","CRA","CRA","CRA",0,"2028-09-20",0,1,97.11,0,25,0,0,157,0,0.05,97.12,97.145,97.095,0,12,97.14,1119,0,0,"2025-09-17",0
"2025-12-23","CRAU28","CRA","CRA","CRA",0,"2028-12-20",0,1,0,0,0,0,0,0,0,0,0,0,0,0,0,97.09,25,0,0,"2025-12-17",0
"2025-12-24","CRAZ25","CRA","CRA","CRA",0,"2026-03-18",0,1,97.7375,97.7425,567,1479,97.74,4979,97.7425,-0.0025,97.745,97.745,97.7375,486617,63,97.74,196610,0,0,"0000-00-00",0
"2025-12-24","CRAH26","CRA","CRA","CRA",0,"2026-06-17",0,1,97.715,97.72,2085,25,97.715,3212,97.72,-0.005,97.72,97.725,97.715,313783,166,97.715,199184,0,0,"0000-00-00",0
"2025-12-24","CRAM26","CRA","CRA","CRA",0,"2026-09-16",0,1,97.69,97.695,156,122,97.69,4760,97.69,0,97.69,97.7,97.685,464766,519,97.695,250405,0,0,"0000-00-00",0
"2025-12-24","CRAU26","CRA","CRA","CRA",0,"2026-12-16",0,1,97.615,97.62,482,173,97.615,3649,97.61,0.005,97.615,97.625,97.6,355944,496,97.62,201730,0,0,"0000-00-00",0
"2025-12-24","CRAZ26","CRA","CRA","CRA",0,"2027-03-17",0,1,97.515,97.52,29,37,97.515,8204,97.505,0.01,97.505,97.525,97.5,799762,554,97.52,205543,0,0,"0000-00-00",0
"2025-12-24","CRAH27","CRA","CRA","CRA",0,"2027-06-16",0,1,97.415,0,2,0,97.42,3087,97.405,0.015,97.415,97.425,97.4,300492,451,97.42,144095,0,0,"0000-00-00",0
"2025-12-24","CRAM27","CRA","CRA","CRA",0,"2027-09-15",0,1,97.34,97.35,2,3,97.345,3356,97.33,0.015,97.35,97.355,97.33,326523,397,97.345,73951,0,0,"0000-00-00",0
"2025-12-24","CRAU27","CRA","CRA","CRA",0,"2027-12-15",0,1,97.275,97.285,4,2,97.285,1404,97.27,0.015,97.285,97.295,97.27,136466,260,97.285,53976,0,0,"0000-00-00",0
"2025-12-24","CRAZ27","CRA","CRA","CRA",0,"2028-03-15",0,1,97.225,97.235,4,27,97.23,1367,97.215,0.015,97.235,97.24,97.22,132813,233,97.23,46987,0,0,"0000-00-00",0
"2025-12-24","CRAH28","CRA","CRA","CRA",0,"2028-06-21",0,1,0,0,0,0,97.195,257,97.175,0.02,97.195,97.195,97.19,24961,39,97.19,12475,0,0,"0000-00-00",0
"2025-12-24","CRAM28","CRA","CRA","CRA",0,"2028-09-20",0,1,97.155,0,25,0,97.16,51,97.14,0.02,97.16,97.16,97.16,4951,13,97.155,1219,0,0,"2025-09-17",0
"2025-12-24","CRAU28","CRA","CRA","CRA",0,"2028-12-20",0,1,0,0,0,0,0,0,0,0,0,0,0,0,0,97.105,25,0,0,"2025-12-17",0
"2025-12-29","CRAZ25","CRA","CRA","CRA",0,"2026-03-18",0,1,97.7375,97.74,1308,2029,0,793,0,0,97.7425,97.7425,97.7375,0,151,97.7375,195476,0,0,"0000-00-00",0
"2025-12-29","CRAH26","CRA","CRA","CRA",0,"2026-06-17",0,1,97.72,97.725,737,245,0,7217,0,0.01,97.72,97.725,97.72,0,737,97.725,197765,0,0,"0000-00-00",0
"2025-12-29","CRAM26","CRA","CRA","CRA",0,"2026-09-16",0,1,97.695,97.7,273,96,0,9031,0,0.005,97.695,97.705,97.695,0,2018,97.7,248101,0,0,"0000-00-00",0
"2025-12-29","CRAU26","CRA","CRA","CRA",0,"2026-12-16",0,1,97.62,97.625,83,123,0,15467,0,0,97.625,97.63,97.62,0,1318,97.625,200458,0,0,"0000-00-00",0
"2025-12-29","CRAZ26","CRA","CRA","CRA",0,"2027-03-17",0,1,97.52,97.525,404,103,0,11423,0,0.005,97.52,97.53,97.515,0,1188,97.53,201024,0,0,"0000-00-00",0
"2025-12-29","CRAH27","CRA","CRA","CRA",0,"2027-06-16",0,1,97.425,97.43,27,27,0,9023,0,0.01,97.42,97.435,97.42,0,1548,97.43,143247,0,0,"0000-00-00",0
"2025-12-29","CRAM27","CRA","CRA","CRA",0,"2027-09-15",0,1,97.35,97.355,30,36,0,3136,0,0.005,97.345,97.365,97.345,0,592,97.355,74670,0,0,"0000-00-00",0
"2025-12-29","CRAU27","CRA","CRA","CRA",0,"2027-12-15",0,1,97.285,97.29,26,28,0,3908,0,0.005,97.285,97.3,97.28,0,700,97.295,54253,0,0,"0000-00-00",0
"2025-12-29","CRAZ27","CRA","CRA","CRA",0,"2028-03-15",0,1,97.23,97.24,22,19,0,3499,0,0.005,97.23,97.245,97.225,0,698,97.24,47396,0,0,"0000-00-00",0
"2025-12-29","CRAH28","CRA","CRA","CRA",0,"2028-06-21",0,1,97.195,0,34,0,0,215,0,0.005,97.19,97.205,97.19,0,59,97.2,12667,0,0,"0000-00-00",0
"2025-12-29","CRAM28","CRA","CRA","CRA",0,"2028-09-20",0,1,97.16,0,13,0,0,144,0,0.005,97.17,97.17,97.16,0,25,97.165,1269,0,0,"2025-09-17",0
"2025-12-29","CRAU28","CRA","CRA","CRA",0,"2028-12-20",0,1,0,0,0,0,0,0,0,0,0,0,0,0,0,97.115,25,0,0,"2025-12-17",0
"2025-12-30","CRAZ25","CRA","CRA","CRA",0,"2026-03-18",0,1,97.735,97.7375,1683,201,0,3799,0,0,97.74,97.74,97.7375,0,102,97.7375,195274,0,0,"0000-00-00",0
"2025-12-30","CRAH26","CRA","CRA","CRA",0,"2026-06-17",0,1,97.715,97.72,287,919,0,9190,0,-0.01,97.725,97.725,97.71,0,651,97.71,197063,0,0,"0000-00-00",0
"2025-12-30","CRAM26","CRA","CRA","CRA",0,"2026-09-16",0,1,97.68,97.685,181,71,0,9792,0,-0.015,97.695,97.695,97.68,0,1194,97.68,250495,0,0,"0000-00-00",0
"2025-12-30","CRAU26","CRA","CRA","CRA",0,"2026-12-16",0,1,97.605,97.61,284,104,0,10661,0,-0.015,97.625,97.63,97.6,0,945,97.605,201449,0,0,"0000-00-00",0
"2025-12-30","CRAZ26","CRA","CRA","CRA",0,"2027-03-17",0,1,97.51,97.515,72,113,0,13774,0,-0.025,97.52,97.52,97.5,0,1241,97.505,200634,0,0,"0000-00-00",0
"2025-12-30","CRAH27","CRA","CRA","CRA",0,"2027-06-16",0,1,97.41,97.415,48,140,0,9567,0,-0.02,97.43,97.43,97.4,0,965,97.405,145832,0,0,"0000-00-00",0
"2025-12-30","CRAM27","CRA","CRA","CRA",0,"2027-09-15",0,1,97.33,97.335,32,35,0,7465,0,-0.025,97.355,97.355,97.32,0,781,97.33,75744,0,0,"0000-00-00",0
"2025-12-30","CRAU27","CRA","CRA","CRA",0,"2027-12-15",0,1,97.265,97.275,27,36,0,5153,0,-0.03,97.295,97.295,97.255,0,697,97.265,56196,0,0,"0000-00-00",0
"2025-12-30","CRAZ27","CRA","CRA","CRA",0,"2028-03-15",0,1,97.21,97.215,24,20,0,5349,0,-0.035,97.23,97.235,97.2,0,739,97.205,48912,0,0,"0000-00-00",0
"2025-12-30","CRAH28","CRA","CRA","CRA",0,"2028-06-21",0,1,0,0,0,0,0,1415,0,-0.03,97.185,97.185,97.16,0,138,97.16,12804,0,0,"0000-00-00",0
"2025-12-30","CRAM28","CRA","CRA","CRA",0,"2028-09-20",0,1,97.13,0,14,0,0,398,0,-0.035,97.135,97.14,97.12,0,29,97.13,1406,0,0,"2025-09-17",0
"2025-12-30","CRAU28","CRA","CRA","CRA",0,"2028-12-20",0,1,97.095,0,25,0,0,0,0,0,0,0,0,0,0,97.095,25,0,0,"2025-12-17",0
"2025-12-31","CRAZ25","CRA","CRA","CRA",0,"2026-03-18",0,1,97.7375,97.74,1931,964,0,3840,0,0.0025,97.735,97.74,97.735,0,71,97.74,195065,0,0,"0000-00-00",0
"2025-12-31","CRAH26","CRA","CRA","CRA",0,"2026-06-17",0,1,97.71,97.715,1430,576,0,8262,0,0,97.715,97.72,97.71,0,588,97.715,198400,0,0,"0000-00-00",0
"2025-12-31","CRAM26","CRA","CRA","CRA",0,"2026-09-16",0,1,97.68,97.685,372,440,0,12201,0,0.005,97.69,97.695,97.68,0,1878,97.685,250954,0,0,"0000-00-00",0
"2025-12-31","CRAU26","CRA","CRA","CRA",0,"2026-12-16",0,1,97.605,97.61,325,250,0,11606,0,0.005,97.61,97.62,97.605,0,1101,97.61,197953,0,0,"0000-00-00",0
"2025-12-31","CRAZ26","CRA","CRA","CRA",0,"2027-03-17",0,1,97.505,97.51,166,156,0,12533,0,0.005,97.515,97.52,97.5,0,1180,97.515,200995,0,0,"0000-00-00",0
"2025-12-31","CRAH27","CRA","CRA","CRA",0,"2027-06-16",0,1,97.405,97.41,97,67,0,7315,0,0.005,97.415,97.42,97.405,0,913,97.415,143904,0,0,"0000-00-00",0
"2025-12-31","CRAM27","CRA","CRA","CRA",0,"2027-09-15",0,1,97.325,97.33,80,76,0,5598,0,0,97.335,97.345,97.32,0,700,97.335,74795,0,0,"0000-00-00",0
"2025-12-31","CRAU27","CRA","CRA","CRA",0,"2027-12-15",0,1,97.255,97.26,58,16,0,4095,0,-0.005,97.27,97.28,97.255,0,639,97.27,55304,0,0,"0000-00-00",0
"2025-12-31","CRAZ27","CRA","CRA","CRA",0,"2028-03-15",0,1,97.195,97.205,38,37,0,1666,0,-0.005,97.21,97.225,97.195,0,340,97.21,48105,0,0,"0000-00-00",0
"2025-12-31","CRAH28","CRA","CRA","CRA",0,"2028-06-21",0,1,97.15,97.16,15,5,0,215,0,0.01,97.18,97.18,97.15,0,35,97.165,13812,0,0,"0000-00-00",0
"2025-12-31","CRAM28","CRA","CRA","CRA",0,"2028-09-20",0,1,0,0,0,0,0,65,0,0,97.12,97.13,97.115,0,16,97.13,1728,0,0,"2025-09-17",0
"2025-12-31","CRAU28","CRA","CRA","CRA",0,"2028-12-20",0,1,97.045,0,1,0,0,0,0,0,0,0,0,0,0,97.095,25,0,0,"2025-12-17",0
"2026-01-02","CRAZ25","CRA","CRA","CRA",0,"2026-03-18",0,1,97.7375,97.74,709,1311,0,1636,0,0,97.7375,97.74,97.7375,0,63,97.7375,194308,0,0,"0000-00-00",0
"2026-01-02","CRAH26","CRA","CRA","CRA",0,"2026-06-17",0,1,97.705,97.715,640,720,0,13894,0,0,97.71,97.715,97.7,0,962,97.71,200003,0,0,"0000-00-00",0
"2026-01-02","CRAM26","CRA","CRA","CRA",0,"2026-09-16",0,1,97.675,97.68,90,98,0,10751,0,-0.005,97.68,97.685,97.66,0,1382,97.675,253408,0,0,"0000-00-00",0
"2026-01-02","CRAU26","CRA","CRA","CRA",0,"2026-12-16",0,1,97.6,97.605,554,126,0,15395,0,-0.01,97.605,97.61,97.575,0,1514,97.6,201299,0,0,"0000-00-00",0
"2026-01-02","CRAZ26","CRA","CRA","CRA",0,"2027-03-17",0,1,97.5,97.505,46,100,0,17400,0,-0.01,97.5,97.51,97.47,0,1318,97.49,199855,0,0,"0000-00-00",0
"2026-01-02","CRAH27","CRA","CRA","CRA",0,"2027-06-16",0,1,97.39,97.4,47,95,0,8956,0,-0.02,97.39,97.405,97.36,0,1299,97.38,142553,0,0,"0000-00-00",0
"2026-01-02","CRAM27","CRA","CRA","CRA",0,"2027-09-15",0,1,97.3,97.31,5,43,0,6731,0,-0.025,97.31,97.325,97.28,0,798,97.295,75733,0,0,"0000-00-00",0
"2026-01-02","CRAU27","CRA","CRA","CRA",0,"2027-12-15",0,1,97.235,97.245,22,32,0,5663,0,-0.025,97.24,97.255,97.205,0,760,97.225,55486,0,0,"0000-00-00",0
"2026-01-02","CRAZ27","CRA","CRA","CRA",0,"2028-03-15",0,1,97.18,97.185,6,21,0,2998,0,-0.03,97.185,97.2,97.145,0,515,97.16,48382,0,0,"0000-00-00",0
"2026-01-02","CRAH28","CRA","CRA","CRA",0,"2028-06-21",0,1,97.115,0,25,0,0,838,0,-0.03,97.125,97.15,97.105,0,111,97.115,13836,0,0,"0000-00-00",0
"2026-01-02","CRAM28","CRA","CRA","CRA",0,"2028-09-20",0,1,97.08,0,25,0,0,452,0,-0.05,97.11,97.11,97.08,0,53,97.08,1768,0,0,"2025-09-17",0
"2026-01-02","CRAU28","CRA","CRA","CRA",0,"2028-12-20",0,1,0,0,0,0,0,0,0,0,0,0,0,0,0,97.045,25,0,0,"2025-12-17",0
"2026-01-05","CRAZ25","CRA","CRA","CRA",0,"2026-03-18",0,1,97.7375,97.74,2645,1254,0,3963,0,0.0025,97.74,97.74,97.7375,0,132,97.74,194555,0,0,"0000-00-00",0
"2026-01-05","CRAH26","CRA","CRA","CRA",0,"2026-06-17",0,1,97.725,97.73,1745,1485,0,24712,0,0.02,97.71,97.73,97.71,0,1108,97.725,203579,0,0,"0000-00-00",0
"2026-01-05","CRAM26","CRA","CRA","CRA",0,"2026-09-16",0,1,97.695,97.705,354,135,0,23124,0,0.02,97.685,97.71,97.68,0,2386,97.7,253267,0,0,"0000-00-00",0
"2026-01-05","CRAU26","CRA","CRA","CRA",0,"2026-12-16",0,1,97.63,97.635,60,141,0,18734,0,0.03,97.61,97.645,97.61,0,1803,97.635,202361,0,0,"0000-00-00",0
"2026-01-05","CRAZ26","CRA","CRA","CRA",0,"2027-03-17",0,1,97.53,97.535,133,358,0,26213,0,0.045,97.51,97.55,97.51,0,2584,97.54,203113,0,0,"0000-00-00",0
"2026-01-05","CRAH27","CRA","CRA","CRA",0,"2027-06-16",0,1,97.43,97.435,43,41,0,15312,0,0.055,97.405,97.445,97.405,0,1492,97.435,143721,0,0,"0000-00-00",0
"2026-01-05","CRAM27","CRA","CRA","CRA",0,"2027-09-15",0,1,97.345,97.35,29,90,0,11021,0,0.055,97.315,97.365,97.315,0,1132,97.35,74877,0,0,"0000-00-00",0
"2026-01-05","CRAU27","CRA","CRA","CRA",0,"2027-12-15",0,1,97.275,97.28,197,30,0,10680,0,0.05,97.255,97.295,97.25,0,1169,97.275,54764,0,0,"0000-00-00",0
"2026-01-05","CRAZ27","CRA","CRA","CRA",0,"2028-03-15",0,1,97.205,97.21,117,27,0,8261,0,0.05,97.195,97.225,97.19,0,1105,97.21,48897,0,0,"0000-00-00",0
"2026-01-05","CRAH28","CRA","CRA","CRA",0,"2028-06-21",0,1,97.16,0,108,0,0,2745,0,0.05,97.15,97.18,97.145,0,355,97.165,14448,0,0,"0000-00-00",0
"2026-01-05","CRAM28","CRA","CRA","CRA",0,"2028-09-20",0,1,97.11,0,3,0,0,34,0,0.035,97.11,97.115,97.11,0,16,97.13,2034,0,0,"2025-09-17",0
"2026-01-05","CRAU28","CRA","CRA","CRA",0,"2028-12-20",0,1,0,0,0,0,0,0,0,0,0,0,0,0,0,97.095,25,0,0,"2025-12-17",0
"2026-01-06","CRAZ25","CRA","CRA","CRA",0,"2026-03-18",0,1,97.7375,97.74,1099,1212,97.74,2141,97.74,0,97.74,97.74,97.7375,209034,334,97.74,196039,0,0,"0000-00-00",0
"2026-01-06","CRAH26","CRA","CRA","CRA",0,"2026-06-17",0,1,97.72,97.725,2446,3289,97.725,22384,97.725,0,97.725,97.725,97.715,2186777,1120,97.725,204912,0,0,"0000-00-00",0
"2026-01-06","CRAM26","CRA","CRA","CRA",0,"2026-09-16",0,1,97.685,97.69,879,312,97.685,16668,97.7,-0.015,97.695,97.695,97.68,1627092,2028,97.69,252265,0,0,"0000-00-00",0
"2026-01-06","CRAU26","CRA","CRA","CRA",0,"2026-12-16",0,1,97.615,97.62,148,267,97.62,24342,97.635,-0.015,97.62,97.63,97.6,2375168,1877,97.61,205057,0,0,"0000-00-00",0
"2026-01-06","CRAZ26","CRA","CRA","CRA",0,"2027-03-17",0,1,97.515,97.52,122,244,97.52,17754,97.54,-0.02,97.525,97.535,97.495,1730525,1734,97.505,202629,0,0,"0000-00-00",0
"2026-01-06","CRAH27","CRA","CRA","CRA",0,"2027-06-16",0,1,97.405,97.41,35,20,97.405,11888,97.435,-0.03,97.42,97.43,97.385,1157359,1214,97.4,143317,0,0,"0000-00-00",0
"2026-01-06","CRAM27","CRA","CRA","CRA",0,"2027-09-15",0,1,97.31,97.33,25,49,97.325,6184,97.35,-0.025,97.33,97.345,97.305,601447,870,97.315,74941,0,0,"0000-00-00",0
"2026-01-06","CRAU27","CRA","CRA","CRA",0,"2027-12-15",0,1,97.25,97.255,66,72,97.25,7491,97.275,-0.025,97.26,97.275,97.235,728113,949,97.24,54537,0,0,"0000-00-00",0
"2026-01-06","CRAZ27","CRA","CRA","CRA",0,"2028-03-15",0,1,97.135,97.19,3,28,97.185,5459,97.21,-0.025,97.185,97.205,97.17,530267,678,97.175,51453,0,0,"0000-00-00",0
"2026-01-06","CRAH28","CRA","CRA","CRA",0,"2028-06-21",0,1,0,0,0,0,97.14,955,97.165,-0.025,97.135,97.15,97.125,92711,155,97.13,14325,0,0,"0000-00-00",0
"2026-01-06","CRAM28","CRA","CRA","CRA",0,"2028-09-20",0,1,97.095,0,4,0,0,0,0,0,0,0,0,0,0,97.095,2052,0,0,"2025-09-17",0
"2026-01-06","CRAU28","CRA","CRA","CRA",0,"2028-12-20",0,1,97.035,0,2,0,0,0,0,0,0,0,0,0,0,97.06,25,0,0,"2025-12-17",0
"2026-01-07","CRAZ25","CRA","CRA","CRA",0,"2026-03-18",0,1,97.7375,97.74,2940,3741,0,5891,0,0,97.74,97.74,97.7375,0,94,97.74,195212,0,0,"0000-00-00",0
"2026-01-07","CRAH26","CRA","CRA","CRA",0,"2026-06-17",0,1,97.725,97.73,3905,1849,0,24422,0,0,97.725,97.735,97.725,0,778,97.725,203890,0,0,"0000-00-00",0
"2026-01-07","CRAM26","CRA","CRA","CRA",0,"2026-09-16",0,1,97.695,97.705,988,1990,0,24565,0,0.01,97.695,97.71,97.69,0,2486,97.7,251122,0,0,"0000-00-00",0
"2026-01-07","CRAU26","CRA","CRA","CRA",0,"2026-12-16",0,1,97.63,97.635,141,179,0,16299,0,0.02,97.62,97.645,97.62,0,2066,97.635,202139,0,0,"0000-00-00",0
"2026-01-07","CRAZ26","CRA","CRA","CRA",0,"2027-03-17",0,1,97.535,97.54,409,358,0,31785,0,0.03,97.52,97.55,97.52,0,2633,97.54,200146,0,0,"0000-00-00",0
"2026-01-07","CRAH27","CRA","CRA","CRA",0,"2027-06-16",0,1,97.43,97.435,46,40,0,19525,0,0.04,97.415,97.445,97.415,0,1700,97.44,143665,0,0,"0000-00-00",0
"2026-01-07","CRAM27","CRA","CRA","CRA",0,"2027-09-15",0,1,97.35,97.355,40,45,0,11898,0,0.04,97.33,97.37,97.33,0,1256,97.36,75688,0,0,"0000-00-00",0
"2026-01-07","CRAU27","CRA","CRA","CRA",0,"2027-12-15",0,1,97.275,97.28,29,7,0,12127,0,0.04,97.265,97.3,97.26,0,1466,97.29,54504,0,0,"0000-00-00",0
"2026-01-07","CRAZ27","CRA","CRA","CRA",0,"2028-03-15",0,1,97.21,97.215,56,33,0,8111,0,0.045,97.205,97.24,97.2,0,1085,97.225,52117,0,0,"0000-00-00",0
"2026-01-07","CRAH28","CRA","CRA","CRA",0,"2028-06-21",0,1,0,0,0,0,0,659,0,0.045,97.15,97.185,97.15,0,54,97.18,14298,0,0,"0000-00-00",0
"2026-01-07","CRAM28","CRA","CRA","CRA",0,"2028-09-20",0,1,0,0,0,0,0,502,0,0.05,97.145,97.145,97.145,0,11,97.14,2052,0,0,"2025-09-17",0
"2026-01-07","CRAU28","CRA","CRA","CRA",0,"2028-12-20",0,1,0,0,0,0,0,0,0,0,0,0,0,0,0,97.105,25,0,0,"2025-12-17",0
"2026-01-08","CRAZ25","CRA","CRA","CRA",0,"2026-03-18",0,1,97.74,97.7425,1402,1290,0,7477,0,0.0025,97.7375,97.7425,97.7375,0,107,97.74,196636,0,0,"0000-00-00",0
"2026-01-08","CRAH26","CRA","CRA","CRA",0,"2026-06-17",0,1,97.73,97.735,1326,2629,0,18386,0,0.005,97.73,97.735,97.72,0,767,97.73,197857,0,0,"0000-00-00",0
"2026-01-08","CRAM26","CRA","CRA","CRA",0,"2026-09-16",0,1,97.7,97.705,582,996,0,12924,0,0,97.705,97.705,97.69,0,1241,97.705,244225,0,0,"0000-00-00",0
"2026-01-08","CRAU26","CRA","CRA","CRA",0,"2026-12-16",0,1,97.63,97.635,54,408,0,13792,0,-0.005,97.64,97.64,97.62,0,1654,97.635,200101,0,0,"0000-00-00",0
"2026-01-08","CRAZ26","CRA","CRA","CRA",0,"2027-03-17",0,1,97.525,97.53,248,289,0,13131,0,-0.015,97.545,97.545,97.52,0,1266,97.53,196717,0,0,"0000-00-00",0
"2026-01-08","CRAH27","CRA","CRA","CRA",0,"2027-06-16",0,1,97.425,97.43,192,125,0,13186,0,-0.015,97.445,97.45,97.42,0,1170,97.425,138568,0,0,"0000-00-00",0
"2026-01-08","CRAM27","CRA","CRA","CRA",0,"2027-09-15",0,1,97.35,97.355,60,45,0,7567,0,-0.005,97.365,97.37,97.335,0,707,97.35,75020,0,0,"0000-00-00",0
"2026-01-08","CRAU27","CRA","CRA","CRA",0,"2027-12-15",0,1,97.285,97.29,34,29,0,5645,0,0,97.295,97.3,97.265,0,800,97.28,57079,0,0,"0000-00-00",0
"2026-01-08","CRAZ27","CRA","CRA","CRA",0,"2028-03-15",0,1,97.225,97.23,5,50,0,4227,0,0,97.23,97.23,97.195,0,784,97.215,56098,0,0,"0000-00-00",0
"2026-01-08","CRAH28","CRA","CRA","CRA",0,"2028-06-21",0,1,97.175,97.185,17,17,0,416,0,0,97.16,97.185,97.15,0,128,97.17,14298,0,0,"0000-00-00",0
"2026-01-08","CRAM28","CRA","CRA","CRA",0,"2028-09-20",0,1,0,0,0,0,0,6,0,0.01,97.135,97.15,97.135,0,5,97.13,2552,0,0,"2025-09-17",0
"2026-01-08","CRAU28","CRA","CRA","CRA",0,"2028-12-20",0,1,0,0,0,0,0,0,0,0,0,0,0,0,0,97.095,25,0,0,"2025-12-17",0
"2026-01-09","CRAZ25","CRA","CRA","CRA",0,"2026-03-18",0,1,97.7375,97.74,2869,6,0,13141,0,0,97.7425,97.745,97.7375,0,399,97.74,198588,0,0,"0000-00-00",0
"2026-01-09","CRAH26","CRA","CRA","CRA",0,"2026-06-17",0,1,97.735,97.74,569,2228,0,34380,0,0.005,97.73,97.74,97.73,0,1497,97.735,197550,0,0,"0000-00-00",0
"2026-01-09","CRAM26","CRA","CRA","CRA",0,"2026-09-16",0,1,97.715,97.72,1063,348,0,41767,0,0.01,97.7,97.725,97.69,0,2830,97.72,241491,0,0,"0000-00-00",0
"2026-01-09","CRAU26","CRA","CRA","CRA",0,"2026-12-16",0,1,97.645,97.655,278,99,0,37429,0,0.01,97.625,97.66,97.615,0,3027,97.65,199532,0,0,"0000-00-00",0
"2026-01-09","CRAZ26","CRA","CRA","CRA",0,"2027-03-17",0,1,97.55,97.555,81,103,0,35347,0,0.025,97.525,97.56,97.51,0,2886,97.545,195132,0,0,"0000-00-00",0
"2026-01-09","CRAH27","CRA","CRA","CRA",0,"2027-06-16",0,1,97.45,97.455,2,57,0,21545,0,0.025,97.425,97.46,97.41,0,2547,97.445,135317,0,0,"0000-00-00",0
"2026-01-09","CRAM27","CRA","CRA","CRA",0,"2027-09-15",0,1,97.37,97.375,30,2,0,16641,0,0.025,97.35,97.385,97.335,0,1853,97.365,77203,0,0,"0000-00-00",0
"2026-01-09","CRAU27","CRA","CRA","CRA",0,"2027-12-15",0,1,97.3,97.31,23,19,0,12756,0,0.025,97.285,97.315,97.265,0,1796,97.295,58252,0,0,"0000-00-00",0
"2026-01-09","CRAZ27","CRA","CRA","CRA",0,"2028-03-15",0,1,97.235,97.245,44,239,0,12463,0,0.03,97.22,97.25,97.2,0,1693,97.23,56218,0,0,"0000-00-00",0
"2026-01-09","CRAH28","CRA","CRA","CRA",0,"2028-06-21",0,1,97.17,0,93,0,0,3722,0,0.01,97.175,97.205,97.145,0,458,97.18,14460,0,0,"0000-00-00",0
"2026-01-09","CRAM28","CRA","CRA","CRA",0,"2028-09-20",0,1,0,0,0,0,0,106,0,0.025,97.15,97.155,97.13,0,42,97.14,2552,0,0,"2025-09-17",0
"2026-01-09","CRAU28","CRA","CRA","CRA",0,"2028-12-20",0,1,97.095,0,50,0,0,0,0,0,0,0,0,0,0,97.105,25,0,0,"2025-12-17",0
"2026-01-12","CRAZ25","CRA","CRA","CRA",0,"2026-03-18",0,1,97.7375,97.74,3350,329,0,3455,0,0,97.74,97.74,97.7375,0,64,97.74,199934,0,0,"0000-00-00",0
"2026-01-12","CRAH26","CRA","CRA","CRA",0,"2026-06-17",0,1,97.735,97.74,2582,5245,0,7781,0,0.005,97.735,97.74,97.73,0,499,97.74,198394,0,0,"0000-00-00",0
"2026-01-12","CRAM26","CRA","CRA","CRA",0,"2026-09-16",0,1,97.71,97.715,301,544,0,13185,0,-0.005,97.715,97.715,97.705,0,2161,97.71,245377,0,0,"0000-00-00",0
"2026-01-12","CRAU26","CRA","CRA","CRA",0,"2026-12-16",0,1,97.635,97.64,152,111,0,11283,0,-0.015,97.645,97.65,97.63,0,1184,97.635,198213,0,0,"0000-00-00",0
"2026-01-12","CRAZ26","CRA","CRA","CRA",0,"2027-03-17",0,1,97.535,97.54,49,101,0,13881,0,-0.005,97.545,97.55,97.525,0,2059,97.525,200589,0,0,"0000-00-00",0
"2026-01-12","CRAH27","CRA","CRA","CRA",0,"2027-06-16",0,1,97.43,97.435,150,37,0,7419,0,-0.01,97.445,97.445,97.42,0,797,97.42,136973,0,0,"0000-00-00",0
"2026-01-12","CRAM27","CRA","CRA","CRA",0,"2027-09-15",0,1,97.35,97.355,34,67,0,4911,0,-0.01,97.365,97.37,97.345,0,599,97.345,80926,0,0,"0000-00-00",0
"2026-01-12","CRAU27","CRA","CRA","CRA",0,"2027-12-15",0,1,97.275,97.28,57,28,0,4732,0,-0.02,97.295,97.3,97.275,0,570,97.275,60193,0,0,"0000-00-00",0
"2026-01-12","CRAZ27","CRA","CRA","CRA",0,"2028-03-15",0,1,0,97.22,0,27,0,3229,0,-0.02,97.23,97.235,97.205,0,608,97.21,60338,0,0,"0000-00-00",0
"2026-01-12","CRAH28","CRA","CRA","CRA",0,"2028-06-21",0,1,97.165,97.175,6,5,0,377,0,-0.01,97.175,97.18,97.16,0,70,97.16,16372,0,0,"0000-00-00",0
"2026-01-12","CRAM28","CRA","CRA","CRA",0,"2028-09-20",0,1,97.125,97.135,27,42,0,218,0,-0.01,97.125,97.13,97.12,0,24,97.12,2586,0,0,"2025-09-17",0
"2026-01-12","CRAU28","CRA","CRA","CRA",0,"2028-12-20",0,1,0,0,0,0,0,0,0,0,0,0,0,0,0,97.085,25,0,0,"2025-12-17",0
"2026-01-13","CRAZ25","CRA","CRA","CRA",0,"2026-03-18",0,1,97.7375,97.74,2029,9,0,3814,0,0,97.74,97.74,97.7375,0,77,97.74,201046,0,0,"0000-00-00",0
"2026-01-13","CRAH26","CRA","CRA","CRA",0,"2026-06-17",0,1,97.74,97.745,1745,4101,0,8718,0,0.005,97.735,97.745,97.735,0,686,97.745,195588,0,0,"0000-00-00",0
"2026-01-13","CRAM26","CRA","CRA","CRA",0,"2026-09-16",0,1,97.72,97.725,454,286,0,16084,0,0.015,97.71,97.725,97.705,0,1613,97.72,242590,0,0,"0000-00-00",0
"2026-01-13","CRAU26","CRA","CRA","CRA",0,"2026-12-16",0,1,97.65,97.655,102,70,0,14483,0,0.02,97.63,97.655,97.63,0,1320,97.65,198218,0,0,"0000-00-00",0
"2026-01-13","CRAZ26","CRA","CRA","CRA",0,"2027-03-17",0,1,97.54,97.55,318,347,0,28377,0,0.025,97.53,97.55,97.52,0,2986,97.545,203747,0,0,"0000-00-00",0
"2026-01-13","CRAH27","CRA","CRA","CRA",0,"2027-06-16",0,1,97.44,97.445,1,37,0,10946,0,0.015,97.425,97.45,97.415,0,1251,97.44,138930,0,0,"0000-00-00",0
"2026-01-13","CRAM27","CRA","CRA","CRA",0,"2027-09-15",0,1,97.355,97.365,47,289,0,6142,0,0.015,97.34,97.365,97.335,0,792,97.355,81695,0,0,"0000-00-00",0
"2026-01-13","CRAU27","CRA","CRA","CRA",0,"2027-12-15",0,1,97.285,97.295,42,35,0,5813,0,0.015,97.27,97.3,97.26,0,835,97.285,60527,0,0,"0000-00-00",0
"2026-01-13","CRAZ27","CRA","CRA","CRA",0,"2028-03-15",0,1,97.215,97.225,43,41,0,5732,0,0.01,97.205,97.23,97.195,0,1156,97.22,61714,0,0,"0000-00-00",0
"2026-01-13","CRAH28","CRA","CRA","CRA",0,"2028-06-21",0,1,97.165,97.17,16,9,0,1778,0,0.01,97.155,97.185,97.145,0,343,97.165,16629,0,0,"0000-00-00",0
"2026-01-13","CRAM28","CRA","CRA","CRA",0,"2028-09-20",0,1,0,97.125,0,25,0,88,0,0.005,97.115,97.125,97.115,0,15,97.12,2625,0,0,"2025-09-17",0
"2026-01-13","CRAU28","CRA","CRA","CRA",0,"2028-12-20",0,1,0,0,0,0,0,0,0,0,0,0,0,0,0,97.085,25,0,0,"2025-12-17",0
"2026-01-14","CRAZ25","CRA","CRA","CRA",0,"2026-03-18",0,1,97.74,97.7425,2943,2624,97.7425,5140,97.74,0.0025,97.7425,97.7425,97.74,502354,80,97.74,202966,0,0,"0000-00-00",0
"2026-01-14","CRAH26","CRA","CRA","CRA",0,"2026-06-17",0,1,97.75,97.755,1779,2652,97.75,18862,97.745,0.005,97.745,97.755,97.74,1843379,662,97.755,194303,0,0,"0000-00-00",0
"2026-01-14","CRAM26","CRA","CRA","CRA",0,"2026-09-16",0,1,97.73,97.735,1059,270,97.73,22003,97.72,0.01,97.725,97.74,97.715,2149449,1546,97.74,243986,0,0,"0000-00-00",0
"2026-01-14","CRAU26","CRA","CRA","CRA",0,"2026-12-16",0,1,97.665,97.675,322,347,97.675,24763,97.65,0.025,97.655,97.675,97.645,2417233,2238,97.675,201157,0,0,"0000-00-00",0
"2026-01-14","CRAZ26","CRA","CRA","CRA",0,"2027-03-17",0,1,97.57,97.575,98,140,97.57,31368,97.545,0.025,97.55,97.58,97.54,3058885,3070,97.575,209469,0,0,"0000-00-00",0
"2026-01-14","CRAH27","CRA","CRA","CRA",0,"2027-06-16",0,1,97.47,97.475,325,57,97.47,14028,97.44,0.03,97.445,97.48,97.435,1366382,1453,97.48,141344,0,0,"0000-00-00",0
"2026-01-14","CRAM27","CRA","CRA","CRA",0,"2027-09-15",0,1,97.395,97.4,16,32,97.395,11138,97.355,0.04,97.365,97.405,97.355,1084016,1266,97.4,82842,0,0,"0000-00-00",0
"2026-01-14","CRAU27","CRA","CRA","CRA",0,"2027-12-15",0,1,97.325,97.33,157,55,97.33,8625,97.285,0.045,97.3,97.33,97.28,838832,869,97.33,62720,0,0,"0000-00-00",0
"2026-01-14","CRAZ27","CRA","CRA","CRA",0,"2028-03-15",0,1,97.255,97.26,48,15,97.26,9704,97.22,0.04,97.225,97.265,97.215,943223,975,97.265,64735,0,0,"0000-00-00",0
"2026-01-14","CRAH28","CRA","CRA","CRA",0,"2028-06-21",0,1,0,0,0,0,97.205,475,97.165,0.04,97.175,97.21,97.16,46123,96,97.21,17353,0,0,"0000-00-00",0
"2026-01-14","CRAM28","CRA","CRA","CRA",0,"2028-09-20",0,1,0,0,0,0,97.155,75,97.12,0.035,97.125,97.155,97.125,7282,5,97.165,2625,0,0,"2025-09-17",0
"2026-01-14","CRAU28","CRA","CRA","CRA",0,"2028-12-20",0,1,0,0,0,0,0,0,0,0,0,0,0,0,0,97.13,25,0,0,"2025-12-17",0
"2026-01-15","CRAZ25","CRA","CRA","CRA",0,"2026-03-18",0,1,97.74,97.7425,3606,5146,0,1308,0,0,97.7425,97.7425,97.74,0,47,97.74,204349,0,0,"0000-00-00",0
"2026-01-15","CRAH26","CRA","CRA","CRA",0,"2026-06-17",0,1,97.755,97.76,2566,2708,0,20417,0,0.005,97.75,97.76,97.745,0,757,97.76,190028,0,0,"0000-00-00",0
"2026-01-15","CRAM26","CRA","CRA","CRA",0,"2026-09-16",0,1,97.735,97.74,460,546,0,19446,0,0,97.73,97.74,97.725,0,1191,97.74,246908,0,0,"0000-00-00",0
"2026-01-15","CRAU26","CRA","CRA","CRA",0,"2026-12-16",0,1,97.67,97.675,159,328,0,15274,0,0,97.67,97.675,97.655,0,1621,97.67,205804,0,0,"0000-00-00",0
"2026-01-15","CRAZ26","CRA","CRA","CRA",0,"2027-03-17",0,1,97.565,97.575,384,238,0,25361,0,0,97.57,97.58,97.545,0,1998,97.565,204767,0,0,"0000-00-00",0
"2026-01-15","CRAH27","CRA","CRA","CRA",0,"2027-06-16",0,1,97.465,97.47,76,176,0,11374,0,-0.01,97.47,97.48,97.45,0,1109,97.465,142845,0,0,"0000-00-00",0
"2026-01-15","CRAM27","CRA","CRA","CRA",0,"2027-09-15",0,1,97.385,97.39,42,44,0,7941,0,-0.01,97.395,97.405,97.365,0,805,97.385,85941,0,0,"0000-00-00",0
"2026-01-15","CRAU27","CRA","CRA","CRA",0,"2027-12-15",0,1,97.31,97.32,29,30,0,5893,0,-0.015,97.325,97.33,97.29,0,779,97.31,64047,0,0,"0000-00-00",0
"2026-01-15","CRAZ27","CRA","CRA","CRA",0,"2028-03-15",0,1,97.245,97.25,23,25,0,6950,0,-0.015,97.26,97.265,97.225,0,969,97.24,70445,0,0,"0000-00-00",0
"2026-01-15","CRAH28","CRA","CRA","CRA",0,"2028-06-21",0,1,0,0,0,0,0,331,0,-0.02,97.21,97.21,97.175,0,64,97.185,17297,0,0,"0000-00-00",0
"2026-01-15","CRAM28","CRA","CRA","CRA",0,"2028-09-20",0,1,0,97.145,0,25,0,50,0,-0.035,97.13,97.13,97.13,0,4,97.14,2660,0,0,"2025-09-17",0
"2026-01-15","CRAU28","CRA","CRA","CRA",0,"2028-12-20",0,1,0,97.12,0,65,0,0,0,0,0,0,0,0,0,97.105,25,0,0,"2025-12-17",0
"2026-01-16","CRAZ25","CRA","CRA","CRA",0,"2026-03-18",0,1,97.735,97.7375,5408,1931,0,8638,0,-0.0025,97.74,97.74,97.735,0,132,97.7375,204151,0,0,"0000-00-00",0
"2026-01-16","CRAH26","CRA","CRA","CRA",0,"2026-06-17",0,1,97.75,97.755,3623,1980,0,25741,0,-0.005,97.76,97.76,97.75,0,797,97.75,194456,0,0,"0000-00-00",0
"2026-01-16","CRAM26","CRA","CRA","CRA",0,"2026-09-16",0,1,97.73,97.735,1468,944,0,24164,0,-0.005,97.74,97.745,97.73,0,1838,97.73,249944,0,0,"0000-00-00",0
"2026-01-16","CRAU26","CRA","CRA","CRA",0,"2026-12-16",0,1,97.655,97.66,318,73,0,31807,0,-0.01,97.675,97.68,97.655,0,2249,97.66,207454,0,0,"0000-00-00",0
"2026-01-16","CRAZ26","CRA","CRA","CRA",0,"2027-03-17",0,1,97.545,97.55,186,5,0,31333,0,-0.015,97.575,97.58,97.545,0,2298,97.55,208365,0,0,"0000-00-00",0
"2026-01-16","CRAH27","CRA","CRA","CRA",0,"2027-06-16",0,1,97.445,97.45,2,54,0,13435,0,-0.02,97.475,97.48,97.44,0,1715,97.445,143462,0,0,"0000-00-00",0
"2026-01-16","CRAM27","CRA","CRA","CRA",0,"2027-09-15",0,1,97.36,97.37,38,73,0,8531,0,-0.015,97.395,97.395,97.36,0,982,97.365,87301,0,0,"0000-00-00",0
"2026-01-16","CRAU27","CRA","CRA","CRA",0,"2027-12-15",0,1,97.29,97.295,24,42,0,6079,0,-0.015,97.32,97.325,97.29,0,980,97.29,65766,0,0,"0000-00-00",0
"2026-01-16","CRAZ27","CRA","CRA","CRA",0,"2028-03-15",0,1,97.22,97.23,17,22,0,5509,0,-0.01,97.25,97.255,97.225,0,944,97.225,73945,0,0,"0000-00-00",0
"2026-01-16","CRAH28","CRA","CRA","CRA",0,"2028-06-21",0,1,0,0,0,0,0,1322,0,-0.01,97.195,97.2,97.17,0,208,97.17,17402,0,0,"0000-00-00",0
"2026-01-16","CRAM28","CRA","CRA","CRA",0,"2028-09-20",0,1,97.12,0,20,0,0,55,0,-0.015,97.135,97.14,97.125,0,9,97.125,2706,0,0,"2025-09-17",0
"2026-01-16","CRAU28","CRA","CRA","CRA",0,"2028-12-20",0,1,0,97.12,0,65,0,0,0,0,0,0,0,0,0,97.09,25,0,0,"2025-12-17",0
"2026-01-19","CRAZ25","CRA","CRA","CRA",0,"2026-03-18",0,1,97.7325,97.7375,5724,4796,0,5977,0,0,97.7375,97.7375,97.7325,0,115,97.7375,206869,0,0,"0000-00-00",0
"2026-01-19","CRAH26","CRA","CRA","CRA",0,"2026-06-17",0,1,97.755,97.76,2694,3179,0,16576,0,0.005,97.755,97.76,97.75,0,661,97.76,194088,0,0,"0000-00-00",0
"2026-01-19","CRAM26","CRA","CRA","CRA",0,"2026-09-16",0,1,97.745,97.75,409,1150,0,22681,0,0.02,97.735,97.75,97.72,0,1372,97.745,252215,0,0,"0000-00-00",0
"2026-01-19","CRAU26","CRA","CRA","CRA",0,"2026-12-16",0,1,97.675,97.68,255,79,0,27216,0,0.02,97.665,97.685,97.635,0,1996,97.68,208090,0,0,"0000-00-00",0
"2026-01-19","CRAZ26","CRA","CRA","CRA",0,"2027-03-17",0,1,97.57,97.575,83,105,0,30024,0,0.02,97.56,97.575,97.52,0,1734,97.57,211301,0,0,"0000-00-00",0
"2026-01-19","CRAH27","CRA","CRA","CRA",0,"2027-06-16",0,1,97.46,97.47,138,39,0,10859,0,0.02,97.45,97.47,97.405,0,1375,97.465,147119,0,0,"0000-00-00",0
"2026-01-19","CRAM27","CRA","CRA","CRA",0,"2027-09-15",0,1,97.375,97.38,29,26,0,6032,0,0.015,97.375,97.385,97.32,0,826,97.38,88405,0,0,"0000-00-00",0
"2026-01-19","CRAU27","CRA","CRA","CRA",0,"2027-12-15",0,1,97.295,97.305,26,11,0,7500,0,0.01,97.29,97.315,97.245,0,1093,97.305,66829,0,0,"0000-00-00",0
"2026-01-19","CRAZ27","CRA","CRA","CRA",0,"2028-03-15",0,1,97.22,97.23,20,10,0,6614,0,0,97.23,97.235,97.165,0,974,97.23,73370,0,0,"0000-00-00",0
"2026-01-19","CRAH28","CRA","CRA","CRA",0,"2028-06-21",0,1,97.17,97.175,1,7,0,655,0,0.005,97.175,97.18,97.115,0,235,97.175,17517,0,0,"0000-00-00",0
"2026-01-19","CRAM28","CRA","CRA","CRA",0,"2028-09-20",0,1,0,0,0,0,0,206,0,-0.005,97.125,97.125,97.12,0,20,97.13,2706,0,0,"2025-09-17",0
"2026-01-19","CRAU28","CRA","CRA","CRA",0,"2028-12-20",0,1,0,97.12,0,65,0,0,0,0,0,0,0,0,0,97.095,25,0,0,"2025-12-17",0
"2026-01-20","CRAZ25","CRA","CRA","CRA",0,"2026-03-18",0,1,97.735,97.7375,1379,4085,97.7375,1776,97.7375,0,97.735,97.7375,97.735,173466,172,97.7375,206480,0,0,"0000-00-00",0
"2026-01-20","CRAH26","CRA","CRA","CRA",0,"2026-06-17",0,1,97.76,97.765,1390,3488,97.76,12628,97.76,0,97.755,97.765,97.755,1234122,690,97.76,193889,0,0,"0000-00-00",0
"2026-01-20","CRAM26","CRA","CRA","CRA",0,"2026-09-16",0,1,97.75,97.755,182,1816,97.75,24625,97.745,0.005,97.745,97.755,97.74,2406097,1788,97.75,252245,0,0,"0000-00-00",0
"2026-01-20","CRAU26","CRA","CRA","CRA",0,"2026-12-16",0,1,97.68,97.685,205,221,97.685,22748,97.68,0.005,97.675,97.695,97.67,2220859,2318,97.68,210219,0,0,"0000-00-00",0
"2026-01-20","CRAZ26","CRA","CRA","CRA",0,"2027-03-17",0,1,97.57,97.575,407,399,97.57,24258,97.57,0,97.565,97.58,97.555,2365949,2043,97.57,214861,0,0,"0000-00-00",0
"2026-01-20","CRAH27","CRA","CRA","CRA",0,"2027-06-16",0,1,97.46,97.465,15,408,97.46,13614,97.465,-0.005,97.455,97.48,97.44,1325867,1735,97.46,148101,0,0,"0000-00-00",0
"2026-01-20","CRAM27","CRA","CRA","CRA",0,"2027-09-15",0,1,97.37,97.375,38,55,97.375,7957,97.38,-0.005,97.37,97.385,97.35,774256,1173,97.37,87870,0,0,"0000-00-00",0
"2026-01-20","CRAU27","CRA","CRA","CRA",0,"2027-12-15",0,1,97.29,97.3,55,84,97.3,8357,97.305,-0.005,97.29,97.315,97.27,812565,1162,97.295,68488,0,0,"0000-00-00",0
"2026-01-20","CRAZ27","CRA","CRA","CRA",0,"2028-03-15",0,1,97.22,97.225,34,21,97.22,5372,97.23,-0.01,97.21,97.24,97.19,521960,753,97.22,76487,0,0,"0000-00-00",0
"2026-01-20","CRAH28","CRA","CRA","CRA",0,"2028-06-21",0,1,0,97.17,0,30,97.175,146,97.175,0,97.165,97.175,97.13,14169,40,97.165,17710,0,0,"0000-00-00",0
"2026-01-20","CRAM28","CRA","CRA","CRA",0,"2028-09-20",0,1,97.115,97.12,50,3,97.12,1,97.13,-0.01,97.12,97.12,97.12,97,1,97.12,2611,0,0,"2025-09-17",0
"2026-01-20","CRAU28","CRA","CRA","CRA",0,"2028-12-20",0,1,0,97.12,0,65,0,0,0,0,0,0,0,0,0,97.085,25,0,0,"2025-12-17",0
"2026-01-21","CRAZ25","CRA","CRA","CRA",0,"2026-03-18",0,1,97.735,97.7375,2387,1246,97.7375,1270,97.7375,0,97.7375,97.7375,97.7375,124095,50,97.7375,206323,0,0,"0000-00-00",0
"2026-01-21","CRAH26","CRA","CRA","CRA",0,"2026-06-17",0,1,97.76,97.765,1421,3239,97.76,7339,97.76,0,97.765,97.765,97.76,717161,500,97.765,192828,0,0,"0000-00-00",0
"2026-01-21","CRAM26","CRA","CRA","CRA",0,"2026-09-16",0,1,97.74,97.745,1177,350,97.745,26112,97.75,-0.005,97.755,97.755,97.74,2550913,2610,97.75,250553,0,0,"0000-00-00",0
"2026-01-21","CRAU26","CRA","CRA","CRA",0,"2026-12-16",0,1,97.665,97.67,100,200,97.665,22949,97.68,-0.015,97.69,97.695,97.66,2240236,2465,97.67,210448,0,0,"0000-00-00",0
"2026-01-21","CRAZ26","CRA","CRA","CRA",0,"2027-03-17",0,1,97.545,97.55,196,78,97.545,29178,97.57,-0.025,97.575,97.585,97.54,2845246,2846,97.555,211178,0,0,"0000-00-00",0
"2026-01-21","CRAH27","CRA","CRA","CRA",0,"2027-06-16",0,1,97.43,97.435,74,51,97.43,13425,97.46,-0.03,97.47,97.475,97.425,1307348,1692,97.44,149125,0,0,"0000-00-00",0
"2026-01-21","CRAM27","CRA","CRA","CRA",0,"2027-09-15",0,1,97.34,97.345,68,150,97.345,12420,97.37,-0.025,97.38,97.39,97.335,1208515,1437,97.345,89507,0,0,"0000-00-00",0
"2026-01-21","CRAU27","CRA","CRA","CRA",0,"2027-12-15",0,1,97.26,97.265,46,53,97.265,7036,97.295,-0.03,97.305,97.315,97.26,684002,1043,97.265,69147,0,0,"0000-00-00",0
"2026-01-21","CRAZ27","CRA","CRA","CRA",0,"2028-03-15",0,1,97.19,97.195,19,19,97.195,6253,97.22,-0.025,97.235,97.24,97.185,607465,808,97.195,75364,0,0,"0000-00-00",0
"2026-01-21","CRAH28","CRA","CRA","CRA",0,"2028-06-21",0,1,0,97.145,0,20,97.135,2079,97.165,-0.03,97.175,97.175,97.13,201896,144,97.14,17743,0,0,"0000-00-00",0
"2026-01-21","CRAM28","CRA","CRA","CRA",0,"2028-09-20",0,1,0,97.1,0,10,97.095,363,97.12,-0.025,97.115,97.115,97.095,35236,25,97.095,2611,0,0,"2025-09-17",0
"2026-01-21","CRAU28","CRA","CRA","CRA",0,"2028-12-20",0,1,0,97.12,0,65,0,0,0,0,0,0,0,0,0,97.06,25,0,0,"2025-12-17",0
"2026-01-22","CRAZ25","CRA","CRA","CRA",0,"2026-03-18",0,1,97.735,97.7375,1269,337,0,5998,0,-0.0025,97.7375,97.7375,97.735,0,81,97.7375,205885,0,0,"0000-00-00",0
"2026-01-22","CRAH26","CRA","CRA","CRA",0,"2026-06-17",0,1,97.76,97.765,1058,3057,0,17849,0,0,97.76,97.765,97.755,0,556,97.76,194031,0,0,"0000-00-00",0
"2026-01-22","CRAM26","CRA","CRA","CRA",0,"2026-09-16",0,1,97.755,97.76,444,797,0,33103,0,0.01,97.745,97.76,97.735,0,3279,97.755,251475,0,0,"0000-00-00",0
"2026-01-22","CRAU26","CRA","CRA","CRA",0,"2026-12-16",0,1,97.675,97.685,309,198,0,20518,0,0.005,97.67,97.68,97.66,0,1709,97.675,214741,0,0,"0000-00-00",0
"2026-01-22","CRAZ26","CRA","CRA","CRA",0,"2027-03-17",0,1,97.555,97.56,113,126,0,13689,0,0,97.55,97.56,97.545,0,1472,97.555,215973,0,0,"0000-00-00",0
"2026-01-22","CRAH27","CRA","CRA","CRA",0,"2027-06-16",0,1,97.435,97.44,10,62,0,8283,0,-0.005,97.435,97.445,97.43,0,1075,97.435,152745,0,0,"0000-00-00",0
"2026-01-22","CRAM27","CRA","CRA","CRA",0,"2027-09-15",0,1,97.335,97.34,52,39,0,9902,0,-0.005,97.345,97.355,97.335,0,775,97.34,89965,0,0,"0000-00-00",0
"2026-01-22","CRAU27","CRA","CRA","CRA",0,"2027-12-15",0,1,97.255,97.26,37,32,0,6978,0,-0.01,97.27,97.275,97.255,0,724,97.26,68960,0,0,"0000-00-00",0
"2026-01-22","CRAZ27","CRA","CRA","CRA",0,"2028-03-15",0,1,97.185,97.19,51,31,0,2841,0,-0.01,97.195,97.205,97.185,0,495,97.19,76383,0,0,"0000-00-00",0
"2026-01-22","CRAH28","CRA","CRA","CRA",0,"2028-06-21",0,1,97.13,97.14,9,28,0,725,0,-0.005,97.145,97.145,97.13,0,114,97.135,18815,0,0,"0000-00-00",0
"2026-01-22","CRAM28","CRA","CRA","CRA",0,"2028-09-20",0,1,0,97.095,0,25,0,101,0,0,97.105,97.105,97.095,0,10,97.09,2785,0,0,"2025-09-17",0
"2026-01-22","CRAU28","CRA","CRA","CRA",0,"2028-12-20",0,1,0,97.12,0,65,0,0,0,0,0,0,0,0,0,97.055,25,0,0,"2025-12-17",0
"2026-01-23","CRAZ25","CRA","CRA","CRA",0,"2026-03-18",0,1,97.7375,97.74,525,2525,0,5023,0,0,97.7375,97.74,97.735,0,39,97.735,207075,0,0,"0000-00-00",0
"2026-01-23","CRAH26","CRA","CRA","CRA",0,"2026-06-17",0,1,97.76,97.765,4479,1820,0,11762,0,0.005,97.765,97.765,97.755,0,499,97.76,192760,0,0,"0000-00-00",0
"2026-01-23","CRAM26","CRA","CRA","CRA",0,"2026-09-16",0,1,97.76,97.765,624,493,0,24342,0,0.01,97.76,97.765,97.745,0,1342,97.75,255412,0,0,"0000-00-00",0
"2026-01-23","CRAU26","CRA","CRA","CRA",0,"2026-12-16",0,1,97.69,97.695,145,230,0,26831,0,0.015,97.675,97.695,97.66,0,1865,97.675,212164,0,0,"0000-00-00",0
"2026-01-23","CRAZ26","CRA","CRA","CRA",0,"2027-03-17",0,1,97.56,97.565,211,244,0,27161,0,0.005,97.56,97.565,97.53,0,1995,97.545,218148,0,0,"0000-00-00",0
"2026-01-23","CRAH27","CRA","CRA","CRA",0,"2027-06-16",0,1,97.435,97.44,9,45,0,14794,0,0,97.435,97.44,97.4,0,1707,97.415,152454,0,0,"0000-00-00",0
"2026-01-23","CRAM27","CRA","CRA","CRA",0,"2027-09-15",0,1,97.33,97.34,34,39,0,10672,0,-0.005,97.34,97.34,97.3,0,1233,97.31,90309,0,0,"0000-00-00",0
"2026-01-23","CRAU27","CRA","CRA","CRA",0,"2027-12-15",0,1,97.25,97.255,28,35,0,5905,0,-0.01,97.255,97.26,97.22,0,1044,97.225,67853,0,0,"0000-00-00",0
"2026-01-23","CRAZ27","CRA","CRA","CRA",0,"2028-03-15",0,1,97.175,97.18,5,40,0,7905,0,-0.015,97.185,97.185,97.145,0,1030,97.15,76739,0,0,"0000-00-00",0
"2026-01-23","CRAH28","CRA","CRA","CRA",0,"2028-06-21",0,1,0,0,0,0,0,501,0,-0.015,97.135,97.135,97.1,0,121,97.095,18996,0,0,"0000-00-00",0
"2026-01-23","CRAM28","CRA","CRA","CRA",0,"2028-09-20",0,1,97.055,0,10,0,0,203,0,-0.025,97.06,97.065,97.06,0,56,97.055,2875,0,0,"2025-09-17",0
"2026-01-23","CRAU28","CRA","CRA","CRA",0,"2028-12-20",0,1,0,97.12,0,65,0,0,0,0,0,0,0,0,0,97.02,25,0,0,"2025-12-17",0
"2026-01-26","CRAZ25","CRA","CRA","CRA",0,"2026-03-18",0,1,97.735,97.7375,2545,2106,0,5112,0,0.0025,97.74,97.74,97.7375,0,70,97.7375,209935,0,0,"0000-00-00",0
"2026-01-26","CRAH26","CRA","CRA","CRA",0,"2026-06-17",0,1,97.77,97.775,1884,762,0,14293,0,0.01,97.765,97.79,97.765,0,730,97.775,192998,0,0,"0000-00-00",0
"2026-01-26","CRAM26","CRA","CRA","CRA",0,"2026-09-16",0,1,97.77,97.775,1074,654,0,33210,0,0.02,97.775,97.8,97.77,0,2090,97.775,257456,0,0,"0000-00-00",0
"2026-01-26","CRAU26","CRA","CRA","CRA",0,"2026-12-16",0,1,97.71,97.715,106,456,0,25129,0,0.035,97.705,97.73,97.705,0,2493,97.715,215945,0,0,"0000-00-00",0
"2026-01-26","CRAZ26","CRA","CRA","CRA",0,"2027-03-17",0,1,97.59,97.595,138,153,0,40733,0,0.045,97.575,97.615,97.575,0,2995,97.595,222057,0,0,"0000-00-00",0
"2026-01-26","CRAH27","CRA","CRA","CRA",0,"2027-06-16",0,1,97.465,97.47,149,295,0,13565,0,0.05,97.455,97.48,97.455,0,1689,97.47,156631,0,0,"0000-00-00",0
"2026-01-26","CRAM27","CRA","CRA","CRA",0,"2027-09-15",0,1,97.365,97.37,62,34,0,10530,0,0.055,97.355,97.385,97.355,0,1255,97.37,91106,0,0,"0000-00-00",0
"2026-01-26","CRAU27","CRA","CRA","CRA",0,"2027-12-15",0,1,97.28,97.285,92,35,0,6709,0,0.06,97.275,97.295,97.265,0,1114,97.285,67823,0,0,"0000-00-00",0
"2026-01-26","CRAZ27","CRA","CRA","CRA",0,"2028-03-15",0,1,97.2,97.205,63,1,0,4072,0,0.05,97.205,97.22,97.19,0,1098,97.205,77253,0,0,"0000-00-00",0
"2026-01-26","CRAH28","CRA","CRA","CRA",0,"2028-06-21",0,1,0,97.155,0,25,0,310,0,0.06,97.15,97.16,97.135,0,75,97.145,19009,0,0,"0000-00-00",0
"2026-01-26","CRAM28","CRA","CRA","CRA",0,"2028-09-20",0,1,0,0,0,0,0,0,0,0,0,0,0,0,0,97.1,2900,0,0,"2025-09-17",0
"2026-01-26","CRAU28","CRA","CRA","CRA",0,"2028-12-20",0,1,0,0,0,0,0,0,0,0,0,0,0,0,0,97.065,25,0,0,"2025-12-17",0
"2026-01-27","CRAZ25","CRA","CRA","CRA",0,"2026-03-18",0,1,97.73,97.735,3447,1734,0,7863,0,-0.005,97.7375,97.7375,97.7325,0,83,97.735,210986,0,0,"0000-00-00",0
"2026-01-27","CRAH26","CRA","CRA","CRA",0,"2026-06-17",0,1,97.76,97.765,2398,1598,0,18487,0,-0.015,97.77,97.77,97.76,0,1233,97.765,192035,0,0,"0000-00-00",0
"2026-01-27","CRAM26","CRA","CRA","CRA",0,"2026-09-16",0,1,97.77,97.775,854,428,0,29986,0,-0.005,97.775,97.775,97.76,0,2139,97.775,249242,0,0,"0000-00-00",0
"2026-01-27","CRAU26","CRA","CRA","CRA",0,"2026-12-16",0,1,97.715,97.72,99,217,0,21143,0,0,97.71,97.72,97.695,0,2096,97.72,216798,0,0,"0000-00-00",0
"2026-01-27","CRAZ26","CRA","CRA","CRA",0,"2027-03-17",0,1,97.595,97.6,179,391,0,33692,0,0.005,97.59,97.6,97.575,0,2581,97.6,226842,0,0,"0000-00-00",0
"2026-01-27","CRAH27","CRA","CRA","CRA",0,"2027-06-16",0,1,97.455,97.46,358,47,0,18885,0,-0.01,97.465,97.475,97.44,0,3226,97.465,158412,0,0,"0000-00-00",0
"2026-01-27","CRAM27","CRA","CRA","CRA",0,"2027-09-15",0,1,97.35,97.355,45,57,0,10232,0,-0.015,97.37,97.37,97.335,0,1816,97.355,90489,0,0,"0000-00-00",0
"2026-01-27","CRAU27","CRA","CRA","CRA",0,"2027-12-15",0,1,97.26,97.265,32,40,0,6354,0,-0.025,97.275,97.285,97.245,0,1307,97.265,68192,0,0,"0000-00-00",0
"2026-01-27","CRAZ27","CRA","CRA","CRA",0,"2028-03-15",0,1,97.145,97.19,3,35,0,6196,0,-0.02,97.2,97.205,97.17,0,1033,97.19,78317,0,0,"0000-00-00",0
"2026-01-27","CRAH28","CRA","CRA","CRA",0,"2028-06-21",0,1,0,0,0,0,0,96,0,-0.015,97.135,97.135,97.115,0,26,97.13,19105,0,0,"0000-00-00",0
"2026-01-27","CRAM28","CRA","CRA","CRA",0,"2028-09-20",0,1,0,0,0,0,0,0,0,0,0,0,0,0,0,97.085,2900,0,0,"2025-09-17",0
"2026-01-27","CRAU28","CRA","CRA","CRA",0,"2028-12-20",0,1,0,0,0,0,0,0,0,0,0,0,0,0,0,97.05,25,0,0,"2025-12-17",0
"2026-01-28","CRAZ25","CRA","CRA","CRA",0,"2026-03-18",0,1,97.7275,97.73,1882,692,97.7275,5233,97.735,-0.0075,97.735,97.735,97.7275,511397,60,97.73,211903,0,0,"0000-00-00",0
"2026-01-28","CRAH26","CRA","CRA","CRA",0,"2026-06-17",0,1,97.755,97.76,138,3110,97.755,22905,97.765,-0.01,97.765,97.78,97.755,2238639,1082,97.755,192916,0,0,"0000-00-00",0
"2026-01-28","CRAM26","CRA","CRA","CRA",0,"2026-09-16",0,1,97.76,97.765,730,352,97.76,43239,97.775,-0.015,97.775,97.795,97.76,4225831,3277,97.765,249321,0,0,"0000-00-00",0
"2026-01-28","CRAU26","CRA","CRA","CRA",0,"2026-12-16",0,1,97.705,97.71,747,11,97.705,31592,97.72,-0.015,97.72,97.74,97.695,3085407,3584,97.715,215473,0,0,"0000-00-00",0
"2026-01-28","CRAZ26","CRA","CRA","CRA",0,"2027-03-17",0,1,97.59,97.6,382,320,97.59,62951,97.6,-0.01,97.6,97.615,97.57,6141658,5305,97.6,235024,0,0,"0000-00-00",0
"2026-01-28","CRAH27","CRA","CRA","CRA",0,"2027-06-16",0,1,97.455,97.46,215,1,97.46,23972,97.465,-0.005,97.465,97.48,97.44,2334396,3161,97.46,160376,0,0,"0000-00-00",0
"2026-01-28","CRAM27","CRA","CRA","CRA",0,"2027-09-15",0,1,97.34,97.35,86,71,97.345,18578,97.355,-0.01,97.36,97.37,97.335,1807672,2938,97.345,90485,0,0,"0000-00-00",0
"2026-01-28","CRAU27","CRA","CRA","CRA",0,"2027-12-15",0,1,97.25,97.255,22,22,97.25,12582,97.265,-0.015,97.27,97.28,97.235,1222395,2536,97.25,68162,0,0,"0000-00-00",0
"2026-01-28","CRAZ27","CRA","CRA","CRA",0,"2028-03-15",0,1,97.17,97.18,144,126,97.175,8316,97.19,-0.015,97.2,97.205,97.16,807698,1244,97.175,78170,0,0,"0000-00-00",0
"2026-01-28","CRAH28","CRA","CRA","CRA",0,"2028-06-21",0,1,0,0,0,0,97.115,1113,97.13,-0.015,97.13,97.135,97.11,108060,112,97.115,19114,0,0,"0000-00-00",0
"2026-01-28","CRAM28","CRA","CRA","CRA",0,"2028-09-20",0,1,0,97.08,0,22,97.07,113,97.085,-0.015,97.085,97.085,97.065,10965,13,97.07,2900,0,0,"2025-09-17",0
"2026-01-28","CRAU28","CRA","CRA","CRA",0,"2028-12-20",0,1,0,0,0,0,0,0,0,0,0,0,0,0,0,97.035,25,0,0,"2025-12-17",0
"2026-01-29","CRAZ25","CRA","CRA","CRA",0,"2026-03-18",0,1,97.7275,97.73,1693,2786,0,708,0,0,97.73,97.73,97.73,0,18,97.73,211839,0,0,"0000-00-00",0
"2026-01-29","CRAH26","CRA","CRA","CRA",0,"2026-06-17",0,1,97.755,97.76,2714,2290,0,21857,0,0,97.755,97.76,97.75,0,1385,97.755,193145,0,0,"0000-00-00",0
"2026-01-29","CRAM26","CRA","CRA","CRA",0,"2026-09-16",0,1,97.76,97.765,431,509,0,40831,0,-0.005,97.76,97.775,97.755,0,3633,97.76,250479,0,0,"0000-00-00",0
"2026-01-29","CRAU26","CRA","CRA","CRA",0,"2026-12-16",0,1,97.72,97.725,324,325,0,43662,0,0.005,97.705,97.735,97.7,0,3017,97.725,218876,0,0,"0000-00-00",0
"2026-01-29","CRAZ26","CRA","CRA","CRA",0,"2027-03-17",0,1,97.615,97.62,50,230,0,54468,0,0.015,97.58,97.625,97.58,0,3127,97.62,257350,0,0,"0000-00-00",0
"2026-01-29","CRAH27","CRA","CRA","CRA",0,"2027-06-16",0,1,97.475,97.48,95,44,0,31223,0,0.015,97.455,97.485,97.445,0,2382,97.485,162229,0,0,"0000-00-00",0
"2026-01-29","CRAM27","CRA","CRA","CRA",0,"2027-09-15",0,1,97.36,97.365,33,88,0,17179,0,0.015,97.33,97.38,97.32,0,1740,97.365,91295,0,0,"0000-00-00",0
"2026-01-29","CRAU27","CRA","CRA","CRA",0,"2027-12-15",0,1,97.26,97.27,24,28,0,6950,0,0.02,97.24,97.285,97.225,0,890,97.27,67842,0,0,"0000-00-00",0
"2026-01-29","CRAZ27","CRA","CRA","CRA",0,"2028-03-15",0,1,97.18,97.19,105,104,0,8264,0,0.01,97.16,97.205,97.16,0,1126,97.19,78352,0,0,"0000-00-00",0
"2026-01-29","CRAH28","CRA","CRA","CRA",0,"2028-06-21",0,1,97.125,0,32,0,0,917,0,0.015,97.1,97.145,97.1,0,155,97.135,19092,0,0,"0000-00-00",0
"2026-01-29","CRAM28","CRA","CRA","CRA",0,"2028-09-20",0,1,97.085,0,50,0,0,255,0,0.015,97.085,97.085,97.08,0,24,97.09,2911,0,0,"2025-09-17",0
"2026-01-29","CRAU28","CRA","CRA","CRA",0,"2028-12-20",0,1,0,0,0,0,0,43,0,0.015,97.05,97.05,97.05,0,1,97.055,25,0,0,"2025-12-17",0
"2026-01-30","CRAZ25","CRA","CRA","CRA",0,"2026-03-18",0,1,97.7275,97.73,1880,2256,0,2518,0,-0.0025,97.7275,97.73,97.7275,0,47,97.73,212259,0,0,"0000-00-00",0
"2026-01-30","CRAH26","CRA","CRA","CRA",0,"2026-06-17",0,1,97.755,97.76,1185,2039,0,11462,0,0,97.755,97.76,97.75,0,661,97.755,190077,0,0,"0000-00-00",0
"2026-01-30","CRAM26","CRA","CRA","CRA",0,"2026-09-16",0,1,97.765,97.77,232,543,0,19206,0,0.01,97.76,97.77,97.755,0,3010,97.77,252044,0,0,"0000-00-00",0
"2026-01-30","CRAU26","CRA","CRA","CRA",0,"2026-12-16",0,1,97.73,97.735,71,618,0,28338,0,0.005,97.71,97.74,97.71,0,2416,97.73,221889,0,0,"0000-00-00",0
"2026-01-30","CRAZ26","CRA","CRA","CRA",0,"2027-03-17",0,1,97.63,97.635,286,35,0,31398,0,0.015,97.605,97.645,97.6,0,2494,97.63,256267,0,0,"0000-00-00",0
"2026-01-30","CRAH27","CRA","CRA","CRA",0,"2027-06-16",0,1,97.5,97.51,139,72,0,18492,0,0.02,97.47,97.51,97.46,0,1968,97.5,167251,0,0,"0000-00-00",0
"2026-01-30","CRAM27","CRA","CRA","CRA",0,"2027-09-15",0,1,97.385,97.39,34,389,0,13438,0,0.025,97.35,97.39,97.34,0,1564,97.38,94474,0,0,"0000-00-00",0
"2026-01-30","CRAU27","CRA","CRA","CRA",0,"2027-12-15",0,1,97.29,97.295,19,20,0,9103,0,0.02,97.245,97.295,97.24,0,1123,97.28,68501,0,0,"0000-00-00",0
"2026-01-30","CRAZ27","CRA","CRA","CRA",0,"2028-03-15",0,1,97.215,97.22,59,2,0,8667,0,0.025,97.165,97.22,97.165,0,1183,97.195,80702,0,0,"0000-00-00",0
"2026-01-30","CRAH28","CRA","CRA","CRA",0,"2028-06-21",0,1,0,0,0,0,0,2295,0,0.035,97.11,97.17,97.11,0,222,97.145,18993,0,0,"0000-00-00",0
"2026-01-30","CRAM28","CRA","CRA","CRA",0,"2028-09-20",0,1,0,97.14,0,10,0,458,0,0.02,97.095,97.11,97.095,0,25,97.105,3047,0,0,"2025-09-17",0
"2026-01-30","CRAU28","CRA","CRA","CRA",0,"2028-12-20",0,1,0,0,0,0,0,10,0,0,0,0,0,0,1,97.07,68,0,0,"2025-12-17",0
"2026-02-02","CRAZ25","CRA","CRA","CRA",0,"2026-03-18",0,1,97.725,97.7275,2496,577,0,2327,0,-0.005,97.7275,97.7275,97.725,0,251,97.7275,212191,0,0,"0000-00-00",0
"2026-02-02","CRAH26","CRA","CRA","CRA",0,"2026-06-17",0,1,97.75,97.755,2477,1914,0,9658,0,-0.005,97.755,97.76,97.75,0,1039,97.755,191268,0,0,"0000-00-00",0
"2026-02-02","CRAM26","CRA","CRA","CRA",0,"2026-09-16",0,1,97.76,97.765,840,806,0,21190,0,-0.01,97.765,97.77,97.755,0,2276,97.765,240905,0,0,"0000-00-00",0
"2026-02-02","CRAU26","CRA","CRA","CRA",0,"2026-12-16",0,1,97.715,97.72,494,138,0,33996,0,-0.015,97.73,97.735,97.71,0,2395,97.72,234513,0,0,"0000-00-00",0
"2026-02-02","CRAZ26","CRA","CRA","CRA",0,"2027-03-17",0,1,97.615,97.62,267,262,0,32843,0,-0.01,97.635,97.64,97.61,0,2474,97.62,263055,0,0,"0000-00-00",0
"2026-02-02","CRAH27","CRA","CRA","CRA",0,"2027-06-16",0,1,97.485,97.49,81,49,0,19580,0,-0.01,97.505,97.515,97.485,0,1848,97.49,168946,0,0,"0000-00-00",0
"2026-02-02","CRAM27","CRA","CRA","CRA",0,"2027-09-15",0,1,97.37,97.375,60,63,0,13243,0,-0.01,97.39,97.4,97.365,0,1568,97.375,96694,0,0,"0000-00-00",0
"2026-02-02","CRAU27","CRA","CRA","CRA",0,"2027-12-15",0,1,97.27,97.28,42,101,0,6966,0,0,97.29,97.3,97.265,0,1300,97.275,68754,0,0,"0000-00-00",0
"2026-02-02","CRAZ27","CRA","CRA","CRA",0,"2028-03-15",0,1,97.19,97.195,30,9,0,5991,0,0,97.215,97.22,97.18,0,896,97.195,83681,0,0,"0000-00-00",0
"2026-02-02","CRAH28","CRA","CRA","CRA",0,"2028-06-21",0,1,97.135,97.145,93,40,0,1402,0,-0.005,97.17,97.17,97.125,0,191,97.14,19185,0,0,"0000-00-00",0
"2026-02-02","CRAM28","CRA","CRA","CRA",0,"2028-09-20",0,1,97.095,0,111,0,0,749,0,-0.005,97.115,97.115,97.05,0,180,97.1,3258,0,0,"2025-09-17",0
"2026-02-02","CRAU28","CRA","CRA","CRA",0,"2028-12-20",0,1,97.055,97.09,5,7,0,10,0,0.005,97.08,97.08,97.075,0,4,97.07,78,0,0,"2025-12-17",0
"2026-02-03","CRAZ25","CRA","CRA","CRA",0,"2026-03-18",0,1,97.725,97.7275,1850,25,0,3429,0,0,97.7275,97.73,97.7275,0,50,97.7275,212218,0,0,"0000-00-00",0
"2026-02-03","CRAH26","CRA","CRA","CRA",0,"2026-06-17",0,1,97.75,97.755,3567,2035,0,2761,0,0,97.75,97.755,97.75,0,330,97.755,188566,0,0,"0000-00-00",0
"2026-02-03","CRAM26","CRA","CRA","CRA",0,"2026-09-16",0,1,97.76,97.765,1034,450,0,12363,0,0,97.76,97.765,97.755,0,2331,97.765,237427,0,0,"0000-00-00",0
"2026-02-03","CRAU26","CRA","CRA","CRA",0,"2026-12-16",0,1,97.71,97.715,875,206,0,24427,0,-0.005,97.72,97.72,97.705,0,1538,97.715,232886,0,0,"0000-00-00",0
"2026-02-03","CRAZ26","CRA","CRA","CRA",0,"2027-03-17",0,1,97.61,97.615,301,278,0,22931,0,-0.01,97.615,97.62,97.6,0,1933,97.61,268885,0,0,"0000-00-00",0
"2026-02-03","CRAH27","CRA","CRA","CRA",0,"2027-06-16",0,1,97.48,97.485,20,56,0,16423,0,-0.005,97.485,97.49,97.47,0,1806,97.48,169203,0,0,"0000-00-00",0
"2026-02-03","CRAM27","CRA","CRA","CRA",0,"2027-09-15",0,1,97.36,97.37,41,62,0,12973,0,-0.005,97.365,97.375,97.35,0,1482,97.36,97663,0,0,"0000-00-00",0
"2026-02-03","CRAU27","CRA","CRA","CRA",0,"2027-12-15",0,1,97.26,97.265,57,27,0,9056,0,-0.01,97.275,97.275,97.255,0,1181,97.26,68547,0,0,"0000-00-00",0
"2026-02-03","CRAZ27","CRA","CRA","CRA",0,"2028-03-15",0,1,97.18,97.185,93,25,0,6547,0,-0.01,97.185,97.19,97.17,0,697,97.18,84312,0,0,"0000-00-00",0
"2026-02-03","CRAH28","CRA","CRA","CRA",0,"2028-06-21",0,1,97.12,0,20,0,0,796,0,-0.01,97.14,97.14,97.12,0,52,97.125,19908,0,0,"0000-00-00",0
"2026-02-03","CRAM28","CRA","CRA","CRA",0,"2028-09-20",0,1,0,0,0,0,0,10,0,-0.015,97.085,97.085,97.085,0,1,97.085,3352,0,0,"2025-09-17",0
"2026-02-03","CRAU28","CRA","CRA","CRA",0,"2028-12-20",0,1,0,0,0,0,0,0,0,0,0,0,0,0,0,97.055,78,0,0,"2025-12-17",0
"2026-02-04","CRAZ25","CRA","CRA","CRA",0,"2026-03-18",0,1,97.72,97.725,2134,4200,0,1924,0,-0.0075,97.7275,97.7275,97.72,0,33,97.725,212331,0,0,"0000-00-00",0
"2026-02-04","CRAH26","CRA","CRA","CRA",0,"2026-06-17",0,1,97.75,97.755,7770,121,0,11697,0,0,97.755,97.755,97.75,0,365,97.755,187083,0,0,"0000-00-00",0
"2026-02-04","CRAM26","CRA","CRA","CRA",0,"2026-09-16",0,1,97.765,97.77,1758,1295,0,19856,0,0.005,97.76,97.77,97.76,0,1302,97.765,239920,0,0,"0000-00-00",0
"2026-02-04","CRAU26","CRA","CRA","CRA",0,"2026-12-16",0,1,97.71,97.72,339,215,0,17821,0,0.005,97.715,97.72,97.705,0,1705,97.71,236863,0,0,"0000-00-00",0
"2026-02-04","CRAZ26","CRA","CRA","CRA",0,"2027-03-17",0,1,97.61,97.615,97,248,0,20230,0,0.005,97.61,97.62,97.595,0,1688,97.605,275904,0,0,"0000-00-00",0
"2026-02-04","CRAH27","CRA","CRA","CRA",0,"2027-06-16",0,1,97.475,97.485,63,87,0,15986,0,0,97.475,97.49,97.455,0,1630,97.475,172052,0,0,"0000-00-00",0
"2026-02-04","CRAM27","CRA","CRA","CRA",0,"2027-09-15",0,1,97.36,97.37,34,49,0,12610,0,0.005,97.36,97.37,97.34,0,1336,97.355,97872,0,0,"0000-00-00",0
"2026-02-04","CRAU27","CRA","CRA","CRA",0,"2027-12-15",0,1,97.265,97.27,24,31,0,7356,0,0.005,97.265,97.275,97.24,0,1057,97.255,68841,0,0,"0000-00-00",0
"2026-02-04","CRAZ27","CRA","CRA","CRA",0,"2028-03-15",0,1,97.18,97.185,29,7,0,6209,0,0.005,97.18,97.195,97.16,0,943,97.175,83714,0,0,"0000-00-00",0
"2026-02-04","CRAH28","CRA","CRA","CRA",0,"2028-06-21",0,1,97.13,97.135,4,24,0,590,0,0,97.125,97.135,97.105,0,117,97.125,19978,0,0,"0000-00-00",0
"2026-02-04","CRAM28","CRA","CRA","CRA",0,"2028-09-20",0,1,0,0,0,0,0,371,0,-0.01,97.075,97.075,97.07,0,34,97.085,3352,0,0,"2025-09-17",0
"2026-02-04","CRAU28","CRA","CRA","CRA",0,"2028-12-20",0,1,0,0,0,0,0,0,0,0,0,0,0,0,0,97.055,78,0,0,"2025-12-17",0
"2026-02-05","CRAZ25","CRA","CRA","CRA",0,"2026-03-18",0,1,97.72,97.7225,549,2411,97.7225,7087,97.725,-0.0025,97.7225,97.7225,97.72,692503,120,97.7225,212293,0,0,"0000-00-00",0
"2026-02-05","CRAH26","CRA","CRA","CRA",0,"2026-06-17",0,1,97.76,97.765,71,2202,97.76,24402,97.755,0.005,97.755,97.765,97.755,2385073,831,97.76,188443,0,0,"0000-00-00",0
"2026-02-05","CRAM26","CRA","CRA","CRA",0,"2026-09-16",0,1,97.775,97.78,393,594,97.78,48620,97.765,0.015,97.77,97.785,97.765,4752654,2141,97.775,243458,0,0,"0000-00-00",0
"2026-02-05","CRAU26","CRA","CRA","CRA",0,"2026-12-16",0,1,97.74,97.745,357,107,97.745,29774,97.71,0.035,97.715,97.75,97.71,2908775,1972,97.735,239969,0,0,"0000-00-00",0
"2026-02-05","CRAZ26","CRA","CRA","CRA",0,"2027-03-17",0,1,97.645,97.65,107,127,97.65,42507,97.605,0.045,97.61,97.65,97.605,4148657,2860,97.635,279529,0,0,"0000-00-00",0
"2026-02-05","CRAH27","CRA","CRA","CRA",0,"2027-06-16",0,1,97.515,97.52,60,42,97.52,24291,97.475,0.045,97.48,97.525,97.47,2367509,2499,97.505,170202,0,0,"0000-00-00",0
"2026-02-05","CRAM27","CRA","CRA","CRA",0,"2027-09-15",0,1,97.395,97.405,35,34,97.395,14349,97.355,0.04,97.36,97.41,97.36,1396626,1725,97.385,97674,0,0,"0000-00-00",0
"2026-02-05","CRAU27","CRA","CRA","CRA",0,"2027-12-15",0,1,97.305,97.31,9,34,97.305,11201,97.255,0.05,97.27,97.31,97.26,1089124,1512,97.285,69631,0,0,"0000-00-00",0
"2026-02-05","CRAZ27","CRA","CRA","CRA",0,"2028-03-15",0,1,97.22,97.225,16,16,97.225,7845,97.175,0.05,97.185,97.23,97.18,762217,1087,97.205,84439,0,0,"0000-00-00",0
"2026-02-05","CRAH28","CRA","CRA","CRA",0,"2028-06-21",0,1,97.14,0,5,0,97.15,921,97.125,0.025,97.13,97.17,97.125,89425,184,97.145,20152,0,0,"0000-00-00",0
"2026-02-05","CRAM28","CRA","CRA","CRA",0,"2028-09-20",0,1,0,0,0,0,97.105,199,97.085,0.02,97.12,97.12,97.095,19310,56,97.105,3517,0,0,"2025-09-17",0
"2026-02-05","CRAU28","CRA","CRA","CRA",0,"2028-12-20",0,1,0,0,0,0,0,0,0,0,0,0,0,0,0,97.075,78,0,0,"2025-12-17",0
"2026-02-06","CRAZ25","CRA","CRA","CRA",0,"2026-03-18",0,1,97.7175,97.72,1459,64,97.72,1449,97.7225,-0.0025,97.7225,97.7225,97.72,141574,55,97.72,209751,0,0,"0000-00-00",0
"2026-02-06","CRAH26","CRA","CRA","CRA",0,"2026-06-17",0,1,97.75,97.755,1064,3431,97.755,39435,97.76,-0.005,97.76,97.76,97.745,3854117,1379,97.75,186756,0,0,"0000-00-00",0
"2026-02-06","CRAM26","CRA","CRA","CRA",0,"2026-09-16",0,1,97.77,97.775,438,95,97.775,39890,97.775,0,97.78,97.78,97.74,3898136,3016,97.775,246692,0,0,"0000-00-00",0
"2026-02-06","CRAU26","CRA","CRA","CRA",0,"2026-12-16",0,1,97.735,97.74,122,118,97.74,59406,97.735,0.005,97.745,97.75,97.67,5803449,3539,97.74,240581,0,0,"0000-00-00",0
"2026-02-06","CRAZ26","CRA","CRA","CRA",0,"2027-03-17",0,1,97.64,97.645,148,246,97.645,44324,97.635,0.01,97.645,97.65,97.56,4325319,3453,97.645,284070,0,0,"0000-00-00",0
"2026-02-06","CRAH27","CRA","CRA","CRA",0,"2027-06-16",0,1,97.51,97.52,87,57,97.515,17597,97.505,0.01,97.52,97.525,97.435,1714704,1994,97.515,168614,0,0,"0000-00-00",0
"2026-02-06","CRAM27","CRA","CRA","CRA",0,"2027-09-15",0,1,97.395,97.405,35,45,97.4,22570,97.385,0.015,97.405,97.405,97.32,2196841,2001,97.4,98203,0,0,"0000-00-00",0
"2026-02-06","CRAU27","CRA","CRA","CRA",0,"2027-12-15",0,1,97.295,97.305,30,27,97.3,10212,97.285,0.015,97.305,97.315,97.225,992842,1323,97.3,69991,0,0,"0000-00-00",0
"2026-02-06","CRAZ27","CRA","CRA","CRA",0,"2028-03-15",0,1,97.21,97.22,2,33,97.215,18084,97.205,0.01,97.22,97.235,97.145,1756840,1970,97.21,86529,0,0,"0000-00-00",0
"2026-02-06","CRAH28","CRA","CRA","CRA",0,"2028-06-21",0,1,97.155,97.16,4,10,97.155,1960,97.145,0.01,97.16,97.16,97.09,190284,332,97.155,19470,0,0,"0000-00-00",0
"2026-02-06","CRAM28","CRA","CRA","CRA",0,"2028-09-20",0,1,97.11,97.225,1,50,97.11,656,97.105,0.005,97.08,97.115,97.07,63669,110,97.11,3519,0,0,"2025-09-17",0
"2026-02-06","CRAU28","CRA","CRA","CRA",0,"2028-12-20",0,1,0,0,0,0,97.045,17,97.075,-0.03,97.045,97.045,97.045,1649,8,97.08,78,0,0,"2025-12-17",0
"2026-02-09","CRAZ25","CRA","CRA","CRA",0,"2026-03-18",0,1,97.715,97.7175,5215,121,97.7175,4098,97.72,-0.0025,97.72,97.72,97.7175,400426,41,97.7175,209793,0,0,"0000-00-00",0
"2026-02-09","CRAH26","CRA","CRA","CRA",0,"2026-06-17",0,1,97.755,97.76,1292,1989,97.76,17202,97.75,0.01,97.755,97.76,97.75,1681276,524,97.755,190390,0,0,"0000-00-00",0
"2026-02-09","CRAM26","CRA","CRA","CRA",0,"2026-09-16",0,1,97.785,97.79,348,783,97.79,21681,97.775,0.015,97.77,97.79,97.77,2118954,1699,97.78,240676,0,0,"0000-00-00",0
"2026-02-09","CRAU26","CRA","CRA","CRA",0,"2026-12-16",0,1,97.75,97.755,174,324,97.75,25184,97.74,0.01,97.73,97.755,97.73,2460604,1692,97.745,235773,0,0,"0000-00-00",0
"2026-02-09","CRAZ26","CRA","CRA","CRA",0,"2027-03-17",0,1,97.66,97.665,22,175,97.66,31630,97.645,0.015,97.635,97.665,97.635,3088033,1464,97.655,288338,0,0,"0000-00-00",0
"2026-02-09","CRAH27","CRA","CRA","CRA",0,"2027-06-16",0,1,97.535,97.54,30,75,97.535,17714,97.515,0.02,97.505,97.54,97.505,1727116,1287,97.53,171081,0,0,"0000-00-00",0
"2026-02-09","CRAM27","CRA","CRA","CRA",0,"2027-09-15",0,1,97.415,97.425,56,39,97.42,9113,97.4,0.02,97.39,97.425,97.385,887336,792,97.415,99355,0,0,"0000-00-00",0
"2026-02-09","CRAU27","CRA","CRA","CRA",0,"2027-12-15",0,1,97.315,97.32,141,15,97.32,7844,97.3,0.02,97.28,97.325,97.28,762906,811,97.315,70974,0,0,"0000-00-00",0
"2026-02-09","CRAZ27","CRA","CRA","CRA",0,"2028-03-15",0,1,97.23,97.235,27,181,97.23,9524,97.21,0.02,97.19,97.235,97.19,925506,1078,97.23,91598,0,0,"0000-00-00",0
"2026-02-09","CRAH28","CRA","CRA","CRA",0,"2028-06-21",0,1,97.165,97.175,5,4,97.17,1639,97.155,0.015,97.13,97.18,97.13,159187,182,97.175,20415,0,0,"0000-00-00",0
"2026-02-09","CRAM28","CRA","CRA","CRA",0,"2028-09-20",0,1,0,0,0,0,97.13,428,97.11,0.02,97.1,97.13,97.1,41543,92,97.13,3764,0,0,"2025-09-17",0
"2026-02-09","CRAU28","CRA","CRA","CRA",0,"2028-12-20",0,1,0,0,0,0,0,0,0,0,0,0,0,0,0,97.095,73,0,0,"2025-12-17",0
"2026-02-10","CRAZ25","CRA","CRA","CRA",0,"2026-03-18",0,1,97.715,97.7175,1026,4154,97.715,4827,97.7175,-0.0025,97.715,97.7175,97.715,471653,46,97.7175,211595,0,0,"0000-00-00",0
"2026-02-10","CRAH26","CRA","CRA","CRA",0,"2026-06-17",0,1,97.755,97.76,2741,3659,97.755,14834,97.755,0,97.76,97.76,97.755,1449735,725,97.755,190007,0,0,"0000-00-00",0
"2026-02-10","CRAM26","CRA","CRA","CRA",0,"2026-09-16",0,1,97.78,97.785,100,1749,97.785,33593,97.78,0.005,97.79,97.795,97.78,3283424,2213,97.78,242773,0,0,"0000-00-00",0
"2026-02-10","CRAU26","CRA","CRA","CRA",0,"2026-12-16",0,1,97.75,97.755,37,266,97.75,35644,97.745,0.005,97.755,97.765,97.74,3482599,2783,97.75,229931,0,0,"0000-00-00",0
"2026-02-10","CRAZ26","CRA","CRA","CRA",0,"2027-03-17",0,1,97.66,97.665,339,50,97.665,40313,97.655,0.01,97.665,97.675,97.65,3935533,2544,97.665,284648,0,0,"0000-00-00",0
"2026-02-10","CRAH27","CRA","CRA","CRA",0,"2027-06-16",0,1,97.545,97.55,28,137,97.55,17757,97.53,0.02,97.54,97.555,97.525,1731156,1944,97.545,174398,0,0,"0000-00-00",0
"2026-02-10","CRAM27","CRA","CRA","CRA",0,"2027-09-15",0,1,97.435,97.44,47,110,97.435,14742,97.415,0.02,97.42,97.445,97.42,1435712,1194,97.435,100572,0,0,"0000-00-00",0
"2026-02-10","CRAU27","CRA","CRA","CRA",0,"2027-12-15",0,1,97.335,97.34,24,21,97.34,8835,97.315,0.025,97.32,97.35,97.32,859564,905,97.34,71364,0,0,"0000-00-00",0
"2026-02-10","CRAZ27","CRA","CRA","CRA",0,"2028-03-15",0,1,97.245,97.25,31,8,97.245,14483,97.23,0.015,97.235,97.265,97.235,1407811,1489,97.255,94738,0,0,"0000-00-00",0
"2026-02-10","CRAH28","CRA","CRA","CRA",0,"2028-06-21",0,1,97.18,97.195,24,4,97.18,1456,97.175,0.005,97.175,97.205,97.175,141481,121,97.195,20419,0,0,"0000-00-00",0
"2026-02-10","CRAM28","CRA","CRA","CRA",0,"2028-09-20",0,1,97.14,0,15,0,97.165,147,97.13,0.035,97.14,97.165,97.13,14275,28,97.15,3954,0,0,"2025-09-17",0
"2026-02-10","CRAU28","CRA","CRA","CRA",0,"2028-12-20",0,1,0,0,0,0,0,50,0,0,0,0,0,4856,2,97.115,73,0,0,"2025-12-17",0
"2026-02-11","CRAZ25","CRA","CRA","CRA",0,"2026-03-18",0,1,97.7175,97.72,970,1330,97.7175,3483,97.7175,0,97.715,97.7175,97.715,340334,36,97.7175,215715,0,0,"0000-00-00",0
"2026-02-11","CRAH26","CRA","CRA","CRA",0,"2026-06-17",0,1,97.755,97.76,1620,2420,97.755,32252,97.755,0,97.76,97.765,97.755,3152307,1088,97.76,189270,0,0,"0000-00-00",0
"2026-02-11","CRAM26","CRA","CRA","CRA",0,"2026-09-16",0,1,97.785,97.79,679,272,97.79,33834,97.78,0.01,97.785,97.8,97.765,3307059,2522,97.795,234926,0,0,"0000-00-00",0
"2026-02-11","CRAU26","CRA","CRA","CRA",0,"2026-12-16",0,1,97.765,97.77,236,454,97.765,36062,97.75,0.015,97.76,97.78,97.735,3523803,2998,97.77,224323,0,0,"0000-00-00",0
"2026-02-11","CRAZ26","CRA","CRA","CRA",0,"2027-03-17",0,1,97.68,97.685,439,195,97.685,49370,97.665,0.02,97.67,97.695,97.645,4820824,2967,97.685,279143,0,0,"0000-00-00",0
"2026-02-11","CRAH27","CRA","CRA","CRA",0,"2027-06-16",0,1,97.57,97.575,68,146,97.575,35811,97.545,0.03,97.55,97.585,97.52,3492450,2772,97.575,175514,0,0,"0000-00-00",0
"2026-02-11","CRAM27","CRA","CRA","CRA",0,"2027-09-15",0,1,97.46,97.465,80,574,97.465,18648,97.435,0.03,97.435,97.475,97.41,1816319,1641,97.465,104759,0,0,"0000-00-00",0
"2026-02-11","CRAU27","CRA","CRA","CRA",0,"2027-12-15",0,1,97.36,97.365,17,45,97.36,9005,97.34,0.02,97.345,97.37,97.31,876111,1132,97.365,73528,0,0,"0000-00-00",0
"2026-02-11","CRAZ27","CRA","CRA","CRA",0,"2028-03-15",0,1,97.27,97.28,10,12,97.275,10247,97.255,0.02,97.25,97.285,97.22,996031,1438,97.275,99464,0,0,"0000-00-00",0
"2026-02-11","CRAH28","CRA","CRA","CRA",0,"2028-06-21",0,1,97.21,0,25,0,97.22,796,97.195,0.025,97.19,97.22,97.16,77345,102,97.22,20487,0,0,"0000-00-00",0
"2026-02-11","CRAM28","CRA","CRA","CRA",0,"2028-09-20",0,1,97.175,0,8,0,97.175,722,97.15,0.025,97.165,97.175,97.165,70125,89,97.175,3967,0,0,"2025-09-17",0
"2026-02-11","CRAU28","CRA","CRA","CRA",0,"2028-12-20",0,1,0,0,0,0,0,50,0,0,0,0,0,4857,1,97.14,123,0,0,"2025-12-17",0
"2026-02-12","CRAZ25","CRA","CRA","CRA",0,"2026-03-18",0,1,97.7175,97.72,4032,5965,97.72,5918,97.7175,0.0025,97.7175,97.72,97.7175,578298,27,97.7175,217690,0,0,"0000-00-00",0
"2026-02-12","CRAH26","CRA","CRA","CRA",0,"2026-06-17",0,1,97.76,97.765,1933,173,97.765,10755,97.76,0.005,97.755,97.765,97.755,1051180,441,97.765,201639,0,0,"0000-00-00",0
"2026-02-12","CRAM26","CRA","CRA","CRA",0,"2026-09-16",0,1,97.805,97.81,495,1836,97.805,31223,97.795,0.01,97.79,97.81,97.79,3052281,2207,97.8,236470,0,0,"0000-00-00",0
"2026-02-12","CRAU26","CRA","CRA","CRA",0,"2026-12-16",0,1,97.785,97.79,113,113,97.79,28773,97.77,0.02,97.765,97.795,97.76,2812209,2199,97.785,225887,0,0,"0000-00-00",0
"2026-02-12","CRAZ26","CRA","CRA","CRA",0,"2027-03-17",0,1,97.705,97.71,159,35,97.71,31558,97.685,0.025,97.685,97.72,97.68,3082097,2347,97.71,279356,0,0,"0000-00-00",0
"2026-02-12","CRAH27","CRA","CRA","CRA",0,"2027-06-16",0,1,97.605,97.61,86,11,97.61,19604,97.575,0.035,97.57,97.615,97.57,1912305,2094,97.61,175655,0,0,"0000-00-00",0
"2026-02-12","CRAM27","CRA","CRA","CRA",0,"2027-09-15",0,1,97.51,97.52,30,85,97.52,13809,97.465,0.055,97.46,97.52,97.46,1345704,1279,97.51,105583,0,0,"0000-00-00",0
"2026-02-12","CRAU27","CRA","CRA","CRA",0,"2027-12-15",0,1,97.415,0,5,0,97.42,10345,97.365,0.055,97.36,97.425,97.36,1006868,1422,97.415,71397,0,0,"0000-00-00",0
"2026-02-12","CRAZ27","CRA","CRA","CRA",0,"2028-03-15",0,1,97.335,97.34,21,23,97.34,11407,97.275,0.065,97.275,97.34,97.27,1109309,1443,97.33,100792,0,0,"0000-00-00",0
"2026-02-12","CRAH28","CRA","CRA","CRA",0,"2028-06-21",0,1,97.145,0,5,0,97.27,1566,97.22,0.05,97.22,97.27,97.22,152239,123,97.27,21043,0,0,"0000-00-00",0
"2026-02-12","CRAM28","CRA","CRA","CRA",0,"2028-09-20",0,1,0,0,0,0,97.225,778,97.175,0.05,97.185,97.225,97.185,75596,74,97.225,4442,0,0,"2025-09-17",0
"2026-02-12","CRAU28","CRA","CRA","CRA",0,"2028-12-20",0,1,0,0,0,0,0,0,0,0,0,0,0,0,0,97.19,173,0,0,"2025-12-17",0
"2026-02-13","CRAZ25","CRA","CRA","CRA",0,"2026-03-18",0,1,97.72,97.7225,245,4582,97.7225,6069,97.7175,0.005,97.72,97.7225,97.7175,593049,40,97.72,222424,0,0,"0000-00-00",0
"2026-02-13","CRAH26","CRA","CRA","CRA",0,"2026-06-17",0,1,97.76,97.765,2318,1992,97.765,22331,97.765,0,97.765,97.775,97.755,2182585,1038,97.765,196769,0,0,"0000-00-00",0
"2026-02-13","CRAM26","CRA","CRA","CRA",0,"2026-09-16",0,1,97.8,97.805,374,23,97.805,36840,97.8,0.005,97.8,97.82,97.795,3602061,2043,97.805,243313,0,0,"0000-00-00",0
"2026-02-13","CRAU26","CRA","CRA","CRA",0,"2026-12-16",0,1,97.79,97.8,898,671,97.8,41528,97.785,0.015,97.775,97.81,97.775,4059592,2826,97.795,226439,0,0,"0000-00-00",0
"2026-02-13","CRAZ26","CRA","CRA","CRA",0,"2027-03-17",0,1,97.72,97.725,164,216,97.72,59591,97.71,0.01,97.7,97.75,97.7,5821322,3857,97.725,266835,0,0,"0000-00-00",0
"2026-02-13","CRAH27","CRA","CRA","CRA",0,"2027-06-16",0,1,97.625,97.63,224,34,97.63,28070,97.61,0.02,97.605,97.66,97.6,2739056,2843,97.635,174337,0,0,"0000-00-00",0
"2026-02-13","CRAM27","CRA","CRA","CRA",0,"2027-09-15",0,1,97.535,97.54,93,81,97.54,22176,97.51,0.03,97.515,97.575,97.505,2162052,2230,97.545,103570,0,0,"0000-00-00",0
"2026-02-13","CRAU27","CRA","CRA","CRA",0,"2027-12-15",0,1,97.445,97.455,111,97,97.45,13152,97.415,0.035,97.42,97.49,97.405,1280716,1734,97.455,71704,0,0,"0000-00-00",0
"2026-02-13","CRAZ27","CRA","CRA","CRA",0,"2028-03-15",0,1,97.37,97.375,47,49,97.375,10844,97.33,0.045,97.345,97.415,97.325,1055111,1638,97.375,103523,0,0,"0000-00-00",0
"2026-02-13","CRAH28","CRA","CRA","CRA",0,"2028-06-21",0,1,97.31,97.32,15,5,97.325,964,97.27,0.055,97.285,97.355,97.285,93732,199,97.32,21992,0,0,"0000-00-00",0
"2026-02-13","CRAM28","CRA","CRA","CRA",0,"2028-09-20",0,1,97.26,0,11,0,97.28,284,97.225,0.055,97.245,97.305,97.245,27616,48,97.275,4770,0,0,"2025-09-17",0
"2026-02-13","CRAU28","CRA","CRA","CRA",0,"2028-12-20",0,1,0,0,0,0,0,0,0,0,0,0,0,0,0,97.24,173,0,0,"2025-12-17",0
"2026-02-17","CRAZ25","CRA","CRA","CRA",0,"2026-03-18",0,1,97.7175,97.72,1745,100,0,8988,0,0,97.7225,97.725,97.72,0,128,97.72,227678,0,0,"0000-00-00",0
"2026-02-17","CRAH26","CRA","CRA","CRA",0,"2026-06-17",0,1,97.765,97.77,3741,3526,0,19175,0,0,97.76,97.77,97.755,0,959,97.77,200604,0,0,"0000-00-00",0
"2026-02-17","CRAM26","CRA","CRA","CRA",0,"2026-09-16",0,1,97.805,97.81,748,689,0,41171,0,0.005,97.81,97.835,97.8,0,2464,97.81,242192,0,0,"0000-00-00",0
"2026-02-17","CRAU26","CRA","CRA","CRA",0,"2026-12-16",0,1,97.81,97.815,512,788,0,51113,0,0.02,97.795,97.85,97.795,0,3640,97.81,231440,0,0,"0000-00-00",0
"2026-02-17","CRAZ26","CRA","CRA","CRA",0,"2027-03-17",0,1,97.755,97.76,276,623,0,46402,0,0.03,97.73,97.78,97.73,0,3360,97.755,267041,0,0,"0000-00-00",0
"2026-02-17","CRAH27","CRA","CRA","CRA",0,"2027-06-16",0,1,97.67,97.68,78,62,0,30538,0,0.045,97.645,97.69,97.64,0,3386,97.67,172387,0,0,"0000-00-00",0
"2026-02-17","CRAM27","CRA","CRA","CRA",0,"2027-09-15",0,1,97.585,97.59,68,148,0,16518,0,0.045,97.56,97.605,97.555,0,1780,97.585,106178,0,0,"0000-00-00",0
"2026-02-17","CRAU27","CRA","CRA","CRA",0,"2027-12-15",0,1,97.505,97.51,40,18,0,11473,0,0.055,97.47,97.52,97.465,0,1881,97.505,71031,0,0,"0000-00-00",0
"2026-02-17","CRAZ27","CRA","CRA","CRA",0,"2028-03-15",0,1,97.43,97.435,24,48,0,13176,0,0.055,97.395,97.445,97.385,0,1625,97.425,104415,0,0,"0000-00-00",0
"2026-02-17","CRAH28","CRA","CRA","CRA",0,"2028-06-21",0,1,0,0,0,0,0,1070,0,0.05,97.335,97.38,97.335,0,298,97.37,22470,0,0,"0000-00-00",0
"2026-02-17","CRAM28","CRA","CRA","CRA",0,"2028-09-20",0,1,0,0,0,0,0,60,0,0.05,97.325,97.325,97.325,0,14,97.325,5006,0,0,"2025-09-17",0
"2026-02-17","CRAU28","CRA","CRA","CRA",0,"2028-12-20",0,1,0,0,0,0,0,0,0,0,0,0,0,0,0,97.29,173,0,0,"2025-12-17",0
"2026-02-18","CRAZ25","CRA","CRA","CRA",0,"2026-03-18",0,1,97.7175,97.72,5072,830,0,4550,0,0,97.72,97.72,97.72,0,26,97.72,230961,0,0,"0000-00-00",0
"2026-02-18","CRAH26","CRA","CRA","CRA",0,"2026-06-17",0,1,97.765,97.77,720,4684,0,12811,0,-0.005,97.77,97.77,97.765,0,678,97.765,201508,0,0,"0000-00-00",0
"2026-02-18","CRAM26","CRA","CRA","CRA",0,"2026-09-16",0,1,97.81,97.815,155,627,0,34557,0,0,97.81,97.815,97.805,0,1846,97.81,240512,0,0,"0000-00-00",0
"2026-02-18","CRAU26","CRA","CRA","CRA",0,"2026-12-16",0,1,97.815,97.82,56,167,0,31245,0,0.005,97.815,97.82,97.81,0,1916,97.82,226555,0,0,"0000-00-00",0
"2026-02-18","CRAZ26","CRA","CRA","CRA",0,"2027-03-17",0,1,97.765,97.77,204,128,0,24841,0,0.01,97.765,97.77,97.755,0,2335,97.77,273981,0,0,"0000-00-00",0
"2026-02-18","CRAH27","CRA","CRA","CRA",0,"2027-06-16",0,1,97.69,97.695,300,58,0,18941,0,0.02,97.675,97.695,97.67,0,1765,97.69,174084,0,0,"0000-00-00",0
"2026-02-18","CRAM27","CRA","CRA","CRA",0,"2027-09-15",0,1,97.61,97.615,147,60,0,14876,0,0.025,97.595,97.615,97.585,0,1743,97.61,107504,0,0,"0000-00-00",0
"2026-02-18","CRAU27","CRA","CRA","CRA",0,"2027-12-15",0,1,97.525,97.53,105,58,0,5118,0,0.02,97.505,97.53,97.5,0,907,97.53,71837,0,0,"0000-00-00",0
"2026-02-18","CRAZ27","CRA","CRA","CRA",0,"2028-03-15",0,1,97.45,97.455,88,61,0,11240,0,0.03,97.425,97.46,97.425,0,1600,97.455,105059,0,0,"0000-00-00",0
"2026-02-18","CRAH28","CRA","CRA","CRA",0,"2028-06-21",0,1,97.39,0,20,0,0,3526,0,0.03,97.37,97.4,97.37,0,346,97.4,22708,0,0,"0000-00-00",0
"2026-02-18","CRAM28","CRA","CRA","CRA",0,"2028-09-20",0,1,97.34,0,50,0,0,1307,0,0.02,97.34,97.345,97.335,0,220,97.355,5011,0,0,"2025-09-17",0
"2026-02-18","CRAU28","CRA","CRA","CRA",0,"2028-12-20",0,1,0,0,0,0,0,0,0,0,0,0,0,0,0,97.32,173,0,0,"2025-12-17",0
"2026-02-19","CRAZ25","CRA","CRA","CRA",0,"2026-03-18",0,1,97.7175,97.72,8164,1987,0,4465,0,0,97.72,97.72,97.72,0,33,97.72,235139,0,0,"0000-00-00",0
"2026-02-19","CRAH26","CRA","CRA","CRA",0,"2026-06-17",0,1,97.76,97.765,312,3188,0,19433,0,-0.005,97.765,97.765,97.755,0,1014,97.76,197475,0,0,"0000-00-00",0
"2026-02-19","CRAM26","CRA","CRA","CRA",0,"2026-09-16",0,1,97.805,97.81,813,287,0,27951,0,0,97.805,97.81,97.8,0,1940,97.81,232783,0,0,"0000-00-00",0
"2026-02-19","CRAU26","CRA","CRA","CRA",0,"2026-12-16",0,1,97.81,97.815,136,62,0,25701,0,-0.005,97.81,97.815,97.8,0,1986,97.815,225626,0,0,"0000-00-00",0
"2026-02-19","CRAZ26","CRA","CRA","CRA",0,"2027-03-17",0,1,97.765,97.77,118,153,0,23228,0,0,97.755,97.77,97.75,0,2425,97.77,276320,0,0,"0000-00-00",0
"2026-02-19","CRAH27","CRA","CRA","CRA",0,"2027-06-16",0,1,97.69,97.695,61,41,0,24291,0,0,97.67,97.7,97.67,0,2271,97.69,175123,0,0,"0000-00-00",0
"2026-02-19","CRAM27","CRA","CRA","CRA",0,"2027-09-15",0,1,97.61,97.615,163,25,0,18709,0,0.005,97.59,97.615,97.59,0,2015,97.61,111547,0,0,"0000-00-00",0
"2026-02-19","CRAU27","CRA","CRA","CRA",0,"2027-12-15",0,1,97.53,97.535,34,53,0,7052,0,0,97.515,97.535,97.505,0,1367,97.535,71178,0,0,"0000-00-00",0
"2026-02-19","CRAZ27","CRA","CRA","CRA",0,"2028-03-15",0,1,97.455,97.465,31,15,0,8246,0,0,97.44,97.46,97.435,0,1297,97.46,104352,0,0,"0000-00-00",0
"2026-02-19","CRAH28","CRA","CRA","CRA",0,"2028-06-21",0,1,97.4,97.405,6,6,0,2182,0,0,97.38,97.4,97.38,0,369,97.405,24326,0,0,"0000-00-00",0
"2026-02-19","CRAM28","CRA","CRA","CRA",0,"2028-09-20",0,1,97.35,97.365,25,1,0,926,0,-0.01,97.34,97.355,97.335,0,158,97.355,5617,0,0,"2025-09-17",0
"2026-02-19","CRAU28","CRA","CRA","CRA",0,"2028-12-20",0,1,0,0,0,0,0,8,0,0,97.32,97.32,97.32,0,1,97.315,173,0,0,"2025-12-17",0
"2026-02-20","CRAZ25","CRA","CRA","CRA",0,"2026-03-18",0,1,97.7175,97.72,8649,386,0,2508,0,0,97.72,97.72,97.72,0,21,97.72,235457,0,0,"0000-00-00",0
"2026-02-20","CRAH26","CRA","CRA","CRA",0,"2026-06-17",0,1,97.755,97.76,2378,3887,0,25680,0,-0.005,97.76,97.765,97.75,0,1302,97.755,195429,0,0,"0000-00-00",0
"2026-02-20","CRAM26","CRA","CRA","CRA",0,"2026-09-16",0,1,97.805,97.81,240,428,0,26094,0,-0.005,97.81,97.815,97.795,0,2271,97.805,238997,0,0,"0000-00-00",0
"2026-02-20","CRAU26","CRA","CRA","CRA",0,"2026-12-16",0,1,97.81,97.815,100,149,0,28824,0,-0.005,97.815,97.82,97.795,0,2794,97.81,229003,0,0,"0000-00-00",0
"2026-02-20","CRAZ26","CRA","CRA","CRA",0,"2027-03-17",0,1,97.765,97.77,59,92,0,41144,0,0,97.77,97.775,97.745,0,3292,97.76,280164,0,0,"0000-00-00",0
"2026-02-20","CRAH27","CRA","CRA","CRA",0,"2027-06-16",0,1,97.69,97.695,28,49,0,28115,0,0,97.695,97.705,97.67,0,3221,97.685,181280,0,0,"0000-00-00",0
"2026-02-20","CRAM27","CRA","CRA","CRA",0,"2027-09-15",0,1,97.61,97.615,97,48,0,19647,0,0,97.615,97.625,97.6,0,2628,97.61,114225,0,0,"0000-00-00",0
"2026-02-20","CRAU27","CRA","CRA","CRA",0,"2027-12-15",0,1,97.535,97.545,94,161,0,12142,0,0.005,97.53,97.555,97.525,0,2114,97.535,72096,0,0,"0000-00-00",0
"2026-02-20","CRAZ27","CRA","CRA","CRA",0,"2028-03-15",0,1,97.465,97.47,2,56,0,9219,0,0.005,97.455,97.475,97.455,0,1166,97.465,106920,0,0,"0000-00-00",0
"2026-02-20","CRAH28","CRA","CRA","CRA",0,"2028-06-21",0,1,97.385,0,2,0,0,458,0,0.01,97.41,97.425,97.4,0,160,97.41,25973,0,0,"0000-00-00",0
"2026-02-20","CRAM28","CRA","CRA","CRA",0,"2028-09-20",0,1,97.35,0,18,0,0,91,0,0.01,97.365,97.375,97.36,0,35,97.36,6355,0,0,"2025-09-17",0
"2026-02-20","CRAU28","CRA","CRA","CRA",0,"2028-12-20",0,1,0,0,0,0,0,16,0,0,0,0,0,0,4,97.32,173,0,0,"2025-12-17",0
"2026-02-23","CRAZ25","CRA","CRA","CRA",0,"2026-03-18",0,1,97.715,97.72,3579,11263,0,10689,0,0,97.7175,97.72,97.7175,0,83,97.72,236657,0,0,"0000-00-00",0
"2026-02-23","CRAH26","CRA","CRA","CRA",0,"2026-06-17",0,1,97.75,97.755,1672,2188,0,20789,0,0,97.76,97.76,97.745,0,1284,97.75,196632,0,0,"0000-00-00",0
"2026-02-23","CRAM26","CRA","CRA","CRA",0,"2026-09-16",0,1,97.8,97.805,577,1395,0,24757,0,-0.005,97.805,97.81,97.79,0,2364,97.795,237914,0,0,"0000-00-00",0
"2026-02-23","CRAU26","CRA","CRA","CRA",0,"2026-12-16",0,1,97.805,97.81,325,290,0,23335,0,0,97.815,97.815,97.795,0,2831,97.8,227267,0,0,"0000-00-00",0
"2026-02-23","CRAZ26","CRA","CRA","CRA",0,"2027-03-17",0,1,97.765,97.77,264,283,0,39917,0,0.01,97.77,97.775,97.75,0,3106,97.76,275584,0,0,"0000-00-00",0
"2026-02-23","CRAH27","CRA","CRA","CRA",0,"2027-06-16",0,1,97.7,97.71,46,107,0,25564,0,0.02,97.695,97.71,97.68,0,2822,97.695,180543,0,0,"0000-00-00",0
"2026-02-23","CRAM27","CRA","CRA","CRA",0,"2027-09-15",0,1,97.635,97.64,85,10,0,18382,0,0.03,97.62,97.645,97.61,0,2250,97.63,113787,0,0,"0000-00-00",0
"2026-02-23","CRAU27","CRA","CRA","CRA",0,"2027-12-15",0,1,97.57,97.58,36,31,0,10304,0,0.04,97.545,97.58,97.545,0,2122,97.57,72085,0,0,"0000-00-00",0
"2026-02-23","CRAZ27","CRA","CRA","CRA",0,"2028-03-15",0,1,97.505,97.51,24,9,0,9204,0,0.045,97.475,97.515,97.47,0,1388,97.51,109214,0,0,"0000-00-00",0
"2026-02-23","CRAH28","CRA","CRA","CRA",0,"2028-06-21",0,1,97.44,0,20,0,0,1265,0,0.045,97.43,97.455,97.43,0,199,97.46,26105,0,0,"0000-00-00",0
"2026-02-23","CRAM28","CRA","CRA","CRA",0,"2028-09-20",0,1,97.375,0,2,0,0,366,0,0.045,97.375,97.415,97.375,0,59,97.42,6358,0,0,"2025-09-17",0
"2026-02-23","CRAU28","CRA","CRA","CRA",0,"2028-12-20",0,1,0,0,0,0,0,0,0,0,0,0,0,0,0,97.385,173,0,0,"2025-12-17",0
"2026-02-24","CRAZ25","CRA","CRA","CRA",0,"2026-03-18",0,1,97.715,97.7175,6047,748,0,249,0,-0.005,97.7175,97.7175,97.715,0,4,97.7175,245076,0,0,"0000-00-00",0
"2026-02-24","CRAH26","CRA","CRA","CRA",0,"2026-06-17",0,1,97.745,97.75,1169,6393,0,26061,0,-0.005,97.75,97.755,97.745,0,877,97.745,203404,0,0,"0000-00-00",0
"2026-02-24","CRAM26","CRA","CRA","CRA",0,"2026-09-16",0,1,97.785,97.79,322,273,0,18051,0,-0.01,97.8,97.805,97.785,0,2526,97.8,239177,0,0,"0000-00-00",0
"2026-02-24","CRAU26","CRA","CRA","CRA",0,"2026-12-16",0,1,97.785,97.79,83,84,0,14895,0,-0.015,97.805,97.81,97.785,0,1349,97.805,230422,0,0,"0000-00-00",0
"2026-02-24","CRAZ26","CRA","CRA","CRA",0,"2027-03-17",0,1,97.745,97.75,232,129,0,21144,0,-0.01,97.76,97.77,97.75,0,3200,97.765,265861,0,0,"0000-00-00",0
"2026-02-24","CRAH27","CRA","CRA","CRA",0,"2027-06-16",0,1,97.68,97.685,94,13,0,14233,0,-0.01,97.7,97.71,97.685,0,1377,97.705,178951,0,0,"0000-00-00",0
"2026-02-24","CRAM27","CRA","CRA","CRA",0,"2027-09-15",0,1,97.62,97.625,75,52,0,19163,0,-0.005,97.635,97.65,97.625,0,1703,97.645,115159,0,0,"0000-00-00",0
"2026-02-24","CRAU27","CRA","CRA","CRA",0,"2027-12-15",0,1,97.56,97.57,102,432,0,11888,0,-0.005,97.565,97.59,97.565,0,1339,97.585,72834,0,0,"0000-00-00",0
"2026-02-24","CRAZ27","CRA","CRA","CRA",0,"2028-03-15",0,1,97.5,97.51,26,32,0,7080,0,-0.005,97.5,97.525,97.5,0,1065,97.525,110999,0,0,"0000-00-00",0
"2026-02-24","CRAH28","CRA","CRA","CRA",0,"2028-06-21",0,1,97.455,0,49,0,0,3147,0,-0.005,97.455,97.475,97.45,0,521,97.475,26241,0,0,"0000-00-00",0
"2026-02-24","CRAM28","CRA","CRA","CRA",0,"2028-09-20",0,1,0,0,0,0,0,1267,0,-0.005,97.41,97.425,97.41,0,248,97.43,6359,0,0,"2025-09-17",0
"2026-02-24","CRAU28","CRA","CRA","CRA",0,"2028-12-20",0,1,0,0,0,0,0,100,0,0,0,0,0,0,2,97.395,173,0,0,"2025-12-17",0
"2026-02-25","CRAZ25","CRA","CRA","CRA",0,"2026-03-18",0,1,97.715,97.7175,3700,2589,0,654,0,0,97.7175,97.7175,97.7175,0,15,97.7175,245076,0,0,"0000-00-00",0
"2026-02-25","CRAH26","CRA","CRA","CRA",0,"2026-06-17",0,1,97.74,97.745,6631,6695,0,13437,0,0,97.745,97.745,97.74,0,1082,97.74,210599,0,0,"0000-00-00",0
"2026-02-25","CRAM26","CRA","CRA","CRA",0,"2026-09-16",0,1,97.785,97.79,826,438,0,27659,0,-0.01,97.785,97.79,97.775,0,2107,97.79,243623,0,0,"0000-00-00",0
"2026-02-25","CRAU26","CRA","CRA","CRA",0,"2026-12-16",0,1,97.78,97.785,219,120,0,27206,0,-0.02,97.785,97.79,97.775,0,2107,97.79,233040,0,0,"0000-00-00",0
"2026-02-25","CRAZ26","CRA","CRA","CRA",0,"2027-03-17",0,1,97.735,97.74,99,185,0,32966,0,-0.03,97.745,97.75,97.73,0,2339,97.745,271794,0,0,"0000-00-00",0
"2026-02-25","CRAH27","CRA","CRA","CRA",0,"2027-06-16",0,1,97.665,97.67,158,66,0,18961,0,-0.035,97.68,97.685,97.665,0,1647,97.68,177384,0,0,"0000-00-00",0
"2026-02-25","CRAM27","CRA","CRA","CRA",0,"2027-09-15",0,1,97.6,97.605,33,108,0,14382,0,-0.045,97.62,97.625,97.6,0,1438,97.615,116482,0,0,"0000-00-00",0
"2026-02-25","CRAU27","CRA","CRA","CRA",0,"2027-12-15",0,1,97.535,97.54,84,11,0,14234,0,-0.045,97.56,97.565,97.535,0,1590,97.555,77172,0,0,"0000-00-00",0
"2026-02-25","CRAZ27","CRA","CRA","CRA",0,"2028-03-15",0,1,97.475,97.48,47,25,0,15747,0,-0.045,97.505,97.505,97.48,0,2959,97.49,112754,0,0,"0000-00-00",0
"2026-02-25","CRAH28","CRA","CRA","CRA",0,"2028-06-21",0,1,97.4,0,2,0,0,1687,0,-0.035,97.445,97.45,97.435,0,250,97.44,26552,0,0,"0000-00-00",0
"2026-02-25","CRAM28","CRA","CRA","CRA",0,"2028-09-20",0,1,97.395,97.4,40,3,0,1897,0,-0.035,97.405,97.41,97.395,0,221,97.4,6060,0,0,"2025-09-17",0
"2026-02-25","CRAU28","CRA","CRA","CRA",0,"2028-12-20",0,1,0,0,0,0,0,246,0,-0.035,97.365,97.365,97.36,0,12,97.365,273,0,0,"2025-12-17",0
"2026-02-26","CRAZ25","CRA","CRA","CRA",0,"2026-03-18",0,1,97.715,97.7175,4356,6777,0,144,0,-0.0025,97.7175,97.7175,97.715,0,4,97.7175,244697,0,0,"0000-00-00",0
"2026-02-26","CRAH26","CRA","CRA","CRA",0,"2026-06-17",0,1,97.745,97.75,3143,8260,0,11769,0,0.005,97.745,97.75,97.74,0,669,97.75,209225,0,0,"0000-00-00",0
"2026-02-26","CRAM26","CRA","CRA","CRA",0,"2026-09-16",0,1,97.79,97.795,1920,1009,0,20562,0,0,97.79,97.8,97.79,0,1868,97.795,247164,0,0,"0000-00-00",0
"2026-02-26","CRAU26","CRA","CRA","CRA",0,"2026-12-16",0,1,97.795,97.8,311,168,0,16615,0,0.005,97.79,97.805,97.785,0,1496,97.8,236604,0,0,"0000-00-00",0
"2026-02-26","CRAZ26","CRA","CRA","CRA",0,"2027-03-17",0,1,97.755,97.76,273,112,0,21565,0,0.015,97.74,97.765,97.735,0,1831,97.76,273646,0,0,"0000-00-00",0
"2026-02-26","CRAH27","CRA","CRA","CRA",0,"2027-06-16",0,1,97.69,97.695,203,49,0,14720,0,0.015,97.675,97.7,97.67,0,1584,97.695,183405,0,0,"0000-00-00",0
"2026-02-26","CRAM27","CRA","CRA","CRA",0,"2027-09-15",0,1,97.63,97.635,50,105,0,15704,0,0.02,97.615,97.64,97.605,0,1642,97.63,117276,0,0,"0000-00-00",0
"2026-02-26","CRAU27","CRA","CRA","CRA",0,"2027-12-15",0,1,97.565,97.575,73,57,0,9220,0,0.015,97.55,97.58,97.54,0,1301,97.57,77955,0,0,"0000-00-00",0
"2026-02-26","CRAZ27","CRA","CRA","CRA",0,"2028-03-15",0,1,97.505,97.51,47,53,0,16745,0,0.02,97.485,97.515,97.48,0,1632,97.505,117385,0,0,"0000-00-00",0
"2026-02-26","CRAH28","CRA","CRA","CRA",0,"2028-06-21",0,1,97.455,97.465,56,17,0,1184,0,0.02,97.44,97.47,97.43,0,203,97.46,26902,0,0,"0000-00-00",0
"2026-02-26","CRAM28","CRA","CRA","CRA",0,"2028-09-20",0,1,97.415,97.425,75,24,0,4143,0,0.02,97.39,97.425,97.39,0,427,97.42,6614,0,0,"2025-09-17",0
"2026-02-26","CRAU28","CRA","CRA","CRA",0,"2028-12-20",0,1,0,0,0,0,0,2,0,0.01,97.37,97.375,97.37,0,2,97.385,406,0,0,"2025-12-17",0
"2026-02-27","CRAZ25","CRA","CRA","CRA",0,"2026-03-18",0,1,97.715,97.7175,3453,3168,0,6916,0,0,97.7175,97.7175,97.7175,0,34,97.7175,244592,0,0,"0000-00-00",0
"2026-02-27","CRAH26","CRA","CRA","CRA",0,"2026-06-17",0,1,97.75,97.755,3608,5147,0,17869,0,0,97.75,97.755,97.745,0,714,97.75,209390,0,0,"0000-00-00",0
"2026-02-27","CRAM26","CRA","CRA","CRA",0,"2026-09-16",0,1,97.81,97.815,86,344,0,28983,0,0.02,97.795,97.815,97.795,0,2098,97.8,242628,0,0,"0000-00-00",0
"2026-02-27","CRAU26","CRA","CRA","CRA",0,"2026-12-16",0,1,97.825,97.83,120,186,0,30195,0,0.03,97.805,97.83,97.8,0,2932,97.815,234386,0,0,"0000-00-00",0
"2026-02-27","CRAZ26","CRA","CRA","CRA",0,"2027-03-17",0,1,97.79,97.8,157,134,0,36692,0,0.035,97.765,97.8,97.765,0,3226,97.785,275371,0,0,"0000-00-00",0
"2026-02-27","CRAH27","CRA","CRA","CRA",0,"2027-06-16",0,1,97.735,97.74,65,68,0,19913,0,0.04,97.7,97.74,97.7,0,1655,97.735,182978,0,0,"0000-00-00",0
"2026-02-27","CRAM27","CRA","CRA","CRA",0,"2027-09-15",0,1,97.675,97.68,12,70,0,14836,0,0.045,97.64,97.68,97.64,0,1474,97.68,116334,0,0,"0000-00-00",0
"2026-02-27","CRAU27","CRA","CRA","CRA",0,"2027-12-15",0,1,97.615,97.62,46,53,0,12084,0,0.05,97.58,97.62,97.575,0,1531,97.62,79100,0,0,"0000-00-00",0
"2026-02-27","CRAZ27","CRA","CRA","CRA",0,"2028-03-15",0,1,97.555,97.56,47,22,0,6968,0,0.055,97.515,97.56,97.515,0,906,97.56,119172,0,0,"0000-00-00",0
"2026-02-27","CRAH28","CRA","CRA","CRA",0,"2028-06-21",0,1,97.47,0,20,0,0,779,0,0.03,97.475,97.49,97.465,0,97,97.515,27064,0,0,"0000-00-00",0
"2026-02-27","CRAM28","CRA","CRA","CRA",0,"2028-09-20",0,1,97.435,0,50,0,0,778,0,0.06,97.44,97.48,97.44,0,59,97.475,6791,0,0,"2025-09-17",0
"2026-02-27","CRAU28","CRA","CRA","CRA",0,"2028-12-20",0,1,0,0,0,0,0,0,0,0,0,0,0,0,0,97.44,406,0,0,"2025-12-17",0
"2026-03-02","CRAZ25","CRA","CRA","CRA",0,"2026-03-18",0,1,97.715,97.7175,3218,5266,0,905,0,-0.0025,97.715,97.7175,97.715,0,57,97.7175,248102,0,0,"0000-00-00",0
"2026-03-02","CRAH26","CRA","CRA","CRA",0,"2026-06-17",0,1,97.735,97.74,1497,1280,0,38589,0,-0.01,97.75,97.75,97.73,0,1375,97.74,211213,0,0,"0000-00-00",0
"2026-03-02","CRAM26","CRA","CRA","CRA",0,"2026-09-16",0,1,97.76,97.765,396,573,0,45307,0,-0.035,97.81,97.81,97.75,0,2700,97.755,250405,0,0,"0000-00-00",0
"2026-03-02","CRAU26","CRA","CRA","CRA",0,"2026-12-16",0,1,97.74,97.75,117,112,0,53660,0,-0.075,97.82,97.825,97.725,0,3378,97.735,240125,0,0,"0000-00-00",0
"2026-03-02","CRAZ26","CRA","CRA","CRA",0,"2027-03-17",0,1,97.69,97.695,101,185,0,48376,0,-0.095,97.79,97.79,97.67,0,3277,97.675,282998,0,0,"0000-00-00",0
"2026-03-02","CRAH27","CRA","CRA","CRA",0,"2027-06-16",0,1,97.62,97.63,94,54,0,37065,0,-0.11,97.735,97.735,97.6,0,2749,97.61,181647,0,0,"0000-00-00",0
"2026-03-02","CRAM27","CRA","CRA","CRA",0,"2027-09-15",0,1,97.565,97.57,23,43,0,36048,0,-0.11,97.68,97.68,97.54,0,2542,97.55,120187,0,0,"0000-00-00",0
"2026-03-02","CRAU27","CRA","CRA","CRA",0,"2027-12-15",0,1,97.505,97.515,62,41,0,16172,0,-0.11,97.615,97.615,97.48,0,1740,97.49,80172,0,0,"0000-00-00",0
"2026-03-02","CRAZ27","CRA","CRA","CRA",0,"2028-03-15",0,1,97.445,97.45,20,19,0,16816,0,-0.115,97.555,97.555,97.42,0,1665,97.435,120481,0,0,"0000-00-00",0
"2026-03-02","CRAH28","CRA","CRA","CRA",0,"2028-06-21",0,1,0,97.505,0,10,0,1856,0,-0.12,97.505,97.505,97.38,0,311,97.395,27388,0,0,"0000-00-00",0
"2026-03-02","CRAM28","CRA","CRA","CRA",0,"2028-09-20",0,1,97.36,97.37,3,107,0,1962,0,-0.115,97.43,97.43,97.345,0,267,97.355,7287,0,0,"2025-09-17",0
"2026-03-02","CRAU28","CRA","CRA","CRA",0,"2028-12-20",0,1,97.315,0,4,0,0,54,0,-0.125,97.365,97.365,97.315,0,5,97.32,406,0,0,"2025-12-17",0
"2026-03-03","CRAZ25","CRA","CRA","CRA",0,"2026-03-18",0,1,97.7175,97.72,1549,11207,0,13502,0,0.0025,97.715,97.72,97.715,0,106,97.7175,248305,0,0,"0000-00-00",0
"2026-03-03","CRAH26","CRA","CRA","CRA",0,"2026-06-17",0,1,97.735,97.745,2025,8712,0,43502,0,0,97.735,97.745,97.72,0,1738,97.74,212248,0,0,"0000-00-00",0
"2026-03-03","CRAM26","CRA","CRA","CRA",0,"2026-09-16",0,1,97.75,97.755,267,912,0,83912,0,-0.005,97.75,97.76,97.695,0,6118,97.75,252260,0,0,"0000-00-00",0
"2026-03-03","CRAU26","CRA","CRA","CRA",0,"2026-12-16",0,1,97.705,97.71,129,373,0,91992,0,-0.025,97.73,97.735,97.64,0,8046,97.715,236896,0,0,"0000-00-00",0
"2026-03-03","CRAZ26","CRA","CRA","CRA",0,"2027-03-17",0,1,97.63,97.635,51,50,0,120423,0,-0.04,97.675,97.675,97.54,0,8690,97.65,280495,0,0,"0000-00-00",0
"2026-03-03","CRAH27","CRA","CRA","CRA",0,"2027-06-16",0,1,97.555,97.56,70,38,0,80632,0,-0.045,97.61,97.61,97.45,0,8852,97.58,182533,0,0,"0000-00-00",0
"2026-03-03","CRAM27","CRA","CRA","CRA",0,"2027-09-15",0,1,97.495,97.5,35,6,0,58377,0,-0.045,97.54,97.545,97.395,0,6937,97.53,124856,0,0,"0000-00-00",0
"2026-03-03","CRAU27","CRA","CRA","CRA",0,"2027-12-15",0,1,97.435,97.445,31,26,0,38152,0,-0.045,97.48,97.49,97.34,0,5832,97.47,80765,0,0,"0000-00-00",0
"2026-03-03","CRAZ27","CRA","CRA","CRA",0,"2028-03-15",0,1,97.38,97.39,25,28,0,25134,0,-0.045,97.42,97.43,97.285,0,4517,97.41,119848,0,0,"0000-00-00",0
"2026-03-03","CRAH28","CRA","CRA","CRA",0,"2028-06-21",0,1,97.335,97.35,3,4,0,4310,0,-0.03,97.37,97.375,97.25,0,1178,97.37,27501,0,0,"0000-00-00",0
"2026-03-03","CRAM28","CRA","CRA","CRA",0,"2028-09-20",0,1,0,97.345,0,200,0,3452,0,-0.035,97.33,97.34,97.22,0,735,97.33,8140,0,0,"2025-09-17",0
"2026-03-03","CRAU28","CRA","CRA","CRA",0,"2028-12-20",0,1,0,97.295,0,88,0,135,0,-0.025,97.205,97.295,97.205,0,11,97.3,408,0,0,"2025-12-17",0
"2026-03-04","CRAZ25","CRA","CRA","CRA",0,"2026-03-18",0,1,97.7175,97.72,606,7921,0,3964,0,0.0025,97.7175,97.72,97.7175,0,50,97.7175,245249,0,0,"0000-00-00",0
"2026-03-04","CRAH26","CRA","CRA","CRA",0,"2026-06-17",0,1,97.74,97.745,3,3251,0,18408,0,0,97.735,97.745,97.735,0,673,97.74,207597,0,0,"0000-00-00",0
"2026-03-04","CRAM26","CRA","CRA","CRA",0,"2026-09-16",0,1,97.74,97.745,1583,194,0,23702,0,-0.01,97.75,97.765,97.74,0,3442,97.75,251996,0,0,"0000-00-00",0
"2026-03-04","CRAU26","CRA","CRA","CRA",0,"2026-12-16",0,1,97.695,97.7,74,124,0,26760,0,-0.015,97.7,97.73,97.69,0,3906,97.72,240911,0,0,"0000-00-00",0
"2026-03-04","CRAZ26","CRA","CRA","CRA",0,"2027-03-17",0,1,97.62,97.625,95,139,0,43403,0,-0.03,97.625,97.66,97.61,0,4106,97.645,296877,0,0,"0000-00-00",0
"2026-03-04","CRAH27","CRA","CRA","CRA",0,"2027-06-16",0,1,97.54,97.545,66,57,0,23773,0,-0.035,97.54,97.585,97.53,0,2270,97.57,185298,0,0,"0000-00-00",0
"2026-03-04","CRAM27","CRA","CRA","CRA",0,"2027-09-15",0,1,97.48,97.485,24,40,0,16228,0,-0.05,97.49,97.53,97.47,0,1725,97.51,128819,0,0,"0000-00-00",0
"2026-03-04","CRAU27","CRA","CRA","CRA",0,"2027-12-15",0,1,97.42,97.425,2,30,0,11025,0,-0.05,97.43,97.475,97.41,0,1537,97.455,83072,0,0,"0000-00-00",0
"2026-03-04","CRAZ27","CRA","CRA","CRA",0,"2028-03-15",0,1,97.365,97.37,27,76,0,13074,0,-0.045,97.37,97.415,97.345,0,1746,97.4,121937,0,0,"0000-00-00",0
"2026-03-04","CRAH28","CRA","CRA","CRA",0,"2028-06-21",0,1,0,97.335,0,51,0,1780,0,-0.045,97.315,97.37,97.31,0,375,97.36,27918,0,0,"0000-00-00",0
"2026-03-04","CRAM28","CRA","CRA","CRA",0,"2028-09-20",0,1,0,97.305,0,1,0,895,0,-0.05,97.28,97.33,97.28,0,290,97.315,9183,0,0,"2025-09-17",0
"2026-03-04","CRAU28","CRA","CRA","CRA",0,"2028-12-20",0,1,0,0,0,0,0,0,0,0,0,0,0,0,0,97.28,369,0,0,"2025-12-17",0
"2026-03-05","CRAZ25","CRA","CRA","CRA",0,"2026-03-18",0,1,97.7175,97.72,2886,5213,0,444,0,0.0025,97.7175,97.72,97.7175,0,13,97.7175,245614,0,0,"0000-00-00",0
"2026-03-05","CRAH26","CRA","CRA","CRA",0,"2026-06-17",0,1,97.735,97.745,4233,4710,0,27999,0,0.005,97.735,97.745,97.735,0,1161,97.735,206661,0,0,"0000-00-00",0
"2026-03-05","CRAM26","CRA","CRA","CRA",0,"2026-09-16",0,1,97.72,97.725,377,171,0,56162,0,-0.025,97.73,97.735,97.715,0,5473,97.715,244101,0,0,"0000-00-00",0
"2026-03-05","CRAU26","CRA","CRA","CRA",0,"2026-12-16",0,1,97.655,97.66,199,137,0,67196,0,-0.06,97.685,97.69,97.645,0,7699,97.645,233333,0,0,"0000-00-00",0
"2026-03-05","CRAZ26","CRA","CRA","CRA",0,"2027-03-17",0,1,97.555,97.565,88,151,0,75504,0,-0.085,97.605,97.61,97.54,0,7245,97.54,297580,0,0,"0000-00-00",0
"2026-03-05","CRAH27","CRA","CRA","CRA",0,"2027-06-16",0,1,97.47,97.475,27,37,0,53999,0,-0.105,97.525,97.53,97.45,0,5758,97.45,182226,0,0,"0000-00-00",0
"2026-03-05","CRAM27","CRA","CRA","CRA",0,"2027-09-15",0,1,97.405,97.41,70,32,0,32216,0,-0.105,97.465,97.465,97.385,0,3925,97.39,129882,0,0,"0000-00-00",0
"2026-03-05","CRAU27","CRA","CRA","CRA",0,"2027-12-15",0,1,97.345,97.35,40,40,0,31151,0,-0.105,97.405,97.405,97.33,0,3822,97.33,82828,0,0,"0000-00-00",0
"2026-03-05","CRAZ27","CRA","CRA","CRA",0,"2028-03-15",0,1,97.29,97.295,21,26,0,23837,0,-0.105,97.34,97.345,97.275,0,3745,97.275,121012,0,0,"0000-00-00",0
"2026-03-05","CRAH28","CRA","CRA","CRA",0,"2028-06-21",0,1,0,97.335,0,1,0,4204,0,-0.1,97.305,97.305,97.24,0,859,97.235,28415,0,0,"0000-00-00",0
"2026-03-05","CRAM28","CRA","CRA","CRA",0,"2028-09-20",0,1,0,0,0,0,0,1668,0,-0.09,97.25,97.26,97.205,0,409,97.195,9268,0,0,"2025-09-17",0
"2026-03-05","CRAU28","CRA","CRA","CRA",0,"2028-12-20",0,1,0,0,0,0,0,244,0,-0.1,97.2,97.22,97.18,0,53,97.165,369,0,0,"2025-12-17",0
"2026-03-06","CRAZ25","CRA","CRA","CRA",0,"2026-03-18",0,1,97.7175,97.72,2713,4120,0,472,0,0.0025,97.7175,97.72,97.7175,0,13,97.7175,245658,0,0,"0000-00-00",0
"2026-03-06","CRAH26","CRA","CRA","CRA",0,"2026-06-17",0,1,97.735,97.74,1611,1391,0,30416,0,0,97.735,97.745,97.725,0,1525,97.735,211728,0,0,"0000-00-00",0
"2026-03-06","CRAM26","CRA","CRA","CRA",0,"2026-09-16",0,1,97.7,97.705,376,86,0,52324,0,-0.01,97.72,97.73,97.69,0,7045,97.705,250605,0,0,"0000-00-00",0
"2026-03-06","CRAU26","CRA","CRA","CRA",0,"2026-12-16",0,1,97.62,97.63,376,260,0,77919,0,-0.015,97.645,97.665,97.61,0,9016,97.635,238648,0,0,"0000-00-00",0
"2026-03-06","CRAZ26","CRA","CRA","CRA",0,"2027-03-17",0,1,97.505,97.515,99,100,0,79997,0,-0.03,97.55,97.57,97.5,0,9786,97.525,291489,0,0,"0000-00-00",0
"2026-03-06","CRAH27","CRA","CRA","CRA",0,"2027-06-16",0,1,97.405,97.415,5,5,0,49343,0,-0.045,97.47,97.48,97.4,0,5673,97.42,188661,0,0,"0000-00-00",0
"2026-03-06","CRAM27","CRA","CRA","CRA",0,"2027-09-15",0,1,97.335,97.34,36,6,0,44629,0,-0.05,97.39,97.42,97.325,0,5842,97.35,129129,0,0,"0000-00-00",0
"2026-03-06","CRAU27","CRA","CRA","CRA",0,"2027-12-15",0,1,97.275,97.28,22,30,0,29798,0,-0.055,97.335,97.36,97.265,0,4180,97.28,88094,0,0,"0000-00-00",0
"2026-03-06","CRAZ27","CRA","CRA","CRA",0,"2028-03-15",0,1,97.215,97.22,18,5,0,34542,0,-0.06,97.28,97.3,97.21,0,4793,97.22,120529,0,0,"0000-00-00",0
"2026-03-06","CRAH28","CRA","CRA","CRA",0,"2028-06-21",0,1,0,97.335,0,1,0,4300,0,-0.055,97.25,97.26,97.165,0,1053,97.185,30117,0,0,"0000-00-00",0
"2026-03-06","CRAM28","CRA","CRA","CRA",0,"2028-09-20",0,1,0,97.155,0,29,0,2466,0,-0.05,97.205,97.215,97.13,0,500,97.155,10118,0,0,"2025-09-17",0
"2026-03-06","CRAU28","CRA","CRA","CRA",0,"2028-12-20",0,1,0,0,0,0,0,13,0,-0.015,97.15,97.15,97.15,0,2,97.125,426,0,0,"2025-12-17",0
"2026-03-09","CRAZ25","CRA","CRA","CRA",0,"2026-03-18",0,1,97.7175,97.72,5838,1035,0,1269,0,0,97.7175,97.72,97.7175,0,34,97.7175,244900,0,0,"0000-00-00",0
"2026-03-09","CRAH26","CRA","CRA","CRA",0,"2026-06-17",0,1,97.735,97.745,948,1431,0,30361,0,0,97.73,97.74,97.71,0,1780,97.73,210233,0,0,"0000-00-00",0
"2026-03-09","CRAM26","CRA","CRA","CRA",0,"2026-09-16",0,1,97.685,97.695,78,50,0,68228,0,-0.02,97.68,97.695,97.635,0,8576,97.66,250597,0,0,"0000-00-00",0
"2026-03-09","CRAU26","CRA","CRA","CRA",0,"2026-12-16",0,1,97.625,97.63,13,43,0,102738,0,-0.01,97.565,97.635,97.515,0,12895,97.57,239819,0,0,"0000-00-00",0
"2026-03-09","CRAZ26","CRA","CRA","CRA",0,"2027-03-17",0,1,97.525,97.53,27,46,0,114316,0,0,97.475,97.535,97.375,0,11309,97.45,293574,0,0,"0000-00-00",0
"2026-03-09","CRAH27","CRA","CRA","CRA",0,"2027-06-16",0,1,97.415,97.43,242,4,0,71293,0,0,97.37,97.44,97.265,0,8572,97.345,190255,0,0,"0000-00-00",0
"2026-03-09","CRAM27","CRA","CRA","CRA",0,"2027-09-15",0,1,97.35,97.36,31,31,0,60417,0,0.005,97.28,97.375,97.2,0,7087,97.285,130789,0,0,"0000-00-00",0
"2026-03-09","CRAU27","CRA","CRA","CRA",0,"2027-12-15",0,1,97.29,97.3,37,26,0,36161,0,0.015,97.22,97.315,97.155,0,5825,97.235,85164,0,0,"0000-00-00",0
"2026-03-09","CRAZ27","CRA","CRA","CRA",0,"2028-03-15",0,1,97.24,97.245,26,184,0,52590,0,0.025,97.17,97.265,97.1,0,7153,97.195,123124,0,0,"0000-00-00",0
"2026-03-09","CRAH28","CRA","CRA","CRA",0,"2028-06-21",0,1,97.21,97.215,84,4,0,5919,0,0.02,97.095,97.235,97.07,0,1582,97.17,30600,0,0,"0000-00-00",0
"2026-03-09","CRAM28","CRA","CRA","CRA",0,"2028-09-20",0,1,97.18,0,100,0,0,3247,0,0.03,97.06,97.195,97.04,0,663,97.145,10389,0,0,"2025-09-17",0
"2026-03-09","CRAU28","CRA","CRA","CRA",0,"2028-12-20",0,1,0,0,0,0,0,247,0,0.055,97.05,97.18,97.05,0,23,97.12,426,0,0,"2025-12-17",0
"2026-03-10","CRAZ25","CRA","CRA","CRA",0,"2026-03-18",0,1,97.7175,97.72,8750,796,0,447,0,0.0025,97.72,97.72,97.7175,0,28,97.7175,244801,0,0,"0000-00-00",0
"2026-03-10","CRAH26","CRA","CRA","CRA",0,"2026-06-17",0,1,97.735,97.74,4867,3547,0,25635,0,0.01,97.735,97.745,97.73,0,1009,97.74,216897,0,0,"0000-00-00",0
"2026-03-10","CRAM26","CRA","CRA","CRA",0,"2026-09-16",0,1,97.665,97.67,35,105,0,57604,0,0.005,97.685,97.71,97.665,0,6591,97.685,243420,0,0,"0000-00-00",0
"2026-03-10","CRAU26","CRA","CRA","CRA",0,"2026-12-16",0,1,97.575,97.585,47,91,0,71165,0,0.01,97.62,97.65,97.575,0,7358,97.61,246886,0,0,"0000-00-00",0
"2026-03-10","CRAZ26","CRA","CRA","CRA",0,"2027-03-17",0,1,97.48,97.485,120,63,0,84333,0,0.035,97.515,97.56,97.48,0,8496,97.51,305669,0,0,"0000-00-00",0
"2026-03-10","CRAH27","CRA","CRA","CRA",0,"2027-06-16",0,1,97.38,97.385,33,113,0,43202,0,0.04,97.42,97.465,97.38,0,5057,97.41,186088,0,0,"0000-00-00",0
"2026-03-10","CRAM27","CRA","CRA","CRA",0,"2027-09-15",0,1,0,97.325,0,7,0,32799,0,0.04,97.35,97.4,97.32,0,4138,97.345,130957,0,0,"0000-00-00",0
"2026-03-10","CRAU27","CRA","CRA","CRA",0,"2027-12-15",0,1,97.27,97.275,22,35,0,20303,0,0.045,97.29,97.34,97.275,0,3218,97.295,82020,0,0,"0000-00-00",0
"2026-03-10","CRAZ27","CRA","CRA","CRA",0,"2028-03-15",0,1,97.225,97.235,6,15,0,26158,0,0.04,97.24,97.29,97.225,0,3496,97.25,109380,0,0,"0000-00-00",0
"2026-03-10","CRAH28","CRA","CRA","CRA",0,"2028-06-21",0,1,0,97.335,0,1,0,3809,0,0.035,97.215,97.25,97.195,0,576,97.215,29848,0,0,"0000-00-00",0
"2026-03-10","CRAM28","CRA","CRA","CRA",0,"2028-09-20",0,1,0,0,0,0,0,1020,0,0.025,97.205,97.215,97.17,0,184,97.18,11183,0,0,"2025-09-17",0
"2026-03-10","CRAU28","CRA","CRA","CRA",0,"2028-12-20",0,1,0,0,0,0,0,46,0,0,0,0,0,0,4,97.15,380,0,0,"2025-12-17",0
"2026-03-11","CRAZ25","CRA","CRA","CRA",0,"2026-03-18",0,1,97.72,97.7225,8383,11754,0,2437,0,0.005,97.72,97.7225,97.7175,0,85,97.72,245008,0,0,"0000-00-00",0
"2026-03-11","CRAH26","CRA","CRA","CRA",0,"2026-06-17",0,1,97.735,97.74,2247,4254,0,22471,0,0,97.74,97.74,97.73,0,970,97.735,224527,0,0,"0000-00-00",0
"2026-03-11","CRAM26","CRA","CRA","CRA",0,"2026-09-16",0,1,97.62,97.625,109,72,0,55137,0,-0.065,97.67,97.675,97.62,0,7328,97.63,239263,0,0,"0000-00-00",0
"2026-03-11","CRAU26","CRA","CRA","CRA",0,"2026-12-16",0,1,97.51,97.515,58,12,0,74634,0,-0.095,97.585,97.595,97.505,0,9020,97.52,258908,0,0,"0000-00-00",0
"2026-03-11","CRAZ26","CRA","CRA","CRA",0,"2027-03-17",0,1,97.4,97.41,309,69,0,89499,0,-0.105,97.49,97.5,97.4,0,9702,97.415,313325,0,0,"0000-00-00",0
"2026-03-11","CRAH27","CRA","CRA","CRA",0,"2027-06-16",0,1,97.295,97.305,560,56,0,48314,0,-0.11,97.4,97.405,97.295,0,5526,97.31,188775,0,0,"0000-00-00",0
"2026-03-11","CRAM27","CRA","CRA","CRA",0,"2027-09-15",0,1,97.235,97.245,38,58,0,33364,0,-0.105,97.335,97.34,97.235,0,3991,97.245,125469,0,0,"0000-00-00",0
"2026-03-11","CRAU27","CRA","CRA","CRA",0,"2027-12-15",0,1,97.195,97.205,29,28,0,20655,0,-0.095,97.29,97.295,97.19,0,3097,97.195,80843,0,0,"0000-00-00",0
"2026-03-11","CRAZ27","CRA","CRA","CRA",0,"2028-03-15",0,1,97.155,97.16,268,20,0,26953,0,-0.09,97.25,97.255,97.145,0,3900,97.15,107797,0,0,"0000-00-00",0
"2026-03-11","CRAH28","CRA","CRA","CRA",0,"2028-06-21",0,1,97.125,97.135,6,7,0,3539,0,-0.09,97.215,97.225,97.12,0,570,97.115,28582,0,0,"0000-00-00",0
"2026-03-11","CRAM28","CRA","CRA","CRA",0,"2028-09-20",0,1,97.075,0,25,0,0,2894,0,-0.08,97.18,97.19,97.085,0,410,97.08,11235,0,0,"2025-09-17",0
"2026-03-11","CRAU28","CRA","CRA","CRA",0,"2028-12-20",0,1,0,97.11,0,6,0,964,0,-0.04,97.11,97.11,97.11,0,53,97.05,411,0,0,"2025-12-17",0
"2026-03-12","CRAZ25","CRA","CRA","CRA",0,"2026-03-18",0,1,97.72,97.7225,7976,14446,0,957,0,0,97.72,97.72,97.72,0,57,97.72,243421,0,0,"0000-00-00",0
"2026-03-12","CRAH26","CRA","CRA","CRA",0,"2026-06-17",0,1,97.73,97.735,2488,1563,0,22578,0,-0.005,97.735,97.74,97.73,0,921,97.735,222659,0,0,"0000-00-00",0
"2026-03-12","CRAM26","CRA","CRA","CRA",0,"2026-09-16",0,1,97.58,97.585,41,59,0,57791,0,-0.045,97.615,97.635,97.57,0,5693,97.58,231432,0,0,"0000-00-00",0
"2026-03-12","CRAU26","CRA","CRA","CRA",0,"2026-12-16",0,1,97.42,97.43,88,94,0,59905,0,-0.095,97.505,97.52,97.4,0,7554,97.405,262106,0,0,"0000-00-00",0
"2026-03-12","CRAZ26","CRA","CRA","CRA",0,"2027-03-17",0,1,97.285,97.29,48,61,0,83226,0,-0.13,97.385,97.415,97.265,0,7225,97.27,320588,0,0,"0000-00-00",0
"2026-03-12","CRAH27","CRA","CRA","CRA",0,"2027-06-16",0,1,97.155,97.16,30,27,0,56304,0,-0.16,97.28,97.315,97.14,0,6246,97.155,190231,0,0,"0000-00-00",0
"2026-03-12","CRAM27","CRA","CRA","CRA",0,"2027-09-15",0,1,97.095,97.1,29,9,0,47696,0,-0.145,97.225,97.26,97.09,0,5251,97.105,125623,0,0,"0000-00-00",0
"2026-03-12","CRAU27","CRA","CRA","CRA",0,"2027-12-15",0,1,0,97.085,0,5,0,42144,0,-0.115,97.165,97.23,97.075,0,5049,97.085,80284,0,0,"0000-00-00",0
"2026-03-12","CRAZ27","CRA","CRA","CRA",0,"2028-03-15",0,1,97.06,97.065,16,6,0,90224,0,-0.09,97.14,97.2,97.055,0,7832,97.07,104594,0,0,"0000-00-00",0
"2026-03-12","CRAH28","CRA","CRA","CRA",0,"2028-06-21",0,1,97.05,97.055,3,2,0,17454,0,-0.065,97.085,97.17,97.04,0,2307,97.055,27361,0,0,"0000-00-00",0
"2026-03-12","CRAM28","CRA","CRA","CRA",0,"2028-09-20",0,1,0,97.035,0,2,0,6601,0,-0.055,97.075,97.145,97.015,0,1063,97.03,11676,0,0,"2025-09-17",0
"2026-03-12","CRAU28","CRA","CRA","CRA",0,"2028-12-20",0,1,96.94,97.015,4,2,0,1076,0,-0.045,97.08,97.08,97.005,0,95,97.005,1111,0,0,"2025-12-17",0
"2026-03-13","CRAZ25","CRA","CRA","CRA",0,"2026-03-18",0,1,97.72,97.7225,8902,12641,0,680,0,0,97.7225,97.7225,97.72,0,37,97.72,243570,0,0,"0000-00-00",0
"2026-03-13","CRAH26","CRA","CRA","CRA",0,"2026-06-17",0,1,97.745,97.75,1936,1582,0,109061,0,0.01,97.73,97.78,97.73,0,3354,97.74,222632,0,0,"0000-00-00",0
"2026-03-13","CRAM26","CRA","CRA","CRA",0,"2026-09-16",0,1,97.635,97.64,278,223,0,109803,0,0.055,97.58,97.66,97.555,0,9247,97.63,228560,0,0,"0000-00-00",0
"2026-03-13","CRAU26","CRA","CRA","CRA",0,"2026-12-16",0,1,97.435,97.44,390,271,0,98235,0,0.035,97.42,97.52,97.385,0,10334,97.43,268687,0,0,"0000-00-00",0
"2026-03-13","CRAZ26","CRA","CRA","CRA",0,"2027-03-17",0,1,97.285,97.295,264,399,0,129091,0,0.02,97.285,97.395,97.26,0,12393,97.285,335375,0,0,"0000-00-00",0
"2026-03-13","CRAH27","CRA","CRA","CRA",0,"2027-06-16",0,1,97.16,97.165,26,60,0,69297,0,0.015,97.15,97.28,97.13,0,9820,97.15,191801,0,0,"0000-00-00",0
"2026-03-13","CRAM27","CRA","CRA","CRA",0,"2027-09-15",0,1,97.1,97.105,15,36,0,55636,0,0.005,97.095,97.225,97.075,0,8620,97.08,127060,0,0,"0000-00-00",0
"2026-03-13","CRAU27","CRA","CRA","CRA",0,"2027-12-15",0,1,97.08,97.085,19,42,0,35735,0,0,97.08,97.19,97.055,0,5730,97.06,74508,0,0,"0000-00-00",0
"2026-03-13","CRAZ27","CRA","CRA","CRA",0,"2028-03-15",0,1,97.075,97.08,22,15,0,30245,0,0.01,97.065,97.175,97.04,0,6137,97.05,77666,0,0,"0000-00-00",0
"2026-03-13","CRAH28","CRA","CRA","CRA",0,"2028-06-21",0,1,97.07,0,1,0,0,9127,0,0.025,97.05,97.165,97.03,0,2122,97.04,26020,0,0,"0000-00-00",0
"2026-03-13","CRAM28","CRA","CRA","CRA",0,"2028-09-20",0,1,0,0,0,0,0,3294,0,0.04,97.025,97.145,97.01,0,1055,97.03,12670,0,0,"2025-09-17",0
"2026-03-13","CRAU28","CRA","CRA","CRA",0,"2028-12-20",0,1,0,97.1,0,1,0,144,0,0.05,97.015,97.11,97.015,0,33,97.015,1277,0,0,"2025-12-17",0
"2026-03-16","CRAZ25","CRA","CRA","CRA",0,"2026-03-18",0,1,97.72,97.7225,8618,15529,0,230,0,0.0025,97.7225,97.7225,97.7225,0,4,97.72,242897,0,0,"0000-00-00",0
"2026-03-16","CRAH26","CRA","CRA","CRA",0,"2026-06-17",0,1,97.745,97.75,4225,4332,0,18677,0,0.01,97.75,97.755,97.74,0,860,97.745,229930,0,0,"0000-00-00",0
"2026-03-16","CRAM26","CRA","CRA","CRA",0,"2026-09-16",0,1,97.685,97.69,681,632,0,60694,0,0.06,97.63,97.7,97.625,0,7160,97.69,233904,0,0,"0000-00-00",0
"2026-03-16","CRAU26","CRA","CRA","CRA",0,"2026-12-16",0,1,97.53,97.535,161,114,0,61907,0,0.1,97.435,97.545,97.43,0,7815,97.525,263353,0,0,"0000-00-00",0
"2026-03-16","CRAZ26","CRA","CRA","CRA",0,"2027-03-17",0,1,97.385,97.39,97,24,0,71891,0,0.105,97.295,97.4,97.285,0,8004,97.38,328208,0,0,"0000-00-00",0
"2026-03-16","CRAH27","CRA","CRA","CRA",0,"2027-06-16",0,1,97.265,97.27,11,62,0,41262,0,0.11,97.17,97.27,97.165,0,6462,97.26,195060,0,0,"0000-00-00",0
"2026-03-16","CRAM27","CRA","CRA","CRA",0,"2027-09-15",0,1,97.2,97.205,47,10,0,30850,0,0.12,97.115,97.21,97.1,0,5346,97.195,132474,0,0,"0000-00-00",0
"2026-03-16","CRAU27","CRA","CRA","CRA",0,"2027-12-15",0,1,97.175,97.215,11,16,0,20984,0,0.12,97.09,97.18,97.08,0,3628,97.17,73122,0,0,"0000-00-00",0
"2026-03-16","CRAZ27","CRA","CRA","CRA",0,"2028-03-15",0,1,97.16,97.165,25,35,0,16632,0,0.105,97.08,97.165,97.075,0,3301,97.155,81092,0,0,"0000-00-00",0
"2026-03-16","CRAH28","CRA","CRA","CRA",0,"2028-06-21",0,1,0,97.16,0,20,0,5526,0,0.105,97.07,97.15,97.07,0,1735,97.15,27171,0,0,"0000-00-00",0
"2026-03-16","CRAM28","CRA","CRA","CRA",0,"2028-09-20",0,1,0,97.135,0,9,0,2559,0,0.1,97.07,97.135,97.055,0,717,97.135,12827,0,0,"2025-09-17",0
"2026-03-16","CRAU28","CRA","CRA","CRA",0,"2028-12-20",0,1,97.065,0,6,0,0,670,0,0.095,97.05,97.11,97.05,0,105,97.11,1346,0,0,"2025-12-17",0
"2026-03-17","CRAZ25","CRA","CRA","CRA",0,"2026-03-18",0,1,0,0,0,0,0,787,0,0,97.7225,97.7225,97.72,0,86,97.72,242667,0,0,"0000-00-00",0
"2026-03-17","CRAH26","CRA","CRA","CRA",0,"2026-06-17",0,1,97.745,97.75,3746,2069,0,22452,0,0,97.75,97.75,97.74,0,575,97.745,206222,0,0,"0000-00-00",0
"2026-03-17","CRAM26","CRA","CRA","CRA",0,"2026-09-16",0,1,97.705,97.71,183,1449,0,52997,0,0.02,97.685,97.72,97.675,0,4956,97.71,234116,0,0,"0000-00-00",0
"2026-03-17","CRAU26","CRA","CRA","CRA",0,"2026-12-16",0,1,97.57,97.575,660,153,0,38555,0,0.045,97.515,97.585,97.505,0,4697,97.575,256943,0,0,"0000-00-00",0
"2026-03-17","CRAZ26","CRA","CRA","CRA",0,"2027-03-17",0,1,97.435,97.44,147,179,0,50564,0,0.055,97.37,97.45,97.355,0,3986,97.435,317871,0,0,"0000-00-00",0
"2026-03-17","CRAH27","CRA","CRA","CRA",0,"2027-06-16",0,1,97.32,97.33,93,92,0,33767,0,0.07,97.24,97.335,97.23,0,2642,97.32,194139,0,0,"0000-00-00",0
"2026-03-17","CRAM27","CRA","CRA","CRA",0,"2027-09-15",0,1,97.265,97.27,39,46,0,25420,0,0.07,97.17,97.27,97.165,0,2587,97.26,132497,0,0,"0000-00-00",0
"2026-03-17","CRAU27","CRA","CRA","CRA",0,"2027-12-15",0,1,97.24,97.245,75,39,0,12102,0,0.07,97.155,97.25,97.14,0,1644,97.235,73953,0,0,"0000-00-00",0
"2026-03-17","CRAZ27","CRA","CRA","CRA",0,"2028-03-15",0,1,97.22,97.225,131,64,0,9047,0,0.065,97.125,97.23,97.125,0,1318,97.215,81230,0,0,"0000-00-00",0
"2026-03-17","CRAH28","CRA","CRA","CRA",0,"2028-06-21",0,1,97.2,97.21,14,114,0,3213,0,0.055,97.13,97.22,97.115,0,674,97.2,27652,0,0,"0000-00-00",0
"2026-03-17","CRAM28","CRA","CRA","CRA",0,"2028-09-20",0,1,97.18,97.19,3,9,0,1827,0,0.04,97.115,97.2,97.115,0,358,97.18,13695,0,0,"2025-09-17",0
"2026-03-17","CRAU28","CRA","CRA","CRA",0,"2028-12-20",0,1,0,97.165,0,2,0,481,0,0.04,97.165,97.17,97.15,0,78,97.155,1560,0,0,"2025-12-17",0
"2026-03-18","CRAZ25","CRA","CRA","CRA",0,"2026-03-18",0,1,0,0,0,0,0,0,0,0,0,0,0,0,0,97.72,242667,0,0,"0000-00-00",0
"2026-03-18","CRAH26","CRA","CRA","CRA",0,"2026-06-17",0,1,97.73,97.7325,3353,587,0,21658,0,-0.015,97.7475,97.7525,97.73,0,554,97.7325,204178,0,0,"0000-00-00",0
"2026-03-18","CRAM26","CRA","CRA","CRA",0,"2026-09-16",0,1,97.65,97.655,35,130,0,50001,0,-0.055,97.705,97.72,97.65,0,5152,97.675,218221,0,0,"0000-00-00",0
"2026-03-18","CRAU26","CRA","CRA","CRA",0,"2026-12-16",0,1,97.485,97.495,236,194,0,61953,0,-0.085,97.57,97.59,97.48,0,5941,97.515,248025,0,0,"0000-00-00",0
"2026-03-18","CRAZ26","CRA","CRA","CRA",0,"2027-03-17",0,1,97.325,97.335,119,92,0,87033,0,-0.105,97.445,97.46,97.315,0,8509,97.355,310555,0,0,"0000-00-00",0
"2026-03-18","CRAH27","CRA","CRA","CRA",0,"2027-06-16",0,1,97.2,97.21,42,52,0,36989,0,-0.125,97.33,97.35,97.19,0,4662,97.225,188460,0,0,"0000-00-00",0
"2026-03-18","CRAM27","CRA","CRA","CRA",0,"2027-09-15",0,1,97.14,97.15,35,24,0,31285,0,-0.12,97.27,97.29,97.14,0,5388,97.16,132723,0,0,"0000-00-00",0
"2026-03-18","CRAU27","CRA","CRA","CRA",0,"2027-12-15",0,1,97.12,97.13,32,18,0,14031,0,-0.115,97.255,97.265,97.12,0,2234,97.14,74434,0,0,"0000-00-00",0
"2026-03-18","CRAZ27","CRA","CRA","CRA",0,"2028-03-15",0,1,97.11,97.12,27,41,0,25105,0,-0.1,97.23,97.25,97.11,0,2548,97.125,80622,0,0,"0000-00-00",0
"2026-03-18","CRAH28","CRA","CRA","CRA",0,"2028-06-21",0,1,97.08,97.105,7,7,0,20588,0,-0.1,97.22,97.235,97.1,0,1858,97.11,26981,0,0,"0000-00-00",0
"2026-03-18","CRAM28","CRA","CRA","CRA",0,"2028-09-20",0,1,97.08,97.09,3,3,0,3997,0,-0.095,97.205,97.21,97.08,0,593,97.09,14106,0,0,"2025-09-17",0
"2026-03-18","CRAU28","CRA","CRA","CRA",0,"2028-12-20",0,1,97.06,97.075,2,1,0,274,0,-0.08,97.11,97.125,97.075,0,14,97.065,1960,0,0,"2025-12-17",0
"2026-03-19","CRAH26","CRA","CRA","CRA",0,"2026-06-17",0,1,97.7175,97.7225,1009,59,0,14950,0,-0.0125,97.73,97.73,97.715,0,756,97.72,205807,0,0,"0000-00-00",0
"2026-03-19","CRAM26","CRA","CRA","CRA",0,"2026-09-16",0,1,97.595,97.6,891,210,0,67920,0,-0.08,97.645,97.655,97.55,0,8020,97.58,210427,0,0,"0000-00-00",0
"2026-03-19","CRAU26","CRA","CRA","CRA",0,"2026-12-16",0,1,97.365,97.375,71,67,0,74588,0,-0.145,97.485,97.485,97.305,0,11358,97.345,247208,0,0,"0000-00-00",0
"2026-03-19","CRAZ26","CRA","CRA","CRA",0,"2027-03-17",0,1,97.18,97.185,84,61,0,168914,0,-0.17,97.32,97.32,97.095,0,18359,97.145,320255,0,0,"0000-00-00",0
"2026-03-19","CRAH27","CRA","CRA","CRA",0,"2027-06-16",0,1,97.05,97.055,63,34,0,90914,0,-0.16,97.185,97.19,96.96,0,12222,97,186227,0,0,"0000-00-00",0
"2026-03-19","CRAM27","CRA","CRA","CRA",0,"2027-09-15",0,1,0,97.035,0,2,0,69773,0,-0.13,97.125,97.125,96.92,0,12844,96.975,136283,0,0,"0000-00-00",0
"2026-03-19","CRAU27","CRA","CRA","CRA",0,"2027-12-15",0,1,97.04,97.05,19,35,0,49918,0,-0.085,97.105,97.11,96.945,0,8806,97,74080,0,0,"0000-00-00",0
"2026-03-19","CRAZ27","CRA","CRA","CRA",0,"2028-03-15",0,1,97.055,97.06,14,13,0,55874,0,-0.06,97.09,97.1,96.965,0,9125,97.02,74000,0,0,"0000-00-00",0
"2026-03-19","CRAH28","CRA","CRA","CRA",0,"2028-06-21",0,1,97.035,97.05,9,8,0,30702,0,-0.055,97.095,97.095,96.965,0,5492,97.025,29534,0,0,"0000-00-00",0
"2026-03-19","CRAM28","CRA","CRA","CRA",0,"2028-09-20",0,1,0,0,0,0,0,8856,0,-0.045,97.06,97.09,96.95,0,2259,97.03,14137,0,0,"2025-09-17",0
"2026-03-19","CRAU28","CRA","CRA","CRA",0,"2028-12-20",0,1,0,0,0,0,0,1654,0,-0.02,97.02,97.045,96.94,0,307,97.02,2031,0,0,"2025-12-17",0
"2026-03-19","CRAZ28","CRA","CRA","CRA",0,"2029-03-21",0,1,0,0,0,0,0,18,0,-0.045,96.98,97.06,96.98,0,5,97.02,0,0,0,"2026-03-18",0
"2026-03-20","CRAH26","CRA","CRA","CRA",0,"2026-06-17",0,1,97.6875,97.69,145,682,0,20812,0,-0.0325,97.7225,97.7225,97.68,0,898,97.6875,206553,0,0,"0000-00-00",0
"2026-03-20","CRAM26","CRA","CRA","CRA",0,"2026-09-16",0,1,97.385,97.39,2,3,0,63765,0,-0.19,97.59,97.595,97.375,0,8181,97.415,211310,0,0,"0000-00-00",0
"2026-03-20","CRAU26","CRA","CRA","CRA",0,"2026-12-16",0,1,97.1,97.11,23,46,0,73730,0,-0.24,97.34,97.355,97.075,0,12377,97.12,249114,0,0,"0000-00-00",0
"2026-03-20","CRAZ26","CRA","CRA","CRA",0,"2027-03-17",0,1,96.905,96.91,60,300,0,131536,0,-0.24,97.145,97.175,96.88,0,15743,96.925,334954,0,0,"0000-00-00",0
"2026-03-20","CRAH27","CRA","CRA","CRA",0,"2027-06-16",0,1,96.77,96.78,38,159,0,68074,0,-0.225,97.035,97.045,96.745,0,9882,96.8,193694,0,0,"0000-00-00",0
"2026-03-20","CRAM27","CRA","CRA","CRA",0,"2027-09-15",0,1,96.77,96.775,9,9,0,51508,0,-0.205,97.01,97.025,96.745,0,9324,96.79,140025,0,0,"0000-00-00",0
"2026-03-20","CRAU27","CRA","CRA","CRA",0,"2027-12-15",0,1,96.835,96.845,11,12,0,25437,0,-0.165,97.02,97.05,96.805,0,5259,96.84,75447,0,0,"0000-00-00",0
"2026-03-20","CRAZ27","CRA","CRA","CRA",0,"2028-03-15",0,1,96.88,96.895,5,8,0,32870,0,-0.14,97.06,97.06,96.84,0,7036,96.875,72060,0,0,"0000-00-00",0
"2026-03-20","CRAH28","CRA","CRA","CRA",0,"2028-06-21",0,1,0,96.92,0,15,0,16304,0,-0.14,97.04,97.045,96.845,0,3314,96.885,37447,0,0,"0000-00-00",0
"2026-03-20","CRAM28","CRA","CRA","CRA",0,"2028-09-20",0,1,0,0,0,0,0,6140,0,-0.15,97.04,97.04,96.85,0,1384,96.89,15302,0,0,"2025-09-17",0
"2026-03-20","CRAU28","CRA","CRA","CRA",0,"2028-12-20",0,1,96.86,0,2,0,0,803,0,-0.125,96.975,96.975,96.86,0,185,96.89,2159,0,0,"2025-12-17",0
"2026-03-20","CRAZ28","CRA","CRA","CRA",0,"2029-03-21",0,1,0,0,0,0,0,21,0,-0.13,96.915,96.915,96.885,0,5,96.89,1,0,0,"2026-03-18",0
"2026-03-23","CRAH26","CRA","CRA","CRA",0,"2026-06-17",0,1,97.6975,97.7,23,45,0,38170,0,0.01,97.655,97.72,97.65,0,1387,97.7,212136,0,0,"0000-00-00",0
"2026-03-23","CRAM26","CRA","CRA","CRA",0,"2026-09-16",0,1,97.49,97.495,6,4,0,65254,0,0.09,97.35,97.56,97.3,0,10512,97.5,195186,0,0,"0000-00-00",0
"2026-03-23","CRAU26","CRA","CRA","CRA",0,"2026-12-16",0,1,97.205,97.21,8,7,0,80998,0,0.09,97.04,97.325,96.955,0,15124,97.24,250032,0,0,"0000-00-00",0
"2026-03-23","CRAZ26","CRA","CRA","CRA",0,"2027-03-17",0,1,97.02,97.03,102,98,0,140666,0,0.1,96.85,97.155,96.73,0,21499,97.08,337205,0,0,"0000-00-00",0
"2026-03-23","CRAH27","CRA","CRA","CRA",0,"2027-06-16",0,1,96.885,96.895,76,21,0,75532,0,0.09,96.72,97.005,96.59,0,15049,96.945,190949,0,0,"0000-00-00",0
"2026-03-23","CRAM27","CRA","CRA","CRA",0,"2027-09-15",0,1,0,96.875,0,10,0,49199,0,0.08,96.71,96.97,96.59,0,12528,96.92,134953,0,0,"0000-00-00",0
"2026-03-23","CRAU27","CRA","CRA","CRA",0,"2027-12-15",0,1,0,96.93,0,7,0,32698,0,0.085,96.76,96.99,96.67,0,8513,96.965,74901,0,0,"0000-00-00",0
"2026-03-23","CRAZ27","CRA","CRA","CRA",0,"2028-03-15",0,1,96.965,96.975,10,18,0,30864,0,0.09,96.82,97.015,96.725,0,7932,96.995,71997,0,0,"0000-00-00",0
"2026-03-23","CRAH28","CRA","CRA","CRA",0,"2028-06-21",0,1,96.955,96.96,2,10,0,21604,0,0.065,96.81,97,96.745,0,5982,96.98,39686,0,0,"0000-00-00",0
"2026-03-23","CRAM28","CRA","CRA","CRA",0,"2028-09-20",0,1,0,0,0,0,0,5438,0,0.06,96.805,97,96.75,0,2094,96.975,15989,0,0,"2025-09-17",0
"2026-03-23","CRAU28","CRA","CRA","CRA",0,"2028-12-20",0,1,96.89,0,12,0,0,1907,0,0.085,96.955,97.005,96.87,0,800,96.98,2685,0,0,"2025-12-17",0
"2026-03-23","CRAZ28","CRA","CRA","CRA",0,"2029-03-21",0,1,0,0,0,0,0,58,0,0.085,96.92,97.01,96.92,0,26,96.985,15,0,0,"2026-03-18",0
"2026-03-24","CRAH26","CRA","CRA","CRA",0,"2026-06-17",0,1,97.6925,97.6975,43,75,0,10528,0,-0.0025,97.7,97.705,97.685,0,352,97.69,227735,0,0,"0000-00-00",0
"2026-03-24","CRAM26","CRA","CRA","CRA",0,"2026-09-16",0,1,97.495,97.505,69,28,0,32454,0,0,97.47,97.53,97.465,0,4132,97.485,202634,0,0,"0000-00-00",0
"2026-03-24","CRAU26","CRA","CRA","CRA",0,"2026-12-16",0,1,97.225,97.23,35,1,0,41622,0,-0.015,97.175,97.26,97.17,0,7240,97.2,244110,0,0,"0000-00-00",0
"2026-03-24","CRAZ26","CRA","CRA","CRA",0,"2027-03-17",0,1,97.035,97.04,9,53,0,74656,0,-0.045,97.015,97.075,96.98,0,10300,97.015,342734,0,0,"0000-00-00",0
"2026-03-24","CRAH27","CRA","CRA","CRA",0,"2027-06-16",0,1,96.895,96.9,83,44,0,43704,0,-0.05,96.84,96.945,96.84,0,7062,96.88,189684,0,0,"0000-00-00",0
"2026-03-24","CRAM27","CRA","CRA","CRA",0,"2027-09-15",0,1,96.87,96.875,18,125,0,29929,0,-0.05,96.825,96.92,96.825,0,6033,96.86,135474,0,0,"0000-00-00",0
"2026-03-24","CRAU27","CRA","CRA","CRA",0,"2027-12-15",0,1,96.91,96.915,12,33,0,21843,0,-0.05,96.885,96.96,96.87,0,4033,96.9,73103,0,0,"0000-00-00",0
"2026-03-24","CRAZ27","CRA","CRA","CRA",0,"2028-03-15",0,1,96.945,96.95,12,4,0,15703,0,-0.05,96.925,96.99,96.905,0,3901,96.93,74631,0,0,"0000-00-00",0
"2026-03-24","CRAH28","CRA","CRA","CRA",0,"2028-06-21",0,1,96.93,96.935,4,7,0,12382,0,-0.05,96.915,96.975,96.89,0,3004,96.91,41211,0,0,"0000-00-00",0
"2026-03-24","CRAM28","CRA","CRA","CRA",0,"2028-09-20",0,1,0,0,0,0,0,2392,0,-0.055,96.93,96.97,96.885,0,831,96.9,15891,0,0,"2025-09-17",0
"2026-03-24","CRAU28","CRA","CRA","CRA",0,"2028-12-20",0,1,0,0,0,0,0,58,0,-0.06,96.95,96.96,96.915,0,15,96.9,3615,0,0,"2025-12-17",0
"2026-03-24","CRAZ28","CRA","CRA","CRA",0,"2029-03-21",0,1,0,0,0,0,0,0,0,0,0,0,0,0,0,96.9,63,0,0,"2026-03-18",0
"2026-03-25","CRAH26","CRA","CRA","CRA",0,"2026-06-17",0,1,97.7,97.7025,27,511,0,6627,0,0.01,97.7075,97.72,97.6975,0,327,97.6975,233833,0,0,"0000-00-00",0
"2026-03-25","CRAM26","CRA","CRA","CRA",0,"2026-09-16",0,1,97.55,97.56,209,95,0,33477,0,0.07,97.535,97.585,97.51,0,3398,97.56,196440,0,0,"0000-00-00",0
"2026-03-25","CRAU26","CRA","CRA","CRA",0,"2026-12-16",0,1,97.28,97.285,22,58,0,34344,0,0.08,97.26,97.325,97.24,0,5038,97.29,241074,0,0,"0000-00-00",0
"2026-03-25","CRAZ26","CRA","CRA","CRA",0,"2027-03-17",0,1,97.105,97.11,112,27,0,53083,0,0.09,97.07,97.145,97.055,0,6589,97.105,317590,0,0,"0000-00-00",0
"2026-03-25","CRAH27","CRA","CRA","CRA",0,"2027-06-16",0,1,96.985,96.99,147,31,0,33571,0,0.11,96.94,97.02,96.925,0,5357,96.985,185631,0,0,"0000-00-00",0
"2026-03-25","CRAM27","CRA","CRA","CRA",0,"2027-09-15",0,1,96.97,0,19,0,0,21737,0,0.11,96.89,97,96.89,0,4183,96.97,133854,0,0,"0000-00-00",0
"2026-03-25","CRAU27","CRA","CRA","CRA",0,"2027-12-15",0,1,0,97.01,0,13,0,14666,0,0.115,96.955,97.035,96.94,0,2939,97.01,75398,0,0,"0000-00-00",0
"2026-03-25","CRAZ27","CRA","CRA","CRA",0,"2028-03-15",0,1,97.025,97.03,15,10,0,9827,0,0.1,96.98,97.065,96.97,0,2165,97.035,73681,0,0,"0000-00-00",0
"2026-03-25","CRAH28","CRA","CRA","CRA",0,"2028-06-21",0,1,0,97.015,0,9,0,8333,0,0.105,96.96,97.045,96.95,0,1868,97.02,39343,0,0,"0000-00-00",0
"2026-03-25","CRAM28","CRA","CRA","CRA",0,"2028-09-20",0,1,0,97.01,0,5,0,865,0,0.1,96.945,97.015,96.945,0,272,97.005,15496,0,0,"2025-09-17",0
"2026-03-25","CRAU28","CRA","CRA","CRA",0,"2028-12-20",0,1,97.005,0,24,0,0,155,0,0.105,97.005,97.01,97.005,0,54,97.005,3623,0,0,"2025-12-17",0
"2026-03-25","CRAZ28","CRA","CRA","CRA",0,"2029-03-21",0,1,97,0,25,0,0,0,0,0,0,0,0,0,0,97.005,63,0,0,"2026-03-18",0
"2026-03-26","CRAH26","CRA","CRA","CRA",0,"2026-06-17",0,1,97.6925,97.695,47,208,0,11048,0,-0.005,97.7,97.7,97.69,0,255,97.6925,233859,0,0,"0000-00-00",0
"2026-03-26","CRAM26","CRA","CRA","CRA",0,"2026-09-16",0,1,97.5,97.505,64,33,0,24654,0,-0.06,97.53,97.55,97.5,0,2525,97.51,196833,0,0,"0000-00-00",0
"2026-03-26","CRAU26","CRA","CRA","CRA",0,"2026-12-16",0,1,97.21,97.215,13,58,0,35694,0,-0.08,97.26,97.285,97.205,0,5217,97.22,233498,0,0,"0000-00-00",0
"2026-03-26","CRAZ26","CRA","CRA","CRA",0,"2027-03-17",0,1,97.03,97.035,20,15,0,43887,0,-0.085,97.06,97.105,97.01,0,6253,97.025,311965,0,0,"0000-00-00",0
"2026-03-26","CRAH27","CRA","CRA","CRA",0,"2027-06-16",0,1,96.9,96.91,24,31,0,33792,0,-0.09,96.94,96.98,96.875,0,5064,96.895,183711,0,0,"0000-00-00",0
"2026-03-26","CRAM27","CRA","CRA","CRA",0,"2027-09-15",0,1,96.87,96.94,1,24,0,28367,0,-0.085,96.925,96.97,96.86,0,4772,96.88,132177,0,0,"0000-00-00",0
"2026-03-26","CRAU27","CRA","CRA","CRA",0,"2027-12-15",0,1,96.935,96.945,9,10,0,19945,0,-0.095,96.97,97.01,96.905,0,3711,96.925,75742,0,0,"0000-00-00",0
"2026-03-26","CRAZ27","CRA","CRA","CRA",0,"2028-03-15",0,1,96.965,96.975,8,8,0,19805,0,-0.07,96.995,97.045,96.94,0,3718,96.96,73739,0,0,"0000-00-00",0
"2026-03-26","CRAH28","CRA","CRA","CRA",0,"2028-06-21",0,1,0,96.965,0,2,0,11794,0,-0.085,96.965,97.025,96.925,0,2255,96.95,38828,0,0,"0000-00-00",0
"2026-03-26","CRAM28","CRA","CRA","CRA",0,"2028-09-20",0,1,0,96.99,0,200,0,2362,0,-0.05,96.97,97.01,96.915,0,667,96.945,15795,0,0,"2025-09-17",0
"2026-03-26","CRAU28","CRA","CRA","CRA",0,"2028-12-20",0,1,96.885,0,8,0,0,549,0,-0.055,96.965,96.965,96.95,0,120,96.945,3715,0,0,"2025-12-17",0
"2026-03-26","CRAZ28","CRA","CRA","CRA",0,"2029-03-21",0,1,0,0,0,0,0,11,0,-0.04,96.965,96.965,96.965,0,6,96.95,63,0,0,"2026-03-18",0
"2026-03-27","CRAH26","CRA","CRA","CRA",0,"2026-06-17",0,1,97.6925,97.695,129,192,0,13785,0,0.0025,97.69,97.705,97.69,0,380,97.6925,237556,0,0,"0000-00-00",0
"2026-03-27","CRAM26","CRA","CRA","CRA",0,"2026-09-16",0,1,97.52,97.525,57,59,0,24658,0,0.015,97.49,97.54,97.48,0,2759,97.53,195345,0,0,"0000-00-00",0
"2026-03-27","CRAU26","CRA","CRA","CRA",0,"2026-12-16",0,1,97.25,97.255,11,111,0,29040,0,0.03,97.2,97.255,97.14,0,3898,97.245,233931,0,0,"0000-00-00",0
"2026-03-27","CRAZ26","CRA","CRA","CRA",0,"2027-03-17",0,1,97.06,97.07,49,150,0,33186,0,0.035,97.025,97.07,96.935,0,5222,97.06,312657,0,0,"0000-00-00",0
"2026-03-27","CRAH27","CRA","CRA","CRA",0,"2027-06-16",0,1,0,96.935,0,26,0,29349,0,0.03,96.88,96.94,96.795,0,3881,96.925,183520,0,0,"0000-00-00",0
"2026-03-27","CRAM27","CRA","CRA","CRA",0,"2027-09-15",0,1,96.895,96.9,49,30,0,23048,0,0.015,96.86,96.92,96.77,0,4727,96.9,133131,0,0,"0000-00-00",0
"2026-03-27","CRAU27","CRA","CRA","CRA",0,"2027-12-15",0,1,96.925,96.935,14,26,0,14348,0,0.005,96.9,96.96,96.82,0,2287,96.935,76071,0,0,"0000-00-00",0
"2026-03-27","CRAZ27","CRA","CRA","CRA",0,"2028-03-15",0,1,96.96,96.965,3,20,0,16201,0,0,96.94,96.99,96.86,0,2940,96.96,72027,0,0,"0000-00-00",0
"2026-03-27","CRAH28","CRA","CRA","CRA",0,"2028-06-21",0,1,96.925,96.94,2,3,0,7893,0,-0.01,96.91,96.97,96.85,0,1460,96.94,41784,0,0,"0000-00-00",0
"2026-03-27","CRAM28","CRA","CRA","CRA",0,"2028-09-20",0,1,0,0,0,0,0,2247,0,-0.015,96.905,96.955,96.85,0,556,96.93,16153,0,0,"2025-09-17",0
"2026-03-27","CRAU28","CRA","CRA","CRA",0,"2028-12-20",0,1,0,0,0,0,0,160,0,-0.005,96.88,96.94,96.88,0,26,96.93,4138,0,0,"2025-12-17",0
"2026-03-27","CRAZ28","CRA","CRA","CRA",0,"2029-03-21",0,1,0,0,0,0,0,201,0,-0.025,96.92,96.925,96.92,0,19,96.925,63,0,0,"2026-03-18",0
"2026-03-30","CRAH26","CRA","CRA","CRA",0,"2026-06-17",0,1,97.7025,97.7075,94,275,0,9575,0,0.01,97.69,97.71,97.69,0,484,97.705,242597,0,0,"0000-00-00",0
"2026-03-30","CRAM26","CRA","CRA","CRA",0,"2026-09-16",0,1,97.585,97.59,125,25,0,38173,0,0.055,97.54,97.61,97.53,0,4189,97.59,194934,0,0,"0000-00-00",0
"2026-03-30","CRAU26","CRA","CRA","CRA",0,"2026-12-16",0,1,97.345,97.35,69,66,0,36903,0,0.105,97.285,97.36,97.265,0,5170,97.35,235359,0,0,"0000-00-00",0
"2026-03-30","CRAZ26","CRA","CRA","CRA",0,"2027-03-17",0,1,97.145,97.155,35,59,0,41221,0,0.095,97.11,97.18,97.07,0,5331,97.155,314287,0,0,"0000-00-00",0
"2026-03-30","CRAH27","CRA","CRA","CRA",0,"2027-06-16",0,1,97.01,97.015,38,48,0,24615,0,0.09,96.99,97.04,96.945,0,3808,97.015,183036,0,0,"0000-00-00",0
"2026-03-30","CRAM27","CRA","CRA","CRA",0,"2027-09-15",0,1,0,97.015,0,25,0,17944,0,0.075,96.955,97.015,96.915,0,3709,96.98,134167,0,0,"0000-00-00",0
"2026-03-30","CRAU27","CRA","CRA","CRA",0,"2027-12-15",0,1,0,97.01,0,11,0,12255,0,0.075,96.985,97.04,96.96,0,2401,97.005,76300,0,0,"0000-00-00",0
"2026-03-30","CRAZ27","CRA","CRA","CRA",0,"2028-03-15",0,1,97.025,97.03,13,24,0,10260,0,0.065,97.01,97.055,96.98,0,2181,97.025,73847,0,0,"0000-00-00",0
"2026-03-30","CRAH28","CRA","CRA","CRA",0,"2028-06-21",0,1,97.01,97.015,10,13,0,8103,0,0.065,96.995,97.035,96.96,0,1457,97.005,42357,0,0,"0000-00-00",0
"2026-03-30","CRAM28","CRA","CRA","CRA",0,"2028-09-20",0,1,0,0,0,0,0,2288,0,0.06,96.98,97.02,96.975,0,419,97,16130,0,0,"2025-09-17",0
"2026-03-30","CRAU28","CRA","CRA","CRA",0,"2028-12-20",0,1,96.96,0,10,0,0,78,0,0.06,96.99,97.015,96.99,0,19,97,4145,0,0,"2025-12-17",0
"2026-03-30","CRAZ28","CRA","CRA","CRA",0,"2029-03-21",0,1,0,0,0,0,0,14,0,0.065,96.99,96.99,96.99,0,3,96.995,201,0,0,"2026-03-18",0
"2026-03-31","CRAH26","CRA","CRA","CRA",0,"2026-06-17",0,1,97.715,97.7175,1125,674,0,15451,0,0.01,97.705,97.72,97.705,0,540,97.7125,244241,0,0,"0000-00-00",0
"2026-03-31","CRAM26","CRA","CRA","CRA",0,"2026-09-16",0,1,97.635,97.645,88,48,0,35307,0,0.04,97.605,97.64,97.59,0,3546,97.625,199809,0,0,"0000-00-00",0
"2026-03-31","CRAU26","CRA","CRA","CRA",0,"2026-12-16",0,1,97.425,97.43,240,611,0,42247,0,0.075,97.375,97.435,97.345,0,6076,97.425,232793,0,0,"0000-00-00",0
"2026-03-31","CRAZ26","CRA","CRA","CRA",0,"2027-03-17",0,1,97.255,97.26,18,170,0,66214,0,0.1,97.225,97.265,97.15,0,7067,97.255,309311,0,0,"0000-00-00",0
"2026-03-31","CRAH27","CRA","CRA","CRA",0,"2027-06-16",0,1,97.11,97.165,17,31,0,35164,0,0.1,97.05,97.14,97.015,0,4911,97.12,183149,0,0,"0000-00-00",0
"2026-03-31","CRAM27","CRA","CRA","CRA",0,"2027-09-15",0,1,97.065,97.07,24,40,0,21928,0,0.08,97.02,97.11,96.99,0,4719,97.075,135150,0,0,"0000-00-00",0
"2026-03-31","CRAU27","CRA","CRA","CRA",0,"2027-12-15",0,1,97.07,97.075,11,9,0,17355,0,0.065,97.045,97.12,97.02,0,2994,97.09,74233,0,0,"0000-00-00",0
"2026-03-31","CRAZ27","CRA","CRA","CRA",0,"2028-03-15",0,1,97.075,97.08,26,9,0,14241,0,0.045,97.065,97.125,97.04,0,3281,97.09,70665,0,0,"0000-00-00",0
"2026-03-31","CRAH28","CRA","CRA","CRA",0,"2028-06-21",0,1,97.06,97.065,4,8,0,8330,0,0.045,97.045,97.105,97.025,0,1827,97.07,43126,0,0,"0000-00-00",0
"2026-03-31","CRAM28","CRA","CRA","CRA",0,"2028-09-20",0,1,97.045,0,1,0,0,2992,0,0.03,97.02,97.08,97.02,0,952,97.06,17263,0,0,"2025-09-17",0
"2026-03-31","CRAU28","CRA","CRA","CRA",0,"2028-12-20",0,1,0,0,0,0,0,449,0,0.035,97.06,97.07,97.03,0,183,97.055,4138,0,0,"2025-12-17",0
"2026-03-31","CRAZ28","CRA","CRA","CRA",0,"2029-03-21",0,1,0,97.24,0,4,0,101,0,0.06,97.06,97.06,97.05,0,50,97.05,201,0,0,"2026-03-18",0
"2026-04-01","CRAH26","CRA","CRA","CRA",0,"2026-06-17",0,1,97.7175,97.72,340,63,0,7381,0,0.005,97.7175,97.7225,97.715,0,130,97.7175,241536,0,0,"0000-00-00",0
"2026-04-01","CRAM26","CRA","CRA","CRA",0,"2026-09-16",0,1,97.625,97.63,265,59,0,29654,0,0.005,97.64,97.655,97.62,0,2700,97.625,194848,0,0,"0000-00-00",0
"2026-04-01","CRAU26","CRA","CRA","CRA",0,"2026-12-16",0,1,97.42,97.425,104,37,0,37656,0,0,97.455,97.475,97.41,0,4787,97.425,234722,0,0,"0000-00-00",0
"2026-04-01","CRAZ26","CRA","CRA","CRA",0,"2027-03-17",0,1,97.25,97.255,35,71,0,38176,0,0,97.28,97.315,97.235,0,6010,97.25,319889,0,0,"0000-00-00",0
"2026-04-01","CRAH27","CRA","CRA","CRA",0,"2027-06-16",0,1,97.105,97.11,103,87,0,32608,0,-0.015,97.15,97.185,97.09,0,4661,97.11,182853,0,0,"0000-00-00",0
"2026-04-01","CRAM27","CRA","CRA","CRA",0,"2027-09-15",0,1,97.055,97.06,153,27,0,21593,0,-0.02,97.105,97.14,97.04,0,3933,97.055,136960,0,0,"0000-00-00",0
"2026-04-01","CRAU27","CRA","CRA","CRA",0,"2027-12-15",0,1,97.05,97.06,40,64,0,17819,0,-0.035,97.115,97.14,97.045,0,3336,97.06,74330,0,0,"0000-00-00",0
"2026-04-01","CRAZ27","CRA","CRA","CRA",0,"2028-03-15",0,1,97.055,97.065,51,236,0,13449,0,-0.035,97.105,97.145,97.045,0,3016,97.06,69114,0,0,"0000-00-00",0
"2026-04-01","CRAH28","CRA","CRA","CRA",0,"2028-06-21",0,1,97.035,97.04,45,13,0,10152,0,-0.03,97.105,97.12,97.03,0,2025,97.035,43752,0,0,"0000-00-00",0
"2026-04-01","CRAM28","CRA","CRA","CRA",0,"2028-09-20",0,1,97.02,97.035,10,111,0,2058,0,-0.035,97.09,97.105,97.01,0,376,97.025,18633,0,0,"2025-09-17",0
"2026-04-01","CRAU28","CRA","CRA","CRA",0,"2028-12-20",0,1,97.01,97.025,8,109,0,652,0,-0.03,97.09,97.09,97.01,0,226,97.02,4287,0,0,"2025-12-17",0
"2026-04-01","CRAZ28","CRA","CRA","CRA",0,"2029-03-21",0,1,96.99,97.005,100,100,0,85,0,-0.055,97.02,97.03,96.995,0,12,97.015,201,0,0,"2026-03-18",0
"2026-04-02","CRAH26","CRA","CRA","CRA",0,"2026-06-17",0,1,97.715,97.7175,254,126,0,2852,0,0,97.7175,97.72,97.715,0,143,97.7175,241802,0,0,"0000-00-00",0
"2026-04-02","CRAM26","CRA","CRA","CRA",0,"2026-09-16",0,1,97.625,97.635,193,248,0,17234,0,0,97.595,97.645,97.595,0,1899,97.63,191461,0,0,"0000-00-00",0
"2026-04-02","CRAU26","CRA","CRA","CRA",0,"2026-12-16",0,1,97.43,97.435,44,60,0,16203,0,0.01,97.38,97.46,97.365,0,2734,97.425,233744,0,0,"0000-00-00",0
"2026-04-02","CRAZ26","CRA","CRA","CRA",0,"2027-03-17",0,1,97.26,97.27,123,622,0,29498,0,0.02,97.2,97.295,97.18,0,3869,97.255,317453,0,0,"0000-00-00",0
"2026-04-02","CRAH27","CRA","CRA","CRA",0,"2027-06-16",0,1,97.125,97.13,86,17,0,19989,0,0.02,97.055,97.165,97.04,0,2357,97.115,185085,0,0,"0000-00-00",0
"2026-04-02","CRAM27","CRA","CRA","CRA",0,"2027-09-15",0,1,97.08,97.085,56,59,0,13734,0,0.03,96.995,97.12,96.99,0,2277,97.065,138141,0,0,"0000-00-00",0
"2026-04-02","CRAU27","CRA","CRA","CRA",0,"2027-12-15",0,1,97.08,97.09,47,51,0,8269,0,0.03,97.005,97.115,97,0,1566,97.07,72718,0,0,"0000-00-00",0
"2026-04-02","CRAZ27","CRA","CRA","CRA",0,"2028-03-15",0,1,97.08,97.085,54,98,0,6984,0,0.025,97.005,97.11,97,0,1489,97.07,68440,0,0,"0000-00-00",0
"2026-04-02","CRAH28","CRA","CRA","CRA",0,"2028-06-21",0,1,97.06,97.065,26,42,0,4069,0,0.03,96.99,97.09,96.98,0,676,97.05,44706,0,0,"0000-00-00",0
"2026-04-02","CRAM28","CRA","CRA","CRA",0,"2028-09-20",0,1,97.045,97.055,15,118,0,329,0,0.025,96.985,97.07,96.98,0,82,97.04,19328,0,0,"2025-09-17",0
"2026-04-02","CRAU28","CRA","CRA","CRA",0,"2028-12-20",0,1,97.035,97.045,13,4,0,60,0,0.01,97.03,97.055,97.03,0,30,97.035,4439,0,0,"2025-12-17",0
"2026-04-02","CRAZ28","CRA","CRA","CRA",0,"2029-03-21",0,1,97.025,97.045,100,100,0,100,0,-0.035,96.98,96.98,96.98,0,1,97.03,281,0,0,"2026-03-18",0
"2026-04-06","CRAH26","CRA","CRA","CRA",0,"2026-06-17",0,1,97.7175,97.72,336,405,0,1410,0,0.0025,97.715,97.72,97.715,0,156,97.715,240859,0,0,"0000-00-00",0
"2026-04-06","CRAM26","CRA","CRA","CRA",0,"2026-09-16",0,1,97.63,97.635,87,10,0,5507,0,0.005,97.625,97.65,97.6,0,680,97.63,183670,0,0,"0000-00-00",0
"2026-04-06","CRAU26","CRA","CRA","CRA",0,"2026-12-16",0,1,97.43,97.435,111,24,0,4961,0,0.005,97.43,97.445,97.38,0,1107,97.425,235324,0,0,"0000-00-00",0
"2026-04-06","CRAZ26","CRA","CRA","CRA",0,"2027-03-17",0,1,97.255,97.26,10,11,0,9731,0,0,97.255,97.27,97.205,0,1807,97.25,323242,0,0,"0000-00-00",0
"2026-04-06","CRAH27","CRA","CRA","CRA",0,"2027-06-16",0,1,97.1,97.115,100,10,0,8163,0,-0.005,97.095,97.13,97.065,0,1130,97.11,182824,0,0,"0000-00-00",0
"2026-04-06","CRAM27","CRA","CRA","CRA",0,"2027-09-15",0,1,97.05,97.065,100,16,0,6082,0,0,97.05,97.08,97.015,0,1070,97.06,138312,0,0,"0000-00-00",0
"2026-04-06","CRAU27","CRA","CRA","CRA",0,"2027-12-15",0,1,97.05,97.065,100,75,0,4437,0,-0.015,97.03,97.08,97.02,0,880,97.06,72216,0,0,"0000-00-00",0
"2026-04-06","CRAZ27","CRA","CRA","CRA",0,"2028-03-15",0,1,97.05,97.065,100,9,0,2286,0,-0.01,97.045,97.08,97.025,0,631,97.06,70004,0,0,"0000-00-00",0
"2026-04-06","CRAH28","CRA","CRA","CRA",0,"2028-06-21",0,1,97.035,97.04,40,15,0,3695,0,-0.01,97.025,97.06,97.005,0,740,97.04,44734,0,0,"0000-00-00",0
"2026-04-06","CRAM28","CRA","CRA","CRA",0,"2028-09-20",0,1,97.025,97.03,6,16,0,1456,0,-0.005,97.015,97.045,96.995,0,311,97.03,19306,0,0,"2025-09-17",0
"2026-04-06","CRAU28","CRA","CRA","CRA",0,"2028-12-20",0,1,97.02,97.03,38,13,0,283,0,-0.005,97.005,97.035,97.005,0,63,97.025,4444,0,0,"2025-12-17",0
"2026-04-06","CRAZ28","CRA","CRA","CRA",0,"2029-03-21",0,1,97.015,97.035,100,103,0,63,0,-0.01,97.02,97.02,97.02,0,7,97.02,272,0,0,"2026-03-18",0
"2026-04-07","CRAH26","CRA","CRA","CRA",0,"2026-06-17",0,1,97.715,97.7175,423,834,97.715,3623,97.715,0,97.7175,97.72,97.715,353896,239,97.7175,240774,0,0,"0000-00-00",0
"2026-04-07","CRAM26","CRA","CRA","CRA",0,"2026-09-16",0,1,97.61,97.62,203,150,97.615,27560,97.63,-0.015,97.625,97.645,97.595,2689019,2798,97.62,182087,0,0,"0000-00-00",0
"2026-04-07","CRAU26","CRA","CRA","CRA",0,"2026-12-16",0,1,97.395,97.4,10,53,97.395,33131,97.425,-0.03,97.41,97.435,97.345,3224583,4186,97.39,235656,0,0,"0000-00-00",0
"2026-04-07","CRAZ26","CRA","CRA","CRA",0,"2027-03-17",0,1,97.23,97.235,169,18,97.23,46995,97.25,-0.02,97.225,97.25,97.15,4565850,5367,97.2,319287,0,0,"0000-00-00",0
"2026-04-07","CRAH27","CRA","CRA","CRA",0,"2027-06-16",0,1,97.09,97.095,94,21,97.095,28116,97.11,-0.015,97.08,97.11,97.005,2728019,4046,97.055,182800,0,0,"0000-00-00",0
"2026-04-07","CRAM27","CRA","CRA","CRA",0,"2027-09-15",0,1,97.045,97.05,32,24,97.045,20665,97.06,-0.015,97.03,97.06,96.96,2003606,3831,97.005,138254,0,0,"0000-00-00",0
"2026-04-07","CRAU27","CRA","CRA","CRA",0,"2027-12-15",0,1,97.04,97.045,13,28,97.045,13915,97.06,-0.015,97.045,97.065,96.965,1349309,2464,97.005,72351,0,0,"0000-00-00",0
"2026-04-07","CRAZ27","CRA","CRA","CRA",0,"2028-03-15",0,1,97.04,97.05,20,79,97.04,13952,97.06,-0.02,97.035,97.065,96.97,1352633,2335,97.01,68916,0,0,"0000-00-00",0
"2026-04-07","CRAH28","CRA","CRA","CRA",0,"2028-06-21",0,1,97.02,97.025,7,11,97.025,9417,97.04,-0.015,97.015,97.045,96.945,912696,1764,96.995,44897,0,0,"0000-00-00",0
"2026-04-07","CRAM28","CRA","CRA","CRA",0,"2028-09-20",0,1,97.01,0,5,0,97.02,3075,97.03,-0.01,97.005,97.035,96.935,297909,656,96.99,19909,0,0,"2025-09-17",0
"2026-04-07","CRAU28","CRA","CRA","CRA",0,"2028-12-20",0,1,96.97,0,9,0,97.02,762,97.025,-0.005,97,97.02,96.94,73790,260,96.99,4491,0,0,"2025-12-17",0
"2026-04-07","CRAZ28","CRA","CRA","CRA",0,"2029-03-21",0,1,0,0,0,0,97.005,156,97.02,-0.015,96.96,97.005,96.96,15124,9,96.985,279,0,0,"2026-03-18",0
"2026-04-08","CRAH26","CRA","CRA","CRA",0,"2026-06-17",0,1,97.725,97.7275,236,470,0,10942,0,0.0075,97.7225,97.7325,97.7225,0,351,97.725,242620,0,0,"0000-00-00",0
"2026-04-08","CRAM26","CRA","CRA","CRA",0,"2026-09-16",0,1,97.655,97.66,501,690,0,24024,0,0.035,97.655,97.71,97.65,0,2557,97.655,183117,0,0,"0000-00-00",0
"2026-04-08","CRAU26","CRA","CRA","CRA",0,"2026-12-16",0,1,97.455,97.465,83,86,0,39610,0,0.07,97.49,97.54,97.455,0,3961,97.46,239596,0,0,"0000-00-00",0
"2026-04-08","CRAZ26","CRA","CRA","CRA",0,"2027-03-17",0,1,97.285,97.29,33,39,0,51533,0,0.085,97.35,97.405,97.285,0,5454,97.29,327117,0,0,"0000-00-00",0
"2026-04-08","CRAH27","CRA","CRA","CRA",0,"2027-06-16",0,1,97.15,97.16,64,97,0,34399,0,0.095,97.19,97.28,97.15,0,5164,97.155,185963,0,0,"0000-00-00",0
"2026-04-08","CRAM27","CRA","CRA","CRA",0,"2027-09-15",0,1,97.1,97.11,32,71,0,28479,0,0.095,97.18,97.225,97.1,0,4317,97.105,140960,0,0,"0000-00-00",0
"2026-04-08","CRAU27","CRA","CRA","CRA",0,"2027-12-15",0,1,97.095,97.1,38,27,0,19293,0,0.095,97.17,97.205,97.095,0,3328,97.1,73363,0,0,"0000-00-00",0
"2026-04-08","CRAZ27","CRA","CRA","CRA",0,"2028-03-15",0,1,97.09,97.1,26,22,0,21820,0,0.08,97.165,97.195,97.09,0,3302,97.1,68828,0,0,"0000-00-00",0
"2026-04-08","CRAH28","CRA","CRA","CRA",0,"2028-06-21",0,1,97.065,97.07,32,11,0,9847,0,0.07,97.135,97.165,97.065,0,1873,97.075,45306,0,0,"0000-00-00",0
"2026-04-08","CRAM28","CRA","CRA","CRA",0,"2028-09-20",0,1,97.06,97.065,13,13,0,1768,0,0.07,97.14,97.15,97.06,0,392,97.065,20982,0,0,"2025-09-17",0
"2026-04-08","CRAU28","CRA","CRA","CRA",0,"2028-12-20",0,1,97.05,97.06,12,8,0,442,0,0.085,97.125,97.13,97.065,0,72,97.06,4769,0,0,"2025-12-17",0
"2026-04-08","CRAZ28","CRA","CRA","CRA",0,"2029-03-21",0,1,97.04,97.06,100,100,0,218,0,0.085,97.08,97.08,97.05,0,12,97.055,379,0,0,"2026-03-18",0
"2026-04-09","CRAH26","CRA","CRA","CRA",0,"2026-06-17",0,1,97.725,97.7275,1550,13,0,5661,0,0,97.7275,97.73,97.725,0,112,97.7275,246224,0,0,"0000-00-00",0
"2026-04-09","CRAM26","CRA","CRA","CRA",0,"2026-09-16",0,1,97.67,97.675,137,221,0,23797,0,0.015,97.66,97.68,97.65,0,1917,97.67,184801,0,0,"0000-00-00",0
"2026-04-09","CRAU26","CRA","CRA","CRA",0,"2026-12-16",0,1,97.485,97.495,102,62,0,50104,0,0.035,97.465,97.515,97.445,0,5442,97.495,232930,0,0,"0000-00-00",0
"2026-04-09","CRAZ26","CRA","CRA","CRA",0,"2027-03-17",0,1,97.32,97.325,30,28,0,37226,0,0.035,97.295,97.35,97.265,0,4289,97.315,326921,0,0,"0000-00-00",0
"2026-04-09","CRAH27","CRA","CRA","CRA",0,"2027-06-16",0,1,97.18,97.185,18,41,0,26344,0,0.03,97.16,97.21,97.115,0,3443,97.17,189052,0,0,"0000-00-00",0
"2026-04-09","CRAM27","CRA","CRA","CRA",0,"2027-09-15",0,1,97.12,97.125,16,22,0,18765,0,0.02,97.115,97.15,97.055,0,3084,97.11,143825,0,0,"0000-00-00",0
"2026-04-09","CRAU27","CRA","CRA","CRA",0,"2027-12-15",0,1,97.11,97.115,36,15,0,12249,0,0.015,97.105,97.14,97.05,0,2149,97.1,70590,0,0,"0000-00-00",0
"2026-04-09","CRAZ27","CRA","CRA","CRA",0,"2028-03-15",0,1,97.105,97.115,66,161,0,8945,0,0.01,97.095,97.135,97.05,0,1785,97.095,77096,0,0,"0000-00-00",0
"2026-04-09","CRAH28","CRA","CRA","CRA",0,"2028-06-21",0,1,97.085,97.09,9,36,0,4335,0,0.01,97.075,97.11,97.025,0,1124,97.07,45233,0,0,"0000-00-00",0
"2026-04-09","CRAM28","CRA","CRA","CRA",0,"2028-09-20",0,1,97.07,97.08,15,114,0,564,0,0.005,97.06,97.1,97.025,0,187,97.06,21155,0,0,"2025-09-17",0
"2026-04-09","CRAU28","CRA","CRA","CRA",0,"2028-12-20",0,1,97.065,97.07,4,112,0,1133,0,0,97.07,97.095,97.025,0,142,97.06,4800,0,0,"2025-12-17",0
"2026-04-09","CRAZ28","CRA","CRA","CRA",0,"2029-03-21",0,1,97.055,97.07,5,100,0,469,0,0.005,97.07,97.07,97.02,0,41,97.06,233,0,0,"2026-03-18",0
"2026-04-10","CRAH26","CRA","CRA","CRA",0,"2026-06-17",0,1,97.725,97.7275,291,3363,0,28081,0,-0.0025,97.73,97.73,97.7225,0,624,97.725,243189,0,0,"0000-00-00",0
"2026-04-10","CRAM26","CRA","CRA","CRA",0,"2026-09-16",0,1,97.66,97.665,404,61,0,26035,0,0,97.67,97.685,97.66,0,2651,97.67,184673,0,0,"0000-00-00",0
"2026-04-10","CRAU26","CRA","CRA","CRA",0,"2026-12-16",0,1,97.48,97.485,71,49,0,27219,0,-0.01,97.485,97.53,97.48,0,3678,97.495,231264,0,0,"0000-00-00",0
"2026-04-10","CRAZ26","CRA","CRA","CRA",0,"2027-03-17",0,1,97.31,97.315,20,147,0,42958,0,-0.005,97.31,97.385,97.305,0,5983,97.32,332865,0,0,"0000-00-00",0
"2026-04-10","CRAH27","CRA","CRA","CRA",0,"2027-06-16",0,1,97.18,97.185,79,45,0,26164,0,0.015,97.165,97.235,97.16,0,3765,97.18,191507,0,0,"0000-00-00",0
"2026-04-10","CRAM27","CRA","CRA","CRA",0,"2027-09-15",0,1,97.125,97.13,3,26,0,21058,0,0.015,97.11,97.185,97.095,0,3269,97.125,147185,0,0,"0000-00-00",0
"2026-04-10","CRAU27","CRA","CRA","CRA",0,"2027-12-15",0,1,97.115,97.12,45,93,0,11020,0,0.02,97.1,97.15,97.095,0,1941,97.115,71792,0,0,"0000-00-00",0
"2026-04-10","CRAZ27","CRA","CRA","CRA",0,"2028-03-15",0,1,97.105,97.11,20,125,0,12327,0,0.015,97.09,97.145,97.085,0,1824,97.105,75621,0,0,"0000-00-00",0
"2026-04-10","CRAH28","CRA","CRA","CRA",0,"2028-06-21",0,1,97.08,97.085,14,39,0,7298,0,0.01,97.07,97.11,97.065,0,1311,97.08,44803,0,0,"0000-00-00",0
"2026-04-10","CRAM28","CRA","CRA","CRA",0,"2028-09-20",0,1,97.065,97.075,17,111,0,1992,0,0.005,97.065,97.085,97.055,0,408,97.07,21189,0,0,"2025-09-17",0
"2026-04-10","CRAU28","CRA","CRA","CRA",0,"2028-12-20",0,1,97.06,97.075,12,108,0,391,0,0,97.07,97.075,97.045,0,65,97.065,5420,0,0,"2025-12-17",0
"2026-04-10","CRAZ28","CRA","CRA","CRA",0,"2029-03-21",0,1,97.055,97.075,100,100,0,226,0,-0.02,97.05,97.05,97.03,0,13,97.06,614,0,0,"2026-03-18",0
"2026-04-13","CRAH26","CRA","CRA","CRA",0,"2026-06-17",0,1,97.7225,97.725,3979,573,0,10258,0,-0.0025,97.725,97.725,97.7225,0,276,97.725,261861,0,0,"0000-00-00",0
"2026-04-13","CRAM26","CRA","CRA","CRA",0,"2026-09-16",0,1,97.655,97.66,706,320,0,28186,0,-0.01,97.655,97.67,97.65,0,1883,97.66,183346,0,0,"0000-00-00",0
"2026-04-13","CRAU26","CRA","CRA","CRA",0,"2026-12-16",0,1,97.48,97.485,147,122,0,20483,0,-0.01,97.46,97.49,97.45,0,2787,97.49,229662,0,0,"0000-00-00",0
"2026-04-13","CRAZ26","CRA","CRA","CRA",0,"2027-03-17",0,1,97.31,97.32,137,51,0,21356,0,-0.005,97.28,97.32,97.265,0,3110,97.32,334449,0,0,"0000-00-00",0
"2026-04-13","CRAH27","CRA","CRA","CRA",0,"2027-06-16",0,1,97.175,97.18,17,84,0,20026,0,-0.005,97.145,97.185,97.125,0,2721,97.18,192348,0,0,"0000-00-00",0
"2026-04-13","CRAM27","CRA","CRA","CRA",0,"2027-09-15",0,1,97.12,97.125,125,76,0,12221,0,0,97.09,97.125,97.07,0,2433,97.125,146620,0,0,"0000-00-00",0
"2026-04-13","CRAU27","CRA","CRA","CRA",0,"2027-12-15",0,1,97.11,97.12,36,47,0,7242,0,0,97.08,97.12,97.065,0,1308,97.115,69905,0,0,"0000-00-00",0
"2026-04-13","CRAZ27","CRA","CRA","CRA",0,"2028-03-15",0,1,97.105,97.11,36,30,0,6224,0,0,97.09,97.115,97.06,0,1503,97.11,73174,0,0,"0000-00-00",0
"2026-04-13","CRAH28","CRA","CRA","CRA",0,"2028-06-21",0,1,97.08,97.09,49,41,0,4151,0,0.005,97.035,97.09,97.035,0,581,97.085,45038,0,0,"0000-00-00",0
"2026-04-13","CRAM28","CRA","CRA","CRA",0,"2028-09-20",0,1,97.07,97.075,14,5,0,1626,0,0,97.03,97.08,97.03,0,349,97.075,21741,0,0,"2025-09-17",0
"2026-04-13","CRAU28","CRA","CRA","CRA",0,"2028-12-20",0,1,97.065,97.07,7,2,0,1271,0,0.005,97.05,97.075,97.04,0,170,97.07,5468,0,0,"2025-12-17",0
"2026-04-13","CRAZ28","CRA","CRA","CRA",0,"2029-03-21",0,1,97.055,97.065,100,24,0,660,0,0.005,97.025,97.065,97.025,0,30,97.065,789,0,0,"2026-03-18",0
"2026-04-14","CRAH26","CRA","CRA","CRA",0,"2026-06-17",0,1,97.7225,97.725,793,5405,0,9365,0,-0.0025,97.7225,97.725,97.7225,0,150,97.725,247220,0,0,"0000-00-00",0
"2026-04-14","CRAM26","CRA","CRA","CRA",0,"2026-09-16",0,1,97.665,97.67,731,99,0,25105,0,0.01,97.66,97.67,97.65,0,1819,97.67,185266,0,0,"0000-00-00",0
"2026-04-14","CRAU26","CRA","CRA","CRA",0,"2026-12-16",0,1,97.515,97.52,466,67,0,21911,0,0.03,97.49,97.525,97.48,0,2776,97.52,230776,0,0,"0000-00-00",0
"2026-04-14","CRAZ26","CRA","CRA","CRA",0,"2027-03-17",0,1,97.355,97.36,30,330,0,17740,0,0.04,97.32,97.36,97.305,0,2815,97.355,329208,0,0,"0000-00-00",0
"2026-04-14","CRAH27","CRA","CRA","CRA",0,"2027-06-16",0,1,97.215,97.225,55,92,0,20649,0,0.045,97.185,97.225,97.165,0,3055,97.22,191111,0,0,"0000-00-00",0
"2026-04-14","CRAM27","CRA","CRA","CRA",0,"2027-09-15",0,1,97.16,97.165,52,56,0,15329,0,0.035,97.13,97.165,97.105,0,2523,97.16,144691,0,0,"0000-00-00",0
"2026-04-14","CRAU27","CRA","CRA","CRA",0,"2027-12-15",0,1,97.145,97.155,57,89,0,12241,0,0.035,97.115,97.15,97.095,0,1956,97.145,68865,0,0,"0000-00-00",0
"2026-04-14","CRAZ27","CRA","CRA","CRA",0,"2028-03-15",0,1,97.14,97.15,151,43,0,8834,0,0.035,97.115,97.145,97.085,0,1560,97.135,74196,0,0,"0000-00-00",0
"2026-04-14","CRAH28","CRA","CRA","CRA",0,"2028-06-21",0,1,97.115,97.12,43,51,0,5786,0,0.03,97.09,97.115,97.06,0,888,97.11,44631,0,0,"0000-00-00",0
"2026-04-14","CRAM28","CRA","CRA","CRA",0,"2028-09-20",0,1,97.1,97.11,15,16,0,2290,0,0.025,97.085,97.1,97.045,0,320,97.1,22265,0,0,"2025-09-17",0
"2026-04-14","CRAU28","CRA","CRA","CRA",0,"2028-12-20",0,1,97.09,97.1,3,105,0,406,0,0.01,97.055,97.08,97.04,0,49,97.09,6039,0,0,"2025-12-17",0
"2026-04-14","CRAZ28","CRA","CRA","CRA",0,"2029-03-21",0,1,97.075,97.095,100,100,0,340,0,0.005,97.055,97.07,97.035,0,53,97.085,760,0,0,"2026-03-18",0
"2026-04-15","CRAH26","CRA","CRA","CRA",0,"2026-06-17",0,1,97.715,97.7175,1224,109,0,9181,0,-0.0075,97.7225,97.7225,97.7175,0,149,97.7175,245184,0,0,"0000-00-00",0
"2026-04-15","CRAM26","CRA","CRA","CRA",0,"2026-09-16",0,1,97.665,97.67,549,1011,0,14661,0,0,97.67,97.675,97.66,0,1283,97.67,183407,0,0,"0000-00-00",0
"2026-04-15","CRAU26","CRA","CRA","CRA",0,"2026-12-16",0,1,97.51,97.515,106,101,0,20705,0,-0.01,97.52,97.52,97.5,0,2808,97.51,234452,0,0,"0000-00-00",0
"2026-04-15","CRAZ26","CRA","CRA","CRA",0,"2027-03-17",0,1,97.335,97.34,17,61,0,24917,0,-0.015,97.355,97.365,97.325,0,3582,97.34,329761,0,0,"0000-00-00",0
"2026-04-15","CRAH27","CRA","CRA","CRA",0,"2027-06-16",0,1,97.185,97.19,73,40,0,20957,0,-0.03,97.225,97.23,97.18,0,2986,97.19,196146,0,0,"0000-00-00",0
"2026-04-15","CRAM27","CRA","CRA","CRA",0,"2027-09-15",0,1,97.115,97.125,43,15,0,15988,0,-0.045,97.165,97.17,97.11,0,2720,97.12,143778,0,0,"0000-00-00",0
"2026-04-15","CRAU27","CRA","CRA","CRA",0,"2027-12-15",0,1,0,97.095,0,3,0,10885,0,-0.05,97.15,97.155,97.09,0,1864,97.095,70493,0,0,"0000-00-00",0
"2026-04-15","CRAZ27","CRA","CRA","CRA",0,"2028-03-15",0,1,97.075,97.085,16,125,0,7671,0,-0.055,97.14,97.145,97.075,0,1582,97.075,75878,0,0,"0000-00-00",0
"2026-04-15","CRAH28","CRA","CRA","CRA",0,"2028-06-21",0,1,0,97.06,0,129,0,6191,0,-0.05,97.12,97.12,97.045,0,1147,97.05,44966,0,0,"0000-00-00",0
"2026-04-15","CRAM28","CRA","CRA","CRA",0,"2028-09-20",0,1,97.05,97.055,25,14,0,4391,0,-0.05,97.095,97.095,97.035,0,680,97.04,23062,0,0,"2025-09-17",0
"2026-04-15","CRAU28","CRA","CRA","CRA",0,"2028-12-20",0,1,0,0,0,0,0,1262,0,-0.05,97.075,97.075,97.025,0,169,97.03,6184,0,0,"2025-12-17",0
"2026-04-15","CRAZ28","CRA","CRA","CRA",0,"2029-03-21",0,1,97.01,0,1,0,0,654,0,-0.065,97.055,97.055,97.015,0,29,97.025,1007,0,0,"2026-03-18",0
"2026-04-16","CRAH26","CRA","CRA","CRA",0,"2026-06-17",0,1,97.715,97.7175,81,3717,0,4184,0,-0.0025,97.7175,97.7175,97.715,0,118,97.7175,246465,0,0,"0000-00-00",0
"2026-04-16","CRAM26","CRA","CRA","CRA",0,"2026-09-16",0,1,97.655,97.66,565,40,0,15793,0,-0.01,97.67,97.67,97.655,0,787,97.665,175263,0,0,"0000-00-00",0
"2026-04-16","CRAU26","CRA","CRA","CRA",0,"2026-12-16",0,1,97.495,97.5,577,161,0,20495,0,-0.01,97.52,97.525,97.49,0,1770,97.505,233247,0,0,"0000-00-00",0
"2026-04-16","CRAZ26","CRA","CRA","CRA",0,"2027-03-17",0,1,97.32,97.325,200,55,0,26204,0,-0.015,97.35,97.355,97.305,0,3084,97.33,329005,0,0,"0000-00-00",0
"2026-04-16","CRAH27","CRA","CRA","CRA",0,"2027-06-16",0,1,97.175,97.18,55,49,0,21692,0,-0.01,97.2,97.215,97.155,0,2016,97.18,195695,0,0,"0000-00-00",0
"2026-04-16","CRAM27","CRA","CRA","CRA",0,"2027-09-15",0,1,97.1,97.105,115,11,0,13784,0,-0.02,97.13,97.145,97.075,0,1758,97.1,144575,0,0,"0000-00-00",0
"2026-04-16","CRAU27","CRA","CRA","CRA",0,"2027-12-15",0,1,97.07,97.075,15,20,0,9032,0,-0.02,97.105,97.12,97.05,0,1171,97.075,69279,0,0,"0000-00-00",0
"2026-04-16","CRAZ27","CRA","CRA","CRA",0,"2028-03-15",0,1,97.055,97.065,12,26,0,10903,0,-0.015,97.095,97.105,97.03,0,2006,97.06,75585,0,0,"0000-00-00",0
"2026-04-16","CRAH28","CRA","CRA","CRA",0,"2028-06-21",0,1,97.025,0,13,0,0,5480,0,-0.02,97.07,97.08,97,0,757,97.03,46158,0,0,"0000-00-00",0
"2026-04-16","CRAM28","CRA","CRA","CRA",0,"2028-09-20",0,1,97.005,0,15,0,0,2192,0,-0.025,97.06,97.065,96.99,0,370,97.015,24630,0,0,"2025-09-17",0
"2026-04-16","CRAU28","CRA","CRA","CRA",0,"2028-12-20",0,1,97,0,2,0,0,342,0,-0.04,97.04,97.055,96.985,0,69,97.005,6023,0,0,"2025-12-17",0
"2026-04-16","CRAZ28","CRA","CRA","CRA",0,"2029-03-21",0,1,96.99,0,22,0,0,436,0,-0.02,97.035,97.035,97.005,0,24,97,1197,0,0,"2026-03-18",0
"2026-04-17","CRAH26","CRA","CRA","CRA",0,"2026-06-17",0,1,97.715,97.7175,3133,2589,0,4085,0,-0.0025,97.715,97.7175,97.715,0,163,97.7175,242444,0,0,"0000-00-00",0
"2026-04-17","CRAM26","CRA","CRA","CRA",0,"2026-09-16",0,1,97.675,97.68,866,1241,0,35779,0,0.01,97.655,97.695,97.655,0,2536,97.68,174268,0,0,"0000-00-00",0
"2026-04-17","CRAU26","CRA","CRA","CRA",0,"2026-12-16",0,1,97.54,97.55,24,18,0,38905,0,0.045,97.495,97.585,97.49,0,4554,97.565,233019,0,0,"0000-00-00",0
"2026-04-17","CRAZ26","CRA","CRA","CRA",0,"2027-03-17",0,1,97.39,97.4,64,49,0,56711,0,0.065,97.32,97.435,97.31,0,6169,97.41,330029,0,0,"0000-00-00",0
"2026-04-17","CRAH27","CRA","CRA","CRA",0,"2027-06-16",0,1,97.245,97.25,55,39,0,40784,0,0.07,97.165,97.295,97.16,0,4833,97.265,199573,0,0,"0000-00-00",0
"2026-04-17","CRAM27","CRA","CRA","CRA",0,"2027-09-15",0,1,97.165,97.17,24,12,0,37453,0,0.07,97.095,97.22,97.09,0,4396,97.19,144679,0,0,"0000-00-00",0
"2026-04-17","CRAU27","CRA","CRA","CRA",0,"2027-12-15",0,1,97.135,97.14,17,30,0,18018,0,0.07,97.065,97.185,97.065,0,2751,97.16,69646,0,0,"0000-00-00",0
"2026-04-17","CRAZ27","CRA","CRA","CRA",0,"2028-03-15",0,1,97.115,97.12,17,19,0,12505,0,0.065,97.055,97.16,97.045,0,2169,97.135,76441,0,0,"0000-00-00",0
"2026-04-17","CRAH28","CRA","CRA","CRA",0,"2028-06-21",0,1,97.08,97.085,36,29,0,9329,0,0.055,97.025,97.13,97.02,0,1255,97.1,46413,0,0,"0000-00-00",0
"2026-04-17","CRAM28","CRA","CRA","CRA",0,"2028-09-20",0,1,97.055,97.065,120,21,0,2364,0,0.05,97.015,97.11,97.015,0,389,97.08,24882,0,0,"2025-09-17",0
"2026-04-17","CRAU28","CRA","CRA","CRA",0,"2028-12-20",0,1,97.045,97.055,15,14,0,542,0,0.055,97.04,97.095,97.04,0,92,97.065,5977,0,0,"2025-12-17",0
"2026-04-17","CRAZ28","CRA","CRA","CRA",0,"2029-03-21",0,1,97.025,97.045,100,100,0,411,0,0.045,97.06,97.075,97.045,0,27,97.05,1109,0,0,"2026-03-18",0
"2026-04-20","CRAH26","CRA","CRA","CRA",0,"2026-06-17",0,1,97.7125,97.715,927,780,0,10290,0,-0.005,97.715,97.7175,97.7125,0,161,97.715,243609,0,0,"0000-00-00",0
"2026-04-20","CRAM26","CRA","CRA","CRA",0,"2026-09-16",0,1,97.675,97.68,1158,116,0,20228,0,0,97.665,97.685,97.66,0,1594,97.685,176134,0,0,"0000-00-00",0
"2026-04-20","CRAU26","CRA","CRA","CRA",0,"2026-12-16",0,1,97.56,97.57,328,278,0,16644,0,0.005,97.535,97.58,97.535,0,2674,97.57,232833,0,0,"0000-00-00",0
"2026-04-20","CRAZ26","CRA","CRA","CRA",0,"2027-03-17",0,1,97.405,97.415,89,91,0,32216,0,0.005,97.355,97.435,97.355,0,3762,97.42,333025,0,0,"0000-00-00",0
"2026-04-20","CRAH27","CRA","CRA","CRA",0,"2027-06-16",0,1,97.265,97.275,65,81,0,24336,0,0.01,97.21,97.29,97.21,0,3026,97.28,201940,0,0,"0000-00-00",0
"2026-04-20","CRAM27","CRA","CRA","CRA",0,"2027-09-15",0,1,97.19,97.195,122,55,0,14438,0,0.01,97.14,97.215,97.14,0,2655,97.205,146376,0,0,"0000-00-00",0
"2026-04-20","CRAU27","CRA","CRA","CRA",0,"2027-12-15",0,1,97.155,97.165,26,37,0,6487,0,0.01,97.115,97.185,97.11,0,1506,97.17,71340,0,0,"0000-00-00",0
"2026-04-20","CRAZ27","CRA","CRA","CRA",0,"2028-03-15",0,1,97.14,97.145,9,33,0,5559,0,0.01,97.085,97.16,97.085,0,1313,97.15,77902,0,0,"0000-00-00",0
"2026-04-20","CRAH28","CRA","CRA","CRA",0,"2028-06-21",0,1,97.105,97.11,32,40,0,2928,0,0.01,97.07,97.125,97.055,0,711,97.115,44745,0,0,"0000-00-00",0
"2026-04-20","CRAM28","CRA","CRA","CRA",0,"2028-09-20",0,1,97.08,97.095,18,119,0,538,0,0.01,97.045,97.1,97.035,0,85,97.095,24818,0,0,"2025-09-17",0
"2026-04-20","CRAU28","CRA","CRA","CRA",0,"2028-12-20",0,1,97.065,97.08,15,116,0,246,0,0.01,97.04,97.08,97.04,0,21,97.08,5992,0,0,"2025-12-17",0
"2026-04-20","CRAZ28","CRA","CRA","CRA",0,"2029-03-21",0,1,97.05,97.07,100,100,0,257,0,0.01,97.065,97.07,97.045,0,8,97.065,1273,0,0,"2026-03-18",0
"2026-04-21","CRAH26","CRA","CRA","CRA",0,"2026-06-17",0,1,97.7125,97.715,1562,645,0,3653,0,-0.0025,97.715,97.7175,97.7125,0,66,97.7125,244462,0,0,"0000-00-00",0
"2026-04-21","CRAM26","CRA","CRA","CRA",0,"2026-09-16",0,1,97.655,97.665,260,853,0,28234,0,-0.025,97.685,97.685,97.65,0,1731,97.67,172550,0,0,"0000-00-00",0
"2026-04-21","CRAU26","CRA","CRA","CRA",0,"2026-12-16",0,1,97.505,97.515,80,140,0,40010,0,-0.05,97.565,97.575,97.49,0,4450,97.525,232000,0,0,"0000-00-00",0
"2026-04-21","CRAZ26","CRA","CRA","CRA",0,"2027-03-17",0,1,97.34,97.345,91,70,0,50011,0,-0.075,97.42,97.425,97.32,0,4518,97.36,332310,0,0,"0000-00-00",0
"2026-04-21","CRAH27","CRA","CRA","CRA",0,"2027-06-16",0,1,97.19,97.2,79,57,0,24088,0,-0.085,97.28,97.285,97.17,0,3569,97.205,201884,0,0,"0000-00-00",0
"2026-04-21","CRAM27","CRA","CRA","CRA",0,"2027-09-15",0,1,97.115,97.12,16,25,0,16067,0,-0.085,97.205,97.205,97.095,0,2857,97.12,144099,0,0,"0000-00-00",0
"2026-04-21","CRAU27","CRA","CRA","CRA",0,"2027-12-15",0,1,97.085,97.09,16,17,0,10915,0,-0.08,97.175,97.175,97.07,0,1706,97.09,71819,0,0,"0000-00-00",0
"2026-04-21","CRAZ27","CRA","CRA","CRA",0,"2028-03-15",0,1,97.075,97.08,17,28,0,7324,0,-0.07,97.15,97.155,97.055,0,1317,97.075,77403,0,0,"0000-00-00",0
"2026-04-21","CRAH28","CRA","CRA","CRA",0,"2028-06-21",0,1,97.045,97.05,30,12,0,4950,0,-0.065,97.12,97.125,97.025,0,800,97.05,44740,0,0,"0000-00-00",0
"2026-04-21","CRAM28","CRA","CRA","CRA",0,"2028-09-20",0,1,97.025,97.035,15,16,0,584,0,-0.06,97.09,97.1,97.015,0,132,97.035,25065,0,0,"2025-09-17",0
"2026-04-21","CRAU28","CRA","CRA","CRA",0,"2028-12-20",0,1,97.015,97.025,113,5,0,350,0,-0.065,97.075,97.085,97.015,0,64,97.025,6135,0,0,"2025-12-17",0
"2026-04-21","CRAZ28","CRA","CRA","CRA",0,"2029-03-21",0,1,97.01,97.03,100,100,0,241,0,-0.055,97.07,97.07,97.01,0,26,97.02,1392,0,0,"2026-03-18",0
"2026-04-22","CRAH26","CRA","CRA","CRA",0,"2026-06-17",0,1,97.7125,97.715,2450,1605,0,1784,0,0,97.715,97.7175,97.7125,0,40,97.7125,239566,0,0,"0000-00-00",0
"2026-04-22","CRAM26","CRA","CRA","CRA",0,"2026-09-16",0,1,97.665,97.67,170,656,0,10003,0,-0.005,97.665,97.675,97.665,0,794,97.675,169587,0,0,"0000-00-00",0
"2026-04-22","CRAU26","CRA","CRA","CRA",0,"2026-12-16",0,1,97.52,97.525,66,131,0,19125,0,0,97.53,97.54,97.52,0,2611,97.535,237059,0,0,"0000-00-00",0
"2026-04-22","CRAZ26","CRA","CRA","CRA",0,"2027-03-17",0,1,97.34,97.35,47,77,0,18357,0,-0.015,97.36,97.38,97.345,0,2473,97.36,332066,0,0,"0000-00-00",0
"2026-04-22","CRAH27","CRA","CRA","CRA",0,"2027-06-16",0,1,97.19,97.195,202,81,0,15629,0,-0.015,97.205,97.235,97.19,0,2451,97.205,203927,0,0,"0000-00-00",0
"2026-04-22","CRAM27","CRA","CRA","CRA",0,"2027-09-15",0,1,97.105,97.11,23,41,0,11307,0,-0.015,97.14,97.16,97.105,0,1803,97.12,145339,0,0,"0000-00-00",0
"2026-04-22","CRAU27","CRA","CRA","CRA",0,"2027-12-15",0,1,97.075,97.08,64,23,0,8777,0,-0.015,97.11,97.135,97.075,0,1496,97.09,70891,0,0,"0000-00-00",0
"2026-04-22","CRAZ27","CRA","CRA","CRA",0,"2028-03-15",0,1,97.055,97.06,65,7,0,6405,0,-0.02,97.095,97.115,97.055,0,1076,97.075,77231,0,0,"0000-00-00",0
"2026-04-22","CRAH28","CRA","CRA","CRA",0,"2028-06-21",0,1,97.025,97.035,36,132,0,4996,0,-0.02,97.065,97.09,97.025,0,764,97.045,45129,0,0,"0000-00-00",0
"2026-04-22","CRAM28","CRA","CRA","CRA",0,"2028-09-20",0,1,97.01,97.02,16,16,0,388,0,-0.005,97.05,97.065,97.025,0,80,97.03,25244,0,0,"2025-09-17",0
"2026-04-22","CRAU28","CRA","CRA","CRA",0,"2028-12-20",0,1,97,97.01,4,14,0,77,0,-0.005,97.03,97.035,97.02,0,16,97.02,6200,0,0,"2025-12-17",0
"2026-04-22","CRAZ28","CRA","CRA","CRA",0,"2029-03-21",0,1,96.985,97.005,100,100,0,1,0,0.005,97.025,97.025,97.025,0,1,97.015,1533,0,0,"2026-03-18",0
"2026-04-23","CRAH26","CRA","CRA","CRA",0,"2026-06-17",0,1,97.71,97.7125,2265,6,0,3970,0,-0.0025,97.7125,97.715,97.71,0,85,97.7125,239576,0,0,"0000-00-00",0
"2026-04-23","CRAM26","CRA","CRA","CRA",0,"2026-09-16",0,1,97.65,97.655,233,401,0,19582,0,-0.02,97.66,97.68,97.65,0,1649,97.66,169207,0,0,"0000-00-00",0
"2026-04-23","CRAU26","CRA","CRA","CRA",0,"2026-12-16",0,1,97.495,97.5,71,58,0,29588,0,-0.035,97.515,97.55,97.485,0,3676,97.505,237639,0,0,"0000-00-00",0
"2026-04-23","CRAZ26","CRA","CRA","CRA",0,"2027-03-17",0,1,97.31,97.32,46,57,0,33680,0,-0.045,97.33,97.37,97.29,0,4563,97.315,330663,0,0,"0000-00-00",0
"2026-04-23","CRAH27","CRA","CRA","CRA",0,"2027-06-16",0,1,97.155,97.165,104,97,0,27315,0,-0.05,97.155,97.22,97.13,0,2948,97.155,202528,0,0,"0000-00-00",0
"2026-04-23","CRAM27","CRA","CRA","CRA",0,"2027-09-15",0,1,97.08,97.085,122,76,0,21920,0,-0.035,97.085,97.14,97.05,0,3192,97.075,145574,0,0,"0000-00-00",0
"2026-04-23","CRAU27","CRA","CRA","CRA",0,"2027-12-15",0,1,97.055,97.065,21,68,0,13197,0,-0.03,97.055,97.115,97.025,0,1871,97.055,71168,0,0,"0000-00-00",0
"2026-04-23","CRAZ27","CRA","CRA","CRA",0,"2028-03-15",0,1,97.04,97.05,16,38,0,11609,0,-0.025,97.035,97.095,97.01,0,1801,97.035,78227,0,0,"0000-00-00",0
"2026-04-23","CRAH28","CRA","CRA","CRA",0,"2028-06-21",0,1,97.015,97.02,29,39,0,7003,0,-0.025,97,97.065,96.985,0,986,97.01,44793,0,0,"0000-00-00",0
"2026-04-23","CRAM28","CRA","CRA","CRA",0,"2028-09-20",0,1,96.995,97.005,14,12,0,906,0,-0.025,96.995,97.05,96.975,0,138,96.995,25313,0,0,"2025-09-17",0
"2026-04-23","CRAU28","CRA","CRA","CRA",0,"2028-12-20",0,1,96.98,96.995,110,3,0,210,0,-0.055,97,97.035,96.965,0,30,96.985,6239,0,0,"2025-12-17",0
"2026-04-23","CRAZ28","CRA","CRA","CRA",0,"2029-03-21",0,1,96.975,96.995,100,100,0,63,0,0.01,97.025,97.025,97.025,0,5,96.98,1534,0,0,"2026-03-18",0
"2026-04-24","CRAH26","CRA","CRA","CRA",0,"2026-06-17",0,1,97.71,97.7125,1475,553,0,3260,0,-0.0025,97.7125,97.715,97.71,0,131,97.71,238974,0,0,"0000-00-00",0
"2026-04-24","CRAM26","CRA","CRA","CRA",0,"2026-09-16",0,1,97.66,97.67,368,599,0,15999,0,0.005,97.66,97.675,97.645,0,1280,97.665,172720,0,0,"0000-00-00",0
"2026-04-24","CRAU26","CRA","CRA","CRA",0,"2026-12-16",0,1,97.525,97.53,19,21,0,20520,0,0.02,97.51,97.53,97.49,0,2615,97.525,239035,0,0,"0000-00-00",0
"2026-04-24","CRAZ26","CRA","CRA","CRA",0,"2027-03-17",0,1,97.345,97.355,234,62,0,34911,0,0.035,97.325,97.36,97.305,0,3961,97.345,324966,0,0,"0000-00-00",0
"2026-04-24","CRAH27","CRA","CRA","CRA",0,"2027-06-16",0,1,97.195,97.2,177,113,0,22986,0,0.045,97.17,97.205,97.145,0,3173,97.195,202131,0,0,"0000-00-00",0
"2026-04-24","CRAM27","CRA","CRA","CRA",0,"2027-09-15",0,1,97.115,97.125,117,35,0,16401,0,0.045,97.08,97.13,97.065,0,2620,97.12,147312,0,0,"0000-00-00",0
"2026-04-24","CRAU27","CRA","CRA","CRA",0,"2027-12-15",0,1,97.1,97.105,34,20,0,12976,0,0.045,97.06,97.11,97.045,0,2104,97.1,71194,0,0,"0000-00-00",0
"2026-04-24","CRAZ27","CRA","CRA","CRA",0,"2028-03-15",0,1,97.08,97.09,30,33,0,10044,0,0.05,97.045,97.09,97.035,0,1844,97.085,79708,0,0,"0000-00-00",0
"2026-04-24","CRAH28","CRA","CRA","CRA",0,"2028-06-21",0,1,97.05,97.06,126,34,0,6970,0,0.045,97.02,97.065,97.01,0,1132,97.06,44277,0,0,"0000-00-00",0
"2026-04-24","CRAM28","CRA","CRA","CRA",0,"2028-09-20",0,1,97.035,97.045,12,16,0,2361,0,0.04,97.005,97.045,97,0,475,97.04,25260,0,0,"2025-09-17",0
"2026-04-24","CRAU28","CRA","CRA","CRA",0,"2028-12-20",0,1,97.02,97.03,211,54,0,838,0,0.045,97.005,97.03,96.995,0,301,97.025,6196,0,0,"2025-12-17",0
"2026-04-24","CRAZ28","CRA","CRA","CRA",0,"2029-03-21",0,1,97.02,97.04,100,100,0,149,0,0.045,96.995,97.025,96.985,0,59,97.02,1538,0,0,"2026-03-18",0
"2026-04-27","CRAH26","CRA","CRA","CRA",0,"2026-06-17",0,1,97.71,97.715,2118,2075,0,2380,0,0,97.71,97.7125,97.71,0,31,97.71,238636,0,0,"0000-00-00",0
"2026-04-27","CRAM26","CRA","CRA","CRA",0,"2026-09-16",0,1,97.665,97.67,544,1076,0,5610,0,0,97.66,97.67,97.655,0,449,97.66,172944,0,0,"0000-00-00",0
"2026-04-27","CRAU26","CRA","CRA","CRA",0,"2026-12-16",0,1,97.515,97.52,26,38,0,13085,0,-0.01,97.505,97.525,97.505,0,1444,97.515,236222,0,0,"0000-00-00",0
"2026-04-27","CRAZ26","CRA","CRA","CRA",0,"2027-03-17",0,1,97.335,97.34,9,75,0,16432,0,-0.01,97.325,97.35,97.32,0,1762,97.335,317907,0,0,"0000-00-00",0
"2026-04-27","CRAH27","CRA","CRA","CRA",0,"2027-06-16",0,1,97.18,97.19,76,61,0,13025,0,-0.01,97.17,97.195,97.17,0,1960,97.18,202670,0,0,"0000-00-00",0
"2026-04-27","CRAM27","CRA","CRA","CRA",0,"2027-09-15",0,1,97.1,97.105,63,9,0,8283,0,-0.02,97.1,97.12,97.09,0,1335,97.105,143757,0,0,"0000-00-00",0
"2026-04-27","CRAU27","CRA","CRA","CRA",0,"2027-12-15",0,1,97.08,97.09,44,148,0,7013,0,-0.015,97.08,97.1,97.07,0,1176,97.085,72201,0,0,"0000-00-00",0
"2026-04-27","CRAZ27","CRA","CRA","CRA",0,"2028-03-15",0,1,97.065,97.075,45,31,0,5468,0,-0.02,97.065,97.085,97.05,0,1121,97.07,77746,0,0,"0000-00-00",0
"2026-04-27","CRAH28","CRA","CRA","CRA",0,"2028-06-21",0,1,97.04,97.045,27,39,0,3346,0,-0.02,97.025,97.055,97.025,0,461,97.04,44646,0,0,"0000-00-00",0
"2026-04-27","CRAM28","CRA","CRA","CRA",0,"2028-09-20",0,1,97.02,97.03,17,16,0,735,0,-0.015,97.01,97.035,97.01,0,135,97.025,24885,0,0,"2025-09-17",0
"2026-04-27","CRAU28","CRA","CRA","CRA",0,"2028-12-20",0,1,97.005,97.015,12,3,0,325,0,-0.01,97,97.025,96.995,0,67,97.01,6301,0,0,"2025-12-17",0
"2026-04-27","CRAZ28","CRA","CRA","CRA",0,"2029-03-21",0,1,96.995,97.015,100,100,0,82,0,-0.01,96.995,97.025,96.99,0,18,97.005,1521,0,0,"2026-03-18",0
"2026-04-28","CRAH26","CRA","CRA","CRA",0,"2026-06-17",0,1,97.7075,97.71,1710,60,0,5837,0,-0.0025,97.71,97.7125,97.7075,0,99,97.71,240359,0,0,"0000-00-00",0
"2026-04-28","CRAM26","CRA","CRA","CRA",0,"2026-09-16",0,1,97.64,97.645,1033,885,0,24304,0,-0.015,97.665,97.665,97.635,0,1803,97.64,174599,0,0,"0000-00-00",0
"2026-04-28","CRAU26","CRA","CRA","CRA",0,"2026-12-16",0,1,97.47,97.475,92,135,0,29883,0,-0.04,97.515,97.515,97.455,0,3357,97.475,238567,0,0,"0000-00-00",0
"2026-04-28","CRAZ26","CRA","CRA","CRA",0,"2027-03-17",0,1,97.28,97.29,86,90,0,36536,0,-0.05,97.33,97.33,97.265,0,3585,97.285,318989,0,0,"0000-00-00",0
"2026-04-28","CRAH27","CRA","CRA","CRA",0,"2027-06-16",0,1,97.125,97.13,71,50,0,24293,0,-0.05,97.17,97.17,97.115,0,3268,97.125,202436,0,0,"0000-00-00",0
"2026-04-28","CRAM27","CRA","CRA","CRA",0,"2027-09-15",0,1,97.055,97.06,24,40,0,15293,0,-0.05,97.085,97.09,97.04,0,2531,97.05,145046,0,0,"0000-00-00",0
"2026-04-28","CRAU27","CRA","CRA","CRA",0,"2027-12-15",0,1,97.035,97.045,39,27,0,12747,0,-0.045,97.065,97.065,97.025,0,2186,97.035,71962,0,0,"0000-00-00",0
"2026-04-28","CRAZ27","CRA","CRA","CRA",0,"2028-03-15",0,1,97.025,97.03,32,11,0,6752,0,-0.035,97.05,97.05,97.015,0,1639,97.025,78230,0,0,"0000-00-00",0
"2026-04-28","CRAH28","CRA","CRA","CRA",0,"2028-06-21",0,1,97.005,97.01,44,54,0,6749,0,-0.03,97.02,97.02,96.99,0,1172,97.005,44181,0,0,"0000-00-00",0
"2026-04-28","CRAM28","CRA","CRA","CRA",0,"2028-09-20",0,1,96.985,96.995,16,15,0,937,0,-0.035,97,97.01,96.98,0,201,96.99,25096,0,0,"2025-09-17",0
"2026-04-28","CRAU28","CRA","CRA","CRA",0,"2028-12-20",0,1,96.975,96.985,17,18,0,1190,0,-0.025,96.995,96.995,96.96,0,282,96.975,6411,0,0,"2025-12-17",0
"2026-04-28","CRAZ28","CRA","CRA","CRA",0,"2029-03-21",0,1,96.97,96.985,100,8,0,127,0,-0.03,96.99,96.99,96.96,0,20,96.97,1517,0,0,"2026-03-18",0
"2026-04-29","CRAH26","CRA","CRA","CRA",0,"2026-06-17",0,1,97.705,97.7075,678,1354,0,12846,0,-0.005,97.7075,97.71,97.705,0,224,97.7075,240904,0,0,"0000-00-00",0
"2026-04-29","CRAM26","CRA","CRA","CRA",0,"2026-09-16",0,1,97.565,97.57,123,144,0,69208,0,-0.075,97.645,97.645,97.555,0,4058,97.57,177713,0,0,"0000-00-00",0
"2026-04-29","CRAU26","CRA","CRA","CRA",0,"2026-12-16",0,1,97.28,97.29,298,78,0,90507,0,-0.19,97.48,97.485,97.28,0,7239,97.29,238057,0,0,"0000-00-00",0
"2026-04-29","CRAZ26","CRA","CRA","CRA",0,"2027-03-17",0,1,97.075,97.08,28,43,0,109940,0,-0.21,97.3,97.3,97.07,0,9239,97.085,319070,0,0,"0000-00-00",0
"2026-04-29","CRAH27","CRA","CRA","CRA",0,"2027-06-16",0,1,96.915,96.925,77,77,0,56370,0,-0.2,97.14,97.145,96.905,0,6342,96.925,199747,0,0,"0000-00-00",0
"2026-04-29","CRAM27","CRA","CRA","CRA",0,"2027-09-15",0,1,96.85,96.86,47,49,0,34228,0,-0.195,97.07,97.08,96.835,0,4957,96.855,145066,0,0,"0000-00-00",0
"2026-04-29","CRAU27","CRA","CRA","CRA",0,"2027-12-15",0,1,96.855,96.86,35,1,0,24068,0,-0.18,97.055,97.06,96.835,0,3876,96.855,72700,0,0,"0000-00-00",0
"2026-04-29","CRAZ27","CRA","CRA","CRA",0,"2028-03-15",0,1,96.86,96.87,36,26,0,19461,0,-0.16,97.04,97.045,96.84,0,3075,96.86,78243,0,0,"0000-00-00",0
"2026-04-29","CRAH28","CRA","CRA","CRA",0,"2028-06-21",0,1,96.85,96.86,37,65,0,13389,0,-0.15,97.025,97.025,96.835,0,2197,96.85,42707,0,0,"0000-00-00",0
"2026-04-29","CRAM28","CRA","CRA","CRA",0,"2028-09-20",0,1,96.85,96.86,12,14,0,2561,0,-0.14,96.995,96.995,96.835,0,428,96.85,25426,0,0,"2025-09-17",0
"2026-04-29","CRAU28","CRA","CRA","CRA",0,"2028-12-20",0,1,96.85,96.865,120,12,0,927,0,-0.11,96.985,96.985,96.85,0,227,96.855,6637,0,0,"2025-12-17",0
"2026-04-29","CRAZ28","CRA","CRA","CRA",0,"2029-03-21",0,1,96.86,96.88,100,100,0,524,0,-0.075,96.975,96.975,96.88,0,66,96.865,1537,0,0,"2026-03-18",0
"2026-04-30","CRAH26","CRA","CRA","CRA",0,"2026-06-17",0,1,97.705,97.7075,1748,2097,0,2717,0,-0.0025,97.7075,97.7075,97.705,0,99,97.7075,243382,0,0,"0000-00-00",0
"2026-04-30","CRAM26","CRA","CRA","CRA",0,"2026-09-16",0,1,97.61,97.615,370,1048,0,22790,0,0.04,97.565,97.63,97.56,0,1206,97.605,179598,0,0,"0000-00-00",0
"2026-04-30","CRAU26","CRA","CRA","CRA",0,"2026-12-16",0,1,97.365,97.37,99,112,0,36493,0,0.075,97.28,97.38,97.27,0,3767,97.355,241049,0,0,"0000-00-00",0
"2026-04-30","CRAZ26","CRA","CRA","CRA",0,"2027-03-17",0,1,97.175,97.18,65,109,0,64402,0,0.095,97.085,97.19,97.06,0,7603,97.16,331052,0,0,"0000-00-00",0
"2026-04-30","CRAH27","CRA","CRA","CRA",0,"2027-06-16",0,1,97.025,97.03,42,106,0,39156,0,0.105,96.905,97.035,96.905,0,4129,97.01,205413,0,0,"0000-00-00",0
"2026-04-30","CRAM27","CRA","CRA","CRA",0,"2027-09-15",0,1,96.96,96.965,18,44,0,25376,0,0.115,96.85,96.97,96.835,0,3714,96.94,146962,0,0,"0000-00-00",0
"2026-04-30","CRAU27","CRA","CRA","CRA",0,"2027-12-15",0,1,96.96,96.965,8,40,0,16534,0,0.105,96.845,96.96,96.845,0,2029,96.93,73749,0,0,"0000-00-00",0
"2026-04-30","CRAZ27","CRA","CRA","CRA",0,"2028-03-15",0,1,96.96,96.965,56,38,0,15097,0,0.105,96.855,96.965,96.855,0,1884,96.93,79233,0,0,"0000-00-00",0
"2026-04-30","CRAH28","CRA","CRA","CRA",0,"2028-06-21",0,1,96.945,96.955,40,30,0,7519,0,0.1,96.85,96.95,96.845,0,994,96.915,43451,0,0,"0000-00-00",0
"2026-04-30","CRAM28","CRA","CRA","CRA",0,"2028-09-20",0,1,96.935,96.945,14,11,0,704,0,0.09,96.85,96.94,96.85,0,152,96.91,25512,0,0,"2025-09-17",0
"2026-04-30","CRAU28","CRA","CRA","CRA",0,"2028-12-20",0,1,96.92,96.935,102,1,0,168,0,0.065,96.85,96.925,96.85,0,61,96.905,6695,0,0,"2025-12-17",0
"2026-04-30","CRAZ28","CRA","CRA","CRA",0,"2029-03-21",0,1,96.92,96.94,100,100,0,162,0,0.045,96.895,96.915,96.895,0,27,96.905,1451,0,0,"2026-03-18",0
"2026-05-01","CRAH26","CRA","CRA","CRA",0,"2026-06-17",0,1,97.705,97.7075,13,6749,97.705,2829,97.7075,-0.0025,97.7075,97.7075,97.705,276372,89,97.705,242315,0,0,"0000-00-00",0
"2026-05-01","CRAM26","CRA","CRA","CRA",0,"2026-09-16",0,1,97.625,97.63,5,243,97.625,24931,97.605,0.02,97.61,97.635,97.595,2433113,1333,97.63,176058,0,0,"0000-00-00",0
"2026-05-01","CRAU26","CRA","CRA","CRA",0,"2026-12-16",0,1,97.39,97.395,32,20,97.395,25758,97.355,0.04,97.365,97.42,97.355,2507417,2640,97.41,237859,0,0,"0000-00-00",0
"2026-05-01","CRAZ26","CRA","CRA","CRA",0,"2027-03-17",0,1,97.2,97.205,206,74,97.205,30812,97.16,0.045,97.175,97.23,97.15,2993566,3657,97.215,329405,0,0,"0000-00-00",0
"2026-05-01","CRAH27","CRA","CRA","CRA",0,"2027-06-16",0,1,97.045,97.055,66,77,97.05,17212,97.01,0.04,97.025,97.08,96.995,1669982,1921,97.065,203342,0,0,"0000-00-00",0
"2026-05-01","CRAM27","CRA","CRA","CRA",0,"2027-09-15",0,1,96.98,96.985,18,58,96.98,14095,96.94,0.04,96.955,97.01,96.93,1365851,1747,97,149925,0,0,"0000-00-00",0
"2026-05-01","CRAU27","CRA","CRA","CRA",0,"2027-12-15",0,1,96.97,96.975,36,52,96.975,8694,96.93,0.045,96.96,97.005,96.925,842219,1050,96.99,75440,0,0,"0000-00-00",0
"2026-05-01","CRAZ27","CRA","CRA","CRA",0,"2028-03-15",0,1,96.97,96.975,36,39,96.975,8108,96.93,0.045,96.96,97,96.925,785402,1061,96.99,82493,0,0,"0000-00-00",0
"2026-05-01","CRAH28","CRA","CRA","CRA",0,"2028-06-21",0,1,96.95,96.96,52,61,96.965,4862,96.915,0.05,96.945,96.985,96.915,470907,661,96.975,42008,0,0,"0000-00-00",0
"2026-05-01","CRAM28","CRA","CRA","CRA",0,"2028-09-20",0,1,96.945,96.95,4,15,96.96,1153,96.91,0.05,96.93,96.965,96.915,111729,87,96.965,25520,0,0,"2025-09-17",0
"2026-05-01","CRAU28","CRA","CRA","CRA",0,"2028-12-20",0,1,96.935,96.945,2,2,96.955,420,96.905,0.05,96.935,96.955,96.935,40693,39,96.955,6736,0,0,"2025-12-17",0
"2026-05-01","CRAZ28","CRA","CRA","CRA",0,"2029-03-21",0,1,96.92,96.94,100,100,96.945,75,96.905,0.04,96.94,96.945,96.94,7265,9,96.945,1534,0,0,"2026-03-18",0
"2026-05-04","CRAH26","CRA","CRA","CRA",0,"2026-06-17",0,1,97.705,97.7075,1886,4021,0,637,0,0,97.705,97.7075,97.705,0,24,97.7075,242198,0,0,"0000-00-00",0
"2026-05-04","CRAM26","CRA","CRA","CRA",0,"2026-09-16",0,1,97.6,97.605,152,127,0,30468,0,-0.025,97.625,97.625,97.585,0,1635,97.59,171516,0,0,"0000-00-00",0
"2026-05-04","CRAU26","CRA","CRA","CRA",0,"2026-12-16",0,1,97.315,97.325,68,23,0,50439,0,-0.09,97.395,97.395,97.285,0,4953,97.3,235412,0,0,"0000-00-00",0
"2026-05-04","CRAZ26","CRA","CRA","CRA",0,"2027-03-17",0,1,97.08,97.085,124,164,0,65052,0,-0.13,97.205,97.205,97.04,0,5389,97.065,328666,0,0,"0000-00-00",0
"2026-05-04","CRAH27","CRA","CRA","CRA",0,"2027-06-16",0,1,96.905,96.91,266,50,0,42684,0,-0.16,97.045,97.045,96.88,0,3107,96.9,200661,0,0,"0000-00-00",0
"2026-05-04","CRAM27","CRA","CRA","CRA",0,"2027-09-15",0,1,96.84,96.845,274,48,0,24369,0,-0.155,96.98,96.98,96.815,0,2464,96.83,152336,0,0,"0000-00-00",0
"2026-05-04","CRAU27","CRA","CRA","CRA",0,"2027-12-15",0,1,96.84,96.845,253,29,0,21336,0,-0.15,96.98,96.98,96.815,0,2020,96.83,75119,0,0,"0000-00-00",0
"2026-05-04","CRAZ27","CRA","CRA","CRA",0,"2028-03-15",0,1,96.84,96.85,250,434,0,12709,0,-0.15,96.975,96.975,96.82,0,1644,96.835,83173,0,0,"0000-00-00",0
"2026-05-04","CRAH28","CRA","CRA","CRA",0,"2028-06-21",0,1,96.835,96.84,118,80,0,9696,0,-0.14,96.96,96.96,96.815,0,913,96.825,41795,0,0,"0000-00-00",0
"2026-05-04","CRAM28","CRA","CRA","CRA",0,"2028-09-20",0,1,96.835,96.84,13,17,0,2697,0,-0.13,96.935,96.945,96.81,0,226,96.825,26035,0,0,"2025-09-17",0
"2026-05-04","CRAU28","CRA","CRA","CRA",0,"2028-12-20",0,1,96.835,96.845,6,106,0,1116,0,-0.115,96.92,96.93,96.82,0,170,96.83,6680,0,0,"2025-12-17",0
"2026-05-04","CRAZ28","CRA","CRA","CRA",0,"2029-03-21",0,1,0,97.2,0,10,0,535,0,-0.1,96.9,96.9,96.835,0,38,96.835,1525,0,0,"2026-03-18",0
"2026-05-05","CRAH26","CRA","CRA","CRA",0,"2026-06-17",0,1,97.705,97.7075,2472,4515,0,631,0,-0.0025,97.705,97.705,97.705,0,11,97.7075,244880,0,0,"0000-00-00",0
"2026-05-05","CRAM26","CRA","CRA","CRA",0,"2026-09-16",0,1,97.61,97.615,834,300,0,17077,0,0.02,97.605,97.62,97.595,0,918,97.615,175664,0,0,"0000-00-00",0
"2026-05-05","CRAU26","CRA","CRA","CRA",0,"2026-12-16",0,1,97.335,97.34,183,48,0,33117,0,0.035,97.32,97.355,97.315,0,3218,97.345,242081,0,0,"0000-00-00",0
"2026-05-05","CRAZ26","CRA","CRA","CRA",0,"2027-03-17",0,1,97.11,97.115,30,117,0,45646,0,0.045,97.08,97.125,97.07,0,4397,97.115,344096,0,0,"0000-00-00",0
"2026-05-05","CRAH27","CRA","CRA","CRA",0,"2027-06-16",0,1,96.945,96.95,23,293,0,42568,0,0.045,96.915,96.96,96.895,0,4111,96.95,206953,0,0,"0000-00-00",0
"2026-05-05","CRAM27","CRA","CRA","CRA",0,"2027-09-15",0,1,96.87,96.875,230,52,0,24896,0,0.04,96.845,96.89,96.825,0,2919,96.875,153267,0,0,"0000-00-00",0
"2026-05-05","CRAU27","CRA","CRA","CRA",0,"2027-12-15",0,1,96.86,96.87,229,258,0,18722,0,0.035,96.845,96.885,96.825,0,2336,96.875,79904,0,0,"0000-00-00",0
"2026-05-05","CRAZ27","CRA","CRA","CRA",0,"2028-03-15",0,1,96.86,96.87,250,259,0,16971,0,0.03,96.85,96.885,96.825,0,2297,96.875,84280,0,0,"0000-00-00",0
"2026-05-05","CRAH28","CRA","CRA","CRA",0,"2028-06-21",0,1,96.85,96.855,149,30,0,11860,0,0.03,96.835,96.875,96.82,0,1455,96.865,42538,0,0,"0000-00-00",0
"2026-05-05","CRAM28","CRA","CRA","CRA",0,"2028-09-20",0,1,96.84,96.85,14,115,0,1670,0,0.025,96.835,96.865,96.82,0,300,96.86,26391,0,0,"2025-09-17",0
"2026-05-05","CRAU28","CRA","CRA","CRA",0,"2028-12-20",0,1,96.835,96.845,114,3,0,974,0,0.03,96.835,96.86,96.825,0,149,96.86,7022,0,0,"2025-12-17",0
"2026-05-05","CRAZ28","CRA","CRA","CRA",0,"2029-03-21",0,1,0,97.2,0,10,0,950,0,0.015,96.845,96.86,96.83,0,62,96.86,1735,0,0,"2026-03-18",0
"2026-05-06","CRAH26","CRA","CRA","CRA",0,"2026-06-17",0,1,97.705,97.7075,5253,4675,0,91,0,-0.0025,97.705,97.7075,97.705,0,5,97.7075,242468,0,0,"0000-00-00",0
"2026-05-06","CRAM26","CRA","CRA","CRA",0,"2026-09-16",0,1,97.645,97.65,330,422,0,38349,0,0.035,97.625,97.66,97.625,0,2024,97.64,175575,0,0,"0000-00-00",0
"2026-05-06","CRAU26","CRA","CRA","CRA",0,"2026-12-16",0,1,97.435,97.445,127,144,0,47420,0,0.1,97.365,97.46,97.365,0,4689,97.435,242889,0,0,"0000-00-00",0
"2026-05-06","CRAZ26","CRA","CRA","CRA",0,"2027-03-17",0,1,97.245,97.25,183,263,0,68556,0,0.135,97.15,97.265,97.145,0,6364,97.24,342188,0,0,"0000-00-00",0
"2026-05-06","CRAH27","CRA","CRA","CRA",0,"2027-06-16",0,1,97.09,97.1,334,302,0,39308,0,0.14,96.98,97.115,96.98,0,4300,97.085,209082,0,0,"0000-00-00",0
"2026-05-06","CRAM27","CRA","CRA","CRA",0,"2027-09-15",0,1,97.01,97.015,257,78,0,35663,0,0.14,96.91,97.04,96.91,0,4365,97.005,152156,0,0,"0000-00-00",0
"2026-05-06","CRAU27","CRA","CRA","CRA",0,"2027-12-15",0,1,96.99,96.995,23,350,0,22455,0,0.12,96.91,97.025,96.91,0,2941,96.98,81152,0,0,"0000-00-00",0
"2026-05-06","CRAZ27","CRA","CRA","CRA",0,"2028-03-15",0,1,96.97,96.975,244,16,0,13897,0,0.1,96.895,97.005,96.895,0,2038,96.96,84668,0,0,"0000-00-00",0
"2026-05-06","CRAH28","CRA","CRA","CRA",0,"2028-06-21",0,1,96.945,96.95,138,23,0,14304,0,0.08,96.91,96.985,96.9,0,1807,96.93,42177,0,0,"0000-00-00",0
"2026-05-06","CRAM28","CRA","CRA","CRA",0,"2028-09-20",0,1,96.925,96.935,117,17,0,4489,0,0.065,96.915,96.97,96.895,0,583,96.91,26171,0,0,"2025-09-17",0
"2026-05-06","CRAU28","CRA","CRA","CRA",0,"2028-12-20",0,1,96.915,96.925,113,11,0,3984,0,0.055,96.895,96.955,96.88,0,380,96.9,6799,0,0,"2025-12-17",0
"2026-05-06","CRAZ28","CRA","CRA","CRA",0,"2029-03-21",0,1,96.91,96.94,5,14,0,2512,0,0.05,96.94,96.94,96.875,0,123,96.89,2279,0,0,"2026-03-18",0
"2026-05-07","CRAH26","CRA","CRA","CRA",0,"2026-06-17",0,1,97.7075,97.71,1209,3162,0,9611,0,0,97.7075,97.71,97.7075,0,120,97.7075,242466,0,0,"0000-00-00",0
"2026-05-07","CRAM26","CRA","CRA","CRA",0,"2026-09-16",0,1,97.635,97.64,132,283,0,22002,0,0,97.65,97.67,97.625,0,1202,97.635,175727,0,0,"0000-00-00",0
"2026-05-07","CRAU26","CRA","CRA","CRA",0,"2026-12-16",0,1,97.42,97.425,66,126,0,33478,0,-0.01,97.445,97.495,97.4,0,3693,97.42,250520,0,0,"0000-00-00",0
"2026-05-07","CRAZ26","CRA","CRA","CRA",0,"2027-03-17",0,1,97.215,97.225,79,253,0,46219,0,-0.015,97.25,97.31,97.185,0,4674,97.215,350322,0,0,"0000-00-00",0
"2026-05-07","CRAH27","CRA","CRA","CRA",0,"2027-06-16",0,1,97.06,97.065,49,63,0,44142,0,-0.02,97.1,97.16,97.03,0,3809,97.055,208337,0,0,"0000-00-00",0
"2026-05-07","CRAM27","CRA","CRA","CRA",0,"2027-09-15",0,1,96.985,96.995,50,220,0,27254,0,-0.015,97.02,97.075,96.95,0,2697,96.98,158080,0,0,"0000-00-00",0
"2026-05-07","CRAU27","CRA","CRA","CRA",0,"2027-12-15",0,1,96.96,96.97,22,26,0,17289,0,-0.005,96.99,97.05,96.925,0,1772,96.955,83197,0,0,"0000-00-00",0
"2026-05-07","CRAZ27","CRA","CRA","CRA",0,"2028-03-15",0,1,96.945,96.95,16,17,0,12860,0,-0.005,96.975,97.03,96.91,0,1984,96.935,84992,0,0,"0000-00-00",0
"2026-05-07","CRAH28","CRA","CRA","CRA",0,"2028-06-21",0,1,96.915,96.925,141,51,0,8025,0,-0.015,96.95,96.995,96.88,0,1207,96.905,42897,0,0,"0000-00-00",0
"2026-05-07","CRAM28","CRA","CRA","CRA",0,"2028-09-20",0,1,96.9,96.91,114,14,0,2528,0,-0.01,96.94,96.97,96.875,0,537,96.89,24684,0,0,"2025-09-17",0
"2026-05-07","CRAU28","CRA","CRA","CRA",0,"2028-12-20",0,1,96.895,96.905,101,3,0,1467,0,0,96.95,96.96,96.87,0,310,96.89,7812,0,0,"2025-12-17",0
"2026-05-07","CRAZ28","CRA","CRA","CRA",0,"2029-03-21",0,1,96.895,96.91,100,100,0,542,0,0.01,96.935,96.955,96.875,0,73,96.89,3767,0,0,"2026-03-18",0
"2026-05-08","CRAH26","CRA","CRA","CRA",0,"2026-06-17",0,1,97.7075,97.71,3197,2901,0,194,0,0,97.71,97.71,97.7075,0,12,97.71,240995,0,0,"0000-00-00",0
"2026-05-08","CRAM26","CRA","CRA","CRA",0,"2026-09-16",0,1,97.67,97.675,20,937,0,19936,0,0.035,97.635,97.675,97.625,0,1138,97.67,168300,0,0,"0000-00-00",0
"2026-05-08","CRAU26","CRA","CRA","CRA",0,"2026-12-16",0,1,97.48,97.485,75,134,0,27986,0,0.06,97.43,97.515,97.425,0,3163,97.48,246239,0,0,"0000-00-00",0
"2026-05-08","CRAZ26","CRA","CRA","CRA",0,"2027-03-17",0,1,97.285,97.29,77,118,0,49090,0,0.075,97.235,97.335,97.225,0,4871,97.29,340755,0,0,"0000-00-00",0
"2026-05-08","CRAH27","CRA","CRA","CRA",0,"2027-06-16",0,1,97.125,97.135,18,8,0,45719,0,0.08,97.075,97.185,97.07,0,3680,97.14,206932,0,0,"0000-00-00",0
"2026-05-08","CRAM27","CRA","CRA","CRA",0,"2027-09-15",0,1,97.06,97.07,7,37,0,19339,0,0.085,96.99,97.105,96.99,0,2579,97.07,157821,0,0,"0000-00-00",0
"2026-05-08","CRAU27","CRA","CRA","CRA",0,"2027-12-15",0,1,0,97.05,0,8,0,17673,0,0.09,96.965,97.075,96.965,0,2021,97.045,82025,0,0,"0000-00-00",0
"2026-05-08","CRAZ27","CRA","CRA","CRA",0,"2028-03-15",0,1,97.025,97.03,18,5,0,13941,0,0.085,96.95,97.05,96.95,0,1749,97.025,85496,0,0,"0000-00-00",0
"2026-05-08","CRAH28","CRA","CRA","CRA",0,"2028-06-21",0,1,96.99,0,13,0,0,11456,0,0.085,96.92,97.015,96.92,0,1237,96.995,43486,0,0,"0000-00-00",0
"2026-05-08","CRAM28","CRA","CRA","CRA",0,"2028-09-20",0,1,0,0,0,0,0,2823,0,0.085,96.905,96.995,96.905,0,388,96.975,24722,0,0,"2025-09-17",0
"2026-05-08","CRAU28","CRA","CRA","CRA",0,"2028-12-20",0,1,0,97.2,0,10,0,1025,0,0.08,96.91,96.975,96.895,0,175,96.97,8579,0,0,"2025-12-17",0
"2026-05-08","CRAZ28","CRA","CRA","CRA",0,"2029-03-21",0,1,0,97.2,0,10,0,471,0,0.07,96.915,96.97,96.91,0,56,96.96,3667,0,0,"2026-03-18",0
"2026-05-11","CRAH26","CRA","CRA","CRA",0,"2026-06-17",0,1,97.7075,97.71,3079,244,0,997,0,-0.0025,97.71,97.7125,97.7075,0,89,97.71,239513,0,0,"0000-00-00",0
"2026-05-11","CRAM26","CRA","CRA","CRA",0,"2026-09-16",0,1,97.655,97.66,836,80,0,13051,0,-0.01,97.665,97.67,97.655,0,702,97.665,168724,0,0,"0000-00-00",0
"2026-05-11","CRAU26","CRA","CRA","CRA",0,"2026-12-16",0,1,97.435,97.44,33,135,0,15740,0,-0.045,97.445,97.465,97.43,0,2139,97.445,242737,0,0,"0000-00-00",0
"2026-05-11","CRAZ26","CRA","CRA","CRA",0,"2027-03-17",0,1,97.225,97.23,42,65,0,29913,0,-0.065,97.265,97.265,97.215,0,3049,97.225,335914,0,0,"0000-00-00",0
"2026-05-11","CRAH27","CRA","CRA","CRA",0,"2027-06-16",0,1,97.06,97.065,19,31,0,16725,0,-0.09,97.1,97.1,97.05,0,1887,97.06,205922,0,0,"0000-00-00",0
"2026-05-11","CRAM27","CRA","CRA","CRA",0,"2027-09-15",0,1,96.975,96.985,37,14,0,8976,0,-0.09,97.025,97.03,96.97,0,1343,96.985,154404,0,0,"0000-00-00",0
"2026-05-11","CRAU27","CRA","CRA","CRA",0,"2027-12-15",0,1,0,96.96,0,13,0,7790,0,-0.085,96.99,97.01,96.95,0,1122,96.965,82739,0,0,"0000-00-00",0
"2026-05-11","CRAZ27","CRA","CRA","CRA",0,"2028-03-15",0,1,96.94,96.945,43,9,0,5643,0,-0.085,96.995,96.995,96.93,0,882,96.95,85976,0,0,"0000-00-00",0
"2026-05-11","CRAH28","CRA","CRA","CRA",0,"2028-06-21",0,1,96.875,96.915,18,30,0,6475,0,-0.085,96.94,96.96,96.905,0,857,96.92,44786,0,0,"0000-00-00",0
"2026-05-11","CRAM28","CRA","CRA","CRA",0,"2028-09-20",0,1,0,0,0,0,0,1431,0,-0.09,96.915,96.94,96.885,0,170,96.9,24572,0,0,"2025-09-17",0
"2026-05-11","CRAU28","CRA","CRA","CRA",0,"2028-12-20",0,1,0,96.93,0,10,0,445,0,-0.095,96.91,96.93,96.875,0,67,96.895,8721,0,0,"2025-12-17",0
"2026-05-11","CRAZ28","CRA","CRA","CRA",0,"2029-03-21",0,1,0,97.2,0,10,0,144,0,-0.085,96.92,96.92,96.875,0,33,96.89,3633,0,0,"2026-03-18",0
"2026-05-12","CRAH26","CRA","CRA","CRA",0,"2026-06-17",0,1,97.71,97.7125,1258,595,0,857,0,0,97.71,97.7125,97.7075,0,51,97.71,239722,0,0,"0000-00-00",0
"2026-05-12","CRAM26","CRA","CRA","CRA",0,"2026-09-16",0,1,97.655,97.66,839,938,0,12045,0,-0.01,97.655,97.66,97.645,0,668,97.655,171005,0,0,"0000-00-00",0
"2026-05-12","CRAU26","CRA","CRA","CRA",0,"2026-12-16",0,1,97.415,97.42,207,173,0,30897,0,-0.02,97.43,97.44,97.4,0,3258,97.425,239746,0,0,"0000-00-00",0
"2026-05-12","CRAZ26","CRA","CRA","CRA",0,"2027-03-17",0,1,97.185,97.19,316,116,0,34113,0,-0.03,97.215,97.215,97.17,0,3735,97.19,349952,0,0,"0000-00-00",0
"2026-05-12","CRAH27","CRA","CRA","CRA",0,"2027-06-16",0,1,97.005,97.01,50,80,0,25952,0,-0.045,97.04,97.04,96.995,0,3196,97.01,206240,0,0,"0000-00-00",0
"2026-05-12","CRAM27","CRA","CRA","CRA",0,"2027-09-15",0,1,96.92,96.925,55,24,0,17645,0,-0.06,96.96,96.96,96.915,0,2686,96.925,153440,0,0,"0000-00-00",0
"2026-05-12","CRAU27","CRA","CRA","CRA",0,"2027-12-15",0,1,96.9,96.905,14,13,0,13299,0,-0.065,96.935,96.94,96.895,0,2069,96.905,83114,0,0,"0000-00-00",0
"2026-05-12","CRAZ27","CRA","CRA","CRA",0,"2028-03-15",0,1,96.885,96.89,21,11,0,12264,0,-0.06,96.92,96.93,96.885,0,1618,96.89,86964,0,0,"0000-00-00",0
"2026-05-12","CRAH28","CRA","CRA","CRA",0,"2028-06-21",0,1,96.855,96.86,34,25,0,7433,0,-0.065,96.885,96.9,96.855,0,1276,96.86,45928,0,0,"0000-00-00",0
"2026-05-12","CRAM28","CRA","CRA","CRA",0,"2028-09-20",0,1,0,96.85,0,11,0,1019,0,-0.06,96.87,96.875,96.84,0,281,96.845,24625,0,0,"2025-09-17",0
"2026-05-12","CRAU28","CRA","CRA","CRA",0,"2028-12-20",0,1,0,97.2,0,10,0,498,0,-0.055,96.855,96.87,96.84,0,68,96.84,8889,0,0,"2025-12-17",0
"2026-05-12","CRAZ28","CRA","CRA","CRA",0,"2029-03-21",0,1,0,97.2,0,10,0,334,0,-0.02,96.86,96.87,96.85,0,41,96.84,3564,0,0,"2026-03-18",0
"2026-05-13","CRAH26","CRA","CRA","CRA",0,"2026-06-17",0,1,97.71,97.7125,2806,5,0,7488,0,0,97.71,97.7125,97.71,0,22,97.7125,239952,0,0,"0000-00-00",0
"2026-05-13","CRAM26","CRA","CRA","CRA",0,"2026-09-16",0,1,97.655,97.66,2050,1090,0,25101,0,0,97.66,97.665,97.655,0,1268,97.655,172653,0,0,"0000-00-00",0
"2026-05-13","CRAU26","CRA","CRA","CRA",0,"2026-12-16",0,1,97.445,97.45,1,114,0,36756,0,0.025,97.42,97.45,97.41,0,3125,97.44,243073,0,0,"0000-00-00",0
"2026-05-13","CRAZ26","CRA","CRA","CRA",0,"2027-03-17",0,1,97.225,97.23,53,201,0,32479,0,0.04,97.19,97.23,97.175,0,3112,97.21,347240,0,0,"0000-00-00",0
"2026-05-13","CRAH27","CRA","CRA","CRA",0,"2027-06-16",0,1,97.04,97.05,289,434,0,25400,0,0.035,97.02,97.045,96.99,0,2145,97.025,208019,0,0,"0000-00-00",0
"2026-05-13","CRAM27","CRA","CRA","CRA",0,"2027-09-15",0,1,96.945,96.95,21,265,0,10858,0,0.02,96.925,96.95,96.895,0,1397,96.925,156625,0,0,"0000-00-00",0
"2026-05-13","CRAU27","CRA","CRA","CRA",0,"2027-12-15",0,1,96.905,96.915,228,275,0,10338,0,0.01,96.91,96.925,96.865,0,1303,96.895,84769,0,0,"0000-00-00",0
"2026-05-13","CRAZ27","CRA","CRA","CRA",0,"2028-03-15",0,1,96.885,96.89,238,18,0,13712,0,0,96.9,96.91,96.85,0,1554,96.88,91680,0,0,"0000-00-00",0
"2026-05-13","CRAH28","CRA","CRA","CRA",0,"2028-06-21",0,1,96.86,96.865,11,36,0,7834,0,0,96.865,96.88,96.825,0,968,96.855,46556,0,0,"0000-00-00",0
"2026-05-13","CRAM28","CRA","CRA","CRA",0,"2028-09-20",0,1,96.835,96.845,232,14,0,3800,0,-0.005,96.85,96.86,96.815,0,509,96.84,24403,0,0,"2025-09-17",0
"2026-05-13","CRAU28","CRA","CRA","CRA",0,"2028-12-20",0,1,96.83,96.84,101,1,0,2358,0,-0.005,96.85,96.855,96.81,0,399,96.835,8972,0,0,"2025-12-17",0
"2026-05-13","CRAZ28","CRA","CRA","CRA",0,"2029-03-21",0,1,96.835,96.85,100,100,0,1614,0,-0.015,96.845,96.855,96.815,0,129,96.84,3572,0,0,"2026-03-18",0
"2026-05-14","CRAH26","CRA","CRA","CRA",0,"2026-06-17",0,1,97.7125,97.715,1197,3362,0,409,0,0,97.7125,97.715,97.7125,0,61,97.7125,247281,0,0,"0000-00-00",0
"2026-05-14","CRAM26","CRA","CRA","CRA",0,"2026-09-16",0,1,97.655,97.66,977,65,0,21517,0,0.005,97.655,97.67,97.655,0,1038,97.66,175391,0,0,"0000-00-00",0
"2026-05-14","CRAU26","CRA","CRA","CRA",0,"2026-12-16",0,1,97.43,97.44,58,80,0,37283,0,-0.005,97.455,97.485,97.435,0,2711,97.46,249427,0,0,"0000-00-00",0
"2026-05-14","CRAZ26","CRA","CRA","CRA",0,"2027-03-17",0,1,97.215,97.22,27,83,0,32624,0,0.01,97.24,97.275,97.22,0,2902,97.245,354916,0,0,"0000-00-00",0
"2026-05-14","CRAH27","CRA","CRA","CRA",0,"2027-06-16",0,1,97.025,97.035,31,61,0,23213,0,0,97.065,97.1,97.025,0,2307,97.065,211573,0,0,"0000-00-00",0
"2026-05-14","CRAM27","CRA","CRA","CRA",0,"2027-09-15",0,1,96.92,96.925,14,19,0,13914,0,0,96.96,97.005,96.925,0,1907,96.965,157014,0,0,"0000-00-00",0
"2026-05-14","CRAU27","CRA","CRA","CRA",0,"2027-12-15",0,1,0,96.9,0,21,0,8792,0,0,96.93,96.97,96.895,0,1286,96.93,85785,0,0,"0000-00-00",0
"2026-05-14","CRAZ27","CRA","CRA","CRA",0,"2028-03-15",0,1,0,96.88,0,65,0,8648,0,0,96.9,96.94,96.88,0,1299,96.905,92441,0,0,"0000-00-00",0
"2026-05-14","CRAH28","CRA","CRA","CRA",0,"2028-06-21",0,1,0,96.85,0,14,0,7243,0,0,96.865,96.91,96.855,0,1104,96.88,46803,0,0,"0000-00-00",0
"2026-05-14","CRAM28","CRA","CRA","CRA",0,"2028-09-20",0,1,0,96.84,0,10,0,3915,0,0.005,96.845,96.885,96.845,0,466,96.865,24600,0,0,"2025-09-17",0
"2026-05-14","CRAU28","CRA","CRA","CRA",0,"2028-12-20",0,1,0,96.895,0,4,0,1221,0,0.025,96.855,96.88,96.855,0,157,96.865,9905,0,0,"2025-12-17",0
"2026-05-14","CRAZ28","CRA","CRA","CRA",0,"2029-03-21",0,1,96.84,97.2,2,10,0,221,0,0.03,96.885,96.89,96.87,0,21,96.87,4009,0,0,"2026-03-18",0
"2026-05-15","CRAH26","CRA","CRA","CRA",0,"2026-06-17",0,1,97.7125,97.715,245,2750,0,450,0,0,97.715,97.715,97.7125,0,26,97.7125,247512,0,0,"0000-00-00",0
"2026-05-15","CRAM26","CRA","CRA","CRA",0,"2026-09-16",0,1,97.64,97.65,1672,874,0,27877,0,-0.015,97.655,97.66,97.635,0,1567,97.645,181236,0,0,"0000-00-00",0
"2026-05-15","CRAU26","CRA","CRA","CRA",0,"2026-12-16",0,1,97.385,97.39,426,237,0,31977,0,-0.07,97.415,97.43,97.375,0,2998,97.385,249304,0,0,"0000-00-00",0
"2026-05-15","CRAZ26","CRA","CRA","CRA",0,"2027-03-17",0,1,97.13,97.135,182,43,0,39015,0,-0.115,97.195,97.205,97.115,0,3564,97.13,360958,0,0,"0000-00-00",0
"2026-05-15","CRAH27","CRA","CRA","CRA",0,"2027-06-16",0,1,96.92,96.925,122,122,0,39091,0,-0.145,96.98,97.015,96.905,0,3447,96.915,212496,0,0,"0000-00-00",0
"2026-05-15","CRAM27","CRA","CRA","CRA",0,"2027-09-15",0,1,96.805,96.81,298,30,0,30890,0,-0.16,96.88,96.915,96.795,0,3205,96.8,158618,0,0,"0000-00-00",0
"2026-05-15","CRAU27","CRA","CRA","CRA",0,"2027-12-15",0,1,96.77,96.775,27,40,0,12621,0,-0.16,96.845,96.88,96.755,0,1873,96.765,86180,0,0,"0000-00-00",0
"2026-05-15","CRAZ27","CRA","CRA","CRA",0,"2028-03-15",0,1,96.755,96.765,35,40,0,21387,0,-0.145,96.82,96.86,96.745,0,2756,96.755,94514,0,0,"0000-00-00",0
"2026-05-15","CRAH28","CRA","CRA","CRA",0,"2028-06-21",0,1,96.735,96.74,43,52,0,10881,0,-0.145,96.8,96.835,96.725,0,1301,96.735,47295,0,0,"0000-00-00",0
"2026-05-15","CRAM28","CRA","CRA","CRA",0,"2028-09-20",0,1,96.72,96.73,114,15,0,3116,0,-0.14,96.79,96.825,96.715,0,541,96.72,25740,0,0,"2025-09-17",0
"2026-05-15","CRAU28","CRA","CRA","CRA",0,"2028-12-20",0,1,96.725,96.735,101,1,0,589,0,-0.135,96.79,96.82,96.715,0,160,96.72,10885,0,0,"2025-12-17",0
"2026-05-15","CRAZ28","CRA","CRA","CRA",0,"2029-03-21",0,1,96.725,96.74,100,100,0,501,0,-0.145,96.805,96.825,96.725,0,84,96.725,3829,0,0,"2026-03-18",0
"2026-05-19","CRAH26","CRA","CRA","CRA",0,"2026-06-17",0,1,97.7125,97.715,2399,2541,0,568,0,0,97.715,97.715,97.7125,0,98,97.7125,247654,0,0,"0000-00-00",0
"2026-05-19","CRAM26","CRA","CRA","CRA",0,"2026-09-16",0,1,97.665,97.675,1701,962,0,49368,0,0.03,97.64,97.685,97.64,0,2679,97.67,183940,0,0,"0000-00-00",0
"2026-05-19","CRAU26","CRA","CRA","CRA",0,"2026-12-16",0,1,97.445,97.45,194,228,0,74000,0,0.065,97.395,97.47,97.385,0,6063,97.45,248865,0,0,"0000-00-00",0
"2026-05-19","CRAZ26","CRA","CRA","CRA",0,"2027-03-17",0,1,97.18,97.19,461,235,0,95522,0,0.055,97.145,97.225,97.135,0,6574,97.185,371332,0,0,"0000-00-00",0
"2026-05-19","CRAH27","CRA","CRA","CRA",0,"2027-06-16",0,1,96.955,96.96,98,40,0,59980,0,0.045,96.92,97.015,96.92,0,5629,96.955,215153,0,0,"0000-00-00",0
"2026-05-19","CRAM27","CRA","CRA","CRA",0,"2027-09-15",0,1,0,96.83,0,37,0,36522,0,0.025,96.815,96.885,96.795,0,4841,96.82,165498,0,0,"0000-00-00",0
"2026-05-19","CRAU27","CRA","CRA","CRA",0,"2027-12-15",0,1,96.77,96.78,451,22,0,34895,0,0.01,96.78,96.825,96.74,0,3564,96.77,86952,0,0,"0000-00-00",0
"2026-05-19","CRAZ27","CRA","CRA","CRA",0,"2028-03-15",0,1,96.755,96.76,17,4,0,18426,0,0,96.76,96.8,96.715,0,2674,96.75,101001,0,0,"0000-00-00",0
"2026-05-19","CRAH28","CRA","CRA","CRA",0,"2028-06-21",0,1,96.725,96.73,11,22,0,10797,0,-0.005,96.75,96.765,96.685,0,1732,96.72,47718,0,0,"0000-00-00",0
"2026-05-19","CRAM28","CRA","CRA","CRA",0,"2028-09-20",0,1,0,0,0,0,0,6043,0,-0.005,96.73,96.745,96.67,0,838,96.705,26279,0,0,"2025-09-17",0
"2026-05-19","CRAU28","CRA","CRA","CRA",0,"2028-12-20",0,1,96.705,96.715,1,1,0,2149,0,-0.015,96.73,96.74,96.67,0,307,96.705,10941,0,0,"2025-12-17",0
"2026-05-19","CRAZ28","CRA","CRA","CRA",0,"2029-03-21",0,1,96.695,97.2,8,10,0,410,0,-0.02,96.72,96.735,96.68,0,42,96.705,3927,0,0,"2026-03-18",0
"2026-05-20","CRAH26","CRA","CRA","CRA",0,"2026-06-17",0,1,97.715,97.7175,1213,595,0,6567,0,0.0025,97.715,97.7175,97.715,0,130,97.715,248060,0,0,"0000-00-00",0
"2026-05-20","CRAM26","CRA","CRA","CRA",0,"2026-09-16",0,1,97.68,97.685,818,310,0,36050,0,0.01,97.67,97.71,97.67,0,2100,97.69,189866,0,0,"0000-00-00",0
"2026-05-20","CRAU26","CRA","CRA","CRA",0,"2026-12-16",0,1,97.505,97.51,117,79,0,68899,0,0.055,97.45,97.555,97.45,0,6522,97.52,247078,0,0,"0000-00-00",0
"2026-05-20","CRAZ26","CRA","CRA","CRA",0,"2027-03-17",0,1,97.28,97.285,231,10,0,75941,0,0.1,97.185,97.33,97.185,0,6474,97.3,387027,0,0,"0000-00-00",0
"2026-05-20","CRAH27","CRA","CRA","CRA",0,"2027-06-16",0,1,97.08,97.09,78,47,0,51095,0,0.125,96.96,97.125,96.96,0,5101,97.105,219153,0,0,"0000-00-00",0
"2026-05-20","CRAM27","CRA","CRA","CRA",0,"2027-09-15",0,1,96.965,96.97,24,43,0,31372,0,0.145,96.835,97.01,96.83,0,4412,96.985,169841,0,0,"0000-00-00",0
"2026-05-20","CRAU27","CRA","CRA","CRA",0,"2027-12-15",0,1,0,96.915,0,18,0,33559,0,0.145,96.785,96.96,96.785,0,3493,96.94,89412,0,0,"0000-00-00",0
"2026-05-20","CRAZ27","CRA","CRA","CRA",0,"2028-03-15",0,1,96.875,96.885,10,23,0,18981,0,0.13,96.765,96.93,96.765,0,2938,96.91,102402,0,0,"0000-00-00",0
"2026-05-20","CRAH28","CRA","CRA","CRA",0,"2028-06-21",0,1,96.84,96.845,13,18,0,10755,0,0.12,96.745,96.885,96.745,0,1525,96.87,49131,0,0,"0000-00-00",0
"2026-05-20","CRAM28","CRA","CRA","CRA",0,"2028-09-20",0,1,0,0,0,0,0,2676,0,0.12,96.74,96.865,96.74,0,702,96.845,28031,0,0,"2025-09-17",0
"2026-05-20","CRAU28","CRA","CRA","CRA",0,"2028-12-20",0,1,96.8,96.815,1,2,0,1012,0,0.11,96.735,96.845,96.735,0,326,96.835,11898,0,0,"2025-12-17",0
"2026-05-20","CRAZ28","CRA","CRA","CRA",0,"2029-03-21",0,1,96.75,96.815,15,11,0,268,0,0.11,96.735,96.83,96.735,0,59,96.825,4043,0,0,"2026-03-18",0
"2026-05-21","CRAH26","CRA","CRA","CRA",0,"2026-06-17",0,1,97.7125,97.7175,1663,3991,0,7111,0,0,97.7175,97.7175,97.7125,0,44,97.715,251441,0,0,"0000-00-00",0
"2026-05-21","CRAM26","CRA","CRA","CRA",0,"2026-09-16",0,1,97.68,97.685,622,484,0,27552,0,-0.005,97.68,97.695,97.67,0,1745,97.685,193129,0,0,"0000-00-00",0
"2026-05-21","CRAU26","CRA","CRA","CRA",0,"2026-12-16",0,1,97.5,97.505,447,57,0,59012,0,-0.015,97.5,97.54,97.47,0,7447,97.5,234462,0,0,"0000-00-00",0
"2026-05-21","CRAZ26","CRA","CRA","CRA",0,"2027-03-17",0,1,97.29,97.295,76,145,0,75137,0,-0.01,97.275,97.345,97.24,0,7949,97.285,373581,0,0,"0000-00-00",0
"2026-05-21","CRAH27","CRA","CRA","CRA",0,"2027-06-16",0,1,97.105,97.11,28,64,0,47651,0,0,97.075,97.16,97.04,0,5828,97.095,217899,0,0,"0000-00-00",0
"2026-05-21","CRAM27","CRA","CRA","CRA",0,"2027-09-15",0,1,97.005,97.01,116,46,0,31576,0,0.025,96.955,97.05,96.92,0,4414,96.985,170491,0,0,"0000-00-00",0
"2026-05-21","CRAU27","CRA","CRA","CRA",0,"2027-12-15",0,1,96.965,96.97,81,14,0,28060,0,0.025,96.905,97.01,96.875,0,3637,96.94,96731,0,0,"0000-00-00",0
"2026-05-21","CRAZ27","CRA","CRA","CRA",0,"2028-03-15",0,1,96.935,96.94,13,20,0,17069,0,0.025,96.875,96.975,96.845,0,2878,96.91,102140,0,0,"0000-00-00",0
"2026-05-21","CRAH28","CRA","CRA","CRA",0,"2028-06-21",0,1,0,96.9,0,13,0,10346,0,0.025,96.84,96.93,96.81,0,1570,96.87,50396,0,0,"0000-00-00",0
"2026-05-21","CRAM28","CRA","CRA","CRA",0,"2028-09-20",0,1,0,96.87,0,24,0,3877,0,0.015,96.815,96.9,96.79,0,633,96.845,27612,0,0,"2025-09-17",0
"2026-05-21","CRAU28","CRA","CRA","CRA",0,"2028-12-20",0,1,0,97.2,0,10,0,868,0,0.02,96.805,96.88,96.795,0,259,96.835,11694,0,0,"2025-12-17",0
"2026-05-21","CRAZ28","CRA","CRA","CRA",0,"2029-03-21",0,1,0,96.865,0,1,0,543,0,0.02,96.8,96.845,96.78,0,103,96.825,4117,0,0,"2026-03-18",0
"2026-05-22","CRAH26","CRA","CRA","CRA",0,"2026-06-17",0,1,97.715,97.7175,195,2549,97.715,991,97.715,0,97.7175,97.7175,97.7125,96798,74,97.7175,251978,0,0,"0000-00-00",0
"2026-05-22","CRAM26","CRA","CRA","CRA",0,"2026-09-16",0,1,97.685,97.69,574,967,97.69,29565,97.685,0.005,97.68,97.695,97.675,2887131,1911,97.685,194996,0,0,"0000-00-00",0
"2026-05-22","CRAU26","CRA","CRA","CRA",0,"2026-12-16",0,1,97.49,97.5,33,34,97.5,41701,97.5,0,97.5,97.525,97.48,4063323,4765,97.495,236478,0,0,"0000-00-00",0
"2026-05-22","CRAZ26","CRA","CRA","CRA",0,"2027-03-17",0,1,97.285,97.29,14,41,97.285,52417,97.285,0,97.28,97.325,97.26,5097629,4968,97.285,373589,0,0,"0000-00-00",0
"2026-05-22","CRAH27","CRA","CRA","CRA",0,"2027-06-16",0,1,97.095,97.1,26,10,97.1,49571,97.095,0.005,97.115,97.155,97.08,4812728,4532,97.1,219054,0,0,"0000-00-00",0
"2026-05-22","CRAM27","CRA","CRA","CRA",0,"2027-09-15",0,1,96.99,97,22,20,96.995,30691,96.985,0.01,97,97.06,96.98,2976514,4118,97,174245,0,0,"0000-00-00",0
"2026-05-22","CRAU27","CRA","CRA","CRA",0,"2027-12-15",0,1,96.925,96.96,9,8,96.955,24434,96.94,0.015,96.965,97.02,96.94,2367626,2617,96.96,97757,0,0,"0000-00-00",0
"2026-05-22","CRAZ27","CRA","CRA","CRA",0,"2028-03-15",0,1,0,96.94,0,15,96.935,16539,96.91,0.025,96.94,96.99,96.91,1601261,2669,96.93,105307,0,0,"0000-00-00",0
"2026-05-22","CRAH28","CRA","CRA","CRA",0,"2028-06-21",0,1,0,96.905,0,1,96.89,10886,96.87,0.02,96.905,96.95,96.87,1053820,1560,96.89,50715,0,0,"0000-00-00",0
"2026-05-22","CRAM28","CRA","CRA","CRA",0,"2028-09-20",0,1,0,0,0,0,96.855,2531,96.845,0.01,96.895,96.925,96.845,244772,597,96.865,28778,0,0,"2025-09-17",0
"2026-05-22","CRAU28","CRA","CRA","CRA",0,"2028-12-20",0,1,0,97.2,0,10,96.85,1827,96.835,0.015,96.88,96.905,96.835,176769,266,96.855,11986,0,0,"2025-12-17",0
"2026-05-22","CRAZ28","CRA","CRA","CRA",0,"2029-03-21",0,1,0,97.2,0,10,96.825,271,96.825,0,96.88,96.88,96.825,26224,38,96.845,4340,0,0,"2026-03-18",0
"2026-05-25","CRAH26","CRA","CRA","CRA",0,"2026-06-17",0,1,97.715,97.7175,585,4605,0,881,0,-0.0025,97.715,97.7175,97.7125,0,38,97.715,251798,0,0,"0000-00-00",0
"2026-05-25","CRAM26","CRA","CRA","CRA",0,"2026-09-16",0,1,97.695,97.7,751,767,0,7749,0,0.01,97.695,97.7,97.695,0,498,97.695,198115,0,0,"0000-00-00",0
"2026-05-25","CRAU26","CRA","CRA","CRA",0,"2026-12-16",0,1,97.54,97.545,71,87,0,12759,0,0.05,97.54,97.55,97.53,0,1201,97.55,230212,0,0,"0000-00-00",0
"2026-05-25","CRAZ26","CRA","CRA","CRA",0,"2027-03-17",0,1,97.355,97.36,218,21,0,18194,0,0.075,97.335,97.365,97.33,0,1206,97.36,355846,0,0,"0000-00-00",0
"2026-05-25","CRAH27","CRA","CRA","CRA",0,"2027-06-16",0,1,97.19,97.195,39,36,0,11787,0,0.095,97.175,97.2,97.16,0,1037,97.195,215951,0,0,"0000-00-00",0
"2026-05-25","CRAM27","CRA","CRA","CRA",0,"2027-09-15",0,1,97.1,97.105,12,15,0,9171,0,0.11,97.065,97.11,97.065,0,800,97.105,174223,0,0,"0000-00-00",0
"2026-05-25","CRAU27","CRA","CRA","CRA",0,"2027-12-15",0,1,97.055,97.065,11,7,0,6741,0,0.105,97.04,97.1,97.03,0,654,97.065,98620,0,0,"0000-00-00",0
"2026-05-25","CRAZ27","CRA","CRA","CRA",0,"2028-03-15",0,1,97.025,97.03,9,5,0,7778,0,0.095,96.995,97.03,96.99,0,636,97.03,102425,0,0,"0000-00-00",0
"2026-05-25","CRAH28","CRA","CRA","CRA",0,"2028-06-21",0,1,96.98,96.99,15,20,0,2383,0,0.095,97,97,96.94,0,374,96.985,51958,0,0,"0000-00-00",0
"2026-05-25","CRAM28","CRA","CRA","CRA",0,"2028-09-20",0,1,96.945,96.95,4,11,0,564,0,0.08,96.925,96.95,96.92,0,121,96.95,29266,0,0,"2025-09-17",0
"2026-05-25","CRAU28","CRA","CRA","CRA",0,"2028-12-20",0,1,0,97.2,0,10,0,147,0,0.07,96.905,96.925,96.9,0,46,96.93,12578,0,0,"2025-12-17",0
"2026-05-25","CRAZ28","CRA","CRA","CRA",0,"2029-03-21",0,1,0,97.2,0,10,0,95,0,0.055,96.9,96.9,96.9,0,13,96.915,4357,0,0,"2026-03-18",0
"2026-05-26","CRAH26","CRA","CRA","CRA",0,"2026-06-17",0,1,97.715,97.7175,420,2863,0,422,0,0,97.715,97.7175,97.715,0,55,97.715,252422,0,0,"0000-00-00",0
"2026-05-26","CRAM26","CRA","CRA","CRA",0,"2026-09-16",0,1,97.685,97.69,1863,1509,0,46932,0,-0.005,97.695,97.7,97.68,0,2952,97.685,198194,0,0,"0000-00-00",0
"2026-05-26","CRAU26","CRA","CRA","CRA",0,"2026-12-16",0,1,97.54,97.545,109,45,0,39571,0,-0.005,97.535,97.55,97.52,0,5084,97.535,229554,0,0,"0000-00-00",0
"2026-05-26","CRAZ26","CRA","CRA","CRA",0,"2027-03-17",0,1,97.35,97.36,145,129,0,38420,0,0,97.345,97.365,97.33,0,4829,97.35,356666,0,0,"0000-00-00",0
"2026-05-26","CRAH27","CRA","CRA","CRA",0,"2027-06-16",0,1,97.19,97.2,66,51,0,35770,0,0,97.175,97.2,97.16,0,4712,97.185,215214,0,0,"0000-00-00",0
"2026-05-26","CRAM27","CRA","CRA","CRA",0,"2027-09-15",0,1,97.105,97.11,13,10,0,25950,0,0.01,97.08,97.12,97.06,0,3890,97.095,172513,0,0,"0000-00-00",0
"2026-05-26","CRAU27","CRA","CRA","CRA",0,"2027-12-15",0,1,97.07,97.075,12,5,0,22740,0,0.01,97.03,97.08,97.015,0,3009,97.055,99399,0,0,"0000-00-00",0
"2026-05-26","CRAZ27","CRA","CRA","CRA",0,"2028-03-15",0,1,97.035,97.045,12,13,0,16552,0,0.015,96.99,97.045,96.975,0,2953,97.02,105096,0,0,"0000-00-00",0
"2026-05-26","CRAH28","CRA","CRA","CRA",0,"2028-06-21",0,1,0,97.005,0,5,0,13937,0,0.01,96.95,96.995,96.93,0,2275,96.98,51512,0,0,"0000-00-00",0
"2026-05-26","CRAM28","CRA","CRA","CRA",0,"2028-09-20",0,1,96.94,0,13,0,0,2135,0,-0.005,96.92,96.96,96.895,0,387,96.945,29281,0,0,"2025-09-17",0
"2026-05-26","CRAU28","CRA","CRA","CRA",0,"2028-12-20",0,1,96.915,96.945,1,2,0,858,0,-0.005,96.895,96.935,96.88,0,170,96.925,12578,0,0,"2025-12-17",0
"2026-05-26","CRAZ28","CRA","CRA","CRA",0,"2029-03-21",0,1,96.885,97.2,6,10,0,190,0,-0.03,96.865,96.91,96.865,0,42,96.9,4451,0,0,"2026-03-18",0
"2026-05-27","CRAH26","CRA","CRA","CRA",0,"2026-06-17",0,1,97.715,97.7175,1467,4303,0,221,0,0,97.715,97.7175,97.7125,0,20,97.715,252076,0,0,"0000-00-00",0
"2026-05-27","CRAM26","CRA","CRA","CRA",0,"2026-09-16",0,1,97.685,97.69,1924,1664,0,40307,0,0,97.69,97.7,97.685,0,1809,97.685,203296,0,0,"0000-00-00",0
"2026-05-27","CRAU26","CRA","CRA","CRA",0,"2026-12-16",0,1,97.545,97.55,2,174,0,49606,0,0.015,97.55,97.575,97.54,0,4388,97.55,231746,0,0,"0000-00-00",0
"2026-05-27","CRAZ26","CRA","CRA","CRA",0,"2027-03-17",0,1,97.355,97.36,487,266,0,52144,0,0.005,97.375,97.4,97.355,0,4613,97.365,360710,0,0,"0000-00-00",0
"2026-05-27","CRAH27","CRA","CRA","CRA",0,"2027-06-16",0,1,97.18,97.185,76,111,0,36816,0,0,97.21,97.245,97.18,0,3934,97.19,220391,0,0,"0000-00-00",0
"2026-05-27","CRAM27","CRA","CRA","CRA",0,"2027-09-15",0,1,97.075,97.08,12,11,0,26650,0,-0.02,97.12,97.16,97.075,0,3259,97.09,175782,0,0,"0000-00-00",0
"2026-05-27","CRAU27","CRA","CRA","CRA",0,"2027-12-15",0,1,0,97.05,0,25,0,19733,0,-0.025,97.09,97.12,97.03,0,2316,97.045,101660,0,0,"0000-00-00",0
"2026-05-27","CRAZ27","CRA","CRA","CRA",0,"2028-03-15",0,1,96.995,97,8,9,0,16132,0,-0.02,97.055,97.09,97,0,2024,97.015,105796,0,0,"0000-00-00",0
"2026-05-27","CRAH28","CRA","CRA","CRA",0,"2028-06-21",0,1,0,96.965,0,14,0,13574,0,-0.015,97.025,97.05,96.965,0,1614,96.975,54550,0,0,"0000-00-00",0
"2026-05-27","CRAM28","CRA","CRA","CRA",0,"2028-09-20",0,1,0,0,0,0,0,2564,0,-0.01,96.99,97.015,96.935,0,387,96.945,29557,0,0,"2025-09-17",0
"2026-05-27","CRAU28","CRA","CRA","CRA",0,"2028-12-20",0,1,0,97.2,0,10,0,1293,0,-0.01,96.95,96.98,96.91,0,228,96.925,12152,0,0,"2025-12-17",0
"2026-05-27","CRAZ28","CRA","CRA","CRA",0,"2029-03-21",0,1,0,97.2,0,10,0,553,0,-0.015,96.945,96.945,96.885,0,63,96.905,4538,0,0,"2026-03-18",0
"2026-05-28","CRAH26","CRA","CRA","CRA",0,"2026-06-17",0,1,97.715,97.7175,3104,3224,0,5,0,0,97.715,97.715,97.715,0,1,97.715,252108,0,0,"0000-00-00",0
"2026-05-28","CRAM26","CRA","CRA","CRA",0,"2026-09-16",0,1,97.695,97.7,816,3727,0,35047,0,0.01,97.685,97.7,97.68,0,1801,97.69,207926,0,0,"0000-00-00",0
"2026-05-28","CRAU26","CRA","CRA","CRA",0,"2026-12-16",0,1,97.555,97.565,74,119,0,41053,0,0.015,97.535,97.57,97.51,0,4686,97.555,226811,0,0,"0000-00-00",0
"2026-05-28","CRAZ26","CRA","CRA","CRA",0,"2027-03-17",0,1,97.38,97.385,124,115,0,39928,0,0.02,97.33,97.4,97.315,0,4629,97.375,363756,0,0,"0000-00-00",0
"2026-05-28","CRAH27","CRA","CRA","CRA",0,"2027-06-16",0,1,97.215,97.22,23,27,0,45369,0,0.03,97.155,97.225,97.13,0,5147,97.21,223932,0,0,"0000-00-00",0
"2026-05-28","CRAM27","CRA","CRA","CRA",0,"2027-09-15",0,1,97.11,97.115,12,3,0,30709,0,0.03,97.045,97.125,97.02,0,3583,97.11,171912,0,0,"0000-00-00",0
"2026-05-28","CRAU27","CRA","CRA","CRA",0,"2027-12-15",0,1,97.055,97.065,10,8,0,27364,0,0.015,97,97.065,96.975,0,3374,97.055,101700,0,0,"0000-00-00",0
"2026-05-28","CRAZ27","CRA","CRA","CRA",0,"2028-03-15",0,1,97.015,97.02,12,13,0,23270,0,0.005,96.965,97.025,96.95,0,3294,97.01,108019,0,0,"0000-00-00",0
"2026-05-28","CRAH28","CRA","CRA","CRA",0,"2028-06-21",0,1,96.94,0,10,0,0,16426,0,0.01,96.93,96.985,96.915,0,2261,96.97,57503,0,0,"0000-00-00",0
"2026-05-28","CRAM28","CRA","CRA","CRA",0,"2028-09-20",0,1,0,0,0,0,0,3451,0,0.01,96.9,96.96,96.885,0,548,96.94,30090,0,0,"2025-09-17",0
"2026-05-28","CRAU28","CRA","CRA","CRA",0,"2028-12-20",0,1,96.92,96.955,8,2,0,1321,0,0.02,96.88,96.945,96.87,0,304,96.92,12170,0,0,"2025-12-17",0
"2026-05-28","CRAZ28","CRA","CRA","CRA",0,"2029-03-21",0,1,96.91,96.94,2,2,0,1512,0,0.025,96.86,96.93,96.855,0,136,96.91,4372,0,0,"2026-03-18",0
"2026-05-29","CRAH26","CRA","CRA","CRA",0,"2026-06-17",0,1,97.715,97.7175,2521,3315,0,1641,0,0,97.715,97.7175,97.715,0,27,97.7175,252099,0,0,"0000-00-00",0
"2026-05-29","CRAM26","CRA","CRA","CRA",0,"2026-09-16",0,1,97.705,97.71,4174,807,0,31996,0,0.015,97.695,97.715,97.695,0,1390,97.71,218582,0,0,"0000-00-00",0
"2026-05-29","CRAU26","CRA","CRA","CRA",0,"2026-12-16",0,1,97.605,97.61,132,156,0,47098,0,0.05,97.56,97.62,97.555,0,4727,97.6,227403,0,0,"0000-00-00",0
"2026-05-29","CRAZ26","CRA","CRA","CRA",0,"2027-03-17",0,1,97.435,97.44,34,94,0,62976,0,0.06,97.385,97.455,97.38,0,5793,97.43,364128,0,0,"0000-00-00",0
"2026-05-29","CRAH27","CRA","CRA","CRA",0,"2027-06-16",0,1,97.275,97.285,46,48,0,50689,0,0.07,97.225,97.3,97.22,0,4239,97.27,229234,0,0,"0000-00-00",0
"2026-05-29","CRAM27","CRA","CRA","CRA",0,"2027-09-15",0,1,97.185,97.195,13,14,0,37343,0,0.08,97.125,97.2,97.115,0,3957,97.17,169069,0,0,"0000-00-00",0
"2026-05-29","CRAU27","CRA","CRA","CRA",0,"2027-12-15",0,1,97.14,97.15,78,12,0,20824,0,0.09,97.07,97.15,97.06,0,2468,97.12,103591,0,0,"0000-00-00",0
"2026-05-29","CRAZ27","CRA","CRA","CRA",0,"2028-03-15",0,1,97.105,97.11,12,11,0,19379,0,0.105,97.035,97.115,97.02,0,2512,97.08,107906,0,0,"0000-00-00",0
"2026-05-29","CRAH28","CRA","CRA","CRA",0,"2028-06-21",0,1,97.065,97.075,36,11,0,8031,0,0.105,96.995,97.075,96.985,0,1309,97.045,59969,0,0,"0000-00-00",0
"2026-05-29","CRAM28","CRA","CRA","CRA",0,"2028-09-20",0,1,97.04,0,5,0,0,1554,0,0.1,96.97,97.045,96.965,0,465,97.02,29583,0,0,"2025-09-17",0
"2026-05-29","CRAU28","CRA","CRA","CRA",0,"2028-12-20",0,1,0,97.2,0,10,0,304,0,0.1,96.945,97.02,96.945,0,112,97,11755,0,0,"2025-12-17",0
"2026-05-29","CRAZ28","CRA","CRA","CRA",0,"2029-03-21",0,1,0,97.2,0,10,0,385,0,0.085,96.93,97,96.93,0,78,96.985,5252,0,0,"2026-03-18",0