"Date","Symbol","Class Symbol","Root Symbol","Underlying Symbol","Strike Price","Expiry Date","Call/Put","Ins. Type","Bid Price","Ask Price","Bid Size","Ask Size","Last Price","Volume","Last Close Price","Net Change","Open Price","High Price","Low Price","Total Value","Nb. Trades","Settlement Price","Open Interest","Implied Volatility","Accrued Financing Value","Accrued Financing Date","CORRA Rate"
"2021-06-01","CRAH21","CRA","CRA","CRA",0,"2021-06-16",0,1,99.82,99.835,100,100,0,0,0,0,0,0,0,0,0,99.825,5676,0,0,"",0
"2021-06-01","CRAM21","CRA","CRA","CRA",0,"2021-09-15",0,1,99.795,99.81,100,100,0,0,0,0,0,0,0,0,0,99.8,604,0,0,"",0
"2021-06-01","CRAU21","CRA","CRA","CRA",0,"2021-12-15",0,1,99.79,99.805,100,100,0,0,0,0,0,0,0,0,0,99.795,422,0,0,"",0
"2021-06-01","CRAZ21","CRA","CRA","CRA",0,"2022-03-16",0,1,99.77,99.785,100,100,0,0,0,0,0,0,0,0,0,99.78,240,0,0,"",0
"2021-06-01","CRAH22","CRA","CRA","CRA",0,"2022-06-15",0,1,0,0,0,0,0,0,0,0,0,0,0,0,0,99.765,0,0,0,"",0
"2021-06-01","CRAM22","CRA","CRA","CRA",0,"2022-09-21",0,1,0,99.79,0,50,0,0,0,0,0,0,0,0,0,99.73,0,0,0,"",0
"2021-06-01","CRAU22","CRA","CRA","CRA",0,"2022-12-21",0,1,0,0,0,0,0,0,0,0,0,0,0,0,0,99.71,0,0,0,"",0
"2021-06-01","CRAZ22","CRA","CRA","CRA",0,"2023-03-15",0,1,0,0,0,0,0,0,0,0,0,0,0,0,0,99.69,0,0,0,"",0
"2021-06-01","CRAH23","CRA","CRA","CRA",0,"2023-06-21",0,1,0,0,0,0,0,0,0,0,0,0,0,0,0,99.66,0,0,0,"",0
"2021-06-01","CRAM23","CRA","CRA","CRA",0,"2023-09-20",0,1,0,0,0,0,0,0,0,0,0,0,0,0,0,99.63,0,0,0,"",0
"2021-06-01","CRAU23","CRA","CRA","CRA",0,"2023-12-20",0,1,0,0,0,0,0,0,0,0,0,0,0,0,0,99.6,0,0,0,"",0
"2021-06-01","CRAZ23","CRA","CRA","CRA",0,"2024-03-20",0,1,0,0,0,0,0,0,0,0,0,0,0,0,0,99.57,0,0,0,"",0
"2021-06-02","CRAH21","CRA","CRA","CRA",0,"2021-06-16",0,1,99.83,99.84,25,250,0,0,0,0,0,0,0,0,0,99.83,5676,0,0,"",0
"2021-06-02","CRAM21","CRA","CRA","CRA",0,"2021-09-15",0,1,99.79,99.805,100,600,0,0,0,0,0,0,0,0,0,99.805,604,0,0,"",0
"2021-06-02","CRAU21","CRA","CRA","CRA",0,"2021-12-15",0,1,99.79,99.805,100,100,0,0,0,0,0,0,0,0,0,99.8,422,0,0,"",0
"2021-06-02","CRAZ21","CRA","CRA","CRA",0,"2022-03-16",0,1,99.77,99.785,100,100,0,0,0,0,0,0,0,0,0,99.785,240,0,0,"",0
"2021-06-02","CRAH22","CRA","CRA","CRA",0,"2022-06-15",0,1,0,99.775,0,50,0,0,0,0,0,0,0,0,0,99.77,0,0,0,"",0
"2021-06-02","CRAM22","CRA","CRA","CRA",0,"2022-09-21",0,1,0,99.79,0,50,0,0,0,0,0,0,0,0,0,99.735,0,0,0,"",0
"2021-06-02","CRAU22","CRA","CRA","CRA",0,"2022-12-21",0,1,0,99.715,0,50,0,0,0,0,0,0,0,0,0,99.715,0,0,0,"",0
"2021-06-02","CRAZ22","CRA","CRA","CRA",0,"2023-03-15",0,1,0,99.695,0,50,0,0,0,0,0,0,0,0,0,99.695,0,0,0,"",0
"2021-06-02","CRAH23","CRA","CRA","CRA",0,"2023-06-21",0,1,0,0,0,0,0,0,0,0,0,0,0,0,0,99.665,0,0,0,"",0
"2021-06-02","CRAM23","CRA","CRA","CRA",0,"2023-09-20",0,1,0,0,0,0,0,0,0,0,0,0,0,0,0,99.635,0,0,0,"",0
"2021-06-02","CRAU23","CRA","CRA","CRA",0,"2023-12-20",0,1,0,0,0,0,0,0,0,0,0,0,0,0,0,99.605,0,0,0,"",0
"2021-06-02","CRAZ23","CRA","CRA","CRA",0,"2024-03-20",0,1,0,0,0,0,0,0,0,0,0,0,0,0,0,99.575,0,0,0,"",0
"2021-06-03","CRAH21","CRA","CRA","CRA",0,"2021-06-16",0,1,99.82,99.83,300,25,0,0,0,0,0,0,0,0,0,99.83,5676,0,0,"",0
"2021-06-03","CRAM21","CRA","CRA","CRA",0,"2021-09-15",0,1,99.8,99.815,200,200,0,0,0,0,0,0,0,0,0,99.805,604,0,0,"",0
"2021-06-03","CRAU21","CRA","CRA","CRA",0,"2021-12-15",0,1,99.79,99.805,200,200,0,0,0,0,0,0,0,0,0,99.8,422,0,0,"",0
"2021-06-03","CRAZ21","CRA","CRA","CRA",0,"2022-03-16",0,1,99.775,99.79,200,200,0,0,0,0,0,0,0,0,0,99.785,240,0,0,"",0
"2021-06-03","CRAH22","CRA","CRA","CRA",0,"2022-06-15",0,1,0,99.77,0,50,0,0,0,0,0,0,0,0,0,99.77,0,0,0,"",0
"2021-06-03","CRAM22","CRA","CRA","CRA",0,"2022-09-21",0,1,0,99.75,0,50,0,0,0,0,0,0,0,0,0,99.735,0,0,0,"",0
"2021-06-03","CRAU22","CRA","CRA","CRA",0,"2022-12-21",0,1,0,99.72,0,50,0,0,0,0,0,0,0,0,0,99.715,0,0,0,"",0
"2021-06-03","CRAZ22","CRA","CRA","CRA",0,"2023-03-15",0,1,0,99.695,0,50,0,0,0,0,0,0,0,0,0,99.695,0,0,0,"",0
"2021-06-03","CRAH23","CRA","CRA","CRA",0,"2023-06-21",0,1,0,0,0,0,0,0,0,0,0,0,0,0,0,99.665,0,0,0,"",0
"2021-06-03","CRAM23","CRA","CRA","CRA",0,"2023-09-20",0,1,0,0,0,0,0,0,0,0,0,0,0,0,0,99.635,0,0,0,"",0
"2021-06-03","CRAU23","CRA","CRA","CRA",0,"2023-12-20",0,1,0,0,0,0,0,0,0,0,0,0,0,0,0,99.605,0,0,0,"",0
"2021-06-03","CRAZ23","CRA","CRA","CRA",0,"2024-03-20",0,1,0,0,0,0,0,0,0,0,0,0,0,0,0,99.575,0,0,0,"",0
"2021-06-04","CRAH21","CRA","CRA","CRA",0,"2021-06-16",0,1,99.82,99.835,100,100,0,0,0,0,0,0,0,0,0,99.83,5676,0,0,"",0
"2021-06-04","CRAM21","CRA","CRA","CRA",0,"2021-09-15",0,1,99.795,99.81,100,100,0,0,0,0,0,0,0,0,0,99.805,604,0,0,"",0
"2021-06-04","CRAU21","CRA","CRA","CRA",0,"2021-12-15",0,1,99.79,99.805,100,100,0,0,0,0,0,0,0,0,0,99.8,422,0,0,"",0
"2021-06-04","CRAZ21","CRA","CRA","CRA",0,"2022-03-16",0,1,99.78,99.795,100,100,0,0,0,0,0,0,0,0,0,99.785,240,0,0,"",0
"2021-06-04","CRAH22","CRA","CRA","CRA",0,"2022-06-15",0,1,0,0,0,0,0,0,0,0,0,0,0,0,0,99.77,0,0,0,"",0
"2021-06-04","CRAM22","CRA","CRA","CRA",0,"2022-09-21",0,1,0,0,0,0,0,0,0,0,0,0,0,0,0,99.735,0,0,0,"",0
"2021-06-04","CRAU22","CRA","CRA","CRA",0,"2022-12-21",0,1,0,0,0,0,0,0,0,0,0,0,0,0,0,99.715,0,0,0,"",0
"2021-06-04","CRAZ22","CRA","CRA","CRA",0,"2023-03-15",0,1,0,0,0,0,0,0,0,0,0,0,0,0,0,99.695,0,0,0,"",0
"2021-06-04","CRAH23","CRA","CRA","CRA",0,"2023-06-21",0,1,0,0,0,0,0,0,0,0,0,0,0,0,0,99.665,0,0,0,"",0
"2021-06-04","CRAM23","CRA","CRA","CRA",0,"2023-09-20",0,1,0,0,0,0,0,0,0,0,0,0,0,0,0,99.635,0,0,0,"",0
"2021-06-04","CRAU23","CRA","CRA","CRA",0,"2023-12-20",0,1,0,0,0,0,0,0,0,0,0,0,0,0,0,99.605,0,0,0,"",0
"2021-06-04","CRAZ23","CRA","CRA","CRA",0,"2024-03-20",0,1,0,0,0,0,0,0,0,0,0,0,0,0,0,99.575,0,0,0,"",0
"2021-06-07","CRAH21","CRA","CRA","CRA",0,"2021-06-16",0,1,99.82,99.835,200,200,0,0,0,0,0,0,0,0,0,99.83,5676,0,0,"",0
"2021-06-07","CRAM21","CRA","CRA","CRA",0,"2021-09-15",0,1,99.8,99.815,220,200,0,0,0,0,0,0,0,0,0,99.805,604,0,0,"",0
"2021-06-07","CRAU21","CRA","CRA","CRA",0,"2021-12-15",0,1,99.79,99.805,200,200,0,0,0,0,0,0,0,0,0,99.8,422,0,0,"",0
"2021-06-07","CRAZ21","CRA","CRA","CRA",0,"2022-03-16",0,1,99.775,99.795,100,100,0,0,0,0,0,0,0,0,0,99.785,240,0,0,"",0
"2021-06-07","CRAH22","CRA","CRA","CRA",0,"2022-06-15",0,1,0,0,0,0,0,0,0,0,0,0,0,0,0,99.77,0,0,0,"",0
"2021-06-07","CRAM22","CRA","CRA","CRA",0,"2022-09-21",0,1,0,0,0,0,0,0,0,0,0,0,0,0,0,99.735,0,0,0,"",0
"2021-06-07","CRAU22","CRA","CRA","CRA",0,"2022-12-21",0,1,0,0,0,0,0,0,0,0,0,0,0,0,0,99.715,0,0,0,"",0
"2021-06-07","CRAZ22","CRA","CRA","CRA",0,"2023-03-15",0,1,0,0,0,0,0,0,0,0,0,0,0,0,0,99.695,0,0,0,"",0
"2021-06-07","CRAH23","CRA","CRA","CRA",0,"2023-06-21",0,1,0,0,0,0,0,0,0,0,0,0,0,0,0,99.665,0,0,0,"",0
"2021-06-07","CRAM23","CRA","CRA","CRA",0,"2023-09-20",0,1,0,0,0,0,0,0,0,0,0,0,0,0,0,99.635,0,0,0,"",0
"2021-06-07","CRAU23","CRA","CRA","CRA",0,"2023-12-20",0,1,0,0,0,0,0,0,0,0,0,0,0,0,0,99.605,0,0,0,"",0
"2021-06-07","CRAZ23","CRA","CRA","CRA",0,"2024-03-20",0,1,0,0,0,0,0,0,0,0,0,0,0,0,0,99.575,0,0,0,"",0
"2021-06-08","CRAH21","CRA","CRA","CRA",0,"2021-06-16",0,1,99.825,99.83,25,25,0,25,0,0,99.83,99.83,99.83,0,1,99.83,5676,0,0,"",0
"2021-06-08","CRAM21","CRA","CRA","CRA",0,"2021-09-15",0,1,99.79,99.8,100,500,0,607,0,-0.005,99.8,99.8,99.8,0,6,99.8,604,0,0,"",0
"2021-06-08","CRAU21","CRA","CRA","CRA",0,"2021-12-15",0,1,99.79,99.805,100,100,0,0,0,0,0,0,0,0,0,99.795,422,0,0,"",0
"2021-06-08","CRAZ21","CRA","CRA","CRA",0,"2022-03-16",0,1,99.78,99.795,100,100,0,0,0,0,0,0,0,0,0,99.78,240,0,0,"",0
"2021-06-08","CRAH22","CRA","CRA","CRA",0,"2022-06-15",0,1,0,0,0,0,0,0,0,0,0,0,0,0,0,99.765,0,0,0,"",0
"2021-06-08","CRAM22","CRA","CRA","CRA",0,"2022-09-21",0,1,0,0,0,0,0,0,0,0,0,0,0,0,0,99.73,0,0,0,"",0
"2021-06-08","CRAU22","CRA","CRA","CRA",0,"2022-12-21",0,1,0,0,0,0,0,0,0,0,0,0,0,0,0,99.71,0,0,0,"",0
"2021-06-08","CRAZ22","CRA","CRA","CRA",0,"2023-03-15",0,1,0,99.71,0,50,0,0,0,0,0,0,0,0,0,99.69,0,0,0,"",0
"2021-06-08","CRAH23","CRA","CRA","CRA",0,"2023-06-21",0,1,0,0,0,0,0,0,0,0,0,0,0,0,0,99.66,0,0,0,"",0
"2021-06-08","CRAM23","CRA","CRA","CRA",0,"2023-09-20",0,1,0,0,0,0,0,0,0,0,0,0,0,0,0,99.63,0,0,0,"",0
"2021-06-08","CRAU23","CRA","CRA","CRA",0,"2023-12-20",0,1,0,0,0,0,0,0,0,0,0,0,0,0,0,99.6,0,0,0,"",0
"2021-06-08","CRAZ23","CRA","CRA","CRA",0,"2024-03-20",0,1,0,0,0,0,0,0,0,0,0,0,0,0,0,99.57,0,0,0,"",0
"2021-06-09","CRAH21","CRA","CRA","CRA",0,"2021-06-16",0,1,99.83,99.835,25,50,0,0,0,0,0,0,0,0,0,99.83,5701,0,0,"",0
"2021-06-09","CRAM21","CRA","CRA","CRA",0,"2021-09-15",0,1,99.8,0,250,0,0,0,0,0,0,0,0,0,0,99.8,1204,0,0,"",0
"2021-06-09","CRAU21","CRA","CRA","CRA",0,"2021-12-15",0,1,0,0,0,0,0,0,0,0,0,0,0,0,0,99.795,422,0,0,"",0
"2021-06-09","CRAZ21","CRA","CRA","CRA",0,"2022-03-16",0,1,0,0,0,0,0,0,0,0,0,0,0,0,0,99.78,240,0,0,"",0
"2021-06-09","CRAH22","CRA","CRA","CRA",0,"2022-06-15",0,1,0,0,0,0,0,0,0,0,0,0,0,0,0,99.765,0,0,0,"",0
"2021-06-09","CRAM22","CRA","CRA","CRA",0,"2022-09-21",0,1,0,0,0,0,0,0,0,0,0,0,0,0,0,99.73,0,0,0,"",0
"2021-06-09","CRAU22","CRA","CRA","CRA",0,"2022-12-21",0,1,0,0,0,0,0,0,0,0,0,0,0,0,0,99.71,0,0,0,"",0
"2021-06-09","CRAZ22","CRA","CRA","CRA",0,"2023-03-15",0,1,0,0,0,0,0,0,0,0,0,0,0,0,0,99.69,0,0,0,"",0
"2021-06-09","CRAH23","CRA","CRA","CRA",0,"2023-06-21",0,1,0,0,0,0,0,0,0,0,0,0,0,0,0,99.66,0,0,0,"",0
"2021-06-09","CRAM23","CRA","CRA","CRA",0,"2023-09-20",0,1,0,0,0,0,0,0,0,0,0,0,0,0,0,99.63,0,0,0,"",0
"2021-06-09","CRAU23","CRA","CRA","CRA",0,"2023-12-20",0,1,0,0,0,0,0,0,0,0,0,0,0,0,0,99.6,0,0,0,"",0
"2021-06-09","CRAZ23","CRA","CRA","CRA",0,"2024-03-20",0,1,0,0,0,0,0,0,0,0,0,0,0,0,0,99.57,0,0,0,"",0
"2021-06-10","CRAH21","CRA","CRA","CRA",0,"2021-06-16",0,1,99.83,99.835,25,600,0,0,0,0,0,0,0,0,0,99.83,5701,0,0,"",0
"2021-06-10","CRAM21","CRA","CRA","CRA",0,"2021-09-15",0,1,99.8,99.81,285,200,0,890,0,0,99.8,99.8,99.8,0,12,99.8,1201,0,0,"",0
"2021-06-10","CRAU21","CRA","CRA","CRA",0,"2021-12-15",0,1,99.78,99.79,100,540,0,200,0,-0.005,99.79,99.79,99.79,0,2,99.79,422,0,0,"",0
"2021-06-10","CRAZ21","CRA","CRA","CRA",0,"2022-03-16",0,1,99.775,99.79,200,200,0,0,0,0,0,0,0,0,0,99.775,240,0,0,"",0
"2021-06-10","CRAH22","CRA","CRA","CRA",0,"2022-06-15",0,1,0,0,0,0,0,0,0,0,0,0,0,0,0,99.76,0,0,0,"",0
"2021-06-10","CRAM22","CRA","CRA","CRA",0,"2022-09-21",0,1,0,0,0,0,0,0,0,0,0,0,0,0,0,99.725,0,0,0,"",0
"2021-06-10","CRAU22","CRA","CRA","CRA",0,"2022-12-21",0,1,0,0,0,0,0,0,0,0,0,0,0,0,0,99.705,0,0,0,"",0
"2021-06-10","CRAZ22","CRA","CRA","CRA",0,"2023-03-15",0,1,0,99.69,0,50,0,0,0,0,0,0,0,0,0,99.685,0,0,0,"",0
"2021-06-10","CRAH23","CRA","CRA","CRA",0,"2023-06-21",0,1,0,0,0,0,0,0,0,0,0,0,0,0,0,99.655,0,0,0,"",0
"2021-06-10","CRAM23","CRA","CRA","CRA",0,"2023-09-20",0,1,0,0,0,0,0,0,0,0,0,0,0,0,0,99.625,0,0,0,"",0
"2021-06-10","CRAU23","CRA","CRA","CRA",0,"2023-12-20",0,1,0,0,0,0,0,0,0,0,0,0,0,0,0,99.595,0,0,0,"",0
"2021-06-10","CRAZ23","CRA","CRA","CRA",0,"2024-03-20",0,1,0,0,0,0,0,0,0,0,0,0,0,0,0,99.565,0,0,0,"",0
"2021-06-11","CRAH21","CRA","CRA","CRA",0,"2021-06-16",0,1,99.825,99.835,225,650,0,0,0,0,0,0,0,0,0,99.83,5701,0,0,"",0
"2021-06-11","CRAM21","CRA","CRA","CRA",0,"2021-09-15",0,1,99.8,99.81,25,100,0,2,0,0,99.8,99.8,99.8,0,1,99.8,1791,0,0,"",0
"2021-06-11","CRAU21","CRA","CRA","CRA",0,"2021-12-15",0,1,99.78,99.795,100,100,0,0,0,0,0,0,0,0,0,99.79,622,0,0,"",0
"2021-06-11","CRAZ21","CRA","CRA","CRA",0,"2022-03-16",0,1,99.78,99.795,100,100,0,0,0,0,0,0,0,0,0,99.78,240,0,0,"",0
"2021-06-11","CRAH22","CRA","CRA","CRA",0,"2022-06-15",0,1,0,0,0,0,0,0,0,0,0,0,0,0,0,99.765,0,0,0,"",0
"2021-06-11","CRAM22","CRA","CRA","CRA",0,"2022-09-21",0,1,0,0,0,0,0,0,0,0,0,0,0,0,0,99.73,0,0,0,"",0
"2021-06-11","CRAU22","CRA","CRA","CRA",0,"2022-12-21",0,1,0,0,0,0,0,0,0,0,0,0,0,0,0,99.71,0,0,0,"",0
"2021-06-11","CRAZ22","CRA","CRA","CRA",0,"2023-03-15",0,1,0,0,0,0,0,0,0,0,0,0,0,0,0,99.69,0,0,0,"",0
"2021-06-11","CRAH23","CRA","CRA","CRA",0,"2023-06-21",0,1,0,0,0,0,0,0,0,0,0,0,0,0,0,99.66,0,0,0,"",0
"2021-06-11","CRAM23","CRA","CRA","CRA",0,"2023-09-20",0,1,0,0,0,0,0,0,0,0,0,0,0,0,0,99.63,0,0,0,"",0
"2021-06-11","CRAU23","CRA","CRA","CRA",0,"2023-12-20",0,1,0,0,0,0,0,0,0,0,0,0,0,0,0,99.6,0,0,0,"",0
"2021-06-11","CRAZ23","CRA","CRA","CRA",0,"2024-03-20",0,1,0,0,0,0,0,0,0,0,0,0,0,0,0,99.57,0,0,0,"",0
"2021-06-14","CRAH21","CRA","CRA","CRA",0,"2021-06-16",0,1,99.83,99.835,25,800,0,0,0,0,0,0,0,0,0,99.83,5701,0,0,"",0
"2021-06-14","CRAM21","CRA","CRA","CRA",0,"2021-09-15",0,1,99.8,99.81,25,100,0,0,0,0,0,0,0,0,0,99.8,1693,0,0,"",0
"2021-06-14","CRAU21","CRA","CRA","CRA",0,"2021-12-15",0,1,99.785,99.8,100,100,0,0,0,0,0,0,0,0,0,99.79,622,0,0,"",0
"2021-06-14","CRAZ21","CRA","CRA","CRA",0,"2022-03-16",0,1,99.775,99.79,100,100,0,0,0,0,0,0,0,0,0,99.78,240,0,0,"",0
"2021-06-14","CRAH22","CRA","CRA","CRA",0,"2022-06-15",0,1,0,0,0,0,0,0,0,0,0,0,0,0,0,99.765,0,0,0,"",0
"2021-06-14","CRAM22","CRA","CRA","CRA",0,"2022-09-21",0,1,0,0,0,0,0,0,0,0,0,0,0,0,0,99.73,0,0,0,"",0
"2021-06-14","CRAU22","CRA","CRA","CRA",0,"2022-12-21",0,1,0,0,0,0,0,0,0,0,0,0,0,0,0,99.71,0,0,0,"",0
"2021-06-14","CRAZ22","CRA","CRA","CRA",0,"2023-03-15",0,1,0,0,0,0,0,0,0,0,0,0,0,0,0,99.69,0,0,0,"",0
"2021-06-14","CRAH23","CRA","CRA","CRA",0,"2023-06-21",0,1,0,0,0,0,0,0,0,0,0,0,0,0,0,99.66,0,0,0,"",0
"2021-06-14","CRAM23","CRA","CRA","CRA",0,"2023-09-20",0,1,0,0,0,0,0,0,0,0,0,0,0,0,0,99.63,0,0,0,"",0
"2021-06-14","CRAU23","CRA","CRA","CRA",0,"2023-12-20",0,1,0,0,0,0,0,0,0,0,0,0,0,0,0,99.6,0,0,0,"",0
"2021-06-14","CRAZ23","CRA","CRA","CRA",0,"2024-03-20",0,1,0,0,0,0,0,0,0,0,0,0,0,0,0,99.57,0,0,0,"",0
"2021-06-15","CRAH21","CRA","CRA","CRA",0,"2021-06-16",0,1,0,0,0,0,0,0,0,0,0,0,0,0,0,99.83,5701,0,0,"",0
"2021-06-15","CRAM21","CRA","CRA","CRA",0,"2021-09-15",0,1,99.8,99.815,425,100,0,0,0,0,0,0,0,0,0,99.8,1693,0,0,"",0
"2021-06-15","CRAU21","CRA","CRA","CRA",0,"2021-12-15",0,1,99.785,99.8,100,100,0,0,0,0,0,0,0,0,0,99.79,622,0,0,"",0
"2021-06-15","CRAZ21","CRA","CRA","CRA",0,"2022-03-16",0,1,99.775,99.79,100,100,0,0,0,0,0,0,0,0,0,99.78,240,0,0,"",0
"2021-06-15","CRAH22","CRA","CRA","CRA",0,"2022-06-15",0,1,0,0,0,0,0,0,0,0,0,0,0,0,0,99.765,0,0,0,"",0
"2021-06-15","CRAM22","CRA","CRA","CRA",0,"2022-09-21",0,1,0,0,0,0,0,0,0,0,0,0,0,0,0,99.73,0,0,0,"",0
"2021-06-15","CRAU22","CRA","CRA","CRA",0,"2022-12-21",0,1,0,0,0,0,0,0,0,0,0,0,0,0,0,99.71,0,0,0,"",0
"2021-06-15","CRAZ22","CRA","CRA","CRA",0,"2023-03-15",0,1,0,0,0,0,0,0,0,0,0,0,0,0,0,99.69,0,0,0,"",0
"2021-06-15","CRAH23","CRA","CRA","CRA",0,"2023-06-21",0,1,0,0,0,0,0,0,0,0,0,0,0,0,0,99.66,0,0,0,"",0
"2021-06-15","CRAM23","CRA","CRA","CRA",0,"2023-09-20",0,1,0,0,0,0,0,0,0,0,0,0,0,0,0,99.63,0,0,0,"",0
"2021-06-15","CRAU23","CRA","CRA","CRA",0,"2023-12-20",0,1,0,0,0,0,0,0,0,0,0,0,0,0,0,99.6,0,0,0,"",0
"2021-06-15","CRAZ23","CRA","CRA","CRA",0,"2024-03-20",0,1,0,0,0,0,0,0,0,0,0,0,0,0,0,99.57,0,0,0,"",0
"2021-06-16","CRAM21","CRA","CRA","CRA",0,"2021-09-15",0,1,99.805,99.815,300,25,0,0,0,0,0,0,0,0,0,99.805,1693,0,0,"",0
"2021-06-16","CRAU21","CRA","CRA","CRA",0,"2021-12-15",0,1,0,0,0,0,0,0,0,0,0,0,0,0,0,99.795,622,0,0,"",0
"2021-06-16","CRAZ21","CRA","CRA","CRA",0,"2022-03-16",0,1,0,0,0,0,0,0,0,0,0,0,0,0,0,99.785,240,0,0,"",0
"2021-06-16","CRAH22","CRA","CRA","CRA",0,"2022-06-15",0,1,0,0,0,0,0,0,0,0,0,0,0,0,0,99.77,0,0,0,"",0
"2021-06-16","CRAM22","CRA","CRA","CRA",0,"2022-09-21",0,1,0,0,0,0,0,0,0,0,0,0,0,0,0,99.735,0,0,0,"",0
"2021-06-16","CRAU22","CRA","CRA","CRA",0,"2022-12-21",0,1,0,0,0,0,0,0,0,0,0,0,0,0,0,99.715,0,0,0,"",0
"2021-06-16","CRAZ22","CRA","CRA","CRA",0,"2023-03-15",0,1,0,0,0,0,0,0,0,0,0,0,0,0,0,99.695,0,0,0,"",0
"2021-06-16","CRAH23","CRA","CRA","CRA",0,"2023-06-21",0,1,0,0,0,0,0,0,0,0,0,0,0,0,0,99.665,0,0,0,"",0
"2021-06-16","CRAM23","CRA","CRA","CRA",0,"2023-09-20",0,1,0,0,0,0,0,0,0,0,0,0,0,0,0,99.635,0,0,0,"",0
"2021-06-16","CRAU23","CRA","CRA","CRA",0,"2023-12-20",0,1,0,0,0,0,0,0,0,0,0,0,0,0,0,99.605,0,0,0,"",0
"2021-06-16","CRAZ23","CRA","CRA","CRA",0,"2024-03-20",0,1,0,0,0,0,0,0,0,0,0,0,0,0,0,99.575,0,0,0,"",0
"2021-06-17","CRAM21","CRA","CRA","CRA",0,"2021-09-15",0,1,0,99.8,0,142,0,1098,0,-0.005,99.8,99.8,99.8,0,9,99.805,1693,0,0,"",0
"2021-06-17","CRAU21","CRA","CRA","CRA",0,"2021-12-15",0,1,0,0,0,0,0,0,0,0,0,0,0,0,0,99.795,622,0,0,"",0
"2021-06-17","CRAZ21","CRA","CRA","CRA",0,"2022-03-16",0,1,99.76,0,250,0,0,0,0,0,0,0,0,0,0,99.775,240,0,0,"",0
"2021-06-17","CRAH22","CRA","CRA","CRA",0,"2022-06-15",0,1,0,0,0,0,0,0,0,0,0,0,0,0,0,99.72,0,0,0,"",0
"2021-06-17","CRAM22","CRA","CRA","CRA",0,"2022-09-21",0,1,0,0,0,0,0,0,0,0,0,0,0,0,0,99.685,0,0,0,"",0
"2021-06-17","CRAU22","CRA","CRA","CRA",0,"2022-12-21",0,1,0,0,0,0,0,0,0,0,0,0,0,0,0,99.665,0,0,0,"",0
"2021-06-17","CRAZ22","CRA","CRA","CRA",0,"2023-03-15",0,1,0,0,0,0,0,0,0,0,0,0,0,0,0,99.645,0,0,0,"",0
"2021-06-17","CRAH23","CRA","CRA","CRA",0,"2023-06-21",0,1,0,0,0,0,0,0,0,0,0,0,0,0,0,99.615,0,0,0,"",0
"2021-06-17","CRAM23","CRA","CRA","CRA",0,"2023-09-20",0,1,0,0,0,0,0,0,0,0,0,0,0,0,0,99.585,0,0,0,"",0
"2021-06-17","CRAU23","CRA","CRA","CRA",0,"2023-12-20",0,1,0,0,0,0,0,0,0,0,0,0,0,0,0,99.555,0,0,0,"",0
"2021-06-17","CRAZ23","CRA","CRA","CRA",0,"2024-03-20",0,1,0,0,0,0,0,0,0,0,0,0,0,0,0,99.525,0,0,0,"",0
"2021-06-17","CRAH24","CRA","CRA","CRA",0,"2024-06-19",0,1,0,0,0,0,0,0,0,0,0,0,0,0,0,99.49,0,0,0,"",0
"2021-06-18","CRAM21","CRA","CRA","CRA",0,"2021-09-15",0,1,99.795,99.8,25,100,0,0,0,0,0,0,0,0,0,99.8,2786,0,0,"",0
"2021-06-18","CRAU21","CRA","CRA","CRA",0,"2021-12-15",0,1,99.775,99.79,100,100,0,0,0,0,0,0,0,0,0,99.79,622,0,0,"",0
"2021-06-18","CRAZ21","CRA","CRA","CRA",0,"2022-03-16",0,1,99.765,99.785,100,100,0,0,0,0,0,0,0,0,0,99.77,240,0,0,"",0
"2021-06-18","CRAH22","CRA","CRA","CRA",0,"2022-06-15",0,1,99.69,99.695,1,1,0,201,0,-0.035,99.695,99.695,99.685,0,3,99.695,0,0,0,"",0
"2021-06-18","CRAM22","CRA","CRA","CRA",0,"2022-09-21",0,1,0,0,0,0,0,0,0,0,0,0,0,0,0,99.66,0,0,0,"",0
"2021-06-18","CRAU22","CRA","CRA","CRA",0,"2022-12-21",0,1,0,0,0,0,0,0,0,0,0,0,0,0,0,99.64,0,0,0,"",0
"2021-06-18","CRAZ22","CRA","CRA","CRA",0,"2023-03-15",0,1,0,0,0,0,0,0,0,0,0,0,0,0,0,99.62,0,0,0,"",0
"2021-06-18","CRAH23","CRA","CRA","CRA",0,"2023-06-21",0,1,0,0,0,0,0,0,0,0,0,0,0,0,0,99.59,0,0,0,"",0
"2021-06-18","CRAM23","CRA","CRA","CRA",0,"2023-09-20",0,1,0,0,0,0,0,0,0,0,0,0,0,0,0,99.56,0,0,0,"",0
"2021-06-18","CRAU23","CRA","CRA","CRA",0,"2023-12-20",0,1,0,0,0,0,0,0,0,0,0,0,0,0,0,99.53,0,0,0,"",0
"2021-06-18","CRAZ23","CRA","CRA","CRA",0,"2024-03-20",0,1,0,0,0,0,0,0,0,0,0,0,0,0,0,99.5,0,0,0,"",0
"2021-06-18","CRAH24","CRA","CRA","CRA",0,"2024-06-19",0,1,0,0,0,0,0,0,0,0,0,0,0,0,0,99.465,0,0,0,"",0
"2021-06-21","CRAM21","CRA","CRA","CRA",0,"2021-09-15",0,1,99.805,99.815,100,101,0,100,0,0.005,99.805,99.805,99.805,0,1,99.805,2486,0,0,"",0
"2021-06-21","CRAU21","CRA","CRA","CRA",0,"2021-12-15",0,1,99.78,99.795,100,100,0,600,0,-0.01,99.765,99.78,99.765,0,7,99.795,622,0,0,"",0
"2021-06-21","CRAZ21","CRA","CRA","CRA",0,"2022-03-16",0,1,99.74,99.795,1,1,0,202,0,-0.01,99.745,99.76,99.745,0,4,99.775,240,0,0,"",0
"2021-06-21","CRAH22","CRA","CRA","CRA",0,"2022-06-15",0,1,99.68,0,1,0,0,802,0,-0.01,99.675,99.7,99.67,0,11,99.685,101,0,0,"",0
"2021-06-21","CRAM22","CRA","CRA","CRA",0,"2022-09-21",0,1,0,0,0,0,0,0,0,0,0,0,0,0,0,99.65,0,0,0,"",0
"2021-06-21","CRAU22","CRA","CRA","CRA",0,"2022-12-21",0,1,0,0,0,0,0,0,0,0,0,0,0,0,0,99.63,0,0,0,"",0
"2021-06-21","CRAZ22","CRA","CRA","CRA",0,"2023-03-15",0,1,0,0,0,0,0,0,0,0,0,0,0,0,0,99.61,0,0,0,"",0
"2021-06-21","CRAH23","CRA","CRA","CRA",0,"2023-06-21",0,1,0,0,0,0,0,0,0,0,0,0,0,0,0,99.58,0,0,0,"",0
"2021-06-21","CRAM23","CRA","CRA","CRA",0,"2023-09-20",0,1,0,0,0,0,0,0,0,0,0,0,0,0,0,99.55,0,0,0,"",0
"2021-06-21","CRAU23","CRA","CRA","CRA",0,"2023-12-20",0,1,0,0,0,0,0,0,0,0,0,0,0,0,0,99.52,0,0,0,"",0
"2021-06-21","CRAZ23","CRA","CRA","CRA",0,"2024-03-20",0,1,0,0,0,0,0,0,0,0,0,0,0,0,0,99.49,0,0,0,"",0
"2021-06-21","CRAH24","CRA","CRA","CRA",0,"2024-06-19",0,1,0,0,0,0,0,0,0,0,0,0,0,0,0,99.455,0,0,0,"",0
"2021-06-22","CRAM21","CRA","CRA","CRA",0,"2021-09-15",0,1,99.805,99.815,100,300,0,0,0,0,0,0,0,0,0,99.805,2486,0,0,"",0
"2021-06-22","CRAU21","CRA","CRA","CRA",0,"2021-12-15",0,1,99.79,99.8,2,201,0,0,0,0,0,0,0,0,0,99.795,702,0,0,"",0
"2021-06-22","CRAZ21","CRA","CRA","CRA",0,"2022-03-16",0,1,99.765,99.78,200,200,0,0,0,0,0,0,0,0,0,99.775,348,0,0,"",0
"2021-06-22","CRAH22","CRA","CRA","CRA",0,"2022-06-15",0,1,99.685,99.7,1,101,0,0,0,0,0,0,0,0,0,99.685,302,0,0,"",0
"2021-06-22","CRAM22","CRA","CRA","CRA",0,"2022-09-21",0,1,0,0,0,0,0,0,0,0,0,0,0,0,0,99.65,0,0,0,"",0
"2021-06-22","CRAU22","CRA","CRA","CRA",0,"2022-12-21",0,1,0,0,0,0,0,0,0,0,0,0,0,0,0,99.63,0,0,0,"",0
"2021-06-22","CRAZ22","CRA","CRA","CRA",0,"2023-03-15",0,1,0,0,0,0,0,0,0,0,0,0,0,0,0,99.61,0,0,0,"",0
"2021-06-22","CRAH23","CRA","CRA","CRA",0,"2023-06-21",0,1,0,0,0,0,0,0,0,0,0,0,0,0,0,99.58,0,0,0,"",0
"2021-06-22","CRAM23","CRA","CRA","CRA",0,"2023-09-20",0,1,0,0,0,0,0,0,0,0,0,0,0,0,0,99.55,0,0,0,"",0
"2021-06-22","CRAU23","CRA","CRA","CRA",0,"2023-12-20",0,1,0,0,0,0,0,0,0,0,0,0,0,0,0,99.52,0,0,0,"",0
"2021-06-22","CRAZ23","CRA","CRA","CRA",0,"2024-03-20",0,1,0,0,0,0,0,0,0,0,0,0,0,0,0,99.49,0,0,0,"",0
"2021-06-22","CRAH24","CRA","CRA","CRA",0,"2024-06-19",0,1,0,0,0,0,0,0,0,0,0,0,0,0,0,99.455,0,0,0,"",0
"2021-06-23","CRAM21","CRA","CRA","CRA",0,"2021-09-15",0,1,99.805,99.815,25,200,0,0,0,0,0,0,0,0,0,99.805,2486,0,0,"",0
"2021-06-23","CRAU21","CRA","CRA","CRA",0,"2021-12-15",0,1,99.785,99.79,1,24,0,1,0,-0.005,99.79,99.79,99.79,0,1,99.795,602,0,0,"",0
"2021-06-23","CRAZ21","CRA","CRA","CRA",0,"2022-03-16",0,1,99.755,99.77,200,100,0,0,0,0,0,0,0,0,0,99.77,348,0,0,"",0
"2021-06-23","CRAH22","CRA","CRA","CRA",0,"2022-06-15",0,1,99.67,99.685,201,201,0,0,0,0,0,0,0,0,0,99.68,301,0,0,"",0
"2021-06-23","CRAM22","CRA","CRA","CRA",0,"2022-09-21",0,1,0,0,0,0,0,0,0,0,0,0,0,0,0,99.645,0,0,0,"",0
"2021-06-23","CRAU22","CRA","CRA","CRA",0,"2022-12-21",0,1,0,0,0,0,0,0,0,0,0,0,0,0,0,99.625,0,0,0,"",0
"2021-06-23","CRAZ22","CRA","CRA","CRA",0,"2023-03-15",0,1,0,0,0,0,0,0,0,0,0,0,0,0,0,99.605,0,0,0,"",0
"2021-06-23","CRAH23","CRA","CRA","CRA",0,"2023-06-21",0,1,0,0,0,0,0,0,0,0,0,0,0,0,0,99.575,0,0,0,"",0
"2021-06-23","CRAM23","CRA","CRA","CRA",0,"2023-09-20",0,1,0,0,0,0,0,0,0,0,0,0,0,0,0,99.545,0,0,0,"",0
"2021-06-23","CRAU23","CRA","CRA","CRA",0,"2023-12-20",0,1,0,0,0,0,0,0,0,0,0,0,0,0,0,99.515,0,0,0,"",0
"2021-06-23","CRAZ23","CRA","CRA","CRA",0,"2024-03-20",0,1,0,0,0,0,0,0,0,0,0,0,0,0,0,99.485,0,0,0,"",0
"2021-06-23","CRAH24","CRA","CRA","CRA",0,"2024-06-19",0,1,0,0,0,0,0,0,0,0,0,0,0,0,0,99.45,0,0,0,"",0
"2021-06-24","CRAM21","CRA","CRA","CRA",0,"2021-09-15",0,1,99.805,99.815,25,200,0,0,0,0,0,0,0,0,0,99.805,2486,0,0,"",0
"2021-06-24","CRAU21","CRA","CRA","CRA",0,"2021-12-15",0,1,99.785,99.79,1,1,0,0,0,0,0,0,0,0,0,99.795,602,0,0,"",0
"2021-06-24","CRAZ21","CRA","CRA","CRA",0,"2022-03-16",0,1,99.76,99.77,1,1,0,0,0,0,0,0,0,0,0,99.77,348,0,0,"",0
"2021-06-24","CRAH22","CRA","CRA","CRA",0,"2022-06-15",0,1,99.66,99.675,100,101,0,401,0,-0.01,99.675,99.675,99.67,0,5,99.68,301,0,0,"",0
"2021-06-24","CRAM22","CRA","CRA","CRA",0,"2022-09-21",0,1,0,0,0,0,0,0,0,0,0,0,0,0,0,99.645,0,0,0,"",0
"2021-06-24","CRAU22","CRA","CRA","CRA",0,"2022-12-21",0,1,0,0,0,0,0,0,0,0,0,0,0,0,0,99.625,0,0,0,"",0
"2021-06-24","CRAZ22","CRA","CRA","CRA",0,"2023-03-15",0,1,0,0,0,0,0,0,0,0,0,0,0,0,0,99.605,0,0,0,"",0
"2021-06-24","CRAH23","CRA","CRA","CRA",0,"2023-06-21",0,1,0,0,0,0,0,0,0,0,0,0,0,0,0,99.575,0,0,0,"",0
"2021-06-24","CRAM23","CRA","CRA","CRA",0,"2023-09-20",0,1,0,0,0,0,0,0,0,0,0,0,0,0,0,99.545,0,0,0,"",0
"2021-06-24","CRAU23","CRA","CRA","CRA",0,"2023-12-20",0,1,0,0,0,0,0,0,0,0,0,0,0,0,0,99.515,0,0,0,"",0
"2021-06-24","CRAZ23","CRA","CRA","CRA",0,"2024-03-20",0,1,0,0,0,0,0,0,0,0,0,0,0,0,0,99.485,0,0,0,"",0
"2021-06-24","CRAH24","CRA","CRA","CRA",0,"2024-06-19",0,1,0,0,0,0,0,0,0,0,0,0,0,0,0,99.45,0,0,0,"",0
"2021-06-25","CRAM21","CRA","CRA","CRA",0,"2021-09-15",0,1,99.805,99.815,25,200,0,0,0,0,0,0,0,0,0,99.805,2486,0,0,"",0
"2021-06-25","CRAU21","CRA","CRA","CRA",0,"2021-12-15",0,1,99.78,99.79,200,1,0,0,0,0,0,0,0,0,0,99.795,602,0,0,"",0
"2021-06-25","CRAZ21","CRA","CRA","CRA",0,"2022-03-16",0,1,99.745,99.76,201,201,0,0,0,0,0,0,0,0,0,99.76,348,0,0,"",0
"2021-06-25","CRAH22","CRA","CRA","CRA",0,"2022-06-15",0,1,99.645,99.665,401,1,0,101,0,0,99.66,99.66,99.66,0,4,99.66,701,0,0,"",0
"2021-06-25","CRAM22","CRA","CRA","CRA",0,"2022-09-21",0,1,0,0,0,0,0,0,0,0,0,0,0,0,0,99.625,0,0,0,"",0
"2021-06-25","CRAU22","CRA","CRA","CRA",0,"2022-12-21",0,1,0,0,0,0,0,0,0,0,0,0,0,0,0,99.605,0,0,0,"",0
"2021-06-25","CRAZ22","CRA","CRA","CRA",0,"2023-03-15",0,1,0,0,0,0,0,0,0,0,0,0,0,0,0,99.585,0,0,0,"",0
"2021-06-25","CRAH23","CRA","CRA","CRA",0,"2023-06-21",0,1,0,0,0,0,0,0,0,0,0,0,0,0,0,99.555,0,0,0,"",0
"2021-06-25","CRAM23","CRA","CRA","CRA",0,"2023-09-20",0,1,0,0,0,0,0,0,0,0,0,0,0,0,0,99.525,0,0,0,"",0
"2021-06-25","CRAU23","CRA","CRA","CRA",0,"2023-12-20",0,1,0,0,0,0,0,0,0,0,0,0,0,0,0,99.495,0,0,0,"",0
"2021-06-25","CRAZ23","CRA","CRA","CRA",0,"2024-03-20",0,1,0,0,0,0,0,0,0,0,0,0,0,0,0,99.465,0,0,0,"",0
"2021-06-25","CRAH24","CRA","CRA","CRA",0,"2024-06-19",0,1,0,0,0,0,0,0,0,0,0,0,0,0,0,99.43,0,0,0,"",0
"2021-06-28","CRAM21","CRA","CRA","CRA",0,"2021-09-15",0,1,99.805,99.825,300,1,0,0,0,0,0,0,0,0,0,99.805,2486,0,0,"",0
"2021-06-28","CRAU21","CRA","CRA","CRA",0,"2021-12-15",0,1,99.78,99.795,1,1,0,0,0,0,0,0,0,0,0,99.795,602,0,0,"",0
"2021-06-28","CRAZ21","CRA","CRA","CRA",0,"2022-03-16",0,1,99.745,99.76,1,1,0,0,0,0,0,0,0,0,0,99.76,348,0,0,"",0
"2021-06-28","CRAH22","CRA","CRA","CRA",0,"2022-06-15",0,1,99.645,99.66,1,1,0,0,0,0,0,0,0,0,0,99.66,701,0,0,"",0
"2021-06-28","CRAM22","CRA","CRA","CRA",0,"2022-09-21",0,1,0,0,0,0,0,0,0,0,0,0,0,0,0,99.625,0,0,0,"",0
"2021-06-28","CRAU22","CRA","CRA","CRA",0,"2022-12-21",0,1,0,0,0,0,0,0,0,0,0,0,0,0,0,99.605,0,0,0,"",0
"2021-06-28","CRAZ22","CRA","CRA","CRA",0,"2023-03-15",0,1,0,0,0,0,0,0,0,0,0,0,0,0,0,99.585,0,0,0,"",0
"2021-06-28","CRAH23","CRA","CRA","CRA",0,"2023-06-21",0,1,0,0,0,0,0,0,0,0,0,0,0,0,0,99.555,0,0,0,"",0
"2021-06-28","CRAM23","CRA","CRA","CRA",0,"2023-09-20",0,1,0,0,0,0,0,0,0,0,0,0,0,0,0,99.525,0,0,0,"",0
"2021-06-28","CRAU23","CRA","CRA","CRA",0,"2023-12-20",0,1,0,0,0,0,0,0,0,0,0,0,0,0,0,99.495,0,0,0,"",0
"2021-06-28","CRAZ23","CRA","CRA","CRA",0,"2024-03-20",0,1,0,0,0,0,0,0,0,0,0,0,0,0,0,99.465,0,0,0,"",0
"2021-06-28","CRAH24","CRA","CRA","CRA",0,"2024-06-19",0,1,0,0,0,0,0,0,0,0,0,0,0,0,0,99.43,0,0,0,"",0
"2021-06-29","CRAM21","CRA","CRA","CRA",0,"2021-09-15",0,1,99.805,99.82,25,300,0,0,0,0,0,0,0,0,0,99.805,2486,0,0,"",0
"2021-06-29","CRAU21","CRA","CRA","CRA",0,"2021-12-15",0,1,0,0,0,0,0,0,0,0,0,0,0,0,0,99.795,602,0,0,"",0
"2021-06-29","CRAZ21","CRA","CRA","CRA",0,"2022-03-16",0,1,99.745,0,25,0,0,0,0,0,0,0,0,0,0,99.76,348,0,0,"",0
"2021-06-29","CRAH22","CRA","CRA","CRA",0,"2022-06-15",0,1,99.645,99.68,99,100,0,101,0,-0.015,99.645,99.645,99.645,0,2,99.66,701,0,0,"",0
"2021-06-29","CRAM22","CRA","CRA","CRA",0,"2022-09-21",0,1,0,0,0,0,0,0,0,0,0,0,0,0,0,99.625,0,0,0,"",0
"2021-06-29","CRAU22","CRA","CRA","CRA",0,"2022-12-21",0,1,0,0,0,0,0,0,0,0,0,0,0,0,0,99.605,0,0,0,"",0
"2021-06-29","CRAZ22","CRA","CRA","CRA",0,"2023-03-15",0,1,0,0,0,0,0,0,0,0,0,0,0,0,0,99.585,0,0,0,"",0
"2021-06-29","CRAH23","CRA","CRA","CRA",0,"2023-06-21",0,1,0,0,0,0,0,0,0,0,0,0,0,0,0,99.555,0,0,0,"",0
"2021-06-29","CRAM23","CRA","CRA","CRA",0,"2023-09-20",0,1,0,0,0,0,0,0,0,0,0,0,0,0,0,99.525,0,0,0,"",0
"2021-06-29","CRAU23","CRA","CRA","CRA",0,"2023-12-20",0,1,0,0,0,0,0,0,0,0,0,0,0,0,0,99.495,0,0,0,"",0
"2021-06-29","CRAZ23","CRA","CRA","CRA",0,"2024-03-20",0,1,0,0,0,0,0,0,0,0,0,0,0,0,0,99.465,0,0,0,"",0
"2021-06-29","CRAH24","CRA","CRA","CRA",0,"2024-06-19",0,1,0,0,0,0,0,0,0,0,0,0,0,0,0,99.43,0,0,0,"",0
"2021-06-30","CRAM21","CRA","CRA","CRA",0,"2021-09-15",0,1,99.805,99.815,100,25,0,0,0,0,0,0,0,0,0,99.805,2486,0,0,"",0
"2021-06-30","CRAU21","CRA","CRA","CRA",0,"2021-12-15",0,1,99.785,99.805,100,100,0,0,0,0,0,0,0,0,0,99.795,602,0,0,"",0
"2021-06-30","CRAZ21","CRA","CRA","CRA",0,"2022-03-16",0,1,99.74,99.755,100,100,0,0,0,0,0,0,0,0,0,99.755,348,0,0,"",0
"2021-06-30","CRAH22","CRA","CRA","CRA",0,"2022-06-15",0,1,99.63,99.645,100,100,0,0,0,0,0,0,0,0,0,99.645,750,0,0,"",0
"2021-06-30","CRAM22","CRA","CRA","CRA",0,"2022-09-21",0,1,0,0,0,0,0,0,0,0,0,0,0,0,0,99.61,0,0,0,"",0
"2021-06-30","CRAU22","CRA","CRA","CRA",0,"2022-12-21",0,1,0,0,0,0,0,0,0,0,0,0,0,0,0,99.59,0,0,0,"",0
"2021-06-30","CRAZ22","CRA","CRA","CRA",0,"2023-03-15",0,1,0,0,0,0,0,0,0,0,0,0,0,0,0,99.57,0,0,0,"",0
"2021-06-30","CRAH23","CRA","CRA","CRA",0,"2023-06-21",0,1,0,0,0,0,0,0,0,0,0,0,0,0,0,99.54,0,0,0,"",0
"2021-06-30","CRAM23","CRA","CRA","CRA",0,"2023-09-20",0,1,0,0,0,0,0,0,0,0,0,0,0,0,0,99.51,0,0,0,"",0
"2021-06-30","CRAU23","CRA","CRA","CRA",0,"2023-12-20",0,1,0,0,0,0,0,0,0,0,0,0,0,0,0,99.48,0,0,0,"",0
"2021-06-30","CRAZ23","CRA","CRA","CRA",0,"2024-03-20",0,1,0,0,0,0,0,0,0,0,0,0,0,0,0,99.45,0,0,0,"",0
"2021-06-30","CRAH24","CRA","CRA","CRA",0,"2024-06-19",0,1,0,0,0,0,0,0,0,0,0,0,0,0,0,99.415,0,0,0,"",0
"2021-07-02","CRAM21","CRA","CRA","CRA",0,"2021-09-15",0,1,99.805,99.82,300,600,0,0,0,0,0,0,0,0,0,99.805,2486,0,0,"",0
"2021-07-02","CRAU21","CRA","CRA","CRA",0,"2021-12-15",0,1,99.78,99.795,200,200,0,0,0,0,0,0,0,0,0,99.795,602,0,0,"",0
"2021-07-02","CRAZ21","CRA","CRA","CRA",0,"2022-03-16",0,1,99.74,99.755,25,1,0,0,0,0,0,0,0,0,0,99.75,348,0,0,"",0
"2021-07-02","CRAH22","CRA","CRA","CRA",0,"2022-06-15",0,1,99.63,99.66,101,101,0,0,0,0,0,0,0,0,0,99.64,750,0,0,"",0
"2021-07-02","CRAM22","CRA","CRA","CRA",0,"2022-09-21",0,1,0,0,0,0,0,0,0,0,0,0,0,0,0,99.605,0,0,0,"",0
"2021-07-02","CRAU22","CRA","CRA","CRA",0,"2022-12-21",0,1,0,0,0,0,0,0,0,0,0,0,0,0,0,99.585,0,0,0,"",0
"2021-07-02","CRAZ22","CRA","CRA","CRA",0,"2023-03-15",0,1,0,0,0,0,0,0,0,0,0,0,0,0,0,99.565,0,0,0,"",0
"2021-07-02","CRAH23","CRA","CRA","CRA",0,"2023-06-21",0,1,0,0,0,0,0,0,0,0,0,0,0,0,0,99.535,0,0,0,"",0
"2021-07-02","CRAM23","CRA","CRA","CRA",0,"2023-09-20",0,1,0,0,0,0,0,0,0,0,0,0,0,0,0,99.505,0,0,0,"",0
"2021-07-02","CRAU23","CRA","CRA","CRA",0,"2023-12-20",0,1,0,0,0,0,0,0,0,0,0,0,0,0,0,99.475,0,0,0,"",0
"2021-07-02","CRAZ23","CRA","CRA","CRA",0,"2024-03-20",0,1,0,0,0,0,0,0,0,0,0,0,0,0,0,99.445,0,0,0,"",0
"2021-07-02","CRAH24","CRA","CRA","CRA",0,"2024-06-19",0,1,0,0,0,0,0,0,0,0,0,0,0,0,0,99.41,0,0,0,"",0
"2021-07-05","CRAM21","CRA","CRA","CRA",0,"2021-09-15",0,1,99.805,99.82,300,600,0,0,0,0,0,0,0,0,0,99.805,2486,0,0,"",0
"2021-07-05","CRAU21","CRA","CRA","CRA",0,"2021-12-15",0,1,99.78,99.795,200,200,0,0,0,0,0,0,0,0,0,99.795,602,0,0,"",0
"2021-07-05","CRAZ21","CRA","CRA","CRA",0,"2022-03-16",0,1,99.73,99.745,200,200,0,0,0,0,0,0,0,0,0,99.745,348,0,0,"",0
"2021-07-05","CRAH22","CRA","CRA","CRA",0,"2022-06-15",0,1,99.63,99.645,200,200,0,0,0,0,0,0,0,0,0,99.635,750,0,0,"",0
"2021-07-05","CRAM22","CRA","CRA","CRA",0,"2022-09-21",0,1,0,0,0,0,0,0,0,0,0,0,0,0,0,99.6,0,0,0,"",0
"2021-07-05","CRAU22","CRA","CRA","CRA",0,"2022-12-21",0,1,0,0,0,0,0,0,0,0,0,0,0,0,0,99.58,0,0,0,"",0
"2021-07-05","CRAZ22","CRA","CRA","CRA",0,"2023-03-15",0,1,0,0,0,0,0,0,0,0,0,0,0,0,0,99.56,0,0,0,"",0
"2021-07-05","CRAH23","CRA","CRA","CRA",0,"2023-06-21",0,1,0,0,0,0,0,0,0,0,0,0,0,0,0,99.53,0,0,0,"",0
"2021-07-05","CRAM23","CRA","CRA","CRA",0,"2023-09-20",0,1,0,0,0,0,0,0,0,0,0,0,0,0,0,99.5,0,0,0,"",0
"2021-07-05","CRAU23","CRA","CRA","CRA",0,"2023-12-20",0,1,0,0,0,0,0,0,0,0,0,0,0,0,0,99.47,0,0,0,"",0
"2021-07-05","CRAZ23","CRA","CRA","CRA",0,"2024-03-20",0,1,0,0,0,0,0,0,0,0,0,0,0,0,0,99.44,0,0,0,"",0
"2021-07-05","CRAH24","CRA","CRA","CRA",0,"2024-06-19",0,1,0,0,0,0,0,0,0,0,0,0,0,0,0,99.405,0,0,0,"",0
"2021-07-06","CRAM21","CRA","CRA","CRA",0,"2021-09-15",0,1,99.805,99.815,100,50,0,0,0,0,0,0,0,0,0,99.805,2486,0,0,"",0
"2021-07-06","CRAU21","CRA","CRA","CRA",0,"2021-12-15",0,1,99.785,99.8,252,100,0,0,0,0,0,0,0,0,0,99.795,602,0,0,"",0
"2021-07-06","CRAZ21","CRA","CRA","CRA",0,"2022-03-16",0,1,99.735,99.745,50,200,0,0,0,0,0,0,0,0,0,99.745,348,0,0,"",0
"2021-07-06","CRAH22","CRA","CRA","CRA",0,"2022-06-15",0,1,99.625,99.64,100,200,0,0,0,0,0,0,0,0,0,99.635,750,0,0,"",0
"2021-07-06","CRAM22","CRA","CRA","CRA",0,"2022-09-21",0,1,0,0,0,0,0,0,0,0,0,0,0,0,0,99.6,0,0,0,"",0
"2021-07-06","CRAU22","CRA","CRA","CRA",0,"2022-12-21",0,1,0,0,0,0,0,0,0,0,0,0,0,0,0,99.58,0,0,0,"",0
"2021-07-06","CRAZ22","CRA","CRA","CRA",0,"2023-03-15",0,1,0,0,0,0,0,0,0,0,0,0,0,0,0,99.56,0,0,0,"",0
"2021-07-06","CRAH23","CRA","CRA","CRA",0,"2023-06-21",0,1,0,0,0,0,0,0,0,0,0,0,0,0,0,99.53,0,0,0,"",0
"2021-07-06","CRAM23","CRA","CRA","CRA",0,"2023-09-20",0,1,0,0,0,0,0,0,0,0,0,0,0,0,0,99.5,0,0,0,"",0
"2021-07-06","CRAU23","CRA","CRA","CRA",0,"2023-12-20",0,1,0,0,0,0,0,0,0,0,0,0,0,0,0,99.47,0,0,0,"",0
"2021-07-06","CRAZ23","CRA","CRA","CRA",0,"2024-03-20",0,1,0,0,0,0,0,0,0,0,0,0,0,0,0,99.44,0,0,0,"",0
"2021-07-06","CRAH24","CRA","CRA","CRA",0,"2024-06-19",0,1,0,0,0,0,0,0,0,0,0,0,0,0,0,99.405,0,0,0,"",0
"2021-07-07","CRAM21","CRA","CRA","CRA",0,"2021-09-15",0,1,99.805,99.82,100,400,0,0,0,0,0,0,0,0,0,99.805,2486,0,0,"",0
"2021-07-07","CRAU21","CRA","CRA","CRA",0,"2021-12-15",0,1,99.79,99.805,100,100,0,0,0,0,0,0,0,0,0,99.795,602,0,0,"",0
"2021-07-07","CRAZ21","CRA","CRA","CRA",0,"2022-03-16",0,1,99.75,99.765,100,100,0,200,0,-0.01,99.735,99.735,99.735,0,2,99.745,348,0,0,"",0
"2021-07-07","CRAH22","CRA","CRA","CRA",0,"2022-06-15",0,1,99.62,99.635,100,100,0,0,0,0,0,0,0,0,0,99.62,750,0,0,"",0
"2021-07-07","CRAM22","CRA","CRA","CRA",0,"2022-09-21",0,1,0,0,0,0,0,0,0,0,0,0,0,0,0,99.585,0,0,0,"",0
"2021-07-07","CRAU22","CRA","CRA","CRA",0,"2022-12-21",0,1,0,0,0,0,0,0,0,0,0,0,0,0,0,99.565,0,0,0,"",0
"2021-07-07","CRAZ22","CRA","CRA","CRA",0,"2023-03-15",0,1,0,0,0,0,0,0,0,0,0,0,0,0,0,99.545,0,0,0,"",0
"2021-07-07","CRAH23","CRA","CRA","CRA",0,"2023-06-21",0,1,0,0,0,0,0,0,0,0,0,0,0,0,0,99.515,0,0,0,"",0
"2021-07-07","CRAM23","CRA","CRA","CRA",0,"2023-09-20",0,1,0,0,0,0,0,0,0,0,0,0,0,0,0,99.485,0,0,0,"",0
"2021-07-07","CRAU23","CRA","CRA","CRA",0,"2023-12-20",0,1,0,0,0,0,0,0,0,0,0,0,0,0,0,99.455,0,0,0,"",0
"2021-07-07","CRAZ23","CRA","CRA","CRA",0,"2024-03-20",0,1,0,0,0,0,0,0,0,0,0,0,0,0,0,99.425,0,0,0,"",0
"2021-07-07","CRAH24","CRA","CRA","CRA",0,"2024-06-19",0,1,0,0,0,0,0,0,0,0,0,0,0,0,0,99.39,0,0,0,"",0
"2021-07-08","CRAM21","CRA","CRA","CRA",0,"2021-09-15",0,1,99.805,99.815,200,50,0,0,0,0,0,0,0,0,0,99.805,2486,0,0,"",0
"2021-07-08","CRAU21","CRA","CRA","CRA",0,"2021-12-15",0,1,99.79,99.81,100,100,0,0,0,0,0,0,0,0,0,99.795,602,0,0,"",0
"2021-07-08","CRAZ21","CRA","CRA","CRA",0,"2022-03-16",0,1,99.755,99.77,100,100,0,0,0,0,0,0,0,0,0,99.755,548,0,0,"",0
"2021-07-08","CRAH22","CRA","CRA","CRA",0,"2022-06-15",0,1,99.62,99.635,100,100,0,0,0,0,0,0,0,0,0,99.63,750,0,0,"",0
"2021-07-08","CRAM22","CRA","CRA","CRA",0,"2022-09-21",0,1,0,0,0,0,0,0,0,0,0,0,0,0,0,99.595,0,0,0,"",0
"2021-07-08","CRAU22","CRA","CRA","CRA",0,"2022-12-21",0,1,0,0,0,0,0,0,0,0,0,0,0,0,0,99.575,0,0,0,"",0
"2021-07-08","CRAZ22","CRA","CRA","CRA",0,"2023-03-15",0,1,0,0,0,0,0,0,0,0,0,0,0,0,0,99.555,0,0,0,"",0
"2021-07-08","CRAH23","CRA","CRA","CRA",0,"2023-06-21",0,1,0,0,0,0,0,0,0,0,0,0,0,0,0,99.525,0,0,0,"",0
"2021-07-08","CRAM23","CRA","CRA","CRA",0,"2023-09-20",0,1,0,0,0,0,0,0,0,0,0,0,0,0,0,99.495,0,0,0,"",0
"2021-07-08","CRAU23","CRA","CRA","CRA",0,"2023-12-20",0,1,0,0,0,0,0,0,0,0,0,0,0,0,0,99.465,0,0,0,"",0
"2021-07-08","CRAZ23","CRA","CRA","CRA",0,"2024-03-20",0,1,0,0,0,0,0,0,0,0,0,0,0,0,0,99.435,0,0,0,"",0
"2021-07-08","CRAH24","CRA","CRA","CRA",0,"2024-06-19",0,1,0,0,0,0,0,0,0,0,0,0,0,0,0,99.4,0,0,0,"",0
"2021-07-09","CRAM21","CRA","CRA","CRA",0,"2021-09-15",0,1,99.805,99.815,300,100,0,0,0,0,0,0,0,0,0,99.805,2486,0,0,"",0
"2021-07-09","CRAU21","CRA","CRA","CRA",0,"2021-12-15",0,1,99.795,99.81,200,300,0,0,0,0,0,0,0,0,0,99.795,602,0,0,"",0
"2021-07-09","CRAZ21","CRA","CRA","CRA",0,"2022-03-16",0,1,99.75,99.765,300,300,0,0,0,0,0,0,0,0,0,99.755,548,0,0,"",0
"2021-07-09","CRAH22","CRA","CRA","CRA",0,"2022-06-15",0,1,99.62,99.635,300,200,0,0,0,0,0,0,0,0,0,99.63,750,0,0,"",0
"2021-07-09","CRAM22","CRA","CRA","CRA",0,"2022-09-21",0,1,0,0,0,0,0,0,0,0,0,0,0,0,0,99.595,0,0,0,"",0
"2021-07-09","CRAU22","CRA","CRA","CRA",0,"2022-12-21",0,1,0,0,0,0,0,0,0,0,0,0,0,0,0,99.575,0,0,0,"",0
"2021-07-09","CRAZ22","CRA","CRA","CRA",0,"2023-03-15",0,1,0,0,0,0,0,0,0,0,0,0,0,0,0,99.555,0,0,0,"",0
"2021-07-09","CRAH23","CRA","CRA","CRA",0,"2023-06-21",0,1,0,0,0,0,0,0,0,0,0,0,0,0,0,99.525,0,0,0,"",0
"2021-07-09","CRAM23","CRA","CRA","CRA",0,"2023-09-20",0,1,0,0,0,0,0,0,0,0,0,0,0,0,0,99.495,0,0,0,"",0
"2021-07-09","CRAU23","CRA","CRA","CRA",0,"2023-12-20",0,1,0,0,0,0,0,0,0,0,0,0,0,0,0,99.465,0,0,0,"",0
"2021-07-09","CRAZ23","CRA","CRA","CRA",0,"2024-03-20",0,1,0,0,0,0,0,0,0,0,0,0,0,0,0,99.435,0,0,0,"",0
"2021-07-09","CRAH24","CRA","CRA","CRA",0,"2024-06-19",0,1,0,0,0,0,0,0,0,0,0,0,0,0,0,99.4,0,0,0,"",0
"2021-07-12","CRAM21","CRA","CRA","CRA",0,"2021-09-15",0,1,99.81,99.82,135,400,0,0,0,0,0,0,0,0,0,99.81,2486,0,0,"",0
"2021-07-12","CRAU21","CRA","CRA","CRA",0,"2021-12-15",0,1,99.8,99.81,100,100,0,0,0,0,0,0,0,0,0,99.8,602,0,0,"",0
"2021-07-12","CRAZ21","CRA","CRA","CRA",0,"2022-03-16",0,1,99.765,99.78,200,100,0,0,0,0,0,0,0,0,0,99.765,548,0,0,"",0
"2021-07-12","CRAH22","CRA","CRA","CRA",0,"2022-06-15",0,1,99.64,99.66,100,100,0,0,0,0,0,0,0,0,0,99.645,750,0,0,"",0
"2021-07-12","CRAM22","CRA","CRA","CRA",0,"2022-09-21",0,1,0,0,0,0,0,0,0,0,0,0,0,0,0,99.61,0,0,0,"",0
"2021-07-12","CRAU22","CRA","CRA","CRA",0,"2022-12-21",0,1,0,0,0,0,0,0,0,0,0,0,0,0,0,99.59,0,0,0,"",0
"2021-07-12","CRAZ22","CRA","CRA","CRA",0,"2023-03-15",0,1,0,0,0,0,0,0,0,0,0,0,0,0,0,99.57,0,0,0,"",0
"2021-07-12","CRAH23","CRA","CRA","CRA",0,"2023-06-21",0,1,0,0,0,0,0,0,0,0,0,0,0,0,0,99.54,0,0,0,"",0
"2021-07-12","CRAM23","CRA","CRA","CRA",0,"2023-09-20",0,1,0,0,0,0,0,0,0,0,0,0,0,0,0,99.51,0,0,0,"",0
"2021-07-12","CRAU23","CRA","CRA","CRA",0,"2023-12-20",0,1,0,0,0,0,0,0,0,0,0,0,0,0,0,99.48,0,0,0,"",0
"2021-07-12","CRAZ23","CRA","CRA","CRA",0,"2024-03-20",0,1,0,0,0,0,0,0,0,0,0,0,0,0,0,99.45,0,0,0,"",0
"2021-07-12","CRAH24","CRA","CRA","CRA",0,"2024-06-19",0,1,0,0,0,0,0,0,0,0,0,0,0,0,0,99.415,0,0,0,"",0
"2021-07-13","CRAM21","CRA","CRA","CRA",0,"2021-09-15",0,1,99.81,99.82,35,400,0,0,0,0,0,0,0,0,0,99.81,2486,0,0,"",0
"2021-07-13","CRAU21","CRA","CRA","CRA",0,"2021-12-15",0,1,99.8,99.815,100,100,0,0,0,0,0,0,0,0,0,99.8,602,0,0,"",0
"2021-07-13","CRAZ21","CRA","CRA","CRA",0,"2022-03-16",0,1,99.77,99.785,100,100,0,0,0,0,0,0,0,0,0,99.77,548,0,0,"",0
"2021-07-13","CRAH22","CRA","CRA","CRA",0,"2022-06-15",0,1,99.625,99.64,100,201,0,300,0,-0.005,99.64,99.64,99.64,0,5,99.63,750,0,0,"",0
"2021-07-13","CRAM22","CRA","CRA","CRA",0,"2022-09-21",0,1,0,0,0,0,0,0,0,0,0,0,0,0,0,99.595,0,0,0,"",0
"2021-07-13","CRAU22","CRA","CRA","CRA",0,"2022-12-21",0,1,0,0,0,0,0,0,0,0,0,0,0,0,0,99.575,0,0,0,"",0
"2021-07-13","CRAZ22","CRA","CRA","CRA",0,"2023-03-15",0,1,0,0,0,0,0,0,0,0,0,0,0,0,0,99.555,0,0,0,"",0
"2021-07-13","CRAH23","CRA","CRA","CRA",0,"2023-06-21",0,1,0,0,0,0,0,0,0,0,0,0,0,0,0,99.525,0,0,0,"",0
"2021-07-13","CRAM23","CRA","CRA","CRA",0,"2023-09-20",0,1,0,0,0,0,0,0,0,0,0,0,0,0,0,99.495,0,0,0,"",0
"2021-07-13","CRAU23","CRA","CRA","CRA",0,"2023-12-20",0,1,0,0,0,0,0,0,0,0,0,0,0,0,0,99.465,0,0,0,"",0
"2021-07-13","CRAZ23","CRA","CRA","CRA",0,"2024-03-20",0,1,0,0,0,0,0,0,0,0,0,0,0,0,0,99.435,0,0,0,"",0
"2021-07-13","CRAH24","CRA","CRA","CRA",0,"2024-06-19",0,1,0,0,0,0,0,0,0,0,0,0,0,0,0,99.4,0,0,0,"",0
"2021-07-14","CRAM21","CRA","CRA","CRA",0,"2021-09-15",0,1,99.805,99.82,100,500,0,0,0,0,0,0,0,0,0,99.81,2486,0,0,"",0
"2021-07-14","CRAU21","CRA","CRA","CRA",0,"2021-12-15",0,1,99.795,99.815,100,100,0,0,0,0,0,0,0,0,0,99.8,602,0,0,"",0
"2021-07-14","CRAZ21","CRA","CRA","CRA",0,"2022-03-16",0,1,99.775,99.79,100,200,0,0,0,0,0,0,0,0,0,99.775,548,0,0,"",0
"2021-07-14","CRAH22","CRA","CRA","CRA",0,"2022-06-15",0,1,99.66,99.675,100,201,0,0,0,0,0,0,0,0,0,99.665,1001,0,0,"",0
"2021-07-14","CRAM22","CRA","CRA","CRA",0,"2022-09-21",0,1,0,0,0,0,0,0,0,0,0,0,0,0,0,99.63,0,0,0,"",0
"2021-07-14","CRAU22","CRA","CRA","CRA",0,"2022-12-21",0,1,0,0,0,0,0,0,0,0,0,0,0,0,0,99.61,0,0,0,"",0
"2021-07-14","CRAZ22","CRA","CRA","CRA",0,"2023-03-15",0,1,0,0,0,0,0,0,0,0,0,0,0,0,0,99.59,0,0,0,"",0
"2021-07-14","CRAH23","CRA","CRA","CRA",0,"2023-06-21",0,1,0,0,0,0,0,0,0,0,0,0,0,0,0,99.56,0,0,0,"",0
"2021-07-14","CRAM23","CRA","CRA","CRA",0,"2023-09-20",0,1,0,0,0,0,0,0,0,0,0,0,0,0,0,99.53,0,0,0,"",0
"2021-07-14","CRAU23","CRA","CRA","CRA",0,"2023-12-20",0,1,0,0,0,0,0,0,0,0,0,0,0,0,0,99.5,0,0,0,"",0
"2021-07-14","CRAZ23","CRA","CRA","CRA",0,"2024-03-20",0,1,0,0,0,0,0,0,0,0,0,0,0,0,0,99.47,0,0,0,"",0
"2021-07-14","CRAH24","CRA","CRA","CRA",0,"2024-06-19",0,1,0,0,0,0,0,0,0,0,0,0,0,0,0,99.435,0,0,0,"",0
"2021-07-15","CRAM21","CRA","CRA","CRA",0,"2021-09-15",0,1,99.795,99.81,100,300,0,0,0,0,0,0,0,0,0,99.81,2486,0,0,"",0
"2021-07-15","CRAU21","CRA","CRA","CRA",0,"2021-12-15",0,1,99.795,99.81,100,200,0,0,0,0,0,0,0,0,0,99.8,602,0,0,"",0
"2021-07-15","CRAZ21","CRA","CRA","CRA",0,"2022-03-16",0,1,99.765,99.78,100,225,0,0,0,0,0,0,0,0,0,99.775,548,0,0,"",0
"2021-07-15","CRAH22","CRA","CRA","CRA",0,"2022-06-15",0,1,99.655,99.67,200,100,0,0,0,0,0,0,0,0,0,99.665,1001,0,0,"",0
"2021-07-15","CRAM22","CRA","CRA","CRA",0,"2022-09-21",0,1,0,0,0,0,0,0,0,0,0,0,0,0,0,99.63,0,0,0,"",0
"2021-07-15","CRAU22","CRA","CRA","CRA",0,"2022-12-21",0,1,0,0,0,0,0,0,0,0,0,0,0,0,0,99.61,0,0,0,"",0
"2021-07-15","CRAZ22","CRA","CRA","CRA",0,"2023-03-15",0,1,0,0,0,0,0,0,0,0,0,0,0,0,0,99.59,0,0,0,"",0
"2021-07-15","CRAH23","CRA","CRA","CRA",0,"2023-06-21",0,1,0,0,0,0,0,0,0,0,0,0,0,0,0,99.56,0,0,0,"",0
"2021-07-15","CRAM23","CRA","CRA","CRA",0,"2023-09-20",0,1,0,0,0,0,0,0,0,0,0,0,0,0,0,99.53,0,0,0,"",0
"2021-07-15","CRAU23","CRA","CRA","CRA",0,"2023-12-20",0,1,0,0,0,0,0,0,0,0,0,0,0,0,0,99.5,0,0,0,"",0
"2021-07-15","CRAZ23","CRA","CRA","CRA",0,"2024-03-20",0,1,0,0,0,0,0,0,0,0,0,0,0,0,0,99.47,0,0,0,"",0
"2021-07-15","CRAH24","CRA","CRA","CRA",0,"2024-06-19",0,1,0,0,0,0,0,0,0,0,0,0,0,0,0,99.435,0,0,0,"",0
"2021-07-16","CRAM21","CRA","CRA","CRA",0,"2021-09-15",0,1,99.8,99.815,100,200,0,0,0,0,0,0,0,0,0,99.81,2486,0,0,"",0
"2021-07-16","CRAU21","CRA","CRA","CRA",0,"2021-12-15",0,1,99.795,99.81,100,200,0,0,0,0,0,0,0,0,0,99.8,602,0,0,"",0
"2021-07-16","CRAZ21","CRA","CRA","CRA",0,"2022-03-16",0,1,99.77,99.785,100,100,0,0,0,0,0,0,0,0,0,99.775,548,0,0,"",0
"2021-07-16","CRAH22","CRA","CRA","CRA",0,"2022-06-15",0,1,99.67,99.68,100,5,0,50,0,0.015,99.68,99.68,99.68,0,1,99.67,1001,0,0,"",0
"2021-07-16","CRAM22","CRA","CRA","CRA",0,"2022-09-21",0,1,0,0,0,0,0,0,0,0,0,0,0,0,0,99.635,0,0,0,"",0
"2021-07-16","CRAU22","CRA","CRA","CRA",0,"2022-12-21",0,1,0,0,0,0,0,0,0,0,0,0,0,0,0,99.615,0,0,0,"",0
"2021-07-16","CRAZ22","CRA","CRA","CRA",0,"2023-03-15",0,1,0,0,0,0,0,0,0,0,0,0,0,0,0,99.595,0,0,0,"",0
"2021-07-16","CRAH23","CRA","CRA","CRA",0,"2023-06-21",0,1,0,0,0,0,0,0,0,0,0,0,0,0,0,99.565,0,0,0,"",0
"2021-07-16","CRAM23","CRA","CRA","CRA",0,"2023-09-20",0,1,0,0,0,0,0,0,0,0,0,0,0,0,0,99.535,0,0,0,"",0
"2021-07-16","CRAU23","CRA","CRA","CRA",0,"2023-12-20",0,1,0,0,0,0,0,0,0,0,0,0,0,0,0,99.505,0,0,0,"",0
"2021-07-16","CRAZ23","CRA","CRA","CRA",0,"2024-03-20",0,1,0,0,0,0,0,0,0,0,0,0,0,0,0,99.475,0,0,0,"",0
"2021-07-16","CRAH24","CRA","CRA","CRA",0,"2024-06-19",0,1,0,0,0,0,0,0,0,0,0,0,0,0,0,99.44,0,0,0,"",0
"2021-07-19","CRAM21","CRA","CRA","CRA",0,"2021-09-15",0,1,99.795,99.81,100,200,0,0,0,0,0,0,0,0,0,99.81,2486,0,0,"",0
"2021-07-19","CRAU21","CRA","CRA","CRA",0,"2021-12-15",0,1,99.805,99.81,1,1,0,0,0,0,0,0,0,0,0,99.8,602,0,0,"",0
"2021-07-19","CRAZ21","CRA","CRA","CRA",0,"2022-03-16",0,1,99.77,99.775,1,1,0,0,0,0,0,0,0,0,0,99.775,548,0,0,"",0
"2021-07-19","CRAH22","CRA","CRA","CRA",0,"2022-06-15",0,1,99.69,99.695,1,1,0,307,0,0.02,99.68,99.69,99.68,0,8,99.685,1051,0,0,"",0
"2021-07-19","CRAM22","CRA","CRA","CRA",0,"2022-09-21",0,1,0,0,0,0,0,0,0,0,0,0,0,0,0,99.65,0,0,0,"",0
"2021-07-19","CRAU22","CRA","CRA","CRA",0,"2022-12-21",0,1,0,0,0,0,0,0,0,0,0,0,0,0,0,99.63,0,0,0,"",0
"2021-07-19","CRAZ22","CRA","CRA","CRA",0,"2023-03-15",0,1,0,0,0,0,0,0,0,0,0,0,0,0,0,99.61,0,0,0,"",0
"2021-07-19","CRAH23","CRA","CRA","CRA",0,"2023-06-21",0,1,0,0,0,0,0,0,0,0,0,0,0,0,0,99.58,0,0,0,"",0
"2021-07-19","CRAM23","CRA","CRA","CRA",0,"2023-09-20",0,1,0,0,0,0,0,0,0,0,0,0,0,0,0,99.55,0,0,0,"",0
"2021-07-19","CRAU23","CRA","CRA","CRA",0,"2023-12-20",0,1,0,0,0,0,0,0,0,0,0,0,0,0,0,99.52,0,0,0,"",0
"2021-07-19","CRAZ23","CRA","CRA","CRA",0,"2024-03-20",0,1,0,0,0,0,0,0,0,0,0,0,0,0,0,99.49,0,0,0,"",0
"2021-07-19","CRAH24","CRA","CRA","CRA",0,"2024-06-19",0,1,0,0,0,0,0,0,0,0,0,0,0,0,0,99.455,0,0,0,"",0
"2021-07-20","CRAM21","CRA","CRA","CRA",0,"2021-09-15",0,1,99.805,99.82,200,100,0,300,0,-0.005,99.805,99.805,99.805,0,3,99.81,2486,0,0,"",0
"2021-07-20","CRAU21","CRA","CRA","CRA",0,"2021-12-15",0,1,99.79,99.805,100,100,0,0,0,0,0,0,0,0,0,99.8,602,0,0,"",0
"2021-07-20","CRAZ21","CRA","CRA","CRA",0,"2022-03-16",0,1,99.765,99.78,100,100,0,0,0,0,0,0,0,0,0,99.775,548,0,0,"",0
"2021-07-20","CRAH22","CRA","CRA","CRA",0,"2022-06-15",0,1,99.68,99.695,100,100,0,0,0,0,0,0,0,0,0,99.685,951,0,0,"",0
"2021-07-20","CRAM22","CRA","CRA","CRA",0,"2022-09-21",0,1,0,0,0,0,0,0,0,0,0,0,0,0,0,99.65,0,0,0,"",0
"2021-07-20","CRAU22","CRA","CRA","CRA",0,"2022-12-21",0,1,0,0,0,0,0,0,0,0,0,0,0,0,0,99.63,0,0,0,"",0
"2021-07-20","CRAZ22","CRA","CRA","CRA",0,"2023-03-15",0,1,0,0,0,0,0,0,0,0,0,0,0,0,0,99.61,0,0,0,"",0
"2021-07-20","CRAH23","CRA","CRA","CRA",0,"2023-06-21",0,1,0,0,0,0,0,0,0,0,0,0,0,0,0,99.58,0,0,0,"",0
"2021-07-20","CRAM23","CRA","CRA","CRA",0,"2023-09-20",0,1,0,0,0,0,0,0,0,0,0,0,0,0,0,99.55,0,0,0,"",0
"2021-07-20","CRAU23","CRA","CRA","CRA",0,"2023-12-20",0,1,0,0,0,0,0,0,0,0,0,0,0,0,0,99.52,0,0,0,"",0
"2021-07-20","CRAZ23","CRA","CRA","CRA",0,"2024-03-20",0,1,0,0,0,0,0,0,0,0,0,0,0,0,0,99.49,0,0,0,"",0
"2021-07-20","CRAH24","CRA","CRA","CRA",0,"2024-06-19",0,1,0,0,0,0,0,0,0,0,0,0,0,0,0,99.455,0,0,0,"",0
"2021-07-21","CRAM21","CRA","CRA","CRA",0,"2021-09-15",0,1,99.805,99.82,100,100,0,0,0,0,0,0,0,0,0,99.81,2691,0,0,"",0
"2021-07-21","CRAU21","CRA","CRA","CRA",0,"2021-12-15",0,1,99.795,99.81,100,100,0,0,0,0,0,0,0,0,0,99.8,602,0,0,"",0
"2021-07-21","CRAZ21","CRA","CRA","CRA",0,"2022-03-16",0,1,99.765,99.78,100,100,0,0,0,0,0,0,0,0,0,99.775,548,0,0,"",0
"2021-07-21","CRAH22","CRA","CRA","CRA",0,"2022-06-15",0,1,99.68,99.695,100,100,0,0,0,0,0,0,0,0,0,99.685,745,0,0,"",0
"2021-07-21","CRAM22","CRA","CRA","CRA",0,"2022-09-21",0,1,0,0,0,0,0,0,0,0,0,0,0,0,0,99.65,0,0,0,"",0
"2021-07-21","CRAU22","CRA","CRA","CRA",0,"2022-12-21",0,1,0,0,0,0,0,0,0,0,0,0,0,0,0,99.63,0,0,0,"",0
"2021-07-21","CRAZ22","CRA","CRA","CRA",0,"2023-03-15",0,1,0,0,0,0,0,0,0,0,0,0,0,0,0,99.61,0,0,0,"",0
"2021-07-21","CRAH23","CRA","CRA","CRA",0,"2023-06-21",0,1,0,0,0,0,0,0,0,0,0,0,0,0,0,99.58,0,0,0,"",0
"2021-07-21","CRAM23","CRA","CRA","CRA",0,"2023-09-20",0,1,0,0,0,0,0,0,0,0,0,0,0,0,0,99.55,0,0,0,"",0
"2021-07-21","CRAU23","CRA","CRA","CRA",0,"2023-12-20",0,1,0,0,0,0,0,0,0,0,0,0,0,0,0,99.52,0,0,0,"",0
"2021-07-21","CRAZ23","CRA","CRA","CRA",0,"2024-03-20",0,1,0,0,0,0,0,0,0,0,0,0,0,0,0,99.49,0,0,0,"",0
"2021-07-21","CRAH24","CRA","CRA","CRA",0,"2024-06-19",0,1,0,0,0,0,0,0,0,0,0,0,0,0,0,99.455,0,0,0,"",0
"2021-07-22","CRAM21","CRA","CRA","CRA",0,"2021-09-15",0,1,99.805,99.82,100,100,0,0,0,0,0,0,0,0,0,99.81,2691,0,0,"",0
"2021-07-22","CRAU21","CRA","CRA","CRA",0,"2021-12-15",0,1,99.8,99.815,100,100,0,0,0,0,0,0,0,0,0,99.8,602,0,0,"",0
"2021-07-22","CRAZ21","CRA","CRA","CRA",0,"2022-03-16",0,1,99.765,99.78,100,100,0,0,0,0,0,0,0,0,0,99.775,548,0,0,"",0
"2021-07-22","CRAH22","CRA","CRA","CRA",0,"2022-06-15",0,1,99.685,99.7,100,100,0,0,0,0,0,0,0,0,0,99.685,745,0,0,"",0
"2021-07-22","CRAM22","CRA","CRA","CRA",0,"2022-09-21",0,1,0,0,0,0,0,0,0,0,0,0,0,0,0,99.65,0,0,0,"",0
"2021-07-22","CRAU22","CRA","CRA","CRA",0,"2022-12-21",0,1,0,0,0,0,0,0,0,0,0,0,0,0,0,99.63,0,0,0,"",0
"2021-07-22","CRAZ22","CRA","CRA","CRA",0,"2023-03-15",0,1,0,0,0,0,0,0,0,0,0,0,0,0,0,99.61,0,0,0,"",0
"2021-07-22","CRAH23","CRA","CRA","CRA",0,"2023-06-21",0,1,0,0,0,0,0,0,0,0,0,0,0,0,0,99.58,0,0,0,"",0
"2021-07-22","CRAM23","CRA","CRA","CRA",0,"2023-09-20",0,1,0,0,0,0,0,0,0,0,0,0,0,0,0,99.55,0,0,0,"",0
"2021-07-22","CRAU23","CRA","CRA","CRA",0,"2023-12-20",0,1,0,0,0,0,0,0,0,0,0,0,0,0,0,99.52,0,0,0,"",0
"2021-07-22","CRAZ23","CRA","CRA","CRA",0,"2024-03-20",0,1,0,0,0,0,0,0,0,0,0,0,0,0,0,99.49,0,0,0,"",0
"2021-07-22","CRAH24","CRA","CRA","CRA",0,"2024-06-19",0,1,0,0,0,0,0,0,0,0,0,0,0,0,0,99.455,0,0,0,"",0
"2021-07-23","CRAM21","CRA","CRA","CRA",0,"2021-09-15",0,1,99.805,99.82,200,200,0,0,0,0,0,0,0,0,0,99.81,2691,0,0,"",0
"2021-07-23","CRAU21","CRA","CRA","CRA",0,"2021-12-15",0,1,99.795,99.81,200,200,0,0,0,0,0,0,0,0,0,99.8,602,0,0,"",0
"2021-07-23","CRAZ21","CRA","CRA","CRA",0,"2022-03-16",0,1,99.765,99.78,200,101,0,0,0,0,0,0,0,0,0,99.775,548,0,0,"",0
"2021-07-23","CRAH22","CRA","CRA","CRA",0,"2022-06-15",0,1,99.685,99.7,101,200,0,0,0,0,0,0,0,0,0,99.685,745,0,0,"",0
"2021-07-23","CRAM22","CRA","CRA","CRA",0,"2022-09-21",0,1,0,0,0,0,0,0,0,0,0,0,0,0,0,99.65,0,0,0,"",0
"2021-07-23","CRAU22","CRA","CRA","CRA",0,"2022-12-21",0,1,0,0,0,0,0,0,0,0,0,0,0,0,0,99.63,0,0,0,"",0
"2021-07-23","CRAZ22","CRA","CRA","CRA",0,"2023-03-15",0,1,0,0,0,0,0,0,0,0,0,0,0,0,0,99.61,0,0,0,"",0
"2021-07-23","CRAH23","CRA","CRA","CRA",0,"2023-06-21",0,1,0,0,0,0,0,0,0,0,0,0,0,0,0,99.58,0,0,0,"",0
"2021-07-23","CRAM23","CRA","CRA","CRA",0,"2023-09-20",0,1,0,0,0,0,0,0,0,0,0,0,0,0,0,99.55,0,0,0,"",0
"2021-07-23","CRAU23","CRA","CRA","CRA",0,"2023-12-20",0,1,0,0,0,0,0,0,0,0,0,0,0,0,0,99.52,0,0,0,"",0
"2021-07-23","CRAZ23","CRA","CRA","CRA",0,"2024-03-20",0,1,0,0,0,0,0,0,0,0,0,0,0,0,0,99.49,0,0,0,"",0
"2021-07-23","CRAH24","CRA","CRA","CRA",0,"2024-06-19",0,1,0,0,0,0,0,0,0,0,0,0,0,0,0,99.455,0,0,0,"",0
"2021-07-26","CRAM21","CRA","CRA","CRA",0,"2021-09-15",0,1,99.805,0,100,0,0,0,0,0,0,0,0,0,0,99.81,2691,0,0,"",0
"2021-07-26","CRAU21","CRA","CRA","CRA",0,"2021-12-15",0,1,0,0,0,0,0,0,0,0,0,0,0,0,0,99.8,602,0,0,"",0
"2021-07-26","CRAZ21","CRA","CRA","CRA",0,"2022-03-16",0,1,0,0,0,0,0,0,0,0,0,0,0,0,0,99.775,548,0,0,"",0
"2021-07-26","CRAH22","CRA","CRA","CRA",0,"2022-06-15",0,1,0,99.705,0,1,0,0,0,0,0,0,0,0,0,99.69,745,0,0,"",0
"2021-07-26","CRAM22","CRA","CRA","CRA",0,"2022-09-21",0,1,0,0,0,0,0,0,0,0,0,0,0,0,0,99.655,0,0,0,"",0
"2021-07-26","CRAU22","CRA","CRA","CRA",0,"2022-12-21",0,1,0,0,0,0,0,0,0,0,0,0,0,0,0,99.635,0,0,0,"",0
"2021-07-26","CRAZ22","CRA","CRA","CRA",0,"2023-03-15",0,1,0,0,0,0,0,0,0,0,0,0,0,0,0,99.615,0,0,0,"",0
"2021-07-26","CRAH23","CRA","CRA","CRA",0,"2023-06-21",0,1,0,0,0,0,0,0,0,0,0,0,0,0,0,99.585,0,0,0,"",0
"2021-07-26","CRAM23","CRA","CRA","CRA",0,"2023-09-20",0,1,0,0,0,0,0,0,0,0,0,0,0,0,0,99.555,0,0,0,"",0
"2021-07-26","CRAU23","CRA","CRA","CRA",0,"2023-12-20",0,1,0,0,0,0,0,0,0,0,0,0,0,0,0,99.525,0,0,0,"",0
"2021-07-26","CRAZ23","CRA","CRA","CRA",0,"2024-03-20",0,1,0,0,0,0,0,0,0,0,0,0,0,0,0,99.495,0,0,0,"",0
"2021-07-26","CRAH24","CRA","CRA","CRA",0,"2024-06-19",0,1,0,0,0,0,0,0,0,0,0,0,0,0,0,99.46,0,0,0,"",0
"2021-07-27","CRAM21","CRA","CRA","CRA",0,"2021-09-15",0,1,99.805,99.825,100,100,0,0,0,0,0,0,0,0,0,99.81,2691,0,0,"",0
"2021-07-27","CRAU21","CRA","CRA","CRA",0,"2021-12-15",0,1,0,99.815,0,100,0,0,0,0,0,0,0,0,0,99.8,602,0,0,"",0
"2021-07-27","CRAZ21","CRA","CRA","CRA",0,"2022-03-16",0,1,99.765,0,100,0,0,0,0,0,0,0,0,0,0,99.775,548,0,0,"",0
"2021-07-27","CRAH22","CRA","CRA","CRA",0,"2022-06-15",0,1,0,99.705,0,1,0,0,0,0,0,0,0,0,0,99.69,745,0,0,"",0
"2021-07-27","CRAM22","CRA","CRA","CRA",0,"2022-09-21",0,1,0,0,0,0,0,0,0,0,0,0,0,0,0,99.655,0,0,0,"",0
"2021-07-27","CRAU22","CRA","CRA","CRA",0,"2022-12-21",0,1,0,0,0,0,0,0,0,0,0,0,0,0,0,99.635,0,0,0,"",0
"2021-07-27","CRAZ22","CRA","CRA","CRA",0,"2023-03-15",0,1,0,0,0,0,0,0,0,0,0,0,0,0,0,99.615,0,0,0,"",0
"2021-07-27","CRAH23","CRA","CRA","CRA",0,"2023-06-21",0,1,0,0,0,0,0,0,0,0,0,0,0,0,0,99.585,0,0,0,"",0
"2021-07-27","CRAM23","CRA","CRA","CRA",0,"2023-09-20",0,1,0,0,0,0,0,0,0,0,0,0,0,0,0,99.555,0,0,0,"",0
"2021-07-27","CRAU23","CRA","CRA","CRA",0,"2023-12-20",0,1,0,0,0,0,0,0,0,0,0,0,0,0,0,99.525,0,0,0,"",0
"2021-07-27","CRAZ23","CRA","CRA","CRA",0,"2024-03-20",0,1,0,0,0,0,0,0,0,0,0,0,0,0,0,99.495,0,0,0,"",0
"2021-07-27","CRAH24","CRA","CRA","CRA",0,"2024-06-19",0,1,0,0,0,0,0,0,0,0,0,0,0,0,0,99.46,0,0,0,"",0
"2021-07-28","CRAM21","CRA","CRA","CRA",0,"2021-09-15",0,1,99.8,99.825,200,99,0,1,0,-0.005,99.805,99.805,99.805,0,1,99.81,2691,0,0,"",0
"2021-07-28","CRAU21","CRA","CRA","CRA",0,"2021-12-15",0,1,99.79,99.815,100,100,0,0,0,0,0,0,0,0,0,99.8,602,0,0,"",0
"2021-07-28","CRAZ21","CRA","CRA","CRA",0,"2022-03-16",0,1,99.765,99.785,100,100,0,0,0,0,0,0,0,0,0,99.775,548,0,0,"",0
"2021-07-28","CRAH22","CRA","CRA","CRA",0,"2022-06-15",0,1,0,99.705,0,1,0,0,0,0,0,0,0,0,0,99.69,745,0,0,"",0
"2021-07-28","CRAM22","CRA","CRA","CRA",0,"2022-09-21",0,1,0,0,0,0,0,0,0,0,0,0,0,0,0,99.655,0,0,0,"",0
"2021-07-28","CRAU22","CRA","CRA","CRA",0,"2022-12-21",0,1,0,0,0,0,0,0,0,0,0,0,0,0,0,99.635,0,0,0,"",0
"2021-07-28","CRAZ22","CRA","CRA","CRA",0,"2023-03-15",0,1,0,0,0,0,0,0,0,0,0,0,0,0,0,99.615,0,0,0,"",0
"2021-07-28","CRAH23","CRA","CRA","CRA",0,"2023-06-21",0,1,0,0,0,0,0,0,0,0,0,0,0,0,0,99.585,0,0,0,"",0
"2021-07-28","CRAM23","CRA","CRA","CRA",0,"2023-09-20",0,1,0,0,0,0,0,0,0,0,0,0,0,0,0,99.555,0,0,0,"",0
"2021-07-28","CRAU23","CRA","CRA","CRA",0,"2023-12-20",0,1,0,0,0,0,0,0,0,0,0,0,0,0,0,99.525,0,0,0,"",0
"2021-07-28","CRAZ23","CRA","CRA","CRA",0,"2024-03-20",0,1,0,0,0,0,0,0,0,0,0,0,0,0,0,99.495,0,0,0,"",0
"2021-07-28","CRAH24","CRA","CRA","CRA",0,"2024-06-19",0,1,0,0,0,0,0,0,0,0,0,0,0,0,0,99.46,0,0,0,"",0
"2021-07-29","CRAM21","CRA","CRA","CRA",0,"2021-09-15",0,1,99.805,0,100,0,0,0,0,0,0,0,0,0,0,99.81,2691,0,0,"",0
"2021-07-29","CRAU21","CRA","CRA","CRA",0,"2021-12-15",0,1,0,99.82,0,100,0,0,0,0,0,0,0,0,0,99.8,602,0,0,"",0
"2021-07-29","CRAZ21","CRA","CRA","CRA",0,"2022-03-16",0,1,0,0,0,0,0,0,0,0,0,0,0,0,0,99.775,548,0,0,"",0
"2021-07-29","CRAH22","CRA","CRA","CRA",0,"2022-06-15",0,1,0,99.705,0,1,0,0,0,0,0,0,0,0,0,99.69,745,0,0,"",0
"2021-07-29","CRAM22","CRA","CRA","CRA",0,"2022-09-21",0,1,0,0,0,0,0,0,0,0,0,0,0,0,0,99.655,0,0,0,"",0
"2021-07-29","CRAU22","CRA","CRA","CRA",0,"2022-12-21",0,1,0,0,0,0,0,0,0,0,0,0,0,0,0,99.635,0,0,0,"",0
"2021-07-29","CRAZ22","CRA","CRA","CRA",0,"2023-03-15",0,1,0,0,0,0,0,0,0,0,0,0,0,0,0,99.615,0,0,0,"",0
"2021-07-29","CRAH23","CRA","CRA","CRA",0,"2023-06-21",0,1,0,0,0,0,0,0,0,0,0,0,0,0,0,99.585,0,0,0,"",0
"2021-07-29","CRAM23","CRA","CRA","CRA",0,"2023-09-20",0,1,0,0,0,0,0,0,0,0,0,0,0,0,0,99.555,0,0,0,"",0
"2021-07-29","CRAU23","CRA","CRA","CRA",0,"2023-12-20",0,1,0,0,0,0,0,0,0,0,0,0,0,0,0,99.525,0,0,0,"",0
"2021-07-29","CRAZ23","CRA","CRA","CRA",0,"2024-03-20",0,1,0,0,0,0,0,0,0,0,0,0,0,0,0,99.495,0,0,0,"",0
"2021-07-29","CRAH24","CRA","CRA","CRA",0,"2024-06-19",0,1,0,0,0,0,0,0,0,0,0,0,0,0,0,99.46,0,0,0,"",0
"2021-07-30","CRAM21","CRA","CRA","CRA",0,"2021-09-15",0,1,99.805,99.82,100,100,0,0,0,0,0,0,0,0,0,99.81,2691,0,0,"",0
"2021-07-30","CRAU21","CRA","CRA","CRA",0,"2021-12-15",0,1,99.8,99.815,100,100,0,0,0,0,0,0,0,0,0,99.8,602,0,0,"",0
"2021-07-30","CRAZ21","CRA","CRA","CRA",0,"2022-03-16",0,1,99.775,99.79,100,100,0,0,0,0,0,0,0,0,0,99.78,548,0,0,"",0
"2021-07-30","CRAH22","CRA","CRA","CRA",0,"2022-06-15",0,1,99.685,99.7,100,100,0,0,0,0,0,0,0,0,0,99.695,745,0,0,"",0
"2021-07-30","CRAM22","CRA","CRA","CRA",0,"2022-09-21",0,1,0,0,0,0,0,0,0,0,0,0,0,0,0,99.66,0,0,0,"",0
"2021-07-30","CRAU22","CRA","CRA","CRA",0,"2022-12-21",0,1,0,0,0,0,0,0,0,0,0,0,0,0,0,99.64,0,0,0,"",0
"2021-07-30","CRAZ22","CRA","CRA","CRA",0,"2023-03-15",0,1,0,0,0,0,0,0,0,0,0,0,0,0,0,99.62,0,0,0,"",0
"2021-07-30","CRAH23","CRA","CRA","CRA",0,"2023-06-21",0,1,0,0,0,0,0,0,0,0,0,0,0,0,0,99.59,0,0,0,"",0
"2021-07-30","CRAM23","CRA","CRA","CRA",0,"2023-09-20",0,1,0,0,0,0,0,0,0,0,0,0,0,0,0,99.56,0,0,0,"",0
"2021-07-30","CRAU23","CRA","CRA","CRA",0,"2023-12-20",0,1,0,0,0,0,0,0,0,0,0,0,0,0,0,99.53,0,0,0,"",0
"2021-07-30","CRAZ23","CRA","CRA","CRA",0,"2024-03-20",0,1,0,0,0,0,0,0,0,0,0,0,0,0,0,99.5,0,0,0,"",0
"2021-07-30","CRAH24","CRA","CRA","CRA",0,"2024-06-19",0,1,0,0,0,0,0,0,0,0,0,0,0,0,0,99.465,0,0,0,"",0
"2021-08-03","CRAM21","CRA","CRA","CRA",0,"2021-09-15",0,1,99.805,99.82,100,100,0,0,0,0,0,0,0,0,0,99.81,2691,0,0,"",0
"2021-08-03","CRAU21","CRA","CRA","CRA",0,"2021-12-15",0,1,99.8,99.815,100,101,0,0,0,0,0,0,0,0,0,99.8,602,0,0,"",0
"2021-08-03","CRAZ21","CRA","CRA","CRA",0,"2022-03-16",0,1,99.775,99.79,100,100,0,0,0,0,0,0,0,0,0,99.78,548,0,0,"",0
"2021-08-03","CRAH22","CRA","CRA","CRA",0,"2022-06-15",0,1,99.7,99.71,5,101,0,1,0,0.01,99.705,99.705,99.705,0,1,99.695,745,0,0,"",0
"2021-08-03","CRAM22","CRA","CRA","CRA",0,"2022-09-21",0,1,0,0,0,0,0,0,0,0,0,0,0,0,0,99.66,0,0,0,"",0
"2021-08-03","CRAU22","CRA","CRA","CRA",0,"2022-12-21",0,1,0,0,0,0,0,0,0,0,0,0,0,0,0,99.64,0,0,0,"",0
"2021-08-03","CRAZ22","CRA","CRA","CRA",0,"2023-03-15",0,1,0,0,0,0,0,0,0,0,0,0,0,0,0,99.62,0,0,0,"",0
"2021-08-03","CRAH23","CRA","CRA","CRA",0,"2023-06-21",0,1,0,0,0,0,0,0,0,0,0,0,0,0,0,99.59,0,0,0,"",0
"2021-08-03","CRAM23","CRA","CRA","CRA",0,"2023-09-20",0,1,0,0,0,0,0,0,0,0,0,0,0,0,0,99.56,0,0,0,"",0
"2021-08-03","CRAU23","CRA","CRA","CRA",0,"2023-12-20",0,1,0,0,0,0,0,0,0,0,0,0,0,0,0,99.53,0,0,0,"",0
"2021-08-03","CRAZ23","CRA","CRA","CRA",0,"2024-03-20",0,1,0,0,0,0,0,0,0,0,0,0,0,0,0,99.5,0,0,0,"",0
"2021-08-03","CRAH24","CRA","CRA","CRA",0,"2024-06-19",0,1,0,0,0,0,0,0,0,0,0,0,0,0,0,99.465,0,0,0,"",0
"2021-08-04","CRAM21","CRA","CRA","CRA",0,"2021-09-15",0,1,99.805,99.82,100,100,0,0,0,0,0,0,0,0,0,99.81,2691,0,0,"",0
"2021-08-04","CRAU21","CRA","CRA","CRA",0,"2021-12-15",0,1,99.8,99.815,100,100,0,0,0,0,0,0,0,0,0,99.8,602,0,0,"",0
"2021-08-04","CRAZ21","CRA","CRA","CRA",0,"2022-03-16",0,1,99.78,99.795,100,100,0,0,0,0,0,0,0,0,0,99.78,548,0,0,"",0
"2021-08-04","CRAH22","CRA","CRA","CRA",0,"2022-06-15",0,1,99.675,99.69,100,100,0,0,0,0,0,0,0,0,0,99.69,746,0,0,"",0
"2021-08-04","CRAM22","CRA","CRA","CRA",0,"2022-09-21",0,1,0,0,0,0,0,0,0,0,0,0,0,0,0,99.655,0,0,0,"",0
"2021-08-04","CRAU22","CRA","CRA","CRA",0,"2022-12-21",0,1,0,0,0,0,0,0,0,0,0,0,0,0,0,99.635,0,0,0,"",0
"2021-08-04","CRAZ22","CRA","CRA","CRA",0,"2023-03-15",0,1,0,0,0,0,0,0,0,0,0,0,0,0,0,99.615,0,0,0,"",0
"2021-08-04","CRAH23","CRA","CRA","CRA",0,"2023-06-21",0,1,0,0,0,0,0,0,0,0,0,0,0,0,0,99.585,0,0,0,"",0
"2021-08-04","CRAM23","CRA","CRA","CRA",0,"2023-09-20",0,1,0,0,0,0,0,0,0,0,0,0,0,0,0,99.555,0,0,0,"",0
"2021-08-04","CRAU23","CRA","CRA","CRA",0,"2023-12-20",0,1,0,0,0,0,0,0,0,0,0,0,0,0,0,99.525,0,0,0,"",0
"2021-08-04","CRAZ23","CRA","CRA","CRA",0,"2024-03-20",0,1,0,0,0,0,0,0,0,0,0,0,0,0,0,99.495,0,0,0,"",0
"2021-08-04","CRAH24","CRA","CRA","CRA",0,"2024-06-19",0,1,0,0,0,0,0,0,0,0,0,0,0,0,0,99.46,0,0,0,"",0
"2021-08-05","CRAM21","CRA","CRA","CRA",0,"2021-09-15",0,1,99.805,99.82,100,100,0,0,0,0,0,0,0,0,0,99.81,2691,0,0,"",0
"2021-08-05","CRAU21","CRA","CRA","CRA",0,"2021-12-15",0,1,99.8,99.815,100,100,0,0,0,0,0,0,0,0,0,99.8,602,0,0,"",0
"2021-08-05","CRAZ21","CRA","CRA","CRA",0,"2022-03-16",0,1,99.765,99.78,100,100,0,0,0,0,0,0,0,0,0,99.78,548,0,0,"",0
"2021-08-05","CRAH22","CRA","CRA","CRA",0,"2022-06-15",0,1,99.65,99.665,200,100,0,0,0,0,0,0,0,0,0,99.67,746,0,0,"",0
"2021-08-05","CRAM22","CRA","CRA","CRA",0,"2022-09-21",0,1,0,0,0,0,0,0,0,0,0,0,0,0,0,99.635,0,0,0,"",0
"2021-08-05","CRAU22","CRA","CRA","CRA",0,"2022-12-21",0,1,0,0,0,0,0,0,0,0,0,0,0,0,0,99.615,0,0,0,"",0
"2021-08-05","CRAZ22","CRA","CRA","CRA",0,"2023-03-15",0,1,0,0,0,0,0,0,0,0,0,0,0,0,0,99.595,0,0,0,"",0
"2021-08-05","CRAH23","CRA","CRA","CRA",0,"2023-06-21",0,1,0,0,0,0,0,0,0,0,0,0,0,0,0,99.565,0,0,0,"",0
"2021-08-05","CRAM23","CRA","CRA","CRA",0,"2023-09-20",0,1,0,0,0,0,0,0,0,0,0,0,0,0,0,99.535,0,0,0,"",0
"2021-08-05","CRAU23","CRA","CRA","CRA",0,"2023-12-20",0,1,0,0,0,0,0,0,0,0,0,0,0,0,0,99.505,0,0,0,"",0
"2021-08-05","CRAZ23","CRA","CRA","CRA",0,"2024-03-20",0,1,0,0,0,0,0,0,0,0,0,0,0,0,0,99.475,0,0,0,"",0
"2021-08-05","CRAH24","CRA","CRA","CRA",0,"2024-06-19",0,1,0,0,0,0,0,0,0,0,0,0,0,0,0,99.44,0,0,0,"",0
"2021-08-06","CRAM21","CRA","CRA","CRA",0,"2021-09-15",0,1,99.8,99.815,200,100,0,0,0,0,0,0,0,0,0,99.81,2691,0,0,"",0
"2021-08-06","CRAU21","CRA","CRA","CRA",0,"2021-12-15",0,1,99.805,99.82,100,100,0,0,0,0,0,0,0,0,0,99.805,602,0,0,"",0
"2021-08-06","CRAZ21","CRA","CRA","CRA",0,"2022-03-16",0,1,99.775,99.785,100,100,0,0,0,0,0,0,0,0,0,99.785,548,0,0,"",0
"2021-08-06","CRAH22","CRA","CRA","CRA",0,"2022-06-15",0,1,99.655,99.67,100,100,0,0,0,0,0,0,0,0,0,99.665,745,0,0,"",0
"2021-08-06","CRAM22","CRA","CRA","CRA",0,"2022-09-21",0,1,0,0,0,0,0,0,0,0,0,0,0,0,0,99.63,0,0,0,"",0
"2021-08-06","CRAU22","CRA","CRA","CRA",0,"2022-12-21",0,1,0,0,0,0,0,0,0,0,0,0,0,0,0,99.61,0,0,0,"",0
"2021-08-06","CRAZ22","CRA","CRA","CRA",0,"2023-03-15",0,1,0,0,0,0,0,0,0,0,0,0,0,0,0,99.59,0,0,0,"",0
"2021-08-06","CRAH23","CRA","CRA","CRA",0,"2023-06-21",0,1,0,0,0,0,0,0,0,0,0,0,0,0,0,99.56,0,0,0,"",0
"2021-08-06","CRAM23","CRA","CRA","CRA",0,"2023-09-20",0,1,0,0,0,0,0,0,0,0,0,0,0,0,0,99.53,0,0,0,"",0
"2021-08-06","CRAU23","CRA","CRA","CRA",0,"2023-12-20",0,1,0,0,0,0,0,0,0,0,0,0,0,0,0,99.5,0,0,0,"",0
"2021-08-06","CRAZ23","CRA","CRA","CRA",0,"2024-03-20",0,1,0,0,0,0,0,0,0,0,0,0,0,0,0,99.47,0,0,0,"",0
"2021-08-06","CRAH24","CRA","CRA","CRA",0,"2024-06-19",0,1,0,0,0,0,0,0,0,0,0,0,0,0,0,99.435,0,0,0,"",0
"2021-08-09","CRAM21","CRA","CRA","CRA",0,"2021-09-15",0,1,99.805,99.81,200,500,0,5,0,-0.005,99.805,99.805,99.805,0,1,99.81,2691,0,0,"",0
"2021-08-09","CRAU21","CRA","CRA","CRA",0,"2021-12-15",0,1,99.795,99.805,100,99,0,101,0,0,99.805,99.805,99.805,0,2,99.805,602,0,0,"",0
"2021-08-09","CRAZ21","CRA","CRA","CRA",0,"2022-03-16",0,1,99.77,99.785,100,280,0,0,0,0,0,0,0,0,0,99.785,548,0,0,"",0
"2021-08-09","CRAH22","CRA","CRA","CRA",0,"2022-06-15",0,1,99.655,99.67,100,200,0,0,0,0,0,0,0,0,0,99.665,745,0,0,"",0
"2021-08-09","CRAM22","CRA","CRA","CRA",0,"2022-09-21",0,1,0,0,0,0,0,0,0,0,0,0,0,0,0,99.63,0,0,0,"",0
"2021-08-09","CRAU22","CRA","CRA","CRA",0,"2022-12-21",0,1,0,0,0,0,0,0,0,0,0,0,0,0,0,99.61,0,0,0,"",0
"2021-08-09","CRAZ22","CRA","CRA","CRA",0,"2023-03-15",0,1,0,0,0,0,0,0,0,0,0,0,0,0,0,99.59,0,0,0,"",0
"2021-08-09","CRAH23","CRA","CRA","CRA",0,"2023-06-21",0,1,0,0,0,0,0,0,0,0,0,0,0,0,0,99.56,0,0,0,"",0
"2021-08-09","CRAM23","CRA","CRA","CRA",0,"2023-09-20",0,1,0,0,0,0,0,0,0,0,0,0,0,0,0,99.53,0,0,0,"",0
"2021-08-09","CRAU23","CRA","CRA","CRA",0,"2023-12-20",0,1,0,0,0,0,0,0,0,0,0,0,0,0,0,99.5,0,0,0,"",0
"2021-08-09","CRAZ23","CRA","CRA","CRA",0,"2024-03-20",0,1,0,0,0,0,0,0,0,0,0,0,0,0,0,99.47,0,0,0,"",0
"2021-08-09","CRAH24","CRA","CRA","CRA",0,"2024-06-19",0,1,0,0,0,0,0,0,0,0,0,0,0,0,0,99.435,0,0,0,"",0
"2021-08-10","CRAM21","CRA","CRA","CRA",0,"2021-09-15",0,1,99.805,99.81,200,500,0,0,0,0,0,0,0,0,0,99.81,2691,0,0,"",0
"2021-08-10","CRAU21","CRA","CRA","CRA",0,"2021-12-15",0,1,99.795,99.81,100,198,0,0,0,0,0,0,0,0,0,99.805,602,0,0,"",0
"2021-08-10","CRAZ21","CRA","CRA","CRA",0,"2022-03-16",0,1,99.775,99.79,100,200,0,0,0,0,0,0,0,0,0,99.785,548,0,0,"",0
"2021-08-10","CRAH22","CRA","CRA","CRA",0,"2022-06-15",0,1,99.645,99.66,100,100,0,0,0,0,0,0,0,0,0,99.66,745,0,0,"",0
"2021-08-10","CRAM22","CRA","CRA","CRA",0,"2022-09-21",0,1,0,0,0,0,0,0,0,0,0,0,0,0,0,99.625,0,0,0,"",0
"2021-08-10","CRAU22","CRA","CRA","CRA",0,"2022-12-21",0,1,0,0,0,0,0,0,0,0,0,0,0,0,0,99.605,0,0,0,"",0
"2021-08-10","CRAZ22","CRA","CRA","CRA",0,"2023-03-15",0,1,0,0,0,0,0,0,0,0,0,0,0,0,0,99.585,0,0,0,"",0
"2021-08-10","CRAH23","CRA","CRA","CRA",0,"2023-06-21",0,1,0,0,0,0,0,0,0,0,0,0,0,0,0,99.555,0,0,0,"",0
"2021-08-10","CRAM23","CRA","CRA","CRA",0,"2023-09-20",0,1,0,0,0,0,0,0,0,0,0,0,0,0,0,99.525,0,0,0,"",0
"2021-08-10","CRAU23","CRA","CRA","CRA",0,"2023-12-20",0,1,0,0,0,0,0,0,0,0,0,0,0,0,0,99.495,0,0,0,"",0
"2021-08-10","CRAZ23","CRA","CRA","CRA",0,"2024-03-20",0,1,0,0,0,0,0,0,0,0,0,0,0,0,0,99.465,0,0,0,"",0
"2021-08-10","CRAH24","CRA","CRA","CRA",0,"2024-06-19",0,1,0,0,0,0,0,0,0,0,0,0,0,0,0,99.43,0,0,0,"",0
"2021-08-11","CRAM21","CRA","CRA","CRA",0,"2021-09-15",0,1,99.805,99.81,200,500,0,0,0,0,0,0,0,0,0,99.81,2686,0,0,"",0
"2021-08-11","CRAU21","CRA","CRA","CRA",0,"2021-12-15",0,1,99.795,99.81,100,100,0,0,0,0,0,0,0,0,0,99.805,602,0,0,"",0
"2021-08-11","CRAZ21","CRA","CRA","CRA",0,"2022-03-16",0,1,99.775,99.79,100,200,0,0,0,0,0,0,0,0,0,99.785,548,0,0,"",0
"2021-08-11","CRAH22","CRA","CRA","CRA",0,"2022-06-15",0,1,99.655,99.67,100,100,0,0,0,0,0,0,0,0,0,99.66,745,0,0,"",0
"2021-08-11","CRAM22","CRA","CRA","CRA",0,"2022-09-21",0,1,0,0,0,0,0,0,0,0,0,0,0,0,0,99.625,0,0,0,"",0
"2021-08-11","CRAU22","CRA","CRA","CRA",0,"2022-12-21",0,1,0,0,0,0,0,0,0,0,0,0,0,0,0,99.605,0,0,0,"",0
"2021-08-11","CRAZ22","CRA","CRA","CRA",0,"2023-03-15",0,1,0,0,0,0,0,0,0,0,0,0,0,0,0,99.585,0,0,0,"",0
"2021-08-11","CRAH23","CRA","CRA","CRA",0,"2023-06-21",0,1,0,0,0,0,0,0,0,0,0,0,0,0,0,99.555,0,0,0,"",0
"2021-08-11","CRAM23","CRA","CRA","CRA",0,"2023-09-20",0,1,0,0,0,0,0,0,0,0,0,0,0,0,0,99.525,0,0,0,"",0
"2021-08-11","CRAU23","CRA","CRA","CRA",0,"2023-12-20",0,1,0,0,0,0,0,0,0,0,0,0,0,0,0,99.495,0,0,0,"",0
"2021-08-11","CRAZ23","CRA","CRA","CRA",0,"2024-03-20",0,1,0,0,0,0,0,0,0,0,0,0,0,0,0,99.465,0,0,0,"",0
"2021-08-11","CRAH24","CRA","CRA","CRA",0,"2024-06-19",0,1,0,0,0,0,0,0,0,0,0,0,0,0,0,99.43,0,0,0,"",0
"2021-08-12","CRAM21","CRA","CRA","CRA",0,"2021-09-15",0,1,99.805,99.815,200,500,0,0,0,0,0,0,0,0,0,99.81,2686,0,0,"",0
"2021-08-12","CRAU21","CRA","CRA","CRA",0,"2021-12-15",0,1,99.79,99.805,100,100,0,0,0,0,0,0,0,0,0,99.805,602,0,0,"",0
"2021-08-12","CRAZ21","CRA","CRA","CRA",0,"2022-03-16",0,1,99.775,99.79,100,200,0,0,0,0,0,0,0,0,0,99.785,548,0,0,"",0
"2021-08-12","CRAH22","CRA","CRA","CRA",0,"2022-06-15",0,1,99.66,99.67,100,100,0,0,0,0,0,0,0,0,0,99.66,745,0,0,"",0
"2021-08-12","CRAM22","CRA","CRA","CRA",0,"2022-09-21",0,1,0,0,0,0,0,0,0,0,0,0,0,0,0,99.625,0,0,0,"",0
"2021-08-12","CRAU22","CRA","CRA","CRA",0,"2022-12-21",0,1,0,0,0,0,0,0,0,0,0,0,0,0,0,99.605,0,0,0,"",0
"2021-08-12","CRAZ22","CRA","CRA","CRA",0,"2023-03-15",0,1,0,0,0,0,0,0,0,0,0,0,0,0,0,99.585,0,0,0,"",0
"2021-08-12","CRAH23","CRA","CRA","CRA",0,"2023-06-21",0,1,0,0,0,0,0,0,0,0,0,0,0,0,0,99.555,0,0,0,"",0
"2021-08-12","CRAM23","CRA","CRA","CRA",0,"2023-09-20",0,1,0,0,0,0,0,0,0,0,0,0,0,0,0,99.525,0,0,0,"",0
"2021-08-12","CRAU23","CRA","CRA","CRA",0,"2023-12-20",0,1,0,0,0,0,0,0,0,0,0,0,0,0,0,99.495,0,0,0,"",0
"2021-08-12","CRAZ23","CRA","CRA","CRA",0,"2024-03-20",0,1,0,0,0,0,0,0,0,0,0,0,0,0,0,99.465,0,0,0,"",0
"2021-08-12","CRAH24","CRA","CRA","CRA",0,"2024-06-19",0,1,0,0,0,0,0,0,0,0,0,0,0,0,0,99.43,0,0,0,"",0
"2021-08-13","CRAM21","CRA","CRA","CRA",0,"2021-09-15",0,1,99.805,99.82,300,200,0,0,0,0,0,0,0,0,0,99.81,2686,0,0,"",0
"2021-08-13","CRAU21","CRA","CRA","CRA",0,"2021-12-15",0,1,99.795,99.81,200,200,0,0,0,0,0,0,0,0,0,99.805,602,0,0,"",0
"2021-08-13","CRAZ21","CRA","CRA","CRA",0,"2022-03-16",0,1,99.775,99.79,200,399,0,0,0,0,0,0,0,0,0,99.785,548,0,0,"",0
"2021-08-13","CRAH22","CRA","CRA","CRA",0,"2022-06-15",0,1,99.67,99.68,400,20,0,200,0,0.01,99.67,99.67,99.67,0,2,99.67,745,0,0,"",0
"2021-08-13","CRAM22","CRA","CRA","CRA",0,"2022-09-21",0,1,0,0,0,0,0,0,0,0,0,0,0,0,0,99.635,0,0,0,"",0
"2021-08-13","CRAU22","CRA","CRA","CRA",0,"2022-12-21",0,1,0,0,0,0,0,0,0,0,0,0,0,0,0,99.615,0,0,0,"",0
"2021-08-13","CRAZ22","CRA","CRA","CRA",0,"2023-03-15",0,1,0,0,0,0,0,0,0,0,0,0,0,0,0,99.595,0,0,0,"",0
"2021-08-13","CRAH23","CRA","CRA","CRA",0,"2023-06-21",0,1,0,0,0,0,0,0,0,0,0,0,0,0,0,99.565,0,0,0,"",0
"2021-08-13","CRAM23","CRA","CRA","CRA",0,"2023-09-20",0,1,0,0,0,0,0,0,0,0,0,0,0,0,0,99.535,0,0,0,"",0
"2021-08-13","CRAU23","CRA","CRA","CRA",0,"2023-12-20",0,1,0,0,0,0,0,0,0,0,0,0,0,0,0,99.505,0,0,0,"",0
"2021-08-13","CRAZ23","CRA","CRA","CRA",0,"2024-03-20",0,1,0,0,0,0,0,0,0,0,0,0,0,0,0,99.475,0,0,0,"",0
"2021-08-13","CRAH24","CRA","CRA","CRA",0,"2024-06-19",0,1,0,0,0,0,0,0,0,0,0,0,0,0,0,99.44,0,0,0,"",0
"2021-08-16","CRAM21","CRA","CRA","CRA",0,"2021-09-15",0,1,99.805,99.81,200,100,0,0,0,0,0,0,0,0,0,99.81,2686,0,0,"",0
"2021-08-16","CRAU21","CRA","CRA","CRA",0,"2021-12-15",0,1,99.795,99.81,100,100,0,0,0,0,0,0,0,0,0,99.805,602,0,0,"",0
"2021-08-16","CRAZ21","CRA","CRA","CRA",0,"2022-03-16",0,1,99.77,99.785,100,200,0,0,0,0,0,0,0,0,0,99.785,548,0,0,"",0
"2021-08-16","CRAH22","CRA","CRA","CRA",0,"2022-06-15",0,1,99.67,99.685,100,120,0,0,0,0,0,0,0,0,0,99.675,694,0,0,"",0
"2021-08-16","CRAM22","CRA","CRA","CRA",0,"2022-09-21",0,1,0,0,0,0,0,0,0,0,0,0,0,0,0,99.64,0,0,0,"",0
"2021-08-16","CRAU22","CRA","CRA","CRA",0,"2022-12-21",0,1,0,0,0,0,0,0,0,0,0,0,0,0,0,99.62,0,0,0,"",0
"2021-08-16","CRAZ22","CRA","CRA","CRA",0,"2023-03-15",0,1,0,0,0,0,0,0,0,0,0,0,0,0,0,99.6,0,0,0,"",0
"2021-08-16","CRAH23","CRA","CRA","CRA",0,"2023-06-21",0,1,0,0,0,0,0,0,0,0,0,0,0,0,0,99.57,0,0,0,"",0
"2021-08-16","CRAM23","CRA","CRA","CRA",0,"2023-09-20",0,1,0,0,0,0,0,0,0,0,0,0,0,0,0,99.54,0,0,0,"",0
"2021-08-16","CRAU23","CRA","CRA","CRA",0,"2023-12-20",0,1,0,0,0,0,0,0,0,0,0,0,0,0,0,99.51,0,0,0,"",0
"2021-08-16","CRAZ23","CRA","CRA","CRA",0,"2024-03-20",0,1,0,0,0,0,0,0,0,0,0,0,0,0,0,99.48,0,0,0,"",0
"2021-08-16","CRAH24","CRA","CRA","CRA",0,"2024-06-19",0,1,0,0,0,0,0,0,0,0,0,0,0,0,0,99.445,0,0,0,"",0
"2021-08-17","CRAM21","CRA","CRA","CRA",0,"2021-09-15",0,1,99.805,99.81,200,100,0,0,0,0,0,0,0,0,0,99.81,2686,0,0,"",0
"2021-08-17","CRAU21","CRA","CRA","CRA",0,"2021-12-15",0,1,99.795,99.8,100,1,0,1,0,0,99.805,99.805,99.805,0,1,99.805,602,0,0,"",0
"2021-08-17","CRAZ21","CRA","CRA","CRA",0,"2022-03-16",0,1,99.78,99.79,100,1,0,0,0,0,0,0,0,0,0,99.785,548,0,0,"",0
"2021-08-17","CRAH22","CRA","CRA","CRA",0,"2022-06-15",0,1,99.675,99.68,1,1,0,0,0,0,0,0,0,0,0,99.675,594,0,0,"",0
"2021-08-17","CRAM22","CRA","CRA","CRA",0,"2022-09-21",0,1,0,0,0,0,0,0,0,0,0,0,0,0,0,99.64,0,0,0,"",0
"2021-08-17","CRAU22","CRA","CRA","CRA",0,"2022-12-21",0,1,0,0,0,0,0,0,0,0,0,0,0,0,0,99.62,0,0,0,"",0
"2021-08-17","CRAZ22","CRA","CRA","CRA",0,"2023-03-15",0,1,0,0,0,0,0,0,0,0,0,0,0,0,0,99.6,0,0,0,"",0
"2021-08-17","CRAH23","CRA","CRA","CRA",0,"2023-06-21",0,1,0,0,0,0,0,0,0,0,0,0,0,0,0,99.57,0,0,0,"",0
"2021-08-17","CRAM23","CRA","CRA","CRA",0,"2023-09-20",0,1,0,0,0,0,0,0,0,0,0,0,0,0,0,99.54,0,0,0,"",0
"2021-08-17","CRAU23","CRA","CRA","CRA",0,"2023-12-20",0,1,0,0,0,0,0,0,0,0,0,0,0,0,0,99.51,0,0,0,"",0
"2021-08-17","CRAZ23","CRA","CRA","CRA",0,"2024-03-20",0,1,0,0,0,0,0,0,0,0,0,0,0,0,0,99.48,0,0,0,"",0
"2021-08-17","CRAH24","CRA","CRA","CRA",0,"2024-06-19",0,1,0,0,0,0,0,0,0,0,0,0,0,0,0,99.445,0,0,0,"",0
"2021-08-18","CRAM21","CRA","CRA","CRA",0,"2021-09-15",0,1,99.805,99.81,200,100,0,0,0,0,0,0,0,0,0,99.81,2686,0,0,"",0
"2021-08-18","CRAU21","CRA","CRA","CRA",0,"2021-12-15",0,1,99.79,99.8,100,1,0,0,0,0,0,0,0,0,0,99.805,603,0,0,"",0
"2021-08-18","CRAZ21","CRA","CRA","CRA",0,"2022-03-16",0,1,99.77,99.785,100,200,0,0,0,0,0,0,0,0,0,99.785,548,0,0,"",0
"2021-08-18","CRAH22","CRA","CRA","CRA",0,"2022-06-15",0,1,99.665,99.675,100,20,0,0,0,0,0,0,0,0,0,99.675,594,0,0,"",0
"2021-08-18","CRAM22","CRA","CRA","CRA",0,"2022-09-21",0,1,0,0,0,0,0,0,0,0,0,0,0,0,0,99.64,0,0,0,"",0
"2021-08-18","CRAU22","CRA","CRA","CRA",0,"2022-12-21",0,1,0,0,0,0,0,0,0,0,0,0,0,0,0,99.62,0,0,0,"",0
"2021-08-18","CRAZ22","CRA","CRA","CRA",0,"2023-03-15",0,1,0,0,0,0,0,0,0,0,0,0,0,0,0,99.6,0,0,0,"",0
"2021-08-18","CRAH23","CRA","CRA","CRA",0,"2023-06-21",0,1,0,0,0,0,0,0,0,0,0,0,0,0,0,99.57,0,0,0,"",0
"2021-08-18","CRAM23","CRA","CRA","CRA",0,"2023-09-20",0,1,0,0,0,0,0,0,0,0,0,0,0,0,0,99.54,0,0,0,"",0
"2021-08-18","CRAU23","CRA","CRA","CRA",0,"2023-12-20",0,1,0,0,0,0,0,0,0,0,0,0,0,0,0,99.51,0,0,0,"",0
"2021-08-18","CRAZ23","CRA","CRA","CRA",0,"2024-03-20",0,1,0,0,0,0,0,0,0,0,0,0,0,0,0,99.48,0,0,0,"",0
"2021-08-18","CRAH24","CRA","CRA","CRA",0,"2024-06-19",0,1,0,0,0,0,0,0,0,0,0,0,0,0,0,99.445,0,0,0,"",0
"2021-08-19","CRAM21","CRA","CRA","CRA",0,"2021-09-15",0,1,99.805,99.81,200,100,0,0,0,0,0,0,0,0,0,99.81,2686,0,0,"",0
"2021-08-19","CRAU21","CRA","CRA","CRA",0,"2021-12-15",0,1,99.79,99.8,100,101,0,0,0,0,0,0,0,0,0,99.8,603,0,0,"",0
"2021-08-19","CRAZ21","CRA","CRA","CRA",0,"2022-03-16",0,1,99.77,99.78,10,100,0,100,0,-0.005,99.78,99.78,99.78,0,1,99.78,548,0,0,"",0
"2021-08-19","CRAH22","CRA","CRA","CRA",0,"2022-06-15",0,1,99.675,99.685,200,20,0,120,0,0,99.675,99.675,99.675,0,2,99.675,594,0,0,"",0
"2021-08-19","CRAM22","CRA","CRA","CRA",0,"2022-09-21",0,1,0,0,0,0,0,0,0,0,0,0,0,0,0,99.64,0,0,0,"",0
"2021-08-19","CRAU22","CRA","CRA","CRA",0,"2022-12-21",0,1,0,0,0,0,0,0,0,0,0,0,0,0,0,99.62,0,0,0,"",0
"2021-08-19","CRAZ22","CRA","CRA","CRA",0,"2023-03-15",0,1,0,0,0,0,0,0,0,0,0,0,0,0,0,99.6,0,0,0,"",0
"2021-08-19","CRAH23","CRA","CRA","CRA",0,"2023-06-21",0,1,0,0,0,0,0,0,0,0,0,0,0,0,0,99.57,0,0,0,"",0
"2021-08-19","CRAM23","CRA","CRA","CRA",0,"2023-09-20",0,1,0,0,0,0,0,0,0,0,0,0,0,0,0,99.54,0,0,0,"",0
"2021-08-19","CRAU23","CRA","CRA","CRA",0,"2023-12-20",0,1,0,0,0,0,0,0,0,0,0,0,0,0,0,99.51,0,0,0,"",0
"2021-08-19","CRAZ23","CRA","CRA","CRA",0,"2024-03-20",0,1,0,0,0,0,0,0,0,0,0,0,0,0,0,99.48,0,0,0,"",0
"2021-08-19","CRAH24","CRA","CRA","CRA",0,"2024-06-19",0,1,0,0,0,0,0,0,0,0,0,0,0,0,0,99.445,0,0,0,"",0
"2021-08-20","CRAM21","CRA","CRA","CRA",0,"2021-09-15",0,1,99.805,99.82,300,200,0,0,0,0,0,0,0,0,0,99.81,2686,0,0,"",0
"2021-08-20","CRAU21","CRA","CRA","CRA",0,"2021-12-15",0,1,99.785,99.8,100,1,0,0,0,0,0,0,0,0,0,99.8,603,0,0,"",0
"2021-08-20","CRAZ21","CRA","CRA","CRA",0,"2022-03-16",0,1,99.775,99.79,200,200,0,0,0,0,0,0,0,0,0,99.78,548,0,0,"",0
"2021-08-20","CRAH22","CRA","CRA","CRA",0,"2022-06-15",0,1,99.68,99.695,101,101,0,20,0,0.01,99.685,99.685,99.685,0,1,99.675,494,0,0,"",0
"2021-08-20","CRAM22","CRA","CRA","CRA",0,"2022-09-21",0,1,0,0,0,0,0,0,0,0,0,0,0,0,0,99.64,0,0,0,"",0
"2021-08-20","CRAU22","CRA","CRA","CRA",0,"2022-12-21",0,1,0,0,0,0,0,0,0,0,0,0,0,0,0,99.62,0,0,0,"",0
"2021-08-20","CRAZ22","CRA","CRA","CRA",0,"2023-03-15",0,1,0,0,0,0,0,0,0,0,0,0,0,0,0,99.6,0,0,0,"",0
"2021-08-20","CRAH23","CRA","CRA","CRA",0,"2023-06-21",0,1,0,0,0,0,0,0,0,0,0,0,0,0,0,99.57,0,0,0,"",0
"2021-08-20","CRAM23","CRA","CRA","CRA",0,"2023-09-20",0,1,0,0,0,0,0,0,0,0,0,0,0,0,0,99.54,0,0,0,"",0
"2021-08-20","CRAU23","CRA","CRA","CRA",0,"2023-12-20",0,1,0,0,0,0,0,0,0,0,0,0,0,0,0,99.51,0,0,0,"",0
"2021-08-20","CRAZ23","CRA","CRA","CRA",0,"2024-03-20",0,1,0,0,0,0,0,0,0,0,0,0,0,0,0,99.48,0,0,0,"",0
"2021-08-20","CRAH24","CRA","CRA","CRA",0,"2024-06-19",0,1,0,0,0,0,0,0,0,0,0,0,0,0,0,99.445,0,0,0,"",0
"2021-08-23","CRAM21","CRA","CRA","CRA",0,"2021-09-15",0,1,99.805,99.81,200,300,0,0,0,0,0,0,0,0,0,99.81,2686,0,0,"",0
"2021-08-23","CRAU21","CRA","CRA","CRA",0,"2021-12-15",0,1,99.79,99.8,200,1,0,0,0,0,0,0,0,0,0,99.8,603,0,0,"",0
"2021-08-23","CRAZ21","CRA","CRA","CRA",0,"2022-03-16",0,1,99.775,99.785,200,100,0,0,0,0,0,0,0,0,0,99.78,548,0,0,"",0
"2021-08-23","CRAH22","CRA","CRA","CRA",0,"2022-06-15",0,1,99.67,99.685,101,6,0,0,0,0,0,0,0,0,0,99.675,474,0,0,"",0
"2021-08-23","CRAM22","CRA","CRA","CRA",0,"2022-09-21",0,1,0,0,0,0,0,0,0,0,0,0,0,0,0,99.64,0,0,0,"",0
"2021-08-23","CRAU22","CRA","CRA","CRA",0,"2022-12-21",0,1,0,0,0,0,0,0,0,0,0,0,0,0,0,99.62,0,0,0,"",0
"2021-08-23","CRAZ22","CRA","CRA","CRA",0,"2023-03-15",0,1,0,0,0,0,0,0,0,0,0,0,0,0,0,99.6,0,0,0,"",0
"2021-08-23","CRAH23","CRA","CRA","CRA",0,"2023-06-21",0,1,0,0,0,0,0,0,0,0,0,0,0,0,0,99.57,0,0,0,"",0
"2021-08-23","CRAM23","CRA","CRA","CRA",0,"2023-09-20",0,1,0,0,0,0,0,0,0,0,0,0,0,0,0,99.54,0,0,0,"",0
"2021-08-23","CRAU23","CRA","CRA","CRA",0,"2023-12-20",0,1,0,0,0,0,0,0,0,0,0,0,0,0,0,99.51,0,0,0,"",0
"2021-08-23","CRAZ23","CRA","CRA","CRA",0,"2024-03-20",0,1,0,0,0,0,0,0,0,0,0,0,0,0,0,99.48,0,0,0,"",0
"2021-08-23","CRAH24","CRA","CRA","CRA",0,"2024-06-19",0,1,0,0,0,0,0,0,0,0,0,0,0,0,0,99.445,0,0,0,"",0
"2021-08-24","CRAM21","CRA","CRA","CRA",0,"2021-09-15",0,1,99.805,99.81,200,685,0,1300,0,0,99.81,99.81,99.81,0,9,99.81,2686,0,0,"",0
"2021-08-24","CRAU21","CRA","CRA","CRA",0,"2021-12-15",0,1,0,99.805,0,1,0,0,0,0,0,0,0,0,0,99.8,603,0,0,"",0
"2021-08-24","CRAZ21","CRA","CRA","CRA",0,"2022-03-16",0,1,0,99.775,0,5,0,100,0,-0.005,99.775,99.775,99.775,0,1,99.78,548,0,0,"",0
"2021-08-24","CRAH22","CRA","CRA","CRA",0,"2022-06-15",0,1,0,99.71,0,1,0,0,0,0,0,0,0,0,0,99.68,454,0,0,"",0
"2021-08-24","CRAM22","CRA","CRA","CRA",0,"2022-09-21",0,1,0,0,0,0,0,0,0,0,0,0,0,0,0,99.645,0,0,0,"",0
"2021-08-24","CRAU22","CRA","CRA","CRA",0,"2022-12-21",0,1,0,0,0,0,0,0,0,0,0,0,0,0,0,99.625,0,0,0,"",0
"2021-08-24","CRAZ22","CRA","CRA","CRA",0,"2023-03-15",0,1,0,0,0,0,0,0,0,0,0,0,0,0,0,99.605,0,0,0,"",0
"2021-08-24","CRAH23","CRA","CRA","CRA",0,"2023-06-21",0,1,0,0,0,0,0,0,0,0,0,0,0,0,0,99.575,0,0,0,"",0
"2021-08-24","CRAM23","CRA","CRA","CRA",0,"2023-09-20",0,1,0,0,0,0,0,0,0,0,0,0,0,0,0,99.545,0,0,0,"",0
"2021-08-24","CRAU23","CRA","CRA","CRA",0,"2023-12-20",0,1,0,0,0,0,0,0,0,0,0,0,0,0,0,99.515,0,0,0,"",0
"2021-08-24","CRAZ23","CRA","CRA","CRA",0,"2024-03-20",0,1,0,0,0,0,0,0,0,0,0,0,0,0,0,99.485,0,0,0,"",0
"2021-08-24","CRAH24","CRA","CRA","CRA",0,"2024-06-19",0,1,0,0,0,0,0,0,0,0,0,0,0,0,0,99.45,0,0,0,"",0
"2021-08-25","CRAM21","CRA","CRA","CRA",0,"2021-09-15",0,1,99.81,99.82,44,200,0,50,0,0,99.81,99.81,99.81,0,2,99.81,3300,0,0,"",0
"2021-08-25","CRAU21","CRA","CRA","CRA",0,"2021-12-15",0,1,0,0,0,0,0,0,0,0,0,0,0,0,0,99.8,603,0,0,"",0
"2021-08-25","CRAZ21","CRA","CRA","CRA",0,"2022-03-16",0,1,0,99.78,0,100,0,0,0,0,0,0,0,0,0,99.775,548,0,0,"",0
"2021-08-25","CRAH22","CRA","CRA","CRA",0,"2022-06-15",0,1,0,99.71,0,1,0,0,0,0,0,0,0,0,0,99.675,454,0,0,"",0
"2021-08-25","CRAM22","CRA","CRA","CRA",0,"2022-09-21",0,1,0,0,0,0,0,0,0,0,0,0,0,0,0,99.64,0,0,0,"",0
"2021-08-25","CRAU22","CRA","CRA","CRA",0,"2022-12-21",0,1,0,0,0,0,0,0,0,0,0,0,0,0,0,99.62,0,0,0,"",0
"2021-08-25","CRAZ22","CRA","CRA","CRA",0,"2023-03-15",0,1,0,0,0,0,0,0,0,0,0,0,0,0,0,99.6,0,0,0,"",0
"2021-08-25","CRAH23","CRA","CRA","CRA",0,"2023-06-21",0,1,0,0,0,0,0,0,0,0,0,0,0,0,0,99.57,0,0,0,"",0
"2021-08-25","CRAM23","CRA","CRA","CRA",0,"2023-09-20",0,1,0,0,0,0,0,0,0,0,0,0,0,0,0,99.54,0,0,0,"",0
"2021-08-25","CRAU23","CRA","CRA","CRA",0,"2023-12-20",0,1,0,0,0,0,0,0,0,0,0,0,0,0,0,99.51,0,0,0,"",0
"2021-08-25","CRAZ23","CRA","CRA","CRA",0,"2024-03-20",0,1,0,0,0,0,0,0,0,0,0,0,0,0,0,99.48,0,0,0,"",0
"2021-08-25","CRAH24","CRA","CRA","CRA",0,"2024-06-19",0,1,0,0,0,0,0,0,0,0,0,0,0,0,0,99.445,0,0,0,"",0
"2021-08-26","CRAM21","CRA","CRA","CRA",0,"2021-09-15",0,1,99.805,99.81,200,450,0,100,0,0,99.81,99.81,99.81,0,4,99.81,2144,0,0,"",0
"2021-08-26","CRAU21","CRA","CRA","CRA",0,"2021-12-15",0,1,99.79,99.8,100,1,0,0,0,0,0,0,0,0,0,99.8,603,0,0,"",0
"2021-08-26","CRAZ21","CRA","CRA","CRA",0,"2022-03-16",0,1,99.755,99.765,100,1,0,0,0,0,0,0,0,0,0,99.77,548,0,0,"",0
"2021-08-26","CRAH22","CRA","CRA","CRA",0,"2022-06-15",0,1,0,99.71,0,1,0,0,0,0,0,0,0,0,0,99.675,454,0,0,"",0
"2021-08-26","CRAM22","CRA","CRA","CRA",0,"2022-09-21",0,1,0,0,0,0,0,0,0,0,0,0,0,0,0,99.64,0,0,0,"",0
"2021-08-26","CRAU22","CRA","CRA","CRA",0,"2022-12-21",0,1,0,0,0,0,0,0,0,0,0,0,0,0,0,99.62,0,0,0,"",0
"2021-08-26","CRAZ22","CRA","CRA","CRA",0,"2023-03-15",0,1,0,0,0,0,0,0,0,0,0,0,0,0,0,99.6,0,0,0,"",0
"2021-08-26","CRAH23","CRA","CRA","CRA",0,"2023-06-21",0,1,0,0,0,0,0,0,0,0,0,0,0,0,0,99.57,0,0,0,"",0
"2021-08-26","CRAM23","CRA","CRA","CRA",0,"2023-09-20",0,1,0,0,0,0,0,0,0,0,0,0,0,0,0,99.54,0,0,0,"",0
"2021-08-26","CRAU23","CRA","CRA","CRA",0,"2023-12-20",0,1,0,0,0,0,0,0,0,0,0,0,0,0,0,99.51,0,0,0,"",0
"2021-08-26","CRAZ23","CRA","CRA","CRA",0,"2024-03-20",0,1,0,0,0,0,0,0,0,0,0,0,0,0,0,99.48,0,0,0,"",0
"2021-08-26","CRAH24","CRA","CRA","CRA",0,"2024-06-19",0,1,0,0,0,0,0,0,0,0,0,0,0,0,0,99.445,0,0,0,"",0
"2021-08-27","CRAM21","CRA","CRA","CRA",0,"2021-09-15",0,1,99.805,99.815,200,100,0,50,0,0,99.81,99.81,99.81,0,1,99.81,2200,0,0,"",0
"2021-08-27","CRAU21","CRA","CRA","CRA",0,"2021-12-15",0,1,0,0,0,0,0,0,0,0,0,0,0,0,0,99.8,603,0,0,"",0
"2021-08-27","CRAZ21","CRA","CRA","CRA",0,"2022-03-16",0,1,0,99.78,0,100,0,0,0,0,0,0,0,0,0,99.77,548,0,0,"",0
"2021-08-27","CRAH22","CRA","CRA","CRA",0,"2022-06-15",0,1,0,99.71,0,1,0,0,0,0,0,0,0,0,0,99.675,454,0,0,"",0
"2021-08-27","CRAM22","CRA","CRA","CRA",0,"2022-09-21",0,1,0,0,0,0,0,0,0,0,0,0,0,0,0,99.64,0,0,0,"",0
"2021-08-27","CRAU22","CRA","CRA","CRA",0,"2022-12-21",0,1,0,0,0,0,0,0,0,0,0,0,0,0,0,99.62,0,0,0,"",0
"2021-08-27","CRAZ22","CRA","CRA","CRA",0,"2023-03-15",0,1,0,0,0,0,0,0,0,0,0,0,0,0,0,99.6,0,0,0,"",0
"2021-08-27","CRAH23","CRA","CRA","CRA",0,"2023-06-21",0,1,0,0,0,0,0,0,0,0,0,0,0,0,0,99.57,0,0,0,"",0
"2021-08-27","CRAM23","CRA","CRA","CRA",0,"2023-09-20",0,1,0,0,0,0,0,0,0,0,0,0,0,0,0,99.54,0,0,0,"",0
"2021-08-27","CRAU23","CRA","CRA","CRA",0,"2023-12-20",0,1,0,0,0,0,0,0,0,0,0,0,0,0,0,99.51,0,0,0,"",0
"2021-08-27","CRAZ23","CRA","CRA","CRA",0,"2024-03-20",0,1,0,0,0,0,0,0,0,0,0,0,0,0,0,99.48,0,0,0,"",0
"2021-08-27","CRAH24","CRA","CRA","CRA",0,"2024-06-19",0,1,0,0,0,0,0,0,0,0,0,0,0,0,0,99.445,0,0,0,"",0
"2021-08-30","CRAM21","CRA","CRA","CRA",0,"2021-09-15",0,1,99.805,99.81,1200,41,0,500,0,0,99.81,99.81,99.81,0,1,99.81,2150,0,0,"",0
"2021-08-30","CRAU21","CRA","CRA","CRA",0,"2021-12-15",0,1,0,0,0,0,0,0,0,0,0,0,0,0,0,99.8,603,0,0,"",0
"2021-08-30","CRAZ21","CRA","CRA","CRA",0,"2022-03-16",0,1,0,99.775,0,100,0,0,0,0,0,0,0,0,0,99.77,548,0,0,"",0
"2021-08-30","CRAH22","CRA","CRA","CRA",0,"2022-06-15",0,1,0,99.71,0,1,0,0,0,0,0,0,0,0,0,99.69,454,0,0,"",0
"2021-08-30","CRAM22","CRA","CRA","CRA",0,"2022-09-21",0,1,0,0,0,0,0,0,0,0,0,0,0,0,0,99.655,0,0,0,"",0
"2021-08-30","CRAU22","CRA","CRA","CRA",0,"2022-12-21",0,1,0,0,0,0,0,0,0,0,0,0,0,0,0,99.635,0,0,0,"",0
"2021-08-30","CRAZ22","CRA","CRA","CRA",0,"2023-03-15",0,1,0,0,0,0,0,0,0,0,0,0,0,0,0,99.615,0,0,0,"",0
"2021-08-30","CRAH23","CRA","CRA","CRA",0,"2023-06-21",0,1,0,0,0,0,0,0,0,0,0,0,0,0,0,99.585,0,0,0,"",0
"2021-08-30","CRAM23","CRA","CRA","CRA",0,"2023-09-20",0,1,0,0,0,0,0,0,0,0,0,0,0,0,0,99.555,0,0,0,"",0
"2021-08-30","CRAU23","CRA","CRA","CRA",0,"2023-12-20",0,1,0,0,0,0,0,0,0,0,0,0,0,0,0,99.525,0,0,0,"",0
"2021-08-30","CRAZ23","CRA","CRA","CRA",0,"2024-03-20",0,1,0,0,0,0,0,0,0,0,0,0,0,0,0,99.495,0,0,0,"",0
"2021-08-30","CRAH24","CRA","CRA","CRA",0,"2024-06-19",0,1,0,0,0,0,0,0,0,0,0,0,0,0,0,99.46,0,0,0,"",0
"2021-08-31","CRAM21","CRA","CRA","CRA",0,"2021-09-15",0,1,99.805,99.81,1100,6,0,0,0,0,0,0,0,0,0,99.81,2650,0,0,"",0
"2021-08-31","CRAU21","CRA","CRA","CRA",0,"2021-12-15",0,1,99.79,99.795,1,1,0,1,0,-0.01,99.79,99.79,99.79,0,1,99.8,603,0,0,"",0
"2021-08-31","CRAZ21","CRA","CRA","CRA",0,"2022-03-16",0,1,99.76,99.775,1,1,0,0,0,0,0,0,0,0,0,99.77,548,0,0,"",0
"2021-08-31","CRAH22","CRA","CRA","CRA",0,"2022-06-15",0,1,99.695,99.71,1,2,0,0,0,0,0,0,0,0,0,99.695,454,0,0,"",0
"2021-08-31","CRAM22","CRA","CRA","CRA",0,"2022-09-21",0,1,0,0,0,0,0,0,0,0,0,0,0,0,0,99.66,0,0,0,"",0
"2021-08-31","CRAU22","CRA","CRA","CRA",0,"2022-12-21",0,1,0,0,0,0,0,0,0,0,0,0,0,0,0,99.64,0,0,0,"",0
"2021-08-31","CRAZ22","CRA","CRA","CRA",0,"2023-03-15",0,1,0,0,0,0,0,0,0,0,0,0,0,0,0,99.62,0,0,0,"",0
"2021-08-31","CRAH23","CRA","CRA","CRA",0,"2023-06-21",0,1,0,0,0,0,0,0,0,0,0,0,0,0,0,99.59,0,0,0,"",0
"2021-08-31","CRAM23","CRA","CRA","CRA",0,"2023-09-20",0,1,0,0,0,0,0,0,0,0,0,0,0,0,0,99.56,0,0,0,"",0
"2021-08-31","CRAU23","CRA","CRA","CRA",0,"2023-12-20",0,1,0,0,0,0,0,0,0,0,0,0,0,0,0,99.53,0,0,0,"",0
"2021-08-31","CRAZ23","CRA","CRA","CRA",0,"2024-03-20",0,1,0,0,0,0,0,0,0,0,0,0,0,0,0,99.5,0,0,0,"",0
"2021-08-31","CRAH24","CRA","CRA","CRA",0,"2024-06-19",0,1,0,0,0,0,0,0,0,0,0,0,0,0,0,99.465,0,0,0,"",0
"2021-09-01","CRAM21","CRA","CRA","CRA",0,"2021-09-15",0,1,99.81,99.815,494,1000,0,6,0,0,99.81,99.81,99.81,0,1,99.81,2150,0,0,"",0
"2021-09-01","CRAU21","CRA","CRA","CRA",0,"2021-12-15",0,1,99.785,99.8,100,101,0,0,0,0,0,0,0,0,0,99.8,604,0,0,"",0
"2021-09-01","CRAZ21","CRA","CRA","CRA",0,"2022-03-16",0,1,99.765,99.78,300,100,0,0,0,0,0,0,0,0,0,99.77,548,0,0,"",0
"2021-09-01","CRAH22","CRA","CRA","CRA",0,"2022-06-15",0,1,99.695,99.71,100,101,0,0,0,0,0,0,0,0,0,99.695,454,0,0,"",0
"2021-09-01","CRAM22","CRA","CRA","CRA",0,"2022-09-21",0,1,0,0,0,0,0,0,0,0,0,0,0,0,0,99.66,0,0,0,"",0
"2021-09-01","CRAU22","CRA","CRA","CRA",0,"2022-12-21",0,1,0,0,0,0,0,0,0,0,0,0,0,0,0,99.64,0,0,0,"",0
"2021-09-01","CRAZ22","CRA","CRA","CRA",0,"2023-03-15",0,1,0,0,0,0,0,0,0,0,0,0,0,0,0,99.62,0,0,0,"",0
"2021-09-01","CRAH23","CRA","CRA","CRA",0,"2023-06-21",0,1,0,0,0,0,0,0,0,0,0,0,0,0,0,99.59,0,0,0,"",0
"2021-09-01","CRAM23","CRA","CRA","CRA",0,"2023-09-20",0,1,0,0,0,0,0,0,0,0,0,0,0,0,0,99.56,0,0,0,"",0
"2021-09-01","CRAU23","CRA","CRA","CRA",0,"2023-12-20",0,1,0,0,0,0,0,0,0,0,0,0,0,0,0,99.53,0,0,0,"",0
"2021-09-01","CRAZ23","CRA","CRA","CRA",0,"2024-03-20",0,1,0,0,0,0,0,0,0,0,0,0,0,0,0,99.5,0,0,0,"",0
"2021-09-01","CRAH24","CRA","CRA","CRA",0,"2024-06-19",0,1,0,0,0,0,0,0,0,0,0,0,0,0,0,99.465,0,0,0,"",0
"2021-09-02","CRAM21","CRA","CRA","CRA",0,"2021-09-15",0,1,99.81,99.815,550,1100,0,0,0,0,0,0,0,0,0,99.81,2150,0,0,"",0
"2021-09-02","CRAU21","CRA","CRA","CRA",0,"2021-12-15",0,1,99.8,99.81,50,100,0,200,0,0,99.8,99.8,99.8,0,2,99.8,604,0,0,"",0
"2021-09-02","CRAZ21","CRA","CRA","CRA",0,"2022-03-16",0,1,99.765,99.78,200,100,0,0,0,0,0,0,0,0,0,99.77,548,0,0,"",0
"2021-09-02","CRAH22","CRA","CRA","CRA",0,"2022-06-15",0,1,99.695,99.71,100,1,0,0,0,0,0,0,0,0,0,99.7,454,0,0,"",0
"2021-09-02","CRAM22","CRA","CRA","CRA",0,"2022-09-21",0,1,0,0,0,0,0,0,0,0,0,0,0,0,0,99.665,0,0,0,"",0
"2021-09-02","CRAU22","CRA","CRA","CRA",0,"2022-12-21",0,1,0,0,0,0,0,0,0,0,0,0,0,0,0,99.645,0,0,0,"",0
"2021-09-02","CRAZ22","CRA","CRA","CRA",0,"2023-03-15",0,1,0,0,0,0,0,0,0,0,0,0,0,0,0,99.625,0,0,0,"",0
"2021-09-02","CRAH23","CRA","CRA","CRA",0,"2023-06-21",0,1,0,0,0,0,0,0,0,0,0,0,0,0,0,99.595,0,0,0,"",0
"2021-09-02","CRAM23","CRA","CRA","CRA",0,"2023-09-20",0,1,0,0,0,0,0,0,0,0,0,0,0,0,0,99.565,0,0,0,"",0
"2021-09-02","CRAU23","CRA","CRA","CRA",0,"2023-12-20",0,1,0,0,0,0,0,0,0,0,0,0,0,0,0,99.535,0,0,0,"",0
"2021-09-02","CRAZ23","CRA","CRA","CRA",0,"2024-03-20",0,1,0,0,0,0,0,0,0,0,0,0,0,0,0,99.505,0,0,0,"",0
"2021-09-02","CRAH24","CRA","CRA","CRA",0,"2024-06-19",0,1,0,0,0,0,0,0,0,0,0,0,0,0,0,99.47,0,0,0,"",0
"2021-09-03","CRAM21","CRA","CRA","CRA",0,"2021-09-15",0,1,99.81,99.815,50,1100,0,0,0,0,0,0,0,0,0,99.81,2150,0,0,"",0
"2021-09-03","CRAU21","CRA","CRA","CRA",0,"2021-12-15",0,1,99.8,99.805,160,100,0,100,0,0,99.8,99.8,99.8,0,1,99.8,794,0,0,"",0
"2021-09-03","CRAZ21","CRA","CRA","CRA",0,"2022-03-16",0,1,99.77,99.785,100,200,0,0,0,0,0,0,0,0,0,99.77,548,0,0,"",0
"2021-09-03","CRAH22","CRA","CRA","CRA",0,"2022-06-15",0,1,99.715,99.73,100,100,0,202,0,0.015,99.71,99.715,99.71,0,4,99.715,454,0,0,"",0
"2021-09-03","CRAM22","CRA","CRA","CRA",0,"2022-09-21",0,1,0,0,0,0,0,0,0,0,0,0,0,0,0,99.68,0,0,0,"",0
"2021-09-03","CRAU22","CRA","CRA","CRA",0,"2022-12-21",0,1,0,0,0,0,0,0,0,0,0,0,0,0,0,99.66,0,0,0,"",0
"2021-09-03","CRAZ22","CRA","CRA","CRA",0,"2023-03-15",0,1,0,0,0,0,0,0,0,0,0,0,0,0,0,99.64,0,0,0,"",0
"2021-09-03","CRAH23","CRA","CRA","CRA",0,"2023-06-21",0,1,0,0,0,0,0,0,0,0,0,0,0,0,0,99.61,0,0,0,"",0
"2021-09-03","CRAM23","CRA","CRA","CRA",0,"2023-09-20",0,1,0,0,0,0,0,0,0,0,0,0,0,0,0,99.58,0,0,0,"",0
"2021-09-03","CRAU23","CRA","CRA","CRA",0,"2023-12-20",0,1,0,0,0,0,0,0,0,0,0,0,0,0,0,99.55,0,0,0,"",0
"2021-09-03","CRAZ23","CRA","CRA","CRA",0,"2024-03-20",0,1,0,0,0,0,0,0,0,0,0,0,0,0,0,99.52,0,0,0,"",0
"2021-09-03","CRAH24","CRA","CRA","CRA",0,"2024-06-19",0,1,0,0,0,0,0,0,0,0,0,0,0,0,0,99.485,0,0,0,"",0
"2021-09-07","CRAM21","CRA","CRA","CRA",0,"2021-09-15",0,1,99.81,99.815,50,1100,0,0,0,0,0,0,0,0,0,99.81,2150,0,0,"",0
"2021-09-07","CRAU21","CRA","CRA","CRA",0,"2021-12-15",0,1,99.8,0,100,0,0,0,0,0,0,0,0,0,0,99.8,894,0,0,"",0
"2021-09-07","CRAZ21","CRA","CRA","CRA",0,"2022-03-16",0,1,0,99.785,0,100,0,0,0,0,0,0,0,0,0,99.77,548,0,0,"",0
"2021-09-07","CRAH22","CRA","CRA","CRA",0,"2022-06-15",0,1,0,0,0,0,0,0,0,0,0,0,0,0,0,99.715,454,0,0,"",0
"2021-09-07","CRAM22","CRA","CRA","CRA",0,"2022-09-21",0,1,0,0,0,0,0,0,0,0,0,0,0,0,0,99.68,0,0,0,"",0
"2021-09-07","CRAU22","CRA","CRA","CRA",0,"2022-12-21",0,1,0,0,0,0,0,0,0,0,0,0,0,0,0,99.66,0,0,0,"",0
"2021-09-07","CRAZ22","CRA","CRA","CRA",0,"2023-03-15",0,1,0,0,0,0,0,0,0,0,0,0,0,0,0,99.64,0,0,0,"",0
"2021-09-07","CRAH23","CRA","CRA","CRA",0,"2023-06-21",0,1,0,0,0,0,0,0,0,0,0,0,0,0,0,99.61,0,0,0,"",0
"2021-09-07","CRAM23","CRA","CRA","CRA",0,"2023-09-20",0,1,0,0,0,0,0,0,0,0,0,0,0,0,0,99.58,0,0,0,"",0
"2021-09-07","CRAU23","CRA","CRA","CRA",0,"2023-12-20",0,1,0,0,0,0,0,0,0,0,0,0,0,0,0,99.55,0,0,0,"",0
"2021-09-07","CRAZ23","CRA","CRA","CRA",0,"2024-03-20",0,1,0,0,0,0,0,0,0,0,0,0,0,0,0,99.52,0,0,0,"",0
"2021-09-07","CRAH24","CRA","CRA","CRA",0,"2024-06-19",0,1,0,0,0,0,0,0,0,0,0,0,0,0,0,99.485,0,0,0,"",0
"2021-09-08","CRAM21","CRA","CRA","CRA",0,"2021-09-15",0,1,99.81,99.815,50,1100,0,0,0,0,0,0,0,0,0,99.81,2150,0,0,"",0
"2021-09-08","CRAU21","CRA","CRA","CRA",0,"2021-12-15",0,1,99.8,0,250,0,0,0,0,0,0,0,0,0,0,99.8,894,0,0,"",0
"2021-09-08","CRAZ21","CRA","CRA","CRA",0,"2022-03-16",0,1,99.775,99.79,100,200,0,0,0,0,0,0,0,0,0,99.775,548,0,0,"",0
"2021-09-08","CRAH22","CRA","CRA","CRA",0,"2022-06-15",0,1,0,0,0,0,0,0,0,0,0,0,0,0,0,99.73,352,0,0,"",0
"2021-09-08","CRAM22","CRA","CRA","CRA",0,"2022-09-21",0,1,0,0,0,0,0,0,0,0,0,0,0,0,0,99.695,0,0,0,"",0
"2021-09-08","CRAU22","CRA","CRA","CRA",0,"2022-12-21",0,1,0,0,0,0,0,0,0,0,0,0,0,0,0,99.675,0,0,0,"",0
"2021-09-08","CRAZ22","CRA","CRA","CRA",0,"2023-03-15",0,1,0,0,0,0,0,0,0,0,0,0,0,0,0,99.655,0,0,0,"",0
"2021-09-08","CRAH23","CRA","CRA","CRA",0,"2023-06-21",0,1,0,0,0,0,0,0,0,0,0,0,0,0,0,99.625,0,0,0,"",0
"2021-09-08","CRAM23","CRA","CRA","CRA",0,"2023-09-20",0,1,0,0,0,0,0,0,0,0,0,0,0,0,0,99.595,0,0,0,"",0
"2021-09-08","CRAU23","CRA","CRA","CRA",0,"2023-12-20",0,1,0,0,0,0,0,0,0,0,0,0,0,0,0,99.565,0,0,0,"",0
"2021-09-08","CRAZ23","CRA","CRA","CRA",0,"2024-03-20",0,1,0,0,0,0,0,0,0,0,0,0,0,0,0,99.535,0,0,0,"",0
"2021-09-08","CRAH24","CRA","CRA","CRA",0,"2024-06-19",0,1,0,0,0,0,0,0,0,0,0,0,0,0,0,99.5,0,0,0,"",0
"2021-09-09","CRAM21","CRA","CRA","CRA",0,"2021-09-15",0,1,99.81,99.815,50,1100,0,0,0,0,0,0,0,0,0,99.81,2150,0,0,"",0
"2021-09-09","CRAU21","CRA","CRA","CRA",0,"2021-12-15",0,1,99.8,99.81,200,50,0,0,0,0,0,0,0,0,0,99.8,894,0,0,"",0
"2021-09-09","CRAZ21","CRA","CRA","CRA",0,"2022-03-16",0,1,99.775,99.79,125,200,0,0,0,0,0,0,0,0,0,99.775,548,0,0,"",0
"2021-09-09","CRAH22","CRA","CRA","CRA",0,"2022-06-15",0,1,0,0,0,0,0,0,0,0,0,0,0,0,0,99.73,352,0,0,"",0
"2021-09-09","CRAM22","CRA","CRA","CRA",0,"2022-09-21",0,1,0,0,0,0,0,0,0,0,0,0,0,0,0,99.695,0,0,0,"",0
"2021-09-09","CRAU22","CRA","CRA","CRA",0,"2022-12-21",0,1,0,0,0,0,0,0,0,0,0,0,0,0,0,99.675,0,0,0,"",0
"2021-09-09","CRAZ22","CRA","CRA","CRA",0,"2023-03-15",0,1,0,0,0,0,0,0,0,0,0,0,0,0,0,99.655,0,0,0,"",0
"2021-09-09","CRAH23","CRA","CRA","CRA",0,"2023-06-21",0,1,0,0,0,0,0,0,0,0,0,0,0,0,0,99.625,0,0,0,"",0
"2021-09-09","CRAM23","CRA","CRA","CRA",0,"2023-09-20",0,1,0,0,0,0,0,0,0,0,0,0,0,0,0,99.595,0,0,0,"",0
"2021-09-09","CRAU23","CRA","CRA","CRA",0,"2023-12-20",0,1,0,0,0,0,0,0,0,0,0,0,0,0,0,99.565,0,0,0,"",0
"2021-09-09","CRAZ23","CRA","CRA","CRA",0,"2024-03-20",0,1,0,0,0,0,0,0,0,0,0,0,0,0,0,99.535,0,0,0,"",0
"2021-09-09","CRAH24","CRA","CRA","CRA",0,"2024-06-19",0,1,0,0,0,0,0,0,0,0,0,0,0,0,0,99.5,0,0,0,"",0
"2021-09-10","CRAM21","CRA","CRA","CRA",0,"2021-09-15",0,1,99.805,0,100,0,0,0,0,0,0,0,0,0,0,99.81,2150,0,0,"",0
"2021-09-10","CRAU21","CRA","CRA","CRA",0,"2021-12-15",0,1,0,0,0,0,0,0,0,0,0,0,0,0,0,99.805,894,0,0,"",0
"2021-09-10","CRAZ21","CRA","CRA","CRA",0,"2022-03-16",0,1,0,99.79,0,100,0,0,0,0,0,0,0,0,0,99.78,548,0,0,"",0
"2021-09-10","CRAH22","CRA","CRA","CRA",0,"2022-06-15",0,1,0,0,0,0,0,0,0,0,0,0,0,0,0,99.735,352,0,0,"",0
"2021-09-10","CRAM22","CRA","CRA","CRA",0,"2022-09-21",0,1,0,0,0,0,0,0,0,0,0,0,0,0,0,99.7,0,0,0,"",0
"2021-09-10","CRAU22","CRA","CRA","CRA",0,"2022-12-21",0,1,0,0,0,0,0,0,0,0,0,0,0,0,0,99.68,0,0,0,"",0
"2021-09-10","CRAZ22","CRA","CRA","CRA",0,"2023-03-15",0,1,0,0,0,0,0,0,0,0,0,0,0,0,0,99.66,0,0,0,"",0
"2021-09-10","CRAH23","CRA","CRA","CRA",0,"2023-06-21",0,1,0,0,0,0,0,0,0,0,0,0,0,0,0,99.63,0,0,0,"",0
"2021-09-10","CRAM23","CRA","CRA","CRA",0,"2023-09-20",0,1,0,0,0,0,0,0,0,0,0,0,0,0,0,99.6,0,0,0,"",0
"2021-09-10","CRAU23","CRA","CRA","CRA",0,"2023-12-20",0,1,0,0,0,0,0,0,0,0,0,0,0,0,0,99.57,0,0,0,"",0
"2021-09-10","CRAZ23","CRA","CRA","CRA",0,"2024-03-20",0,1,0,0,0,0,0,0,0,0,0,0,0,0,0,99.54,0,0,0,"",0
"2021-09-10","CRAH24","CRA","CRA","CRA",0,"2024-06-19",0,1,0,0,0,0,0,0,0,0,0,0,0,0,0,99.505,0,0,0,"",0
"2021-09-13","CRAM21","CRA","CRA","CRA",0,"2021-09-15",0,1,99.805,99.82,200,100,0,0,0,0,0,0,0,0,0,99.81,2150,0,0,"",0
"2021-09-13","CRAU21","CRA","CRA","CRA",0,"2021-12-15",0,1,99.805,99.815,100,350,0,0,0,0,0,0,0,0,0,99.805,894,0,0,"",0
"2021-09-13","CRAZ21","CRA","CRA","CRA",0,"2022-03-16",0,1,99.78,99.79,100,200,0,0,0,0,0,0,0,0,0,99.78,548,0,0,"",0
"2021-09-13","CRAH22","CRA","CRA","CRA",0,"2022-06-15",0,1,99.72,99.735,100,100,0,0,0,0,0,0,0,0,0,99.735,352,0,0,"",0
"2021-09-13","CRAM22","CRA","CRA","CRA",0,"2022-09-21",0,1,0,0,0,0,0,0,0,0,0,0,0,0,0,99.7,0,0,0,"",0
"2021-09-13","CRAU22","CRA","CRA","CRA",0,"2022-12-21",0,1,0,0,0,0,0,0,0,0,0,0,0,0,0,99.68,0,0,0,"",0
"2021-09-13","CRAZ22","CRA","CRA","CRA",0,"2023-03-15",0,1,0,0,0,0,0,0,0,0,0,0,0,0,0,99.66,0,0,0,"",0
"2021-09-13","CRAH23","CRA","CRA","CRA",0,"2023-06-21",0,1,0,0,0,0,0,0,0,0,0,0,0,0,0,99.63,0,0,0,"",0
"2021-09-13","CRAM23","CRA","CRA","CRA",0,"2023-09-20",0,1,0,0,0,0,0,0,0,0,0,0,0,0,0,99.6,0,0,0,"",0
"2021-09-13","CRAU23","CRA","CRA","CRA",0,"2023-12-20",0,1,0,0,0,0,0,0,0,0,0,0,0,0,0,99.57,0,0,0,"",0
"2021-09-13","CRAZ23","CRA","CRA","CRA",0,"2024-03-20",0,1,0,0,0,0,0,0,0,0,0,0,0,0,0,99.54,0,0,0,"",0
"2021-09-13","CRAH24","CRA","CRA","CRA",0,"2024-06-19",0,1,0,0,0,0,0,0,0,0,0,0,0,0,0,99.505,0,0,0,"",0
"2021-09-14","CRAM21","CRA","CRA","CRA",0,"2021-09-15",0,1,0,0,0,0,0,0,0,0,0,0,0,0,0,99.81,2150,0,0,"",0
"2021-09-14","CRAU21","CRA","CRA","CRA",0,"2021-12-15",0,1,99.805,99.81,100,200,0,0,0,0,0,0,0,0,0,99.805,894,0,0,"",0
"2021-09-14","CRAZ21","CRA","CRA","CRA",0,"2022-03-16",0,1,99.78,99.79,50,100,0,0,0,0,0,0,0,0,0,99.78,548,0,0,"",0
"2021-09-14","CRAH22","CRA","CRA","CRA",0,"2022-06-15",0,1,0,0,0,0,0,0,0,0,0,0,0,0,0,99.735,352,0,0,"",0
"2021-09-14","CRAM22","CRA","CRA","CRA",0,"2022-09-21",0,1,0,0,0,0,0,0,0,0,0,0,0,0,0,99.7,0,0,0,"",0
"2021-09-14","CRAU22","CRA","CRA","CRA",0,"2022-12-21",0,1,0,0,0,0,0,0,0,0,0,0,0,0,0,99.68,0,0,0,"",0
"2021-09-14","CRAZ22","CRA","CRA","CRA",0,"2023-03-15",0,1,0,0,0,0,0,0,0,0,0,0,0,0,0,99.66,0,0,0,"",0
"2021-09-14","CRAH23","CRA","CRA","CRA",0,"2023-06-21",0,1,0,0,0,0,0,0,0,0,0,0,0,0,0,99.63,0,0,0,"",0
"2021-09-14","CRAM23","CRA","CRA","CRA",0,"2023-09-20",0,1,0,0,0,0,0,0,0,0,0,0,0,0,0,99.6,0,0,0,"",0
"2021-09-14","CRAU23","CRA","CRA","CRA",0,"2023-12-20",0,1,0,0,0,0,0,0,0,0,0,0,0,0,0,99.57,0,0,0,"",0
"2021-09-14","CRAZ23","CRA","CRA","CRA",0,"2024-03-20",0,1,0,0,0,0,0,0,0,0,0,0,0,0,0,99.54,0,0,0,"",0
"2021-09-14","CRAH24","CRA","CRA","CRA",0,"2024-06-19",0,1,0,0,0,0,0,0,0,0,0,0,0,0,0,99.505,0,0,0,"",0
"2021-09-15","CRAU21","CRA","CRA","CRA",0,"2021-12-15",0,1,99.805,99.815,74,110,0,1,0,0,99.805,99.805,99.805,0,1,99.805,894,0,0,"",0
"2021-09-15","CRAZ21","CRA","CRA","CRA",0,"2022-03-16",0,1,99.78,99.79,50,98,0,2,0,0.01,99.79,99.79,99.79,0,2,99.78,548,0,0,"",0
"2021-09-15","CRAH22","CRA","CRA","CRA",0,"2022-06-15",0,1,0,0,0,0,0,0,0,0,0,0,0,0,0,99.735,352,0,0,"",0
"2021-09-15","CRAM22","CRA","CRA","CRA",0,"2022-09-21",0,1,0,0,0,0,0,0,0,0,0,0,0,0,0,99.615,0,0,0,"",0
"2021-09-15","CRAU22","CRA","CRA","CRA",0,"2022-12-21",0,1,0,0,0,0,0,0,0,0,0,0,0,0,0,99.595,0,0,0,"",0
"2021-09-15","CRAZ22","CRA","CRA","CRA",0,"2023-03-15",0,1,0,0,0,0,0,0,0,0,0,0,0,0,0,99.575,0,0,0,"",0
"2021-09-15","CRAH23","CRA","CRA","CRA",0,"2023-06-21",0,1,0,0,0,0,0,0,0,0,0,0,0,0,0,99.545,0,0,0,"",0
"2021-09-15","CRAM23","CRA","CRA","CRA",0,"2023-09-20",0,1,0,0,0,0,0,0,0,0,0,0,0,0,0,99.515,0,0,0,"",0
"2021-09-15","CRAU23","CRA","CRA","CRA",0,"2023-12-20",0,1,0,0,0,0,0,0,0,0,0,0,0,0,0,99.485,0,0,0,"",0
"2021-09-15","CRAZ23","CRA","CRA","CRA",0,"2024-03-20",0,1,0,0,0,0,0,0,0,0,0,0,0,0,0,99.455,0,0,0,"",0
"2021-09-15","CRAH24","CRA","CRA","CRA",0,"2024-06-19",0,1,0,0,0,0,0,0,0,0,0,0,0,0,0,99.42,0,0,0,"",0
"2021-09-16","CRAU21","CRA","CRA","CRA",0,"2021-12-15",0,1,99.805,99.815,25,100,0,0,0,0,0,0,0,0,0,99.805,894,0,0,"",0
"2021-09-16","CRAZ21","CRA","CRA","CRA",0,"2022-03-16",0,1,99.785,99.79,25,98,0,0,0,0,0,0,0,0,0,99.785,550,0,0,"",0
"2021-09-16","CRAH22","CRA","CRA","CRA",0,"2022-06-15",0,1,0,0,0,0,0,0,0,0,0,0,0,0,0,99.73,352,0,0,"",0
"2021-09-16","CRAM22","CRA","CRA","CRA",0,"2022-09-21",0,1,0,0,0,0,0,0,0,0,0,0,0,0,0,99.59,0,0,0,"",0
"2021-09-16","CRAU22","CRA","CRA","CRA",0,"2022-12-21",0,1,0,0,0,0,0,0,0,0,0,0,0,0,0,99.57,0,0,0,"",0
"2021-09-16","CRAZ22","CRA","CRA","CRA",0,"2023-03-15",0,1,0,0,0,0,0,0,0,0,0,0,0,0,0,99.55,0,0,0,"",0
"2021-09-16","CRAH23","CRA","CRA","CRA",0,"2023-06-21",0,1,0,0,0,0,0,0,0,0,0,0,0,0,0,99.52,0,0,0,"",0
"2021-09-16","CRAM23","CRA","CRA","CRA",0,"2023-09-20",0,1,0,0,0,0,0,0,0,0,0,0,0,0,0,99.49,0,0,0,"",0
"2021-09-16","CRAU23","CRA","CRA","CRA",0,"2023-12-20",0,1,0,0,0,0,0,0,0,0,0,0,0,0,0,99.46,0,0,0,"",0
"2021-09-16","CRAZ23","CRA","CRA","CRA",0,"2024-03-20",0,1,0,0,0,0,0,0,0,0,0,0,0,0,0,99.43,0,0,0,"",0
"2021-09-16","CRAH24","CRA","CRA","CRA",0,"2024-06-19",0,1,0,0,0,0,0,0,0,0,0,0,0,0,0,99.395,0,0,0,"",0
"2021-09-16","CRAM24","CRA","CRA","CRA",0,"2024-09-18",0,1,0,0,0,0,0,0,0,0,0,0,0,0,0,99.36,0,0,0,"",0
"2021-09-17","CRAU21","CRA","CRA","CRA",0,"2021-12-15",0,1,99.805,99.815,125,100,0,0,0,0,0,0,0,0,0,99.805,894,0,0,"",0
"2021-09-17","CRAZ21","CRA","CRA","CRA",0,"2022-03-16",0,1,99.78,99.79,100,98,0,0,0,0,0,0,0,0,0,99.785,548,0,0,"",0
"2021-09-17","CRAH22","CRA","CRA","CRA",0,"2022-06-15",0,1,0,0,0,0,0,0,0,0,0,0,0,0,0,99.705,352,0,0,"",0
"2021-09-17","CRAM22","CRA","CRA","CRA",0,"2022-09-21",0,1,0,0,0,0,0,0,0,0,0,0,0,0,0,99.56,0,0,0,"",0
"2021-09-17","CRAU22","CRA","CRA","CRA",0,"2022-12-21",0,1,0,0,0,0,0,0,0,0,0,0,0,0,0,99.54,0,0,0,"",0
"2021-09-17","CRAZ22","CRA","CRA","CRA",0,"2023-03-15",0,1,0,0,0,0,0,0,0,0,0,0,0,0,0,99.52,0,0,0,"",0
"2021-09-17","CRAH23","CRA","CRA","CRA",0,"2023-06-21",0,1,0,0,0,0,0,0,0,0,0,0,0,0,0,99.49,0,0,0,"",0
"2021-09-17","CRAM23","CRA","CRA","CRA",0,"2023-09-20",0,1,0,0,0,0,0,0,0,0,0,0,0,0,0,99.46,0,0,0,"",0
"2021-09-17","CRAU23","CRA","CRA","CRA",0,"2023-12-20",0,1,0,0,0,0,0,0,0,0,0,0,0,0,0,99.43,0,0,0,"",0
"2021-09-17","CRAZ23","CRA","CRA","CRA",0,"2024-03-20",0,1,0,0,0,0,0,0,0,0,0,0,0,0,0,99.4,0,0,0,"",0
"2021-09-17","CRAH24","CRA","CRA","CRA",0,"2024-06-19",0,1,0,0,0,0,0,0,0,0,0,0,0,0,0,99.365,0,0,0,"",0
"2021-09-17","CRAM24","CRA","CRA","CRA",0,"2024-09-18",0,1,0,0,0,0,0,0,0,0,0,0,0,0,0,99.33,0,0,0,"",0
"2021-09-20","CRAU21","CRA","CRA","CRA",0,"2021-12-15",0,1,99.805,99.815,200,100,0,0,0,0,0,0,0,0,0,99.805,894,0,0,"",0
"2021-09-20","CRAZ21","CRA","CRA","CRA",0,"2022-03-16",0,1,99.78,99.795,50,98,0,0,0,0,0,0,0,0,0,99.785,548,0,0,"",0
"2021-09-20","CRAH22","CRA","CRA","CRA",0,"2022-06-15",0,1,0,0,0,0,0,0,0,0,0,0,0,0,0,99.705,352,0,0,"",0
"2021-09-20","CRAM22","CRA","CRA","CRA",0,"2022-09-21",0,1,0,0,0,0,0,0,0,0,0,0,0,0,0,99.56,0,0,0,"",0
"2021-09-20","CRAU22","CRA","CRA","CRA",0,"2022-12-21",0,1,0,0,0,0,0,0,0,0,0,0,0,0,0,99.54,0,0,0,"",0
"2021-09-20","CRAZ22","CRA","CRA","CRA",0,"2023-03-15",0,1,0,0,0,0,0,0,0,0,0,0,0,0,0,99.52,0,0,0,"",0
"2021-09-20","CRAH23","CRA","CRA","CRA",0,"2023-06-21",0,1,0,0,0,0,0,0,0,0,0,0,0,0,0,99.49,0,0,0,"",0
"2021-09-20","CRAM23","CRA","CRA","CRA",0,"2023-09-20",0,1,0,0,0,0,0,0,0,0,0,0,0,0,0,99.46,0,0,0,"",0
"2021-09-20","CRAU23","CRA","CRA","CRA",0,"2023-12-20",0,1,0,0,0,0,0,0,0,0,0,0,0,0,0,99.43,0,0,0,"",0
"2021-09-20","CRAZ23","CRA","CRA","CRA",0,"2024-03-20",0,1,0,0,0,0,0,0,0,0,0,0,0,0,0,99.4,0,0,0,"",0
"2021-09-20","CRAH24","CRA","CRA","CRA",0,"2024-06-19",0,1,0,0,0,0,0,0,0,0,0,0,0,0,0,99.365,0,0,0,"",0
"2021-09-20","CRAM24","CRA","CRA","CRA",0,"2024-09-18",0,1,0,0,0,0,0,0,0,0,0,0,0,0,0,99.33,0,0,0,"",0
"2021-09-21","CRAU21","CRA","CRA","CRA",0,"2021-12-15",0,1,99.81,99.815,100,300,0,0,0,0,0,0,0,0,0,99.81,894,0,0,"",0
"2021-09-21","CRAZ21","CRA","CRA","CRA",0,"2022-03-16",0,1,99.78,99.785,100,100,0,100,0,-0.005,99.78,99.78,99.78,0,1,99.785,548,0,0,"",0
"2021-09-21","CRAH22","CRA","CRA","CRA",0,"2022-06-15",0,1,99.695,99.71,100,100,0,0,0,0,0,0,0,0,0,99.7,352,0,0,"",0
"2021-09-21","CRAM22","CRA","CRA","CRA",0,"2022-09-21",0,1,99.56,99.58,100,100,0,0,0,0,0,0,0,0,0,99.555,0,0,0,"",0
"2021-09-21","CRAU22","CRA","CRA","CRA",0,"2022-12-21",0,1,0,0,0,0,0,0,0,0,0,0,0,0,0,99.535,0,0,0,"",0
"2021-09-21","CRAZ22","CRA","CRA","CRA",0,"2023-03-15",0,1,0,0,0,0,0,0,0,0,0,0,0,0,0,99.515,0,0,0,"",0
"2021-09-21","CRAH23","CRA","CRA","CRA",0,"2023-06-21",0,1,0,0,0,0,0,0,0,0,0,0,0,0,0,99.485,0,0,0,"",0
"2021-09-21","CRAM23","CRA","CRA","CRA",0,"2023-09-20",0,1,0,0,0,0,0,0,0,0,0,0,0,0,0,99.455,0,0,0,"",0
"2021-09-21","CRAU23","CRA","CRA","CRA",0,"2023-12-20",0,1,0,0,0,0,0,0,0,0,0,0,0,0,0,99.425,0,0,0,"",0
"2021-09-21","CRAZ23","CRA","CRA","CRA",0,"2024-03-20",0,1,0,0,0,0,0,0,0,0,0,0,0,0,0,99.395,0,0,0,"",0
"2021-09-21","CRAH24","CRA","CRA","CRA",0,"2024-06-19",0,1,0,0,0,0,0,0,0,0,0,0,0,0,0,99.36,0,0,0,"",0
"2021-09-21","CRAM24","CRA","CRA","CRA",0,"2024-09-18",0,1,0,0,0,0,0,0,0,0,0,0,0,0,0,99.325,0,0,0,"",0
"2021-09-22","CRAU21","CRA","CRA","CRA",0,"2021-12-15",0,1,99.815,99.825,75,100,0,50,0,0.005,99.815,99.815,99.815,0,1,99.815,894,0,0,"",0
"2021-09-22","CRAZ21","CRA","CRA","CRA",0,"2022-03-16",0,1,99.78,99.785,25,105,0,0,0,0,0,0,0,0,0,99.785,648,0,0,"",0
"2021-09-22","CRAH22","CRA","CRA","CRA",0,"2022-06-15",0,1,99.7,99.715,100,100,0,0,0,0,0,0,0,0,0,99.7,352,0,0,"",0
"2021-09-22","CRAM22","CRA","CRA","CRA",0,"2022-09-21",0,1,99.555,99.575,100,100,0,0,0,0,0,0,0,0,0,99.555,0,0,0,"",0
"2021-09-22","CRAU22","CRA","CRA","CRA",0,"2022-12-21",0,1,0,0,0,0,0,0,0,0,0,0,0,0,0,99.535,0,0,0,"",0
"2021-09-22","CRAZ22","CRA","CRA","CRA",0,"2023-03-15",0,1,0,0,0,0,0,0,0,0,0,0,0,0,0,99.515,0,0,0,"",0
"2021-09-22","CRAH23","CRA","CRA","CRA",0,"2023-06-21",0,1,0,0,0,0,0,0,0,0,0,0,0,0,0,99.485,0,0,0,"",0
"2021-09-22","CRAM23","CRA","CRA","CRA",0,"2023-09-20",0,1,0,0,0,0,0,0,0,0,0,0,0,0,0,99.455,0,0,0,"",0
"2021-09-22","CRAU23","CRA","CRA","CRA",0,"2023-12-20",0,1,0,0,0,0,0,0,0,0,0,0,0,0,0,99.425,0,0,0,"",0
"2021-09-22","CRAZ23","CRA","CRA","CRA",0,"2024-03-20",0,1,0,0,0,0,0,0,0,0,0,0,0,0,0,99.395,0,0,0,"",0
"2021-09-22","CRAH24","CRA","CRA","CRA",0,"2024-06-19",0,1,0,0,0,0,0,0,0,0,0,0,0,0,0,99.36,0,0,0,"",0
"2021-09-22","CRAM24","CRA","CRA","CRA",0,"2024-09-18",0,1,0,0,0,0,0,0,0,0,0,0,0,0,0,99.325,0,0,0,"",0
"2021-09-23","CRAU21","CRA","CRA","CRA",0,"2021-12-15",0,1,99.815,99.825,50,200,0,0,0,0,0,0,0,0,0,99.815,944,0,0,"",0
"2021-09-23","CRAZ21","CRA","CRA","CRA",0,"2022-03-16",0,1,99.775,99.79,150,120,0,0,0,0,0,0,0,0,0,99.785,648,0,0,"",0
"2021-09-23","CRAH22","CRA","CRA","CRA",0,"2022-06-15",0,1,99.68,99.695,100,100,0,0,0,0,0,0,0,0,0,99.695,352,0,0,"",0
"2021-09-23","CRAM22","CRA","CRA","CRA",0,"2022-09-21",0,1,99.515,99.535,100,100,0,0,0,0,0,0,0,0,0,99.53,0,0,0,"",0
"2021-09-23","CRAU22","CRA","CRA","CRA",0,"2022-12-21",0,1,0,0,0,0,0,0,0,0,0,0,0,0,0,99.51,0,0,0,"",0
"2021-09-23","CRAZ22","CRA","CRA","CRA",0,"2023-03-15",0,1,0,0,0,0,0,0,0,0,0,0,0,0,0,99.49,0,0,0,"",0
"2021-09-23","CRAH23","CRA","CRA","CRA",0,"2023-06-21",0,1,0,0,0,0,0,0,0,0,0,0,0,0,0,99.46,0,0,0,"",0
"2021-09-23","CRAM23","CRA","CRA","CRA",0,"2023-09-20",0,1,0,0,0,0,0,0,0,0,0,0,0,0,0,99.43,0,0,0,"",0
"2021-09-23","CRAU23","CRA","CRA","CRA",0,"2023-12-20",0,1,0,0,0,0,0,0,0,0,0,0,0,0,0,99.4,0,0,0,"",0
"2021-09-23","CRAZ23","CRA","CRA","CRA",0,"2024-03-20",0,1,0,0,0,0,0,0,0,0,0,0,0,0,0,99.37,0,0,0,"",0
"2021-09-23","CRAH24","CRA","CRA","CRA",0,"2024-06-19",0,1,0,0,0,0,0,0,0,0,0,0,0,0,0,99.335,0,0,0,"",0
"2021-09-23","CRAM24","CRA","CRA","CRA",0,"2024-09-18",0,1,0,0,0,0,0,0,0,0,0,0,0,0,0,99.3,0,0,0,"",0
"2021-09-24","CRAU21","CRA","CRA","CRA",0,"2021-12-15",0,1,99.815,99.825,50,100,0,0,0,0,0,0,0,0,0,99.815,944,0,0,"",0
"2021-09-24","CRAZ21","CRA","CRA","CRA",0,"2022-03-16",0,1,99.775,99.78,15,100,0,0,0,0,0,0,0,0,0,99.785,648,0,0,"",0
"2021-09-24","CRAH22","CRA","CRA","CRA",0,"2022-06-15",0,1,99.67,99.685,100,100,0,0,0,0,0,0,0,0,0,99.685,352,0,0,"",0
"2021-09-24","CRAM22","CRA","CRA","CRA",0,"2022-09-21",0,1,99.5,99.515,100,100,0,0,0,0,0,0,0,0,0,99.52,0,0,0,"",0
"2021-09-24","CRAU22","CRA","CRA","CRA",0,"2022-12-21",0,1,0,0,0,0,0,0,0,0,0,0,0,0,0,99.5,0,0,0,"",0
"2021-09-24","CRAZ22","CRA","CRA","CRA",0,"2023-03-15",0,1,0,0,0,0,0,0,0,0,0,0,0,0,0,99.48,0,0,0,"",0
"2021-09-24","CRAH23","CRA","CRA","CRA",0,"2023-06-21",0,1,0,0,0,0,0,0,0,0,0,0,0,0,0,99.45,0,0,0,"",0
"2021-09-24","CRAM23","CRA","CRA","CRA",0,"2023-09-20",0,1,0,0,0,0,0,0,0,0,0,0,0,0,0,99.42,0,0,0,"",0
"2021-09-24","CRAU23","CRA","CRA","CRA",0,"2023-12-20",0,1,0,0,0,0,0,0,0,0,0,0,0,0,0,99.39,0,0,0,"",0
"2021-09-24","CRAZ23","CRA","CRA","CRA",0,"2024-03-20",0,1,0,0,0,0,0,0,0,0,0,0,0,0,0,99.36,0,0,0,"",0
"2021-09-24","CRAH24","CRA","CRA","CRA",0,"2024-06-19",0,1,0,0,0,0,0,0,0,0,0,0,0,0,0,99.325,0,0,0,"",0
"2021-09-24","CRAM24","CRA","CRA","CRA",0,"2024-09-18",0,1,0,0,0,0,0,0,0,0,0,0,0,0,0,99.29,0,0,0,"",0
"2021-09-27","CRAU21","CRA","CRA","CRA",0,"2021-12-15",0,1,99.81,99.825,100,100,0,0,0,0,0,0,0,0,0,99.815,944,0,0,"",0
"2021-09-27","CRAZ21","CRA","CRA","CRA",0,"2022-03-16",0,1,99.77,99.785,100,100,0,0,0,0,0,0,0,0,0,99.785,648,0,0,"",0
"2021-09-27","CRAH22","CRA","CRA","CRA",0,"2022-06-15",0,1,99.665,99.68,100,100,0,0,0,0,0,0,0,0,0,99.68,352,0,0,"",0
"2021-09-27","CRAM22","CRA","CRA","CRA",0,"2022-09-21",0,1,99.475,99.495,100,100,0,0,0,0,0,0,0,0,0,99.495,0,0,0,"",0
"2021-09-27","CRAU22","CRA","CRA","CRA",0,"2022-12-21",0,1,0,0,0,0,0,0,0,0,0,0,0,0,0,99.475,0,0,0,"",0
"2021-09-27","CRAZ22","CRA","CRA","CRA",0,"2023-03-15",0,1,0,0,0,0,0,0,0,0,0,0,0,0,0,99.455,0,0,0,"",0
"2021-09-27","CRAH23","CRA","CRA","CRA",0,"2023-06-21",0,1,0,0,0,0,0,0,0,0,0,0,0,0,0,99.425,0,0,0,"",0
"2021-09-27","CRAM23","CRA","CRA","CRA",0,"2023-09-20",0,1,0,0,0,0,0,0,0,0,0,0,0,0,0,99.395,0,0,0,"",0
"2021-09-27","CRAU23","CRA","CRA","CRA",0,"2023-12-20",0,1,0,0,0,0,0,0,0,0,0,0,0,0,0,99.365,0,0,0,"",0
"2021-09-27","CRAZ23","CRA","CRA","CRA",0,"2024-03-20",0,1,0,0,0,0,0,0,0,0,0,0,0,0,0,99.335,0,0,0,"",0
"2021-09-27","CRAH24","CRA","CRA","CRA",0,"2024-06-19",0,1,0,0,0,0,0,0,0,0,0,0,0,0,0,99.3,0,0,0,"",0
"2021-09-27","CRAM24","CRA","CRA","CRA",0,"2024-09-18",0,1,0,0,0,0,0,0,0,0,0,0,0,0,0,99.265,0,0,0,"",0
"2021-09-28","CRAU21","CRA","CRA","CRA",0,"2021-12-15",0,1,99.81,99.825,100,100,0,0,0,0,0,0,0,0,0,99.815,944,0,0,"",0
"2021-09-28","CRAZ21","CRA","CRA","CRA",0,"2022-03-16",0,1,99.775,99.785,50,100,0,0,0,0,0,0,0,0,0,99.785,648,0,0,"",0
"2021-09-28","CRAH22","CRA","CRA","CRA",0,"2022-06-15",0,1,99.665,99.68,100,100,0,0,0,0,0,0,0,0,0,99.68,352,0,0,"",0
"2021-09-28","CRAM22","CRA","CRA","CRA",0,"2022-09-21",0,1,99.485,99.5,100,100,0,0,0,0,0,0,0,0,0,99.495,0,0,0,"",0
"2021-09-28","CRAU22","CRA","CRA","CRA",0,"2022-12-21",0,1,0,0,0,0,0,0,0,0,0,0,0,0,0,99.475,0,0,0,"",0
"2021-09-28","CRAZ22","CRA","CRA","CRA",0,"2023-03-15",0,1,0,0,0,0,0,0,0,0,0,0,0,0,0,99.455,0,0,0,"",0
"2021-09-28","CRAH23","CRA","CRA","CRA",0,"2023-06-21",0,1,0,0,0,0,0,0,0,0,0,0,0,0,0,99.425,0,0,0,"",0
"2021-09-28","CRAM23","CRA","CRA","CRA",0,"2023-09-20",0,1,0,0,0,0,0,0,0,0,0,0,0,0,0,99.395,0,0,0,"",0
"2021-09-28","CRAU23","CRA","CRA","CRA",0,"2023-12-20",0,1,0,0,0,0,0,0,0,0,0,0,0,0,0,99.365,0,0,0,"",0
"2021-09-28","CRAZ23","CRA","CRA","CRA",0,"2024-03-20",0,1,0,0,0,0,0,0,0,0,0,0,0,0,0,99.335,0,0,0,"",0
"2021-09-28","CRAH24","CRA","CRA","CRA",0,"2024-06-19",0,1,0,0,0,0,0,0,0,0,0,0,0,0,0,99.3,0,0,0,"",0
"2021-09-28","CRAM24","CRA","CRA","CRA",0,"2024-09-18",0,1,0,0,0,0,0,0,0,0,0,0,0,0,0,99.265,0,0,0,"",0
"2021-09-29","CRAU21","CRA","CRA","CRA",0,"2021-12-15",0,1,99.815,99.83,232,100,0,0,0,0,0,0,0,0,0,99.815,944,0,0,"",0
"2021-09-29","CRAZ21","CRA","CRA","CRA",0,"2022-03-16",0,1,99.77,99.795,100,98,0,0,0,0,0,0,0,0,0,99.785,648,0,0,"",0
"2021-09-29","CRAH22","CRA","CRA","CRA",0,"2022-06-15",0,1,99.655,0,100,0,0,0,0,0,0,0,0,0,0,99.675,352,0,0,"",0
"2021-09-29","CRAM22","CRA","CRA","CRA",0,"2022-09-21",0,1,0,0,0,0,0,0,0,0,0,0,0,0,0,99.475,0,0,0,"",0
"2021-09-29","CRAU22","CRA","CRA","CRA",0,"2022-12-21",0,1,0,0,0,0,0,0,0,0,0,0,0,0,0,99.455,0,0,0,"",0
"2021-09-29","CRAZ22","CRA","CRA","CRA",0,"2023-03-15",0,1,0,0,0,0,0,0,0,0,0,0,0,0,0,99.435,0,0,0,"",0
"2021-09-29","CRAH23","CRA","CRA","CRA",0,"2023-06-21",0,1,0,0,0,0,0,0,0,0,0,0,0,0,0,99.405,0,0,0,"",0
"2021-09-29","CRAM23","CRA","CRA","CRA",0,"2023-09-20",0,1,0,0,0,0,0,0,0,0,0,0,0,0,0,99.375,0,0,0,"",0
"2021-09-29","CRAU23","CRA","CRA","CRA",0,"2023-12-20",0,1,0,0,0,0,0,0,0,0,0,0,0,0,0,99.345,0,0,0,"",0
"2021-09-29","CRAZ23","CRA","CRA","CRA",0,"2024-03-20",0,1,0,0,0,0,0,0,0,0,0,0,0,0,0,99.315,0,0,0,"",0
"2021-09-29","CRAH24","CRA","CRA","CRA",0,"2024-06-19",0,1,0,0,0,0,0,0,0,0,0,0,0,0,0,99.28,0,0,0,"",0
"2021-09-29","CRAM24","CRA","CRA","CRA",0,"2024-09-18",0,1,0,0,0,0,0,0,0,0,0,0,0,0,0,99.245,0,0,0,"",0
"2021-10-01","CRAU21","CRA","CRA","CRA",0,"2021-12-15",0,1,99.815,99.825,132,100,0,0,0,0,0,0,0,0,0,99.815,944,0,0,"",0
"2021-10-01","CRAZ21","CRA","CRA","CRA",0,"2022-03-16",0,1,99.775,99.785,100,100,0,0,0,0,0,0,0,0,0,99.785,648,0,0,"",0
"2021-10-01","CRAH22","CRA","CRA","CRA",0,"2022-06-15",0,1,99.68,99.7,100,100,0,0,0,0,0,0,0,0,0,99.68,352,0,0,"",0
"2021-10-01","CRAM22","CRA","CRA","CRA",0,"2022-09-21",0,1,99.485,99.505,100,100,0,0,0,0,0,0,0,0,0,99.49,0,0,0,"",0
"2021-10-01","CRAU22","CRA","CRA","CRA",0,"2022-12-21",0,1,0,0,0,0,0,0,0,0,0,0,0,0,0,99.47,0,0,0,"",0
"2021-10-01","CRAZ22","CRA","CRA","CRA",0,"2023-03-15",0,1,0,0,0,0,0,0,0,0,0,0,0,0,0,99.45,0,0,0,"",0
"2021-10-01","CRAH23","CRA","CRA","CRA",0,"2023-06-21",0,1,0,0,0,0,0,0,0,0,0,0,0,0,0,99.42,0,0,0,"",0
"2021-10-01","CRAM23","CRA","CRA","CRA",0,"2023-09-20",0,1,0,0,0,0,0,0,0,0,0,0,0,0,0,99.39,0,0,0,"",0
"2021-10-01","CRAU23","CRA","CRA","CRA",0,"2023-12-20",0,1,0,0,0,0,0,0,0,0,0,0,0,0,0,99.36,0,0,0,"",0
"2021-10-01","CRAZ23","CRA","CRA","CRA",0,"2024-03-20",0,1,0,0,0,0,0,0,0,0,0,0,0,0,0,99.33,0,0,0,"",0
"2021-10-01","CRAH24","CRA","CRA","CRA",0,"2024-06-19",0,1,0,0,0,0,0,0,0,0,0,0,0,0,0,99.295,0,0,0,"",0
"2021-10-01","CRAM24","CRA","CRA","CRA",0,"2024-09-18",0,1,0,0,0,0,0,0,0,0,0,0,0,0,0,99.26,0,0,0,"",0
"2021-10-04","CRAU21","CRA","CRA","CRA",0,"2021-12-15",0,1,99.815,99.83,232,100,0,0,0,0,0,0,0,0,0,99.815,944,0,0,"",0
"2021-10-04","CRAZ21","CRA","CRA","CRA",0,"2022-03-16",0,1,99.775,99.79,125,100,0,100,0,-0.005,99.78,99.78,99.78,0,1,99.785,648,0,0,"",0
"2021-10-04","CRAH22","CRA","CRA","CRA",0,"2022-06-15",0,1,99.67,99.685,100,100,0,0,0,0,0,0,0,0,0,99.68,352,0,0,"",0
"2021-10-04","CRAM22","CRA","CRA","CRA",0,"2022-09-21",0,1,99.475,99.49,100,100,0,0,0,0,0,0,0,0,0,99.49,0,0,0,"",0
"2021-10-04","CRAU22","CRA","CRA","CRA",0,"2022-12-21",0,1,0,0,0,0,0,0,0,0,0,0,0,0,0,99.47,0,0,0,"",0
"2021-10-04","CRAZ22","CRA","CRA","CRA",0,"2023-03-15",0,1,0,0,0,0,0,0,0,0,0,0,0,0,0,99.45,0,0,0,"",0
"2021-10-04","CRAH23","CRA","CRA","CRA",0,"2023-06-21",0,1,0,0,0,0,0,0,0,0,0,0,0,0,0,99.42,0,0,0,"",0
"2021-10-04","CRAM23","CRA","CRA","CRA",0,"2023-09-20",0,1,0,0,0,0,0,0,0,0,0,0,0,0,0,99.39,0,0,0,"",0
"2021-10-04","CRAU23","CRA","CRA","CRA",0,"2023-12-20",0,1,0,0,0,0,0,0,0,0,0,0,0,0,0,99.36,0,0,0,"",0
"2021-10-04","CRAZ23","CRA","CRA","CRA",0,"2024-03-20",0,1,0,0,0,0,0,0,0,0,0,0,0,0,0,99.33,0,0,0,"",0
"2021-10-04","CRAH24","CRA","CRA","CRA",0,"2024-06-19",0,1,0,0,0,0,0,0,0,0,0,0,0,0,0,99.295,0,0,0,"",0
"2021-10-04","CRAM24","CRA","CRA","CRA",0,"2024-09-18",0,1,0,0,0,0,0,0,0,0,0,0,0,0,0,99.26,0,0,0,"",0
"2021-10-05","CRAU21","CRA","CRA","CRA",0,"2021-12-15",0,1,99.815,99.83,232,100,0,0,0,0,0,0,0,0,0,99.815,944,0,0,"",0
"2021-10-05","CRAZ21","CRA","CRA","CRA",0,"2022-03-16",0,1,99.775,99.79,50,100,0,0,0,0,0,0,0,0,0,99.785,648,0,0,"",0
"2021-10-05","CRAH22","CRA","CRA","CRA",0,"2022-06-15",0,1,99.665,99.68,100,100,0,0,0,0,0,0,0,0,0,99.68,352,0,0,"",0
"2021-10-05","CRAM22","CRA","CRA","CRA",0,"2022-09-21",0,1,99.46,99.48,100,100,0,0,0,0,0,0,0,0,0,99.48,0,0,0,"",0
"2021-10-05","CRAU22","CRA","CRA","CRA",0,"2022-12-21",0,1,0,0,0,0,0,0,0,0,0,0,0,0,0,99.46,0,0,0,"",0
"2021-10-05","CRAZ22","CRA","CRA","CRA",0,"2023-03-15",0,1,0,0,0,0,0,0,0,0,0,0,0,0,0,99.44,0,0,0,"",0
"2021-10-05","CRAH23","CRA","CRA","CRA",0,"2023-06-21",0,1,0,0,0,0,0,0,0,0,0,0,0,0,0,99.41,0,0,0,"",0
"2021-10-05","CRAM23","CRA","CRA","CRA",0,"2023-09-20",0,1,0,0,0,0,0,0,0,0,0,0,0,0,0,99.38,0,0,0,"",0
"2021-10-05","CRAU23","CRA","CRA","CRA",0,"2023-12-20",0,1,0,0,0,0,0,0,0,0,0,0,0,0,0,99.35,0,0,0,"",0
"2021-10-05","CRAZ23","CRA","CRA","CRA",0,"2024-03-20",0,1,0,0,0,0,0,0,0,0,0,0,0,0,0,99.32,0,0,0,"",0
"2021-10-05","CRAH24","CRA","CRA","CRA",0,"2024-06-19",0,1,0,0,0,0,0,0,0,0,0,0,0,0,0,99.285,0,0,0,"",0
"2021-10-05","CRAM24","CRA","CRA","CRA",0,"2024-09-18",0,1,0,0,0,0,0,0,0,0,0,0,0,0,0,99.25,0,0,0,"",0
"2021-10-06","CRAU21","CRA","CRA","CRA",0,"2021-12-15",0,1,99.815,99.83,332,200,0,0,0,0,0,0,0,0,0,99.815,944,0,0,"",0
"2021-10-06","CRAZ21","CRA","CRA","CRA",0,"2022-03-16",0,1,99.77,99.785,200,200,0,0,0,0,0,0,0,0,0,99.785,648,0,0,"",0
"2021-10-06","CRAH22","CRA","CRA","CRA",0,"2022-06-15",0,1,99.66,99.675,200,200,0,0,0,0,0,0,0,0,0,99.68,352,0,0,"",0
"2021-10-06","CRAM22","CRA","CRA","CRA",0,"2022-09-21",0,1,99.455,99.47,100,100,0,0,0,0,0,0,0,0,0,99.475,0,0,0,"",0
"2021-10-06","CRAU22","CRA","CRA","CRA",0,"2022-12-21",0,1,0,0,0,0,0,0,0,0,0,0,0,0,0,99.455,0,0,0,"",0
"2021-10-06","CRAZ22","CRA","CRA","CRA",0,"2023-03-15",0,1,0,0,0,0,0,0,0,0,0,0,0,0,0,99.435,0,0,0,"",0
"2021-10-06","CRAH23","CRA","CRA","CRA",0,"2023-06-21",0,1,0,0,0,0,0,0,0,0,0,0,0,0,0,99.405,0,0,0,"",0
"2021-10-06","CRAM23","CRA","CRA","CRA",0,"2023-09-20",0,1,0,0,0,0,0,0,0,0,0,0,0,0,0,99.375,0,0,0,"",0
"2021-10-06","CRAU23","CRA","CRA","CRA",0,"2023-12-20",0,1,0,0,0,0,0,0,0,0,0,0,0,0,0,99.345,0,0,0,"",0
"2021-10-06","CRAZ23","CRA","CRA","CRA",0,"2024-03-20",0,1,0,0,0,0,0,0,0,0,0,0,0,0,0,99.315,0,0,0,"",0
"2021-10-06","CRAH24","CRA","CRA","CRA",0,"2024-06-19",0,1,0,0,0,0,0,0,0,0,0,0,0,0,0,99.28,0,0,0,"",0
"2021-10-06","CRAM24","CRA","CRA","CRA",0,"2024-09-18",0,1,0,0,0,0,0,0,0,0,0,0,0,0,0,99.245,0,0,0,"",0
"2021-10-07","CRAU21","CRA","CRA","CRA",0,"2021-12-15",0,1,99.815,99.83,232,100,0,0,0,0,0,0,0,0,0,99.815,944,0,0,"",0
"2021-10-07","CRAZ21","CRA","CRA","CRA",0,"2022-03-16",0,1,99.775,99.79,150,100,0,0,0,0,0,0,0,0,0,99.785,648,0,0,"",0
"2021-10-07","CRAH22","CRA","CRA","CRA",0,"2022-06-15",0,1,99.655,99.67,100,100,0,0,0,0,0,0,0,0,0,99.675,352,0,0,"",0
"2021-10-07","CRAM22","CRA","CRA","CRA",0,"2022-09-21",0,1,99.43,99.45,100,100,0,0,0,0,0,0,0,0,0,99.46,0,0,0,"",0
"2021-10-07","CRAU22","CRA","CRA","CRA",0,"2022-12-21",0,1,0,0,0,0,0,0,0,0,0,0,0,0,0,99.44,0,0,0,"",0
"2021-10-07","CRAZ22","CRA","CRA","CRA",0,"2023-03-15",0,1,0,0,0,0,0,0,0,0,0,0,0,0,0,99.42,0,0,0,"",0
"2021-10-07","CRAH23","CRA","CRA","CRA",0,"2023-06-21",0,1,0,0,0,0,0,0,0,0,0,0,0,0,0,99.39,0,0,0,"",0
"2021-10-07","CRAM23","CRA","CRA","CRA",0,"2023-09-20",0,1,0,0,0,0,0,0,0,0,0,0,0,0,0,99.36,0,0,0,"",0
"2021-10-07","CRAU23","CRA","CRA","CRA",0,"2023-12-20",0,1,0,0,0,0,0,0,0,0,0,0,0,0,0,99.33,0,0,0,"",0
"2021-10-07","CRAZ23","CRA","CRA","CRA",0,"2024-03-20",0,1,0,0,0,0,0,0,0,0,0,0,0,0,0,99.3,0,0,0,"",0
"2021-10-07","CRAH24","CRA","CRA","CRA",0,"2024-06-19",0,1,0,0,0,0,0,0,0,0,0,0,0,0,0,99.265,0,0,0,"",0
"2021-10-07","CRAM24","CRA","CRA","CRA",0,"2024-09-18",0,1,0,0,0,0,0,0,0,0,0,0,0,0,0,99.23,0,0,0,"",0
"2021-10-08","CRAU21","CRA","CRA","CRA",0,"2021-12-15",0,1,99.815,99.83,100,100,0,0,0,0,0,0,0,0,0,99.815,944,0,0,"",0
"2021-10-08","CRAZ21","CRA","CRA","CRA",0,"2022-03-16",0,1,0,99.795,0,98,0,0,0,0,0,0,0,0,0,99.785,648,0,0,"",0
"2021-10-08","CRAH22","CRA","CRA","CRA",0,"2022-06-15",0,1,0,0,0,0,0,0,0,0,0,0,0,0,0,99.655,352,0,0,"",0
"2021-10-08","CRAM22","CRA","CRA","CRA",0,"2022-09-21",0,1,0,0,0,0,0,0,0,0,0,0,0,0,0,99.425,0,0,0,"",0
"2021-10-08","CRAU22","CRA","CRA","CRA",0,"2022-12-21",0,1,0,0,0,0,0,0,0,0,0,0,0,0,0,99.405,0,0,0,"",0
"2021-10-08","CRAZ22","CRA","CRA","CRA",0,"2023-03-15",0,1,0,0,0,0,0,0,0,0,0,0,0,0,0,99.385,0,0,0,"",0
"2021-10-08","CRAH23","CRA","CRA","CRA",0,"2023-06-21",0,1,0,0,0,0,0,0,0,0,0,0,0,0,0,99.355,0,0,0,"",0
"2021-10-08","CRAM23","CRA","CRA","CRA",0,"2023-09-20",0,1,0,0,0,0,0,0,0,0,0,0,0,0,0,99.325,0,0,0,"",0
"2021-10-08","CRAU23","CRA","CRA","CRA",0,"2023-12-20",0,1,0,0,0,0,0,0,0,0,0,0,0,0,0,99.295,0,0,0,"",0
"2021-10-08","CRAZ23","CRA","CRA","CRA",0,"2024-03-20",0,1,0,0,0,0,0,0,0,0,0,0,0,0,0,99.265,0,0,0,"",0
"2021-10-08","CRAH24","CRA","CRA","CRA",0,"2024-06-19",0,1,0,0,0,0,0,0,0,0,0,0,0,0,0,99.23,0,0,0,"",0
"2021-10-08","CRAM24","CRA","CRA","CRA",0,"2024-09-18",0,1,0,0,0,0,0,0,0,0,0,0,0,0,0,99.195,0,0,0,"",0
"2021-10-12","CRAU21","CRA","CRA","CRA",0,"2021-12-15",0,1,99.81,99.825,100,100,0,0,0,0,0,0,0,0,0,99.815,944,0,0,"",0
"2021-10-12","CRAZ21","CRA","CRA","CRA",0,"2022-03-16",0,1,99.765,99.78,100,100,0,0,0,0,0,0,0,0,0,99.775,648,0,0,"",0
"2021-10-12","CRAH22","CRA","CRA","CRA",0,"2022-06-15",0,1,99.605,99.62,100,90,0,0,0,0,0,0,0,0,0,99.615,352,0,0,"",0
"2021-10-12","CRAM22","CRA","CRA","CRA",0,"2022-09-21",0,1,99.35,99.37,100,100,0,0,0,0,0,0,0,0,0,99.355,0,0,0,"",0
"2021-10-12","CRAU22","CRA","CRA","CRA",0,"2022-12-21",0,1,0,0,0,0,0,0,0,0,0,0,0,0,0,99.335,0,0,0,"",0
"2021-10-12","CRAZ22","CRA","CRA","CRA",0,"2023-03-15",0,1,0,0,0,0,0,0,0,0,0,0,0,0,0,99.315,0,0,0,"",0
"2021-10-12","CRAH23","CRA","CRA","CRA",0,"2023-06-21",0,1,0,0,0,0,0,0,0,0,0,0,0,0,0,99.285,0,0,0,"",0
"2021-10-12","CRAM23","CRA","CRA","CRA",0,"2023-09-20",0,1,0,0,0,0,0,0,0,0,0,0,0,0,0,99.255,0,0,0,"",0
"2021-10-12","CRAU23","CRA","CRA","CRA",0,"2023-12-20",0,1,0,0,0,0,0,0,0,0,0,0,0,0,0,99.225,0,0,0,"",0
"2021-10-12","CRAZ23","CRA","CRA","CRA",0,"2024-03-20",0,1,0,0,0,0,0,0,0,0,0,0,0,0,0,99.195,0,0,0,"",0
"2021-10-12","CRAH24","CRA","CRA","CRA",0,"2024-06-19",0,1,0,0,0,0,0,0,0,0,0,0,0,0,0,99.16,0,0,0,"",0
"2021-10-12","CRAM24","CRA","CRA","CRA",0,"2024-09-18",0,1,0,0,0,0,0,0,0,0,0,0,0,0,0,99.125,0,0,0,"",0
"2021-10-13","CRAU21","CRA","CRA","CRA",0,"2021-12-15",0,1,99.81,99.82,300,100,0,0,0,0,0,0,0,0,0,99.815,944,0,0,"",0
"2021-10-13","CRAZ21","CRA","CRA","CRA",0,"2022-03-16",0,1,99.75,99.77,100,100,0,0,0,0,0,0,0,0,0,99.77,648,0,0,"",0
"2021-10-13","CRAH22","CRA","CRA","CRA",0,"2022-06-15",0,1,99.59,99.605,100,100,0,0,0,0,0,0,0,0,0,99.605,352,0,0,"",0
"2021-10-13","CRAM22","CRA","CRA","CRA",0,"2022-09-21",0,1,99.305,99.32,100,100,0,0,0,0,0,0,0,0,0,99.325,0,0,0,"",0
"2021-10-13","CRAU22","CRA","CRA","CRA",0,"2022-12-21",0,1,0,0,0,0,0,0,0,0,0,0,0,0,0,99.305,0,0,0,"",0
"2021-10-13","CRAZ22","CRA","CRA","CRA",0,"2023-03-15",0,1,0,0,0,0,0,0,0,0,0,0,0,0,0,99.285,0,0,0,"",0
"2021-10-13","CRAH23","CRA","CRA","CRA",0,"2023-06-21",0,1,0,0,0,0,0,0,0,0,0,0,0,0,0,99.255,0,0,0,"",0
"2021-10-13","CRAM23","CRA","CRA","CRA",0,"2023-09-20",0,1,0,0,0,0,0,0,0,0,0,0,0,0,0,99.225,0,0,0,"",0
"2021-10-13","CRAU23","CRA","CRA","CRA",0,"2023-12-20",0,1,0,0,0,0,0,0,0,0,0,0,0,0,0,99.195,0,0,0,"",0
"2021-10-13","CRAZ23","CRA","CRA","CRA",0,"2024-03-20",0,1,0,0,0,0,0,0,0,0,0,0,0,0,0,99.165,0,0,0,"",0
"2021-10-13","CRAH24","CRA","CRA","CRA",0,"2024-06-19",0,1,0,0,0,0,0,0,0,0,0,0,0,0,0,99.13,0,0,0,"",0
"2021-10-13","CRAM24","CRA","CRA","CRA",0,"2024-09-18",0,1,0,0,0,0,0,0,0,0,0,0,0,0,0,99.095,0,0,0,"",0
"2021-10-14","CRAU21","CRA","CRA","CRA",0,"2021-12-15",0,1,99.81,99.82,100,100,0,0,0,0,0,0,0,0,0,99.815,944,0,0,"",0
"2021-10-14","CRAZ21","CRA","CRA","CRA",0,"2022-03-16",0,1,99.765,99.78,100,100,0,1,0,0.01,99.78,99.78,99.78,0,1,99.77,648,0,0,"",0
"2021-10-14","CRAH22","CRA","CRA","CRA",0,"2022-06-15",0,1,99.615,99.63,100,100,0,0,0,0,0,0,0,0,0,99.615,352,0,0,"",0
"2021-10-14","CRAM22","CRA","CRA","CRA",0,"2022-09-21",0,1,99.36,99.38,100,100,0,0,0,0,0,0,0,0,0,99.36,0,0,0,"",0
"2021-10-14","CRAU22","CRA","CRA","CRA",0,"2022-12-21",0,1,0,0,0,0,0,0,0,0,0,0,0,0,0,99.34,0,0,0,"",0
"2021-10-14","CRAZ22","CRA","CRA","CRA",0,"2023-03-15",0,1,0,0,0,0,0,0,0,0,0,0,0,0,0,99.32,0,0,0,"",0
"2021-10-14","CRAH23","CRA","CRA","CRA",0,"2023-06-21",0,1,0,0,0,0,0,0,0,0,0,0,0,0,0,99.29,0,0,0,"",0
"2021-10-14","CRAM23","CRA","CRA","CRA",0,"2023-09-20",0,1,0,0,0,0,0,0,0,0,0,0,0,0,0,99.26,0,0,0,"",0
"2021-10-14","CRAU23","CRA","CRA","CRA",0,"2023-12-20",0,1,0,0,0,0,0,0,0,0,0,0,0,0,0,99.23,0,0,0,"",0
"2021-10-14","CRAZ23","CRA","CRA","CRA",0,"2024-03-20",0,1,0,0,0,0,0,0,0,0,0,0,0,0,0,99.2,0,0,0,"",0
"2021-10-14","CRAH24","CRA","CRA","CRA",0,"2024-06-19",0,1,0,0,0,0,0,0,0,0,0,0,0,0,0,99.165,0,0,0,"",0
"2021-10-14","CRAM24","CRA","CRA","CRA",0,"2024-09-18",0,1,0,0,0,0,0,0,0,0,0,0,0,0,0,99.13,0,0,0,"",0
"2021-10-15","CRAU21","CRA","CRA","CRA",0,"2021-12-15",0,1,99.815,99.82,100,500,0,100,0,0,99.815,99.815,99.815,0,1,99.815,944,0,0,"",0
"2021-10-15","CRAZ21","CRA","CRA","CRA",0,"2022-03-16",0,1,99.755,99.77,200,200,0,0,0,0,0,0,0,0,0,99.765,649,0,0,"",0
"2021-10-15","CRAH22","CRA","CRA","CRA",0,"2022-06-15",0,1,99.595,99.61,200,200,0,0,0,0,0,0,0,0,0,99.61,352,0,0,"",0
"2021-10-15","CRAM22","CRA","CRA","CRA",0,"2022-09-21",0,1,99.325,99.34,100,100,0,0,0,0,0,0,0,0,0,99.335,0,0,0,"",0
"2021-10-15","CRAU22","CRA","CRA","CRA",0,"2022-12-21",0,1,0,0,0,0,0,0,0,0,0,0,0,0,0,99.315,0,0,0,"",0
"2021-10-15","CRAZ22","CRA","CRA","CRA",0,"2023-03-15",0,1,0,0,0,0,0,0,0,0,0,0,0,0,0,99.295,0,0,0,"",0
"2021-10-15","CRAH23","CRA","CRA","CRA",0,"2023-06-21",0,1,0,0,0,0,0,0,0,0,0,0,0,0,0,99.265,0,0,0,"",0
"2021-10-15","CRAM23","CRA","CRA","CRA",0,"2023-09-20",0,1,0,0,0,0,0,0,0,0,0,0,0,0,0,99.235,0,0,0,"",0
"2021-10-15","CRAU23","CRA","CRA","CRA",0,"2023-12-20",0,1,0,0,0,0,0,0,0,0,0,0,0,0,0,99.205,0,0,0,"",0
"2021-10-15","CRAZ23","CRA","CRA","CRA",0,"2024-03-20",0,1,0,0,0,0,0,0,0,0,0,0,0,0,0,99.175,0,0,0,"",0
"2021-10-15","CRAH24","CRA","CRA","CRA",0,"2024-06-19",0,1,0,0,0,0,0,0,0,0,0,0,0,0,0,99.14,0,0,0,"",0
"2021-10-15","CRAM24","CRA","CRA","CRA",0,"2024-09-18",0,1,0,0,0,0,0,0,0,0,0,0,0,0,0,99.105,0,0,0,"",0
"2021-10-18","CRAU21","CRA","CRA","CRA",0,"2021-12-15",0,1,99.805,99.815,200,100,0,0,0,0,0,0,0,0,0,99.815,944,0,0,"",0
"2021-10-18","CRAZ21","CRA","CRA","CRA",0,"2022-03-16",0,1,99.725,99.74,200,200,0,0,0,0,0,0,0,0,0,99.745,649,0,0,"",0
"2021-10-18","CRAH22","CRA","CRA","CRA",0,"2022-06-15",0,1,99.495,99.51,101,101,0,0,0,0,0,0,0,0,0,99.51,352,0,0,"",0
"2021-10-18","CRAM22","CRA","CRA","CRA",0,"2022-09-21",0,1,99.205,99.22,100,100,0,0,0,0,0,0,0,0,0,99.22,0,0,0,"",0
"2021-10-18","CRAU22","CRA","CRA","CRA",0,"2022-12-21",0,1,0,0,0,0,0,0,0,0,0,0,0,0,0,99.2,0,0,0,"",0
"2021-10-18","CRAZ22","CRA","CRA","CRA",0,"2023-03-15",0,1,0,0,0,0,0,0,0,0,0,0,0,0,0,99.18,0,0,0,"",0
"2021-10-18","CRAH23","CRA","CRA","CRA",0,"2023-06-21",0,1,0,0,0,0,0,0,0,0,0,0,0,0,0,99.15,0,0,0,"",0
"2021-10-18","CRAM23","CRA","CRA","CRA",0,"2023-09-20",0,1,0,0,0,0,0,0,0,0,0,0,0,0,0,99.12,0,0,0,"",0
"2021-10-18","CRAU23","CRA","CRA","CRA",0,"2023-12-20",0,1,0,0,0,0,0,0,0,0,0,0,0,0,0,99.09,0,0,0,"",0
"2021-10-18","CRAZ23","CRA","CRA","CRA",0,"2024-03-20",0,1,0,0,0,0,0,0,0,0,0,0,0,0,0,99.06,0,0,0,"",0
"2021-10-18","CRAH24","CRA","CRA","CRA",0,"2024-06-19",0,1,0,0,0,0,0,0,0,0,0,0,0,0,0,99.025,0,0,0,"",0
"2021-10-18","CRAM24","CRA","CRA","CRA",0,"2024-09-18",0,1,0,0,0,0,0,0,0,0,0,0,0,0,0,98.99,0,0,0,"",0
"2021-10-19","CRAU21","CRA","CRA","CRA",0,"2021-12-15",0,1,99.805,99.815,200,100,0,0,0,0,0,0,0,0,0,99.815,944,0,0,"",0
"2021-10-19","CRAZ21","CRA","CRA","CRA",0,"2022-03-16",0,1,99.73,99.745,200,200,0,0,0,0,0,0,0,0,0,99.745,649,0,0,"",0
"2021-10-19","CRAH22","CRA","CRA","CRA",0,"2022-06-15",0,1,99.49,99.505,200,200,0,0,0,0,0,0,0,0,0,99.51,352,0,0,"",0
"2021-10-19","CRAM22","CRA","CRA","CRA",0,"2022-09-21",0,1,99.205,99.225,100,101,0,0,0,0,0,0,0,0,0,99.22,0,0,0,"",0
"2021-10-19","CRAU22","CRA","CRA","CRA",0,"2022-12-21",0,1,0,0,0,0,0,0,0,0,0,0,0,0,0,99.2,0,0,0,"",0
"2021-10-19","CRAZ22","CRA","CRA","CRA",0,"2023-03-15",0,1,0,0,0,0,0,0,0,0,0,0,0,0,0,99.18,0,0,0,"",0
"2021-10-19","CRAH23","CRA","CRA","CRA",0,"2023-06-21",0,1,0,0,0,0,0,0,0,0,0,0,0,0,0,99.15,0,0,0,"",0
"2021-10-19","CRAM23","CRA","CRA","CRA",0,"2023-09-20",0,1,0,0,0,0,0,0,0,0,0,0,0,0,0,99.12,0,0,0,"",0
"2021-10-19","CRAU23","CRA","CRA","CRA",0,"2023-12-20",0,1,0,0,0,0,0,0,0,0,0,0,0,0,0,99.09,0,0,0,"",0
"2021-10-19","CRAZ23","CRA","CRA","CRA",0,"2024-03-20",0,1,0,0,0,0,0,0,0,0,0,0,0,0,0,99.06,0,0,0,"",0
"2021-10-19","CRAH24","CRA","CRA","CRA",0,"2024-06-19",0,1,0,0,0,0,0,0,0,0,0,0,0,0,0,99.025,0,0,0,"",0
"2021-10-19","CRAM24","CRA","CRA","CRA",0,"2024-09-18",0,1,0,0,0,0,0,0,0,0,0,0,0,0,0,98.99,0,0,0,"",0
"2021-10-20","CRAU21","CRA","CRA","CRA",0,"2021-12-15",0,1,99.805,99.815,100,100,0,0,0,0,0,0,0,0,0,99.815,944,0,0,"",0
"2021-10-20","CRAZ21","CRA","CRA","CRA",0,"2022-03-16",0,1,99.74,99.745,100,10,0,50,0,-0.005,99.745,99.745,99.74,0,2,99.745,649,0,0,"",0
"2021-10-20","CRAH22","CRA","CRA","CRA",0,"2022-06-15",0,1,99.52,99.535,102,102,0,0,0,0,0,0,0,0,0,99.52,352,0,0,"",0
"2021-10-20","CRAM22","CRA","CRA","CRA",0,"2022-09-21",0,1,99.245,99.265,100,100,0,0,0,0,0,0,0,0,0,99.25,0,0,0,"",0
"2021-10-20","CRAU22","CRA","CRA","CRA",0,"2022-12-21",0,1,0,0,0,0,0,0,0,0,0,0,0,0,0,99.23,0,0,0,"",0
"2021-10-20","CRAZ22","CRA","CRA","CRA",0,"2023-03-15",0,1,0,0,0,0,0,0,0,0,0,0,0,0,0,99.21,0,0,0,"",0
"2021-10-20","CRAH23","CRA","CRA","CRA",0,"2023-06-21",0,1,0,0,0,0,0,0,0,0,0,0,0,0,0,99.18,0,0,0,"",0
"2021-10-20","CRAM23","CRA","CRA","CRA",0,"2023-09-20",0,1,0,0,0,0,0,0,0,0,0,0,0,0,0,99.15,0,0,0,"",0
"2021-10-20","CRAU23","CRA","CRA","CRA",0,"2023-12-20",0,1,0,0,0,0,0,0,0,0,0,0,0,0,0,99.12,0,0,0,"",0
"2021-10-20","CRAZ23","CRA","CRA","CRA",0,"2024-03-20",0,1,0,0,0,0,0,0,0,0,0,0,0,0,0,99.09,0,0,0,"",0
"2021-10-20","CRAH24","CRA","CRA","CRA",0,"2024-06-19",0,1,0,0,0,0,0,0,0,0,0,0,0,0,0,99.055,0,0,0,"",0
"2021-10-20","CRAM24","CRA","CRA","CRA",0,"2024-09-18",0,1,0,0,0,0,0,0,0,0,0,0,0,0,0,99.02,0,0,0,"",0
"2021-10-21","CRAU21","CRA","CRA","CRA",0,"2021-12-15",0,1,99.805,99.815,100,100,0,0,0,0,0,0,0,0,0,99.815,944,0,0,"",0
"2021-10-21","CRAZ21","CRA","CRA","CRA",0,"2022-03-16",0,1,0,99.735,0,175,0,250,0,-0.025,99.735,99.735,99.72,0,5,99.725,674,0,0,"",0
"2021-10-21","CRAH22","CRA","CRA","CRA",0,"2022-06-15",0,1,0,0,0,0,0,100,0,-0.02,99.5,99.5,99.5,0,1,99.5,352,0,0,"",0
"2021-10-21","CRAM22","CRA","CRA","CRA",0,"2022-09-21",0,1,0,0,0,0,0,0,0,0,0,0,0,0,0,99.215,0,0,0,"",0
"2021-10-21","CRAU22","CRA","CRA","CRA",0,"2022-12-21",0,1,0,0,0,0,0,0,0,0,0,0,0,0,0,99.195,0,0,0,"",0
"2021-10-21","CRAZ22","CRA","CRA","CRA",0,"2023-03-15",0,1,0,0,0,0,0,0,0,0,0,0,0,0,0,99.175,0,0,0,"",0
"2021-10-21","CRAH23","CRA","CRA","CRA",0,"2023-06-21",0,1,0,0,0,0,0,0,0,0,0,0,0,0,0,99.145,0,0,0,"",0
"2021-10-21","CRAM23","CRA","CRA","CRA",0,"2023-09-20",0,1,0,0,0,0,0,0,0,0,0,0,0,0,0,99.115,0,0,0,"",0
"2021-10-21","CRAU23","CRA","CRA","CRA",0,"2023-12-20",0,1,0,0,0,0,0,0,0,0,0,0,0,0,0,99.085,0,0,0,"",0
"2021-10-21","CRAZ23","CRA","CRA","CRA",0,"2024-03-20",0,1,0,0,0,0,0,0,0,0,0,0,0,0,0,99.055,0,0,0,"",0
"2021-10-21","CRAH24","CRA","CRA","CRA",0,"2024-06-19",0,1,0,0,0,0,0,0,0,0,0,0,0,0,0,99.02,0,0,0,"",0
"2021-10-21","CRAM24","CRA","CRA","CRA",0,"2024-09-18",0,1,0,0,0,0,0,0,0,0,0,0,0,0,0,98.985,0,0,0,"",0
"2021-10-22","CRAU21","CRA","CRA","CRA",0,"2021-12-15",0,1,99.805,99.82,200,200,0,0,0,0,0,0,0,0,0,99.815,944,0,0,"",0
"2021-10-22","CRAZ21","CRA","CRA","CRA",0,"2022-03-16",0,1,99.7,99.72,100,100,0,0,0,0,0,0,0,0,0,99.72,799,0,0,"",0
"2021-10-22","CRAH22","CRA","CRA","CRA",0,"2022-06-15",0,1,99.485,99.505,100,100,0,0,0,0,0,0,0,0,0,99.495,252,0,0,"",0
"2021-10-22","CRAM22","CRA","CRA","CRA",0,"2022-09-21",0,1,99.195,99.21,100,100,0,0,0,0,0,0,0,0,0,99.21,0,0,0,"",0
"2021-10-22","CRAU22","CRA","CRA","CRA",0,"2022-12-21",0,1,0,0,0,0,0,0,0,0,0,0,0,0,0,99.19,0,0,0,"",0
"2021-10-22","CRAZ22","CRA","CRA","CRA",0,"2023-03-15",0,1,0,0,0,0,0,0,0,0,0,0,0,0,0,99.17,0,0,0,"",0
"2021-10-22","CRAH23","CRA","CRA","CRA",0,"2023-06-21",0,1,0,0,0,0,0,0,0,0,0,0,0,0,0,99.14,0,0,0,"",0
"2021-10-22","CRAM23","CRA","CRA","CRA",0,"2023-09-20",0,1,0,0,0,0,0,0,0,0,0,0,0,0,0,99.11,0,0,0,"",0
"2021-10-22","CRAU23","CRA","CRA","CRA",0,"2023-12-20",0,1,0,0,0,0,0,0,0,0,0,0,0,0,0,99.08,0,0,0,"",0
"2021-10-22","CRAZ23","CRA","CRA","CRA",0,"2024-03-20",0,1,0,0,0,0,0,0,0,0,0,0,0,0,0,99.05,0,0,0,"",0
"2021-10-22","CRAH24","CRA","CRA","CRA",0,"2024-06-19",0,1,0,0,0,0,0,0,0,0,0,0,0,0,0,99.015,0,0,0,"",0
"2021-10-22","CRAM24","CRA","CRA","CRA",0,"2024-09-18",0,1,0,0,0,0,0,0,0,0,0,0,0,0,0,98.98,0,0,0,"",0
"2021-10-25","CRAU21","CRA","CRA","CRA",0,"2021-12-15",0,1,99.805,99.82,100,100,0,0,0,0,0,0,0,0,0,99.815,944,0,0,"",0
"2021-10-25","CRAZ21","CRA","CRA","CRA",0,"2022-03-16",0,1,0,99.795,0,98,0,0,0,0,0,0,0,0,0,99.72,799,0,0,"",0
"2021-10-25","CRAH22","CRA","CRA","CRA",0,"2022-06-15",0,1,99.5,99.515,1,1,0,0,0,0,0,0,0,0,0,99.5,252,0,0,"",0
"2021-10-25","CRAM22","CRA","CRA","CRA",0,"2022-09-21",0,1,0,0,0,0,0,0,0,0,0,0,0,0,0,99.225,0,0,0,"",0
"2021-10-25","CRAU22","CRA","CRA","CRA",0,"2022-12-21",0,1,0,0,0,0,0,0,0,0,0,0,0,0,0,99.205,0,0,0,"",0
"2021-10-25","CRAZ22","CRA","CRA","CRA",0,"2023-03-15",0,1,0,0,0,0,0,0,0,0,0,0,0,0,0,99.185,0,0,0,"",0
"2021-10-25","CRAH23","CRA","CRA","CRA",0,"2023-06-21",0,1,0,0,0,0,0,0,0,0,0,0,0,0,0,99.155,0,0,0,"",0
"2021-10-25","CRAM23","CRA","CRA","CRA",0,"2023-09-20",0,1,0,0,0,0,0,0,0,0,0,0,0,0,0,99.125,0,0,0,"",0
"2021-10-25","CRAU23","CRA","CRA","CRA",0,"2023-12-20",0,1,0,0,0,0,0,0,0,0,0,0,0,0,0,99.095,0,0,0,"",0
"2021-10-25","CRAZ23","CRA","CRA","CRA",0,"2024-03-20",0,1,0,0,0,0,0,0,0,0,0,0,0,0,0,99.065,0,0,0,"",0
"2021-10-25","CRAH24","CRA","CRA","CRA",0,"2024-06-19",0,1,0,0,0,0,0,0,0,0,0,0,0,0,0,99.03,0,0,0,"",0
"2021-10-25","CRAM24","CRA","CRA","CRA",0,"2024-09-18",0,1,0,0,0,0,0,0,0,0,0,0,0,0,0,98.995,0,0,0,"",0
"2021-10-26","CRAU21","CRA","CRA","CRA",0,"2021-12-15",0,1,99.805,99.82,200,200,0,0,0,0,0,0,0,0,0,99.815,944,0,0,"",0
"2021-10-26","CRAZ21","CRA","CRA","CRA",0,"2022-03-16",0,1,0,99.745,0,25,0,0,0,0,0,0,0,0,0,99.725,799,0,0,"",0
"2021-10-26","CRAH22","CRA","CRA","CRA",0,"2022-06-15",0,1,99.485,99.505,1,1,0,0,0,0,0,0,0,0,0,99.505,252,0,0,"",0
"2021-10-26","CRAM22","CRA","CRA","CRA",0,"2022-09-21",0,1,0,0,0,0,0,0,0,0,0,0,0,0,0,99.23,0,0,0,"",0
"2021-10-26","CRAU22","CRA","CRA","CRA",0,"2022-12-21",0,1,0,0,0,0,0,0,0,0,0,0,0,0,0,99.21,0,0,0,"",0
"2021-10-26","CRAZ22","CRA","CRA","CRA",0,"2023-03-15",0,1,0,0,0,0,0,0,0,0,0,0,0,0,0,99.19,0,0,0,"",0
"2021-10-26","CRAH23","CRA","CRA","CRA",0,"2023-06-21",0,1,0,0,0,0,0,0,0,0,0,0,0,0,0,99.16,0,0,0,"",0
"2021-10-26","CRAM23","CRA","CRA","CRA",0,"2023-09-20",0,1,0,0,0,0,0,0,0,0,0,0,0,0,0,99.13,0,0,0,"",0
"2021-10-26","CRAU23","CRA","CRA","CRA",0,"2023-12-20",0,1,0,0,0,0,0,0,0,0,0,0,0,0,0,99.1,0,0,0,"",0
"2021-10-26","CRAZ23","CRA","CRA","CRA",0,"2024-03-20",0,1,0,0,0,0,0,0,0,0,0,0,0,0,0,99.07,0,0,0,"",0
"2021-10-26","CRAH24","CRA","CRA","CRA",0,"2024-06-19",0,1,0,0,0,0,0,0,0,0,0,0,0,0,0,99.035,0,0,0,"",0
"2021-10-26","CRAM24","CRA","CRA","CRA",0,"2024-09-18",0,1,0,0,0,0,0,0,0,0,0,0,0,0,0,99,0,0,0,"",0
"2021-10-27","CRAU21","CRA","CRA","CRA",0,"2021-12-15",0,1,99.795,0,100,0,0,0,0,0,0,0,0,0,0,99.815,944,0,0,"",0
"2021-10-27","CRAZ21","CRA","CRA","CRA",0,"2022-03-16",0,1,0,99.595,0,1,0,0,0,0,0,0,0,0,0,99.725,799,0,0,"",0
"2021-10-27","CRAH22","CRA","CRA","CRA",0,"2022-06-15",0,1,0,0,0,0,0,0,0,0,0,0,0,0,0,99.505,252,0,0,"",0
"2021-10-27","CRAM22","CRA","CRA","CRA",0,"2022-09-21",0,1,0,0,0,0,0,0,0,0,0,0,0,0,0,99.23,0,0,0,"",0
"2021-10-27","CRAU22","CRA","CRA","CRA",0,"2022-12-21",0,1,0,0,0,0,0,0,0,0,0,0,0,0,0,99.21,0,0,0,"",0
"2021-10-27","CRAZ22","CRA","CRA","CRA",0,"2023-03-15",0,1,0,0,0,0,0,0,0,0,0,0,0,0,0,99.19,0,0,0,"",0
"2021-10-27","CRAH23","CRA","CRA","CRA",0,"2023-06-21",0,1,0,0,0,0,0,0,0,0,0,0,0,0,0,99.16,0,0,0,"",0
"2021-10-27","CRAM23","CRA","CRA","CRA",0,"2023-09-20",0,1,0,0,0,0,0,0,0,0,0,0,0,0,0,99.13,0,0,0,"",0
"2021-10-27","CRAU23","CRA","CRA","CRA",0,"2023-12-20",0,1,0,0,0,0,0,0,0,0,0,0,0,0,0,99.1,0,0,0,"",0
"2021-10-27","CRAZ23","CRA","CRA","CRA",0,"2024-03-20",0,1,0,0,0,0,0,0,0,0,0,0,0,0,0,99.07,0,0,0,"",0
"2021-10-27","CRAH24","CRA","CRA","CRA",0,"2024-06-19",0,1,0,0,0,0,0,0,0,0,0,0,0,0,0,99.035,0,0,0,"",0
"2021-10-27","CRAM24","CRA","CRA","CRA",0,"2024-09-18",0,1,0,0,0,0,0,0,0,0,0,0,0,0,0,99,0,0,0,"",0
"2021-10-28","CRAU21","CRA","CRA","CRA",0,"2021-12-15",0,1,99.795,0,100,0,0,0,0,0,0,0,0,0,0,99.815,944,0,0,"",0
"2021-10-28","CRAZ21","CRA","CRA","CRA",0,"2022-03-16",0,1,0,99.69,0,10,0,0,0,0,0,0,0,0,0,99.725,799,0,0,"",0
"2021-10-28","CRAH22","CRA","CRA","CRA",0,"2022-06-15",0,1,0,0,0,0,0,0,0,0,0,0,0,0,0,99.505,252,0,0,"",0
"2021-10-28","CRAM22","CRA","CRA","CRA",0,"2022-09-21",0,1,0,0,0,0,0,0,0,0,0,0,0,0,0,99.23,0,0,0,"",0
"2021-10-28","CRAU22","CRA","CRA","CRA",0,"2022-12-21",0,1,0,0,0,0,0,0,0,0,0,0,0,0,0,99.21,0,0,0,"",0
"2021-10-28","CRAZ22","CRA","CRA","CRA",0,"2023-03-15",0,1,0,0,0,0,0,0,0,0,0,0,0,0,0,99.19,0,0,0,"",0
"2021-10-28","CRAH23","CRA","CRA","CRA",0,"2023-06-21",0,1,0,0,0,0,0,0,0,0,0,0,0,0,0,99.16,0,0,0,"",0
"2021-10-28","CRAM23","CRA","CRA","CRA",0,"2023-09-20",0,1,0,0,0,0,0,0,0,0,0,0,0,0,0,99.13,0,0,0,"",0
"2021-10-28","CRAU23","CRA","CRA","CRA",0,"2023-12-20",0,1,0,0,0,0,0,0,0,0,0,0,0,0,0,99.1,0,0,0,"",0
"2021-10-28","CRAZ23","CRA","CRA","CRA",0,"2024-03-20",0,1,0,0,0,0,0,0,0,0,0,0,0,0,0,99.07,0,0,0,"",0
"2021-10-28","CRAH24","CRA","CRA","CRA",0,"2024-06-19",0,1,0,0,0,0,0,0,0,0,0,0,0,0,0,99.035,0,0,0,"",0
"2021-10-28","CRAM24","CRA","CRA","CRA",0,"2024-09-18",0,1,0,0,0,0,0,0,0,0,0,0,0,0,0,99,0,0,0,"",0
"2021-10-29","CRAU21","CRA","CRA","CRA",0,"2021-12-15",0,1,99.8,0,49,0,0,0,0,0,0,0,0,0,0,99.815,944,0,0,"",0
"2021-10-29","CRAZ21","CRA","CRA","CRA",0,"2022-03-16",0,1,0,99.795,0,98,0,0,0,0,0,0,0,0,0,99.725,824,0,0,"",0
"2021-10-29","CRAH22","CRA","CRA","CRA",0,"2022-06-15",0,1,0,0,0,0,0,0,0,0,0,0,0,0,0,99.505,252,0,0,"",0
"2021-10-29","CRAM22","CRA","CRA","CRA",0,"2022-09-21",0,1,0,0,0,0,0,0,0,0,0,0,0,0,0,99.23,0,0,0,"",0
"2021-10-29","CRAU22","CRA","CRA","CRA",0,"2022-12-21",0,1,0,0,0,0,0,0,0,0,0,0,0,0,0,99.21,0,0,0,"",0
"2021-10-29","CRAZ22","CRA","CRA","CRA",0,"2023-03-15",0,1,0,0,0,0,0,0,0,0,0,0,0,0,0,99.19,0,0,0,"",0
"2021-10-29","CRAH23","CRA","CRA","CRA",0,"2023-06-21",0,1,0,0,0,0,0,0,0,0,0,0,0,0,0,99.16,0,0,0,"",0
"2021-10-29","CRAM23","CRA","CRA","CRA",0,"2023-09-20",0,1,0,0,0,0,0,0,0,0,0,0,0,0,0,99.13,0,0,0,"",0
"2021-10-29","CRAU23","CRA","CRA","CRA",0,"2023-12-20",0,1,0,0,0,0,0,0,0,0,0,0,0,0,0,99.1,0,0,0,"",0
"2021-10-29","CRAZ23","CRA","CRA","CRA",0,"2024-03-20",0,1,0,0,0,0,0,0,0,0,0,0,0,0,0,99.07,0,0,0,"",0
"2021-10-29","CRAH24","CRA","CRA","CRA",0,"2024-06-19",0,1,0,0,0,0,0,0,0,0,0,0,0,0,0,99.035,0,0,0,"",0
"2021-10-29","CRAM24","CRA","CRA","CRA",0,"2024-09-18",0,1,0,0,0,0,0,0,0,0,0,0,0,0,0,99,0,0,0,"",0
"2021-11-01","CRAU21","CRA","CRA","CRA",0,"2021-12-15",0,1,99.805,99.82,100,100,0,0,0,0,0,0,0,0,0,99.815,944,0,0,"",0
"2021-11-01","CRAZ21","CRA","CRA","CRA",0,"2022-03-16",0,1,99.66,99.675,20,20,0,0,0,0,0,0,0,0,0,99.68,824,0,0,"",0
"2021-11-01","CRAH22","CRA","CRA","CRA",0,"2022-06-15",0,1,99.3,99.315,20,20,0,0,0,0,0,0,0,0,0,99.32,252,0,0,"",0
"2021-11-01","CRAM22","CRA","CRA","CRA",0,"2022-09-21",0,1,0,0,0,0,0,0,0,0,0,0,0,0,0,99.045,0,0,0,"",0
"2021-11-01","CRAU22","CRA","CRA","CRA",0,"2022-12-21",0,1,0,0,0,0,0,0,0,0,0,0,0,0,0,99.025,0,0,0,"",0
"2021-11-01","CRAZ22","CRA","CRA","CRA",0,"2023-03-15",0,1,0,0,0,0,0,0,0,0,0,0,0,0,0,99.005,0,0,0,"",0
"2021-11-01","CRAH23","CRA","CRA","CRA",0,"2023-06-21",0,1,0,0,0,0,0,0,0,0,0,0,0,0,0,98.975,0,0,0,"",0
"2021-11-01","CRAM23","CRA","CRA","CRA",0,"2023-09-20",0,1,0,0,0,0,0,0,0,0,0,0,0,0,0,98.945,0,0,0,"",0
"2021-11-01","CRAU23","CRA","CRA","CRA",0,"2023-12-20",0,1,0,0,0,0,0,0,0,0,0,0,0,0,0,98.915,0,0,0,"",0
"2021-11-01","CRAZ23","CRA","CRA","CRA",0,"2024-03-20",0,1,0,0,0,0,0,0,0,0,0,0,0,0,0,98.885,0,0,0,"",0
"2021-11-01","CRAH24","CRA","CRA","CRA",0,"2024-06-19",0,1,0,0,0,0,0,0,0,0,0,0,0,0,0,98.85,0,0,0,"",0
"2021-11-01","CRAM24","CRA","CRA","CRA",0,"2024-09-18",0,1,0,0,0,0,0,0,0,0,0,0,0,0,0,98.815,0,0,0,"",0
"2021-11-02","CRAU21","CRA","CRA","CRA",0,"2021-12-15",0,1,99.805,99.82,200,200,0,0,0,0,0,0,0,0,0,99.815,944,0,0,"",0
"2021-11-02","CRAZ21","CRA","CRA","CRA",0,"2022-03-16",0,1,99.64,99.66,50,50,0,0,0,0,0,0,0,0,0,99.66,824,0,0,"",0
"2021-11-02","CRAH22","CRA","CRA","CRA",0,"2022-06-15",0,1,99.29,99.32,50,50,0,0,0,0,0,0,0,0,0,99.3,252,0,0,"",0
"2021-11-02","CRAM22","CRA","CRA","CRA",0,"2022-09-21",0,1,98.88,98.915,50,50,0,0,0,0,0,0,0,0,0,98.91,0,0,0,"",0
"2021-11-02","CRAU22","CRA","CRA","CRA",0,"2022-12-21",0,1,0,0,0,0,0,0,0,0,0,0,0,0,0,98.89,0,0,0,"",0
"2021-11-02","CRAZ22","CRA","CRA","CRA",0,"2023-03-15",0,1,0,0,0,0,0,0,0,0,0,0,0,0,0,98.87,0,0,0,"",0
"2021-11-02","CRAH23","CRA","CRA","CRA",0,"2023-06-21",0,1,0,0,0,0,0,0,0,0,0,0,0,0,0,98.84,0,0,0,"",0
"2021-11-02","CRAM23","CRA","CRA","CRA",0,"2023-09-20",0,1,0,0,0,0,0,0,0,0,0,0,0,0,0,98.81,0,0,0,"",0
"2021-11-02","CRAU23","CRA","CRA","CRA",0,"2023-12-20",0,1,0,0,0,0,0,0,0,0,0,0,0,0,0,98.78,0,0,0,"",0
"2021-11-02","CRAZ23","CRA","CRA","CRA",0,"2024-03-20",0,1,0,0,0,0,0,0,0,0,0,0,0,0,0,98.75,0,0,0,"",0
"2021-11-02","CRAH24","CRA","CRA","CRA",0,"2024-06-19",0,1,0,0,0,0,0,0,0,0,0,0,0,0,0,98.715,0,0,0,"",0
"2021-11-02","CRAM24","CRA","CRA","CRA",0,"2024-09-18",0,1,0,0,0,0,0,0,0,0,0,0,0,0,0,98.68,0,0,0,"",0
"2021-11-03","CRAU21","CRA","CRA","CRA",0,"2021-12-15",0,1,99.805,99.83,100,100,0,0,0,0,0,0,0,0,0,99.815,944,0,0,"",0
"2021-11-03","CRAZ21","CRA","CRA","CRA",0,"2022-03-16",0,1,0,99.795,0,98,0,0,0,0,0,0,0,0,0,99.66,824,0,0,"",0
"2021-11-03","CRAH22","CRA","CRA","CRA",0,"2022-06-15",0,1,0,0,0,0,0,0,0,0,0,0,0,0,0,99.3,252,0,0,"",0
"2021-11-03","CRAM22","CRA","CRA","CRA",0,"2022-09-21",0,1,0,0,0,0,0,0,0,0,0,0,0,0,0,98.91,0,0,0,"",0
"2021-11-03","CRAU22","CRA","CRA","CRA",0,"2022-12-21",0,1,0,0,0,0,0,0,0,0,0,0,0,0,0,98.89,0,0,0,"",0
"2021-11-03","CRAZ22","CRA","CRA","CRA",0,"2023-03-15",0,1,0,0,0,0,0,0,0,0,0,0,0,0,0,98.87,0,0,0,"",0
"2021-11-03","CRAH23","CRA","CRA","CRA",0,"2023-06-21",0,1,0,0,0,0,0,0,0,0,0,0,0,0,0,98.84,0,0,0,"",0
"2021-11-03","CRAM23","CRA","CRA","CRA",0,"2023-09-20",0,1,0,0,0,0,0,0,0,0,0,0,0,0,0,98.81,0,0,0,"",0
"2021-11-03","CRAU23","CRA","CRA","CRA",0,"2023-12-20",0,1,0,0,0,0,0,0,0,0,0,0,0,0,0,98.78,0,0,0,"",0
"2021-11-03","CRAZ23","CRA","CRA","CRA",0,"2024-03-20",0,1,0,0,0,0,0,0,0,0,0,0,0,0,0,98.75,0,0,0,"",0
"2021-11-03","CRAH24","CRA","CRA","CRA",0,"2024-06-19",0,1,0,0,0,0,0,0,0,0,0,0,0,0,0,98.715,0,0,0,"",0
"2021-11-03","CRAM24","CRA","CRA","CRA",0,"2024-09-18",0,1,0,0,0,0,0,0,0,0,0,0,0,0,0,98.68,0,0,0,"",0
"2021-11-04","CRAU21","CRA","CRA","CRA",0,"2021-12-15",0,1,99.805,99.825,100,65,0,0,0,0,0,0,0,0,0,99.815,944,0,0,"",0
"2021-11-04","CRAZ21","CRA","CRA","CRA",0,"2022-03-16",0,1,99.695,99.71,50,10,0,0,0,0,0,0,0,0,0,99.7,824,0,0,"",0
"2021-11-04","CRAH22","CRA","CRA","CRA",0,"2022-06-15",0,1,0,0,0,0,0,0,0,0,0,0,0,0,0,99.335,252,0,0,"",0
"2021-11-04","CRAM22","CRA","CRA","CRA",0,"2022-09-21",0,1,0,0,0,0,0,0,0,0,0,0,0,0,0,98.945,0,0,0,"",0
"2021-11-04","CRAU22","CRA","CRA","CRA",0,"2022-12-21",0,1,0,0,0,0,0,0,0,0,0,0,0,0,0,98.925,0,0,0,"",0
"2021-11-04","CRAZ22","CRA","CRA","CRA",0,"2023-03-15",0,1,0,0,0,0,0,0,0,0,0,0,0,0,0,98.905,0,0,0,"",0
"2021-11-04","CRAH23","CRA","CRA","CRA",0,"2023-06-21",0,1,0,0,0,0,0,0,0,0,0,0,0,0,0,98.875,0,0,0,"",0
"2021-11-04","CRAM23","CRA","CRA","CRA",0,"2023-09-20",0,1,0,0,0,0,0,0,0,0,0,0,0,0,0,98.845,0,0,0,"",0
"2021-11-04","CRAU23","CRA","CRA","CRA",0,"2023-12-20",0,1,0,0,0,0,0,0,0,0,0,0,0,0,0,98.815,0,0,0,"",0
"2021-11-04","CRAZ23","CRA","CRA","CRA",0,"2024-03-20",0,1,0,0,0,0,0,0,0,0,0,0,0,0,0,98.785,0,0,0,"",0
"2021-11-04","CRAH24","CRA","CRA","CRA",0,"2024-06-19",0,1,0,0,0,0,0,0,0,0,0,0,0,0,0,98.75,0,0,0,"",0
"2021-11-04","CRAM24","CRA","CRA","CRA",0,"2024-09-18",0,1,0,0,0,0,0,0,0,0,0,0,0,0,0,98.715,0,0,0,"",0
"2021-11-05","CRAU21","CRA","CRA","CRA",0,"2021-12-15",0,1,99.81,99.825,25,85,0,0,0,0,0,0,0,0,0,99.815,944,0,0,"",0
"2021-11-05","CRAZ21","CRA","CRA","CRA",0,"2022-03-16",0,1,99.72,99.73,100,5,0,75,0,0.02,99.715,99.72,99.715,0,4,99.72,824,0,0,"",0
"2021-11-05","CRAH22","CRA","CRA","CRA",0,"2022-06-15",0,1,99.365,99.39,50,50,0,0,0,0,0,0,0,0,0,99.355,252,0,0,"",0
"2021-11-05","CRAM22","CRA","CRA","CRA",0,"2022-09-21",0,1,98.99,99.025,50,50,0,0,0,0,0,0,0,0,0,98.98,0,0,0,"",0
"2021-11-05","CRAU22","CRA","CRA","CRA",0,"2022-12-21",0,1,0,0,0,0,0,0,0,0,0,0,0,0,0,98.96,0,0,0,"",0
"2021-11-05","CRAZ22","CRA","CRA","CRA",0,"2023-03-15",0,1,0,0,0,0,0,0,0,0,0,0,0,0,0,98.94,0,0,0,"",0
"2021-11-05","CRAH23","CRA","CRA","CRA",0,"2023-06-21",0,1,0,0,0,0,0,0,0,0,0,0,0,0,0,98.91,0,0,0,"",0
"2021-11-05","CRAM23","CRA","CRA","CRA",0,"2023-09-20",0,1,0,0,0,0,0,0,0,0,0,0,0,0,0,98.88,0,0,0,"",0
"2021-11-05","CRAU23","CRA","CRA","CRA",0,"2023-12-20",0,1,0,0,0,0,0,0,0,0,0,0,0,0,0,98.85,0,0,0,"",0
"2021-11-05","CRAZ23","CRA","CRA","CRA",0,"2024-03-20",0,1,0,0,0,0,0,0,0,0,0,0,0,0,0,98.82,0,0,0,"",0
"2021-11-05","CRAH24","CRA","CRA","CRA",0,"2024-06-19",0,1,0,0,0,0,0,0,0,0,0,0,0,0,0,98.785,0,0,0,"",0
"2021-11-05","CRAM24","CRA","CRA","CRA",0,"2024-09-18",0,1,0,0,0,0,0,0,0,0,0,0,0,0,0,98.75,0,0,0,"",0
"2021-11-08","CRAU21","CRA","CRA","CRA",0,"2021-12-15",0,1,99.81,99.825,125,135,0,0,0,0,0,0,0,0,0,99.815,944,0,0,"",0
"2021-11-08","CRAZ21","CRA","CRA","CRA",0,"2022-03-16",0,1,99.705,99.73,51,51,0,0,0,0,0,0,0,0,0,99.72,899,0,0,"",0
"2021-11-08","CRAH22","CRA","CRA","CRA",0,"2022-06-15",0,1,99.325,99.35,51,51,0,0,0,0,0,0,0,0,0,99.345,252,0,0,"",0
"2021-11-08","CRAM22","CRA","CRA","CRA",0,"2022-09-21",0,1,0,0,0,0,0,0,0,0,0,0,0,0,0,98.97,0,0,0,"",0
"2021-11-08","CRAU22","CRA","CRA","CRA",0,"2022-12-21",0,1,0,0,0,0,0,0,0,0,0,0,0,0,0,98.95,0,0,0,"",0
"2021-11-08","CRAZ22","CRA","CRA","CRA",0,"2023-03-15",0,1,0,0,0,0,0,0,0,0,0,0,0,0,0,98.93,0,0,0,"",0
"2021-11-08","CRAH23","CRA","CRA","CRA",0,"2023-06-21",0,1,0,0,0,0,0,0,0,0,0,0,0,0,0,98.9,0,0,0,"",0
"2021-11-08","CRAM23","CRA","CRA","CRA",0,"2023-09-20",0,1,0,0,0,0,0,0,0,0,0,0,0,0,0,98.87,0,0,0,"",0
"2021-11-08","CRAU23","CRA","CRA","CRA",0,"2023-12-20",0,1,0,0,0,0,0,0,0,0,0,0,0,0,0,98.84,0,0,0,"",0
"2021-11-08","CRAZ23","CRA","CRA","CRA",0,"2024-03-20",0,1,0,0,0,0,0,0,0,0,0,0,0,0,0,98.81,0,0,0,"",0
"2021-11-08","CRAH24","CRA","CRA","CRA",0,"2024-06-19",0,1,0,0,0,0,0,0,0,0,0,0,0,0,0,98.775,0,0,0,"",0
"2021-11-08","CRAM24","CRA","CRA","CRA",0,"2024-09-18",0,1,0,0,0,0,0,0,0,0,0,0,0,0,0,98.74,0,0,0,"",0
"2021-11-09","CRAU21","CRA","CRA","CRA",0,"2021-12-15",0,1,99.81,99.825,75,85,0,0,0,0,0,0,0,0,0,99.815,944,0,0,"",0
"2021-11-09","CRAZ21","CRA","CRA","CRA",0,"2022-03-16",0,1,99.715,99.73,50,10,0,0,0,0,0,0,0,0,0,99.72,824,0,0,"",0
"2021-11-09","CRAH22","CRA","CRA","CRA",0,"2022-06-15",0,1,99.335,99.36,50,50,0,0,0,0,0,0,0,0,0,99.345,252,0,0,"",0
"2021-11-09","CRAM22","CRA","CRA","CRA",0,"2022-09-21",0,1,98.975,99,50,50,0,0,0,0,0,0,0,0,0,98.975,0,0,0,"",0
"2021-11-09","CRAU22","CRA","CRA","CRA",0,"2022-12-21",0,1,0,0,0,0,0,0,0,0,0,0,0,0,0,98.955,0,0,0,"",0
"2021-11-09","CRAZ22","CRA","CRA","CRA",0,"2023-03-15",0,1,0,0,0,0,0,0,0,0,0,0,0,0,0,98.935,0,0,0,"",0
"2021-11-09","CRAH23","CRA","CRA","CRA",0,"2023-06-21",0,1,0,0,0,0,0,0,0,0,0,0,0,0,0,98.905,0,0,0,"",0
"2021-11-09","CRAM23","CRA","CRA","CRA",0,"2023-09-20",0,1,0,0,0,0,0,0,0,0,0,0,0,0,0,98.875,0,0,0,"",0
"2021-11-09","CRAU23","CRA","CRA","CRA",0,"2023-12-20",0,1,0,0,0,0,0,0,0,0,0,0,0,0,0,98.845,0,0,0,"",0
"2021-11-09","CRAZ23","CRA","CRA","CRA",0,"2024-03-20",0,1,0,0,0,0,0,0,0,0,0,0,0,0,0,98.815,0,0,0,"",0
"2021-11-09","CRAH24","CRA","CRA","CRA",0,"2024-06-19",0,1,0,0,0,0,0,0,0,0,0,0,0,0,0,98.78,0,0,0,"",0
"2021-11-09","CRAM24","CRA","CRA","CRA",0,"2024-09-18",0,1,0,0,0,0,0,0,0,0,0,0,0,0,0,98.745,0,0,0,"",0
"2021-11-10","CRAU21","CRA","CRA","CRA",0,"2021-12-15",0,1,99.81,99.82,125,500,0,0,0,0,0,0,0,0,0,99.815,944,0,0,"",0
"2021-11-10","CRAZ21","CRA","CRA","CRA",0,"2022-03-16",0,1,99.695,99.72,50,50,0,0,0,0,0,0,0,0,0,99.715,824,0,0,"",0
"2021-11-10","CRAH22","CRA","CRA","CRA",0,"2022-06-15",0,1,99.275,99.305,50,50,0,0,0,0,0,0,0,0,0,99.3,252,0,0,"",0
"2021-11-10","CRAM22","CRA","CRA","CRA",0,"2022-09-21",0,1,0,0,0,0,0,0,0,0,0,0,0,0,0,98.9,0,0,0,"",0
"2021-11-10","CRAU22","CRA","CRA","CRA",0,"2022-12-21",0,1,0,0,0,0,0,0,0,0,0,0,0,0,0,98.88,0,0,0,"",0
"2021-11-10","CRAZ22","CRA","CRA","CRA",0,"2023-03-15",0,1,0,0,0,0,0,0,0,0,0,0,0,0,0,98.86,0,0,0,"",0
"2021-11-10","CRAH23","CRA","CRA","CRA",0,"2023-06-21",0,1,0,0,0,0,0,0,0,0,0,0,0,0,0,98.83,0,0,0,"",0
"2021-11-10","CRAM23","CRA","CRA","CRA",0,"2023-09-20",0,1,0,0,0,0,0,0,0,0,0,0,0,0,0,98.8,0,0,0,"",0
"2021-11-10","CRAU23","CRA","CRA","CRA",0,"2023-12-20",0,1,0,0,0,0,0,0,0,0,0,0,0,0,0,98.77,0,0,0,"",0
"2021-11-10","CRAZ23","CRA","CRA","CRA",0,"2024-03-20",0,1,0,0,0,0,0,0,0,0,0,0,0,0,0,98.74,0,0,0,"",0
"2021-11-10","CRAH24","CRA","CRA","CRA",0,"2024-06-19",0,1,0,0,0,0,0,0,0,0,0,0,0,0,0,98.705,0,0,0,"",0
"2021-11-10","CRAM24","CRA","CRA","CRA",0,"2024-09-18",0,1,0,0,0,0,0,0,0,0,0,0,0,0,0,98.67,0,0,0,"",0
"2021-11-12","CRAU21","CRA","CRA","CRA",0,"2021-12-15",0,1,99.81,99.82,50,500,0,50,0,0,99.815,99.815,99.815,0,1,99.815,944,0,0,"",0
"2021-11-12","CRAZ21","CRA","CRA","CRA",0,"2022-03-16",0,1,99.695,99.71,50,10,0,0,0,0,0,0,0,0,0,99.715,824,0,0,"",0
"2021-11-12","CRAH22","CRA","CRA","CRA",0,"2022-06-15",0,1,99.275,99.305,50,50,0,0,0,0,0,0,0,0,0,99.3,252,0,0,"",0
"2021-11-12","CRAM22","CRA","CRA","CRA",0,"2022-09-21",0,1,98.895,98.925,50,50,0,0,0,0,0,0,0,0,0,98.9,0,0,0,"",0
"2021-11-12","CRAU22","CRA","CRA","CRA",0,"2022-12-21",0,1,0,0,0,0,0,0,0,0,0,0,0,0,0,98.88,0,0,0,"",0
"2021-11-12","CRAZ22","CRA","CRA","CRA",0,"2023-03-15",0,1,0,0,0,0,0,0,0,0,0,0,0,0,0,98.86,0,0,0,"",0
"2021-11-12","CRAH23","CRA","CRA","CRA",0,"2023-06-21",0,1,0,0,0,0,0,0,0,0,0,0,0,0,0,98.83,0,0,0,"",0
"2021-11-12","CRAM23","CRA","CRA","CRA",0,"2023-09-20",0,1,0,0,0,0,0,0,0,0,0,0,0,0,0,98.8,0,0,0,"",0
"2021-11-12","CRAU23","CRA","CRA","CRA",0,"2023-12-20",0,1,0,0,0,0,0,0,0,0,0,0,0,0,0,98.77,0,0,0,"",0
"2021-11-12","CRAZ23","CRA","CRA","CRA",0,"2024-03-20",0,1,0,0,0,0,0,0,0,0,0,0,0,0,0,98.74,0,0,0,"",0
"2021-11-12","CRAH24","CRA","CRA","CRA",0,"2024-06-19",0,1,0,0,0,0,0,0,0,0,0,0,0,0,0,98.705,0,0,0,"",0
"2021-11-12","CRAM24","CRA","CRA","CRA",0,"2024-09-18",0,1,0,0,0,0,0,0,0,0,0,0,0,0,0,98.67,0,0,0,"",0
"2021-11-15","CRAU21","CRA","CRA","CRA",0,"2021-12-15",0,1,99.81,99.82,50,500,0,0,0,0,0,0,0,0,0,99.815,944,0,0,"",0
"2021-11-15","CRAZ21","CRA","CRA","CRA",0,"2022-03-16",0,1,0,0,0,0,0,0,0,0,0,0,0,0,0,99.7,824,0,0,"",0
"2021-11-15","CRAH22","CRA","CRA","CRA",0,"2022-06-15",0,1,0,0,0,0,0,0,0,0,0,0,0,0,0,99.265,252,0,0,"",0
"2021-11-15","CRAM22","CRA","CRA","CRA",0,"2022-09-21",0,1,0,0,0,0,0,0,0,0,0,0,0,0,0,98.865,0,0,0,"",0
"2021-11-15","CRAU22","CRA","CRA","CRA",0,"2022-12-21",0,1,0,0,0,0,0,0,0,0,0,0,0,0,0,98.845,0,0,0,"",0
"2021-11-15","CRAZ22","CRA","CRA","CRA",0,"2023-03-15",0,1,0,0,0,0,0,0,0,0,0,0,0,0,0,98.825,0,0,0,"",0
"2021-11-15","CRAH23","CRA","CRA","CRA",0,"2023-06-21",0,1,0,0,0,0,0,0,0,0,0,0,0,0,0,98.795,0,0,0,"",0
"2021-11-15","CRAM23","CRA","CRA","CRA",0,"2023-09-20",0,1,0,0,0,0,0,0,0,0,0,0,0,0,0,98.765,0,0,0,"",0
"2021-11-15","CRAU23","CRA","CRA","CRA",0,"2023-12-20",0,1,0,0,0,0,0,0,0,0,0,0,0,0,0,98.735,0,0,0,"",0
"2021-11-15","CRAZ23","CRA","CRA","CRA",0,"2024-03-20",0,1,0,0,0,0,0,0,0,0,0,0,0,0,0,98.705,0,0,0,"",0
"2021-11-15","CRAH24","CRA","CRA","CRA",0,"2024-06-19",0,1,0,0,0,0,0,0,0,0,0,0,0,0,0,98.67,0,0,0,"",0
"2021-11-15","CRAM24","CRA","CRA","CRA",0,"2024-09-18",0,1,0,0,0,0,0,0,0,0,0,0,0,0,0,98.635,0,0,0,"",0
"2021-11-16","CRAU21","CRA","CRA","CRA",0,"2021-12-15",0,1,99.805,99.82,100,500,0,0,0,0,0,0,0,0,0,99.815,894,0,0,"",0
"2021-11-16","CRAZ21","CRA","CRA","CRA",0,"2022-03-16",0,1,99.675,99.7,50,50,0,0,0,0,0,0,0,0,0,99.7,824,0,0,"",0
"2021-11-16","CRAH22","CRA","CRA","CRA",0,"2022-06-15",0,1,99.24,99.27,60,50,0,0,0,0,0,0,0,0,0,99.265,252,0,0,"",0
"2021-11-16","CRAM22","CRA","CRA","CRA",0,"2022-09-21",0,1,98.84,98.87,50,50,0,0,0,0,0,0,0,0,0,98.865,0,0,0,"",0
"2021-11-16","CRAU22","CRA","CRA","CRA",0,"2022-12-21",0,1,0,0,0,0,0,0,0,0,0,0,0,0,0,98.845,0,0,0,"",0
"2021-11-16","CRAZ22","CRA","CRA","CRA",0,"2023-03-15",0,1,0,0,0,0,0,0,0,0,0,0,0,0,0,98.825,0,0,0,"",0
"2021-11-16","CRAH23","CRA","CRA","CRA",0,"2023-06-21",0,1,0,0,0,0,0,0,0,0,0,0,0,0,0,98.795,0,0,0,"",0
"2021-11-16","CRAM23","CRA","CRA","CRA",0,"2023-09-20",0,1,0,0,0,0,0,0,0,0,0,0,0,0,0,98.765,0,0,0,"",0
"2021-11-16","CRAU23","CRA","CRA","CRA",0,"2023-12-20",0,1,0,0,0,0,0,0,0,0,0,0,0,0,0,98.735,0,0,0,"",0
"2021-11-16","CRAZ23","CRA","CRA","CRA",0,"2024-03-20",0,1,0,0,0,0,0,0,0,0,0,0,0,0,0,98.705,0,0,0,"",0
"2021-11-16","CRAH24","CRA","CRA","CRA",0,"2024-06-19",0,1,0,0,0,0,0,0,0,0,0,0,0,0,0,98.67,0,0,0,"",0
"2021-11-16","CRAM24","CRA","CRA","CRA",0,"2024-09-18",0,1,0,0,0,0,0,0,0,0,0,0,0,0,0,98.635,0,0,0,"",0
"2021-11-17","CRAU21","CRA","CRA","CRA",0,"2021-12-15",0,1,99.81,99.82,25,500,0,0,0,0,0,0,0,0,0,99.815,894,0,0,"",0
"2021-11-17","CRAZ21","CRA","CRA","CRA",0,"2022-03-16",0,1,0,0,0,0,0,0,0,0,0,0,0,0,0,99.7,824,0,0,"",0
"2021-11-17","CRAH22","CRA","CRA","CRA",0,"2022-06-15",0,1,0,0,0,0,0,0,0,0,0,0,0,0,0,99.3,252,0,0,"",0
"2021-11-17","CRAM22","CRA","CRA","CRA",0,"2022-09-21",0,1,0,0,0,0,0,0,0,0,0,0,0,0,0,98.905,0,0,0,"",0
"2021-11-17","CRAU22","CRA","CRA","CRA",0,"2022-12-21",0,1,0,0,0,0,0,0,0,0,0,0,0,0,0,98.885,0,0,0,"",0
"2021-11-17","CRAZ22","CRA","CRA","CRA",0,"2023-03-15",0,1,0,0,0,0,0,0,0,0,0,0,0,0,0,98.865,0,0,0,"",0
"2021-11-17","CRAH23","CRA","CRA","CRA",0,"2023-06-21",0,1,0,0,0,0,0,0,0,0,0,0,0,0,0,98.835,0,0,0,"",0
"2021-11-17","CRAM23","CRA","CRA","CRA",0,"2023-09-20",0,1,0,0,0,0,0,0,0,0,0,0,0,0,0,98.805,0,0,0,"",0
"2021-11-17","CRAU23","CRA","CRA","CRA",0,"2023-12-20",0,1,0,0,0,0,0,0,0,0,0,0,0,0,0,98.775,0,0,0,"",0
"2021-11-17","CRAZ23","CRA","CRA","CRA",0,"2024-03-20",0,1,0,0,0,0,0,0,0,0,0,0,0,0,0,98.745,0,0,0,"",0
"2021-11-17","CRAH24","CRA","CRA","CRA",0,"2024-06-19",0,1,0,0,0,0,0,0,0,0,0,0,0,0,0,98.71,0,0,0,"",0
"2021-11-17","CRAM24","CRA","CRA","CRA",0,"2024-09-18",0,1,0,0,0,0,0,0,0,0,0,0,0,0,0,98.675,0,0,0,"",0
"2021-11-18","CRAU21","CRA","CRA","CRA",0,"2021-12-15",0,1,99.81,99.82,25,500,0,0,0,0,0,0,0,0,0,99.815,894,0,0,"",0
"2021-11-18","CRAZ21","CRA","CRA","CRA",0,"2022-03-16",0,1,0,0,0,0,0,0,0,0,0,0,0,0,0,99.705,824,0,0,"",0
"2021-11-18","CRAH22","CRA","CRA","CRA",0,"2022-06-15",0,1,0,0,0,0,0,0,0,0,0,0,0,0,0,99.315,252,0,0,"",0
"2021-11-18","CRAM22","CRA","CRA","CRA",0,"2022-09-21",0,1,0,0,0,0,0,0,0,0,0,0,0,0,0,98.92,0,0,0,"",0
"2021-11-18","CRAU22","CRA","CRA","CRA",0,"2022-12-21",0,1,0,0,0,0,0,0,0,0,0,0,0,0,0,98.9,0,0,0,"",0
"2021-11-18","CRAZ22","CRA","CRA","CRA",0,"2023-03-15",0,1,0,0,0,0,0,0,0,0,0,0,0,0,0,98.88,0,0,0,"",0
"2021-11-18","CRAH23","CRA","CRA","CRA",0,"2023-06-21",0,1,0,0,0,0,0,0,0,0,0,0,0,0,0,98.85,0,0,0,"",0
"2021-11-18","CRAM23","CRA","CRA","CRA",0,"2023-09-20",0,1,0,0,0,0,0,0,0,0,0,0,0,0,0,98.82,0,0,0,"",0
"2021-11-18","CRAU23","CRA","CRA","CRA",0,"2023-12-20",0,1,0,0,0,0,0,0,0,0,0,0,0,0,0,98.79,0,0,0,"",0
"2021-11-18","CRAZ23","CRA","CRA","CRA",0,"2024-03-20",0,1,0,0,0,0,0,0,0,0,0,0,0,0,0,98.76,0,0,0,"",0
"2021-11-18","CRAH24","CRA","CRA","CRA",0,"2024-06-19",0,1,0,0,0,0,0,0,0,0,0,0,0,0,0,98.725,0,0,0,"",0
"2021-11-18","CRAM24","CRA","CRA","CRA",0,"2024-09-18",0,1,0,0,0,0,0,0,0,0,0,0,0,0,0,98.69,0,0,0,"",0
"2021-11-19","CRAU21","CRA","CRA","CRA",0,"2021-12-15",0,1,99.81,99.825,25,85,0,0,0,0,0,0,0,0,0,99.815,894,0,0,"",0
"2021-11-19","CRAZ21","CRA","CRA","CRA",0,"2022-03-16",0,1,0,99.72,0,10,0,0,0,0,0,0,0,0,0,99.705,824,0,0,"",0
"2021-11-19","CRAH22","CRA","CRA","CRA",0,"2022-06-15",0,1,0,0,0,0,0,0,0,0,0,0,0,0,0,99.32,252,0,0,"",0
"2021-11-19","CRAM22","CRA","CRA","CRA",0,"2022-09-21",0,1,0,0,0,0,0,0,0,0,0,0,0,0,0,98.925,0,0,0,"",0
"2021-11-19","CRAU22","CRA","CRA","CRA",0,"2022-12-21",0,1,0,0,0,0,0,0,0,0,0,0,0,0,0,98.905,0,0,0,"",0
"2021-11-19","CRAZ22","CRA","CRA","CRA",0,"2023-03-15",0,1,0,0,0,0,0,0,0,0,0,0,0,0,0,98.885,0,0,0,"",0
"2021-11-19","CRAH23","CRA","CRA","CRA",0,"2023-06-21",0,1,0,0,0,0,0,0,0,0,0,0,0,0,0,98.855,0,0,0,"",0
"2021-11-19","CRAM23","CRA","CRA","CRA",0,"2023-09-20",0,1,0,0,0,0,0,0,0,0,0,0,0,0,0,98.825,0,0,0,"",0
"2021-11-19","CRAU23","CRA","CRA","CRA",0,"2023-12-20",0,1,0,0,0,0,0,0,0,0,0,0,0,0,0,98.795,0,0,0,"",0
"2021-11-19","CRAZ23","CRA","CRA","CRA",0,"2024-03-20",0,1,0,0,0,0,0,0,0,0,0,0,0,0,0,98.765,0,0,0,"",0
"2021-11-19","CRAH24","CRA","CRA","CRA",0,"2024-06-19",0,1,0,0,0,0,0,0,0,0,0,0,0,0,0,98.73,0,0,0,"",0
"2021-11-19","CRAM24","CRA","CRA","CRA",0,"2024-09-18",0,1,0,0,0,0,0,0,0,0,0,0,0,0,0,98.695,0,0,0,"",0
"2021-11-22","CRAU21","CRA","CRA","CRA",0,"2021-12-15",0,1,99.815,99.8225,84,100,0,65,0,0,99.815,99.815,99.815,0,1,99.815,894,0,0,"",0
"2021-11-22","CRAZ21","CRA","CRA","CRA",0,"2022-03-16",0,1,0,99.71,0,10,0,0,0,0,0,0,0,0,0,99.705,824,0,0,"",0
"2021-11-22","CRAH22","CRA","CRA","CRA",0,"2022-06-15",0,1,0,0,0,0,0,3,0,0,99.32,99.32,99.32,0,1,99.31,252,0,0,"",0
"2021-11-22","CRAM22","CRA","CRA","CRA",0,"2022-09-21",0,1,0,0,0,0,0,0,0,0,0,0,0,0,0,98.885,0,0,0,"",0
"2021-11-22","CRAU22","CRA","CRA","CRA",0,"2022-12-21",0,1,0,0,0,0,0,0,0,0,0,0,0,0,0,98.865,0,0,0,"",0
"2021-11-22","CRAZ22","CRA","CRA","CRA",0,"2023-03-15",0,1,0,0,0,0,0,0,0,0,0,0,0,0,0,98.845,0,0,0,"",0
"2021-11-22","CRAH23","CRA","CRA","CRA",0,"2023-06-21",0,1,0,0,0,0,0,0,0,0,0,0,0,0,0,98.815,0,0,0,"",0
"2021-11-22","CRAM23","CRA","CRA","CRA",0,"2023-09-20",0,1,0,0,0,0,0,0,0,0,0,0,0,0,0,98.785,0,0,0,"",0
"2021-11-22","CRAU23","CRA","CRA","CRA",0,"2023-12-20",0,1,0,0,0,0,0,0,0,0,0,0,0,0,0,98.755,0,0,0,"",0
"2021-11-22","CRAZ23","CRA","CRA","CRA",0,"2024-03-20",0,1,0,0,0,0,0,0,0,0,0,0,0,0,0,98.725,0,0,0,"",0
"2021-11-22","CRAH24","CRA","CRA","CRA",0,"2024-06-19",0,1,0,0,0,0,0,0,0,0,0,0,0,0,0,98.69,0,0,0,"",0
"2021-11-22","CRAM24","CRA","CRA","CRA",0,"2024-09-18",0,1,0,0,0,0,0,0,0,0,0,0,0,0,0,98.655,0,0,0,"",0
"2021-11-23","CRAU21","CRA","CRA","CRA",0,"2021-12-15",0,1,99.815,99.8225,49,100,0,0,0,0,0,0,0,0,0,99.815,959,0,0,"",0
"2021-11-23","CRAZ21","CRA","CRA","CRA",0,"2022-03-16",0,1,99.66,99.735,1,1,0,587,0,0.02,99.705,99.73,99.705,0,12,99.715,824,0,0,"",0
"2021-11-23","CRAH22","CRA","CRA","CRA",0,"2022-06-15",0,1,0,0,0,0,0,100,0,0.04,99.35,99.35,99.35,0,4,99.335,255,0,0,"",0
"2021-11-23","CRAM22","CRA","CRA","CRA",0,"2022-09-21",0,1,0,0,0,0,0,0,0,0,0,0,0,0,0,98.9,0,0,0,"",0
"2021-11-23","CRAU22","CRA","CRA","CRA",0,"2022-12-21",0,1,0,0,0,0,0,0,0,0,0,0,0,0,0,98.88,0,0,0,"",0
"2021-11-23","CRAZ22","CRA","CRA","CRA",0,"2023-03-15",0,1,0,0,0,0,0,0,0,0,0,0,0,0,0,98.86,0,0,0,"",0
"2021-11-23","CRAH23","CRA","CRA","CRA",0,"2023-06-21",0,1,0,0,0,0,0,0,0,0,0,0,0,0,0,98.83,0,0,0,"",0
"2021-11-23","CRAM23","CRA","CRA","CRA",0,"2023-09-20",0,1,0,0,0,0,0,0,0,0,0,0,0,0,0,98.8,0,0,0,"",0
"2021-11-23","CRAU23","CRA","CRA","CRA",0,"2023-12-20",0,1,0,0,0,0,0,0,0,0,0,0,0,0,0,98.77,0,0,0,"",0
"2021-11-23","CRAZ23","CRA","CRA","CRA",0,"2024-03-20",0,1,0,0,0,0,0,0,0,0,0,0,0,0,0,98.74,0,0,0,"",0
"2021-11-23","CRAH24","CRA","CRA","CRA",0,"2024-06-19",0,1,0,0,0,0,0,0,0,0,0,0,0,0,0,98.705,0,0,0,"",0
"2021-11-23","CRAM24","CRA","CRA","CRA",0,"2024-09-18",0,1,0,0,0,0,0,0,0,0,0,0,0,0,0,98.67,0,0,0,"",0
"2021-11-24","CRAU21","CRA","CRA","CRA",0,"2021-12-15",0,1,99.8175,99.8225,19,100,0,0,0,0,0,0,0,0,0,99.815,894,0,0,"",0
"2021-11-24","CRAZ21","CRA","CRA","CRA",0,"2022-03-16",0,1,99.715,0,100,0,0,0,0,0,0,0,0,0,0,99.72,1061,0,0,"",0
"2021-11-24","CRAH22","CRA","CRA","CRA",0,"2022-06-15",0,1,0,0,0,0,0,0,0,0,0,0,0,0,0,99.34,352,0,0,"",0
"2021-11-24","CRAM22","CRA","CRA","CRA",0,"2022-09-21",0,1,0,0,0,0,0,0,0,0,0,0,0,0,0,98.885,0,0,0,"",0
"2021-11-24","CRAU22","CRA","CRA","CRA",0,"2022-12-21",0,1,0,0,0,0,0,0,0,0,0,0,0,0,0,98.865,0,0,0,"",0
"2021-11-24","CRAZ22","CRA","CRA","CRA",0,"2023-03-15",0,1,0,0,0,0,0,0,0,0,0,0,0,0,0,98.845,0,0,0,"",0
"2021-11-24","CRAH23","CRA","CRA","CRA",0,"2023-06-21",0,1,0,0,0,0,0,0,0,0,0,0,0,0,0,98.815,0,0,0,"",0
"2021-11-24","CRAM23","CRA","CRA","CRA",0,"2023-09-20",0,1,0,0,0,0,0,0,0,0,0,0,0,0,0,98.785,0,0,0,"",0
"2021-11-24","CRAU23","CRA","CRA","CRA",0,"2023-12-20",0,1,0,0,0,0,0,0,0,0,0,0,0,0,0,98.755,0,0,0,"",0
"2021-11-24","CRAZ23","CRA","CRA","CRA",0,"2024-03-20",0,1,0,0,0,0,0,0,0,0,0,0,0,0,0,98.725,0,0,0,"",0
"2021-11-24","CRAH24","CRA","CRA","CRA",0,"2024-06-19",0,1,0,0,0,0,0,0,0,0,0,0,0,0,0,98.69,0,0,0,"",0
"2021-11-24","CRAM24","CRA","CRA","CRA",0,"2024-09-18",0,1,0,0,0,0,0,0,0,0,0,0,0,0,0,98.655,0,0,0,"",0
"2021-11-25","CRAU21","CRA","CRA","CRA",0,"2021-12-15",0,1,99.8175,99.8225,19,100,0,0,0,0,0,0,0,0,0,99.815,894,0,0,"",0
"2021-11-25","CRAZ21","CRA","CRA","CRA",0,"2022-03-16",0,1,0,0,0,0,0,0,0,0,0,0,0,0,0,99.72,924,0,0,"",0
"2021-11-25","CRAH22","CRA","CRA","CRA",0,"2022-06-15",0,1,0,0,0,0,0,0,0,0,0,0,0,0,0,99.34,352,0,0,"",0
"2021-11-25","CRAM22","CRA","CRA","CRA",0,"2022-09-21",0,1,0,0,0,0,0,0,0,0,0,0,0,0,0,98.865,0,0,0,"",0
"2021-11-25","CRAU22","CRA","CRA","CRA",0,"2022-12-21",0,1,0,0,0,0,0,0,0,0,0,0,0,0,0,98.845,0,0,0,"",0
"2021-11-25","CRAZ22","CRA","CRA","CRA",0,"2023-03-15",0,1,0,0,0,0,0,0,0,0,0,0,0,0,0,98.825,0,0,0,"",0
"2021-11-25","CRAH23","CRA","CRA","CRA",0,"2023-06-21",0,1,0,0,0,0,0,0,0,0,0,0,0,0,0,98.795,0,0,0,"",0
"2021-11-25","CRAM23","CRA","CRA","CRA",0,"2023-09-20",0,1,0,0,0,0,0,0,0,0,0,0,0,0,0,98.765,0,0,0,"",0
"2021-11-25","CRAU23","CRA","CRA","CRA",0,"2023-12-20",0,1,0,0,0,0,0,0,0,0,0,0,0,0,0,98.735,0,0,0,"",0
"2021-11-25","CRAZ23","CRA","CRA","CRA",0,"2024-03-20",0,1,0,0,0,0,0,0,0,0,0,0,0,0,0,98.705,0,0,0,"",0
"2021-11-25","CRAH24","CRA","CRA","CRA",0,"2024-06-19",0,1,0,0,0,0,0,0,0,0,0,0,0,0,0,98.67,0,0,0,"",0
"2021-11-25","CRAM24","CRA","CRA","CRA",0,"2024-09-18",0,1,0,0,0,0,0,0,0,0,0,0,0,0,0,98.635,0,0,0,"",0
"2021-11-26","CRAU21","CRA","CRA","CRA",0,"2021-12-15",0,1,99.8175,99.8225,19,100,0,0,0,0,0,0,0,0,0,99.815,894,0,0,"",0
"2021-11-26","CRAZ21","CRA","CRA","CRA",0,"2022-03-16",0,1,99.725,99.765,1,1,0,0,0,0,0,0,0,0,0,99.72,924,0,0,"",0
"2021-11-26","CRAH22","CRA","CRA","CRA",0,"2022-06-15",0,1,99.445,99.485,1,1,0,0,0,0,0,0,0,0,0,99.34,352,0,0,"",0
"2021-11-26","CRAM22","CRA","CRA","CRA",0,"2022-09-21",0,1,0,0,0,0,0,0,0,0,0,0,0,0,0,98.865,0,0,0,"",0
"2021-11-26","CRAU22","CRA","CRA","CRA",0,"2022-12-21",0,1,0,0,0,0,0,0,0,0,0,0,0,0,0,98.845,0,0,0,"",0
"2021-11-26","CRAZ22","CRA","CRA","CRA",0,"2023-03-15",0,1,0,0,0,0,0,0,0,0,0,0,0,0,0,98.825,0,0,0,"",0
"2021-11-26","CRAH23","CRA","CRA","CRA",0,"2023-06-21",0,1,0,0,0,0,0,0,0,0,0,0,0,0,0,98.795,0,0,0,"",0
"2021-11-26","CRAM23","CRA","CRA","CRA",0,"2023-09-20",0,1,0,0,0,0,0,0,0,0,0,0,0,0,0,98.765,0,0,0,"",0
"2021-11-26","CRAU23","CRA","CRA","CRA",0,"2023-12-20",0,1,0,0,0,0,0,0,0,0,0,0,0,0,0,98.735,0,0,0,"",0
"2021-11-26","CRAZ23","CRA","CRA","CRA",0,"2024-03-20",0,1,0,0,0,0,0,0,0,0,0,0,0,0,0,98.705,0,0,0,"",0
"2021-11-26","CRAH24","CRA","CRA","CRA",0,"2024-06-19",0,1,0,0,0,0,0,0,0,0,0,0,0,0,0,98.67,0,0,0,"",0
"2021-11-26","CRAM24","CRA","CRA","CRA",0,"2024-09-18",0,1,0,0,0,0,0,0,0,0,0,0,0,0,0,98.635,0,0,0,"",0