"Date","Symbol","Class Symbol","Root Symbol","Underlying Symbol","Strike Price","Expiry Date","Call/Put","Ins. Type","Bid Price","Ask Price","Bid Size","Ask Size","Last Price","Volume","Last Close Price","Net Change","Open Price","High Price","Low Price","Total Value","Nb. Trades","Settlement Price","Open Interest","Implied Volatility","Accrued Financing Value","Accrued Financing Date","CORRA Rate"
"2023-06-01","CRAH23","CRA","CRA","CRA",0,"2023-06-21",0,1,95.465,95.47,51,660,0,504,0,-0.0025,95.4675,95.4675,95.465,0,17,95.4675,40940,0,0,"",0
"2023-06-01","CRAM23","CRA","CRA","CRA",0,"2023-09-20",0,1,95.29,95.295,270,27,0,3207,0,-0.015,95.3,95.315,95.28,0,96,95.3,68519,0,0,"",0
"2023-06-01","CRAU23","CRA","CRA","CRA",0,"2023-12-20",0,1,95.17,95.195,100,50,0,4951,0,-0.025,95.175,95.215,95.15,0,489,95.2,83684,0,0,"",0
"2023-06-01","CRAZ23","CRA","CRA","CRA",0,"2024-03-20",0,1,95.21,95.225,200,250,0,4350,0,-0.01,95.17,95.255,95.165,0,615,95.235,29314,0,0,"",0
"2023-06-01","CRAH24","CRA","CRA","CRA",0,"2024-06-19",0,1,95.35,95.37,80,100,0,2672,0,0,95.31,95.395,95.3,0,283,95.37,19477,0,0,"",0
"2023-06-01","CRAM24","CRA","CRA","CRA",0,"2024-09-18",0,1,95.61,95.625,10,100,0,2625,0,0.005,95.585,95.64,95.535,0,228,95.625,24205,0,0,"",0
"2023-06-01","CRAU24","CRA","CRA","CRA",0,"2024-12-18",0,1,95.9,95.925,100,100,0,1354,0,-0.005,95.855,95.925,95.845,0,233,95.92,11435,0,0,"",0
"2023-06-01","CRAZ24","CRA","CRA","CRA",0,"2025-03-19",0,1,96.22,96.245,102,100,0,588,0,0,96.22,96.245,96.16,0,95,96.24,3422,0,0,"",0
"2023-06-01","CRAH25","CRA","CRA","CRA",0,"2025-06-18",0,1,0,96.5,0,50,0,198,0,0,96.43,96.46,96.425,0,41,96.46,967,0,0,"",0
"2023-06-01","CRAM25","CRA","CRA","CRA",0,"2025-09-17",0,1,96.62,96.665,1,50,0,266,0,0.005,96.6,96.625,96.585,0,37,96.62,693,0,0,"",0
"2023-06-01","CRAU25","CRA","CRA","CRA",0,"2025-12-17",0,1,0,0,0,0,0,229,0,0.005,96.73,96.765,96.72,0,15,96.76,197,0,0,"",0
"2023-06-01","CRAZ25","CRA","CRA","CRA",0,"2026-03-18",0,1,0,0,0,0,0,34,0,0,0,0,0,0,3,96.89,202,0,0,"",0
"2023-06-02","CRAH23","CRA","CRA","CRA",0,"2023-06-21",0,1,95.46,95.465,1550,625,0,4215,0,-0.0025,95.465,95.465,95.46,0,57,95.465,40983,0,0,"",0
"2023-06-02","CRAM23","CRA","CRA","CRA",0,"2023-09-20",0,1,95.245,95.255,250,250,0,8291,0,-0.04,95.285,95.285,95.25,0,248,95.27,68406,0,0,"",0
"2023-06-02","CRAU23","CRA","CRA","CRA",0,"2023-12-20",0,1,95.115,95.13,250,35,0,4250,0,-0.075,95.18,95.195,95.12,0,484,95.135,87198,0,0,"",0
"2023-06-02","CRAZ23","CRA","CRA","CRA",0,"2024-03-20",0,1,95.115,95.14,250,25,0,2718,0,-0.1,95.22,95.235,95.13,0,319,95.145,32363,0,0,"",0
"2023-06-02","CRAH24","CRA","CRA","CRA",0,"2024-06-19",0,1,95.245,95.27,125,100,0,552,0,-0.11,95.35,95.375,95.255,0,240,95.275,20174,0,0,"",0
"2023-06-02","CRAM24","CRA","CRA","CRA",0,"2024-09-18",0,1,95.505,95.525,25,100,0,1007,0,-0.11,95.625,95.625,95.51,0,220,95.53,25060,0,0,"",0
"2023-06-02","CRAU24","CRA","CRA","CRA",0,"2024-12-18",0,1,95.8,95.825,125,100,0,5079,0,-0.11,95.885,95.925,95.805,0,429,95.82,11202,0,0,"",0
"2023-06-02","CRAZ24","CRA","CRA","CRA",0,"2025-03-19",0,1,96.12,96.155,100,100,0,862,0,-0.105,96.225,96.24,96.125,0,151,96.14,3124,0,0,"",0
"2023-06-02","CRAH25","CRA","CRA","CRA",0,"2025-06-18",0,1,0,0,0,0,0,403,0,-0.08,96.46,96.46,96.375,0,77,96.38,989,0,0,"",0
"2023-06-02","CRAM25","CRA","CRA","CRA",0,"2025-09-17",0,1,96.53,0,1,0,0,20,0,-0.075,96.575,96.575,96.545,0,7,96.565,535,0,0,"",0
"2023-06-02","CRAU25","CRA","CRA","CRA",0,"2025-12-17",0,1,0,0,0,0,0,84,0,0,0,0,0,0,6,96.72,235,0,0,"",0
"2023-06-02","CRAZ25","CRA","CRA","CRA",0,"2026-03-18",0,1,0,0,0,0,0,75,0,0,0,0,0,0,3,96.855,236,0,0,"",0
"2023-06-05","CRAH23","CRA","CRA","CRA",0,"2023-06-21",0,1,95.46,95.465,255,300,0,927,0,-0.0025,95.4625,95.4675,95.4625,0,158,95.465,45002,0,0,"",0
"2023-06-05","CRAM23","CRA","CRA","CRA",0,"2023-09-20",0,1,95.23,95.245,101,251,0,4915,0,-0.035,95.24,95.25,95.22,0,143,95.245,67807,0,0,"",0
"2023-06-05","CRAU23","CRA","CRA","CRA",0,"2023-12-20",0,1,95.08,95.09,350,7,0,6408,0,-0.05,95.115,95.12,95.065,0,536,95.095,88646,0,0,"",0
"2023-06-05","CRAZ23","CRA","CRA","CRA",0,"2024-03-20",0,1,0,95.14,0,5,0,1925,0,-0.04,95.09,95.15,95.075,0,297,95.11,33997,0,0,"",0
"2023-06-05","CRAH24","CRA","CRA","CRA",0,"2024-06-19",0,1,0,0,0,0,0,1893,0,-0.035,95.195,95.285,95.185,0,655,95.24,20262,0,0,"",0
"2023-06-05","CRAM24","CRA","CRA","CRA",0,"2024-09-18",0,1,0,95.51,0,5,0,687,0,-0.03,95.44,95.565,95.43,0,160,95.495,25468,0,0,"",0
"2023-06-05","CRAU24","CRA","CRA","CRA",0,"2024-12-18",0,1,0,0,0,0,0,775,0,-0.04,95.73,95.88,95.73,0,116,95.785,12273,0,0,"",0
"2023-06-05","CRAZ24","CRA","CRA","CRA",0,"2025-03-19",0,1,96.1,0,2,0,0,581,0,-0.03,96.075,96.215,96.07,0,114,96.12,2777,0,0,"",0
"2023-06-05","CRAH25","CRA","CRA","CRA",0,"2025-06-18",0,1,0,0,0,0,0,394,0,0,96.305,96.44,96.305,0,95,96.38,1192,0,0,"",0
"2023-06-05","CRAM25","CRA","CRA","CRA",0,"2025-09-17",0,1,0,96.615,0,50,0,178,0,0.005,96.57,96.57,96.57,0,20,96.565,528,0,0,"",0
"2023-06-05","CRAU25","CRA","CRA","CRA",0,"2025-12-17",0,1,0,0,0,0,0,251,0,0.01,96.73,96.73,96.73,0,18,96.72,232,0,0,"",0
"2023-06-05","CRAZ25","CRA","CRA","CRA",0,"2026-03-18",0,1,0,0,0,0,0,127,0,0.02,96.875,96.875,96.875,0,7,96.855,161,0,0,"",0
"2023-06-06","CRAH23","CRA","CRA","CRA",0,"2023-06-21",0,1,95.4575,95.465,250,1,0,193,0,-0.005,95.46,95.46,95.46,0,16,95.46,45208,0,0,"",0
"2023-06-06","CRAM23","CRA","CRA","CRA",0,"2023-09-20",0,1,95.22,95.235,275,250,0,7512,0,-0.01,95.245,95.245,95.215,0,230,95.225,66586,0,0,"",0
"2023-06-06","CRAU23","CRA","CRA","CRA",0,"2023-12-20",0,1,95.05,95.07,258,250,0,4800,0,-0.04,95.095,95.095,95.04,0,518,95.045,89739,0,0,"",0
"2023-06-06","CRAZ23","CRA","CRA","CRA",0,"2024-03-20",0,1,95.035,95.075,250,250,0,4040,0,-0.05,95.1,95.1,95.05,0,455,95.06,34490,0,0,"",0
"2023-06-06","CRAH24","CRA","CRA","CRA",0,"2024-06-19",0,1,95.175,95.195,100,27,0,1788,0,-0.05,95.255,95.255,95.175,0,313,95.185,20282,0,0,"",0
"2023-06-06","CRAM24","CRA","CRA","CRA",0,"2024-09-18",0,1,0,0,0,0,0,1242,0,-0.04,95.485,95.49,95.425,0,216,95.445,25687,0,0,"",0
"2023-06-06","CRAU24","CRA","CRA","CRA",0,"2024-12-18",0,1,95.735,0,6,0,0,1913,0,-0.05,95.78,95.78,95.725,0,370,95.735,12135,0,0,"",0
"2023-06-06","CRAZ24","CRA","CRA","CRA",0,"2025-03-19",0,1,0,0,0,0,0,1126,0,-0.06,96.14,96.14,96.045,0,237,96.055,2748,0,0,"",0
"2023-06-06","CRAH25","CRA","CRA","CRA",0,"2025-06-18",0,1,96.305,96.365,50,50,0,96,0,-0.07,96.355,96.355,96.3,0,31,96.305,1457,0,0,"",0
"2023-06-06","CRAM25","CRA","CRA","CRA",0,"2025-09-17",0,1,0,0,0,0,0,82,0,-0.07,96.545,96.55,96.495,0,14,96.49,482,0,0,"",0
"2023-06-06","CRAU25","CRA","CRA","CRA",0,"2025-12-17",0,1,0,0,0,0,0,25,0,0,0,0,0,0,4,96.655,223,0,0,"",0
"2023-06-06","CRAZ25","CRA","CRA","CRA",0,"2026-03-18",0,1,0,0,0,0,0,0,0,0,0,0,0,0,0,96.795,163,0,0,"",0
"2023-06-07","CRAH23","CRA","CRA","CRA",0,"2023-06-21",0,1,95.44,95.4425,36,625,0,899,0,-0.02,95.4625,95.465,95.4375,0,30,95.4425,45208,0,0,"",0
"2023-06-07","CRAM23","CRA","CRA","CRA",0,"2023-09-20",0,1,95.06,95.07,290,310,0,29626,0,-0.16,95.245,95.26,95.05,0,1583,95.07,63885,0,0,"",0
"2023-06-07","CRAU23","CRA","CRA","CRA",0,"2023-12-20",0,1,94.86,94.88,428,2,0,15588,0,-0.17,95.05,95.09,94.845,0,1721,94.88,90470,0,0,"",0
"2023-06-07","CRAZ23","CRA","CRA","CRA",0,"2024-03-20",0,1,94.84,94.86,24,14,0,13157,0,-0.215,95.06,95.09,94.825,0,1412,94.845,35185,0,0,"",0
"2023-06-07","CRAH24","CRA","CRA","CRA",0,"2024-06-19",0,1,0,0,0,0,0,5368,0,-0.22,95.15,95.22,94.935,0,1354,94.965,21095,0,0,"",0
"2023-06-07","CRAM24","CRA","CRA","CRA",0,"2024-09-18",0,1,0,0,0,0,0,3208,0,-0.225,95.41,95.455,95.18,0,695,95.22,26116,0,0,"",0
"2023-06-07","CRAU24","CRA","CRA","CRA",0,"2024-12-18",0,1,95.495,95.54,10,1,0,5995,0,-0.24,95.715,95.745,95.455,0,998,95.49,12655,0,0,"",0
"2023-06-07","CRAZ24","CRA","CRA","CRA",0,"2025-03-19",0,1,95.68,95.85,1,1,0,1342,0,-0.255,96.045,96.055,95.765,0,387,95.795,2454,0,0,"",0
"2023-06-07","CRAH25","CRA","CRA","CRA",0,"2025-06-18",0,1,96.02,0,1,0,0,971,0,-0.24,96.34,96.34,96.03,0,201,96.045,1478,0,0,"",0
"2023-06-07","CRAM25","CRA","CRA","CRA",0,"2025-09-17",0,1,0,0,0,0,0,640,0,-0.21,96.42,96.425,96.225,0,85,96.24,496,0,0,"",0
"2023-06-07","CRAU25","CRA","CRA","CRA",0,"2025-12-17",0,1,0,0,0,0,0,318,0,-0.18,96.53,96.54,96.475,0,36,96.42,204,0,0,"",0
"2023-06-07","CRAZ25","CRA","CRA","CRA",0,"2026-03-18",0,1,0,0,0,0,0,134,0,-0.125,96.67,96.67,96.67,0,7,96.565,163,0,0,"",0
"2023-06-08","CRAH23","CRA","CRA","CRA",0,"2023-06-21",0,1,95.44,95.4425,501,1096,0,350,0,0,95.44,95.4425,95.44,0,7,95.4425,45532,0,0,"",0
"2023-06-08","CRAM23","CRA","CRA","CRA",0,"2023-09-20",0,1,95.065,95.075,20,106,0,8580,0,0.005,95.07,95.08,95.065,0,274,95.075,60760,0,0,"",0
"2023-06-08","CRAU23","CRA","CRA","CRA",0,"2023-12-20",0,1,0,0,0,0,0,4281,0,0,94.88,94.945,94.88,0,492,94.91,99287,0,0,"",0
"2023-06-08","CRAZ23","CRA","CRA","CRA",0,"2024-03-20",0,1,94.855,94.875,250,277,0,8177,0,0.02,94.855,94.935,94.85,0,764,94.895,41765,0,0,"",0
"2023-06-08","CRAH24","CRA","CRA","CRA",0,"2024-06-19",0,1,94.98,95.005,100,100,0,4110,0,0.04,94.98,95.06,94.975,0,588,95.02,22891,0,0,"",0
"2023-06-08","CRAM24","CRA","CRA","CRA",0,"2024-09-18",0,1,95.24,95.26,100,50,0,1172,0,0.035,95.225,95.32,95.225,0,214,95.285,27666,0,0,"",0
"2023-06-08","CRAU24","CRA","CRA","CRA",0,"2024-12-18",0,1,95.52,95.545,100,100,0,1001,0,0.045,95.5,95.6,95.5,0,164,95.565,14477,0,0,"",0
"2023-06-08","CRAZ24","CRA","CRA","CRA",0,"2025-03-19",0,1,95.68,95.86,1,50,0,499,0,0.06,95.8,95.89,95.8,0,75,95.875,2475,0,0,"",0
"2023-06-08","CRAH25","CRA","CRA","CRA",0,"2025-06-18",0,1,96.095,96.145,50,50,0,304,0,0.085,96.085,96.14,96.085,0,63,96.125,1947,0,0,"",0
"2023-06-08","CRAM25","CRA","CRA","CRA",0,"2025-09-17",0,1,0,0,0,0,0,206,0,0.095,96.32,96.335,96.32,0,31,96.325,770,0,0,"",0
"2023-06-08","CRAU25","CRA","CRA","CRA",0,"2025-12-17",0,1,0,0,0,0,0,112,0,0.075,96.525,96.525,96.495,0,28,96.505,327,0,0,"",0
"2023-06-08","CRAZ25","CRA","CRA","CRA",0,"2026-03-18",0,1,0,0,0,0,0,17,0,0.115,96.68,96.68,96.68,0,7,96.66,197,0,0,"",0
"2023-06-09","CRAH23","CRA","CRA","CRA",0,"2023-06-21",0,1,95.44,95.4425,1704,654,0,921,0,0,95.4425,95.4425,95.4425,0,16,95.4425,45492,0,0,"",0
"2023-06-09","CRAM23","CRA","CRA","CRA",0,"2023-09-20",0,1,95.065,95.075,340,60,0,9673,0,-0.005,95.065,95.1,95.06,0,307,95.075,57333,0,0,"",0
"2023-06-09","CRAU23","CRA","CRA","CRA",0,"2023-12-20",0,1,94.92,94.935,100,74,0,4332,0,0.015,94.845,94.95,94.845,0,573,94.93,93346,0,0,"",0
"2023-06-09","CRAZ23","CRA","CRA","CRA",0,"2024-03-20",0,1,94.9,94.92,262,6,0,6391,0,0.01,94.825,94.945,94.825,0,908,94.92,39276,0,0,"",0
"2023-06-09","CRAH24","CRA","CRA","CRA",0,"2024-06-19",0,1,95.03,95.04,3,3,0,5638,0,0.01,94.955,95.08,94.955,0,1240,95.05,24241,0,0,"",0
"2023-06-09","CRAM24","CRA","CRA","CRA",0,"2024-09-18",0,1,95.28,95.305,100,100,0,2841,0,0,95.225,95.335,95.225,0,493,95.31,27401,0,0,"",0
"2023-06-09","CRAU24","CRA","CRA","CRA",0,"2024-12-18",0,1,95.56,95.58,5,100,0,3178,0,0.01,95.485,95.63,95.485,0,678,95.59,12436,0,0,"",0
"2023-06-09","CRAZ24","CRA","CRA","CRA",0,"2025-03-19",0,1,95.87,95.9,1,100,0,1514,0,0.02,95.845,95.95,95.83,0,390,95.9,2130,0,0,"",0
"2023-06-09","CRAH25","CRA","CRA","CRA",0,"2025-06-18",0,1,96.12,96.145,51,11,0,472,0,0.015,96.11,96.195,96.1,0,178,96.15,2114,0,0,"",0
"2023-06-09","CRAM25","CRA","CRA","CRA",0,"2025-09-17",0,1,0,96.35,0,50,0,134,0,0.015,96.36,96.36,96.34,0,15,96.345,661,0,0,"",0
"2023-06-09","CRAU25","CRA","CRA","CRA",0,"2025-12-17",0,1,0,0,0,0,0,82,0,0.015,96.52,96.52,96.52,0,10,96.52,290,0,0,"",0
"2023-06-09","CRAZ25","CRA","CRA","CRA",0,"2026-03-18",0,1,0,0,0,0,0,31,0,0,0,0,0,0,3,96.675,63,0,0,"",0
"2023-06-12","CRAH23","CRA","CRA","CRA",0,"2023-06-21",0,1,95.44,95.4425,1454,786,0,0,0,0,0,0,0,0,0,95.4425,45495,0,0,"",0
"2023-06-12","CRAM23","CRA","CRA","CRA",0,"2023-09-20",0,1,95.08,95.085,152,211,0,2860,0,0.005,95.065,95.09,95.065,0,120,95.08,57511,0,0,"",0
"2023-06-12","CRAU23","CRA","CRA","CRA",0,"2023-12-20",0,1,94.925,94.945,250,255,0,2650,0,0.005,94.91,94.955,94.9,0,327,94.935,94508,0,0,"",0
"2023-06-12","CRAZ23","CRA","CRA","CRA",0,"2024-03-20",0,1,94.91,94.975,100,300,0,4626,0,0.035,94.88,94.97,94.865,0,582,94.955,40730,0,0,"",0
"2023-06-12","CRAH24","CRA","CRA","CRA",0,"2024-06-19",0,1,95.05,95.095,80,24,0,1740,0,0.035,94.995,95.105,94.99,0,414,95.08,26124,0,0,"",0
"2023-06-12","CRAM24","CRA","CRA","CRA",0,"2024-09-18",0,1,0,0,0,0,0,1396,0,0.035,95.27,95.375,95.27,0,444,95.335,29158,0,0,"",0
"2023-06-12","CRAU24","CRA","CRA","CRA",0,"2024-12-18",0,1,95.6,95.62,5,4,0,566,0,0.025,95.56,95.64,95.55,0,145,95.605,13220,0,0,"",0
"2023-06-12","CRAZ24","CRA","CRA","CRA",0,"2025-03-19",0,1,95.915,0,1,0,0,2110,0,0.015,95.88,95.945,95.865,0,135,95.91,2691,0,0,"",0
"2023-06-12","CRAH25","CRA","CRA","CRA",0,"2025-06-18",0,1,0,0,0,0,0,100,0,0,96.12,96.195,96.085,0,38,96.15,2179,0,0,"",0
"2023-06-12","CRAM25","CRA","CRA","CRA",0,"2025-09-17",0,1,0,0,0,0,0,198,0,-0.015,96.34,96.385,96.33,0,40,96.335,715,0,0,"",0
"2023-06-12","CRAU25","CRA","CRA","CRA",0,"2025-12-17",0,1,0,0,0,0,0,95,0,-0.015,96.505,96.505,96.505,0,9,96.505,274,0,0,"",0
"2023-06-12","CRAZ25","CRA","CRA","CRA",0,"2026-03-18",0,1,0,0,0,0,0,41,0,0,0,0,0,0,3,96.66,88,0,0,"",0
"2023-06-13","CRAH23","CRA","CRA","CRA",0,"2023-06-21",0,1,95.44,95.4425,1454,836,0,0,0,0,0,0,0,0,0,95.4425,45495,0,0,"",0
"2023-06-13","CRAM23","CRA","CRA","CRA",0,"2023-09-20",0,1,95.075,95.08,100,71,0,5703,0,0,95.085,95.09,95.07,0,272,95.07,57207,0,0,"",0
"2023-06-13","CRAU23","CRA","CRA","CRA",0,"2023-12-20",0,1,0,94.96,0,80,0,4853,0,-0.055,94.94,94.965,94.865,0,879,94.865,94881,0,0,"",0
"2023-06-13","CRAZ23","CRA","CRA","CRA",0,"2024-03-20",0,1,94.86,94.92,80,2,0,5878,0,-0.095,94.945,95.005,94.84,0,778,94.845,40863,0,0,"",0
"2023-06-13","CRAH24","CRA","CRA","CRA",0,"2024-06-19",0,1,0,95.04,0,20,0,3767,0,-0.135,95.065,95.14,94.925,0,728,94.93,26489,0,0,"",0
"2023-06-13","CRAM24","CRA","CRA","CRA",0,"2024-09-18",0,1,0,95.28,0,77,0,2859,0,-0.145,95.355,95.415,95.16,0,813,95.175,30156,0,0,"",0
"2023-06-13","CRAU24","CRA","CRA","CRA",0,"2024-12-18",0,1,0,95.5,0,1,0,6375,0,-0.14,95.6,95.695,95.445,0,445,95.45,12973,0,0,"",0
"2023-06-13","CRAZ24","CRA","CRA","CRA",0,"2025-03-19",0,1,95.75,95.81,1,1,0,3561,0,-0.135,95.915,96.005,95.75,0,384,95.755,3578,0,0,"",0
"2023-06-13","CRAH25","CRA","CRA","CRA",0,"2025-06-18",0,1,96,96.06,3,51,0,3101,0,-0.135,96.14,96.24,96.015,0,159,95.995,2145,0,0,"",0
"2023-06-13","CRAM25","CRA","CRA","CRA",0,"2025-09-17",0,1,0,96.305,0,25,0,257,0,-0.12,96.315,96.315,96.215,0,45,96.18,761,0,0,"",0
"2023-06-13","CRAU25","CRA","CRA","CRA",0,"2025-12-17",0,1,0,0,0,0,0,144,0,-0.15,96.505,96.51,96.355,0,23,96.35,256,0,0,"",0
"2023-06-13","CRAZ25","CRA","CRA","CRA",0,"2026-03-18",0,1,0,0,0,0,0,23,0,0,0,0,0,0,1,96.505,126,0,0,"",0
"2023-06-14","CRAH23","CRA","CRA","CRA",0,"2023-06-21",0,1,95.44,95.4425,1354,726,0,0,0,0,0,0,0,0,0,95.4425,45495,0,0,"",0
"2023-06-14","CRAM23","CRA","CRA","CRA",0,"2023-09-20",0,1,95.085,95.09,2,100,0,8980,0,0.015,95.08,95.09,95.07,0,256,95.08,58052,0,0,"",0
"2023-06-14","CRAU23","CRA","CRA","CRA",0,"2023-12-20",0,1,0,94.94,0,8,0,4602,0,0.035,94.885,94.935,94.845,0,838,94.9,94252,0,0,"",0
"2023-06-14","CRAZ23","CRA","CRA","CRA",0,"2024-03-20",0,1,0,94.87,0,9,0,3912,0,0.025,94.865,94.915,94.815,0,765,94.88,44156,0,0,"",0
"2023-06-14","CRAH24","CRA","CRA","CRA",0,"2024-06-19",0,1,0,0,0,0,0,3064,0,0.025,94.975,95.025,94.895,0,498,94.96,27656,0,0,"",0
"2023-06-14","CRAM24","CRA","CRA","CRA",0,"2024-09-18",0,1,0,95.295,0,1,0,3727,0,0.02,95.19,95.28,95.135,0,567,95.205,30564,0,0,"",0
"2023-06-14","CRAU24","CRA","CRA","CRA",0,"2024-12-18",0,1,0,96.02,0,2,0,3182,0,0.03,95.49,95.57,95.445,0,451,95.495,15659,0,0,"",0
"2023-06-14","CRAZ24","CRA","CRA","CRA",0,"2025-03-19",0,1,95.82,0,6,0,0,2644,0,0.075,95.8,95.9,95.765,0,253,95.835,6123,0,0,"",0
"2023-06-14","CRAH25","CRA","CRA","CRA",0,"2025-06-18",0,1,0,96.14,0,50,0,391,0,0.08,96.13,96.14,96.055,0,53,96.09,4032,0,0,"",0
"2023-06-14","CRAM25","CRA","CRA","CRA",0,"2025-09-17",0,1,96.24,96.31,50,60,0,314,0,0.085,96.255,96.325,96.255,0,48,96.28,844,0,0,"",0
"2023-06-14","CRAU25","CRA","CRA","CRA",0,"2025-12-17",0,1,0,0,0,0,0,208,0,0.08,96.41,96.445,96.405,0,48,96.45,334,0,0,"",0
"2023-06-14","CRAZ25","CRA","CRA","CRA",0,"2026-03-18",0,1,0,0,0,0,0,82,0,0.075,96.56,96.58,96.555,0,22,96.605,126,0,0,"",0
"2023-06-15","CRAH23","CRA","CRA","CRA",0,"2023-06-21",0,1,95.44,95.4425,1354,1037,0,0,0,0,0,0,0,0,0,95.4425,45495,0,0,"",0
"2023-06-15","CRAM23","CRA","CRA","CRA",0,"2023-09-20",0,1,95.075,95.085,280,271,0,3759,0,0,95.09,95.09,95.075,0,66,95.08,58373,0,0,"",0
"2023-06-15","CRAU23","CRA","CRA","CRA",0,"2023-12-20",0,1,94.91,94.93,250,100,0,4712,0,0.025,94.885,94.935,94.855,0,584,94.91,93302,0,0,"",0
"2023-06-15","CRAZ23","CRA","CRA","CRA",0,"2024-03-20",0,1,94.905,94.925,250,250,0,3924,0,0.04,94.86,94.935,94.83,0,612,94.89,44267,0,0,"",0
"2023-06-15","CRAH24","CRA","CRA","CRA",0,"2024-06-19",0,1,95,95.025,78,100,0,4004,0,0.05,94.91,95.03,94.905,0,680,94.985,28123,0,0,"",0
"2023-06-15","CRAM24","CRA","CRA","CRA",0,"2024-09-18",0,1,95.255,95.28,100,130,0,1681,0,0.065,95.18,95.295,95.13,0,505,95.235,32133,0,0,"",0
"2023-06-15","CRAU24","CRA","CRA","CRA",0,"2024-12-18",0,1,95.56,95.585,100,100,0,1930,0,0.09,95.47,95.605,95.42,0,370,95.535,14557,0,0,"",0
"2023-06-15","CRAZ24","CRA","CRA","CRA",0,"2025-03-19",0,1,95.555,0,1,0,0,2962,0,0.06,95.795,95.93,95.76,0,338,95.865,6653,0,0,"",0
"2023-06-15","CRAH25","CRA","CRA","CRA",0,"2025-06-18",0,1,96.135,96.185,50,50,0,722,0,0.025,96.065,96.17,96.015,0,128,96.12,2898,0,0,"",0
"2023-06-15","CRAM25","CRA","CRA","CRA",0,"2025-09-17",0,1,96.03,97,1,2,0,292,0,0.05,96.21,96.365,96.21,0,30,96.31,984,0,0,"",0
"2023-06-15","CRAU25","CRA","CRA","CRA",0,"2025-12-17",0,1,0,0,0,0,0,121,0,0.01,96.385,96.46,96.385,0,21,96.48,397,0,0,"",0
"2023-06-15","CRAZ25","CRA","CRA","CRA",0,"2026-03-18",0,1,0,0,0,0,0,37,0,0.01,96.55,96.615,96.54,0,11,96.635,121,0,0,"",0
"2023-06-16","CRAH23","CRA","CRA","CRA",0,"2023-06-21",0,1,95.44,95.4425,1354,1028,0,1,0,0,95.4425,95.4425,95.4425,0,1,95.4425,45495,0,0,"",0
"2023-06-16","CRAM23","CRA","CRA","CRA",0,"2023-09-20",0,1,95.08,95.085,19,495,0,6915,0,0.005,95.08,95.085,95.065,0,155,95.08,59621,0,0,"",0
"2023-06-16","CRAU23","CRA","CRA","CRA",0,"2023-12-20",0,1,0,0,0,0,0,3674,0,-0.01,94.885,94.915,94.87,0,560,94.885,93550,0,0,"",0
"2023-06-16","CRAZ23","CRA","CRA","CRA",0,"2024-03-20",0,1,0,95.75,0,2,0,3534,0,-0.04,94.88,94.88,94.825,0,425,94.845,45671,0,0,"",0
"2023-06-16","CRAH24","CRA","CRA","CRA",0,"2024-06-19",0,1,0,0,0,0,0,1654,0,-0.075,94.975,94.975,94.875,0,332,94.91,30301,0,0,"",0
"2023-06-16","CRAM24","CRA","CRA","CRA",0,"2024-09-18",0,1,0,95.295,0,1,0,2274,0,-0.08,95.215,95.215,95.115,0,417,95.155,32507,0,0,"",0
"2023-06-16","CRAU24","CRA","CRA","CRA",0,"2024-12-18",0,1,95.42,95.495,10,6,0,3002,0,-0.055,95.53,95.53,95.42,0,503,95.475,14243,0,0,"",0
"2023-06-16","CRAZ24","CRA","CRA","CRA",0,"2025-03-19",0,1,95.555,0,1,0,0,1888,0,-0.06,95.86,95.86,95.755,0,271,95.8,8363,0,0,"",0
"2023-06-16","CRAH25","CRA","CRA","CRA",0,"2025-06-18",0,1,0,0,0,0,0,619,0,-0.09,96.09,96.09,96.02,0,82,96.055,2557,0,0,"",0
"2023-06-16","CRAM25","CRA","CRA","CRA",0,"2025-09-17",0,1,0,97,0,2,0,101,0,-0.085,96.28,96.28,96.22,0,14,96.25,1223,0,0,"",0
"2023-06-16","CRAU25","CRA","CRA","CRA",0,"2025-12-17",0,1,0,0,0,0,0,117,0,-0.075,96.395,96.435,96.395,0,19,96.425,444,0,0,"",0
"2023-06-16","CRAZ25","CRA","CRA","CRA",0,"2026-03-18",0,1,0,0,0,0,0,30,0,-0.05,96.585,96.585,96.585,0,5,96.585,96,0,0,"",0
"2023-06-19","CRAH23","CRA","CRA","CRA",0,"2023-06-21",0,1,95.44,95.4425,912,1011,0,8,0,-0.0025,95.44,95.44,95.44,0,1,95.4425,45495,0,0,"",0
"2023-06-19","CRAM23","CRA","CRA","CRA",0,"2023-09-20",0,1,95.065,95.075,358,398,0,2222,0,-0.01,95.075,95.075,95.07,0,53,95.07,58078,0,0,"",0
"2023-06-19","CRAU23","CRA","CRA","CRA",0,"2023-12-20",0,1,0,0,0,0,0,1755,0,-0.02,94.855,94.865,94.85,0,98,94.865,94932,0,0,"",0
"2023-06-19","CRAZ23","CRA","CRA","CRA",0,"2024-03-20",0,1,94.81,95.75,50,2,0,896,0,-0.03,94.795,94.82,94.795,0,67,94.815,44750,0,0,"",0
"2023-06-19","CRAH24","CRA","CRA","CRA",0,"2024-06-19",0,1,94.845,94.875,2,2,0,828,0,-0.05,94.865,94.87,94.84,0,130,94.865,30424,0,0,"",0
"2023-06-19","CRAM24","CRA","CRA","CRA",0,"2024-09-18",0,1,0,95.295,0,1,0,1020,0,-0.055,95.165,95.165,95.085,0,94,95.1,31218,0,0,"",0
"2023-06-19","CRAU24","CRA","CRA","CRA",0,"2024-12-18",0,1,0,95.5,0,4,0,353,0,-0.055,95.41,95.43,95.41,0,39,95.42,14017,0,0,"",0
"2023-06-19","CRAZ24","CRA","CRA","CRA",0,"2025-03-19",0,1,95.555,0,1,0,0,255,0,-0.055,95.74,95.765,95.725,0,48,95.745,8172,0,0,"",0
"2023-06-19","CRAH25","CRA","CRA","CRA",0,"2025-06-18",0,1,0,0,0,0,0,8,0,-0.08,95.975,95.975,95.975,0,5,95.995,2225,0,0,"",0
"2023-06-19","CRAM25","CRA","CRA","CRA",0,"2025-09-17",0,1,96.12,96.18,50,50,0,29,0,0,0,0,0,0,4,96.185,1270,0,0,"",0
"2023-06-19","CRAU25","CRA","CRA","CRA",0,"2025-12-17",0,1,0,0,0,0,0,50,0,0,0,0,0,0,2,96.355,474,0,0,"",0
"2023-06-19","CRAZ25","CRA","CRA","CRA",0,"2026-03-18",0,1,0,0,0,0,0,25,0,0,0,0,0,0,1,96.5,75,0,0,"",0
"2023-06-20","CRAH23","CRA","CRA","CRA",0,"2023-06-21",0,1,0,0,0,0,0,0,0,0,0,0,0,0,0,95.4425,45487,0,0,"",0
"2023-06-20","CRAM23","CRA","CRA","CRA",0,"2023-09-20",0,1,95.08,95.09,538,146,0,5246,0,0.015,95.075,95.09,95.07,0,92,95.085,58212,0,0,"",0
"2023-06-20","CRAU23","CRA","CRA","CRA",0,"2023-12-20",0,1,94.875,94.89,22,20,0,8335,0,0.015,94.89,94.905,94.87,0,871,94.885,95777,0,0,"",0
"2023-06-20","CRAZ23","CRA","CRA","CRA",0,"2024-03-20",0,1,0,95.75,0,2,0,1413,0,0.02,94.85,94.875,94.83,0,306,94.835,45076,0,0,"",0
"2023-06-20","CRAH24","CRA","CRA","CRA",0,"2024-06-19",0,1,0,94.91,0,2,0,2465,0,0.015,94.885,94.935,94.88,0,366,94.885,30624,0,0,"",0
"2023-06-20","CRAM24","CRA","CRA","CRA",0,"2024-09-18",0,1,0,95.295,0,1,0,1995,0,0.035,95.1,95.19,95.1,0,526,95.135,31234,0,0,"",0
"2023-06-20","CRAU24","CRA","CRA","CRA",0,"2024-12-18",0,1,95.45,95.615,2,8,0,1350,0,0.045,95.435,95.52,95.435,0,249,95.465,14118,0,0,"",0
"2023-06-20","CRAZ24","CRA","CRA","CRA",0,"2025-03-19",0,1,95.77,0,4,0,0,2639,0,0.03,95.765,95.84,95.76,0,543,95.79,8191,0,0,"",0
"2023-06-20","CRAH25","CRA","CRA","CRA",0,"2025-06-18",0,1,95.99,96.05,2,11,0,200,0,0.015,96.005,96.07,96.005,0,78,96.025,2228,0,0,"",0
"2023-06-20","CRAM25","CRA","CRA","CRA",0,"2025-09-17",0,1,0,97,0,2,0,245,0,0.01,96.21,96.26,96.195,0,50,96.21,1270,0,0,"",0
"2023-06-20","CRAU25","CRA","CRA","CRA",0,"2025-12-17",0,1,0,0,0,0,0,207,0,0.015,96.38,96.42,96.37,0,44,96.38,474,0,0,"",0
"2023-06-20","CRAZ25","CRA","CRA","CRA",0,"2026-03-18",0,1,0,0,0,0,0,181,0,0.04,96.54,96.58,96.535,0,28,96.535,100,0,0,"",0
"2023-06-21","CRAH23","CRA","CRA","CRA",0,"2023-06-21",0,1,0,0,0,0,0,0,0,0,0,0,0,0,0,95.4397,45487,0,0,"",0
"2023-06-21","CRAM23","CRA","CRA","CRA",0,"2023-09-20",0,1,95.055,95.0575,25,86,0,4963,0,-0.0275,95.08,95.08,95.055,0,157,95.07,59521,0,0,"",0
"2023-06-21","CRAU23","CRA","CRA","CRA",0,"2023-12-20",0,1,94.825,94.835,250,55,0,3685,0,-0.05,94.86,94.87,94.81,0,524,94.855,96663,0,0,"",0
"2023-06-21","CRAZ23","CRA","CRA","CRA",0,"2024-03-20",0,1,94.76,95.75,5,2,0,6560,0,-0.04,94.8,94.83,94.75,0,663,94.805,45421,0,0,"",0
"2023-06-21","CRAH24","CRA","CRA","CRA",0,"2024-06-19",0,1,0,94.86,0,10,0,4784,0,-0.04,94.865,94.88,94.78,0,522,94.855,31642,0,0,"",0
"2023-06-21","CRAM24","CRA","CRA","CRA",0,"2024-09-18",0,1,0,0,0,0,0,2241,0,-0.045,95.105,95.125,95.02,0,705,95.1,32069,0,0,"",0
"2023-06-21","CRAU24","CRA","CRA","CRA",0,"2024-12-18",0,1,0,0,0,0,0,520,0,-0.045,95.43,95.445,95.355,0,182,95.425,14516,0,0,"",0
"2023-06-21","CRAZ24","CRA","CRA","CRA",0,"2025-03-19",0,1,95.555,95.74,1,2,0,2400,0,-0.05,95.755,95.76,95.675,0,356,95.745,9844,0,0,"",0
"2023-06-21","CRAH25","CRA","CRA","CRA",0,"2025-06-18",0,1,0,0,0,0,0,1258,0,-0.07,95.985,95.99,95.91,0,248,95.98,2162,0,0,"",0
"2023-06-21","CRAM25","CRA","CRA","CRA",0,"2025-09-17",0,1,0,97,0,2,0,955,0,-0.055,96.13,96.155,96.11,0,195,96.17,1426,0,0,"",0
"2023-06-21","CRAU25","CRA","CRA","CRA",0,"2025-12-17",0,1,0,0,0,0,0,443,0,-0.06,96.32,96.32,96.295,0,117,96.355,491,0,0,"",0
"2023-06-21","CRAZ25","CRA","CRA","CRA",0,"2026-03-18",0,1,0,0,0,0,0,214,0,-0.035,96.5,96.5,96.48,0,53,96.535,92,0,0,"",0
"2023-06-22","CRAM23","CRA","CRA","CRA",0,"2023-09-20",0,1,95.055,95.06,250,71,0,2804,0,-0.01,95.06,95.0625,95.055,0,94,95.06,57997,0,0,"",0
"2023-06-22","CRAU23","CRA","CRA","CRA",0,"2023-12-20",0,1,94.8,94.81,25,100,0,2626,0,-0.05,94.83,94.84,94.8,0,211,94.815,96374,0,0,"",0
"2023-06-22","CRAZ23","CRA","CRA","CRA",0,"2024-03-20",0,1,94.735,94.755,250,309,0,2850,0,-0.06,94.76,94.815,94.745,0,872,94.75,45714,0,0,"",0
"2023-06-22","CRAH24","CRA","CRA","CRA",0,"2024-06-19",0,1,0,94.795,0,10,0,2904,0,-0.08,94.825,94.855,94.77,0,537,94.78,33290,0,0,"",0
"2023-06-22","CRAM24","CRA","CRA","CRA",0,"2024-09-18",0,1,0,95.005,0,25,0,2227,0,-0.13,95.055,95.105,94.97,0,611,94.985,32792,0,0,"",0
"2023-06-22","CRAU24","CRA","CRA","CRA",0,"2024-12-18",0,1,0,95.29,0,11,0,799,0,-0.14,95.38,95.42,95.275,0,150,95.285,14715,0,0,"",0
"2023-06-22","CRAZ24","CRA","CRA","CRA",0,"2025-03-19",0,1,95.525,0,1,0,0,508,0,-0.155,95.68,95.74,95.59,0,109,95.595,11602,0,0,"",0
"2023-06-22","CRAH25","CRA","CRA","CRA",0,"2025-06-18",0,1,0,0,0,0,0,339,0,-0.17,95.88,95.965,95.81,0,84,95.83,2282,0,0,"",0
"2023-06-22","CRAM25","CRA","CRA","CRA",0,"2025-09-17",0,1,0,96.065,0,50,0,481,0,-0.15,96.13,96.13,96.02,0,105,96.025,2222,0,0,"",0
"2023-06-22","CRAU25","CRA","CRA","CRA",0,"2025-12-17",0,1,96.195,96.265,50,50,0,99,0,-0.13,96.25,96.25,96.21,0,16,96.215,615,0,0,"",0
"2023-06-22","CRAZ25","CRA","CRA","CRA",0,"2026-03-18",0,1,0,0,0,0,0,109,0,-0.115,96.415,96.42,96.395,0,13,96.395,101,0,0,"",0
"2023-06-22","CRAH26","CRA","CRA","CRA",0,"2026-06-17",0,1,0,0,0,0,0,25,0,0,0,0,0,0,1,96.57,0,0,0,"",0
"2023-06-23","CRAM23","CRA","CRA","CRA",0,"2023-09-20",0,1,95.0725,95.075,19,20,95.0725,4549,95.06,0.0125,95.06,95.075,95.06,432412,200,95.07,57523,0,0,"",0
"2023-06-23","CRAU23","CRA","CRA","CRA",0,"2023-12-20",0,1,94.845,94.865,250,250,94.86,2595,94.815,0.045,94.845,94.86,94.83,246010,192,94.84,96968,0,0,"",0
"2023-06-23","CRAZ23","CRA","CRA","CRA",0,"2024-03-20",0,1,94.81,94.835,75,250,94.82,2630,94.75,0.07,94.76,94.82,94.755,248815,688,94.795,46862,0,0,"",0
"2023-06-23","CRAH24","CRA","CRA","CRA",0,"2024-06-19",0,1,94.865,94.885,250,250,94.875,2447,94.78,0.095,94.79,94.88,94.79,231685,580,94.86,33872,0,0,"",0
"2023-06-23","CRAM24","CRA","CRA","CRA",0,"2024-09-18",0,1,95.075,95.095,50,100,95.08,2633,94.985,0.095,94.99,95.095,94.99,250183,735,95.065,32776,0,0,"",0
"2023-06-23","CRAU24","CRA","CRA","CRA",0,"2024-12-18",0,1,95.36,95.395,5,16,95.375,1670,95.285,0.09,95.315,95.385,95.315,159121,227,95.355,14843,0,0,"",0
"2023-06-23","CRAZ24","CRA","CRA","CRA",0,"2025-03-19",0,1,95.65,0,5,0,95.645,1093,95.595,0.05,95.59,95.685,95.59,104451,184,95.65,11679,0,0,"",0
"2023-06-23","CRAH25","CRA","CRA","CRA",0,"2025-06-18",0,1,0,0,0,0,95.86,197,95.83,0.03,95.88,95.925,95.85,18854,49,95.88,2276,0,0,"",0
"2023-06-23","CRAM25","CRA","CRA","CRA",0,"2025-09-17",0,1,0,96.12,0,50,96.08,34,96.025,0.055,96.1,96.1,96.06,3264,14,96.08,2385,0,0,"",0
"2023-06-23","CRAU25","CRA","CRA","CRA",0,"2025-12-17",0,1,96.235,96.31,50,50,0,25,0,0,0,0,0,2406,1,96.28,541,0,0,"",0
"2023-06-23","CRAZ25","CRA","CRA","CRA",0,"2026-03-18",0,1,0,0,0,0,0,87,0,0,0,0,0,8392,4,96.46,95,0,0,"",0
"2023-06-23","CRAH26","CRA","CRA","CRA",0,"2026-06-17",0,1,0,0,0,0,0,62,0,0,0,0,0,5992,3,96.64,25,0,0,"",0
"2023-06-26","CRAM23","CRA","CRA","CRA",0,"2023-09-20",0,1,95.085,95.09,270,35,0,3902,0,0.02,95.08,95.09,95.08,0,71,95.0875,56590,0,0,"",0
"2023-06-26","CRAU23","CRA","CRA","CRA",0,"2023-12-20",0,1,94.87,94.885,297,51,0,10896,0,0.04,94.87,94.885,94.84,0,648,94.875,97914,0,0,"",0
"2023-06-26","CRAZ23","CRA","CRA","CRA",0,"2024-03-20",0,1,0,94.865,0,36,0,4577,0,0.065,94.83,94.88,94.82,0,740,94.86,48092,0,0,"",0
"2023-06-26","CRAH24","CRA","CRA","CRA",0,"2024-06-19",0,1,0,0,0,0,0,4385,0,0.08,94.915,94.965,94.89,0,607,94.94,34083,0,0,"",0
"2023-06-26","CRAM24","CRA","CRA","CRA",0,"2024-09-18",0,1,0,0,0,0,0,6705,0,0.095,95.115,95.18,95.105,0,1197,95.16,32517,0,0,"",0
"2023-06-26","CRAU24","CRA","CRA","CRA",0,"2024-12-18",0,1,95.285,0,5,0,0,2779,0,0.07,95.4,95.455,95.38,0,297,95.435,14921,0,0,"",0
"2023-06-26","CRAZ24","CRA","CRA","CRA",0,"2025-03-19",0,1,95.525,0,1,0,0,3829,0,0.085,95.715,95.76,95.68,0,368,95.73,11686,0,0,"",0
"2023-06-26","CRAH25","CRA","CRA","CRA",0,"2025-06-18",0,1,0,0,0,0,0,721,0,0.075,95.94,95.98,95.9,0,120,95.955,2308,0,0,"",0
"2023-06-26","CRAM25","CRA","CRA","CRA",0,"2025-09-17",0,1,96.11,97,1,2,0,155,0,0.07,96.14,96.175,96.095,0,31,96.15,2397,0,0,"",0
"2023-06-26","CRAU25","CRA","CRA","CRA",0,"2025-12-17",0,1,0,0,0,0,0,70,0,0.02,96.295,96.3,96.295,0,13,96.345,566,0,0,"",0
"2023-06-26","CRAZ25","CRA","CRA","CRA",0,"2026-03-18",0,1,0,0,0,0,0,119,0,0.02,96.49,96.49,96.48,0,16,96.525,95,0,0,"",0
"2023-06-26","CRAH26","CRA","CRA","CRA",0,"2026-06-17",0,1,0,0,0,0,0,52,0,0.015,96.655,96.655,96.655,0,4,96.705,13,0,0,"",0
"2023-06-27","CRAM23","CRA","CRA","CRA",0,"2023-09-20",0,1,95.0925,95.0975,50,275,95.095,8909,95.0875,0.0075,95.085,95.1,95.0775,847080,153,95.09,56549,0,0,"",0
"2023-06-27","CRAU23","CRA","CRA","CRA",0,"2023-12-20",0,1,94.925,94.93,278,100,94.925,15372,94.875,0.05,94.86,94.93,94.86,1458179,1007,94.915,95276,0,0,"",0
"2023-06-27","CRAZ23","CRA","CRA","CRA",0,"2024-03-20",0,1,94.915,94.92,35,250,94.92,7402,94.86,0.06,94.835,94.93,94.83,701739,805,94.9,49969,0,0,"",0
"2023-06-27","CRAH24","CRA","CRA","CRA",0,"2024-06-19",0,1,94.995,95.01,16,250,94.995,5001,94.94,0.055,94.915,95.02,94.915,474353,789,94.975,36177,0,0,"",0
"2023-06-27","CRAM24","CRA","CRA","CRA",0,"2024-09-18",0,1,95.195,95.22,100,100,95.2,4508,95.16,0.04,95.145,95.235,95.125,428645,1145,95.185,31956,0,0,"",0
"2023-06-27","CRAU24","CRA","CRA","CRA",0,"2024-12-18",0,1,95.44,95.46,3,100,95.445,4032,95.435,0.01,95.435,95.515,95.39,384433,793,95.44,15080,0,0,"",0
"2023-06-27","CRAZ24","CRA","CRA","CRA",0,"2025-03-19",0,1,95.525,95.75,1,1,95.73,2589,95.73,0,95.705,95.815,95.68,247649,429,95.725,12137,0,0,"",0
"2023-06-27","CRAH25","CRA","CRA","CRA",0,"2025-06-18",0,1,95.89,0,2,0,95.96,477,95.955,0.005,95.925,96.045,95.91,45676,126,95.95,2585,0,0,"",0
"2023-06-27","CRAM25","CRA","CRA","CRA",0,"2025-09-17",0,1,96.1,96.19,1,27,96.165,514,96.15,0.015,96.115,96.19,96.105,49389,114,96.15,2411,0,0,"",0
"2023-06-27","CRAU25","CRA","CRA","CRA",0,"2025-12-17",0,1,0,0,0,0,96.305,86,96.345,-0.04,96.305,96.305,96.305,8287,8,96.345,620,0,0,"",0
"2023-06-27","CRAZ25","CRA","CRA","CRA",0,"2026-03-18",0,1,0,0,0,0,96.475,96,96.525,-0.05,96.475,96.475,96.475,9268,7,96.525,171,0,0,"",0
"2023-06-27","CRAH26","CRA","CRA","CRA",0,"2026-06-17",0,1,0,0,0,0,0,34,0,0,0,0,0,3287,2,96.7,39,0,0,"",0
"2023-06-28","CRAM23","CRA","CRA","CRA",0,"2023-09-20",0,1,95.1025,95.11,501,100,0,3725,0,0.015,95.095,95.11,95.095,0,94,95.105,59314,0,0,"",0
"2023-06-28","CRAU23","CRA","CRA","CRA",0,"2023-12-20",0,1,94.95,94.96,470,231,0,10412,0,0.04,94.935,94.975,94.935,0,829,94.955,92297,0,0,"",0
"2023-06-28","CRAZ23","CRA","CRA","CRA",0,"2024-03-20",0,1,94.95,94.97,250,26,0,6916,0,0.06,94.935,94.99,94.935,0,759,94.96,53487,0,0,"",0
"2023-06-28","CRAH24","CRA","CRA","CRA",0,"2024-06-19",0,1,95.065,95.085,254,250,0,4579,0,0.095,95.02,95.095,95.02,0,463,95.06,38123,0,0,"",0
"2023-06-28","CRAM24","CRA","CRA","CRA",0,"2024-09-18",0,1,95.28,95.305,5,100,0,3671,0,0.1,95.23,95.3,95.215,0,609,95.275,31969,0,0,"",0
"2023-06-28","CRAU24","CRA","CRA","CRA",0,"2024-12-18",0,1,95.525,95.54,4,100,0,1880,0,0.085,95.485,95.535,95.45,0,431,95.52,16042,0,0,"",0
"2023-06-28","CRAZ24","CRA","CRA","CRA",0,"2025-03-19",0,1,95.79,95.815,100,100,0,1441,0,0.085,95.755,95.815,95.745,0,359,95.8,12440,0,0,"",0
"2023-06-28","CRAH25","CRA","CRA","CRA",0,"2025-06-18",0,1,96.01,0,4,0,0,698,0,0.065,96.005,96.03,95.96,0,131,96.025,2741,0,0,"",0
"2023-06-28","CRAM25","CRA","CRA","CRA",0,"2025-09-17",0,1,96.2,96.235,2,50,0,197,0,0.07,96.21,96.24,96.16,0,45,96.225,2637,0,0,"",0
"2023-06-28","CRAU25","CRA","CRA","CRA",0,"2025-12-17",0,1,96.375,96.425,50,50,0,270,0,0.06,96.435,96.45,96.405,0,29,96.42,637,0,0,"",0
"2023-06-28","CRAZ25","CRA","CRA","CRA",0,"2026-03-18",0,1,0,0,0,0,0,103,0,0.065,96.62,96.64,96.59,0,10,96.6,183,0,0,"",0
"2023-06-28","CRAH26","CRA","CRA","CRA",0,"2026-06-17",0,1,96.7,96.79,5,5,0,43,0,0.115,96.815,96.815,96.815,0,3,96.775,43,0,0,"",0
"2023-06-29","CRAM23","CRA","CRA","CRA",0,"2023-09-20",0,1,95.0875,95.09,25,30,95.09,4408,95.105,-0.015,95.1025,95.105,95.085,23769,61,95.0875,59085,0,0,"",0
"2023-06-29","CRAU23","CRA","CRA","CRA",0,"2023-12-20",0,1,94.885,94.89,252,96,94.885,5866,94.955,-0.07,94.935,94.945,94.88,94,737,94.885,92817,0,0,"",0
"2023-06-29","CRAZ23","CRA","CRA","CRA",0,"2024-03-20",0,1,94.855,94.875,250,278,94.86,3881,94.96,-0.1,94.94,94.95,94.855,378,483,94.86,55600,0,0,"",0
"2023-06-29","CRAH24","CRA","CRA","CRA",0,"2024-06-19",0,1,94.95,94.96,3,250,94.955,3102,95.06,-0.105,95.045,95.045,94.92,3226,381,94.945,40392,0,0,"",0
"2023-06-29","CRAM24","CRA","CRA","CRA",0,"2024-09-18",0,1,95.135,95.16,100,100,95.15,2280,95.275,-0.125,95.255,95.255,95.115,4370,543,95.14,32485,0,0,"",0
"2023-06-29","CRAU24","CRA","CRA","CRA",0,"2024-12-18",0,1,95.35,95.37,8,100,95.37,3028,95.52,-0.15,95.485,95.5,95.345,2477,597,95.365,16321,0,0,"",0
"2023-06-29","CRAZ24","CRA","CRA","CRA",0,"2025-03-19",0,1,95.63,95.64,30,16,95.64,1999,95.8,-0.16,95.78,95.78,95.63,7833,474,95.635,12852,0,0,"",0
"2023-06-29","CRAH25","CRA","CRA","CRA",0,"2025-06-18",0,1,0,95.865,0,30,95.855,420,96.025,-0.17,95.985,95.985,95.855,191,74,95.86,2980,0,0,"",0
"2023-06-29","CRAM25","CRA","CRA","CRA",0,"2025-09-17",0,1,96.02,96.07,50,50,0,56,0,-0.16,96.175,96.175,96.065,0,23,96.06,2785,0,0,"",0
"2023-06-29","CRAU25","CRA","CRA","CRA",0,"2025-12-17",0,1,96.2,96.26,50,50,0,28,0,-0.075,96.345,96.345,96.345,0,4,96.255,556,0,0,"",0
"2023-06-29","CRAZ25","CRA","CRA","CRA",0,"2026-03-18",0,1,0,0,0,0,0,54,0,-0.06,96.54,96.54,96.54,0,6,96.435,246,0,0,"",0
"2023-06-29","CRAH26","CRA","CRA","CRA",0,"2026-06-17",0,1,0,0,0,0,0,65,0,-0.055,96.72,96.72,96.72,0,5,96.61,68,0,0,"",0
"2023-06-30","CRAM23","CRA","CRA","CRA",0,"2023-09-20",0,1,95.1,95.105,50,306,0,4654,0,0.0125,95.085,95.105,95.08,0,140,95.1025,57658,0,0,"",0
"2023-06-30","CRAU23","CRA","CRA","CRA",0,"2023-12-20",0,1,94.9,94.905,1,64,0,7127,0,0.02,94.875,94.92,94.87,0,400,94.9,91773,0,0,"",0
"2023-06-30","CRAZ23","CRA","CRA","CRA",0,"2024-03-20",0,1,94.91,94.945,79,3,0,4418,0,0.06,94.845,94.925,94.84,0,606,94.915,55908,0,0,"",0
"2023-06-30","CRAH24","CRA","CRA","CRA",0,"2024-06-19",0,1,95.005,95.015,250,4,0,2798,0,0.06,94.915,95.015,94.905,0,330,95.01,40874,0,0,"",0
"2023-06-30","CRAM24","CRA","CRA","CRA",0,"2024-09-18",0,1,95.205,95.215,95,100,0,1194,0,0.065,95.1,95.22,95.095,0,282,95.21,33501,0,0,"",0
"2023-06-30","CRAU24","CRA","CRA","CRA",0,"2024-12-18",0,1,95.425,95.445,100,102,0,2585,0,0.07,95.32,95.46,95.32,0,480,95.435,18022,0,0,"",0
"2023-06-30","CRAZ24","CRA","CRA","CRA",0,"2025-03-19",0,1,95.7,95.72,2,101,0,2870,0,0.08,95.6,95.73,95.59,0,648,95.71,13036,0,0,"",0
"2023-06-30","CRAH25","CRA","CRA","CRA",0,"2025-06-18",0,1,95.92,95.945,3,100,0,655,0,0.075,95.81,95.945,95.805,0,198,95.935,3054,0,0,"",0
"2023-06-30","CRAM25","CRA","CRA","CRA",0,"2025-09-17",0,1,96.1,96.155,4,50,0,37,0,0.045,96.085,96.105,96.06,0,16,96.135,2800,0,0,"",0
"2023-06-30","CRAU25","CRA","CRA","CRA",0,"2025-12-17",0,1,96.285,96.335,3,50,0,27,0,0.07,96.295,96.325,96.295,0,8,96.33,531,0,0,"",0
"2023-06-30","CRAZ25","CRA","CRA","CRA",0,"2026-03-18",0,1,96.44,96.52,6,6,0,7,0,0.08,96.48,96.515,96.48,0,5,96.51,196,0,0,"",0
"2023-06-30","CRAH26","CRA","CRA","CRA",0,"2026-06-17",0,1,96.59,96.705,18,18,0,31,0,0.085,96.695,96.695,96.695,0,3,96.685,52,0,0,"",0
"2023-07-04","CRAM23","CRA","CRA","CRA",0,"2023-09-20",0,1,95.085,95.0925,450,384,0,1230,0,-0.015,95.09,95.09,95.0875,0,34,95.0925,59335,0,0,"",0
"2023-07-04","CRAU23","CRA","CRA","CRA",0,"2023-12-20",0,1,94.88,94.9,300,350,0,3748,0,-0.005,94.91,94.91,94.88,0,153,94.89,92118,0,0,"",0
"2023-07-04","CRAZ23","CRA","CRA","CRA",0,"2024-03-20",0,1,0,94.92,0,5,0,2928,0,-0.03,94.865,94.9,94.86,0,232,94.89,56733,0,0,"",0
"2023-07-04","CRAH24","CRA","CRA","CRA",0,"2024-06-19",0,1,94.975,0,92,0,0,2192,0,-0.035,94.96,94.985,94.945,0,197,94.98,41755,0,0,"",0
"2023-07-04","CRAM24","CRA","CRA","CRA",0,"2024-09-18",0,1,95.17,0,133,0,0,2600,0,-0.035,95.135,95.175,95.125,0,320,95.17,33846,0,0,"",0
"2023-07-04","CRAU24","CRA","CRA","CRA",0,"2024-12-18",0,1,95.37,95.395,151,10,0,1456,0,-0.06,95.38,95.38,95.345,0,160,95.375,18386,0,0,"",0
"2023-07-04","CRAZ24","CRA","CRA","CRA",0,"2025-03-19",0,1,95.635,0,50,0,0,766,0,-0.07,95.64,95.64,95.62,0,104,95.635,13801,0,0,"",0
"2023-07-04","CRAH25","CRA","CRA","CRA",0,"2025-06-18",0,1,0,95.885,0,3,0,278,0,-0.09,95.84,95.85,95.83,0,51,95.845,3349,0,0,"",0
"2023-07-04","CRAM25","CRA","CRA","CRA",0,"2025-09-17",0,1,96.01,96.08,50,50,0,83,0,-0.105,96.045,96.045,96.03,0,10,96.04,2800,0,0,"",0
"2023-07-04","CRAU25","CRA","CRA","CRA",0,"2025-12-17",0,1,0,0,0,0,0,8,0,0,0,0,0,0,1,96.23,523,0,0,"",0
"2023-07-04","CRAZ25","CRA","CRA","CRA",0,"2026-03-18",0,1,0,0,0,0,0,0,0,0,0,0,0,0,0,96.41,195,0,0,"",0
"2023-07-04","CRAH26","CRA","CRA","CRA",0,"2026-06-17",0,1,0,0,0,0,0,0,0,0,0,0,0,0,0,96.585,52,0,0,"",0
"2023-07-05","CRAM23","CRA","CRA","CRA",0,"2023-09-20",0,1,95.095,95.1,20,250,0,1654,0,0.005,95.0925,95.105,95.0925,0,23,95.095,59265,0,0,"",0
"2023-07-05","CRAU23","CRA","CRA","CRA",0,"2023-12-20",0,1,94.875,94.89,250,100,0,7786,0,-0.015,94.91,94.91,94.875,0,926,94.89,92389,0,0,"",0
"2023-07-05","CRAZ23","CRA","CRA","CRA",0,"2024-03-20",0,1,94.865,94.885,250,10,0,5556,0,-0.02,94.905,94.905,94.87,0,716,94.88,57217,0,0,"",0
"2023-07-05","CRAH24","CRA","CRA","CRA",0,"2024-06-19",0,1,94.94,94.955,275,28,0,6051,0,-0.04,94.96,94.99,94.94,0,601,94.95,42549,0,0,"",0
"2023-07-05","CRAM24","CRA","CRA","CRA",0,"2024-09-18",0,1,95.125,95.14,210,100,0,7268,0,-0.045,95.17,95.18,95.125,0,881,95.135,34826,0,0,"",0
"2023-07-05","CRAU24","CRA","CRA","CRA",0,"2024-12-18",0,1,95.32,0,54,0,0,11687,0,-0.045,95.385,95.385,95.32,0,983,95.34,17918,0,0,"",0
"2023-07-05","CRAZ24","CRA","CRA","CRA",0,"2025-03-19",0,1,95.525,0,1,0,0,5471,0,-0.07,95.635,95.64,95.565,0,775,95.575,13793,0,0,"",0
"2023-07-05","CRAH25","CRA","CRA","CRA",0,"2025-06-18",0,1,95.73,0,1,0,0,1481,0,-0.08,95.82,95.85,95.765,0,267,95.78,3384,0,0,"",0
"2023-07-05","CRAM25","CRA","CRA","CRA",0,"2025-09-17",0,1,0,97,0,2,0,288,0,-0.045,96.01,96.01,95.975,0,29,95.975,2854,0,0,"",0
"2023-07-05","CRAU25","CRA","CRA","CRA",0,"2025-12-17",0,1,0,0,0,0,0,45,0,-0.07,96.175,96.175,96.16,0,6,96.165,531,0,0,"",0
"2023-07-05","CRAZ25","CRA","CRA","CRA",0,"2026-03-18",0,1,0,0,0,0,0,64,0,-0.05,96.36,96.36,96.36,0,5,96.345,195,0,0,"",0
"2023-07-05","CRAH26","CRA","CRA","CRA",0,"2026-06-17",0,1,0,0,0,0,0,25,0,0,0,0,0,0,1,96.52,52,0,0,"",0
"2023-07-06","CRAM23","CRA","CRA","CRA",0,"2023-09-20",0,1,95.0875,95.09,85,51,95.09,6166,95.095,-0.005,95.0925,95.095,95.08,586265,101,95.0875,59198,0,0,"",0
"2023-07-06","CRAU23","CRA","CRA","CRA",0,"2023-12-20",0,1,94.89,94.895,362,178,94.895,16259,94.89,0.005,94.88,94.905,94.845,1541457,1474,94.885,92270,0,0,"",0
"2023-07-06","CRAZ23","CRA","CRA","CRA",0,"2024-03-20",0,1,94.865,94.885,250,250,94.87,5531,94.88,-0.01,94.855,94.875,94.79,524014,807,94.855,58575,0,0,"",0
"2023-07-06","CRAH24","CRA","CRA","CRA",0,"2024-06-19",0,1,94.885,94.905,300,312,94.905,3950,94.95,-0.045,94.905,94.92,94.82,374307,690,94.905,46010,0,0,"",0
"2023-07-06","CRAM24","CRA","CRA","CRA",0,"2024-09-18",0,1,95.04,95.065,100,100,95.07,6471,95.135,-0.065,95.105,95.11,94.98,614649,928,95.055,38594,0,0,"",0
"2023-07-06","CRAU24","CRA","CRA","CRA",0,"2024-12-18",0,1,95.23,0,100,0,95.245,10061,95.34,-0.095,95.315,95.315,95.165,957551,1025,95.245,17008,0,0,"",0
"2023-07-06","CRAZ24","CRA","CRA","CRA",0,"2025-03-19",0,1,95.42,0,4,0,95.45,4524,95.575,-0.125,95.555,95.555,95.395,431273,962,95.46,12638,0,0,"",0
"2023-07-06","CRAH25","CRA","CRA","CRA",0,"2025-06-18",0,1,0,95.65,0,57,95.645,1664,95.78,-0.135,95.755,95.755,95.6,158972,309,95.65,4149,0,0,"",0
"2023-07-06","CRAM25","CRA","CRA","CRA",0,"2025-09-17",0,1,95.785,95.835,50,50,95.825,201,95.975,-0.15,95.815,95.84,95.8,19234,41,95.84,3026,0,0,"",0
"2023-07-06","CRAU25","CRA","CRA","CRA",0,"2025-12-17",0,1,95.965,96.015,50,50,96.005,8,96.165,-0.16,96.005,96.01,96.005,768,6,96.03,494,0,0,"",0
"2023-07-06","CRAZ25","CRA","CRA","CRA",0,"2026-03-18",0,1,0,0,0,0,96.19,7,96.345,-0.155,96.17,96.19,96.17,672,6,96.21,147,0,0,"",0
"2023-07-06","CRAH26","CRA","CRA","CRA",0,"2026-06-17",0,1,0,0,0,0,96.36,6,96.52,-0.16,96.335,96.36,96.335,576,4,96.38,27,0,0,"",0
"2023-07-07","CRAM23","CRA","CRA","CRA",0,"2023-09-20",0,1,95.065,95.07,2000,158,0,12186,0,-0.02,95.0825,95.0825,95.065,0,316,95.07,58652,0,0,"",0
"2023-07-07","CRAU23","CRA","CRA","CRA",0,"2023-12-20",0,1,94.845,94.85,250,307,0,9812,0,-0.035,94.89,94.895,94.845,0,910,94.865,93060,0,0,"",0
"2023-07-07","CRAZ23","CRA","CRA","CRA",0,"2024-03-20",0,1,94.8,94.815,50,187,0,6517,0,-0.045,94.86,94.875,94.795,0,1143,94.825,58383,0,0,"",0
"2023-07-07","CRAH24","CRA","CRA","CRA",0,"2024-06-19",0,1,94.835,94.925,25,35,0,5849,0,-0.065,94.905,94.93,94.81,0,958,94.875,46760,0,0,"",0
"2023-07-07","CRAM24","CRA","CRA","CRA",0,"2024-09-18",0,1,0,0,0,0,0,4242,0,-0.08,95.04,95.095,94.94,0,806,95.025,39289,0,0,"",0
"2023-07-07","CRAU24","CRA","CRA","CRA",0,"2024-12-18",0,1,95.135,0,4,0,0,3042,0,-0.09,95.2,95.29,95.12,0,538,95.215,21022,0,0,"",0
"2023-07-07","CRAZ24","CRA","CRA","CRA",0,"2025-03-19",0,1,95.025,0,1,0,0,4399,0,-0.09,95.425,95.505,95.335,0,1018,95.43,14297,0,0,"",0
"2023-07-07","CRAH25","CRA","CRA","CRA",0,"2025-06-18",0,1,0,95.61,0,47,0,1379,0,-0.09,95.62,95.665,95.525,0,313,95.61,4684,0,0,"",0
"2023-07-07","CRAM25","CRA","CRA","CRA",0,"2025-09-17",0,1,0,97,0,2,0,563,0,-0.06,95.775,95.83,95.725,0,98,95.79,3176,0,0,"",0
"2023-07-07","CRAU25","CRA","CRA","CRA",0,"2025-12-17",0,1,0,0,0,0,0,112,0,-0.08,95.96,95.97,95.95,0,18,95.975,500,0,0,"",0
"2023-07-07","CRAZ25","CRA","CRA","CRA",0,"2026-03-18",0,1,0,0,0,0,0,61,0,-0.065,96.145,96.155,96.14,0,18,96.155,148,0,0,"",0
"2023-07-07","CRAH26","CRA","CRA","CRA",0,"2026-06-17",0,1,0,0,0,0,0,36,0,-0.055,96.31,96.33,96.305,0,12,96.325,27,0,0,"",0
"2023-07-10","CRAM23","CRA","CRA","CRA",0,"2023-09-20",0,1,95.0725,95.075,100,250,95.0775,8282,95.07,0.0075,95.0675,95.08,95.0675,787315,159,95.075,64266,0,0,"",0
"2023-07-10","CRAU23","CRA","CRA","CRA",0,"2023-12-20",0,1,94.885,94.895,28,305,94.895,9313,94.865,0.03,94.885,94.905,94.855,883021,890,94.895,93093,0,0,"",0
"2023-07-10","CRAZ23","CRA","CRA","CRA",0,"2024-03-20",0,1,94.855,94.865,45,250,94.855,7284,94.825,0.03,94.83,94.87,94.815,690341,821,94.855,58259,0,0,"",0
"2023-07-10","CRAH24","CRA","CRA","CRA",0,"2024-06-19",0,1,94.89,94.91,250,325,94.9,6133,94.875,0.025,94.84,94.92,94.83,581420,801,94.905,46898,0,0,"",0
"2023-07-10","CRAM24","CRA","CRA","CRA",0,"2024-09-18",0,1,95.04,95.065,100,100,95.05,4589,95.025,0.025,95.005,95.07,94.975,435930,691,95.055,39639,0,0,"",0
"2023-07-10","CRAU24","CRA","CRA","CRA",0,"2024-12-18",0,1,95.23,95.24,25,17,95.225,6096,95.215,0.01,95.195,95.245,95.155,580205,478,95.235,22723,0,0,"",0
"2023-07-10","CRAZ24","CRA","CRA","CRA",0,"2025-03-19",0,1,95.455,95.475,8,100,95.455,2834,95.43,0.025,95.41,95.475,95.37,270265,383,95.455,15237,0,0,"",0
"2023-07-10","CRAH25","CRA","CRA","CRA",0,"2025-06-18",0,1,95.64,0,50,0,95.635,772,95.61,0.025,95.575,95.665,95.545,73756,127,95.645,4929,0,0,"",0
"2023-07-10","CRAM25","CRA","CRA","CRA",0,"2025-09-17",0,1,95.8,95.85,50,50,95.83,226,95.79,0.04,95.76,95.84,95.73,21596,80,95.825,3631,0,0,"",0
"2023-07-10","CRAU25","CRA","CRA","CRA",0,"2025-12-17",0,1,95.995,96.055,50,50,96.02,69,95.975,0.045,95.96,96.02,95.96,6619,19,96.01,558,0,0,"",0
"2023-07-10","CRAZ25","CRA","CRA","CRA",0,"2026-03-18",0,1,0,0,0,0,96.2,120,96.155,0.045,96.16,96.2,96.16,11536,20,96.19,111,0,0,"",0
"2023-07-10","CRAH26","CRA","CRA","CRA",0,"2026-06-17",0,1,0,0,0,0,96.365,65,96.325,0.04,96.325,96.37,96.325,6256,17,96.36,26,0,0,"",0
"2023-07-11","CRAM23","CRA","CRA","CRA",0,"2023-09-20",0,1,95.0675,95.07,101,493,0,5314,0,-0.0075,95.075,95.075,95.0625,0,62,95.0675,67634,0,0,"",0
"2023-07-11","CRAU23","CRA","CRA","CRA",0,"2023-12-20",0,1,94.86,94.87,34,394,0,9246,0,-0.035,94.9,94.9,94.85,0,829,94.86,95567,0,0,"",0
"2023-07-11","CRAZ23","CRA","CRA","CRA",0,"2024-03-20",0,1,94.815,94.825,89,252,0,10940,0,-0.04,94.855,94.86,94.8,0,796,94.815,59231,0,0,"",0
"2023-07-11","CRAH24","CRA","CRA","CRA",0,"2024-06-19",0,1,94.85,94.86,250,200,0,4851,0,-0.055,94.91,94.915,94.845,0,562,94.855,47729,0,0,"",0
"2023-07-11","CRAM24","CRA","CRA","CRA",0,"2024-09-18",0,1,94.98,95,3,103,0,6194,0,-0.065,95.075,95.075,94.985,0,818,95,41208,0,0,"",0
"2023-07-11","CRAU24","CRA","CRA","CRA",0,"2024-12-18",0,1,95.15,95.17,100,10,0,5731,0,-0.075,95.26,95.26,95.16,0,411,95.175,25833,0,0,"",0
"2023-07-11","CRAZ24","CRA","CRA","CRA",0,"2025-03-19",0,1,95.025,95.395,1,32,0,3754,0,-0.06,95.475,95.48,95.39,0,721,95.405,15489,0,0,"",0
"2023-07-11","CRAH25","CRA","CRA","CRA",0,"2025-06-18",0,1,0,95.66,0,10,0,1004,0,-0.05,95.65,95.665,95.59,0,120,95.6,5322,0,0,"",0
"2023-07-11","CRAM25","CRA","CRA","CRA",0,"2025-09-17",0,1,0,95.785,0,50,0,116,0,-0.05,95.795,95.805,95.775,0,33,95.785,3666,0,0,"",0
"2023-07-11","CRAU25","CRA","CRA","CRA",0,"2025-12-17",0,1,0,0,0,0,0,88,0,-0.015,95.99,96,95.96,0,17,95.97,608,0,0,"",0
"2023-07-11","CRAZ25","CRA","CRA","CRA",0,"2026-03-18",0,1,0,0,0,0,0,68,0,-0.005,96.16,96.195,96.155,0,20,96.15,157,0,0,"",0
"2023-07-11","CRAH26","CRA","CRA","CRA",0,"2026-06-17",0,1,0,0,0,0,0,12,0,0.005,96.33,96.375,96.33,0,12,96.32,26,0,0,"",0
"2023-07-12","CRAM23","CRA","CRA","CRA",0,"2023-09-20",0,1,95.015,95.0175,357,500,0,12045,0,-0.05,95.065,95.1125,95.0075,0,371,95.0175,71389,0,0,"",0
"2023-07-12","CRAU23","CRA","CRA","CRA",0,"2023-12-20",0,1,94.86,94.865,10,250,0,28488,0,0.005,94.855,94.935,94.83,0,1455,94.87,95162,0,0,"",0
"2023-07-12","CRAZ23","CRA","CRA","CRA",0,"2024-03-20",0,1,94.855,94.865,39,161,0,11062,0,0.04,94.815,94.98,94.805,0,1052,94.865,58033,0,0,"",0
"2023-07-12","CRAH24","CRA","CRA","CRA",0,"2024-06-19",0,1,94.93,94.95,250,250,0,9462,0,0.095,94.87,95.04,94.855,0,956,94.965,48421,0,0,"",0
"2023-07-12","CRAM24","CRA","CRA","CRA",0,"2024-09-18",0,1,95.11,95.135,69,100,0,6877,0,0.13,95.01,95.175,94.995,0,1086,95.155,42385,0,0,"",0
"2023-07-12","CRAU24","CRA","CRA","CRA",0,"2024-12-18",0,1,95.315,95.34,100,100,0,11061,0,0.165,95.19,95.38,95.175,0,570,95.355,28576,0,0,"",0
"2023-07-12","CRAZ24","CRA","CRA","CRA",0,"2025-03-19",0,1,95.56,95.58,3,88,0,5061,0,0.175,95.405,95.635,95.405,0,1355,95.6,16560,0,0,"",0
"2023-07-12","CRAH25","CRA","CRA","CRA",0,"2025-06-18",0,1,0,0,0,0,0,858,0,0.175,95.605,95.845,95.6,0,187,95.795,5304,0,0,"",0
"2023-07-12","CRAM25","CRA","CRA","CRA",0,"2025-09-17",0,1,95.915,95.965,50,50,0,405,0,0.19,95.79,96.04,95.785,0,67,95.98,3687,0,0,"",0
"2023-07-12","CRAU25","CRA","CRA","CRA",0,"2025-12-17",0,1,96.075,0,50,0,0,79,0,0,0,0,0,0,19,96.165,574,0,0,"",0
"2023-07-12","CRAZ25","CRA","CRA","CRA",0,"2026-03-18",0,1,0,0,0,0,0,137,0,0,0,0,0,0,17,96.345,141,0,0,"",0
"2023-07-12","CRAH26","CRA","CRA","CRA",0,"2026-06-17",0,1,0,0,0,0,0,75,0,0,0,0,0,0,3,96.515,26,0,0,"",0
"2023-07-13","CRAM23","CRA","CRA","CRA",0,"2023-09-20",0,1,95.0175,95.02,500,1240,0,1695,0,0,95.02,95.02,95.0175,0,13,95.0175,73446,0,0,"",0
"2023-07-13","CRAU23","CRA","CRA","CRA",0,"2023-12-20",0,1,94.865,94.88,328,2,0,10897,0,0.005,94.875,94.89,94.86,0,854,94.87,93138,0,0,"",0
"2023-07-13","CRAZ23","CRA","CRA","CRA",0,"2024-03-20",0,1,94.87,94.88,250,77,0,6399,0,0.015,94.9,94.91,94.86,0,729,94.875,57893,0,0,"",0
"2023-07-13","CRAH24","CRA","CRA","CRA",0,"2024-06-19",0,1,0,95.04,0,50,0,4587,0,0.035,95.02,95.035,94.985,0,489,95.01,50484,0,0,"",0
"2023-07-13","CRAM24","CRA","CRA","CRA",0,"2024-09-18",0,1,95.2,0,275,0,0,6125,0,0.07,95.13,95.26,95.13,0,1079,95.245,45241,0,0,"",0
"2023-07-13","CRAU24","CRA","CRA","CRA",0,"2024-12-18",0,1,95.455,0,30,0,0,3277,0,0.125,95.34,95.52,95.34,0,504,95.495,34046,0,0,"",0
"2023-07-13","CRAZ24","CRA","CRA","CRA",0,"2025-03-19",0,1,95.025,95.765,1,2,0,5357,0,0.145,95.62,95.775,95.615,0,1312,95.76,17807,0,0,"",0
"2023-07-13","CRAH25","CRA","CRA","CRA",0,"2025-06-18",0,1,95.89,0,51,0,0,1669,0,0.145,95.8,95.98,95.8,0,295,95.96,5314,0,0,"",0
"2023-07-13","CRAM25","CRA","CRA","CRA",0,"2025-09-17",0,1,0,97,0,2,0,1024,0,0.15,95.965,96.135,95.965,0,198,96.13,3947,0,0,"",0
"2023-07-13","CRAU25","CRA","CRA","CRA",0,"2025-12-17",0,1,0,96.295,0,50,0,100,0,0.1,96.235,96.275,96.215,0,28,96.305,651,0,0,"",0
"2023-07-13","CRAZ25","CRA","CRA","CRA",0,"2026-03-18",0,1,0,0,0,0,0,83,0,0.075,96.375,96.42,96.375,0,11,96.485,271,0,0,"",0
"2023-07-13","CRAH26","CRA","CRA","CRA",0,"2026-06-17",0,1,0,0,0,0,0,31,0,0.065,96.535,96.58,96.535,0,7,96.655,83,0,0,"",0
"2023-07-14","CRAM23","CRA","CRA","CRA",0,"2023-09-20",0,1,95.0175,95.0225,222,870,95.02,630,95.0175,0.0025,95.015,95.02,95.015,59856,17,95.0175,73355,0,0,"",0
"2023-07-14","CRAU23","CRA","CRA","CRA",0,"2023-12-20",0,1,94.855,94.865,250,14,94.86,7783,94.87,-0.01,94.885,94.885,94.845,737834,648,94.855,90587,0,0,"",0
"2023-07-14","CRAZ23","CRA","CRA","CRA",0,"2024-03-20",0,1,94.835,94.855,250,250,94.835,7607,94.875,-0.04,94.88,94.88,94.825,721080,699,94.845,58862,0,0,"",0
"2023-07-14","CRAH24","CRA","CRA","CRA",0,"2024-06-19",0,1,94.93,94.945,250,83,94.945,5450,95.01,-0.065,95.02,95.02,94.935,517231,468,94.95,49512,0,0,"",0
"2023-07-14","CRAM24","CRA","CRA","CRA",0,"2024-09-18",0,1,95.135,95.16,100,175,95.16,3993,95.245,-0.085,95.22,95.255,95.135,379774,727,95.17,43308,0,0,"",0
"2023-07-14","CRAU24","CRA","CRA","CRA",0,"2024-12-18",0,1,95.38,95.405,101,100,95.405,2280,95.495,-0.09,95.47,95.505,95.37,217392,329,95.42,34337,0,0,"",0
"2023-07-14","CRAZ24","CRA","CRA","CRA",0,"2025-03-19",0,1,95.66,95.665,2,30,95.665,2002,95.76,-0.095,95.755,95.765,95.625,191393,239,95.675,19391,0,0,"",0
"2023-07-14","CRAH25","CRA","CRA","CRA",0,"2025-06-18",0,1,95.87,95.885,1,8,95.88,772,95.96,-0.08,95.915,95.92,95.83,73917,140,95.88,4902,0,0,"",0
"2023-07-14","CRAM25","CRA","CRA","CRA",0,"2025-09-17",0,1,0,0,0,0,96.06,981,96.13,-0.07,96.055,96.06,96.055,94223,23,96.055,4666,0,0,"",0
"2023-07-14","CRAU25","CRA","CRA","CRA",0,"2025-12-17",0,1,0,0,0,0,96.235,4,96.305,-0.07,96.235,96.235,96.235,384,2,96.235,734,0,0,"",0
"2023-07-14","CRAZ25","CRA","CRA","CRA",0,"2026-03-18",0,1,0,0,0,0,96.41,198,96.485,-0.075,96.41,96.41,96.41,19086,5,96.415,348,0,0,"",0
"2023-07-14","CRAH26","CRA","CRA","CRA",0,"2026-06-17",0,1,0,0,0,0,0,0,0,0,0,0,0,0,0,96.585,108,0,0,"",0
"2023-07-17","CRAM23","CRA","CRA","CRA",0,"2023-09-20",0,1,95.0175,95.02,584,1175,95.0175,549,95.0175,0,95.015,95.02,95.015,52159,19,95.0175,73866,0,0,"",0
"2023-07-17","CRAU23","CRA","CRA","CRA",0,"2023-12-20",0,1,94.855,94.86,297,97,94.855,11190,94.855,0,94.865,94.865,94.85,1060959,777,94.86,90011,0,0,"",0
"2023-07-17","CRAZ23","CRA","CRA","CRA",0,"2024-03-20",0,1,94.805,94.81,70,1,94.81,3961,94.845,-0.035,94.86,94.865,94.805,375420,302,94.815,58871,0,0,"",0
"2023-07-17","CRAH24","CRA","CRA","CRA",0,"2024-06-19",0,1,94.895,94.9,125,63,94.9,3920,94.95,-0.05,94.94,94.985,94.9,371821,423,94.915,48750,0,0,"",0
"2023-07-17","CRAM24","CRA","CRA","CRA",0,"2024-09-18",0,1,95.09,95.115,100,100,95.105,3708,95.17,-0.065,95.155,95.205,95.105,352647,349,95.125,42453,0,0,"",0
"2023-07-17","CRAU24","CRA","CRA","CRA",0,"2024-12-18",0,1,95.345,95.37,150,175,95.36,2147,95.42,-0.06,95.4,95.445,95.355,204716,135,95.38,34970,0,0,"",0
"2023-07-17","CRAZ24","CRA","CRA","CRA",0,"2025-03-19",0,1,95.625,95.645,1,100,95.64,1970,95.675,-0.035,95.66,95.72,95.615,188335,164,95.655,20344,0,0,"",0
"2023-07-17","CRAH25","CRA","CRA","CRA",0,"2025-06-18",0,1,0,95.87,0,25,95.865,901,95.88,-0.015,95.925,95.925,95.84,86329,85,95.88,5212,0,0,"",0
"2023-07-17","CRAM25","CRA","CRA","CRA",0,"2025-09-17",0,1,96.02,96.06,50,21,96.05,92,96.055,-0.005,96.07,96.08,96.05,8833,14,96.075,3991,0,0,"",0
"2023-07-17","CRAU25","CRA","CRA","CRA",0,"2025-12-17",0,1,96.205,96.255,50,50,96.26,23,96.235,0.025,96.26,96.26,96.26,2210,8,96.255,737,0,0,"",0
"2023-07-17","CRAZ25","CRA","CRA","CRA",0,"2026-03-18",0,1,0,0,0,0,96.435,31,96.415,0.02,96.435,96.435,96.425,2985,8,96.435,348,0,0,"",0
"2023-07-17","CRAH26","CRA","CRA","CRA",0,"2026-06-17",0,1,0,0,0,0,96.595,26,96.585,0.01,96.58,96.595,96.58,2509,5,96.605,108,0,0,"",0
"2023-07-18","CRAM23","CRA","CRA","CRA",0,"2023-09-20",0,1,95.0175,95.02,423,535,0,8927,0,0,95.02,95.025,95.0175,0,100,95.02,73857,0,0,"",0
"2023-07-18","CRAU23","CRA","CRA","CRA",0,"2023-12-20",0,1,94.855,94.865,2,163,0,19027,0,-0.005,94.86,94.925,94.85,0,1148,94.865,89636,0,0,"",0
"2023-07-18","CRAZ23","CRA","CRA","CRA",0,"2024-03-20",0,1,94.795,94.825,3,8,0,7357,0,0,94.83,94.86,94.805,0,776,94.82,57452,0,0,"",0
"2023-07-18","CRAH24","CRA","CRA","CRA",0,"2024-06-19",0,1,94.91,94.935,25,3,0,4288,0,0,94.91,94.98,94.89,0,716,94.925,49544,0,0,"",0
"2023-07-18","CRAM24","CRA","CRA","CRA",0,"2024-09-18",0,1,95.13,0,4,0,0,5121,0,0.03,95.16,95.215,95.1,0,669,95.155,42245,0,0,"",0
"2023-07-18","CRAU24","CRA","CRA","CRA",0,"2024-12-18",0,1,95.375,0,5,0,0,2728,0,0.05,95.425,95.5,95.365,0,412,95.43,34342,0,0,"",0
"2023-07-18","CRAZ24","CRA","CRA","CRA",0,"2025-03-19",0,1,95.025,95.73,1,100,0,1899,0,0.06,95.69,95.785,95.645,0,301,95.715,20800,0,0,"",0
"2023-07-18","CRAH25","CRA","CRA","CRA",0,"2025-06-18",0,1,0,0,0,0,0,750,0,0.07,95.915,95.99,95.875,0,79,95.94,5285,0,0,"",0
"2023-07-18","CRAM25","CRA","CRA","CRA",0,"2025-09-17",0,1,0,0,0,0,0,329,0,0.065,96.11,96.18,96.11,0,34,96.135,4070,0,0,"",0
"2023-07-18","CRAU25","CRA","CRA","CRA",0,"2025-12-17",0,1,0,0,0,0,0,52,0,0.08,96.29,96.355,96.29,0,32,96.32,722,0,0,"",0
"2023-07-18","CRAZ25","CRA","CRA","CRA",0,"2026-03-18",0,1,0,0,0,0,0,75,0,0.07,96.48,96.515,96.475,0,23,96.495,369,0,0,"",0
"2023-07-18","CRAH26","CRA","CRA","CRA",0,"2026-06-17",0,1,0,0,0,0,0,59,0,0.06,96.64,96.675,96.625,0,12,96.655,130,0,0,"",0
"2023-07-19","CRAM23","CRA","CRA","CRA",0,"2023-09-20",0,1,95.0175,95.02,343,246,95.0175,2014,95.02,-0.0025,95.02,95.02,95.0175,191352,43,95.02,71934,0,0,"",0
"2023-07-19","CRAU23","CRA","CRA","CRA",0,"2023-12-20",0,1,94.85,94.865,290,238,94.855,7986,94.865,-0.01,94.87,94.88,94.845,757113,645,94.85,93477,0,0,"",0
"2023-07-19","CRAZ23","CRA","CRA","CRA",0,"2024-03-20",0,1,94.805,94.83,100,1,94.815,5078,94.82,-0.005,94.85,94.86,94.805,480997,782,94.81,57062,0,0,"",0
"2023-07-19","CRAH24","CRA","CRA","CRA",0,"2024-06-19",0,1,94.9,94.92,250,251,94.915,4420,94.925,-0.01,94.96,94.975,94.895,419294,376,94.915,50263,0,0,"",0
"2023-07-19","CRAM24","CRA","CRA","CRA",0,"2024-09-18",0,1,95.14,95.165,100,100,95.15,3548,95.155,-0.005,95.2,95.225,95.125,337375,598,95.15,42856,0,0,"",0
"2023-07-19","CRAU24","CRA","CRA","CRA",0,"2024-12-18",0,1,95.43,95.445,1,2,95.44,4243,95.43,0.01,95.48,95.505,95.4,404702,541,95.44,34833,0,0,"",0
"2023-07-19","CRAZ24","CRA","CRA","CRA",0,"2025-03-19",0,1,95.025,95.735,1,1,95.73,4374,95.715,0.015,95.775,95.795,95.69,418106,969,95.73,20182,0,0,"",0
"2023-07-19","CRAH25","CRA","CRA","CRA",0,"2025-06-18",0,1,0,0,0,0,95.955,833,95.94,0.015,96.025,96.025,95.92,79867,77,95.955,5257,0,0,"",0
"2023-07-19","CRAM25","CRA","CRA","CRA",0,"2025-09-17",0,1,0,96.175,0,1,96.175,287,96.135,0.04,96.175,96.175,96.13,27584,19,96.15,4127,0,0,"",0
"2023-07-19","CRAU25","CRA","CRA","CRA",0,"2025-12-17",0,1,0,0,0,0,96.34,45,96.32,0.02,96.34,96.34,96.315,4329,14,96.335,704,0,0,"",0
"2023-07-19","CRAZ25","CRA","CRA","CRA",0,"2026-03-18",0,1,0,0,0,0,96.5,25,96.495,0.005,96.505,96.505,96.475,2410,8,96.51,366,0,0,"",0
"2023-07-19","CRAH26","CRA","CRA","CRA",0,"2026-06-17",0,1,0,0,0,0,96.65,17,96.655,-0.005,96.69,96.69,96.625,1639,7,96.67,129,0,0,"",0
"2023-07-20","CRAM23","CRA","CRA","CRA",0,"2023-09-20",0,1,95.0175,95.02,1023,472,0,2351,0,0,95.015,95.02,95.015,0,51,95.02,71814,0,0,"",0
"2023-07-20","CRAU23","CRA","CRA","CRA",0,"2023-12-20",0,1,94.815,94.82,27,21,0,7054,0,-0.035,94.84,94.85,94.805,0,767,94.815,93465,0,0,"",0
"2023-07-20","CRAZ23","CRA","CRA","CRA",0,"2024-03-20",0,1,94.755,94.775,3,27,0,4754,0,-0.055,94.795,94.795,94.74,0,586,94.765,57388,0,0,"",0
"2023-07-20","CRAH24","CRA","CRA","CRA",0,"2024-06-19",0,1,0,94.87,0,50,0,3880,0,-0.11,94.9,94.9,94.79,0,658,94.82,50292,0,0,"",0
"2023-07-20","CRAM24","CRA","CRA","CRA",0,"2024-09-18",0,1,0,95.075,0,4,0,3663,0,-0.125,95.15,95.15,95,0,692,95.04,41648,0,0,"",0
"2023-07-20","CRAU24","CRA","CRA","CRA",0,"2024-12-18",0,1,95.27,95.335,2,1,0,2189,0,-0.14,95.43,95.43,95.26,0,334,95.32,35048,0,0,"",0
"2023-07-20","CRAZ24","CRA","CRA","CRA",0,"2025-03-19",0,1,95.56,95.615,1,1,0,2595,0,-0.135,95.725,95.725,95.53,0,444,95.605,21304,0,0,"",0
"2023-07-20","CRAH25","CRA","CRA","CRA",0,"2025-06-18",0,1,0,95.825,0,1,0,1023,0,-0.14,95.865,95.865,95.74,0,95,95.815,5229,0,0,"",0
"2023-07-20","CRAM25","CRA","CRA","CRA",0,"2025-09-17",0,1,95.93,96,50,50,0,271,0,-0.145,96.055,96.06,95.93,0,43,95.99,4190,0,0,"",0
"2023-07-20","CRAU25","CRA","CRA","CRA",0,"2025-12-17",0,1,96.09,96.15,8,50,0,344,0,-0.15,96.22,96.26,96.115,0,57,96.17,715,0,0,"",0
"2023-07-20","CRAZ25","CRA","CRA","CRA",0,"2026-03-18",0,1,96.25,0,1,0,0,301,0,-0.155,96.42,96.42,96.285,0,45,96.345,368,0,0,"",0
"2023-07-20","CRAH26","CRA","CRA","CRA",0,"2026-06-17",0,1,0,0,0,0,0,121,0,-0.155,96.575,96.575,96.45,0,17,96.505,130,0,0,"",0
"2023-07-21","CRAM23","CRA","CRA","CRA",0,"2023-09-20",0,1,95.0175,95.02,1711,274,0,866,0,0,95.0175,95.02,95.0175,0,15,95.02,73240,0,0,"",0
"2023-07-21","CRAU23","CRA","CRA","CRA",0,"2023-12-20",0,1,94.83,94.84,250,247,0,8924,0,0.025,94.815,94.84,94.805,0,743,94.835,92368,0,0,"",0
"2023-07-21","CRAZ23","CRA","CRA","CRA",0,"2024-03-20",0,1,94.795,94.815,250,250,0,4485,0,0.035,94.745,94.805,94.745,0,551,94.8,56007,0,0,"",0
"2023-07-21","CRAH24","CRA","CRA","CRA",0,"2024-06-19",0,1,94.845,94.86,250,100,0,2805,0,0.04,94.795,94.865,94.795,0,381,94.86,51193,0,0,"",0
"2023-07-21","CRAM24","CRA","CRA","CRA",0,"2024-09-18",0,1,95.04,95.075,100,100,0,3779,0,0.03,95.025,95.09,95.005,0,560,95.07,40511,0,0,"",0
"2023-07-21","CRAU24","CRA","CRA","CRA",0,"2024-12-18",0,1,95.33,95.35,1,105,0,1582,0,0.03,95.275,95.36,95.275,0,182,95.35,35707,0,0,"",0
"2023-07-21","CRAZ24","CRA","CRA","CRA",0,"2025-03-19",0,1,95.62,95.645,1,1,0,1510,0,0.03,95.6,95.665,95.555,0,236,95.635,21606,0,0,"",0
"2023-07-21","CRAH25","CRA","CRA","CRA",0,"2025-06-18",0,1,0,0,0,0,0,995,0,0.04,95.835,95.865,95.835,0,127,95.855,5476,0,0,"",0
"2023-07-21","CRAM25","CRA","CRA","CRA",0,"2025-09-17",0,1,0,96.07,0,50,0,638,0,0.045,95.93,96.055,95.93,0,94,96.045,4298,0,0,"",0
"2023-07-21","CRAU25","CRA","CRA","CRA",0,"2025-12-17",0,1,0,0,0,0,0,652,0,0.05,96.2,96.235,96.2,0,123,96.23,694,0,0,"",0
"2023-07-21","CRAZ25","CRA","CRA","CRA",0,"2026-03-18",0,1,0,0,0,0,0,32,0,0.065,96.34,96.41,96.34,0,8,96.405,288,0,0,"",0
"2023-07-21","CRAH26","CRA","CRA","CRA",0,"2026-06-17",0,1,0,0,0,0,0,26,0,0.055,96.49,96.56,96.49,0,5,96.56,135,0,0,"",0
"2023-07-24","CRAM23","CRA","CRA","CRA",0,"2023-09-20",0,1,95.0175,95.02,448,1832,0,2394,0,-0.0025,95.02,95.02,95.0175,0,31,95.02,73321,0,0,"",0
"2023-07-24","CRAU23","CRA","CRA","CRA",0,"2023-12-20",0,1,94.83,94.835,98,27,0,7004,0,-0.005,94.84,94.85,94.825,0,831,94.835,91918,0,0,"",0
"2023-07-24","CRAZ23","CRA","CRA","CRA",0,"2024-03-20",0,1,94.75,94.76,9,27,0,8696,0,-0.045,94.81,94.81,94.75,0,864,94.765,56335,0,0,"",0
"2023-07-24","CRAH24","CRA","CRA","CRA",0,"2024-06-19",0,1,94.78,94.795,250,20,0,3312,0,-0.07,94.875,94.88,94.79,0,508,94.81,51439,0,0,"",0
"2023-07-24","CRAM24","CRA","CRA","CRA",0,"2024-09-18",0,1,94.965,94.99,100,100,0,3068,0,-0.09,95.085,95.105,94.98,0,494,95.005,40430,0,0,"",0
"2023-07-24","CRAU24","CRA","CRA","CRA",0,"2024-12-18",0,1,95.23,95.245,100,1,0,1801,0,-0.11,95.325,95.385,95.24,0,251,95.28,35696,0,0,"",0
"2023-07-24","CRAZ24","CRA","CRA","CRA",0,"2025-03-19",0,1,95.52,95.535,16,1,0,2093,0,-0.115,95.615,95.67,95.52,0,357,95.56,21771,0,0,"",0
"2023-07-24","CRAH25","CRA","CRA","CRA",0,"2025-06-18",0,1,0,0,0,0,0,689,0,-0.13,95.865,95.865,95.725,0,98,95.765,5762,0,0,"",0
"2023-07-24","CRAM25","CRA","CRA","CRA",0,"2025-09-17",0,1,0,96.055,0,5,0,169,0,-0.09,96.075,96.075,95.955,0,19,95.945,4355,0,0,"",0
"2023-07-24","CRAU25","CRA","CRA","CRA",0,"2025-12-17",0,1,0,0,0,0,0,136,0,-0.095,96.245,96.245,96.135,0,15,96.13,1142,0,0,"",0
"2023-07-24","CRAZ25","CRA","CRA","CRA",0,"2026-03-18",0,1,0,0,0,0,0,110,0,-0.06,96.35,96.35,96.345,0,12,96.3,262,0,0,"",0
"2023-07-24","CRAH26","CRA","CRA","CRA",0,"2026-06-17",0,1,0,0,0,0,0,12,0,-0.095,96.5,96.5,96.465,0,8,96.455,113,0,0,"",0
"2023-07-25","CRAM23","CRA","CRA","CRA",0,"2023-09-20",0,1,95.015,95.02,1243,972,95.0175,229,95.02,-0.0025,95.0175,95.0175,95.015,21756,12,95.0175,71814,0,0,"",0
"2023-07-25","CRAU23","CRA","CRA","CRA",0,"2023-12-20",0,1,94.83,94.835,350,133,94.835,8273,94.835,0,94.84,94.84,94.81,784064,702,94.83,91337,0,0,"",0
"2023-07-25","CRAZ23","CRA","CRA","CRA",0,"2024-03-20",0,1,94.735,94.745,40,250,94.74,6454,94.765,-0.025,94.755,94.755,94.72,611062,591,94.735,55362,0,0,"",0
"2023-07-25","CRAH24","CRA","CRA","CRA",0,"2024-06-19",0,1,94.755,94.775,280,250,94.775,6022,94.81,-0.035,94.77,94.795,94.75,570364,508,94.755,51763,0,0,"",0
"2023-07-25","CRAM24","CRA","CRA","CRA",0,"2024-09-18",0,1,94.935,94.955,100,100,94.94,4662,95.005,-0.065,94.975,94.98,94.915,442142,622,94.93,40072,0,0,"",0
"2023-07-25","CRAU24","CRA","CRA","CRA",0,"2024-12-18",0,1,95.19,95.215,200,102,95.195,1948,95.28,-0.085,95.24,95.245,95.165,185387,166,95.19,35621,0,0,"",0
"2023-07-25","CRAZ24","CRA","CRA","CRA",0,"2025-03-19",0,1,95.025,95.485,1,1,95.48,1380,95.56,-0.08,95.545,95.545,95.44,131643,214,95.465,22719,0,0,"",0
"2023-07-25","CRAH25","CRA","CRA","CRA",0,"2025-06-18",0,1,0,0,0,0,95.695,522,95.765,-0.07,95.71,95.71,95.665,49922,40,95.67,5933,0,0,"",0
"2023-07-25","CRAM25","CRA","CRA","CRA",0,"2025-09-17",0,1,0,96.055,0,5,95.855,199,95.945,-0.09,95.88,95.885,95.855,19052,37,95.85,4384,0,0,"",0
"2023-07-25","CRAU25","CRA","CRA","CRA",0,"2025-12-17",0,1,0,0,0,0,96.025,21,96.13,-0.105,96.035,96.035,96.025,2016,4,96.025,1044,0,0,"",0
"2023-07-25","CRAZ25","CRA","CRA","CRA",0,"2026-03-18",0,1,0,0,0,0,96.2,28,96.3,-0.1,96.2,96.2,96.2,2694,4,96.195,162,0,0,"",0
"2023-07-25","CRAH26","CRA","CRA","CRA",0,"2026-06-17",0,1,0,0,0,0,96.36,27,96.455,-0.095,96.36,96.36,96.36,2602,3,96.35,113,0,0,"",0
"2023-07-26","CRAM23","CRA","CRA","CRA",0,"2023-09-20",0,1,95.0175,95.02,21,550,0,761,0,0,95.015,95.02,95.015,0,7,95.0175,71990,0,0,"",0
"2023-07-26","CRAU23","CRA","CRA","CRA",0,"2023-12-20",0,1,94.84,94.85,1,100,0,8435,0,0.015,94.83,94.855,94.825,0,650,94.85,92701,0,0,"",0
"2023-07-26","CRAZ23","CRA","CRA","CRA",0,"2024-03-20",0,1,94.75,94.765,3,15,0,6560,0,0.03,94.74,94.79,94.74,0,650,94.785,57137,0,0,"",0
"2023-07-26","CRAH24","CRA","CRA","CRA",0,"2024-06-19",0,1,94.795,94.81,1,2,0,5318,0,0.05,94.76,94.85,94.755,0,489,94.84,54317,0,0,"",0
"2023-07-26","CRAM24","CRA","CRA","CRA",0,"2024-09-18",0,1,0,95.005,0,3,0,3586,0,0.05,94.935,95.035,94.93,0,548,95.025,40733,0,0,"",0
"2023-07-26","CRAU24","CRA","CRA","CRA",0,"2024-12-18",0,1,95.21,95.295,1,7,0,3321,0,0.045,95.2,95.295,95.19,0,274,95.295,35822,0,0,"",0
"2023-07-26","CRAZ24","CRA","CRA","CRA",0,"2025-03-19",0,1,95.025,95.565,1,1,0,3035,0,0.035,95.485,95.58,95.465,0,332,95.575,22788,0,0,"",0
"2023-07-26","CRAH25","CRA","CRA","CRA",0,"2025-06-18",0,1,0,95.775,0,1,0,2255,0,0.04,95.705,95.795,95.675,0,197,95.785,6094,0,0,"",0
"2023-07-26","CRAM25","CRA","CRA","CRA",0,"2025-09-17",0,1,95.875,95.95,50,50,0,447,0,0.05,95.895,95.985,95.875,0,86,95.965,4438,0,0,"",0
"2023-07-26","CRAU25","CRA","CRA","CRA",0,"2025-12-17",0,1,0,0,0,0,0,343,0,0.065,96.065,96.155,96.055,0,48,96.15,1063,0,0,"",0
"2023-07-26","CRAZ25","CRA","CRA","CRA",0,"2026-03-18",0,1,0,96.285,0,13,0,171,0,0.075,96.265,96.27,96.265,0,15,96.32,186,0,0,"",0
"2023-07-26","CRAH26","CRA","CRA","CRA",0,"2026-06-17",0,1,0,0,0,0,0,103,0,0.075,96.425,96.425,96.425,0,7,96.475,138,0,0,"",0
"2023-07-27","CRAM23","CRA","CRA","CRA",0,"2023-09-20",0,1,95.015,95.0175,500,176,0,103,0,0,95.0175,95.0175,95.015,0,7,95.0175,71557,0,0,"",0
"2023-07-27","CRAU23","CRA","CRA","CRA",0,"2023-12-20",0,1,94.805,94.81,210,429,0,9025,0,-0.04,94.845,94.845,94.8,0,905,94.81,97866,0,0,"",0
"2023-07-27","CRAZ23","CRA","CRA","CRA",0,"2024-03-20",0,1,94.725,94.735,351,30,0,14002,0,-0.055,94.775,94.775,94.72,0,1291,94.73,61183,0,0,"",0
"2023-07-27","CRAH24","CRA","CRA","CRA",0,"2024-06-19",0,1,94.73,94.745,80,15,0,12596,0,-0.1,94.825,94.83,94.72,0,1207,94.735,56501,0,0,"",0
"2023-07-27","CRAM24","CRA","CRA","CRA",0,"2024-09-18",0,1,0,94.885,0,25,0,7746,0,-0.15,95.005,95.015,94.86,0,1130,94.87,42776,0,0,"",0
"2023-07-27","CRAU24","CRA","CRA","CRA",0,"2024-12-18",0,1,95.08,95.125,1,2,0,5291,0,-0.19,95.275,95.275,95.09,0,648,95.11,37674,0,0,"",0
"2023-07-27","CRAZ24","CRA","CRA","CRA",0,"2025-03-19",0,1,95.36,95.395,1,1,0,4094,0,-0.2,95.55,95.555,95.365,0,627,95.39,24461,0,0,"",0
"2023-07-27","CRAH25","CRA","CRA","CRA",0,"2025-06-18",0,1,0,0,0,0,0,2252,0,-0.19,95.73,95.73,95.58,0,262,95.6,7268,0,0,"",0
"2023-07-27","CRAM25","CRA","CRA","CRA",0,"2025-09-17",0,1,95.76,95.85,20,50,0,686,0,-0.19,95.9,95.9,95.76,0,68,95.78,4495,0,0,"",0
"2023-07-27","CRAU25","CRA","CRA","CRA",0,"2025-12-17",0,1,0,0,0,0,0,40,0,-0.195,96.13,96.13,95.93,0,7,95.96,1249,0,0,"",0
"2023-07-27","CRAZ25","CRA","CRA","CRA",0,"2026-03-18",0,1,0,0,0,0,0,49,0,-0.225,96.285,96.285,96.095,0,17,96.13,260,0,0,"",0
"2023-07-27","CRAH26","CRA","CRA","CRA",0,"2026-06-17",0,1,0,0,0,0,0,35,0,-0.22,96.3,96.3,96.255,0,9,96.29,164,0,0,"",0
"2023-07-28","CRAM23","CRA","CRA","CRA",0,"2023-09-20",0,1,95.0175,95.02,300,697,0,579,0,0.0025,95.0175,95.02,95.0175,0,7,95.0175,71581,0,0,"",0
"2023-07-28","CRAU23","CRA","CRA","CRA",0,"2023-12-20",0,1,94.84,94.855,100,2,0,6327,0,0.04,94.82,94.855,94.81,0,680,94.84,100997,0,0,"",0
"2023-07-28","CRAZ23","CRA","CRA","CRA",0,"2024-03-20",0,1,94.79,94.81,100,13,0,6953,0,0.065,94.735,94.805,94.735,0,583,94.8,65949,0,0,"",0
"2023-07-28","CRAH24","CRA","CRA","CRA",0,"2024-06-19",0,1,94.835,94.85,106,250,0,5160,0,0.1,94.765,94.85,94.765,0,622,94.84,58189,0,0,"",0
"2023-07-28","CRAM24","CRA","CRA","CRA",0,"2024-09-18",0,1,94.965,94.985,101,100,0,5790,0,0.1,94.895,94.985,94.89,0,701,94.975,44440,0,0,"",0
"2023-07-28","CRAU24","CRA","CRA","CRA",0,"2024-12-18",0,1,95.2,95.22,1,100,0,3629,0,0.11,95.13,95.23,95.12,0,434,95.21,39535,0,0,"",0
"2023-07-28","CRAZ24","CRA","CRA","CRA",0,"2025-03-19",0,1,95.48,95.505,1,1,0,5123,0,0.105,95.44,95.51,95.405,0,502,95.48,25752,0,0,"",0
"2023-07-28","CRAH25","CRA","CRA","CRA",0,"2025-06-18",0,1,95.65,0,50,0,0,1380,0,0.09,95.655,95.715,95.64,0,175,95.685,7059,0,0,"",0
"2023-07-28","CRAM25","CRA","CRA","CRA",0,"2025-09-17",0,1,95.83,95.91,50,50,0,338,0,0.105,95.865,95.885,95.83,0,74,95.865,4535,0,0,"",0
"2023-07-28","CRAU25","CRA","CRA","CRA",0,"2025-12-17",0,1,0,0,0,0,0,46,0,0.09,96.04,96.07,96.03,0,10,96.045,1246,0,0,"",0
"2023-07-28","CRAZ25","CRA","CRA","CRA",0,"2026-03-18",0,1,0,0,0,0,0,56,0,0.09,96.22,96.22,96.22,0,8,96.215,218,0,0,"",0
"2023-07-28","CRAH26","CRA","CRA","CRA",0,"2026-06-17",0,1,0,0,0,0,0,25,0,0,0,0,0,0,1,96.375,133,0,0,"",0
"2023-07-31","CRAM23","CRA","CRA","CRA",0,"2023-09-20",0,1,95.0175,95.02,650,666,95.0175,75,95.0175,0,95.02,95.02,95.0175,7125,3,95.0175,71910,0,0,"",0
"2023-07-31","CRAU23","CRA","CRA","CRA",0,"2023-12-20",0,1,94.845,94.85,75,44,94.85,3840,94.84,0.01,94.84,94.85,94.825,363707,671,94.845,96496,0,0,"",0
"2023-07-31","CRAZ23","CRA","CRA","CRA",0,"2024-03-20",0,1,94.8,94.805,1,12,94.805,5376,94.8,0.005,94.79,94.815,94.79,509384,451,94.805,63481,0,0,"",0
"2023-07-31","CRAH24","CRA","CRA","CRA",0,"2024-06-19",0,1,94.84,94.86,250,385,94.845,5064,94.84,0.005,94.82,94.865,94.815,479949,511,94.85,55104,0,0,"",0
"2023-07-31","CRAM24","CRA","CRA","CRA",0,"2024-09-18",0,1,94.985,95.005,3,80,94.99,5748,94.975,0.015,94.955,95.015,94.955,545479,748,94.995,40654,0,0,"",0
"2023-07-31","CRAU24","CRA","CRA","CRA",0,"2024-12-18",0,1,95.21,95.225,1,101,95.21,2389,95.21,0,95.195,95.235,95.18,227361,245,95.215,37258,0,0,"",0
"2023-07-31","CRAZ24","CRA","CRA","CRA",0,"2025-03-19",0,1,95.47,95.485,1,55,95.475,5512,95.48,-0.005,95.44,95.5,95.44,525858,661,95.47,23115,0,0,"",0
"2023-07-31","CRAH25","CRA","CRA","CRA",0,"2025-06-18",0,1,0,0,0,0,95.7,2042,95.685,0.015,95.645,95.715,95.645,195291,220,95.695,7343,0,0,"",0
"2023-07-31","CRAM25","CRA","CRA","CRA",0,"2025-09-17",0,1,95.855,95.915,50,50,95.88,318,95.865,0.015,95.84,95.91,95.835,30450,59,95.89,4615,0,0,"",0
"2023-07-31","CRAU25","CRA","CRA","CRA",0,"2025-12-17",0,1,96.045,96.095,50,50,96.075,59,96.045,0.03,96.02,96.09,96,5666,14,96.075,1257,0,0,"",0
"2023-07-31","CRAZ25","CRA","CRA","CRA",0,"2026-03-18",0,1,0,0,0,0,96.24,62,96.215,0.025,96.16,96.24,96.16,5964,14,96.245,265,0,0,"",0
"2023-07-31","CRAH26","CRA","CRA","CRA",0,"2026-06-17",0,1,0,0,0,0,96.395,33,96.375,0.02,96.305,96.395,96.305,3178,9,96.405,158,0,0,"",0
"2023-08-01","CRAM23","CRA","CRA","CRA",0,"2023-09-20",0,1,95.015,95.02,475,795,95.015,616,95.0175,-0.0025,95.0175,95.02,95.015,58525,12,95.0175,71960,0,0,"",0
"2023-08-01","CRAU23","CRA","CRA","CRA",0,"2023-12-20",0,1,94.82,94.83,94,143,0,3526,0,-0.025,94.845,94.845,94.82,0,197,94.825,97281,0,0,"",0
"2023-08-01","CRAZ23","CRA","CRA","CRA",0,"2024-03-20",0,1,94.77,94.79,27,254,0,5374,0,-0.035,94.81,94.815,94.755,0,366,94.77,63770,0,0,"",0
"2023-08-01","CRAH24","CRA","CRA","CRA",0,"2024-06-19",0,1,94.8,94.81,3,250,0,4486,0,-0.035,94.85,94.85,94.79,0,272,94.8,55325,0,0,"",0
"2023-08-01","CRAM24","CRA","CRA","CRA",0,"2024-09-18",0,1,94.92,94.93,100,21,0,3017,0,-0.065,94.97,94.97,94.92,0,317,94.93,38247,0,0,"",0
"2023-08-01","CRAU24","CRA","CRA","CRA",0,"2024-12-18",0,1,95.14,95.155,100,1,0,1522,0,-0.075,95.17,95.185,95.13,0,142,95.15,37953,0,0,"",0
"2023-08-01","CRAZ24","CRA","CRA","CRA",0,"2025-03-19",0,1,95.4,95.415,80,3,0,3119,0,-0.06,95.485,95.485,95.385,0,318,95.41,24360,0,0,"",0
"2023-08-01","CRAH25","CRA","CRA","CRA",0,"2025-06-18",0,1,95.605,95.64,37,25,0,1124,0,-0.06,95.71,95.71,95.6,0,170,95.63,7889,0,0,"",0
"2023-08-01","CRAM25","CRA","CRA","CRA",0,"2025-09-17",0,1,95.795,95.835,50,5,0,262,0,-0.08,95.825,95.84,95.795,0,36,95.835,4843,0,0,"",0
"2023-08-01","CRAU25","CRA","CRA","CRA",0,"2025-12-17",0,1,0,0,0,0,0,134,0,-0.065,96.05,96.05,96,0,39,96.025,1307,0,0,"",0
"2023-08-01","CRAZ25","CRA","CRA","CRA",0,"2026-03-18",0,1,0,96.195,0,3,0,153,0,-0.05,96.175,96.225,96.175,0,44,96.195,267,0,0,"",0
"2023-08-01","CRAH26","CRA","CRA","CRA",0,"2026-06-17",0,1,0,0,0,0,0,41,0,-0.045,96.355,96.39,96.335,0,13,96.355,133,0,0,"",0
"2023-08-02","CRAM23","CRA","CRA","CRA",0,"2023-09-20",0,1,95.015,95.0175,1490,586,95.015,750,95.0175,-0.0025,95.0175,95.0175,95.015,71261,8,95.0175,71417,0,0,"",0
"2023-08-02","CRAU23","CRA","CRA","CRA",0,"2023-12-20",0,1,94.83,94.835,20,50,94.835,4945,94.825,0.01,94.835,94.84,94.83,468796,283,94.83,98177,0,0,"",0
"2023-08-02","CRAZ23","CRA","CRA","CRA",0,"2024-03-20",0,1,94.775,94.795,26,15,94.78,9006,94.77,0.01,94.785,94.805,94.77,853349,482,94.775,64310,0,0,"",0
"2023-08-02","CRAH24","CRA","CRA","CRA",0,"2024-06-19",0,1,94.835,94.845,92,250,94.84,5347,94.8,0.04,94.82,94.86,94.81,506741,576,94.825,57332,0,0,"",0
"2023-08-02","CRAM24","CRA","CRA","CRA",0,"2024-09-18",0,1,94.96,94.97,89,287,94.96,4466,94.93,0.03,94.965,95,94.93,423489,727,94.955,38387,0,0,"",0
"2023-08-02","CRAU24","CRA","CRA","CRA",0,"2024-12-18",0,1,95.18,95.195,31,100,95.185,3769,95.15,0.035,95.195,95.215,95.14,358432,523,95.175,38322,0,0,"",0
"2023-08-02","CRAZ24","CRA","CRA","CRA",0,"2025-03-19",0,1,95.44,95.465,50,1,95.445,4363,95.41,0.035,95.44,95.475,95.395,416005,708,95.44,24263,0,0,"",0
"2023-08-02","CRAH25","CRA","CRA","CRA",0,"2025-06-18",0,1,0,0,0,0,95.685,3022,95.63,0.055,95.685,95.705,95.615,288887,292,95.67,7972,0,0,"",0
"2023-08-02","CRAM25","CRA","CRA","CRA",0,"2025-09-17",0,1,95.845,95.915,50,50,95.88,163,95.835,0.045,95.825,95.905,95.805,15591,55,95.875,4998,0,0,"",0
"2023-08-02","CRAU25","CRA","CRA","CRA",0,"2025-12-17",0,1,96.045,96.115,50,50,96,139,96.025,-0.025,96.005,96.015,95.99,13329,28,96.065,1250,0,0,"",0
"2023-08-02","CRAZ25","CRA","CRA","CRA",0,"2026-03-18",0,1,0,0,0,0,96.245,88,96.195,0.05,96.15,96.245,96.15,8458,31,96.235,178,0,0,"",0
"2023-08-02","CRAH26","CRA","CRA","CRA",0,"2026-06-17",0,1,0,0,0,0,96.39,51,96.355,0.035,96.3,96.39,96.3,4906,21,96.39,107,0,0,"",0
"2023-08-03","CRAM23","CRA","CRA","CRA",0,"2023-09-20",0,1,95.015,95.0175,1607,195,0,755,0,0,95.0175,95.0175,95.0175,0,5,95.0175,71019,0,0,"",0
"2023-08-03","CRAU23","CRA","CRA","CRA",0,"2023-12-20",0,1,94.83,94.835,10,180,0,1564,0,0,94.83,94.835,94.825,0,104,94.83,98100,0,0,"",0
"2023-08-03","CRAZ23","CRA","CRA","CRA",0,"2024-03-20",0,1,94.765,94.785,250,265,0,4421,0,0.005,94.77,94.785,94.765,0,352,94.775,63147,0,0,"",0
"2023-08-03","CRAH24","CRA","CRA","CRA",0,"2024-06-19",0,1,94.79,94.805,250,50,0,6925,0,-0.025,94.815,94.835,94.795,0,758,94.815,58179,0,0,"",0
"2023-08-03","CRAM24","CRA","CRA","CRA",0,"2024-09-18",0,1,94.925,94.935,16,100,0,5908,0,-0.03,94.93,94.97,94.92,0,963,94.94,38388,0,0,"",0
"2023-08-03","CRAU24","CRA","CRA","CRA",0,"2024-12-18",0,1,95.13,95.155,108,104,0,4224,0,-0.045,95.165,95.19,95.13,0,462,95.155,39061,0,0,"",0
"2023-08-03","CRAZ24","CRA","CRA","CRA",0,"2025-03-19",0,1,95.39,95.415,102,101,0,5908,0,-0.045,95.42,95.455,95.39,0,1244,95.41,24327,0,0,"",0
"2023-08-03","CRAH25","CRA","CRA","CRA",0,"2025-06-18",0,1,95.605,95.645,100,100,0,2128,0,-0.04,95.635,95.66,95.61,0,254,95.64,8315,0,0,"",0
"2023-08-03","CRAM25","CRA","CRA","CRA",0,"2025-09-17",0,1,95.8,95.85,50,50,0,313,0,-0.045,95.835,95.85,95.8,0,60,95.84,5009,0,0,"",0
"2023-08-03","CRAU25","CRA","CRA","CRA",0,"2025-12-17",0,1,95.975,96.025,50,50,0,32,0,-0.03,95.965,96.035,95.965,0,5,96.03,1295,0,0,"",0
"2023-08-03","CRAZ25","CRA","CRA","CRA",0,"2026-03-18",0,1,0,96.215,0,1,0,53,0,-0.115,96.12,96.12,96.12,0,5,96.2,219,0,0,"",0
"2023-08-03","CRAH26","CRA","CRA","CRA",0,"2026-06-17",0,1,0,0,0,0,0,27,0,-0.135,96.255,96.255,96.255,0,3,96.345,130,0,0,"",0
"2023-08-04","CRAM23","CRA","CRA","CRA",0,"2023-09-20",0,1,95.0175,95.02,1122,26,0,1220,0,0.0025,95.0175,95.02,95.0175,0,16,95.0175,71573,0,0,"",0
"2023-08-04","CRAU23","CRA","CRA","CRA",0,"2023-12-20",0,1,94.855,94.865,264,323,0,9409,0,0.025,94.825,94.875,94.815,0,720,94.865,98058,0,0,"",0
"2023-08-04","CRAZ23","CRA","CRA","CRA",0,"2024-03-20",0,1,94.85,94.865,7,41,0,9295,0,0.075,94.765,94.88,94.75,0,1193,94.86,63039,0,0,"",0
"2023-08-04","CRAH24","CRA","CRA","CRA",0,"2024-06-19",0,1,94.93,94.935,1,253,0,9728,0,0.115,94.79,94.955,94.78,0,1299,94.935,59993,0,0,"",0
"2023-08-04","CRAM24","CRA","CRA","CRA",0,"2024-09-18",0,1,95.075,95.09,7,3,0,5719,0,0.145,94.925,95.115,94.895,0,1653,95.09,39051,0,0,"",0
"2023-08-04","CRAU24","CRA","CRA","CRA",0,"2024-12-18",0,1,95.315,95.32,3,5,0,12926,0,0.165,95.135,95.34,95.1,0,1872,95.325,40289,0,0,"",0
"2023-08-04","CRAZ24","CRA","CRA","CRA",0,"2025-03-19",0,1,95.58,95.59,5,2,0,10577,0,0.175,95.385,95.61,95.355,0,1876,95.595,24354,0,0,"",0
"2023-08-04","CRAH25","CRA","CRA","CRA",0,"2025-06-18",0,1,95.81,95.825,5,6,0,1217,0,0.175,95.61,95.835,95.585,0,245,95.825,8824,0,0,"",0
"2023-08-04","CRAM25","CRA","CRA","CRA",0,"2025-09-17",0,1,95.995,96.015,2,2,0,143,0,0.16,95.81,96.01,95.795,0,53,96.02,5011,0,0,"",0
"2023-08-04","CRAU25","CRA","CRA","CRA",0,"2025-12-17",0,1,96.16,96.19,6,5,0,128,0,0.14,96.055,96.195,96.055,0,33,96.195,1275,0,0,"",0
"2023-08-04","CRAZ25","CRA","CRA","CRA",0,"2026-03-18",0,1,96.305,96.35,2,14,0,184,0,0.15,96.215,96.355,96.215,0,35,96.355,168,0,0,"",0
"2023-08-04","CRAH26","CRA","CRA","CRA",0,"2026-06-17",0,1,96.455,96.54,4,1,0,73,0,0.12,96.385,96.465,96.385,0,14,96.5,104,0,0,"",0
"2023-08-08","CRAM23","CRA","CRA","CRA",0,"2023-09-20",0,1,95.02,95.0225,814,169,95.02,4200,95.0175,0.0025,95.02,95.025,95.02,399076,46,95.02,72268,0,0,"",0
"2023-08-08","CRAU23","CRA","CRA","CRA",0,"2023-12-20",0,1,94.865,94.87,656,11,94.865,5665,94.865,0,94.87,94.885,94.86,537150,488,94.875,98907,0,0,"",0
"2023-08-08","CRAZ23","CRA","CRA","CRA",0,"2024-03-20",0,1,94.88,94.89,128,300,94.885,4751,94.86,0.025,94.885,94.895,94.875,450396,592,94.89,63036,0,0,"",0
"2023-08-08","CRAH24","CRA","CRA","CRA",0,"2024-06-19",0,1,94.95,94.96,250,100,94.95,9872,94.935,0.015,94.975,94.995,94.945,936755,895,94.96,58461,0,0,"",0
"2023-08-08","CRAM24","CRA","CRA","CRA",0,"2024-09-18",0,1,95.12,95.135,50,142,95.13,5230,95.09,0.04,95.135,95.175,95.11,497266,867,95.125,39292,0,0,"",0
"2023-08-08","CRAU24","CRA","CRA","CRA",0,"2024-12-18",0,1,95.355,95.375,100,2,95.375,5160,95.325,0.05,95.38,95.435,95.35,491879,578,95.365,39736,0,0,"",0
"2023-08-08","CRAZ24","CRA","CRA","CRA",0,"2025-03-19",0,1,95.64,95.655,3,110,95.65,4887,95.595,0.055,95.635,95.72,95.63,467128,790,95.645,24514,0,0,"",0
"2023-08-08","CRAH25","CRA","CRA","CRA",0,"2025-06-18",0,1,95.865,95.895,5,11,95.88,1499,95.825,0.055,95.89,95.95,95.865,143612,223,95.88,8905,0,0,"",0
"2023-08-08","CRAM25","CRA","CRA","CRA",0,"2025-09-17",0,1,96.055,96.1,50,40,96.065,448,96.02,0.045,96.105,96.115,96.065,43027,63,96.075,5035,0,0,"",0
"2023-08-08","CRAU25","CRA","CRA","CRA",0,"2025-12-17",0,1,96.225,96.285,50,50,96.255,2,96.195,0.06,96.255,96.255,96.255,192,2,96.255,1361,0,0,"",0
"2023-08-08","CRAZ25","CRA","CRA","CRA",0,"2026-03-18",0,1,0,0,0,0,96.425,3,96.355,0.07,96.425,96.425,96.425,288,3,96.415,260,0,0,"",0
"2023-08-08","CRAH26","CRA","CRA","CRA",0,"2026-06-17",0,1,0,0,0,0,96.575,2,96.5,0.075,96.575,96.575,96.575,192,2,96.56,157,0,0,"",0
"2023-08-09","CRAM23","CRA","CRA","CRA",0,"2023-09-20",0,1,95.0175,95.02,860,341,0,1714,0,0,95.0225,95.0225,95.02,0,21,95.02,74782,0,0,"",0
"2023-08-09","CRAU23","CRA","CRA","CRA",0,"2023-12-20",0,1,94.855,94.865,50,250,0,6933,0,-0.015,94.87,94.875,94.855,0,213,94.865,98082,0,0,"",0
"2023-08-09","CRAZ23","CRA","CRA","CRA",0,"2024-03-20",0,1,94.84,94.85,100,30,0,6880,0,-0.04,94.885,94.885,94.84,0,615,94.85,63927,0,0,"",0
"2023-08-09","CRAH24","CRA","CRA","CRA",0,"2024-06-19",0,1,94.895,94.91,4,3,0,5164,0,-0.055,94.945,94.96,94.895,0,800,94.91,60421,0,0,"",0
"2023-08-09","CRAM24","CRA","CRA","CRA",0,"2024-09-18",0,1,95.065,95.075,1,3,0,5582,0,-0.055,95.11,95.125,95.06,0,794,95.065,39327,0,0,"",0
"2023-08-09","CRAU24","CRA","CRA","CRA",0,"2024-12-18",0,1,95.29,95.335,3,2,0,4960,0,-0.055,95.375,95.385,95.305,0,386,95.31,38719,0,0,"",0
"2023-08-09","CRAZ24","CRA","CRA","CRA",0,"2025-03-19",0,1,95.58,95.61,1,20,0,3870,0,-0.045,95.665,95.665,95.59,0,506,95.595,22627,0,0,"",0
"2023-08-09","CRAH25","CRA","CRA","CRA",0,"2025-06-18",0,1,95.63,95.86,5,10,0,1882,0,-0.05,95.89,95.89,95.82,0,216,95.825,8789,0,0,"",0
"2023-08-09","CRAM25","CRA","CRA","CRA",0,"2025-09-17",0,1,96,96.045,50,2,0,387,0,-0.055,96.045,96.07,96.01,0,54,96.01,5412,0,0,"",0
"2023-08-09","CRAU25","CRA","CRA","CRA",0,"2025-12-17",0,1,96.175,96.225,50,50,0,3,0,-0.08,96.245,96.245,96.175,0,3,96.185,1361,0,0,"",0
"2023-08-09","CRAZ25","CRA","CRA","CRA",0,"2026-03-18",0,1,0,0,0,0,0,3,0,-0.08,96.335,96.335,96.335,0,3,96.345,259,0,0,"",0
"2023-08-09","CRAH26","CRA","CRA","CRA",0,"2026-06-17",0,1,0,0,0,0,0,3,0,-0.08,96.53,96.53,96.48,0,3,96.49,157,0,0,"",0
"2023-08-10","CRAM23","CRA","CRA","CRA",0,"2023-09-20",0,1,95.02,95.0225,11,542,0,919,0,0,95.0225,95.025,95.02,0,31,95.02,76044,0,0,"",0
"2023-08-10","CRAU23","CRA","CRA","CRA",0,"2023-12-20",0,1,94.87,94.875,150,17,0,6463,0,0.01,94.85,94.885,94.85,0,366,94.875,97211,0,0,"",0
"2023-08-10","CRAZ23","CRA","CRA","CRA",0,"2024-03-20",0,1,0,94.92,0,30,0,8663,0,0,94.825,94.895,94.825,0,1233,94.86,65510,0,0,"",0
"2023-08-10","CRAH24","CRA","CRA","CRA",0,"2024-06-19",0,1,94.87,94.89,250,250,0,7395,0,-0.035,94.885,94.975,94.875,0,1133,94.895,60451,0,0,"",0
"2023-08-10","CRAM24","CRA","CRA","CRA",0,"2024-09-18",0,1,95.01,95.035,100,6,0,6860,0,-0.045,95.055,95.13,95.015,0,1446,95.045,41178,0,0,"",0
"2023-08-10","CRAU24","CRA","CRA","CRA",0,"2024-12-18",0,1,95.25,95.265,3,100,0,6371,0,-0.06,95.285,95.385,95.25,0,628,95.28,38613,0,0,"",0
"2023-08-10","CRAZ24","CRA","CRA","CRA",0,"2025-03-19",0,1,95.53,0,3,0,0,6440,0,-0.04,95.585,95.675,95.55,0,489,95.565,21297,0,0,"",0
"2023-08-10","CRAH25","CRA","CRA","CRA",0,"2025-06-18",0,1,95.75,0,3,0,0,1178,0,-0.035,95.855,95.91,95.775,0,151,95.785,9040,0,0,"",0
"2023-08-10","CRAM25","CRA","CRA","CRA",0,"2025-09-17",0,1,95.92,95.97,50,50,0,410,0,-0.055,96.05,96.05,95.955,0,35,95.965,5717,0,0,"",0
"2023-08-10","CRAU25","CRA","CRA","CRA",0,"2025-12-17",0,1,96.08,96.13,50,50,0,28,0,-0.005,96.195,96.195,96.17,0,7,96.135,1361,0,0,"",0
"2023-08-10","CRAZ25","CRA","CRA","CRA",0,"2026-03-18",0,1,0,0,0,0,0,14,0,-0.01,96.325,96.335,96.325,0,5,96.295,259,0,0,"",0
"2023-08-10","CRAH26","CRA","CRA","CRA",0,"2026-06-17",0,1,0,0,0,0,0,2,0,-0.03,96.46,96.46,96.46,0,2,96.44,158,0,0,"",0
"2023-08-11","CRAM23","CRA","CRA","CRA",0,"2023-09-20",0,1,95.02,95.0225,17,1467,0,2649,0,0,95.02,95.0225,95.0175,0,83,95.0225,75965,0,0,"",0
"2023-08-11","CRAU23","CRA","CRA","CRA",0,"2023-12-20",0,1,94.865,94.87,300,9,0,2456,0,-0.005,94.875,94.88,94.86,0,215,94.87,96425,0,0,"",0
"2023-08-11","CRAZ23","CRA","CRA","CRA",0,"2024-03-20",0,1,94.83,94.835,9,17,0,4957,0,-0.025,94.855,94.86,94.82,0,823,94.83,69300,0,0,"",0
"2023-08-11","CRAH24","CRA","CRA","CRA",0,"2024-06-19",0,1,94.86,94.88,250,250,0,8537,0,-0.025,94.875,94.915,94.845,0,1413,94.86,59171,0,0,"",0
"2023-08-11","CRAM24","CRA","CRA","CRA",0,"2024-09-18",0,1,95,95.005,18,6,0,5308,0,-0.045,95.025,95.07,94.97,0,1405,94.985,43107,0,0,"",0
"2023-08-11","CRAU24","CRA","CRA","CRA",0,"2024-12-18",0,1,95.215,95.225,100,1,0,3751,0,-0.055,95.275,95.305,95.19,0,648,95.2,38729,0,0,"",0
"2023-08-11","CRAZ24","CRA","CRA","CRA",0,"2025-03-19",0,1,95.485,95.51,100,100,0,3346,0,-0.065,95.56,95.585,95.46,0,387,95.475,19610,0,0,"",0
"2023-08-11","CRAH25","CRA","CRA","CRA",0,"2025-06-18",0,1,95.685,0,40,0,0,839,0,-0.08,95.795,95.795,95.675,0,93,95.685,8836,0,0,"",0
"2023-08-11","CRAM25","CRA","CRA","CRA",0,"2025-09-17",0,1,95.835,95.895,50,50,0,528,0,-0.115,95.935,95.935,95.85,0,27,95.86,6101,0,0,"",0
"2023-08-11","CRAU25","CRA","CRA","CRA",0,"2025-12-17",0,1,95.99,96.06,50,50,0,29,0,-0.115,96.04,96.045,96.02,0,13,96.025,1363,0,0,"",0
"2023-08-11","CRAZ25","CRA","CRA","CRA",0,"2026-03-18",0,1,0,0,0,0,0,60,0,-0.13,96.195,96.205,96.165,0,18,96.185,261,0,0,"",0
"2023-08-11","CRAH26","CRA","CRA","CRA",0,"2026-06-17",0,1,0,0,0,0,0,29,0,-0.145,96.345,96.345,96.295,0,5,96.325,158,0,0,"",0
"2023-08-14","CRAM23","CRA","CRA","CRA",0,"2023-09-20",0,1,95.02,95.0225,825,109,95.02,2087,95.0225,-0.0025,95.0225,95.0225,95.02,198302,24,95.0225,77925,0,0,"",0
"2023-08-14","CRAU23","CRA","CRA","CRA",0,"2023-12-20",0,1,94.86,94.865,176,250,94.86,6287,94.87,-0.01,94.865,94.87,94.855,596237,288,94.87,96731,0,0,"",0
"2023-08-14","CRAZ23","CRA","CRA","CRA",0,"2024-03-20",0,1,94.81,94.83,100,3,94.815,4356,94.83,-0.015,94.825,94.84,94.795,412544,762,94.82,70228,0,0,"",0
"2023-08-14","CRAH24","CRA","CRA","CRA",0,"2024-06-19",0,1,94.83,94.84,9,254,94.83,5547,94.86,-0.03,94.85,94.88,94.805,525497,887,94.83,61699,0,0,"",0
"2023-08-14","CRAM24","CRA","CRA","CRA",0,"2024-09-18",0,1,94.925,94.935,126,4,94.93,5628,94.985,-0.055,94.98,95.015,94.91,533300,1452,94.935,43880,0,0,"",0
"2023-08-14","CRAU24","CRA","CRA","CRA",0,"2024-12-18",0,1,95.13,95.155,119,100,95.13,3176,95.2,-0.07,95.215,95.24,95.125,302033,511,95.15,39274,0,0,"",0
"2023-08-14","CRAZ24","CRA","CRA","CRA",0,"2025-03-19",0,1,95.4,95.425,117,100,95.415,3072,95.475,-0.06,95.505,95.51,95.405,292955,383,95.425,19454,0,0,"",0
"2023-08-14","CRAH25","CRA","CRA","CRA",0,"2025-06-18",0,1,95.62,95.64,12,1,95.62,554,95.685,-0.065,95.715,95.72,95.61,52941,73,95.635,8507,0,0,"",0
"2023-08-14","CRAM25","CRA","CRA","CRA",0,"2025-09-17",0,1,95.775,95.825,50,56,95.805,517,95.86,-0.055,95.825,95.825,95.775,49501,51,95.805,6367,0,0,"",0
"2023-08-14","CRAU25","CRA","CRA","CRA",0,"2025-12-17",0,1,95.925,95.975,50,50,95.96,159,96.025,-0.065,95.98,95.98,95.925,15240,24,95.965,1338,0,0,"",0
"2023-08-14","CRAZ25","CRA","CRA","CRA",0,"2026-03-18",0,1,0,0,0,0,96.085,132,96.185,-0.1,96.12,96.12,96.085,12679,22,96.12,281,0,0,"",0
"2023-08-14","CRAH26","CRA","CRA","CRA",0,"2026-06-17",0,1,0,0,0,0,0,0,0,0,0,0,0,0,0,96.26,183,0,0,"",0
"2023-08-15","CRAM23","CRA","CRA","CRA",0,"2023-09-20",0,1,95.015,95.02,410,2166,95.0175,8138,95.0225,-0.005,95.0225,95.0225,95.0175,773242,71,95.0175,79730,0,0,"",0
"2023-08-15","CRAU23","CRA","CRA","CRA",0,"2023-12-20",0,1,94.825,94.83,89,80,0,15818,0,-0.045,94.86,94.87,94.8,0,883,94.825,95860,0,0,"",0
"2023-08-15","CRAZ23","CRA","CRA","CRA",0,"2024-03-20",0,1,94.75,94.775,125,10,0,11401,0,-0.05,94.81,94.82,94.715,0,1495,94.76,71154,0,0,"",0
"2023-08-15","CRAH24","CRA","CRA","CRA",0,"2024-06-19",0,1,94.75,94.78,250,250,0,9028,0,-0.06,94.82,94.82,94.705,0,1391,94.765,62018,0,0,"",0
"2023-08-15","CRAM24","CRA","CRA","CRA",0,"2024-09-18",0,1,94.85,94.885,104,100,0,4788,0,-0.065,94.915,94.93,94.795,0,1174,94.86,45446,0,0,"",0
"2023-08-15","CRAU24","CRA","CRA","CRA",0,"2024-12-18",0,1,95.065,95.07,1,9,0,5752,0,-0.08,95.115,95.135,95,0,892,95.055,40160,0,0,"",0
"2023-08-15","CRAZ24","CRA","CRA","CRA",0,"2025-03-19",0,1,95.33,95.355,1,1,0,4484,0,-0.095,95.4,95.405,95.265,0,680,95.325,19591,0,0,"",0
"2023-08-15","CRAH25","CRA","CRA","CRA",0,"2025-06-18",0,1,95.53,95.58,1,5,0,1446,0,-0.09,95.605,95.605,95.53,0,243,95.535,8560,0,0,"",0
"2023-08-15","CRAM25","CRA","CRA","CRA",0,"2025-09-17",0,1,95.72,95.77,5,50,0,825,0,-0.085,95.7,95.76,95.7,0,125,95.705,6482,0,0,"",0
"2023-08-15","CRAU25","CRA","CRA","CRA",0,"2025-12-17",0,1,95.875,95.945,50,50,0,94,0,-0.08,95.85,95.885,95.85,0,21,95.865,1302,0,0,"",0
"2023-08-15","CRAZ25","CRA","CRA","CRA",0,"2026-03-18",0,1,96.035,0,24,0,0,186,0,-0.085,95.985,96.04,95.985,0,33,96.025,253,0,0,"",0
"2023-08-15","CRAH26","CRA","CRA","CRA",0,"2026-06-17",0,1,0,0,0,0,0,59,0,-0.055,96.14,96.205,96.14,0,11,96.165,183,0,0,"",0
"2023-08-16","CRAM23","CRA","CRA","CRA",0,"2023-09-20",0,1,95.015,95.0175,310,100,95.0175,690,95.0175,0,95.0175,95.0175,95.0175,65559,6,95.0175,85195,0,0,"",0
"2023-08-16","CRAU23","CRA","CRA","CRA",0,"2023-12-20",0,1,94.82,94.825,97,100,94.825,5878,94.825,0,94.855,94.855,94.82,557101,464,94.825,97671,0,0,"",0
"2023-08-16","CRAZ23","CRA","CRA","CRA",0,"2024-03-20",0,1,94.735,94.75,3,9,94.75,6188,94.76,-0.01,94.775,94.775,94.74,585883,822,94.75,73630,0,0,"",0
"2023-08-16","CRAH24","CRA","CRA","CRA",0,"2024-06-19",0,1,94.72,94.75,4,8,94.75,4854,94.765,-0.015,94.795,94.795,94.745,459360,1077,94.755,63381,0,0,"",0
"2023-08-16","CRAM24","CRA","CRA","CRA",0,"2024-09-18",0,1,94.82,94.85,100,6,94.845,4790,94.86,-0.015,94.9,94.9,94.84,453568,1282,94.85,46201,0,0,"",0
"2023-08-16","CRAU24","CRA","CRA","CRA",0,"2024-12-18",0,1,95.01,95.085,3,5,95.035,4252,95.055,-0.02,95.085,95.105,95.035,404024,768,95.045,41666,0,0,"",0
"2023-08-16","CRAZ24","CRA","CRA","CRA",0,"2025-03-19",0,1,95.3,95.33,25,35,95.315,5315,95.325,-0.01,95.34,95.375,95.305,506362,651,95.32,20002,0,0,"",0
"2023-08-16","CRAH25","CRA","CRA","CRA",0,"2025-06-18",0,1,95.5,95.55,1,50,95.53,915,95.535,-0.005,95.565,95.57,95.53,87367,125,95.54,9053,0,0,"",0
"2023-08-16","CRAM25","CRA","CRA","CRA",0,"2025-09-17",0,1,0,95.845,0,5,95.73,352,95.705,0.025,95.745,95.745,95.72,33681,32,95.725,7061,0,0,"",0
"2023-08-16","CRAU25","CRA","CRA","CRA",0,"2025-12-17",0,1,0,0,0,0,95.9,172,95.865,0.035,95.905,95.925,95.9,16480,22,95.9,1244,0,0,"",0
"2023-08-16","CRAZ25","CRA","CRA","CRA",0,"2026-03-18",0,1,0,0,0,0,96.095,179,96.025,0.07,96.08,96.095,96.06,17187,35,96.06,239,0,0,"",0
"2023-08-16","CRAH26","CRA","CRA","CRA",0,"2026-06-17",0,1,0,0,0,0,96.245,138,96.165,0.08,96.24,96.245,96.2,13267,29,96.205,183,0,0,"",0
"2023-08-17","CRAM23","CRA","CRA","CRA",0,"2023-09-20",0,1,95.0175,95.02,376,1383,95.02,500,95.0175,0.0025,95.02,95.02,95.02,47507,7,95.0175,85885,0,0,"",0
"2023-08-17","CRAU23","CRA","CRA","CRA",0,"2023-12-20",0,1,94.82,94.825,175,60,94.825,3814,94.825,0,94.825,94.83,94.81,361339,440,94.825,98095,0,0,"",0
"2023-08-17","CRAZ23","CRA","CRA","CRA",0,"2024-03-20",0,1,94.74,94.76,304,13,94.745,4487,94.75,-0.005,94.73,94.755,94.73,424452,1043,94.745,75053,0,0,"",0
"2023-08-17","CRAH24","CRA","CRA","CRA",0,"2024-06-19",0,1,94.755,94.775,250,253,94.76,4152,94.755,0.005,94.725,94.77,94.725,392836,920,94.745,63269,0,0,"",0
"2023-08-17","CRAM24","CRA","CRA","CRA",0,"2024-09-18",0,1,94.855,94.875,100,5,94.875,4781,94.85,0.025,94.825,94.875,94.815,452799,1014,94.845,47449,0,0,"",0
"2023-08-17","CRAU24","CRA","CRA","CRA",0,"2024-12-18",0,1,95.06,95.07,5,160,95.07,4688,95.045,0.025,95.025,95.085,95.005,445453,534,95.045,41746,0,0,"",0
"2023-08-17","CRAZ24","CRA","CRA","CRA",0,"2025-03-19",0,1,95.33,95.34,5,197,95.335,5871,95.32,0.015,95.3,95.36,95.285,559377,602,95.32,21725,0,0,"",0
"2023-08-17","CRAH25","CRA","CRA","CRA",0,"2025-06-18",0,1,0,95.545,0,192,95.545,3104,95.54,0.005,95.505,95.575,95.505,296405,304,95.525,8933,0,0,"",0
"2023-08-17","CRAM25","CRA","CRA","CRA",0,"2025-09-17",0,1,95.695,95.745,50,50,95.73,819,95.725,0.005,95.71,95.75,95.695,78330,104,95.71,7161,0,0,"",0
"2023-08-17","CRAU25","CRA","CRA","CRA",0,"2025-12-17",0,1,95.855,95.915,50,50,95.905,78,95.9,0.005,95.905,95.92,95.87,7463,21,95.885,1296,0,0,"",0
"2023-08-17","CRAZ25","CRA","CRA","CRA",0,"2026-03-18",0,1,0,0,0,0,96.065,54,96.06,0.005,96.075,96.08,96.03,5185,25,96.045,222,0,0,"",0
"2023-08-17","CRAH26","CRA","CRA","CRA",0,"2026-06-17",0,1,0,0,0,0,96.215,14,96.205,0.01,96.225,96.23,96.19,1344,14,96.19,152,0,0,"",0
"2023-08-18","CRAM23","CRA","CRA","CRA",0,"2023-09-20",0,1,95.0175,95.02,758,50,95.02,1735,95.0175,0.0025,95.02,95.0225,95.02,164856,12,95.0175,85700,0,0,"",0
"2023-08-18","CRAU23","CRA","CRA","CRA",0,"2023-12-20",0,1,94.83,94.835,240,404,0,3542,0,0.01,94.83,94.835,94.82,0,362,94.83,97605,0,0,"",0
"2023-08-18","CRAZ23","CRA","CRA","CRA",0,"2024-03-20",0,1,94.76,94.78,178,9,0,5255,0,0.025,94.755,94.77,94.75,0,883,94.76,76103,0,0,"",0
"2023-08-18","CRAH24","CRA","CRA","CRA",0,"2024-06-19",0,1,94.775,94.785,8,250,0,3648,0,0.03,94.775,94.785,94.75,0,985,94.77,64012,0,0,"",0
"2023-08-18","CRAM24","CRA","CRA","CRA",0,"2024-09-18",0,1,94.875,94.885,140,5,0,3581,0,0.035,94.895,94.9,94.855,0,1217,94.875,48486,0,0,"",0
"2023-08-18","CRAU24","CRA","CRA","CRA",0,"2024-12-18",0,1,95.08,95.09,26,10,0,4929,0,0.035,95.095,95.1,95.065,0,376,95.08,42825,0,0,"",0
"2023-08-18","CRAZ24","CRA","CRA","CRA",0,"2025-03-19",0,1,95.345,95.37,100,100,0,1921,0,0.035,95.36,95.385,95.345,0,387,95.36,23632,0,0,"",0
"2023-08-18","CRAH25","CRA","CRA","CRA",0,"2025-06-18",0,1,0,95.58,0,10,0,746,0,0.04,95.565,95.585,95.56,0,249,95.57,8115,0,0,"",0
"2023-08-18","CRAM25","CRA","CRA","CRA",0,"2025-09-17",0,1,95.725,95.76,50,1,0,178,0,0.045,95.75,95.77,95.75,0,32,95.755,7197,0,0,"",0
"2023-08-18","CRAU25","CRA","CRA","CRA",0,"2025-12-17",0,1,0,0,0,0,0,96,0,0.05,95.94,95.94,95.935,0,8,95.93,1283,0,0,"",0
"2023-08-18","CRAZ25","CRA","CRA","CRA",0,"2026-03-18",0,1,0,0,0,0,0,105,0,0.05,96.095,96.095,96.095,0,9,96.09,201,0,0,"",0
"2023-08-18","CRAH26","CRA","CRA","CRA",0,"2026-06-17",0,1,0,0,0,0,0,27,0,0.05,96.24,96.24,96.24,0,3,96.235,152,0,0,"",0
"2023-08-21","CRAM23","CRA","CRA","CRA",0,"2023-09-20",0,1,95.0175,95.02,706,100,95.0175,414,95.0175,0,95.0175,95.02,95.0175,39334,12,95.0175,86169,0,0,"",0
"2023-08-21","CRAU23","CRA","CRA","CRA",0,"2023-12-20",0,1,94.825,94.83,36,77,0,6192,0,-0.005,94.825,94.835,94.815,0,433,94.83,98084,0,0,"",0
"2023-08-21","CRAZ23","CRA","CRA","CRA",0,"2024-03-20",0,1,94.73,94.745,51,1,0,4399,0,-0.025,94.75,94.755,94.725,0,1047,94.745,77725,0,0,"",0
"2023-08-21","CRAH24","CRA","CRA","CRA",0,"2024-06-19",0,1,94.73,94.74,46,383,0,3291,0,-0.04,94.76,94.76,94.725,0,608,94.745,64476,0,0,"",0
"2023-08-21","CRAM24","CRA","CRA","CRA",0,"2024-09-18",0,1,94.8,94.82,100,10,0,3035,0,-0.055,94.855,94.855,94.82,0,943,94.84,49050,0,0,"",0
"2023-08-21","CRAU24","CRA","CRA","CRA",0,"2024-12-18",0,1,95.01,95.015,1,10,0,2021,0,-0.07,95.065,95.065,95.01,0,695,95.04,43206,0,0,"",0
"2023-08-21","CRAZ24","CRA","CRA","CRA",0,"2025-03-19",0,1,95.28,95.295,3,100,0,1245,0,-0.075,95.335,95.335,95.285,0,298,95.305,24023,0,0,"",0
"2023-08-21","CRAH25","CRA","CRA","CRA",0,"2025-06-18",0,1,0,95.5,0,10,0,1066,0,-0.065,95.53,95.535,95.49,0,94,95.515,8006,0,0,"",0
"2023-08-21","CRAM25","CRA","CRA","CRA",0,"2025-09-17",0,1,95.64,95.71,50,50,0,376,0,-0.06,95.705,95.705,95.675,0,41,95.7,7111,0,0,"",0
"2023-08-21","CRAU25","CRA","CRA","CRA",0,"2025-12-17",0,1,95.815,95.875,50,50,0,143,0,-0.065,95.85,95.865,95.83,0,19,95.875,1376,0,0,"",0
"2023-08-21","CRAZ25","CRA","CRA","CRA",0,"2026-03-18",0,1,0,96.04,0,1,0,139,0,-0.08,96.01,96.01,95.98,0,14,96.035,300,0,0,"",0
"2023-08-21","CRAH26","CRA","CRA","CRA",0,"2026-06-17",0,1,0,0,0,0,0,55,0,-0.09,96.15,96.15,96.115,0,7,96.18,177,0,0,"",0
"2023-08-22","CRAM23","CRA","CRA","CRA",0,"2023-09-20",0,1,95.0175,95.02,1110,1010,95.02,2690,95.0175,0.0025,95.0175,95.02,95.0175,255586,28,95.0175,86529,0,0,"",0
"2023-08-22","CRAU23","CRA","CRA","CRA",0,"2023-12-20",0,1,94.825,94.83,98,44,0,7693,0,-0.005,94.83,94.835,94.82,0,557,94.83,99489,0,0,"",0
"2023-08-22","CRAZ23","CRA","CRA","CRA",0,"2024-03-20",0,1,94.715,94.745,35,5,0,8940,0,-0.01,94.745,94.745,94.715,0,1204,94.725,79680,0,0,"",0
"2023-08-22","CRAH24","CRA","CRA","CRA",0,"2024-06-19",0,1,94.715,94.72,5,25,0,6563,0,-0.03,94.75,94.75,94.705,0,1142,94.715,64916,0,0,"",0
"2023-08-22","CRAM24","CRA","CRA","CRA",0,"2024-09-18",0,1,94.79,94.8,1,100,0,6404,0,-0.04,94.82,94.845,94.785,0,1557,94.795,48422,0,0,"",0
"2023-08-22","CRAU24","CRA","CRA","CRA",0,"2024-12-18",0,1,94.97,94.99,191,6,0,6487,0,-0.055,95.015,95.035,94.97,0,842,94.98,43413,0,0,"",0
"2023-08-22","CRAZ24","CRA","CRA","CRA",0,"2025-03-19",0,1,95.23,95.25,1,100,0,3641,0,-0.055,95.28,95.31,95.235,0,361,95.24,24350,0,0,"",0
"2023-08-22","CRAH25","CRA","CRA","CRA",0,"2025-06-18",0,1,0,0,0,0,0,717,0,-0.05,95.5,95.505,95.45,0,88,95.45,8208,0,0,"",0
"2023-08-22","CRAM25","CRA","CRA","CRA",0,"2025-09-17",0,1,95.61,95.66,50,50,0,604,0,-0.06,95.68,95.68,95.635,0,96,95.635,7151,0,0,"",0
"2023-08-22","CRAU25","CRA","CRA","CRA",0,"2025-12-17",0,1,95.785,95.835,50,50,0,51,0,-0.055,95.85,95.855,95.82,0,9,95.81,1376,0,0,"",0
"2023-08-22","CRAZ25","CRA","CRA","CRA",0,"2026-03-18",0,1,0,0,0,0,0,73,0,-0.035,95.995,96,95.97,0,15,95.97,234,0,0,"",0
"2023-08-22","CRAH26","CRA","CRA","CRA",0,"2026-06-17",0,1,0,0,0,0,0,35,0,-0.065,96.135,96.15,96.115,0,7,96.115,153,0,0,"",0
"2023-08-23","CRAM23","CRA","CRA","CRA",0,"2023-09-20",0,1,95.02,95.0225,1180,1325,95.02,1452,95.0175,0.0025,95.02,95.0225,95.02,137959,30,95.02,85130,0,0,"",0
"2023-08-23","CRAU23","CRA","CRA","CRA",0,"2023-12-20",0,1,94.87,94.875,81,250,0,10421,0,0.04,94.83,94.88,94.83,0,682,94.875,101317,0,0,"",0
"2023-08-23","CRAZ23","CRA","CRA","CRA",0,"2024-03-20",0,1,94.795,94.81,5,7,0,7616,0,0.07,94.74,94.825,94.74,0,976,94.81,79737,0,0,"",0
"2023-08-23","CRAH24","CRA","CRA","CRA",0,"2024-06-19",0,1,94.81,94.83,250,250,0,7701,0,0.115,94.74,94.845,94.74,0,961,94.835,67555,0,0,"",0
"2023-08-23","CRAM24","CRA","CRA","CRA",0,"2024-09-18",0,1,94.91,94.935,100,100,0,4744,0,0.12,94.82,94.945,94.82,0,1020,94.935,48674,0,0,"",0
"2023-08-23","CRAU24","CRA","CRA","CRA",0,"2024-12-18",0,1,95.1,95.125,104,130,0,3217,0,0.14,94.995,95.14,94.995,0,1016,95.13,46127,0,0,"",0
"2023-08-23","CRAZ24","CRA","CRA","CRA",0,"2025-03-19",0,1,95.37,95.39,6,100,0,4354,0,0.13,95.26,95.4,95.26,0,786,95.39,25654,0,0,"",0
"2023-08-23","CRAH25","CRA","CRA","CRA",0,"2025-06-18",0,1,95.57,0,1,0,0,550,0,0.14,95.47,95.61,95.47,0,115,95.6,8378,0,0,"",0
"2023-08-23","CRAM25","CRA","CRA","CRA",0,"2025-09-17",0,1,95.75,95.79,25,50,0,223,0,0.13,95.71,95.79,95.695,0,45,95.775,7170,0,0,"",0
"2023-08-23","CRAU25","CRA","CRA","CRA",0,"2025-12-17",0,1,95.91,95.97,50,50,0,120,0,0.095,95.855,95.93,95.855,0,17,95.94,1347,0,0,"",0
"2023-08-23","CRAZ25","CRA","CRA","CRA",0,"2026-03-18",0,1,0,0,0,0,0,129,0,0.075,96,96.07,96,0,27,96.095,233,0,0,"",0
"2023-08-23","CRAH26","CRA","CRA","CRA",0,"2026-06-17",0,1,0,0,0,0,0,78,0,0.06,96.145,96.205,96.145,0,12,96.235,128,0,0,"",0
"2023-08-24","CRAM23","CRA","CRA","CRA",0,"2023-09-20",0,1,95.0175,95.02,669,131,95.0175,467,95.02,-0.0025,95.0225,95.0225,95.0175,44370,21,95.02,85105,0,0,"",0
"2023-08-24","CRAU23","CRA","CRA","CRA",0,"2023-12-20",0,1,94.85,94.865,250,100,0,7013,0,-0.02,94.87,94.87,94.855,0,325,94.865,103792,0,0,"",0
"2023-08-24","CRAZ23","CRA","CRA","CRA",0,"2024-03-20",0,1,94.785,94.81,5,250,0,7196,0,-0.015,94.81,94.81,94.785,0,639,94.8,80699,0,0,"",0
"2023-08-24","CRAH24","CRA","CRA","CRA",0,"2024-06-19",0,1,94.8,94.805,27,50,0,5294,0,-0.035,94.81,94.84,94.795,0,782,94.805,69353,0,0,"",0
"2023-08-24","CRAM24","CRA","CRA","CRA",0,"2024-09-18",0,1,94.875,94.9,100,100,0,6625,0,-0.05,94.935,94.935,94.885,0,1705,94.9,48804,0,0,"",0
"2023-08-24","CRAU24","CRA","CRA","CRA",0,"2024-12-18",0,1,95.06,95.08,2,100,0,4807,0,-0.06,95.135,95.135,95.065,0,1182,95.08,46355,0,0,"",0
"2023-08-24","CRAZ24","CRA","CRA","CRA",0,"2025-03-19",0,1,95.31,0,9,0,0,8034,0,-0.08,95.37,95.4,95.31,0,854,95.325,24586,0,0,"",0
"2023-08-24","CRAH25","CRA","CRA","CRA",0,"2025-06-18",0,1,95.495,95.53,10,10,0,1892,0,-0.08,95.555,95.57,95.51,0,328,95.525,8553,0,0,"",0
"2023-08-24","CRAM25","CRA","CRA","CRA",0,"2025-09-17",0,1,95.66,95.71,50,50,0,700,0,-0.075,95.73,95.73,95.69,0,106,95.7,7267,0,0,"",0
"2023-08-24","CRAU25","CRA","CRA","CRA",0,"2025-12-17",0,1,95.825,95.875,50,1,0,201,0,-0.07,95.87,95.87,95.87,0,21,95.865,1433,0,0,"",0
"2023-08-24","CRAZ25","CRA","CRA","CRA",0,"2026-03-18",0,1,0,0,0,0,0,83,0,0,0,0,0,0,4,96.02,283,0,0,"",0
"2023-08-24","CRAH26","CRA","CRA","CRA",0,"2026-06-17",0,1,0,0,0,0,0,33,0,0,0,0,0,0,2,96.16,198,0,0,"",0
"2023-08-25","CRAM23","CRA","CRA","CRA",0,"2023-09-20",0,1,95.0175,95.02,22,163,95.0175,208,95.02,-0.0025,95.0175,95.0175,95.0175,19760,11,95.02,84301,0,0,"",0
"2023-08-25","CRAU23","CRA","CRA","CRA",0,"2023-12-20",0,1,94.845,94.855,67,280,0,5413,0,-0.01,94.855,94.855,94.84,0,476,94.85,100841,0,0,"",0
"2023-08-25","CRAZ23","CRA","CRA","CRA",0,"2024-03-20",0,1,94.77,94.79,25,22,0,6557,0,-0.03,94.78,94.805,94.765,0,987,94.785,82494,0,0,"",0
"2023-08-25","CRAH24","CRA","CRA","CRA",0,"2024-06-19",0,1,94.775,94.86,50,201,0,8290,0,-0.025,94.78,94.81,94.76,0,1171,94.79,69388,0,0,"",0
"2023-08-25","CRAM24","CRA","CRA","CRA",0,"2024-09-18",0,1,94.84,95.04,25,5,0,7030,0,-0.045,94.895,94.9,94.84,0,1652,94.88,50143,0,0,"",0
"2023-08-25","CRAU24","CRA","CRA","CRA",0,"2024-12-18",0,1,95.025,95.08,50,100,0,6919,0,-0.04,95.065,95.075,95.015,0,987,95.055,47728,0,0,"",0
"2023-08-25","CRAZ24","CRA","CRA","CRA",0,"2025-03-19",0,1,95.275,95.305,48,3,0,5051,0,-0.035,95.32,95.32,95.25,0,932,95.3,24855,0,0,"",0
"2023-08-25","CRAH25","CRA","CRA","CRA",0,"2025-06-18",0,1,0,95.505,0,10,0,1381,0,-0.045,95.48,95.505,95.445,0,125,95.5,8862,0,0,"",0
"2023-08-25","CRAM25","CRA","CRA","CRA",0,"2025-09-17",0,1,95.66,0,2,0,0,104,0,-0.035,95.655,95.67,95.655,0,19,95.675,7422,0,0,"",0
"2023-08-25","CRAU25","CRA","CRA","CRA",0,"2025-12-17",0,1,0,0,0,0,0,0,0,0,0,0,0,0,0,95.84,1520,0,0,"",0
"2023-08-25","CRAZ25","CRA","CRA","CRA",0,"2026-03-18",0,1,0,0,0,0,0,33,0,0,0,0,0,0,2,95.995,226,0,0,"",0
"2023-08-25","CRAH26","CRA","CRA","CRA",0,"2026-06-17",0,1,0,0,0,0,0,33,0,0,0,0,0,0,2,96.135,181,0,0,"",0
"2023-08-28","CRAM23","CRA","CRA","CRA",0,"2023-09-20",0,1,95.0175,95.02,173,725,95.0175,1198,95.02,-0.0025,95.02,95.02,95.0175,113822,23,95.02,84341,0,0,"",0
"2023-08-28","CRAU23","CRA","CRA","CRA",0,"2023-12-20",0,1,94.855,94.86,102,812,0,2928,0,0.005,94.85,94.86,94.835,0,302,94.855,101629,0,0,"",0
"2023-08-28","CRAZ23","CRA","CRA","CRA",0,"2024-03-20",0,1,94.79,94.8,44,13,0,3415,0,0.015,94.77,94.8,94.76,0,576,94.795,83301,0,0,"",0
"2023-08-28","CRAH24","CRA","CRA","CRA",0,"2024-06-19",0,1,94.79,94.81,250,2,0,2121,0,0.02,94.775,94.81,94.75,0,494,94.805,72436,0,0,"",0
"2023-08-28","CRAM24","CRA","CRA","CRA",0,"2024-09-18",0,1,94.88,94.905,100,100,0,3009,0,0.015,94.855,94.895,94.83,0,837,94.895,52047,0,0,"",0
"2023-08-28","CRAU24","CRA","CRA","CRA",0,"2024-12-18",0,1,95.045,95.07,100,100,0,3367,0,0.01,95.04,95.07,95.005,0,719,95.065,48483,0,0,"",0
"2023-08-28","CRAZ24","CRA","CRA","CRA",0,"2025-03-19",0,1,95.29,95.315,116,100,0,3295,0,0,95.29,95.31,95.25,0,596,95.31,26301,0,0,"",0
"2023-08-28","CRAH25","CRA","CRA","CRA",0,"2025-06-18",0,1,95.415,95.595,10,5,0,1368,0,0.005,95.46,95.515,95.46,0,167,95.515,8987,0,0,"",0
"2023-08-28","CRAM25","CRA","CRA","CRA",0,"2025-09-17",0,1,95.68,95.72,25,50,0,737,0,0.02,95.705,95.705,95.675,0,95,95.695,7432,0,0,"",0
"2023-08-28","CRAU25","CRA","CRA","CRA",0,"2025-12-17",0,1,95.835,95.895,50,50,0,55,0,0.025,95.88,95.88,95.835,0,18,95.86,1520,0,0,"",0
"2023-08-28","CRAZ25","CRA","CRA","CRA",0,"2026-03-18",0,1,0,0,0,0,0,11,0,-0.01,96.005,96.005,95.985,0,11,96.015,226,0,0,"",0
"2023-08-28","CRAH26","CRA","CRA","CRA",0,"2026-06-17",0,1,0,0,0,0,0,8,0,-0.01,96.14,96.145,96.125,0,8,96.155,164,0,0,"",0
"2023-08-29","CRAM23","CRA","CRA","CRA",0,"2023-09-20",0,1,95.0175,95.02,1279,150,0,1621,0,0,95.0175,95.0225,95.0175,0,46,95.02,84260,0,0,"",0
"2023-08-29","CRAU23","CRA","CRA","CRA",0,"2023-12-20",0,1,94.855,94.865,130,410,94.865,12068,94.855,0.01,94.86,94.87,94.845,1144284,871,94.86,101385,0,0,"",0
"2023-08-29","CRAZ23","CRA","CRA","CRA",0,"2024-03-20",0,1,94.83,94.835,45,41,0,9684,0,0.035,94.81,94.835,94.78,0,1182,94.825,84066,0,0,"",0
"2023-08-29","CRAH24","CRA","CRA","CRA",0,"2024-06-19",0,1,94.86,94.875,250,31,0,10381,0,0.055,94.825,94.875,94.785,0,1482,94.86,73160,0,0,"",0
"2023-08-29","CRAM24","CRA","CRA","CRA",0,"2024-09-18",0,1,94.98,94.99,1,104,0,7699,0,0.085,94.91,94.985,94.865,0,1710,94.97,52845,0,0,"",0
"2023-08-29","CRAU24","CRA","CRA","CRA",0,"2024-12-18",0,1,95.155,95.27,50,2,0,9282,0,0.1,95.08,95.18,95.03,0,1613,95.16,48989,0,0,"",0
"2023-08-29","CRAZ24","CRA","CRA","CRA",0,"2025-03-19",0,1,95.415,95.44,100,100,0,6974,0,0.11,95.33,95.435,95.28,0,1200,95.415,27760,0,0,"",0
"2023-08-29","CRAH25","CRA","CRA","CRA",0,"2025-06-18",0,1,0,95.65,0,21,0,2931,0,0.135,95.525,95.665,95.485,0,292,95.635,9409,0,0,"",0
"2023-08-29","CRAM25","CRA","CRA","CRA",0,"2025-09-17",0,1,95.805,95.84,50,35,0,325,0,0.145,95.675,95.845,95.67,0,58,95.83,7451,0,0,"",0
"2023-08-29","CRAU25","CRA","CRA","CRA",0,"2025-12-17",0,1,95.975,96.035,50,50,0,76,0,0.16,95.87,96.025,95.855,0,19,96.005,1490,0,0,"",0
"2023-08-29","CRAZ25","CRA","CRA","CRA",0,"2026-03-18",0,1,0,0,0,0,0,80,0,0.16,96.03,96.175,96.015,0,20,96.16,226,0,0,"",0
"2023-08-29","CRAH26","CRA","CRA","CRA",0,"2026-06-17",0,1,0,0,0,0,0,35,0,0.16,96.175,96.315,96.16,0,11,96.3,164,0,0,"",0
"2023-08-30","CRAM23","CRA","CRA","CRA",0,"2023-09-20",0,1,95.02,95.0225,899,1411,0,153,0,0.0025,95.02,95.0225,95.02,0,4,95.02,83179,0,0,"",0
"2023-08-30","CRAU23","CRA","CRA","CRA",0,"2023-12-20",0,1,94.865,94.87,154,154,0,9646,0,0.005,94.855,94.875,94.85,0,469,94.865,99557,0,0,"",0
"2023-08-30","CRAZ23","CRA","CRA","CRA",0,"2024-03-20",0,1,94.83,94.84,103,56,0,12829,0,0.005,94.81,94.845,94.805,0,1295,94.83,83465,0,0,"",0
"2023-08-30","CRAH24","CRA","CRA","CRA",0,"2024-06-19",0,1,94.875,94.895,250,250,0,11163,0,0.02,94.83,94.895,94.83,0,1667,94.88,72933,0,0,"",0
"2023-08-30","CRAM24","CRA","CRA","CRA",0,"2024-09-18",0,1,94.985,95.015,100,4,0,7480,0,0.035,94.94,95.025,94.93,0,1674,95,52851,0,0,"",0
"2023-08-30","CRAU24","CRA","CRA","CRA",0,"2024-12-18",0,1,95.185,95.21,100,100,0,8706,0,0.035,95.125,95.225,95.115,0,1235,95.195,49835,0,0,"",0
"2023-08-30","CRAZ24","CRA","CRA","CRA",0,"2025-03-19",0,1,95.44,95.47,6,1,0,6096,0,0.035,95.385,95.485,95.365,0,929,95.455,28319,0,0,"",0
"2023-08-30","CRAH25","CRA","CRA","CRA",0,"2025-06-18",0,1,95.68,95.71,12,10,0,3923,0,0.05,95.595,95.71,95.585,0,365,95.69,9446,0,0,"",0
"2023-08-30","CRAM25","CRA","CRA","CRA",0,"2025-09-17",0,1,95.88,95.935,4,50,0,1000,0,0.055,95.78,95.91,95.78,0,124,95.895,7628,0,0,"",0
"2023-08-30","CRAU25","CRA","CRA","CRA",0,"2025-12-17",0,1,0,0,0,0,0,335,0,0.065,96.025,96.1,96.025,0,45,96.085,1505,0,0,"",0
"2023-08-30","CRAZ25","CRA","CRA","CRA",0,"2026-03-18",0,1,0,0,0,0,0,251,0,0.095,96.175,96.255,96.175,0,28,96.245,254,0,0,"",0
"2023-08-30","CRAH26","CRA","CRA","CRA",0,"2026-06-17",0,1,0,0,0,0,0,162,0,0.095,96.38,96.405,96.38,0,14,96.385,189,0,0,"",0
"2023-08-31","CRAM23","CRA","CRA","CRA",0,"2023-09-20",0,1,95.02,95.0225,1285,498,0,1894,0,0.0025,95.02,95.0225,95.02,0,24,95.02,83077,0,0,"",0
"2023-08-31","CRAU23","CRA","CRA","CRA",0,"2023-12-20",0,1,94.865,94.875,180,295,0,11360,0,0,94.87,94.88,94.86,0,518,94.87,98993,0,0,"",0
"2023-08-31","CRAZ23","CRA","CRA","CRA",0,"2024-03-20",0,1,0,94.835,0,35,0,7682,0,0.005,94.84,94.85,94.82,0,985,94.835,85583,0,0,"",0
"2023-08-31","CRAH24","CRA","CRA","CRA",0,"2024-06-19",0,1,94.875,94.89,37,250,0,8047,0,0.015,94.89,94.91,94.86,0,1157,94.89,75528,0,0,"",0
"2023-08-31","CRAM24","CRA","CRA","CRA",0,"2024-09-18",0,1,94.995,95.01,100,2,0,5613,0,0.01,95.01,95.035,94.975,0,1367,95.01,52729,0,0,"",0
"2023-08-31","CRAU24","CRA","CRA","CRA",0,"2024-12-18",0,1,95.19,95.21,23,100,0,8349,0,0.01,95.205,95.235,95.165,0,1243,95.195,49560,0,0,"",0
"2023-08-31","CRAZ24","CRA","CRA","CRA",0,"2025-03-19",0,1,95.45,95.475,100,100,0,4811,0,0,95.455,95.495,95.415,0,802,95.45,28077,0,0,"",0
"2023-08-31","CRAH25","CRA","CRA","CRA",0,"2025-06-18",0,1,95.68,95.775,23,10,0,2009,0,0.01,95.705,95.725,95.65,0,208,95.685,9465,0,0,"",0
"2023-08-31","CRAM25","CRA","CRA","CRA",0,"2025-09-17",0,1,95.87,95.92,50,50,0,485,0,0,95.9,95.9,95.88,0,60,95.89,7831,0,0,"",0
"2023-08-31","CRAU25","CRA","CRA","CRA",0,"2025-12-17",0,1,96.045,96.095,50,50,0,321,0,0.005,96.075,96.09,96.055,0,27,96.08,1718,0,0,"",0
"2023-08-31","CRAZ25","CRA","CRA","CRA",0,"2026-03-18",0,1,96.18,0,1,0,0,186,0,-0.005,96.235,96.25,96.215,0,29,96.24,262,0,0,"",0
"2023-08-31","CRAH26","CRA","CRA","CRA",0,"2026-06-17",0,1,0,0,0,0,0,81,0,0,96.375,96.395,96.355,0,17,96.38,146,0,0,"",0
"2023-09-01","CRAM23","CRA","CRA","CRA",0,"2023-09-20",0,1,95.025,95.0275,3446,990,95.0275,3168,95.02,0.0075,95.0225,95.03,95.0225,301027,47,95.025,82292,0,0,"",0
"2023-09-01","CRAU23","CRA","CRA","CRA",0,"2023-12-20",0,1,94.92,94.925,23,70,0,15470,0,0.055,94.87,94.93,94.87,0,937,94.93,96868,0,0,"",0
"2023-09-01","CRAZ23","CRA","CRA","CRA",0,"2024-03-20",0,1,94.905,94.925,5,4,0,15409,0,0.075,94.825,94.95,94.825,0,2951,94.915,85253,0,0,"",0
"2023-09-01","CRAH24","CRA","CRA","CRA",0,"2024-06-19",0,1,94.985,94.995,3,3,0,10238,0,0.095,94.89,95.035,94.89,0,2422,94.995,77145,0,0,"",0
"2023-09-01","CRAM24","CRA","CRA","CRA",0,"2024-09-18",0,1,95.105,95.12,2,3,0,13258,0,0.105,95.005,95.16,95.005,0,4379,95.115,53587,0,0,"",0
"2023-09-01","CRAU24","CRA","CRA","CRA",0,"2024-12-18",0,1,95.3,95.32,1,100,0,10006,0,0.1,95.185,95.355,95.185,0,1644,95.315,50636,0,0,"",0
"2023-09-01","CRAZ24","CRA","CRA","CRA",0,"2025-03-19",0,1,95.55,95.565,6,103,0,10353,0,0.105,95.44,95.61,95.44,0,2236,95.555,28484,0,0,"",0
"2023-09-01","CRAH25","CRA","CRA","CRA",0,"2025-06-18",0,1,95.755,95.77,100,19,0,3126,0,0.085,95.695,95.825,95.695,0,485,95.765,10164,0,0,"",0
"2023-09-01","CRAM25","CRA","CRA","CRA",0,"2025-09-17",0,1,95.93,95.98,50,50,0,758,0,0.055,95.875,96,95.875,0,74,95.955,8070,0,0,"",0
"2023-09-01","CRAU25","CRA","CRA","CRA",0,"2025-12-17",0,1,96.105,96.155,50,50,0,234,0,0.035,96.175,96.175,96.105,0,40,96.13,1865,0,0,"",0
"2023-09-01","CRAZ25","CRA","CRA","CRA",0,"2026-03-18",0,1,96.25,96.31,50,50,0,71,0,0.035,96.34,96.34,96.265,0,21,96.29,250,0,0,"",0
"2023-09-01","CRAH26","CRA","CRA","CRA",0,"2026-06-17",0,1,96.37,96.45,50,50,0,7,0,0.035,96.475,96.475,96.4,0,7,96.425,104,0,0,"",0
"2023-09-05","CRAM23","CRA","CRA","CRA",0,"2023-09-20",0,1,95.025,95.0275,2460,2138,0,47,0,0,95.025,95.025,95.025,0,1,95.025,83002,0,0,"",0
"2023-09-05","CRAU23","CRA","CRA","CRA",0,"2023-12-20",0,1,94.9,94.915,275,203,0,12856,0,-0.02,94.925,94.925,94.91,0,519,94.915,100611,0,0,"",0
"2023-09-05","CRAZ23","CRA","CRA","CRA",0,"2024-03-20",0,1,94.85,94.86,100,91,0,10658,0,-0.055,94.905,94.91,94.855,0,1250,94.86,87230,0,0,"",0
"2023-09-05","CRAH24","CRA","CRA","CRA",0,"2024-06-19",0,1,94.905,94.91,48,21,0,8760,0,-0.085,94.97,94.975,94.9,0,1406,94.905,81052,0,0,"",0
"2023-09-05","CRAM24","CRA","CRA","CRA",0,"2024-09-18",0,1,95.01,95.025,1,36,0,7696,0,-0.095,95.08,95.095,95.015,0,2010,95.025,57090,0,0,"",0
"2023-09-05","CRAU24","CRA","CRA","CRA",0,"2024-12-18",0,1,95.2,95.205,25,83,0,8361,0,-0.11,95.265,95.28,95.195,0,1921,95.21,53277,0,0,"",0
"2023-09-05","CRAZ24","CRA","CRA","CRA",0,"2025-03-19",0,1,95.43,95.45,100,94,0,4460,0,-0.12,95.515,95.515,95.43,0,836,95.45,31479,0,0,"",0
"2023-09-05","CRAH25","CRA","CRA","CRA",0,"2025-06-18",0,1,95.65,95.72,5,1,0,2629,0,-0.105,95.735,95.735,95.645,0,275,95.665,11188,0,0,"",0
"2023-09-05","CRAM25","CRA","CRA","CRA",0,"2025-09-17",0,1,95.82,95.87,50,50,0,569,0,-0.105,95.88,95.88,95.835,0,93,95.855,7905,0,0,"",0
"2023-09-05","CRAU25","CRA","CRA","CRA",0,"2025-12-17",0,1,0,96.07,0,1,0,113,0,-0.095,96.05,96.05,96.01,0,14,96.03,1770,0,0,"",0
"2023-09-05","CRAZ25","CRA","CRA","CRA",0,"2026-03-18",0,1,0,0,0,0,0,7,0,-0.09,96.19,96.2,96.16,0,7,96.19,300,0,0,"",0
"2023-09-05","CRAH26","CRA","CRA","CRA",0,"2026-06-17",0,1,0,0,0,0,0,4,0,-0.09,96.325,96.335,96.325,0,4,96.325,107,0,0,"",0
"2023-09-06","CRAM23","CRA","CRA","CRA",0,"2023-09-20",0,1,95.0275,95.03,897,1651,0,18935,0,0.005,95.025,95.03,95.0225,0,591,95.025,83002,0,0,"",0
"2023-09-06","CRAU23","CRA","CRA","CRA",0,"2023-12-20",0,1,94.91,94.92,541,16,0,23383,0,-0.005,94.915,94.925,94.875,0,1159,94.915,104734,0,0,"",0
"2023-09-06","CRAZ23","CRA","CRA","CRA",0,"2024-03-20",0,1,94.84,94.855,98,250,0,17250,0,-0.015,94.88,94.88,94.825,0,1497,94.845,87607,0,0,"",0
"2023-09-06","CRAH24","CRA","CRA","CRA",0,"2024-06-19",0,1,94.87,94.88,250,21,0,7843,0,-0.025,94.915,94.94,94.86,0,1451,94.875,80728,0,0,"",0
"2023-09-06","CRAM24","CRA","CRA","CRA",0,"2024-09-18",0,1,94.98,94.985,188,7,0,7819,0,-0.04,95.025,95.07,94.96,0,2278,94.985,57618,0,0,"",0
"2023-09-06","CRAU24","CRA","CRA","CRA",0,"2024-12-18",0,1,95.145,95.17,100,102,0,8063,0,-0.05,95.215,95.26,95.135,0,2086,95.16,54714,0,0,"",0
"2023-09-06","CRAZ24","CRA","CRA","CRA",0,"2025-03-19",0,1,95.375,95.39,100,2,0,8819,0,-0.065,95.45,95.505,95.36,0,1670,95.39,31805,0,0,"",0
"2023-09-06","CRAH25","CRA","CRA","CRA",0,"2025-06-18",0,1,95.58,95.605,100,100,0,3546,0,-0.065,95.705,95.72,95.57,0,536,95.6,11543,0,0,"",0
"2023-09-06","CRAM25","CRA","CRA","CRA",0,"2025-09-17",0,1,95.76,95.81,50,50,0,2031,0,-0.07,95.91,95.91,95.76,0,342,95.79,7778,0,0,"",0
"2023-09-06","CRAU25","CRA","CRA","CRA",0,"2025-12-17",0,1,95.96,96,92,50,0,231,0,-0.07,96.085,96.085,95.96,0,24,95.96,1687,0,0,"",0
"2023-09-06","CRAZ25","CRA","CRA","CRA",0,"2026-03-18",0,1,0,0,0,0,0,53,0,0.02,96.21,96.21,96.21,0,5,96.12,302,0,0,"",0
"2023-09-06","CRAH26","CRA","CRA","CRA",0,"2026-06-17",0,1,0,0,0,0,0,52,0,0.025,96.35,96.35,96.35,0,4,96.255,107,0,0,"",0
"2023-09-07","CRAM23","CRA","CRA","CRA",0,"2023-09-20",0,1,95.025,95.0275,10510,634,0,1177,0,0,95.03,95.03,95.025,0,18,95.025,78119,0,0,"",0
"2023-09-07","CRAU23","CRA","CRA","CRA",0,"2023-12-20",0,1,94.915,94.925,182,268,0,9431,0,0,94.91,94.925,94.91,0,487,94.925,109371,0,0,"",0
"2023-09-07","CRAZ23","CRA","CRA","CRA",0,"2024-03-20",0,1,94.875,94.885,53,100,0,20559,0,0.03,94.845,94.89,94.845,0,1490,94.89,91466,0,0,"",0
"2023-09-07","CRAH24","CRA","CRA","CRA",0,"2024-06-19",0,1,94.93,94.94,250,5,0,9982,0,0.055,94.885,94.95,94.875,0,989,94.945,79935,0,0,"",0
"2023-09-07","CRAM24","CRA","CRA","CRA",0,"2024-09-18",0,1,95.055,95.06,30,5,0,8335,0,0.075,95,95.075,94.98,0,1528,95.075,59218,0,0,"",0
"2023-09-07","CRAU24","CRA","CRA","CRA",0,"2024-12-18",0,1,95.23,95.245,100,83,0,10491,0,0.075,95.175,95.26,95.155,0,1219,95.26,57016,0,0,"",0
"2023-09-07","CRAZ24","CRA","CRA","CRA",0,"2025-03-19",0,1,95.46,95.48,1,100,0,4479,0,0.085,95.385,95.495,95.385,0,739,95.495,33603,0,0,"",0
"2023-09-07","CRAH25","CRA","CRA","CRA",0,"2025-06-18",0,1,0,95.695,0,50,0,2634,0,0.095,95.64,95.71,95.595,0,380,95.71,12805,0,0,"",0
"2023-09-07","CRAM25","CRA","CRA","CRA",0,"2025-09-17",0,1,95.84,95.9,50,50,0,1197,0,0.095,95.83,95.895,95.795,0,251,95.895,8392,0,0,"",0
"2023-09-07","CRAU25","CRA","CRA","CRA",0,"2025-12-17",0,1,96.015,96.06,1,9,0,369,0,0.1,95.97,96.06,95.97,0,38,96.07,1745,0,0,"",0
"2023-09-07","CRAZ25","CRA","CRA","CRA",0,"2026-03-18",0,1,0,96.235,0,5,0,119,0,0.09,96.15,96.21,96.105,0,22,96.225,303,0,0,"",0
"2023-09-07","CRAH26","CRA","CRA","CRA",0,"2026-06-17",0,1,0,0,0,0,0,28,0,0.07,96.285,96.325,96.24,0,10,96.36,107,0,0,"",0
"2023-09-08","CRAM23","CRA","CRA","CRA",0,"2023-09-20",0,1,95.025,95.0275,10160,684,0,0,0,0,0,0,0,0,0,95.025,78119,0,0,"",0
"2023-09-08","CRAU23","CRA","CRA","CRA",0,"2023-12-20",0,1,94.905,94.91,597,704,0,11287,0,-0.02,94.92,94.92,94.9,0,711,94.91,107759,0,0,"",0
"2023-09-08","CRAZ23","CRA","CRA","CRA",0,"2024-03-20",0,1,94.845,94.86,100,352,0,9722,0,-0.04,94.88,94.89,94.845,0,1263,94.855,95193,0,0,"",0
"2023-09-08","CRAH24","CRA","CRA","CRA",0,"2024-06-19",0,1,94.89,94.895,6,19,0,6419,0,-0.05,94.945,94.955,94.89,0,1079,94.9,83019,0,0,"",0
"2023-09-08","CRAM24","CRA","CRA","CRA",0,"2024-09-18",0,1,95.005,95.015,200,100,0,6650,0,-0.065,95.075,95.08,95.005,0,1561,95.015,59370,0,0,"",0
"2023-09-08","CRAU24","CRA","CRA","CRA",0,"2024-12-18",0,1,95.175,95.2,100,100,0,7201,0,-0.075,95.265,95.275,95.185,0,984,95.195,59146,0,0,"",0
"2023-09-08","CRAZ24","CRA","CRA","CRA",0,"2025-03-19",0,1,95.41,95.43,2,130,0,6108,0,-0.07,95.495,95.51,95.415,0,1023,95.425,33902,0,0,"",0
"2023-09-08","CRAH25","CRA","CRA","CRA",0,"2025-06-18",0,1,95.61,95.645,100,100,0,2377,0,-0.09,95.725,95.725,95.62,0,453,95.635,12220,0,0,"",0
"2023-09-08","CRAM25","CRA","CRA","CRA",0,"2025-09-17",0,1,95.785,95.82,50,15,0,1095,0,-0.08,95.88,95.92,95.805,0,149,95.82,8897,0,0,"",0
"2023-09-08","CRAU25","CRA","CRA","CRA",0,"2025-12-17",0,1,0,96,0,11,0,523,0,-0.085,96.065,96.095,95.985,0,30,95.995,2088,0,0,"",0
"2023-09-08","CRAZ25","CRA","CRA","CRA",0,"2026-03-18",0,1,0,0,0,0,0,10,0,0.01,96.205,96.235,96.205,0,9,96.15,336,0,0,"",0
"2023-09-08","CRAH26","CRA","CRA","CRA",0,"2026-06-17",0,1,0,0,0,0,0,8,0,0.005,96.335,96.365,96.335,0,6,96.285,128,0,0,"",0
"2023-09-11","CRAM23","CRA","CRA","CRA",0,"2023-09-20",0,1,95.025,95.03,9108,8743,0,2436,0,0.0025,95.025,95.0275,95.025,0,24,95.0275,78119,0,0,"",0
"2023-09-11","CRAU23","CRA","CRA","CRA",0,"2023-12-20",0,1,94.91,94.915,720,279,0,9095,0,0.005,94.91,94.915,94.905,0,435,94.915,108848,0,0,"",0
"2023-09-11","CRAZ23","CRA","CRA","CRA",0,"2024-03-20",0,1,94.845,94.855,57,5,0,7728,0,-0.01,94.85,94.855,94.84,0,722,94.85,96569,0,0,"",0
"2023-09-11","CRAH24","CRA","CRA","CRA",0,"2024-06-19",0,1,94.88,94.885,275,10,0,5693,0,-0.015,94.89,94.895,94.875,0,792,94.885,84955,0,0,"",0
"2023-09-11","CRAM24","CRA","CRA","CRA",0,"2024-09-18",0,1,94.99,95.015,100,100,0,2659,0,-0.015,94.985,95.005,94.975,0,796,94.995,59808,0,0,"",0
"2023-09-11","CRAU24","CRA","CRA","CRA",0,"2024-12-18",0,1,95.16,95.18,104,4,0,6595,0,-0.02,95.155,95.18,95.155,0,1201,95.17,60564,0,0,"",0
"2023-09-11","CRAZ24","CRA","CRA","CRA",0,"2025-03-19",0,1,95.38,0,4,0,0,2800,0,-0.03,95.385,95.4,95.375,0,461,95.39,35548,0,0,"",0
"2023-09-11","CRAH25","CRA","CRA","CRA",0,"2025-06-18",0,1,95.58,95.61,7,6,0,603,0,-0.045,95.605,95.61,95.59,0,100,95.595,12697,0,0,"",0
"2023-09-11","CRAM25","CRA","CRA","CRA",0,"2025-09-17",0,1,95.75,95.795,50,4,0,269,0,-0.05,95.78,95.795,95.77,0,62,95.78,9108,0,0,"",0
"2023-09-11","CRAU25","CRA","CRA","CRA",0,"2025-12-17",0,1,95.92,95.965,52,6,0,170,0,-0.045,95.96,95.965,95.94,0,43,95.95,2596,0,0,"",0
"2023-09-11","CRAZ25","CRA","CRA","CRA",0,"2026-03-18",0,1,0,0,0,0,0,109,0,-0.045,96.115,96.115,96.09,0,28,96.105,338,0,0,"",0
"2023-09-11","CRAH26","CRA","CRA","CRA",0,"2026-06-17",0,1,0,0,0,0,0,4,0,-0.055,96.22,96.23,96.22,0,4,96.24,128,0,0,"",0
"2023-09-12","CRAM23","CRA","CRA","CRA",0,"2023-09-20",0,1,95.025,95.0275,9158,13,0,126,0,0,95.0275,95.0275,95.0275,0,3,95.0275,78119,0,0,"",0
"2023-09-12","CRAU23","CRA","CRA","CRA",0,"2023-12-20",0,1,94.905,94.915,752,724,0,9112,0,-0.01,94.91,94.915,94.905,0,294,94.91,110788,0,0,"",0
"2023-09-12","CRAZ23","CRA","CRA","CRA",0,"2024-03-20",0,1,94.835,94.84,34,5,0,5687,0,-0.01,94.85,94.85,94.83,0,641,94.84,101022,0,0,"",0
"2023-09-12","CRAH24","CRA","CRA","CRA",0,"2024-06-19",0,1,94.855,94.875,250,250,0,6253,0,-0.01,94.88,94.89,94.85,0,976,94.865,86623,0,0,"",0
"2023-09-12","CRAM24","CRA","CRA","CRA",0,"2024-09-18",0,1,94.955,94.97,103,3,0,4618,0,-0.025,94.995,95,94.945,0,755,94.965,59352,0,0,"",0
"2023-09-12","CRAU24","CRA","CRA","CRA",0,"2024-12-18",0,1,95.13,95.14,23,50,0,3016,0,-0.03,95.165,95.175,95.12,0,820,95.14,63161,0,0,"",0
"2023-09-12","CRAZ24","CRA","CRA","CRA",0,"2025-03-19",0,1,95.35,95.37,103,100,0,2568,0,-0.025,95.375,95.4,95.35,0,407,95.365,36141,0,0,"",0
"2023-09-12","CRAH25","CRA","CRA","CRA",0,"2025-06-18",0,1,95.56,95.58,1,1,0,802,0,-0.02,95.575,95.605,95.555,0,112,95.57,12876,0,0,"",0
"2023-09-12","CRAM25","CRA","CRA","CRA",0,"2025-09-17",0,1,95.75,95.78,6,50,0,179,0,-0.03,95.79,95.79,95.74,0,41,95.755,9048,0,0,"",0
"2023-09-12","CRAU25","CRA","CRA","CRA",0,"2025-12-17",0,1,95.9,95.93,50,11,0,137,0,-0.025,95.96,95.965,95.915,0,27,95.925,2590,0,0,"",0
"2023-09-12","CRAZ25","CRA","CRA","CRA",0,"2026-03-18",0,1,0,0,0,0,0,46,0,-0.04,96.115,96.12,96.065,0,17,96.08,366,0,0,"",0
"2023-09-12","CRAH26","CRA","CRA","CRA",0,"2026-06-17",0,1,0,0,0,0,0,8,0,-0.04,96.24,96.24,96.2,0,8,96.215,128,0,0,"",0
"2023-09-13","CRAM23","CRA","CRA","CRA",0,"2023-09-20",0,1,95.025,95.03,9278,9193,0,0,0,0,0,0,0,0,0,95.0275,78119,0,0,"",0
"2023-09-13","CRAU23","CRA","CRA","CRA",0,"2023-12-20",0,1,94.91,94.915,1688,454,94.915,5166,94.91,0.005,94.91,94.915,94.905,490215,173,94.91,113040,0,0,"",0
"2023-09-13","CRAZ23","CRA","CRA","CRA",0,"2024-03-20",0,1,94.82,94.845,75,214,94.83,8428,94.84,-0.01,94.83,94.85,94.81,798547,1194,94.84,103885,0,0,"",0
"2023-09-13","CRAH24","CRA","CRA","CRA",0,"2024-06-19",0,1,94.865,94.875,86,352,94.875,5154,94.865,0.01,94.855,94.885,94.82,488379,877,94.87,87667,0,0,"",0
"2023-09-13","CRAM24","CRA","CRA","CRA",0,"2024-09-18",0,1,94.965,94.98,100,8,94.98,7970,94.965,0.015,94.955,94.995,94.9,755490,1585,94.975,59780,0,0,"",0
"2023-09-13","CRAU24","CRA","CRA","CRA",0,"2024-12-18",0,1,95.145,95.17,100,100,95.165,6881,95.14,0.025,95.125,95.185,95.065,654303,1061,95.155,63578,0,0,"",0
"2023-09-13","CRAZ24","CRA","CRA","CRA",0,"2025-03-19",0,1,95.37,95.395,100,100,95.385,4187,95.365,0.02,95.36,95.4,95.31,398874,866,95.38,36072,0,0,"",0
"2023-09-13","CRAH25","CRA","CRA","CRA",0,"2025-06-18",0,1,95.585,95.6,11,23,95.595,1321,95.57,0.025,95.56,95.615,95.505,126111,295,95.585,13079,0,0,"",0
"2023-09-13","CRAM25","CRA","CRA","CRA",0,"2025-09-17",0,1,95.745,95.775,50,35,95.785,173,95.755,0.03,95.735,95.785,95.69,16541,43,95.765,9074,0,0,"",0
"2023-09-13","CRAU25","CRA","CRA","CRA",0,"2025-12-17",0,1,95.885,95.935,50,56,95.94,459,95.925,0.015,95.875,95.945,95.87,43954,99,95.935,2533,0,0,"",0
"2023-09-13","CRAZ25","CRA","CRA","CRA",0,"2026-03-18",0,1,0,0,0,0,96.06,59,96.08,-0.02,96.015,96.06,96.015,5668,11,96.09,366,0,0,"",0
"2023-09-13","CRAH26","CRA","CRA","CRA",0,"2026-06-17",0,1,0,0,0,0,96.19,31,96.215,-0.025,96.145,96.19,96.145,2981,7,96.225,128,0,0,"",0
"2023-09-14","CRAM23","CRA","CRA","CRA",0,"2023-09-20",0,1,95.025,95.0275,9468,27,0,0,0,0,0,0,0,0,0,95.0275,78119,0,0,"",0
"2023-09-14","CRAU23","CRA","CRA","CRA",0,"2023-12-20",0,1,94.91,94.92,1232,945,0,10590,0,0,94.915,94.92,94.91,0,300,94.915,114228,0,0,"",0
"2023-09-14","CRAZ23","CRA","CRA","CRA",0,"2024-03-20",0,1,94.835,94.84,108,87,0,3836,0,0,94.83,94.86,94.815,0,620,94.84,103294,0,0,"",0
"2023-09-14","CRAH24","CRA","CRA","CRA",0,"2024-06-19",0,1,94.87,94.885,6,255,0,3762,0,0.005,94.875,94.905,94.84,0,924,94.875,87741,0,0,"",0
"2023-09-14","CRAM24","CRA","CRA","CRA",0,"2024-09-18",0,1,94.98,94.995,10,9,0,4042,0,0.015,94.99,95.025,94.945,0,1166,94.99,59365,0,0,"",0
"2023-09-14","CRAU24","CRA","CRA","CRA",0,"2024-12-18",0,1,95.145,95.175,100,100,0,3863,0,0.01,95.165,95.215,95.12,0,755,95.17,63708,0,0,"",0
"2023-09-14","CRAZ24","CRA","CRA","CRA",0,"2025-03-19",0,1,95.37,95.395,10,3,0,4743,0,0.005,95.415,95.44,95.345,0,804,95.395,36700,0,0,"",0
"2023-09-14","CRAH25","CRA","CRA","CRA",0,"2025-06-18",0,1,95.56,95.595,4,92,0,1678,0,-0.005,95.58,95.64,95.545,0,331,95.59,13442,0,0,"",0
"2023-09-14","CRAM25","CRA","CRA","CRA",0,"2025-09-17",0,1,95.715,95.765,50,21,0,243,0,0,95.75,95.81,95.72,0,52,95.76,9003,0,0,"",0
"2023-09-14","CRAU25","CRA","CRA","CRA",0,"2025-12-17",0,1,95.865,95.935,50,50,0,37,0,0.015,95.91,95.95,95.91,0,7,95.92,2530,0,0,"",0
"2023-09-14","CRAZ25","CRA","CRA","CRA",0,"2026-03-18",0,1,0,0,0,0,0,64,0,0,96.075,96.09,96.075,0,8,96.065,366,0,0,"",0
"2023-09-14","CRAH26","CRA","CRA","CRA",0,"2026-06-17",0,1,0,0,0,0,0,54,0,0,96.215,96.225,96.215,0,6,96.2,153,0,0,"",0
"2023-09-15","CRAM23","CRA","CRA","CRA",0,"2023-09-20",0,1,95.025,95.0275,9594,52,0,0,0,0,0,0,0,0,0,95.0275,78119,0,0,"",0
"2023-09-15","CRAU23","CRA","CRA","CRA",0,"2023-12-20",0,1,94.915,94.92,174,434,94.915,6932,94.915,0,94.915,94.92,94.905,657642,461,94.915,117221,0,0,"",0
"2023-09-15","CRAZ23","CRA","CRA","CRA",0,"2024-03-20",0,1,94.82,94.83,5,239,94.825,8372,94.84,-0.015,94.845,94.85,94.81,793061,1326,94.825,102731,0,0,"",0
"2023-09-15","CRAH24","CRA","CRA","CRA",0,"2024-06-19",0,1,94.835,94.855,250,250,94.835,4171,94.875,-0.04,94.855,94.885,94.825,395089,815,94.845,87958,0,0,"",0
"2023-09-15","CRAM24","CRA","CRA","CRA",0,"2024-09-18",0,1,94.945,94.96,121,1,94.955,5860,94.99,-0.035,95,95.005,94.93,555645,1067,94.95,59131,0,0,"",0
"2023-09-15","CRAU24","CRA","CRA","CRA",0,"2024-12-18",0,1,95.12,95.145,100,100,95.135,6076,95.17,-0.035,95.175,95.185,95.115,577736,1084,95.13,63401,0,0,"",0
"2023-09-15","CRAZ24","CRA","CRA","CRA",0,"2025-03-19",0,1,95.35,95.37,26,100,95.355,6181,95.395,-0.04,95.385,95.415,95.345,588917,1187,95.355,38321,0,0,"",0
"2023-09-15","CRAH25","CRA","CRA","CRA",0,"2025-06-18",0,1,95.54,95.55,3,12,95.55,2642,95.59,-0.04,95.61,95.61,95.535,252263,468,95.55,13840,0,0,"",0
"2023-09-15","CRAM25","CRA","CRA","CRA",0,"2025-09-17",0,1,95.69,95.74,50,150,95.725,2407,95.76,-0.035,95.76,95.765,95.705,230235,343,95.725,8925,0,0,"",0
"2023-09-15","CRAU25","CRA","CRA","CRA",0,"2025-12-17",0,1,95.85,95.895,50,50,95.88,499,95.92,-0.04,95.895,95.91,95.86,47793,75,95.88,2556,0,0,"",0
"2023-09-15","CRAZ25","CRA","CRA","CRA",0,"2026-03-18",0,1,96,0,20,0,96.025,202,96.065,-0.04,96.035,96.05,96,19394,21,96.025,371,0,0,"",0
"2023-09-15","CRAH26","CRA","CRA","CRA",0,"2026-06-17",0,1,0,0,0,0,96.16,57,96.2,-0.04,96.155,96.16,96.12,5479,8,96.155,204,0,0,"",0
"2023-09-18","CRAM23","CRA","CRA","CRA",0,"2023-09-20",0,1,95.025,95.03,8884,9257,95.025,19,95.0275,-0.0025,95.0275,95.0275,95.025,1805,2,95.0275,78119,0,0,"",0
"2023-09-18","CRAU23","CRA","CRA","CRA",0,"2023-12-20",0,1,94.92,94.925,415,880,94.92,11036,94.915,0.005,94.915,94.925,94.915,1047374,376,94.915,118201,0,0,"",0
"2023-09-18","CRAZ23","CRA","CRA","CRA",0,"2024-03-20",0,1,94.81,94.82,138,62,94.82,14205,94.825,-0.005,94.82,94.825,94.81,1345992,1542,94.815,101842,0,0,"",0
"2023-09-18","CRAH24","CRA","CRA","CRA",0,"2024-06-19",0,1,94.81,94.82,250,1,94.81,6270,94.845,-0.035,94.83,94.84,94.81,594120,787,94.82,86803,0,0,"",0
"2023-09-18","CRAM24","CRA","CRA","CRA",0,"2024-09-18",0,1,94.89,94.915,100,187,94.91,5093,94.95,-0.04,94.935,94.945,94.905,482226,1498,94.915,60057,0,0,"",0
"2023-09-18","CRAU24","CRA","CRA","CRA",0,"2024-12-18",0,1,95.06,95.085,101,100,95.075,4435,95.13,-0.055,95.11,95.125,95.07,421538,703,95.08,64892,0,0,"",0
"2023-09-18","CRAZ24","CRA","CRA","CRA",0,"2025-03-19",0,1,95.29,95.305,25,100,95.29,5833,95.355,-0.065,95.335,95.355,95.29,555482,1005,95.305,40794,0,0,"",0
"2023-09-18","CRAH25","CRA","CRA","CRA",0,"2025-06-18",0,1,95.48,95.505,1,4,95.485,3312,95.55,-0.065,95.53,95.535,95.485,316178,415,95.495,13509,0,0,"",0
"2023-09-18","CRAM25","CRA","CRA","CRA",0,"2025-09-17",0,1,95.64,95.685,50,5,95.66,1109,95.725,-0.065,95.7,95.71,95.66,105988,243,95.665,9129,0,0,"",0
"2023-09-18","CRAU25","CRA","CRA","CRA",0,"2025-12-17",0,1,0,0,0,0,95.825,140,95.88,-0.055,95.86,95.86,95.815,13374,57,95.82,2727,0,0,"",0
"2023-09-18","CRAZ25","CRA","CRA","CRA",0,"2026-03-18",0,1,0,0,0,0,95.96,63,96.025,-0.065,96.005,96.005,95.955,6015,35,95.965,400,0,0,"",0
"2023-09-18","CRAH26","CRA","CRA","CRA",0,"2026-06-17",0,1,0,0,0,0,96.08,8,96.155,-0.075,96.135,96.135,96.08,768,8,96.095,201,0,0,"",0
"2023-09-19","CRAM23","CRA","CRA","CRA",0,"2023-09-20",0,1,0,0,0,0,95.0275,7,95.0275,0,95.0275,95.0275,95.0275,665,1,95.0275,78109,0,0,"",0
"2023-09-19","CRAU23","CRA","CRA","CRA",0,"2023-12-20",0,1,94.87,94.875,314,6,0,14185,0,-0.04,94.92,94.925,94.855,0,795,94.875,117707,0,0,"",0
"2023-09-19","CRAZ23","CRA","CRA","CRA",0,"2024-03-20",0,1,94.72,94.73,100,1030,0,20136,0,-0.09,94.81,94.815,94.715,0,2359,94.725,106577,0,0,"",0
"2023-09-19","CRAH24","CRA","CRA","CRA",0,"2024-06-19",0,1,94.69,94.7,30,50,0,11780,0,-0.13,94.81,94.82,94.69,0,1592,94.705,87866,0,0,"",0
"2023-09-19","CRAM24","CRA","CRA","CRA",0,"2024-09-18",0,1,94.75,94.76,3,100,0,8393,0,-0.16,94.895,94.91,94.755,0,1696,94.77,61374,0,0,"",0
"2023-09-19","CRAU24","CRA","CRA","CRA",0,"2024-12-18",0,1,94.88,94.905,100,100,0,8031,0,-0.19,95.07,95.075,94.89,0,1994,94.91,66121,0,0,"",0
"2023-09-19","CRAZ24","CRA","CRA","CRA",0,"2025-03-19",0,1,95.1,95.125,100,100,0,13609,0,-0.205,95.29,95.295,95.095,0,2189,95.12,42038,0,0,"",0
"2023-09-19","CRAH25","CRA","CRA","CRA",0,"2025-06-18",0,1,95.29,95.33,2,100,0,5725,0,-0.195,95.48,95.48,95.29,0,903,95.325,14107,0,0,"",0
"2023-09-19","CRAM25","CRA","CRA","CRA",0,"2025-09-17",0,1,95.49,95.515,13,50,0,2049,0,-0.17,95.64,95.64,95.49,0,416,95.51,8806,0,0,"",0
"2023-09-19","CRAU25","CRA","CRA","CRA",0,"2025-12-17",0,1,0,95.7,0,50,0,499,0,-0.125,95.795,95.795,95.695,0,71,95.68,2700,0,0,"",0
"2023-09-19","CRAZ25","CRA","CRA","CRA",0,"2026-03-18",0,1,0,95.865,0,25,0,231,0,-0.11,95.94,95.94,95.85,0,40,95.835,405,0,0,"",0
"2023-09-19","CRAH26","CRA","CRA","CRA",0,"2026-06-17",0,1,0,0,0,0,0,89,0,-0.1,96.07,96.07,95.995,0,17,95.97,201,0,0,"",0
"2023-09-20","CRAM23","CRA","CRA","CRA",0,"2023-09-20",0,1,0,0,0,0,0,0,0,0,0,0,0,0,0,95.0276,78109,0,0,"",0
"2023-09-20","CRAU23","CRA","CRA","CRA",0,"2023-12-20",0,1,94.87,94.8725,28,129,94.87,7159,94.875,-0.005,94.88,94.885,94.86,678936,530,94.87,119647,0,0,"",0
"2023-09-20","CRAZ23","CRA","CRA","CRA",0,"2024-03-20",0,1,94.685,94.7,250,251,94.685,11261,94.725,-0.04,94.74,94.74,94.685,1065824,1551,94.71,110913,0,0,"",0
"2023-09-20","CRAH24","CRA","CRA","CRA",0,"2024-06-19",0,1,94.65,94.66,30,250,94.65,10396,94.705,-0.055,94.705,94.72,94.65,983441,1841,94.68,89159,0,0,"",0
"2023-09-20","CRAM24","CRA","CRA","CRA",0,"2024-09-18",0,1,94.695,94.715,107,5,94.695,8417,94.77,-0.075,94.77,94.785,94.695,796620,1586,94.735,63538,0,0,"",0
"2023-09-20","CRAU24","CRA","CRA","CRA",0,"2024-12-18",0,1,94.83,94.845,71,100,94.84,7674,94.91,-0.07,94.905,94.935,94.83,727213,1474,94.875,68923,0,0,"",0
"2023-09-20","CRAZ24","CRA","CRA","CRA",0,"2025-03-19",0,1,95.025,95.045,1,100,95.045,6308,95.12,-0.075,95.115,95.14,95.04,599697,847,95.085,47263,0,0,"",0
"2023-09-20","CRAH25","CRA","CRA","CRA",0,"2025-06-18",0,1,0,95.325,0,100,95.25,3829,95.325,-0.075,95.345,95.345,95.24,364613,685,95.29,14382,0,0,"",0
"2023-09-20","CRAM25","CRA","CRA","CRA",0,"2025-09-17",0,1,95.4,95.46,50,50,95.44,1414,95.51,-0.07,95.535,95.535,95.43,134902,277,95.48,8809,0,0,"",0
"2023-09-20","CRAU25","CRA","CRA","CRA",0,"2025-12-17",0,1,95.58,95.63,50,50,95.6,294,95.68,-0.08,95.65,95.705,95.6,28077,95,95.65,2723,0,0,"",0
"2023-09-20","CRAZ25","CRA","CRA","CRA",0,"2026-03-18",0,1,0,0,0,0,95.855,67,95.835,0.02,95.8,95.86,95.8,6407,17,95.81,550,0,0,"",0
"2023-09-20","CRAH26","CRA","CRA","CRA",0,"2026-06-17",0,1,0,0,0,0,95.94,4,95.97,-0.03,95.94,95.94,95.935,380,4,95.96,126,0,0,"",0
"2023-09-21","CRAU23","CRA","CRA","CRA",0,"2023-12-20",0,1,94.88,94.8825,32,505,94.88,6365,94.87,0.01,94.8675,94.8825,94.865,603699,311,94.88,118857,0,0,"",0
"2023-09-21","CRAZ23","CRA","CRA","CRA",0,"2024-03-20",0,1,94.72,94.73,63,176,94.72,15023,94.71,0.01,94.68,94.75,94.68,1421802,2015,94.715,113337,0,0,"",0
"2023-09-21","CRAH24","CRA","CRA","CRA",0,"2024-06-19",0,1,94.685,94.705,25,391,0,12840,0,0.005,94.645,94.735,94.645,0,2781,94.68,89794,0,0,"",0
"2023-09-21","CRAM24","CRA","CRA","CRA",0,"2024-09-18",0,1,94.72,94.74,255,355,94.73,12193,94.735,-0.005,94.715,94.775,94.695,1153846,2233,94.725,63441,0,0,"",0
"2023-09-21","CRAU24","CRA","CRA","CRA",0,"2024-12-18",0,1,94.85,94.865,1,100,0,5825,0,-0.015,94.855,94.905,94.81,0,1249,94.85,72041,0,0,"",0
"2023-09-21","CRAZ24","CRA","CRA","CRA",0,"2025-03-19",0,1,95.045,95.065,8,125,0,4713,0,-0.025,95.035,95.095,95,0,807,95.045,48210,0,0,"",0
"2023-09-21","CRAH25","CRA","CRA","CRA",0,"2025-06-18",0,1,95.24,95.265,100,100,0,2114,0,-0.035,95.235,95.28,95.19,0,461,95.24,14770,0,0,"",0
"2023-09-21","CRAM25","CRA","CRA","CRA",0,"2025-09-17",0,1,95.425,95.445,12,100,0,1101,0,-0.05,95.445,95.46,95.38,0,144,95.43,8837,0,0,"",0
"2023-09-21","CRAU25","CRA","CRA","CRA",0,"2025-12-17",0,1,95.575,95.625,50,50,0,101,0,-0.045,95.62,95.62,95.58,0,21,95.6,2855,0,0,"",0
"2023-09-21","CRAZ25","CRA","CRA","CRA",0,"2026-03-18",0,1,0,95.785,0,50,0,15,0,-0.065,95.74,95.745,95.74,0,5,95.76,543,0,0,"",0
"2023-09-21","CRAH26","CRA","CRA","CRA",0,"2026-06-17",0,1,0,0,0,0,0,57,0,-0.09,95.89,95.905,95.86,0,9,95.91,124,0,0,"",0
"2023-09-21","CRAM26","CRA","CRA","CRA",0,"2026-09-16",0,1,95.95,0,1,0,0,53,0,-0.01,96.02,96.02,95.99,0,5,96.04,0,0,0,"",0
"2023-09-22","CRAU23","CRA","CRA","CRA",0,"2023-12-20",0,1,94.89,94.8925,5,121,94.8925,4438,94.88,0.0125,94.8825,94.8975,94.88,420963,231,94.89,119381,0,0,"",0
"2023-09-22","CRAZ23","CRA","CRA","CRA",0,"2024-03-20",0,1,94.725,94.735,10,38,94.735,9626,94.715,0.02,94.73,94.765,94.7,911477,889,94.74,115114,0,0,"",0
"2023-09-22","CRAH24","CRA","CRA","CRA",0,"2024-06-19",0,1,94.69,94.765,5,1,94.71,8120,94.68,0.03,94.68,94.745,94.67,768462,1152,94.71,94078,0,0,"",0
"2023-09-22","CRAM24","CRA","CRA","CRA",0,"2024-09-18",0,1,94.745,94.77,250,10,94.77,4361,94.725,0.045,94.725,94.8,94.715,412802,802,94.76,65045,0,0,"",0
"2023-09-22","CRAU24","CRA","CRA","CRA",0,"2024-12-18",0,1,94.885,94.92,100,100,94.915,2822,94.85,0.065,94.86,94.945,94.845,267239,759,94.895,73025,0,0,"",0
"2023-09-22","CRAZ24","CRA","CRA","CRA",0,"2025-03-19",0,1,95.105,95.13,100,100,95.11,6529,95.045,0.065,95.035,95.15,95.035,620709,916,95.105,48342,0,0,"",0
"2023-09-22","CRAH25","CRA","CRA","CRA",0,"2025-06-18",0,1,95.305,95.325,100,4,95.315,2691,95.24,0.075,95.225,95.34,95.225,256316,331,95.3,14928,0,0,"",0
"2023-09-22","CRAM25","CRA","CRA","CRA",0,"2025-09-17",0,1,95.495,95.515,6,100,95.495,2619,95.43,0.065,95.425,95.515,95.425,249893,358,95.48,8379,0,0,"",0
"2023-09-22","CRAU25","CRA","CRA","CRA",0,"2025-12-17",0,1,95.64,95.69,50,2,95.65,258,95.6,0.05,95.595,95.69,95.595,24635,72,95.65,2908,0,0,"",0
"2023-09-22","CRAZ25","CRA","CRA","CRA",0,"2026-03-18",0,1,95.795,95.845,50,50,95.82,202,95.76,0.06,95.82,95.82,95.82,19353,7,95.81,557,0,0,"",0
"2023-09-22","CRAH26","CRA","CRA","CRA",0,"2026-06-17",0,1,0,0,0,0,95.97,2,95.91,0.06,95.97,95.97,95.97,190,2,95.96,88,0,0,"",0
"2023-09-22","CRAM26","CRA","CRA","CRA",0,"2026-09-16",0,1,0,0,0,0,0,0,0,0,0,0,0,0,0,96.09,53,0,0,"",0
"2023-09-25","CRAU23","CRA","CRA","CRA",0,"2023-12-20",0,1,94.88,94.8825,361,89,0,3868,0,-0.01,94.8875,94.8875,94.88,0,133,94.8825,118712,0,0,"",0
"2023-09-25","CRAZ23","CRA","CRA","CRA",0,"2024-03-20",0,1,94.72,94.725,73,26,94.725,5067,94.74,-0.015,94.72,94.735,94.715,479773,390,94.73,117360,0,0,"",0
"2023-09-25","CRAH24","CRA","CRA","CRA",0,"2024-06-19",0,1,94.69,94.7,167,60,0,3295,0,-0.015,94.695,94.715,94.68,0,469,94.695,95406,0,0,"",0
"2023-09-25","CRAM24","CRA","CRA","CRA",0,"2024-09-18",0,1,94.74,94.755,250,30,94.755,3342,94.76,-0.005,94.745,94.775,94.735,316389,569,94.75,64359,0,0,"",0
"2023-09-25","CRAU24","CRA","CRA","CRA",0,"2024-12-18",0,1,94.87,94.885,100,75,0,2074,0,-0.01,94.89,94.915,94.875,0,435,94.885,73621,0,0,"",0
"2023-09-25","CRAZ24","CRA","CRA","CRA",0,"2025-03-19",0,1,95.075,95.09,30,21,0,4916,0,-0.02,95.1,95.115,95.075,0,867,95.08,49804,0,0,"",0
"2023-09-25","CRAH25","CRA","CRA","CRA",0,"2025-06-18",0,1,95.26,95.275,25,52,0,3626,0,-0.025,95.285,95.305,95.265,0,523,95.27,15526,0,0,"",0
"2023-09-25","CRAM25","CRA","CRA","CRA",0,"2025-09-17",0,1,95.44,95.45,30,100,0,932,0,-0.035,95.485,95.485,95.435,0,126,95.45,10115,0,0,"",0
"2023-09-25","CRAU25","CRA","CRA","CRA",0,"2025-12-17",0,1,95.605,95.64,19,50,0,40,0,-0.045,95.625,95.64,95.605,0,28,95.62,2914,0,0,"",0
"2023-09-25","CRAZ25","CRA","CRA","CRA",0,"2026-03-18",0,1,95.74,95.79,50,50,0,51,0,-0.04,95.77,95.77,95.77,0,3,95.78,757,0,0,"",0
"2023-09-25","CRAH26","CRA","CRA","CRA",0,"2026-06-17",0,1,0,0,0,0,0,26,0,-0.045,95.915,95.915,95.915,0,2,95.92,89,0,0,"",0
"2023-09-25","CRAM26","CRA","CRA","CRA",0,"2026-09-16",0,1,0,0,0,0,0,0,0,0,0,0,0,0,0,96.045,53,0,0,"",0
"2023-09-26","CRAU23","CRA","CRA","CRA",0,"2023-12-20",0,1,94.8825,94.885,250,13,0,4650,0,0.0025,94.885,94.8875,94.875,0,103,94.8825,118218,0,0,"",0
"2023-09-26","CRAZ23","CRA","CRA","CRA",0,"2024-03-20",0,1,94.73,94.74,175,200,0,6271,0,0.005,94.73,94.74,94.72,0,531,94.73,116140,0,0,"",0
"2023-09-26","CRAH24","CRA","CRA","CRA",0,"2024-06-19",0,1,94.695,94.7,11,107,0,6622,0,0,94.695,94.715,94.68,0,720,94.695,96712,0,0,"",0
"2023-09-26","CRAM24","CRA","CRA","CRA",0,"2024-09-18",0,1,94.76,94.77,11,60,0,3912,0,0.01,94.755,94.775,94.735,0,623,94.75,64667,0,0,"",0
"2023-09-26","CRAU24","CRA","CRA","CRA",0,"2024-12-18",0,1,94.885,94.91,101,100,0,4150,0,0.005,94.875,94.91,94.87,0,904,94.885,74262,0,0,"",0
"2023-09-26","CRAZ24","CRA","CRA","CRA",0,"2025-03-19",0,1,95.08,95.105,100,100,0,5476,0,0.005,95.06,95.115,95.06,0,1166,95.08,50574,0,0,"",0
"2023-09-26","CRAH25","CRA","CRA","CRA",0,"2025-06-18",0,1,95.27,95.275,100,4,0,4035,0,0.005,95.25,95.31,95.25,0,755,95.27,16858,0,0,"",0
"2023-09-26","CRAM25","CRA","CRA","CRA",0,"2025-09-17",0,1,95.44,95.475,100,100,0,918,0,0.005,95.42,95.485,95.42,0,100,95.45,10335,0,0,"",0
"2023-09-26","CRAU25","CRA","CRA","CRA",0,"2025-12-17",0,1,95.62,95.655,9,50,0,255,0,0,95.615,95.65,95.615,0,71,95.62,2921,0,0,"",0
"2023-09-26","CRAZ25","CRA","CRA","CRA",0,"2026-03-18",0,1,95.755,95.805,50,50,0,81,0,0.005,95.805,95.805,95.775,0,20,95.78,706,0,0,"",0
"2023-09-26","CRAH26","CRA","CRA","CRA",0,"2026-06-17",0,1,0,0,0,0,0,173,0,-0.005,95.945,95.945,95.91,0,23,95.91,114,0,0,"",0
"2023-09-26","CRAM26","CRA","CRA","CRA",0,"2026-09-16",0,1,0,0,0,0,0,99,0,-0.025,96.02,96.02,96.02,0,9,96.02,53,0,0,"",0
"2023-09-27","CRAU23","CRA","CRA","CRA",0,"2023-12-20",0,1,94.875,94.88,709,445,0,5323,0,-0.0075,94.8875,94.89,94.875,0,162,94.8775,117449,0,0,"",0
"2023-09-27","CRAZ23","CRA","CRA","CRA",0,"2024-03-20",0,1,94.73,94.735,225,19,0,12090,0,0,94.75,94.765,94.725,0,1000,94.73,118018,0,0,"",0
"2023-09-27","CRAH24","CRA","CRA","CRA",0,"2024-06-19",0,1,94.68,94.695,5,30,0,7491,0,-0.01,94.72,94.725,94.675,0,1209,94.69,97173,0,0,"",0
"2023-09-27","CRAM24","CRA","CRA","CRA",0,"2024-09-18",0,1,94.72,94.735,90,259,0,5921,0,-0.025,94.775,94.785,94.705,0,757,94.73,64996,0,0,"",0
"2023-09-27","CRAU24","CRA","CRA","CRA",0,"2024-12-18",0,1,94.84,94.85,50,27,0,4615,0,-0.035,94.91,94.93,94.82,0,725,94.845,75230,0,0,"",0
"2023-09-27","CRAZ24","CRA","CRA","CRA",0,"2025-03-19",0,1,95.03,95.05,1,100,0,4875,0,-0.045,95.1,95.135,95.01,0,702,95.035,51748,0,0,"",0
"2023-09-27","CRAH25","CRA","CRA","CRA",0,"2025-06-18",0,1,95.21,95.23,1,100,0,3532,0,-0.04,95.31,95.33,95.2,0,385,95.225,18909,0,0,"",0
"2023-09-27","CRAM25","CRA","CRA","CRA",0,"2025-09-17",0,1,0,0,0,0,0,1305,0,-0.045,95.5,95.515,95.39,0,181,95.405,10040,0,0,"",0
"2023-09-27","CRAU25","CRA","CRA","CRA",0,"2025-12-17",0,1,95.535,95.595,50,50,0,382,0,-0.055,95.685,95.69,95.56,0,92,95.575,3038,0,0,"",0
"2023-09-27","CRAZ25","CRA","CRA","CRA",0,"2026-03-18",0,1,95.695,95.745,50,50,0,97,0,-0.01,95.85,95.85,95.77,0,10,95.73,758,0,0,"",0
"2023-09-27","CRAH26","CRA","CRA","CRA",0,"2026-06-17",0,1,0,0,0,0,0,97,0,-0.01,95.98,95.98,95.9,0,10,95.86,144,0,0,"",0
"2023-09-27","CRAM26","CRA","CRA","CRA",0,"2026-09-16",0,1,0,0,0,0,0,0,0,0,0,0,0,0,0,95.97,147,0,0,"",0
"2023-09-28","CRAU23","CRA","CRA","CRA",0,"2023-12-20",0,1,94.8875,94.89,32,5,0,3957,0,0.01,94.8775,94.89,94.875,0,123,94.8875,117617,0,0,"",0
"2023-09-28","CRAZ23","CRA","CRA","CRA",0,"2024-03-20",0,1,94.755,94.76,65,13,0,7210,0,0.03,94.745,94.765,94.725,0,598,94.76,121298,0,0,"",0
"2023-09-28","CRAH24","CRA","CRA","CRA",0,"2024-06-19",0,1,94.715,94.73,145,47,0,8514,0,0.03,94.685,94.73,94.675,0,916,94.72,99715,0,0,"",0
"2023-09-28","CRAM24","CRA","CRA","CRA",0,"2024-09-18",0,1,94.755,94.775,500,10,0,5916,0,0.04,94.725,94.785,94.705,0,946,94.765,64612,0,0,"",0
"2023-09-28","CRAU24","CRA","CRA","CRA",0,"2024-12-18",0,1,94.88,94.905,100,57,0,5661,0,0.055,94.86,94.91,94.81,0,1090,94.89,75524,0,0,"",0
"2023-09-28","CRAZ24","CRA","CRA","CRA",0,"2025-03-19",0,1,95.09,95.105,4,78,0,3853,0,0.06,95.04,95.105,94.995,0,658,95.085,52478,0,0,"",0
"2023-09-28","CRAH25","CRA","CRA","CRA",0,"2025-06-18",0,1,95.275,95.295,27,344,0,2624,0,0.06,95.23,95.3,95.19,0,452,95.28,20385,0,0,"",0
"2023-09-28","CRAM25","CRA","CRA","CRA",0,"2025-09-17",0,1,95.445,95.47,25,4,0,947,0,0.06,95.405,95.48,95.37,0,158,95.46,10774,0,0,"",0
"2023-09-28","CRAU25","CRA","CRA","CRA",0,"2025-12-17",0,1,95.59,95.64,50,50,0,687,0,0.04,95.585,95.635,95.535,0,108,95.625,3180,0,0,"",0
"2023-09-28","CRAZ25","CRA","CRA","CRA",0,"2026-03-18",0,1,95.735,95.785,50,50,0,488,0,0.05,95.685,95.78,95.685,0,44,95.775,806,0,0,"",0
"2023-09-28","CRAH26","CRA","CRA","CRA",0,"2026-06-17",0,1,0,0,0,0,0,41,0,0.03,95.8,95.89,95.8,0,12,95.89,98,0,0,"",0
"2023-09-28","CRAM26","CRA","CRA","CRA",0,"2026-09-16",0,1,0,0,0,0,0,0,0,0,0,0,0,0,0,95.995,147,0,0,"",0
"2023-09-29","CRAU23","CRA","CRA","CRA",0,"2023-12-20",0,1,94.9025,94.905,194,507,0,3893,0,0.0175,94.885,94.905,94.885,0,114,94.9025,113774,0,0,"",0
"2023-09-29","CRAZ23","CRA","CRA","CRA",0,"2024-03-20",0,1,94.795,94.805,319,54,0,5801,0,0.045,94.76,94.805,94.74,0,558,94.795,121195,0,0,"",0
"2023-09-29","CRAH24","CRA","CRA","CRA",0,"2024-06-19",0,1,94.775,94.78,12,1,0,6253,0,0.055,94.725,94.78,94.705,0,893,94.765,99610,0,0,"",0
"2023-09-29","CRAM24","CRA","CRA","CRA",0,"2024-09-18",0,1,94.825,94.83,3,3,0,5331,0,0.065,94.77,94.84,94.76,0,948,94.81,64599,0,0,"",0
"2023-09-29","CRAU24","CRA","CRA","CRA",0,"2024-12-18",0,1,94.95,94.955,3,3,0,5761,0,0.06,94.9,94.98,94.895,0,980,94.94,76764,0,0,"",0
"2023-09-29","CRAZ24","CRA","CRA","CRA",0,"2025-03-19",0,1,95.14,95.145,6,50,0,5878,0,0.055,95.09,95.18,95.09,0,841,95.135,52549,0,0,"",0
"2023-09-29","CRAH25","CRA","CRA","CRA",0,"2025-06-18",0,1,95.335,95.34,2,50,0,3143,0,0.055,95.28,95.37,95.28,0,591,95.33,20854,0,0,"",0
"2023-09-29","CRAM25","CRA","CRA","CRA",0,"2025-09-17",0,1,95.505,95.515,3,2,0,1723,0,0.055,95.47,95.55,95.47,0,275,95.51,10997,0,0,"",0
"2023-09-29","CRAU25","CRA","CRA","CRA",0,"2025-12-17",0,1,95.67,95.69,1,2,0,155,0,0.055,95.695,95.695,95.67,0,41,95.675,2923,0,0,"",0
"2023-09-29","CRAZ25","CRA","CRA","CRA",0,"2026-03-18",0,1,95.8,95.845,50,50,0,29,0,0.045,95.845,95.845,95.82,0,5,95.825,1267,0,0,"",0
"2023-09-29","CRAH26","CRA","CRA","CRA",0,"2026-06-17",0,1,95.905,95.975,50,50,0,54,0,0.05,95.965,95.965,95.94,0,6,95.94,96,0,0,"",0
"2023-09-29","CRAM26","CRA","CRA","CRA",0,"2026-09-16",0,1,95.965,96.105,50,50,0,25,0,0,0,0,0,0,1,96.045,147,0,0,"",0
"2023-10-03","CRAU23","CRA","CRA","CRA",0,"2023-12-20",0,1,94.89,94.895,399,305,94.8925,5290,94.9025,-0.01,94.905,94.905,94.89,501853,212,94.8925,113210,0,0,"",0
"2023-10-03","CRAZ23","CRA","CRA","CRA",0,"2024-03-20",0,1,94.745,94.76,301,45,0,13202,0,-0.035,94.785,94.8,94.745,0,1467,94.76,120633,0,0,"",0
"2023-10-03","CRAH24","CRA","CRA","CRA",0,"2024-06-19",0,1,94.69,94.71,250,6,0,16620,0,-0.06,94.765,94.765,94.695,0,3542,94.705,100315,0,0,"",0
"2023-10-03","CRAM24","CRA","CRA","CRA",0,"2024-09-18",0,1,94.725,94.745,250,250,0,13662,0,-0.08,94.81,94.81,94.71,0,2540,94.725,64629,0,0,"",0
"2023-10-03","CRAU24","CRA","CRA","CRA",0,"2024-12-18",0,1,94.84,94.855,2,3,0,25409,0,-0.095,94.945,94.945,94.815,0,3865,94.835,77071,0,0,"",0
"2023-10-03","CRAZ24","CRA","CRA","CRA",0,"2025-03-19",0,1,95.015,95.035,100,8,0,26998,0,-0.115,95.1,95.1,95,0,3524,95.02,52075,0,0,"",0
"2023-10-03","CRAH25","CRA","CRA","CRA",0,"2025-06-18",0,1,95.185,95.205,100,3,0,7295,0,-0.125,95.285,95.29,95.175,0,1354,95.195,22092,0,0,"",0
"2023-10-03","CRAM25","CRA","CRA","CRA",0,"2025-09-17",0,1,0,95.375,0,84,0,3962,0,-0.14,95.445,95.445,95.335,0,873,95.36,11242,0,0,"",0
"2023-10-03","CRAU25","CRA","CRA","CRA",0,"2025-12-17",0,1,95.49,95.54,50,50,0,496,0,-0.14,95.555,95.57,95.495,0,156,95.52,2869,0,0,"",0
"2023-10-03","CRAZ25","CRA","CRA","CRA",0,"2026-03-18",0,1,0,0,0,0,0,74,0,-0.135,95.7,95.7,95.655,0,41,95.67,1292,0,0,"",0
"2023-10-03","CRAH26","CRA","CRA","CRA",0,"2026-06-17",0,1,0,0,0,0,0,68,0,-0.13,95.76,95.81,95.76,0,39,95.785,146,0,0,"",0
"2023-10-03","CRAM26","CRA","CRA","CRA",0,"2026-09-16",0,1,0,0,0,0,0,6,0,-0.155,95.89,95.89,95.89,0,2,95.88,152,0,0,"",0
"2023-10-04","CRAU23","CRA","CRA","CRA",0,"2023-12-20",0,1,94.9025,94.905,100,262,0,4363,0,0.0125,94.89,94.905,94.8875,0,396,94.905,112442,0,0,"",0
"2023-10-04","CRAZ23","CRA","CRA","CRA",0,"2024-03-20",0,1,94.79,94.8,117,99,0,9345,0,0.04,94.745,94.81,94.74,0,872,94.8,120570,0,0,"",0
"2023-10-04","CRAH24","CRA","CRA","CRA",0,"2024-06-19",0,1,94.775,94.78,25,14,0,9201,0,0.075,94.695,94.785,94.685,0,1188,94.775,106106,0,0,"",0
"2023-10-04","CRAM24","CRA","CRA","CRA",0,"2024-09-18",0,1,94.815,94.82,3,50,0,8357,0,0.09,94.72,94.825,94.705,0,1260,94.805,68140,0,0,"",0
"2023-10-04","CRAU24","CRA","CRA","CRA",0,"2024-12-18",0,1,94.925,94.93,2,50,0,5010,0,0.085,94.84,94.945,94.815,0,1125,94.915,79270,0,0,"",0
"2023-10-04","CRAZ24","CRA","CRA","CRA",0,"2025-03-19",0,1,95.1,95.105,1,33,0,6637,0,0.085,95.02,95.125,94.995,0,1055,95.095,52644,0,0,"",0
"2023-10-04","CRAH25","CRA","CRA","CRA",0,"2025-06-18",0,1,95.27,95.28,1,100,0,3471,0,0.075,95.18,95.3,95.175,0,742,95.265,24448,0,0,"",0
"2023-10-04","CRAM25","CRA","CRA","CRA",0,"2025-09-17",0,1,95.42,0,15,0,0,1967,0,0.065,95.345,95.455,95.345,0,291,95.425,12069,0,0,"",0
"2023-10-04","CRAU25","CRA","CRA","CRA",0,"2025-12-17",0,1,95.57,95.625,7,50,0,1040,0,0.055,95.52,95.615,95.515,0,106,95.575,2903,0,0,"",0
"2023-10-04","CRAZ25","CRA","CRA","CRA",0,"2026-03-18",0,1,95.715,0,4,0,0,613,0,0.045,95.7,95.715,95.7,0,37,95.715,1319,0,0,"",0
"2023-10-04","CRAH26","CRA","CRA","CRA",0,"2026-06-17",0,1,0,0,0,0,0,100,0,0.045,95.83,95.83,95.83,0,7,95.825,164,0,0,"",0
"2023-10-04","CRAM26","CRA","CRA","CRA",0,"2026-09-16",0,1,0,0,0,0,0,0,0,0,0,0,0,0,0,95.92,158,0,0,"",0
"2023-10-05","CRAU23","CRA","CRA","CRA",0,"2023-12-20",0,1,94.9075,94.91,173,155,94.9075,6539,94.905,0.0025,94.91,94.915,94.9025,620532,148,94.9125,111288,0,0,"",0
"2023-10-05","CRAZ23","CRA","CRA","CRA",0,"2024-03-20",0,1,94.815,94.82,2,169,94.82,9887,94.8,0.02,94.805,94.82,94.795,937071,687,94.82,119336,0,0,"",0
"2023-10-05","CRAH24","CRA","CRA","CRA",0,"2024-06-19",0,1,94.8,94.81,145,152,94.805,13604,94.775,0.03,94.78,94.81,94.76,1288942,1229,94.805,106154,0,0,"",0
"2023-10-05","CRAM24","CRA","CRA","CRA",0,"2024-09-18",0,1,94.84,94.855,50,250,94.84,6437,94.805,0.035,94.815,94.855,94.795,609888,979,94.855,70333,0,0,"",0
"2023-10-05","CRAU24","CRA","CRA","CRA",0,"2024-12-18",0,1,94.955,94.965,9,105,94.96,5843,94.915,0.045,94.925,94.975,94.905,553676,1333,94.965,78392,0,0,"",0
"2023-10-05","CRAZ24","CRA","CRA","CRA",0,"2025-03-19",0,1,95.145,95.15,10,32,95.15,9103,95.095,0.055,95.1,95.155,95.08,865686,1128,95.145,52353,0,0,"",0
"2023-10-05","CRAH25","CRA","CRA","CRA",0,"2025-06-18",0,1,95.3,95.325,100,100,95.32,3046,95.265,0.055,95.295,95.325,95.24,289991,573,95.31,25061,0,0,"",0
"2023-10-05","CRAM25","CRA","CRA","CRA",0,"2025-09-17",0,1,95.48,95.495,8,100,95.48,1273,95.425,0.055,95.42,95.485,95.405,121330,302,95.465,12377,0,0,"",0
"2023-10-05","CRAU25","CRA","CRA","CRA",0,"2025-12-17",0,1,95.62,95.665,24,51,95.625,2002,95.575,0.05,95.595,95.625,95.585,191217,344,95.61,2934,0,0,"",0
"2023-10-05","CRAZ25","CRA","CRA","CRA",0,"2026-03-18",0,1,0,0,0,0,95.75,171,95.715,0.035,95.755,95.76,95.715,16360,21,95.745,1930,0,0,"",0
"2023-10-05","CRAH26","CRA","CRA","CRA",0,"2026-06-17",0,1,0,0,0,0,95.875,103,95.825,0.05,95.83,95.875,95.83,9866,9,95.855,261,0,0,"",0
"2023-10-05","CRAM26","CRA","CRA","CRA",0,"2026-09-16",0,1,0,0,0,0,95.965,68,95.92,0.045,95.91,95.965,95.91,6520,6,95.94,152,0,0,"",0
"2023-10-06","CRAU23","CRA","CRA","CRA",0,"2023-12-20",0,1,94.8875,94.89,50,225,0,8294,0,-0.025,94.9075,94.92,94.8675,0,396,94.8875,108954,0,0,"",0
"2023-10-06","CRAZ23","CRA","CRA","CRA",0,"2024-03-20",0,1,94.77,94.775,204,679,0,16250,0,-0.05,94.815,94.825,94.75,0,1342,94.775,120590,0,0,"",0
"2023-10-06","CRAH24","CRA","CRA","CRA",0,"2024-06-19",0,1,94.745,94.755,2,4,0,13571,0,-0.06,94.8,94.81,94.7,0,1893,94.75,107886,0,0,"",0
"2023-10-06","CRAM24","CRA","CRA","CRA",0,"2024-09-18",0,1,94.785,94.805,77,10,0,7703,0,-0.07,94.85,94.85,94.73,0,1456,94.795,70056,0,0,"",0
"2023-10-06","CRAU24","CRA","CRA","CRA",0,"2024-12-18",0,1,94.89,94.895,3,102,0,7769,0,-0.07,94.955,94.965,94.83,0,1787,94.9,77766,0,0,"",0
"2023-10-06","CRAZ24","CRA","CRA","CRA",0,"2025-03-19",0,1,95.065,95.075,17,100,0,16529,0,-0.075,95.16,95.16,95,0,2126,95.08,52566,0,0,"",0
"2023-10-06","CRAH25","CRA","CRA","CRA",0,"2025-06-18",0,1,95.245,95.255,4,2,0,4732,0,-0.045,95.33,95.33,95.175,0,896,95.255,24085,0,0,"",0
"2023-10-06","CRAM25","CRA","CRA","CRA",0,"2025-09-17",0,1,95.415,95.43,5,100,0,734,0,-0.04,95.49,95.49,95.33,0,152,95.42,11880,0,0,"",0
"2023-10-06","CRAU25","CRA","CRA","CRA",0,"2025-12-17",0,1,95.56,95.58,16,1,0,170,0,-0.03,95.635,95.635,95.485,0,34,95.575,3735,0,0,"",0
"2023-10-06","CRAZ25","CRA","CRA","CRA",0,"2026-03-18",0,1,95.705,95.74,12,2,0,178,0,-0.02,95.725,95.725,95.69,0,25,95.72,2055,0,0,"",0
"2023-10-06","CRAH26","CRA","CRA","CRA",0,"2026-06-17",0,1,95.805,95.87,59,1,0,138,0,-0.015,95.845,95.85,95.805,0,29,95.835,326,0,0,"",0
"2023-10-06","CRAM26","CRA","CRA","CRA",0,"2026-09-16",0,1,95.87,95.975,1,1,0,60,0,0.005,95.91,95.95,95.91,0,12,95.925,197,0,0,"",0
"2023-10-10","CRAU23","CRA","CRA","CRA",0,"2023-12-20",0,1,94.91,94.9125,15,260,0,5373,0,0.0225,94.925,94.93,94.905,0,451,94.9125,109971,0,0,"",0
"2023-10-10","CRAZ23","CRA","CRA","CRA",0,"2024-03-20",0,1,94.825,94.83,71,15,0,16699,0,0.05,94.815,94.845,94.79,0,1454,94.835,120065,0,0,"",0
"2023-10-10","CRAH24","CRA","CRA","CRA",0,"2024-06-19",0,1,94.82,94.845,5,250,0,11449,0,0.075,94.8,94.845,94.77,0,1703,94.835,108200,0,0,"",0
"2023-10-10","CRAM24","CRA","CRA","CRA",0,"2024-09-18",0,1,94.895,94.9,87,44,0,8757,0,0.1,94.875,94.915,94.82,0,1413,94.9,70304,0,0,"",0
"2023-10-10","CRAU24","CRA","CRA","CRA",0,"2024-12-18",0,1,95.015,95.04,100,100,0,7614,0,0.12,94.975,95.05,94.93,0,1652,95.03,77795,0,0,"",0
"2023-10-10","CRAZ24","CRA","CRA","CRA",0,"2025-03-19",0,1,95.21,95.235,100,105,0,11780,0,0.145,95.17,95.25,95.125,0,1609,95.23,54940,0,0,"",0
"2023-10-10","CRAH25","CRA","CRA","CRA",0,"2025-06-18",0,1,95.405,95.43,100,100,0,3393,0,0.16,95.36,95.44,95.305,0,708,95.425,24443,0,0,"",0
"2023-10-10","CRAM25","CRA","CRA","CRA",0,"2025-09-17",0,1,95.595,95.62,10,100,0,2252,0,0.185,95.52,95.615,95.48,0,362,95.6,11772,0,0,"",0
"2023-10-10","CRAU25","CRA","CRA","CRA",0,"2025-12-17",0,1,95.76,95.77,20,48,0,335,0,0.195,95.66,95.775,95.66,0,75,95.76,3751,0,0,"",0
"2023-10-10","CRAZ25","CRA","CRA","CRA",0,"2026-03-18",0,1,95.88,95.93,50,50,0,208,0,0.185,95.815,95.905,95.815,0,40,95.905,2146,0,0,"",0
"2023-10-10","CRAH26","CRA","CRA","CRA",0,"2026-06-17",0,1,0,0,0,0,0,45,0,0.18,95.93,96.015,95.93,0,27,96.02,269,0,0,"",0
"2023-10-10","CRAM26","CRA","CRA","CRA",0,"2026-09-16",0,1,0,0,0,0,0,15,0,0.195,96.025,96.12,96.025,0,15,96.115,168,0,0,"",0
"2023-10-11","CRAU23","CRA","CRA","CRA",0,"2023-12-20",0,1,94.91,94.9125,2,163,0,3670,0,0,94.92,94.92,94.9075,0,93,94.91,110117,0,0,"",0
"2023-10-11","CRAZ23","CRA","CRA","CRA",0,"2024-03-20",0,1,94.825,94.83,124,13,0,13070,0,-0.005,94.82,94.845,94.82,0,652,94.825,121884,0,0,"",0
"2023-10-11","CRAH24","CRA","CRA","CRA",0,"2024-06-19",0,1,94.825,94.84,50,5,0,8497,0,-0.015,94.845,94.85,94.81,0,1108,94.825,108752,0,0,"",0
"2023-10-11","CRAM24","CRA","CRA","CRA",0,"2024-09-18",0,1,94.85,94.89,200,25,0,7610,0,-0.02,94.91,94.92,94.87,0,1078,94.885,73134,0,0,"",0
"2023-10-11","CRAU24","CRA","CRA","CRA",0,"2024-12-18",0,1,94.85,95.015,5,7,0,7855,0,-0.02,95.01,95.06,94.995,0,1427,95.005,76562,0,0,"",0
"2023-10-11","CRAZ24","CRA","CRA","CRA",0,"2025-03-19",0,1,95.2,95.22,4,25,0,7415,0,-0.02,95.215,95.255,95.19,0,1250,95.205,56231,0,0,"",0
"2023-10-11","CRAH25","CRA","CRA","CRA",0,"2025-06-18",0,1,95.4,0,55,0,0,3929,0,-0.02,95.42,95.455,95.39,0,761,95.405,24885,0,0,"",0
"2023-10-11","CRAM25","CRA","CRA","CRA",0,"2025-09-17",0,1,95.585,95.635,57,40,0,1330,0,0,95.6,95.635,95.575,0,260,95.59,12117,0,0,"",0
"2023-10-11","CRAU25","CRA","CRA","CRA",0,"2025-12-17",0,1,0,0,0,0,0,147,0,0,95.805,95.805,95.755,0,12,95.76,3890,0,0,"",0
"2023-10-11","CRAZ25","CRA","CRA","CRA",0,"2026-03-18",0,1,0,0,0,0,0,131,0,0,0,0,0,0,4,95.91,2171,0,0,"",0
"2023-10-11","CRAH26","CRA","CRA","CRA",0,"2026-06-17",0,1,0,0,0,0,0,28,0,0,0,0,0,0,2,96.03,283,0,0,"",0
"2023-10-11","CRAM26","CRA","CRA","CRA",0,"2026-09-16",0,1,0,0,0,0,0,0,0,0,0,0,0,0,0,96.14,169,0,0,"",0
"2023-10-12","CRAU23","CRA","CRA","CRA",0,"2023-12-20",0,1,94.8975,94.9,218,985,0,5533,0,-0.0125,94.91,94.91,94.8975,0,131,94.9025,110339,0,0,"",0
"2023-10-12","CRAZ23","CRA","CRA","CRA",0,"2024-03-20",0,1,94.8,94.815,98,370,0,6862,0,-0.015,94.825,94.825,94.78,0,512,94.805,120722,0,0,"",0
"2023-10-12","CRAH24","CRA","CRA","CRA",0,"2024-06-19",0,1,94.79,94.8,28,5,0,6929,0,-0.025,94.805,94.81,94.76,0,1080,94.795,109463,0,0,"",0
"2023-10-12","CRAM24","CRA","CRA","CRA",0,"2024-09-18",0,1,94.84,94.85,255,2,0,13052,0,-0.04,94.865,94.89,94.81,0,1474,94.85,73198,0,0,"",0
"2023-10-12","CRAU24","CRA","CRA","CRA",0,"2024-12-18",0,1,94.96,94.97,18,106,0,9084,0,-0.035,94.99,94.995,94.925,0,1399,94.96,74289,0,0,"",0
"2023-10-12","CRAZ24","CRA","CRA","CRA",0,"2025-03-19",0,1,95.145,95.155,100,6,0,8290,0,-0.055,95.22,95.22,95.12,0,1227,95.15,53878,0,0,"",0
"2023-10-12","CRAH25","CRA","CRA","CRA",0,"2025-06-18",0,1,95.345,95.355,25,100,0,4543,0,-0.06,95.395,95.405,95.31,0,901,95.345,25198,0,0,"",0
"2023-10-12","CRAM25","CRA","CRA","CRA",0,"2025-09-17",0,1,95.525,95.55,8,100,0,950,0,-0.065,95.575,95.59,95.5,0,191,95.53,11985,0,0,"",0
"2023-10-12","CRAU25","CRA","CRA","CRA",0,"2025-12-17",0,1,95.685,95.695,13,9,0,1030,0,-0.065,95.725,95.725,95.68,0,141,95.7,3996,0,0,"",0
"2023-10-12","CRAZ25","CRA","CRA","CRA",0,"2026-03-18",0,1,95.815,95.86,50,2,0,578,0,-0.055,95.865,95.87,95.84,0,43,95.855,2296,0,0,"",0
"2023-10-12","CRAH26","CRA","CRA","CRA",0,"2026-06-17",0,1,0,0,0,0,0,103,0,-0.055,95.975,95.975,95.975,0,13,95.975,308,0,0,"",0
"2023-10-12","CRAM26","CRA","CRA","CRA",0,"2026-09-16",0,1,0,0,0,0,0,22,0,-0.06,96.08,96.08,96.08,0,3,96.085,169,0,0,"",0
"2023-10-13","CRAU23","CRA","CRA","CRA",0,"2023-12-20",0,1,94.89,94.8925,50,80,0,6092,0,-0.0125,94.9025,94.9075,94.885,0,166,94.8925,109616,0,0,"",0
"2023-10-13","CRAZ23","CRA","CRA","CRA",0,"2024-03-20",0,1,94.785,94.79,230,25,0,13020,0,-0.02,94.81,94.825,94.77,0,1071,94.79,122268,0,0,"",0
"2023-10-13","CRAH24","CRA","CRA","CRA",0,"2024-06-19",0,1,94.785,0,29,0,0,10508,0,0,94.815,94.83,94.765,0,1846,94.79,109230,0,0,"",0
"2023-10-13","CRAM24","CRA","CRA","CRA",0,"2024-09-18",0,1,94.845,0,37,0,0,6219,0,0,94.855,94.9,94.825,0,1161,94.845,74237,0,0,"",0
"2023-10-13","CRAU24","CRA","CRA","CRA",0,"2024-12-18",0,1,94.8,94.965,20,50,0,5340,0,-0.005,95.005,95.02,94.935,0,1183,94.955,71428,0,0,"",0
"2023-10-13","CRAZ24","CRA","CRA","CRA",0,"2025-03-19",0,1,95.03,95.165,1,5,0,4451,0,0,95.16,95.215,95.12,0,795,95.145,55590,0,0,"",0
"2023-10-13","CRAH25","CRA","CRA","CRA",0,"2025-06-18",0,1,95.33,95.385,220,10,0,2807,0,0.01,95.38,95.415,95.32,0,570,95.345,25505,0,0,"",0
"2023-10-13","CRAM25","CRA","CRA","CRA",0,"2025-09-17",0,1,95.51,0,25,0,0,1095,0,0.005,95.595,95.605,95.51,0,203,95.535,11992,0,0,"",0
"2023-10-13","CRAU25","CRA","CRA","CRA",0,"2025-12-17",0,1,0,95.72,0,19,0,1328,0,0.01,95.765,95.77,95.68,0,85,95.71,4617,0,0,"",0
"2023-10-13","CRAZ25","CRA","CRA","CRA",0,"2026-03-18",0,1,0,0,0,0,0,1125,0,0.015,95.925,95.94,95.835,0,71,95.865,2779,0,0,"",0
"2023-10-13","CRAH26","CRA","CRA","CRA",0,"2026-06-17",0,1,0,0,0,0,0,124,0,-0.01,96.045,96.07,95.965,0,21,95.995,314,0,0,"",0
"2023-10-13","CRAM26","CRA","CRA","CRA",0,"2026-09-16",0,1,0,0,0,0,0,52,0,0.055,96.155,96.18,96.14,0,11,96.11,170,0,0,"",0
"2023-10-16","CRAU23","CRA","CRA","CRA",0,"2023-12-20",0,1,94.8775,94.88,25,100,94.8775,7581,94.8925,-0.015,94.895,94.895,94.8775,719225,149,94.88,110133,0,0,"",0
"2023-10-16","CRAZ23","CRA","CRA","CRA",0,"2024-03-20",0,1,94.775,94.78,5,1000,94.775,10889,94.79,-0.015,94.79,94.79,94.755,1031563,786,94.775,122353,0,0,"",0
"2023-10-16","CRAH24","CRA","CRA","CRA",0,"2024-06-19",0,1,94.76,94.77,5,185,94.765,10229,94.79,-0.025,94.765,94.775,94.745,968657,1297,94.765,110887,0,0,"",0
"2023-10-16","CRAM24","CRA","CRA","CRA",0,"2024-09-18",0,1,94.81,94.825,164,23,94.81,7993,94.845,-0.035,94.79,94.84,94.77,757151,1344,94.815,75869,0,0,"",0
"2023-10-16","CRAU24","CRA","CRA","CRA",0,"2024-12-18",0,1,94.91,94.93,200,23,94.92,6158,94.955,-0.035,94.895,94.955,94.865,583635,1209,94.92,71503,0,0,"",0
"2023-10-16","CRAZ24","CRA","CRA","CRA",0,"2025-03-19",0,1,95.09,95.12,1,25,95.105,4854,95.145,-0.04,95.055,95.145,95.05,461424,855,95.11,54073,0,0,"",0
"2023-10-16","CRAH25","CRA","CRA","CRA",0,"2025-06-18",0,1,95.305,95.405,100,10,95.32,4450,95.345,-0.025,95.325,95.355,95.28,423790,713,95.315,25924,0,0,"",0
"2023-10-16","CRAM25","CRA","CRA","CRA",0,"2025-09-17",0,1,95.485,0,4,0,95.51,1020,95.535,-0.025,95.51,95.55,95.475,97299,271,95.51,11998,0,0,"",0
"2023-10-16","CRAU25","CRA","CRA","CRA",0,"2025-12-17",0,1,0,0,0,0,95.69,593,95.71,-0.02,95.685,95.725,95.665,56637,188,95.69,5288,0,0,"",0
"2023-10-16","CRAZ25","CRA","CRA","CRA",0,"2026-03-18",0,1,0,95.86,0,2,95.855,174,95.865,-0.01,95.835,95.865,95.825,16648,42,95.85,3463,0,0,"",0
"2023-10-16","CRAH26","CRA","CRA","CRA",0,"2026-06-17",0,1,0,0,0,0,95.985,59,95.995,-0.01,95.99,95.99,95.96,5654,11,95.98,387,0,0,"",0
"2023-10-16","CRAM26","CRA","CRA","CRA",0,"2026-09-16",0,1,96.09,0,25,0,96.095,32,96.11,-0.015,96.105,96.105,96.095,3074,8,96.095,217,0,0,"",0
"2023-10-17","CRAU23","CRA","CRA","CRA",0,"2023-12-20",0,1,94.9175,94.9225,150,30,0,15196,0,0.04,94.875,94.9275,94.87,0,535,94.92,111848,0,0,"",0
"2023-10-17","CRAZ23","CRA","CRA","CRA",0,"2024-03-20",0,1,94.82,94.825,234,449,0,19598,0,0.05,94.775,94.85,94.755,0,1496,94.82,122575,0,0,"",0
"2023-10-17","CRAH24","CRA","CRA","CRA",0,"2024-06-19",0,1,94.79,94.795,39,93,0,17283,0,0.03,94.76,94.84,94.735,0,2579,94.795,112110,0,0,"",0
"2023-10-17","CRAM24","CRA","CRA","CRA",0,"2024-09-18",0,1,94.83,94.85,50,19,0,13173,0,0.02,94.8,94.875,94.775,0,1854,94.83,78032,0,0,"",0
"2023-10-17","CRAU24","CRA","CRA","CRA",0,"2024-12-18",0,1,94.93,95.04,6,57,0,12537,0,0.015,94.9,94.985,94.875,0,2688,94.93,73034,0,0,"",0
"2023-10-17","CRAZ24","CRA","CRA","CRA",0,"2025-03-19",0,1,95.11,95.12,151,17,0,14016,0,0.01,95.075,95.16,95.055,0,2745,95.115,54706,0,0,"",0
"2023-10-17","CRAH25","CRA","CRA","CRA",0,"2025-06-18",0,1,95.305,95.335,25,1,0,3704,0,-0.005,95.28,95.36,95.26,0,814,95.315,27097,0,0,"",0
"2023-10-17","CRAM25","CRA","CRA","CRA",0,"2025-09-17",0,1,0,0,0,0,0,1923,0,0,95.47,95.555,95.465,0,288,95.505,12388,0,0,"",0
"2023-10-17","CRAU25","CRA","CRA","CRA",0,"2025-12-17",0,1,0,0,0,0,0,1401,0,-0.01,95.66,95.72,95.65,0,161,95.685,5517,0,0,"",0
"2023-10-17","CRAZ25","CRA","CRA","CRA",0,"2026-03-18",0,1,0,95.855,0,1,0,643,0,-0.01,95.84,95.84,95.84,0,26,95.84,3468,0,0,"",0
"2023-10-17","CRAH26","CRA","CRA","CRA",0,"2026-06-17",0,1,0,0,0,0,0,29,0,-0.02,95.95,95.96,95.95,0,5,95.97,338,0,0,"",0
"2023-10-17","CRAM26","CRA","CRA","CRA",0,"2026-09-16",0,1,0,0,0,0,0,27,0,-0.03,96.065,96.065,96.065,0,3,96.08,190,0,0,"",0
"2023-10-18","CRAU23","CRA","CRA","CRA",0,"2023-12-20",0,1,94.92,94.9225,85,97,0,5190,0,0.0025,94.9225,94.925,94.9175,0,513,94.9225,107866,0,0,"",0
"2023-10-18","CRAZ23","CRA","CRA","CRA",0,"2024-03-20",0,1,94.815,94.82,80,8,0,8396,0,-0.005,94.82,94.835,94.81,0,867,94.825,123307,0,0,"",0
"2023-10-18","CRAH24","CRA","CRA","CRA",0,"2024-06-19",0,1,94.785,94.79,57,5,0,11532,0,-0.005,94.79,94.815,94.77,0,2273,94.795,113464,0,0,"",0
"2023-10-18","CRAM24","CRA","CRA","CRA",0,"2024-09-18",0,1,94.815,94.82,14,50,0,11678,0,-0.01,94.825,94.845,94.78,0,1999,94.825,81711,0,0,"",0
"2023-10-18","CRAU24","CRA","CRA","CRA",0,"2024-12-18",0,1,94.905,94.92,1,1,0,10000,0,-0.01,94.93,94.95,94.86,0,1777,94.925,72890,0,0,"",0
"2023-10-18","CRAZ24","CRA","CRA","CRA",0,"2025-03-19",0,1,95.09,95.1,3,50,0,7108,0,-0.02,95.11,95.14,95.035,0,1058,95.105,60719,0,0,"",0
"2023-10-18","CRAH25","CRA","CRA","CRA",0,"2025-06-18",0,1,95.285,95.3,11,100,0,4118,0,-0.03,95.33,95.34,95.23,0,525,95.3,27673,0,0,"",0
"2023-10-18","CRAM25","CRA","CRA","CRA",0,"2025-09-17",0,1,95.46,0,27,0,0,1314,0,-0.035,95.51,95.525,95.415,0,240,95.485,11900,0,0,"",0
"2023-10-18","CRAU25","CRA","CRA","CRA",0,"2025-12-17",0,1,95.61,95.65,50,25,0,601,0,-0.065,95.705,95.705,95.585,0,107,95.65,6090,0,0,"",0
"2023-10-18","CRAZ25","CRA","CRA","CRA",0,"2026-03-18",0,1,0,95.83,0,1,0,133,0,-0.07,95.86,95.86,95.77,0,14,95.8,3918,0,0,"",0
"2023-10-18","CRAH26","CRA","CRA","CRA",0,"2026-06-17",0,1,0,0,0,0,0,153,0,-0.085,95.96,95.96,95.885,0,12,95.93,365,0,0,"",0
"2023-10-18","CRAM26","CRA","CRA","CRA",0,"2026-09-16",0,1,0,0,0,0,0,43,0,-0.01,96.07,96.07,96.07,0,5,96.04,216,0,0,"",0
"2023-10-19","CRAU23","CRA","CRA","CRA",0,"2023-12-20",0,1,94.9175,94.9225,581,351,0,10933,0,-0.0025,94.92,94.9225,94.9175,0,343,94.92,108284,0,0,"",0
"2023-10-19","CRAZ23","CRA","CRA","CRA",0,"2024-03-20",0,1,94.84,94.845,250,6,0,8967,0,0.02,94.81,94.85,94.81,0,893,94.84,123326,0,0,"",0
"2023-10-19","CRAH24","CRA","CRA","CRA",0,"2024-06-19",0,1,94.83,94.84,4,17,0,10352,0,0.045,94.785,94.845,94.77,0,2702,94.835,115606,0,0,"",0
"2023-10-19","CRAM24","CRA","CRA","CRA",0,"2024-09-18",0,1,94.87,94.875,20,20,0,8439,0,0.045,94.81,94.885,94.785,0,1929,94.875,81478,0,0,"",0
"2023-10-19","CRAU24","CRA","CRA","CRA",0,"2024-12-18",0,1,94.955,94.97,100,72,0,7464,0,0.035,94.91,94.985,94.88,0,2020,94.965,72885,0,0,"",0
"2023-10-19","CRAZ24","CRA","CRA","CRA",0,"2025-03-19",0,1,95.135,95.14,4,54,0,7174,0,0.03,95.08,95.15,95.06,0,1284,95.135,60403,0,0,"",0
"2023-10-19","CRAH25","CRA","CRA","CRA",0,"2025-06-18",0,1,95.315,95.33,100,38,0,5443,0,0.03,95.265,95.345,95.255,0,818,95.325,28102,0,0,"",0
"2023-10-19","CRAM25","CRA","CRA","CRA",0,"2025-09-17",0,1,95.5,0,5,0,0,2418,0,0.02,95.45,95.525,95.43,0,404,95.505,12448,0,0,"",0
"2023-10-19","CRAU25","CRA","CRA","CRA",0,"2025-12-17",0,1,95.65,95.7,50,50,0,2037,0,0.03,95.595,95.695,95.59,0,345,95.67,6207,0,0,"",0
"2023-10-19","CRAZ25","CRA","CRA","CRA",0,"2026-03-18",0,1,95.795,95.86,50,50,0,111,0,0.025,95.8,95.83,95.77,0,40,95.815,3846,0,0,"",0
"2023-10-19","CRAH26","CRA","CRA","CRA",0,"2026-06-17",0,1,0,0,0,0,0,144,0,0.005,95.93,95.94,95.915,0,21,95.93,234,0,0,"",0
"2023-10-19","CRAM26","CRA","CRA","CRA",0,"2026-09-16",0,1,0,0,0,0,0,27,0,0.01,96.05,96.05,96.05,0,3,96.04,175,0,0,"",0
"2023-10-20","CRAU23","CRA","CRA","CRA",0,"2023-12-20",0,1,94.925,94.9275,299,1521,94.9275,4521,94.92,0.0075,94.9175,94.9275,94.915,429007,214,94.925,106086,0,0,"",0
"2023-10-20","CRAZ23","CRA","CRA","CRA",0,"2024-03-20",0,1,94.88,94.895,10,3,94.895,17700,94.84,0.055,94.835,94.895,94.83,1678095,2028,94.89,124178,0,0,"",0
"2023-10-20","CRAH24","CRA","CRA","CRA",0,"2024-06-19",0,1,94.9,94.92,200,250,94.905,20506,94.835,0.07,94.84,94.91,94.83,1943860,2620,94.905,116205,0,0,"",0
"2023-10-20","CRAM24","CRA","CRA","CRA",0,"2024-09-18",0,1,94.97,94.995,40,5,94.99,10131,94.875,0.115,94.9,94.995,94.89,960252,1976,94.985,82460,0,0,"",0
"2023-10-20","CRAU24","CRA","CRA","CRA",0,"2024-12-18",0,1,95.09,95.125,108,100,95.115,11684,94.965,0.15,95.015,95.13,94.995,1110268,2376,95.105,72536,0,0,"",0
"2023-10-20","CRAZ24","CRA","CRA","CRA",0,"2025-03-19",0,1,95.28,95.31,4,5,95.295,9064,95.135,0.16,95.18,95.315,95.17,862518,2003,95.28,61515,0,0,"",0
"2023-10-20","CRAH25","CRA","CRA","CRA",0,"2025-06-18",0,1,0,95.49,0,25,95.48,6137,95.325,0.155,95.39,95.51,95.36,585118,1112,95.46,29246,0,0,"",0
"2023-10-20","CRAM25","CRA","CRA","CRA",0,"2025-09-17",0,1,0,95.66,0,25,95.645,3328,95.505,0.14,95.575,95.68,95.535,318012,431,95.625,12271,0,0,"",0
"2023-10-20","CRAU25","CRA","CRA","CRA",0,"2025-12-17",0,1,95.77,95.82,50,50,95.785,3897,95.67,0.115,95.745,95.84,95.7,372980,472,95.77,7259,0,0,"",0
"2023-10-20","CRAZ25","CRA","CRA","CRA",0,"2026-03-18",0,1,95.89,95.96,50,50,95.885,839,95.815,0.07,95.875,95.98,95.865,80376,138,95.895,3848,0,0,"",0
"2023-10-20","CRAH26","CRA","CRA","CRA",0,"2026-06-17",0,1,0,0,0,0,95.995,234,95.93,0.065,95.985,96.09,95.975,22456,43,95.99,377,0,0,"",0
"2023-10-20","CRAM26","CRA","CRA","CRA",0,"2026-09-16",0,1,0,0,0,0,96.08,88,96.04,0.04,96.07,96.18,96.07,8457,18,96.085,201,0,0,"",0
"2023-10-23","CRAU23","CRA","CRA","CRA",0,"2023-12-20",0,1,94.925,94.9275,149,760,0,6302,0,0,94.925,94.9275,94.92,0,225,94.9275,107152,0,0,"",0
"2023-10-23","CRAZ23","CRA","CRA","CRA",0,"2024-03-20",0,1,94.88,94.885,100,75,0,14854,0,-0.005,94.885,94.905,94.855,0,1547,94.885,122821,0,0,"",0
"2023-10-23","CRAH24","CRA","CRA","CRA",0,"2024-06-19",0,1,94.895,94.9,2,2,0,9389,0,-0.005,94.89,94.915,94.855,0,1827,94.905,116663,0,0,"",0
"2023-10-23","CRAM24","CRA","CRA","CRA",0,"2024-09-18",0,1,94.995,95.01,5,5,0,7968,0,0.015,94.99,95.01,94.94,0,1767,95.005,84171,0,0,"",0
"2023-10-23","CRAU24","CRA","CRA","CRA",0,"2024-12-18",0,1,95.155,0,5,0,0,7651,0,0.05,95.105,95.16,95.065,0,1834,95.155,73922,0,0,"",0
"2023-10-23","CRAZ24","CRA","CRA","CRA",0,"2025-03-19",0,1,95.35,95.375,24,5,0,11440,0,0.07,95.26,95.35,95.255,0,2088,95.35,62403,0,0,"",0
"2023-10-23","CRAH25","CRA","CRA","CRA",0,"2025-06-18",0,1,95.535,0,5,0,0,4626,0,0.09,95.465,95.55,95.44,0,648,95.545,29297,0,0,"",0
"2023-10-23","CRAM25","CRA","CRA","CRA",0,"2025-09-17",0,1,95.725,0,5,0,0,2493,0,0.1,95.63,95.725,95.605,0,284,95.72,12273,0,0,"",0
"2023-10-23","CRAU25","CRA","CRA","CRA",0,"2025-12-17",0,1,95.855,95.885,25,10,0,1063,0,0.095,95.77,95.87,95.76,0,177,95.865,8117,0,0,"",0
"2023-10-23","CRAZ25","CRA","CRA","CRA",0,"2026-03-18",0,1,95.98,0,2,0,0,69,0,0.09,95.88,95.985,95.88,0,20,95.985,3990,0,0,"",0
"2023-10-23","CRAH26","CRA","CRA","CRA",0,"2026-06-17",0,1,0,0,0,0,0,50,0,0.085,96.075,96.075,96.075,0,7,96.08,521,0,0,"",0
"2023-10-23","CRAM26","CRA","CRA","CRA",0,"2026-09-16",0,1,0,0,0,0,0,0,0,0,0,0,0,0,0,96.17,275,0,0,"",0
"2023-10-24","CRAU23","CRA","CRA","CRA",0,"2023-12-20",0,1,94.9225,94.925,698,826,94.9225,4989,94.9275,-0.005,94.9225,94.9275,94.92,472929,772,94.92,107276,0,0,"",0
"2023-10-24","CRAZ23","CRA","CRA","CRA",0,"2024-03-20",0,1,94.85,94.855,137,64,94.85,14502,94.885,-0.035,94.88,94.885,94.85,1374549,1632,94.855,122510,0,0,"",0
"2023-10-24","CRAH24","CRA","CRA","CRA",0,"2024-06-19",0,1,94.865,94.875,70,26,94.87,11200,94.905,-0.035,94.9,94.9,94.865,1061037,2272,94.88,115172,0,0,"",0
"2023-10-24","CRAM24","CRA","CRA","CRA",0,"2024-09-18",0,1,94.97,94.98,10,60,94.98,5043,95.005,-0.025,94.995,95.01,94.965,477591,1527,94.98,85210,0,0,"",0
"2023-10-24","CRAU24","CRA","CRA","CRA",0,"2024-12-18",0,1,94.8,95.15,20,29,95.15,4284,95.155,-0.005,95.155,95.17,95.125,407249,1062,95.15,74178,0,0,"",0
"2023-10-24","CRAZ24","CRA","CRA","CRA",0,"2025-03-19",0,1,0,95.38,0,25,95.36,6424,95.35,0.01,95.355,95.38,95.32,611928,1294,95.36,60886,0,0,"",0
"2023-10-24","CRAH25","CRA","CRA","CRA",0,"2025-06-18",0,1,0,95.595,0,3,95.57,2300,95.545,0.025,95.555,95.585,95.525,219575,457,95.565,29615,0,0,"",0
"2023-10-24","CRAM25","CRA","CRA","CRA",0,"2025-09-17",0,1,95.74,0,2,0,95.755,1315,95.72,0.035,95.72,95.76,95.7,125769,231,95.745,12460,0,0,"",0
"2023-10-24","CRAU25","CRA","CRA","CRA",0,"2025-12-17",0,1,95.88,95.915,50,33,95.91,1443,95.865,0.045,95.875,95.92,95.85,138217,207,95.89,8259,0,0,"",0
"2023-10-24","CRAZ25","CRA","CRA","CRA",0,"2026-03-18",0,1,95.995,96.045,50,50,96.02,67,95.985,0.035,96.02,96.025,96.02,6432,10,96.015,3978,0,0,"",0
"2023-10-24","CRAH26","CRA","CRA","CRA",0,"2026-06-17",0,1,0,0,0,0,96.125,41,96.08,0.045,96.12,96.125,96.12,3939,6,96.11,496,0,0,"",0
"2023-10-24","CRAM26","CRA","CRA","CRA",0,"2026-09-16",0,1,0,0,0,0,0,1,0,0,0,0,0,96,1,96.19,275,0,0,"",0
"2023-10-25","CRAU23","CRA","CRA","CRA",0,"2023-12-20",0,1,94.94,94.9425,3266,854,0,35508,0,0.0225,94.9225,94.945,94.9175,0,826,94.94,107133,0,0,"",0
"2023-10-25","CRAZ23","CRA","CRA","CRA",0,"2024-03-20",0,1,94.87,94.875,35,21,0,23126,0,0.015,94.855,94.88,94.835,0,1419,94.875,117349,0,0,"",0
"2023-10-25","CRAH24","CRA","CRA","CRA",0,"2024-06-19",0,1,94.89,94.895,3,67,0,12856,0,0.015,94.87,94.9,94.835,0,1599,94.895,113662,0,0,"",0
"2023-10-25","CRAM24","CRA","CRA","CRA",0,"2024-09-18",0,1,0,95.045,0,25,0,11162,0,0.01,94.985,95,94.94,0,1284,94.985,84282,0,0,"",0
"2023-10-25","CRAU24","CRA","CRA","CRA",0,"2024-12-18",0,1,95.13,95.155,5,1,0,8902,0,-0.015,95.155,95.165,95.1,0,1724,95.14,73219,0,0,"",0
"2023-10-25","CRAZ24","CRA","CRA","CRA",0,"2025-03-19",0,1,95.335,95.345,25,25,0,9261,0,-0.025,95.355,95.375,95.305,0,1548,95.345,60388,0,0,"",0
"2023-10-25","CRAH25","CRA","CRA","CRA",0,"2025-06-18",0,1,0,95.545,0,50,0,4447,0,-0.02,95.575,95.585,95.48,0,750,95.55,29860,0,0,"",0
"2023-10-25","CRAM25","CRA","CRA","CRA",0,"2025-09-17",0,1,95.68,0,2,0,0,1644,0,-0.02,95.76,95.77,95.695,0,336,95.73,13070,0,0,"",0
"2023-10-25","CRAU25","CRA","CRA","CRA",0,"2025-12-17",0,1,0,95.88,0,50,0,801,0,-0.02,95.91,95.92,95.86,0,132,95.875,8100,0,0,"",0
"2023-10-25","CRAZ25","CRA","CRA","CRA",0,"2026-03-18",0,1,0,0,0,0,0,198,0,-0.025,96.005,96.015,95.99,0,44,95.995,4017,0,0,"",0
"2023-10-25","CRAH26","CRA","CRA","CRA",0,"2026-06-17",0,1,0,96.09,0,50,0,50,0,0,0,0,0,0,2,96.085,534,0,0,"",0
"2023-10-25","CRAM26","CRA","CRA","CRA",0,"2026-09-16",0,1,0,0,0,0,0,25,0,0,0,0,0,0,1,96.165,274,0,0,"",0
"2023-10-26","CRAU23","CRA","CRA","CRA",0,"2023-12-20",0,1,94.9525,94.955,14,1220,0,28910,0,0.0125,94.94,94.955,94.94,0,463,94.9525,111054,0,0,"",0
"2023-10-26","CRAZ23","CRA","CRA","CRA",0,"2024-03-20",0,1,94.915,94.92,10,100,0,25438,0,0.04,94.875,94.925,94.87,0,1550,94.915,118562,0,0,"",0
"2023-10-26","CRAH24","CRA","CRA","CRA",0,"2024-06-19",0,1,94.955,94.965,8,3,0,13339,0,0.06,94.895,94.965,94.89,0,2280,94.955,115671,0,0,"",0
"2023-10-26","CRAM24","CRA","CRA","CRA",0,"2024-09-18",0,1,95.065,95.08,5,30,0,10341,0,0.09,94.985,95.08,94.985,0,1623,95.07,85733,0,0,"",0
"2023-10-26","CRAU24","CRA","CRA","CRA",0,"2024-12-18",0,1,95.225,95.29,10,2,0,7847,0,0.115,95.14,95.265,95.13,0,1760,95.25,73718,0,0,"",0
"2023-10-26","CRAZ24","CRA","CRA","CRA",0,"2025-03-19",0,1,95.47,95.505,42,4,0,9350,0,0.155,95.36,95.5,95.345,0,1312,95.475,57588,0,0,"",0
"2023-10-26","CRAH25","CRA","CRA","CRA",0,"2025-06-18",0,1,95.6,95.735,5,2,0,3746,0,0.14,95.565,95.69,95.545,0,652,95.68,29468,0,0,"",0
"2023-10-26","CRAM25","CRA","CRA","CRA",0,"2025-09-17",0,1,95.84,0,40,0,0,1710,0,0.13,95.75,95.86,95.73,0,241,95.855,13689,0,0,"",0
"2023-10-26","CRAU25","CRA","CRA","CRA",0,"2025-12-17",0,1,95.985,0,8,0,0,896,0,0.115,95.9,96.005,95.87,0,145,95.985,8544,0,0,"",0
"2023-10-26","CRAZ25","CRA","CRA","CRA",0,"2026-03-18",0,1,0,0,0,0,0,727,0,0.09,96.07,96.115,96.025,0,79,96.085,4148,0,0,"",0
"2023-10-26","CRAH26","CRA","CRA","CRA",0,"2026-06-17",0,1,0,0,0,0,0,356,0,0.055,96.08,96.17,96.075,0,50,96.16,484,0,0,"",0
"2023-10-26","CRAM26","CRA","CRA","CRA",0,"2026-09-16",0,1,0,0,0,0,0,105,0,0.05,96.215,96.215,96.215,0,7,96.23,249,0,0,"",0
"2023-10-27","CRAU23","CRA","CRA","CRA",0,"2023-12-20",0,1,94.9525,94.955,669,1298,0,1370,0,0,94.9525,94.955,94.95,0,42,94.9525,103041,0,0,"",0
"2023-10-27","CRAZ23","CRA","CRA","CRA",0,"2024-03-20",0,1,94.92,94.925,99,200,0,13879,0,0.01,94.91,94.93,94.905,0,1195,94.925,119268,0,0,"",0
"2023-10-27","CRAH24","CRA","CRA","CRA",0,"2024-06-19",0,1,94.99,95,5,22,0,11794,0,0.04,94.945,95,94.94,0,1721,94.995,116917,0,0,"",0
"2023-10-27","CRAM24","CRA","CRA","CRA",0,"2024-09-18",0,1,95.12,95.135,80,258,0,7303,0,0.055,95.065,95.135,95.05,0,1511,95.13,85307,0,0,"",0
"2023-10-27","CRAU24","CRA","CRA","CRA",0,"2024-12-18",0,1,95.29,95.325,200,1,0,6992,0,0.065,95.235,95.32,95.225,0,1756,95.315,73786,0,0,"",0
"2023-10-27","CRAZ24","CRA","CRA","CRA",0,"2025-03-19",0,1,95.465,0,10,0,0,7061,0,0.065,95.455,95.55,95.45,0,1443,95.54,58906,0,0,"",0
"2023-10-27","CRAH25","CRA","CRA","CRA",0,"2025-06-18",0,1,0,95.755,0,1,0,4127,0,0.06,95.655,95.75,95.65,0,609,95.745,29861,0,0,"",0
"2023-10-27","CRAM25","CRA","CRA","CRA",0,"2025-09-17",0,1,0,0,0,0,0,2889,0,0.05,95.825,95.925,95.825,0,474,95.915,14028,0,0,"",0
"2023-10-27","CRAU25","CRA","CRA","CRA",0,"2025-12-17",0,1,96.015,0,44,0,0,1661,0,0.05,95.97,96.06,95.97,0,279,96.04,8548,0,0,"",0
"2023-10-27","CRAZ25","CRA","CRA","CRA",0,"2026-03-18",0,1,0,0,0,0,0,767,0,0.02,96.075,96.12,96.075,0,150,96.135,4610,0,0,"",0
"2023-10-27","CRAH26","CRA","CRA","CRA",0,"2026-06-17",0,1,0,0,0,0,0,136,0,0,96.19,96.19,96.13,0,26,96.2,659,0,0,"",0
"2023-10-27","CRAM26","CRA","CRA","CRA",0,"2026-09-16",0,1,0,0,0,0,0,77,0,0,0,0,0,0,5,96.255,350,0,0,"",0
"2023-10-30","CRAU23","CRA","CRA","CRA",0,"2023-12-20",0,1,94.95,94.9525,100,1120,0,1655,0,-0.0025,94.95,94.9525,94.9475,0,53,94.9525,103234,0,0,"",0
"2023-10-30","CRAZ23","CRA","CRA","CRA",0,"2024-03-20",0,1,94.91,94.915,245,110,0,5035,0,-0.015,94.92,94.935,94.91,0,421,94.92,114616,0,0,"",0
"2023-10-30","CRAH24","CRA","CRA","CRA",0,"2024-06-19",0,1,94.95,94.965,250,75,0,10883,0,-0.035,95.01,95.01,94.96,0,1357,94.97,114862,0,0,"",0
"2023-10-30","CRAM24","CRA","CRA","CRA",0,"2024-09-18",0,1,95.075,95.09,260,25,0,8244,0,-0.045,95.14,95.14,95.085,0,1234,95.1,85818,0,0,"",0
"2023-10-30","CRAU24","CRA","CRA","CRA",0,"2024-12-18",0,1,95.245,95.265,100,25,0,6881,0,-0.055,95.29,95.32,95.26,0,1302,95.275,74415,0,0,"",0
"2023-10-30","CRAZ24","CRA","CRA","CRA",0,"2025-03-19",0,1,95.465,95.48,100,25,0,5877,0,-0.065,95.54,95.54,95.475,0,941,95.49,58909,0,0,"",0
"2023-10-30","CRAH25","CRA","CRA","CRA",0,"2025-06-18",0,1,95.65,95.675,100,125,0,3518,0,-0.08,95.7,95.7,95.665,0,478,95.685,28763,0,0,"",0
"2023-10-30","CRAM25","CRA","CRA","CRA",0,"2025-09-17",0,1,95.825,95.845,97,166,0,1855,0,-0.09,95.85,95.86,95.825,0,453,95.845,13123,0,0,"",0
"2023-10-30","CRAU25","CRA","CRA","CRA",0,"2025-12-17",0,1,95.93,95.97,50,78,0,1490,0,-0.075,95.99,95.99,95.945,0,246,95.965,9020,0,0,"",0
"2023-10-30","CRAZ25","CRA","CRA","CRA",0,"2026-03-18",0,1,96.01,96.04,50,22,0,244,0,-0.095,96.075,96.085,96.04,0,49,96.06,4636,0,0,"",0
"2023-10-30","CRAH26","CRA","CRA","CRA",0,"2026-06-17",0,1,0,0,0,0,0,58,0,0,0,0,0,0,4,96.125,683,0,0,"",0
"2023-10-30","CRAM26","CRA","CRA","CRA",0,"2026-09-16",0,1,0,0,0,0,0,53,0,0,0,0,0,0,3,96.18,327,0,0,"",0
"2023-10-31","CRAU23","CRA","CRA","CRA",0,"2023-12-20",0,1,94.95,94.9525,556,175,0,441,0,-0.0025,94.9525,94.9525,94.95,0,15,94.9525,103054,0,0,"",0
"2023-10-31","CRAZ23","CRA","CRA","CRA",0,"2024-03-20",0,1,94.915,94.92,244,31,0,7401,0,-0.005,94.905,94.925,94.9,0,618,94.92,114207,0,0,"",0
"2023-10-31","CRAH24","CRA","CRA","CRA",0,"2024-06-19",0,1,94.965,94.98,5,5,0,5732,0,0,94.95,94.98,94.95,0,859,94.98,115094,0,0,"",0
"2023-10-31","CRAM24","CRA","CRA","CRA",0,"2024-09-18",0,1,95.085,95.095,5,48,0,5385,0,-0.005,95.08,95.115,95.075,0,789,95.11,86142,0,0,"",0
"2023-10-31","CRAU24","CRA","CRA","CRA",0,"2024-12-18",0,1,94.8,95.27,20,50,0,6487,0,-0.005,95.26,95.29,95.255,0,1236,95.285,72828,0,0,"",0
"2023-10-31","CRAZ24","CRA","CRA","CRA",0,"2025-03-19",0,1,95.475,95.495,10,67,0,10355,0,-0.005,95.5,95.51,95.475,0,1744,95.5,57880,0,0,"",0
"2023-10-31","CRAH25","CRA","CRA","CRA",0,"2025-06-18",0,1,0,95.68,0,24,0,4075,0,-0.005,95.68,95.705,95.665,0,668,95.695,28771,0,0,"",0
"2023-10-31","CRAM25","CRA","CRA","CRA",0,"2025-09-17",0,1,0,95.855,0,3,0,1000,0,0.005,95.86,95.875,95.825,0,215,95.855,12914,0,0,"",0
"2023-10-31","CRAU25","CRA","CRA","CRA",0,"2025-12-17",0,1,0,95.985,0,60,0,1107,0,0.02,95.96,96,95.96,0,238,95.975,9443,0,0,"",0
"2023-10-31","CRAZ25","CRA","CRA","CRA",0,"2026-03-18",0,1,0,96.085,0,1,0,684,0,0.025,96.08,96.085,96.08,0,91,96.07,4771,0,0,"",0
"2023-10-31","CRAH26","CRA","CRA","CRA",0,"2026-06-17",0,1,0,0,0,0,0,220,0,0.03,96.15,96.155,96.15,0,44,96.14,731,0,0,"",0
"2023-10-31","CRAM26","CRA","CRA","CRA",0,"2026-09-16",0,1,0,0,0,0,0,46,0,0,0,0,0,0,3,96.195,371,0,0,"",0
"2023-11-01","CRAU23","CRA","CRA","CRA",0,"2023-12-20",0,1,94.945,94.9475,852,175,94.945,3467,94.9525,-0.0075,94.95,94.95,94.945,329146,73,94.945,103114,0,0,"",0
"2023-11-01","CRAZ23","CRA","CRA","CRA",0,"2024-03-20",0,1,94.925,94.93,61,28,0,11870,0,0.01,94.92,94.935,94.915,0,762,94.92,114735,0,0,"",0
"2023-11-01","CRAH24","CRA","CRA","CRA",0,"2024-06-19",0,1,94.995,95.005,10,18,0,10050,0,0.025,94.985,95.01,94.97,0,1494,94.98,116428,0,0,"",0
"2023-11-01","CRAM24","CRA","CRA","CRA",0,"2024-09-18",0,1,95.155,95.165,47,30,0,9872,0,0.045,95.115,95.16,95.11,0,1626,95.125,87013,0,0,"",0
"2023-11-01","CRAU24","CRA","CRA","CRA",0,"2024-12-18",0,1,95.35,0,21,0,0,8653,0,0.07,95.29,95.375,95.28,0,1799,95.335,72405,0,0,"",0
"2023-11-01","CRAZ24","CRA","CRA","CRA",0,"2025-03-19",0,1,95.5,95.605,10,212,0,12177,0,0.09,95.515,95.62,95.51,0,1866,95.58,59778,0,0,"",0
"2023-11-01","CRAH25","CRA","CRA","CRA",0,"2025-06-18",0,1,0,95.88,0,7,0,5647,0,0.095,95.695,95.83,95.695,0,892,95.795,29102,0,0,"",0
"2023-11-01","CRAM25","CRA","CRA","CRA",0,"2025-09-17",0,1,0,0,0,0,0,1897,0,0.105,95.875,96,95.875,0,368,95.97,12950,0,0,"",0
"2023-11-01","CRAU25","CRA","CRA","CRA",0,"2025-12-17",0,1,0,0,0,0,0,900,0,0.11,96.02,96.125,96.015,0,245,96.1,9812,0,0,"",0
"2023-11-01","CRAZ25","CRA","CRA","CRA",0,"2026-03-18",0,1,0,0,0,0,0,696,0,0.14,96.085,96.215,96.085,0,69,96.195,5011,0,0,"",0
"2023-11-01","CRAH26","CRA","CRA","CRA",0,"2026-06-17",0,1,0,0,0,0,0,46,0,0.13,96.265,96.27,96.265,0,10,96.265,629,0,0,"",0
"2023-11-01","CRAM26","CRA","CRA","CRA",0,"2026-09-16",0,1,0,0,0,0,0,26,0,0,0,0,0,0,2,96.32,331,0,0,"",0
"2023-11-02","CRAU23","CRA","CRA","CRA",0,"2023-12-20",0,1,94.9475,94.95,1161,100,0,1158,0,0.005,94.9475,94.95,94.9475,0,29,94.9475,102740,0,0,"",0
"2023-11-02","CRAZ23","CRA","CRA","CRA",0,"2024-03-20",0,1,94.92,94.925,30,164,0,16434,0,0.005,94.935,94.945,94.92,0,1077,94.925,116052,0,0,"",0
"2023-11-02","CRAH24","CRA","CRA","CRA",0,"2024-06-19",0,1,94.99,94.995,50,68,0,8842,0,0.01,95,95.03,94.985,0,1511,94.995,117668,0,0,"",0
"2023-11-02","CRAM24","CRA","CRA","CRA",0,"2024-09-18",0,1,95.14,95.155,50,450,0,12961,0,0.02,95.165,95.2,95.14,0,1706,95.15,90130,0,0,"",0
"2023-11-02","CRAU24","CRA","CRA","CRA",0,"2024-12-18",0,1,95.335,95.345,100,308,0,14471,0,0.01,95.395,95.41,95.335,0,1559,95.355,71112,0,0,"",0
"2023-11-02","CRAZ24","CRA","CRA","CRA",0,"2025-03-19",0,1,95.575,95.585,3,100,0,15210,0,0,95.64,95.65,95.57,0,1366,95.595,61047,0,0,"",0
"2023-11-02","CRAH25","CRA","CRA","CRA",0,"2025-06-18",0,1,95.79,95.8,100,19,0,5724,0,-0.01,95.855,95.87,95.78,0,848,95.805,28277,0,0,"",0
"2023-11-02","CRAM25","CRA","CRA","CRA",0,"2025-09-17",0,1,0,95.985,0,5,0,3077,0,-0.01,96.04,96.045,95.96,0,513,95.975,13264,0,0,"",0
"2023-11-02","CRAU25","CRA","CRA","CRA",0,"2025-12-17",0,1,96.08,96.125,50,2,0,1904,0,-0.005,96.18,96.18,96.08,0,396,96.105,9909,0,0,"",0
"2023-11-02","CRAZ25","CRA","CRA","CRA",0,"2026-03-18",0,1,96.175,96.225,50,50,0,437,0,-0.005,96.3,96.3,96.18,0,58,96.205,5015,0,0,"",0
"2023-11-02","CRAH26","CRA","CRA","CRA",0,"2026-06-17",0,1,0,0,0,0,0,240,0,0,96.37,96.37,96.245,0,33,96.275,640,0,0,"",0
"2023-11-02","CRAM26","CRA","CRA","CRA",0,"2026-09-16",0,1,0,0,0,0,0,54,0,-0.015,96.28,96.305,96.28,0,4,96.33,355,0,0,"",0
"2023-11-03","CRAU23","CRA","CRA","CRA",0,"2023-12-20",0,1,94.9525,94.955,1173,75,0,1657,0,0.005,94.95,94.9575,94.9475,0,58,94.9525,101991,0,0,"",0
"2023-11-03","CRAZ23","CRA","CRA","CRA",0,"2024-03-20",0,1,94.94,94.95,5,236,0,13349,0,0.025,94.92,94.965,94.915,0,1022,94.955,117878,0,0,"",0
"2023-11-03","CRAH24","CRA","CRA","CRA",0,"2024-06-19",0,1,95.09,95.095,103,200,0,17561,0,0.095,94.985,95.11,94.98,0,2646,95.1,118335,0,0,"",0
"2023-11-03","CRAM24","CRA","CRA","CRA",0,"2024-09-18",0,1,95.29,95.325,50,250,0,15658,0,0.145,95.14,95.325,95.13,0,2974,95.315,92746,0,0,"",0
"2023-11-03","CRAU24","CRA","CRA","CRA",0,"2024-12-18",0,1,95.535,95.565,33,35,0,14579,0,0.185,95.34,95.565,95.33,0,2746,95.56,66048,0,0,"",0
"2023-11-03","CRAZ24","CRA","CRA","CRA",0,"2025-03-19",0,1,95.795,95.805,100,5,0,13816,0,0.205,95.57,95.825,95.56,0,2193,95.82,59054,0,0,"",0
"2023-11-03","CRAH25","CRA","CRA","CRA",0,"2025-06-18",0,1,95.935,96.02,50,24,0,6535,0,0.205,95.78,96.055,95.775,0,895,96.04,29200,0,0,"",0
"2023-11-03","CRAM25","CRA","CRA","CRA",0,"2025-09-17",0,1,96.165,96.2,100,100,0,2541,0,0.205,95.96,96.23,95.96,0,311,96.215,13380,0,0,"",0
"2023-11-03","CRAU25","CRA","CRA","CRA",0,"2025-12-17",0,1,96.27,96.315,50,50,0,1559,0,0.2,96.25,96.355,96.245,0,311,96.34,10817,0,0,"",0
"2023-11-03","CRAZ25","CRA","CRA","CRA",0,"2026-03-18",0,1,96.355,96.405,50,50,0,919,0,0.17,96.345,96.43,96.345,0,220,96.42,5313,0,0,"",0
"2023-11-03","CRAH26","CRA","CRA","CRA",0,"2026-06-17",0,1,0,0,0,0,0,389,0,0.155,96.44,96.48,96.43,0,24,96.47,667,0,0,"",0
"2023-11-03","CRAM26","CRA","CRA","CRA",0,"2026-09-16",0,1,0,0,0,0,0,230,0,0.09,96.43,96.445,96.42,0,18,96.5,402,0,0,"",0
"2023-11-06","CRAU23","CRA","CRA","CRA",0,"2023-12-20",0,1,94.9475,94.9525,2219,797,94.95,1931,94.9525,-0.0025,94.9525,94.9525,94.95,183339,29,94.95,101694,0,0,"",0
"2023-11-06","CRAZ23","CRA","CRA","CRA",0,"2024-03-20",0,1,94.93,94.935,93,26,94.935,7770,94.955,-0.02,94.95,94.955,94.935,737129,797,94.94,121149,0,0,"",0
"2023-11-06","CRAH24","CRA","CRA","CRA",0,"2024-06-19",0,1,95.06,95.065,25,99,95.065,8370,95.1,-0.035,95.085,95.09,95.06,795415,1242,95.07,119247,0,0,"",0
"2023-11-06","CRAM24","CRA","CRA","CRA",0,"2024-09-18",0,1,95.245,95.265,250,328,95.255,6135,95.315,-0.06,95.285,95.3,95.255,584190,887,95.265,96237,0,0,"",0
"2023-11-06","CRAU24","CRA","CRA","CRA",0,"2024-12-18",0,1,95.475,95.49,100,26,95.49,5732,95.56,-0.07,95.52,95.535,95.485,547126,843,95.495,70335,0,0,"",0
"2023-11-06","CRAZ24","CRA","CRA","CRA",0,"2025-03-19",0,1,95.73,95.745,3,100,95.74,8668,95.82,-0.08,95.765,95.78,95.73,829466,996,95.74,58252,0,0,"",0
"2023-11-06","CRAH25","CRA","CRA","CRA",0,"2025-06-18",0,1,95.945,95.965,176,5,95.95,4212,96.04,-0.09,95.98,96,95.945,403845,555,95.96,29128,0,0,"",0
"2023-11-06","CRAM25","CRA","CRA","CRA",0,"2025-09-17",0,1,96.115,96.15,100,100,96.13,1198,96.215,-0.085,96.155,96.175,96.12,115133,138,96.135,13451,0,0,"",0
"2023-11-06","CRAU25","CRA","CRA","CRA",0,"2025-12-17",0,1,96.23,96.29,50,100,96.25,428,96.34,-0.09,96.28,96.285,96.25,41175,72,96.26,10636,0,0,"",0
"2023-11-06","CRAZ25","CRA","CRA","CRA",0,"2026-03-18",0,1,96.305,96.355,50,50,96.375,232,96.42,-0.045,96.37,96.375,96.365,22348,16,96.345,5367,0,0,"",0
"2023-11-06","CRAH26","CRA","CRA","CRA",0,"2026-06-17",0,1,0,0,0,0,96.425,269,96.47,-0.045,96.43,96.43,96.425,25920,25,96.395,818,0,0,"",0
"2023-11-06","CRAM26","CRA","CRA","CRA",0,"2026-09-16",0,1,0,0,0,0,96.455,139,96.5,-0.045,96.455,96.455,96.455,13394,19,96.425,504,0,0,"",0
"2023-11-07","CRAU23","CRA","CRA","CRA",0,"2023-12-20",0,1,94.9475,94.95,2432,380,0,2917,0,0,94.95,94.95,94.95,0,23,94.95,101429,0,0,"",0
"2023-11-07","CRAZ23","CRA","CRA","CRA",0,"2024-03-20",0,1,94.945,94.95,15,60,0,9461,0,0,94.935,94.955,94.935,0,557,94.94,120842,0,0,"",0
"2023-11-07","CRAH24","CRA","CRA","CRA",0,"2024-06-19",0,1,95.065,95.07,200,189,0,6973,0,0,95.065,95.095,95.055,0,1033,95.065,117784,0,0,"",0
"2023-11-07","CRAM24","CRA","CRA","CRA",0,"2024-09-18",0,1,95.26,95.27,50,250,0,7221,0,-0.005,95.26,95.3,95.245,0,1008,95.255,94226,0,0,"",0
"2023-11-07","CRAU24","CRA","CRA","CRA",0,"2024-12-18",0,1,95.495,95.5,5,75,0,6744,0,0,95.505,95.545,95.47,0,1104,95.485,68228,0,0,"",0
"2023-11-07","CRAZ24","CRA","CRA","CRA",0,"2025-03-19",0,1,95.735,95.76,100,100,0,6897,0,0.01,95.755,95.79,95.725,0,1022,95.745,57928,0,0,"",0
"2023-11-07","CRAH25","CRA","CRA","CRA",0,"2025-06-18",0,1,95.965,95.98,100,25,0,2832,0,0.02,95.98,96.02,95.95,0,372,95.97,27840,0,0,"",0
"2023-11-07","CRAM25","CRA","CRA","CRA",0,"2025-09-17",0,1,96.14,96.185,25,2,0,1675,0,0.005,96.17,96.18,96.14,0,247,96.155,13367,0,0,"",0
"2023-11-07","CRAU25","CRA","CRA","CRA",0,"2025-12-17",0,1,96.265,96.31,50,100,0,1066,0,0.045,96.27,96.32,96.27,0,138,96.285,10716,0,0,"",0
"2023-11-07","CRAZ25","CRA","CRA","CRA",0,"2026-03-18",0,1,96.345,96.395,50,50,0,677,0,0.035,96.405,96.405,96.38,0,58,96.375,5292,0,0,"",0
"2023-11-07","CRAH26","CRA","CRA","CRA",0,"2026-06-17",0,1,0,96.46,0,12,0,198,0,0.055,96.46,96.46,96.45,0,20,96.435,576,0,0,"",0
"2023-11-07","CRAM26","CRA","CRA","CRA",0,"2026-09-16",0,1,0,0,0,0,0,83,0,0.075,96.5,96.5,96.5,0,10,96.475,387,0,0,"",0
"2023-11-08","CRAU23","CRA","CRA","CRA",0,"2023-12-20",0,1,94.9475,94.95,1800,4179,94.9475,8078,94.95,-0.0025,94.95,94.95,94.9475,766952,96,94.9475,102632,0,0,"",0
"2023-11-08","CRAZ23","CRA","CRA","CRA",0,"2024-03-20",0,1,94.93,94.935,307,25,94.93,10431,94.94,-0.01,94.935,94.95,94.93,989940,579,94.935,118324,0,0,"",0
"2023-11-08","CRAH24","CRA","CRA","CRA",0,"2024-06-19",0,1,95.04,95.045,100,100,95.045,10164,95.065,-0.02,95.065,95.075,95.035,965929,943,95.05,118695,0,0,"",0
"2023-11-08","CRAM24","CRA","CRA","CRA",0,"2024-09-18",0,1,95.215,95.245,10,58,95.235,11436,95.255,-0.02,95.255,95.275,95.215,1088766,1264,95.24,96340,0,0,"",0
"2023-11-08","CRAU24","CRA","CRA","CRA",0,"2024-12-18",0,1,94.8,95.475,20,50,95.45,8843,95.485,-0.035,95.485,95.505,95.435,843373,1536,95.46,68129,0,0,"",0
"2023-11-08","CRAZ24","CRA","CRA","CRA",0,"2025-03-19",0,1,95.675,95.705,100,5,95.695,8504,95.745,-0.05,95.735,95.76,95.685,813261,1423,95.705,57403,0,0,"",0
"2023-11-08","CRAH25","CRA","CRA","CRA",0,"2025-06-18",0,1,0,95.94,0,25,95.925,4494,95.97,-0.045,95.96,95.99,95.91,430750,606,95.925,28530,0,0,"",0
"2023-11-08","CRAM25","CRA","CRA","CRA",0,"2025-09-17",0,1,96.095,0,25,0,96.11,1155,96.155,-0.045,96.12,96.175,96.1,110949,265,96.11,13633,0,0,"",0
"2023-11-08","CRAU25","CRA","CRA","CRA",0,"2025-12-17",0,1,0,0,0,0,96.24,967,96.285,-0.045,96.23,96.3,96.23,93010,192,96.24,11033,0,0,"",0
"2023-11-08","CRAZ25","CRA","CRA","CRA",0,"2026-03-18",0,1,0,0,0,0,96.345,499,96.375,-0.03,96.35,96.37,96.335,48067,35,96.345,5814,0,0,"",0
"2023-11-08","CRAH26","CRA","CRA","CRA",0,"2026-06-17",0,1,0,0,0,0,0,144,0,0,0,0,0,13882,5,96.415,665,0,0,"",0
"2023-11-08","CRAM26","CRA","CRA","CRA",0,"2026-09-16",0,1,0,0,0,0,0,77,0,0,0,0,0,7424,4,96.465,415,0,0,"",0
"2023-11-09","CRAU23","CRA","CRA","CRA",0,"2023-12-20",0,1,94.945,94.9475,2856,552,0,847,0,0,94.9475,94.9475,94.945,0,23,94.9475,105725,0,0,"",0
"2023-11-09","CRAZ23","CRA","CRA","CRA",0,"2024-03-20",0,1,94.925,94.93,584,94,0,6931,0,-0.005,94.93,94.935,94.925,0,606,94.93,117186,0,0,"",0
"2023-11-09","CRAH24","CRA","CRA","CRA",0,"2024-06-19",0,1,95.005,95.02,5,58,0,9984,0,-0.03,95.05,95.05,95.015,0,1673,95.025,117694,0,0,"",0
"2023-11-09","CRAM24","CRA","CRA","CRA",0,"2024-09-18",0,1,95.17,95.18,100,22,0,11441,0,-0.07,95.23,95.235,95.17,0,2680,95.19,97512,0,0,"",0
"2023-11-09","CRAU24","CRA","CRA","CRA",0,"2024-12-18",0,1,95.35,95.38,25,2,0,11152,0,-0.1,95.445,95.45,95.36,0,2561,95.385,68329,0,0,"",0
"2023-11-09","CRAZ24","CRA","CRA","CRA",0,"2025-03-19",0,1,95.565,95.605,5,17,0,8020,0,-0.125,95.69,95.7,95.58,0,1650,95.61,55788,0,0,"",0
"2023-11-09","CRAH25","CRA","CRA","CRA",0,"2025-06-18",0,1,0,95.865,0,25,0,5794,0,-0.135,95.925,95.925,95.78,0,847,95.815,29725,0,0,"",0
"2023-11-09","CRAM25","CRA","CRA","CRA",0,"2025-09-17",0,1,0,0,0,0,0,2492,0,-0.155,96.115,96.115,95.945,0,333,95.985,13469,0,0,"",0
"2023-11-09","CRAU25","CRA","CRA","CRA",0,"2025-12-17",0,1,0,0,0,0,0,1025,0,-0.165,96.19,96.195,96.06,0,126,96.11,11415,0,0,"",0
"2023-11-09","CRAZ25","CRA","CRA","CRA",0,"2026-03-18",0,1,0,0,0,0,0,476,0,-0.15,96.265,96.285,96.19,0,94,96.21,5964,0,0,"",0
"2023-11-09","CRAH26","CRA","CRA","CRA",0,"2026-06-17",0,1,0,0,0,0,0,159,0,-0.135,96.32,96.35,96.27,0,32,96.28,640,0,0,"",0
"2023-11-09","CRAM26","CRA","CRA","CRA",0,"2026-09-16",0,1,0,0,0,0,0,34,0,-0.06,96.365,96.405,96.365,0,7,96.33,390,0,0,"",0
"2023-11-10","CRAU23","CRA","CRA","CRA",0,"2023-12-20",0,1,94.945,94.9475,2841,1581,0,165,0,0,94.945,94.9475,94.945,0,17,94.9475,105873,0,0,"",0
"2023-11-10","CRAZ23","CRA","CRA","CRA",0,"2024-03-20",0,1,94.93,94.935,17,107,0,6536,0,0,94.925,94.94,94.92,0,617,94.935,114544,0,0,"",0
"2023-11-10","CRAH24","CRA","CRA","CRA",0,"2024-06-19",0,1,95.015,95.02,13,103,0,6305,0,-0.005,95.02,95.055,95.005,0,1038,95.02,115294,0,0,"",0
"2023-11-10","CRAM24","CRA","CRA","CRA",0,"2024-09-18",0,1,95.17,95.175,97,25,0,8876,0,-0.02,95.18,95.24,95.16,0,1493,95.18,99057,0,0,"",0
"2023-11-10","CRAU24","CRA","CRA","CRA",0,"2024-12-18",0,1,95.35,95.365,125,24,0,9198,0,-0.02,95.37,95.445,95.355,0,1703,95.37,66036,0,0,"",0
"2023-11-10","CRAZ24","CRA","CRA","CRA",0,"2025-03-19",0,1,95.56,95.575,100,100,0,9504,0,-0.035,95.59,95.67,95.57,0,1796,95.585,53757,0,0,"",0
"2023-11-10","CRAH25","CRA","CRA","CRA",0,"2025-06-18",0,1,95.76,95.78,200,25,0,4418,0,-0.04,95.79,95.87,95.77,0,929,95.79,29729,0,0,"",0
"2023-11-10","CRAM25","CRA","CRA","CRA",0,"2025-09-17",0,1,95.93,95.955,100,100,0,2068,0,-0.035,95.96,96.03,95.93,0,378,95.96,13242,0,0,"",0
"2023-11-10","CRAU25","CRA","CRA","CRA",0,"2025-12-17",0,1,96.05,96.09,54,50,0,610,0,-0.02,96.065,96.145,96.065,0,122,96.09,11474,0,0,"",0
"2023-11-10","CRAZ25","CRA","CRA","CRA",0,"2026-03-18",0,1,96.15,96.19,50,50,0,115,0,-0.03,96.235,96.24,96.18,0,22,96.195,6055,0,0,"",0
"2023-11-10","CRAH26","CRA","CRA","CRA",0,"2026-06-17",0,1,96.23,96.3,50,50,0,35,0,0,0,0,0,0,3,96.275,583,0,0,"",0
"2023-11-10","CRAM26","CRA","CRA","CRA",0,"2026-09-16",0,1,96.26,96.4,50,50,0,0,0,0,0,0,0,0,0,96.335,383,0,0,"",0
"2023-11-14","CRAU23","CRA","CRA","CRA",0,"2023-12-20",0,1,94.945,94.9475,2260,49,0,2291,0,-0.0025,94.9475,94.95,94.945,0,148,94.945,105860,0,0,"",0
"2023-11-14","CRAZ23","CRA","CRA","CRA",0,"2024-03-20",0,1,94.97,94.975,72,332,0,16691,0,0.04,94.935,94.975,94.925,0,1990,94.975,114125,0,0,"",0
"2023-11-14","CRAH24","CRA","CRA","CRA",0,"2024-06-19",0,1,95.14,95.145,2,150,0,16045,0,0.12,95.025,95.15,95.01,0,4403,95.15,113917,0,0,"",0
"2023-11-14","CRAM24","CRA","CRA","CRA",0,"2024-09-18",0,1,95.35,95.36,250,18,0,15267,0,0.18,95.185,95.375,95.17,0,3547,95.375,97745,0,0,"",0
"2023-11-14","CRAU24","CRA","CRA","CRA",0,"2024-12-18",0,1,95.57,95.585,50,126,0,12589,0,0.205,95.38,95.6,95.365,0,2845,95.595,63458,0,0,"",0
"2023-11-14","CRAZ24","CRA","CRA","CRA",0,"2025-03-19",0,1,95.785,95.795,100,31,0,11014,0,0.21,95.575,95.82,95.575,0,2123,95.815,52280,0,0,"",0
"2023-11-14","CRAH25","CRA","CRA","CRA",0,"2025-06-18",0,1,95.98,95.995,100,26,0,4493,0,0.205,95.815,96.02,95.775,0,737,96.015,29031,0,0,"",0
"2023-11-14","CRAM25","CRA","CRA","CRA",0,"2025-09-17",0,1,0,0,0,0,0,1755,0,0.215,95.985,96.185,95.95,0,372,96.185,13750,0,0,"",0
"2023-11-14","CRAU25","CRA","CRA","CRA",0,"2025-12-17",0,1,96.26,96.31,50,50,0,418,0,0.22,96.095,96.315,96.095,0,74,96.315,11746,0,0,"",0
"2023-11-14","CRAZ25","CRA","CRA","CRA",0,"2026-03-18",0,1,0,96.395,0,50,0,155,0,0.175,96.325,96.37,96.32,0,26,96.415,6090,0,0,"",0
"2023-11-14","CRAH26","CRA","CRA","CRA",0,"2026-06-17",0,1,0,0,0,0,0,82,0,0,0,0,0,0,6,96.48,618,0,0,"",0
"2023-11-14","CRAM26","CRA","CRA","CRA",0,"2026-09-16",0,1,0,0,0,0,0,51,0,0,0,0,0,0,3,96.535,383,0,0,"",0
"2023-11-15","CRAU23","CRA","CRA","CRA",0,"2023-12-20",0,1,94.9425,94.945,1079,550,0,3510,0,0,94.945,94.945,94.945,0,52,94.945,106340,0,0,"",0
"2023-11-15","CRAZ23","CRA","CRA","CRA",0,"2024-03-20",0,1,94.955,94.96,135,37,0,7928,0,-0.02,94.975,94.975,94.95,0,718,94.96,114361,0,0,"",0
"2023-11-15","CRAH24","CRA","CRA","CRA",0,"2024-06-19",0,1,95.095,95.105,86,165,0,8873,0,-0.055,95.15,95.155,95.085,0,2102,95.095,114989,0,0,"",0
"2023-11-15","CRAM24","CRA","CRA","CRA",0,"2024-09-18",0,1,95.28,95.3,260,275,0,8785,0,-0.085,95.36,95.375,95.27,0,1804,95.29,101595,0,0,"",0
"2023-11-15","CRAU24","CRA","CRA","CRA",0,"2024-12-18",0,1,95.485,95.505,50,100,0,6577,0,-0.105,95.575,95.59,95.475,0,1557,95.495,65579,0,0,"",0
"2023-11-15","CRAZ24","CRA","CRA","CRA",0,"2025-03-19",0,1,95.7,95.71,100,62,0,6450,0,-0.105,95.8,95.8,95.69,0,1518,95.715,53671,0,0,"",0
"2023-11-15","CRAH25","CRA","CRA","CRA",0,"2025-06-18",0,1,95.895,95.915,100,19,0,3951,0,-0.11,96.005,96.005,95.885,0,762,95.915,29838,0,0,"",0
"2023-11-15","CRAM25","CRA","CRA","CRA",0,"2025-09-17",0,1,96.06,0,23,0,0,1261,0,-0.11,96.175,96.18,96.05,0,261,96.085,14452,0,0,"",0
"2023-11-15","CRAU25","CRA","CRA","CRA",0,"2025-12-17",0,1,96.18,96.225,50,50,0,440,0,-0.105,96.235,96.305,96.18,0,77,96.21,11683,0,0,"",0
"2023-11-15","CRAZ25","CRA","CRA","CRA",0,"2026-03-18",0,1,0,0,0,0,0,101,0,-0.115,96.415,96.415,96.265,0,17,96.31,6087,0,0,"",0
"2023-11-15","CRAH26","CRA","CRA","CRA",0,"2026-06-17",0,1,0,0,0,0,0,2,0,-0.105,96.375,96.375,96.375,0,1,96.375,684,0,0,"",0
"2023-11-15","CRAM26","CRA","CRA","CRA",0,"2026-09-16",0,1,0,0,0,0,0,1,0,-0.105,96.43,96.43,96.43,0,1,96.43,422,0,0,"",0
"2023-11-16","CRAU23","CRA","CRA","CRA",0,"2023-12-20",0,1,94.945,94.9475,300,1184,0,654,0,0,94.945,94.945,94.945,0,7,94.945,105980,0,0,"",0
"2023-11-16","CRAZ23","CRA","CRA","CRA",0,"2024-03-20",0,1,94.965,94.97,1058,148,0,6426,0,0.005,94.965,94.975,94.965,0,476,94.965,111187,0,0,"",0
"2023-11-16","CRAH24","CRA","CRA","CRA",0,"2024-06-19",0,1,95.12,95.14,35,46,0,8942,0,0.04,95.105,95.16,95.105,0,1651,95.135,112851,0,0,"",0
"2023-11-16","CRAM24","CRA","CRA","CRA",0,"2024-09-18",0,1,95.285,95.375,5,10,0,11313,0,0.07,95.31,95.395,95.31,0,1991,95.365,102288,0,0,"",0
"2023-11-16","CRAU24","CRA","CRA","CRA",0,"2024-12-18",0,1,95.575,95.59,2,24,0,11338,0,0.095,95.52,95.625,95.52,0,1883,95.595,65960,0,0,"",0
"2023-11-16","CRAZ24","CRA","CRA","CRA",0,"2025-03-19",0,1,95.81,95.825,25,20,0,5787,0,0.1,95.745,95.85,95.735,0,956,95.825,53123,0,0,"",0
"2023-11-16","CRAH25","CRA","CRA","CRA",0,"2025-06-18",0,1,95.935,96.03,5,100,0,3031,0,0.11,95.955,96.06,95.935,0,703,96.03,30568,0,0,"",0
"2023-11-16","CRAM25","CRA","CRA","CRA",0,"2025-09-17",0,1,0,96.2,0,85,0,927,0,0.115,96.105,96.225,96.105,0,155,96.2,14812,0,0,"",0
"2023-11-16","CRAU25","CRA","CRA","CRA",0,"2025-12-17",0,1,96.315,0,12,0,0,321,0,0.12,96.255,96.35,96.245,0,83,96.325,11455,0,0,"",0
"2023-11-16","CRAZ25","CRA","CRA","CRA",0,"2026-03-18",0,1,0,0,0,0,0,155,0,0.12,96.415,96.44,96.385,0,49,96.425,6098,0,0,"",0
"2023-11-16","CRAH26","CRA","CRA","CRA",0,"2026-06-17",0,1,0,0,0,0,0,77,0,0.1,96.46,96.5,96.45,0,28,96.49,684,0,0,"",0
"2023-11-16","CRAM26","CRA","CRA","CRA",0,"2026-09-16",0,1,0,0,0,0,0,31,0,0.065,96.505,96.51,96.495,0,7,96.545,422,0,0,"",0
"2023-11-17","CRAU23","CRA","CRA","CRA",0,"2023-12-20",0,1,94.945,94.9475,541,1263,0,10935,0,0.0025,94.9475,94.9475,94.945,0,84,94.945,106484,0,0,"",0
"2023-11-17","CRAZ23","CRA","CRA","CRA",0,"2024-03-20",0,1,94.96,94.97,41,76,0,9622,0,0,94.975,94.975,94.96,0,713,94.96,113263,0,0,"",0
"2023-11-17","CRAH24","CRA","CRA","CRA",0,"2024-06-19",0,1,95.12,95.125,55,25,0,8428,0,-0.015,95.145,95.155,95.11,0,1479,95.115,113074,0,0,"",0
"2023-11-17","CRAM24","CRA","CRA","CRA",0,"2024-09-18",0,1,95.32,95.335,25,13,0,14051,0,-0.04,95.375,95.385,95.315,0,2060,95.32,102257,0,0,"",0
"2023-11-17","CRAU24","CRA","CRA","CRA",0,"2024-12-18",0,1,95.525,95.555,100,5,0,11185,0,-0.05,95.61,95.62,95.535,0,1742,95.54,65660,0,0,"",0
"2023-11-17","CRAZ24","CRA","CRA","CRA",0,"2025-03-19",0,1,95.765,95.77,25,5,0,6631,0,-0.055,95.855,95.86,95.755,0,944,95.76,54094,0,0,"",0
"2023-11-17","CRAH25","CRA","CRA","CRA",0,"2025-06-18",0,1,95.97,0,5,0,0,3203,0,-0.06,96.02,96.07,95.955,0,571,95.96,30762,0,0,"",0
"2023-11-17","CRAM25","CRA","CRA","CRA",0,"2025-09-17",0,1,96.135,0,22,0,0,2077,0,-0.055,96.24,96.24,96.125,0,337,96.13,15060,0,0,"",0
"2023-11-17","CRAU25","CRA","CRA","CRA",0,"2025-12-17",0,1,0,0,0,0,0,949,0,-0.05,96.355,96.365,96.26,0,183,96.255,11538,0,0,"",0
"2023-11-17","CRAZ25","CRA","CRA","CRA",0,"2026-03-18",0,1,0,0,0,0,0,155,0,-0.035,96.445,96.45,96.38,0,26,96.355,6098,0,0,"",0
"2023-11-17","CRAH26","CRA","CRA","CRA",0,"2026-06-17",0,1,0,0,0,0,0,119,0,-0.025,96.515,96.515,96.45,0,13,96.425,755,0,0,"",0
"2023-11-17","CRAM26","CRA","CRA","CRA",0,"2026-09-16",0,1,0,0,0,0,0,51,0,0.015,96.56,96.56,96.56,0,3,96.48,451,0,0,"",0
"2023-11-20","CRAU23","CRA","CRA","CRA",0,"2023-12-20",0,1,94.945,94.9475,1481,1557,94.945,4,94.945,0,94.945,94.945,94.945,379,1,94.945,114024,0,0,"",0
"2023-11-20","CRAZ23","CRA","CRA","CRA",0,"2024-03-20",0,1,94.96,94.97,106,334,94.965,11945,94.96,0.005,94.96,94.97,94.955,1133532,999,94.965,112153,0,0,"",0
"2023-11-20","CRAH24","CRA","CRA","CRA",0,"2024-06-19",0,1,95.115,95.13,157,335,95.12,16892,95.115,0.005,95.095,95.135,95.095,1605728,3231,95.12,113857,0,0,"",0
"2023-11-20","CRAM24","CRA","CRA","CRA",0,"2024-09-18",0,1,95.34,95.355,50,250,95.345,15474,95.32,0.025,95.295,95.355,95.295,1473708,3412,95.345,101043,0,0,"",0
"2023-11-20","CRAU24","CRA","CRA","CRA",0,"2024-12-18",0,1,95.57,95.585,182,104,95.575,9328,95.54,0.035,95.53,95.585,95.51,890281,2232,95.575,65531,0,0,"",0
"2023-11-20","CRAZ24","CRA","CRA","CRA",0,"2025-03-19",0,1,95.795,95.8,50,25,95.8,6091,95.76,0.04,95.74,95.805,95.73,582723,1119,95.8,54692,0,0,"",0
"2023-11-20","CRAH25","CRA","CRA","CRA",0,"2025-06-18",0,1,96,96.005,50,25,95.995,3367,95.96,0.035,95.945,96.01,95.93,322849,527,96,30902,0,0,"",0
"2023-11-20","CRAM25","CRA","CRA","CRA",0,"2025-09-17",0,1,96.16,96.195,100,100,96.17,1372,96.13,0.04,96.13,96.18,96.115,131811,313,96.17,15508,0,0,"",0
"2023-11-20","CRAU25","CRA","CRA","CRA",0,"2025-12-17",0,1,96.275,96.315,50,17,96.31,208,96.255,0.055,96.265,96.31,96.265,20008,48,96.3,12008,0,0,"",0
"2023-11-20","CRAZ25","CRA","CRA","CRA",0,"2026-03-18",0,1,0,0,0,0,96.415,55,96.355,0.06,96.365,96.415,96.365,5298,11,96.4,6075,0,0,"",0
"2023-11-20","CRAH26","CRA","CRA","CRA",0,"2026-06-17",0,1,0,0,0,0,96.44,54,96.425,0.015,96.44,96.44,96.44,5206,5,96.47,638,0,0,"",0
"2023-11-20","CRAM26","CRA","CRA","CRA",0,"2026-09-16",0,1,0,0,0,0,96.49,28,96.48,0.01,96.49,96.49,96.49,2701,4,96.53,401,0,0,"",0
"2023-11-21","CRAU23","CRA","CRA","CRA",0,"2023-12-20",0,1,94.9475,94.95,2028,5544,94.9475,1541,94.945,0.0025,94.9475,94.95,94.9475,146305,25,94.95,114020,0,0,"",0
"2023-11-21","CRAZ23","CRA","CRA","CRA",0,"2024-03-20",0,1,94.975,94.98,68,631,94.975,14291,94.965,0.01,94.965,94.98,94.955,1355995,1506,94.975,113577,0,0,"",0
"2023-11-21","CRAH24","CRA","CRA","CRA",0,"2024-06-19",0,1,95.12,95.125,107,31,95.125,24716,95.12,0.005,95.115,95.155,95.105,2350078,3713,95.125,117625,0,0,"",0
"2023-11-21","CRAM24","CRA","CRA","CRA",0,"2024-09-18",0,1,95.345,95.35,100,30,95.35,17584,95.345,0.005,95.345,95.38,95.33,1674809,4555,95.35,101976,0,0,"",0
"2023-11-21","CRAU24","CRA","CRA","CRA",0,"2024-12-18",0,1,95.58,95.585,25,84,95.585,24320,95.575,0.01,95.58,95.625,95.565,2323132,3121,95.59,65124,0,0,"",0
"2023-11-21","CRAZ24","CRA","CRA","CRA",0,"2025-03-19",0,1,95.82,95.825,75,11,95.825,14419,95.8,0.025,95.81,95.865,95.795,1380335,2242,95.825,53672,0,0,"",0
"2023-11-21","CRAH25","CRA","CRA","CRA",0,"2025-06-18",0,1,96.025,96.035,50,14,96.03,13162,96,0.03,96.01,96.075,96.005,1263725,2136,96.035,30931,0,0,"",0
"2023-11-21","CRAM25","CRA","CRA","CRA",0,"2025-09-17",0,1,0,96.205,0,18,96.2,3132,96.17,0.03,96.2,96.25,96.175,301080,734,96.21,15617,0,0,"",0
"2023-11-21","CRAU25","CRA","CRA","CRA",0,"2025-12-17",0,1,96.33,96.35,2,27,96.34,2136,96.3,0.04,96.33,96.39,96.32,205461,841,96.35,11743,0,0,"",0
"2023-11-21","CRAZ25","CRA","CRA","CRA",0,"2026-03-18",0,1,0,0,0,0,96.445,349,96.4,0.045,96.435,96.495,96.435,33610,120,96.455,6110,0,0,"",0
"2023-11-21","CRAH26","CRA","CRA","CRA",0,"2026-06-17",0,1,0,0,0,0,96.56,169,96.47,0.09,96.53,96.57,96.53,16302,30,96.525,640,0,0,"",0
"2023-11-21","CRAM26","CRA","CRA","CRA",0,"2026-09-16",0,1,0,0,0,0,0,43,0,0,0,0,0,4151,5,96.585,378,0,0,"",0
"2023-11-22","CRAU23","CRA","CRA","CRA",0,"2023-12-20",0,1,94.945,94.9475,4906,200,94.9475,2248,94.95,-0.0025,94.95,94.95,94.9475,213433,20,94.9475,114249,0,0,"",0
"2023-11-22","CRAZ23","CRA","CRA","CRA",0,"2024-03-20",0,1,94.98,94.985,250,415,94.98,10903,94.975,0.005,94.975,94.99,94.97,1034816,870,94.98,114940,0,0,"",0
"2023-11-22","CRAH24","CRA","CRA","CRA",0,"2024-06-19",0,1,95.115,95.13,71,50,95.135,11875,95.125,0.01,95.125,95.15,95.105,1129029,1725,95.125,120293,0,0,"",0
"2023-11-22","CRAM24","CRA","CRA","CRA",0,"2024-09-18",0,1,0,95.345,0,150,95.34,8792,95.35,-0.01,95.345,95.385,95.315,837531,1375,95.335,104998,0,0,"",0
"2023-11-22","CRAU24","CRA","CRA","CRA",0,"2024-12-18",0,1,95.565,95.57,111,16,95.565,7448,95.59,-0.025,95.585,95.63,95.54,711067,1544,95.56,69694,0,0,"",0
"2023-11-22","CRAZ24","CRA","CRA","CRA",0,"2025-03-19",0,1,95.78,95.805,167,1,95.79,10678,95.825,-0.035,95.82,95.88,95.77,1022159,1429,95.79,53488,0,0,"",0
"2023-11-22","CRAH25","CRA","CRA","CRA",0,"2025-06-18",0,1,0,96.005,0,5,95.995,4311,96.035,-0.04,96.035,96.09,95.98,413553,840,95.995,33283,0,0,"",0
"2023-11-22","CRAM25","CRA","CRA","CRA",0,"2025-09-17",0,1,0,0,0,0,96.175,2757,96.21,-0.035,96.21,96.265,96.155,264969,576,96.17,15246,0,0,"",0
"2023-11-22","CRAU25","CRA","CRA","CRA",0,"2025-12-17",0,1,96.29,96.365,25,2,96.31,642,96.35,-0.04,96.34,96.415,96.295,61786,136,96.31,12363,0,0,"",0
"2023-11-22","CRAZ25","CRA","CRA","CRA",0,"2026-03-18",0,1,0,0,0,0,96.42,208,96.455,-0.035,96.485,96.53,96.4,20043,43,96.42,6203,0,0,"",0
"2023-11-22","CRAH26","CRA","CRA","CRA",0,"2026-06-17",0,1,0,0,0,0,96.505,29,96.525,-0.02,96.59,96.59,96.48,2795,6,96.495,703,0,0,"",0
"2023-11-22","CRAM26","CRA","CRA","CRA",0,"2026-09-16",0,1,0,0,0,0,96.54,1,96.585,-0.045,96.54,96.54,96.54,96,1,96.555,366,0,0,"",0
"2023-11-23","CRAU23","CRA","CRA","CRA",0,"2023-12-20",0,1,94.945,94.9475,3381,1570,0,0,0,0,0,0,0,0,0,94.9475,115474,0,0,"",0
"2023-11-23","CRAZ23","CRA","CRA","CRA",0,"2024-03-20",0,1,94.975,94.98,487,61,94.975,3529,94.98,-0.005,94.985,94.985,94.975,334834,397,94.98,115614,0,0,"",0
"2023-11-23","CRAH24","CRA","CRA","CRA",0,"2024-06-19",0,1,95.105,95.12,305,10,95.115,1799,95.125,-0.01,95.135,95.135,95.115,171022,349,95.12,121341,0,0,"",0
"2023-11-23","CRAM24","CRA","CRA","CRA",0,"2024-09-18",0,1,95.305,95.335,250,250,95.32,1771,95.335,-0.015,95.345,95.345,95.315,168684,275,95.32,105326,0,0,"",0
"2023-11-23","CRAU24","CRA","CRA","CRA",0,"2024-12-18",0,1,95.515,95.545,100,132,95.53,2137,95.56,-0.03,95.57,95.57,95.53,204042,319,95.535,70052,0,0,"",0
"2023-11-23","CRAZ24","CRA","CRA","CRA",0,"2025-03-19",0,1,95.745,95.755,100,25,95.755,2638,95.79,-0.035,95.795,95.795,95.75,252435,355,95.755,56043,0,0,"",0
"2023-11-23","CRAH25","CRA","CRA","CRA",0,"2025-06-18",0,1,95.935,95.95,100,16,95.95,1551,95.995,-0.045,96,96,95.95,148607,279,95.955,33339,0,0,"",0
"2023-11-23","CRAM25","CRA","CRA","CRA",0,"2025-09-17",0,1,96.1,96.135,100,7,96.135,831,96.17,-0.035,96.135,96.15,96.125,79835,173,96.13,16182,0,0,"",0
"2023-11-23","CRAU25","CRA","CRA","CRA",0,"2025-12-17",0,1,96.23,96.29,50,50,96.28,932,96.31,-0.03,96.28,96.285,96.27,89698,89,96.27,12460,0,0,"",0
"2023-11-23","CRAZ25","CRA","CRA","CRA",0,"2026-03-18",0,1,96.34,96.39,50,50,0,2,0,0,0,0,0,192,2,96.38,6292,0,0,"",0
"2023-11-23","CRAH26","CRA","CRA","CRA",0,"2026-06-17",0,1,0,0,0,0,96.47,1,96.495,-0.025,96.47,96.47,96.47,96,1,96.455,706,0,0,"",0
"2023-11-23","CRAM26","CRA","CRA","CRA",0,"2026-09-16",0,1,0,0,0,0,0,0,0,0,0,0,0,0,0,96.515,367,0,0,"",0
"2023-11-24","CRAU23","CRA","CRA","CRA",0,"2023-12-20",0,1,94.9425,94.9475,987,1930,94.9425,3398,94.9475,-0.005,94.945,94.945,94.9425,322607,29,94.9425,115474,0,0,"",0
"2023-11-24","CRAZ23","CRA","CRA","CRA",0,"2024-03-20",0,1,94.97,94.975,1505,65,94.97,11144,94.98,-0.01,94.975,94.985,94.97,1056682,1902,94.975,115838,0,0,"",0
"2023-11-24","CRAH24","CRA","CRA","CRA",0,"2024-06-19",0,1,95.095,95.1,43,128,95.095,6303,95.12,-0.025,95.115,95.115,95.065,599011,1202,95.1,121559,0,0,"",0
"2023-11-24","CRAM24","CRA","CRA","CRA",0,"2024-09-18",0,1,95.285,95.315,101,40,95.295,8548,95.32,-0.025,95.315,95.315,95.24,813945,979,95.295,105241,0,0,"",0
"2023-11-24","CRAU24","CRA","CRA","CRA",0,"2024-12-18",0,1,0,95.515,0,1,95.515,5258,95.535,-0.02,95.525,95.525,95.45,501439,1315,95.51,69945,0,0,"",0
"2023-11-24","CRAZ24","CRA","CRA","CRA",0,"2025-03-19",0,1,95.67,95.74,40,38,95.74,4727,95.755,-0.015,95.74,95.745,95.675,451910,928,95.73,54541,0,0,"",0
"2023-11-24","CRAH25","CRA","CRA","CRA",0,"2025-06-18",0,1,0,0,0,0,95.94,4537,95.955,-0.015,95.94,95.945,95.88,434711,635,95.935,33247,0,0,"",0
"2023-11-24","CRAM25","CRA","CRA","CRA",0,"2025-09-17",0,1,0,0,0,0,96.115,1440,96.13,-0.015,96.11,96.12,96.055,138285,288,96.11,16266,0,0,"",0
"2023-11-24","CRAU25","CRA","CRA","CRA",0,"2025-12-17",0,1,0,0,0,0,96.255,222,96.27,-0.015,96.23,96.255,96.195,21335,63,96.25,13032,0,0,"",0
"2023-11-24","CRAZ25","CRA","CRA","CRA",0,"2026-03-18",0,1,0,0,0,0,96.31,87,96.38,-0.07,96.33,96.34,96.31,8365,30,96.36,6292,0,0,"",0
"2023-11-24","CRAH26","CRA","CRA","CRA",0,"2026-06-17",0,1,0,0,0,0,0,7,0,0,0,0,0,674,3,96.445,706,0,0,"",0
"2023-11-24","CRAM26","CRA","CRA","CRA",0,"2026-09-16",0,1,0,0,0,0,0,0,0,0,0,0,0,0,0,96.51,367,0,0,"",0
"2023-11-27","CRAU23","CRA","CRA","CRA",0,"2023-12-20",0,1,94.9425,94.945,107,673,0,1,0,0,94.9425,94.9425,94.9425,0,1,94.9425,115339,0,0,"",0
"2023-11-27","CRAZ23","CRA","CRA","CRA",0,"2024-03-20",0,1,94.975,94.98,669,1210,0,11937,0,0.005,94.97,94.98,94.97,0,875,94.975,114846,0,0,"",0
"2023-11-27","CRAH24","CRA","CRA","CRA",0,"2024-06-19",0,1,95.115,95.12,355,290,0,6880,0,0.02,95.09,95.12,95.085,0,1477,95.115,119205,0,0,"",0
"2023-11-27","CRAM24","CRA","CRA","CRA",0,"2024-09-18",0,1,95.32,95.34,10,10,0,7497,0,0.035,95.29,95.34,95.28,0,1541,95.32,108775,0,0,"",0
"2023-11-27","CRAU24","CRA","CRA","CRA",0,"2024-12-18",0,1,95.565,95.57,25,25,0,8846,0,0.055,95.495,95.575,95.49,0,1819,95.56,65954,0,0,"",0
"2023-11-27","CRAZ24","CRA","CRA","CRA",0,"2025-03-19",0,1,95.795,95.81,25,50,0,7739,0,0.07,95.715,95.805,95.715,0,1302,95.8,54506,0,0,"",0
"2023-11-27","CRAH25","CRA","CRA","CRA",0,"2025-06-18",0,1,96.015,96.02,25,50,0,4140,0,0.08,95.925,96.025,95.91,0,841,96.02,31654,0,0,"",0
"2023-11-27","CRAM25","CRA","CRA","CRA",0,"2025-09-17",0,1,96.205,96.21,25,25,0,3297,0,0.095,96.085,96.21,96.085,0,1013,96.21,16364,0,0,"",0
"2023-11-27","CRAU25","CRA","CRA","CRA",0,"2025-12-17",0,1,0,0,0,0,0,1272,0,0.1,96.28,96.36,96.255,0,410,96.36,12932,0,0,"",0
"2023-11-27","CRAZ25","CRA","CRA","CRA",0,"2026-03-18",0,1,0,96.48,0,12,0,1352,0,0.12,96.385,96.49,96.365,0,422,96.48,6351,0,0,"",0
"2023-11-27","CRAH26","CRA","CRA","CRA",0,"2026-06-17",0,1,0,0,0,0,0,254,0,0.12,96.46,96.575,96.46,0,50,96.565,699,0,0,"",0
"2023-11-27","CRAM26","CRA","CRA","CRA",0,"2026-09-16",0,1,0,0,0,0,0,49,0,0.025,96.535,96.535,96.535,0,4,96.63,367,0,0,"",0
"2023-11-28","CRAU23","CRA","CRA","CRA",0,"2023-12-20",0,1,94.9425,94.945,507,423,0,0,0,0,0,0,0,0,0,94.9425,115339,0,0,"",0
"2023-11-28","CRAZ23","CRA","CRA","CRA",0,"2024-03-20",0,1,94.99,94.995,288,39,0,14223,0,0.02,94.975,94.995,94.97,0,997,94.985,117688,0,0,"",0
"2023-11-28","CRAH24","CRA","CRA","CRA",0,"2024-06-19",0,1,95.175,95.185,15,120,0,16131,0,0.07,95.12,95.185,95.105,0,2177,95.175,119695,0,0,"",0
"2023-11-28","CRAM24","CRA","CRA","CRA",0,"2024-09-18",0,1,95.415,95.425,305,104,0,17695,0,0.105,95.325,95.43,95.305,0,2245,95.42,107116,0,0,"",0
"2023-11-28","CRAU24","CRA","CRA","CRA",0,"2024-12-18",0,1,95.67,95.685,25,1,0,12120,0,0.115,95.57,95.68,95.54,0,2276,95.675,67242,0,0,"",0
"2023-11-28","CRAZ24","CRA","CRA","CRA",0,"2025-03-19",0,1,95.915,95.94,100,100,0,15385,0,0.125,95.79,95.925,95.775,0,2485,95.92,57454,0,0,"",0
"2023-11-28","CRAH25","CRA","CRA","CRA",0,"2025-06-18",0,1,96.15,96.16,45,100,0,10490,0,0.13,96,96.155,95.99,0,1446,96.145,32313,0,0,"",0
"2023-11-28","CRAM25","CRA","CRA","CRA",0,"2025-09-17",0,1,96.325,96.36,100,100,0,3505,0,0.125,96.185,96.345,96.175,0,660,96.335,16954,0,0,"",0
"2023-11-28","CRAU25","CRA","CRA","CRA",0,"2025-12-17",0,1,96.47,96.52,50,50,0,2647,0,0.115,96.325,96.485,96.325,0,323,96.48,13077,0,0,"",0
"2023-11-28","CRAZ25","CRA","CRA","CRA",0,"2026-03-18",0,1,96.565,96.625,50,50,0,1307,0,0.09,96.45,96.57,96.45,0,139,96.6,7009,0,0,"",0
"2023-11-28","CRAH26","CRA","CRA","CRA",0,"2026-06-17",0,1,0,0,0,0,0,96,0,0.02,96.585,96.59,96.585,0,12,96.685,804,0,0,"",0
"2023-11-28","CRAM26","CRA","CRA","CRA",0,"2026-09-16",0,1,0,0,0,0,0,50,0,0,0,0,0,0,2,96.75,342,0,0,"",0