"Date","Symbol","Class Symbol","Root Symbol","Underlying Symbol","Strike Price","Expiry Date","Call/Put","Ins. Type","Bid Price","Ask Price","Bid Size","Ask Size","Last Price","Volume","Last Close Price","Net Change","Open Price","High Price","Low Price","Total Value","Nb. Trades","Settlement Price","Open Interest","Implied Volatility","Accrued Financing Value","Accrued Financing Date","CORRA Rate"
"2022-01-04","BAXF22","BAX","BAX","BAX",0,"2022-01-17",0,1,0,0,0,0,0,0,0,0,0,0,0,0,0,99.43,0,0,0,"",0
"2022-01-04","BAXG22","BAX","BAX","BAX",0,"2022-02-14",0,1,0,0,0,0,0,0,0,0,0,0,0,0,0,99.27,0,0,0,"",0
"2022-01-04","BAXH22","BAX","BAX","BAX",0,"2022-03-14",0,1,99.18,99.185,7,21,99.185,5698,99.175,0.01,99.165,99.185,99.14,564728,811,99.175,206182,0,0,"",0
"2022-01-04","BAXM22","BAX","BAX","BAX",0,"2022-06-13",0,1,98.74,98.75,142,88,98.745,8498,98.75,-0.005,98.725,98.76,98.715,838189,1587,98.75,168459,0,0,"",0
"2022-01-04","BAXU22","BAX","BAX","BAX",0,"2022-09-19",0,1,98.405,98.415,19,1,98.41,14016,98.42,-0.01,98.395,98.435,98.375,1378307,2090,98.42,162401,0,0,"",0
"2022-01-04","BAXZ22","BAX","BAX","BAX",0,"2022-12-19",0,1,98.18,98.31,1,43,98.21,16769,98.21,0,98.18,98.23,98.16,1645718,2468,98.21,147176,0,0,"",0
"2022-01-04","BAXH23","BAX","BAX","BAX",0,"2023-03-13",0,1,98.015,98.03,94,19,98.03,8793,98.025,0.005,98.005,98.045,97.975,861519,1151,98.025,100396,0,0,"",0
"2022-01-04","BAXM23","BAX","BAX","BAX",0,"2023-06-19",0,1,97.87,97.885,86,30,97.88,5382,97.885,-0.005,97.91,97.91,97.83,526377,565,97.885,62624,0,0,"",0
"2022-01-04","BAXU23","BAX","BAX","BAX",0,"2023-09-18",0,1,0,0,0,0,97.765,3588,97.78,-0.015,97.75,97.795,97.725,350412,647,97.78,55897,0,0,"",0
"2022-01-04","BAXZ23","BAX","BAX","BAX",0,"2023-12-18",0,1,97.695,98.3,8,1,97.705,4852,97.725,-0.02,97.71,97.74,97.665,473323,1306,97.725,41751,0,0,"",0
"2022-01-04","BAXH24","BAX","BAX","BAX",0,"2024-03-18",0,1,97.645,0,81,0,97.65,1018,97.675,-0.025,97.64,97.67,97.6,99322,151,97.675,15976,0,0,"",0
"2022-01-04","BAXM24","BAX","BAX","BAX",0,"2024-06-17",0,1,97.4,0,1,0,97.605,159,97.63,-0.025,97.565,97.615,97.565,15504,28,97.63,8065,0,0,"",0
"2022-01-04","BAXU24","BAX","BAX","BAX",0,"2024-09-16",0,1,0,0,0,0,97.55,47,97.695,-0.145,97.535,97.55,97.535,4581,10,97.59,2231,0,0,"",0
"2022-01-04","BAXZ24","BAX","BAX","BAX",0,"2024-12-16",0,1,97.3,98,1,1,97.515,30,97.68,-0.165,97.51,97.515,97.51,2924,6,97.565,400,0,0,"",0
"2022-01-05","BAXF22","BAX","BAX","BAX",0,"2022-01-17",0,1,0,0,0,0,0,0,0,0,0,0,0,0,0,99.41,0,0,0,"",0
"2022-01-05","BAXG22","BAX","BAX","BAX",0,"2022-02-14",0,1,0,0,0,0,0,0,0,0,0,0,0,0,0,99.25,0,0,0,"",0
"2022-01-05","BAXH22","BAX","BAX","BAX",0,"2022-03-14",0,1,99.155,99.16,55,722,0,14158,0,0.005,99.185,99.19,99.155,0,963,99.155,205930,0,0,"",0
"2022-01-05","BAXM22","BAX","BAX","BAX",0,"2022-06-13",0,1,98.705,98.71,171,1,0,10767,0,0,98.75,98.76,98.705,0,1725,98.71,170346,0,0,"",0
"2022-01-05","BAXU22","BAX","BAX","BAX",0,"2022-09-19",0,1,98.375,98.385,174,221,0,14812,0,0,98.415,98.43,98.375,0,2147,98.38,163741,0,0,"",0
"2022-01-05","BAXZ22","BAX","BAX","BAX",0,"2022-12-19",0,1,98.165,98.17,690,128,0,13603,0,0,98.215,98.225,98.155,0,2654,98.165,150113,0,0,"",0
"2022-01-05","BAXH23","BAX","BAX","BAX",0,"2023-03-13",0,1,97.995,98,247,38,0,11137,0,0.005,98.035,98.05,97.98,0,1762,97.99,101758,0,0,"",0
"2022-01-05","BAXM23","BAX","BAX","BAX",0,"2023-06-19",0,1,97.84,97.855,217,44,0,6156,0,0.01,97.895,97.9,97.83,0,883,97.84,63173,0,0,"",0
"2022-01-05","BAXU23","BAX","BAX","BAX",0,"2023-09-18",0,1,0,97.78,0,1,0,4387,0,0.005,97.785,97.795,97.725,0,906,97.735,55940,0,0,"",0
"2022-01-05","BAXZ23","BAX","BAX","BAX",0,"2023-12-18",0,1,97.46,97.69,52,104,0,5959,0,-0.005,97.74,97.74,97.665,0,1167,97.685,42807,0,0,"",0
"2022-01-05","BAXH24","BAX","BAX","BAX",0,"2024-03-18",0,1,97.63,0,28,0,0,507,0,-0.005,97.67,97.67,97.63,0,152,97.635,16315,0,0,"",0
"2022-01-05","BAXM24","BAX","BAX","BAX",0,"2024-06-17",0,1,97.585,97.6,25,50,0,37,0,-0.02,97.605,97.61,97.605,0,10,97.59,7922,0,0,"",0
"2022-01-05","BAXU24","BAX","BAX","BAX",0,"2024-09-16",0,1,0,97.565,0,50,0,51,0,-0.03,97.57,97.57,97.56,0,4,97.55,2238,0,0,"",0
"2022-01-05","BAXZ24","BAX","BAX","BAX",0,"2024-12-16",0,1,97.3,98,1,1,0,89,0,-0.015,97.55,97.55,97.55,0,5,97.525,418,0,0,"",0
"2022-01-06","BAXF22","BAX","BAX","BAX",0,"2022-01-17",0,1,0,0,0,0,0,0,0,0,0,0,0,0,0,99.395,0,0,0,"",0
"2022-01-06","BAXG22","BAX","BAX","BAX",0,"2022-02-14",0,1,0,0,0,0,0,0,0,0,0,0,0,0,0,99.235,0,0,0,"",0
"2022-01-06","BAXH22","BAX","BAX","BAX",0,"2022-03-14",0,1,99.135,99.14,220,89,0,11664,0,0,99.155,99.155,99.13,0,1528,99.14,205767,0,0,"",0
"2022-01-06","BAXM22","BAX","BAX","BAX",0,"2022-06-13",0,1,98.68,98.685,204,23,0,8064,0,-0.01,98.7,98.7,98.68,0,941,98.69,173134,0,0,"",0
"2022-01-06","BAXU22","BAX","BAX","BAX",0,"2022-09-19",0,1,98.34,98.345,30,60,0,11183,0,-0.01,98.365,98.37,98.34,0,1250,98.355,165190,0,0,"",0
"2022-01-06","BAXZ22","BAX","BAX","BAX",0,"2022-12-19",0,1,98.12,98.135,20,10,0,11071,0,-0.005,98.15,98.155,98.12,0,1288,98.135,145166,0,0,"",0
"2022-01-06","BAXH23","BAX","BAX","BAX",0,"2023-03-13",0,1,97.935,97.95,36,96,0,7333,0,-0.01,97.98,97.98,97.94,0,840,97.955,101136,0,0,"",0
"2022-01-06","BAXM23","BAX","BAX","BAX",0,"2023-06-19",0,1,97.79,97.8,25,31,0,5981,0,-0.015,97.83,97.83,97.79,0,902,97.805,64059,0,0,"",0
"2022-01-06","BAXU23","BAX","BAX","BAX",0,"2023-09-18",0,1,0,0,0,0,0,4462,0,-0.015,97.705,97.715,97.675,0,941,97.695,55866,0,0,"",0
"2022-01-06","BAXZ23","BAX","BAX","BAX",0,"2023-12-18",0,1,97.605,97.655,25,8,0,3732,0,-0.02,97.655,97.655,97.61,0,398,97.63,42100,0,0,"",0
"2022-01-06","BAXH24","BAX","BAX","BAX",0,"2024-03-18",0,1,0,97.555,0,3,0,1014,0,-0.02,97.605,97.605,97.555,0,90,97.575,16223,0,0,"",0
"2022-01-06","BAXM24","BAX","BAX","BAX",0,"2024-06-17",0,1,97.4,0,1,0,0,438,0,-0.02,97.545,97.555,97.51,0,32,97.53,7901,0,0,"",0
"2022-01-06","BAXU24","BAX","BAX","BAX",0,"2024-09-16",0,1,0,97.525,0,25,0,328,0,-0.015,97.52,97.53,97.485,0,22,97.5,2242,0,0,"",0
"2022-01-06","BAXZ24","BAX","BAX","BAX",0,"2024-12-16",0,1,97.3,98,1,1,0,242,0,-0.005,97.485,97.51,97.47,0,23,97.475,443,0,0,"",0
"2022-01-07","BAXF22","BAX","BAX","BAX",0,"2022-01-17",0,1,0,0,0,0,0,0,0,0,0,0,0,0,0,99.395,0,0,0,"",0
"2022-01-07","BAXG22","BAX","BAX","BAX",0,"2022-02-14",0,1,0,0,0,0,0,0,0,0,0,0,0,0,0,99.235,0,0,0,"",0
"2022-01-07","BAXH22","BAX","BAX","BAX",0,"2022-03-14",0,1,99.14,99.145,147,109,0,12139,0,0.005,99.135,99.15,99.12,0,1036,99.14,205718,0,0,"",0
"2022-01-07","BAXM22","BAX","BAX","BAX",0,"2022-06-13",0,1,98.675,98.68,91,9,0,9766,0,0,98.66,98.695,98.66,0,1171,98.675,166458,0,0,"",0
"2022-01-07","BAXU22","BAX","BAX","BAX",0,"2022-09-19",0,1,98.34,98.345,19,214,0,8314,0,0,98.35,98.365,98.275,0,1128,98.34,164046,0,0,"",0
"2022-01-07","BAXZ22","BAX","BAX","BAX",0,"2022-12-19",0,1,98.1,98.115,45,143,0,10256,0,-0.005,98.115,98.15,98.1,0,1414,98.115,141987,0,0,"",0
"2022-01-07","BAXH23","BAX","BAX","BAX",0,"2023-03-13",0,1,97.845,97.935,5,100,0,9866,0,-0.005,97.93,97.955,97.9,0,1071,97.925,100172,0,0,"",0
"2022-01-07","BAXM23","BAX","BAX","BAX",0,"2023-06-19",0,1,97.77,97.98,25,41,0,5263,0,0,97.785,97.8,97.75,0,530,97.775,63603,0,0,"",0
"2022-01-07","BAXU23","BAX","BAX","BAX",0,"2023-09-18",0,1,97.66,0,65,0,0,3398,0,0.005,97.66,97.675,97.63,0,483,97.665,56181,0,0,"",0
"2022-01-07","BAXZ23","BAX","BAX","BAX",0,"2023-12-18",0,1,97.59,97.625,19,12,0,4049,0,0.01,97.61,97.615,97.56,0,699,97.6,42365,0,0,"",0
"2022-01-07","BAXH24","BAX","BAX","BAX",0,"2024-03-18",0,1,97.55,0,25,0,0,1141,0,0.01,97.555,97.565,97.51,0,213,97.55,16567,0,0,"",0
"2022-01-07","BAXM24","BAX","BAX","BAX",0,"2024-06-17",0,1,97.4,0,1,0,0,1005,0,0.015,97.515,97.535,97.485,0,131,97.515,7713,0,0,"",0
"2022-01-07","BAXU24","BAX","BAX","BAX",0,"2024-09-16",0,1,0,0,0,0,0,601,0,0.025,97.46,97.51,97.46,0,89,97.485,2465,0,0,"",0
"2022-01-07","BAXZ24","BAX","BAX","BAX",0,"2024-12-16",0,1,97.45,98,16,1,0,163,0,0.01,97.465,97.47,97.45,0,21,97.46,499,0,0,"",0
"2022-01-10","BAXF22","BAX","BAX","BAX",0,"2022-01-17",0,1,0,0,0,0,0,0,0,0,0,0,0,0,0,99.395,0,0,0,"",0
"2022-01-10","BAXG22","BAX","BAX","BAX",0,"2022-02-14",0,1,0,0,0,0,0,0,0,0,0,0,0,0,0,99.235,0,0,0,"",0
"2022-01-10","BAXH22","BAX","BAX","BAX",0,"2022-03-14",0,1,99.14,99.145,354,459,0,6370,0,0,99.145,99.15,99.135,0,642,99.14,205261,0,0,"",0
"2022-01-10","BAXM22","BAX","BAX","BAX",0,"2022-06-13",0,1,98.67,98.675,117,46,0,6996,0,0,98.67,98.68,98.65,0,1085,98.67,171324,0,0,"",0
"2022-01-10","BAXU22","BAX","BAX","BAX",0,"2022-09-19",0,1,98.335,98.34,1,11,0,7401,0,0,98.32,98.345,98.31,0,959,98.335,164811,0,0,"",0
"2022-01-10","BAXZ22","BAX","BAX","BAX",0,"2022-12-19",0,1,98.105,98.15,26,334,0,11691,0,0.005,98.1,98.115,98.075,0,1303,98.105,145335,0,0,"",0
"2022-01-10","BAXH23","BAX","BAX","BAX",0,"2023-03-13",0,1,97.915,97.925,55,50,0,8329,0,0.005,97.89,97.925,97.885,0,1178,97.915,104752,0,0,"",0
"2022-01-10","BAXM23","BAX","BAX","BAX",0,"2023-06-19",0,1,97.765,97.78,94,46,0,2949,0,0.01,97.745,97.775,97.74,0,250,97.765,66305,0,0,"",0
"2022-01-10","BAXU23","BAX","BAX","BAX",0,"2023-09-18",0,1,0,0,0,0,0,2243,0,0,97.665,97.665,97.63,0,390,97.66,55656,0,0,"",0
"2022-01-10","BAXZ23","BAX","BAX","BAX",0,"2023-12-18",0,1,97.595,97.63,50,10,0,3190,0,0,97.595,97.61,97.57,0,797,97.6,42632,0,0,"",0
"2022-01-10","BAXH24","BAX","BAX","BAX",0,"2024-03-18",0,1,97.52,0,7,0,0,777,0,-0.005,97.55,97.56,97.52,0,108,97.56,15736,0,0,"",0
"2022-01-10","BAXM24","BAX","BAX","BAX",0,"2024-06-17",0,1,97.51,0,25,0,0,184,0,0,97.515,97.515,97.5,0,27,97.525,7966,0,0,"",0
"2022-01-10","BAXU24","BAX","BAX","BAX",0,"2024-09-16",0,1,0,0,0,0,0,48,0,0,0,0,0,0,8,97.495,1971,0,0,"",0
"2022-01-10","BAXZ24","BAX","BAX","BAX",0,"2024-12-16",0,1,97.3,98,1,1,0,24,0,0,0,0,0,0,4,97.47,402,0,0,"",0
"2022-01-11","BAXF22","BAX","BAX","BAX",0,"2022-01-17",0,1,0,0,0,0,0,0,0,0,0,0,0,0,0,99.4,0,0,0,"",0
"2022-01-11","BAXG22","BAX","BAX","BAX",0,"2022-02-14",0,1,0,0,0,0,0,0,0,0,0,0,0,0,0,99.24,0,0,0,"",0
"2022-01-11","BAXH22","BAX","BAX","BAX",0,"2022-03-14",0,1,99.14,99.145,634,42,0,12855,0,0,99.14,99.15,99.13,0,801,99.145,204189,0,0,"",0
"2022-01-11","BAXM22","BAX","BAX","BAX",0,"2022-06-13",0,1,98.69,98.695,51,166,0,9283,0,0.005,98.665,98.695,98.655,0,1015,98.685,171454,0,0,"",0
"2022-01-11","BAXU22","BAX","BAX","BAX",0,"2022-09-19",0,1,98.34,98.345,50,36,0,10123,0,0,98.325,98.355,98.305,0,1634,98.345,162627,0,0,"",0
"2022-01-11","BAXZ22","BAX","BAX","BAX",0,"2022-12-19",0,1,98.11,98.12,146,169,0,15676,0,0,98.095,98.125,98.08,0,2003,98.115,144869,0,0,"",0
"2022-01-11","BAXH23","BAX","BAX","BAX",0,"2023-03-13",0,1,97.915,97.93,176,155,0,9570,0,-0.005,97.905,97.93,97.89,0,1115,97.925,104635,0,0,"",0
"2022-01-11","BAXM23","BAX","BAX","BAX",0,"2023-06-19",0,1,97.765,97.78,27,41,0,4347,0,-0.005,97.76,97.785,97.74,0,429,97.775,67034,0,0,"",0
"2022-01-11","BAXU23","BAX","BAX","BAX",0,"2023-09-18",0,1,0,0,0,0,0,2735,0,-0.005,97.65,97.68,97.635,0,301,97.67,55002,0,0,"",0
"2022-01-11","BAXZ23","BAX","BAX","BAX",0,"2023-12-18",0,1,97.6,97.625,20,15,0,1939,0,0,97.58,97.62,97.57,0,432,97.61,41992,0,0,"",0
"2022-01-11","BAXH24","BAX","BAX","BAX",0,"2024-03-18",0,1,0,0,0,0,0,299,0,0.005,97.54,97.575,97.54,0,53,97.57,15750,0,0,"",0
"2022-01-11","BAXM24","BAX","BAX","BAX",0,"2024-06-17",0,1,97.4,0,1,0,0,125,0,0.02,97.51,97.545,97.51,0,20,97.54,7120,0,0,"",0
"2022-01-11","BAXU24","BAX","BAX","BAX",0,"2024-09-16",0,1,0,0,0,0,0,5,0,0,0,0,0,0,5,97.51,1963,0,0,"",0
"2022-01-11","BAXZ24","BAX","BAX","BAX",0,"2024-12-16",0,1,97.3,98,1,1,0,3,0,0,0,0,0,0,3,97.49,360,0,0,"",0
"2022-01-12","BAXF22","BAX","BAX","BAX",0,"2022-01-17",0,1,0,0,0,0,0,0,0,0,0,0,0,0,0,99.375,0,0,0,"",0
"2022-01-12","BAXG22","BAX","BAX","BAX",0,"2022-02-14",0,1,0,0,0,0,0,0,0,0,0,0,0,0,0,99.215,0,0,0,"",0
"2022-01-12","BAXH22","BAX","BAX","BAX",0,"2022-03-14",0,1,99.11,99.115,629,97,0,17577,0,-0.01,99.15,99.15,99.105,0,1191,99.12,202690,0,0,"",0
"2022-01-12","BAXM22","BAX","BAX","BAX",0,"2022-06-13",0,1,98.665,98.67,28,264,0,8910,0,-0.01,98.685,98.69,98.655,0,912,98.675,171031,0,0,"",0
"2022-01-12","BAXU22","BAX","BAX","BAX",0,"2022-09-19",0,1,98.305,98.315,31,91,0,11823,0,-0.015,98.25,98.34,98.25,0,1366,98.325,163350,0,0,"",0
"2022-01-12","BAXZ22","BAX","BAX","BAX",0,"2022-12-19",0,1,98.075,98.09,65,55,0,10660,0,-0.015,98.105,98.115,98.08,0,1542,98.095,140135,0,0,"",0
"2022-01-12","BAXH23","BAX","BAX","BAX",0,"2023-03-13",0,1,97.89,97.9,81,51,0,10189,0,-0.01,97.905,97.925,97.885,0,1268,97.905,103274,0,0,"",0
"2022-01-12","BAXM23","BAX","BAX","BAX",0,"2023-06-19",0,1,97.74,97.755,43,96,0,4268,0,-0.01,97.755,97.78,97.665,0,669,97.755,66058,0,0,"",0
"2022-01-12","BAXU23","BAX","BAX","BAX",0,"2023-09-18",0,1,0,97.66,0,4,0,5074,0,-0.01,97.65,97.675,97.635,0,919,97.65,54730,0,0,"",0
"2022-01-12","BAXZ23","BAX","BAX","BAX",0,"2023-12-18",0,1,97.505,97.595,21,70,0,3303,0,-0.01,97.595,97.62,97.565,0,533,97.595,41705,0,0,"",0
"2022-01-12","BAXH24","BAX","BAX","BAX",0,"2024-03-18",0,1,97.545,97.565,25,1,0,1372,0,-0.01,97.545,97.58,97.545,0,154,97.56,15412,0,0,"",0
"2022-01-12","BAXM24","BAX","BAX","BAX",0,"2024-06-17",0,1,97.4,0,1,0,0,561,0,-0.005,97.545,97.545,97.525,0,56,97.535,7116,0,0,"",0
"2022-01-12","BAXU24","BAX","BAX","BAX",0,"2024-09-16",0,1,0,0,0,0,0,130,0,0.005,97.53,97.53,97.515,0,49,97.515,1967,0,0,"",0
"2022-01-12","BAXZ24","BAX","BAX","BAX",0,"2024-12-16",0,1,97.3,98,1,1,0,39,0,0,0,0,0,0,18,97.5,358,0,0,"",0
"2022-01-13","BAXF22","BAX","BAX","BAX",0,"2022-01-17",0,1,0,0,0,0,0,0,0,0,0,0,0,0,0,99.365,0,0,0,"",0
"2022-01-13","BAXG22","BAX","BAX","BAX",0,"2022-02-14",0,1,0,0,0,0,0,0,0,0,0,0,0,0,0,99.205,0,0,0,"",0
"2022-01-13","BAXH22","BAX","BAX","BAX",0,"2022-03-14",0,1,99.105,99.11,561,116,0,10082,0,0,99.11,99.11,99.1,0,1244,99.11,207033,0,0,"",0
"2022-01-13","BAXM22","BAX","BAX","BAX",0,"2022-06-13",0,1,98.65,98.66,217,55,0,5552,0,-0.005,98.665,98.665,98.655,0,583,98.66,172824,0,0,"",0
"2022-01-13","BAXU22","BAX","BAX","BAX",0,"2022-09-19",0,1,98.31,98.315,587,42,0,6495,0,0,98.31,98.32,98.3,0,986,98.315,163779,0,0,"",0
"2022-01-13","BAXZ22","BAX","BAX","BAX",0,"2022-12-19",0,1,98.08,98.09,93,135,0,6553,0,0,98.08,98.09,98.07,0,1329,98.085,135245,0,0,"",0
"2022-01-13","BAXH23","BAX","BAX","BAX",0,"2023-03-13",0,1,97.905,97.91,9,160,0,5239,0,0.005,97.89,97.91,97.88,0,616,97.9,102860,0,0,"",0
"2022-01-13","BAXM23","BAX","BAX","BAX",0,"2023-06-19",0,1,97.75,97.765,66,65,0,3831,0,0.01,97.745,97.765,97.735,0,236,97.755,65614,0,0,"",0
"2022-01-13","BAXU23","BAX","BAX","BAX",0,"2023-09-18",0,1,97.645,97.66,50,28,0,2377,0,0,97.635,97.665,97.625,0,220,97.655,53618,0,0,"",0
"2022-01-13","BAXZ23","BAX","BAX","BAX",0,"2023-12-18",0,1,97.59,97.61,10,23,0,2394,0,0.005,97.585,97.61,97.57,0,298,97.6,42040,0,0,"",0
"2022-01-13","BAXH24","BAX","BAX","BAX",0,"2024-03-18",0,1,97.565,0,16,0,0,814,0,-0.005,97.545,97.58,97.54,0,122,97.575,15661,0,0,"",0
"2022-01-13","BAXM24","BAX","BAX","BAX",0,"2024-06-17",0,1,97.4,0,1,0,0,153,0,0.015,97.52,97.55,97.52,0,31,97.56,7012,0,0,"",0
"2022-01-13","BAXU24","BAX","BAX","BAX",0,"2024-09-16",0,1,0,0,0,0,0,70,0,0.01,97.525,97.525,97.525,0,13,97.545,2059,0,0,"",0
"2022-01-13","BAXZ24","BAX","BAX","BAX",0,"2024-12-16",0,1,97.3,97.545,1,1,0,84,0,0.005,97.51,97.535,97.51,0,15,97.53,358,0,0,"",0
"2022-01-14","BAXF22","BAX","BAX","BAX",0,"2022-01-17",0,1,0,0,0,0,0,0,0,0,0,0,0,0,0,99.35,0,0,0,"",0
"2022-01-14","BAXG22","BAX","BAX","BAX",0,"2022-02-14",0,1,0,0,0,0,0,0,0,0,0,0,0,0,0,99.19,0,0,0,"",0
"2022-01-14","BAXH22","BAX","BAX","BAX",0,"2022-03-14",0,1,99.085,99.095,311,181,0,15063,0,-0.01,99.105,99.105,99.085,0,1201,99.095,206605,0,0,"",0
"2022-01-14","BAXM22","BAX","BAX","BAX",0,"2022-06-13",0,1,98.64,98.645,98,10,0,5452,0,0,98.65,98.655,98.635,0,967,98.645,169215,0,0,"",0
"2022-01-14","BAXU22","BAX","BAX","BAX",0,"2022-09-19",0,1,98.28,98.285,11,17,0,15280,0,-0.005,98.31,98.31,98.28,0,2112,98.29,159871,0,0,"",0
"2022-01-14","BAXZ22","BAX","BAX","BAX",0,"2022-12-19",0,1,98.025,98.05,31,2,0,12546,0,0,98.08,98.09,98.045,0,1936,98.05,130971,0,0,"",0
"2022-01-14","BAXH23","BAX","BAX","BAX",0,"2023-03-13",0,1,0,97.865,0,10,0,9282,0,-0.005,97.895,97.915,97.855,0,1359,97.86,103038,0,0,"",0
"2022-01-14","BAXM23","BAX","BAX","BAX",0,"2023-06-19",0,1,97.705,97.725,50,88,0,6698,0,-0.005,97.725,97.78,97.71,0,805,97.715,66477,0,0,"",0
"2022-01-14","BAXU23","BAX","BAX","BAX",0,"2023-09-18",0,1,0,0,0,0,0,6389,0,-0.015,97.63,97.675,97.6,0,1088,97.615,54022,0,0,"",0
"2022-01-14","BAXZ23","BAX","BAX","BAX",0,"2023-12-18",0,1,97.505,97.565,21,10,0,3585,0,-0.015,97.58,97.625,97.545,0,720,97.56,42394,0,0,"",0
"2022-01-14","BAXH24","BAX","BAX","BAX",0,"2024-03-18",0,1,97.515,0,25,0,0,1662,0,-0.02,97.55,97.585,97.515,0,353,97.535,15588,0,0,"",0
"2022-01-14","BAXM24","BAX","BAX","BAX",0,"2024-06-17",0,1,97.4,97.535,1,10,0,409,0,0.005,97.525,97.54,97.51,0,97,97.52,6885,0,0,"",0
"2022-01-14","BAXU24","BAX","BAX","BAX",0,"2024-09-16",0,1,0,97.525,0,10,0,254,0,-0.015,97.525,97.53,97.49,0,41,97.51,2018,0,0,"",0
"2022-01-14","BAXZ24","BAX","BAX","BAX",0,"2024-12-16",0,1,97.3,98,1,1,0,192,0,-0.02,97.545,97.545,97.475,0,21,97.495,326,0,0,"",0
"2022-01-17","BAXF22","BAX","BAX","BAX",0,"2022-01-17",0,1,0,0,0,0,0,0,0,0,0,0,0,0,0,99.382,0,0,0,"",0
"2022-01-17","BAXG22","BAX","BAX","BAX",0,"2022-02-14",0,1,98.97,99.45,5,5,0,0,0,0,0,0,0,0,0,99.13,0,0,0,"",0
"2022-01-17","BAXH22","BAX","BAX","BAX",0,"2022-03-14",0,1,99.035,99.045,318,107,0,11198,0,0.005,99.085,99.085,99.015,0,654,99.035,207088,0,0,"",0
"2022-01-17","BAXM22","BAX","BAX","BAX",0,"2022-06-13",0,1,98.58,98.59,96,190,0,7435,0,0,98.62,98.63,98.555,0,656,98.585,169705,0,0,"",0
"2022-01-17","BAXU22","BAX","BAX","BAX",0,"2022-09-19",0,1,98.215,0,52,0,0,5828,0,0,98.285,98.285,98.185,0,684,98.225,159407,0,0,"",0
"2022-01-17","BAXZ22","BAX","BAX","BAX",0,"2022-12-19",0,1,97.99,97.995,57,16,0,6224,0,0.005,98.05,98.05,97.96,0,680,97.99,130293,0,0,"",0
"2022-01-17","BAXH23","BAX","BAX","BAX",0,"2023-03-13",0,1,97.81,97.82,92,70,0,4812,0,0.015,97.86,97.865,97.78,0,532,97.8,98336,0,0,"",0
"2022-01-17","BAXM23","BAX","BAX","BAX",0,"2023-06-19",0,1,97.67,97.68,38,82,0,2259,0,0.01,97.715,97.715,97.635,0,278,97.665,67273,0,0,"",0
"2022-01-17","BAXU23","BAX","BAX","BAX",0,"2023-09-18",0,1,0,0,0,0,0,1024,0,0.005,97.59,97.59,97.535,0,199,97.56,53048,0,0,"",0
"2022-01-17","BAXZ23","BAX","BAX","BAX",0,"2023-12-18",0,1,97.485,97.52,71,5,0,1365,0,0.01,97.53,97.535,97.49,0,220,97.505,42137,0,0,"",0
"2022-01-17","BAXH24","BAX","BAX","BAX",0,"2024-03-18",0,1,0,0,0,0,0,811,0,0.015,97.495,97.495,97.475,0,116,97.48,15199,0,0,"",0
"2022-01-17","BAXM24","BAX","BAX","BAX",0,"2024-06-17",0,1,0,97.49,0,500,0,88,0,-0.045,97.48,97.48,97.47,0,19,97.475,6849,0,0,"",0
"2022-01-17","BAXU24","BAX","BAX","BAX",0,"2024-09-16",0,1,0,97.485,0,500,0,25,0,-0.04,97.465,97.475,97.46,0,11,97.47,2115,0,0,"",0
"2022-01-17","BAXZ24","BAX","BAX","BAX",0,"2024-12-16",0,1,0,97.48,0,500,0,26,0,-0.035,97.455,97.465,97.45,0,10,97.46,391,0,0,"",0
"2022-01-18","BAXG22","BAX","BAX","BAX",0,"2022-02-14",0,1,98.97,99.45,5,5,0,0,0,0,0,0,0,0,0,99.11,0,0,0,"",0
"2022-01-18","BAXH22","BAX","BAX","BAX",0,"2022-03-14",0,1,99.01,99.015,250,10,0,18162,0,0.005,99.04,99.04,98.99,0,1117,99.015,208818,0,0,"",0
"2022-01-18","BAXJ22","BAX","BAX","BAX",0,"2022-04-14",0,1,0,0,0,0,0,0,0,0,0,0,0,0,0,98.91,0,0,0,"",0
"2022-01-18","BAXM22","BAX","BAX","BAX",0,"2022-06-13",0,1,98.555,98.565,132,1,0,12956,0,0.005,98.595,98.595,98.535,0,1154,98.56,171304,0,0,"",0
"2022-01-18","BAXU22","BAX","BAX","BAX",0,"2022-09-19",0,1,98.19,98.195,20,40,0,16751,0,0,98.235,98.24,98.18,0,1932,98.19,156440,0,0,"",0
"2022-01-18","BAXZ22","BAX","BAX","BAX",0,"2022-12-19",0,1,97.945,97.96,82,14,0,17962,0,0.005,98.01,98.01,97.95,0,1738,97.955,126302,0,0,"",0
"2022-01-18","BAXH23","BAX","BAX","BAX",0,"2023-03-13",0,1,97.755,97.77,74,80,0,13781,0,-0.005,97.825,97.825,97.76,0,1997,97.765,97884,0,0,"",0
"2022-01-18","BAXM23","BAX","BAX","BAX",0,"2023-06-19",0,1,97.6,97.615,93,22,0,6621,0,-0.01,97.685,97.685,97.605,0,875,97.615,67410,0,0,"",0
"2022-01-18","BAXU23","BAX","BAX","BAX",0,"2023-09-18",0,1,97.47,0,5,0,0,8149,0,-0.015,97.53,97.55,97.485,0,1447,97.505,52546,0,0,"",0
"2022-01-18","BAXZ23","BAX","BAX","BAX",0,"2023-12-18",0,1,97.42,97.425,3,10,0,8543,0,-0.025,97.485,97.5,97.42,0,1211,97.445,41535,0,0,"",0
"2022-01-18","BAXH24","BAX","BAX","BAX",0,"2024-03-18",0,1,0,97.42,0,31,0,3318,0,-0.02,97.45,97.475,97.395,0,439,97.42,15031,0,0,"",0
"2022-01-18","BAXM24","BAX","BAX","BAX",0,"2024-06-17",0,1,0,0,0,0,0,457,0,-0.03,97.455,97.465,97.38,0,128,97.41,6811,0,0,"",0
"2022-01-18","BAXU24","BAX","BAX","BAX",0,"2024-09-16",0,1,0,97.465,0,40,0,191,0,-0.045,97.445,97.45,97.36,0,59,97.405,2132,0,0,"",0
"2022-01-18","BAXZ24","BAX","BAX","BAX",0,"2024-12-16",0,1,0,97.37,0,10,0,205,0,-0.03,97.44,97.44,97.36,0,43,97.395,414,0,0,"",0
"2022-01-19","BAXG22","BAX","BAX","BAX",0,"2022-02-14",0,1,98.97,99.45,5,5,0,0,0,0,0,0,0,0,0,99.11,0,0,0,"",0
"2022-01-19","BAXH22","BAX","BAX","BAX",0,"2022-03-14",0,1,99.01,99.015,504,29,0,20341,0,0,99.01,99.045,98.985,0,1622,99.015,212528,0,0,"",0
"2022-01-19","BAXJ22","BAX","BAX","BAX",0,"2022-04-14",0,1,0,0,0,0,0,0,0,0,0,0,0,0,0,98.91,0,0,0,"",0
"2022-01-19","BAXM22","BAX","BAX","BAX",0,"2022-06-13",0,1,98.57,98.575,658,2,0,12350,0,-0.005,98.56,98.585,98.53,0,1412,98.58,173334,0,0,"",0
"2022-01-19","BAXU22","BAX","BAX","BAX",0,"2022-09-19",0,1,98.205,98.215,37,26,0,13292,0,-0.005,98.195,98.22,98.155,0,2190,98.215,159081,0,0,"",0
"2022-01-19","BAXZ22","BAX","BAX","BAX",0,"2022-12-19",0,1,97.97,97.975,23,21,0,14996,0,0,97.96,97.99,97.915,0,2660,97.975,128422,0,0,"",0
"2022-01-19","BAXH23","BAX","BAX","BAX",0,"2023-03-13",0,1,97.78,97.79,36,49,0,11363,0,0,97.765,97.795,97.725,0,2209,97.785,98737,0,0,"",0
"2022-01-19","BAXM23","BAX","BAX","BAX",0,"2023-06-19",0,1,97.625,97.64,52,25,0,6719,0,0,97.62,97.645,97.575,0,1438,97.635,68493,0,0,"",0
"2022-01-19","BAXU23","BAX","BAX","BAX",0,"2023-09-18",0,1,97.51,97.525,25,50,0,7140,0,0,97.49,97.525,97.455,0,1582,97.515,54259,0,0,"",0
"2022-01-19","BAXZ23","BAX","BAX","BAX",0,"2023-12-18",0,1,97.385,97.5,10,12,0,3895,0,-0.005,97.42,97.455,97.39,0,784,97.455,41937,0,0,"",0
"2022-01-19","BAXH24","BAX","BAX","BAX",0,"2024-03-18",0,1,97.41,0,23,0,0,3051,0,0,97.36,97.42,97.35,0,526,97.42,14951,0,0,"",0
"2022-01-19","BAXM24","BAX","BAX","BAX",0,"2024-06-17",0,1,97.4,0,25,0,0,660,0,-0.005,97.355,97.415,97.35,0,105,97.41,6719,0,0,"",0
"2022-01-19","BAXU24","BAX","BAX","BAX",0,"2024-09-16",0,1,0,97.465,0,40,0,594,0,0.01,97.345,97.415,97.345,0,58,97.405,2082,0,0,"",0
"2022-01-19","BAXZ24","BAX","BAX","BAX",0,"2024-12-16",0,1,0,0,0,0,0,109,0,0.005,97.35,97.4,97.345,0,23,97.395,379,0,0,"",0
"2022-01-20","BAXG22","BAX","BAX","BAX",0,"2022-02-14",0,1,98.97,99.45,5,5,0,0,0,0,0,0,0,0,0,99.1,0,0,0,"",0
"2022-01-20","BAXH22","BAX","BAX","BAX",0,"2022-03-14",0,1,99.01,99.015,214,322,0,14947,0,0.005,99.015,99.02,99,0,865,99.005,212665,0,0,"",0
"2022-01-20","BAXJ22","BAX","BAX","BAX",0,"2022-04-14",0,1,0,0,0,0,0,0,0,0,0,0,0,0,0,98.9,0,0,0,"",0
"2022-01-20","BAXM22","BAX","BAX","BAX",0,"2022-06-13",0,1,98.57,98.58,126,182,0,8740,0,0.005,98.57,98.585,98.565,0,1121,98.57,171586,0,0,"",0
"2022-01-20","BAXU22","BAX","BAX","BAX",0,"2022-09-19",0,1,98.215,98.23,60,250,0,9627,0,0.02,98.2,98.23,98.195,0,1410,98.205,156349,0,0,"",0
"2022-01-20","BAXZ22","BAX","BAX","BAX",0,"2022-12-19",0,1,97.995,98,87,245,0,9523,0,0.02,97.965,97.995,97.945,0,1293,97.975,127366,0,0,"",0
"2022-01-20","BAXH23","BAX","BAX","BAX",0,"2023-03-13",0,1,97.81,97.82,41,31,0,5069,0,0.03,97.77,97.815,97.755,0,850,97.785,98920,0,0,"",0
"2022-01-20","BAXM23","BAX","BAX","BAX",0,"2023-06-19",0,1,97.655,97.67,60,31,0,3021,0,0.025,97.6,97.665,97.6,0,415,97.64,68528,0,0,"",0
"2022-01-20","BAXU23","BAX","BAX","BAX",0,"2023-09-18",0,1,97.52,0,25,0,0,4317,0,0.02,97.495,97.55,97.495,0,642,97.52,53561,0,0,"",0
"2022-01-20","BAXZ23","BAX","BAX","BAX",0,"2023-12-18",0,1,97.355,97.56,31,12,0,2742,0,0.02,97.44,97.485,97.42,0,319,97.46,41790,0,0,"",0
"2022-01-20","BAXH24","BAX","BAX","BAX",0,"2024-03-18",0,1,97.42,0,25,0,0,686,0,0.015,97.39,97.445,97.39,0,70,97.425,14707,0,0,"",0
"2022-01-20","BAXM24","BAX","BAX","BAX",0,"2024-06-17",0,1,0,0,0,0,0,164,0,0.005,97.41,97.435,97.41,0,37,97.415,6641,0,0,"",0
"2022-01-20","BAXU24","BAX","BAX","BAX",0,"2024-09-16",0,1,0,97.465,0,40,0,237,0,0.02,97.415,97.43,97.41,0,42,97.41,2300,0,0,"",0
"2022-01-20","BAXZ24","BAX","BAX","BAX",0,"2024-12-16",0,1,0,0,0,0,0,143,0,0.02,97.405,97.42,97.405,0,15,97.4,330,0,0,"",0
"2022-01-21","BAXG22","BAX","BAX","BAX",0,"2022-02-14",0,1,98.97,99.45,8,8,0,0,0,0,0,99.19,99.06,0,0,99.11,0,0,0,"",0
"2022-01-21","BAXH22","BAX","BAX","BAX",0,"2022-03-14",0,1,99.015,99.02,645,46,0,15230,0,0,99.025,99.035,99.01,0,1044,99.015,212346,0,0,"",0
"2022-01-21","BAXJ22","BAX","BAX","BAX",0,"2022-04-14",0,1,0,0,0,0,0,0,0,0,0,0,0,0,0,98.91,0,0,0,"",0
"2022-01-21","BAXM22","BAX","BAX","BAX",0,"2022-06-13",0,1,98.575,98.59,10,96,0,10313,0,0,98.6,98.61,98.575,0,1194,98.58,171278,0,0,"",0
"2022-01-21","BAXU22","BAX","BAX","BAX",0,"2022-09-19",0,1,98.225,98.235,59,16,0,8212,0,-0.01,98.215,98.27,98.215,0,1140,98.245,157638,0,0,"",0
"2022-01-21","BAXZ22","BAX","BAX","BAX",0,"2022-12-19",0,1,98.01,98.035,15,4,0,7457,0,-0.01,98,98.055,97.975,0,1057,98.025,122917,0,0,"",0
"2022-01-21","BAXH23","BAX","BAX","BAX",0,"2023-03-13",0,1,97.83,97.85,35,71,0,5334,0,-0.005,97.825,97.88,97.805,0,880,97.845,97112,0,0,"",0
"2022-01-21","BAXM23","BAX","BAX","BAX",0,"2023-06-19",0,1,97.69,97.705,85,30,0,2926,0,-0.005,97.665,97.74,97.66,0,271,97.71,68952,0,0,"",0
"2022-01-21","BAXU23","BAX","BAX","BAX",0,"2023-09-18",0,1,97.495,97.595,15,50,0,2870,0,0,97.56,97.625,97.54,0,479,97.6,54386,0,0,"",0
"2022-01-21","BAXZ23","BAX","BAX","BAX",0,"2023-12-18",0,1,97.355,97.54,31,11,0,2957,0,0.005,97.495,97.565,97.47,0,436,97.535,41846,0,0,"",0
"2022-01-21","BAXH24","BAX","BAX","BAX",0,"2024-03-18",0,1,0,0,0,0,0,1308,0,0.01,97.445,97.525,97.445,0,129,97.505,14629,0,0,"",0
"2022-01-21","BAXM24","BAX","BAX","BAX",0,"2024-06-17",0,1,0,0,0,0,0,582,0,0.02,97.42,97.525,97.42,0,81,97.5,6677,0,0,"",0
"2022-01-21","BAXU24","BAX","BAX","BAX",0,"2024-09-16",0,1,0,97.54,0,154,0,759,0,0.02,97.41,97.53,97.41,0,84,97.51,2364,0,0,"",0
"2022-01-21","BAXZ24","BAX","BAX","BAX",0,"2024-12-16",0,1,0,0,0,0,0,305,0,0.01,97.425,97.52,97.415,0,31,97.505,370,0,0,"",0
"2022-01-24","BAXG22","BAX","BAX","BAX",0,"2022-02-14",0,1,98.97,99.45,8,8,0,0,0,0,0,0,0,0,0,99.125,0,0,0,"",0
"2022-01-24","BAXH22","BAX","BAX","BAX",0,"2022-03-14",0,1,99.015,99.02,645,30,0,20183,0,-0.01,99.015,99.05,99.005,0,996,99.03,213831,0,0,"",0
"2022-01-24","BAXJ22","BAX","BAX","BAX",0,"2022-04-14",0,1,0,0,0,0,0,0,0,0,0,0,0,0,0,98.925,0,0,0,"",0
"2022-01-24","BAXM22","BAX","BAX","BAX",0,"2022-06-13",0,1,98.555,98.565,108,64,0,14509,0,-0.02,98.58,98.615,98.555,0,1376,98.58,171258,0,0,"",0
"2022-01-24","BAXU22","BAX","BAX","BAX",0,"2022-09-19",0,1,98.23,98.235,50,108,0,12710,0,-0.01,98.235,98.28,98.23,0,1399,98.245,156400,0,0,"",0
"2022-01-24","BAXZ22","BAX","BAX","BAX",0,"2022-12-19",0,1,98.025,98.045,320,80,0,13111,0,0,98.02,98.07,98.01,0,1420,98.045,122827,0,0,"",0
"2022-01-24","BAXH23","BAX","BAX","BAX",0,"2023-03-13",0,1,97.88,97.885,1,572,0,14077,0,-0.005,97.84,97.905,97.83,0,1220,97.89,97620,0,0,"",0
"2022-01-24","BAXM23","BAX","BAX","BAX",0,"2023-06-19",0,1,97.74,97.755,58,89,0,10115,0,-0.005,97.71,97.775,97.695,0,780,97.76,69436,0,0,"",0
"2022-01-24","BAXU23","BAX","BAX","BAX",0,"2023-09-18",0,1,97.495,0,15,0,0,6786,0,-0.015,97.585,97.67,97.585,0,1015,97.655,53577,0,0,"",0
"2022-01-24","BAXZ23","BAX","BAX","BAX",0,"2023-12-18",0,1,97.515,98.3,5,1,0,2932,0,-0.02,97.535,97.605,97.535,0,472,97.59,42317,0,0,"",0
"2022-01-24","BAXH24","BAX","BAX","BAX",0,"2024-03-18",0,1,0,0,0,0,0,828,0,-0.025,97.52,97.585,97.52,0,130,97.56,14844,0,0,"",0
"2022-01-24","BAXM24","BAX","BAX","BAX",0,"2024-06-17",0,1,0,0,0,0,0,290,0,-0.02,97.54,97.58,97.535,0,72,97.555,6831,0,0,"",0
"2022-01-24","BAXU24","BAX","BAX","BAX",0,"2024-09-16",0,1,0,0,0,0,0,421,0,-0.03,97.54,97.575,97.53,0,53,97.565,2767,0,0,"",0
"2022-01-24","BAXZ24","BAX","BAX","BAX",0,"2024-12-16",0,1,0,0,0,0,0,98,0,-0.03,97.535,97.575,97.53,0,23,97.56,300,0,0,"",0
"2022-01-25","BAXG22","BAX","BAX","BAX",0,"2022-02-14",0,1,98.97,99.45,8,8,0,0,0,0,0,0,0,0,0,99.115,0,0,0,"",0
"2022-01-25","BAXH22","BAX","BAX","BAX",0,"2022-03-14",0,1,99.02,99.025,627,1484,0,26609,0,0,99.02,99.03,99.015,0,948,99.02,210677,0,0,"",0
"2022-01-25","BAXJ22","BAX","BAX","BAX",0,"2022-04-14",0,1,0,0,0,0,0,0,0,0,0,0,0,0,0,98.915,0,0,0,"",0
"2022-01-25","BAXM22","BAX","BAX","BAX",0,"2022-06-13",0,1,98.565,98.575,500,95,0,18783,0,0.005,98.555,98.575,98.545,0,1113,98.565,172418,0,0,"",0
"2022-01-25","BAXU22","BAX","BAX","BAX",0,"2022-09-19",0,1,98.245,98.25,238,103,0,10897,0,0.01,98.21,98.255,98.21,0,1207,98.24,155464,0,0,"",0
"2022-01-25","BAXZ22","BAX","BAX","BAX",0,"2022-12-19",0,1,98.05,98.055,18,45,0,10001,0,0.01,98.015,98.06,98.015,0,1059,98.04,123456,0,0,"",0
"2022-01-25","BAXH23","BAX","BAX","BAX",0,"2023-03-13",0,1,97.89,97.9,120,77,0,6261,0,0.01,97.875,97.91,97.87,0,699,97.885,102753,0,0,"",0
"2022-01-25","BAXM23","BAX","BAX","BAX",0,"2023-06-19",0,1,97.755,97.77,23,47,0,5593,0,0.005,97.745,97.79,97.735,0,530,97.755,71910,0,0,"",0
"2022-01-25","BAXU23","BAX","BAX","BAX",0,"2023-09-18",0,1,97.495,97.65,15,83,0,4735,0,0.005,97.625,97.68,97.625,0,926,97.645,53303,0,0,"",0
"2022-01-25","BAXZ23","BAX","BAX","BAX",0,"2023-12-18",0,1,97.575,98.3,47,1,0,3873,0,0.005,97.555,97.61,97.55,0,710,97.575,42145,0,0,"",0
"2022-01-25","BAXH24","BAX","BAX","BAX",0,"2024-03-18",0,1,97.535,0,25,0,0,704,0,0.01,97.52,97.57,97.52,0,107,97.54,14286,0,0,"",0
"2022-01-25","BAXM24","BAX","BAX","BAX",0,"2024-06-17",0,1,0,0,0,0,0,136,0,0,97.51,97.57,97.51,0,37,97.535,6464,0,0,"",0
"2022-01-25","BAXU24","BAX","BAX","BAX",0,"2024-09-16",0,1,0,0,0,0,0,69,0,-0.01,97.51,97.57,97.51,0,30,97.54,2702,0,0,"",0
"2022-01-25","BAXZ24","BAX","BAX","BAX",0,"2024-12-16",0,1,0,0,0,0,0,18,0,0.005,97.495,97.57,97.495,0,10,97.535,351,0,0,"",0
"2022-01-26","BAXG22","BAX","BAX","BAX",0,"2022-02-14",0,1,98.97,99.45,8,8,0,0,0,0,0,0,0,0,0,99.19,0,0,0,"",0
"2022-01-26","BAXH22","BAX","BAX","BAX",0,"2022-03-14",0,1,99.085,99.09,88,13,0,68587,0,-0.005,99.025,99.14,99.005,0,5994,99.095,203032,0,0,"",0
"2022-01-26","BAXJ22","BAX","BAX","BAX",0,"2022-04-14",0,1,0,0,0,0,0,0,0,0,0,0,0,0,0,98.99,0,0,0,"",0
"2022-01-26","BAXM22","BAX","BAX","BAX",0,"2022-06-13",0,1,98.6,98.61,93,45,0,61208,0,-0.03,98.575,98.695,98.565,0,5515,98.635,174161,0,0,"",0
"2022-01-26","BAXU22","BAX","BAX","BAX",0,"2022-09-19",0,1,98.205,98.215,31,20,0,41417,0,-0.04,98.255,98.365,98.205,0,4251,98.25,154892,0,0,"",0
"2022-01-26","BAXZ22","BAX","BAX","BAX",0,"2022-12-19",0,1,97.975,98,31,250,0,44034,0,-0.055,98.05,98.15,97.98,0,3990,98.035,124049,0,0,"",0
"2022-01-26","BAXH23","BAX","BAX","BAX",0,"2023-03-13",0,1,97.705,97.865,32,67,0,19388,0,-0.04,97.895,97.99,97.835,0,2288,97.88,102586,0,0,"",0
"2022-01-26","BAXM23","BAX","BAX","BAX",0,"2023-06-19",0,1,97.645,97.85,31,1,0,10858,0,-0.035,97.755,97.86,97.715,0,1182,97.76,71711,0,0,"",0
"2022-01-26","BAXU23","BAX","BAX","BAX",0,"2023-09-18",0,1,0,0,0,0,0,7937,0,-0.035,97.645,97.75,97.61,0,1609,97.65,53222,0,0,"",0
"2022-01-26","BAXZ23","BAX","BAX","BAX",0,"2023-12-18",0,1,97.49,97.68,50,81,0,6220,0,-0.035,97.575,97.685,97.545,0,1038,97.58,42598,0,0,"",0
"2022-01-26","BAXH24","BAX","BAX","BAX",0,"2024-03-18",0,1,97.49,97.635,10,46,0,2083,0,-0.045,97.54,97.635,97.495,0,315,97.54,13847,0,0,"",0
"2022-01-26","BAXM24","BAX","BAX","BAX",0,"2024-06-17",0,1,0,97.485,0,38,0,1159,0,-0.045,97.53,97.625,97.48,0,155,97.525,6747,0,0,"",0
"2022-01-26","BAXU24","BAX","BAX","BAX",0,"2024-09-16",0,1,0,0,0,0,0,340,0,-0.045,97.56,97.615,97.47,0,84,97.515,2665,0,0,"",0
"2022-01-26","BAXZ24","BAX","BAX","BAX",0,"2024-12-16",0,1,97.3,0,1,0,0,148,0,-0.04,97.525,97.585,97.47,0,33,97.51,349,0,0,"",0
"2022-01-27","BAXG22","BAX","BAX","BAX",0,"2022-02-14",0,1,98.97,99.45,8,8,0,0,0,0,0,0,0,0,0,99.18,0,0,0,"",0
"2022-01-27","BAXH22","BAX","BAX","BAX",0,"2022-03-14",0,1,99.07,99.08,135,128,0,18983,0,-0.01,99.08,99.105,99.065,0,1068,99.085,210202,0,0,"",0
"2022-01-27","BAXJ22","BAX","BAX","BAX",0,"2022-04-14",0,1,0,0,0,0,0,0,0,0,0,0,0,0,0,98.98,0,0,0,"",0
"2022-01-27","BAXM22","BAX","BAX","BAX",0,"2022-06-13",0,1,98.585,98.59,50,10,0,9771,0,0.005,98.61,98.63,98.575,0,985,98.585,193247,0,0,"",0
"2022-01-27","BAXU22","BAX","BAX","BAX",0,"2022-09-19",0,1,98.185,98.195,12,39,0,19392,0,0.01,98.23,98.23,98.17,0,1693,98.18,158336,0,0,"",0
"2022-01-27","BAXZ22","BAX","BAX","BAX",0,"2022-12-19",0,1,97.94,97.945,47,11,0,23557,0,0.015,97.975,97.99,97.92,0,2180,97.925,138048,0,0,"",0
"2022-01-27","BAXH23","BAX","BAX","BAX",0,"2023-03-13",0,1,97.79,97.8,46,32,0,10820,0,0.02,97.825,97.855,97.765,0,1139,97.775,102968,0,0,"",0
"2022-01-27","BAXM23","BAX","BAX","BAX",0,"2023-06-19",0,1,97.67,97.685,37,47,0,6012,0,0.02,97.735,97.74,97.655,0,483,97.655,72725,0,0,"",0
"2022-01-27","BAXU23","BAX","BAX","BAX",0,"2023-09-18",0,1,97.56,0,2,0,0,4624,0,0.025,97.64,97.65,97.56,0,660,97.565,53056,0,0,"",0
"2022-01-27","BAXZ23","BAX","BAX","BAX",0,"2023-12-18",0,1,97.51,98.3,25,1,0,2500,0,0.025,97.575,97.595,97.51,0,321,97.51,42693,0,0,"",0
"2022-01-27","BAXH24","BAX","BAX","BAX",0,"2024-03-18",0,1,0,0,0,0,0,471,0,0.03,97.49,97.56,97.49,0,117,97.48,13696,0,0,"",0
"2022-01-27","BAXM24","BAX","BAX","BAX",0,"2024-06-17",0,1,0,97.69,0,10,0,67,0,-0.025,97.535,97.535,97.485,0,19,97.465,6905,0,0,"",0
"2022-01-27","BAXU24","BAX","BAX","BAX",0,"2024-09-16",0,1,0,0,0,0,0,124,0,-0.01,97.535,97.535,97.495,0,28,97.465,2595,0,0,"",0
"2022-01-27","BAXZ24","BAX","BAX","BAX",0,"2024-12-16",0,1,97.3,0,1,0,0,80,0,-0.005,97.505,97.53,97.505,0,10,97.48,371,0,0,"",0
"2022-01-28","BAXG22","BAX","BAX","BAX",0,"2022-02-14",0,1,98.97,99.45,8,8,0,0,0,0,0,0,0,0,0,99.16,0,0,0,"",0
"2022-01-28","BAXH22","BAX","BAX","BAX",0,"2022-03-14",0,1,99.055,99.06,218,6,0,13528,0,-0.005,99.065,99.085,99.055,0,924,99.065,185147,0,0,"",0
"2022-01-28","BAXJ22","BAX","BAX","BAX",0,"2022-04-14",0,1,0,0,0,0,0,0,0,0,0,0,0,0,0,98.96,0,0,0,"",0
"2022-01-28","BAXM22","BAX","BAX","BAX",0,"2022-06-13",0,1,98.58,98.585,6,227,0,10509,0,0.005,98.59,98.61,98.58,0,863,98.58,175857,0,0,"",0
"2022-01-28","BAXU22","BAX","BAX","BAX",0,"2022-09-19",0,1,98.185,98.19,24,25,0,9364,0,0.005,98.185,98.2,98.175,0,1176,98.18,156912,0,0,"",0
"2022-01-28","BAXZ22","BAX","BAX","BAX",0,"2022-12-19",0,1,97.925,97.935,20,20,0,8451,0,0,97.935,97.95,97.92,0,981,97.93,135617,0,0,"",0
"2022-01-28","BAXH23","BAX","BAX","BAX",0,"2023-03-13",0,1,97.775,97.785,32,20,0,4247,0,-0.005,97.785,97.8,97.765,0,623,97.785,103964,0,0,"",0
"2022-01-28","BAXM23","BAX","BAX","BAX",0,"2023-06-19",0,1,97.665,97.68,27,46,0,2540,0,0,97.675,97.685,97.65,0,259,97.67,73292,0,0,"",0
"2022-01-28","BAXU23","BAX","BAX","BAX",0,"2023-09-18",0,1,0,0,0,0,0,3382,0,0.005,97.585,97.6,97.56,0,558,97.58,52091,0,0,"",0
"2022-01-28","BAXZ23","BAX","BAX","BAX",0,"2023-12-18",0,1,97.355,97.61,31,5,0,1295,0,0,97.535,97.55,97.51,0,211,97.535,41422,0,0,"",0
"2022-01-28","BAXH24","BAX","BAX","BAX",0,"2024-03-18",0,1,0,0,0,0,0,967,0,0.005,97.49,97.52,97.49,0,196,97.51,13016,0,0,"",0
"2022-01-28","BAXM24","BAX","BAX","BAX",0,"2024-06-17",0,1,0,97.69,0,10,0,44,0,0.015,97.465,97.515,97.465,0,29,97.5,6140,0,0,"",0
"2022-01-28","BAXU24","BAX","BAX","BAX",0,"2024-09-16",0,1,0,0,0,0,0,129,0,0.03,97.51,97.53,97.5,0,38,97.5,2625,0,0,"",0
"2022-01-28","BAXZ24","BAX","BAX","BAX",0,"2024-12-16",0,1,97.3,0,1,0,0,118,0,0.015,97.51,97.53,97.505,0,22,97.515,401,0,0,"",0
"2022-01-31","BAXG22","BAX","BAX","BAX",0,"2022-02-14",0,1,98.97,99.45,8,8,0,0,0,0,0,0,0,0,0,99.16,0,0,0,"",0
"2022-01-31","BAXH22","BAX","BAX","BAX",0,"2022-03-14",0,1,99.06,99.065,91,13,0,9957,0,0,99.055,99.075,99.035,0,683,99.065,179375,0,0,"",0
"2022-01-31","BAXJ22","BAX","BAX","BAX",0,"2022-04-14",0,1,0,0,0,0,0,0,0,0,0,0,0,0,0,98.96,0,0,0,"",0
"2022-01-31","BAXM22","BAX","BAX","BAX",0,"2022-06-13",0,1,98.575,98.585,142,59,0,15244,0,-0.005,98.575,98.6,98.545,0,2480,98.585,175356,0,0,"",0
"2022-01-31","BAXU22","BAX","BAX","BAX",0,"2022-09-19",0,1,98.19,98.21,34,431,0,13667,0,0,98.185,98.21,98.155,0,1739,98.195,150307,0,0,"",0
"2022-01-31","BAXZ22","BAX","BAX","BAX",0,"2022-12-19",0,1,97.96,97.97,20,21,0,13563,0,0,97.93,97.98,97.915,0,2475,97.965,124755,0,0,"",0
"2022-01-31","BAXH23","BAX","BAX","BAX",0,"2023-03-13",0,1,97.805,97.82,71,57,0,4952,0,-0.01,97.785,97.83,97.77,0,974,97.82,101679,0,0,"",0
"2022-01-31","BAXM23","BAX","BAX","BAX",0,"2023-06-19",0,1,97.68,97.695,23,40,0,2384,0,-0.02,97.67,97.705,97.65,0,302,97.705,72419,0,0,"",0
"2022-01-31","BAXU23","BAX","BAX","BAX",0,"2023-09-18",0,1,97.58,0,10,0,0,2123,0,-0.025,97.58,97.615,97.565,0,414,97.61,51791,0,0,"",0
"2022-01-31","BAXZ23","BAX","BAX","BAX",0,"2023-12-18",0,1,97.52,97.56,5,5,0,2219,0,-0.025,97.535,97.565,97.52,0,378,97.56,41637,0,0,"",0
"2022-01-31","BAXH24","BAX","BAX","BAX",0,"2024-03-18",0,1,0,97.57,0,2,0,529,0,-0.035,97.515,97.545,97.495,0,106,97.535,12884,0,0,"",0
"2022-01-31","BAXM24","BAX","BAX","BAX",0,"2024-06-17",0,1,0,0,0,0,0,330,0,-0.025,97.49,97.54,97.485,0,54,97.525,6115,0,0,"",0
"2022-01-31","BAXU24","BAX","BAX","BAX",0,"2024-09-16",0,1,0,0,0,0,0,116,0,-0.025,97.49,97.55,97.49,0,21,97.53,2580,0,0,"",0
"2022-01-31","BAXZ24","BAX","BAX","BAX",0,"2024-12-16",0,1,97.3,0,1,0,0,43,0,-0.005,97.555,97.565,97.52,0,14,97.545,446,0,0,"",0
"2022-02-01","BAXG22","BAX","BAX","BAX",0,"2022-02-14",0,1,98.97,99.45,8,8,0,0,0,0,0,0,0,0,0,99.165,0,0,0,"",0
"2022-02-01","BAXH22","BAX","BAX","BAX",0,"2022-03-14",0,1,99.065,99.07,297,22,0,8351,0,0,99.065,99.075,99.055,0,506,99.07,182706,0,0,"",0
"2022-02-01","BAXJ22","BAX","BAX","BAX",0,"2022-04-14",0,1,0,0,0,0,0,0,0,0,0,0,0,0,0,98.965,0,0,0,"",0
"2022-02-01","BAXM22","BAX","BAX","BAX",0,"2022-06-13",0,1,98.585,98.59,25,253,0,8092,0,0,98.59,98.605,98.57,0,1131,98.585,178296,0,0,"",0
"2022-02-01","BAXU22","BAX","BAX","BAX",0,"2022-09-19",0,1,98.2,98.205,257,500,0,13090,0,0,98.205,98.22,98.185,0,1113,98.205,151272,0,0,"",0
"2022-02-01","BAXZ22","BAX","BAX","BAX",0,"2022-12-19",0,1,97.965,97.97,21,126,0,7365,0,-0.005,97.96,97.99,97.95,0,1035,97.97,126803,0,0,"",0
"2022-02-01","BAXH23","BAX","BAX","BAX",0,"2023-03-13",0,1,97.795,97.805,61,40,0,4307,0,-0.005,97.81,97.84,97.78,0,501,97.805,101081,0,0,"",0
"2022-02-01","BAXM23","BAX","BAX","BAX",0,"2023-06-19",0,1,97.67,97.685,60,51,0,2113,0,0,97.675,97.715,97.65,0,199,97.675,72636,0,0,"",0
"2022-02-01","BAXU23","BAX","BAX","BAX",0,"2023-09-18",0,1,97.565,0,10,0,0,1351,0,-0.005,97.595,97.62,97.555,0,178,97.575,51990,0,0,"",0
"2022-02-01","BAXZ23","BAX","BAX","BAX",0,"2023-12-18",0,1,97.355,97.535,31,264,0,1799,0,0.005,97.57,97.57,97.5,0,285,97.525,41970,0,0,"",0
"2022-02-01","BAXH24","BAX","BAX","BAX",0,"2024-03-18",0,1,0,0,0,0,0,175,0,0,97.52,97.555,97.49,0,45,97.5,13048,0,0,"",0
"2022-02-01","BAXM24","BAX","BAX","BAX",0,"2024-06-17",0,1,0,0,0,0,0,58,0,0.005,97.52,97.54,97.485,0,32,97.5,6334,0,0,"",0
"2022-02-01","BAXU24","BAX","BAX","BAX",0,"2024-09-16",0,1,0,0,0,0,0,26,0,0.01,97.535,97.565,97.505,0,19,97.51,2612,0,0,"",0
"2022-02-01","BAXZ24","BAX","BAX","BAX",0,"2024-12-16",0,1,97.3,0,1,0,0,1,0,-0.02,97.525,97.525,97.525,0,1,97.525,435,0,0,"",0
"2022-02-02","BAXG22","BAX","BAX","BAX",0,"2022-02-14",0,1,98.97,99.45,8,8,0,0,0,0,0,0,0,0,0,99.175,0,0,0,"",0
"2022-02-02","BAXH22","BAX","BAX","BAX",0,"2022-03-14",0,1,99.075,99.08,19,200,0,10156,0,-0.005,99.07,99.08,99.065,0,546,99.08,184691,0,0,"",0
"2022-02-02","BAXJ22","BAX","BAX","BAX",0,"2022-04-14",0,1,0,0,0,0,0,0,0,0,0,0,0,0,0,98.975,0,0,0,"",0
"2022-02-02","BAXM22","BAX","BAX","BAX",0,"2022-06-13",0,1,98.61,98.615,42,137,0,11799,0,0.005,98.59,98.62,98.585,0,936,98.61,174672,0,0,"",0
"2022-02-02","BAXU22","BAX","BAX","BAX",0,"2022-09-19",0,1,98.23,98.24,25,16,0,10375,0,0.005,98.2,98.25,98.2,0,901,98.235,151949,0,0,"",0
"2022-02-02","BAXZ22","BAX","BAX","BAX",0,"2022-12-19",0,1,98,98.025,159,15,0,9532,0,0.01,97.95,98.03,97.95,0,1382,98.005,123200,0,0,"",0
"2022-02-02","BAXH23","BAX","BAX","BAX",0,"2023-03-13",0,1,97.84,97.875,30,200,0,8083,0,0.005,97.79,97.88,97.78,0,975,97.85,100692,0,0,"",0
"2022-02-02","BAXM23","BAX","BAX","BAX",0,"2023-06-19",0,1,97.72,97.76,25,15,0,14558,0,-0.005,97.655,97.77,97.65,0,1948,97.735,72262,0,0,"",0
"2022-02-02","BAXU23","BAX","BAX","BAX",0,"2023-09-18",0,1,97.62,0,10,0,0,5111,0,-0.005,97.565,97.67,97.56,0,693,97.635,50964,0,0,"",0
"2022-02-02","BAXZ23","BAX","BAX","BAX",0,"2023-12-18",0,1,97.565,97.6,25,100,0,4576,0,0,97.515,97.605,97.515,0,683,97.575,40164,0,0,"",0
"2022-02-02","BAXH24","BAX","BAX","BAX",0,"2024-03-18",0,1,0,0,0,0,0,275,0,-0.01,97.505,97.575,97.495,0,83,97.55,12891,0,0,"",0
"2022-02-02","BAXM24","BAX","BAX","BAX",0,"2024-06-17",0,1,0,0,0,0,0,181,0,-0.015,97.51,97.57,97.51,0,42,97.55,6093,0,0,"",0
"2022-02-02","BAXU24","BAX","BAX","BAX",0,"2024-09-16",0,1,0,0,0,0,0,12,0,-0.02,97.51,97.58,97.51,0,11,97.56,2599,0,0,"",0
"2022-02-02","BAXZ24","BAX","BAX","BAX",0,"2024-12-16",0,1,97.3,0,1,0,0,0,0,0,0,0,0,0,0,97.57,432,0,0,"",0
"2022-02-03","BAXG22","BAX","BAX","BAX",0,"2022-02-14",0,1,98.97,99.45,8,8,0,0,0,0,0,0,0,0,0,99.165,0,0,0,"",0
"2022-02-03","BAXH22","BAX","BAX","BAX",0,"2022-03-14",0,1,99.065,99.07,39,113,0,12048,0,-0.005,99.08,99.085,99.05,0,793,99.07,187178,0,0,"",0
"2022-02-03","BAXJ22","BAX","BAX","BAX",0,"2022-04-14",0,1,0,0,0,0,0,0,0,0,0,0,0,0,0,98.965,0,0,0,"",0
"2022-02-03","BAXM22","BAX","BAX","BAX",0,"2022-06-13",0,1,98.595,98.6,63,548,0,15233,0,-0.005,98.615,98.63,98.585,0,1887,98.6,174055,0,0,"",0
"2022-02-03","BAXU22","BAX","BAX","BAX",0,"2022-09-19",0,1,98.22,98.225,25,253,0,13818,0,-0.005,98.235,98.265,98.21,0,1738,98.225,148420,0,0,"",0
"2022-02-03","BAXZ22","BAX","BAX","BAX",0,"2022-12-19",0,1,97.985,97.99,73,19,0,11368,0,-0.005,98.005,98.05,97.975,0,1633,97.995,121301,0,0,"",0
"2022-02-03","BAXH23","BAX","BAX","BAX",0,"2023-03-13",0,1,97.85,97.855,43,24,0,8781,0,0,97.86,97.9,97.83,0,1067,97.85,103711,0,0,"",0
"2022-02-03","BAXM23","BAX","BAX","BAX",0,"2023-06-19",0,1,97.73,97.74,126,11,0,21224,0,0,97.74,97.785,97.72,0,2803,97.74,77747,0,0,"",0
"2022-02-03","BAXU23","BAX","BAX","BAX",0,"2023-09-18",0,1,0,0,0,0,0,9315,0,-0.005,97.635,97.685,97.61,0,1029,97.635,52389,0,0,"",0
"2022-02-03","BAXZ23","BAX","BAX","BAX",0,"2023-12-18",0,1,97.555,97.56,2,10,0,5360,0,-0.01,97.595,97.62,97.54,0,800,97.565,40359,0,0,"",0
"2022-02-03","BAXH24","BAX","BAX","BAX",0,"2024-03-18",0,1,0,0,0,0,0,1693,0,-0.035,97.56,97.58,97.495,0,279,97.525,12603,0,0,"",0
"2022-02-03","BAXM24","BAX","BAX","BAX",0,"2024-06-17",0,1,0,97.8,0,1,0,404,0,-0.01,97.535,97.565,97.475,0,102,97.505,6182,0,0,"",0
"2022-02-03","BAXU24","BAX","BAX","BAX",0,"2024-09-16",0,1,0,97.595,0,50,0,522,0,-0.06,97.555,97.555,97.48,0,101,97.505,2595,0,0,"",0
"2022-02-03","BAXZ24","BAX","BAX","BAX",0,"2024-12-16",0,1,97.5,97.8,11,1,0,171,0,-0.085,97.53,97.53,97.485,0,31,97.51,432,0,0,"",0
"2022-02-04","BAXG22","BAX","BAX","BAX",0,"2022-02-14",0,1,98.97,99.45,8,8,0,0,0,0,0,0,0,0,0,99.13,0,0,0,"",0
"2022-02-04","BAXH22","BAX","BAX","BAX",0,"2022-03-14",0,1,99.035,99.05,157,40,0,9324,0,0.01,99.075,99.08,99.025,0,770,99.035,185778,0,0,"",0
"2022-02-04","BAXJ22","BAX","BAX","BAX",0,"2022-04-14",0,1,0,0,0,0,0,0,0,0,0,0,0,0,0,98.93,0,0,0,"",0
"2022-02-04","BAXM22","BAX","BAX","BAX",0,"2022-06-13",0,1,98.52,98.53,185,14,0,17097,0,0.015,98.6,98.62,98.51,0,1776,98.515,178368,0,0,"",0
"2022-02-04","BAXU22","BAX","BAX","BAX",0,"2022-09-19",0,1,98.115,98.12,109,246,0,31920,0,0.01,98.23,98.245,98.1,0,2608,98.105,150896,0,0,"",0
"2022-02-04","BAXZ22","BAX","BAX","BAX",0,"2022-12-19",0,1,97.875,97.88,25,11,0,19822,0,0.01,98.01,98.015,97.86,0,2473,97.87,120247,0,0,"",0
"2022-02-04","BAXH23","BAX","BAX","BAX",0,"2023-03-13",0,1,97.705,98.325,32,10,0,9992,0,0.015,97.87,97.875,97.72,0,1248,97.725,102401,0,0,"",0
"2022-02-04","BAXM23","BAX","BAX","BAX",0,"2023-06-19",0,1,97.605,98.115,31,41,0,7021,0,0.02,97.75,97.765,97.62,0,729,97.62,87281,0,0,"",0
"2022-02-04","BAXU23","BAX","BAX","BAX",0,"2023-09-18",0,1,97.52,0,1,0,0,5566,0,0.025,97.655,97.655,97.525,0,729,97.52,54639,0,0,"",0
"2022-02-04","BAXZ23","BAX","BAX","BAX",0,"2023-12-18",0,1,97.455,98.3,52,1,0,4056,0,0.025,97.565,97.585,97.46,0,743,97.455,39692,0,0,"",0
"2022-02-04","BAXH24","BAX","BAX","BAX",0,"2024-03-18",0,1,97.415,0,1,0,0,774,0,0.05,97.535,97.535,97.42,0,173,97.42,13659,0,0,"",0
"2022-02-04","BAXM24","BAX","BAX","BAX",0,"2024-06-17",0,1,0,97.8,0,1,0,456,0,0.065,97.415,97.47,97.415,0,110,97.405,6197,0,0,"",0
"2022-02-04","BAXU24","BAX","BAX","BAX",0,"2024-09-16",0,1,0,0,0,0,0,203,0,0.06,97.525,97.525,97.425,0,48,97.41,2833,0,0,"",0
"2022-02-04","BAXZ24","BAX","BAX","BAX",0,"2024-12-16",0,1,97.3,97.8,1,1,0,171,0,0.05,97.53,97.53,97.42,0,22,97.415,477,0,0,"",0
"2022-02-07","BAXG22","BAX","BAX","BAX",0,"2022-02-14",0,1,98.97,99.45,8,8,0,0,0,0,0,0,0,0,0,99.14,0,0,0,"",0
"2022-02-07","BAXH22","BAX","BAX","BAX",0,"2022-03-14",0,1,99.05,99.055,30,90,0,5278,0,0.01,99.04,99.055,99.03,0,333,99.045,183762,0,0,"",0
"2022-02-07","BAXJ22","BAX","BAX","BAX",0,"2022-04-14",0,1,0,0,0,0,0,0,0,0,0,0,0,0,0,98.94,0,0,0,"",0
"2022-02-07","BAXM22","BAX","BAX","BAX",0,"2022-06-13",0,1,98.53,98.54,19,37,0,7880,0,0.01,98.515,98.545,98.51,0,964,98.525,176225,0,0,"",0
"2022-02-07","BAXU22","BAX","BAX","BAX",0,"2022-09-19",0,1,98.115,98.12,71,34,0,14509,0,0.01,98.115,98.135,98.095,0,1623,98.11,159608,0,0,"",0
"2022-02-07","BAXZ22","BAX","BAX","BAX",0,"2022-12-19",0,1,97.885,98,2,40,0,6142,0,0.005,97.895,97.905,97.87,0,949,97.885,128531,0,0,"",0
"2022-02-07","BAXH23","BAX","BAX","BAX",0,"2023-03-13",0,1,97.745,97.755,61,13,0,6982,0,0.005,97.76,97.76,97.735,0,820,97.75,106267,0,0,"",0
"2022-02-07","BAXM23","BAX","BAX","BAX",0,"2023-06-19",0,1,97.645,97.655,24,30,0,3840,0,0.005,97.66,97.665,97.635,0,470,97.645,89387,0,0,"",0
"2022-02-07","BAXU23","BAX","BAX","BAX",0,"2023-09-18",0,1,97.535,0,8,0,0,3040,0,0,97.57,97.57,97.54,0,547,97.55,55472,0,0,"",0
"2022-02-07","BAXZ23","BAX","BAX","BAX",0,"2023-12-18",0,1,97.48,97.515,10,50,0,1749,0,0,97.495,97.5,97.47,0,277,97.485,39401,0,0,"",0
"2022-02-07","BAXH24","BAX","BAX","BAX",0,"2024-03-18",0,1,0,0,0,0,0,308,0,0,97.47,97.47,97.44,0,46,97.45,12550,0,0,"",0
"2022-02-07","BAXM24","BAX","BAX","BAX",0,"2024-06-17",0,1,97.425,97.8,50,1,0,65,0,0.04,97.44,97.445,97.44,0,9,97.435,6234,0,0,"",0
"2022-02-07","BAXU24","BAX","BAX","BAX",0,"2024-09-16",0,1,0,97.44,0,2,0,761,0,0.005,97.445,97.445,97.43,0,170,97.435,2871,0,0,"",0
"2022-02-07","BAXZ24","BAX","BAX","BAX",0,"2024-12-16",0,1,97.3,97.8,1,1,0,131,0,0.005,97.435,97.445,97.43,0,7,97.44,569,0,0,"",0
"2022-02-08","BAXG22","BAX","BAX","BAX",0,"2022-02-14",0,1,98.97,99.45,8,8,0,0,0,0,0,0,0,0,0,99.16,0,0,0,"",0
"2022-02-08","BAXH22","BAX","BAX","BAX",0,"2022-03-14",0,1,99.05,99.06,727,632,0,7059,0,-0.01,99.045,99.07,99.04,0,369,99.065,182347,0,0,"",0
"2022-02-08","BAXJ22","BAX","BAX","BAX",0,"2022-04-14",0,1,0,0,0,0,0,0,0,0,0,0,0,0,0,98.96,0,0,0,"",0
"2022-02-08","BAXM22","BAX","BAX","BAX",0,"2022-06-13",0,1,98.535,98.565,40,25,0,5982,0,-0.01,98.51,98.545,98.51,0,1005,98.545,175198,0,0,"",0
"2022-02-08","BAXU22","BAX","BAX","BAX",0,"2022-09-19",0,1,98.115,98.13,7,28,0,12611,0,-0.005,98.09,98.135,98.085,0,1471,98.13,149183,0,0,"",0
"2022-02-08","BAXZ22","BAX","BAX","BAX",0,"2022-12-19",0,1,97.89,97.9,44,200,0,13292,0,-0.005,97.86,97.905,97.845,0,1240,97.9,122163,0,0,"",0
"2022-02-08","BAXH23","BAX","BAX","BAX",0,"2023-03-13",0,1,97.74,97.755,27,36,0,7405,0,-0.005,97.72,97.765,97.705,0,851,97.75,108894,0,0,"",0
"2022-02-08","BAXM23","BAX","BAX","BAX",0,"2023-06-19",0,1,97.635,97.65,40,47,0,5499,0,-0.01,97.62,97.655,97.605,0,663,97.645,89934,0,0,"",0
"2022-02-08","BAXU23","BAX","BAX","BAX",0,"2023-09-18",0,1,0,0,0,0,0,3179,0,0,97.535,97.56,97.505,0,398,97.54,55097,0,0,"",0
"2022-02-08","BAXZ23","BAX","BAX","BAX",0,"2023-12-18",0,1,97.465,97.48,3,10,0,2692,0,0.005,97.465,97.485,97.44,0,327,97.47,39527,0,0,"",0
"2022-02-08","BAXH24","BAX","BAX","BAX",0,"2024-03-18",0,1,0,97.455,0,1,0,346,0,0,97.415,97.45,97.4,0,54,97.435,12335,0,0,"",0
"2022-02-08","BAXM24","BAX","BAX","BAX",0,"2024-06-17",0,1,0,97.8,0,1,0,36,0,0.01,97.42,97.435,97.405,0,19,97.42,6057,0,0,"",0
"2022-02-08","BAXU24","BAX","BAX","BAX",0,"2024-09-16",0,1,0,97.455,0,25,0,42,0,0.005,97.41,97.44,97.41,0,9,97.425,3516,0,0,"",0
"2022-02-08","BAXZ24","BAX","BAX","BAX",0,"2024-12-16",0,1,97.3,97.8,1,1,0,44,0,0,97.435,97.445,97.435,0,7,97.44,608,0,0,"",0
"2022-02-09","BAXG22","BAX","BAX","BAX",0,"2022-02-14",0,1,98.97,99.45,8,8,0,0,0,0,0,0,0,0,0,99.16,0,0,0,"",0
"2022-02-09","BAXH22","BAX","BAX","BAX",0,"2022-03-14",0,1,99.06,99.065,278,11,0,9546,0,0,99.06,99.075,99.055,0,447,99.065,184094,0,0,"",0
"2022-02-09","BAXJ22","BAX","BAX","BAX",0,"2022-04-14",0,1,0,0,0,0,0,0,0,0,0,0,0,0,0,98.96,0,0,0,"",0
"2022-02-09","BAXM22","BAX","BAX","BAX",0,"2022-06-13",0,1,98.54,98.56,21,75,0,8266,0,0,98.55,98.56,98.535,0,851,98.54,173765,0,0,"",0
"2022-02-09","BAXU22","BAX","BAX","BAX",0,"2022-09-19",0,1,98.13,98.135,42,101,0,11696,0,0.005,98.125,98.155,98.12,0,1119,98.125,144543,0,0,"",0
"2022-02-09","BAXZ22","BAX","BAX","BAX",0,"2022-12-19",0,1,97.875,98.015,50,46,0,16108,0,0.005,97.9,97.92,97.875,0,1405,97.885,126097,0,0,"",0
"2022-02-09","BAXH23","BAX","BAX","BAX",0,"2023-03-13",0,1,97.715,97.72,75,1,0,11215,0,0.01,97.745,97.775,97.705,0,1137,97.705,111087,0,0,"",0
"2022-02-09","BAXM23","BAX","BAX","BAX",0,"2023-06-19",0,1,97.595,97.605,45,45,0,33087,0,0.015,97.635,97.67,97.58,0,3972,97.585,90994,0,0,"",0
"2022-02-09","BAXU23","BAX","BAX","BAX",0,"2023-09-18",0,1,97.505,97.515,161,60,0,8741,0,0.015,97.56,97.56,97.49,0,1061,97.495,56115,0,0,"",0
"2022-02-09","BAXZ23","BAX","BAX","BAX",0,"2023-12-18",0,1,97.445,97.465,8,10,0,5144,0,0.015,97.5,97.51,97.44,0,715,97.44,38961,0,0,"",0
"2022-02-09","BAXH24","BAX","BAX","BAX",0,"2024-03-18",0,1,0,97.445,0,25,0,562,0,0.02,97.455,97.48,97.42,0,76,97.415,12379,0,0,"",0
"2022-02-09","BAXM24","BAX","BAX","BAX",0,"2024-06-17",0,1,0,97.445,0,25,0,217,0,0.015,97.45,97.47,97.43,0,40,97.42,6056,0,0,"",0
"2022-02-09","BAXU24","BAX","BAX","BAX",0,"2024-09-16",0,1,0,97.46,0,25,0,238,0,0.01,97.45,97.455,97.445,0,50,97.44,3524,0,0,"",0
"2022-02-09","BAXZ24","BAX","BAX","BAX",0,"2024-12-16",0,1,97.3,97.47,1,500,0,112,0,0.025,97.465,97.47,97.46,0,12,97.455,643,0,0,"",0
"2022-02-10","BAXG22","BAX","BAX","BAX",0,"2022-02-14",0,1,98.97,99.45,8,8,0,0,0,0,0,0,0,0,0,99.11,0,0,0,"",0
"2022-02-10","BAXH22","BAX","BAX","BAX",0,"2022-03-14",0,1,99.01,99.02,27,142,0,28493,0,-0.005,99.065,99.07,98.99,0,1966,99.015,183701,0,0,"",0
"2022-02-10","BAXJ22","BAX","BAX","BAX",0,"2022-04-14",0,1,0,0,0,0,0,0,0,0,0,0,0,0,0,98.91,0,0,0,"",0
"2022-02-10","BAXM22","BAX","BAX","BAX",0,"2022-06-13",0,1,98.47,98.48,42,120,0,20948,0,-0.015,98.54,98.57,98.46,0,2758,98.49,171023,0,0,"",0
"2022-02-10","BAXU22","BAX","BAX","BAX",0,"2022-09-19",0,1,98.055,98.06,47,265,0,29494,0,0,98.125,98.165,98.03,0,2487,98.055,141544,0,0,"",0
"2022-02-10","BAXZ22","BAX","BAX","BAX",0,"2022-12-19",0,1,97.8,97.805,164,16,0,35486,0,0.005,97.88,97.915,97.77,0,2821,97.8,130869,0,0,"",0
"2022-02-10","BAXH23","BAX","BAX","BAX",0,"2023-03-13",0,1,97.605,97.625,85,26,0,28838,0,0,97.69,97.735,97.565,0,2338,97.615,112304,0,0,"",0
"2022-02-10","BAXM23","BAX","BAX","BAX",0,"2023-06-19",0,1,97.47,97.48,53,326,0,19200,0,-0.01,97.57,97.625,97.43,0,1651,97.49,83381,0,0,"",0
"2022-02-10","BAXU23","BAX","BAX","BAX",0,"2023-09-18",0,1,97.315,97.39,1,197,0,13471,0,-0.015,97.505,97.535,97.345,0,1390,97.4,57357,0,0,"",0
"2022-02-10","BAXZ23","BAX","BAX","BAX",0,"2023-12-18",0,1,97.335,97.355,20,5,0,5615,0,-0.01,97.45,97.485,97.305,0,759,97.35,38978,0,0,"",0
"2022-02-10","BAXH24","BAX","BAX","BAX",0,"2024-03-18",0,1,0,0,0,0,0,1664,0,0,97.455,97.465,97.315,0,268,97.335,12537,0,0,"",0
"2022-02-10","BAXM24","BAX","BAX","BAX",0,"2024-06-17",0,1,0,97.8,0,1,0,476,0,0.005,97.445,97.465,97.34,0,53,97.34,6055,0,0,"",0
"2022-02-10","BAXU24","BAX","BAX","BAX",0,"2024-09-16",0,1,97.37,0,1,0,0,251,0,0.01,97.47,97.48,97.36,0,37,97.36,3543,0,0,"",0
"2022-02-10","BAXZ24","BAX","BAX","BAX",0,"2024-12-16",0,1,97.3,97.8,1,1,0,143,0,-0.07,97.475,97.5,97.375,0,26,97.375,695,0,0,"",0
"2022-02-11","BAXG22","BAX","BAX","BAX",0,"2022-02-14",0,1,98.97,99.45,8,8,0,0,0,0,0,0,0,0,0,99.125,0,0,0,"",0
"2022-02-11","BAXH22","BAX","BAX","BAX",0,"2022-03-14",0,1,99.025,99.035,61,67,0,13740,0,0.005,99.02,99.04,98.97,0,1305,99.03,195026,0,0,"",0
"2022-02-11","BAXJ22","BAX","BAX","BAX",0,"2022-04-14",0,1,0,0,0,0,0,0,0,0,0,0,0,0,0,98.925,0,0,0,"",0
"2022-02-11","BAXM22","BAX","BAX","BAX",0,"2022-06-13",0,1,98.475,98.485,10,10,0,9302,0,-0.005,98.49,98.52,98.44,0,1443,98.48,180415,0,0,"",0
"2022-02-11","BAXU22","BAX","BAX","BAX",0,"2022-09-19",0,1,98.055,98.06,50,14,0,18646,0,0.01,98.07,98.095,98.005,0,2293,98.045,149251,0,0,"",0
"2022-02-11","BAXZ22","BAX","BAX","BAX",0,"2022-12-19",0,1,97.815,97.9,10,130,0,17233,0,0.01,97.82,97.84,97.745,0,2592,97.81,142245,0,0,"",0
"2022-02-11","BAXH23","BAX","BAX","BAX",0,"2023-03-13",0,1,97.635,97.65,16,78,0,11350,0,0,97.635,97.65,97.565,0,1595,97.63,119908,0,0,"",0
"2022-02-11","BAXM23","BAX","BAX","BAX",0,"2023-06-19",0,1,97.51,97.525,13,23,0,8575,0,0.005,97.495,97.53,97.45,0,986,97.505,78441,0,0,"",0
"2022-02-11","BAXU23","BAX","BAX","BAX",0,"2023-09-18",0,1,0,0,0,0,0,4086,0,0.015,97.385,97.445,97.365,0,614,97.415,57307,0,0,"",0
"2022-02-11","BAXZ23","BAX","BAX","BAX",0,"2023-12-18",0,1,97.33,98.3,150,1,0,3462,0,0.02,97.37,97.405,97.32,0,571,97.37,38716,0,0,"",0
"2022-02-11","BAXH24","BAX","BAX","BAX",0,"2024-03-18",0,1,97.375,0,30,0,0,923,0,0.015,97.36,97.4,97.325,0,146,97.36,13094,0,0,"",0
"2022-02-11","BAXM24","BAX","BAX","BAX",0,"2024-06-17",0,1,0,97.8,0,1,0,376,0,0.015,97.365,97.42,97.345,0,65,97.38,6290,0,0,"",0
"2022-02-11","BAXU24","BAX","BAX","BAX",0,"2024-09-16",0,1,0,0,0,0,0,301,0,0.025,97.425,97.45,97.395,0,56,97.405,3636,0,0,"",0
"2022-02-11","BAXZ24","BAX","BAX","BAX",0,"2024-12-16",0,1,97.3,97.8,1,1,0,153,0,0.015,97.405,97.47,97.405,0,30,97.42,740,0,0,"",0
"2022-02-14","BAXG22","BAX","BAX","BAX",0,"2022-02-14",0,1,0,0,0,0,0,0,0,0,0,0,0,0,0,99.162,0,0,0,"",0
"2022-02-14","BAXH22","BAX","BAX","BAX",0,"2022-03-14",0,1,98.99,98.995,36,70,0,10198,0,-0.005,99.025,99.025,98.99,0,631,98.995,188196,0,0,"",0
"2022-02-14","BAXJ22","BAX","BAX","BAX",0,"2022-04-14",0,1,0,0,0,0,0,0,0,0,0,0,0,0,0,98.89,0,0,0,"",0
"2022-02-14","BAXM22","BAX","BAX","BAX",0,"2022-06-13",0,1,98.425,98.43,25,10,0,6288,0,0,98.48,98.485,98.41,0,1226,98.425,173711,0,0,"",0
"2022-02-14","BAXU22","BAX","BAX","BAX",0,"2022-09-19",0,1,97.99,98,25,5,0,9452,0,0.01,98.04,98.065,97.965,0,1371,97.99,144865,0,0,"",0
"2022-02-14","BAXZ22","BAX","BAX","BAX",0,"2022-12-19",0,1,97.725,97.775,30,10,0,7913,0,0.01,97.795,97.825,97.725,0,1326,97.755,141386,0,0,"",0
"2022-02-14","BAXH23","BAX","BAX","BAX",0,"2023-03-13",0,1,97.58,97.595,32,43,0,4420,0,0.005,97.61,97.63,97.54,0,710,97.575,116682,0,0,"",0
"2022-02-14","BAXM23","BAX","BAX","BAX",0,"2023-06-19",0,1,97.46,97.475,20,43,0,4716,0,0.02,97.51,97.525,97.42,0,497,97.455,75667,0,0,"",0
"2022-02-14","BAXU23","BAX","BAX","BAX",0,"2023-09-18",0,1,97.34,97.38,1,15,0,4270,0,0.005,97.435,97.435,97.34,0,581,97.37,56630,0,0,"",0
"2022-02-14","BAXZ23","BAX","BAX","BAX",0,"2023-12-18",0,1,97.31,98.3,2,1,0,2156,0,0.01,97.335,97.405,97.305,0,351,97.325,38611,0,0,"",0
"2022-02-14","BAXH24","BAX","BAX","BAX",0,"2024-03-18",0,1,97.315,0,25,0,0,234,0,0.02,97.395,97.395,97.31,0,88,97.315,12221,0,0,"",0
"2022-02-14","BAXM24","BAX","BAX","BAX",0,"2024-06-17",0,1,0,97.8,0,1,0,103,0,0.005,97.33,97.415,97.33,0,36,97.34,6076,0,0,"",0
"2022-02-14","BAXU24","BAX","BAX","BAX",0,"2024-09-16",0,1,0,0,0,0,0,99,0,-0.01,97.445,97.445,97.37,0,16,97.375,3644,0,0,"",0
"2022-02-14","BAXZ24","BAX","BAX","BAX",0,"2024-12-16",0,1,97.3,97.8,1,1,0,133,0,-0.015,97.4,97.405,97.385,0,10,97.4,793,0,0,"",0
"2022-02-15","BAXH22","BAX","BAX","BAX",0,"2022-03-14",0,1,98.99,98.995,52,815,0,7958,0,-0.005,98.99,99,98.975,0,576,98.995,185319,0,0,"",0
"2022-02-15","BAXJ22","BAX","BAX","BAX",0,"2022-04-14",0,1,0,0,0,0,0,0,0,0,0,0,0,0,0,98.89,0,0,0,"",0
"2022-02-15","BAXK22","BAX","BAX","BAX",0,"2022-05-16",0,1,0,0,0,0,0,0,0,0,0,0,0,0,0,98.7,0,0,0,"",0
"2022-02-15","BAXM22","BAX","BAX","BAX",0,"2022-06-13",0,1,98.385,98.39,136,51,0,9222,0,-0.02,98.425,98.43,98.39,0,907,98.41,171972,0,0,"",0
"2022-02-15","BAXU22","BAX","BAX","BAX",0,"2022-09-19",0,1,97.955,97.965,105,20,0,7615,0,-0.015,97.995,98,97.95,0,868,97.975,142857,0,0,"",0
"2022-02-15","BAXZ22","BAX","BAX","BAX",0,"2022-12-19",0,1,97.685,97.715,31,28,0,8077,0,-0.015,97.75,97.76,97.71,0,874,97.725,137579,0,0,"",0
"2022-02-15","BAXH23","BAX","BAX","BAX",0,"2023-03-13",0,1,97.525,97.53,1,35,0,4509,0,-0.015,97.575,97.58,97.525,0,453,97.545,113553,0,0,"",0
"2022-02-15","BAXM23","BAX","BAX","BAX",0,"2023-06-19",0,1,97.405,97.415,38,12,0,4120,0,-0.015,97.45,97.45,97.405,0,428,97.425,75541,0,0,"",0
"2022-02-15","BAXU23","BAX","BAX","BAX",0,"2023-09-18",0,1,97.33,0,22,0,0,2906,0,-0.01,97.325,97.36,97.325,0,428,97.345,56112,0,0,"",0
"2022-02-15","BAXZ23","BAX","BAX","BAX",0,"2023-12-18",0,1,97.3,98.3,33,1,0,2619,0,0,97.32,97.32,97.275,0,390,97.31,38837,0,0,"",0
"2022-02-15","BAXH24","BAX","BAX","BAX",0,"2024-03-18",0,1,97.3,0,20,0,0,735,0,0,97.32,97.325,97.3,0,137,97.31,11179,0,0,"",0
"2022-02-15","BAXM24","BAX","BAX","BAX",0,"2024-06-17",0,1,0,97.8,0,1,0,63,0,0,97.325,97.335,97.325,0,18,97.335,6004,0,0,"",0
"2022-02-15","BAXU24","BAX","BAX","BAX",0,"2024-09-16",0,1,0,0,0,0,0,19,0,-0.005,97.37,97.37,97.365,0,11,97.37,3628,0,0,"",0
"2022-02-15","BAXZ24","BAX","BAX","BAX",0,"2024-12-16",0,1,97.3,97.8,1,1,0,12,0,-0.01,97.385,97.39,97.385,0,5,97.395,791,0,0,"",0
"2022-02-16","BAXH22","BAX","BAX","BAX",0,"2022-03-14",0,1,99.005,99.01,47,6,0,19711,0,0.005,98.99,99.015,98.94,0,1114,99.005,183581,0,0,"",0
"2022-02-16","BAXJ22","BAX","BAX","BAX",0,"2022-04-14",0,1,0,0,0,0,0,0,0,0,0,0,0,0,0,98.9,0,0,0,"",0
"2022-02-16","BAXK22","BAX","BAX","BAX",0,"2022-05-16",0,1,0,0,0,0,0,0,0,0,0,0,0,0,0,98.71,0,0,0,"",0
"2022-02-16","BAXM22","BAX","BAX","BAX",0,"2022-06-13",0,1,98.43,98.49,18,1,0,14597,0,0.015,98.38,98.44,98.35,0,1481,98.425,172972,0,0,"",0
"2022-02-16","BAXU22","BAX","BAX","BAX",0,"2022-09-19",0,1,98.005,98.015,6,25,0,16471,0,0.015,97.95,98.02,97.895,0,1762,97.995,143978,0,0,"",0
"2022-02-16","BAXZ22","BAX","BAX","BAX",0,"2022-12-19",0,1,97.75,97.9,50,130,0,20331,0,0.015,97.7,97.77,97.66,0,2087,97.745,136971,0,0,"",0
"2022-02-16","BAXH23","BAX","BAX","BAX",0,"2023-03-13",0,1,97.565,97.58,18,24,0,8969,0,0.01,97.52,97.585,97.495,0,1058,97.56,112940,0,0,"",0
"2022-02-16","BAXM23","BAX","BAX","BAX",0,"2023-06-19",0,1,97.44,97.455,23,18,0,5513,0,0.005,97.405,97.47,97.385,0,652,97.44,75635,0,0,"",0
"2022-02-16","BAXU23","BAX","BAX","BAX",0,"2023-09-18",0,1,97.32,0,1,0,0,4053,0,0.005,97.335,97.385,97.305,0,649,97.36,56116,0,0,"",0
"2022-02-16","BAXZ23","BAX","BAX","BAX",0,"2023-12-18",0,1,97.335,97.345,27,23,0,4416,0,0.01,97.305,97.355,97.27,0,591,97.33,39115,0,0,"",0
"2022-02-16","BAXH24","BAX","BAX","BAX",0,"2024-03-18",0,1,0,0,0,0,0,858,0,0.015,97.295,97.345,97.28,0,133,97.33,10862,0,0,"",0
"2022-02-16","BAXM24","BAX","BAX","BAX",0,"2024-06-17",0,1,97.1,97.8,1,1,0,150,0,0.03,97.34,97.385,97.325,0,41,97.355,6012,0,0,"",0
"2022-02-16","BAXU24","BAX","BAX","BAX",0,"2024-09-16",0,1,0,0,0,0,0,105,0,0.02,97.35,97.39,97.35,0,32,97.39,3630,0,0,"",0
"2022-02-16","BAXZ24","BAX","BAX","BAX",0,"2024-12-16",0,1,97.2,97.8,1,1,0,33,0,0.03,97.4,97.445,97.4,0,19,97.415,803,0,0,"",0
"2022-02-17","BAXH22","BAX","BAX","BAX",0,"2022-03-14",0,1,99.025,99.03,55,301,0,8196,0,0,99.01,99.04,99.01,0,483,99.025,188327,0,0,"",0
"2022-02-17","BAXJ22","BAX","BAX","BAX",0,"2022-04-14",0,1,0,0,0,0,0,0,0,0,0,0,0,0,0,98.92,0,0,0,"",0
"2022-02-17","BAXK22","BAX","BAX","BAX",0,"2022-05-16",0,1,0,0,0,0,0,0,0,0,0,0,0,0,0,98.73,0,0,0,"",0
"2022-02-17","BAXM22","BAX","BAX","BAX",0,"2022-06-13",0,1,98.465,98.47,68,51,0,9875,0,0,98.465,98.49,98.455,0,1105,98.465,174042,0,0,"",0
"2022-02-17","BAXU22","BAX","BAX","BAX",0,"2022-09-19",0,1,98.035,98.04,213,14,0,10233,0,0,98.015,98.08,98.01,0,1226,98.035,144250,0,0,"",0
"2022-02-17","BAXZ22","BAX","BAX","BAX",0,"2022-12-19",0,1,97.78,97.79,1,1,0,7110,0,0,97.77,97.825,97.77,0,1014,97.785,145328,0,0,"",0
"2022-02-17","BAXH23","BAX","BAX","BAX",0,"2023-03-13",0,1,97.59,97.605,35,39,0,2956,0,-0.005,97.585,97.64,97.585,0,484,97.6,113236,0,0,"",0
"2022-02-17","BAXM23","BAX","BAX","BAX",0,"2023-06-19",0,1,97.465,97.48,33,30,0,2618,0,0,97.47,97.515,97.455,0,329,97.48,76238,0,0,"",0
"2022-02-17","BAXU23","BAX","BAX","BAX",0,"2023-09-18",0,1,97.32,97.425,1,25,0,2426,0,-0.005,97.38,97.445,97.37,0,431,97.4,56878,0,0,"",0
"2022-02-17","BAXZ23","BAX","BAX","BAX",0,"2023-12-18",0,1,97.265,98.3,31,1,0,2521,0,0.005,97.35,97.405,97.35,0,370,97.37,39691,0,0,"",0
"2022-02-17","BAXH24","BAX","BAX","BAX",0,"2024-03-18",0,1,0,0,0,0,0,255,0,0,97.39,97.4,97.365,0,65,97.375,11084,0,0,"",0
"2022-02-17","BAXM24","BAX","BAX","BAX",0,"2024-06-17",0,1,97.1,97.8,1,1,0,110,0,0.055,97.4,97.41,97.4,0,24,97.4,6036,0,0,"",0
"2022-02-17","BAXU24","BAX","BAX","BAX",0,"2024-09-16",0,1,0,0,0,0,0,89,0,0,0,0,0,0,16,97.435,3584,0,0,"",0
"2022-02-17","BAXZ24","BAX","BAX","BAX",0,"2024-12-16",0,1,97.2,97.8,1,1,0,28,0,0.07,97.485,97.485,97.485,0,6,97.46,811,0,0,"",0
"2022-02-18","BAXH22","BAX","BAX","BAX",0,"2022-03-14",0,1,99.03,99.035,126,217,0,7868,0,-0.005,99.02,99.035,99.02,0,465,99.035,185280,0,0,"",0
"2022-02-18","BAXJ22","BAX","BAX","BAX",0,"2022-04-14",0,1,0,0,0,0,0,0,0,0,0,0,0,0,0,98.93,0,0,0,"",0
"2022-02-18","BAXK22","BAX","BAX","BAX",0,"2022-05-16",0,1,0,0,0,0,0,0,0,0,0,0,0,0,0,98.74,0,0,0,"",0
"2022-02-18","BAXM22","BAX","BAX","BAX",0,"2022-06-13",0,1,98.485,98.49,6,1,0,7796,0,-0.005,98.47,98.49,98.45,0,810,98.49,170875,0,0,"",0
"2022-02-18","BAXU22","BAX","BAX","BAX",0,"2022-09-19",0,1,98.05,98.055,161,25,0,9107,0,-0.005,98.055,98.055,98.015,0,1057,98.06,141732,0,0,"",0
"2022-02-18","BAXZ22","BAX","BAX","BAX",0,"2022-12-19",0,1,97.8,97.81,78,72,0,5116,0,-0.005,97.805,97.81,97.77,0,792,97.805,138940,0,0,"",0
"2022-02-18","BAXH23","BAX","BAX","BAX",0,"2023-03-13",0,1,97.62,97.63,215,60,0,4300,0,0.005,97.615,97.625,97.58,0,459,97.62,112829,0,0,"",0
"2022-02-18","BAXM23","BAX","BAX","BAX",0,"2023-06-19",0,1,97.505,97.515,94,55,0,2193,0,0.01,97.49,97.515,97.46,0,249,97.5,76465,0,0,"",0
"2022-02-18","BAXU23","BAX","BAX","BAX",0,"2023-09-18",0,1,97.425,97.435,15,12,0,1224,0,0.005,97.39,97.435,97.375,0,213,97.425,56495,0,0,"",0
"2022-02-18","BAXZ23","BAX","BAX","BAX",0,"2023-12-18",0,1,97.395,97.4,21,36,0,1980,0,0.005,97.365,97.405,97.355,0,295,97.395,39175,0,0,"",0
"2022-02-18","BAXH24","BAX","BAX","BAX",0,"2024-03-18",0,1,97.365,97.41,10,2,0,183,0,0.01,97.37,97.415,97.37,0,22,97.4,10796,0,0,"",0
"2022-02-18","BAXM24","BAX","BAX","BAX",0,"2024-06-17",0,1,97.1,97.8,1,1,0,56,0,0.02,97.41,97.445,97.405,0,19,97.425,5992,0,0,"",0
"2022-02-18","BAXU24","BAX","BAX","BAX",0,"2024-09-16",0,1,0,0,0,0,0,22,0,0.02,97.45,97.51,97.45,0,9,97.47,3592,0,0,"",0
"2022-02-18","BAXZ24","BAX","BAX","BAX",0,"2024-12-16",0,1,97.2,97.8,1,1,0,19,0,0.04,97.475,97.535,97.475,0,6,97.495,812,0,0,"",0
"2022-02-22","BAXH22","BAX","BAX","BAX",0,"2022-03-14",0,1,99.005,99.01,31,78,0,14145,0,0,99.045,99.06,99,0,938,99.005,185463,0,0,"",0
"2022-02-22","BAXJ22","BAX","BAX","BAX",0,"2022-04-14",0,1,0,0,0,0,0,0,0,0,0,0,0,0,0,98.9,0,0,0,"",0
"2022-02-22","BAXK22","BAX","BAX","BAX",0,"2022-05-16",0,1,0,0,0,0,0,0,0,0,0,0,0,0,0,98.71,0,0,0,"",0
"2022-02-22","BAXM22","BAX","BAX","BAX",0,"2022-06-13",0,1,98.445,98.46,30,62,0,4857,0,-0.005,98.495,98.525,98.44,0,738,98.455,169831,0,0,"",0
"2022-02-22","BAXU22","BAX","BAX","BAX",0,"2022-09-19",0,1,98.005,98.02,42,75,0,7770,0,0,98.075,98.09,98,0,1037,98.02,143434,0,0,"",0
"2022-02-22","BAXZ22","BAX","BAX","BAX",0,"2022-12-19",0,1,97.755,97.77,142,22,0,6676,0,0.005,97.81,97.83,97.75,0,1094,97.765,137869,0,0,"",0
"2022-02-22","BAXH23","BAX","BAX","BAX",0,"2023-03-13",0,1,97.575,97.59,44,50,0,7635,0,0.005,97.635,97.655,97.555,0,934,97.58,113301,0,0,"",0
"2022-02-22","BAXM23","BAX","BAX","BAX",0,"2023-06-19",0,1,97.46,97.475,23,37,0,5224,0,0.005,97.52,97.52,97.435,0,608,97.465,75785,0,0,"",0
"2022-02-22","BAXU23","BAX","BAX","BAX",0,"2023-09-18",0,1,97.385,0,97,0,0,3702,0,-0.005,97.445,97.535,97.35,0,629,97.39,56486,0,0,"",0
"2022-02-22","BAXZ23","BAX","BAX","BAX",0,"2023-12-18",0,1,97.265,98.3,31,1,0,2697,0,0,97.405,97.405,97.325,0,486,97.365,38809,0,0,"",0
"2022-02-22","BAXH24","BAX","BAX","BAX",0,"2024-03-18",0,1,0,0,0,0,0,210,0,0,97.405,97.405,97.345,0,82,97.37,10724,0,0,"",0
"2022-02-22","BAXM24","BAX","BAX","BAX",0,"2024-06-17",0,1,97.1,97.8,1,1,0,343,0,0.005,97.415,97.42,97.395,0,101,97.395,5928,0,0,"",0
"2022-02-22","BAXU24","BAX","BAX","BAX",0,"2024-09-16",0,1,0,0,0,0,0,201,0,0.005,97.47,97.47,97.44,0,51,97.44,3592,0,0,"",0
"2022-02-22","BAXZ24","BAX","BAX","BAX",0,"2024-12-16",0,1,97.2,97.49,1,100,0,93,0,0.005,97.5,97.5,97.5,0,21,97.465,810,0,0,"",0
"2022-02-23","BAXH22","BAX","BAX","BAX",0,"2022-03-14",0,1,98.985,98.99,83,396,0,14551,0,0,99.005,99.005,98.985,0,1145,98.985,192466,0,0,"",0
"2022-02-23","BAXJ22","BAX","BAX","BAX",0,"2022-04-14",0,1,0,0,0,0,0,0,0,0,0,0,0,0,0,98.88,0,0,0,"",0
"2022-02-23","BAXK22","BAX","BAX","BAX",0,"2022-05-16",0,1,0,0,0,0,0,0,0,0,0,0,0,0,0,98.69,0,0,0,"",0
"2022-02-23","BAXM22","BAX","BAX","BAX",0,"2022-06-13",0,1,98.425,98.43,174,48,0,4327,0,0,98.42,98.445,98.42,0,604,98.43,169884,0,0,"",0
"2022-02-23","BAXU22","BAX","BAX","BAX",0,"2022-09-19",0,1,97.99,97.995,278,127,0,5859,0,0,97.985,98.005,97.975,0,765,97.995,144881,0,0,"",0
"2022-02-23","BAXZ22","BAX","BAX","BAX",0,"2022-12-19",0,1,97.73,97.74,60,38,0,3906,0,-0.005,97.73,97.75,97.715,0,821,97.74,138901,0,0,"",0
"2022-02-23","BAXH23","BAX","BAX","BAX",0,"2023-03-13",0,1,97.54,97.55,38,28,0,3056,0,-0.01,97.555,97.57,97.535,0,508,97.555,114919,0,0,"",0
"2022-02-23","BAXM23","BAX","BAX","BAX",0,"2023-06-19",0,1,97.42,97.43,60,23,0,1878,0,-0.015,97.435,97.45,97.42,0,329,97.44,75607,0,0,"",0
"2022-02-23","BAXU23","BAX","BAX","BAX",0,"2023-09-18",0,1,97.345,97.355,98,37,0,1924,0,-0.015,97.36,97.375,97.335,0,501,97.365,57666,0,0,"",0
"2022-02-23","BAXZ23","BAX","BAX","BAX",0,"2023-12-18",0,1,97.325,98.3,387,1,0,974,0,-0.015,97.325,97.355,97.31,0,384,97.34,38102,0,0,"",0
"2022-02-23","BAXH24","BAX","BAX","BAX",0,"2024-03-18",0,1,97.33,0,30,0,0,105,0,-0.01,97.35,97.35,97.33,0,52,97.345,10701,0,0,"",0
"2022-02-23","BAXM24","BAX","BAX","BAX",0,"2024-06-17",0,1,97.1,97.8,1,1,0,50,0,-0.005,97.36,97.385,97.36,0,21,97.37,6111,0,0,"",0
"2022-02-23","BAXU24","BAX","BAX","BAX",0,"2024-09-16",0,1,0,0,0,0,0,13,0,-0.02,97.42,97.42,97.42,0,8,97.41,3768,0,0,"",0
"2022-02-23","BAXZ24","BAX","BAX","BAX",0,"2024-12-16",0,1,97.2,97.8,1,1,0,7,0,-0.02,97.455,97.455,97.445,0,7,97.435,881,0,0,"",0
"2022-02-24","BAXH22","BAX","BAX","BAX",0,"2022-03-14",0,1,99.025,99.03,10,190,0,17878,0,-0.005,98.99,99.04,98.99,0,1149,99.03,193035,0,0,"",0
"2022-02-24","BAXJ22","BAX","BAX","BAX",0,"2022-04-14",0,1,0,0,0,0,0,0,0,0,0,0,0,0,0,98.925,0,0,0,"",0
"2022-02-24","BAXK22","BAX","BAX","BAX",0,"2022-05-16",0,1,0,0,0,0,0,0,0,0,0,0,0,0,0,98.735,0,0,0,"",0
"2022-02-24","BAXM22","BAX","BAX","BAX",0,"2022-06-13",0,1,98.47,98.48,30,40,0,9300,0,-0.015,98.455,98.5,98.435,0,1229,98.49,169728,0,0,"",0
"2022-02-24","BAXU22","BAX","BAX","BAX",0,"2022-09-19",0,1,98.035,98.04,25,68,0,12072,0,-0.02,98.015,98.085,97.985,0,1899,98.055,145555,0,0,"",0
"2022-02-24","BAXZ22","BAX","BAX","BAX",0,"2022-12-19",0,1,97.78,97.785,114,15,0,10722,0,-0.02,97.75,97.85,97.74,0,1553,97.8,138578,0,0,"",0
"2022-02-24","BAXH23","BAX","BAX","BAX",0,"2023-03-13",0,1,97.595,97.605,27,20,0,6106,0,-0.01,97.56,97.665,97.55,0,776,97.61,114365,0,0,"",0
"2022-02-24","BAXM23","BAX","BAX","BAX",0,"2023-06-19",0,1,97.475,97.49,43,36,0,3984,0,0,97.435,97.545,97.435,0,544,97.485,75377,0,0,"",0
"2022-02-24","BAXU23","BAX","BAX","BAX",0,"2023-09-18",0,1,97.38,97.41,75,5,0,4718,0,-0.01,97.38,97.455,97.37,0,669,97.405,57599,0,0,"",0
"2022-02-24","BAXZ23","BAX","BAX","BAX",0,"2023-12-18",0,1,97.375,97.655,13,41,0,2823,0,-0.005,97.355,97.43,97.345,0,568,97.38,38060,0,0,"",0
"2022-02-24","BAXH24","BAX","BAX","BAX",0,"2024-03-18",0,1,0,97.46,0,25,0,203,0,0.04,97.4,97.435,97.37,0,57,97.385,10708,0,0,"",0
"2022-02-24","BAXM24","BAX","BAX","BAX",0,"2024-06-17",0,1,97.1,97.5,1,25,0,127,0,0.045,97.43,97.465,97.415,0,39,97.41,5857,0,0,"",0
"2022-02-24","BAXU24","BAX","BAX","BAX",0,"2024-09-16",0,1,0,0,0,0,0,70,0,0.045,97.485,97.485,97.445,0,25,97.45,3687,0,0,"",0
"2022-02-24","BAXZ24","BAX","BAX","BAX",0,"2024-12-16",0,1,97.2,97.8,1,1,0,82,0,0,97.485,97.485,97.465,0,9,97.475,875,0,0,"",0
"2022-02-25","BAXH22","BAX","BAX","BAX",0,"2022-03-14",0,1,99.005,99.015,302,254,0,11759,0,0.01,99.03,99.03,99,0,752,99,194102,0,0,"",0
"2022-02-25","BAXJ22","BAX","BAX","BAX",0,"2022-04-14",0,1,0,0,0,0,0,0,0,0,0,0,0,0,0,98.895,0,0,0,"",0
"2022-02-25","BAXK22","BAX","BAX","BAX",0,"2022-05-16",0,1,0,0,0,0,0,0,0,0,0,0,0,0,0,98.705,0,0,0,"",0
"2022-02-25","BAXM22","BAX","BAX","BAX",0,"2022-06-13",0,1,98.47,98.48,40,110,0,12747,0,0.01,98.465,98.48,98.44,0,1813,98.47,172189,0,0,"",0
"2022-02-25","BAXU22","BAX","BAX","BAX",0,"2022-09-19",0,1,98.035,98.045,130,16,0,16028,0,0.005,98.06,98.06,97.985,0,2169,98.03,147109,0,0,"",0
"2022-02-25","BAXZ22","BAX","BAX","BAX",0,"2022-12-19",0,1,97.78,97.795,44,39,0,12334,0,0.01,97.795,97.795,97.725,0,1507,97.78,141960,0,0,"",0
"2022-02-25","BAXH23","BAX","BAX","BAX",0,"2023-03-13",0,1,97.595,97.605,37,23,0,3966,0,0.005,97.61,97.61,97.545,0,538,97.59,116291,0,0,"",0
"2022-02-25","BAXM23","BAX","BAX","BAX",0,"2023-06-19",0,1,97.47,97.48,24,326,0,4219,0,0.01,97.495,97.495,97.425,0,443,97.465,76368,0,0,"",0
"2022-02-25","BAXU23","BAX","BAX","BAX",0,"2023-09-18",0,1,97.32,0,1,0,0,3168,0,0.005,97.41,97.41,97.35,0,332,97.38,58535,0,0,"",0
"2022-02-25","BAXZ23","BAX","BAX","BAX",0,"2023-12-18",0,1,97.36,97.655,20,41,0,1444,0,0.01,97.37,97.375,97.325,0,267,97.355,37959,0,0,"",0
"2022-02-25","BAXH24","BAX","BAX","BAX",0,"2024-03-18",0,1,97.335,0,5,0,0,545,0,0.01,97.335,97.375,97.335,0,112,97.36,10808,0,0,"",0
"2022-02-25","BAXM24","BAX","BAX","BAX",0,"2024-06-17",0,1,97.1,97.8,1,1,0,144,0,0.02,97.395,97.41,97.36,0,54,97.39,5863,0,0,"",0
"2022-02-25","BAXU24","BAX","BAX","BAX",0,"2024-09-16",0,1,0,0,0,0,0,110,0,0.025,97.405,97.465,97.405,0,30,97.43,3702,0,0,"",0
"2022-02-25","BAXZ24","BAX","BAX","BAX",0,"2024-12-16",0,1,97.2,97.8,1,1,0,56,0,0.02,97.42,97.495,97.42,0,19,97.465,902,0,0,"",0
"2022-02-28","BAXH22","BAX","BAX","BAX",0,"2022-03-14",0,1,99.035,99.04,387,202,0,32284,0,0,99.025,99.05,99,0,1386,99.04,198367,0,0,"",0
"2022-02-28","BAXJ22","BAX","BAX","BAX",0,"2022-04-14",0,1,0,0,0,0,0,0,0,0,0,0,0,0,0,98.935,0,0,0,"",0
"2022-02-28","BAXK22","BAX","BAX","BAX",0,"2022-05-16",0,1,0,0,0,0,0,0,0,0,0,0,0,0,0,98.745,0,0,0,"",0
"2022-02-28","BAXM22","BAX","BAX","BAX",0,"2022-06-13",0,1,98.55,98.555,42,100,0,14115,0,0,98.51,98.56,98.49,0,1399,98.555,171087,0,0,"",0
"2022-02-28","BAXU22","BAX","BAX","BAX",0,"2022-09-19",0,1,98.14,98.145,112,90,0,17821,0,0,98.075,98.15,98.05,0,1858,98.145,153108,0,0,"",0
"2022-02-28","BAXZ22","BAX","BAX","BAX",0,"2022-12-19",0,1,97.91,97.915,104,30,0,17300,0,0.01,97.825,97.915,97.805,0,1479,97.905,140852,0,0,"",0
"2022-02-28","BAXH23","BAX","BAX","BAX",0,"2023-03-13",0,1,97.725,97.74,39,11,0,6222,0,0.015,97.65,97.735,97.62,0,707,97.72,116191,0,0,"",0
"2022-02-28","BAXM23","BAX","BAX","BAX",0,"2023-06-19",0,1,97.595,97.61,35,35,0,3487,0,0.015,97.515,97.6,97.5,0,403,97.585,77736,0,0,"",0
"2022-02-28","BAXU23","BAX","BAX","BAX",0,"2023-09-18",0,1,97.43,0,25,0,0,3016,0,0.01,97.445,97.505,97.415,0,347,97.495,58974,0,0,"",0
"2022-02-28","BAXZ23","BAX","BAX","BAX",0,"2023-12-18",0,1,97.45,97.51,24,41,0,4146,0,0.01,97.425,97.475,97.395,0,656,97.465,37509,0,0,"",0
"2022-02-28","BAXH24","BAX","BAX","BAX",0,"2024-03-18",0,1,97.43,0,23,0,0,1134,0,-0.005,97.435,97.46,97.41,0,183,97.465,10773,0,0,"",0
"2022-02-28","BAXM24","BAX","BAX","BAX",0,"2024-06-17",0,1,97.1,97.48,1,25,0,575,0,-0.005,97.46,97.485,97.46,0,157,97.485,5862,0,0,"",0
"2022-02-28","BAXU24","BAX","BAX","BAX",0,"2024-09-16",0,1,0,0,0,0,0,199,0,-0.005,97.495,97.545,97.49,0,109,97.525,3704,0,0,"",0
"2022-02-28","BAXZ24","BAX","BAX","BAX",0,"2024-12-16",0,1,97.2,97.8,1,1,0,103,0,-0.01,97.57,97.585,97.55,0,64,97.56,814,0,0,"",0
"2022-03-01","BAXH22","BAX","BAX","BAX",0,"2022-03-14",0,1,99.075,99.08,172,81,0,37102,0,0,99.03,99.115,99.015,0,1675,99.08,207360,0,0,"",0
"2022-03-01","BAXJ22","BAX","BAX","BAX",0,"2022-04-14",0,1,0,0,0,0,0,0,0,0,0,0,0,0,0,98.975,0,0,0,"",0
"2022-03-01","BAXK22","BAX","BAX","BAX",0,"2022-05-16",0,1,0,0,0,0,0,0,0,0,0,0,0,0,0,98.785,0,0,0,"",0
"2022-03-01","BAXM22","BAX","BAX","BAX",0,"2022-06-13",0,1,98.635,98.64,156,50,0,36208,0,-0.005,98.53,98.69,98.53,0,3767,98.645,175358,0,0,"",0
"2022-03-01","BAXU22","BAX","BAX","BAX",0,"2022-09-19",0,1,98.25,98.255,79,27,0,26585,0,-0.005,98.115,98.315,98.105,0,4192,98.26,155964,0,0,"",0
"2022-03-01","BAXZ22","BAX","BAX","BAX",0,"2022-12-19",0,1,98.025,98.045,1,50,0,24283,0,-0.01,97.9,98.1,97.885,0,3853,98.045,152598,0,0,"",0
"2022-03-01","BAXH23","BAX","BAX","BAX",0,"2023-03-13",0,1,97.875,97.89,13,20,0,20115,0,-0.005,97.72,97.935,97.72,0,3002,97.885,117518,0,0,"",0
"2022-03-01","BAXM23","BAX","BAX","BAX",0,"2023-06-19",0,1,97.755,97.765,1,26,0,14699,0,0.005,97.55,97.82,97.55,0,1749,97.755,78072,0,0,"",0
"2022-03-01","BAXU23","BAX","BAX","BAX",0,"2023-09-18",0,1,97.32,0,1,0,0,10601,0,0.005,97.49,97.715,97.49,0,1553,97.655,58585,0,0,"",0
"2022-03-01","BAXZ23","BAX","BAX","BAX",0,"2023-12-18",0,1,97.59,97.665,37,31,0,7483,0,0.005,97.495,97.665,97.48,0,1355,97.6,36456,0,0,"",0
"2022-03-01","BAXH24","BAX","BAX","BAX",0,"2024-03-18",0,1,97.555,0,18,0,0,971,0,0,97.475,97.635,97.475,0,187,97.58,11256,0,0,"",0
"2022-03-01","BAXM24","BAX","BAX","BAX",0,"2024-06-17",0,1,97.1,97.8,1,1,0,509,0,-0.015,97.505,97.61,97.505,0,138,97.59,6214,0,0,"",0
"2022-03-01","BAXU24","BAX","BAX","BAX",0,"2024-09-16",0,1,0,0,0,0,0,447,0,-0.01,97.59,97.62,97.57,0,103,97.62,3728,0,0,"",0
"2022-03-01","BAXZ24","BAX","BAX","BAX",0,"2024-12-16",0,1,97.2,97.8,1,1,0,264,0,-0.01,97.62,97.675,97.62,0,47,97.65,819,0,0,"",0
"2022-03-02","BAXH22","BAX","BAX","BAX",0,"2022-03-14",0,1,98.98,98.985,164,100,0,54378,0,0.005,99.05,99.07,98.96,0,2050,98.98,209275,0,0,"",0
"2022-03-02","BAXJ22","BAX","BAX","BAX",0,"2022-04-14",0,1,0,0,0,0,0,0,0,0,0,0,0,0,0,98.875,0,0,0,"",0
"2022-03-02","BAXK22","BAX","BAX","BAX",0,"2022-05-16",0,1,0,0,0,0,0,0,0,0,0,0,0,0,0,98.685,0,0,0,"",0
"2022-03-02","BAXM22","BAX","BAX","BAX",0,"2022-06-13",0,1,98.505,98.54,29,213,0,21982,0,-0.005,98.64,98.64,98.5,0,2365,98.53,187625,0,0,"",0
"2022-03-02","BAXU22","BAX","BAX","BAX",0,"2022-09-19",0,1,98.125,98.13,1,54,0,16470,0,0,98.255,98.265,98.06,0,3022,98.125,157433,0,0,"",0
"2022-03-02","BAXZ22","BAX","BAX","BAX",0,"2022-12-19",0,1,97.89,97.91,81,60,0,19045,0,-0.015,98.04,98.05,97.86,0,3214,97.905,152482,0,0,"",0
"2022-03-02","BAXH23","BAX","BAX","BAX",0,"2023-03-13",0,1,0,97.985,0,31,0,13363,0,-0.015,97.88,97.88,97.71,0,1972,97.74,120738,0,0,"",0
"2022-03-02","BAXM23","BAX","BAX","BAX",0,"2023-06-19",0,1,0,97.62,0,50,0,8439,0,-0.005,97.755,97.755,97.6,0,1197,97.62,81037,0,0,"",0
"2022-03-02","BAXU23","BAX","BAX","BAX",0,"2023-09-18",0,1,97.32,0,1,0,0,5122,0,0,97.63,97.63,97.515,0,874,97.53,59563,0,0,"",0
"2022-03-02","BAXZ23","BAX","BAX","BAX",0,"2023-12-18",0,1,0,97.5,0,13,0,4328,0,0.005,97.625,97.625,97.49,0,861,97.495,38244,0,0,"",0
"2022-03-02","BAXH24","BAX","BAX","BAX",0,"2024-03-18",0,1,0,0,0,0,0,1206,0,0.015,97.61,97.61,97.5,0,255,97.485,10952,0,0,"",0
"2022-03-02","BAXM24","BAX","BAX","BAX",0,"2024-06-17",0,1,97,98,1,1,0,706,0,0.015,97.495,97.52,97.495,0,135,97.5,6153,0,0,"",0
"2022-03-02","BAXU24","BAX","BAX","BAX",0,"2024-09-16",0,1,0,0,0,0,0,378,0,-0.095,97.54,97.56,97.525,0,107,97.53,3684,0,0,"",0
"2022-03-02","BAXZ24","BAX","BAX","BAX",0,"2024-12-16",0,1,0,0,0,0,0,84,0,-0.065,97.59,97.59,97.575,0,56,97.55,906,0,0,"",0
"2022-03-03","BAXH22","BAX","BAX","BAX",0,"2022-03-14",0,1,98.96,98.965,573,14,0,23926,0,0,98.995,98.995,98.95,0,1450,98.96,223890,0,0,"",0
"2022-03-03","BAXJ22","BAX","BAX","BAX",0,"2022-04-14",0,1,0,0,0,0,0,0,0,0,0,0,0,0,0,98.855,0,0,0,"",0
"2022-03-03","BAXK22","BAX","BAX","BAX",0,"2022-05-16",0,1,0,0,0,0,0,0,0,0,0,0,0,0,0,98.665,0,0,0,"",0
"2022-03-03","BAXM22","BAX","BAX","BAX",0,"2022-06-13",0,1,98.46,98.47,61,100,0,30021,0,0,98.555,98.565,98.455,0,3910,98.465,188698,0,0,"",0
"2022-03-03","BAXU22","BAX","BAX","BAX",0,"2022-09-19",0,1,98.065,98.07,432,63,0,27278,0,0.005,98.16,98.175,98.025,0,4071,98.06,153154,0,0,"",0
"2022-03-03","BAXZ22","BAX","BAX","BAX",0,"2022-12-19",0,1,97.86,97.93,33,5,0,17282,0,0.01,97.94,97.955,97.815,0,2964,97.855,151632,0,0,"",0
"2022-03-03","BAXH23","BAX","BAX","BAX",0,"2023-03-13",0,1,97.72,97.735,46,22,0,8143,0,0.005,97.79,97.79,97.68,0,1358,97.725,120044,0,0,"",0
"2022-03-03","BAXM23","BAX","BAX","BAX",0,"2023-06-19",0,1,97.615,97.63,23,37,0,6174,0,-0.005,97.675,97.675,97.585,0,810,97.625,82207,0,0,"",0
"2022-03-03","BAXU23","BAX","BAX","BAX",0,"2023-09-18",0,1,97.32,0,1,0,0,3522,0,-0.005,97.525,97.57,97.52,0,714,97.55,59018,0,0,"",0
"2022-03-03","BAXZ23","BAX","BAX","BAX",0,"2023-12-18",0,1,97.465,97.725,10,31,0,2531,0,-0.005,97.505,97.54,97.49,0,539,97.525,38751,0,0,"",0
"2022-03-03","BAXH24","BAX","BAX","BAX",0,"2024-03-18",0,1,0,0,0,0,0,420,0,0,97.49,97.54,97.475,0,110,97.52,10800,0,0,"",0
"2022-03-03","BAXM24","BAX","BAX","BAX",0,"2024-06-17",0,1,0,0,0,0,0,205,0,0.045,97.505,97.55,97.505,0,76,97.535,6097,0,0,"",0
"2022-03-03","BAXU24","BAX","BAX","BAX",0,"2024-09-16",0,1,0,0,0,0,0,138,0,0.01,97.54,97.58,97.52,0,39,97.565,3508,0,0,"",0
"2022-03-03","BAXZ24","BAX","BAX","BAX",0,"2024-12-16",0,1,97.555,0,47,0,0,117,0,0.005,97.555,97.59,97.555,0,20,97.585,897,0,0,"",0
"2022-03-04","BAXH22","BAX","BAX","BAX",0,"2022-03-14",0,1,98.97,98.975,370,971,0,21800,0,0.005,98.97,98.975,98.955,0,1140,98.97,209138,0,0,"",0
"2022-03-04","BAXJ22","BAX","BAX","BAX",0,"2022-04-14",0,1,0,0,0,0,0,0,0,0,0,0,0,0,0,98.865,0,0,0,"",0
"2022-03-04","BAXK22","BAX","BAX","BAX",0,"2022-05-16",0,1,0,0,0,0,0,0,0,0,0,0,0,0,0,98.675,0,0,0,"",0
"2022-03-04","BAXM22","BAX","BAX","BAX",0,"2022-06-13",0,1,98.515,98.52,225,140,0,20939,0,-0.005,98.505,98.53,98.465,0,2270,98.52,193365,0,0,"",0
"2022-03-04","BAXU22","BAX","BAX","BAX",0,"2022-09-19",0,1,98.115,98.145,500,7,0,25725,0,0.01,98.08,98.15,98.05,0,3055,98.135,157256,0,0,"",0
"2022-03-04","BAXZ22","BAX","BAX","BAX",0,"2022-12-19",0,1,97.96,97.985,25,40,0,13415,0,0.015,97.905,97.97,97.865,0,1847,97.955,152714,0,0,"",0
"2022-03-04","BAXH23","BAX","BAX","BAX",0,"2023-03-13",0,1,97.855,97.865,78,25,0,7567,0,0.005,97.8,97.865,97.745,0,1103,97.85,119228,0,0,"",0
"2022-03-04","BAXM23","BAX","BAX","BAX",0,"2023-06-19",0,1,97.75,97.765,64,183,0,7058,0,0.005,97.71,97.775,97.645,0,618,97.76,81700,0,0,"",0
"2022-03-04","BAXU23","BAX","BAX","BAX",0,"2023-09-18",0,1,97.685,0,300,0,0,4633,0,0.01,97.605,97.705,97.58,0,588,97.685,59113,0,0,"",0
"2022-03-04","BAXZ23","BAX","BAX","BAX",0,"2023-12-18",0,1,0,97.725,0,31,0,5553,0,0.01,97.585,97.68,97.555,0,693,97.66,38616,0,0,"",0
"2022-03-04","BAXH24","BAX","BAX","BAX",0,"2024-03-18",0,1,97.6,0,25,0,0,2971,0,0.01,97.56,97.68,97.55,0,152,97.66,10789,0,0,"",0
"2022-03-04","BAXM24","BAX","BAX","BAX",0,"2024-06-17",0,1,0,0,0,0,0,366,0,0.005,97.62,97.71,97.56,0,40,97.685,6120,0,0,"",0
"2022-03-04","BAXU24","BAX","BAX","BAX",0,"2024-09-16",0,1,0,0,0,0,0,358,0,0.025,97.635,97.75,97.635,0,42,97.725,3516,0,0,"",0
"2022-03-04","BAXZ24","BAX","BAX","BAX",0,"2024-12-16",0,1,0,97.775,0,52,0,258,0,0.015,97.74,97.775,97.74,0,29,97.76,937,0,0,"",0
"2022-03-07","BAXH22","BAX","BAX","BAX",0,"2022-03-14",0,1,98.965,98.97,938,401,0,15000,0,0.005,98.98,98.99,98.96,0,720,98.965,197366,0,0,"",0
"2022-03-07","BAXJ22","BAX","BAX","BAX",0,"2022-04-14",0,1,0,0,0,0,0,0,0,0,0,0,0,0,0,98.86,0,0,0,"",0
"2022-03-07","BAXK22","BAX","BAX","BAX",0,"2022-05-16",0,1,0,0,0,0,0,0,0,0,0,0,0,0,0,98.67,0,0,0,"",0
"2022-03-07","BAXM22","BAX","BAX","BAX",0,"2022-06-13",0,1,98.505,98.51,212,140,0,13740,0,0,98.535,98.57,98.485,0,1744,98.51,187891,0,0,"",0
"2022-03-07","BAXU22","BAX","BAX","BAX",0,"2022-09-19",0,1,98.12,98.125,52,163,0,12905,0,0,98.175,98.205,98.095,0,2533,98.12,162393,0,0,"",0
"2022-03-07","BAXZ22","BAX","BAX","BAX",0,"2022-12-19",0,1,97.94,97.97,82,60,0,10955,0,0.005,98.005,98.03,97.92,0,1969,97.945,151600,0,0,"",0
"2022-03-07","BAXH23","BAX","BAX","BAX",0,"2023-03-13",0,1,97.84,97.855,157,32,0,9613,0,0.01,97.89,97.915,97.81,0,1431,97.845,119546,0,0,"",0
"2022-03-07","BAXM23","BAX","BAX","BAX",0,"2023-06-19",0,1,97.765,97.78,211,40,0,5949,0,0.015,97.81,97.815,97.72,0,730,97.765,82502,0,0,"",0
"2022-03-07","BAXU23","BAX","BAX","BAX",0,"2023-09-18",0,1,97.705,97.735,125,50,0,4151,0,0.015,97.74,97.75,97.65,0,691,97.7,60326,0,0,"",0
"2022-03-07","BAXZ23","BAX","BAX","BAX",0,"2023-12-18",0,1,97.56,97.715,10,25,0,2321,0,0.01,97.71,97.725,97.625,0,456,97.675,39800,0,0,"",0
"2022-03-07","BAXH24","BAX","BAX","BAX",0,"2024-03-18",0,1,0,0,0,0,0,587,0,0,97.7,97.725,97.645,0,110,97.675,11660,0,0,"",0
"2022-03-07","BAXM24","BAX","BAX","BAX",0,"2024-06-17",0,1,0,0,0,0,0,216,0,0,97.75,97.75,97.675,0,35,97.7,6060,0,0,"",0
"2022-03-07","BAXU24","BAX","BAX","BAX",0,"2024-09-16",0,1,0,0,0,0,0,140,0,0.01,97.72,97.755,97.72,0,18,97.74,3537,0,0,"",0
"2022-03-07","BAXZ24","BAX","BAX","BAX",0,"2024-12-16",0,1,0,0,0,0,0,21,0,0.02,97.775,97.78,97.775,0,9,97.775,1064,0,0,"",0
"2022-03-08","BAXH22","BAX","BAX","BAX",0,"2022-03-14",0,1,98.96,98.965,819,312,0,16215,0,0.005,98.97,98.97,98.955,0,514,98.96,198964,0,0,"",0
"2022-03-08","BAXJ22","BAX","BAX","BAX",0,"2022-04-14",0,1,0,0,0,0,0,0,0,0,0,0,0,0,0,98.855,0,0,0,"",0
"2022-03-08","BAXK22","BAX","BAX","BAX",0,"2022-05-16",0,1,0,0,0,0,0,0,0,0,0,0,0,0,0,98.665,0,0,0,"",0
"2022-03-08","BAXM22","BAX","BAX","BAX",0,"2022-06-13",0,1,98.465,98.475,57,12,0,15222,0,0,98.505,98.53,98.46,0,1179,98.47,185990,0,0,"",0
"2022-03-08","BAXU22","BAX","BAX","BAX",0,"2022-09-19",0,1,98.07,98.13,13,5,0,8075,0,-0.005,98.125,98.125,98.055,0,1472,98.075,161833,0,0,"",0
"2022-03-08","BAXZ22","BAX","BAX","BAX",0,"2022-12-19",0,1,97.865,97.875,21,124,0,8425,0,-0.005,97.945,97.945,97.855,0,1250,97.875,153533,0,0,"",0
"2022-03-08","BAXH23","BAX","BAX","BAX",0,"2023-03-13",0,1,97.765,97.775,14,25,0,6137,0,-0.005,97.805,97.83,97.755,0,897,97.775,122283,0,0,"",0
"2022-03-08","BAXM23","BAX","BAX","BAX",0,"2023-06-19",0,1,97.695,97.705,18,24,0,4516,0,0,97.73,97.755,97.69,0,476,97.7,82966,0,0,"",0
"2022-03-08","BAXU23","BAX","BAX","BAX",0,"2023-09-18",0,1,97.32,97.675,1,23,0,2474,0,0,97.645,97.695,97.635,0,421,97.64,61300,0,0,"",0
"2022-03-08","BAXZ23","BAX","BAX","BAX",0,"2023-12-18",0,1,0,97.775,0,25,0,2707,0,0.015,97.62,97.675,97.605,0,415,97.615,39819,0,0,"",0
"2022-03-08","BAXH24","BAX","BAX","BAX",0,"2024-03-18",0,1,97.615,0,25,0,0,1049,0,0.01,97.64,97.645,97.615,0,153,97.615,10014,0,0,"",0
"2022-03-08","BAXM24","BAX","BAX","BAX",0,"2024-06-17",0,1,0,0,0,0,0,510,0,0.01,97.685,97.685,97.615,0,78,97.635,6040,0,0,"",0
"2022-03-08","BAXU24","BAX","BAX","BAX",0,"2024-09-16",0,1,0,0,0,0,0,194,0,-0.01,97.725,97.725,97.64,0,42,97.665,3454,0,0,"",0
"2022-03-08","BAXZ24","BAX","BAX","BAX",0,"2024-12-16",0,1,0,0,0,0,0,85,0,-0.105,97.705,97.705,97.66,0,23,97.68,1006,0,0,"",0
"2022-03-09","BAXH22","BAX","BAX","BAX",0,"2022-03-14",0,1,98.965,98.97,204,900,0,13387,0,0.005,98.96,98.97,98.96,0,307,98.96,200538,0,0,"",0
"2022-03-09","BAXJ22","BAX","BAX","BAX",0,"2022-04-14",0,1,0,0,0,0,0,0,0,0,0,0,0,0,0,98.855,0,0,0,"",0
"2022-03-09","BAXK22","BAX","BAX","BAX",0,"2022-05-16",0,1,0,0,0,0,0,0,0,0,0,0,0,0,0,98.665,0,0,0,"",0
"2022-03-09","BAXM22","BAX","BAX","BAX",0,"2022-06-13",0,1,98.465,98.47,6,121,0,11525,0,0.005,98.46,98.475,98.45,0,935,98.465,189477,0,0,"",0
"2022-03-09","BAXU22","BAX","BAX","BAX",0,"2022-09-19",0,1,98.03,98.04,113,55,0,6425,0,0,98.045,98.065,98.025,0,1389,98.035,163276,0,0,"",0
"2022-03-09","BAXZ22","BAX","BAX","BAX",0,"2022-12-19",0,1,0,97.845,0,5,0,8486,0,-0.005,97.865,97.865,97.82,0,1844,97.825,153606,0,0,"",0
"2022-03-09","BAXH23","BAX","BAX","BAX",0,"2023-03-13",0,1,97.71,97.725,35,28,0,5428,0,-0.005,97.765,97.765,97.71,0,975,97.725,122988,0,0,"",0
"2022-03-09","BAXM23","BAX","BAX","BAX",0,"2023-06-19",0,1,97.635,97.65,19,83,0,2636,0,-0.01,97.655,97.68,97.645,0,340,97.655,82834,0,0,"",0
"2022-03-09","BAXU23","BAX","BAX","BAX",0,"2023-09-18",0,1,97.56,0,26,0,0,3603,0,-0.015,97.64,97.64,97.58,0,421,97.6,61033,0,0,"",0
"2022-03-09","BAXZ23","BAX","BAX","BAX",0,"2023-12-18",0,1,0,97.6,0,10,0,4329,0,-0.01,97.62,97.64,97.56,0,533,97.58,39744,0,0,"",0
"2022-03-09","BAXH24","BAX","BAX","BAX",0,"2024-03-18",0,1,97.59,0,24,0,0,1687,0,0,97.59,97.64,97.575,0,302,97.59,10638,0,0,"",0
"2022-03-09","BAXM24","BAX","BAX","BAX",0,"2024-06-17",0,1,0,0,0,0,0,382,0,0.015,97.6,97.665,97.6,0,97,97.615,6316,0,0,"",0
"2022-03-09","BAXU24","BAX","BAX","BAX",0,"2024-09-16",0,1,0,0,0,0,0,370,0,0.005,97.705,97.705,97.65,0,67,97.645,3473,0,0,"",0
"2022-03-09","BAXZ24","BAX","BAX","BAX",0,"2024-12-16",0,1,0,0,0,0,0,260,0,-0.005,97.675,97.675,97.675,0,39,97.66,1012,0,0,"",0
"2022-03-10","BAXH22","BAX","BAX","BAX",0,"2022-03-14",0,1,98.95,98.955,1453,5,0,17053,0,0,98.965,98.965,98.945,0,619,98.95,194159,0,0,"",0
"2022-03-10","BAXJ22","BAX","BAX","BAX",0,"2022-04-14",0,1,0,0,0,0,0,0,0,0,0,0,0,0,0,98.845,0,0,0,"",0
"2022-03-10","BAXK22","BAX","BAX","BAX",0,"2022-05-16",0,1,0,0,0,0,0,0,0,0,0,0,0,0,0,98.655,0,0,0,"",0
"2022-03-10","BAXM22","BAX","BAX","BAX",0,"2022-06-13",0,1,98.44,98.45,453,37,0,16272,0,0.005,98.505,98.505,98.415,0,1286,98.445,188340,0,0,"",0
"2022-03-10","BAXU22","BAX","BAX","BAX",0,"2022-09-19",0,1,97.985,97.99,224,10,0,13520,0,0.005,98.08,98.08,97.965,0,1964,97.985,161402,0,0,"",0
"2022-03-10","BAXZ22","BAX","BAX","BAX",0,"2022-12-19",0,1,97.775,97.78,47,1,0,18432,0,0.005,97.9,97.9,97.74,0,1992,97.77,150542,0,0,"",0
"2022-03-10","BAXH23","BAX","BAX","BAX",0,"2023-03-13",0,1,97.66,97.675,144,39,0,15425,0,0.015,97.77,97.78,97.625,0,1966,97.655,121692,0,0,"",0
"2022-03-10","BAXM23","BAX","BAX","BAX",0,"2023-06-19",0,1,97.59,97.605,39,36,0,3573,0,0.01,97.695,97.71,97.56,0,452,97.585,82046,0,0,"",0
"2022-03-10","BAXU23","BAX","BAX","BAX",0,"2023-09-18",0,1,97.545,0,250,0,0,8705,0,0.015,97.665,97.665,97.51,0,935,97.535,60455,0,0,"",0
"2022-03-10","BAXZ23","BAX","BAX","BAX",0,"2023-12-18",0,1,97.515,97.775,24,25,0,1476,0,0.015,97.595,97.635,97.51,0,302,97.525,40466,0,0,"",0
"2022-03-10","BAXH24","BAX","BAX","BAX",0,"2024-03-18",0,1,97.545,97.565,23,18,0,967,0,0.02,97.655,97.655,97.53,0,230,97.545,11370,0,0,"",0
"2022-03-10","BAXM24","BAX","BAX","BAX",0,"2024-06-17",0,1,0,0,0,0,0,107,0,-0.025,97.64,97.64,97.54,0,35,97.575,6083,0,0,"",0
"2022-03-10","BAXU24","BAX","BAX","BAX",0,"2024-09-16",0,1,0,0,0,0,0,111,0,0.035,97.675,97.685,97.57,0,39,97.605,3451,0,0,"",0
"2022-03-10","BAXZ24","BAX","BAX","BAX",0,"2024-12-16",0,1,97.2,98,1,1,0,49,0,-0.04,97.59,97.68,97.59,0,11,97.62,1076,0,0,"",0
"2022-03-11","BAXH22","BAX","BAX","BAX",0,"2022-03-14",0,1,98.94,98.945,2386,235,0,23851,0,0.005,98.955,98.955,98.94,0,760,98.94,191543,0,0,"",0
"2022-03-11","BAXJ22","BAX","BAX","BAX",0,"2022-04-14",0,1,0,0,0,0,0,0,0,0,0,0,0,0,0,98.835,0,0,0,"",0
"2022-03-11","BAXK22","BAX","BAX","BAX",0,"2022-05-16",0,1,0,0,0,0,0,0,0,0,0,0,0,0,0,98.645,0,0,0,"",0
"2022-03-11","BAXM22","BAX","BAX","BAX",0,"2022-06-13",0,1,98.39,98.4,1,15,0,26142,0,-0.005,98.45,98.45,98.385,0,2267,98.4,193567,0,0,"",0
"2022-03-11","BAXU22","BAX","BAX","BAX",0,"2022-09-19",0,1,97.88,97.885,732,6,0,18038,0,-0.005,97.985,97.985,97.87,0,1917,97.885,162491,0,0,"",0
"2022-03-11","BAXZ22","BAX","BAX","BAX",0,"2022-12-19",0,1,97.61,97.635,108,164,0,19814,0,-0.015,97.78,97.78,97.61,0,2250,97.635,157053,0,0,"",0
"2022-03-11","BAXH23","BAX","BAX","BAX",0,"2023-03-13",0,1,97.5,97.515,43,47,0,15479,0,-0.02,97.695,97.705,97.49,0,1730,97.52,126375,0,0,"",0
"2022-03-11","BAXM23","BAX","BAX","BAX",0,"2023-06-19",0,1,97.445,97.455,20,73,0,9253,0,-0.005,97.635,97.64,97.44,0,1166,97.455,80991,0,0,"",0
"2022-03-11","BAXU23","BAX","BAX","BAX",0,"2023-09-18",0,1,97.415,97.425,55,114,0,13068,0,0.01,97.6,97.6,97.41,0,1552,97.415,62840,0,0,"",0
"2022-03-11","BAXZ23","BAX","BAX","BAX",0,"2023-12-18",0,1,97.41,97.46,25,30,0,5302,0,0.005,97.515,97.515,97.41,0,1427,97.415,38511,0,0,"",0
"2022-03-11","BAXH24","BAX","BAX","BAX",0,"2024-03-18",0,1,0,0,0,0,0,1770,0,-0.005,97.53,97.53,97.445,0,251,97.45,11425,0,0,"",0
"2022-03-11","BAXM24","BAX","BAX","BAX",0,"2024-06-17",0,1,0,0,0,0,0,195,0,0.01,97.58,97.58,97.485,0,56,97.495,6077,0,0,"",0
"2022-03-11","BAXU24","BAX","BAX","BAX",0,"2024-09-16",0,1,0,97.61,0,50,0,212,0,-0.015,97.615,97.62,97.515,0,49,97.53,3458,0,0,"",0
"2022-03-11","BAXZ24","BAX","BAX","BAX",0,"2024-12-16",0,1,97.2,98,1,1,0,136,0,0,97.63,97.63,97.545,0,26,97.545,945,0,0,"",0
"2022-03-14","BAXH22","BAX","BAX","BAX",0,"2022-03-14",0,1,0,0,0,0,0,1988,0,0,98.945,98.95,98.94,0,38,98.942,196352,0,0,"",0
"2022-03-14","BAXJ22","BAX","BAX","BAX",0,"2022-04-14",0,1,0,0,0,0,0,0,0,0,0,0,0,0,0,98.785,0,0,0,"",0
"2022-03-14","BAXK22","BAX","BAX","BAX",0,"2022-05-16",0,1,0,0,0,0,0,0,0,0,0,0,0,0,0,98.595,0,0,0,"",0
"2022-03-14","BAXM22","BAX","BAX","BAX",0,"2022-06-13",0,1,98.355,98.36,10,95,0,19044,0,0.005,98.395,98.405,98.34,0,2055,98.35,205551,0,0,"",0
"2022-03-14","BAXU22","BAX","BAX","BAX",0,"2022-09-19",0,1,97.81,97.82,359,60,0,19790,0,0.005,97.87,97.88,97.8,0,3403,97.81,168839,0,0,"",0
"2022-03-14","BAXZ22","BAX","BAX","BAX",0,"2022-12-19",0,1,97.5,97.515,5,25,0,17735,0,-0.005,97.575,97.61,97.5,0,4206,97.515,164839,0,0,"",0
"2022-03-14","BAXH23","BAX","BAX","BAX",0,"2023-03-13",0,1,97.36,97.37,15,24,0,9638,0,-0.005,97.49,97.49,97.355,0,1477,97.37,131840,0,0,"",0
"2022-03-14","BAXM23","BAX","BAX","BAX",0,"2023-06-19",0,1,97.3,97.315,19,40,0,8124,0,0,97.4,97.425,97.295,0,1031,97.305,83977,0,0,"",0
"2022-03-14","BAXU23","BAX","BAX","BAX",0,"2023-09-18",0,1,97.25,97.285,5,1,0,7520,0,0.005,97.37,97.4,97.275,0,970,97.28,69461,0,0,"",0
"2022-03-14","BAXZ23","BAX","BAX","BAX",0,"2023-12-18",0,1,97.27,97.285,100,26,0,4598,0,0,97.395,97.395,97.275,0,1157,97.28,40867,0,0,"",0
"2022-03-14","BAXH24","BAX","BAX","BAX",0,"2024-03-18",0,1,0,97.335,0,55,0,1396,0,0.005,97.385,97.39,97.315,0,192,97.315,12467,0,0,"",0
"2022-03-14","BAXM24","BAX","BAX","BAX",0,"2024-06-17",0,1,0,97.38,0,100,0,311,0,-0.01,97.41,97.415,97.35,0,60,97.36,6071,0,0,"",0
"2022-03-14","BAXU24","BAX","BAX","BAX",0,"2024-09-16",0,1,0,97.43,0,25,0,129,0,-0.115,97.475,97.475,97.39,0,20,97.395,3568,0,0,"",0
"2022-03-14","BAXZ24","BAX","BAX","BAX",0,"2024-12-16",0,1,97.2,97.47,1,25,0,98,0,0.025,97.43,97.435,97.43,0,6,97.41,1026,0,0,"",0
"2022-03-15","BAXJ22","BAX","BAX","BAX",0,"2022-04-14",0,1,0,0,0,0,0,0,0,0,0,0,0,0,0,98.76,0,0,0,"",0
"2022-03-15","BAXK22","BAX","BAX","BAX",0,"2022-05-16",0,1,0,0,0,0,0,0,0,0,0,0,0,0,0,98.57,0,0,0,"",0
"2022-03-15","BAXM22","BAX","BAX","BAX",0,"2022-06-13",0,1,98.315,98.32,1,15,0,15403,0,-0.01,98.35,98.38,98.305,0,1807,98.325,209858,0,0,"",0
"2022-03-15","BAXU22","BAX","BAX","BAX",0,"2022-09-19",0,1,97.76,97.77,460,41,0,21030,0,-0.015,97.82,97.85,97.76,0,2359,97.78,171001,0,0,"",0
"2022-03-15","BAXZ22","BAX","BAX","BAX",0,"2022-12-19",0,1,97.455,97.465,21,8,0,12379,0,-0.01,97.51,97.56,97.46,0,2260,97.475,167321,0,0,"",0
"2022-03-15","BAXH23","BAX","BAX","BAX",0,"2023-03-13",0,1,97.3,97.32,10,61,0,10205,0,-0.015,97.355,97.41,97.295,0,2531,97.32,128855,0,0,"",0
"2022-03-15","BAXM23","BAX","BAX","BAX",0,"2023-06-19",0,1,97.235,97.245,19,22,0,6320,0,-0.01,97.32,97.345,97.23,0,963,97.25,84802,0,0,"",0
"2022-03-15","BAXU23","BAX","BAX","BAX",0,"2023-09-18",0,1,97.205,97.22,47,48,0,4934,0,-0.015,97.305,97.305,97.205,0,1028,97.22,65363,0,0,"",0
"2022-03-15","BAXZ23","BAX","BAX","BAX",0,"2023-12-18",0,1,97.2,97.215,25,5,0,3341,0,-0.01,97.3,97.305,97.205,0,589,97.22,40918,0,0,"",0
"2022-03-15","BAXH24","BAX","BAX","BAX",0,"2024-03-18",0,1,0,0,0,0,0,935,0,0,97.33,97.335,97.245,0,271,97.255,12633,0,0,"",0
"2022-03-15","BAXM24","BAX","BAX","BAX",0,"2024-06-17",0,1,0,97.38,0,100,0,124,0,-0.055,97.375,97.375,97.305,0,23,97.3,6215,0,0,"",0
"2022-03-15","BAXU24","BAX","BAX","BAX",0,"2024-09-16",0,1,0,97.42,0,50,0,68,0,0,0,0,0,0,2,97.335,3322,0,0,"",0
"2022-03-15","BAXZ24","BAX","BAX","BAX",0,"2024-12-16",0,1,97.2,98,1,1,0,50,0,-0.01,97.405,97.445,97.4,0,11,97.35,856,0,0,"",0
"2022-03-15","BAXH25","BAX","BAX","BAX",0,"2025-03-17",0,1,97.25,0,1,0,0,50,0,-0.025,97.425,97.425,97.4,0,2,97.365,0,0,0,"",0
"2022-03-16","BAXJ22","BAX","BAX","BAX",0,"2022-04-14",0,1,0,0,0,0,0,0,0,0,0,0,0,0,0,98.735,0,0,0,"",0
"2022-03-16","BAXK22","BAX","BAX","BAX",0,"2022-05-16",0,1,0,0,0,0,0,0,0,0,0,0,0,0,0,98.545,0,0,0,"",0
"2022-03-16","BAXM22","BAX","BAX","BAX",0,"2022-06-13",0,1,98.31,98.325,11,75,0,21721,0,0.02,98.305,98.34,98.275,0,1934,98.3,208606,0,0,"",0
"2022-03-16","BAXU22","BAX","BAX","BAX",0,"2022-09-19",0,1,97.75,97.765,8,40,0,23891,0,0.025,97.76,97.785,97.7,0,2749,97.73,172472,0,0,"",0
"2022-03-16","BAXZ22","BAX","BAX","BAX",0,"2022-12-19",0,1,97.38,97.425,30,13,0,14500,0,0.015,97.45,97.465,97.35,0,2886,97.395,166385,0,0,"",0
"2022-03-16","BAXH23","BAX","BAX","BAX",0,"2023-03-13",0,1,97.22,97.985,25,31,0,10599,0,0.015,97.29,97.31,97.175,0,2331,97.21,128731,0,0,"",0
"2022-03-16","BAXM23","BAX","BAX","BAX",0,"2023-06-19",0,1,97.15,97.16,35,36,0,5065,0,0.02,97.23,97.23,97.095,0,874,97.135,85342,0,0,"",0
"2022-03-16","BAXU23","BAX","BAX","BAX",0,"2023-09-18",0,1,97.005,97.13,5,14,0,3804,0,0.02,97.205,97.21,97.06,0,574,97.1,64596,0,0,"",0
"2022-03-16","BAXZ23","BAX","BAX","BAX",0,"2023-12-18",0,1,97.11,97.485,47,100,0,4128,0,0.015,97.185,97.185,97.06,0,684,97.1,40055,0,0,"",0
"2022-03-16","BAXH24","BAX","BAX","BAX",0,"2024-03-18",0,1,0,0,0,0,0,1600,0,0.025,97.215,97.22,97.12,0,298,97.135,12473,0,0,"",0
"2022-03-16","BAXM24","BAX","BAX","BAX",0,"2024-06-17",0,1,0,97.22,0,54,0,428,0,0.03,97.245,97.25,97.17,0,61,97.19,6214,0,0,"",0
"2022-03-16","BAXU24","BAX","BAX","BAX",0,"2024-09-16",0,1,0,97.45,0,50,0,374,0,-0.05,97.225,97.285,97.225,0,24,97.255,3500,0,0,"",0
"2022-03-16","BAXZ24","BAX","BAX","BAX",0,"2024-12-16",0,1,97.2,98,1,1,0,306,0,0.03,97.32,97.325,97.315,0,21,97.295,853,0,0,"",0
"2022-03-16","BAXH25","BAX","BAX","BAX",0,"2025-03-17",0,1,97.25,0,1,0,0,0,0,0,0,0,0,0,0,97.315,50,0,0,"",0
"2022-03-17","BAXJ22","BAX","BAX","BAX",0,"2022-04-14",0,1,0,0,0,0,0,0,0,0,0,0,0,0,0,98.785,0,0,0,"",0
"2022-03-17","BAXK22","BAX","BAX","BAX",0,"2022-05-16",0,1,0,0,0,0,0,0,0,0,0,0,0,0,0,98.595,0,0,0,"",0
"2022-03-17","BAXM22","BAX","BAX","BAX",0,"2022-06-13",0,1,98.35,98.365,20,22,0,9232,0,0,98.34,98.37,98.315,0,1201,98.35,215004,0,0,"",0
"2022-03-17","BAXU22","BAX","BAX","BAX",0,"2022-09-19",0,1,97.77,97.78,64,36,0,14720,0,0.005,97.77,97.8,97.745,0,1748,97.775,173142,0,0,"",0
"2022-03-17","BAXZ22","BAX","BAX","BAX",0,"2022-12-19",0,1,97.405,97.48,100,7,0,6748,0,-0.01,97.415,97.445,97.395,0,1614,97.425,165747,0,0,"",0
"2022-03-17","BAXH23","BAX","BAX","BAX",0,"2023-03-13",0,1,97.08,97.22,50,26,0,4355,0,-0.03,97.23,97.265,97.2,0,1064,97.235,129981,0,0,"",0
"2022-03-17","BAXM23","BAX","BAX","BAX",0,"2023-06-19",0,1,0,97.135,0,26,0,3330,0,-0.025,97.18,97.195,97.12,0,632,97.145,84881,0,0,"",0
"2022-03-17","BAXU23","BAX","BAX","BAX",0,"2023-09-18",0,1,0,97.095,0,38,0,2657,0,-0.02,97.15,97.15,97.08,0,366,97.105,64273,0,0,"",0
"2022-03-17","BAXZ23","BAX","BAX","BAX",0,"2023-12-18",0,1,97.045,97.775,50,25,0,1671,0,-0.02,97.135,97.15,97.07,0,329,97.105,41160,0,0,"",0
"2022-03-17","BAXH24","BAX","BAX","BAX",0,"2024-03-18",0,1,0,0,0,0,0,1714,0,-0.015,97.175,97.175,97.115,0,278,97.145,12590,0,0,"",0
"2022-03-17","BAXM24","BAX","BAX","BAX",0,"2024-06-17",0,1,0,0,0,0,0,496,0,-0.01,97.215,97.23,97.18,0,51,97.2,6368,0,0,"",0
"2022-03-17","BAXU24","BAX","BAX","BAX",0,"2024-09-16",0,1,0,97.45,0,50,0,243,0,-0.015,97.26,97.285,97.25,0,38,97.265,3666,0,0,"",0
"2022-03-17","BAXZ24","BAX","BAX","BAX",0,"2024-12-16",0,1,97.2,98,1,1,0,130,0,-0.01,97.32,97.33,97.295,0,11,97.305,1057,0,0,"",0
"2022-03-17","BAXH25","BAX","BAX","BAX",0,"2025-03-17",0,1,97.25,0,1,0,0,0,0,0,0,0,0,0,0,97.325,50,0,0,"",0
"2022-03-18","BAXJ22","BAX","BAX","BAX",0,"2022-04-14",0,1,0,0,0,0,0,0,0,0,0,0,0,0,0,98.78,0,0,0,"",0
"2022-03-18","BAXK22","BAX","BAX","BAX",0,"2022-05-16",0,1,0,0,0,0,0,0,0,0,0,0,0,0,0,98.59,0,0,0,"",0
"2022-03-18","BAXM22","BAX","BAX","BAX",0,"2022-06-13",0,1,98.35,98.355,4,37,0,6851,0,0.005,98.375,98.375,98.335,0,1519,98.345,210806,0,0,"",0
"2022-03-18","BAXU22","BAX","BAX","BAX",0,"2022-09-19",0,1,97.755,97.765,33,55,0,12175,0,-0.005,97.795,97.8,97.75,0,1443,97.76,169331,0,0,"",0
"2022-03-18","BAXZ22","BAX","BAX","BAX",0,"2022-12-19",0,1,97.38,97.4,125,82,0,9286,0,0,97.42,97.445,97.38,0,2083,97.4,162663,0,0,"",0
"2022-03-18","BAXH23","BAX","BAX","BAX",0,"2023-03-13",0,1,97.08,97.2,50,37,0,7632,0,-0.01,97.21,97.25,97.18,0,1680,97.205,129700,0,0,"",0
"2022-03-18","BAXM23","BAX","BAX","BAX",0,"2023-06-19",0,1,0,97.13,0,50,0,3833,0,-0.01,97.12,97.17,97.105,0,613,97.13,84289,0,0,"",0
"2022-03-18","BAXU23","BAX","BAX","BAX",0,"2023-09-18",0,1,0,97.075,0,14,0,3989,0,-0.025,97.13,97.13,97.07,0,521,97.1,64565,0,0,"",0
"2022-03-18","BAXZ23","BAX","BAX","BAX",0,"2023-12-18",0,1,97.06,97.775,5,25,0,2036,0,-0.01,97.13,97.13,97.07,0,411,97.1,39831,0,0,"",0
"2022-03-18","BAXH24","BAX","BAX","BAX",0,"2024-03-18",0,1,0,0,0,0,0,931,0,-0.015,97.175,97.18,97.12,0,178,97.155,13157,0,0,"",0
"2022-03-18","BAXM24","BAX","BAX","BAX",0,"2024-06-17",0,1,0,0,0,0,0,323,0,-0.005,97.22,97.23,97.175,0,44,97.215,6707,0,0,"",0
"2022-03-18","BAXU24","BAX","BAX","BAX",0,"2024-09-16",0,1,0,97.285,0,75,0,658,0,0,97.29,97.315,97.245,0,84,97.28,3875,0,0,"",0
"2022-03-18","BAXZ24","BAX","BAX","BAX",0,"2024-12-16",0,1,97.2,98,1,1,0,780,0,-0.015,97.34,97.365,97.295,0,92,97.325,1112,0,0,"",0
"2022-03-18","BAXH25","BAX","BAX","BAX",0,"2025-03-17",0,1,97.25,97.375,1,17,0,244,0,0.05,97.315,97.38,97.31,0,25,97.35,50,0,0,"",0
"2022-03-21","BAXJ22","BAX","BAX","BAX",0,"2022-04-14",0,1,0,0,0,0,0,0,0,0,0,0,0,0,0,98.695,0,0,0,"",0
"2022-03-21","BAXK22","BAX","BAX","BAX",0,"2022-05-16",0,1,0,0,0,0,0,0,0,0,0,0,0,0,0,98.505,0,0,0,"",0
"2022-03-21","BAXM22","BAX","BAX","BAX",0,"2022-06-13",0,1,98.26,98.265,11,10,0,10484,0,0,98.34,98.355,98.25,0,1669,98.26,211250,0,0,"",0
"2022-03-21","BAXU22","BAX","BAX","BAX",0,"2022-09-19",0,1,97.62,97.625,11,34,0,11795,0,-0.015,97.76,97.76,97.615,0,1629,97.635,167087,0,0,"",0
"2022-03-21","BAXZ22","BAX","BAX","BAX",0,"2022-12-19",0,1,97.24,97.245,67,16,0,10446,0,-0.01,97.37,97.385,97.235,0,2027,97.255,162964,0,0,"",0
"2022-03-21","BAXH23","BAX","BAX","BAX",0,"2023-03-13",0,1,97.025,97.04,5,25,0,5559,0,-0.015,97.165,97.175,97.025,0,1415,97.045,130271,0,0,"",0
"2022-03-21","BAXM23","BAX","BAX","BAX",0,"2023-06-19",0,1,96.955,96.99,117,100,0,4381,0,-0.01,97.08,97.095,96.95,0,895,96.97,84592,0,0,"",0
"2022-03-21","BAXU23","BAX","BAX","BAX",0,"2023-09-18",0,1,0,96.935,0,25,0,2419,0,-0.01,97.05,97.065,96.92,0,357,96.94,65877,0,0,"",0
"2022-03-21","BAXZ23","BAX","BAX","BAX",0,"2023-12-18",0,1,96.91,96.945,55,5,0,2641,0,-0.01,97.05,97.065,96.925,0,437,96.94,40289,0,0,"",0
"2022-03-21","BAXH24","BAX","BAX","BAX",0,"2024-03-18",0,1,0,0,0,0,0,1068,0,-0.005,97.09,97.115,96.98,0,205,96.995,13261,0,0,"",0
"2022-03-21","BAXM24","BAX","BAX","BAX",0,"2024-06-17",0,1,0,0,0,0,0,232,0,-0.145,97.17,97.17,97.07,0,44,97.055,6675,0,0,"",0
"2022-03-21","BAXU24","BAX","BAX","BAX",0,"2024-09-16",0,1,97.115,97.45,16,50,0,346,0,-0.005,97.24,97.24,97.115,0,77,97.12,3989,0,0,"",0
"2022-03-21","BAXZ24","BAX","BAX","BAX",0,"2024-12-16",0,1,0,98,0,1,0,109,0,0.005,97.31,97.31,97.17,0,31,97.165,1357,0,0,"",0
"2022-03-21","BAXH25","BAX","BAX","BAX",0,"2025-03-17",0,1,0,97.345,0,25,0,29,0,-0.1,97.345,97.345,97.25,0,5,97.19,243,0,0,"",0
"2022-03-22","BAXJ22","BAX","BAX","BAX",0,"2022-04-14",0,1,0,0,0,0,0,0,0,0,0,0,0,0,0,98.685,0,0,0,"",0
"2022-03-22","BAXK22","BAX","BAX","BAX",0,"2022-05-16",0,1,0,0,0,0,0,0,0,0,0,0,0,0,0,98.495,0,0,0,"",0
"2022-03-22","BAXM22","BAX","BAX","BAX",0,"2022-06-13",0,1,98.245,98.25,16,25,0,8095,0,0,98.255,98.265,98.24,0,1500,98.25,215005,0,0,"",0
"2022-03-22","BAXU22","BAX","BAX","BAX",0,"2022-09-19",0,1,97.585,97.59,66,170,0,11572,0,-0.01,97.625,97.625,97.575,0,1802,97.6,165256,0,0,"",0
"2022-03-22","BAXZ22","BAX","BAX","BAX",0,"2022-12-19",0,1,97.18,97.185,9,50,0,15261,0,-0.01,97.245,97.245,97.17,0,2316,97.19,161140,0,0,"",0
"2022-03-22","BAXH23","BAX","BAX","BAX",0,"2023-03-13",0,1,96.8,96.97,25,3,0,6728,0,-0.01,97.045,97.045,96.945,0,1490,96.98,129866,0,0,"",0
"2022-03-22","BAXM23","BAX","BAX","BAX",0,"2023-06-19",0,1,96.805,96.92,41,49,0,4934,0,-0.02,96.985,96.985,96.88,0,722,96.9,85014,0,0,"",0
"2022-03-22","BAXU23","BAX","BAX","BAX",0,"2023-09-18",0,1,96.04,96.89,25,69,0,2766,0,-0.025,96.945,96.945,96.845,0,603,96.87,65183,0,0,"",0
"2022-03-22","BAXZ23","BAX","BAX","BAX",0,"2023-12-18",0,1,96.665,96.87,31,63,0,2422,0,-0.025,96.905,96.945,96.845,0,391,96.87,40994,0,0,"",0
"2022-03-22","BAXH24","BAX","BAX","BAX",0,"2024-03-18",0,1,0,0,0,0,0,684,0,-0.015,96.99,96.99,96.91,0,89,96.925,13020,0,0,"",0
"2022-03-22","BAXM24","BAX","BAX","BAX",0,"2024-06-17",0,1,0,0,0,0,0,31,0,-0.005,97.05,97.05,96.98,0,10,96.985,6641,0,0,"",0
"2022-03-22","BAXU24","BAX","BAX","BAX",0,"2024-09-16",0,1,0,97.45,0,50,0,115,0,-0.045,97.09,97.09,97.075,0,27,97.055,4119,0,0,"",0
"2022-03-22","BAXZ24","BAX","BAX","BAX",0,"2024-12-16",0,1,0,98,0,1,0,432,0,-0.005,97.14,97.145,97.11,0,38,97.115,1412,0,0,"",0
"2022-03-22","BAXH25","BAX","BAX","BAX",0,"2025-03-17",0,1,0,97.185,0,25,0,277,0,-0.02,97.17,97.17,97.145,0,17,97.14,171,0,0,"",0
"2022-03-23","BAXJ22","BAX","BAX","BAX",0,"2022-04-14",0,1,0,0,0,0,0,0,0,0,0,0,0,0,0,98.695,0,0,0,"",0
"2022-03-23","BAXK22","BAX","BAX","BAX",0,"2022-05-16",0,1,0,0,0,0,0,0,0,0,0,0,0,0,0,98.505,0,0,0,"",0
"2022-03-23","BAXM22","BAX","BAX","BAX",0,"2022-06-13",0,1,98.25,98.26,43,27,0,5081,0,-0.005,98.245,98.27,98.22,0,1443,98.26,213819,0,0,"",0
"2022-03-23","BAXU22","BAX","BAX","BAX",0,"2022-09-19",0,1,97.62,97.625,20,292,0,9907,0,0.01,97.62,97.625,97.575,0,1485,97.61,165728,0,0,"",0
"2022-03-23","BAXZ22","BAX","BAX","BAX",0,"2022-12-19",0,1,97.215,97.225,171,23,0,8382,0,0.015,97.18,97.225,97.15,0,2134,97.205,163044,0,0,"",0
"2022-03-23","BAXH23","BAX","BAX","BAX",0,"2023-03-13",0,1,96.99,97.005,544,52,0,8668,0,0.005,96.955,97.005,96.94,0,1657,96.995,129157,0,0,"",0
"2022-03-23","BAXM23","BAX","BAX","BAX",0,"2023-06-19",0,1,96.915,96.93,43,27,0,7817,0,0.005,96.875,96.925,96.87,0,1098,96.915,86546,0,0,"",0
"2022-03-23","BAXU23","BAX","BAX","BAX",0,"2023-09-18",0,1,96.895,96.91,21,53,0,4504,0,0.01,96.885,96.895,96.845,0,505,96.885,65459,0,0,"",0
"2022-03-23","BAXZ23","BAX","BAX","BAX",0,"2023-12-18",0,1,96.665,96.94,31,13,0,2712,0,0.015,96.84,96.915,96.84,0,390,96.9,41252,0,0,"",0
"2022-03-23","BAXH24","BAX","BAX","BAX",0,"2024-03-18",0,1,0,0,0,0,0,1143,0,0.025,96.935,96.98,96.91,0,234,96.955,12752,0,0,"",0
"2022-03-23","BAXM24","BAX","BAX","BAX",0,"2024-06-17",0,1,0,0,0,0,0,238,0,0.025,96.995,97.04,96.98,0,57,97.015,6637,0,0,"",0
"2022-03-23","BAXU24","BAX","BAX","BAX",0,"2024-09-16",0,1,97.03,97.45,3,50,0,562,0,0.025,97.08,97.12,97.055,0,60,97.085,4143,0,0,"",0
"2022-03-23","BAXZ24","BAX","BAX","BAX",0,"2024-12-16",0,1,0,98,0,1,0,438,0,0.025,97.14,97.175,97.11,0,38,97.145,1593,0,0,"",0
"2022-03-23","BAXH25","BAX","BAX","BAX",0,"2025-03-17",0,1,0,0,0,0,0,191,0,0.025,97.165,97.195,97.135,0,20,97.17,382,0,0,"",0
"2022-03-24","BAXJ22","BAX","BAX","BAX",0,"2022-04-14",0,1,0,0,0,0,0,0,0,0,0,0,0,0,0,98.65,0,0,0,"",0
"2022-03-24","BAXK22","BAX","BAX","BAX",0,"2022-05-16",0,1,0,0,0,0,0,0,0,0,0,0,0,0,0,98.46,0,0,0,"",0
"2022-03-24","BAXM22","BAX","BAX","BAX",0,"2022-06-13",0,1,98.2,98.21,12,93,0,7364,0,-0.01,98.26,98.27,98.19,0,1833,98.215,211714,0,0,"",0
"2022-03-24","BAXU22","BAX","BAX","BAX",0,"2022-09-19",0,1,97.51,97.515,10,1,0,12024,0,-0.01,97.615,97.615,97.495,0,2224,97.525,165389,0,0,"",0
"2022-03-24","BAXZ22","BAX","BAX","BAX",0,"2022-12-19",0,1,97.095,97.115,12,7,0,15435,0,-0.01,97.19,97.19,97.065,0,2811,97.12,161945,0,0,"",0
"2022-03-24","BAXH23","BAX","BAX","BAX",0,"2023-03-13",0,1,96.87,96.905,5,10,0,8051,0,-0.015,96.98,96.98,96.86,0,1867,96.91,129779,0,0,"",0
"2022-03-24","BAXM23","BAX","BAX","BAX",0,"2023-06-19",0,1,96.81,96.835,28,25,0,5646,0,-0.01,96.895,96.9,96.785,0,826,96.83,88065,0,0,"",0
"2022-03-24","BAXU23","BAX","BAX","BAX",0,"2023-09-18",0,1,96.78,96.805,41,22,0,4157,0,-0.005,96.87,96.87,96.77,0,707,96.805,66706,0,0,"",0
"2022-03-24","BAXZ23","BAX","BAX","BAX",0,"2023-12-18",0,1,96.815,96.825,50,39,0,1962,0,0,96.855,96.86,96.785,0,280,96.82,40784,0,0,"",0
"2022-03-24","BAXH24","BAX","BAX","BAX",0,"2024-03-18",0,1,0,0,0,0,0,2246,0,0.01,96.915,96.915,96.84,0,267,96.875,12916,0,0,"",0
"2022-03-24","BAXM24","BAX","BAX","BAX",0,"2024-06-17",0,1,0,0,0,0,0,49,0,0.01,96.97,96.975,96.915,0,23,96.94,6645,0,0,"",0
"2022-03-24","BAXU24","BAX","BAX","BAX",0,"2024-09-16",0,1,0,0,0,0,0,409,0,-0.01,97.06,97.06,96.995,0,32,97.03,3914,0,0,"",0
"2022-03-24","BAXZ24","BAX","BAX","BAX",0,"2024-12-16",0,1,0,98,0,1,0,590,0,-0.015,97.1,97.11,97.07,0,35,97.09,1598,0,0,"",0
"2022-03-24","BAXH25","BAX","BAX","BAX",0,"2025-03-17",0,1,0,0,0,0,0,314,0,-0.025,97.115,97.145,97.1,0,14,97.135,564,0,0,"",0
"2022-03-25","BAXJ22","BAX","BAX","BAX",0,"2022-04-14",0,1,0,0,0,0,0,0,0,0,0,0,0,0,0,98.545,0,0,0,"",0
"2022-03-25","BAXK22","BAX","BAX","BAX",0,"2022-05-16",0,1,0,0,0,0,0,0,0,0,0,0,0,0,0,98.355,0,0,0,"",0
"2022-03-25","BAXM22","BAX","BAX","BAX",0,"2022-06-13",0,1,98.1,98.115,75,25,0,13949,0,-0.005,98.225,98.225,98.1,0,1700,98.11,213563,0,0,"",0
"2022-03-25","BAXU22","BAX","BAX","BAX",0,"2022-09-19",0,1,97.325,97.33,42,30,0,18170,0,-0.03,97.515,97.52,97.325,0,2862,97.355,169742,0,0,"",0
"2022-03-25","BAXZ22","BAX","BAX","BAX",0,"2022-12-19",0,1,96.885,96.945,42,5,0,26019,0,-0.035,97.115,97.115,96.885,0,3541,96.925,163231,0,0,"",0
"2022-03-25","BAXH23","BAX","BAX","BAX",0,"2023-03-13",0,1,96.665,96.79,50,5,0,8831,0,-0.04,96.9,96.91,96.665,0,2136,96.71,129400,0,0,"",0
"2022-03-25","BAXM23","BAX","BAX","BAX",0,"2023-06-19",0,1,96.585,96.6,41,12,0,9967,0,-0.015,96.83,96.835,96.585,0,1573,96.605,88506,0,0,"",0
"2022-03-25","BAXU23","BAX","BAX","BAX",0,"2023-09-18",0,1,96.56,96.575,25,11,0,7297,0,-0.005,96.805,96.805,96.555,0,1065,96.565,67269,0,0,"",0
"2022-03-25","BAXZ23","BAX","BAX","BAX",0,"2023-12-18",0,1,96.575,96.605,1,25,0,2521,0,0.005,96.83,96.83,96.58,0,582,96.585,39504,0,0,"",0
"2022-03-25","BAXH24","BAX","BAX","BAX",0,"2024-03-18",0,1,96.455,96.675,50,5,0,1472,0,0,96.855,96.885,96.65,0,358,96.655,13827,0,0,"",0
"2022-03-25","BAXM24","BAX","BAX","BAX",0,"2024-06-17",0,1,0,0,0,0,0,497,0,0.01,96.96,96.96,96.735,0,64,96.73,6481,0,0,"",0
"2022-03-25","BAXU24","BAX","BAX","BAX",0,"2024-09-16",0,1,0,0,0,0,0,603,0,0,97.04,97.04,96.825,0,114,96.835,3768,0,0,"",0
"2022-03-25","BAXZ24","BAX","BAX","BAX",0,"2024-12-16",0,1,96.8,98,1,1,0,333,0,0.02,97.09,97.125,96.87,0,91,96.905,1492,0,0,"",0
"2022-03-25","BAXH25","BAX","BAX","BAX",0,"2025-03-17",0,1,0,0,0,0,0,173,0,-0.035,97.1,97.165,96.915,0,23,96.95,851,0,0,"",0
"2022-03-28","BAXJ22","BAX","BAX","BAX",0,"2022-04-14",0,1,0,0,0,0,0,0,0,0,0,0,0,0,0,98.565,0,0,0,"",0
"2022-03-28","BAXK22","BAX","BAX","BAX",0,"2022-05-16",0,1,0,0,0,0,0,0,0,0,0,0,0,0,0,98.375,0,0,0,"",0
"2022-03-28","BAXM22","BAX","BAX","BAX",0,"2022-06-13",0,1,98.135,98.14,2,55,0,12296,0,0.005,98.1,98.165,98.085,0,1485,98.13,215240,0,0,"",0
"2022-03-28","BAXU22","BAX","BAX","BAX",0,"2022-09-19",0,1,97.38,97.39,32,40,0,12811,0,0.015,97.34,97.41,97.265,0,2018,97.375,175035,0,0,"",0
"2022-03-28","BAXZ22","BAX","BAX","BAX",0,"2022-12-19",0,1,96.965,96.975,27,1,0,13988,0,0.025,96.93,96.985,96.825,0,2880,96.945,164922,0,0,"",0
"2022-03-28","BAXH23","BAX","BAX","BAX",0,"2023-03-13",0,1,96.74,96.75,20,100,0,7871,0,0.015,96.68,96.755,96.61,0,1575,96.73,128782,0,0,"",0
"2022-03-28","BAXM23","BAX","BAX","BAX",0,"2023-06-19",0,1,96.63,96.645,26,31,0,7873,0,0.015,96.595,96.65,96.525,0,1005,96.625,90259,0,0,"",0
"2022-03-28","BAXU23","BAX","BAX","BAX",0,"2023-09-18",0,1,96.59,96.605,25,21,0,4434,0,0.015,96.565,96.615,96.49,0,695,96.585,69065,0,0,"",0
"2022-03-28","BAXZ23","BAX","BAX","BAX",0,"2023-12-18",0,1,96.49,96.94,10,13,0,1602,0,0.015,96.575,96.64,96.535,0,276,96.605,39896,0,0,"",0
"2022-03-28","BAXH24","BAX","BAX","BAX",0,"2024-03-18",0,1,96.695,96.7,25,25,0,1740,0,0.02,96.625,96.71,96.6,0,247,96.68,13842,0,0,"",0
"2022-03-28","BAXM24","BAX","BAX","BAX",0,"2024-06-17",0,1,0,0,0,0,0,443,0,0.015,96.68,96.795,96.68,0,38,96.755,6541,0,0,"",0
"2022-03-28","BAXU24","BAX","BAX","BAX",0,"2024-09-16",0,1,0,0,0,0,0,431,0,0.03,96.775,96.89,96.775,0,29,96.845,4130,0,0,"",0
"2022-03-28","BAXZ24","BAX","BAX","BAX",0,"2024-12-16",0,1,96.75,98,25,1,0,11,0,0,96.89,96.905,96.89,0,3,96.915,1618,0,0,"",0
"2022-03-28","BAXH25","BAX","BAX","BAX",0,"2025-03-17",0,1,0,0,0,0,0,5,0,0,0,0,0,0,1,96.96,960,0,0,"",0
"2022-03-29","BAXJ22","BAX","BAX","BAX",0,"2022-04-14",0,1,0,0,0,0,0,0,0,0,0,0,0,0,0,98.565,0,0,0,"",0
"2022-03-29","BAXK22","BAX","BAX","BAX",0,"2022-05-16",0,1,0,0,0,0,0,0,0,0,0,0,0,0,0,98.375,0,0,0,"",0
"2022-03-29","BAXM22","BAX","BAX","BAX",0,"2022-06-13",0,1,98.12,98.13,13,69,0,13996,0,-0.005,98.13,98.15,98.085,0,1215,98.13,213412,0,0,"",0
"2022-03-29","BAXU22","BAX","BAX","BAX",0,"2022-09-19",0,1,97.395,97.4,25,21,0,13381,0,-0.005,97.365,97.44,97.32,0,1857,97.405,176454,0,0,"",0
"2022-03-29","BAXZ22","BAX","BAX","BAX",0,"2022-12-19",0,1,96.98,96.99,19,2,0,14728,0,0,96.97,97.025,96.885,0,2969,96.985,163076,0,0,"",0
"2022-03-29","BAXH23","BAX","BAX","BAX",0,"2023-03-13",0,1,96.685,0,2,0,0,5825,0,-0.005,96.74,96.79,96.65,0,1541,96.765,128300,0,0,"",0
"2022-03-29","BAXM23","BAX","BAX","BAX",0,"2023-06-19",0,1,96.625,0,85,0,0,5484,0,-0.01,96.635,96.675,96.54,0,1022,96.65,88873,0,0,"",0
"2022-03-29","BAXU23","BAX","BAX","BAX",0,"2023-09-18",0,1,0,0,0,0,0,3728,0,-0.015,96.59,96.63,96.5,0,603,96.6,69403,0,0,"",0
"2022-03-29","BAXZ23","BAX","BAX","BAX",0,"2023-12-18",0,1,0,96.94,0,13,0,1542,0,-0.005,96.61,96.64,96.53,0,337,96.61,40089,0,0,"",0
"2022-03-29","BAXH24","BAX","BAX","BAX",0,"2024-03-18",0,1,96.645,96.675,5,5,0,2548,0,0.005,96.615,96.705,96.6,0,505,96.675,14743,0,0,"",0
"2022-03-29","BAXM24","BAX","BAX","BAX",0,"2024-06-17",0,1,96.735,0,20,0,0,671,0,-0.005,96.715,96.77,96.69,0,66,96.75,6771,0,0,"",0
"2022-03-29","BAXU24","BAX","BAX","BAX",0,"2024-09-16",0,1,96.81,0,25,0,0,514,0,-0.005,96.79,96.87,96.785,0,59,96.84,4313,0,0,"",0
"2022-03-29","BAXZ24","BAX","BAX","BAX",0,"2024-12-16",0,1,96.895,96.95,2,1,0,353,0,0.005,96.86,96.96,96.86,0,55,96.91,1613,0,0,"",0
"2022-03-29","BAXH25","BAX","BAX","BAX",0,"2025-03-17",0,1,96.95,0,4,0,0,182,0,0.005,97,97,96.915,0,27,96.955,955,0,0,"",0
"2022-03-30","BAXJ22","BAX","BAX","BAX",0,"2022-04-14",0,1,0,0,0,0,0,0,0,0,0,0,0,0,0,98.575,0,0,0,"",0
"2022-03-30","BAXK22","BAX","BAX","BAX",0,"2022-05-16",0,1,0,0,0,0,0,0,0,0,0,0,0,0,0,98.385,0,0,0,"",0
"2022-03-30","BAXM22","BAX","BAX","BAX",0,"2022-06-13",0,1,98.135,98.14,14,50,0,12320,0,0,98.155,98.16,98.115,0,1084,98.14,211841,0,0,"",0
"2022-03-30","BAXU22","BAX","BAX","BAX",0,"2022-09-19",0,1,97.435,97.45,62,127,0,13238,0,0.015,97.41,97.445,97.4,0,1751,97.425,174660,0,0,"",0
"2022-03-30","BAXZ22","BAX","BAX","BAX",0,"2022-12-19",0,1,97.035,97.045,6,25,0,19893,0,0.02,97,97.045,96.98,0,2817,97.015,161075,0,0,"",0
"2022-03-30","BAXH23","BAX","BAX","BAX",0,"2023-03-13",0,1,96.785,0,30,0,0,9682,0,0.025,96.775,96.82,96.755,0,1940,96.785,126382,0,0,"",0
"2022-03-30","BAXM23","BAX","BAX","BAX",0,"2023-06-19",0,1,96.69,96.71,5,24,0,6313,0,0.02,96.645,96.705,96.64,0,947,96.67,87527,0,0,"",0
"2022-03-30","BAXU23","BAX","BAX","BAX",0,"2023-09-18",0,1,96.63,96.65,25,19,0,3708,0,0.015,96.62,96.65,96.58,0,550,96.62,69462,0,0,"",0
"2022-03-30","BAXZ23","BAX","BAX","BAX",0,"2023-12-18",0,1,96.63,96.65,21,13,0,2703,0,0.015,96.6,96.655,96.59,0,365,96.63,39833,0,0,"",0
"2022-03-30","BAXH24","BAX","BAX","BAX",0,"2024-03-18",0,1,0,0,0,0,0,3013,0,0.005,96.68,96.72,96.655,0,385,96.7,15168,0,0,"",0
"2022-03-30","BAXM24","BAX","BAX","BAX",0,"2024-06-17",0,1,96.795,0,10,0,0,1034,0,0.005,96.75,96.8,96.745,0,107,96.79,6461,0,0,"",0
"2022-03-30","BAXU24","BAX","BAX","BAX",0,"2024-09-16",0,1,96.885,0,25,0,0,268,0,0.015,96.825,96.9,96.825,0,50,96.88,4059,0,0,"",0
"2022-03-30","BAXZ24","BAX","BAX","BAX",0,"2024-12-16",0,1,96.97,98,2,1,0,57,0,0.02,96.885,96.975,96.86,0,21,96.95,1721,0,0,"",0
"2022-03-30","BAXH25","BAX","BAX","BAX",0,"2025-03-17",0,1,0,0,0,0,0,16,0,-0.055,96.9,96.9,96.9,0,5,96.995,1081,0,0,"",0
"2022-03-31","BAXJ22","BAX","BAX","BAX",0,"2022-04-14",0,1,0,0,0,0,0,0,0,0,0,0,0,0,0,98.6,0,0,0,"",0
"2022-03-31","BAXK22","BAX","BAX","BAX",0,"2022-05-16",0,1,0,0,0,0,0,0,0,0,0,0,0,0,0,98.41,0,0,0,"",0
"2022-03-31","BAXM22","BAX","BAX","BAX",0,"2022-06-13",0,1,98.15,98.155,33,162,0,9225,0,-0.015,98.155,98.17,98.135,0,724,98.165,210328,0,0,"",0
"2022-03-31","BAXU22","BAX","BAX","BAX",0,"2022-09-19",0,1,97.46,97.475,30,166,0,11355,0,-0.02,97.45,97.49,97.43,0,924,97.485,172795,0,0,"",0
"2022-03-31","BAXZ22","BAX","BAX","BAX",0,"2022-12-19",0,1,97.065,97.08,30,1,0,12593,0,-0.025,97.05,97.095,97.025,0,1285,97.09,163630,0,0,"",0
"2022-03-31","BAXH23","BAX","BAX","BAX",0,"2023-03-13",0,1,96.8,96.865,255,219,0,7190,0,-0.025,96.825,96.865,96.785,0,1098,96.86,127613,0,0,"",0
"2022-03-31","BAXM23","BAX","BAX","BAX",0,"2023-06-19",0,1,96.715,96.73,12,14,0,5839,0,-0.02,96.705,96.74,96.66,0,884,96.74,86995,0,0,"",0
"2022-03-31","BAXU23","BAX","BAX","BAX",0,"2023-09-18",0,1,96.655,96.67,16,13,0,5597,0,-0.015,96.67,96.675,96.605,0,1211,96.675,69223,0,0,"",0
"2022-03-31","BAXZ23","BAX","BAX","BAX",0,"2023-12-18",0,1,96.63,96.94,160,13,0,2162,0,-0.015,96.68,96.68,96.62,0,327,96.68,40444,0,0,"",0
"2022-03-31","BAXH24","BAX","BAX","BAX",0,"2024-03-18",0,1,96.73,96.765,25,25,0,2345,0,-0.015,96.745,96.755,96.7,0,307,96.745,15952,0,0,"",0
"2022-03-31","BAXM24","BAX","BAX","BAX",0,"2024-06-17",0,1,0,0,0,0,0,867,0,-0.005,96.845,96.85,96.8,0,74,96.835,5788,0,0,"",0
"2022-03-31","BAXU24","BAX","BAX","BAX",0,"2024-09-16",0,1,0,0,0,0,0,297,0,-0.015,96.945,96.95,96.895,0,22,96.93,4094,0,0,"",0
"2022-03-31","BAXZ24","BAX","BAX","BAX",0,"2024-12-16",0,1,0,98,0,1,0,10,0,-0.02,96.99,96.995,96.98,0,9,97,1701,0,0,"",0
"2022-03-31","BAXH25","BAX","BAX","BAX",0,"2025-03-17",0,1,0,0,0,0,0,0,0,0,0,0,0,0,0,97.045,1075,0,0,"",0
"2022-04-01","BAXJ22","BAX","BAX","BAX",0,"2022-04-14",0,1,0,0,0,0,0,0,0,0,0,0,0,0,0,98.54,0,0,0,"",0
"2022-04-01","BAXK22","BAX","BAX","BAX",0,"2022-05-16",0,1,0,0,0,0,0,0,0,0,0,0,0,0,0,98.35,0,0,0,"",0
"2022-04-01","BAXM22","BAX","BAX","BAX",0,"2022-06-13",0,1,98.105,98.11,26,25,0,14714,0,0,98.1,98.16,98.08,0,996,98.105,207329,0,0,"",0
"2022-04-01","BAXU22","BAX","BAX","BAX",0,"2022-09-19",0,1,97.405,97.43,12,51,0,12535,0,-0.015,97.455,97.465,97.38,0,1557,97.42,175817,0,0,"",0
"2022-04-01","BAXZ22","BAX","BAX","BAX",0,"2022-12-19",0,1,97.01,97.02,52,56,0,13664,0,-0.015,97.065,97.07,96.98,0,2551,97.025,160056,0,0,"",0
"2022-04-01","BAXH23","BAX","BAX","BAX",0,"2023-03-13",0,1,96.72,96.775,25,27,0,6403,0,-0.005,96.86,96.885,96.72,0,1944,96.78,127706,0,0,"",0
"2022-04-01","BAXM23","BAX","BAX","BAX",0,"2023-06-19",0,1,96.585,0,1,0,0,6593,0,0,96.75,96.75,96.59,0,1314,96.64,86787,0,0,"",0
"2022-04-01","BAXU23","BAX","BAX","BAX",0,"2023-09-18",0,1,96.56,96.59,41,10,0,4962,0,0.005,96.67,96.67,96.535,0,814,96.58,71485,0,0,"",0
"2022-04-01","BAXZ23","BAX","BAX","BAX",0,"2023-12-18",0,1,0,96.625,0,25,0,3663,0,0.015,96.67,96.67,96.55,0,625,96.59,40531,0,0,"",0
"2022-04-01","BAXH24","BAX","BAX","BAX",0,"2024-03-18",0,1,96.65,0,25,0,0,2277,0,0.015,96.725,96.725,96.625,0,373,96.665,15795,0,0,"",0
"2022-04-01","BAXM24","BAX","BAX","BAX",0,"2024-06-17",0,1,0,0,0,0,0,828,0,0.015,96.77,96.775,96.72,0,100,96.755,5720,0,0,"",0
"2022-04-01","BAXU24","BAX","BAX","BAX",0,"2024-09-16",0,1,0,0,0,0,0,244,0,-0.005,96.85,96.86,96.81,0,113,96.85,3869,0,0,"",0
"2022-04-01","BAXZ24","BAX","BAX","BAX",0,"2024-12-16",0,1,96.875,98,2,1,0,11,0,-0.08,96.925,96.925,96.915,0,6,96.92,1697,0,0,"",0
"2022-04-01","BAXH25","BAX","BAX","BAX",0,"2025-03-17",0,1,0,0,0,0,0,0,0,0,0,0,0,0,0,96.965,1075,0,0,"",0
"2022-04-04","BAXJ22","BAX","BAX","BAX",0,"2022-04-14",0,1,0,0,0,0,0,0,0,0,0,0,0,0,0,98.535,0,0,0,"",0
"2022-04-04","BAXK22","BAX","BAX","BAX",0,"2022-05-16",0,1,0,0,0,0,0,0,0,0,0,0,0,0,0,98.345,0,0,0,"",0
"2022-04-04","BAXM22","BAX","BAX","BAX",0,"2022-06-13",0,1,98.095,98.1,74,47,0,6918,0,-0.005,98.12,98.12,98.09,0,529,98.1,203163,0,0,"",0
"2022-04-04","BAXU22","BAX","BAX","BAX",0,"2022-09-19",0,1,97.42,97.425,21,41,0,9542,0,0,97.4,97.44,97.395,0,1048,97.425,177176,0,0,"",0
"2022-04-04","BAXZ22","BAX","BAX","BAX",0,"2022-12-19",0,1,97.045,97.05,2,75,0,11658,0,0.01,96.985,97.06,96.98,0,1623,97.04,161360,0,0,"",0
"2022-04-04","BAXH23","BAX","BAX","BAX",0,"2023-03-13",0,1,96.805,96.83,79,24,0,4743,0,0.015,96.75,96.815,96.75,0,1264,96.795,129047,0,0,"",0
"2022-04-04","BAXM23","BAX","BAX","BAX",0,"2023-06-19",0,1,96.675,96.68,25,22,0,4174,0,0.01,96.615,96.685,96.615,0,631,96.665,87647,0,0,"",0
"2022-04-04","BAXU23","BAX","BAX","BAX",0,"2023-09-18",0,1,96.625,96.645,10,52,0,4663,0,0.005,96.555,96.63,96.555,0,593,96.62,71727,0,0,"",0
"2022-04-04","BAXZ23","BAX","BAX","BAX",0,"2023-12-18",0,1,96.64,96.65,9,49,0,3032,0,0.005,96.57,96.65,96.57,0,426,96.635,41313,0,0,"",0
"2022-04-04","BAXH24","BAX","BAX","BAX",0,"2024-03-18",0,1,96.715,0,25,0,0,1033,0,0.01,96.685,96.725,96.675,0,258,96.71,16262,0,0,"",0
"2022-04-04","BAXM24","BAX","BAX","BAX",0,"2024-06-17",0,1,0,0,0,0,0,185,0,0.005,96.785,96.805,96.77,0,43,96.8,5748,0,0,"",0
"2022-04-04","BAXU24","BAX","BAX","BAX",0,"2024-09-16",0,1,0,0,0,0,0,36,0,0,96.875,96.895,96.875,0,18,96.895,3870,0,0,"",0
"2022-04-04","BAXZ24","BAX","BAX","BAX",0,"2024-12-16",0,1,96.94,0,1,0,0,0,0,0,0,0,0,0,0,96.965,1701,0,0,"",0
"2022-04-04","BAXH25","BAX","BAX","BAX",0,"2025-03-17",0,1,0,0,0,0,0,0,0,0,0,0,0,0,0,97.01,1075,0,0,"",0
"2022-04-05","BAXJ22","BAX","BAX","BAX",0,"2022-04-14",0,1,0,0,0,0,0,0,0,0,0,0,0,0,0,98.505,0,0,0,"",0
"2022-04-05","BAXK22","BAX","BAX","BAX",0,"2022-05-16",0,1,0,0,0,0,0,0,0,0,0,0,0,0,0,98.315,0,0,0,"",0
"2022-04-05","BAXM22","BAX","BAX","BAX",0,"2022-06-13",0,1,98.06,98.07,250,136,0,9659,0,-0.005,98.14,98.14,98.065,0,685,98.07,200387,0,0,"",0
"2022-04-05","BAXU22","BAX","BAX","BAX",0,"2022-09-19",0,1,97.37,97.38,153,24,0,8806,0,-0.005,97.43,97.43,97.375,0,963,97.38,176803,0,0,"",0
"2022-04-05","BAXZ22","BAX","BAX","BAX",0,"2022-12-19",0,1,96.97,96.98,84,25,0,9913,0,-0.01,97.045,97.045,96.97,0,1300,96.985,162060,0,0,"",0
"2022-04-05","BAXH23","BAX","BAX","BAX",0,"2023-03-13",0,1,96.72,96.735,30,1,0,5236,0,-0.015,96.815,96.815,96.71,0,1114,96.74,129788,0,0,"",0
"2022-04-05","BAXM23","BAX","BAX","BAX",0,"2023-06-19",0,1,96.575,96.585,25,32,0,4521,0,-0.01,96.68,96.68,96.57,0,630,96.59,87412,0,0,"",0
"2022-04-05","BAXU23","BAX","BAX","BAX",0,"2023-09-18",0,1,96.525,96.54,89,25,0,2946,0,-0.005,96.63,96.63,96.52,0,416,96.54,72158,0,0,"",0
"2022-04-05","BAXZ23","BAX","BAX","BAX",0,"2023-12-18",0,1,0,96.615,0,13,0,2533,0,0,96.64,96.645,96.55,0,401,96.565,41908,0,0,"",0
"2022-04-05","BAXH24","BAX","BAX","BAX",0,"2024-03-18",0,1,96.555,96.665,13,5,0,647,0,0,96.665,96.685,96.63,0,99,96.64,16214,0,0,"",0
"2022-04-05","BAXM24","BAX","BAX","BAX",0,"2024-06-17",0,1,0,0,0,0,0,447,0,0.005,96.77,96.77,96.725,0,31,96.72,5817,0,0,"",0
"2022-04-05","BAXU24","BAX","BAX","BAX",0,"2024-09-16",0,1,0,0,0,0,0,487,0,-0.005,96.845,96.86,96.805,0,40,96.81,3741,0,0,"",0
"2022-04-05","BAXZ24","BAX","BAX","BAX",0,"2024-12-16",0,1,0,96.925,0,2,0,343,0,-0.09,96.91,96.91,96.875,0,30,96.87,1705,0,0,"",0
"2022-04-05","BAXH25","BAX","BAX","BAX",0,"2025-03-17",0,1,0,96.96,0,25,0,171,0,-0.095,96.955,96.955,96.915,0,21,96.91,1075,0,0,"",0
"2022-04-06","BAXJ22","BAX","BAX","BAX",0,"2022-04-14",0,1,0,0,0,0,0,0,0,0,0,0,0,0,0,98.475,0,0,0,"",0
"2022-04-06","BAXK22","BAX","BAX","BAX",0,"2022-05-16",0,1,0,0,0,0,0,0,0,0,0,0,0,0,0,98.285,0,0,0,"",0
"2022-04-06","BAXM22","BAX","BAX","BAX",0,"2022-06-13",0,1,98.045,98.05,50,11,0,9950,0,0.01,98.07,98.07,98.035,0,947,98.04,197338,0,0,"",0
"2022-04-06","BAXU22","BAX","BAX","BAX",0,"2022-09-19",0,1,97.37,97.375,55,35,0,8804,0,0.015,97.36,97.385,97.345,0,1052,97.36,174026,0,0,"",0
"2022-04-06","BAXZ22","BAX","BAX","BAX",0,"2022-12-19",0,1,96.985,97.22,14,300,0,10438,0,0.025,96.97,97.005,96.93,0,1797,96.965,156812,0,0,"",0
"2022-04-06","BAXH23","BAX","BAX","BAX",0,"2023-03-13",0,1,96.755,96.775,49,10,0,4100,0,0.045,96.72,96.765,96.675,0,1134,96.72,127727,0,0,"",0
"2022-04-06","BAXM23","BAX","BAX","BAX",0,"2023-06-19",0,1,96.515,0,31,0,0,3986,0,0.05,96.575,96.64,96.525,0,863,96.575,87341,0,0,"",0
"2022-04-06","BAXU23","BAX","BAX","BAX",0,"2023-09-18",0,1,96.275,96.58,2,69,0,3575,0,0.05,96.54,96.575,96.46,0,605,96.525,70907,0,0,"",0
"2022-04-06","BAXZ23","BAX","BAX","BAX",0,"2023-12-18",0,1,96.55,96.615,5,13,0,1720,0,0.05,96.55,96.605,96.485,0,489,96.55,41081,0,0,"",0
"2022-04-06","BAXH24","BAX","BAX","BAX",0,"2024-03-18",0,1,96.62,0,25,0,0,1246,0,0.045,96.645,96.67,96.55,0,392,96.625,16292,0,0,"",0
"2022-04-06","BAXM24","BAX","BAX","BAX",0,"2024-06-17",0,1,0,0,0,0,0,272,0,0.02,96.64,96.725,96.63,0,35,96.705,5928,0,0,"",0
"2022-04-06","BAXU24","BAX","BAX","BAX",0,"2024-09-16",0,1,0,0,0,0,0,70,0,-0.03,96.735,96.78,96.735,0,20,96.795,3503,0,0,"",0
"2022-04-06","BAXZ24","BAX","BAX","BAX",0,"2024-12-16",0,1,96,0,1,0,0,28,0,0,0,0,0,0,5,96.855,1711,0,0,"",0
"2022-04-06","BAXH25","BAX","BAX","BAX",0,"2025-03-17",0,1,0,97.5,0,1,0,16,0,-0.04,96.87,96.87,96.87,0,6,96.895,1062,0,0,"",0
"2022-04-07","BAXJ22","BAX","BAX","BAX",0,"2022-04-14",0,1,0,0,0,0,0,0,0,0,0,0,0,0,0,98.48,0,0,0,"",0
"2022-04-07","BAXK22","BAX","BAX","BAX",0,"2022-05-16",0,1,0,0,0,0,0,0,0,0,0,0,0,0,0,98.29,0,0,0,"",0
"2022-04-07","BAXM22","BAX","BAX","BAX",0,"2022-06-13",0,1,98.035,98.04,203,55,0,13445,0,-0.005,98.045,98.075,98.04,0,1652,98.045,197961,0,0,"",0
"2022-04-07","BAXU22","BAX","BAX","BAX",0,"2022-09-19",0,1,97.345,97.35,4,1,0,9536,0,-0.01,97.37,97.4,97.345,0,1219,97.355,174034,0,0,"",0
"2022-04-07","BAXZ22","BAX","BAX","BAX",0,"2022-12-19",0,1,96.965,96.97,5,57,0,11924,0,0,96.95,97.025,96.95,0,1990,96.97,157829,0,0,"",0
"2022-04-07","BAXH23","BAX","BAX","BAX",0,"2023-03-13",0,1,96.72,96.755,10,1,0,5708,0,0,96.74,96.81,96.725,0,1290,96.75,127977,0,0,"",0
"2022-04-07","BAXM23","BAX","BAX","BAX",0,"2023-06-19",0,1,96.635,96.645,12,10,0,7488,0,-0.005,96.5,96.685,96.5,0,1351,96.645,87409,0,0,"",0
"2022-04-07","BAXU23","BAX","BAX","BAX",0,"2023-09-18",0,1,96.585,96.6,21,10,0,3693,0,0.005,96.525,96.615,96.525,0,502,96.595,71639,0,0,"",0
"2022-04-07","BAXZ23","BAX","BAX","BAX",0,"2023-12-18",0,1,96.37,96.635,1,50,0,1310,0,0.005,96.57,96.625,96.57,0,290,96.615,40677,0,0,"",0
"2022-04-07","BAXH24","BAX","BAX","BAX",0,"2024-03-18",0,1,96.615,0,10,0,0,874,0,0.01,96.645,96.685,96.645,0,203,96.675,16556,0,0,"",0
"2022-04-07","BAXM24","BAX","BAX","BAX",0,"2024-06-17",0,1,0,0,0,0,0,250,0,0,96.73,96.75,96.73,0,31,96.75,5938,0,0,"",0
"2022-04-07","BAXU24","BAX","BAX","BAX",0,"2024-09-16",0,1,0,0,0,0,0,229,0,0.005,96.785,96.825,96.785,0,31,96.82,3474,0,0,"",0
"2022-04-07","BAXZ24","BAX","BAX","BAX",0,"2024-12-16",0,1,96,0,1,0,0,41,0,0.02,96.8,96.875,96.795,0,11,96.88,1711,0,0,"",0
"2022-04-07","BAXH25","BAX","BAX","BAX",0,"2025-03-17",0,1,0,97.5,0,1,0,44,0,-0.01,96.85,96.91,96.85,0,11,96.92,1063,0,0,"",0
"2022-04-08","BAXJ22","BAX","BAX","BAX",0,"2022-04-14",0,1,0,0,0,0,0,0,0,0,0,0,0,0,0,98.42,0,0,0,"",0
"2022-04-08","BAXK22","BAX","BAX","BAX",0,"2022-05-16",0,1,0,0,0,0,0,0,0,0,0,0,0,0,0,98.23,0,0,0,"",0
"2022-04-08","BAXM22","BAX","BAX","BAX",0,"2022-06-13",0,1,97.99,97.995,141,20,0,9281,0,0.005,98.035,98.045,97.98,0,542,97.985,200135,0,0,"",0
"2022-04-08","BAXU22","BAX","BAX","BAX",0,"2022-09-19",0,1,97.285,97.3,130,47,0,8563,0,0.01,97.33,97.365,97.275,0,1005,97.28,171369,0,0,"",0
"2022-04-08","BAXZ22","BAX","BAX","BAX",0,"2022-12-19",0,1,96.91,96.915,29,63,0,7766,0,0.01,96.945,96.975,96.885,0,1241,96.9,156301,0,0,"",0
"2022-04-08","BAXH23","BAX","BAX","BAX",0,"2023-03-13",0,1,96.685,96.71,199,17,0,4386,0,0.01,96.73,96.74,96.675,0,1271,96.69,127776,0,0,"",0
"2022-04-08","BAXM23","BAX","BAX","BAX",0,"2023-06-19",0,1,96.585,96.605,10,26,0,4217,0,0.005,96.62,96.62,96.57,0,911,96.59,89415,0,0,"",0
"2022-04-08","BAXU23","BAX","BAX","BAX",0,"2023-09-18",0,1,96.54,96.565,10,27,0,3299,0,-0.005,96.555,96.57,96.525,0,737,96.55,72060,0,0,"",0
"2022-04-08","BAXZ23","BAX","BAX","BAX",0,"2023-12-18",0,1,96.555,96.62,5,10,0,1761,0,0,96.575,96.595,96.545,0,486,96.57,40873,0,0,"",0
"2022-04-08","BAXH24","BAX","BAX","BAX",0,"2024-03-18",0,1,0,0,0,0,0,1203,0,0.01,96.64,96.66,96.605,0,273,96.63,16501,0,0,"",0
"2022-04-08","BAXM24","BAX","BAX","BAX",0,"2024-06-17",0,1,0,0,0,0,0,139,0,0.02,96.68,96.725,96.68,0,23,96.705,5968,0,0,"",0
"2022-04-08","BAXU24","BAX","BAX","BAX",0,"2024-09-16",0,1,0,0,0,0,0,266,0,0.02,96.81,96.815,96.795,0,27,96.785,3503,0,0,"",0
"2022-04-08","BAXZ24","BAX","BAX","BAX",0,"2024-12-16",0,1,96.785,0,1,0,0,385,0,-0.015,96.865,96.87,96.865,0,26,96.845,1723,0,0,"",0
"2022-04-08","BAXH25","BAX","BAX","BAX",0,"2025-03-17",0,1,0,97.5,0,1,0,198,0,0.02,96.94,96.94,96.94,0,16,96.885,1078,0,0,"",0
"2022-04-11","BAXJ22","BAX","BAX","BAX",0,"2022-04-14",0,1,0,0,0,0,0,0,0,0,0,0,0,0,0,98.45,0,0,0,"",0
"2022-04-11","BAXK22","BAX","BAX","BAX",0,"2022-05-16",0,1,0,0,0,0,0,0,0,0,0,0,0,0,0,98.26,0,0,0,"",0
"2022-04-11","BAXM22","BAX","BAX","BAX",0,"2022-06-13",0,1,98.02,98.025,81,100,0,11719,0,0.01,97.98,98.025,97.975,0,590,98.015,198232,0,0,"",0
"2022-04-11","BAXU22","BAX","BAX","BAX",0,"2022-09-19",0,1,97.3,97.32,44,14,0,6731,0,0.005,97.285,97.315,97.245,0,741,97.31,171675,0,0,"",0
"2022-04-11","BAXZ22","BAX","BAX","BAX",0,"2022-12-19",0,1,96.935,96.94,33,71,0,6609,0,0.005,96.9,96.94,96.855,0,1098,96.93,154755,0,0,"",0
"2022-04-11","BAXH23","BAX","BAX","BAX",0,"2023-03-13",0,1,96.615,96.92,31,27,0,3869,0,0,96.68,96.725,96.64,0,869,96.72,127652,0,0,"",0
"2022-04-11","BAXM23","BAX","BAX","BAX",0,"2023-06-19",0,1,96.61,96.635,95,28,0,3930,0,0.01,96.56,96.625,96.53,0,816,96.615,87983,0,0,"",0
"2022-04-11","BAXU23","BAX","BAX","BAX",0,"2023-09-18",0,1,96.575,96.59,70,11,0,3219,0,0.01,96.51,96.59,96.5,0,507,96.575,71973,0,0,"",0
"2022-04-11","BAXZ23","BAX","BAX","BAX",0,"2023-12-18",0,1,96.37,96.94,1,13,0,1003,0,0.01,96.525,96.61,96.515,0,300,96.595,40789,0,0,"",0
"2022-04-11","BAXH24","BAX","BAX","BAX",0,"2024-03-18",0,1,96.645,0,47,0,0,507,0,0.01,96.58,96.67,96.58,0,174,96.655,16932,0,0,"",0
"2022-04-11","BAXM24","BAX","BAX","BAX",0,"2024-06-17",0,1,0,0,0,0,0,57,0,0.015,96.68,96.72,96.675,0,16,96.725,5976,0,0,"",0
"2022-04-11","BAXU24","BAX","BAX","BAX",0,"2024-09-16",0,1,0,0,0,0,0,90,0,0.005,96.77,96.795,96.77,0,21,96.805,3558,0,0,"",0
"2022-04-11","BAXZ24","BAX","BAX","BAX",0,"2024-12-16",0,1,96,96.85,1,50,0,150,0,-0.015,96.835,96.84,96.83,0,9,96.85,1646,0,0,"",0
"2022-04-11","BAXH25","BAX","BAX","BAX",0,"2025-03-17",0,1,0,96.88,0,7,0,150,0,-0.02,96.88,96.88,96.865,0,4,96.885,994,0,0,"",0
"2022-04-12","BAXJ22","BAX","BAX","BAX",0,"2022-04-14",0,1,0,0,0,0,0,0,0,0,0,0,0,0,0,98.475,0,0,0,"",0
"2022-04-12","BAXK22","BAX","BAX","BAX",0,"2022-05-16",0,1,0,0,0,0,0,0,0,0,0,0,0,0,0,98.285,0,0,0,"",0
"2022-04-12","BAXM22","BAX","BAX","BAX",0,"2022-06-13",0,1,98.05,98.065,135,107,0,16232,0,0.015,98.015,98.065,98.005,0,1100,98.04,200302,0,0,"",0
"2022-04-12","BAXU22","BAX","BAX","BAX",0,"2022-09-19",0,1,97.355,97.37,260,84,0,13633,0,0.02,97.285,97.38,97.285,0,1316,97.345,170226,0,0,"",0
"2022-04-12","BAXZ22","BAX","BAX","BAX",0,"2022-12-19",0,1,97.015,97.03,206,138,0,13116,0,0.02,96.905,97.035,96.895,0,1953,96.995,154923,0,0,"",0
"2022-04-12","BAXH23","BAX","BAX","BAX",0,"2023-03-13",0,1,96.82,96.825,16,100,0,6992,0,0.005,96.7,96.85,96.69,0,1574,96.815,127804,0,0,"",0
"2022-04-12","BAXM23","BAX","BAX","BAX",0,"2023-06-19",0,1,96.59,96.74,56,25,0,5348,0,-0.015,96.585,96.77,96.585,0,817,96.745,87973,0,0,"",0
"2022-04-12","BAXU23","BAX","BAX","BAX",0,"2023-09-18",0,1,96.685,96.7,20,25,0,4108,0,-0.03,96.545,96.745,96.51,0,865,96.72,71404,0,0,"",0
"2022-04-12","BAXZ23","BAX","BAX","BAX",0,"2023-12-18",0,1,96.37,98.3,1,1,0,1728,0,-0.025,96.56,96.75,96.51,0,409,96.735,40495,0,0,"",0
"2022-04-12","BAXH24","BAX","BAX","BAX",0,"2024-03-18",0,1,96.725,0,25,0,0,1843,0,-0.03,96.585,96.8,96.555,0,322,96.79,16832,0,0,"",0
"2022-04-12","BAXM24","BAX","BAX","BAX",0,"2024-06-17",0,1,0,97,0,1,0,457,0,0,96.735,96.84,96.735,0,44,96.84,5995,0,0,"",0
"2022-04-12","BAXU24","BAX","BAX","BAX",0,"2024-09-16",0,1,96.7,96.88,50,41,0,558,0,-0.015,96.815,96.88,96.68,0,70,96.895,3559,0,0,"",0
"2022-04-12","BAXZ24","BAX","BAX","BAX",0,"2024-12-16",0,1,96.77,97.5,50,1,0,168,0,0.045,96.72,96.895,96.72,0,7,96.94,1548,0,0,"",0
"2022-04-12","BAXH25","BAX","BAX","BAX",0,"2025-03-17",0,1,96.8,97.5,50,1,0,249,0,0.015,96.74,96.9,96.74,0,9,96.965,1037,0,0,"",0
"2022-04-13","BAXJ22","BAX","BAX","BAX",0,"2022-04-14",0,1,0,0,0,0,0,0,0,0,0,0,0,0,0,98.43,0,0,0,"",0
"2022-04-13","BAXK22","BAX","BAX","BAX",0,"2022-05-16",0,1,0,0,0,0,0,0,0,0,0,0,0,0,0,98.24,0,0,0,"",0
"2022-04-13","BAXM22","BAX","BAX","BAX",0,"2022-06-13",0,1,97.995,98,60,102,0,22357,0,0,98.04,98.085,97.99,0,1446,97.995,204222,0,0,"",0
"2022-04-13","BAXU22","BAX","BAX","BAX",0,"2022-09-19",0,1,97.365,97.39,5,75,0,15764,0,0.01,97.36,97.41,97.315,0,1587,97.365,172418,0,0,"",0
"2022-04-13","BAXZ22","BAX","BAX","BAX",0,"2022-12-19",0,1,97.05,97.22,11,300,0,12995,0,0.01,97.02,97.08,96.965,0,2108,97.04,157800,0,0,"",0
"2022-04-13","BAXH23","BAX","BAX","BAX",0,"2023-03-13",0,1,96.865,96.88,2,23,0,7719,0,0.02,96.835,96.915,96.78,0,1661,96.86,128474,0,0,"",0
"2022-04-13","BAXM23","BAX","BAX","BAX",0,"2023-06-19",0,1,96.725,0,5,0,0,5911,0,0.015,96.77,96.855,96.695,0,993,96.795,87836,0,0,"",0
"2022-04-13","BAXU23","BAX","BAX","BAX",0,"2023-09-18",0,1,96.785,96.8,21,15,0,4680,0,0.025,96.735,96.835,96.69,0,623,96.77,71423,0,0,"",0
"2022-04-13","BAXZ23","BAX","BAX","BAX",0,"2023-12-18",0,1,96.805,98.3,151,1,0,3207,0,0.025,96.73,96.85,96.71,0,609,96.785,40650,0,0,"",0
"2022-04-13","BAXH24","BAX","BAX","BAX",0,"2024-03-18",0,1,0,0,0,0,0,1530,0,0.015,96.77,96.89,96.765,0,351,96.84,17304,0,0,"",0
"2022-04-13","BAXM24","BAX","BAX","BAX",0,"2024-06-17",0,1,0,97,0,1,0,545,0,-0.025,96.83,96.905,96.805,0,65,96.89,6039,0,0,"",0
"2022-04-13","BAXU24","BAX","BAX","BAX",0,"2024-09-16",0,1,0,0,0,0,0,390,0,0.005,96.88,96.9,96.87,0,60,96.945,3676,0,0,"",0
"2022-04-13","BAXZ24","BAX","BAX","BAX",0,"2024-12-16",0,1,96.15,97.5,50,1,0,338,0,-0.02,96.905,96.92,96.905,0,31,96.99,1586,0,0,"",0
"2022-04-13","BAXH25","BAX","BAX","BAX",0,"2025-03-17",0,1,96.195,97.5,50,1,0,200,0,0,0,0,0,0,5,97.01,1142,0,0,"",0
"2022-04-14","BAXJ22","BAX","BAX","BAX",0,"2022-04-14",0,1,0,0,0,0,0,0,0,0,0,0,0,0,0,98.482,0,0,0,"",0
"2022-04-14","BAXK22","BAX","BAX","BAX",0,"2022-05-16",0,1,0,0,0,0,0,0,0,0,0,0,0,0,0,98.195,0,0,0,"",0
"2022-04-14","BAXM22","BAX","BAX","BAX",0,"2022-06-13",0,1,97.95,97.955,15,56,0,10140,0,0,98,98.01,97.945,0,647,97.95,209492,0,0,"",0
"2022-04-14","BAXU22","BAX","BAX","BAX",0,"2022-09-19",0,1,97.3,97.31,144,71,0,6969,0,-0.01,97.38,97.395,97.3,0,874,97.31,173140,0,0,"",0
"2022-04-14","BAXZ22","BAX","BAX","BAX",0,"2022-12-19",0,1,96.965,96.97,62,1,0,8550,0,-0.02,97.07,97.08,96.965,0,1430,96.985,159477,0,0,"",0
"2022-04-14","BAXH23","BAX","BAX","BAX",0,"2023-03-13",0,1,96.785,96.795,104,12,0,5234,0,-0.02,96.875,96.91,96.785,0,1422,96.805,129617,0,0,"",0
"2022-04-14","BAXM23","BAX","BAX","BAX",0,"2023-06-19",0,1,96.71,96.74,37,94,0,4597,0,-0.02,96.815,96.85,96.715,0,668,96.735,88467,0,0,"",0
"2022-04-14","BAXU23","BAX","BAX","BAX",0,"2023-09-18",0,1,96.685,96.695,21,40,0,3488,0,-0.015,96.795,96.84,96.695,0,573,96.71,70040,0,0,"",0
"2022-04-14","BAXZ23","BAX","BAX","BAX",0,"2023-12-18",0,1,96.37,98.3,1,1,0,2603,0,-0.055,96.815,96.865,96.71,0,535,96.725,41531,0,0,"",0
"2022-04-14","BAXH24","BAX","BAX","BAX",0,"2024-03-18",0,1,96.735,96.765,50,21,0,1676,0,-0.075,96.875,96.915,96.765,0,406,96.775,17640,0,0,"",0
"2022-04-14","BAXM24","BAX","BAX","BAX",0,"2024-06-17",0,1,0,97,0,1,0,117,0,-0.075,96.88,96.88,96.815,0,40,96.825,6059,0,0,"",0
"2022-04-14","BAXU24","BAX","BAX","BAX",0,"2024-09-16",0,1,0,96.925,0,25,0,6,0,-0.065,96.925,96.925,96.88,0,5,96.87,3388,0,0,"",0
"2022-04-14","BAXZ24","BAX","BAX","BAX",0,"2024-12-16",0,1,96,96.975,1,25,0,1,0,0,0,0,0,0,1,96.91,1474,0,0,"",0
"2022-04-14","BAXH25","BAX","BAX","BAX",0,"2025-03-17",0,1,96,97.5,1,1,0,0,0,0,0,0,0,0,0,96.93,1042,0,0,"",0
"2022-04-18","BAXK22","BAX","BAX","BAX",0,"2022-05-16",0,1,0,0,0,0,0,0,0,0,0,0,0,0,0,98.19,0,0,0,"",0
"2022-04-18","BAXM22","BAX","BAX","BAX",0,"2022-06-13",0,1,97.95,97.955,24,2,0,4347,0,0,97.945,97.96,97.935,0,276,97.945,203328,0,0,"",0
"2022-04-18","BAXN22","BAX","BAX","BAX",0,"2022-07-18",0,1,0,97.8,0,25,0,0,0,0,0,0,0,0,0,97.845,0,0,0,"",0
"2022-04-18","BAXU22","BAX","BAX","BAX",0,"2022-09-19",0,1,97.275,97.305,3,49,0,5178,0,-0.01,97.29,97.325,97.29,0,928,97.295,170915,0,0,"",0
"2022-04-18","BAXZ22","BAX","BAX","BAX",0,"2022-12-19",0,1,96.945,96.97,1,58,0,5103,0,-0.02,96.97,96.99,96.95,0,1115,96.955,158445,0,0,"",0
"2022-04-18","BAXH23","BAX","BAX","BAX",0,"2023-03-13",0,1,96.755,96.795,41,10,0,2528,0,-0.01,96.775,96.825,96.775,0,711,96.775,129008,0,0,"",0
"2022-04-18","BAXM23","BAX","BAX","BAX",0,"2023-06-19",0,1,96.69,96.73,3,75,0,1643,0,-0.01,96.7,96.76,96.695,0,328,96.705,87939,0,0,"",0
"2022-04-18","BAXU23","BAX","BAX","BAX",0,"2023-09-18",0,1,96.49,96.71,50,31,0,1001,0,0,96.685,96.74,96.685,0,218,96.69,68969,0,0,"",0
"2022-04-18","BAXZ23","BAX","BAX","BAX",0,"2023-12-18",0,1,96.71,96.74,13,10,0,449,0,0,96.695,96.75,96.695,0,149,96.705,41465,0,0,"",0
"2022-04-18","BAXH24","BAX","BAX","BAX",0,"2024-03-18",0,1,96.755,0,10,0,0,384,0,0.005,96.75,96.795,96.74,0,142,96.755,18318,0,0,"",0
"2022-04-18","BAXM24","BAX","BAX","BAX",0,"2024-06-17",0,1,0,97,0,1,0,42,0,-0.02,96.83,96.83,96.805,0,10,96.8,6006,0,0,"",0
"2022-04-18","BAXU24","BAX","BAX","BAX",0,"2024-09-16",0,1,0,0,0,0,0,29,0,0,0,0,0,0,2,96.845,3337,0,0,"",0
"2022-04-18","BAXZ24","BAX","BAX","BAX",0,"2024-12-16",0,1,96.86,97.5,12,1,0,8,0,0,0,0,0,0,1,96.885,1474,0,0,"",0
"2022-04-18","BAXH25","BAX","BAX","BAX",0,"2025-03-17",0,1,96.875,97.5,25,1,0,0,0,0,0,0,0,0,0,96.905,1042,0,0,"",0
"2022-04-19","BAXK22","BAX","BAX","BAX",0,"2022-05-16",0,1,0,0,0,0,0,0,0,0,0,0,0,0,0,98.175,0,0,0,"",0
"2022-04-19","BAXM22","BAX","BAX","BAX",0,"2022-06-13",0,1,97.925,97.93,2,14,0,9417,0,-0.015,97.96,97.96,97.92,0,742,97.93,203274,0,0,"",0
"2022-04-19","BAXN22","BAX","BAX","BAX",0,"2022-07-18",0,1,0,0,0,0,0,0,0,0,0,0,0,0,0,97.83,0,0,0,"",0
"2022-04-19","BAXU22","BAX","BAX","BAX",0,"2022-09-19",0,1,97.21,97.215,1,45,0,15436,0,-0.085,97.29,97.3,97.205,0,1050,97.215,171215,0,0,"",0
"2022-04-19","BAXZ22","BAX","BAX","BAX",0,"2022-12-19",0,1,96.83,96.84,48,292,0,15826,0,-0.12,96.955,96.96,96.825,0,1466,96.845,158055,0,0,"",0
"2022-04-19","BAXH23","BAX","BAX","BAX",0,"2023-03-13",0,1,96.645,96.65,10,10,0,12268,0,-0.125,96.775,96.78,96.64,0,1546,96.66,129065,0,0,"",0
"2022-04-19","BAXM23","BAX","BAX","BAX",0,"2023-06-19",0,1,96.565,96.59,10,138,0,8898,0,-0.12,96.7,96.71,96.565,0,1080,96.59,87455,0,0,"",0
"2022-04-19","BAXU23","BAX","BAX","BAX",0,"2023-09-18",0,1,96.555,96.58,30,25,0,3862,0,-0.115,96.66,96.69,96.555,0,665,96.575,68197,0,0,"",0
"2022-04-19","BAXZ23","BAX","BAX","BAX",0,"2023-12-18",0,1,96.575,98.3,49,1,0,2183,0,-0.115,96.68,96.705,96.565,0,565,96.59,41375,0,0,"",0
"2022-04-19","BAXH24","BAX","BAX","BAX",0,"2024-03-18",0,1,96.635,96.74,22,25,0,976,0,-0.11,96.755,96.755,96.635,0,319,96.645,18209,0,0,"",0
"2022-04-19","BAXM24","BAX","BAX","BAX",0,"2024-06-17",0,1,0,0,0,0,0,181,0,-0.1,96.75,96.765,96.7,0,39,96.69,6016,0,0,"",0
"2022-04-19","BAXU24","BAX","BAX","BAX",0,"2024-09-16",0,1,0,96.84,0,33,0,1,0,0,0,0,0,0,1,96.735,3314,0,0,"",0
"2022-04-19","BAXZ24","BAX","BAX","BAX",0,"2024-12-16",0,1,0,0,0,0,0,0,0,0,0,0,0,0,0,96.775,1474,0,0,"",0
"2022-04-19","BAXH25","BAX","BAX","BAX",0,"2025-03-17",0,1,0,0,0,0,0,0,0,0,0,0,0,0,0,96.795,1042,0,0,"",0
"2022-04-20","BAXK22","BAX","BAX","BAX",0,"2022-05-16",0,1,0,0,0,0,0,0,0,0,0,0,0,0,0,98.095,0,0,0,"",0
"2022-04-20","BAXM22","BAX","BAX","BAX",0,"2022-06-13",0,1,97.835,97.845,15,1,0,15359,0,-0.09,97.95,97.95,97.84,0,1369,97.85,206325,0,0,"",0
"2022-04-20","BAXN22","BAX","BAX","BAX",0,"2022-07-18",0,1,0,0,0,0,0,0,0,0,0,0,0,0,0,97.75,0,0,0,"",0
"2022-04-20","BAXU22","BAX","BAX","BAX",0,"2022-09-19",0,1,97.085,97.095,86,112,0,22135,0,-0.125,97.21,97.24,97.09,0,1918,97.1,178016,0,0,"",0
"2022-04-20","BAXZ22","BAX","BAX","BAX",0,"2022-12-19",0,1,96.7,96.71,83,90,0,19924,0,-0.145,96.815,96.875,96.695,0,2450,96.705,162725,0,0,"",0
"2022-04-20","BAXH23","BAX","BAX","BAX",0,"2023-03-13",0,1,96.515,96.535,54,72,0,15503,0,-0.145,96.635,96.695,96.505,0,2363,96.52,134778,0,0,"",0
"2022-04-20","BAXM23","BAX","BAX","BAX",0,"2023-06-19",0,1,96.46,96.465,151,30,0,7453,0,-0.125,96.615,96.63,96.45,0,1415,96.455,91057,0,0,"",0
"2022-04-20","BAXU23","BAX","BAX","BAX",0,"2023-09-18",0,1,96.465,96.48,22,20,0,4470,0,-0.105,96.6,96.605,96.455,0,776,96.455,68986,0,0,"",0
"2022-04-20","BAXZ23","BAX","BAX","BAX",0,"2023-12-18",0,1,96.37,98.3,1,1,0,2211,0,-0.08,96.605,96.605,96.485,0,725,96.49,42257,0,0,"",0
"2022-04-20","BAXH24","BAX","BAX","BAX",0,"2024-03-18",0,1,96.575,96.6,4,25,0,1969,0,-0.05,96.665,96.665,96.565,0,579,96.565,18454,0,0,"",0
"2022-04-20","BAXM24","BAX","BAX","BAX",0,"2024-06-17",0,1,0,96.73,0,1,0,692,0,-0.05,96.65,96.655,96.62,0,107,96.615,6057,0,0,"",0
"2022-04-20","BAXU24","BAX","BAX","BAX",0,"2024-09-16",0,1,0,0,0,0,0,489,0,-0.04,96.695,96.705,96.66,0,57,96.66,3315,0,0,"",0
"2022-04-20","BAXZ24","BAX","BAX","BAX",0,"2024-12-16",0,1,96.6,96.85,1,1,0,75,0,-0.075,96.73,96.73,96.7,0,13,96.7,1474,0,0,"",0
"2022-04-20","BAXH25","BAX","BAX","BAX",0,"2025-03-17",0,1,0,0,0,0,0,4,0,-0.08,96.715,96.715,96.715,0,2,96.72,1042,0,0,"",0
"2022-04-21","BAXK22","BAX","BAX","BAX",0,"2022-05-16",0,1,0,0,0,0,0,0,0,0,0,0,0,0,0,98.025,0,0,0,"",0
"2022-04-21","BAXM22","BAX","BAX","BAX",0,"2022-06-13",0,1,97.78,97.795,89,37,0,14053,0,-0.055,97.835,97.835,97.75,0,2008,97.78,208122,0,0,"",0
"2022-04-21","BAXN22","BAX","BAX","BAX",0,"2022-07-18",0,1,0,0,0,0,0,0,0,0,0,0,0,0,0,97.68,0,0,0,"",0
"2022-04-21","BAXU22","BAX","BAX","BAX",0,"2022-09-19",0,1,97.015,97.02,20,33,0,23307,0,-0.085,97.08,97.1,96.95,0,2225,97,176978,0,0,"",0
"2022-04-21","BAXZ22","BAX","BAX","BAX",0,"2022-12-19",0,1,96.62,96.63,129,24,0,24312,0,-0.08,96.665,96.73,96.555,0,2558,96.6,167091,0,0,"",0
"2022-04-21","BAXH23","BAX","BAX","BAX",0,"2023-03-13",0,1,96.43,96.55,5,50,0,13001,0,-0.085,96.48,96.55,96.365,0,2284,96.415,136378,0,0,"",0
"2022-04-21","BAXM23","BAX","BAX","BAX",0,"2023-06-19",0,1,96.375,96.395,11,14,0,6591,0,-0.065,96.425,96.455,96.3,0,1413,96.35,90818,0,0,"",0
"2022-04-21","BAXU23","BAX","BAX","BAX",0,"2023-09-18",0,1,96.375,96.4,24,24,0,4881,0,-0.065,96.45,96.45,96.305,0,1086,96.35,69181,0,0,"",0
"2022-04-21","BAXZ23","BAX","BAX","BAX",0,"2023-12-18",0,1,96.4,98.3,50,1,0,3365,0,-0.07,96.445,96.46,96.345,0,1012,96.385,42456,0,0,"",0
"2022-04-21","BAXH24","BAX","BAX","BAX",0,"2024-03-18",0,1,96.475,96.5,50,37,0,2546,0,-0.08,96.565,96.565,96.42,0,977,96.46,18713,0,0,"",0
"2022-04-21","BAXM24","BAX","BAX","BAX",0,"2024-06-17",0,1,0,0,0,0,0,511,0,-0.115,96.59,96.595,96.495,0,61,96.51,5552,0,0,"",0
"2022-04-21","BAXU24","BAX","BAX","BAX",0,"2024-09-16",0,1,0,0,0,0,0,65,0,-0.095,96.565,96.565,96.565,0,7,96.555,3473,0,0,"",0
"2022-04-21","BAXZ24","BAX","BAX","BAX",0,"2024-12-16",0,1,0,0,0,0,0,33,0,-0.115,96.585,96.585,96.585,0,5,96.595,1458,0,0,"",0
"2022-04-21","BAXH25","BAX","BAX","BAX",0,"2025-03-17",0,1,0,0,0,0,0,12,0,-0.115,96.605,96.605,96.605,0,2,96.615,1042,0,0,"",0
"2022-04-22","BAXK22","BAX","BAX","BAX",0,"2022-05-16",0,1,0,0,0,0,0,0,0,0,0,0,0,0,0,97.915,0,0,0,"",0
"2022-04-22","BAXM22","BAX","BAX","BAX",0,"2022-06-13",0,1,97.68,97.7,17,43,0,13607,0,-0.095,97.77,97.775,97.63,0,2346,97.67,202093,0,0,"",0
"2022-04-22","BAXN22","BAX","BAX","BAX",0,"2022-07-18",0,1,0,0,0,0,0,0,0,0,0,0,0,0,0,97.57,0,0,0,"",0
"2022-04-22","BAXU22","BAX","BAX","BAX",0,"2022-09-19",0,1,96.865,96.895,60,200,0,22107,0,-0.105,96.98,96.985,96.825,0,2109,96.89,176527,0,0,"",0
"2022-04-22","BAXZ22","BAX","BAX","BAX",0,"2022-12-19",0,1,96.56,96.605,25,41,0,15057,0,0.005,96.575,96.615,96.475,0,2434,96.575,169898,0,0,"",0
"2022-04-22","BAXH23","BAX","BAX","BAX",0,"2023-03-13",0,1,96.47,96.48,1,4,0,6923,0,0.06,96.39,96.48,96.315,0,1646,96.43,138285,0,0,"",0
"2022-04-22","BAXM23","BAX","BAX","BAX",0,"2023-06-19",0,1,96.44,0,1,0,0,5924,0,0.09,96.31,96.45,96.285,0,979,96.41,91607,0,0,"",0
"2022-04-22","BAXU23","BAX","BAX","BAX",0,"2023-09-18",0,1,0,96.84,0,48,0,4636,0,0.1,96.34,96.455,96.305,0,850,96.425,69401,0,0,"",0
"2022-04-22","BAXZ23","BAX","BAX","BAX",0,"2023-12-18",0,1,96.325,98.3,1,1,0,1856,0,0.09,96.38,96.48,96.345,0,414,96.465,43032,0,0,"",0
"2022-04-22","BAXH24","BAX","BAX","BAX",0,"2024-03-18",0,1,96.525,0,23,0,0,1632,0,0.085,96.435,96.545,96.405,0,406,96.54,19258,0,0,"",0
"2022-04-22","BAXM24","BAX","BAX","BAX",0,"2024-06-17",0,1,96.51,0,44,0,0,511,0,0.08,96.47,96.59,96.455,0,80,96.59,5652,0,0,"",0
"2022-04-22","BAXU24","BAX","BAX","BAX",0,"2024-09-16",0,1,0,0,0,0,0,47,0,0.07,96.535,96.635,96.5,0,8,96.635,3410,0,0,"",0
"2022-04-22","BAXZ24","BAX","BAX","BAX",0,"2024-12-16",0,1,0,0,0,0,0,0,0,0,0,0,0,0,0,96.675,1458,0,0,"",0
"2022-04-22","BAXH25","BAX","BAX","BAX",0,"2025-03-17",0,1,0,0,0,0,0,0,0,0,0,0,0,0,0,96.695,1054,0,0,"",0
"2022-04-25","BAXK22","BAX","BAX","BAX",0,"2022-05-16",0,1,0,0,0,0,0,0,0,0,0,0,0,0,0,98.03,0,0,0,"",0
"2022-04-25","BAXM22","BAX","BAX","BAX",0,"2022-06-13",0,1,97.785,97.79,116,110,0,16327,0,0.115,97.7,97.82,97.7,0,1317,97.785,201685,0,0,"",0
"2022-04-25","BAXN22","BAX","BAX","BAX",0,"2022-07-18",0,1,0,0,0,0,0,0,0,0,0,0,0,0,0,97.685,0,0,0,"",0
"2022-04-25","BAXU22","BAX","BAX","BAX",0,"2022-09-19",0,1,97,97.035,125,25,0,19628,0,0.12,96.89,97.05,96.89,0,1900,97.005,176911,0,0,"",0
"2022-04-25","BAXZ22","BAX","BAX","BAX",0,"2022-12-19",0,1,96.705,96.71,58,211,0,16031,0,0.13,96.615,96.75,96.615,0,2419,96.7,166094,0,0,"",0
"2022-04-25","BAXH23","BAX","BAX","BAX",0,"2023-03-13",0,1,96.6,96.605,26,37,0,7835,0,0.175,96.49,96.67,96.49,0,2011,96.605,137367,0,0,"",0
"2022-04-25","BAXM23","BAX","BAX","BAX",0,"2023-06-19",0,1,96.555,96.7,1,1,0,5802,0,0.175,96.475,96.66,96.47,0,1356,96.585,92432,0,0,"",0
"2022-04-25","BAXU23","BAX","BAX","BAX",0,"2023-09-18",0,1,0,96.68,0,46,0,6190,0,0.16,96.47,96.695,96.47,0,1008,96.6,70731,0,0,"",0
"2022-04-25","BAXZ23","BAX","BAX","BAX",0,"2023-12-18",0,1,96.325,96.745,1,19,0,2505,0,0.15,96.68,96.745,96.59,0,546,96.64,43289,0,0,"",0
"2022-04-25","BAXH24","BAX","BAX","BAX",0,"2024-03-18",0,1,0,0,0,0,0,2252,0,0.15,96.685,96.805,96.68,0,574,96.715,19305,0,0,"",0
"2022-04-25","BAXM24","BAX","BAX","BAX",0,"2024-06-17",0,1,0,0,0,0,0,729,0,0.175,96.75,96.83,96.745,0,57,96.76,5803,0,0,"",0
"2022-04-25","BAXU24","BAX","BAX","BAX",0,"2024-09-16",0,1,0,96.77,0,25,0,486,0,0.155,96.805,96.85,96.785,0,53,96.805,3330,0,0,"",0
"2022-04-25","BAXZ24","BAX","BAX","BAX",0,"2024-12-16",0,1,0,0,0,0,0,129,0,0.195,96.835,96.87,96.835,0,17,96.845,1448,0,0,"",0
"2022-04-25","BAXH25","BAX","BAX","BAX",0,"2025-03-17",0,1,0,97.5,0,1,0,0,0,0,0,0,0,0,0,96.865,1054,0,0,"",0
"2022-04-26","BAXK22","BAX","BAX","BAX",0,"2022-05-16",0,1,0,0,0,0,0,0,0,0,0,0,0,0,0,98.05,0,0,0,"",0
"2022-04-26","BAXM22","BAX","BAX","BAX",0,"2022-06-13",0,1,97.815,97.825,30,1,0,9443,0,0.035,97.805,97.83,97.78,0,1346,97.805,200756,0,0,"",0
"2022-04-26","BAXN22","BAX","BAX","BAX",0,"2022-07-18",0,1,0,0,0,0,0,0,0,0,0,0,0,0,0,97.705,0,0,0,"",0
"2022-04-26","BAXU22","BAX","BAX","BAX",0,"2022-09-19",0,1,97.01,97.11,10,1,0,12346,0,0.105,97.04,97.115,97.015,0,2035,97.075,175750,0,0,"",0
"2022-04-26","BAXZ22","BAX","BAX","BAX",0,"2022-12-19",0,1,96.78,96.835,10,39,0,13605,0,0.135,96.74,96.84,96.71,0,2663,96.78,167815,0,0,"",0
"2022-04-26","BAXH23","BAX","BAX","BAX",0,"2023-03-13",0,1,96.73,96.76,5,1,0,8161,0,0.155,96.68,96.77,96.615,0,2207,96.69,136740,0,0,"",0
"2022-04-26","BAXM23","BAX","BAX","BAX",0,"2023-06-19",0,1,96.63,0,4,0,0,3513,0,0.16,96.66,96.755,96.59,0,884,96.67,93367,0,0,"",0
"2022-04-26","BAXU23","BAX","BAX","BAX",0,"2023-09-18",0,1,96.74,96.76,25,19,0,5877,0,0.155,96.635,96.77,96.62,0,1057,96.685,72642,0,0,"",0
"2022-04-26","BAXZ23","BAX","BAX","BAX",0,"2023-12-18",0,1,96.775,96.81,25,25,0,992,0,0.165,96.69,96.81,96.66,0,263,96.725,43524,0,0,"",0
"2022-04-26","BAXH24","BAX","BAX","BAX",0,"2024-03-18",0,1,96.79,96.885,11,10,0,1350,0,0.13,96.75,96.865,96.75,0,390,96.79,20002,0,0,"",0
"2022-04-26","BAXM24","BAX","BAX","BAX",0,"2024-06-17",0,1,0,0,0,0,0,584,0,0.09,96.81,96.875,96.8,0,65,96.83,5900,0,0,"",0
"2022-04-26","BAXU24","BAX","BAX","BAX",0,"2024-09-16",0,1,0,96.895,0,25,0,317,0,0.06,96.875,96.895,96.85,0,65,96.855,3260,0,0,"",0
"2022-04-26","BAXZ24","BAX","BAX","BAX",0,"2024-12-16",0,1,96.5,0,1,0,0,413,0,0.025,96.9,96.9,96.87,0,33,96.875,1479,0,0,"",0
"2022-04-26","BAXH25","BAX","BAX","BAX",0,"2025-03-17",0,1,0,97.5,0,1,0,201,0,0,0,0,0,0,3,96.895,1054,0,0,"",0
"2022-04-27","BAXK22","BAX","BAX","BAX",0,"2022-05-16",0,1,0,0,0,0,0,0,0,0,0,0,0,0,0,98.045,0,0,0,"",0
"2022-04-27","BAXM22","BAX","BAX","BAX",0,"2022-06-13",0,1,97.795,97.8,17,25,0,7791,0,-0.01,97.815,97.83,97.785,0,1055,97.8,202440,0,0,"",0
"2022-04-27","BAXN22","BAX","BAX","BAX",0,"2022-07-18",0,1,0,0,0,0,0,0,0,0,0,0,0,0,0,97.7,0,0,0,"",0
"2022-04-27","BAXU22","BAX","BAX","BAX",0,"2022-09-19",0,1,97.07,97.075,37,60,0,8880,0,0,97.095,97.135,97.045,0,1605,97.075,176450,0,0,"",0
"2022-04-27","BAXZ22","BAX","BAX","BAX",0,"2022-12-19",0,1,96.77,96.775,56,64,0,14319,0,-0.005,96.83,96.855,96.765,0,2708,96.785,168943,0,0,"",0
"2022-04-27","BAXH23","BAX","BAX","BAX",0,"2023-03-13",0,1,96.665,96.69,111,21,0,7181,0,-0.02,96.71,96.77,96.66,0,2161,96.67,136813,0,0,"",0
"2022-04-27","BAXM23","BAX","BAX","BAX",0,"2023-06-19",0,1,0,96.67,0,7,0,4074,0,-0.03,96.68,96.755,96.63,0,885,96.64,92563,0,0,"",0
"2022-04-27","BAXU23","BAX","BAX","BAX",0,"2023-09-18",0,1,0,96.84,0,48,0,2407,0,-0.025,96.7,96.765,96.64,0,440,96.65,74230,0,0,"",0
"2022-04-27","BAXZ23","BAX","BAX","BAX",0,"2023-12-18",0,1,96.325,96.795,1,31,0,1489,0,-0.03,96.775,96.805,96.68,0,324,96.69,43559,0,0,"",0
"2022-04-27","BAXH24","BAX","BAX","BAX",0,"2024-03-18",0,1,0,96.835,0,25,0,569,0,-0.035,96.85,96.855,96.735,0,208,96.755,19817,0,0,"",0
"2022-04-27","BAXM24","BAX","BAX","BAX",0,"2024-06-17",0,1,0,96.82,0,36,0,288,0,-0.05,96.86,96.86,96.77,0,61,96.79,5908,0,0,"",0
"2022-04-27","BAXU24","BAX","BAX","BAX",0,"2024-09-16",0,1,0,96.845,0,5,0,4,0,-0.02,96.84,96.84,96.835,0,3,96.815,3411,0,0,"",0
"2022-04-27","BAXZ24","BAX","BAX","BAX",0,"2024-12-16",0,1,96.5,0,1,0,0,0,0,0,0,0,0,0,0,96.835,1496,0,0,"",0
"2022-04-27","BAXH25","BAX","BAX","BAX",0,"2025-03-17",0,1,0,97.5,0,1,0,0,0,0,0,0,0,0,0,96.85,854,0,0,"",0
"2022-04-28","BAXK22","BAX","BAX","BAX",0,"2022-05-16",0,1,0,0,0,0,0,0,0,0,0,0,0,0,0,98.03,0,0,0,"",0
"2022-04-28","BAXM22","BAX","BAX","BAX",0,"2022-06-13",0,1,97.78,97.785,121,124,0,6408,0,-0.02,97.79,97.825,97.73,0,826,97.785,200295,0,0,"",0
"2022-04-28","BAXN22","BAX","BAX","BAX",0,"2022-07-18",0,1,0,0,0,0,0,0,0,0,0,0,0,0,0,97.685,0,0,0,"",0
"2022-04-28","BAXU22","BAX","BAX","BAX",0,"2022-09-19",0,1,97.035,97.07,10,12,0,11432,0,-0.015,97.05,97.1,97.025,0,1734,97.06,175867,0,0,"",0
"2022-04-28","BAXZ22","BAX","BAX","BAX",0,"2022-12-19",0,1,96.76,96.77,25,47,0,10162,0,-0.025,96.76,96.81,96.73,0,2029,96.76,170727,0,0,"",0
"2022-04-28","BAXH23","BAX","BAX","BAX",0,"2023-03-13",0,1,0,96.93,0,57,0,7187,0,-0.03,96.635,96.69,96.62,0,1713,96.63,136658,0,0,"",0
"2022-04-28","BAXM23","BAX","BAX","BAX",0,"2023-06-19",0,1,96.585,96.605,76,25,0,7218,0,-0.04,96.66,96.675,96.57,0,1226,96.585,92492,0,0,"",0
"2022-04-28","BAXU23","BAX","BAX","BAX",0,"2023-09-18",0,1,0,96.62,0,45,0,4751,0,-0.03,96.675,96.68,96.58,0,1052,96.6,73747,0,0,"",0
"2022-04-28","BAXZ23","BAX","BAX","BAX",0,"2023-12-18",0,1,96.325,98.3,1,1,0,2176,0,-0.01,96.71,96.71,96.63,0,591,96.645,43730,0,0,"",0
"2022-04-28","BAXH24","BAX","BAX","BAX",0,"2024-03-18",0,1,96.72,96.77,5,10,0,1086,0,-0.005,96.755,96.775,96.7,0,300,96.71,19806,0,0,"",0
"2022-04-28","BAXM24","BAX","BAX","BAX",0,"2024-06-17",0,1,0,0,0,0,0,159,0,-0.04,96.74,96.76,96.73,0,20,96.745,6007,0,0,"",0
"2022-04-28","BAXU24","BAX","BAX","BAX",0,"2024-09-16",0,1,0,0,0,0,0,47,0,0,0,0,0,0,6,96.77,3411,0,0,"",0
"2022-04-28","BAXZ24","BAX","BAX","BAX",0,"2024-12-16",0,1,96.5,0,1,0,0,73,0,0,0,0,0,0,8,96.79,1495,0,0,"",0
"2022-04-28","BAXH25","BAX","BAX","BAX",0,"2025-03-17",0,1,0,97.5,0,1,0,26,0,0,0,0,0,0,3,96.805,854,0,0,"",0
"2022-04-29","BAXK22","BAX","BAX","BAX",0,"2022-05-16",0,1,0,0,0,0,0,0,0,0,0,0,0,0,0,98,0,0,0,"",0
"2022-04-29","BAXM22","BAX","BAX","BAX",0,"2022-06-13",0,1,97.75,97.76,30,51,0,5931,0,-0.04,97.81,97.81,97.715,0,815,97.755,194962,0,0,"",0
"2022-04-29","BAXN22","BAX","BAX","BAX",0,"2022-07-18",0,1,0,0,0,0,0,0,0,0,0,0,0,0,0,97.655,0,0,0,"",0
"2022-04-29","BAXU22","BAX","BAX","BAX",0,"2022-09-19",0,1,96.935,96.985,25,12,0,14326,0,-0.085,97.045,97.055,96.93,0,2096,96.98,175732,0,0,"",0
"2022-04-29","BAXZ22","BAX","BAX","BAX",0,"2022-12-19",0,1,96.665,96.67,80,72,0,19296,0,-0.095,96.77,96.77,96.615,0,3379,96.67,165375,0,0,"",0
"2022-04-29","BAXH23","BAX","BAX","BAX",0,"2023-03-13",0,1,0,96.595,0,100,0,9483,0,-0.1,96.62,96.635,96.49,0,2632,96.54,135036,0,0,"",0
"2022-04-29","BAXM23","BAX","BAX","BAX",0,"2023-06-19",0,1,96.45,0,25,0,0,7030,0,-0.105,96.58,96.58,96.45,0,1672,96.495,94528,0,0,"",0
"2022-04-29","BAXU23","BAX","BAX","BAX",0,"2023-09-18",0,1,96.45,96.5,21,10,0,5368,0,-0.13,96.595,96.595,96.45,0,1295,96.5,73730,0,0,"",0
"2022-04-29","BAXZ23","BAX","BAX","BAX",0,"2023-12-18",0,1,96.325,96.545,1,10,0,2519,0,-0.14,96.635,96.635,96.49,0,963,96.545,43954,0,0,"",0
"2022-04-29","BAXH24","BAX","BAX","BAX",0,"2024-03-18",0,1,0,96.61,0,10,0,1677,0,-0.13,96.7,96.705,96.555,0,802,96.61,19993,0,0,"",0
"2022-04-29","BAXM24","BAX","BAX","BAX",0,"2024-06-17",0,1,0,0,0,0,0,305,0,-0.135,96.74,96.745,96.61,0,90,96.65,5846,0,0,"",0
"2022-04-29","BAXU24","BAX","BAX","BAX",0,"2024-09-16",0,1,0,0,0,0,0,18,0,-0.06,96.71,96.71,96.71,0,5,96.68,3443,0,0,"",0
"2022-04-29","BAXZ24","BAX","BAX","BAX",0,"2024-12-16",0,1,96.5,0,1,0,0,8,0,0,0,0,0,0,1,96.7,1494,0,0,"",0
"2022-04-29","BAXH25","BAX","BAX","BAX",0,"2025-03-17",0,1,0,97.5,0,1,0,0,0,0,0,0,0,0,0,96.715,849,0,0,"",0
"2022-05-02","BAXK22","BAX","BAX","BAX",0,"2022-05-16",0,1,0,0,0,0,0,0,0,0,0,0,0,0,0,98,0,0,0,"",0
"2022-05-02","BAXM22","BAX","BAX","BAX",0,"2022-06-13",0,1,97.75,97.755,131,24,0,8208,0,0,97.75,97.77,97.75,0,783,97.755,193555,0,0,"",0
"2022-05-02","BAXN22","BAX","BAX","BAX",0,"2022-07-18",0,1,0,0,0,0,0,0,0,0,0,0,0,0,0,97.655,0,0,0,"",0
"2022-05-02","BAXU22","BAX","BAX","BAX",0,"2022-09-19",0,1,96.95,96.97,602,27,0,5849,0,-0.015,97.04,97.04,96.955,0,1448,96.965,175700,0,0,"",0
"2022-05-02","BAXZ22","BAX","BAX","BAX",0,"2022-12-19",0,1,96.62,96.64,93,93,0,6438,0,-0.03,96.66,96.685,96.62,0,1416,96.64,170668,0,0,"",0
"2022-05-02","BAXH23","BAX","BAX","BAX",0,"2023-03-13",0,1,0,96.595,0,100,0,3744,0,-0.05,96.515,96.545,96.475,0,927,96.49,136050,0,0,"",0
"2022-05-02","BAXM23","BAX","BAX","BAX",0,"2023-06-19",0,1,96.42,96.45,10,5,0,2852,0,-0.06,96.48,96.49,96.42,0,549,96.44,95630,0,0,"",0
"2022-05-02","BAXU23","BAX","BAX","BAX",0,"2023-09-18",0,1,96.425,96.45,20,50,0,2659,0,-0.055,96.48,96.49,96.425,0,437,96.445,73528,0,0,"",0
"2022-05-02","BAXZ23","BAX","BAX","BAX",0,"2023-12-18",0,1,96.325,96.51,1,21,0,1450,0,-0.07,96.525,96.525,96.465,0,411,96.49,44563,0,0,"",0
"2022-05-02","BAXH24","BAX","BAX","BAX",0,"2024-03-18",0,1,0,96.55,0,46,0,1130,0,-0.065,96.575,96.585,96.53,0,293,96.555,20457,0,0,"",0
"2022-05-02","BAXM24","BAX","BAX","BAX",0,"2024-06-17",0,1,96.585,0,4,0,0,514,0,-0.065,96.61,96.61,96.57,0,68,96.595,5916,0,0,"",0
"2022-05-02","BAXU24","BAX","BAX","BAX",0,"2024-09-16",0,1,96.615,0,14,0,0,24,0,-0.06,96.615,96.62,96.615,0,2,96.625,3451,0,0,"",0
"2022-05-02","BAXZ24","BAX","BAX","BAX",0,"2024-12-16",0,1,96.5,0,1,0,0,0,0,0,0,0,0,0,0,96.645,1494,0,0,"",0
"2022-05-02","BAXH25","BAX","BAX","BAX",0,"2025-03-17",0,1,0,97.5,0,1,0,0,0,0,0,0,0,0,0,96.655,849,0,0,"",0
"2022-05-03","BAXK22","BAX","BAX","BAX",0,"2022-05-16",0,1,0,0,0,0,0,0,0,0,0,0,0,0,0,97.975,0,0,0,"",0
"2022-05-03","BAXM22","BAX","BAX","BAX",0,"2022-06-13",0,1,97.725,97.73,142,53,0,9851,0,-0.03,97.74,97.745,97.71,0,687,97.73,192586,0,0,"",0
"2022-05-03","BAXN22","BAX","BAX","BAX",0,"2022-07-18",0,1,0,0,0,0,0,0,0,0,0,0,0,0,0,97.63,0,0,0,"",0
"2022-05-03","BAXU22","BAX","BAX","BAX",0,"2022-09-19",0,1,96.895,96.905,213,151,0,9062,0,-0.065,96.95,96.95,96.9,0,1349,96.91,172587,0,0,"",0
"2022-05-03","BAXZ22","BAX","BAX","BAX",0,"2022-12-19",0,1,96.57,96.58,163,167,0,14660,0,-0.06,96.615,96.625,96.57,0,2037,96.58,166198,0,0,"",0
"2022-05-03","BAXH23","BAX","BAX","BAX",0,"2023-03-13",0,1,96.405,96.425,64,174,0,5374,0,-0.07,96.385,96.485,96.385,0,1683,96.43,135354,0,0,"",0
"2022-05-03","BAXM23","BAX","BAX","BAX",0,"2023-06-19",0,1,96.365,96.375,66,45,0,3286,0,-0.07,96.42,96.435,96.36,0,736,96.38,94274,0,0,"",0
"2022-05-03","BAXU23","BAX","BAX","BAX",0,"2023-09-18",0,1,96.365,96.385,26,11,0,3209,0,-0.07,96.425,96.44,96.37,0,852,96.385,74256,0,0,"",0
"2022-05-03","BAXZ23","BAX","BAX","BAX",0,"2023-12-18",0,1,96.325,98.3,1,1,0,1449,0,-0.07,96.44,96.49,96.415,0,567,96.44,44996,0,0,"",0
"2022-05-03","BAXH24","BAX","BAX","BAX",0,"2024-03-18",0,1,0,0,0,0,0,941,0,-0.055,96.515,96.565,96.495,0,335,96.515,20693,0,0,"",0
"2022-05-03","BAXM24","BAX","BAX","BAX",0,"2024-06-17",0,1,0,0,0,0,0,187,0,-0.05,96.56,96.585,96.545,0,26,96.56,5682,0,0,"",0
"2022-05-03","BAXU24","BAX","BAX","BAX",0,"2024-09-16",0,1,0,0,0,0,0,0,0,0,0,0,0,0,0,96.59,3427,0,0,"",0
"2022-05-03","BAXZ24","BAX","BAX","BAX",0,"2024-12-16",0,1,96.5,0,1,0,0,0,0,0,0,0,0,0,0,96.61,1494,0,0,"",0
"2022-05-03","BAXH25","BAX","BAX","BAX",0,"2025-03-17",0,1,0,97.5,0,1,0,0,0,0,0,0,0,0,0,96.62,849,0,0,"",0
"2022-05-04","BAXK22","BAX","BAX","BAX",0,"2022-05-16",0,1,0,0,0,0,0,0,0,0,0,0,0,0,0,98.055,0,0,0,"",0
"2022-05-04","BAXM22","BAX","BAX","BAX",0,"2022-06-13",0,1,97.805,97.81,118,68,0,12699,0,0.08,97.725,97.82,97.695,0,1208,97.81,194857,0,0,"",0
"2022-05-04","BAXN22","BAX","BAX","BAX",0,"2022-07-18",0,1,0,0,0,0,0,0,0,0,0,0,0,0,0,97.71,0,0,0,"",0
"2022-05-04","BAXU22","BAX","BAX","BAX",0,"2022-09-19",0,1,97,97.02,251,94,0,13098,0,0.095,96.9,97.04,96.825,0,2801,97.035,173967,0,0,"",0
"2022-05-04","BAXZ22","BAX","BAX","BAX",0,"2022-12-19",0,1,96.665,96.685,55,21,0,15118,0,0.105,96.57,96.7,96.49,0,3471,96.69,169737,0,0,"",0
"2022-05-04","BAXH23","BAX","BAX","BAX",0,"2023-03-13",0,1,96.49,96.53,10,10,0,6657,0,0.09,96.425,96.55,96.335,0,2001,96.54,136428,0,0,"",0
"2022-05-04","BAXM23","BAX","BAX","BAX",0,"2023-06-19",0,1,0,96.485,0,69,0,4123,0,0.085,96.36,96.505,96.3,0,941,96.49,94498,0,0,"",0
"2022-05-04","BAXU23","BAX","BAX","BAX",0,"2023-09-18",0,1,96.47,96.48,50,10,0,2446,0,0.09,96.375,96.51,96.315,0,472,96.495,74594,0,0,"",0
"2022-05-04","BAXZ23","BAX","BAX","BAX",0,"2023-12-18",0,1,96.325,98.3,1,1,0,688,0,0.08,96.425,96.56,96.365,0,318,96.55,45152,0,0,"",0
"2022-05-04","BAXH24","BAX","BAX","BAX",0,"2024-03-18",0,1,96.535,0,50,0,0,929,0,0.085,96.505,96.63,96.45,0,329,96.625,20941,0,0,"",0
"2022-05-04","BAXM24","BAX","BAX","BAX",0,"2024-06-17",0,1,0,0,0,0,0,131,0,0.1,96.555,96.67,96.515,0,36,96.67,5664,0,0,"",0
"2022-05-04","BAXU24","BAX","BAX","BAX",0,"2024-09-16",0,1,0,0,0,0,0,15,0,0.085,96.57,96.69,96.55,0,10,96.7,3427,0,0,"",0
"2022-05-04","BAXZ24","BAX","BAX","BAX",0,"2024-12-16",0,1,96.5,0,1,0,0,1,0,-0.015,96.595,96.595,96.595,0,1,96.72,1494,0,0,"",0
"2022-05-04","BAXH25","BAX","BAX","BAX",0,"2025-03-17",0,1,96.665,97.5,50,1,0,0,0,0,0,0,0,0,0,96.73,849,0,0,"",0
"2022-05-05","BAXK22","BAX","BAX","BAX",0,"2022-05-16",0,1,0,0,0,0,0,0,0,0,0,0,0,0,0,98.045,0,0,0,"",0
"2022-05-05","BAXM22","BAX","BAX","BAX",0,"2022-06-13",0,1,97.79,97.8,162,10,0,6754,0,-0.015,97.785,97.805,97.78,0,738,97.8,198253,0,0,"",0
"2022-05-05","BAXN22","BAX","BAX","BAX",0,"2022-07-18",0,1,0,0,0,0,0,0,0,0,0,0,0,0,0,97.7,0,0,0,"",0
"2022-05-05","BAXU22","BAX","BAX","BAX",0,"2022-09-19",0,1,96.935,96.985,25,2,0,7298,0,-0.055,96.99,97.025,96.96,0,1961,96.985,177349,0,0,"",0
"2022-05-05","BAXZ22","BAX","BAX","BAX",0,"2022-12-19",0,1,96.615,96.63,1,52,0,8166,0,-0.07,96.725,96.725,96.6,0,2440,96.63,169336,0,0,"",0
"2022-05-05","BAXH23","BAX","BAX","BAX",0,"2023-03-13",0,1,96.445,96.455,17,1,0,5552,0,-0.09,96.555,96.58,96.425,0,2256,96.465,137883,0,0,"",0
"2022-05-05","BAXM23","BAX","BAX","BAX",0,"2023-06-19",0,1,0,96.39,0,1,0,3735,0,-0.11,96.505,96.525,96.36,0,1026,96.405,95526,0,0,"",0
"2022-05-05","BAXU23","BAX","BAX","BAX",0,"2023-09-18",0,1,96.365,96.39,51,26,0,3205,0,-0.11,96.51,96.51,96.365,0,760,96.395,74093,0,0,"",0
"2022-05-05","BAXZ23","BAX","BAX","BAX",0,"2023-12-18",0,1,96.435,96.57,94,7,0,1604,0,-0.105,96.53,96.53,96.42,0,398,96.445,44832,0,0,"",0
"2022-05-05","BAXH24","BAX","BAX","BAX",0,"2024-03-18",0,1,96.505,0,40,0,0,1330,0,-0.1,96.555,96.605,96.505,0,367,96.52,21048,0,0,"",0
"2022-05-05","BAXM24","BAX","BAX","BAX",0,"2024-06-17",0,1,0,0,0,0,0,245,0,-0.095,96.62,96.62,96.555,0,82,96.565,5673,0,0,"",0
"2022-05-05","BAXU24","BAX","BAX","BAX",0,"2024-09-16",0,1,0,0,0,0,0,79,0,-0.11,96.595,96.595,96.59,0,12,96.595,3426,0,0,"",0
"2022-05-05","BAXZ24","BAX","BAX","BAX",0,"2024-12-16",0,1,96.5,0,1,0,0,4,0,-0.125,96.595,96.595,96.595,0,2,96.615,1495,0,0,"",0
"2022-05-05","BAXH25","BAX","BAX","BAX",0,"2025-03-17",0,1,0,97.5,0,1,0,4,0,-0.135,96.595,96.595,96.595,0,2,96.625,849,0,0,"",0
"2022-05-06","BAXK22","BAX","BAX","BAX",0,"2022-05-16",0,1,0,0,0,0,0,0,0,0,0,0,0,0,0,98.05,0,0,0,"",0
"2022-05-06","BAXM22","BAX","BAX","BAX",0,"2022-06-13",0,1,97.78,97.785,61,1,0,5748,0,-0.02,97.8,97.85,97.78,0,743,97.805,194378,0,0,"",0
"2022-05-06","BAXN22","BAX","BAX","BAX",0,"2022-07-18",0,1,0,0,0,0,0,0,0,0,0,0,0,0,0,97.705,0,0,0,"",0
"2022-05-06","BAXU22","BAX","BAX","BAX",0,"2022-09-19",0,1,96.96,96.97,249,2,0,11057,0,-0.02,96.98,97.015,96.945,0,1860,96.99,173240,0,0,"",0
"2022-05-06","BAXZ22","BAX","BAX","BAX",0,"2022-12-19",0,1,96.595,96.62,5,11,0,9076,0,-0.03,96.615,96.67,96.58,0,2454,96.635,165436,0,0,"",0
"2022-05-06","BAXH23","BAX","BAX","BAX",0,"2023-03-13",0,1,96.41,96.44,14,1,0,6208,0,-0.04,96.445,96.515,96.405,0,2339,96.47,134880,0,0,"",0
"2022-05-06","BAXM23","BAX","BAX","BAX",0,"2023-06-19",0,1,96.325,96.38,1,25,0,5899,0,-0.05,96.38,96.455,96.335,0,1635,96.405,95019,0,0,"",0
"2022-05-06","BAXU23","BAX","BAX","BAX",0,"2023-09-18",0,1,96.275,96.35,1,20,0,3157,0,-0.055,96.365,96.455,96.34,0,818,96.395,72498,0,0,"",0
"2022-05-06","BAXZ23","BAX","BAX","BAX",0,"2023-12-18",0,1,96.325,96.42,1,50,0,2225,0,-0.055,96.405,96.5,96.385,0,649,96.445,45059,0,0,"",0
"2022-05-06","BAXH24","BAX","BAX","BAX",0,"2024-03-18",0,1,0,96.54,0,2,0,832,0,-0.055,96.495,96.58,96.465,0,343,96.52,21059,0,0,"",0
"2022-05-06","BAXM24","BAX","BAX","BAX",0,"2024-06-17",0,1,0,96.59,0,10,0,128,0,-0.06,96.545,96.59,96.505,0,34,96.565,5684,0,0,"",0
"2022-05-06","BAXU24","BAX","BAX","BAX",0,"2024-09-16",0,1,0,96.615,0,7,0,33,0,-0.05,96.585,96.615,96.545,0,12,96.595,3406,0,0,"",0
"2022-05-06","BAXZ24","BAX","BAX","BAX",0,"2024-12-16",0,1,96.5,0,1,0,0,0,0,0,0,0,0,0,0,96.615,1490,0,0,"",0
"2022-05-06","BAXH25","BAX","BAX","BAX",0,"2025-03-17",0,1,0,96.635,0,25,0,0,0,0,0,0,0,0,0,96.625,853,0,0,"",0
"2022-05-09","BAXK22","BAX","BAX","BAX",0,"2022-05-16",0,1,0,0,0,0,0,0,0,0,0,0,0,0,0,98.06,0,0,0,"",0
"2022-05-09","BAXM22","BAX","BAX","BAX",0,"2022-06-13",0,1,97.825,97.83,2,6,0,7292,0,0.02,97.82,97.83,97.8,0,1036,97.815,190402,0,0,"",0
"2022-05-09","BAXN22","BAX","BAX","BAX",0,"2022-07-18",0,1,0,0,0,0,0,0,0,0,0,0,0,0,0,97.715,0,0,0,"",0
"2022-05-09","BAXU22","BAX","BAX","BAX",0,"2022-09-19",0,1,97.06,97.09,20,3,0,11372,0,0.095,97,97.09,96.93,0,2569,97.05,173342,0,0,"",0
"2022-05-09","BAXZ22","BAX","BAX","BAX",0,"2022-12-19",0,1,96.715,98.145,25,2,0,8807,0,0.115,96.59,96.765,96.565,0,2266,96.715,163878,0,0,"",0
"2022-05-09","BAXH23","BAX","BAX","BAX",0,"2023-03-13",0,1,96.56,0,1,0,0,5143,0,0.12,96.4,96.615,96.39,0,1944,96.555,134504,0,0,"",0
"2022-05-09","BAXM23","BAX","BAX","BAX",0,"2023-06-19",0,1,96.515,96.6,1,28,0,3672,0,0.12,96.39,96.555,96.34,0,1608,96.49,96771,0,0,"",0
"2022-05-09","BAXU23","BAX","BAX","BAX",0,"2023-09-18",0,1,96.275,0,1,0,0,3381,0,0.115,96.325,96.545,96.32,0,835,96.48,72367,0,0,"",0
"2022-05-09","BAXZ23","BAX","BAX","BAX",0,"2023-12-18",0,1,96.325,96.545,1,70,0,1224,0,0.09,96.44,96.57,96.44,0,339,96.515,45578,0,0,"",0
"2022-05-09","BAXH24","BAX","BAX","BAX",0,"2024-03-18",0,1,0,0,0,0,0,677,0,0.08,96.49,96.625,96.49,0,216,96.585,21205,0,0,"",0
"2022-05-09","BAXM24","BAX","BAX","BAX",0,"2024-06-17",0,1,0,0,0,0,0,241,0,0.075,96.56,96.645,96.56,0,68,96.62,5752,0,0,"",0
"2022-05-09","BAXU24","BAX","BAX","BAX",0,"2024-09-16",0,1,0,0,0,0,0,4,0,0.07,96.675,96.675,96.665,0,4,96.65,3416,0,0,"",0
"2022-05-09","BAXZ24","BAX","BAX","BAX",0,"2024-12-16",0,1,96.5,0,1,0,0,8,0,-0.01,96.59,96.605,96.59,0,8,96.67,1490,0,0,"",0
"2022-05-09","BAXH25","BAX","BAX","BAX",0,"2025-03-17",0,1,96.63,97.5,10,1,0,8,0,-0.04,96.585,96.59,96.58,0,8,96.67,853,0,0,"",0
"2022-05-10","BAXK22","BAX","BAX","BAX",0,"2022-05-16",0,1,0,0,0,0,0,0,0,0,0,0,0,0,0,98.065,0,0,0,"",0
"2022-05-10","BAXM22","BAX","BAX","BAX",0,"2022-06-13",0,1,97.82,97.825,24,38,0,8888,0,0.01,97.825,97.83,97.815,0,1177,97.82,191108,0,0,"",0
"2022-05-10","BAXN22","BAX","BAX","BAX",0,"2022-07-18",0,1,0,0,0,0,0,0,0,0,0,0,0,0,0,97.72,0,0,0,"",0
"2022-05-10","BAXU22","BAX","BAX","BAX",0,"2022-09-19",0,1,97.05,97.065,4,143,0,9872,0,0,97.05,97.1,97.03,0,1732,97.05,174610,0,0,"",0
"2022-05-10","BAXZ22","BAX","BAX","BAX",0,"2022-12-19",0,1,96.715,96.74,25,15,0,10787,0,0.005,96.75,96.79,96.71,0,2692,96.715,163527,0,0,"",0
"2022-05-10","BAXH23","BAX","BAX","BAX",0,"2023-03-13",0,1,96.56,96.585,125,33,0,6500,0,0.025,96.605,96.65,96.575,0,2206,96.575,133660,0,0,"",0
"2022-05-10","BAXM23","BAX","BAX","BAX",0,"2023-06-19",0,1,96.495,0,1,0,0,4627,0,0.045,96.52,96.595,96.515,0,1403,96.53,94401,0,0,"",0
"2022-05-10","BAXU23","BAX","BAX","BAX",0,"2023-09-18",0,1,96.515,96.535,10,8,0,4136,0,0.05,96.51,96.58,96.505,0,1215,96.525,72518,0,0,"",0
"2022-05-10","BAXZ23","BAX","BAX","BAX",0,"2023-12-18",0,1,96.325,96.56,1,20,0,2051,0,0.045,96.59,96.61,96.555,0,795,96.56,45845,0,0,"",0
"2022-05-10","BAXH24","BAX","BAX","BAX",0,"2024-03-18",0,1,0,0,0,0,0,1023,0,0.015,96.605,96.665,96.6,0,339,96.615,21181,0,0,"",0
"2022-05-10","BAXM24","BAX","BAX","BAX",0,"2024-06-17",0,1,0,96.64,0,25,0,345,0,-0.005,96.69,96.695,96.615,0,71,96.64,5843,0,0,"",0
"2022-05-10","BAXU24","BAX","BAX","BAX",0,"2024-09-16",0,1,0,0,0,0,0,87,0,0.02,96.72,96.725,96.67,0,18,96.665,3412,0,0,"",0
"2022-05-10","BAXZ24","BAX","BAX","BAX",0,"2024-12-16",0,1,96.5,0,1,0,0,18,0,0.005,96.715,96.725,96.675,0,7,96.685,1489,0,0,"",0
"2022-05-10","BAXH25","BAX","BAX","BAX",0,"2025-03-17",0,1,0,97.5,0,1,0,8,0,0.01,96.705,96.705,96.68,0,5,96.685,861,0,0,"",0
"2022-05-11","BAXK22","BAX","BAX","BAX",0,"2022-05-16",0,1,0,0,0,0,0,0,0,0,0,0,0,0,0,98.05,0,0,0,"",0
"2022-05-11","BAXM22","BAX","BAX","BAX",0,"2022-06-13",0,1,97.805,97.81,45,2,0,9501,0,-0.015,97.815,97.83,97.765,0,1303,97.805,191895,0,0,"",0
"2022-05-11","BAXN22","BAX","BAX","BAX",0,"2022-07-18",0,1,0,0,0,0,0,0,0,0,0,0,0,0,0,97.705,0,0,0,"",0
"2022-05-11","BAXU22","BAX","BAX","BAX",0,"2022-09-19",0,1,96.995,97.01,25,35,0,10891,0,-0.04,97.055,97.08,96.975,0,2360,97.01,173364,0,0,"",0
"2022-05-11","BAXZ22","BAX","BAX","BAX",0,"2022-12-19",0,1,96.64,96.655,6,42,0,8357,0,-0.07,96.71,96.735,96.62,0,2295,96.665,163348,0,0,"",0
"2022-05-11","BAXH23","BAX","BAX","BAX",0,"2023-03-13",0,1,96.5,96.535,50,50,0,6576,0,-0.07,96.56,96.595,96.485,0,1976,96.525,134217,0,0,"",0
"2022-05-11","BAXM23","BAX","BAX","BAX",0,"2023-06-19",0,1,96.45,96.47,10,20,0,4684,0,-0.065,96.51,96.55,96.445,0,823,96.485,94389,0,0,"",0
"2022-05-11","BAXU23","BAX","BAX","BAX",0,"2023-09-18",0,1,96.42,96.495,1,80,0,5603,0,-0.065,96.52,96.55,96.445,0,1232,96.48,72938,0,0,"",0
"2022-05-11","BAXZ23","BAX","BAX","BAX",0,"2023-12-18",0,1,96.325,98.3,1,1,0,1490,0,-0.07,96.58,96.58,96.475,0,420,96.51,46151,0,0,"",0
"2022-05-11","BAXH24","BAX","BAX","BAX",0,"2024-03-18",0,1,0,0,0,0,0,1311,0,-0.075,96.625,96.625,96.535,0,333,96.56,21141,0,0,"",0
"2022-05-11","BAXM24","BAX","BAX","BAX",0,"2024-06-17",0,1,0,0,0,0,0,324,0,-0.075,96.56,96.61,96.56,0,62,96.585,6044,0,0,"",0
"2022-05-11","BAXU24","BAX","BAX","BAX",0,"2024-09-16",0,1,0,0,0,0,0,26,0,-0.06,96.59,96.605,96.59,0,7,96.61,3433,0,0,"",0
"2022-05-11","BAXZ24","BAX","BAX","BAX",0,"2024-12-16",0,1,96.5,0,1,0,0,7,0,-0.07,96.595,96.625,96.595,0,5,96.63,1489,0,0,"",0
"2022-05-11","BAXH25","BAX","BAX","BAX",0,"2025-03-17",0,1,96.61,97.5,25,1,0,8,0,-0.065,96.58,96.62,96.58,0,6,96.63,860,0,0,"",0
"2022-05-12","BAXK22","BAX","BAX","BAX",0,"2022-05-16",0,1,0,0,0,0,0,0,0,0,0,0,0,0,0,98.085,0,0,0,"",0
"2022-05-12","BAXM22","BAX","BAX","BAX",0,"2022-06-13",0,1,97.83,97.835,16,169,0,9045,0,0.025,97.825,97.845,97.815,0,887,97.84,189063,0,0,"",0
"2022-05-12","BAXN22","BAX","BAX","BAX",0,"2022-07-18",0,1,0,0,0,0,0,0,0,0,0,0,0,0,0,97.74,0,0,0,"",0
"2022-05-12","BAXU22","BAX","BAX","BAX",0,"2022-09-19",0,1,97.005,97.1,1,13,0,8831,0,0.08,97.04,97.11,97.025,0,1706,97.11,174071,0,0,"",0
"2022-05-12","BAXZ22","BAX","BAX","BAX",0,"2022-12-19",0,1,96.76,96.765,11,30,0,9169,0,0.095,96.65,96.795,96.645,0,2392,96.785,163843,0,0,"",0
"2022-05-12","BAXH23","BAX","BAX","BAX",0,"2023-03-13",0,1,96.595,96.635,22,22,0,8384,0,0.105,96.545,96.67,96.53,0,2162,96.66,133194,0,0,"",0
"2022-05-12","BAXM23","BAX","BAX","BAX",0,"2023-06-19",0,1,0,0,0,0,0,5607,0,0.105,96.51,96.625,96.5,0,1155,96.62,93528,0,0,"",0
"2022-05-12","BAXU23","BAX","BAX","BAX",0,"2023-09-18",0,1,96.555,96.575,14,7,0,3423,0,0.09,96.54,96.605,96.51,0,925,96.61,72134,0,0,"",0
"2022-05-12","BAXZ23","BAX","BAX","BAX",0,"2023-12-18",0,1,96.57,96.625,26,10,0,2067,0,0.08,96.565,96.62,96.56,0,595,96.63,46505,0,0,"",0
"2022-05-12","BAXH24","BAX","BAX","BAX",0,"2024-03-18",0,1,0,96.68,0,5,0,1692,0,0.08,96.625,96.66,96.61,0,539,96.68,21248,0,0,"",0
"2022-05-12","BAXM24","BAX","BAX","BAX",0,"2024-06-17",0,1,0,96.705,0,1,0,290,0,0.065,96.665,96.68,96.635,0,55,96.705,6127,0,0,"",0
"2022-05-12","BAXU24","BAX","BAX","BAX",0,"2024-09-16",0,1,0,0,0,0,0,23,0,0,0,0,0,0,8,96.73,3412,0,0,"",0
"2022-05-12","BAXZ24","BAX","BAX","BAX",0,"2024-12-16",0,1,96.5,0,1,0,0,22,0,0.04,96.67,96.67,96.67,0,7,96.75,1493,0,0,"",0
"2022-05-12","BAXH25","BAX","BAX","BAX",0,"2025-03-17",0,1,0,97.5,0,1,0,1,0,0.04,96.67,96.67,96.67,0,1,96.75,856,0,0,"",0
"2022-05-13","BAXK22","BAX","BAX","BAX",0,"2022-05-16",0,1,0,0,0,0,0,0,0,0,0,0,0,0,0,98.06,0,0,0,"",0
"2022-05-13","BAXM22","BAX","BAX","BAX",0,"2022-06-13",0,1,97.815,97.82,16,15,0,8149,0,-0.025,97.835,97.84,97.81,0,1200,97.815,187312,0,0,"",0
"2022-05-13","BAXN22","BAX","BAX","BAX",0,"2022-07-18",0,1,0,0,0,0,0,0,0,0,0,0,0,0,0,97.715,0,0,0,"",0
"2022-05-13","BAXU22","BAX","BAX","BAX",0,"2022-09-19",0,1,97.095,97.105,28,47,0,7507,0,-0.01,97.085,97.11,97.065,0,2081,97.105,174593,0,0,"",0
"2022-05-13","BAXZ22","BAX","BAX","BAX",0,"2022-12-19",0,1,96.76,96.77,4,24,0,10112,0,-0.02,96.755,96.79,96.715,0,2579,96.775,164559,0,0,"",0
"2022-05-13","BAXH23","BAX","BAX","BAX",0,"2023-03-13",0,1,96.615,96.645,50,50,0,8275,0,-0.035,96.625,96.645,96.58,0,2072,96.635,134461,0,0,"",0
"2022-05-13","BAXM23","BAX","BAX","BAX",0,"2023-06-19",0,1,96.565,96.59,5,50,0,3015,0,-0.05,96.58,96.6,96.535,0,639,96.585,95300,0,0,"",0
"2022-05-13","BAXU23","BAX","BAX","BAX",0,"2023-09-18",0,1,96.545,96.55,12,13,0,1813,0,-0.06,96.575,96.575,96.52,0,456,96.565,71517,0,0,"",0
"2022-05-13","BAXZ23","BAX","BAX","BAX",0,"2023-12-18",0,1,96.325,98.3,1,1,0,809,0,-0.07,96.59,96.59,96.535,0,320,96.58,46565,0,0,"",0
"2022-05-13","BAXH24","BAX","BAX","BAX",0,"2024-03-18",0,1,96.6,96.605,1,6,0,1429,0,-0.08,96.645,96.645,96.575,0,365,96.61,20593,0,0,"",0
"2022-05-13","BAXM24","BAX","BAX","BAX",0,"2024-06-17",0,1,0,96.705,0,1,0,156,0,-0.085,96.655,96.655,96.595,0,39,96.63,6178,0,0,"",0
"2022-05-13","BAXU24","BAX","BAX","BAX",0,"2024-09-16",0,1,0,0,0,0,0,32,0,-0.105,96.62,96.625,96.61,0,5,96.655,3375,0,0,"",0
"2022-05-13","BAXZ24","BAX","BAX","BAX",0,"2024-12-16",0,1,96.5,0,1,0,0,15,0,0,0,0,0,0,2,96.675,1474,0,0,"",0
"2022-05-13","BAXH25","BAX","BAX","BAX",0,"2025-03-17",0,1,0,97.5,0,1,0,0,0,0,0,0,0,0,0,96.675,855,0,0,"",0
"2022-05-16","BAXK22","BAX","BAX","BAX",0,"2022-05-16",0,1,0,0,0,0,0,0,0,0,0,0,0,0,0,98.022,0,0,0,"",0
"2022-05-16","BAXM22","BAX","BAX","BAX",0,"2022-06-13",0,1,97.81,97.815,15,228,0,7755,0,-0.005,97.81,97.82,97.8,0,446,97.815,187039,0,0,"",0
"2022-05-16","BAXN22","BAX","BAX","BAX",0,"2022-07-18",0,1,0,0,0,0,0,0,0,0,0,0,0,0,0,97.715,0,0,0,"",0
"2022-05-16","BAXU22","BAX","BAX","BAX",0,"2022-09-19",0,1,97.07,97.105,10,27,0,9600,0,-0.005,97.105,97.135,97.09,0,1547,97.115,174963,0,0,"",0
"2022-05-16","BAXZ22","BAX","BAX","BAX",0,"2022-12-19",0,1,96.79,96.795,37,84,0,9884,0,0.02,96.79,96.82,96.75,0,1740,96.805,166335,0,0,"",0
"2022-05-16","BAXH23","BAX","BAX","BAX",0,"2023-03-13",0,1,96.66,96.665,89,51,0,5396,0,0.03,96.65,96.7,96.615,0,1521,96.67,134514,0,0,"",0
"2022-05-16","BAXM23","BAX","BAX","BAX",0,"2023-06-19",0,1,96.61,96.62,10,16,0,3578,0,0.035,96.56,96.645,96.555,0,817,96.62,93335,0,0,"",0
"2022-05-16","BAXU23","BAX","BAX","BAX",0,"2023-09-18",0,1,96.58,96.595,36,8,0,2397,0,0.025,96.575,96.625,96.55,0,597,96.6,70502,0,0,"",0
"2022-05-16","BAXZ23","BAX","BAX","BAX",0,"2023-12-18",0,1,96.325,96.605,1,11,0,1200,0,0.015,96.575,96.64,96.565,0,479,96.615,46686,0,0,"",0
"2022-05-16","BAXH24","BAX","BAX","BAX",0,"2024-03-18",0,1,0,96.645,0,6,0,821,0,0.025,96.61,96.67,96.6,0,329,96.645,20756,0,0,"",0
"2022-05-16","BAXM24","BAX","BAX","BAX",0,"2024-06-17",0,1,0,0,0,0,0,140,0,0.025,96.64,96.685,96.61,0,29,96.66,6153,0,0,"",0
"2022-05-16","BAXU24","BAX","BAX","BAX",0,"2024-09-16",0,1,0,0,0,0,0,152,0,0.035,96.635,96.71,96.625,0,32,96.685,3347,0,0,"",0
"2022-05-16","BAXZ24","BAX","BAX","BAX",0,"2024-12-16",0,1,96.5,0,1,0,0,30,0,0.065,96.74,96.74,96.74,0,4,96.705,1474,0,0,"",0
"2022-05-16","BAXH25","BAX","BAX","BAX",0,"2025-03-17",0,1,0,97.5,0,1,0,1,0,0.1,96.775,96.775,96.775,0,1,96.705,855,0,0,"",0
"2022-05-17","BAXM22","BAX","BAX","BAX",0,"2022-06-13",0,1,97.785,97.79,77,81,0,8495,0,-0.03,97.79,97.805,97.775,0,1226,97.785,186995,0,0,"",0
"2022-05-17","BAXN22","BAX","BAX","BAX",0,"2022-07-18",0,1,0,0,0,0,0,0,0,0,0,0,0,0,0,97.685,0,0,0,"",0
"2022-05-17","BAXQ22","BAX","BAX","BAX",0,"2022-08-15",0,1,0,0,0,0,0,0,0,0,0,0,0,0,0,97.57,0,0,0,"",0
"2022-05-17","BAXU22","BAX","BAX","BAX",0,"2022-09-19",0,1,96.99,97.03,30,25,0,12822,0,-0.125,97.09,97.095,96.985,0,2265,97.01,173920,0,0,"",0
"2022-05-17","BAXZ22","BAX","BAX","BAX",0,"2022-12-19",0,1,96.655,96.695,25,5,0,12694,0,-0.145,96.78,96.79,96.66,0,2337,96.69,166600,0,0,"",0
"2022-05-17","BAXH23","BAX","BAX","BAX",0,"2023-03-13",0,1,96.52,0,1,0,0,12005,0,-0.145,96.65,96.65,96.515,0,2163,96.55,134780,0,0,"",0
"2022-05-17","BAXM23","BAX","BAX","BAX",0,"2023-06-19",0,1,96.46,96.48,25,20,0,5690,0,-0.15,96.59,96.605,96.46,0,1123,96.495,94254,0,0,"",0
"2022-05-17","BAXU23","BAX","BAX","BAX",0,"2023-09-18",0,1,96.455,0,47,0,0,5284,0,-0.145,96.565,96.58,96.45,0,1412,96.48,70462,0,0,"",0
"2022-05-17","BAXZ23","BAX","BAX","BAX",0,"2023-12-18",0,1,96.325,96.595,1,5,0,4395,0,-0.14,96.55,96.575,96.475,0,1085,96.495,47156,0,0,"",0
"2022-05-17","BAXH24","BAX","BAX","BAX",0,"2024-03-18",0,1,0,0,0,0,0,1351,0,-0.13,96.59,96.61,96.515,0,356,96.525,20272,0,0,"",0
"2022-05-17","BAXM24","BAX","BAX","BAX",0,"2024-06-17",0,1,0,96.665,0,5,0,276,0,-0.1,96.6,96.61,96.56,0,64,96.54,6204,0,0,"",0
"2022-05-17","BAXU24","BAX","BAX","BAX",0,"2024-09-16",0,1,0,0,0,0,0,333,0,-0.1,96.645,96.645,96.585,0,245,96.565,3295,0,0,"",0
"2022-05-17","BAXZ24","BAX","BAX","BAX",0,"2024-12-16",0,1,96.5,0,1,0,0,29,0,0,0,0,0,0,2,96.585,1472,0,0,"",0
"2022-05-17","BAXH25","BAX","BAX","BAX",0,"2025-03-17",0,1,0,97.5,0,1,0,5,0,0,0,0,0,0,1,96.585,855,0,0,"",0
"2022-05-18","BAXM22","BAX","BAX","BAX",0,"2022-06-13",0,1,97.75,97.76,37,99,0,14982,0,-0.03,97.79,97.795,97.735,0,971,97.745,186407,0,0,"",0
"2022-05-18","BAXN22","BAX","BAX","BAX",0,"2022-07-18",0,1,0,0,0,0,0,0,0,0,0,0,0,0,0,97.645,0,0,0,"",0
"2022-05-18","BAXQ22","BAX","BAX","BAX",0,"2022-08-15",0,1,0,0,0,0,0,0,0,0,0,0,0,0,0,97.53,0,0,0,"",0
"2022-05-18","BAXU22","BAX","BAX","BAX",0,"2022-09-19",0,1,96.97,96.98,1,1,0,9837,0,-0.035,97.01,97.01,96.925,0,1515,96.96,176059,0,0,"",0
"2022-05-18","BAXZ22","BAX","BAX","BAX",0,"2022-12-19",0,1,96.63,98.145,57,2,0,9923,0,-0.035,96.7,96.7,96.58,0,2694,96.64,168437,0,0,"",0
"2022-05-18","BAXH23","BAX","BAX","BAX",0,"2023-03-13",0,1,96.52,0,1,0,0,6461,0,-0.015,96.555,96.555,96.43,0,1871,96.51,137476,0,0,"",0
"2022-05-18","BAXM23","BAX","BAX","BAX",0,"2023-06-19",0,1,96.48,96.645,25,150,0,6354,0,0.005,96.51,96.51,96.39,0,1040,96.49,94090,0,0,"",0
"2022-05-18","BAXU23","BAX","BAX","BAX",0,"2023-09-18",0,1,96.49,96.515,14,7,0,7137,0,0.025,96.485,96.52,96.385,0,1166,96.5,70687,0,0,"",0
"2022-05-18","BAXZ23","BAX","BAX","BAX",0,"2023-12-18",0,1,96.52,98.3,100,1,0,4117,0,0.03,96.46,96.55,96.42,0,987,96.525,48962,0,0,"",0
"2022-05-18","BAXH24","BAX","BAX","BAX",0,"2024-03-18",0,1,0,0,0,0,0,2167,0,0.035,96.49,96.58,96.475,0,540,96.555,20234,0,0,"",0
"2022-05-18","BAXM24","BAX","BAX","BAX",0,"2024-06-17",0,1,0,0,0,0,0,618,0,0.025,96.505,96.6,96.49,0,66,96.57,6427,0,0,"",0
"2022-05-18","BAXU24","BAX","BAX","BAX",0,"2024-09-16",0,1,0,0,0,0,0,147,0,0.035,96.53,96.6,96.53,0,15,96.595,3366,0,0,"",0
"2022-05-18","BAXZ24","BAX","BAX","BAX",0,"2024-12-16",0,1,96.5,0,1,0,0,11,0,0.03,96.615,96.615,96.615,0,3,96.615,1472,0,0,"",0
"2022-05-18","BAXH25","BAX","BAX","BAX",0,"2025-03-17",0,1,0,97.5,0,1,0,0,0,0,0,0,0,0,0,96.615,850,0,0,"",0
"2022-05-19","BAXM22","BAX","BAX","BAX",0,"2022-06-13",0,1,97.755,97.76,13,542,0,10079,0,0.015,97.765,97.8,97.75,0,675,97.76,186665,0,0,"",0
"2022-05-19","BAXN22","BAX","BAX","BAX",0,"2022-07-18",0,1,0,0,0,0,0,0,0,0,0,0,0,0,0,97.66,0,0,0,"",0
"2022-05-19","BAXQ22","BAX","BAX","BAX",0,"2022-08-15",0,1,0,0,0,0,0,0,0,0,0,0,0,0,0,97.545,0,0,0,"",0
"2022-05-19","BAXU22","BAX","BAX","BAX",0,"2022-09-19",0,1,96.98,96.995,6,6,0,4396,0,0.025,96.98,97.035,96.96,0,813,96.975,168038,0,0,"",0
"2022-05-19","BAXZ22","BAX","BAX","BAX",0,"2022-12-19",0,1,96.68,96.7,24,144,0,7087,0,0.045,96.655,96.74,96.645,0,1830,96.68,160040,0,0,"",0
"2022-05-19","BAXH23","BAX","BAX","BAX",0,"2023-03-13",0,1,96.575,96.585,70,39,0,5438,0,0.07,96.525,96.645,96.515,0,1065,96.575,130110,0,0,"",0
"2022-05-19","BAXM23","BAX","BAX","BAX",0,"2023-06-19",0,1,96.565,96.58,31,26,0,3725,0,0.075,96.485,96.625,96.475,0,624,96.565,93768,0,0,"",0
"2022-05-19","BAXU23","BAX","BAX","BAX",0,"2023-09-18",0,1,96.58,96.595,89,11,0,2900,0,0.085,96.485,96.635,96.485,0,486,96.585,71265,0,0,"",0
"2022-05-19","BAXZ23","BAX","BAX","BAX",0,"2023-12-18",0,1,96.535,96.635,125,10,0,1993,0,0.105,96.495,96.675,96.49,0,533,96.62,48872,0,0,"",0
"2022-05-19","BAXH24","BAX","BAX","BAX",0,"2024-03-18",0,1,0,96.655,0,10,0,1018,0,0.1,96.585,96.695,96.585,0,317,96.655,20792,0,0,"",0
"2022-05-19","BAXM24","BAX","BAX","BAX",0,"2024-06-17",0,1,0,0,0,0,0,207,0,0.095,96.67,96.71,96.665,0,42,96.67,6586,0,0,"",0
"2022-05-19","BAXU24","BAX","BAX","BAX",0,"2024-09-16",0,1,0,0,0,0,0,23,0,0.1,96.695,96.695,96.695,0,7,96.69,3365,0,0,"",0
"2022-05-19","BAXZ24","BAX","BAX","BAX",0,"2024-12-16",0,1,96.5,0,1,0,0,0,0,0,0,0,0,0,0,96.71,1482,0,0,"",0
"2022-05-19","BAXH25","BAX","BAX","BAX",0,"2025-03-17",0,1,0,97.5,0,1,0,0,0,0,0,0,0,0,0,96.71,850,0,0,"",0
"2022-05-20","BAXM22","BAX","BAX","BAX",0,"2022-06-13",0,1,97.765,97.77,344,1,0,5788,0,0.01,97.755,97.78,97.755,0,428,97.77,180268,0,0,"",0
"2022-05-20","BAXN22","BAX","BAX","BAX",0,"2022-07-18",0,1,0,0,0,0,0,0,0,0,0,0,0,0,0,97.67,0,0,0,"",0
"2022-05-20","BAXQ22","BAX","BAX","BAX",0,"2022-08-15",0,1,0,0,0,0,0,0,0,0,0,0,0,0,0,97.555,0,0,0,"",0
"2022-05-20","BAXU22","BAX","BAX","BAX",0,"2022-09-19",0,1,97.025,97.065,18,25,0,3584,0,0.055,96.975,97.03,96.975,0,663,97.025,165251,0,0,"",0
"2022-05-20","BAXZ22","BAX","BAX","BAX",0,"2022-12-19",0,1,96.73,96.81,4,5,0,3745,0,0.05,96.66,96.745,96.645,0,1205,96.73,160389,0,0,"",0
"2022-05-20","BAXH23","BAX","BAX","BAX",0,"2023-03-13",0,1,96.635,96.655,1,1,0,3549,0,0.075,96.57,96.65,96.535,0,932,96.63,129953,0,0,"",0
"2022-05-20","BAXM23","BAX","BAX","BAX",0,"2023-06-19",0,1,96.64,96.645,23,103,0,2752,0,0.08,96.555,96.645,96.55,0,494,96.63,93828,0,0,"",0
"2022-05-20","BAXU23","BAX","BAX","BAX",0,"2023-09-18",0,1,96.275,0,1,0,0,2566,0,0.095,96.575,96.685,96.575,0,601,96.66,68356,0,0,"",0
"2022-05-20","BAXZ23","BAX","BAX","BAX",0,"2023-12-18",0,1,96.73,96.765,10,31,0,2344,0,0.115,96.62,96.735,96.62,0,738,96.715,48392,0,0,"",0
"2022-05-20","BAXH24","BAX","BAX","BAX",0,"2024-03-18",0,1,96.77,0,16,0,0,952,0,0.115,96.665,96.775,96.665,0,293,96.75,19950,0,0,"",0
"2022-05-20","BAXM24","BAX","BAX","BAX",0,"2024-06-17",0,1,0,0,0,0,0,283,0,0.105,96.705,96.775,96.7,0,83,96.765,6682,0,0,"",0
"2022-05-20","BAXU24","BAX","BAX","BAX",0,"2024-09-16",0,1,0,0,0,0,0,149,0,0.04,96.71,96.73,96.71,0,40,96.78,3383,0,0,"",0
"2022-05-20","BAXZ24","BAX","BAX","BAX",0,"2024-12-16",0,1,96.5,0,1,0,0,0,0,0,0,0,0,0,0,96.8,1482,0,0,"",0
"2022-05-20","BAXH25","BAX","BAX","BAX",0,"2025-03-17",0,1,0,97.5,0,1,0,0,0,0,0,0,0,0,0,96.8,850,0,0,"",0
"2022-05-24","BAXM22","BAX","BAX","BAX",0,"2022-06-13",0,1,97.78,97.79,221,161,0,12603,0,0.015,97.75,97.8,97.74,0,1293,97.78,177914,0,0,"",0
"2022-05-24","BAXN22","BAX","BAX","BAX",0,"2022-07-18",0,1,0,0,0,0,0,0,0,0,0,0,0,0,0,97.68,0,0,0,"",0
"2022-05-24","BAXQ22","BAX","BAX","BAX",0,"2022-08-15",0,1,0,0,0,0,0,0,0,0,0,0,0,0,0,97.565,0,0,0,"",0
"2022-05-24","BAXU22","BAX","BAX","BAX",0,"2022-09-19",0,1,97.105,97.115,1,375,0,7039,0,0.085,96.985,97.125,96.965,0,2413,97.115,165233,0,0,"",0
"2022-05-24","BAXZ22","BAX","BAX","BAX",0,"2022-12-19",0,1,96.7,96.855,25,20,0,12705,0,0.12,96.69,96.865,96.67,0,2979,96.85,160681,0,0,"",0
"2022-05-24","BAXH23","BAX","BAX","BAX",0,"2023-03-13",0,1,0,96.765,0,20,0,10259,0,0.13,96.58,96.785,96.58,0,2133,96.765,130290,0,0,"",0
"2022-05-24","BAXM23","BAX","BAX","BAX",0,"2023-06-19",0,1,96.56,96.745,20,12,0,5922,0,0.115,96.56,96.77,96.56,0,1342,96.76,93286,0,0,"",0
"2022-05-24","BAXU23","BAX","BAX","BAX",0,"2023-09-18",0,1,96.675,96.775,1,19,0,3568,0,0.1,96.6,96.79,96.6,0,986,96.78,68358,0,0,"",0
"2022-05-24","BAXZ23","BAX","BAX","BAX",0,"2023-12-18",0,1,96.325,96.805,1,10,0,2891,0,0.08,96.655,96.825,96.655,0,1235,96.81,49048,0,0,"",0
"2022-05-24","BAXH24","BAX","BAX","BAX",0,"2024-03-18",0,1,0,96.825,0,3,0,1886,0,0.075,96.75,96.85,96.75,0,540,96.84,20384,0,0,"",0
"2022-05-24","BAXM24","BAX","BAX","BAX",0,"2024-06-17",0,1,0,0,0,0,0,601,0,0.07,96.765,96.845,96.76,0,145,96.85,6722,0,0,"",0
"2022-05-24","BAXU24","BAX","BAX","BAX",0,"2024-09-16",0,1,0,0,0,0,0,164,0,0.075,96.845,96.855,96.845,0,28,96.865,3393,0,0,"",0
"2022-05-24","BAXZ24","BAX","BAX","BAX",0,"2024-12-16",0,1,96.5,0,1,0,0,91,0,0.055,96.865,96.865,96.855,0,11,96.885,1482,0,0,"",0
"2022-05-24","BAXH25","BAX","BAX","BAX",0,"2025-03-17",0,1,0,97.5,0,1,0,0,0,0,0,0,0,0,0,96.885,850,0,0,"",0
"2022-05-25","BAXM22","BAX","BAX","BAX",0,"2022-06-13",0,1,97.78,97.785,90,78,0,6898,0,0.005,97.79,97.8,97.77,0,953,97.78,177824,0,0,"",0
"2022-05-25","BAXN22","BAX","BAX","BAX",0,"2022-07-18",0,1,0,0,0,0,0,0,0,0,0,0,0,0,0,97.68,0,0,0,"",0
"2022-05-25","BAXQ22","BAX","BAX","BAX",0,"2022-08-15",0,1,0,0,0,0,0,0,0,0,0,0,0,0,0,97.565,0,0,0,"",0
"2022-05-25","BAXU22","BAX","BAX","BAX",0,"2022-09-19",0,1,97.145,97.15,1,7,0,8784,0,0.03,97.125,97.16,97.105,0,2633,97.145,167472,0,0,"",0
"2022-05-25","BAXZ22","BAX","BAX","BAX",0,"2022-12-19",0,1,96.88,96.885,10,21,0,8233,0,0.035,96.85,96.9,96.84,0,2254,96.89,163372,0,0,"",0
"2022-05-25","BAXH23","BAX","BAX","BAX",0,"2023-03-13",0,1,96.765,96.815,25,35,0,8945,0,0.035,96.755,96.815,96.75,0,2029,96.81,130840,0,0,"",0
"2022-05-25","BAXM23","BAX","BAX","BAX",0,"2023-06-19",0,1,0,96.79,0,50,0,3992,0,0.035,96.74,96.815,96.74,0,1019,96.805,94005,0,0,"",0
"2022-05-25","BAXU23","BAX","BAX","BAX",0,"2023-09-18",0,1,96.275,96.825,1,16,0,5154,0,0.025,96.755,96.83,96.755,0,980,96.825,68988,0,0,"",0
"2022-05-25","BAXZ23","BAX","BAX","BAX",0,"2023-12-18",0,1,96.82,96.86,55,21,0,2438,0,0.015,96.82,96.855,96.815,0,690,96.845,48694,0,0,"",0
"2022-05-25","BAXH24","BAX","BAX","BAX",0,"2024-03-18",0,1,0,96.86,0,21,0,1549,0,0.015,96.845,96.885,96.84,0,388,96.86,19889,0,0,"",0
"2022-05-25","BAXM24","BAX","BAX","BAX",0,"2024-06-17",0,1,0,0,0,0,0,97,0,0.005,96.88,96.88,96.855,0,20,96.86,6693,0,0,"",0
"2022-05-25","BAXU24","BAX","BAX","BAX",0,"2024-09-16",0,1,0,0,0,0,0,75,0,0,96.875,96.875,96.865,0,25,96.875,3424,0,0,"",0
"2022-05-25","BAXZ24","BAX","BAX","BAX",0,"2024-12-16",0,1,96.5,0,1,0,0,52,0,-0.01,96.87,96.88,96.865,0,8,96.895,1473,0,0,"",0
"2022-05-25","BAXH25","BAX","BAX","BAX",0,"2025-03-17",0,1,0,97.5,0,1,0,0,0,0,0,0,0,0,0,96.895,850,0,0,"",0
"2022-05-26","BAXM22","BAX","BAX","BAX",0,"2022-06-13",0,1,97.775,97.78,321,26,0,13234,0,-0.005,97.785,97.79,97.775,0,1929,97.78,176249,0,0,"",0
"2022-05-26","BAXN22","BAX","BAX","BAX",0,"2022-07-18",0,1,0,0,0,0,0,0,0,0,0,0,0,0,0,97.68,0,0,0,"",0
"2022-05-26","BAXQ22","BAX","BAX","BAX",0,"2022-08-15",0,1,0,0,0,0,0,0,0,0,0,0,0,0,0,97.565,0,0,0,"",0
"2022-05-26","BAXU22","BAX","BAX","BAX",0,"2022-09-19",0,1,97.15,97.16,30,108,0,11259,0,0.005,97.135,97.195,97.135,0,2986,97.15,166989,0,0,"",0
"2022-05-26","BAXZ22","BAX","BAX","BAX",0,"2022-12-19",0,1,96.89,96.9,11,66,0,11726,0,0.005,96.87,96.95,96.86,0,3126,96.895,161896,0,0,"",0
"2022-05-26","BAXH23","BAX","BAX","BAX",0,"2023-03-13",0,1,96.8,96.815,10,42,0,8667,0,-0.005,96.795,96.87,96.79,0,2561,96.81,131140,0,0,"",0
"2022-05-26","BAXM23","BAX","BAX","BAX",0,"2023-06-19",0,1,96.78,96.795,25,65,0,5375,0,-0.015,96.78,96.86,96.755,0,1054,96.795,94215,0,0,"",0
"2022-05-26","BAXU23","BAX","BAX","BAX",0,"2023-09-18",0,1,96.8,96.83,1,24,0,4785,0,-0.02,96.78,96.875,96.78,0,940,96.805,70090,0,0,"",0
"2022-05-26","BAXZ23","BAX","BAX","BAX",0,"2023-12-18",0,1,96.82,96.875,9,3,0,1459,0,-0.015,96.825,96.89,96.82,0,306,96.825,48709,0,0,"",0
"2022-05-26","BAXH24","BAX","BAX","BAX",0,"2024-03-18",0,1,0,96.86,0,11,0,3491,0,-0.015,96.84,96.9,96.82,0,720,96.845,20420,0,0,"",0
"2022-05-26","BAXM24","BAX","BAX","BAX",0,"2024-06-17",0,1,0,96.945,0,2,0,213,0,0,96.87,96.91,96.855,0,46,96.845,6740,0,0,"",0
"2022-05-26","BAXU24","BAX","BAX","BAX",0,"2024-09-16",0,1,0,0,0,0,0,191,0,-0.005,96.89,96.92,96.87,0,42,96.86,3468,0,0,"",0
"2022-05-26","BAXZ24","BAX","BAX","BAX",0,"2024-12-16",0,1,96.5,0,1,0,0,6,0,-0.05,96.845,96.845,96.845,0,3,96.875,1482,0,0,"",0
"2022-05-26","BAXH25","BAX","BAX","BAX",0,"2025-03-17",0,1,0,97.5,0,1,0,0,0,0,0,0,0,0,0,96.875,850,0,0,"",0
"2022-05-27","BAXM22","BAX","BAX","BAX",0,"2022-06-13",0,1,97.78,97.785,25,99,0,10096,0,0.005,97.775,97.8,97.775,0,1264,97.78,179734,0,0,"",0
"2022-05-27","BAXN22","BAX","BAX","BAX",0,"2022-07-18",0,1,0,0,0,0,0,0,0,0,0,0,0,0,0,97.68,0,0,0,"",0
"2022-05-27","BAXQ22","BAX","BAX","BAX",0,"2022-08-15",0,1,0,0,0,0,0,0,0,0,0,0,0,0,0,97.565,0,0,0,"",0
"2022-05-27","BAXU22","BAX","BAX","BAX",0,"2022-09-19",0,1,97.155,97.18,115,40,0,7659,0,0.03,97.145,97.2,97.145,0,2129,97.175,163995,0,0,"",0
"2022-05-27","BAXZ22","BAX","BAX","BAX",0,"2022-12-19",0,1,96.89,96.91,29,105,0,8596,0,0.01,96.905,96.93,96.875,0,2067,96.905,164363,0,0,"",0
"2022-05-27","BAXH23","BAX","BAX","BAX",0,"2023-03-13",0,1,0,96.815,0,62,0,6128,0,0,96.78,96.845,96.6,0,1822,96.81,130698,0,0,"",0
"2022-05-27","BAXM23","BAX","BAX","BAX",0,"2023-06-19",0,1,96.655,96.79,30,43,0,4376,0,-0.01,96.58,96.82,96.56,0,985,96.79,95219,0,0,"",0
"2022-05-27","BAXU23","BAX","BAX","BAX",0,"2023-09-18",0,1,96.275,96.8,1,48,0,2126,0,-0.005,96.285,96.83,96.285,0,570,96.8,71030,0,0,"",0
"2022-05-27","BAXZ23","BAX","BAX","BAX",0,"2023-12-18",0,1,96.8,96.85,48,21,0,1437,0,-0.005,96.78,96.845,96.78,0,377,96.82,48376,0,0,"",0
"2022-05-27","BAXH24","BAX","BAX","BAX",0,"2024-03-18",0,1,0,96.855,0,150,0,2474,0,-0.005,96.795,96.86,96.795,0,534,96.84,21855,0,0,"",0
"2022-05-27","BAXM24","BAX","BAX","BAX",0,"2024-06-17",0,1,0,0,0,0,0,217,0,0.005,96.845,96.85,96.81,0,22,96.84,6704,0,0,"",0
"2022-05-27","BAXU24","BAX","BAX","BAX",0,"2024-09-16",0,1,0,0,0,0,0,116,0,-0.005,96.865,96.865,96.855,0,19,96.85,3571,0,0,"",0
"2022-05-27","BAXZ24","BAX","BAX","BAX",0,"2024-12-16",0,1,96.5,0,1,0,0,10,0,-0.005,96.87,96.87,96.87,0,1,96.865,1488,0,0,"",0
"2022-05-27","BAXH25","BAX","BAX","BAX",0,"2025-03-17",0,1,0,97.5,0,1,0,0,0,0,0,0,0,0,0,96.865,850,0,0,"",0
"2022-05-30","BAXM22","BAX","BAX","BAX",0,"2022-06-13",0,1,97.76,97.765,695,62,0,5357,0,-0.015,97.785,97.785,97.76,0,982,97.765,178619,0,0,"",0
"2022-05-30","BAXN22","BAX","BAX","BAX",0,"2022-07-18",0,1,0,0,0,0,0,0,0,0,0,0,0,0,0,97.665,0,0,0,"",0
"2022-05-30","BAXQ22","BAX","BAX","BAX",0,"2022-08-15",0,1,0,0,0,0,0,0,0,0,0,0,0,0,0,97.55,0,0,0,"",0
"2022-05-30","BAXU22","BAX","BAX","BAX",0,"2022-09-19",0,1,97.135,97.14,126,5,0,3687,0,-0.035,97.13,97.16,97.12,0,899,97.14,158605,0,0,"",0
"2022-05-30","BAXZ22","BAX","BAX","BAX",0,"2022-12-19",0,1,96.83,96.835,25,25,0,3247,0,-0.07,96.88,96.88,96.83,0,1052,96.85,163172,0,0,"",0
"2022-05-30","BAXH23","BAX","BAX","BAX",0,"2023-03-13",0,1,96.725,96.735,25,1,0,2399,0,-0.075,96.755,96.76,96.725,0,501,96.75,126063,0,0,"",0
"2022-05-30","BAXM23","BAX","BAX","BAX",0,"2023-06-19",0,1,96.715,96.725,28,100,0,2660,0,-0.07,96.74,96.74,96.71,0,985,96.725,96666,0,0,"",0
"2022-05-30","BAXU23","BAX","BAX","BAX",0,"2023-09-18",0,1,96.275,96.745,1,1,0,1129,0,-0.06,96.755,96.755,96.725,0,272,96.745,68793,0,0,"",0
"2022-05-30","BAXZ23","BAX","BAX","BAX",0,"2023-12-18",0,1,96.325,96.785,1,10,0,495,0,-0.055,96.8,96.8,96.74,0,135,96.765,47960,0,0,"",0
"2022-05-30","BAXH24","BAX","BAX","BAX",0,"2024-03-18",0,1,96.77,96.795,1,37,0,341,0,-0.05,96.825,96.825,96.765,0,83,96.785,22995,0,0,"",0
"2022-05-30","BAXM24","BAX","BAX","BAX",0,"2024-06-17",0,1,0,0,0,0,0,36,0,-0.055,96.79,96.79,96.785,0,10,96.785,6176,0,0,"",0
"2022-05-30","BAXU24","BAX","BAX","BAX",0,"2024-09-16",0,1,0,0,0,0,0,0,0,0,0,0,0,0,0,96.795,3351,0,0,"",0
"2022-05-30","BAXZ24","BAX","BAX","BAX",0,"2024-12-16",0,1,96.5,0,1,0,0,0,0,0,0,0,0,0,0,96.81,1495,0,0,"",0
"2022-05-30","BAXH25","BAX","BAX","BAX",0,"2025-03-17",0,1,0,97.5,0,1,0,0,0,0,0,0,0,0,0,96.81,850,0,0,"",0
"2022-05-31","BAXM22","BAX","BAX","BAX",0,"2022-06-13",0,1,97.76,97.77,11,286,0,8776,0,0,97.76,97.785,97.75,0,795,97.765,177420,0,0,"",0
"2022-05-31","BAXN22","BAX","BAX","BAX",0,"2022-07-18",0,1,0,0,0,0,0,0,0,0,0,0,0,0,0,97.665,0,0,0,"",0
"2022-05-31","BAXQ22","BAX","BAX","BAX",0,"2022-08-15",0,1,0,0,0,0,0,0,0,0,0,0,0,0,0,97.55,0,0,0,"",0
"2022-05-31","BAXU22","BAX","BAX","BAX",0,"2022-09-19",0,1,97.08,97.085,59,79,0,9468,0,-0.055,97.13,97.145,97.075,0,2289,97.095,158072,0,0,"",0
"2022-05-31","BAXZ22","BAX","BAX","BAX",0,"2022-12-19",0,1,96.76,96.775,14,25,0,9109,0,-0.09,96.82,96.835,96.74,0,2318,96.78,162472,0,0,"",0
"2022-05-31","BAXH23","BAX","BAX","BAX",0,"2023-03-13",0,1,96.54,96.83,3,10,0,8224,0,-0.075,96.83,96.77,96.635,0,2251,96.68,124589,0,0,"",0
"2022-05-31","BAXM23","BAX","BAX","BAX",0,"2023-06-19",0,1,96.55,0,10,0,0,6663,0,-0.07,96.665,96.71,96.615,0,1405,96.655,96589,0,0,"",0
"2022-05-31","BAXU23","BAX","BAX","BAX",0,"2023-09-18",0,1,96.395,96.785,3,3,0,7412,0,-0.07,96.725,96.74,96.445,0,1440,96.68,67257,0,0,"",0
"2022-05-31","BAXZ23","BAX","BAX","BAX",0,"2023-12-18",0,1,96.325,96.73,1,25,0,1715,0,-0.07,96.75,96.75,96.665,0,461,96.7,47858,0,0,"",0
"2022-05-31","BAXH24","BAX","BAX","BAX",0,"2024-03-18",0,1,0,96.755,0,25,0,2131,0,-0.06,96.77,96.785,96.69,0,565,96.72,22986,0,0,"",0
"2022-05-31","BAXM24","BAX","BAX","BAX",0,"2024-06-17",0,1,0,0,0,0,0,826,0,-0.05,96.765,96.77,96.73,0,192,96.72,6181,0,0,"",0
"2022-05-31","BAXU24","BAX","BAX","BAX",0,"2024-09-16",0,1,0,0,0,0,0,38,0,-0.05,96.765,96.765,96.745,0,19,96.73,3291,0,0,"",0
"2022-05-31","BAXZ24","BAX","BAX","BAX",0,"2024-12-16",0,1,96.5,0,1,0,0,8,0,-0.045,96.765,96.765,96.765,0,4,96.745,1495,0,0,"",0
"2022-05-31","BAXH25","BAX","BAX","BAX",0,"2025-03-17",0,1,0,97.5,0,1,0,0,0,0,0,0,0,0,0,96.745,850,0,0,"",0