"Date","Symbol","Class Symbol","Root Symbol","Underlying Symbol","Strike Price","Expiry Date","Call/Put","Ins. Type","Bid Price","Ask Price","Bid Size","Ask Size","Last Price","Volume","Last Close Price","Net Change","Open Price","High Price","Low Price","Total Value","Nb. Trades","Settlement Price","Open Interest","Implied Volatility","Accrued Financing Value","Accrued Financing Date","CORRA Rate"
"2022-06-01","BAXM22","BAX","BAX","BAX",0,"2022-06-13",0,1,97.705,97.71,70,197,0,26007,0,-0.06,97.765,97.77,97.69,0,1424,97.7,180080,0,0,"",0
"2022-06-01","BAXN22","BAX","BAX","BAX",0,"2022-07-18",0,1,0,0,0,0,0,0,0,0,0,0,0,0,0,97.6,0,0,0,"",0
"2022-06-01","BAXQ22","BAX","BAX","BAX",0,"2022-08-15",0,1,0,0,0,0,0,0,0,0,0,0,0,0,0,97.485,0,0,0,"",0
"2022-06-01","BAXU22","BAX","BAX","BAX",0,"2022-09-19",0,1,96.93,96.94,25,9,0,12819,0,-0.16,97.07,97.07,96.905,0,2484,96.935,159046,0,0,"",0
"2022-06-01","BAXZ22","BAX","BAX","BAX",0,"2022-12-19",0,1,96.6,96.62,10,50,0,14621,0,-0.175,96.775,96.775,96.525,0,3600,96.61,165510,0,0,"",0
"2022-06-01","BAXH23","BAX","BAX","BAX",0,"2023-03-13",0,1,96.495,96.515,25,53,0,15389,0,-0.17,96.67,96.67,96.395,0,2956,96.505,126017,0,0,"",0
"2022-06-01","BAXM23","BAX","BAX","BAX",0,"2023-06-19",0,1,96.39,96.635,20,10,0,8401,0,-0.16,96.65,96.65,96.465,0,2026,96.49,96325,0,0,"",0
"2022-06-01","BAXU23","BAX","BAX","BAX",0,"2023-09-18",0,1,96.525,96.53,33,100,0,4705,0,-0.155,96.64,96.67,96.5,0,1137,96.52,68838,0,0,"",0
"2022-06-01","BAXZ23","BAX","BAX","BAX",0,"2023-12-18",0,1,96.535,96.6,20,25,0,2145,0,-0.145,96.65,96.65,96.535,0,735,96.545,48091,0,0,"",0
"2022-06-01","BAXH24","BAX","BAX","BAX",0,"2024-03-18",0,1,0,96.61,0,39,0,1932,0,-0.135,96.695,96.695,96.545,0,537,96.58,23610,0,0,"",0
"2022-06-01","BAXM24","BAX","BAX","BAX",0,"2024-06-17",0,1,0,96.71,0,78,0,210,0,-0.13,96.685,96.685,96.59,0,52,96.585,6382,0,0,"",0
"2022-06-01","BAXU24","BAX","BAX","BAX",0,"2024-09-16",0,1,0,0,0,0,0,12,0,-0.075,96.68,96.68,96.655,0,8,96.595,3305,0,0,"",0
"2022-06-01","BAXZ24","BAX","BAX","BAX",0,"2024-12-16",0,1,96.5,0,1,0,0,0,0,0,0,0,0,0,0,96.61,1493,0,0,"",0
"2022-06-01","BAXH25","BAX","BAX","BAX",0,"2025-03-17",0,1,0,97.5,0,1,0,0,0,0,0,0,0,0,0,96.61,850,0,0,"",0
"2022-06-02","BAXM22","BAX","BAX","BAX",0,"2022-06-13",0,1,97.685,97.69,432,517,0,23689,0,-0.01,97.7,97.715,97.68,0,1313,97.685,190052,0,0,"",0
"2022-06-02","BAXN22","BAX","BAX","BAX",0,"2022-07-18",0,1,0,0,0,0,0,0,0,0,0,0,0,0,0,97.585,0,0,0,"",0
"2022-06-02","BAXQ22","BAX","BAX","BAX",0,"2022-08-15",0,1,0,0,0,0,0,0,0,0,0,0,0,0,0,97.47,0,0,0,"",0
"2022-06-02","BAXU22","BAX","BAX","BAX",0,"2022-09-19",0,1,96.865,96.87,75,100,0,18941,0,-0.065,96.935,96.98,96.86,0,2445,96.875,160656,0,0,"",0
"2022-06-02","BAXZ22","BAX","BAX","BAX",0,"2022-12-19",0,1,96.52,96.525,4,80,0,17973,0,-0.09,96.605,96.635,96.52,0,2595,96.53,168300,0,0,"",0
"2022-06-02","BAXH23","BAX","BAX","BAX",0,"2023-03-13",0,1,96.415,96.425,25,50,0,13687,0,-0.085,96.515,96.52,96.415,0,2673,96.425,128335,0,0,"",0
"2022-06-02","BAXM23","BAX","BAX","BAX",0,"2023-06-19",0,1,0,96.425,0,30,0,9891,0,-0.075,96.515,96.515,96.41,0,2018,96.42,97746,0,0,"",0
"2022-06-02","BAXU23","BAX","BAX","BAX",0,"2023-09-18",0,1,96.445,96.47,52,150,0,6478,0,-0.06,96.545,96.545,96.445,0,1290,96.46,69093,0,0,"",0
"2022-06-02","BAXZ23","BAX","BAX","BAX",0,"2023-12-18",0,1,96.325,96.565,1,10,0,3538,0,-0.04,96.565,96.57,96.49,0,890,96.51,48641,0,0,"",0
"2022-06-02","BAXH24","BAX","BAX","BAX",0,"2024-03-18",0,1,0,96.555,0,100,0,3827,0,-0.04,96.59,96.6,96.53,0,802,96.545,24088,0,0,"",0
"2022-06-02","BAXM24","BAX","BAX","BAX",0,"2024-06-17",0,1,0,96.615,0,9,0,630,0,-0.02,96.595,96.61,96.555,0,126,96.555,6019,0,0,"",0
"2022-06-02","BAXU24","BAX","BAX","BAX",0,"2024-09-16",0,1,0,0,0,0,0,39,0,-0.015,96.58,96.58,96.58,0,17,96.565,3304,0,0,"",0
"2022-06-02","BAXZ24","BAX","BAX","BAX",0,"2024-12-16",0,1,96.5,0,1,0,0,4,0,-0.005,96.605,96.605,96.605,0,1,96.575,1487,0,0,"",0
"2022-06-02","BAXH25","BAX","BAX","BAX",0,"2025-03-17",0,1,0,97.5,0,1,0,0,0,0,0,0,0,0,0,96.575,850,0,0,"",0
"2022-06-03","BAXM22","BAX","BAX","BAX",0,"2022-06-13",0,1,97.685,97.695,109,825,0,10278,0,0.01,97.685,97.695,97.675,0,462,97.69,191090,0,0,"",0
"2022-06-03","BAXN22","BAX","BAX","BAX",0,"2022-07-18",0,1,0,0,0,0,0,0,0,0,0,0,0,0,0,97.59,0,0,0,"",0
"2022-06-03","BAXQ22","BAX","BAX","BAX",0,"2022-08-15",0,1,0,0,0,0,0,0,0,0,0,0,0,0,0,97.475,0,0,0,"",0
"2022-06-03","BAXU22","BAX","BAX","BAX",0,"2022-09-19",0,1,96.8,96.81,24,75,0,10840,0,-0.075,96.87,96.87,96.795,0,1473,96.81,151584,0,0,"",0
"2022-06-03","BAXZ22","BAX","BAX","BAX",0,"2022-12-19",0,1,96.41,96.425,100,184,0,9356,0,-0.11,96.515,96.52,96.42,0,2292,96.44,163068,0,0,"",0
"2022-06-03","BAXH23","BAX","BAX","BAX",0,"2023-03-13",0,1,96.32,96.33,1,20,0,8951,0,-0.1,96.405,96.41,96.315,0,1436,96.335,124307,0,0,"",0
"2022-06-03","BAXM23","BAX","BAX","BAX",0,"2023-06-19",0,1,96.325,96.34,50,25,0,6075,0,-0.085,96.39,96.405,96.3,0,1182,96.335,97471,0,0,"",0
"2022-06-03","BAXU23","BAX","BAX","BAX",0,"2023-09-18",0,1,96.355,96.425,50,5,0,4147,0,-0.08,96.43,96.43,96.335,0,799,96.38,69998,0,0,"",0
"2022-06-03","BAXZ23","BAX","BAX","BAX",0,"2023-12-18",0,1,96.39,96.485,25,6,0,2096,0,-0.08,96.475,96.475,96.385,0,1008,96.43,49039,0,0,"",0
"2022-06-03","BAXH24","BAX","BAX","BAX",0,"2024-03-18",0,1,96.46,96.52,5,5,0,1833,0,-0.085,96.515,96.535,96.43,0,431,96.465,24697,0,0,"",0
"2022-06-03","BAXM24","BAX","BAX","BAX",0,"2024-06-17",0,1,0,0,0,0,0,208,0,-0.065,96.545,96.545,96.445,0,65,96.475,6097,0,0,"",0
"2022-06-03","BAXU24","BAX","BAX","BAX",0,"2024-09-16",0,1,0,0,0,0,0,3,0,-0.08,96.54,96.54,96.485,0,3,96.485,3318,0,0,"",0
"2022-06-03","BAXZ24","BAX","BAX","BAX",0,"2024-12-16",0,1,0,0,0,0,0,3,0,-0.075,96.52,96.525,96.5,0,3,96.495,1487,0,0,"",0
"2022-06-03","BAXH25","BAX","BAX","BAX",0,"2025-03-17",0,1,0,97.5,0,1,0,0,0,0,0,0,0,0,0,96.495,850,0,0,"",0
"2022-06-06","BAXM22","BAX","BAX","BAX",0,"2022-06-13",0,1,97.685,97.69,841,206,0,9538,0,-0.005,97.69,97.695,97.685,0,405,97.685,183996,0,0,"",0
"2022-06-06","BAXN22","BAX","BAX","BAX",0,"2022-07-18",0,1,0,0,0,0,0,0,0,0,0,0,0,0,0,97.585,0,0,0,"",0
"2022-06-06","BAXQ22","BAX","BAX","BAX",0,"2022-08-15",0,1,0,0,0,0,0,0,0,0,0,0,0,0,0,97.47,0,0,0,"",0
"2022-06-06","BAXU22","BAX","BAX","BAX",0,"2022-09-19",0,1,96.745,96.75,13,105,0,12667,0,-0.065,96.805,96.805,96.745,0,2072,96.76,151740,0,0,"",0
"2022-06-06","BAXZ22","BAX","BAX","BAX",0,"2022-12-19",0,1,96.34,96.35,1,50,0,8449,0,-0.095,96.425,96.425,96.345,0,1565,96.365,163998,0,0,"",0
"2022-06-06","BAXH23","BAX","BAX","BAX",0,"2023-03-13",0,1,96.2,96.26,1,100,0,11605,0,-0.125,96.325,96.325,96.205,0,2050,96.24,125133,0,0,"",0
"2022-06-06","BAXM23","BAX","BAX","BAX",0,"2023-06-19",0,1,96.175,96.185,200,31,0,10977,0,-0.155,96.335,96.345,96.18,0,1554,96.21,96499,0,0,"",0
"2022-06-06","BAXU23","BAX","BAX","BAX",0,"2023-09-18",0,1,96.17,96.205,1,50,0,5579,0,-0.18,96.38,96.38,96.2,0,852,96.235,69858,0,0,"",0
"2022-06-06","BAXZ23","BAX","BAX","BAX",0,"2023-12-18",0,1,96.23,96.31,1,5,0,3080,0,-0.195,96.425,96.43,96.235,0,539,96.27,49017,0,0,"",0
"2022-06-06","BAXH24","BAX","BAX","BAX",0,"2024-03-18",0,1,0,0,0,0,0,1836,0,-0.19,96.48,96.48,96.275,0,456,96.305,24420,0,0,"",0
"2022-06-06","BAXM24","BAX","BAX","BAX",0,"2024-06-17",0,1,0,0,0,0,0,684,0,-0.16,96.49,96.49,96.315,0,180,96.325,6042,0,0,"",0
"2022-06-06","BAXU24","BAX","BAX","BAX",0,"2024-09-16",0,1,0,0,0,0,0,86,0,-0.115,96.46,96.46,96.37,0,26,96.345,3296,0,0,"",0
"2022-06-06","BAXZ24","BAX","BAX","BAX",0,"2024-12-16",0,1,0,0,0,0,0,153,0,-0.125,96.46,96.46,96.37,0,22,96.355,1486,0,0,"",0
"2022-06-06","BAXH25","BAX","BAX","BAX",0,"2025-03-17",0,1,0,97.5,0,1,0,80,0,-0.11,96.385,96.385,96.385,0,4,96.355,850,0,0,"",0
"2022-06-07","BAXM22","BAX","BAX","BAX",0,"2022-06-13",0,1,97.68,97.685,1275,819,0,12951,0,-0.005,97.69,97.69,97.675,0,451,97.68,185751,0,0,"",0
"2022-06-07","BAXN22","BAX","BAX","BAX",0,"2022-07-18",0,1,0,0,0,0,0,0,0,0,0,0,0,0,0,97.58,0,0,0,"",0
"2022-06-07","BAXQ22","BAX","BAX","BAX",0,"2022-08-15",0,1,0,0,0,0,0,0,0,0,0,0,0,0,0,97.465,0,0,0,"",0
"2022-06-07","BAXU22","BAX","BAX","BAX",0,"2022-09-19",0,1,96.745,96.75,20,2,0,28982,0,-0.01,96.765,96.775,96.73,0,2419,96.75,151108,0,0,"",0
"2022-06-07","BAXZ22","BAX","BAX","BAX",0,"2022-12-19",0,1,96.285,96.3,25,25,0,29833,0,-0.065,96.375,96.39,96.28,0,3726,96.295,164031,0,0,"",0
"2022-06-07","BAXH23","BAX","BAX","BAX",0,"2023-03-13",0,1,96.125,96.16,100,50,0,13792,0,-0.09,96.255,96.26,96.145,0,2310,96.155,125037,0,0,"",0
"2022-06-07","BAXM23","BAX","BAX","BAX",0,"2023-06-19",0,1,0,96.155,0,50,0,8423,0,-0.08,96.23,96.23,96.125,0,1252,96.135,96588,0,0,"",0
"2022-06-07","BAXU23","BAX","BAX","BAX",0,"2023-09-18",0,1,96.125,96.17,1,50,0,3659,0,-0.07,96.205,96.25,96.16,0,588,96.17,69971,0,0,"",0
"2022-06-07","BAXZ23","BAX","BAX","BAX",0,"2023-12-18",0,1,96.215,96.22,10,25,0,4154,0,-0.055,96.23,96.285,96.205,0,691,96.215,49969,0,0,"",0
"2022-06-07","BAXH24","BAX","BAX","BAX",0,"2024-03-18",0,1,96.26,0,3,0,0,2932,0,-0.045,96.265,96.29,96.245,0,548,96.255,24355,0,0,"",0
"2022-06-07","BAXM24","BAX","BAX","BAX",0,"2024-06-17",0,1,96.295,0,35,0,0,1492,0,-0.03,96.27,96.315,96.265,0,232,96.29,6306,0,0,"",0
"2022-06-07","BAXU24","BAX","BAX","BAX",0,"2024-09-16",0,1,0,0,0,0,0,147,0,-0.025,96.295,96.34,96.295,0,21,96.32,3381,0,0,"",0
"2022-06-07","BAXZ24","BAX","BAX","BAX",0,"2024-12-16",0,1,0,0,0,0,0,243,0,-0.015,96.335,96.37,96.315,0,27,96.33,1574,0,0,"",0
"2022-06-07","BAXH25","BAX","BAX","BAX",0,"2025-03-17",0,1,0,97.5,0,1,0,20,0,0,0,0,0,0,1,96.33,790,0,0,"",0
"2022-06-08","BAXM22","BAX","BAX","BAX",0,"2022-06-13",0,1,97.69,97.695,390,1627,0,10138,0,0.015,97.685,97.695,97.68,0,353,97.69,182890,0,0,"",0
"2022-06-08","BAXN22","BAX","BAX","BAX",0,"2022-07-18",0,1,0,0,0,0,0,0,0,0,0,0,0,0,0,97.59,0,0,0,"",0
"2022-06-08","BAXQ22","BAX","BAX","BAX",0,"2022-08-15",0,1,0,0,0,0,0,0,0,0,0,0,0,0,0,97.475,0,0,0,"",0
"2022-06-08","BAXU22","BAX","BAX","BAX",0,"2022-09-19",0,1,96.73,96.74,161,76,0,10539,0,-0.015,96.745,96.75,96.72,0,816,96.75,162033,0,0,"",0
"2022-06-08","BAXZ22","BAX","BAX","BAX",0,"2022-12-19",0,1,96.2,96.245,25,2,0,13205,0,-0.065,96.285,96.285,96.23,0,2011,96.26,171384,0,0,"",0
"2022-06-08","BAXH23","BAX","BAX","BAX",0,"2023-03-13",0,1,96.06,96.075,150,51,0,12903,0,-0.09,96.135,96.14,96.065,0,1318,96.085,122603,0,0,"",0
"2022-06-08","BAXM23","BAX","BAX","BAX",0,"2023-06-19",0,1,0,96.215,0,20,0,9643,0,-0.085,96.12,96.12,96.04,0,1085,96.065,95595,0,0,"",0
"2022-06-08","BAXU23","BAX","BAX","BAX",0,"2023-09-18",0,1,96.05,96.08,1,12,0,8546,0,-0.09,96.155,96.155,96.07,0,909,96.1,69720,0,0,"",0
"2022-06-08","BAXZ23","BAX","BAX","BAX",0,"2023-12-18",0,1,0,96.485,0,6,0,5527,0,-0.075,96.2,96.205,96.125,0,801,96.15,50429,0,0,"",0
"2022-06-08","BAXH24","BAX","BAX","BAX",0,"2024-03-18",0,1,96.18,96.2,91,116,0,4741,0,-0.07,96.215,96.215,96.17,0,521,96.19,24281,0,0,"",0
"2022-06-08","BAXM24","BAX","BAX","BAX",0,"2024-06-17",0,1,96.215,96.32,80,125,0,936,0,-0.065,96.28,96.295,96.215,0,132,96.225,6863,0,0,"",0
"2022-06-08","BAXU24","BAX","BAX","BAX",0,"2024-09-16",0,1,0,0,0,0,0,115,0,-0.065,96.255,96.255,96.255,0,6,96.255,3499,0,0,"",0
"2022-06-08","BAXZ24","BAX","BAX","BAX",0,"2024-12-16",0,1,96.27,0,25,0,0,130,0,-0.055,96.275,96.275,96.275,0,4,96.265,1624,0,0,"",0
"2022-06-08","BAXH25","BAX","BAX","BAX",0,"2025-03-17",0,1,0,97.5,0,1,0,50,0,0,0,0,0,0,1,96.265,782,0,0,"",0
"2022-06-09","BAXM22","BAX","BAX","BAX",0,"2022-06-13",0,1,97.69,97.695,524,2470,0,12039,0,0.005,97.69,97.71,97.69,0,573,97.69,180951,0,0,"",0
"2022-06-09","BAXN22","BAX","BAX","BAX",0,"2022-07-18",0,1,0,0,0,0,0,0,0,0,0,0,0,0,0,97.59,0,0,0,"",0
"2022-06-09","BAXQ22","BAX","BAX","BAX",0,"2022-08-15",0,1,0,0,0,0,0,0,0,0,0,0,0,0,0,97.475,0,0,0,"",0
"2022-06-09","BAXU22","BAX","BAX","BAX",0,"2022-09-19",0,1,96.795,96.8,290,24,0,16277,0,0.05,96.72,96.81,96.72,0,1616,96.79,146823,0,0,"",0
"2022-06-09","BAXZ22","BAX","BAX","BAX",0,"2022-12-19",0,1,96.27,96.275,43,25,0,19832,0,0.01,96.225,96.3,96.195,0,2612,96.26,169405,0,0,"",0
"2022-06-09","BAXH23","BAX","BAX","BAX",0,"2023-03-13",0,1,96.095,96.105,100,125,0,14671,0,0.015,96.06,96.125,96.015,0,2228,96.085,121482,0,0,"",0
"2022-06-09","BAXM23","BAX","BAX","BAX",0,"2023-06-19",0,1,96.045,96.4,30,5,0,8625,0,0.02,96.035,96.105,96,0,1555,96.065,95227,0,0,"",0
"2022-06-09","BAXU23","BAX","BAX","BAX",0,"2023-09-18",0,1,96.12,96.435,88,5,0,5783,0,0.02,96.065,96.13,96.035,0,639,96.1,70075,0,0,"",0
"2022-06-09","BAXZ23","BAX","BAX","BAX",0,"2023-12-18",0,1,96.165,96.25,25,73,0,7952,0,0.02,96.125,96.17,96.1,0,809,96.15,51246,0,0,"",0
"2022-06-09","BAXH24","BAX","BAX","BAX",0,"2024-03-18",0,1,96.195,0,25,0,0,4435,0,0.025,96.175,96.215,96.145,0,501,96.195,25561,0,0,"",0
"2022-06-09","BAXM24","BAX","BAX","BAX",0,"2024-06-17",0,1,96.215,0,99,0,0,1505,0,0.02,96.185,96.245,96.18,0,224,96.23,7089,0,0,"",0
"2022-06-09","BAXU24","BAX","BAX","BAX",0,"2024-09-16",0,1,0,0,0,0,0,23,0,0.03,96.245,96.285,96.245,0,13,96.26,3554,0,0,"",0
"2022-06-09","BAXZ24","BAX","BAX","BAX",0,"2024-12-16",0,1,0,0,0,0,0,12,0,0,96.265,96.265,96.265,0,8,96.27,1694,0,0,"",0
"2022-06-09","BAXH25","BAX","BAX","BAX",0,"2025-03-17",0,1,96,97.5,1,1,0,0,0,0,0,0,0,0,0,96.27,782,0,0,"",0
"2022-06-10","BAXM22","BAX","BAX","BAX",0,"2022-06-13",0,1,97.685,97.69,1817,1015,0,11932,0,0,97.69,97.695,97.68,0,547,97.685,182014,0,0,"",0
"2022-06-10","BAXN22","BAX","BAX","BAX",0,"2022-07-18",0,1,0,0,0,0,0,0,0,0,0,0,0,0,0,97.585,0,0,0,"",0
"2022-06-10","BAXQ22","BAX","BAX","BAX",0,"2022-08-15",0,1,0,0,0,0,0,0,0,0,0,0,0,0,0,97.47,0,0,0,"",0
"2022-06-10","BAXU22","BAX","BAX","BAX",0,"2022-09-19",0,1,96.63,96.645,5,16,0,16438,0,-0.15,96.775,96.815,96.635,0,1700,96.65,150824,0,0,"",0
"2022-06-10","BAXZ22","BAX","BAX","BAX",0,"2022-12-19",0,1,96.02,96.05,5,99,0,20769,0,-0.22,96.25,96.305,96.03,0,2416,96.06,176887,0,0,"",0
"2022-06-10","BAXH23","BAX","BAX","BAX",0,"2023-03-13",0,1,95.755,95.87,50,5,0,15419,0,-0.215,96.07,96.13,95.83,0,2225,95.855,124807,0,0,"",0
"2022-06-10","BAXM23","BAX","BAX","BAX",0,"2023-06-19",0,1,95.875,96.07,102,5,0,10532,0,-0.19,96.035,96.105,95.835,0,1436,95.84,94349,0,0,"",0
"2022-06-10","BAXU23","BAX","BAX","BAX",0,"2023-09-18",0,1,95.93,96.435,9,5,0,5391,0,-0.17,96.05,96.135,95.885,0,741,95.89,71493,0,0,"",0
"2022-06-10","BAXZ23","BAX","BAX","BAX",0,"2023-12-18",0,1,95.995,96.25,76,73,0,7112,0,-0.155,96.12,96.175,95.94,0,1007,95.95,54720,0,0,"",0
"2022-06-10","BAXH24","BAX","BAX","BAX",0,"2024-03-18",0,1,96.03,96.18,25,50,0,3348,0,-0.145,96.17,96.225,96,0,544,96.005,26162,0,0,"",0
"2022-06-10","BAXM24","BAX","BAX","BAX",0,"2024-06-17",0,1,96.06,96.2,6,10,0,1620,0,-0.16,96.27,96.27,96.045,0,233,96.055,7771,0,0,"",0
"2022-06-10","BAXU24","BAX","BAX","BAX",0,"2024-09-16",0,1,0,0,0,0,0,232,0,-0.15,96.31,96.31,96.09,0,29,96.095,3547,0,0,"",0
"2022-06-10","BAXZ24","BAX","BAX","BAX",0,"2024-12-16",0,1,0,0,0,0,0,19,0,-0.03,96.24,96.24,96.24,0,10,96.11,1684,0,0,"",0
"2022-06-10","BAXH25","BAX","BAX","BAX",0,"2025-03-17",0,1,96,97.5,1,1,0,3,0,0,0,0,0,0,2,96.11,782,0,0,"",0
"2022-06-13","BAXM22","BAX","BAX","BAX",0,"2022-06-13",0,1,0,0,0,0,0,4480,0,-0.015,97.685,97.685,97.665,0,161,97.665,181434,0,0,"",0
"2022-06-13","BAXN22","BAX","BAX","BAX",0,"2022-07-18",0,1,0,0,0,0,0,0,0,0,0,0,0,0,0,97.48,0,0,0,"",0
"2022-06-13","BAXQ22","BAX","BAX","BAX",0,"2022-08-15",0,1,0,0,0,0,0,0,0,0,0,0,0,0,0,97.365,0,0,0,"",0
"2022-06-13","BAXU22","BAX","BAX","BAX",0,"2022-09-19",0,1,96.475,96.48,100,10,0,16273,0,-0.17,96.595,96.64,96.445,0,1629,96.545,155514,0,0,"",0
"2022-06-13","BAXZ22","BAX","BAX","BAX",0,"2022-12-19",0,1,95.86,95.87,8,100,0,20141,0,-0.2,95.985,96.025,95.84,0,3617,95.935,181535,0,0,"",0
"2022-06-13","BAXH23","BAX","BAX","BAX",0,"2023-03-13",0,1,95.65,95.69,50,42,0,11457,0,-0.18,95.8,95.83,95.665,0,2732,95.745,125946,0,0,"",0
"2022-06-13","BAXM23","BAX","BAX","BAX",0,"2023-06-19",0,1,0,95.705,0,23,0,15316,0,-0.155,95.8,95.83,95.665,0,2380,95.755,96778,0,0,"",0
"2022-06-13","BAXU23","BAX","BAX","BAX",0,"2023-09-18",0,1,0,95.74,0,44,0,11666,0,-0.155,95.85,95.875,95.705,0,1841,95.805,72622,0,0,"",0
"2022-06-13","BAXZ23","BAX","BAX","BAX",0,"2023-12-18",0,1,0,95.8,0,76,0,9437,0,-0.15,95.92,95.925,95.78,0,1205,95.865,56798,0,0,"",0
"2022-06-13","BAXH24","BAX","BAX","BAX",0,"2024-03-18",0,1,95.85,0,25,0,0,5634,0,-0.145,95.97,95.97,95.825,0,920,95.92,26820,0,0,"",0
"2022-06-13","BAXM24","BAX","BAX","BAX",0,"2024-06-17",0,1,0,95.995,0,25,0,2935,0,-0.135,95.99,96.02,95.89,0,767,95.975,8430,0,0,"",0
"2022-06-13","BAXU24","BAX","BAX","BAX",0,"2024-09-16",0,1,0,0,0,0,0,148,0,-0.135,96.01,96.055,95.96,0,73,96.02,3498,0,0,"",0
"2022-06-13","BAXZ24","BAX","BAX","BAX",0,"2024-12-16",0,1,0,0,0,0,0,49,0,-0.09,96.03,96.07,96.005,0,27,96.04,1682,0,0,"",0
"2022-06-13","BAXH25","BAX","BAX","BAX",0,"2025-03-17",0,1,0,97.5,0,1,0,21,0,-0.08,96.03,96.03,96,0,21,96.045,784,0,0,"",0
"2022-06-14","BAXN22","BAX","BAX","BAX",0,"2022-07-18",0,1,0,0,0,0,0,0,0,0,0,0,0,0,0,97.315,0,0,0,"",0
"2022-06-14","BAXQ22","BAX","BAX","BAX",0,"2022-08-15",0,1,0,0,0,0,0,0,0,0,0,0,0,0,0,97.2,0,0,0,"",0
"2022-06-14","BAXU22","BAX","BAX","BAX",0,"2022-09-19",0,1,96.37,96.375,289,100,0,15018,0,-0.175,96.41,96.495,96.36,0,2935,96.38,156574,0,0,"",0
"2022-06-14","BAXZ22","BAX","BAX","BAX",0,"2022-12-19",0,1,95.77,95.795,5,100,0,13170,0,-0.16,95.78,96,95.765,0,3382,95.775,181712,0,0,"",0
"2022-06-14","BAXH23","BAX","BAX","BAX",0,"2023-03-13",0,1,95.62,95.63,21,20,0,15727,0,-0.12,95.655,95.78,95.595,0,3320,95.615,126092,0,0,"",0
"2022-06-14","BAXM23","BAX","BAX","BAX",0,"2023-06-19",0,1,95.635,95.65,50,1,0,15303,0,-0.11,95.73,95.83,95.62,0,2872,95.63,97050,0,0,"",0
"2022-06-14","BAXU23","BAX","BAX","BAX",0,"2023-09-18",0,1,0,95.715,0,37,0,10268,0,-0.09,95.73,95.89,95.68,0,1192,95.7,75064,0,0,"",0
"2022-06-14","BAXZ23","BAX","BAX","BAX",0,"2023-12-18",0,1,95.78,95.79,224,26,0,8863,0,-0.075,95.875,95.945,95.76,0,1154,95.78,58389,0,0,"",0
"2022-06-14","BAXH24","BAX","BAX","BAX",0,"2024-03-18",0,1,0,0,0,0,0,3093,0,-0.06,95.985,96.01,95.815,0,530,95.84,29396,0,0,"",0
"2022-06-14","BAXM24","BAX","BAX","BAX",0,"2024-06-17",0,1,0,95.915,0,49,0,1745,0,-0.075,96.07,96.07,95.885,0,399,95.895,9201,0,0,"",0
"2022-06-14","BAXU24","BAX","BAX","BAX",0,"2024-09-16",0,1,0,0,0,0,0,67,0,-0.065,96.06,96.095,95.955,0,26,95.94,3514,0,0,"",0
"2022-06-14","BAXZ24","BAX","BAX","BAX",0,"2024-12-16",0,1,0,96.5,0,1,0,15,0,-0.06,95.98,95.98,95.98,0,4,95.96,1684,0,0,"",0
"2022-06-14","BAXH25","BAX","BAX","BAX",0,"2025-03-17",0,1,95.5,97.5,1,1,0,0,0,0,0,0,0,0,0,95.975,785,0,0,"",0
"2022-06-14","BAXM25","BAX","BAX","BAX",0,"2025-06-16",0,1,95,0,1,0,0,0,0,0,0,0,0,0,0,95.91,0,0,0,"",0
"2022-06-15","BAXN22","BAX","BAX","BAX",0,"2022-07-18",0,1,0,0,0,0,0,0,0,0,0,0,0,0,0,97.415,0,0,0,"",0
"2022-06-15","BAXQ22","BAX","BAX","BAX",0,"2022-08-15",0,1,0,0,0,0,0,0,0,0,0,0,0,0,0,97.3,0,0,0,"",0
"2022-06-15","BAXU22","BAX","BAX","BAX",0,"2022-09-19",0,1,96.475,96.545,1,200,0,16844,0,0.15,96.375,96.535,96.32,0,2666,96.48,158269,0,0,"",0
"2022-06-15","BAXZ22","BAX","BAX","BAX",0,"2022-12-19",0,1,95.92,95.93,3,100,0,22762,0,0.155,95.79,95.945,95.765,0,4206,95.9,176604,0,0,"",0
"2022-06-15","BAXH23","BAX","BAX","BAX",0,"2023-03-13",0,1,95.78,95.86,10,25,0,17202,0,0.22,95.645,95.86,95.64,0,3475,95.795,126340,0,0,"",0
"2022-06-15","BAXM23","BAX","BAX","BAX",0,"2023-06-19",0,1,95.86,95.865,10,57,0,15467,0,0.235,95.675,95.91,95.67,0,3339,95.83,96661,0,0,"",0
"2022-06-15","BAXU23","BAX","BAX","BAX",0,"2023-09-18",0,1,0,95.95,0,20,0,6226,0,0.23,95.735,95.965,95.73,0,979,95.895,77831,0,0,"",0
"2022-06-15","BAXZ23","BAX","BAX","BAX",0,"2023-12-18",0,1,0,96.04,0,25,0,5816,0,0.215,95.795,96.045,95.795,0,1054,95.965,63562,0,0,"",0
"2022-06-15","BAXH24","BAX","BAX","BAX",0,"2024-03-18",0,1,96.01,0,20,0,0,3582,0,0.205,95.93,96.085,95.835,0,998,96.02,30965,0,0,"",0
"2022-06-15","BAXM24","BAX","BAX","BAX",0,"2024-06-17",0,1,0,0,0,0,0,4073,0,0.195,95.99,96.13,95.925,0,1052,96.06,9485,0,0,"",0
"2022-06-15","BAXU24","BAX","BAX","BAX",0,"2024-09-16",0,1,96.02,0,1,0,0,436,0,0.22,96.015,96.16,96,0,120,96.1,3500,0,0,"",0
"2022-06-15","BAXZ24","BAX","BAX","BAX",0,"2024-12-16",0,1,0,96.5,0,1,0,259,0,0.065,96.09,96.095,96.025,0,44,96.12,1698,0,0,"",0
"2022-06-15","BAXH25","BAX","BAX","BAX",0,"2025-03-17",0,1,95.5,97.5,1,1,0,62,0,0.06,96.105,96.105,96.035,0,7,96.135,785,0,0,"",0
"2022-06-15","BAXM25","BAX","BAX","BAX",0,"2025-06-16",0,1,95,96.5,1,1,0,0,0,0,0,0,0,0,0,96.07,0,0,0,"",0
"2022-06-16","BAXN22","BAX","BAX","BAX",0,"2022-07-18",0,1,0,0,0,0,0,0,0,0,0,0,0,0,0,97.48,0,0,0,"",0
"2022-06-16","BAXQ22","BAX","BAX","BAX",0,"2022-08-15",0,1,0,0,0,0,0,0,0,0,0,0,0,0,0,97.365,0,0,0,"",0
"2022-06-16","BAXU22","BAX","BAX","BAX",0,"2022-09-19",0,1,96.54,96.57,25,10,0,12188,0,0.09,96.46,96.575,96.38,0,1943,96.545,158666,0,0,"",0
"2022-06-16","BAXZ22","BAX","BAX","BAX",0,"2022-12-19",0,1,95.99,96.005,20,34,0,13359,0,0.105,95.875,96.015,95.77,0,3287,95.965,177474,0,0,"",0
"2022-06-16","BAXH23","BAX","BAX","BAX",0,"2023-03-13",0,1,95.89,96.83,50,4,0,12353,0,0.13,95.79,95.925,95.645,0,2823,95.865,125869,0,0,"",0
"2022-06-16","BAXM23","BAX","BAX","BAX",0,"2023-06-19",0,1,95.945,96.24,49,50,0,13493,0,0.12,95.835,95.95,95.65,0,2760,95.89,91681,0,0,"",0
"2022-06-16","BAXU23","BAX","BAX","BAX",0,"2023-09-18",0,1,0,96.435,0,5,0,5946,0,0.095,95.975,96,95.705,0,931,95.94,75888,0,0,"",0
"2022-06-16","BAXZ23","BAX","BAX","BAX",0,"2023-12-18",0,1,96.03,96.05,89,34,0,6270,0,0.08,96.05,96.05,95.775,0,1116,95.995,62303,0,0,"",0
"2022-06-16","BAXH24","BAX","BAX","BAX",0,"2024-03-18",0,1,96.06,0,20,0,0,2451,0,0.07,95.93,96.09,95.815,0,486,96.045,29814,0,0,"",0
"2022-06-16","BAXM24","BAX","BAX","BAX",0,"2024-06-17",0,1,0,96.43,0,30,0,2605,0,0.07,95.915,96.135,95.9,0,577,96.09,11005,0,0,"",0
"2022-06-16","BAXU24","BAX","BAX","BAX",0,"2024-09-16",0,1,0,0,0,0,0,613,0,0.055,96.02,96.165,95.96,0,103,96.13,3504,0,0,"",0
"2022-06-16","BAXZ24","BAX","BAX","BAX",0,"2024-12-16",0,1,0,96.5,0,1,0,54,0,0.05,96.17,96.17,96.17,0,4,96.15,1673,0,0,"",0
"2022-06-16","BAXH25","BAX","BAX","BAX",0,"2025-03-17",0,1,95.5,97.5,1,1,0,0,0,0,0,0,0,0,0,96.165,784,0,0,"",0
"2022-06-16","BAXM25","BAX","BAX","BAX",0,"2025-06-16",0,1,95,96.5,1,1,0,0,0,0,0,0,0,0,0,96.15,0,0,0,"",0
"2022-06-17","BAXN22","BAX","BAX","BAX",0,"2022-07-18",0,1,0,0,0,0,0,0,0,0,0,0,0,0,0,97.495,0,0,0,"",0
"2022-06-17","BAXQ22","BAX","BAX","BAX",0,"2022-08-15",0,1,0,0,0,0,0,0,0,0,0,0,0,0,0,97.38,0,0,0,"",0
"2022-06-17","BAXU22","BAX","BAX","BAX",0,"2022-09-19",0,1,96.55,96.56,1,25,0,11144,0,0.01,96.55,96.615,96.505,0,2173,96.56,159344,0,0,"",0
"2022-06-17","BAXZ22","BAX","BAX","BAX",0,"2022-12-19",0,1,95.98,96.015,100,75,0,12599,0,0.035,95.98,96.075,95.94,0,2615,96,175281,0,0,"",0
"2022-06-17","BAXH23","BAX","BAX","BAX",0,"2023-03-13",0,1,95.91,95.975,100,50,0,8635,0,0.05,95.835,95.985,95.835,0,2113,95.91,124296,0,0,"",0
"2022-06-17","BAXM23","BAX","BAX","BAX",0,"2023-06-19",0,1,95.93,95.965,50,1,0,12468,0,0.055,95.875,96.01,95.87,0,2638,95.935,89090,0,0,"",0
"2022-06-17","BAXU23","BAX","BAX","BAX",0,"2023-09-18",0,1,0,96.005,0,50,0,5877,0,0.065,95.905,96.06,95.905,0,888,95.99,75378,0,0,"",0
"2022-06-17","BAXZ23","BAX","BAX","BAX",0,"2023-12-18",0,1,96.06,96.08,14,10,0,8135,0,0.065,95.975,96.12,95.97,0,1536,96.045,62655,0,0,"",0
"2022-06-17","BAXH24","BAX","BAX","BAX",0,"2024-03-18",0,1,0,0,0,0,0,2779,0,0.07,96.015,96.175,96.015,0,476,96.1,29678,0,0,"",0
"2022-06-17","BAXM24","BAX","BAX","BAX",0,"2024-06-17",0,1,96.08,96.43,30,30,0,2323,0,0.075,96.15,96.22,96.08,0,513,96.15,10898,0,0,"",0
"2022-06-17","BAXU24","BAX","BAX","BAX",0,"2024-09-16",0,1,0,0,0,0,0,227,0,0.075,96.155,96.245,96.155,0,54,96.19,3566,0,0,"",0
"2022-06-17","BAXZ24","BAX","BAX","BAX",0,"2024-12-16",0,1,0,96.24,0,17,0,58,0,0.09,96.24,96.24,96.24,0,28,96.21,1653,0,0,"",0
"2022-06-17","BAXH25","BAX","BAX","BAX",0,"2025-03-17",0,1,96.15,97.5,50,1,0,1,0,0.09,96.255,96.255,96.255,0,1,96.225,784,0,0,"",0
"2022-06-17","BAXM25","BAX","BAX","BAX",0,"2025-06-16",0,1,95,96.5,1,1,0,0,0,0,0,0,0,0,0,96.21,0,0,0,"",0
"2022-06-20","BAXN22","BAX","BAX","BAX",0,"2022-07-18",0,1,0,0,0,0,0,0,0,0,0,0,0,0,0,97.47,0,0,0,"",0
"2022-06-20","BAXQ22","BAX","BAX","BAX",0,"2022-08-15",0,1,0,0,0,0,0,0,0,0,0,0,0,0,0,97.355,0,0,0,"",0
"2022-06-20","BAXU22","BAX","BAX","BAX",0,"2022-09-19",0,1,96.53,96.56,10,50,0,1420,0,-0.01,96.515,96.55,96.495,0,225,96.535,159548,0,0,"",0
"2022-06-20","BAXZ22","BAX","BAX","BAX",0,"2022-12-19",0,1,95.95,95.975,10,5,0,2205,0,-0.045,95.945,96,95.925,0,608,95.945,174197,0,0,"",0
"2022-06-20","BAXH23","BAX","BAX","BAX",0,"2023-03-13",0,1,95.86,95.875,50,51,0,2037,0,-0.035,95.825,95.915,95.825,0,349,95.855,124389,0,0,"",0
"2022-06-20","BAXM23","BAX","BAX","BAX",0,"2023-06-19",0,1,95.89,95.9,32,61,0,1359,0,-0.04,95.86,95.955,95.86,0,272,95.88,89206,0,0,"",0
"2022-06-20","BAXU23","BAX","BAX","BAX",0,"2023-09-18",0,1,0,95.99,0,50,0,1064,0,-0.05,95.895,95.98,95.895,0,210,95.93,73445,0,0,"",0
"2022-06-20","BAXZ23","BAX","BAX","BAX",0,"2023-12-18",0,1,95.975,96.03,25,10,0,1651,0,-0.045,95.905,96.035,95.905,0,496,95.985,63034,0,0,"",0
"2022-06-20","BAXH24","BAX","BAX","BAX",0,"2024-03-18",0,1,0,0,0,0,0,435,0,-0.06,96.075,96.08,96.03,0,107,96.04,29147,0,0,"",0
"2022-06-20","BAXM24","BAX","BAX","BAX",0,"2024-06-17",0,1,96.075,96.49,19,30,0,698,0,-0.065,96.12,96.13,96.075,0,208,96.09,11279,0,0,"",0
"2022-06-20","BAXU24","BAX","BAX","BAX",0,"2024-09-16",0,1,0,0,0,0,0,15,0,-0.08,96.155,96.155,96.11,0,9,96.13,3284,0,0,"",0
"2022-06-20","BAXZ24","BAX","BAX","BAX",0,"2024-12-16",0,1,0,96.5,0,1,0,10,0,-0.045,96.165,96.17,96.165,0,7,96.15,1650,0,0,"",0
"2022-06-20","BAXH25","BAX","BAX","BAX",0,"2025-03-17",0,1,95.5,97.5,1,1,0,8,0,-0.05,96.175,96.175,96.175,0,1,96.165,784,0,0,"",0
"2022-06-20","BAXM25","BAX","BAX","BAX",0,"2025-06-16",0,1,95,96.5,1,1,0,0,0,0,0,0,0,0,0,96.15,0,0,0,"",0
"2022-06-21","BAXN22","BAX","BAX","BAX",0,"2022-07-18",0,1,0,0,0,0,0,0,0,0,0,0,0,0,0,97.45,0,0,0,"",0
"2022-06-21","BAXQ22","BAX","BAX","BAX",0,"2022-08-15",0,1,0,0,0,0,0,0,0,0,0,0,0,0,0,97.335,0,0,0,"",0
"2022-06-21","BAXU22","BAX","BAX","BAX",0,"2022-09-19",0,1,96.515,96.52,250,118,0,10028,0,-0.02,96.48,96.545,96.48,0,823,96.515,155911,0,0,"",0
"2022-06-21","BAXZ22","BAX","BAX","BAX",0,"2022-12-19",0,1,95.91,95.92,5,92,0,8877,0,-0.03,95.9,95.955,95.9,0,988,95.92,169852,0,0,"",0
"2022-06-21","BAXH23","BAX","BAX","BAX",0,"2023-03-13",0,1,95.785,95.81,50,100,0,5891,0,-0.05,95.835,95.865,95.8,0,654,95.815,123831,0,0,"",0
"2022-06-21","BAXM23","BAX","BAX","BAX",0,"2023-06-19",0,1,0,95.84,0,58,0,4858,0,-0.045,95.855,95.89,95.83,0,577,95.84,87177,0,0,"",0
"2022-06-21","BAXU23","BAX","BAX","BAX",0,"2023-09-18",0,1,0,95.89,0,25,0,2679,0,-0.045,95.905,95.935,95.885,0,326,95.89,73309,0,0,"",0
"2022-06-21","BAXZ23","BAX","BAX","BAX",0,"2023-12-18",0,1,0,95.96,0,50,0,2526,0,-0.04,95.975,95.995,95.945,0,447,95.945,62689,0,0,"",0
"2022-06-21","BAXH24","BAX","BAX","BAX",0,"2024-03-18",0,1,0,0,0,0,0,1466,0,-0.04,96.03,96.045,96,0,255,96,28109,0,0,"",0
"2022-06-21","BAXM24","BAX","BAX","BAX",0,"2024-06-17",0,1,96.045,96.49,5,30,0,2146,0,-0.035,96.085,96.09,96.045,0,706,96.05,10507,0,0,"",0
"2022-06-21","BAXU24","BAX","BAX","BAX",0,"2024-09-16",0,1,0,0,0,0,0,126,0,-0.02,96.11,96.12,96.105,0,19,96.09,3219,0,0,"",0
"2022-06-21","BAXZ24","BAX","BAX","BAX",0,"2024-12-16",0,1,0,96.5,0,1,0,1,0,-0.03,96.12,96.12,96.12,0,1,96.11,1648,0,0,"",0
"2022-06-21","BAXH25","BAX","BAX","BAX",0,"2025-03-17",0,1,95.5,97.5,1,1,0,0,0,0,0,0,0,0,0,96.125,776,0,0,"",0
"2022-06-21","BAXM25","BAX","BAX","BAX",0,"2025-06-16",0,1,95,96.5,1,1,0,0,0,0,0,0,0,0,0,96.11,0,0,0,"",0
"2022-06-22","BAXN22","BAX","BAX","BAX",0,"2022-07-18",0,1,0,0,0,0,0,0,0,0,0,0,0,0,0,97.42,0,0,0,"",0
"2022-06-22","BAXQ22","BAX","BAX","BAX",0,"2022-08-15",0,1,0,0,0,0,0,0,0,0,0,0,0,0,0,97.305,0,0,0,"",0
"2022-06-22","BAXU22","BAX","BAX","BAX",0,"2022-09-19",0,1,96.485,96.49,92,117,0,12081,0,-0.03,96.515,96.55,96.47,0,1315,96.485,161186,0,0,"",0
"2022-06-22","BAXZ22","BAX","BAX","BAX",0,"2022-12-19",0,1,95.97,95.99,5,30,0,22088,0,0.065,95.93,96.025,95.905,0,4084,95.985,173333,0,0,"",0
"2022-06-22","BAXH23","BAX","BAX","BAX",0,"2023-03-13",0,1,95.9,95.93,61,27,0,19243,0,0.11,95.815,95.96,95.815,0,3659,95.905,125613,0,0,"",0
"2022-06-22","BAXM23","BAX","BAX","BAX",0,"2023-06-19",0,1,95.85,95.985,4,5,0,18472,0,0.14,95.845,96,95.845,0,2706,95.95,88417,0,0,"",0
"2022-06-22","BAXU23","BAX","BAX","BAX",0,"2023-09-18",0,1,96.02,96.435,23,5,0,17833,0,0.15,95.9,96.045,95.9,0,2603,96.02,73349,0,0,"",0
"2022-06-22","BAXZ23","BAX","BAX","BAX",0,"2023-12-18",0,1,96.095,96.13,50,50,0,10419,0,0.155,95.96,96.105,95.96,0,2055,96.08,63188,0,0,"",0
"2022-06-22","BAXH24","BAX","BAX","BAX",0,"2024-03-18",0,1,96.09,96.195,25,25,0,4435,0,0.15,96.025,96.175,96.025,0,1038,96.14,27958,0,0,"",0
"2022-06-22","BAXM24","BAX","BAX","BAX",0,"2024-06-17",0,1,96.06,96.24,1,75,0,3156,0,0.165,96.08,96.225,96.08,0,866,96.19,10727,0,0,"",0
"2022-06-22","BAXU24","BAX","BAX","BAX",0,"2024-09-16",0,1,96.1,0,1,0,0,264,0,0.165,96.18,96.255,96.18,0,87,96.23,3312,0,0,"",0
"2022-06-22","BAXZ24","BAX","BAX","BAX",0,"2024-12-16",0,1,0,96.5,0,1,0,28,0,0.095,96.195,96.33,96.195,0,5,96.25,1648,0,0,"",0
"2022-06-22","BAXH25","BAX","BAX","BAX",0,"2025-03-17",0,1,96.125,97.5,25,1,0,1,0,0,0,96.345,96.345,0,1,96.265,776,0,0,"",0
"2022-06-22","BAXM25","BAX","BAX","BAX",0,"2025-06-16",0,1,95,96.5,1,1,0,0,0,0,0,0,0,0,0,96.255,0,0,0,"",0
"2022-06-23","BAXN22","BAX","BAX","BAX",0,"2022-07-18",0,1,0,0,0,0,0,0,0,0,0,0,0,0,0,97.475,0,0,0,"",0
"2022-06-23","BAXQ22","BAX","BAX","BAX",0,"2022-08-15",0,1,0,0,0,0,0,0,0,0,0,0,0,0,0,97.36,0,0,0,"",0
"2022-06-23","BAXU22","BAX","BAX","BAX",0,"2022-09-19",0,1,96.535,96.545,23,25,0,9228,0,0.05,96.485,96.615,96.48,0,1977,96.54,149369,0,0,"",0
"2022-06-23","BAXZ22","BAX","BAX","BAX",0,"2022-12-19",0,1,96.125,96.135,60,36,0,23375,0,0.15,95.99,96.225,95.98,0,4736,96.145,170982,0,0,"",0
"2022-06-23","BAXH23","BAX","BAX","BAX",0,"2023-03-13",0,1,96.085,96.135,10,5,0,23252,0,0.225,95.93,96.22,95.925,0,4573,96.125,126684,0,0,"",0
"2022-06-23","BAXM23","BAX","BAX","BAX",0,"2023-06-19",0,1,95.85,96.2,4,100,0,15154,0,0.245,95.975,96.285,95.975,0,3360,96.18,83739,0,0,"",0
"2022-06-23","BAXU23","BAX","BAX","BAX",0,"2023-09-18",0,1,96.185,0,50,0,0,11557,0,0.24,96.05,96.36,96.05,0,2491,96.25,82077,0,0,"",0
"2022-06-23","BAXZ23","BAX","BAX","BAX",0,"2023-12-18",0,1,96.195,96.31,44,15,0,12428,0,0.23,96.115,96.405,96.115,0,2391,96.3,65822,0,0,"",0
"2022-06-23","BAXH24","BAX","BAX","BAX",0,"2024-03-18",0,1,96.01,0,1,0,0,5643,0,0.225,96.155,96.46,96.155,0,1340,96.36,27961,0,0,"",0
"2022-06-23","BAXM24","BAX","BAX","BAX",0,"2024-06-17",0,1,96.38,96.42,10,5,0,3645,0,0.22,96.255,96.495,96.235,0,1258,96.41,11225,0,0,"",0
"2022-06-23","BAXU24","BAX","BAX","BAX",0,"2024-09-16",0,1,96.1,0,1,0,0,439,0,0.21,96.295,96.52,96.29,0,112,96.45,3291,0,0,"",0
"2022-06-23","BAXZ24","BAX","BAX","BAX",0,"2024-12-16",0,1,0,0,0,0,0,75,0,0.2,96.31,96.52,96.31,0,19,96.465,1659,0,0,"",0
"2022-06-23","BAXH25","BAX","BAX","BAX",0,"2025-03-17",0,1,96.25,97.5,25,1,0,31,0,0.19,96.475,96.505,96.455,0,10,96.48,776,0,0,"",0
"2022-06-23","BAXM25","BAX","BAX","BAX",0,"2025-06-16",0,1,95,0,1,0,0,1,0,0.245,96.5,96.5,96.5,0,1,96.47,0,0,0,"",0
"2022-06-24","BAXN22","BAX","BAX","BAX",0,"2022-07-18",0,1,0,0,0,0,0,0,0,0,0,0,0,0,0,97.505,0,0,0,"",0
"2022-06-24","BAXQ22","BAX","BAX","BAX",0,"2022-08-15",0,1,0,0,0,0,0,0,0,0,0,0,0,0,0,97.39,0,0,0,"",0
"2022-06-24","BAXU22","BAX","BAX","BAX",0,"2022-09-19",0,1,96.55,96.575,1,3,0,6480,0,0.025,96.55,96.625,96.525,0,1383,96.57,146515,0,0,"",0
"2022-06-24","BAXZ22","BAX","BAX","BAX",0,"2022-12-19",0,1,96.17,96.18,5,3,0,14278,0,0.035,96.165,96.245,96.11,0,3090,96.195,168594,0,0,"",0
"2022-06-24","BAXH23","BAX","BAX","BAX",0,"2023-03-13",0,1,96.175,96.255,50,5,0,13161,0,0.055,96.16,96.245,96.09,0,2355,96.2,128941,0,0,"",0
"2022-06-24","BAXM23","BAX","BAX","BAX",0,"2023-06-19",0,1,96.2,96.25,15,50,0,9707,0,0.04,96.24,96.305,96.145,0,2217,96.24,83755,0,0,"",0
"2022-06-24","BAXU23","BAX","BAX","BAX",0,"2023-09-18",0,1,96.25,0,15,0,0,7471,0,0.005,96.28,96.355,96.22,0,1467,96.285,81623,0,0,"",0
"2022-06-24","BAXZ23","BAX","BAX","BAX",0,"2023-12-18",0,1,96.28,96.33,15,50,0,6981,0,-0.015,96.325,96.385,96.265,0,1612,96.32,65311,0,0,"",0
"2022-06-24","BAXH24","BAX","BAX","BAX",0,"2024-03-18",0,1,96.01,0,1,0,0,2213,0,-0.02,96.38,96.43,96.33,0,507,96.375,28538,0,0,"",0
"2022-06-24","BAXM24","BAX","BAX","BAX",0,"2024-06-17",0,1,96.365,96.405,20,70,0,2689,0,-0.025,96.425,96.465,96.37,0,755,96.42,11988,0,0,"",0
"2022-06-24","BAXU24","BAX","BAX","BAX",0,"2024-09-16",0,1,96.1,96.52,1,5,0,245,0,-0.02,96.45,96.48,96.42,0,37,96.455,3291,0,0,"",0
"2022-06-24","BAXZ24","BAX","BAX","BAX",0,"2024-12-16",0,1,0,0,0,0,0,27,0,-0.03,96.46,96.46,96.435,0,7,96.47,1665,0,0,"",0
"2022-06-24","BAXH25","BAX","BAX","BAX",0,"2025-03-17",0,1,95.5,97.5,1,1,0,74,0,-0.02,96.475,96.475,96.45,0,7,96.485,770,0,0,"",0
"2022-06-24","BAXM25","BAX","BAX","BAX",0,"2025-06-16",0,1,95,0,1,0,0,0,0,0,0,0,0,0,0,96.475,1,0,0,"",0
"2022-06-27","BAXN22","BAX","BAX","BAX",0,"2022-07-18",0,1,0,0,0,0,0,0,0,0,0,0,0,0,0,97.49,0,0,0,"",0
"2022-06-27","BAXQ22","BAX","BAX","BAX",0,"2022-08-15",0,1,0,0,0,0,0,0,0,0,0,0,0,0,0,97.375,0,0,0,"",0
"2022-06-27","BAXU22","BAX","BAX","BAX",0,"2022-09-19",0,1,96.55,96.56,70,57,0,8664,0,-0.015,96.545,96.59,96.545,0,937,96.555,145140,0,0,"",0
"2022-06-27","BAXZ22","BAX","BAX","BAX",0,"2022-12-19",0,1,96.175,96.195,10,100,0,23845,0,-0.02,96.135,96.22,96.135,0,3620,96.165,168333,0,0,"",0
"2022-06-27","BAXH23","BAX","BAX","BAX",0,"2023-03-13",0,1,96.16,96.17,50,50,0,11107,0,-0.03,96.13,96.205,96.13,0,2057,96.16,127078,0,0,"",0
"2022-06-27","BAXM23","BAX","BAX","BAX",0,"2023-06-19",0,1,96.19,0,40,0,0,9292,0,-0.04,96.165,96.245,96.165,0,1736,96.195,85160,0,0,"",0
"2022-06-27","BAXU23","BAX","BAX","BAX",0,"2023-09-18",0,1,96.205,96.23,25,49,0,6633,0,-0.055,96.215,96.29,96.21,0,1197,96.235,80581,0,0,"",0
"2022-06-27","BAXZ23","BAX","BAX","BAX",0,"2023-12-18",0,1,96.235,96.305,15,27,0,5190,0,-0.065,96.26,96.315,96.245,0,993,96.27,62802,0,0,"",0
"2022-06-27","BAXH24","BAX","BAX","BAX",0,"2024-03-18",0,1,96.295,96.305,3,2,0,2155,0,-0.07,96.315,96.365,96.29,0,724,96.315,27071,0,0,"",0
"2022-06-27","BAXM24","BAX","BAX","BAX",0,"2024-06-17",0,1,96.34,96.355,6,4,0,2699,0,-0.07,96.34,96.41,96.33,0,987,96.36,11667,0,0,"",0
"2022-06-27","BAXU24","BAX","BAX","BAX",0,"2024-09-16",0,1,96.1,0,1,0,0,230,0,-0.06,96.38,96.435,96.38,0,78,96.395,3207,0,0,"",0
"2022-06-27","BAXZ24","BAX","BAX","BAX",0,"2024-12-16",0,1,0,96.42,0,100,0,68,0,-0.035,96.4,96.44,96.4,0,31,96.41,1659,0,0,"",0
"2022-06-27","BAXH25","BAX","BAX","BAX",0,"2025-03-17",0,1,95.5,96.43,1,25,0,59,0,-0.085,96.425,96.465,96.4,0,14,96.425,765,0,0,"",0
"2022-06-27","BAXM25","BAX","BAX","BAX",0,"2025-06-16",0,1,95,97,1,1,0,0,0,0,0,0,0,0,0,96.415,1,0,0,"",0
"2022-06-28","BAXN22","BAX","BAX","BAX",0,"2022-07-18",0,1,0,0,0,0,0,0,0,0,0,0,0,0,0,97.475,0,0,0,"",0
"2022-06-28","BAXQ22","BAX","BAX","BAX",0,"2022-08-15",0,1,0,0,0,0,0,0,0,0,0,0,0,0,0,97.36,0,0,0,"",0
"2022-06-28","BAXU22","BAX","BAX","BAX",0,"2022-09-19",0,1,96.535,96.555,24,102,0,6727,0,-0.005,96.535,96.555,96.525,0,961,96.54,146833,0,0,"",0
"2022-06-28","BAXZ22","BAX","BAX","BAX",0,"2022-12-19",0,1,96.16,96.175,25,7,0,9036,0,0.005,96.175,96.175,96.125,0,1894,96.15,176054,0,0,"",0
"2022-06-28","BAXH23","BAX","BAX","BAX",0,"2023-03-13",0,1,96.18,96.185,36,1,0,10973,0,0.025,96.14,96.185,96.095,0,2000,96.145,129117,0,0,"",0
"2022-06-28","BAXM23","BAX","BAX","BAX",0,"2023-06-19",0,1,96.225,0,27,0,0,8943,0,0.04,96.175,96.24,96.125,0,1796,96.185,86535,0,0,"",0
"2022-06-28","BAXU23","BAX","BAX","BAX",0,"2023-09-18",0,1,96.255,0,2,0,0,5273,0,0.045,96.215,96.285,96.17,0,1159,96.225,80350,0,0,"",0
"2022-06-28","BAXZ23","BAX","BAX","BAX",0,"2023-12-18",0,1,96.195,96.485,44,6,0,4667,0,0.04,96.24,96.31,96.2,0,919,96.255,63265,0,0,"",0
"2022-06-28","BAXH24","BAX","BAX","BAX",0,"2024-03-18",0,1,96.01,0,1,0,0,1805,0,0.045,96.26,96.36,96.26,0,533,96.3,27340,0,0,"",0
"2022-06-28","BAXM24","BAX","BAX","BAX",0,"2024-06-17",0,1,96.325,0,5,0,0,3581,0,0.035,96.335,96.395,96.305,0,995,96.34,11945,0,0,"",0
"2022-06-28","BAXU24","BAX","BAX","BAX",0,"2024-09-16",0,1,96.1,0,1,0,0,491,0,0.02,96.375,96.415,96.345,0,173,96.375,3213,0,0,"",0
"2022-06-28","BAXZ24","BAX","BAX","BAX",0,"2024-12-16",0,1,0,96.42,0,100,0,210,0,-0.005,96.395,96.405,96.39,0,40,96.39,1657,0,0,"",0
"2022-06-28","BAXH25","BAX","BAX","BAX",0,"2025-03-17",0,1,95.5,97.5,1,1,0,108,0,-0.025,96.405,96.405,96.39,0,10,96.405,792,0,0,"",0
"2022-06-28","BAXM25","BAX","BAX","BAX",0,"2025-06-16",0,1,95,97,1,1,0,0,0,0,0,0,0,0,0,96.395,1,0,0,"",0
"2022-06-29","BAXN22","BAX","BAX","BAX",0,"2022-07-18",0,1,0,0,0,0,0,0,0,0,0,0,0,0,0,97.47,0,0,0,"",0
"2022-06-29","BAXQ22","BAX","BAX","BAX",0,"2022-08-15",0,1,0,0,0,0,0,0,0,0,0,0,0,0,0,97.355,0,0,0,"",0
"2022-06-29","BAXU22","BAX","BAX","BAX",0,"2022-09-19",0,1,96.53,96.535,88,2,0,5842,0,-0.005,96.535,96.56,96.505,0,569,96.535,145109,0,0,"",0
"2022-06-29","BAXZ22","BAX","BAX","BAX",0,"2022-12-19",0,1,96.14,96.155,101,1,0,10496,0,-0.005,96.155,96.19,96.105,0,1999,96.15,169228,0,0,"",0
"2022-06-29","BAXH23","BAX","BAX","BAX",0,"2023-03-13",0,1,96.15,96.165,5,21,0,12573,0,0.015,96.16,96.2,96.12,0,2278,96.17,129867,0,0,"",0
"2022-06-29","BAXM23","BAX","BAX","BAX",0,"2023-06-19",0,1,96.185,96.24,2,100,0,7474,0,0.035,96.195,96.26,96.175,0,1757,96.23,87100,0,0,"",0
"2022-06-29","BAXU23","BAX","BAX","BAX",0,"2023-09-18",0,1,95.9,0,4,0,0,8975,0,0.06,96.245,96.32,96.225,0,2722,96.3,80020,0,0,"",0
"2022-06-29","BAXZ23","BAX","BAX","BAX",0,"2023-12-18",0,1,96.195,96.485,44,6,0,6030,0,0.085,96.29,96.365,96.26,0,1573,96.34,63991,0,0,"",0
"2022-06-29","BAXH24","BAX","BAX","BAX",0,"2024-03-18",0,1,96.01,0,1,0,0,3517,0,0.09,96.34,96.42,96.31,0,857,96.385,27787,0,0,"",0
"2022-06-29","BAXM24","BAX","BAX","BAX",0,"2024-06-17",0,1,96.06,0,1,0,0,3208,0,0.075,96.385,96.45,96.345,0,746,96.42,12822,0,0,"",0
"2022-06-29","BAXU24","BAX","BAX","BAX",0,"2024-09-16",0,1,96.1,96.46,1,12,0,156,0,0.055,96.43,96.46,96.375,0,37,96.445,3322,0,0,"",0
"2022-06-29","BAXZ24","BAX","BAX","BAX",0,"2024-12-16",0,1,0,97,0,1,0,180,0,0,96.42,96.42,96.39,0,41,96.46,1663,0,0,"",0
"2022-06-29","BAXH25","BAX","BAX","BAX",0,"2025-03-17",0,1,95.5,97.5,1,1,0,66,0,0,96.45,96.45,96.39,0,12,96.475,892,0,0,"",0
"2022-06-29","BAXM25","BAX","BAX","BAX",0,"2025-06-16",0,1,95,97,1,1,0,0,0,0,0,0,0,0,0,96.465,1,0,0,"",0
"2022-06-30","BAXN22","BAX","BAX","BAX",0,"2022-07-18",0,1,0,0,0,0,0,0,0,0,0,0,0,0,0,97.48,0,0,0,"",0
"2022-06-30","BAXQ22","BAX","BAX","BAX",0,"2022-08-15",0,1,0,0,0,0,0,0,0,0,0,0,0,0,0,97.365,0,0,0,"",0
"2022-06-30","BAXU22","BAX","BAX","BAX",0,"2022-09-19",0,1,96.545,96.55,21,16,0,6433,0,0.01,96.525,96.585,96.525,0,1118,96.545,146399,0,0,"",0
"2022-06-30","BAXZ22","BAX","BAX","BAX",0,"2022-12-19",0,1,96.205,96.21,10,21,0,3869,0,0.055,96.165,96.235,96.13,0,1105,96.2,174537,0,0,"",0
"2022-06-30","BAXH23","BAX","BAX","BAX",0,"2023-03-13",0,1,96.215,96.25,10,100,0,8223,0,0.065,96.185,96.265,96.155,0,1867,96.22,132082,0,0,"",0
"2022-06-30","BAXM23","BAX","BAX","BAX",0,"2023-06-19",0,1,96.32,0,28,0,0,5463,0,0.09,96.23,96.34,96.23,0,1290,96.3,88739,0,0,"",0
"2022-06-30","BAXU23","BAX","BAX","BAX",0,"2023-09-18",0,1,95.9,0,4,0,0,4100,0,0.105,96.285,96.41,96.285,0,1455,96.37,81923,0,0,"",0
"2022-06-30","BAXZ23","BAX","BAX","BAX",0,"2023-12-18",0,1,96.195,96.45,44,7,0,2574,0,0.1,96.37,96.45,96.355,0,822,96.4,64378,0,0,"",0
"2022-06-30","BAXH24","BAX","BAX","BAX",0,"2024-03-18",0,1,96.405,0,25,0,0,1467,0,0.09,96.415,96.495,96.405,0,440,96.44,28645,0,0,"",0
"2022-06-30","BAXM24","BAX","BAX","BAX",0,"2024-06-17",0,1,96.06,96.51,1,4,0,2028,0,0.05,96.445,96.505,96.425,0,419,96.465,13366,0,0,"",0
"2022-06-30","BAXU24","BAX","BAX","BAX",0,"2024-09-16",0,1,96.1,0,1,0,0,306,0,0.05,96.46,96.515,96.445,0,40,96.485,3187,0,0,"",0
"2022-06-30","BAXZ24","BAX","BAX","BAX",0,"2024-12-16",0,1,0,97,0,1,0,6,0,0.05,96.51,96.51,96.51,0,4,96.495,1664,0,0,"",0
"2022-06-30","BAXH25","BAX","BAX","BAX",0,"2025-03-17",0,1,95.5,97.5,1,1,0,53,0,0.04,96.52,96.52,96.515,0,3,96.51,908,0,0,"",0
"2022-06-30","BAXM25","BAX","BAX","BAX",0,"2025-06-16",0,1,95,97,1,1,0,0,0,0,0,0,0,0,0,96.5,1,0,0,"",0
"2022-07-04","BAXN22","BAX","BAX","BAX",0,"2022-07-18",0,1,0,0,0,0,0,0,0,0,0,0,0,0,0,97.445,0,0,0,"",0
"2022-07-04","BAXQ22","BAX","BAX","BAX",0,"2022-08-15",0,1,0,0,0,0,0,0,0,0,0,0,0,0,0,97.33,0,0,0,"",0
"2022-07-04","BAXU22","BAX","BAX","BAX",0,"2022-09-19",0,1,96.5,96.505,49,21,0,5154,0,-0.04,96.56,96.565,96.49,0,579,96.51,145171,0,0,"",0
"2022-07-04","BAXZ22","BAX","BAX","BAX",0,"2022-12-19",0,1,96.16,96.17,25,50,0,6233,0,-0.035,96.235,96.255,96.15,0,1335,96.165,172525,0,0,"",0
"2022-07-04","BAXH23","BAX","BAX","BAX",0,"2023-03-13",0,1,96.195,96.24,5,1,0,5894,0,0.025,96.27,96.3,96.215,0,1063,96.235,131658,0,0,"",0
"2022-07-04","BAXM23","BAX","BAX","BAX",0,"2023-06-19",0,1,96.345,96.385,2,2,0,3494,0,0.06,96.38,96.395,96.31,0,815,96.345,87527,0,0,"",0
"2022-07-04","BAXU23","BAX","BAX","BAX",0,"2023-09-18",0,1,95.9,0,4,0,0,2044,0,0.08,96.405,96.47,96.385,0,307,96.445,77769,0,0,"",0
"2022-07-04","BAXZ23","BAX","BAX","BAX",0,"2023-12-18",0,1,96.465,96.57,50,41,0,2835,0,0.11,96.47,96.515,96.42,0,429,96.5,63078,0,0,"",0
"2022-07-04","BAXH24","BAX","BAX","BAX",0,"2024-03-18",0,1,96.01,0,1,0,0,1205,0,0.12,96.53,96.56,96.5,0,286,96.545,28191,0,0,"",0
"2022-07-04","BAXM24","BAX","BAX","BAX",0,"2024-06-17",0,1,96.06,96.64,1,5,0,1555,0,0.115,96.53,96.585,96.52,0,393,96.57,13637,0,0,"",0
"2022-07-04","BAXU24","BAX","BAX","BAX",0,"2024-09-16",0,1,96.1,0,1,0,0,23,0,0.06,96.55,96.55,96.54,0,7,96.59,3188,0,0,"",0
"2022-07-04","BAXZ24","BAX","BAX","BAX",0,"2024-12-16",0,1,0,97,0,1,0,26,0,0,0,0,0,0,1,96.6,1584,0,0,"",0
"2022-07-04","BAXH25","BAX","BAX","BAX",0,"2025-03-17",0,1,95.5,97.5,1,1,0,13,0,0,0,0,0,0,1,96.615,908,0,0,"",0
"2022-07-04","BAXM25","BAX","BAX","BAX",0,"2025-06-16",0,1,95,97,1,1,0,0,0,0,0,0,0,0,0,96.605,1,0,0,"",0
"2022-07-05","BAXN22","BAX","BAX","BAX",0,"2022-07-18",0,1,0,0,0,0,0,0,0,0,0,0,0,0,0,97.43,0,0,0,"",0
"2022-07-05","BAXQ22","BAX","BAX","BAX",0,"2022-08-15",0,1,0,0,0,0,0,0,0,0,0,0,0,0,0,97.315,0,0,0,"",0
"2022-07-05","BAXU22","BAX","BAX","BAX",0,"2022-09-19",0,1,96.485,96.495,15,30,0,8454,0,-0.02,96.48,96.535,96.465,0,1769,96.495,146269,0,0,"",0
"2022-07-05","BAXZ22","BAX","BAX","BAX",0,"2022-12-19",0,1,96.175,96.19,144,31,0,16941,0,0.025,96.125,96.275,96.12,0,3275,96.195,174663,0,0,"",0
"2022-07-05","BAXH23","BAX","BAX","BAX",0,"2023-03-13",0,1,96.305,96.335,14,10,0,17446,0,0.075,96.2,96.37,96.19,0,2768,96.31,131243,0,0,"",0
"2022-07-05","BAXM23","BAX","BAX","BAX",0,"2023-06-19",0,1,96.345,96.48,10,10,0,9359,0,0.12,96.3,96.51,96.295,0,2013,96.47,87550,0,0,"",0
"2022-07-05","BAXU23","BAX","BAX","BAX",0,"2023-09-18",0,1,96.385,96.605,50,25,0,7365,0,0.14,96.39,96.615,96.385,0,1262,96.585,77607,0,0,"",0
"2022-07-05","BAXZ23","BAX","BAX","BAX",0,"2023-12-18",0,1,96.62,96.655,25,1,0,7574,0,0.13,96.44,96.675,96.44,0,1721,96.645,63772,0,0,"",0
"2022-07-05","BAXH24","BAX","BAX","BAX",0,"2024-03-18",0,1,96.01,0,1,0,0,2694,0,0.135,96.515,96.73,96.49,0,547,96.71,28550,0,0,"",0
"2022-07-05","BAXM24","BAX","BAX","BAX",0,"2024-06-17",0,1,96.605,0,50,0,0,2618,0,0.13,96.54,96.755,96.535,0,615,96.735,13890,0,0,"",0
"2022-07-05","BAXU24","BAX","BAX","BAX",0,"2024-09-16",0,1,96.665,0,5,0,0,218,0,0.13,96.67,96.755,96.67,0,52,96.755,3195,0,0,"",0
"2022-07-05","BAXZ24","BAX","BAX","BAX",0,"2024-12-16",0,1,0,96.71,0,4,0,285,0,0.115,96.7,96.745,96.7,0,64,96.765,1610,0,0,"",0
"2022-07-05","BAXH25","BAX","BAX","BAX",0,"2025-03-17",0,1,95.5,97.5,1,1,0,85,0,0.11,96.76,96.76,96.72,0,14,96.78,897,0,0,"",0
"2022-07-05","BAXM25","BAX","BAX","BAX",0,"2025-06-16",0,1,95,97,1,1,0,0,0,0,0,0,0,0,0,96.77,1,0,0,"",0
"2022-07-06","BAXN22","BAX","BAX","BAX",0,"2022-07-18",0,1,0,0,0,0,0,0,0,0,0,0,0,0,0,97.34,0,0,0,"",0
"2022-07-06","BAXQ22","BAX","BAX","BAX",0,"2022-08-15",0,1,0,0,0,0,0,0,0,0,0,0,0,0,0,97.225,0,0,0,"",0
"2022-07-06","BAXU22","BAX","BAX","BAX",0,"2022-09-19",0,1,96.38,96.39,42,176,0,13053,0,-0.105,96.485,96.5,96.39,0,1629,96.405,148421,0,0,"",0
"2022-07-06","BAXZ22","BAX","BAX","BAX",0,"2022-12-19",0,1,96.045,96.055,77,25,0,15253,0,-0.145,96.17,96.215,96.045,0,2740,96.07,183602,0,0,"",0
"2022-07-06","BAXH23","BAX","BAX","BAX",0,"2023-03-13",0,1,96.175,96.195,4,50,0,19831,0,-0.13,96.31,96.35,96.175,0,3152,96.2,136387,0,0,"",0
"2022-07-06","BAXM23","BAX","BAX","BAX",0,"2023-06-19",0,1,96.35,96.445,2,10,0,11251,0,-0.1,96.48,96.535,96.37,0,1809,96.39,88772,0,0,"",0
"2022-07-06","BAXU23","BAX","BAX","BAX",0,"2023-09-18",0,1,96.355,0,1,0,0,11686,0,-0.075,96.59,96.675,96.51,0,1917,96.54,78812,0,0,"",0
"2022-07-06","BAXZ23","BAX","BAX","BAX",0,"2023-12-18",0,1,96.195,96.575,44,50,0,6020,0,-0.075,96.65,96.745,96.57,0,1440,96.61,65018,0,0,"",0
"2022-07-06","BAXH24","BAX","BAX","BAX",0,"2024-03-18",0,1,0,0,0,0,0,3906,0,-0.08,96.67,96.795,96.63,0,816,96.67,28206,0,0,"",0
"2022-07-06","BAXM24","BAX","BAX","BAX",0,"2024-06-17",0,1,96.645,0,3,0,0,3470,0,-0.085,96.715,96.82,96.65,0,604,96.695,14491,0,0,"",0
"2022-07-06","BAXU24","BAX","BAX","BAX",0,"2024-09-16",0,1,0,96.705,0,75,0,218,0,-0.055,96.72,96.82,96.7,0,77,96.705,3227,0,0,"",0
"2022-07-06","BAXZ24","BAX","BAX","BAX",0,"2024-12-16",0,1,0,97,0,1,0,230,0,-0.085,96.74,96.81,96.68,0,74,96.7,1647,0,0,"",0
"2022-07-06","BAXH25","BAX","BAX","BAX",0,"2025-03-17",0,1,95.5,97.5,1,1,0,106,0,-0.1,96.775,96.775,96.68,0,38,96.7,932,0,0,"",0
"2022-07-06","BAXM25","BAX","BAX","BAX",0,"2025-06-16",0,1,95,97,1,1,0,0,0,0,0,0,0,0,0,96.69,1,0,0,"",0
"2022-07-07","BAXN22","BAX","BAX","BAX",0,"2022-07-18",0,1,0,0,0,0,0,0,0,0,0,0,0,0,0,97.31,0,0,0,"",0
"2022-07-07","BAXQ22","BAX","BAX","BAX",0,"2022-08-15",0,1,0,0,0,0,0,0,0,0,0,0,0,0,0,97.195,0,0,0,"",0
"2022-07-07","BAXU22","BAX","BAX","BAX",0,"2022-09-19",0,1,96.345,96.375,1,40,0,7481,0,-0.04,96.38,96.42,96.36,0,1395,96.375,152297,0,0,"",0
"2022-07-07","BAXZ22","BAX","BAX","BAX",0,"2022-12-19",0,1,96,96.02,500,32,0,9499,0,-0.05,96.095,96.095,96.01,0,2158,96.02,187863,0,0,"",0
"2022-07-07","BAXH23","BAX","BAX","BAX",0,"2023-03-13",0,1,96.115,96.14,100,25,0,10959,0,-0.08,96.175,96.205,96.105,0,2467,96.135,138081,0,0,"",0
"2022-07-07","BAXM23","BAX","BAX","BAX",0,"2023-06-19",0,1,96.285,96.3,10,15,0,9358,0,-0.1,96.36,96.395,96.27,0,2408,96.3,88952,0,0,"",0
"2022-07-07","BAXU23","BAX","BAX","BAX",0,"2023-09-18",0,1,0,0,0,0,0,7106,0,-0.105,96.495,96.635,96.41,0,1412,96.435,80576,0,0,"",0
"2022-07-07","BAXZ23","BAX","BAX","BAX",0,"2023-12-18",0,1,96.505,96.52,79,48,0,4900,0,-0.1,96.555,96.705,96.485,0,798,96.505,65063,0,0,"",0
"2022-07-07","BAXH24","BAX","BAX","BAX",0,"2024-03-18",0,1,0,0,0,0,0,1889,0,-0.1,96.575,96.67,96.545,0,423,96.565,28300,0,0,"",0
"2022-07-07","BAXM24","BAX","BAX","BAX",0,"2024-06-17",0,1,96.575,96.6,25,5,0,4035,0,-0.1,96.645,96.695,96.58,0,825,96.59,15177,0,0,"",0
"2022-07-07","BAXU24","BAX","BAX","BAX",0,"2024-09-16",0,1,0,96.705,0,75,0,273,0,-0.12,96.67,96.7,96.585,0,59,96.6,3297,0,0,"",0
"2022-07-07","BAXZ24","BAX","BAX","BAX",0,"2024-12-16",0,1,0,96.615,0,5,0,28,0,-0.135,96.565,96.565,96.565,0,7,96.595,1788,0,0,"",0
"2022-07-07","BAXH25","BAX","BAX","BAX",0,"2025-03-17",0,1,95.5,97.5,1,1,0,25,0,-0.145,96.575,96.575,96.555,0,4,96.595,998,0,0,"",0
"2022-07-07","BAXM25","BAX","BAX","BAX",0,"2025-06-16",0,1,95,97,1,1,0,0,0,0,0,0,0,0,0,96.585,1,0,0,"",0
"2022-07-08","BAXN22","BAX","BAX","BAX",0,"2022-07-18",0,1,0,0,0,0,0,0,0,0,0,0,0,0,0,97.275,0,0,0,"",0
"2022-07-08","BAXQ22","BAX","BAX","BAX",0,"2022-08-15",0,1,0,0,0,0,0,0,0,0,0,0,0,0,0,97.16,0,0,0,"",0
"2022-07-08","BAXU22","BAX","BAX","BAX",0,"2022-09-19",0,1,96.335,96.34,3,136,0,12593,0,-0.035,96.38,96.425,96.305,0,2160,96.34,147818,0,0,"",0
"2022-07-08","BAXZ22","BAX","BAX","BAX",0,"2022-12-19",0,1,95.95,95.955,5,2,0,13043,0,-0.065,96.01,96.04,95.935,0,3344,95.965,183665,0,0,"",0
"2022-07-08","BAXH23","BAX","BAX","BAX",0,"2023-03-13",0,1,96.04,96.1,8,1,0,12899,0,-0.085,96.13,96.16,96.025,0,2627,96.055,132384,0,0,"",0
"2022-07-08","BAXM23","BAX","BAX","BAX",0,"2023-06-19",0,1,96.195,96.25,6,10,0,7973,0,-0.105,96.31,96.37,96.17,0,2156,96.2,88671,0,0,"",0
"2022-07-08","BAXU23","BAX","BAX","BAX",0,"2023-09-18",0,1,0,96.345,0,11,0,4606,0,-0.11,96.45,96.45,96.295,0,908,96.325,79305,0,0,"",0
"2022-07-08","BAXZ23","BAX","BAX","BAX",0,"2023-12-18",0,1,96.28,96.415,5,11,0,3753,0,-0.11,96.52,96.52,96.365,0,782,96.39,63876,0,0,"",0
"2022-07-08","BAXH24","BAX","BAX","BAX",0,"2024-03-18",0,1,0,96.515,0,23,0,1665,0,-0.11,96.57,96.57,96.42,0,474,96.45,26068,0,0,"",0
"2022-07-08","BAXM24","BAX","BAX","BAX",0,"2024-06-17",0,1,0,96.51,0,15,0,1005,0,-0.11,96.605,96.61,96.44,0,332,96.475,14951,0,0,"",0
"2022-07-08","BAXU24","BAX","BAX","BAX",0,"2024-09-16",0,1,0,0,0,0,0,71,0,-0.125,96.51,96.53,96.475,0,33,96.485,3161,0,0,"",0
"2022-07-08","BAXZ24","BAX","BAX","BAX",0,"2024-12-16",0,1,0,97,0,1,0,0,0,0,0,0,0,0,0,96.48,1757,0,0,"",0
"2022-07-08","BAXH25","BAX","BAX","BAX",0,"2025-03-17",0,1,95.5,97.5,1,1,0,0,0,0,0,0,0,0,0,96.48,1005,0,0,"",0
"2022-07-08","BAXM25","BAX","BAX","BAX",0,"2025-06-16",0,1,95,97,1,1,0,0,0,0,0,0,0,0,0,96.47,1,0,0,"",0
"2022-07-11","BAXN22","BAX","BAX","BAX",0,"2022-07-18",0,1,0,0,0,0,0,0,0,0,0,0,0,0,0,97.23,0,0,0,"",0
"2022-07-11","BAXQ22","BAX","BAX","BAX",0,"2022-08-15",0,1,0,0,0,0,0,0,0,0,0,0,0,0,0,97.115,0,0,0,"",0
"2022-07-11","BAXU22","BAX","BAX","BAX",0,"2022-09-19",0,1,96.29,96.305,116,26,0,8763,0,-0.035,96.315,96.345,96.275,0,1529,96.295,153529,0,0,"",0
"2022-07-11","BAXZ22","BAX","BAX","BAX",0,"2022-12-19",0,1,95.95,95.96,1,2,0,14548,0,-0.01,95.925,95.985,95.925,0,3540,95.955,186483,0,0,"",0
"2022-07-11","BAXH23","BAX","BAX","BAX",0,"2023-03-13",0,1,96.08,96.165,19,25,0,12957,0,0.025,96.045,96.165,96.025,0,2963,96.07,133458,0,0,"",0
"2022-07-11","BAXM23","BAX","BAX","BAX",0,"2023-06-19",0,1,96.19,96.255,4,4,0,8891,0,0.03,96.185,96.33,96.175,0,2692,96.215,89117,0,0,"",0
"2022-07-11","BAXU23","BAX","BAX","BAX",0,"2023-09-18",0,1,0,0,0,0,0,6933,0,0.005,96.29,96.395,96.26,0,1116,96.325,79299,0,0,"",0
"2022-07-11","BAXZ23","BAX","BAX","BAX",0,"2023-12-18",0,1,96.195,96.39,44,23,0,6016,0,0,96.31,96.46,96.31,0,921,96.38,63518,0,0,"",0
"2022-07-11","BAXH24","BAX","BAX","BAX",0,"2024-03-18",0,1,0,96.43,0,23,0,2963,0,-0.015,96.475,96.505,96.395,0,406,96.43,26632,0,0,"",0
"2022-07-11","BAXM24","BAX","BAX","BAX",0,"2024-06-17",0,1,0,96.45,0,23,0,2160,0,-0.03,96.51,96.535,96.42,0,605,96.455,14028,0,0,"",0
"2022-07-11","BAXU24","BAX","BAX","BAX",0,"2024-09-16",0,1,0,96.455,0,3,0,303,0,-0.03,96.52,96.535,96.43,0,61,96.465,3175,0,0,"",0
"2022-07-11","BAXZ24","BAX","BAX","BAX",0,"2024-12-16",0,1,0,97,0,1,0,16,0,-0.035,96.485,96.485,96.435,0,7,96.46,1757,0,0,"",0
"2022-07-11","BAXH25","BAX","BAX","BAX",0,"2025-03-17",0,1,95.5,97.5,1,1,0,107,0,-0.025,96.505,96.51,96.455,0,9,96.46,1005,0,0,"",0
"2022-07-11","BAXM25","BAX","BAX","BAX",0,"2025-06-16",0,1,95,97,1,1,0,0,0,0,0,0,0,0,0,96.45,1,0,0,"",0
"2022-07-12","BAXN22","BAX","BAX","BAX",0,"2022-07-18",0,1,0,0,0,0,0,0,0,0,0,0,0,0,0,97.23,0,0,0,"",0
"2022-07-12","BAXQ22","BAX","BAX","BAX",0,"2022-08-15",0,1,0,0,0,0,0,0,0,0,0,0,0,0,0,97.115,0,0,0,"",0
"2022-07-12","BAXU22","BAX","BAX","BAX",0,"2022-09-19",0,1,96.29,96.3,1,25,0,11660,0,-0.005,96.32,96.34,96.28,0,1269,96.295,149991,0,0,"",0
"2022-07-12","BAXZ22","BAX","BAX","BAX",0,"2022-12-19",0,1,96,96.07,54,5,0,10700,0,0.07,95.97,96.065,95.97,0,2024,96.035,190341,0,0,"",0
"2022-07-12","BAXH23","BAX","BAX","BAX",0,"2023-03-13",0,1,96.17,96.205,141,32,0,15066,0,0.105,96.095,96.21,96.095,0,2615,96.19,136881,0,0,"",0
"2022-07-12","BAXM23","BAX","BAX","BAX",0,"2023-06-19",0,1,96,0,50,0,0,8322,0,0.095,96.24,96.355,96.235,0,1744,96.335,88873,0,0,"",0
"2022-07-12","BAXU23","BAX","BAX","BAX",0,"2023-09-18",0,1,0,96.42,0,10,0,6884,0,0.07,96.34,96.455,96.34,0,1075,96.425,78283,0,0,"",0
"2022-07-12","BAXZ23","BAX","BAX","BAX",0,"2023-12-18",0,1,96.195,96.445,44,3,0,4343,0,0.06,96.395,96.5,96.395,0,845,96.47,63472,0,0,"",0
"2022-07-12","BAXH24","BAX","BAX","BAX",0,"2024-03-18",0,1,0,96.52,0,10,0,1860,0,0.045,96.47,96.535,96.46,0,614,96.51,27984,0,0,"",0
"2022-07-12","BAXM24","BAX","BAX","BAX",0,"2024-06-17",0,1,0,0,0,0,0,1318,0,0.05,96.515,96.545,96.485,0,392,96.535,14217,0,0,"",0
"2022-07-12","BAXU24","BAX","BAX","BAX",0,"2024-09-16",0,1,0,96.555,0,10,0,22,0,0.06,96.53,96.53,96.525,0,6,96.545,3286,0,0,"",0
"2022-07-12","BAXZ24","BAX","BAX","BAX",0,"2024-12-16",0,1,96.46,97,50,1,0,0,0,0,0,0,0,0,0,96.54,1748,0,0,"",0
"2022-07-12","BAXH25","BAX","BAX","BAX",0,"2025-03-17",0,1,95.5,97.5,1,1,0,0,0,0,0,0,0,0,0,96.54,1001,0,0,"",0
"2022-07-12","BAXM25","BAX","BAX","BAX",0,"2025-06-16",0,1,95,97,1,1,0,0,0,0,0,0,0,0,0,96.53,1,0,0,"",0
"2022-07-13","BAXN22","BAX","BAX","BAX",0,"2022-07-18",0,1,0,0,0,0,0,0,0,0,0,0,0,0,0,96.985,0,0,0,"",0
"2022-07-13","BAXQ22","BAX","BAX","BAX",0,"2022-08-15",0,1,0,0,0,0,0,0,0,0,0,0,0,0,0,96.87,0,0,0,"",0
"2022-07-13","BAXU22","BAX","BAX","BAX",0,"2022-09-19",0,1,96.025,96.05,21,25,0,17005,0,-0.255,96.28,96.285,96,0,3154,96.05,149415,0,0,"",0
"2022-07-13","BAXZ22","BAX","BAX","BAX",0,"2022-12-19",0,1,95.865,95.89,25,30,0,23995,0,-0.165,96.025,96.035,95.76,0,4507,95.87,193970,0,0,"",0
"2022-07-13","BAXH23","BAX","BAX","BAX",0,"2023-03-13",0,1,96.1,96.12,135,10,0,18469,0,-0.075,96.185,96.19,95.975,0,3855,96.11,141793,0,0,"",0
"2022-07-13","BAXM23","BAX","BAX","BAX",0,"2023-06-19",0,1,96.285,96.345,100,24,0,10322,0,-0.03,96.325,96.345,96.14,0,2441,96.3,89469,0,0,"",0
"2022-07-13","BAXU23","BAX","BAX","BAX",0,"2023-09-18",0,1,96.375,0,56,0,0,6753,0,-0.015,96.435,96.51,96.25,0,1465,96.415,77238,0,0,"",0
"2022-07-13","BAXZ23","BAX","BAX","BAX",0,"2023-12-18",0,1,96.455,98.3,75,1,0,7461,0,-0.01,96.47,96.565,96.21,0,1595,96.47,63682,0,0,"",0
"2022-07-13","BAXH24","BAX","BAX","BAX",0,"2024-03-18",0,1,0,96.53,0,92,0,3457,0,-0.005,96.505,96.55,96.34,0,829,96.525,28295,0,0,"",0
"2022-07-13","BAXM24","BAX","BAX","BAX",0,"2024-06-17",0,1,0,0,0,0,0,3361,0,0,96.51,96.585,96.365,0,813,96.555,14345,0,0,"",0
"2022-07-13","BAXU24","BAX","BAX","BAX",0,"2024-09-16",0,1,96.525,0,5,0,0,421,0,0.02,96.39,96.595,96.39,0,140,96.565,3296,0,0,"",0
"2022-07-13","BAXZ24","BAX","BAX","BAX",0,"2024-12-16",0,1,0,97,0,1,0,25,0,0.05,96.395,96.59,96.39,0,4,96.56,1738,0,0,"",0
"2022-07-13","BAXH25","BAX","BAX","BAX",0,"2025-03-17",0,1,95.5,97.5,1,1,0,1,0,0.05,96.59,96.59,96.59,0,1,96.56,1001,0,0,"",0
"2022-07-13","BAXM25","BAX","BAX","BAX",0,"2025-06-16",0,1,95,97,1,1,0,0,0,0,0,0,0,0,0,96.55,1,0,0,"",0
"2022-07-14","BAXN22","BAX","BAX","BAX",0,"2022-07-18",0,1,0,0,0,0,0,0,0,0,0,0,0,0,0,97.02,0,0,0,"",0
"2022-07-14","BAXQ22","BAX","BAX","BAX",0,"2022-08-15",0,1,0,0,0,0,0,0,0,0,0,0,0,0,0,96.905,0,0,0,"",0
"2022-07-14","BAXU22","BAX","BAX","BAX",0,"2022-09-19",0,1,96.06,96.085,10,5,0,9560,0,0.015,96.03,96.09,95.99,0,892,96.085,146122,0,0,"",0
"2022-07-14","BAXZ22","BAX","BAX","BAX",0,"2022-12-19",0,1,95.915,96.15,5,1,0,14536,0,0.05,95.84,95.935,95.805,0,2128,95.91,202071,0,0,"",0
"2022-07-14","BAXH23","BAX","BAX","BAX",0,"2023-03-13",0,1,96.135,96.155,50,5,0,18071,0,0.03,96.08,96.15,96.005,0,2406,96.115,141963,0,0,"",0
"2022-07-14","BAXM23","BAX","BAX","BAX",0,"2023-06-19",0,1,96.165,0,25,0,0,9407,0,0.04,96.235,96.355,96.19,0,2327,96.305,89283,0,0,"",0
"2022-07-14","BAXU23","BAX","BAX","BAX",0,"2023-09-18",0,1,96.44,96.46,1,23,0,6987,0,0.045,96.325,96.47,96.305,0,1004,96.42,74668,0,0,"",0
"2022-07-14","BAXZ23","BAX","BAX","BAX",0,"2023-12-18",0,1,96.35,98.3,50,1,0,4880,0,0.045,96.385,96.535,96.36,0,840,96.475,64304,0,0,"",0
"2022-07-14","BAXH24","BAX","BAX","BAX",0,"2024-03-18",0,1,0,0,0,0,0,2077,0,0.035,96.44,96.58,96.41,0,527,96.53,27931,0,0,"",0
"2022-07-14","BAXM24","BAX","BAX","BAX",0,"2024-06-17",0,1,0,96.605,0,25,0,2269,0,0.035,96.485,96.615,96.45,0,573,96.565,14749,0,0,"",0
"2022-07-14","BAXU24","BAX","BAX","BAX",0,"2024-09-16",0,1,96.45,0,4,0,0,142,0,0.06,96.505,96.625,96.49,0,42,96.58,3491,0,0,"",0
"2022-07-14","BAXZ24","BAX","BAX","BAX",0,"2024-12-16",0,1,0,97,0,1,0,57,0,0.05,96.63,96.63,96.585,0,23,96.575,1742,0,0,"",0
"2022-07-14","BAXH25","BAX","BAX","BAX",0,"2025-03-17",0,1,95.5,97.5,1,1,0,18,0,0.045,96.6,96.605,96.6,0,5,96.575,1001,0,0,"",0
"2022-07-14","BAXM25","BAX","BAX","BAX",0,"2025-06-16",0,1,95,97,1,1,0,0,0,0,0,0,0,0,0,96.565,1,0,0,"",0
"2022-07-15","BAXN22","BAX","BAX","BAX",0,"2022-07-18",0,1,0,0,0,0,0,0,0,0,0,0,0,0,0,97.095,0,0,0,"",0
"2022-07-15","BAXQ22","BAX","BAX","BAX",0,"2022-08-15",0,1,0,0,0,0,0,0,0,0,0,0,0,0,0,96.98,0,0,0,"",0
"2022-07-15","BAXU22","BAX","BAX","BAX",0,"2022-09-19",0,1,96.125,96.15,11,5,0,6800,0,0.055,96.06,96.16,96.06,0,683,96.16,141988,0,0,"",0
"2022-07-15","BAXZ22","BAX","BAX","BAX",0,"2022-12-19",0,1,95.99,96,15,20,0,7078,0,0.085,95.935,96,95.9,0,1641,96,202763,0,0,"",0
"2022-07-15","BAXH23","BAX","BAX","BAX",0,"2023-03-13",0,1,96.18,96.205,1,11,0,10146,0,0.085,96.155,96.205,96.115,0,2019,96.2,146079,0,0,"",0
"2022-07-15","BAXM23","BAX","BAX","BAX",0,"2023-06-19",0,1,96.37,96.39,44,10,0,6708,0,0.075,96.36,96.395,96.32,0,1575,96.39,91545,0,0,"",0
"2022-07-15","BAXU23","BAX","BAX","BAX",0,"2023-09-18",0,1,0,96.5,0,35,0,4593,0,0.075,96.49,96.505,96.435,0,896,96.495,74927,0,0,"",0
"2022-07-15","BAXZ23","BAX","BAX","BAX",0,"2023-12-18",0,1,96.35,98.3,50,1,0,3874,0,0.075,96.55,96.56,96.495,0,798,96.545,64533,0,0,"",0
"2022-07-15","BAXH24","BAX","BAX","BAX",0,"2024-03-18",0,1,0,0,0,0,0,1330,0,0.07,96.58,96.6,96.535,0,414,96.59,27376,0,0,"",0
"2022-07-15","BAXM24","BAX","BAX","BAX",0,"2024-06-17",0,1,0,0,0,0,0,1199,0,0.07,96.615,96.635,96.57,0,480,96.625,15621,0,0,"",0
"2022-07-15","BAXU24","BAX","BAX","BAX",0,"2024-09-16",0,1,96.525,0,10,0,0,286,0,0.08,96.61,96.66,96.6,0,211,96.64,3536,0,0,"",0
"2022-07-15","BAXZ24","BAX","BAX","BAX",0,"2024-12-16",0,1,0,97,0,1,0,25,0,0.06,96.635,96.635,96.635,0,1,96.635,1756,0,0,"",0
"2022-07-15","BAXH25","BAX","BAX","BAX",0,"2025-03-17",0,1,95.5,97.5,1,1,0,0,0,0,0,0,0,0,0,96.635,1001,0,0,"",0
"2022-07-15","BAXM25","BAX","BAX","BAX",0,"2025-06-16",0,1,95,97,1,1,0,0,0,0,0,0,0,0,0,96.625,1,0,0,"",0
"2022-07-18","BAXN22","BAX","BAX","BAX",0,"2022-07-18",0,1,0,0,0,0,0,0,0,0,0,0,0,0,0,96.632,0,0,0,"",0
"2022-07-18","BAXQ22","BAX","BAX","BAX",0,"2022-08-15",0,1,0,0,0,0,0,0,0,0,0,0,0,0,0,96.95,0,0,0,"",0
"2022-07-18","BAXU22","BAX","BAX","BAX",0,"2022-09-19",0,1,96.12,96.135,25,5,0,3879,0,-0.025,96.125,96.135,96.105,0,742,96.13,136620,0,0,"",0
"2022-07-18","BAXZ22","BAX","BAX","BAX",0,"2022-12-19",0,1,95.975,95.99,20,5,0,8304,0,-0.02,95.97,95.985,95.95,0,1870,95.97,199539,0,0,"",0
"2022-07-18","BAXH23","BAX","BAX","BAX",0,"2023-03-13",0,1,96.17,96.19,50,205,0,6274,0,-0.02,96.18,96.18,96.14,0,1109,96.17,141763,0,0,"",0
"2022-07-18","BAXM23","BAX","BAX","BAX",0,"2023-06-19",0,1,0,96.365,0,1,0,3943,0,-0.035,96.355,96.38,96.32,0,931,96.36,92813,0,0,"",0
"2022-07-18","BAXU23","BAX","BAX","BAX",0,"2023-09-18",0,1,96.43,96.46,25,50,0,5452,0,-0.04,96.47,96.485,96.425,0,918,96.465,74300,0,0,"",0
"2022-07-18","BAXZ23","BAX","BAX","BAX",0,"2023-12-18",0,1,96.35,96.51,50,20,0,3577,0,-0.04,96.52,96.53,96.475,0,545,96.51,63483,0,0,"",0
"2022-07-18","BAXH24","BAX","BAX","BAX",0,"2024-03-18",0,1,0,96.55,0,1,0,2872,0,-0.04,96.575,96.58,96.515,0,556,96.555,27274,0,0,"",0
"2022-07-18","BAXM24","BAX","BAX","BAX",0,"2024-06-17",0,1,0,96.625,0,2,0,1317,0,-0.04,96.61,96.62,96.545,0,399,96.59,15338,0,0,"",0
"2022-07-18","BAXU24","BAX","BAX","BAX",0,"2024-09-16",0,1,0,0,0,0,0,249,0,-0.05,96.64,96.64,96.58,0,180,96.615,3706,0,0,"",0
"2022-07-18","BAXZ24","BAX","BAX","BAX",0,"2024-12-16",0,1,0,97,0,1,0,24,0,-0.04,96.605,96.605,96.595,0,7,96.615,1755,0,0,"",0
"2022-07-18","BAXH25","BAX","BAX","BAX",0,"2025-03-17",0,1,95.5,97.5,1,1,0,0,0,0,0,0,0,0,0,96.615,1001,0,0,"",0
"2022-07-18","BAXM25","BAX","BAX","BAX",0,"2025-06-16",0,1,95,97,1,1,0,0,0,0,0,0,0,0,0,96.605,1,0,0,"",0
"2022-07-19","BAXQ22","BAX","BAX","BAX",0,"2022-08-15",0,1,0,0,0,0,0,0,0,0,0,0,0,0,0,96.875,0,0,0,"",0
"2022-07-19","BAXU22","BAX","BAX","BAX",0,"2022-09-19",0,1,96.04,96.045,26,3,0,5852,0,-0.085,96.135,96.135,96.045,0,947,96.055,136483,0,0,"",0
"2022-07-19","BAXV22","BAX","BAX","BAX",0,"2022-10-17",0,1,0,0,0,0,0,0,0,0,0,0,0,0,0,95.975,0,0,0,"",0
"2022-07-19","BAXZ22","BAX","BAX","BAX",0,"2022-12-19",0,1,95.855,95.88,50,5,0,17497,0,-0.105,95.98,95.985,95.855,0,3374,95.88,201610,0,0,"",0
"2022-07-19","BAXH23","BAX","BAX","BAX",0,"2023-03-13",0,1,96.035,96.07,1,17,0,12571,0,-0.12,96.17,96.185,96.045,0,2038,96.07,142124,0,0,"",0
"2022-07-19","BAXM23","BAX","BAX","BAX",0,"2023-06-19",0,1,96.225,96.32,25,5,0,7144,0,-0.115,96.365,96.37,96.24,0,1469,96.26,93514,0,0,"",0
"2022-07-19","BAXU23","BAX","BAX","BAX",0,"2023-09-18",0,1,96.355,0,50,0,0,5722,0,-0.1,96.46,96.465,96.355,0,704,96.375,76161,0,0,"",0
"2022-07-19","BAXZ23","BAX","BAX","BAX",0,"2023-12-18",0,1,96.415,98.3,40,1,0,4363,0,-0.085,96.53,96.53,96.405,0,721,96.43,63942,0,0,"",0
"2022-07-19","BAXH24","BAX","BAX","BAX",0,"2024-03-18",0,1,0,0,0,0,0,3334,0,-0.09,96.55,96.56,96.455,0,695,96.475,27733,0,0,"",0
"2022-07-19","BAXM24","BAX","BAX","BAX",0,"2024-06-17",0,1,96.485,0,5,0,0,2699,0,-0.095,96.595,96.595,96.495,0,637,96.51,15620,0,0,"",0
"2022-07-19","BAXU24","BAX","BAX","BAX",0,"2024-09-16",0,1,0,0,0,0,0,378,0,-0.09,96.62,96.62,96.525,0,71,96.535,3813,0,0,"",0
"2022-07-19","BAXZ24","BAX","BAX","BAX",0,"2024-12-16",0,1,0,97,0,1,0,88,0,-0.05,96.605,96.605,96.565,0,22,96.535,1716,0,0,"",0
"2022-07-19","BAXH25","BAX","BAX","BAX",0,"2025-03-17",0,1,95.5,97.5,1,1,0,12,0,-0.025,96.6,96.6,96.58,0,6,96.535,1001,0,0,"",0
"2022-07-19","BAXM25","BAX","BAX","BAX",0,"2025-06-16",0,1,95,97,1,1,0,0,0,0,0,0,0,0,0,96.525,1,0,0,"",0
"2022-07-20","BAXQ22","BAX","BAX","BAX",0,"2022-08-15",0,1,0,0,0,0,0,0,0,0,0,0,0,0,0,96.9,0,0,0,"",0
"2022-07-20","BAXU22","BAX","BAX","BAX",0,"2022-09-19",0,1,96.07,96.085,100,35,0,9350,0,0.025,96.055,96.115,96.035,0,789,96.08,138294,0,0,"",0
"2022-07-20","BAXV22","BAX","BAX","BAX",0,"2022-10-17",0,1,0,0,0,0,0,0,0,0,0,0,0,0,0,96,0,0,0,"",0
"2022-07-20","BAXZ22","BAX","BAX","BAX",0,"2022-12-19",0,1,95.885,95.9,15,78,0,17208,0,0.02,95.88,95.955,95.855,0,2770,95.905,209782,0,0,"",0
"2022-07-20","BAXH23","BAX","BAX","BAX",0,"2023-03-13",0,1,96.05,96.075,15,5,0,14023,0,-0.01,96.075,96.145,96.05,0,2428,96.075,144327,0,0,"",0
"2022-07-20","BAXM23","BAX","BAX","BAX",0,"2023-06-19",0,1,96.22,96.235,5,5,0,7478,0,-0.035,96.28,96.34,96.205,0,1767,96.245,95015,0,0,"",0
"2022-07-20","BAXU23","BAX","BAX","BAX",0,"2023-09-18",0,1,0,96.465,0,25,0,5916,0,-0.055,96.405,96.46,96.305,0,1009,96.345,75784,0,0,"",0
"2022-07-20","BAXZ23","BAX","BAX","BAX",0,"2023-12-18",0,1,96.35,96.505,41,8,0,4861,0,-0.06,96.445,96.51,96.35,0,777,96.395,63229,0,0,"",0
"2022-07-20","BAXH24","BAX","BAX","BAX",0,"2024-03-18",0,1,96.4,0,69,0,0,3120,0,-0.065,96.505,96.555,96.395,0,706,96.435,28253,0,0,"",0
"2022-07-20","BAXM24","BAX","BAX","BAX",0,"2024-06-17",0,1,0,96.46,0,75,0,2062,0,-0.065,96.515,96.585,96.435,0,545,96.47,16038,0,0,"",0
"2022-07-20","BAXU24","BAX","BAX","BAX",0,"2024-09-16",0,1,96.38,0,10,0,0,184,0,-0.04,96.54,96.59,96.49,0,97,96.495,3999,0,0,"",0
"2022-07-20","BAXZ24","BAX","BAX","BAX",0,"2024-12-16",0,1,96,97,1,1,0,0,0,0,0,0,0,0,0,96.495,1721,0,0,"",0
"2022-07-20","BAXH25","BAX","BAX","BAX",0,"2025-03-17",0,1,95.5,97.5,1,1,0,21,0,-0.005,96.53,96.53,96.53,0,3,96.495,1000,0,0,"",0
"2022-07-20","BAXM25","BAX","BAX","BAX",0,"2025-06-16",0,1,95,97,1,1,0,0,0,0,0,0,0,0,0,96.485,1,0,0,"",0
"2022-07-21","BAXQ22","BAX","BAX","BAX",0,"2022-08-15",0,1,0,0,0,0,0,0,0,0,0,0,0,0,0,96.94,0,0,0,"",0
"2022-07-21","BAXU22","BAX","BAX","BAX",0,"2022-09-19",0,1,96.12,96.125,12,150,0,5104,0,0.04,96.065,96.125,96.05,0,682,96.12,141529,0,0,"",0
"2022-07-21","BAXV22","BAX","BAX","BAX",0,"2022-10-17",0,1,0,0,0,0,0,0,0,0,0,0,0,0,0,96.04,0,0,0,"",0
"2022-07-21","BAXZ22","BAX","BAX","BAX",0,"2022-12-19",0,1,95.975,96.05,10,10,0,12240,0,0.125,95.87,96.03,95.845,0,2513,95.99,212241,0,0,"",0
"2022-07-21","BAXH23","BAX","BAX","BAX",0,"2023-03-13",0,1,96.145,96.23,10,1,0,14813,0,0.15,96.015,96.23,96.005,0,2932,96.185,146685,0,0,"",0
"2022-07-21","BAXM23","BAX","BAX","BAX",0,"2023-06-19",0,1,96.33,0,17,0,0,8233,0,0.155,96.185,96.4,96.165,0,2636,96.36,96855,0,0,"",0
"2022-07-21","BAXU23","BAX","BAX","BAX",0,"2023-09-18",0,1,0,96.525,0,25,0,4723,0,0.15,96.315,96.495,96.255,0,1019,96.47,75793,0,0,"",0
"2022-07-21","BAXZ23","BAX","BAX","BAX",0,"2023-12-18",0,1,96.54,98.3,6,1,0,3288,0,0.145,96.37,96.54,96.3,0,654,96.52,63453,0,0,"",0
"2022-07-21","BAXH24","BAX","BAX","BAX",0,"2024-03-18",0,1,0,0,0,0,0,1429,0,0.145,96.405,96.58,96.365,0,357,96.56,28647,0,0,"",0
"2022-07-21","BAXM24","BAX","BAX","BAX",0,"2024-06-17",0,1,96.485,96.65,10,5,0,1821,0,0.155,96.435,96.625,96.415,0,484,96.595,16148,0,0,"",0
"2022-07-21","BAXU24","BAX","BAX","BAX",0,"2024-09-16",0,1,96.6,0,10,0,0,38,0,0.15,96.495,96.645,96.485,0,14,96.625,4129,0,0,"",0
"2022-07-21","BAXZ24","BAX","BAX","BAX",0,"2024-12-16",0,1,96,97,1,1,0,80,0,0.035,96.5,96.53,96.5,0,13,96.63,1760,0,0,"",0
"2022-07-21","BAXH25","BAX","BAX","BAX",0,"2025-03-17",0,1,95.5,97.5,1,1,0,22,0,0.02,96.525,96.525,96.515,0,7,96.63,1000,0,0,"",0
"2022-07-21","BAXM25","BAX","BAX","BAX",0,"2025-06-16",0,1,95,97,1,1,0,0,0,0,0,0,0,0,0,96.62,1,0,0,"",0
"2022-07-22","BAXQ22","BAX","BAX","BAX",0,"2022-08-15",0,1,0,0,0,0,0,0,0,0,0,0,0,0,0,96.99,0,0,0,"",0
"2022-07-22","BAXU22","BAX","BAX","BAX",0,"2022-09-19",0,1,96.16,96.165,51,178,0,7293,0,0.045,96.14,96.18,96.135,0,918,96.17,149578,0,0,"",0
"2022-07-22","BAXV22","BAX","BAX","BAX",0,"2022-10-17",0,1,0,0,0,0,0,0,0,0,0,0,0,0,0,96.09,0,0,0,"",0
"2022-07-22","BAXZ22","BAX","BAX","BAX",0,"2022-12-19",0,1,96.115,96.13,91,2,0,19443,0,0.135,96.045,96.16,96.035,0,5143,96.12,212366,0,0,"",0
"2022-07-22","BAXH23","BAX","BAX","BAX",0,"2023-03-13",0,1,96.37,96.38,25,9,0,15118,0,0.185,96.245,96.39,96.245,0,3646,96.365,146682,0,0,"",0
"2022-07-22","BAXM23","BAX","BAX","BAX",0,"2023-06-19",0,1,0,96.585,0,25,0,10787,0,0.22,96.435,96.595,96.435,0,3065,96.565,98742,0,0,"",0
"2022-07-22","BAXU23","BAX","BAX","BAX",0,"2023-09-18",0,1,0,0,0,0,0,7062,0,0.23,96.545,96.715,96.545,0,2329,96.675,74877,0,0,"",0
"2022-07-22","BAXZ23","BAX","BAX","BAX",0,"2023-12-18",0,1,96.695,96.755,50,25,0,5476,0,0.23,96.595,96.765,96.585,0,1659,96.725,62119,0,0,"",0
"2022-07-22","BAXH24","BAX","BAX","BAX",0,"2024-03-18",0,1,0,0,0,0,0,2401,0,0.225,96.685,96.805,96.66,0,934,96.765,29010,0,0,"",0
"2022-07-22","BAXM24","BAX","BAX","BAX",0,"2024-06-17",0,1,0,0,0,0,0,2774,0,0.23,96.72,96.825,96.705,0,1195,96.8,16321,0,0,"",0
"2022-07-22","BAXU24","BAX","BAX","BAX",0,"2024-09-16",0,1,0,0,0,0,0,450,0,0.2,96.77,96.855,96.75,0,269,96.83,4046,0,0,"",0
"2022-07-22","BAXZ24","BAX","BAX","BAX",0,"2024-12-16",0,1,96.83,97,16,1,0,238,0,0.2,96.775,96.86,96.775,0,71,96.835,1798,0,0,"",0
"2022-07-22","BAXH25","BAX","BAX","BAX",0,"2025-03-17",0,1,95.5,97.5,1,1,0,48,0,0.2,96.79,96.85,96.79,0,14,96.835,999,0,0,"",0
"2022-07-22","BAXM25","BAX","BAX","BAX",0,"2025-06-16",0,1,95,97,1,1,0,0,0,0,0,0,0,0,0,96.825,1,0,0,"",0
"2022-07-25","BAXQ22","BAX","BAX","BAX",0,"2022-08-15",0,1,0,0,0,0,0,0,0,0,0,0,0,0,0,96.965,0,0,0,"",0
"2022-07-25","BAXU22","BAX","BAX","BAX",0,"2022-09-19",0,1,96.14,96.145,61,100,0,5761,0,-0.025,96.17,96.17,96.125,0,980,96.145,133274,0,0,"",0
"2022-07-25","BAXV22","BAX","BAX","BAX",0,"2022-10-17",0,1,0,0,0,0,0,0,0,0,0,0,0,0,0,96.065,0,0,0,"",0
"2022-07-25","BAXZ22","BAX","BAX","BAX",0,"2022-12-19",0,1,96.085,96.095,25,22,0,5152,0,-0.03,96.115,96.12,96.07,0,1194,96.08,218123,0,0,"",0
"2022-07-25","BAXH23","BAX","BAX","BAX",0,"2023-03-13",0,1,96.33,96.34,100,100,0,8469,0,-0.035,96.335,96.39,96.315,0,1249,96.325,150442,0,0,"",0
"2022-07-25","BAXM23","BAX","BAX","BAX",0,"2023-06-19",0,1,96.53,0,1,0,0,5104,0,-0.015,96.535,96.62,96.525,0,1291,96.535,102156,0,0,"",0
"2022-07-25","BAXU23","BAX","BAX","BAX",0,"2023-09-18",0,1,0,0,0,0,0,3616,0,-0.005,96.655,96.705,96.63,0,830,96.655,75461,0,0,"",0
"2022-07-25","BAXZ23","BAX","BAX","BAX",0,"2023-12-18",0,1,96.695,96.745,2,150,0,3267,0,-0.005,96.735,96.765,96.685,0,904,96.705,63349,0,0,"",0
"2022-07-25","BAXH24","BAX","BAX","BAX",0,"2024-03-18",0,1,0,96.755,0,48,0,1567,0,-0.015,96.765,96.8,96.72,0,464,96.745,29673,0,0,"",0
"2022-07-25","BAXM24","BAX","BAX","BAX",0,"2024-06-17",0,1,0,0,0,0,0,780,0,-0.02,96.795,96.82,96.745,0,229,96.775,16944,0,0,"",0
"2022-07-25","BAXU24","BAX","BAX","BAX",0,"2024-09-16",0,1,0,0,0,0,0,88,0,-0.015,96.78,96.85,96.78,0,51,96.805,4235,0,0,"",0
"2022-07-25","BAXZ24","BAX","BAX","BAX",0,"2024-12-16",0,1,96,97,1,1,0,36,0,0.01,96.8,96.845,96.79,0,9,96.81,1882,0,0,"",0
"2022-07-25","BAXH25","BAX","BAX","BAX",0,"2025-03-17",0,1,95.5,97.5,1,1,0,36,0,0,96.795,96.835,96.785,0,9,96.81,999,0,0,"",0
"2022-07-25","BAXM25","BAX","BAX","BAX",0,"2025-06-16",0,1,95,97,1,1,0,0,0,0,0,0,0,0,0,96.8,1,0,0,"",0
"2022-07-26","BAXQ22","BAX","BAX","BAX",0,"2022-08-15",0,1,0,0,0,0,0,0,0,0,0,0,0,0,0,96.95,0,0,0,"",0
"2022-07-26","BAXU22","BAX","BAX","BAX",0,"2022-09-19",0,1,96.12,96.13,27,226,0,5678,0,-0.02,96.14,96.16,96.12,0,491,96.13,138259,0,0,"",0
"2022-07-26","BAXV22","BAX","BAX","BAX",0,"2022-10-17",0,1,0,0,0,0,0,0,0,0,0,0,0,0,0,96.05,0,0,0,"",0
"2022-07-26","BAXZ22","BAX","BAX","BAX",0,"2022-12-19",0,1,96.05,96.07,23,2,0,16554,0,-0.025,96.1,96.12,96.05,0,2571,96.075,213744,0,0,"",0
"2022-07-26","BAXH23","BAX","BAX","BAX",0,"2023-03-13",0,1,96.275,96.295,15,21,0,12701,0,-0.035,96.36,96.375,96.285,0,2090,96.31,151695,0,0,"",0
"2022-07-26","BAXM23","BAX","BAX","BAX",0,"2023-06-19",0,1,0,96.51,0,1,0,12458,0,-0.04,96.58,96.61,96.49,0,2240,96.515,101809,0,0,"",0
"2022-07-26","BAXU23","BAX","BAX","BAX",0,"2023-09-18",0,1,0,0,0,0,0,6329,0,-0.025,96.705,96.745,96.615,0,1293,96.64,75777,0,0,"",0
"2022-07-26","BAXZ23","BAX","BAX","BAX",0,"2023-12-18",0,1,96.315,98.3,50,1,0,8443,0,-0.025,96.755,96.805,96.68,0,1131,96.705,62059,0,0,"",0
"2022-07-26","BAXH24","BAX","BAX","BAX",0,"2024-03-18",0,1,0,96.76,0,73,0,3680,0,0,96.795,96.85,96.74,0,666,96.755,29874,0,0,"",0
"2022-07-26","BAXM24","BAX","BAX","BAX",0,"2024-06-17",0,1,0,0,0,0,0,2202,0,0.005,96.865,96.875,96.78,0,495,96.785,16222,0,0,"",0
"2022-07-26","BAXU24","BAX","BAX","BAX",0,"2024-09-16",0,1,0,0,0,0,0,9,0,0.02,96.89,96.89,96.825,0,4,96.815,4315,0,0,"",0
"2022-07-26","BAXZ24","BAX","BAX","BAX",0,"2024-12-16",0,1,96.82,97,25,1,0,53,0,0.02,96.895,96.895,96.83,0,4,96.82,1790,0,0,"",0
"2022-07-26","BAXH25","BAX","BAX","BAX",0,"2025-03-17",0,1,96.82,97.5,22,1,0,4,0,0.01,96.82,96.82,96.82,0,2,96.82,994,0,0,"",0
"2022-07-26","BAXM25","BAX","BAX","BAX",0,"2025-06-16",0,1,95,97,1,1,0,1,0,0,0,0,0,0,1,96.81,1,0,0,"",0
"2022-07-27","BAXQ22","BAX","BAX","BAX",0,"2022-08-15",0,1,0,0,0,0,0,0,0,0,0,0,0,0,0,96.985,0,0,0,"",0
"2022-07-27","BAXU22","BAX","BAX","BAX",0,"2022-09-19",0,1,96.17,96.175,45,18,0,8303,0,0.045,96.105,96.175,96.085,0,898,96.165,139591,0,0,"",0
"2022-07-27","BAXV22","BAX","BAX","BAX",0,"2022-10-17",0,1,0,0,0,0,0,0,0,0,0,0,0,0,0,96.085,0,0,0,"",0
"2022-07-27","BAXZ22","BAX","BAX","BAX",0,"2022-12-19",0,1,96.1,96.105,11,2,0,17865,0,0.03,96.055,96.125,96.015,0,2508,96.11,213808,0,0,"",0
"2022-07-27","BAXH23","BAX","BAX","BAX",0,"2023-03-13",0,1,96.335,96.35,250,15,0,12072,0,0.04,96.285,96.355,96.23,0,2049,96.34,155634,0,0,"",0
"2022-07-27","BAXM23","BAX","BAX","BAX",0,"2023-06-19",0,1,96.56,96.58,25,500,0,8121,0,0.055,96.465,96.58,96.44,0,1675,96.545,104084,0,0,"",0
"2022-07-27","BAXU23","BAX","BAX","BAX",0,"2023-09-18",0,1,0,0,0,0,0,5302,0,0.065,96.57,96.71,96.57,0,1286,96.68,76184,0,0,"",0
"2022-07-27","BAXZ23","BAX","BAX","BAX",0,"2023-12-18",0,1,96.765,98.3,49,1,0,5166,0,0.065,96.68,96.77,96.66,0,1052,96.745,63253,0,0,"",0
"2022-07-27","BAXH24","BAX","BAX","BAX",0,"2024-03-18",0,1,96.805,0,25,0,0,3080,0,0.065,96.725,96.83,96.715,0,722,96.795,29216,0,0,"",0
"2022-07-27","BAXM24","BAX","BAX","BAX",0,"2024-06-17",0,1,96.775,0,14,0,0,4315,0,0.055,96.765,96.875,96.75,0,1132,96.84,16309,0,0,"",0
"2022-07-27","BAXU24","BAX","BAX","BAX",0,"2024-09-16",0,1,0,0,0,0,0,105,0,0.035,96.805,96.895,96.805,0,57,96.875,4270,0,0,"",0
"2022-07-27","BAXZ24","BAX","BAX","BAX",0,"2024-12-16",0,1,96.83,97,25,1,0,46,0,0.03,96.84,96.855,96.84,0,22,96.88,1684,0,0,"",0
"2022-07-27","BAXH25","BAX","BAX","BAX",0,"2025-03-17",0,1,95.5,97.5,1,1,0,95,0,0.085,96.82,96.905,96.82,0,12,96.88,967,0,0,"",0
"2022-07-27","BAXM25","BAX","BAX","BAX",0,"2025-06-16",0,1,95,97,1,1,0,0,0,0,0,0,0,0,0,96.87,1,0,0,"",0
"2022-07-28","BAXQ22","BAX","BAX","BAX",0,"2022-08-15",0,1,0,0,0,0,0,0,0,0,0,0,0,0,0,97.065,0,0,0,"",0
"2022-07-28","BAXU22","BAX","BAX","BAX",0,"2022-09-19",0,1,96.235,96.245,25,7,0,11994,0,0.075,96.13,96.25,96.13,0,1533,96.245,142905,0,0,"",0
"2022-07-28","BAXV22","BAX","BAX","BAX",0,"2022-10-17",0,1,0,0,0,0,0,0,0,0,0,0,0,0,0,96.165,0,0,0,"",0
"2022-07-28","BAXZ22","BAX","BAX","BAX",0,"2022-12-19",0,1,96.205,96.22,25,530,0,19850,0,0.1,96.055,96.215,96.055,0,3874,96.195,213379,0,0,"",0
"2022-07-28","BAXH23","BAX","BAX","BAX",0,"2023-03-13",0,1,96.49,96.5,1,31,0,18341,0,0.15,96.295,96.495,96.295,0,2628,96.485,158220,0,0,"",0
"2022-07-28","BAXM23","BAX","BAX","BAX",0,"2023-06-19",0,1,96.72,0,2,0,0,10559,0,0.18,96.51,96.745,96.51,0,2537,96.715,103707,0,0,"",0
"2022-07-28","BAXU23","BAX","BAX","BAX",0,"2023-09-18",0,1,96.765,0,15,0,0,5302,0,0.18,96.615,96.905,96.615,0,1264,96.85,77381,0,0,"",0
"2022-07-28","BAXZ23","BAX","BAX","BAX",0,"2023-12-18",0,1,96.315,98.3,50,1,0,4568,0,0.185,96.69,96.985,96.69,0,1417,96.915,62448,0,0,"",0
"2022-07-28","BAXH24","BAX","BAX","BAX",0,"2024-03-18",0,1,0,96.98,0,1,0,2712,0,0.185,96.745,97.03,96.745,0,648,96.965,28411,0,0,"",0
"2022-07-28","BAXM24","BAX","BAX","BAX",0,"2024-06-17",0,1,96.99,0,25,0,0,2492,0,0.175,96.835,97.055,96.83,0,524,97,16353,0,0,"",0
"2022-07-28","BAXU24","BAX","BAX","BAX",0,"2024-09-16",0,1,0,0,0,0,0,383,0,0.15,96.955,97.06,96.955,0,74,97.03,4321,0,0,"",0
"2022-07-28","BAXZ24","BAX","BAX","BAX",0,"2024-12-16",0,1,96.995,0,1,0,0,71,0,0.155,97,97.06,96.975,0,22,97.035,1687,0,0,"",0
"2022-07-28","BAXH25","BAX","BAX","BAX",0,"2025-03-17",0,1,96.96,97.5,3,1,0,62,0,0.14,97.005,97.05,96.965,0,12,97.035,923,0,0,"",0
"2022-07-28","BAXM25","BAX","BAX","BAX",0,"2025-06-16",0,1,95,97,1,24,0,2,0,0.13,97,97,97,0,2,97.025,1,0,0,"",0
"2022-07-29","BAXQ22","BAX","BAX","BAX",0,"2022-08-15",0,1,0,0,0,0,0,0,0,0,0,0,0,0,0,97.02,0,0,0,"",0
"2022-07-29","BAXU22","BAX","BAX","BAX",0,"2022-09-19",0,1,96.15,96.175,15,50,0,6248,0,-0.07,96.25,96.25,96.175,0,731,96.2,141264,0,0,"",0
"2022-07-29","BAXV22","BAX","BAX","BAX",0,"2022-10-17",0,1,0,0,0,0,0,0,0,0,0,0,0,0,0,96.12,0,0,0,"",0
"2022-07-29","BAXZ22","BAX","BAX","BAX",0,"2022-12-19",0,1,96.055,96.155,2,4,0,10604,0,-0.08,96.22,96.225,96.115,0,1764,96.15,205834,0,0,"",0
"2022-07-29","BAXH23","BAX","BAX","BAX",0,"2023-03-13",0,1,96.28,96.44,23,1,0,9364,0,-0.065,96.495,96.515,96.42,0,1781,96.44,152570,0,0,"",0
"2022-07-29","BAXM23","BAX","BAX","BAX",0,"2023-06-19",0,1,0,96.69,0,1,0,7551,0,-0.025,96.74,96.77,96.665,0,1643,96.675,99411,0,0,"",0
"2022-07-29","BAXU23","BAX","BAX","BAX",0,"2023-09-18",0,1,96.765,96.885,15,10,0,5653,0,-0.035,96.905,96.935,96.815,0,1075,96.825,75056,0,0,"",0
"2022-07-29","BAXZ23","BAX","BAX","BAX",0,"2023-12-18",0,1,96.315,96.91,50,1,0,6036,0,-0.02,96.98,97.005,96.895,0,1241,96.9,55925,0,0,"",0
"2022-07-29","BAXH24","BAX","BAX","BAX",0,"2024-03-18",0,1,0,0,0,0,0,1255,0,-0.01,97.045,97.05,96.95,0,277,96.95,28091,0,0,"",0
"2022-07-29","BAXM24","BAX","BAX","BAX",0,"2024-06-17",0,1,96.975,0,50,0,0,1066,0,-0.005,97.04,97.08,96.985,0,270,96.99,15709,0,0,"",0
"2022-07-29","BAXU24","BAX","BAX","BAX",0,"2024-09-16",0,1,0,0,0,0,0,179,0,0.015,97.06,97.1,97.005,0,45,97.02,4280,0,0,"",0
"2022-07-29","BAXZ24","BAX","BAX","BAX",0,"2024-12-16",0,1,96,0,1,0,0,58,0,0.04,97.005,97.075,97,0,14,97.025,1740,0,0,"",0
"2022-07-29","BAXH25","BAX","BAX","BAX",0,"2025-03-17",0,1,96.96,97.5,3,1,0,81,0,0.055,96.98,97.09,96.975,0,7,97.025,955,0,0,"",0
"2022-07-29","BAXM25","BAX","BAX","BAX",0,"2025-06-16",0,1,95,97.8,1,1,0,0,0,0,0,0,0,0,0,97.015,3,0,0,"",0
"2022-08-02","BAXQ22","BAX","BAX","BAX",0,"2022-08-15",0,1,0,0,0,0,0,0,0,0,0,0,0,0,0,96.95,0,0,0,"",0
"2022-08-02","BAXU22","BAX","BAX","BAX",0,"2022-09-19",0,1,96.045,96.13,20,30,0,6565,0,-0.075,96.225,96.225,96.125,0,797,96.13,138342,0,0,"",0
"2022-08-02","BAXV22","BAX","BAX","BAX",0,"2022-10-17",0,1,0,0,0,0,0,0,0,0,0,0,0,0,0,96.05,0,0,0,"",0
"2022-08-02","BAXZ22","BAX","BAX","BAX",0,"2022-12-19",0,1,96.025,96.035,250,48,0,19297,0,-0.115,96.13,96.17,96.02,0,3121,96.04,206396,0,0,"",0
"2022-08-02","BAXH23","BAX","BAX","BAX",0,"2023-03-13",0,1,96.235,96.275,20,5,0,18282,0,-0.2,96.435,96.48,96.23,0,2543,96.265,154863,0,0,"",0
"2022-08-02","BAXM23","BAX","BAX","BAX",0,"2023-06-19",0,1,96.465,96.495,11,5,0,9616,0,-0.21,96.7,96.74,96.455,0,2184,96.495,99381,0,0,"",0
"2022-08-02","BAXU23","BAX","BAX","BAX",0,"2023-09-18",0,1,0,96.73,0,5,0,4432,0,-0.2,96.89,96.89,96.61,0,1031,96.645,75449,0,0,"",0
"2022-08-02","BAXZ23","BAX","BAX","BAX",0,"2023-12-18",0,1,96.315,96.83,50,5,0,4073,0,-0.21,96.97,96.975,96.69,0,968,96.725,57312,0,0,"",0
"2022-08-02","BAXH24","BAX","BAX","BAX",0,"2024-03-18",0,1,0,0,0,0,0,1264,0,-0.195,97.03,97.035,96.755,0,314,96.785,27982,0,0,"",0
"2022-08-02","BAXM24","BAX","BAX","BAX",0,"2024-06-17",0,1,96.775,96.845,50,11,0,2789,0,-0.185,97.075,97.085,96.805,0,545,96.835,15356,0,0,"",0
"2022-08-02","BAXU24","BAX","BAX","BAX",0,"2024-09-16",0,1,0,0,0,0,0,348,0,-0.17,97.11,97.11,96.85,0,78,96.865,4105,0,0,"",0
"2022-08-02","BAXZ24","BAX","BAX","BAX",0,"2024-12-16",0,1,96,0,1,0,0,129,0,-0.065,97.06,97.06,96.96,0,20,96.87,1746,0,0,"",0
"2022-08-02","BAXH25","BAX","BAX","BAX",0,"2025-03-17",0,1,95.5,97.5,1,1,0,77,0,-0.065,97.02,97.035,96.96,0,14,96.87,956,0,0,"",0
"2022-08-02","BAXM25","BAX","BAX","BAX",0,"2025-06-16",0,1,95,97.8,1,1,0,0,0,0,0,0,0,0,0,96.86,3,0,0,"",0
"2022-08-03","BAXQ22","BAX","BAX","BAX",0,"2022-08-15",0,1,0,0,0,0,0,0,0,0,0,0,0,0,0,96.93,0,0,0,"",0
"2022-08-03","BAXU22","BAX","BAX","BAX",0,"2022-09-19",0,1,96.095,96.105,30,31,0,9806,0,-0.03,96.155,96.155,96.05,0,1421,96.11,139890,0,0,"",0
"2022-08-03","BAXV22","BAX","BAX","BAX",0,"2022-10-17",0,1,0,0,0,0,0,0,0,0,0,0,0,0,0,96.03,0,0,0,"",0
"2022-08-03","BAXZ22","BAX","BAX","BAX",0,"2022-12-19",0,1,95.99,96.005,11,2,0,13450,0,-0.05,96.03,96.03,95.935,0,2548,95.97,213943,0,0,"",0
"2022-08-03","BAXH23","BAX","BAX","BAX",0,"2023-03-13",0,1,95.8,96.195,1,5,0,13627,0,-0.09,96.27,96.27,96.13,0,2618,96.165,158985,0,0,"",0
"2022-08-03","BAXM23","BAX","BAX","BAX",0,"2023-06-19",0,1,96.35,96.39,35,5,0,9780,0,-0.11,96.49,96.49,96.335,0,2621,96.37,100262,0,0,"",0
"2022-08-03","BAXU23","BAX","BAX","BAX",0,"2023-09-18",0,1,0,96.52,0,20,0,5379,0,-0.13,96.635,96.635,96.475,0,1065,96.505,76268,0,0,"",0
"2022-08-03","BAXZ23","BAX","BAX","BAX",0,"2023-12-18",0,1,96.315,96.6,50,1,0,5560,0,-0.13,96.71,96.71,96.56,0,915,96.585,57810,0,0,"",0
"2022-08-03","BAXH24","BAX","BAX","BAX",0,"2024-03-18",0,1,0,0,0,0,0,1774,0,-0.125,96.77,96.78,96.635,0,492,96.65,28170,0,0,"",0
"2022-08-03","BAXM24","BAX","BAX","BAX",0,"2024-06-17",0,1,0,0,0,0,0,1810,0,-0.125,96.82,96.825,96.685,0,414,96.7,16567,0,0,"",0
"2022-08-03","BAXU24","BAX","BAX","BAX",0,"2024-09-16",0,1,96.745,0,1,0,0,90,0,-0.125,96.855,96.855,96.72,0,38,96.74,4146,0,0,"",0
"2022-08-03","BAXZ24","BAX","BAX","BAX",0,"2024-12-16",0,1,96,0,1,0,0,1,0,0,0,0,0,0,1,96.745,1778,0,0,"",0
"2022-08-03","BAXH25","BAX","BAX","BAX",0,"2025-03-17",0,1,95.5,97.5,1,1,0,1,0,0,0,0,0,0,1,96.745,962,0,0,"",0
"2022-08-03","BAXM25","BAX","BAX","BAX",0,"2025-06-16",0,1,95,97.8,1,1,0,0,0,0,0,0,0,0,0,96.735,3,0,0,"",0
"2022-08-04","BAXQ22","BAX","BAX","BAX",0,"2022-08-15",0,1,0,0,0,0,0,0,0,0,0,0,0,0,0,96.935,0,0,0,"",0
"2022-08-04","BAXU22","BAX","BAX","BAX",0,"2022-09-19",0,1,96.11,96.115,25,125,0,4509,0,0,96.095,96.13,96.085,0,597,96.115,141191,0,0,"",0
"2022-08-04","BAXV22","BAX","BAX","BAX",0,"2022-10-17",0,1,0,0,0,0,0,0,0,0,0,0,0,0,0,96.035,0,0,0,"",0
"2022-08-04","BAXZ22","BAX","BAX","BAX",0,"2022-12-19",0,1,95.985,95.995,250,10,0,8904,0,0.015,95.98,96.02,95.95,0,1799,95.985,211544,0,0,"",0
"2022-08-04","BAXH23","BAX","BAX","BAX",0,"2023-03-13",0,1,96.165,96.29,125,2,0,9308,0,0.03,96.155,96.22,96.145,0,1697,96.195,153881,0,0,"",0
"2022-08-04","BAXM23","BAX","BAX","BAX",0,"2023-06-19",0,1,96.39,97.27,25,30,0,6883,0,0.035,96.37,96.42,96.335,0,1412,96.41,98137,0,0,"",0
"2022-08-04","BAXU23","BAX","BAX","BAX",0,"2023-09-18",0,1,95.605,0,30,0,0,4548,0,0.04,96.54,96.57,96.465,0,799,96.555,75267,0,0,"",0
"2022-08-04","BAXZ23","BAX","BAX","BAX",0,"2023-12-18",0,1,96.315,96.66,50,20,0,3439,0,0.05,96.6,96.655,96.535,0,583,96.64,57007,0,0,"",0
"2022-08-04","BAXH24","BAX","BAX","BAX",0,"2024-03-18",0,1,0,0,0,0,0,1381,0,0.05,96.625,96.725,96.625,0,331,96.705,28122,0,0,"",0
"2022-08-04","BAXM24","BAX","BAX","BAX",0,"2024-06-17",0,1,96.755,96.84,25,1,0,2013,0,0.06,96.695,96.78,96.695,0,384,96.755,15780,0,0,"",0
"2022-08-04","BAXU24","BAX","BAX","BAX",0,"2024-09-16",0,1,96.8,0,25,0,0,105,0,0.075,96.77,96.82,96.765,0,15,96.795,3684,0,0,"",0
"2022-08-04","BAXZ24","BAX","BAX","BAX",0,"2024-12-16",0,1,96.8,0,25,0,0,22,0,0.09,96.82,96.84,96.82,0,7,96.81,1753,0,0,"",0
"2022-08-04","BAXH25","BAX","BAX","BAX",0,"2025-03-17",0,1,96.8,97.5,25,1,0,7,0,0.09,96.82,96.835,96.82,0,4,96.81,956,0,0,"",0
"2022-08-04","BAXM25","BAX","BAX","BAX",0,"2025-06-16",0,1,95,97.8,1,1,0,0,0,0,0,0,0,0,0,96.8,3,0,0,"",0
"2022-08-05","BAXQ22","BAX","BAX","BAX",0,"2022-08-15",0,1,0,0,0,0,0,0,0,0,0,0,0,0,0,96.91,0,0,0,"",0
"2022-08-05","BAXU22","BAX","BAX","BAX",0,"2022-09-19",0,1,96.085,96.09,38,35,0,7468,0,-0.025,96.11,96.13,96.07,0,693,96.09,135858,0,0,"",0
"2022-08-05","BAXV22","BAX","BAX","BAX",0,"2022-10-17",0,1,0,0,0,0,0,0,0,0,0,0,0,0,0,96.01,0,0,0,"",0
"2022-08-05","BAXZ22","BAX","BAX","BAX",0,"2022-12-19",0,1,95.895,95.9,5,18,0,18083,0,-0.085,95.985,95.985,95.875,0,3062,95.895,211916,0,0,"",0
"2022-08-05","BAXH23","BAX","BAX","BAX",0,"2023-03-13",0,1,96.05,96.085,10,5,0,11443,0,-0.125,96.175,96.18,96.035,0,2686,96.075,152470,0,0,"",0
"2022-08-05","BAXM23","BAX","BAX","BAX",0,"2023-06-19",0,1,96.255,96.275,25,27,0,8177,0,-0.135,96.375,96.385,96.22,0,2142,96.275,97830,0,0,"",0
"2022-08-05","BAXU23","BAX","BAX","BAX",0,"2023-09-18",0,1,96.39,96.49,23,5,0,5335,0,-0.135,96.515,96.53,96.365,0,1303,96.415,75000,0,0,"",0
"2022-08-05","BAXZ23","BAX","BAX","BAX",0,"2023-12-18",0,1,96.505,96.595,11,50,0,5119,0,-0.125,96.6,96.625,96.455,0,1163,96.505,55476,0,0,"",0
"2022-08-05","BAXH24","BAX","BAX","BAX",0,"2024-03-18",0,1,0,0,0,0,0,2305,0,-0.13,96.67,96.69,96.54,0,579,96.58,28524,0,0,"",0
"2022-08-05","BAXM24","BAX","BAX","BAX",0,"2024-06-17",0,1,96.63,0,191,0,0,2323,0,-0.1,96.735,96.745,96.62,0,477,96.645,16909,0,0,"",0
"2022-08-05","BAXU24","BAX","BAX","BAX",0,"2024-09-16",0,1,96.7,0,25,0,0,659,0,-0.065,96.77,96.77,96.695,0,106,96.705,3675,0,0,"",0
"2022-08-05","BAXZ24","BAX","BAX","BAX",0,"2024-12-16",0,1,96.735,0,25,0,0,192,0,-0.045,96.745,96.765,96.73,0,15,96.73,1759,0,0,"",0
"2022-08-05","BAXH25","BAX","BAX","BAX",0,"2025-03-17",0,1,96.725,97.5,25,1,0,134,0,-0.04,96.79,96.79,96.745,0,14,96.73,956,0,0,"",0
"2022-08-05","BAXM25","BAX","BAX","BAX",0,"2025-06-16",0,1,96.745,97.8,25,1,0,0,0,0,0,0,0,0,0,96.72,3,0,0,"",0
"2022-08-08","BAXQ22","BAX","BAX","BAX",0,"2022-08-15",0,1,0,0,0,0,0,0,0,0,0,0,0,0,0,96.9,0,0,0,"",0
"2022-08-08","BAXU22","BAX","BAX","BAX",0,"2022-09-19",0,1,96.085,96.095,25,12,0,5643,0,0,96.105,96.105,96.08,0,234,96.08,137725,0,0,"",0
"2022-08-08","BAXV22","BAX","BAX","BAX",0,"2022-10-17",0,1,0,0,0,0,0,0,0,0,0,0,0,0,0,96,0,0,0,"",0
"2022-08-08","BAXZ22","BAX","BAX","BAX",0,"2022-12-19",0,1,95.88,95.905,85,2,0,5508,0,0,95.93,95.935,95.875,0,1390,95.88,218451,0,0,"",0
"2022-08-08","BAXH23","BAX","BAX","BAX",0,"2023-03-13",0,1,96.06,96.075,51,2,0,6410,0,-0.005,96.09,96.12,96.055,0,1321,96.06,153768,0,0,"",0
"2022-08-08","BAXM23","BAX","BAX","BAX",0,"2023-06-19",0,1,96.265,96.28,10,2,0,4449,0,0,96.28,96.33,96.26,0,1128,96.26,98627,0,0,"",0
"2022-08-08","BAXU23","BAX","BAX","BAX",0,"2023-09-18",0,1,96.4,96.44,25,10,0,2232,0,0.015,96.425,96.47,96.395,0,450,96.41,75774,0,0,"",0
"2022-08-08","BAXZ23","BAX","BAX","BAX",0,"2023-12-18",0,1,96.535,98.3,25,1,0,2659,0,0.035,96.52,96.57,96.495,0,621,96.52,55798,0,0,"",0
"2022-08-08","BAXH24","BAX","BAX","BAX",0,"2024-03-18",0,1,96.615,0,46,0,0,852,0,0.05,96.605,96.64,96.58,0,169,96.61,29030,0,0,"",0
"2022-08-08","BAXM24","BAX","BAX","BAX",0,"2024-06-17",0,1,96.7,0,52,0,0,1455,0,0.065,96.67,96.71,96.65,0,284,96.685,16600,0,0,"",0
"2022-08-08","BAXU24","BAX","BAX","BAX",0,"2024-09-16",0,1,96.765,0,11,0,0,97,0,0.06,96.715,96.78,96.715,0,42,96.76,3880,0,0,"",0
"2022-08-08","BAXZ24","BAX","BAX","BAX",0,"2024-12-16",0,1,96.79,0,25,0,0,68,0,0.07,96.75,96.82,96.75,0,7,96.8,1798,0,0,"",0
"2022-08-08","BAXH25","BAX","BAX","BAX",0,"2025-03-17",0,1,96.805,97.5,17,1,0,105,0,0.105,96.805,96.835,96.805,0,8,96.815,972,0,0,"",0
"2022-08-08","BAXM25","BAX","BAX","BAX",0,"2025-06-16",0,1,96.81,97.8,25,1,0,1,0,0,0,0,0,0,1,96.805,3,0,0,"",0
"2022-08-09","BAXQ22","BAX","BAX","BAX",0,"2022-08-15",0,1,0,0,0,0,0,0,0,0,0,0,0,0,0,96.91,0,0,0,"",0
"2022-08-09","BAXU22","BAX","BAX","BAX",0,"2022-09-19",0,1,96.085,96.09,125,2,0,6422,0,0.01,96.095,96.1,96.08,0,463,96.09,137743,0,0,"",0
"2022-08-09","BAXV22","BAX","BAX","BAX",0,"2022-10-17",0,1,0,0,0,0,0,0,0,0,0,0,0,0,0,96.01,0,0,0,"",0
"2022-08-09","BAXZ22","BAX","BAX","BAX",0,"2022-12-19",0,1,95.895,95.9,40,25,0,9392,0,0.015,95.9,95.9,95.85,0,1537,95.88,207348,0,0,"",0
"2022-08-09","BAXH23","BAX","BAX","BAX",0,"2023-03-13",0,1,96.015,96.03,25,1,0,11456,0,-0.03,96.075,96.075,95.995,0,1916,96.01,154028,0,0,"",0
"2022-08-09","BAXM23","BAX","BAX","BAX",0,"2023-06-19",0,1,96.19,96.2,50,5,0,10382,0,-0.065,96.275,96.28,96.17,0,2168,96.185,97790,0,0,"",0
"2022-08-09","BAXU23","BAX","BAX","BAX",0,"2023-09-18",0,1,96.32,96.325,30,10,0,8459,0,-0.085,96.435,96.5,96.3,0,1233,96.315,75796,0,0,"",0
"2022-08-09","BAXZ23","BAX","BAX","BAX",0,"2023-12-18",0,1,96.415,96.475,30,5,0,4939,0,-0.085,96.55,96.665,96.41,0,1001,96.42,55316,0,0,"",0
"2022-08-09","BAXH24","BAX","BAX","BAX",0,"2024-03-18",0,1,96.515,0,30,0,0,3526,0,-0.065,96.745,96.745,96.51,0,825,96.52,28738,0,0,"",0
"2022-08-09","BAXM24","BAX","BAX","BAX",0,"2024-06-17",0,1,0,0,0,0,0,2549,0,-0.055,96.68,96.68,96.605,0,591,96.61,16188,0,0,"",0
"2022-08-09","BAXU24","BAX","BAX","BAX",0,"2024-09-16",0,1,0,0,0,0,0,836,0,-0.06,96.76,96.76,96.695,0,181,96.695,3806,0,0,"",0
"2022-08-09","BAXZ24","BAX","BAX","BAX",0,"2024-12-16",0,1,96.735,0,25,0,0,8,0,-0.03,96.77,96.77,96.77,0,2,96.745,1648,0,0,"",0
"2022-08-09","BAXH25","BAX","BAX","BAX",0,"2025-03-17",0,1,95.5,97.5,1,1,0,80,0,-0.02,96.795,96.815,96.795,0,6,96.77,982,0,0,"",0
"2022-08-09","BAXM25","BAX","BAX","BAX",0,"2025-06-16",0,1,95,97.8,1,1,0,1,0,0,0,0,0,0,1,96.76,3,0,0,"",0
"2022-08-10","BAXQ22","BAX","BAX","BAX",0,"2022-08-15",0,1,0,0,0,0,0,0,0,0,0,0,0,0,0,96.99,0,0,0,"",0
"2022-08-10","BAXU22","BAX","BAX","BAX",0,"2022-09-19",0,1,96.165,96.18,107,12,0,12376,0,0.075,96.085,96.2,96.08,0,883,96.17,135632,0,0,"",0
"2022-08-10","BAXV22","BAX","BAX","BAX",0,"2022-10-17",0,1,0,0,0,0,0,0,0,0,0,0,0,0,0,96.09,0,0,0,"",0
"2022-08-10","BAXZ22","BAX","BAX","BAX",0,"2022-12-19",0,1,96.01,96.015,100,57,0,17615,0,0.135,95.89,96.095,95.875,0,2759,96.01,203376,0,0,"",0
"2022-08-10","BAXH23","BAX","BAX","BAX",0,"2023-03-13",0,1,95.8,96.145,1,102,0,17241,0,0.13,96,96.23,96,0,2946,96.145,153427,0,0,"",0
"2022-08-10","BAXM23","BAX","BAX","BAX",0,"2023-06-19",0,1,96.265,96.31,5,2,0,13225,0,0.11,96.15,96.405,96.15,0,3272,96.315,98034,0,0,"",0
"2022-08-10","BAXU23","BAX","BAX","BAX",0,"2023-09-18",0,1,96.435,96.44,45,30,0,7665,0,0.12,96.28,96.525,96.265,0,1292,96.445,76933,0,0,"",0
"2022-08-10","BAXZ23","BAX","BAX","BAX",0,"2023-12-18",0,1,96.315,96.6,50,100,0,6425,0,0.115,96.365,96.625,96.365,0,1295,96.55,54997,0,0,"",0
"2022-08-10","BAXH24","BAX","BAX","BAX",0,"2024-03-18",0,1,96.5,96.64,10,19,0,2731,0,0.12,96.485,96.725,96.485,0,818,96.65,28932,0,0,"",0
"2022-08-10","BAXM24","BAX","BAX","BAX",0,"2024-06-17",0,1,0,0,0,0,0,2836,0,0.12,96.58,96.79,96.58,0,884,96.74,15666,0,0,"",0
"2022-08-10","BAXU24","BAX","BAX","BAX",0,"2024-09-16",0,1,96.79,0,25,0,0,341,0,0.14,96.715,96.845,96.71,0,108,96.825,4069,0,0,"",0
"2022-08-10","BAXZ24","BAX","BAX","BAX",0,"2024-12-16",0,1,96.845,0,25,0,0,234,0,0.135,96.89,96.9,96.88,0,43,96.875,1638,0,0,"",0
"2022-08-10","BAXH25","BAX","BAX","BAX",0,"2025-03-17",0,1,96.7,97.5,100,1,0,100,0,0.145,96.825,96.935,96.825,0,20,96.9,1060,0,0,"",0
"2022-08-10","BAXM25","BAX","BAX","BAX",0,"2025-06-16",0,1,95,97.8,1,1,0,0,0,0,0,0,0,0,0,96.89,3,0,0,"",0
"2022-08-11","BAXQ22","BAX","BAX","BAX",0,"2022-08-15",0,1,0,0,0,0,0,0,0,0,0,0,0,0,0,96.995,0,0,0,"",0
"2022-08-11","BAXU22","BAX","BAX","BAX",0,"2022-09-19",0,1,96.175,96.18,40,10,0,5515,0,0.005,96.175,96.22,96.16,0,746,96.175,137050,0,0,"",0
"2022-08-11","BAXV22","BAX","BAX","BAX",0,"2022-10-17",0,1,0,0,0,0,0,0,0,0,0,0,0,0,0,96.095,0,0,0,"",0
"2022-08-11","BAXZ22","BAX","BAX","BAX",0,"2022-12-19",0,1,95.97,95.99,10,2,0,9840,0,-0.03,96.03,96.095,95.96,0,2061,95.995,207012,0,0,"",0
"2022-08-11","BAXH23","BAX","BAX","BAX",0,"2023-03-13",0,1,96.065,96.09,90,2,0,11618,0,-0.065,96.165,96.23,96.06,0,1396,96.1,156326,0,0,"",0
"2022-08-11","BAXM23","BAX","BAX","BAX",0,"2023-06-19",0,1,0,96.235,0,12,0,6313,0,-0.095,96.31,96.4,96.205,0,1229,96.245,96550,0,0,"",0
"2022-08-11","BAXU23","BAX","BAX","BAX",0,"2023-09-18",0,1,0,96.38,0,60,0,4082,0,-0.095,96.49,96.53,96.335,0,770,96.36,76172,0,0,"",0
"2022-08-11","BAXZ23","BAX","BAX","BAX",0,"2023-12-18",0,1,96.315,96.475,50,5,0,3550,0,-0.085,96.605,96.645,96.445,0,816,96.47,56516,0,0,"",0
"2022-08-11","BAXH24","BAX","BAX","BAX",0,"2024-03-18",0,1,0,96.59,0,25,0,1529,0,-0.085,96.68,96.745,96.55,0,585,96.57,29090,0,0,"",0
"2022-08-11","BAXM24","BAX","BAX","BAX",0,"2024-06-17",0,1,0,0,0,0,0,1415,0,-0.08,96.77,96.84,96.655,0,350,96.67,15758,0,0,"",0
"2022-08-11","BAXU24","BAX","BAX","BAX",0,"2024-09-16",0,1,0,0,0,0,0,178,0,-0.065,96.85,96.91,96.76,0,57,96.765,4329,0,0,"",0
"2022-08-11","BAXZ24","BAX","BAX","BAX",0,"2024-12-16",0,1,96,0,1,0,0,625,0,-0.03,96.955,96.955,96.845,0,97,96.825,1569,0,0,"",0
"2022-08-11","BAXH25","BAX","BAX","BAX",0,"2025-03-17",0,1,95.5,97.5,1,1,0,180,0,-0.01,96.98,96.98,96.885,0,38,96.85,1149,0,0,"",0
"2022-08-11","BAXM25","BAX","BAX","BAX",0,"2025-06-16",0,1,95,97.8,1,1,0,0,0,0,0,0,0,0,0,96.845,3,0,0,"",0
"2022-08-12","BAXQ22","BAX","BAX","BAX",0,"2022-08-15",0,1,0,0,0,0,0,0,0,0,0,0,0,0,0,97,0,0,0,"",0
"2022-08-12","BAXU22","BAX","BAX","BAX",0,"2022-09-19",0,1,96.185,96.2,38,20,0,5146,0,0.01,96.17,96.205,96.165,0,444,96.18,135389,0,0,"",0
"2022-08-12","BAXV22","BAX","BAX","BAX",0,"2022-10-17",0,1,0,0,0,0,0,0,0,0,0,0,0,0,0,96.1,0,0,0,"",0
"2022-08-12","BAXZ22","BAX","BAX","BAX",0,"2022-12-19",0,1,95.985,95.995,10,10,0,6148,0,-0.005,95.99,96.025,95.965,0,1683,95.98,207965,0,0,"",0
"2022-08-12","BAXH23","BAX","BAX","BAX",0,"2023-03-13",0,1,95.8,96.085,1,25,0,10351,0,-0.015,96.08,96.13,96.055,0,2162,96.07,155884,0,0,"",0
"2022-08-12","BAXM23","BAX","BAX","BAX",0,"2023-06-19",0,1,96.2,96.23,2,2,0,7072,0,-0.03,96.2,96.26,96.18,0,1890,96.21,95158,0,0,"",0
"2022-08-12","BAXU23","BAX","BAX","BAX",0,"2023-09-18",0,1,0,0,0,0,0,4184,0,-0.015,96.345,96.38,96.3,0,870,96.34,75905,0,0,"",0
"2022-08-12","BAXZ23","BAX","BAX","BAX",0,"2023-12-18",0,1,96.315,98.3,50,1,0,4068,0,0.01,96.445,96.5,96.415,0,1055,96.46,55785,0,0,"",0
"2022-08-12","BAXH24","BAX","BAX","BAX",0,"2024-03-18",0,1,0,0,0,0,0,1450,0,0.02,96.595,96.605,96.53,0,403,96.57,29170,0,0,"",0
"2022-08-12","BAXM24","BAX","BAX","BAX",0,"2024-06-17",0,1,0,0,0,0,0,1560,0,0.03,96.68,96.705,96.63,0,399,96.67,15351,0,0,"",0
"2022-08-12","BAXU24","BAX","BAX","BAX",0,"2024-09-16",0,1,0,0,0,0,0,94,0,0.045,96.85,96.85,96.74,0,32,96.77,4385,0,0,"",0
"2022-08-12","BAXZ24","BAX","BAX","BAX",0,"2024-12-16",0,1,96,0,1,0,0,12,0,0.04,96.935,96.935,96.865,0,4,96.845,1660,0,0,"",0
"2022-08-12","BAXH25","BAX","BAX","BAX",0,"2025-03-17",0,1,95.5,97.01,1,1,0,21,0,0.005,97,97,96.855,0,3,96.875,1231,0,0,"",0
"2022-08-12","BAXM25","BAX","BAX","BAX",0,"2025-06-16",0,1,95,97.8,1,1,0,0,0,0,0,0,0,0,0,96.87,3,0,0,"",0
"2022-08-15","BAXQ22","BAX","BAX","BAX",0,"2022-08-15",0,1,0,0,0,0,0,0,0,0,0,0,0,0,0,96.39,0,0,0,"",0
"2022-08-15","BAXU22","BAX","BAX","BAX",0,"2022-09-19",0,1,96.195,96.2,249,121,0,5025,0,0.015,96.19,96.215,96.19,0,466,96.2,136246,0,0,"",0
"2022-08-15","BAXV22","BAX","BAX","BAX",0,"2022-10-17",0,1,0,0,0,0,0,0,0,0,0,0,0,0,0,96.12,0,0,0,"",0
"2022-08-15","BAXZ22","BAX","BAX","BAX",0,"2022-12-19",0,1,96,96.01,202,30,0,5662,0,0.025,95.985,96.055,95.985,0,1457,96.005,205962,0,0,"",0
"2022-08-15","BAXH23","BAX","BAX","BAX",0,"2023-03-13",0,1,96.1,96.11,2,95,0,5942,0,0.035,96.085,96.145,96.08,0,1433,96.1,158303,0,0,"",0
"2022-08-15","BAXM23","BAX","BAX","BAX",0,"2023-06-19",0,1,96.24,96.3,8,5,0,4003,0,0.03,96.225,96.285,96.21,0,1380,96.24,96660,0,0,"",0
"2022-08-15","BAXU23","BAX","BAX","BAX",0,"2023-09-18",0,1,96.37,0,24,0,0,2665,0,0.03,96.35,96.42,96.34,0,787,96.37,77730,0,0,"",0
"2022-08-15","BAXZ23","BAX","BAX","BAX",0,"2023-12-18",0,1,96.315,98.3,50,1,0,2174,0,0.04,96.44,96.535,96.44,0,509,96.495,56872,0,0,"",0
"2022-08-15","BAXH24","BAX","BAX","BAX",0,"2024-03-18",0,1,0,0,0,0,0,918,0,0.045,96.62,96.645,96.59,0,256,96.61,29327,0,0,"",0
"2022-08-15","BAXM24","BAX","BAX","BAX",0,"2024-06-17",0,1,96.72,0,2,0,0,657,0,0.055,96.715,96.75,96.7,0,247,96.715,15108,0,0,"",0
"2022-08-15","BAXU24","BAX","BAX","BAX",0,"2024-09-16",0,1,0,0,0,0,0,33,0,0.085,96.825,96.855,96.81,0,13,96.815,4406,0,0,"",0
"2022-08-15","BAXZ24","BAX","BAX","BAX",0,"2024-12-16",0,1,96,0,1,0,0,3,0,0.06,96.94,96.94,96.905,0,2,96.89,1650,0,0,"",0
"2022-08-15","BAXH25","BAX","BAX","BAX",0,"2025-03-17",0,1,96.935,97.5,25,1,0,30,0,0.1,96.945,96.975,96.945,0,3,96.92,1260,0,0,"",0
"2022-08-15","BAXM25","BAX","BAX","BAX",0,"2025-06-16",0,1,95,97.8,1,1,0,0,0,0,0,0,0,0,0,96.92,3,0,0,"",0
"2022-08-16","BAXU22","BAX","BAX","BAX",0,"2022-09-19",0,1,96.105,96.11,8,50,96.105,19954,96.2,-0.095,96.205,96.205,96.1,4226,1345,96.11,137445,0,0,"",0
"2022-08-16","BAXV22","BAX","BAX","BAX",0,"2022-10-17",0,1,0,0,0,0,0,0,0,0,0,0,0,0,0,96.03,0,0,0,"",0
"2022-08-16","BAXX22","BAX","BAX","BAX",0,"2022-11-14",0,1,0,0,0,0,0,0,0,0,0,0,0,0,0,95.96,0,0,0,"",0
"2022-08-16","BAXZ22","BAX","BAX","BAX",0,"2022-12-19",0,1,95.86,95.865,250,131,95.86,20722,96.005,-0.145,96.03,96.03,95.85,95,2513,95.855,205679,0,0,"",0
"2022-08-16","BAXH23","BAX","BAX","BAX",0,"2023-03-13",0,1,0,95.94,0,29,95.94,15039,96.1,-0.16,96.14,96.14,95.8,2008,3259,95.95,157578,0,0,"",0
"2022-08-16","BAXM23","BAX","BAX","BAX",0,"2023-06-19",0,1,96.07,96.105,25,2,96.09,9304,96.24,-0.15,96.22,96.23,95.725,96,2346,96.09,96070,0,0,"",0
"2022-08-16","BAXU23","BAX","BAX","BAX",0,"2023-09-18",0,1,96.235,0,22,0,96.235,2824,96.37,-0.135,96.425,96.425,95.93,192,843,96.225,78895,0,0,"",0
"2022-08-16","BAXZ23","BAX","BAX","BAX",0,"2023-12-18",0,1,96.315,96.41,152,28,0,4100,0,-0.115,96.56,96.56,96.325,0,1039,96.36,56350,0,0,"",0
"2022-08-16","BAXH24","BAX","BAX","BAX",0,"2024-03-18",0,1,0,96.515,0,25,0,1408,0,-0.105,96.58,96.58,96.46,0,506,96.48,29513,0,0,"",0
"2022-08-16","BAXM24","BAX","BAX","BAX",0,"2024-06-17",0,1,96.605,0,8,0,96.605,1621,96.715,-0.11,96.675,96.675,96.565,289,418,96.59,14815,0,0,"",0
"2022-08-16","BAXU24","BAX","BAX","BAX",0,"2024-09-16",0,1,0,0,0,0,0,176,0,-0.105,96.775,96.775,96.685,0,60,96.695,4160,0,0,"",0
"2022-08-16","BAXZ24","BAX","BAX","BAX",0,"2024-12-16",0,1,96.77,0,25,0,0,106,0,-0.08,96.79,96.81,96.79,0,31,96.785,1651,0,0,"",0
"2022-08-16","BAXH25","BAX","BAX","BAX",0,"2025-03-17",0,1,96.835,97.5,25,1,0,52,0,-0.075,96.84,96.845,96.84,0,3,96.835,1260,0,0,"",0
"2022-08-16","BAXM25","BAX","BAX","BAX",0,"2025-06-16",0,1,95,97.8,1,1,0,0,0,0,0,0,0,0,0,96.845,3,0,0,"",0
"2022-08-17","BAXU22","BAX","BAX","BAX",0,"2022-09-19",0,1,96.105,96.115,2,250,0,8608,0,-0.005,96.07,96.115,96.055,0,823,96.1,143324,0,0,"",0
"2022-08-17","BAXV22","BAX","BAX","BAX",0,"2022-10-17",0,1,0,0,0,0,0,0,0,0,0,0,0,0,0,96.02,0,0,0,"",0
"2022-08-17","BAXX22","BAX","BAX","BAX",0,"2022-11-14",0,1,0,0,0,0,0,0,0,0,0,0,0,0,0,95.95,0,0,0,"",0
"2022-08-17","BAXZ22","BAX","BAX","BAX",0,"2022-12-19",0,1,95.795,95.83,10,162,95.815,17595,95.855,-0.04,95.865,95.875,95.79,95,3550,95.83,217012,0,0,"",0
"2022-08-17","BAXH23","BAX","BAX","BAX",0,"2023-03-13",0,1,95.87,95.9,50,2,95.875,13307,95.95,-0.075,95.915,95.915,95.84,95,3063,95.89,161352,0,0,"",0
"2022-08-17","BAXM23","BAX","BAX","BAX",0,"2023-06-19",0,1,95.785,96.02,1,2,0,6681,0,-0.1,96.045,96.045,95.965,0,2458,96.015,98588,0,0,"",0
"2022-08-17","BAXU23","BAX","BAX","BAX",0,"2023-09-18",0,1,95.88,96.18,1,50,0,3913,0,-0.1,96.39,96.39,95.97,0,1351,96.145,79731,0,0,"",0
"2022-08-17","BAXZ23","BAX","BAX","BAX",0,"2023-12-18",0,1,96.215,96.31,121,50,0,5215,0,-0.105,96.315,96.36,96.245,0,1151,96.275,57214,0,0,"",0
"2022-08-17","BAXH24","BAX","BAX","BAX",0,"2024-03-18",0,1,0,0,0,0,0,2556,0,-0.11,96.43,96.44,96.365,0,655,96.395,29700,0,0,"",0
"2022-08-17","BAXM24","BAX","BAX","BAX",0,"2024-06-17",0,1,0,96.5,0,25,0,2643,0,-0.095,96.51,96.56,96.475,0,530,96.505,14325,0,0,"",0
"2022-08-17","BAXU24","BAX","BAX","BAX",0,"2024-09-16",0,1,0,0,0,0,0,541,0,-0.11,96.665,96.67,96.565,0,137,96.61,4109,0,0,"",0
"2022-08-17","BAXZ24","BAX","BAX","BAX",0,"2024-12-16",0,1,96,0,1,0,0,293,0,-0.105,96.69,96.69,96.65,0,66,96.685,1722,0,0,"",0
"2022-08-17","BAXH25","BAX","BAX","BAX",0,"2025-03-17",0,1,95.5,97.5,1,1,0,102,0,-0.105,96.81,96.81,96.725,0,35,96.75,1309,0,0,"",0
"2022-08-17","BAXM25","BAX","BAX","BAX",0,"2025-06-16",0,1,95,97.8,1,1,0,1,0,0,0,0,0,0,1,96.775,3,0,0,"",0
"2022-08-18","BAXU22","BAX","BAX","BAX",0,"2022-09-19",0,1,96.11,96.12,25,4,0,3279,0,0.015,96.11,96.145,96.1,0,348,96.1,138224,0,0,"",0
"2022-08-18","BAXV22","BAX","BAX","BAX",0,"2022-10-17",0,1,0,0,0,0,0,0,0,0,0,0,0,0,0,96.02,0,0,0,"",0
"2022-08-18","BAXX22","BAX","BAX","BAX",0,"2022-11-14",0,1,0,0,0,0,0,0,0,0,0,0,0,0,0,95.95,0,0,0,"",0
"2022-08-18","BAXZ22","BAX","BAX","BAX",0,"2022-12-19",0,1,95.835,95.855,10,2,0,6286,0,0.015,95.86,95.875,95.815,0,1341,95.83,208638,0,0,"",0
"2022-08-18","BAXH23","BAX","BAX","BAX",0,"2023-03-13",0,1,95.89,95.91,5,2,0,9203,0,0.005,95.925,95.94,95.865,0,1649,95.87,152927,0,0,"",0
"2022-08-18","BAXM23","BAX","BAX","BAX",0,"2023-06-19",0,1,0,96.02,0,2,0,6517,0,-0.01,96.045,96.065,95.97,0,1695,95.98,94854,0,0,"",0
"2022-08-18","BAXU23","BAX","BAX","BAX",0,"2023-09-18",0,1,0,96.45,0,1,0,3684,0,-0.01,96.18,96.2,96.095,0,1082,96.11,79972,0,0,"",0
"2022-08-18","BAXZ23","BAX","BAX","BAX",0,"2023-12-18",0,1,96.225,96.34,49,46,0,2912,0,-0.01,96.32,96.325,96.22,0,710,96.24,58048,0,0,"",0
"2022-08-18","BAXH24","BAX","BAX","BAX",0,"2024-03-18",0,1,0,0,0,0,0,1386,0,-0.015,96.38,96.445,96.345,0,339,96.36,29644,0,0,"",0
"2022-08-18","BAXM24","BAX","BAX","BAX",0,"2024-06-17",0,1,0,96.495,0,2,0,1496,0,-0.03,96.49,96.545,96.46,0,446,96.47,15216,0,0,"",0
"2022-08-18","BAXU24","BAX","BAX","BAX",0,"2024-09-16",0,1,96.565,0,17,0,0,523,0,-0.045,96.6,96.61,96.565,0,160,96.575,4201,0,0,"",0
"2022-08-18","BAXZ24","BAX","BAX","BAX",0,"2024-12-16",0,1,96,0,1,0,0,0,0,0,0,0,0,0,0,96.65,1822,0,0,"",0
"2022-08-18","BAXH25","BAX","BAX","BAX",0,"2025-03-17",0,1,95.5,97.5,1,1,0,20,0,0.045,96.795,96.795,96.795,0,1,96.715,1342,0,0,"",0
"2022-08-18","BAXM25","BAX","BAX","BAX",0,"2025-06-16",0,1,95,97.8,1,1,0,0,0,0,0,0,0,0,0,96.74,4,0,0,"",0
"2022-08-19","BAXU22","BAX","BAX","BAX",0,"2022-09-19",0,1,96.1,96.11,52,123,0,4460,0,0.005,96.11,96.115,96.085,0,782,96.105,132657,0,0,"",0
"2022-08-19","BAXV22","BAX","BAX","BAX",0,"2022-10-17",0,1,0,0,0,0,0,0,0,0,0,0,0,0,0,96.025,0,0,0,"",0
"2022-08-19","BAXX22","BAX","BAX","BAX",0,"2022-11-14",0,1,0,0,0,0,0,0,0,0,0,0,0,0,0,95.955,0,0,0,"",0
"2022-08-19","BAXZ22","BAX","BAX","BAX",0,"2022-12-19",0,1,95.81,95.815,2,25,0,5794,0,-0.02,95.835,95.86,95.775,0,1156,95.83,196907,0,0,"",0
"2022-08-19","BAXH23","BAX","BAX","BAX",0,"2023-03-13",0,1,95.84,95.87,100,2,0,7136,0,-0.02,95.87,95.87,95.82,0,1557,95.85,151658,0,0,"",0
"2022-08-19","BAXM23","BAX","BAX","BAX",0,"2023-06-19",0,1,0,95.97,0,2,0,2404,0,-0.025,95.98,95.98,95.93,0,866,95.95,94457,0,0,"",0
"2022-08-19","BAXU23","BAX","BAX","BAX",0,"2023-09-18",0,1,0,96.45,0,1,0,2215,0,-0.035,96.1,96.13,96.045,0,570,96.06,79947,0,0,"",0
"2022-08-19","BAXZ23","BAX","BAX","BAX",0,"2023-12-18",0,1,96.16,96.25,28,25,0,3728,0,-0.045,96.215,96.25,96.165,0,1004,96.18,55130,0,0,"",0
"2022-08-19","BAXH24","BAX","BAX","BAX",0,"2024-03-18",0,1,96.31,0,97,0,0,1285,0,-0.045,96.33,96.34,96.27,0,507,96.29,29439,0,0,"",0
"2022-08-19","BAXM24","BAX","BAX","BAX",0,"2024-06-17",0,1,0,0,0,0,0,841,0,-0.065,96.425,96.445,96.375,0,259,96.39,15075,0,0,"",0
"2022-08-19","BAXU24","BAX","BAX","BAX",0,"2024-09-16",0,1,0,0,0,0,0,99,0,-0.065,96.505,96.535,96.48,0,35,96.495,4269,0,0,"",0
"2022-08-19","BAXZ24","BAX","BAX","BAX",0,"2024-12-16",0,1,96,0,1,0,0,111,0,-0.09,96.585,96.585,96.56,0,25,96.57,1569,0,0,"",0
"2022-08-19","BAXH25","BAX","BAX","BAX",0,"2025-03-17",0,1,96.645,97.5,24,1,0,55,0,-0.07,96.65,96.655,96.645,0,18,96.64,1312,0,0,"",0
"2022-08-19","BAXM25","BAX","BAX","BAX",0,"2025-06-16",0,1,95,97.8,1,1,0,0,0,0,0,0,0,0,0,96.67,4,0,0,"",0
"2022-08-22","BAXU22","BAX","BAX","BAX",0,"2022-09-19",0,1,96.085,96.09,5,1,0,8587,0,-0.02,96.095,96.11,96.085,0,438,96.085,134669,0,0,"",0
"2022-08-22","BAXV22","BAX","BAX","BAX",0,"2022-10-17",0,1,0,0,0,0,0,0,0,0,0,0,0,0,0,96.005,0,0,0,"",0
"2022-08-22","BAXX22","BAX","BAX","BAX",0,"2022-11-14",0,1,0,0,0,0,0,0,0,0,0,0,0,0,0,95.935,0,0,0,"",0
"2022-08-22","BAXZ22","BAX","BAX","BAX",0,"2022-12-19",0,1,95.78,95.79,14,32,0,6412,0,-0.05,95.8,95.82,95.765,0,1012,95.775,195596,0,0,"",0
"2022-08-22","BAXH23","BAX","BAX","BAX",0,"2023-03-13",0,1,95.8,95.815,1,2,0,6650,0,-0.05,95.84,95.86,95.785,0,1337,95.79,152460,0,0,"",0
"2022-08-22","BAXM23","BAX","BAX","BAX",0,"2023-06-19",0,1,95.875,95.885,25,50,0,5371,0,-0.07,95.925,95.925,95.86,0,1307,95.88,93882,0,0,"",0
"2022-08-22","BAXU23","BAX","BAX","BAX",0,"2023-09-18",0,1,0,95.985,0,98,0,3519,0,-0.08,96.035,96.045,95.965,0,1086,95.98,79365,0,0,"",0
"2022-08-22","BAXZ23","BAX","BAX","BAX",0,"2023-12-18",0,1,96.045,96.13,10,5,0,3319,0,-0.08,96.17,96.22,96.08,0,829,96.1,55456,0,0,"",0
"2022-08-22","BAXH24","BAX","BAX","BAX",0,"2024-03-18",0,1,0,0,0,0,0,1972,0,-0.085,96.285,96.285,96.2,0,713,96.215,29166,0,0,"",0
"2022-08-22","BAXM24","BAX","BAX","BAX",0,"2024-06-17",0,1,0,0,0,0,0,1153,0,-0.075,96.385,96.385,96.305,0,339,96.315,14318,0,0,"",0
"2022-08-22","BAXU24","BAX","BAX","BAX",0,"2024-09-16",0,1,0,0,0,0,0,342,0,-0.06,96.42,96.45,96.42,0,118,96.42,3854,0,0,"",0
"2022-08-22","BAXZ24","BAX","BAX","BAX",0,"2024-12-16",0,1,96,0,1,0,0,292,0,-0.1,96.545,96.545,96.47,0,77,96.5,1587,0,0,"",0
"2022-08-22","BAXH25","BAX","BAX","BAX",0,"2025-03-17",0,1,95.5,97.5,1,1,0,28,0,-0.015,96.625,96.625,96.625,0,10,96.57,1287,0,0,"",0
"2022-08-22","BAXM25","BAX","BAX","BAX",0,"2025-06-16",0,1,95,97.8,1,1,0,2,0,0,0,0,0,0,2,96.6,4,0,0,"",0
"2022-08-23","BAXU22","BAX","BAX","BAX",0,"2022-09-19",0,1,96.1,96.11,25,30,0,7671,0,0.025,96.08,96.12,96.06,0,1290,96.1,135670,0,0,"",0
"2022-08-23","BAXV22","BAX","BAX","BAX",0,"2022-10-17",0,1,0,0,0,0,0,0,0,0,0,0,0,0,0,96.02,0,0,0,"",0
"2022-08-23","BAXX22","BAX","BAX","BAX",0,"2022-11-14",0,1,0,0,0,0,0,0,0,0,0,0,0,0,0,95.95,0,0,0,"",0
"2022-08-23","BAXZ22","BAX","BAX","BAX",0,"2022-12-19",0,1,95.815,95.83,20,10,0,20071,0,0.055,95.795,95.84,95.745,0,2421,95.82,195833,0,0,"",0
"2022-08-23","BAXH23","BAX","BAX","BAX",0,"2023-03-13",0,1,95.795,95.845,1,48,0,14830,0,0.05,95.815,95.865,95.755,0,1893,95.835,152871,0,0,"",0
"2022-08-23","BAXM23","BAX","BAX","BAX",0,"2023-06-19",0,1,95.905,95.91,36,15,0,7038,0,0.025,95.895,95.945,95.83,0,1443,95.915,94603,0,0,"",0
"2022-08-23","BAXU23","BAX","BAX","BAX",0,"2023-09-18",0,1,95.97,96.025,9,60,0,3865,0,0.01,95.975,96.05,95.93,0,1089,96.01,79899,0,0,"",0
"2022-08-23","BAXZ23","BAX","BAX","BAX",0,"2023-12-18",0,1,96.09,96.135,50,5,0,3390,0,0,96.11,96.155,96.04,0,770,96.12,56010,0,0,"",0
"2022-08-23","BAXH24","BAX","BAX","BAX",0,"2024-03-18",0,1,96.18,96.23,2,10,0,1975,0,-0.02,96.205,96.255,96.15,0,619,96.215,29674,0,0,"",0
"2022-08-23","BAXM24","BAX","BAX","BAX",0,"2024-06-17",0,1,96.275,0,5,0,0,1947,0,-0.035,96.3,96.345,96.245,0,508,96.305,14577,0,0,"",0
"2022-08-23","BAXU24","BAX","BAX","BAX",0,"2024-09-16",0,1,0,0,0,0,0,194,0,-0.055,96.36,96.42,96.355,0,58,96.4,3989,0,0,"",0
"2022-08-23","BAXZ24","BAX","BAX","BAX",0,"2024-12-16",0,1,96,97,1,1,0,8,0,-0.035,96.475,96.495,96.465,0,4,96.48,1718,0,0,"",0
"2022-08-23","BAXH25","BAX","BAX","BAX",0,"2025-03-17",0,1,95.5,96.565,1,40,0,0,0,0,0,0,0,0,0,96.55,1293,0,0,"",0
"2022-08-23","BAXM25","BAX","BAX","BAX",0,"2025-06-16",0,1,95,97.8,1,1,0,0,0,0,0,0,0,0,0,96.58,5,0,0,"",0
"2022-08-24","BAXU22","BAX","BAX","BAX",0,"2022-09-19",0,1,96.105,96.115,305,192,0,6343,0,0.005,96.12,96.13,96.1,0,544,96.11,135129,0,0,"",0
"2022-08-24","BAXV22","BAX","BAX","BAX",0,"2022-10-17",0,1,0,0,0,0,0,0,0,0,0,0,0,0,0,96.03,0,0,0,"",0
"2022-08-24","BAXX22","BAX","BAX","BAX",0,"2022-11-14",0,1,0,0,0,0,0,0,0,0,0,0,0,0,0,95.96,0,0,0,"",0
"2022-08-24","BAXZ22","BAX","BAX","BAX",0,"2022-12-19",0,1,95.81,95.815,10,1,0,10960,0,-0.005,95.855,95.855,95.81,0,1536,95.82,199786,0,0,"",0
"2022-08-24","BAXH23","BAX","BAX","BAX",0,"2023-03-13",0,1,95.815,95.835,25,17,0,7197,0,-0.015,95.845,95.875,95.815,0,1615,95.835,156131,0,0,"",0
"2022-08-24","BAXM23","BAX","BAX","BAX",0,"2023-06-19",0,1,95.865,95.935,50,75,0,5193,0,-0.045,95.9,95.94,95.865,0,1397,95.895,94238,0,0,"",0
"2022-08-24","BAXU23","BAX","BAX","BAX",0,"2023-09-18",0,1,95.895,95.955,10,92,0,3936,0,-0.06,96,96.03,95.935,0,886,95.975,80519,0,0,"",0
"2022-08-24","BAXZ23","BAX","BAX","BAX",0,"2023-12-18",0,1,96.01,96.18,10,49,0,3501,0,-0.08,96.105,96.135,96.03,0,683,96.07,56282,0,0,"",0
"2022-08-24","BAXH24","BAX","BAX","BAX",0,"2024-03-18",0,1,96.005,0,21,0,0,1464,0,-0.08,96.225,96.24,96.12,0,369,96.165,29708,0,0,"",0
"2022-08-24","BAXM24","BAX","BAX","BAX",0,"2024-06-17",0,1,0,0,0,0,0,1514,0,-0.085,96.315,96.325,96.205,0,417,96.245,14794,0,0,"",0
"2022-08-24","BAXU24","BAX","BAX","BAX",0,"2024-09-16",0,1,0,96.46,0,1,0,191,0,-0.075,96.35,96.35,96.285,0,47,96.33,4076,0,0,"",0
"2022-08-24","BAXZ24","BAX","BAX","BAX",0,"2024-12-16",0,1,96,97,1,1,0,85,0,-0.08,96.43,96.43,96.365,0,31,96.41,1664,0,0,"",0
"2022-08-24","BAXH25","BAX","BAX","BAX",0,"2025-03-17",0,1,96.45,97.5,52,1,0,155,0,-0.1,96.47,96.47,96.435,0,23,96.48,1293,0,0,"",0
"2022-08-24","BAXM25","BAX","BAX","BAX",0,"2025-06-16",0,1,95,97.8,1,1,0,0,0,0,0,0,0,0,0,96.51,5,0,0,"",0
"2022-08-25","BAXU22","BAX","BAX","BAX",0,"2022-09-19",0,1,96.1,96.12,25,12,0,7081,0,-0.01,96.12,96.12,96.095,0,740,96.11,135993,0,0,"",0
"2022-08-25","BAXV22","BAX","BAX","BAX",0,"2022-10-17",0,1,0,0,0,0,0,0,0,0,0,0,0,0,0,96.03,0,0,0,"",0
"2022-08-25","BAXX22","BAX","BAX","BAX",0,"2022-11-14",0,1,0,0,0,0,0,0,0,0,0,0,0,0,0,95.96,0,0,0,"",0
"2022-08-25","BAXZ22","BAX","BAX","BAX",0,"2022-12-19",0,1,95.815,95.83,68,7,0,8126,0,-0.005,95.83,95.84,95.79,0,1071,95.82,193515,0,0,"",0
"2022-08-25","BAXH23","BAX","BAX","BAX",0,"2023-03-13",0,1,95.815,95.835,189,195,0,8304,0,-0.005,95.84,95.85,95.795,0,1496,95.83,156576,0,0,"",0
"2022-08-25","BAXM23","BAX","BAX","BAX",0,"2023-06-19",0,1,95.88,95.9,25,2,0,3888,0,-0.01,95.88,95.91,95.855,0,847,95.89,93093,0,0,"",0
"2022-08-25","BAXU23","BAX","BAX","BAX",0,"2023-09-18",0,1,95.955,96.03,25,32,0,2116,0,-0.01,95.96,95.99,95.93,0,499,95.97,80852,0,0,"",0
"2022-08-25","BAXZ23","BAX","BAX","BAX",0,"2023-12-18",0,1,96.025,96.18,5,49,0,2018,0,-0.015,96.05,96.085,96.015,0,506,96.065,57089,0,0,"",0
"2022-08-25","BAXH24","BAX","BAX","BAX",0,"2024-03-18",0,1,96.15,96.155,50,38,0,728,0,-0.01,96.14,96.165,96.11,0,250,96.16,29516,0,0,"",0
"2022-08-25","BAXM24","BAX","BAX","BAX",0,"2024-06-17",0,1,96.205,0,28,0,0,746,0,0,96.245,96.25,96.195,0,229,96.245,14492,0,0,"",0
"2022-08-25","BAXU24","BAX","BAX","BAX",0,"2024-09-16",0,1,0,0,0,0,0,25,0,-0.04,96.3,96.3,96.27,0,7,96.33,4109,0,0,"",0
"2022-08-25","BAXZ24","BAX","BAX","BAX",0,"2024-12-16",0,1,96,97,1,1,0,7,0,-0.045,96.36,96.365,96.36,0,3,96.41,1691,0,0,"",0
"2022-08-25","BAXH25","BAX","BAX","BAX",0,"2025-03-17",0,1,95.5,97.5,1,1,0,0,0,0,0,0,0,0,0,96.48,1293,0,0,"",0
"2022-08-25","BAXM25","BAX","BAX","BAX",0,"2025-06-16",0,1,95,97.8,1,1,0,0,0,0,0,0,0,0,0,96.515,5,0,0,"",0
"2022-08-26","BAXU22","BAX","BAX","BAX",0,"2022-09-19",0,1,96.105,96.11,70,102,0,8245,0,-0.005,96.1,96.115,96.09,0,981,96.11,136893,0,0,"",0
"2022-08-26","BAXV22","BAX","BAX","BAX",0,"2022-10-17",0,1,0,0,0,0,0,0,0,0,0,0,0,0,0,96.03,0,0,0,"",0
"2022-08-26","BAXX22","BAX","BAX","BAX",0,"2022-11-14",0,1,0,0,0,0,0,0,0,0,0,0,0,0,0,95.96,0,0,0,"",0
"2022-08-26","BAXZ22","BAX","BAX","BAX",0,"2022-12-19",0,1,95.78,95.8,5,2,0,12411,0,-0.03,95.795,95.82,95.745,0,2094,95.795,191052,0,0,"",0
"2022-08-26","BAXH23","BAX","BAX","BAX",0,"2023-03-13",0,1,95.775,95.795,10,2,0,12580,0,-0.05,95.815,95.82,95.74,0,2567,95.795,158911,0,0,"",0
"2022-08-26","BAXM23","BAX","BAX","BAX",0,"2023-06-19",0,1,95.815,95.835,25,2,0,5387,0,-0.07,95.875,95.875,95.78,0,1581,95.84,93791,0,0,"",0
"2022-08-26","BAXU23","BAX","BAX","BAX",0,"2023-09-18",0,1,95.885,95.97,25,1,0,2702,0,-0.08,95.945,95.95,95.855,0,742,95.915,79691,0,0,"",0
"2022-08-26","BAXZ23","BAX","BAX","BAX",0,"2023-12-18",0,1,95.98,96.18,25,49,0,3050,0,-0.075,96.035,96.045,95.955,0,767,96.01,56960,0,0,"",0
"2022-08-26","BAXH24","BAX","BAX","BAX",0,"2024-03-18",0,1,96.085,96.17,25,5,0,1955,0,-0.07,96.13,96.135,96.045,0,566,96.105,29665,0,0,"",0
"2022-08-26","BAXM24","BAX","BAX","BAX",0,"2024-06-17",0,1,96.185,0,25,0,0,1521,0,-0.05,96.195,96.235,96.15,0,441,96.195,14314,0,0,"",0
"2022-08-26","BAXU24","BAX","BAX","BAX",0,"2024-09-16",0,1,0,0,0,0,0,27,0,-0.05,96.28,96.28,96.245,0,9,96.28,4112,0,0,"",0
"2022-08-26","BAXZ24","BAX","BAX","BAX",0,"2024-12-16",0,1,96,97,1,1,0,4,0,-0.08,96.35,96.35,96.33,0,2,96.36,1685,0,0,"",0
"2022-08-26","BAXH25","BAX","BAX","BAX",0,"2025-03-17",0,1,95.5,97.5,1,1,0,1,0,-0.07,96.41,96.41,96.41,0,1,96.43,1292,0,0,"",0
"2022-08-26","BAXM25","BAX","BAX","BAX",0,"2025-06-16",0,1,95,97.8,1,1,0,0,0,0,0,0,0,0,0,96.465,5,0,0,"",0
"2022-08-29","BAXU22","BAX","BAX","BAX",0,"2022-09-19",0,1,96.09,96.095,55,231,0,13551,0,-0.015,96.105,96.105,96.08,0,1075,96.09,135470,0,0,"",0
"2022-08-29","BAXV22","BAX","BAX","BAX",0,"2022-10-17",0,1,0,0,0,0,0,0,0,0,0,0,0,0,0,96.01,0,0,0,"",0
"2022-08-29","BAXX22","BAX","BAX","BAX",0,"2022-11-14",0,1,0,0,0,0,0,0,0,0,0,0,0,0,0,95.94,0,0,0,"",0
"2022-08-29","BAXZ22","BAX","BAX","BAX",0,"2022-12-19",0,1,95.765,95.77,10,1,0,9636,0,-0.025,95.755,95.79,95.72,0,1800,95.77,191223,0,0,"",0
"2022-08-29","BAXH23","BAX","BAX","BAX",0,"2023-03-13",0,1,95.715,95.785,50,25,0,8311,0,-0.02,95.745,95.79,95.705,0,1904,95.77,160438,0,0,"",0
"2022-08-29","BAXM23","BAX","BAX","BAX",0,"2023-06-19",0,1,95.79,95.8,25,3,0,8952,0,-0.05,95.785,95.81,95.74,0,2267,95.8,94510,0,0,"",0
"2022-08-29","BAXU23","BAX","BAX","BAX",0,"2023-09-18",0,1,95.8,95.855,21,25,0,4363,0,-0.075,95.87,95.87,95.81,0,1132,95.85,79719,0,0,"",0
"2022-08-29","BAXZ23","BAX","BAX","BAX",0,"2023-12-18",0,1,95.91,95.93,50,25,0,3550,0,-0.095,95.97,95.97,95.9,0,777,95.925,56475,0,0,"",0
"2022-08-29","BAXH24","BAX","BAX","BAX",0,"2024-03-18",0,1,95.995,0,22,0,0,1741,0,-0.095,96.075,96.075,96,0,418,96.02,29700,0,0,"",0
"2022-08-29","BAXM24","BAX","BAX","BAX",0,"2024-06-17",0,1,96.095,96.105,150,35,0,1527,0,-0.09,96.12,96.155,96.095,0,324,96.11,14212,0,0,"",0
"2022-08-29","BAXU24","BAX","BAX","BAX",0,"2024-09-16",0,1,0,0,0,0,0,146,0,-0.08,96.225,96.23,96.195,0,48,96.195,4121,0,0,"",0
"2022-08-29","BAXZ24","BAX","BAX","BAX",0,"2024-12-16",0,1,96,97,1,1,0,0,0,0,0,0,0,0,0,96.27,1678,0,0,"",0
"2022-08-29","BAXH25","BAX","BAX","BAX",0,"2025-03-17",0,1,95.5,97.5,1,1,0,0,0,0,0,0,0,0,0,96.34,1291,0,0,"",0
"2022-08-29","BAXM25","BAX","BAX","BAX",0,"2025-06-16",0,1,95,97.8,1,1,0,0,0,0,0,0,0,0,0,96.375,5,0,0,"",0
"2022-08-30","BAXU22","BAX","BAX","BAX",0,"2022-09-19",0,1,96.09,96.095,4,93,0,12609,0,0,96.1,96.11,96.09,0,1072,96.095,134329,0,0,"",0
"2022-08-30","BAXV22","BAX","BAX","BAX",0,"2022-10-17",0,1,0,0,0,0,0,0,0,0,0,0,0,0,0,96.015,0,0,0,"",0
"2022-08-30","BAXX22","BAX","BAX","BAX",0,"2022-11-14",0,1,0,0,0,0,0,0,0,0,0,0,0,0,0,95.945,0,0,0,"",0
"2022-08-30","BAXZ22","BAX","BAX","BAX",0,"2022-12-19",0,1,95.765,95.78,35,27,0,22484,0,0,95.78,95.8,95.765,0,2443,95.78,189556,0,0,"",0
"2022-08-30","BAXH23","BAX","BAX","BAX",0,"2023-03-13",0,1,95.67,95.77,11,16,0,14429,0,-0.015,95.77,95.805,95.75,0,3069,95.775,161225,0,0,"",0
"2022-08-30","BAXM23","BAX","BAX","BAX",0,"2023-06-19",0,1,95.61,95.77,20,7,0,10279,0,-0.05,95.775,95.825,95.745,0,2388,95.775,95486,0,0,"",0
"2022-08-30","BAXU23","BAX","BAX","BAX",0,"2023-09-18",0,1,95.775,96.45,22,1,0,4238,0,-0.07,95.855,95.87,95.78,0,1119,95.805,79924,0,0,"",0
"2022-08-30","BAXZ23","BAX","BAX","BAX",0,"2023-12-18",0,1,95.835,95.855,31,25,0,5484,0,-0.085,95.93,95.95,95.835,0,1206,95.87,56749,0,0,"",0
"2022-08-30","BAXH24","BAX","BAX","BAX",0,"2024-03-18",0,1,95.935,96.02,25,10,0,2648,0,-0.08,96.03,96.05,95.935,0,615,95.965,29869,0,0,"",0
"2022-08-30","BAXM24","BAX","BAX","BAX",0,"2024-06-17",0,1,0,96.07,0,25,0,2560,0,-0.065,96.125,96.145,96.035,0,658,96.06,14383,0,0,"",0
"2022-08-30","BAXU24","BAX","BAX","BAX",0,"2024-09-16",0,1,0,0,0,0,0,619,0,-0.045,96.18,96.22,96.14,0,164,96.16,4239,0,0,"",0
"2022-08-30","BAXZ24","BAX","BAX","BAX",0,"2024-12-16",0,1,96,97,1,1,0,24,0,-0.025,96.28,96.28,96.245,0,7,96.245,1674,0,0,"",0
"2022-08-30","BAXH25","BAX","BAX","BAX",0,"2025-03-17",0,1,95.5,97.5,1,1,0,59,0,0,96.36,96.37,96.335,0,11,96.325,1291,0,0,"",0
"2022-08-30","BAXM25","BAX","BAX","BAX",0,"2025-06-16",0,1,95,97.8,1,1,0,0,0,0,0,0,0,0,0,96.37,5,0,0,"",0
"2022-08-31","BAXU22","BAX","BAX","BAX",0,"2022-09-19",0,1,96.075,96.085,155,147,0,13834,0,-0.015,96.085,96.1,96.07,0,904,96.085,135040,0,0,"",0
"2022-08-31","BAXV22","BAX","BAX","BAX",0,"2022-10-17",0,1,0,0,0,0,0,0,0,0,0,0,0,0,0,96.005,0,0,0,"",0
"2022-08-31","BAXX22","BAX","BAX","BAX",0,"2022-11-14",0,1,0,0,0,0,0,0,0,0,0,0,0,0,0,95.935,0,0,0,"",0
"2022-08-31","BAXZ22","BAX","BAX","BAX",0,"2022-12-19",0,1,95.775,95.8,90,30,0,15919,0,0.015,95.755,95.81,95.73,0,1807,95.8,193865,0,0,"",0
"2022-08-31","BAXH23","BAX","BAX","BAX",0,"2023-03-13",0,1,95.74,95.78,60,75,0,9213,0,-0.005,95.74,95.805,95.705,0,1460,95.795,162922,0,0,"",0
"2022-08-31","BAXM23","BAX","BAX","BAX",0,"2023-06-19",0,1,95.745,95.79,29,5,0,9129,0,-0.01,95.745,95.8,95.705,0,1871,95.79,96765,0,0,"",0
"2022-08-31","BAXU23","BAX","BAX","BAX",0,"2023-09-18",0,1,95.745,96.45,4,1,0,3094,0,-0.005,95.78,95.83,95.745,0,973,95.82,79232,0,0,"",0
"2022-08-31","BAXZ23","BAX","BAX","BAX",0,"2023-12-18",0,1,95.835,95.88,30,11,0,5343,0,-0.005,95.835,95.885,95.815,0,1234,95.88,56959,0,0,"",0
"2022-08-31","BAXH24","BAX","BAX","BAX",0,"2024-03-18",0,1,95.905,0,10,0,0,2332,0,-0.01,95.925,95.98,95.915,0,555,95.975,30618,0,0,"",0
"2022-08-31","BAXM24","BAX","BAX","BAX",0,"2024-06-17",0,1,96.04,0,19,0,0,2590,0,-0.015,96.02,96.085,96.02,0,868,96.07,15574,0,0,"",0
"2022-08-31","BAXU24","BAX","BAX","BAX",0,"2024-09-16",0,1,0,96.165,0,5,0,488,0,0.005,96.165,96.19,96.135,0,234,96.17,4567,0,0,"",0
"2022-08-31","BAXZ24","BAX","BAX","BAX",0,"2024-12-16",0,1,96,97,1,1,0,65,0,0.015,96.235,96.26,96.22,0,10,96.255,1678,0,0,"",0
"2022-08-31","BAXH25","BAX","BAX","BAX",0,"2025-03-17",0,1,95.5,97.5,1,1,0,136,0,-0.01,96.315,96.315,96.295,0,15,96.335,1275,0,0,"",0
"2022-08-31","BAXM25","BAX","BAX","BAX",0,"2025-06-16",0,1,95,97.8,1,1,0,0,0,0,0,0,0,0,0,96.38,5,0,0,"",0
"2022-09-01","BAXU22","BAX","BAX","BAX",0,"2022-09-19",0,1,96.06,96.065,35,130,0,9997,0,-0.025,96.075,96.09,96.04,0,654,96.05,138761,0,0,"",0
"2022-09-01","BAXV22","BAX","BAX","BAX",0,"2022-10-17",0,1,0,0,0,0,0,0,0,0,0,0,0,0,0,95.97,0,0,0,"",0
"2022-09-01","BAXX22","BAX","BAX","BAX",0,"2022-11-14",0,1,0,0,0,0,0,0,0,0,0,0,0,0,0,95.9,0,0,0,"",0
"2022-09-01","BAXZ22","BAX","BAX","BAX",0,"2022-12-19",0,1,95.765,95.78,15,64,0,9861,0,-0.02,95.785,95.795,95.75,0,998,95.775,189257,0,0,"",0
"2022-09-01","BAXH23","BAX","BAX","BAX",0,"2023-03-13",0,1,95.67,95.78,1,23,0,8304,0,-0.04,95.755,95.78,95.72,0,1832,95.75,162488,0,0,"",0
"2022-09-01","BAXM23","BAX","BAX","BAX",0,"2023-06-19",0,1,95.725,95.79,20,50,0,9155,0,-0.045,95.75,95.775,95.705,0,2266,95.735,97589,0,0,"",0
"2022-09-01","BAXU23","BAX","BAX","BAX",0,"2023-09-18",0,1,95.745,96.45,10,1,0,3651,0,-0.04,95.76,95.805,95.735,0,1112,95.765,79187,0,0,"",0
"2022-09-01","BAXZ23","BAX","BAX","BAX",0,"2023-12-18",0,1,95.825,95.84,2,98,0,3278,0,-0.04,95.85,95.87,95.8,0,847,95.825,57307,0,0,"",0
"2022-09-01","BAXH24","BAX","BAX","BAX",0,"2024-03-18",0,1,95.9,96.02,30,4,0,2449,0,-0.04,95.9,95.955,95.895,0,593,95.915,30938,0,0,"",0
"2022-09-01","BAXM24","BAX","BAX","BAX",0,"2024-06-17",0,1,0,0,0,0,0,1751,0,-0.055,96.025,96.05,95.995,0,430,96.01,16221,0,0,"",0
"2022-09-01","BAXU24","BAX","BAX","BAX",0,"2024-09-16",0,1,0,96.125,0,5,0,143,0,-0.07,96.13,96.13,96.1,0,42,96.11,4803,0,0,"",0
"2022-09-01","BAXZ24","BAX","BAX","BAX",0,"2024-12-16",0,1,96,97,1,1,0,33,0,-0.04,96.2,96.215,96.185,0,8,96.195,1671,0,0,"",0
"2022-09-01","BAXH25","BAX","BAX","BAX",0,"2025-03-17",0,1,95.5,97.5,1,1,0,8,0,-0.08,96.275,96.275,96.255,0,3,96.275,1287,0,0,"",0
"2022-09-01","BAXM25","BAX","BAX","BAX",0,"2025-06-16",0,1,95,97.8,1,1,0,0,0,0,0,0,0,0,0,96.32,5,0,0,"",0
"2022-09-02","BAXU22","BAX","BAX","BAX",0,"2022-09-19",0,1,96.06,96.065,78,348,0,15020,0,0.01,96.07,96.075,96.045,0,952,96.055,135765,0,0,"",0
"2022-09-02","BAXV22","BAX","BAX","BAX",0,"2022-10-17",0,1,0,0,0,0,0,0,0,0,0,0,0,0,0,95.975,0,0,0,"",0
"2022-09-02","BAXX22","BAX","BAX","BAX",0,"2022-11-14",0,1,0,0,0,0,0,0,0,0,0,0,0,0,0,95.905,0,0,0,"",0
"2022-09-02","BAXZ22","BAX","BAX","BAX",0,"2022-12-19",0,1,95.825,95.83,1,21,0,14044,0,0.055,95.795,95.855,95.77,0,1931,95.83,185257,0,0,"",0
"2022-09-02","BAXH23","BAX","BAX","BAX",0,"2023-03-13",0,1,95.825,95.835,15,10,0,10525,0,0.075,95.775,95.835,95.745,0,1879,95.82,162592,0,0,"",0
"2022-09-02","BAXM23","BAX","BAX","BAX",0,"2023-06-19",0,1,95.83,95.84,8,11,0,6000,0,0.095,95.765,95.84,95.73,0,1421,95.815,99847,0,0,"",0
"2022-09-02","BAXU23","BAX","BAX","BAX",0,"2023-09-18",0,1,95.87,95.88,13,7,0,2693,0,0.115,95.795,95.895,95.775,0,848,95.855,80490,0,0,"",0
"2022-09-02","BAXZ23","BAX","BAX","BAX",0,"2023-12-18",0,1,95.93,95.945,9,9,0,3842,0,0.115,95.85,95.965,95.85,0,721,95.92,58188,0,0,"",0
"2022-09-02","BAXH24","BAX","BAX","BAX",0,"2024-03-18",0,1,96.02,96.03,6,7,0,1689,0,0.11,95.955,96.06,95.945,0,408,96.01,30320,0,0,"",0
"2022-09-02","BAXM24","BAX","BAX","BAX",0,"2024-06-17",0,1,96.105,96.115,7,7,0,1382,0,0.105,96.035,96.14,96.03,0,394,96.1,16185,0,0,"",0
"2022-09-02","BAXU24","BAX","BAX","BAX",0,"2024-09-16",0,1,96.21,0,4,0,0,562,0,0.105,96.145,96.23,96.13,0,198,96.2,4851,0,0,"",0
"2022-09-02","BAXZ24","BAX","BAX","BAX",0,"2024-12-16",0,1,96,97,1,1,0,117,0,0.1,96.22,96.295,96.215,0,46,96.285,1697,0,0,"",0
"2022-09-02","BAXH25","BAX","BAX","BAX",0,"2025-03-17",0,1,95.5,97.5,1,1,0,31,0,0.04,96.3,96.33,96.3,0,9,96.365,1296,0,0,"",0
"2022-09-02","BAXM25","BAX","BAX","BAX",0,"2025-06-16",0,1,95,97.8,1,1,0,0,0,0,0,0,0,0,0,96.41,5,0,0,"",0
"2022-09-06","BAXU22","BAX","BAX","BAX",0,"2022-09-19",0,1,96.03,96.035,30,150,0,18153,0,-0.025,96.06,96.06,96.025,0,912,96.035,140015,0,0,"",0
"2022-09-06","BAXV22","BAX","BAX","BAX",0,"2022-10-17",0,1,0,0,0,0,0,0,0,0,0,0,0,0,0,95.955,0,0,0,"",0
"2022-09-06","BAXX22","BAX","BAX","BAX",0,"2022-11-14",0,1,0,0,0,0,0,0,0,0,0,0,0,0,0,95.885,0,0,0,"",0
"2022-09-06","BAXZ22","BAX","BAX","BAX",0,"2022-12-19",0,1,95.815,95.835,193,25,0,16858,0,-0.005,95.825,95.83,95.785,0,2800,95.83,187755,0,0,"",0
"2022-09-06","BAXH23","BAX","BAX","BAX",0,"2023-03-13",0,1,95.805,96,50,1,0,14262,0,0,95.81,95.835,95.755,0,2554,95.82,164554,0,0,"",0
"2022-09-06","BAXM23","BAX","BAX","BAX",0,"2023-06-19",0,1,95.815,95.84,100,5,0,8497,0,0.01,95.825,95.84,95.745,0,2251,95.82,100896,0,0,"",0
"2022-09-06","BAXU23","BAX","BAX","BAX",0,"2023-09-18",0,1,95.86,0,10,0,0,6527,0,0.01,95.865,95.885,95.79,0,1981,95.86,80884,0,0,"",0
"2022-09-06","BAXZ23","BAX","BAX","BAX",0,"2023-12-18",0,1,95.885,95.95,6,5,0,7087,0,0.005,95.93,95.955,95.86,0,2191,95.925,58705,0,0,"",0
"2022-09-06","BAXH24","BAX","BAX","BAX",0,"2024-03-18",0,1,95.885,0,21,0,0,3312,0,-0.005,95.96,96.03,95.945,0,1190,96.005,30275,0,0,"",0
"2022-09-06","BAXM24","BAX","BAX","BAX",0,"2024-06-17",0,1,0,0,0,0,0,5341,0,-0.03,96.045,96.1,96.03,0,1497,96.085,16458,0,0,"",0
"2022-09-06","BAXU24","BAX","BAX","BAX",0,"2024-09-16",0,1,96.155,0,4,0,0,886,0,-0.045,96.145,96.175,96.135,0,306,96.175,5139,0,0,"",0
"2022-09-06","BAXZ24","BAX","BAX","BAX",0,"2024-12-16",0,1,96,96.245,1,1,0,301,0,-0.04,96.24,96.245,96.22,0,105,96.26,1738,0,0,"",0
"2022-09-06","BAXH25","BAX","BAX","BAX",0,"2025-03-17",0,1,96.315,97.5,10,1,0,118,0,-0.05,96.315,96.34,96.31,0,29,96.34,1293,0,0,"",0
"2022-09-06","BAXM25","BAX","BAX","BAX",0,"2025-06-16",0,1,96.345,97.8,10,1,0,11,0,-0.045,96.345,96.365,96.345,0,5,96.385,5,0,0,"",0
"2022-09-07","BAXU22","BAX","BAX","BAX",0,"2022-09-19",0,1,95.97,95.975,82,25,0,30052,0,-0.06,96.025,96.045,95.95,0,2061,95.97,144149,0,0,"",0
"2022-09-07","BAXV22","BAX","BAX","BAX",0,"2022-10-17",0,1,0,0,0,0,0,0,0,0,0,0,0,0,0,95.89,0,0,0,"",0
"2022-09-07","BAXX22","BAX","BAX","BAX",0,"2022-11-14",0,1,0,0,0,0,0,0,0,0,0,0,0,0,0,95.82,0,0,0,"",0
"2022-09-07","BAXZ22","BAX","BAX","BAX",0,"2022-12-19",0,1,95.77,95.775,50,44,0,32662,0,-0.055,95.81,95.915,95.715,0,3715,95.77,191266,0,0,"",0
"2022-09-07","BAXH23","BAX","BAX","BAX",0,"2023-03-13",0,1,95.815,95.83,150,75,0,20463,0,0,95.89,95.92,95.68,0,3346,95.82,168765,0,0,"",0
"2022-09-07","BAXM23","BAX","BAX","BAX",0,"2023-06-19",0,1,95.855,95.935,91,8,0,12370,0,0.035,95.895,95.935,95.74,0,2525,95.865,102173,0,0,"",0
"2022-09-07","BAXU23","BAX","BAX","BAX",0,"2023-09-18",0,1,95.825,0,22,0,0,5886,0,0.055,95.93,95.945,95.805,0,1610,95.925,82316,0,0,"",0
"2022-09-07","BAXZ23","BAX","BAX","BAX",0,"2023-12-18",0,1,95.965,96.01,2,10,0,6446,0,0.05,95.99,96.005,95.845,0,1691,95.99,61994,0,0,"",0
"2022-09-07","BAXH24","BAX","BAX","BAX",0,"2024-03-18",0,1,96.02,96.06,30,2,0,3266,0,0.05,96.035,96.075,95.935,0,709,96.065,31506,0,0,"",0
"2022-09-07","BAXM24","BAX","BAX","BAX",0,"2024-06-17",0,1,96.1,0,25,0,0,3972,0,0.04,96.14,96.14,96.065,0,862,96.14,17422,0,0,"",0
"2022-09-07","BAXU24","BAX","BAX","BAX",0,"2024-09-16",0,1,0,0,0,0,0,768,0,0.035,96.19,96.215,96.155,0,247,96.23,5726,0,0,"",0
"2022-09-07","BAXZ24","BAX","BAX","BAX",0,"2024-12-16",0,1,96.27,0,15,0,0,99,0,0.02,96.235,96.285,96.235,0,31,96.315,1795,0,0,"",0
"2022-09-07","BAXH25","BAX","BAX","BAX",0,"2025-03-17",0,1,96.35,0,6,0,0,79,0,0.025,96.32,96.365,96.32,0,24,96.395,1246,0,0,"",0
"2022-09-07","BAXM25","BAX","BAX","BAX",0,"2025-06-16",0,1,0,0,0,0,0,0,0,0,0,0,0,0,0,96.44,10,0,0,"",0
"2022-09-08","BAXU22","BAX","BAX","BAX",0,"2022-09-19",0,1,95.925,95.935,358,302,0,11855,0,-0.045,95.975,95.985,95.925,0,820,95.93,149286,0,0,"",0
"2022-09-08","BAXV22","BAX","BAX","BAX",0,"2022-10-17",0,1,0,0,0,0,0,0,0,0,0,0,0,0,0,95.85,0,0,0,"",0
"2022-09-08","BAXX22","BAX","BAX","BAX",0,"2022-11-14",0,1,0,0,0,0,0,0,0,0,0,0,0,0,0,95.78,0,0,0,"",0
"2022-09-08","BAXZ22","BAX","BAX","BAX",0,"2022-12-19",0,1,95.685,95.7,100,200,0,14878,0,-0.08,95.775,95.795,95.69,0,2671,95.7,198508,0,0,"",0
"2022-09-08","BAXH23","BAX","BAX","BAX",0,"2023-03-13",0,1,95.725,95.81,5,152,0,10972,0,-0.075,95.825,95.88,95.745,0,1913,95.755,175214,0,0,"",0
"2022-09-08","BAXM23","BAX","BAX","BAX",0,"2023-06-19",0,1,0,95.925,0,5,0,7626,0,-0.065,95.87,95.935,95.8,0,1845,95.805,104520,0,0,"",0
"2022-09-08","BAXU23","BAX","BAX","BAX",0,"2023-09-18",0,1,95.7,95.915,22,5,0,2474,0,-0.055,95.925,95.98,95.865,0,754,95.865,82140,0,0,"",0
"2022-09-08","BAXZ23","BAX","BAX","BAX",0,"2023-12-18",0,1,95.775,96.01,31,100,0,3800,0,-0.065,95.995,96.05,95.925,0,1491,95.93,61438,0,0,"",0
"2022-09-08","BAXH24","BAX","BAX","BAX",0,"2024-03-18",0,1,95.885,96.07,21,4,0,3413,0,-0.065,96.11,96.125,96,0,1143,96.005,30721,0,0,"",0
"2022-09-08","BAXM24","BAX","BAX","BAX",0,"2024-06-17",0,1,0,96.08,0,10,0,2341,0,-0.065,96.18,96.205,96.075,0,718,96.08,18030,0,0,"",0
"2022-09-08","BAXU24","BAX","BAX","BAX",0,"2024-09-16",0,1,0,96.205,0,11,0,128,0,-0.05,96.28,96.28,96.18,0,44,96.17,6102,0,0,"",0
"2022-09-08","BAXZ24","BAX","BAX","BAX",0,"2024-12-16",0,1,0,0,0,0,0,5,0,-0.055,96.3,96.3,96.26,0,3,96.255,1694,0,0,"",0
"2022-09-08","BAXH25","BAX","BAX","BAX",0,"2025-03-17",0,1,95.5,0,1,0,0,0,0,0,0,0,0,0,0,96.335,1199,0,0,"",0
"2022-09-08","BAXM25","BAX","BAX","BAX",0,"2025-06-16",0,1,95.75,97,1,1,0,0,0,0,0,0,0,0,0,96.38,10,0,0,"",0
"2022-09-09","BAXU22","BAX","BAX","BAX",0,"2022-09-19",0,1,95.97,95.98,165,100,0,22093,0,0.04,95.935,95.985,95.905,0,1630,95.975,137619,0,0,"",0
"2022-09-09","BAXV22","BAX","BAX","BAX",0,"2022-10-17",0,1,0,0,0,0,0,0,0,0,0,0,0,0,0,95.895,0,0,0,"",0
"2022-09-09","BAXX22","BAX","BAX","BAX",0,"2022-11-14",0,1,0,0,0,0,0,0,0,0,0,0,0,0,0,95.825,0,0,0,"",0
"2022-09-09","BAXZ22","BAX","BAX","BAX",0,"2022-12-19",0,1,95.74,95.76,5,62,0,23471,0,0.045,95.675,95.8,95.66,0,3760,95.75,195059,0,0,"",0
"2022-09-09","BAXH23","BAX","BAX","BAX",0,"2023-03-13",0,1,95.79,95.805,98,25,0,13291,0,0.05,95.73,95.845,95.715,0,2118,95.805,174575,0,0,"",0
"2022-09-09","BAXM23","BAX","BAX","BAX",0,"2023-06-19",0,1,95.845,95.925,95,5,0,9887,0,0.05,95.775,95.895,95.765,0,2158,95.855,105932,0,0,"",0
"2022-09-09","BAXU23","BAX","BAX","BAX",0,"2023-09-18",0,1,95.7,0,22,0,0,4416,0,0.06,95.835,95.965,95.83,0,990,95.92,81251,0,0,"",0
"2022-09-09","BAXZ23","BAX","BAX","BAX",0,"2023-12-18",0,1,95.985,96.015,33,79,0,8800,0,0.085,95.89,96.05,95.89,0,2206,96,60401,0,0,"",0
"2022-09-09","BAXH24","BAX","BAX","BAX",0,"2024-03-18",0,1,96.085,96.12,26,29,0,3606,0,0.1,96.03,96.135,96,0,769,96.09,31358,0,0,"",0
"2022-09-09","BAXM24","BAX","BAX","BAX",0,"2024-06-17",0,1,0,0,0,0,0,6805,0,0.11,96.11,96.21,96.035,0,1386,96.17,18696,0,0,"",0
"2022-09-09","BAXU24","BAX","BAX","BAX",0,"2024-09-16",0,1,0,0,0,0,0,1525,0,0.115,96.19,96.3,96.13,0,270,96.255,5989,0,0,"",0
"2022-09-09","BAXZ24","BAX","BAX","BAX",0,"2024-12-16",0,1,96.33,0,2,0,0,160,0,0.075,96.325,96.385,96.3,0,37,96.33,1666,0,0,"",0
"2022-09-09","BAXH25","BAX","BAX","BAX",0,"2025-03-17",0,1,95.5,0,1,0,0,114,0,0.06,96.415,96.415,96.39,0,18,96.405,1199,0,0,"",0
"2022-09-09","BAXM25","BAX","BAX","BAX",0,"2025-06-16",0,1,95.75,97,1,1,0,0,0,0,0,0,0,0,0,96.45,10,0,0,"",0
"2022-09-12","BAXU22","BAX","BAX","BAX",0,"2022-09-19",0,1,95.965,95.97,961,455,0,18665,0,-0.01,95.975,95.985,95.96,0,1750,95.965,141642,0,0,"",0
"2022-09-12","BAXV22","BAX","BAX","BAX",0,"2022-10-17",0,1,0,0,0,0,0,0,0,0,0,0,0,0,0,95.885,0,0,0,"",0
"2022-09-12","BAXX22","BAX","BAX","BAX",0,"2022-11-14",0,1,0,0,0,0,0,0,0,0,0,0,0,0,0,95.815,0,0,0,"",0
"2022-09-12","BAXZ22","BAX","BAX","BAX",0,"2022-12-19",0,1,95.71,95.73,30,100,95.73,19573,95.75,-0.02,95.725,95.78,95.725,2200,2864,95.735,205249,0,0,"",0
"2022-09-12","BAXH23","BAX","BAX","BAX",0,"2023-03-13",0,1,95.77,95.78,50,150,95.775,10573,95.805,-0.03,95.81,95.83,95.77,10916,2004,95.785,176566,0,0,"",0
"2022-09-12","BAXM23","BAX","BAX","BAX",0,"2023-06-19",0,1,0,95.84,0,12,95.83,9390,95.855,-0.025,95.855,95.89,95.815,2107,2173,95.825,106343,0,0,"",0
"2022-09-12","BAXU23","BAX","BAX","BAX",0,"2023-09-18",0,1,95.92,0,3,0,95.92,4410,95.92,0,95.94,95.97,95.9,861,1102,95.905,82115,0,0,"",0
"2022-09-12","BAXZ23","BAX","BAX","BAX",0,"2023-12-18",0,1,95.995,96.055,1,18,0,4340,0,0.02,96.025,96.065,95.995,0,923,96,62962,0,0,"",0
"2022-09-12","BAXH24","BAX","BAX","BAX",0,"2024-03-18",0,1,95.885,96.15,21,1,0,2574,0,0.045,96.12,96.16,96.095,0,451,96.095,31387,0,0,"",0
"2022-09-12","BAXM24","BAX","BAX","BAX",0,"2024-06-17",0,1,96.205,96.245,1,36,0,2963,0,0.055,96.24,96.25,96.19,0,664,96.185,20787,0,0,"",0
"2022-09-12","BAXU24","BAX","BAX","BAX",0,"2024-09-16",0,1,0,96.32,0,36,0,890,0,0.04,96.335,96.335,96.275,0,232,96.27,6322,0,0,"",0
"2022-09-12","BAXZ24","BAX","BAX","BAX",0,"2024-12-16",0,1,0,97,0,1,0,105,0,0.03,96.375,96.375,96.36,0,49,96.345,1717,0,0,"",0
"2022-09-12","BAXH25","BAX","BAX","BAX",0,"2025-03-17",0,1,95.5,0,1,0,0,37,0,0.02,96.44,96.44,96.425,0,28,96.42,1063,0,0,"",0
"2022-09-12","BAXM25","BAX","BAX","BAX",0,"2025-06-16",0,1,95.75,97,1,1,0,0,0,0,0,0,0,0,0,96.465,10,0,0,"",0
"2022-09-13","BAXU22","BAX","BAX","BAX",0,"2022-09-19",0,1,95.93,95.935,249,70,0,37055,0,-0.03,95.97,95.975,95.93,0,1857,95.935,141476,0,0,"",0
"2022-09-13","BAXV22","BAX","BAX","BAX",0,"2022-10-17",0,1,0,0,0,0,0,0,0,0,0,0,0,0,0,95.855,0,0,0,"",0
"2022-09-13","BAXX22","BAX","BAX","BAX",0,"2022-11-14",0,1,0,0,0,0,0,0,0,0,0,0,0,0,0,95.785,0,0,0,"",0
"2022-09-13","BAXZ22","BAX","BAX","BAX",0,"2022-12-19",0,1,95.595,95.6,130,72,0,31385,0,-0.135,95.73,95.78,95.58,0,4306,95.595,208045,0,0,"",0
"2022-09-13","BAXH23","BAX","BAX","BAX",0,"2023-03-13",0,1,95.59,95.63,31,2,0,22118,0,-0.16,95.805,95.85,95.58,0,4306,95.615,175943,0,0,"",0
"2022-09-13","BAXM23","BAX","BAX","BAX",0,"2023-06-19",0,1,95.66,95.705,50,2,0,12688,0,-0.13,95.83,95.915,95.645,0,2802,95.68,108146,0,0,"",0
"2022-09-13","BAXU23","BAX","BAX","BAX",0,"2023-09-18",0,1,95.785,95.82,50,25,0,6335,0,-0.09,95.82,96.005,95.76,0,1159,95.79,82963,0,0,"",0
"2022-09-13","BAXZ23","BAX","BAX","BAX",0,"2023-12-18",0,1,95.94,95.955,67,10,0,5089,0,-0.055,95.985,96.105,95.88,0,1100,95.915,63343,0,0,"",0
"2022-09-13","BAXH24","BAX","BAX","BAX",0,"2024-03-18",0,1,95.885,0,21,0,0,2441,0,-0.025,96.095,96.215,96,0,691,96.04,31717,0,0,"",0
"2022-09-13","BAXM24","BAX","BAX","BAX",0,"2024-06-17",0,1,96.175,0,174,0,0,2051,0,-0.005,96.27,96.315,96.11,0,495,96.145,20492,0,0,"",0
"2022-09-13","BAXU24","BAX","BAX","BAX",0,"2024-09-16",0,1,0,96.285,0,50,0,350,0,0,96.33,96.33,96.225,0,97,96.24,6640,0,0,"",0
"2022-09-13","BAXZ24","BAX","BAX","BAX",0,"2024-12-16",0,1,0,97,0,1,0,134,0,-0.03,96.335,96.335,96.3,0,47,96.315,1798,0,0,"",0
"2022-09-13","BAXH25","BAX","BAX","BAX",0,"2025-03-17",0,1,95.5,0,1,0,0,72,0,-0.055,96.395,96.395,96.355,0,27,96.385,1100,0,0,"",0
"2022-09-13","BAXM25","BAX","BAX","BAX",0,"2025-06-16",0,1,95.75,97,1,1,0,0,0,0,0,0,0,0,0,96.43,10,0,0,"",0
"2022-09-14","BAXU22","BAX","BAX","BAX",0,"2022-09-16",0,1,95.92,95.925,454,734,0,20796,0,-0.015,95.925,95.93,95.915,0,1123,95.915,146878,0,0,"",0
"2022-09-14","BAXV22","BAX","BAX","BAX",0,"2022-10-17",0,1,0,0,0,0,0,0,0,0,0,0,0,0,0,95.835,0,0,0,"",0
"2022-09-14","BAXX22","BAX","BAX","BAX",0,"2022-11-14",0,1,0,0,0,0,0,0,0,0,0,0,0,0,0,95.765,0,0,0,"",0
"2022-09-14","BAXZ22","BAX","BAX","BAX",0,"2022-12-19",0,1,95.54,95.55,144,102,0,16370,0,-0.05,95.59,95.595,95.525,0,2682,95.54,217646,0,0,"",0
"2022-09-14","BAXH23","BAX","BAX","BAX",0,"2023-03-13",0,1,95.55,95.56,60,188,0,14649,0,-0.06,95.61,95.62,95.53,0,3084,95.56,186412,0,0,"",0
"2022-09-14","BAXM23","BAX","BAX","BAX",0,"2023-06-19",0,1,95.63,95.64,75,49,0,10352,0,-0.045,95.725,95.725,95.605,0,2813,95.645,110313,0,0,"",0
"2022-09-14","BAXU23","BAX","BAX","BAX",0,"2023-09-18",0,1,95.755,0,75,0,0,4109,0,-0.03,95.85,95.85,95.73,0,1228,95.77,83664,0,0,"",0
"2022-09-14","BAXZ23","BAX","BAX","BAX",0,"2023-12-18",0,1,95.885,95.92,75,25,0,4432,0,-0.025,95.965,95.965,95.855,0,1029,95.895,64008,0,0,"",0
"2022-09-14","BAXH24","BAX","BAX","BAX",0,"2024-03-18",0,1,95.885,0,21,0,0,2392,0,-0.015,96.08,96.08,95.98,0,787,96.02,30259,0,0,"",0
"2022-09-14","BAXM24","BAX","BAX","BAX",0,"2024-06-17",0,1,96.095,96.16,100,5,0,1751,0,0.01,96.17,96.17,96.08,0,557,96.145,18487,0,0,"",0
"2022-09-14","BAXU24","BAX","BAX","BAX",0,"2024-09-16",0,1,96.26,0,2,0,0,550,0,0.015,96.23,96.28,96.2,0,148,96.265,6625,0,0,"",0
"2022-09-14","BAXZ24","BAX","BAX","BAX",0,"2024-12-16",0,1,0,97,0,1,0,24,0,0.05,96.28,96.365,96.28,0,16,96.355,1773,0,0,"",0
"2022-09-14","BAXH25","BAX","BAX","BAX",0,"2025-03-17",0,1,95.5,0,1,0,0,0,0,0,0,0,0,0,0,96.425,1128,0,0,"",0
"2022-09-14","BAXM25","BAX","BAX","BAX",0,"2025-06-16",0,1,95.75,97,1,1,0,0,0,0,0,0,0,0,0,96.47,10,0,0,"",0
"2022-09-15","BAXU22","BAX","BAX","BAX",0,"2022-09-16",0,1,95.91,95.915,1960,605,0,24116,0,-0.005,95.925,95.925,95.91,0,389,95.91,132672,0,0,"",0
"2022-09-15","BAXV22","BAX","BAX","BAX",0,"2022-10-17",0,1,0,0,0,0,0,0,0,0,0,0,0,0,0,95.83,0,0,0,"",0
"2022-09-15","BAXX22","BAX","BAX","BAX",0,"2022-11-14",0,1,0,0,0,0,0,0,0,0,0,0,0,0,0,95.76,0,0,0,"",0
"2022-09-15","BAXZ22","BAX","BAX","BAX",0,"2022-12-19",0,1,95.505,95.51,9,25,0,25125,0,-0.03,95.555,95.555,95.49,0,2447,95.505,213555,0,0,"",0
"2022-09-15","BAXH23","BAX","BAX","BAX",0,"2023-03-13",0,1,95.48,95.52,5,152,0,13597,0,-0.05,95.56,95.56,95.49,0,2089,95.505,178970,0,0,"",0
"2022-09-15","BAXM23","BAX","BAX","BAX",0,"2023-06-19",0,1,95.575,95.585,76,2,0,8985,0,-0.07,95.6,95.63,95.56,0,1851,95.58,111102,0,0,"",0
"2022-09-15","BAXU23","BAX","BAX","BAX",0,"2023-09-18",0,1,95.685,95.72,10,41,0,8066,0,-0.08,95.715,95.745,95.67,0,2043,95.69,84416,0,0,"",0
"2022-09-15","BAXZ23","BAX","BAX","BAX",0,"2023-12-18",0,1,95.775,96.105,31,71,0,8020,0,-0.075,95.85,95.875,95.8,0,1861,95.815,64126,0,0,"",0
"2022-09-15","BAXH24","BAX","BAX","BAX",0,"2024-03-18",0,1,95.955,96.01,100,1,0,8363,0,-0.055,95.96,96.01,95.935,0,1182,95.955,30693,0,0,"",0
"2022-09-15","BAXM24","BAX","BAX","BAX",0,"2024-06-17",0,1,0,0,0,0,0,3777,0,-0.06,96.085,96.13,96.055,0,794,96.08,18200,0,0,"",0
"2022-09-15","BAXU24","BAX","BAX","BAX",0,"2024-09-16",0,1,0,96.225,0,1,0,922,0,-0.065,96.18,96.24,96.17,0,101,96.2,6891,0,0,"",0
"2022-09-15","BAXZ24","BAX","BAX","BAX",0,"2024-12-16",0,1,0,97,0,1,0,130,0,-0.065,96.315,96.315,96.28,0,21,96.29,1732,0,0,"",0
"2022-09-15","BAXH25","BAX","BAX","BAX",0,"2025-03-17",0,1,96.35,0,50,0,0,109,0,-0.075,96.345,96.375,96.345,0,24,96.36,1122,0,0,"",0
"2022-09-15","BAXM25","BAX","BAX","BAX",0,"2025-06-16",0,1,95.75,97,1,1,0,0,0,0,0,0,0,0,0,96.405,10,0,0,"",0
"2022-09-16","BAXU22","BAX","BAX","BAX",0,"2022-09-16",0,1,0,0,0,0,0,5882,0,0,95.91,95.915,95.91,0,450,95.912,126636,0,0,"",0
"2022-09-16","BAXV22","BAX","BAX","BAX",0,"2022-10-17",0,1,0,0,0,0,0,0,0,0,0,0,0,0,0,95.82,0,0,0,"",0
"2022-09-16","BAXX22","BAX","BAX","BAX",0,"2022-11-14",0,1,0,0,0,0,0,0,0,0,0,0,0,0,0,95.75,0,0,0,"",0
"2022-09-16","BAXZ22","BAX","BAX","BAX",0,"2022-12-19",0,1,95.49,95.5,762,59,0,23660,0,-0.01,95.505,95.53,95.48,0,2104,95.495,217768,0,0,"",0
"2022-09-16","BAXH23","BAX","BAX","BAX",0,"2023-03-13",0,1,95.49,95.495,154,49,0,14615,0,-0.015,95.51,95.52,95.465,0,2279,95.495,177304,0,0,"",0
"2022-09-16","BAXM23","BAX","BAX","BAX",0,"2023-06-19",0,1,95.565,95.6,5,36,0,14620,0,0.01,95.57,95.6,95.535,0,2220,95.58,110953,0,0,"",0
"2022-09-16","BAXU23","BAX","BAX","BAX",0,"2023-09-18",0,1,0,0,0,0,0,7694,0,0.04,95.655,95.74,95.65,0,1554,95.715,84964,0,0,"",0
"2022-09-16","BAXZ23","BAX","BAX","BAX",0,"2023-12-18",0,1,95.775,96.105,31,71,0,6761,0,0.065,95.8,95.9,95.785,0,1482,95.875,65455,0,0,"",0
"2022-09-16","BAXH24","BAX","BAX","BAX",0,"2024-03-18",0,1,95.885,0,21,0,0,5045,0,0.085,95.92,96.045,95.92,0,970,96.03,33890,0,0,"",0
"2022-09-16","BAXM24","BAX","BAX","BAX",0,"2024-06-17",0,1,96.145,96.16,7,50,0,3046,0,0.075,96.07,96.165,96.06,0,791,96.155,18107,0,0,"",0
"2022-09-16","BAXU24","BAX","BAX","BAX",0,"2024-09-16",0,1,0,0,0,0,0,906,0,0.07,96.21,96.28,96.175,0,233,96.275,7462,0,0,"",0
"2022-09-16","BAXZ24","BAX","BAX","BAX",0,"2024-12-16",0,1,96.29,96.375,12,50,0,194,0,0.085,96.29,96.38,96.29,0,65,96.375,1809,0,0,"",0
"2022-09-16","BAXH25","BAX","BAX","BAX",0,"2025-03-17",0,1,95.5,96.45,1,50,0,24,0,0.085,96.43,96.45,96.43,0,15,96.445,1160,0,0,"",0
"2022-09-16","BAXM25","BAX","BAX","BAX",0,"2025-06-16",0,1,95.75,96.5,1,50,0,0,0,0,0,0,0,0,0,96.49,10,0,0,"",0
"2022-09-19","BAXV22","BAX","BAX","BAX",0,"2022-10-17",0,1,0,0,0,0,0,0,0,0,0,0,0,0,0,95.795,0,0,0,"",0
"2022-09-19","BAXX22","BAX","BAX","BAX",0,"2022-11-14",0,1,0,0,0,0,0,0,0,0,0,0,0,0,0,95.725,0,0,0,"",0
"2022-09-19","BAXZ22","BAX","BAX","BAX",0,"2022-12-19",0,1,95.47,95.475,52,37,0,12550,0,-0.02,95.45,95.485,95.45,0,1498,95.47,220942,0,0,"",0
"2022-09-19","BAXH23","BAX","BAX","BAX",0,"2023-03-13",0,1,95.455,95.465,250,37,0,12560,0,-0.035,95.45,95.465,95.435,0,1219,95.46,177115,0,0,"",0
"2022-09-19","BAXM23","BAX","BAX","BAX",0,"2023-06-19",0,1,95.555,95.57,20,25,0,9522,0,-0.015,95.555,95.58,95.535,0,1460,95.565,113864,0,0,"",0
"2022-09-19","BAXU23","BAX","BAX","BAX",0,"2023-09-18",0,1,95.71,95.74,63,2,0,7079,0,-0.005,95.69,95.74,95.665,0,1420,95.71,86353,0,0,"",0
"2022-09-19","BAXZ23","BAX","BAX","BAX",0,"2023-12-18",0,1,95.87,95.89,1,50,0,7935,0,0,95.85,95.905,95.82,0,1799,95.87,65065,0,0,"",0
"2022-09-19","BAXH24","BAX","BAX","BAX",0,"2024-03-18",0,1,95.885,96.035,21,50,0,5065,0,0.005,96.005,96.045,95.99,0,1012,96.025,33915,0,0,"",0
"2022-09-19","BAXM24","BAX","BAX","BAX",0,"2024-06-17",0,1,0,0,0,0,0,3406,0,-0.005,96.11,96.16,96.1,0,715,96.145,18806,0,0,"",0
"2022-09-19","BAXU24","BAX","BAX","BAX",0,"2024-09-16",0,1,0,0,0,0,0,921,0,-0.01,96.24,96.275,96.215,0,222,96.265,7856,0,0,"",0
"2022-09-19","BAXZ24","BAX","BAX","BAX",0,"2024-12-16",0,1,96.34,97,25,1,0,88,0,-0.025,96.325,96.355,96.31,0,21,96.365,1788,0,0,"",0
"2022-09-19","BAXH25","BAX","BAX","BAX",0,"2025-03-17",0,1,96.41,0,9,0,0,134,0,-0.03,96.39,96.425,96.375,0,17,96.435,1177,0,0,"",0
"2022-09-19","BAXM25","BAX","BAX","BAX",0,"2025-06-16",0,1,95.75,96.65,1,1,0,0,0,0,0,0,0,0,0,96.48,10,0,0,"",0
"2022-09-19","BAXU25","BAX","BAX","BAX",0,"2025-09-15",0,1,96,97.25,1,1,0,0,0,0,0,0,0,0,0,96.505,0,0,0,"",0
"2022-09-20","BAXV22","BAX","BAX","BAX",0,"2022-10-17",0,1,0,0,0,0,0,0,0,0,0,0,0,0,0,95.875,0,0,0,"",0
"2022-09-20","BAXX22","BAX","BAX","BAX",0,"2022-11-14",0,1,0,0,0,0,0,0,0,0,0,0,0,0,0,95.805,0,0,0,"",0
"2022-09-20","BAXZ22","BAX","BAX","BAX",0,"2022-12-19",0,1,95.52,95.54,120,203,0,29968,0,0.06,95.43,95.585,95.425,0,3007,95.55,219895,0,0,"",0
"2022-09-20","BAXH23","BAX","BAX","BAX",0,"2023-03-13",0,1,95.31,95.525,12,80,0,25671,0,0.06,95.41,95.57,95.395,0,3233,95.52,178534,0,0,"",0
"2022-09-20","BAXM23","BAX","BAX","BAX",0,"2023-06-19",0,1,0,95.61,0,2,0,18327,0,0.02,95.55,95.665,95.49,0,3379,95.605,111337,0,0,"",0
"2022-09-20","BAXU23","BAX","BAX","BAX",0,"2023-09-18",0,1,95.61,0,41,0,0,8241,0,0.025,95.7,95.79,95.63,0,2314,95.745,88015,0,0,"",0
"2022-09-20","BAXZ23","BAX","BAX","BAX",0,"2023-12-18",0,1,95.825,96.105,50,71,0,7629,0,0.035,95.87,95.945,95.775,0,2033,95.905,65873,0,0,"",0
"2022-09-20","BAXH24","BAX","BAX","BAX",0,"2024-03-18",0,1,96.05,0,30,0,0,8735,0,0.03,96.03,96.08,95.93,0,2027,96.055,33957,0,0,"",0
"2022-09-20","BAXM24","BAX","BAX","BAX",0,"2024-06-17",0,1,96.115,0,95,0,0,6395,0,0.01,96.125,96.18,96.04,0,1338,96.16,17488,0,0,"",0
"2022-09-20","BAXU24","BAX","BAX","BAX",0,"2024-09-16",0,1,0,0,0,0,0,3031,0,-0.01,96.22,96.29,96.15,0,807,96.27,8256,0,0,"",0
"2022-09-20","BAXZ24","BAX","BAX","BAX",0,"2024-12-16",0,1,0,97,0,1,0,736,0,0,96.32,96.365,96.32,0,92,96.37,1792,0,0,"",0
"2022-09-20","BAXH25","BAX","BAX","BAX",0,"2025-03-17",0,1,95.5,0,1,0,0,41,0,-0.005,96.4,96.43,96.4,0,18,96.44,1147,0,0,"",0
"2022-09-20","BAXM25","BAX","BAX","BAX",0,"2025-06-16",0,1,95.75,96.65,1,1,0,0,0,0,0,0,0,0,0,96.485,10,0,0,"",0
"2022-09-20","BAXU25","BAX","BAX","BAX",0,"2025-09-15",0,1,96,97.25,1,1,0,0,0,0,0,0,0,0,0,96.51,0,0,0,"",0
"2022-09-21","BAXV22","BAX","BAX","BAX",0,"2022-10-17",0,1,0,0,0,0,0,0,0,0,0,0,0,0,0,95.86,0,0,0,"",0
"2022-09-21","BAXX22","BAX","BAX","BAX",0,"2022-11-14",0,1,0,0,0,0,0,0,0,0,0,0,0,0,0,95.79,0,0,0,"",0
"2022-09-21","BAXZ22","BAX","BAX","BAX",0,"2022-12-19",0,1,95.535,95.545,77,50,0,13893,0,-0.01,95.54,95.61,95.495,0,1681,95.535,231394,0,0,"",0
"2022-09-21","BAXH23","BAX","BAX","BAX",0,"2023-03-13",0,1,95.455,95.52,48,6,0,16088,0,0,95.535,95.57,95.455,0,2681,95.525,182793,0,0,"",0
"2022-09-21","BAXM23","BAX","BAX","BAX",0,"2023-06-19",0,1,95.595,95.62,130,20,0,10710,0,0,95.645,95.65,95.515,0,2044,95.615,113798,0,0,"",0
"2022-09-21","BAXU23","BAX","BAX","BAX",0,"2023-09-18",0,1,95.73,95.79,32,5,0,5366,0,-0.005,95.75,95.79,95.635,0,1759,95.755,89616,0,0,"",0
"2022-09-21","BAXZ23","BAX","BAX","BAX",0,"2023-12-18",0,1,95.89,95.945,36,32,0,5132,0,-0.01,95.895,95.955,95.805,0,1543,95.915,66679,0,0,"",0
"2022-09-21","BAXH24","BAX","BAX","BAX",0,"2024-03-18",0,1,95.885,0,21,0,0,3743,0,-0.01,96.045,96.1,95.955,0,1011,96.065,36957,0,0,"",0
"2022-09-21","BAXM24","BAX","BAX","BAX",0,"2024-06-17",0,1,0,0,0,0,0,2008,0,-0.005,96.195,96.205,96.09,0,552,96.17,19443,0,0,"",0
"2022-09-21","BAXU24","BAX","BAX","BAX",0,"2024-09-16",0,1,0,0,0,0,0,1678,0,-0.01,96.28,96.285,96.2,0,453,96.28,9106,0,0,"",0
"2022-09-21","BAXZ24","BAX","BAX","BAX",0,"2024-12-16",0,1,96.305,97,3,1,0,328,0,-0.015,96.355,96.37,96.305,0,113,96.38,2350,0,0,"",0
"2022-09-21","BAXH25","BAX","BAX","BAX",0,"2025-03-17",0,1,95.5,0,1,0,0,79,0,0.01,96.44,96.465,96.4,0,38,96.45,1122,0,0,"",0
"2022-09-21","BAXM25","BAX","BAX","BAX",0,"2025-06-16",0,1,95.75,96.65,1,1,0,0,0,0,0,0,0,0,0,96.495,10,0,0,"",0
"2022-09-21","BAXU25","BAX","BAX","BAX",0,"2025-09-15",0,1,96,97.25,1,1,0,0,0,0,0,0,0,0,0,96.52,0,0,0,"",0
"2022-09-22","BAXV22","BAX","BAX","BAX",0,"2022-10-17",0,1,0,0,0,0,0,0,0,0,0,0,0,0,0,95.85,0,0,0,"",0
"2022-09-22","BAXX22","BAX","BAX","BAX",0,"2022-11-14",0,1,0,0,0,0,0,0,0,0,0,0,0,0,0,95.78,0,0,0,"",0
"2022-09-22","BAXZ22","BAX","BAX","BAX",0,"2022-12-19",0,1,95.525,95.53,9,1,0,14904,0,-0.01,95.495,95.545,95.495,0,2641,95.525,225304,0,0,"",0
"2022-09-22","BAXH23","BAX","BAX","BAX",0,"2023-03-13",0,1,95.485,95.505,100,63,0,19200,0,-0.025,95.47,95.525,95.47,0,3070,95.5,181051,0,0,"",0
"2022-09-22","BAXM23","BAX","BAX","BAX",0,"2023-06-19",0,1,95.575,95.595,100,2,0,9104,0,-0.03,95.545,95.605,95.545,0,2005,95.57,111139,0,0,"",0
"2022-09-22","BAXU23","BAX","BAX","BAX",0,"2023-09-18",0,1,95.675,95.79,14,5,0,5901,0,-0.04,95.675,95.76,95.675,0,2547,95.705,87349,0,0,"",0
"2022-09-22","BAXZ23","BAX","BAX","BAX",0,"2023-12-18",0,1,95.84,95.94,105,35,0,4776,0,-0.04,95.86,95.9,95.835,0,1242,95.865,67550,0,0,"",0
"2022-09-22","BAXH24","BAX","BAX","BAX",0,"2024-03-18",0,1,95.885,96.1,21,5,0,4732,0,-0.045,96.045,96.045,95.98,0,1001,96.015,36114,0,0,"",0
"2022-09-22","BAXM24","BAX","BAX","BAX",0,"2024-06-17",0,1,0,0,0,0,0,2484,0,-0.05,96.1,96.145,96.08,0,432,96.12,17950,0,0,"",0
"2022-09-22","BAXU24","BAX","BAX","BAX",0,"2024-09-16",0,1,0,0,0,0,0,1753,0,-0.065,96.275,96.275,96.18,0,441,96.23,9224,0,0,"",0
"2022-09-22","BAXZ24","BAX","BAX","BAX",0,"2024-12-16",0,1,0,97,0,1,0,609,0,-0.07,96.28,96.325,96.28,0,36,96.315,2507,0,0,"",0
"2022-09-22","BAXH25","BAX","BAX","BAX",0,"2025-03-17",0,1,95.5,0,1,0,0,204,0,0,0,0,0,0,2,96.395,1083,0,0,"",0
"2022-09-22","BAXM25","BAX","BAX","BAX",0,"2025-06-16",0,1,96.405,96.65,25,1,0,0,0,0,0,0,0,0,0,96.44,10,0,0,"",0
"2022-09-22","BAXU25","BAX","BAX","BAX",0,"2025-09-15",0,1,96,97.25,1,1,0,0,0,0,0,0,0,0,0,96.465,0,0,0,"",0
"2022-09-23","BAXV22","BAX","BAX","BAX",0,"2022-10-17",0,1,0,0,0,0,0,0,0,0,0,0,0,0,0,95.845,0,0,0,"",0
"2022-09-23","BAXX22","BAX","BAX","BAX",0,"2022-11-14",0,1,0,0,0,0,0,0,0,0,0,0,0,0,0,95.775,0,0,0,"",0
"2022-09-23","BAXZ22","BAX","BAX","BAX",0,"2022-12-19",0,1,95.525,95.53,146,1,0,12152,0,0,95.535,95.57,95.47,0,2467,95.52,214292,0,0,"",0
"2022-09-23","BAXH23","BAX","BAX","BAX",0,"2023-03-13",0,1,95.495,95.51,21,257,0,10454,0,0.005,95.56,95.56,95.42,0,2363,95.5,178795,0,0,"",0
"2022-09-23","BAXM23","BAX","BAX","BAX",0,"2023-06-19",0,1,95.575,95.585,10,23,0,9712,0,0.005,95.63,95.64,95.495,0,2441,95.57,107513,0,0,"",0
"2022-09-23","BAXU23","BAX","BAX","BAX",0,"2023-09-18",0,1,95.71,95.725,8,89,0,6259,0,0.01,95.72,95.785,95.61,0,1819,95.7,87849,0,0,"",0
"2022-09-23","BAXZ23","BAX","BAX","BAX",0,"2023-12-18",0,1,95.87,95.91,51,32,0,6156,0,0.015,95.855,95.945,95.76,0,1751,95.86,66988,0,0,"",0
"2022-09-23","BAXH24","BAX","BAX","BAX",0,"2024-03-18",0,1,95.885,96.065,21,15,0,2885,0,0.02,96.045,96.1,95.905,0,761,96.01,37590,0,0,"",0
"2022-09-23","BAXM24","BAX","BAX","BAX",0,"2024-06-17",0,1,0,0,0,0,0,627,0,0.02,96.06,96.19,96.02,0,152,96.115,18906,0,0,"",0
"2022-09-23","BAXU24","BAX","BAX","BAX",0,"2024-09-16",0,1,0,0,0,0,0,569,0,0.03,96.205,96.3,96.205,0,207,96.225,9405,0,0,"",0
"2022-09-23","BAXZ24","BAX","BAX","BAX",0,"2024-12-16",0,1,0,97,0,1,0,55,0,0.035,96.36,96.375,96.35,0,21,96.315,2563,0,0,"",0
"2022-09-23","BAXH25","BAX","BAX","BAX",0,"2025-03-17",0,1,96.415,0,25,0,0,13,0,0.055,96.45,96.455,96.45,0,6,96.405,1080,0,0,"",0
"2022-09-23","BAXM25","BAX","BAX","BAX",0,"2025-06-16",0,1,96.405,96.5,25,20,0,0,0,0,0,0,0,0,0,96.46,10,0,0,"",0
"2022-09-23","BAXU25","BAX","BAX","BAX",0,"2025-09-15",0,1,96,97.25,1,1,0,0,0,0,0,0,0,0,0,96.485,0,0,0,"",0
"2022-09-26","BAXV22","BAX","BAX","BAX",0,"2022-10-17",0,1,0,0,0,0,0,0,0,0,0,0,0,0,0,95.8,0,0,0,"",0
"2022-09-26","BAXX22","BAX","BAX","BAX",0,"2022-11-14",0,1,0,0,0,0,0,0,0,0,0,0,0,0,0,95.73,0,0,0,"",0
"2022-09-26","BAXZ22","BAX","BAX","BAX",0,"2022-12-19",0,1,95.47,95.48,25,150,0,11604,0,-0.045,95.52,95.535,95.445,0,2263,95.475,209566,0,0,"",0
"2022-09-26","BAXH23","BAX","BAX","BAX",0,"2023-03-13",0,1,95.325,95.46,1,61,0,15496,0,-0.045,95.505,95.52,95.415,0,2710,95.46,176602,0,0,"",0
"2022-09-26","BAXM23","BAX","BAX","BAX",0,"2023-06-19",0,1,0,95.495,0,50,0,11406,0,-0.08,95.585,95.585,95.46,0,2262,95.505,108816,0,0,"",0
"2022-09-26","BAXU23","BAX","BAX","BAX",0,"2023-09-18",0,1,95.595,95.75,3,36,0,8302,0,-0.1,95.72,95.72,95.57,0,2272,95.62,88269,0,0,"",0
"2022-09-26","BAXZ23","BAX","BAX","BAX",0,"2023-12-18",0,1,95.75,95.91,3,32,0,5513,0,-0.105,95.88,95.88,95.72,0,1259,95.775,67635,0,0,"",0
"2022-09-26","BAXH24","BAX","BAX","BAX",0,"2024-03-18",0,1,95.895,96.065,100,15,0,7796,0,-0.105,96.035,96.035,95.865,0,1714,95.92,36552,0,0,"",0
"2022-09-26","BAXM24","BAX","BAX","BAX",0,"2024-06-17",0,1,0,0,0,0,0,1167,0,-0.1,96.075,96.11,95.98,0,368,96.025,18266,0,0,"",0
"2022-09-26","BAXU24","BAX","BAX","BAX",0,"2024-09-16",0,1,0,0,0,0,0,1603,0,-0.095,96.185,96.225,96.09,0,497,96.135,9255,0,0,"",0
"2022-09-26","BAXZ24","BAX","BAX","BAX",0,"2024-12-16",0,1,0,97,0,1,0,212,0,-0.025,96.29,96.29,96.285,0,29,96.235,2554,0,0,"",0
"2022-09-26","BAXH25","BAX","BAX","BAX",0,"2025-03-17",0,1,96.27,0,1,0,0,5,0,-0.025,96.38,96.38,96.38,0,2,96.325,1093,0,0,"",0
"2022-09-26","BAXM25","BAX","BAX","BAX",0,"2025-06-16",0,1,95.75,96.65,1,1,0,5,0,-0.02,96.445,96.445,96.44,0,2,96.38,10,0,0,"",0
"2022-09-26","BAXU25","BAX","BAX","BAX",0,"2025-09-15",0,1,96,97.25,1,1,0,0,0,0,0,0,0,0,0,96.425,0,0,0,"",0
"2022-09-27","BAXV22","BAX","BAX","BAX",0,"2022-10-17",0,1,0,0,0,0,0,0,0,0,0,0,0,0,0,95.795,0,0,0,"",0
"2022-09-27","BAXX22","BAX","BAX","BAX",0,"2022-11-14",0,1,0,0,0,0,0,0,0,0,0,0,0,0,0,95.725,0,0,0,"",0
"2022-09-27","BAXZ22","BAX","BAX","BAX",0,"2022-12-19",0,1,95.465,95.475,12,2,0,11959,0,-0.01,95.505,95.51,95.445,0,2693,95.47,205586,0,0,"",0
"2022-09-27","BAXH23","BAX","BAX","BAX",0,"2023-03-13",0,1,95.445,95.46,35,6,0,13175,0,-0.01,95.485,95.52,95.415,0,3073,95.45,180147,0,0,"",0
"2022-09-27","BAXM23","BAX","BAX","BAX",0,"2023-06-19",0,1,95.465,95.475,10,187,0,16395,0,-0.035,95.55,95.6,95.44,0,3485,95.485,107859,0,0,"",0
"2022-09-27","BAXU23","BAX","BAX","BAX",0,"2023-09-18",0,1,0,95.58,0,10,0,11966,0,-0.045,95.67,95.735,95.55,0,3254,95.59,89416,0,0,"",0
"2022-09-27","BAXZ23","BAX","BAX","BAX",0,"2023-12-18",0,1,0,95.775,0,25,0,8241,0,-0.06,95.825,95.895,95.695,0,1789,95.73,66207,0,0,"",0
"2022-09-27","BAXH24","BAX","BAX","BAX",0,"2024-03-18",0,1,0,96.065,0,15,0,3598,0,-0.06,95.965,96.04,95.835,0,1057,95.87,39366,0,0,"",0
"2022-09-27","BAXM24","BAX","BAX","BAX",0,"2024-06-17",0,1,0,0,0,0,0,2661,0,-0.065,96.11,96.14,95.935,0,690,95.975,18476,0,0,"",0
"2022-09-27","BAXU24","BAX","BAX","BAX",0,"2024-09-16",0,1,0,0,0,0,0,2251,0,-0.065,96.22,96.25,96.045,0,995,96.085,10027,0,0,"",0
"2022-09-27","BAXZ24","BAX","BAX","BAX",0,"2024-12-16",0,1,96.18,97,7,1,0,641,0,-0.055,96.33,96.345,96.165,0,158,96.19,2680,0,0,"",0
"2022-09-27","BAXH25","BAX","BAX","BAX",0,"2025-03-17",0,1,95.5,0,1,0,0,169,0,-0.035,96.41,96.425,96.27,0,34,96.28,1093,0,0,"",0
"2022-09-27","BAXM25","BAX","BAX","BAX",0,"2025-06-16",0,1,96.3,96.65,50,1,0,30,0,-0.04,96.33,96.34,96.32,0,7,96.335,5,0,0,"",0
"2022-09-27","BAXU25","BAX","BAX","BAX",0,"2025-09-15",0,1,96,97.25,1,1,0,0,0,0,0,0,0,0,0,96.38,0,0,0,"",0
"2022-09-28","BAXV22","BAX","BAX","BAX",0,"2022-10-17",0,1,0,0,0,0,0,0,0,0,0,0,0,0,0,95.87,0,0,0,"",0
"2022-09-28","BAXX22","BAX","BAX","BAX",0,"2022-11-14",0,1,0,0,0,0,0,0,0,0,0,0,0,0,0,95.8,0,0,0,"",0
"2022-09-28","BAXZ22","BAX","BAX","BAX",0,"2022-12-19",0,1,95.515,95.55,14,2,0,14280,0,0.065,95.46,95.555,95.46,0,2585,95.545,207680,0,0,"",0
"2022-09-28","BAXH23","BAX","BAX","BAX",0,"2023-03-13",0,1,95.54,95.545,250,200,0,18745,0,0.09,95.45,95.58,95.445,0,3105,95.57,179009,0,0,"",0
"2022-09-28","BAXM23","BAX","BAX","BAX",0,"2023-06-19",0,1,95.585,95.62,89,2,0,18233,0,0.115,95.46,95.635,95.46,0,3530,95.63,110020,0,0,"",0
"2022-09-28","BAXU23","BAX","BAX","BAX",0,"2023-09-18",0,1,95.68,95.725,23,100,0,8810,0,0.125,95.5,95.745,95.5,0,2871,95.735,90911,0,0,"",0
"2022-09-28","BAXZ23","BAX","BAX","BAX",0,"2023-12-18",0,1,95.87,95.925,6,50,0,8240,0,0.14,95.64,95.895,95.6,0,1938,95.885,69116,0,0,"",0
"2022-09-28","BAXH24","BAX","BAX","BAX",0,"2024-03-18",0,1,0,96.065,0,15,0,4905,0,0.15,95.79,96.04,95.725,0,1320,96.035,35530,0,0,"",0
"2022-09-28","BAXM24","BAX","BAX","BAX",0,"2024-06-17",0,1,0,0,0,0,0,2060,0,0.16,95.895,96.145,95.875,0,706,96.14,18625,0,0,"",0
"2022-09-28","BAXU24","BAX","BAX","BAX",0,"2024-09-16",0,1,0,0,0,0,0,1437,0,0.17,96.065,96.27,96.06,0,595,96.255,9919,0,0,"",0
"2022-09-28","BAXZ24","BAX","BAX","BAX",0,"2024-12-16",0,1,0,97,0,1,0,268,0,0.185,96.165,96.39,96.165,0,95,96.365,3050,0,0,"",0
"2022-09-28","BAXH25","BAX","BAX","BAX",0,"2025-03-17",0,1,95.5,0,1,0,0,22,0,0.14,96.4,96.43,96.4,0,7,96.455,1182,0,0,"",0
"2022-09-28","BAXM25","BAX","BAX","BAX",0,"2025-06-16",0,1,96.3,96.65,50,1,0,0,0,0,0,0,0,0,0,96.51,23,0,0,"",0
"2022-09-28","BAXU25","BAX","BAX","BAX",0,"2025-09-15",0,1,96,96.625,1,10,0,0,0,0,0,0,0,0,0,96.555,0,0,0,"",0
"2022-09-29","BAXV22","BAX","BAX","BAX",0,"2022-10-17",0,1,0,0,0,0,0,0,0,0,0,0,0,0,0,95.84,0,0,0,"",0
"2022-09-29","BAXX22","BAX","BAX","BAX",0,"2022-11-14",0,1,0,0,0,0,0,0,0,0,0,0,0,0,0,95.77,0,0,0,"",0
"2022-09-29","BAXZ22","BAX","BAX","BAX",0,"2022-12-19",0,1,95.515,95.52,63,67,0,6846,0,-0.025,95.52,95.54,95.425,0,1013,95.515,206413,0,0,"",0
"2022-09-29","BAXH23","BAX","BAX","BAX",0,"2023-03-13",0,1,95.525,95.535,68,18,0,10478,0,-0.04,95.555,95.565,95.44,0,1778,95.53,177845,0,0,"",0
"2022-09-29","BAXM23","BAX","BAX","BAX",0,"2023-06-19",0,1,95.575,95.585,7,8,0,9495,0,-0.045,95.61,95.625,95.475,0,2056,95.59,111473,0,0,"",0
"2022-09-29","BAXU23","BAX","BAX","BAX",0,"2023-09-18",0,1,95.69,95.7,30,9,0,9511,0,-0.035,95.71,95.74,95.58,0,2165,95.695,90605,0,0,"",0
"2022-09-29","BAXZ23","BAX","BAX","BAX",0,"2023-12-18",0,1,95.84,95.85,5,3,0,5691,0,-0.035,95.89,95.89,95.74,0,1398,95.845,70356,0,0,"",0
"2022-09-29","BAXH24","BAX","BAX","BAX",0,"2024-03-18",0,1,95.985,95.995,3,3,0,2854,0,-0.04,96.04,96.06,95.885,0,787,95.995,35268,0,0,"",0
"2022-09-29","BAXM24","BAX","BAX","BAX",0,"2024-06-17",0,1,96.085,96.1,4,4,0,1426,0,-0.05,96.025,96.165,96.01,0,342,96.1,17929,0,0,"",0
"2022-09-29","BAXU24","BAX","BAX","BAX",0,"2024-09-16",0,1,96.195,96.205,3,3,0,1512,0,-0.055,96.15,96.285,96.145,0,500,96.215,9788,0,0,"",0
"2022-09-29","BAXZ24","BAX","BAX","BAX",0,"2024-12-16",0,1,96.3,97,2,1,0,121,0,-0.03,96.3,96.4,96.29,0,23,96.325,3089,0,0,"",0
"2022-09-29","BAXH25","BAX","BAX","BAX",0,"2025-03-17",0,1,95.5,0,1,0,0,13,0,0.005,96.395,96.46,96.395,0,8,96.415,1186,0,0,"",0
"2022-09-29","BAXM25","BAX","BAX","BAX",0,"2025-06-16",0,1,96.3,96.51,50,25,0,1,0,0,0,0,0,0,1,96.475,23,0,0,"",0
"2022-09-29","BAXU25","BAX","BAX","BAX",0,"2025-09-15",0,1,96,97.25,1,1,0,0,0,0,0,0,0,0,0,96.52,0,0,0,"",0
"2022-09-30","BAXV22","BAX","BAX","BAX",0,"2022-10-17",0,1,0,0,0,0,0,0,0,0,0,0,0,0,0,95.84,0,0,0,"",0
"2022-09-30","BAXX22","BAX","BAX","BAX",0,"2022-11-14",0,1,0,0,0,0,0,0,0,0,0,0,0,0,0,95.77,0,0,0,"",0
"2022-09-30","BAXZ22","BAX","BAX","BAX",0,"2022-12-19",0,1,95.515,95.6,46,10,0,0,0,0,0,0,0,0,0,95.515,201251,0,0,"",0
"2022-09-30","BAXH23","BAX","BAX","BAX",0,"2023-03-13",0,1,95.525,96.83,10,4,0,0,0,0,0,0,0,0,0,95.53,177301,0,0,"",0
"2022-09-30","BAXM23","BAX","BAX","BAX",0,"2023-06-19",0,1,0,95.65,0,136,0,0,0,0,0,0,0,0,0,95.59,110242,0,0,"",0
"2022-09-30","BAXU23","BAX","BAX","BAX",0,"2023-09-18",0,1,95.52,0,1,0,0,0,0,0,0,0,0,0,0,95.695,90594,0,0,"",0
"2022-09-30","BAXZ23","BAX","BAX","BAX",0,"2023-12-18",0,1,0,0,0,0,0,0,0,0,0,0,0,0,0,95.845,67940,0,0,"",0
"2022-09-30","BAXH24","BAX","BAX","BAX",0,"2024-03-18",0,1,0,0,0,0,0,0,0,0,0,0,0,0,0,95.995,34674,0,0,"",0
"2022-09-30","BAXM24","BAX","BAX","BAX",0,"2024-06-17",0,1,0,0,0,0,0,0,0,0,0,0,0,0,0,96.1,17304,0,0,"",0
"2022-09-30","BAXU24","BAX","BAX","BAX",0,"2024-09-16",0,1,0,0,0,0,0,0,0,0,0,0,0,0,0,96.215,9604,0,0,"",0
"2022-09-30","BAXZ24","BAX","BAX","BAX",0,"2024-12-16",0,1,0,0,0,0,0,0,0,0,0,0,0,0,0,96.325,3150,0,0,"",0
"2022-09-30","BAXH25","BAX","BAX","BAX",0,"2025-03-17",0,1,0,0,0,0,0,0,0,0,0,0,0,0,0,96.415,1185,0,0,"",0
"2022-09-30","BAXM25","BAX","BAX","BAX",0,"2025-06-16",0,1,0,0,0,0,0,0,0,0,0,0,0,0,0,96.475,22,0,0,"",0
"2022-09-30","BAXU25","BAX","BAX","BAX",0,"2025-09-15",0,1,0,0,0,0,0,0,0,0,0,0,0,0,0,96.52,0,0,0,"",0
"2022-10-03","BAXV22","BAX","BAX","BAX",0,"2022-10-17",0,1,0,0,0,0,0,0,0,0,0,0,0,0,0,95.875,0,0,0,"",0
"2022-10-03","BAXX22","BAX","BAX","BAX",0,"2022-11-14",0,1,0,0,0,0,0,0,0,0,0,0,0,0,0,95.805,0,0,0,"",0
"2022-10-03","BAXZ22","BAX","BAX","BAX",0,"2022-12-19",0,1,95.55,95.565,14,6,0,8956,0,0.04,95.515,95.57,95.515,0,1669,95.55,198700,0,0,"",0
"2022-10-03","BAXH23","BAX","BAX","BAX",0,"2023-03-13",0,1,95.425,95.57,5,2,0,11859,0,0.03,95.565,95.605,95.525,0,2176,95.555,175074,0,0,"",0
"2022-10-03","BAXM23","BAX","BAX","BAX",0,"2023-06-19",0,1,95.595,95.61,35,100,0,11016,0,0.015,95.59,95.68,95.57,0,2467,95.61,109190,0,0,"",0
"2022-10-03","BAXU23","BAX","BAX","BAX",0,"2023-09-18",0,1,95.71,0,15,0,0,11305,0,0.02,95.7,95.81,95.665,0,2935,95.715,88718,0,0,"",0
"2022-10-03","BAXZ23","BAX","BAX","BAX",0,"2023-12-18",0,1,95.84,95.87,100,250,0,4921,0,0.025,95.78,95.97,95.78,0,1149,95.87,67220,0,0,"",0
"2022-10-03","BAXH24","BAX","BAX","BAX",0,"2024-03-18",0,1,0,96.04,0,5,0,3133,0,0.025,95.98,96.12,95.94,0,763,96.01,34235,0,0,"",0
"2022-10-03","BAXM24","BAX","BAX","BAX",0,"2024-06-17",0,1,96.1,0,9,0,0,2135,0,0.03,96.14,96.22,96,0,473,96.11,16944,0,0,"",0
"2022-10-03","BAXU24","BAX","BAX","BAX",0,"2024-09-16",0,1,0,0,0,0,0,1775,0,0.025,96.19,96.32,96.08,0,376,96.22,9411,0,0,"",0
"2022-10-03","BAXZ24","BAX","BAX","BAX",0,"2024-12-16",0,1,0,0,0,0,0,81,0,0.035,96.25,96.38,96.25,0,6,96.33,3165,0,0,"",0
"2022-10-03","BAXH25","BAX","BAX","BAX",0,"2025-03-17",0,1,96.25,96.55,1,1,0,77,0,0.025,96.35,96.51,96.35,0,16,96.42,1185,0,0,"",0
"2022-10-03","BAXM25","BAX","BAX","BAX",0,"2025-06-16",0,1,0,0,0,0,0,18,0,0.055,96.53,96.53,96.53,0,1,96.49,22,0,0,"",0
"2022-10-03","BAXU25","BAX","BAX","BAX",0,"2025-09-15",0,1,95.75,97,1,1,0,0,0,0,0,0,0,0,0,96.54,0,0,0,"",0
"2022-10-04","BAXV22","BAX","BAX","BAX",0,"2022-10-17",0,1,0,0,0,0,0,0,0,0,0,0,0,0,0,95.915,0,0,0,"",0
"2022-10-04","BAXX22","BAX","BAX","BAX",0,"2022-11-14",0,1,0,0,0,0,0,0,0,0,0,0,0,0,0,95.845,0,0,0,"",0
"2022-10-04","BAXZ22","BAX","BAX","BAX",0,"2022-12-19",0,1,95.585,95.595,308,185,0,18067,0,0.04,95.57,95.675,95.57,0,2250,95.59,199823,0,0,"",0
"2022-10-04","BAXH23","BAX","BAX","BAX",0,"2023-03-13",0,1,95.615,95.625,230,42,0,15905,0,0.07,95.595,95.7,95.58,0,2073,95.62,178467,0,0,"",0
"2022-10-04","BAXM23","BAX","BAX","BAX",0,"2023-06-19",0,1,95.595,95.675,1,2,0,12469,0,0.06,95.635,95.75,95.635,0,2933,95.665,111650,0,0,"",0
"2022-10-04","BAXU23","BAX","BAX","BAX",0,"2023-09-18",0,1,0,95.835,0,100,0,12406,0,0.05,95.75,95.855,95.74,0,2373,95.77,89453,0,0,"",0
"2022-10-04","BAXZ23","BAX","BAX","BAX",0,"2023-12-18",0,1,95.88,96.11,127,71,0,10434,0,0.03,95.89,95.99,95.88,0,1619,95.91,65218,0,0,"",0
"2022-10-04","BAXH24","BAX","BAX","BAX",0,"2024-03-18",0,1,96.02,0,100,0,0,6624,0,0.02,96.03,96.14,96.03,0,894,96.05,34864,0,0,"",0
"2022-10-04","BAXM24","BAX","BAX","BAX",0,"2024-06-17",0,1,0,0,0,0,0,1674,0,0.04,96.15,96.24,96.13,0,318,96.16,17354,0,0,"",0
"2022-10-04","BAXU24","BAX","BAX","BAX",0,"2024-09-16",0,1,96.25,0,50,0,0,1855,0,0.04,96.32,96.36,96.25,0,348,96.27,9986,0,0,"",0
"2022-10-04","BAXZ24","BAX","BAX","BAX",0,"2024-12-16",0,1,96.35,96.5,25,1,0,376,0,0.03,96.43,96.46,96.36,0,63,96.38,3165,0,0,"",0
"2022-10-04","BAXH25","BAX","BAX","BAX",0,"2025-03-17",0,1,0,0,0,0,0,0,0,0,0,0,0,0,0,96.47,1154,0,0,"",0
"2022-10-04","BAXM25","BAX","BAX","BAX",0,"2025-06-16",0,1,0,0,0,0,0,25,0,0.11,96.6,96.6,96.6,0,1,96.54,22,0,0,"",0
"2022-10-04","BAXU25","BAX","BAX","BAX",0,"2025-09-15",0,1,95.75,97,1,1,0,0,0,0,0,0,0,0,0,96.59,0,0,0,"",0
"2022-10-05","BAXV22","BAX","BAX","BAX",0,"2022-10-17",0,1,0,0,0,0,0,0,0,0,0,0,0,0,0,95.88,0,0,0,"",0
"2022-10-05","BAXX22","BAX","BAX","BAX",0,"2022-11-14",0,1,0,0,0,0,0,0,0,0,0,0,0,0,0,95.81,0,0,0,"",0
"2022-10-05","BAXZ22","BAX","BAX","BAX",0,"2022-12-19",0,1,95.545,95.555,25,40,0,11894,0,-0.04,95.6,95.605,95.545,0,1823,95.555,202211,0,0,"",0
"2022-10-05","BAXH23","BAX","BAX","BAX",0,"2023-03-13",0,1,95.56,95.57,217,68,0,12192,0,-0.055,95.61,95.615,95.55,0,1938,95.57,179848,0,0,"",0
"2022-10-05","BAXM23","BAX","BAX","BAX",0,"2023-06-19",0,1,95.575,95.595,50,52,0,9160,0,-0.075,95.68,95.68,95.55,0,2138,95.6,111546,0,0,"",0
"2022-10-05","BAXU23","BAX","BAX","BAX",0,"2023-09-18",0,1,95.64,0,50,0,0,10093,0,-0.115,95.775,95.775,95.615,0,2382,95.665,90347,0,0,"",0
"2022-10-05","BAXZ23","BAX","BAX","BAX",0,"2023-12-18",0,1,95.74,95.89,27,70,0,8549,0,-0.14,95.92,95.92,95.72,0,1270,95.77,64974,0,0,"",0
"2022-10-05","BAXH24","BAX","BAX","BAX",0,"2024-03-18",0,1,0,95.89,0,5,0,4617,0,-0.17,96.06,96.06,95.85,0,672,95.88,36228,0,0,"",0
"2022-10-05","BAXM24","BAX","BAX","BAX",0,"2024-06-17",0,1,0,0,0,0,0,2452,0,-0.17,96.16,96.16,95.96,0,415,95.98,16595,0,0,"",0
"2022-10-05","BAXU24","BAX","BAX","BAX",0,"2024-09-16",0,1,0,96.15,0,32,0,1428,0,-0.16,96.27,96.27,96.09,0,331,96.1,10124,0,0,"",0
"2022-10-05","BAXZ24","BAX","BAX","BAX",0,"2024-12-16",0,1,0,0,0,0,0,626,0,-0.16,96.37,96.37,96.22,0,41,96.21,3492,0,0,"",0
"2022-10-05","BAXH25","BAX","BAX","BAX",0,"2025-03-17",0,1,0,96.4,0,100,0,472,0,-0.15,96.44,96.44,96.32,0,23,96.31,1154,0,0,"",0
"2022-10-05","BAXM25","BAX","BAX","BAX",0,"2025-06-16",0,1,96.39,0,4,0,0,41,0,-0.13,96.41,96.42,96.4,0,7,96.38,29,0,0,"",0
"2022-10-05","BAXU25","BAX","BAX","BAX",0,"2025-09-15",0,1,95.75,97,1,1,0,8,0,-0.07,96.53,96.53,96.52,0,2,96.43,0,0,0,"",0
"2022-10-06","BAXV22","BAX","BAX","BAX",0,"2022-10-17",0,1,0,0,0,0,0,0,0,0,0,0,0,0,0,95.715,0,0,0,"",0
"2022-10-06","BAXX22","BAX","BAX","BAX",0,"2022-11-14",0,1,0,0,0,0,0,0,0,0,0,0,0,0,0,95.645,0,0,0,"",0
"2022-10-06","BAXZ22","BAX","BAX","BAX",0,"2022-12-19",0,1,95.25,95.385,2,80,0,25362,0,-0.17,95.55,95.555,95.38,0,3583,95.39,199201,0,0,"",0
"2022-10-06","BAXH23","BAX","BAX","BAX",0,"2023-03-13",0,1,95.395,95.41,143,2,0,19143,0,-0.175,95.56,95.575,95.38,0,3368,95.385,182023,0,0,"",0
"2022-10-06","BAXM23","BAX","BAX","BAX",0,"2023-06-19",0,1,95.43,95.45,100,2,0,14331,0,-0.165,95.59,95.6,95.41,0,3297,95.415,109812,0,0,"",0
"2022-10-06","BAXU23","BAX","BAX","BAX",0,"2023-09-18",0,1,95.505,95.52,7,30,0,10390,0,-0.16,95.66,95.67,95.485,0,2401,95.485,89898,0,0,"",0
"2022-10-06","BAXZ23","BAX","BAX","BAX",0,"2023-12-18",0,1,95.6,95.62,8,90,0,12510,0,-0.17,95.78,95.78,95.6,0,1878,95.59,67142,0,0,"",0
"2022-10-06","BAXH24","BAX","BAX","BAX",0,"2024-03-18",0,1,95.72,95.73,46,44,0,7272,0,-0.15,95.88,95.9,95.72,0,1083,95.7,34263,0,0,"",0
"2022-10-06","BAXM24","BAX","BAX","BAX",0,"2024-06-17",0,1,95.81,95.83,50,51,0,6033,0,-0.16,95.98,95.98,95.81,0,867,95.8,17514,0,0,"",0
"2022-10-06","BAXU24","BAX","BAX","BAX",0,"2024-09-16",0,1,0,95.97,0,50,0,2949,0,-0.15,96.08,96.11,95.95,0,475,95.93,10079,0,0,"",0
"2022-10-06","BAXZ24","BAX","BAX","BAX",0,"2024-12-16",0,1,0,96.19,0,190,0,802,0,-0.13,96.17,96.18,96.08,0,96,96.05,3751,0,0,"",0
"2022-10-06","BAXH25","BAX","BAX","BAX",0,"2025-03-17",0,1,0,0,0,0,0,69,0,-0.12,96.28,96.29,96.19,0,25,96.15,1296,0,0,"",0
"2022-10-06","BAXM25","BAX","BAX","BAX",0,"2025-06-16",0,1,0,0,0,0,0,1,0,-0.04,96.34,96.34,96.34,0,1,96.23,43,0,0,"",0
"2022-10-06","BAXU25","BAX","BAX","BAX",0,"2025-09-15",0,1,95.75,97,1,1,0,0,0,0,0,0,0,0,0,96.28,0,0,0,"",0
"2022-10-07","BAXV22","BAX","BAX","BAX",0,"2022-10-17",0,1,0,0,0,0,0,0,0,0,0,0,0,0,0,95.685,0,0,0,"",0
"2022-10-07","BAXX22","BAX","BAX","BAX",0,"2022-11-14",0,1,0,0,0,0,0,0,0,0,0,0,0,0,0,95.615,0,0,0,"",0
"2022-10-07","BAXZ22","BAX","BAX","BAX",0,"2022-12-19",0,1,95.355,95.36,99,78,0,9101,0,-0.035,95.42,95.42,95.335,0,1104,95.36,202248,0,0,"",0
"2022-10-07","BAXH23","BAX","BAX","BAX",0,"2023-03-13",0,1,95.34,95.35,16,22,0,12771,0,-0.045,95.42,95.42,95.325,0,2134,95.345,184506,0,0,"",0
"2022-10-07","BAXM23","BAX","BAX","BAX",0,"2023-06-19",0,1,95.365,95.37,8,14,0,6879,0,-0.05,95.445,95.45,95.36,0,1667,95.375,110200,0,0,"",0
"2022-10-07","BAXU23","BAX","BAX","BAX",0,"2023-09-18",0,1,95.425,95.435,17,21,0,6330,0,-0.055,95.52,95.52,95.405,0,1595,95.44,89543,0,0,"",0
"2022-10-07","BAXZ23","BAX","BAX","BAX",0,"2023-12-18",0,1,95.54,95.55,26,12,0,5123,0,-0.04,95.61,95.62,95.51,0,1069,95.54,66046,0,0,"",0
"2022-10-07","BAXH24","BAX","BAX","BAX",0,"2024-03-18",0,1,95.65,95.66,1,63,0,2640,0,-0.04,95.73,95.74,95.61,0,505,95.66,34105,0,0,"",0
"2022-10-07","BAXM24","BAX","BAX","BAX",0,"2024-06-17",0,1,95.75,95.76,20,16,0,2689,0,-0.05,95.81,95.81,95.69,0,523,95.76,18915,0,0,"",0
"2022-10-07","BAXU24","BAX","BAX","BAX",0,"2024-09-16",0,1,95.88,0,1,0,0,821,0,-0.04,95.94,95.94,95.82,0,276,95.89,11449,0,0,"",0
"2022-10-07","BAXZ24","BAX","BAX","BAX",0,"2024-12-16",0,1,0,0,0,0,0,177,0,-0.06,96.06,96.06,95.98,0,38,96.01,3926,0,0,"",0
"2022-10-07","BAXH25","BAX","BAX","BAX",0,"2025-03-17",0,1,0,0,0,0,0,22,0,-0.04,96.18,96.18,96.11,0,5,96.11,1176,0,0,"",0
"2022-10-07","BAXM25","BAX","BAX","BAX",0,"2025-06-16",0,1,0,0,0,0,0,7,0,-0.04,96.19,96.19,96.19,0,1,96.19,43,0,0,"",0
"2022-10-07","BAXU25","BAX","BAX","BAX",0,"2025-09-15",0,1,95.75,97,1,1,0,0,0,0,0,0,0,0,0,96.24,0,0,0,"",0
"2022-10-11","BAXV22","BAX","BAX","BAX",0,"2022-10-17",0,1,0,0,0,0,0,0,0,0,0,0,0,0,0,95.685,0,0,0,"",0
"2022-10-11","BAXX22","BAX","BAX","BAX",0,"2022-11-14",0,1,0,0,0,0,0,0,0,0,0,0,0,0,0,95.615,0,0,0,"",0
"2022-10-11","BAXZ22","BAX","BAX","BAX",0,"2022-12-19",0,1,95.355,95.365,83,20,0,14249,0,-0.005,95.345,95.39,95.33,0,2082,95.36,190861,0,0,"",0
"2022-10-11","BAXH23","BAX","BAX","BAX",0,"2023-03-13",0,1,95.325,95.345,100,23,0,17390,0,-0.015,95.32,95.385,95.31,0,2246,95.345,184050,0,0,"",0
"2022-10-11","BAXM23","BAX","BAX","BAX",0,"2023-06-19",0,1,95.335,95.355,9,2,0,13438,0,-0.035,95.34,95.41,95.33,0,2521,95.36,110177,0,0,"",0
"2022-10-11","BAXU23","BAX","BAX","BAX",0,"2023-09-18",0,1,95.37,95.465,1,34,0,9846,0,-0.05,95.39,95.49,95.385,0,1775,95.415,89452,0,0,"",0
"2022-10-11","BAXZ23","BAX","BAX","BAX",0,"2023-12-18",0,1,95.48,95.5,10,10,0,4634,0,-0.05,95.51,95.6,95.48,0,756,95.51,66299,0,0,"",0
"2022-10-11","BAXH24","BAX","BAX","BAX",0,"2024-03-18",0,1,0,95.62,0,20,0,4218,0,-0.06,95.63,95.72,95.6,0,580,95.62,32892,0,0,"",0
"2022-10-11","BAXM24","BAX","BAX","BAX",0,"2024-06-17",0,1,95.69,95.77,25,5,0,3328,0,-0.06,95.72,95.81,95.7,0,484,95.71,16925,0,0,"",0
"2022-10-11","BAXU24","BAX","BAX","BAX",0,"2024-09-16",0,1,0,0,0,0,0,1909,0,-0.06,95.84,95.92,95.82,0,476,95.84,10475,0,0,"",0
"2022-10-11","BAXZ24","BAX","BAX","BAX",0,"2024-12-16",0,1,0,96.03,0,2,0,146,0,-0.01,95.97,96.01,95.96,0,25,95.96,3926,0,0,"",0
"2022-10-11","BAXH25","BAX","BAX","BAX",0,"2025-03-17",0,1,0,0,0,0,0,73,0,-0.01,96.09,96.11,96.09,0,14,96.06,1156,0,0,"",0
"2022-10-11","BAXM25","BAX","BAX","BAX",0,"2025-06-16",0,1,0,0,0,0,0,25,0,0.01,96.2,96.2,96.2,0,1,96.14,43,0,0,"",0
"2022-10-11","BAXU25","BAX","BAX","BAX",0,"2025-09-15",0,1,95.75,97,1,1,0,0,0,0,0,0,0,0,0,96.2,0,0,0,"",0
"2022-10-12","BAXV22","BAX","BAX","BAX",0,"2022-10-17",0,1,0,0,0,0,0,0,0,0,0,0,0,0,0,95.72,0,0,0,"",0
"2022-10-12","BAXX22","BAX","BAX","BAX",0,"2022-11-14",0,1,0,0,0,0,0,0,0,0,0,0,0,0,0,95.65,0,0,0,"",0
"2022-10-12","BAXZ22","BAX","BAX","BAX",0,"2022-12-19",0,1,95.39,95.395,270,3,0,22788,0,0.035,95.355,95.4,95.325,0,2904,95.395,192663,0,0,"",0
"2022-10-12","BAXH23","BAX","BAX","BAX",0,"2023-03-13",0,1,95.37,95.38,32,50,0,21114,0,0.025,95.33,95.38,95.3,0,3233,95.38,186970,0,0,"",0
"2022-10-12","BAXM23","BAX","BAX","BAX",0,"2023-06-19",0,1,95.395,95.405,25,2,0,11551,0,0.045,95.34,95.42,95.315,0,2374,95.41,111075,0,0,"",0
"2022-10-12","BAXU23","BAX","BAX","BAX",0,"2023-09-18",0,1,95.47,0,130,0,0,10801,0,0.06,95.39,95.495,95.365,0,1923,95.485,88401,0,0,"",0
"2022-10-12","BAXZ23","BAX","BAX","BAX",0,"2023-12-18",0,1,95.56,95.61,25,10,0,7179,0,0.07,95.48,95.61,95.46,0,1025,95.59,66281,0,0,"",0
"2022-10-12","BAXH24","BAX","BAX","BAX",0,"2024-03-18",0,1,95.67,0,25,0,0,5317,0,0.08,95.6,95.72,95.57,0,885,95.71,33283,0,0,"",0
"2022-10-12","BAXM24","BAX","BAX","BAX",0,"2024-06-17",0,1,0,95.81,0,1,0,4568,0,0.09,95.7,95.82,95.67,0,1312,95.81,17742,0,0,"",0
"2022-10-12","BAXU24","BAX","BAX","BAX",0,"2024-09-16",0,1,0,0,0,0,0,1882,0,0.07,95.83,95.94,95.79,0,618,95.94,10643,0,0,"",0
"2022-10-12","BAXZ24","BAX","BAX","BAX",0,"2024-12-16",0,1,0,0,0,0,0,61,0,0.04,95.95,96,95.95,0,28,96.06,3937,0,0,"",0
"2022-10-12","BAXH25","BAX","BAX","BAX",0,"2025-03-17",0,1,95.5,96.8,1,1,0,24,0,0.04,96.04,96.1,96.04,0,7,96.16,1181,0,0,"",0
"2022-10-12","BAXM25","BAX","BAX","BAX",0,"2025-06-16",0,1,0,0,0,0,0,12,0,0.03,96.16,96.17,96.16,0,3,96.24,66,0,0,"",0
"2022-10-12","BAXU25","BAX","BAX","BAX",0,"2025-09-15",0,1,95.75,97,1,1,0,0,0,0,0,0,0,0,0,96.3,0,0,0,"",0
"2022-10-13","BAXV22","BAX","BAX","BAX",0,"2022-10-17",0,1,0,0,0,0,0,0,0,0,0,0,0,0,0,95.645,0,0,0,"",0
"2022-10-13","BAXX22","BAX","BAX","BAX",0,"2022-11-14",0,1,0,0,0,0,0,0,0,0,0,0,0,0,0,95.575,0,0,0,"",0
"2022-10-13","BAXZ22","BAX","BAX","BAX",0,"2022-12-19",0,1,95.315,95.32,169,8,0,22404,0,-0.075,95.365,95.395,95.305,0,2373,95.32,190012,0,0,"",0
"2022-10-13","BAXH23","BAX","BAX","BAX",0,"2023-03-13",0,1,95.26,95.265,46,2,0,15883,0,-0.115,95.36,95.38,95.24,0,2786,95.27,189760,0,0,"",0
"2022-10-13","BAXM23","BAX","BAX","BAX",0,"2023-06-19",0,1,95.285,95.315,100,2,0,12052,0,-0.12,95.385,95.435,95.265,0,2772,95.305,111235,0,0,"",0
"2022-10-13","BAXU23","BAX","BAX","BAX",0,"2023-09-18",0,1,95.375,95.44,118,200,0,10102,0,-0.105,95.45,95.515,95.33,0,2064,95.395,89663,0,0,"",0
"2022-10-13","BAXZ23","BAX","BAX","BAX",0,"2023-12-18",0,1,0,95.51,0,67,0,6997,0,-0.08,95.57,95.65,95.44,0,1173,95.53,66366,0,0,"",0
"2022-10-13","BAXH24","BAX","BAX","BAX",0,"2024-03-18",0,1,95.64,95.71,20,3,0,4806,0,-0.06,95.68,95.76,95.56,0,793,95.67,34214,0,0,"",0
"2022-10-13","BAXM24","BAX","BAX","BAX",0,"2024-06-17",0,1,0,0,0,0,0,2509,0,-0.05,95.83,95.88,95.67,0,668,95.77,19317,0,0,"",0
"2022-10-13","BAXU24","BAX","BAX","BAX",0,"2024-09-16",0,1,0,95.94,0,3,0,1485,0,-0.04,95.91,95.98,95.81,0,386,95.89,10757,0,0,"",0
"2022-10-13","BAXZ24","BAX","BAX","BAX",0,"2024-12-16",0,1,96.02,0,3,0,0,413,0,-0.03,96.06,96.07,95.92,0,122,96,3934,0,0,"",0
"2022-10-13","BAXH25","BAX","BAX","BAX",0,"2025-03-17",0,1,95.5,96.8,1,1,0,49,0,-0.04,96.15,96.16,96.07,0,16,96.1,1195,0,0,"",0
"2022-10-13","BAXM25","BAX","BAX","BAX",0,"2025-06-16",0,1,0,0,0,0,0,0,0,0,0,0,0,0,0,96.18,78,0,0,"",0
"2022-10-13","BAXU25","BAX","BAX","BAX",0,"2025-09-15",0,1,95.75,97,1,1,0,0,0,0,0,0,0,0,0,96.24,0,0,0,"",0
"2022-10-14","BAXV22","BAX","BAX","BAX",0,"2022-10-17",0,1,0,0,0,0,0,0,0,0,0,0,0,0,0,95.545,0,0,0,"",0
"2022-10-14","BAXX22","BAX","BAX","BAX",0,"2022-11-14",0,1,0,0,0,0,0,0,0,0,0,0,0,0,0,95.475,0,0,0,"",0
"2022-10-14","BAXZ22","BAX","BAX","BAX",0,"2022-12-19",0,1,95.21,95.22,4,100,0,17417,0,-0.11,95.315,95.34,95.205,0,4744,95.22,199633,0,0,"",0
"2022-10-14","BAXH23","BAX","BAX","BAX",0,"2023-03-13",0,1,95.145,95.17,50,2,0,12962,0,-0.12,95.26,95.305,95.145,0,2796,95.15,186882,0,0,"",0
"2022-10-14","BAXM23","BAX","BAX","BAX",0,"2023-06-19",0,1,95.185,95.215,10,2,0,12548,0,-0.115,95.29,95.345,95.185,0,3362,95.205,112466,0,0,"",0
"2022-10-14","BAXU23","BAX","BAX","BAX",0,"2023-09-18",0,1,95.275,0,10,0,0,9470,0,-0.12,95.38,95.43,95.275,0,2023,95.3,89922,0,0,"",0
"2022-10-14","BAXZ23","BAX","BAX","BAX",0,"2023-12-18",0,1,0,95.41,0,29,0,7535,0,-0.13,95.51,95.58,95.4,0,1673,95.43,66114,0,0,"",0
"2022-10-14","BAXH24","BAX","BAX","BAX",0,"2024-03-18",0,1,0,0,0,0,0,2727,0,-0.13,95.65,95.71,95.54,0,571,95.58,32970,0,0,"",0
"2022-10-14","BAXM24","BAX","BAX","BAX",0,"2024-06-17",0,1,0,0,0,0,0,2308,0,-0.11,95.78,95.83,95.66,0,683,95.7,17706,0,0,"",0
"2022-10-14","BAXU24","BAX","BAX","BAX",0,"2024-09-16",0,1,95.72,0,2,0,0,1328,0,-0.09,95.91,95.95,95.8,0,298,95.83,10480,0,0,"",0
"2022-10-14","BAXZ24","BAX","BAX","BAX",0,"2024-12-16",0,1,0,0,0,0,0,131,0,-0.02,96.06,96.06,95.96,0,41,95.94,3903,0,0,"",0
"2022-10-14","BAXH25","BAX","BAX","BAX",0,"2025-03-17",0,1,95.5,96.08,1,25,0,0,0,0,0,0,0,0,0,96.04,1185,0,0,"",0
"2022-10-14","BAXM25","BAX","BAX","BAX",0,"2025-06-16",0,1,0,0,0,0,0,0,0,0,0,0,0,0,0,96.12,67,0,0,"",0
"2022-10-14","BAXU25","BAX","BAX","BAX",0,"2025-09-15",0,1,95.75,97,1,1,0,0,0,0,0,0,0,0,0,96.18,0,0,0,"",0
"2022-10-17","BAXV22","BAX","BAX","BAX",0,"2022-10-17",0,1,0,0,0,0,0,0,0,0,0,0,0,0,0,95.517,0,0,0,"",0
"2022-10-17","BAXX22","BAX","BAX","BAX",0,"2022-11-14",0,1,0,0,0,0,0,0,0,0,0,0,0,0,0,95.49,0,0,0,"",0
"2022-10-17","BAXZ22","BAX","BAX","BAX",0,"2022-12-19",0,1,95.23,95.24,1,20,0,19680,0,0.015,95.235,95.245,95.135,0,2464,95.235,196836,0,0,"",0
"2022-10-17","BAXH23","BAX","BAX","BAX",0,"2023-03-13",0,1,95.13,95.19,100,25,0,15906,0,0.03,95.175,95.2,95.13,0,2071,95.18,187617,0,0,"",0
"2022-10-17","BAXM23","BAX","BAX","BAX",0,"2023-06-19",0,1,0,95.25,0,2,0,9336,0,0.04,95.195,95.27,95.19,0,1879,95.235,114309,0,0,"",0
"2022-10-17","BAXU23","BAX","BAX","BAX",0,"2023-09-18",0,1,0,95.355,0,2,0,5064,0,0.03,95.285,95.365,95.275,0,1201,95.33,90733,0,0,"",0
"2022-10-17","BAXZ23","BAX","BAX","BAX",0,"2023-12-18",0,1,95.41,95.49,17,10,0,3638,0,0.03,95.42,95.51,95.4,0,1158,95.46,66747,0,0,"",0
"2022-10-17","BAXH24","BAX","BAX","BAX",0,"2024-03-18",0,1,95.6,95.63,1,1,0,1799,0,0.03,95.57,95.66,95.53,0,305,95.61,32532,0,0,"",0
"2022-10-17","BAXM24","BAX","BAX","BAX",0,"2024-06-17",0,1,0,95.79,0,5,0,1587,0,0.04,95.67,95.79,95.66,0,591,95.73,17644,0,0,"",0
"2022-10-17","BAXU24","BAX","BAX","BAX",0,"2024-09-16",0,1,95.85,0,100,0,0,1094,0,0.04,95.8,95.93,95.8,0,261,95.86,10807,0,0,"",0
"2022-10-17","BAXZ24","BAX","BAX","BAX",0,"2024-12-16",0,1,0,0,0,0,0,76,0,0.12,95.99,96.06,95.99,0,26,95.98,4007,0,0,"",0
"2022-10-17","BAXH25","BAX","BAX","BAX",0,"2025-03-17",0,1,95.5,96.8,1,1,0,104,0,0.13,96.1,96.17,96.1,0,18,96.08,1185,0,0,"",0
"2022-10-17","BAXM25","BAX","BAX","BAX",0,"2025-06-16",0,1,0,0,0,0,0,39,0,0.13,96.23,96.25,96.23,0,3,96.16,67,0,0,"",0
"2022-10-17","BAXU25","BAX","BAX","BAX",0,"2025-09-15",0,1,95.75,97,1,1,0,0,0,0,0,0,0,0,0,96.22,0,0,0,"",0
"2022-10-18","BAXX22","BAX","BAX","BAX",0,"2022-11-14",0,1,0,0,0,0,0,0,0,0,0,0,0,0,0,95.505,0,0,0,"",0
"2022-10-18","BAXZ22","BAX","BAX","BAX",0,"2022-12-19",0,1,95.27,95.275,60,127,0,18948,0,0.04,95.22,95.275,95.21,0,2327,95.25,198703,0,0,"",0
"2022-10-18","BAXF23","BAX","BAX","BAX",0,"2023-01-16",0,1,0,0,0,0,0,0,0,0,0,0,0,0,0,95.215,0,0,0,"",0
"2022-10-18","BAXH23","BAX","BAX","BAX",0,"2023-03-13",0,1,95.255,95.38,9,1,0,17231,0,0.09,95.19,95.27,95.165,0,2633,95.235,191645,0,0,"",0
"2022-10-18","BAXM23","BAX","BAX","BAX",0,"2023-06-19",0,1,95.32,0,250,0,0,13961,0,0.14,95.25,95.375,95.23,0,2095,95.33,115600,0,0,"",0
"2022-10-18","BAXU23","BAX","BAX","BAX",0,"2023-09-18",0,1,95.49,0,1,0,0,9421,0,0.165,95.35,95.5,95.32,0,1920,95.44,90288,0,0,"",0
"2022-10-18","BAXZ23","BAX","BAX","BAX",0,"2023-12-18",0,1,95.57,95.68,20,2,0,5893,0,0.17,95.47,95.63,95.45,0,875,95.57,66749,0,0,"",0
"2022-10-18","BAXH24","BAX","BAX","BAX",0,"2024-03-18",0,1,95.77,0,1,0,0,2927,0,0.17,95.63,95.78,95.62,0,408,95.72,32463,0,0,"",0
"2022-10-18","BAXM24","BAX","BAX","BAX",0,"2024-06-17",0,1,95.78,0,5,0,0,2614,0,0.14,95.72,95.87,95.72,0,705,95.85,18168,0,0,"",0
"2022-10-18","BAXU24","BAX","BAX","BAX",0,"2024-09-16",0,1,95.95,0,5,0,0,980,0,0.15,95.87,96.01,95.86,0,274,95.98,11319,0,0,"",0
"2022-10-18","BAXZ24","BAX","BAX","BAX",0,"2024-12-16",0,1,0,0,0,0,0,110,0,0.06,96.05,96.1,96.04,0,40,96.1,4009,0,0,"",0
"2022-10-18","BAXH25","BAX","BAX","BAX",0,"2025-03-17",0,1,95.5,96.8,1,1,0,81,0,0.1,96.2,96.2,96.17,0,34,96.2,1186,0,0,"",0
"2022-10-18","BAXM25","BAX","BAX","BAX",0,"2025-06-16",0,1,0,0,0,0,0,51,0,0.08,96.24,96.24,96.24,0,15,96.28,67,0,0,"",0
"2022-10-18","BAXU25","BAX","BAX","BAX",0,"2025-09-15",0,1,95.75,97,1,1,0,0,0,0,0,0,0,0,0,96.34,0,0,0,"",0
"2022-10-19","BAXX22","BAX","BAX","BAX",0,"2022-11-14",0,1,0,0,0,0,0,0,0,0,0,0,0,0,0,95.37,0,0,0,"",0
"2022-10-19","BAXZ22","BAX","BAX","BAX",0,"2022-12-19",0,1,95.125,95.13,174,50,0,25256,0,-0.12,95.25,95.26,95.1,0,2887,95.115,195093,0,0,"",0
"2022-10-19","BAXF23","BAX","BAX","BAX",0,"2023-01-16",0,1,0,0,0,0,0,0,0,0,0,0,0,0,0,95.08,0,0,0,"",0
"2022-10-19","BAXH23","BAX","BAX","BAX",0,"2023-03-13",0,1,95.12,95.145,29,2,0,27556,0,-0.105,95.25,95.25,95.11,0,3167,95.12,187829,0,0,"",0
"2022-10-19","BAXM23","BAX","BAX","BAX",0,"2023-06-19",0,1,0,95.23,0,23,0,18537,0,-0.115,95.355,95.355,95.21,0,2828,95.215,118723,0,0,"",0
"2022-10-19","BAXU23","BAX","BAX","BAX",0,"2023-09-18",0,1,95.235,95.33,10,88,0,13067,0,-0.125,95.49,95.49,95.31,0,2651,95.32,91539,0,0,"",0
"2022-10-19","BAXZ23","BAX","BAX","BAX",0,"2023-12-18",0,1,0,95.45,0,2,0,8794,0,-0.14,95.6,95.6,95.43,0,1627,95.44,66782,0,0,"",0
"2022-10-19","BAXH24","BAX","BAX","BAX",0,"2024-03-18",0,1,0,95.66,0,25,0,4099,0,-0.16,95.77,95.77,95.56,0,743,95.57,31689,0,0,"",0
"2022-10-19","BAXM24","BAX","BAX","BAX",0,"2024-06-17",0,1,0,0,0,0,0,4337,0,-0.16,95.87,95.87,95.68,0,828,95.69,17750,0,0,"",0
"2022-10-19","BAXU24","BAX","BAX","BAX",0,"2024-09-16",0,1,95.82,95.84,25,2,0,2321,0,-0.16,95.97,95.97,95.82,0,480,95.83,10374,0,0,"",0
"2022-10-19","BAXZ24","BAX","BAX","BAX",0,"2024-12-16",0,1,0,0,0,0,0,497,0,-0.14,96,96.04,95.96,0,81,95.95,4035,0,0,"",0
"2022-10-19","BAXH25","BAX","BAX","BAX",0,"2025-03-17",0,1,96.05,0,33,0,0,413,0,-0.12,96.09,96.1,96.08,0,51,96.05,1179,0,0,"",0
"2022-10-19","BAXM25","BAX","BAX","BAX",0,"2025-06-16",0,1,0,0,0,0,0,240,0,-0.13,96.17,96.18,96.15,0,11,96.13,112,0,0,"",0
"2022-10-19","BAXU25","BAX","BAX","BAX",0,"2025-09-15",0,1,96.14,97,25,1,0,57,0,-0.12,96.22,96.22,96.22,0,3,96.19,0,0,0,"",0
"2022-10-20","BAXX22","BAX","BAX","BAX",0,"2022-11-14",0,1,0,0,0,0,0,0,0,0,0,0,0,0,0,95.33,0,0,0,"",0
"2022-10-20","BAXZ22","BAX","BAX","BAX",0,"2022-12-19",0,1,95.07,95.08,50,62,0,14057,0,-0.04,95.12,95.145,95.05,0,2209,95.075,192635,0,0,"",0
"2022-10-20","BAXF23","BAX","BAX","BAX",0,"2023-01-16",0,1,0,0,0,0,0,0,0,0,0,0,0,0,0,95.04,0,0,0,"",0
"2022-10-20","BAXH23","BAX","BAX","BAX",0,"2023-03-13",0,1,95.06,95.085,1,2,0,22699,0,-0.05,95.14,95.15,95.045,0,2793,95.07,191033,0,0,"",0
"2022-10-20","BAXM23","BAX","BAX","BAX",0,"2023-06-19",0,1,95.1,95.13,82,2,0,20620,0,-0.105,95.23,95.23,95.085,0,2773,95.12,116280,0,0,"",0
"2022-10-20","BAXU23","BAX","BAX","BAX",0,"2023-09-18",0,1,95.17,95.2,10,10,0,12537,0,-0.145,95.325,95.325,95.15,0,2650,95.19,90546,0,0,"",0
"2022-10-20","BAXZ23","BAX","BAX","BAX",0,"2023-12-18",0,1,95.26,95.28,25,10,0,8611,0,-0.17,95.43,95.44,95.24,0,1240,95.28,68095,0,0,"",0
"2022-10-20","BAXH24","BAX","BAX","BAX",0,"2024-03-18",0,1,95.38,95.66,25,25,0,6888,0,-0.18,95.56,95.57,95.37,0,1156,95.4,31347,0,0,"",0
"2022-10-20","BAXM24","BAX","BAX","BAX",0,"2024-06-17",0,1,0,95.54,0,33,0,3892,0,-0.18,95.68,95.7,95.5,0,632,95.52,18024,0,0,"",0
"2022-10-20","BAXU24","BAX","BAX","BAX",0,"2024-09-16",0,1,0,0,0,0,0,2790,0,-0.19,95.82,95.84,95.64,0,446,95.66,10996,0,0,"",0
"2022-10-20","BAXZ24","BAX","BAX","BAX",0,"2024-12-16",0,1,0,95.79,0,81,0,246,0,-0.18,95.94,95.96,95.77,0,38,95.78,4083,0,0,"",0
"2022-10-20","BAXH25","BAX","BAX","BAX",0,"2025-03-17",0,1,95.5,0,1,0,0,16,0,-0.17,95.91,95.91,95.88,0,2,95.89,1258,0,0,"",0
"2022-10-20","BAXM25","BAX","BAX","BAX",0,"2025-06-16",0,1,0,0,0,0,0,11,0,-0.14,95.99,95.99,95.99,0,2,95.97,257,0,0,"",0
"2022-10-20","BAXU25","BAX","BAX","BAX",0,"2025-09-15",0,1,95.75,97,1,1,0,0,0,0,0,0,0,0,0,96.03,57,0,0,"",0
"2022-10-21","BAXX22","BAX","BAX","BAX",0,"2022-11-14",0,1,0,0,0,0,0,0,0,0,0,0,0,0,0,95.36,0,0,0,"",0
"2022-10-21","BAXZ22","BAX","BAX","BAX",0,"2022-12-19",0,1,95.095,95.105,93,7,0,16108,0,0.025,95.06,95.15,95.05,0,2599,95.105,189943,0,0,"",0
"2022-10-21","BAXF23","BAX","BAX","BAX",0,"2023-01-16",0,1,0,0,0,0,0,0,0,0,0,0,0,0,0,95.07,0,0,0,"",0
"2022-10-21","BAXH23","BAX","BAX","BAX",0,"2023-03-13",0,1,95.145,95.16,182,50,0,21201,0,0.075,95.055,95.205,95.05,0,2871,95.155,192829,0,0,"",0
"2022-10-21","BAXM23","BAX","BAX","BAX",0,"2023-06-19",0,1,95.2,95.21,25,19,0,13413,0,0.09,95.1,95.275,95.075,0,2961,95.215,118282,0,0,"",0
"2022-10-21","BAXU23","BAX","BAX","BAX",0,"2023-09-18",0,1,95.3,95.38,25,25,0,11672,0,0.115,95.165,95.37,95.135,0,3167,95.31,90197,0,0,"",0
"2022-10-21","BAXZ23","BAX","BAX","BAX",0,"2023-12-18",0,1,95.38,95.46,9,66,0,8727,0,0.14,95.26,95.47,95.22,0,1671,95.42,66940,0,0,"",0
"2022-10-21","BAXH24","BAX","BAX","BAX",0,"2024-03-18",0,1,95.55,95.63,76,200,0,6234,0,0.15,95.39,95.59,95.35,0,1386,95.55,30926,0,0,"",0
"2022-10-21","BAXM24","BAX","BAX","BAX",0,"2024-06-17",0,1,0,0,0,0,0,4413,0,0.16,95.47,95.71,95.47,0,1044,95.67,18365,0,0,"",0
"2022-10-21","BAXU24","BAX","BAX","BAX",0,"2024-09-16",0,1,0,0,0,0,0,2141,0,0.14,95.6,95.84,95.6,0,637,95.8,11681,0,0,"",0
"2022-10-21","BAXZ24","BAX","BAX","BAX",0,"2024-12-16",0,1,0,0,0,0,0,307,0,0.11,95.75,95.93,95.72,0,68,95.91,4202,0,0,"",0
"2022-10-21","BAXH25","BAX","BAX","BAX",0,"2025-03-17",0,1,95.91,0,27,0,0,162,0,0.13,95.82,96.02,95.82,0,38,96.01,1167,0,0,"",0
"2022-10-21","BAXM25","BAX","BAX","BAX",0,"2025-06-16",0,1,0,0,0,0,0,11,0,0.14,96.11,96.11,96.11,0,2,96.09,257,0,0,"",0
"2022-10-21","BAXU25","BAX","BAX","BAX",0,"2025-09-15",0,1,95.75,97,1,1,0,0,0,0,0,0,0,0,0,96.15,57,0,0,"",0
"2022-10-24","BAXX22","BAX","BAX","BAX",0,"2022-11-14",0,1,0,0,0,0,0,0,0,0,0,0,0,0,0,95.35,0,0,0,"",0
"2022-10-24","BAXZ22","BAX","BAX","BAX",0,"2022-12-19",0,1,95.09,95.105,50,98,0,20086,0,-0.005,95.11,95.135,95.085,0,2507,95.095,187090,0,0,"",0
"2022-10-24","BAXF23","BAX","BAX","BAX",0,"2023-01-16",0,1,0,0,0,0,0,0,0,0,0,0,0,0,0,95.06,0,0,0,"",0
"2022-10-24","BAXH23","BAX","BAX","BAX",0,"2023-03-13",0,1,95.125,95.135,250,52,0,14175,0,-0.025,95.16,95.185,95.115,0,2119,95.125,193630,0,0,"",0
"2022-10-24","BAXM23","BAX","BAX","BAX",0,"2023-06-19",0,1,95.2,95.225,22,2,0,11577,0,-0.005,95.255,95.265,95.175,0,2236,95.205,119900,0,0,"",0
"2022-10-24","BAXU23","BAX","BAX","BAX",0,"2023-09-18",0,1,95.23,95.49,1,15,0,9084,0,0.03,95.35,95.365,95.275,0,2357,95.325,91183,0,0,"",0
"2022-10-24","BAXZ23","BAX","BAX","BAX",0,"2023-12-18",0,1,95.39,95.47,10,2,0,5552,0,0.04,95.45,95.5,95.4,0,1023,95.46,65941,0,0,"",0
"2022-10-24","BAXH24","BAX","BAX","BAX",0,"2024-03-18",0,1,0,95.62,0,3,0,3424,0,0.06,95.59,95.64,95.56,0,625,95.6,30826,0,0,"",0
"2022-10-24","BAXM24","BAX","BAX","BAX",0,"2024-06-17",0,1,95.71,95.74,50,3,0,3187,0,0.05,95.7,95.77,95.69,0,502,95.72,19021,0,0,"",0
"2022-10-24","BAXU24","BAX","BAX","BAX",0,"2024-09-16",0,1,95.84,0,24,0,0,1922,0,0.05,95.85,95.88,95.81,0,421,95.85,11416,0,0,"",0
"2022-10-24","BAXZ24","BAX","BAX","BAX",0,"2024-12-16",0,1,95.95,95.98,2,160,0,356,0,0.06,95.96,95.98,95.93,0,102,95.96,4076,0,0,"",0
"2022-10-24","BAXH25","BAX","BAX","BAX",0,"2025-03-17",0,1,95.5,0,1,0,0,63,0,0.06,96.07,96.07,96.04,0,22,96.06,1233,0,0,"",0
"2022-10-24","BAXM25","BAX","BAX","BAX",0,"2025-06-16",0,1,0,96.15,0,1,0,0,0,0,0,0,0,0,0,96.14,268,0,0,"",0
"2022-10-24","BAXU25","BAX","BAX","BAX",0,"2025-09-15",0,1,95.75,97,1,1,0,0,0,0,0,0,0,0,0,96.2,57,0,0,"",0
"2022-10-25","BAXX22","BAX","BAX","BAX",0,"2022-11-14",0,1,0,0,0,0,0,0,0,0,0,0,0,0,0,95.355,0,0,0,"",0
"2022-10-25","BAXZ22","BAX","BAX","BAX",0,"2022-12-19",0,1,95.095,95.1,84,1,0,29123,0,0.005,95.085,95.12,95.085,0,3250,95.1,190015,0,0,"",0
"2022-10-25","BAXF23","BAX","BAX","BAX",0,"2023-01-16",0,1,0,0,0,0,0,0,0,0,0,0,0,0,0,95.065,0,0,0,"",0
"2022-10-25","BAXH23","BAX","BAX","BAX",0,"2023-03-13",0,1,95.115,95.125,150,134,0,16277,0,-0.005,95.13,95.15,95.115,0,2403,95.125,194918,0,0,"",0
"2022-10-25","BAXM23","BAX","BAX","BAX",0,"2023-06-19",0,1,95.195,95.215,64,18,0,11470,0,-0.005,95.215,95.24,95.19,0,2238,95.2,121828,0,0,"",0
"2022-10-25","BAXU23","BAX","BAX","BAX",0,"2023-09-18",0,1,95.32,95.36,20,35,0,8594,0,0,95.34,95.38,95.31,0,1910,95.32,92830,0,0,"",0
"2022-10-25","BAXZ23","BAX","BAX","BAX",0,"2023-12-18",0,1,95.44,95.62,25,10,0,4437,0,0,95.48,95.52,95.45,0,913,95.46,65980,0,0,"",0
"2022-10-25","BAXH24","BAX","BAX","BAX",0,"2024-03-18",0,1,0,95.63,0,25,0,3026,0,0.03,95.65,95.67,95.61,0,561,95.61,31227,0,0,"",0
"2022-10-25","BAXM24","BAX","BAX","BAX",0,"2024-06-17",0,1,95.74,0,25,0,0,3200,0,0.03,95.75,95.79,95.74,0,607,95.73,18623,0,0,"",0
"2022-10-25","BAXU24","BAX","BAX","BAX",0,"2024-09-16",0,1,0,0,0,0,0,1630,0,0.04,95.87,95.93,95.86,0,403,95.87,11574,0,0,"",0
"2022-10-25","BAXZ24","BAX","BAX","BAX",0,"2024-12-16",0,1,0,0,0,0,0,358,0,0.05,95.98,96.02,95.96,0,52,95.99,4346,0,0,"",0
"2022-10-25","BAXH25","BAX","BAX","BAX",0,"2025-03-17",0,1,95.5,0,1,0,0,12,0,0.07,96.08,96.13,96.05,0,4,96.09,1212,0,0,"",0
"2022-10-25","BAXM25","BAX","BAX","BAX",0,"2025-06-16",0,1,0,0,0,0,0,6,0,0.08,96.15,96.22,96.15,0,4,96.17,268,0,0,"",0
"2022-10-25","BAXU25","BAX","BAX","BAX",0,"2025-09-15",0,1,95.75,97,1,1,0,0,0,0,0,0,0,0,0,96.23,57,0,0,"",0
"2022-10-26","BAXX22","BAX","BAX","BAX",0,"2022-11-14",0,1,0,0,0,0,0,0,0,0,0,0,0,0,0,95.575,0,0,0,"",0
"2022-10-26","BAXZ22","BAX","BAX","BAX",0,"2022-12-19",0,1,95.33,95.335,79,4,0,39120,0,0.235,95.11,95.5,95.08,0,5378,95.32,205028,0,0,"",0
"2022-10-26","BAXF23","BAX","BAX","BAX",0,"2023-01-16",0,1,0,0,0,0,0,0,0,0,0,0,0,0,0,95.285,0,0,0,"",0
"2022-10-26","BAXH23","BAX","BAX","BAX",0,"2023-03-13",0,1,95.355,95.37,20,20,0,35465,0,0.24,95.125,95.55,95.1,0,5949,95.355,198861,0,0,"",0
"2022-10-26","BAXM23","BAX","BAX","BAX",0,"2023-06-19",0,1,95.415,95.45,3,3,0,24530,0,0.25,95.205,95.625,95.17,0,5105,95.43,123422,0,0,"",0
"2022-10-26","BAXU23","BAX","BAX","BAX",0,"2023-09-18",0,1,95.545,95.625,24,2,0,21729,0,0.26,95.335,95.625,95.3,0,4795,95.555,92407,0,0,"",0
"2022-10-26","BAXZ23","BAX","BAX","BAX",0,"2023-12-18",0,1,95.73,95.75,12,59,0,11334,0,0.27,95.46,95.75,95.4,0,2202,95.71,65044,0,0,"",0
"2022-10-26","BAXH24","BAX","BAX","BAX",0,"2024-03-18",0,1,95.79,95.9,251,4,0,8508,0,0.29,95.61,95.91,95.54,0,1478,95.87,30970,0,0,"",0
"2022-10-26","BAXM24","BAX","BAX","BAX",0,"2024-06-17",0,1,96.02,0,14,0,0,4689,0,0.31,95.74,96.06,95.68,0,1144,96.01,19123,0,0,"",0
"2022-10-26","BAXU24","BAX","BAX","BAX",0,"2024-09-16",0,1,96.16,0,30,0,0,4343,0,0.3,95.88,96.2,95.87,0,1137,96.15,10917,0,0,"",0
"2022-10-26","BAXZ24","BAX","BAX","BAX",0,"2024-12-16",0,1,0,0,0,0,0,687,0,0.32,96.03,96.32,96.03,0,139,96.27,4506,0,0,"",0
"2022-10-26","BAXH25","BAX","BAX","BAX",0,"2025-03-17",0,1,0,0,0,0,0,179,0,0.34,96.3,96.43,96.3,0,36,96.37,1194,0,0,"",0
"2022-10-26","BAXM25","BAX","BAX","BAX",0,"2025-06-16",0,1,0,0,0,0,0,47,0,0,0,0,0,0,3,96.45,266,0,0,"",0
"2022-10-26","BAXU25","BAX","BAX","BAX",0,"2025-09-15",0,1,95.5,97,1,1,0,0,0,0,0,0,0,0,0,96.51,57,0,0,"",0
"2022-10-27","BAXX22","BAX","BAX","BAX",0,"2022-11-14",0,1,0,0,0,0,0,0,0,0,0,0,0,0,0,95.58,0,0,0,"",0
"2022-10-27","BAXZ22","BAX","BAX","BAX",0,"2022-12-19",0,1,95.345,95.35,10,2,0,18217,0,0.025,95.345,95.375,95.315,0,3219,95.325,203977,0,0,"",0
"2022-10-27","BAXF23","BAX","BAX","BAX",0,"2023-01-16",0,1,0,0,0,0,0,0,0,0,0,0,0,0,0,95.29,0,0,0,"",0
"2022-10-27","BAXH23","BAX","BAX","BAX",0,"2023-03-13",0,1,95.39,95.42,50,101,0,29061,0,0.04,95.365,95.405,95.345,0,4566,95.35,208266,0,0,"",0
"2022-10-27","BAXM23","BAX","BAX","BAX",0,"2023-06-19",0,1,95.505,95.515,25,12,0,13434,0,0.075,95.46,95.525,95.445,0,3314,95.46,126973,0,0,"",0
"2022-10-27","BAXU23","BAX","BAX","BAX",0,"2023-09-18",0,1,95.23,95.675,1,17,0,13921,0,0.12,95.585,95.715,95.565,0,3395,95.625,97156,0,0,"",0
"2022-10-27","BAXZ23","BAX","BAX","BAX",0,"2023-12-18",0,1,95.73,95.89,3,50,0,7544,0,0.15,95.73,95.91,95.71,0,1467,95.82,67789,0,0,"",0
"2022-10-27","BAXH24","BAX","BAX","BAX",0,"2024-03-18",0,1,95.97,0,25,0,0,7156,0,0.18,95.89,96.1,95.87,0,1155,96.01,32828,0,0,"",0
"2022-10-27","BAXM24","BAX","BAX","BAX",0,"2024-06-17",0,1,96.16,0,40,0,0,6042,0,0.19,96.02,96.23,96,0,1390,96.16,19399,0,0,"",0
"2022-10-27","BAXU24","BAX","BAX","BAX",0,"2024-09-16",0,1,96.31,0,24,0,0,2710,0,0.19,96.17,96.37,96.14,0,714,96.31,12227,0,0,"",0
"2022-10-27","BAXZ24","BAX","BAX","BAX",0,"2024-12-16",0,1,96.43,96.47,1,16,0,714,0,0.19,96.29,96.48,96.29,0,122,96.44,4941,0,0,"",0
"2022-10-27","BAXH25","BAX","BAX","BAX",0,"2025-03-17",0,1,0,0,0,0,0,277,0,0.15,96.51,96.58,96.51,0,54,96.54,1291,0,0,"",0
"2022-10-27","BAXM25","BAX","BAX","BAX",0,"2025-06-16",0,1,95.75,0,1,0,0,25,0,0.16,96.61,96.61,96.61,0,2,96.62,257,0,0,"",0
"2022-10-27","BAXU25","BAX","BAX","BAX",0,"2025-09-15",0,1,95.5,97,1,1,0,0,0,0,0,0,0,0,0,96.68,57,0,0,"",0
"2022-10-28","BAXX22","BAX","BAX","BAX",0,"2022-11-14",0,1,0,0,0,0,0,0,0,0,0,0,0,0,0,95.565,0,0,0,"",0
"2022-10-28","BAXZ22","BAX","BAX","BAX",0,"2022-12-19",0,1,95.31,95.325,100,2,0,11605,0,-0.01,95.355,95.36,95.295,0,2474,95.31,188018,0,0,"",0
"2022-10-28","BAXF23","BAX","BAX","BAX",0,"2023-01-16",0,1,0,0,0,0,0,0,0,0,0,0,0,0,0,95.275,0,0,0,"",0
"2022-10-28","BAXH23","BAX","BAX","BAX",0,"2023-03-13",0,1,95.34,95.345,3,100,0,14235,0,-0.01,95.405,95.41,95.305,0,2323,95.335,206031,0,0,"",0
"2022-10-28","BAXM23","BAX","BAX","BAX",0,"2023-06-19",0,1,0,95.455,0,119,0,13976,0,-0.005,95.535,95.555,95.41,0,2882,95.445,121123,0,0,"",0
"2022-10-28","BAXU23","BAX","BAX","BAX",0,"2023-09-18",0,1,95.61,0,1,0,0,8898,0,-0.015,95.7,95.7,95.565,0,2946,95.61,96915,0,0,"",0
"2022-10-28","BAXZ23","BAX","BAX","BAX",0,"2023-12-18",0,1,95.72,95.82,1,17,0,5884,0,-0.03,95.9,95.9,95.76,0,1462,95.8,65122,0,0,"",0
"2022-10-28","BAXH24","BAX","BAX","BAX",0,"2024-03-18",0,1,0,96.01,0,18,0,4760,0,-0.03,96.1,96.1,95.95,0,1051,95.99,33360,0,0,"",0
"2022-10-28","BAXM24","BAX","BAX","BAX",0,"2024-06-17",0,1,96.11,0,171,0,0,3236,0,-0.03,96.16,96.19,96.11,0,993,96.14,19484,0,0,"",0
"2022-10-28","BAXU24","BAX","BAX","BAX",0,"2024-09-16",0,1,96.26,0,4,0,0,3159,0,-0.03,96.31,96.33,96.27,0,826,96.29,11162,0,0,"",0
"2022-10-28","BAXZ24","BAX","BAX","BAX",0,"2024-12-16",0,1,0,0,0,0,0,351,0,-0.02,96.41,96.45,96.38,0,81,96.42,5027,0,0,"",0
"2022-10-28","BAXH25","BAX","BAX","BAX",0,"2025-03-17",0,1,0,0,0,0,0,0,0,0,0,0,0,0,0,96.52,1391,0,0,"",0
"2022-10-28","BAXM25","BAX","BAX","BAX",0,"2025-06-16",0,1,95.75,0,1,0,0,0,0,0,0,0,0,0,0,96.6,257,0,0,"",0
"2022-10-28","BAXU25","BAX","BAX","BAX",0,"2025-09-15",0,1,95.5,97,1,1,0,0,0,0,0,0,0,0,0,96.66,57,0,0,"",0
"2022-10-31","BAXX22","BAX","BAX","BAX",0,"2022-11-14",0,1,0,0,0,0,0,0,0,0,0,0,0,0,0,95.545,0,0,0,"",0
"2022-10-31","BAXZ22","BAX","BAX","BAX",0,"2022-12-19",0,1,95.28,95.295,125,200,0,11759,0,-0.015,95.35,95.35,95.275,0,1956,95.29,183845,0,0,"",0
"2022-10-31","BAXF23","BAX","BAX","BAX",0,"2023-01-16",0,1,0,0,0,0,0,0,0,0,0,0,0,0,0,95.255,0,0,0,"",0
"2022-10-31","BAXH23","BAX","BAX","BAX",0,"2023-03-13",0,1,95.275,95.295,1,231,0,11962,0,-0.04,95.345,95.365,95.255,0,1754,95.28,201644,0,0,"",0
"2022-10-31","BAXM23","BAX","BAX","BAX",0,"2023-06-19",0,1,0,95.4,0,25,0,8437,0,-0.055,95.44,95.46,95.365,0,1912,95.385,120973,0,0,"",0
"2022-10-31","BAXU23","BAX","BAX","BAX",0,"2023-09-18",0,1,95.465,0,74,0,0,8589,0,-0.07,95.58,95.615,95.505,0,2131,95.525,96681,0,0,"",0
"2022-10-31","BAXZ23","BAX","BAX","BAX",0,"2023-12-18",0,1,95.65,96.11,10,71,0,5174,0,-0.09,95.79,95.8,95.67,0,1345,95.7,63770,0,0,"",0
"2022-10-31","BAXH24","BAX","BAX","BAX",0,"2024-03-18",0,1,95.87,95.9,50,34,0,3408,0,-0.1,95.97,95.99,95.85,0,444,95.88,33120,0,0,"",0
"2022-10-31","BAXM24","BAX","BAX","BAX",0,"2024-06-17",0,1,96.02,96.07,25,60,0,1393,0,-0.1,96.13,96.13,96,0,305,96.03,17704,0,0,"",0
"2022-10-31","BAXU24","BAX","BAX","BAX",0,"2024-09-16",0,1,0,0,0,0,0,706,0,-0.08,96.26,96.26,96.17,0,204,96.18,11467,0,0,"",0
"2022-10-31","BAXZ24","BAX","BAX","BAX",0,"2024-12-16",0,1,96.32,0,25,0,0,82,0,-0.09,96.4,96.4,96.33,0,18,96.31,4977,0,0,"",0
"2022-10-31","BAXH25","BAX","BAX","BAX",0,"2025-03-17",0,1,0,0,0,0,0,21,0,-0.08,96.48,96.48,96.44,0,9,96.41,1142,0,0,"",0
"2022-10-31","BAXM25","BAX","BAX","BAX",0,"2025-06-16",0,1,95.75,0,1,0,0,1,0,-0.08,96.52,96.52,96.52,0,1,96.49,257,0,0,"",0
"2022-10-31","BAXU25","BAX","BAX","BAX",0,"2025-09-15",0,1,95.5,97,1,1,0,0,0,0,0,0,0,0,0,96.55,57,0,0,"",0