"Date","Symbol","Class Symbol","Root Symbol","Underlying Symbol","Strike Price","Expiry Date","Call/Put","Ins. Type","Bid Price","Ask Price","Bid Size","Ask Size","Last Price","Volume","Last Close Price","Net Change","Open Price","High Price","Low Price","Total Value","Nb. Trades","Settlement Price","Open Interest","Implied Volatility","Accrued Financing Value","Accrued Financing Date","CORRA Rate"
"2021-06-01","BAXM21","BAX","BAX","BAX",0,"2021-06-14",0,1,99.565,99.57,4353,28865,0,5265,0,0,99.565,99.57,99.56,0,346,99.565,184955,0,0,"",0
"2021-06-01","BAXN21","BAX","BAX","BAX",0,"2021-07-19",0,1,0,0,0,0,0,0,0,0,0,0,0,0,0,99.56,0,0,0,"",0
"2021-06-01","BAXQ21","BAX","BAX","BAX",0,"2021-08-16",0,1,0,0,0,0,0,0,0,0,0,0,0,0,0,99.555,0,0,0,"",0
"2021-06-01","BAXU21","BAX","BAX","BAX",0,"2021-09-13",0,1,99.55,99.555,3319,4268,0,2166,0,0.005,99.55,99.555,99.55,0,156,99.55,165568,0,0,"",0
"2021-06-01","BAXZ21","BAX","BAX","BAX",0,"2021-12-13",0,1,99.525,99.53,3080,2614,0,5834,0,0,99.525,99.53,99.525,0,437,99.525,199470,0,0,"",0
"2021-06-01","BAXH22","BAX","BAX","BAX",0,"2022-03-14",0,1,99.465,99.47,2240,1876,0,5880,0,0.005,99.47,99.47,99.465,0,291,99.465,241907,0,0,"",0
"2021-06-01","BAXM22","BAX","BAX","BAX",0,"2022-06-13",0,1,99.33,99.335,22,1639,0,7555,0,0,99.335,99.335,99.33,0,435,99.33,134570,0,0,"",0
"2021-06-01","BAXU22","BAX","BAX","BAX",0,"2022-09-19",0,1,99.145,99.15,1155,45,0,11202,0,0,99.16,99.16,99.145,0,603,99.15,116128,0,0,"",0
"2021-06-01","BAXZ22","BAX","BAX","BAX",0,"2022-12-19",0,1,98.965,98.97,766,793,0,17031,0,0,98.985,98.99,98.96,0,832,98.965,139696,0,0,"",0
"2021-06-01","BAXH23","BAX","BAX","BAX",0,"2023-03-13",0,1,98.78,98.785,15,580,0,15454,0,0.005,98.8,98.8,98.77,0,1209,98.775,70355,0,0,"",0
"2021-06-01","BAXM23","BAX","BAX","BAX",0,"2023-06-19",0,1,98.61,98.615,3,64,0,3514,0,0.005,98.63,98.63,98.6,0,493,98.605,34441,0,0,"",0
"2021-06-01","BAXU23","BAX","BAX","BAX",0,"2023-09-18",0,1,98.46,98.465,1,21,0,1708,0,0,98.49,98.49,98.455,0,335,98.46,18796,0,0,"",0
"2021-06-01","BAXZ23","BAX","BAX","BAX",0,"2023-12-18",0,1,98.325,98.33,2430,15,0,7418,0,0,98.355,98.355,98.32,0,894,98.33,35326,0,0,"",0
"2021-06-01","BAXH24","BAX","BAX","BAX",0,"2024-03-18",0,1,98.195,98.22,5,25,0,1044,0,-0.005,98.2,98.215,98.195,0,66,98.205,7682,0,0,"",0
"2021-06-02","BAXM21","BAX","BAX","BAX",0,"2021-06-14",0,1,99.56,99.565,15730,1249,0,9800,0,0,99.565,99.57,99.56,0,189,99.565,186251,0,0,"",0
"2021-06-02","BAXN21","BAX","BAX","BAX",0,"2021-07-19",0,1,0,0,0,0,0,0,0,0,0,0,0,0,0,99.56,0,0,0,"",0
"2021-06-02","BAXQ21","BAX","BAX","BAX",0,"2021-08-16",0,1,0,0,0,0,0,0,0,0,0,0,0,0,0,99.555,0,0,0,"",0
"2021-06-02","BAXU21","BAX","BAX","BAX",0,"2021-09-13",0,1,99.55,99.555,4200,5466,0,827,0,0,99.555,99.555,99.55,0,71,99.55,166021,0,0,"",0
"2021-06-02","BAXZ21","BAX","BAX","BAX",0,"2021-12-13",0,1,99.525,99.53,3182,2099,99.525,2307,99.525,0,99.53,99.53,99.525,298,198,99.525,200976,0,0,"",0
"2021-06-02","BAXH22","BAX","BAX","BAX",0,"2022-03-14",0,1,99.465,99.47,2210,449,99.47,5380,99.465,0.005,99.47,99.47,99.465,99,189,99.465,242565,0,0,"",0
"2021-06-02","BAXM22","BAX","BAX","BAX",0,"2022-06-13",0,1,99.33,99.34,1036,709,99.34,3762,99.335,0.005,99.335,99.34,99.33,15190,245,99.335,139116,0,0,"",0
"2021-06-02","BAXU22","BAX","BAX","BAX",0,"2022-09-19",0,1,99.155,99.16,271,822,99.16,7048,99.155,0.005,99.15,99.16,99.15,173815,324,99.155,119261,0,0,"",0
"2021-06-02","BAXZ22","BAX","BAX","BAX",0,"2022-12-19",0,1,98.97,98.975,749,265,98.975,7211,98.97,0.005,98.965,98.975,98.965,246223,334,98.97,148306,0,0,"",0
"2021-06-02","BAXH23","BAX","BAX","BAX",0,"2023-03-13",0,1,98.785,98.79,376,187,98.785,4479,98.785,0,98.785,98.79,98.775,1876,298,98.785,76667,0,0,"",0
"2021-06-02","BAXM23","BAX","BAX","BAX",0,"2023-06-19",0,1,98.62,98.625,23,25,98.62,1691,98.615,0.005,98.605,98.62,98.605,6407,651,98.615,34961,0,0,"",0
"2021-06-02","BAXU23","BAX","BAX","BAX",0,"2023-09-18",0,1,98.475,98.485,50,2,98.485,454,98.47,0.015,98.46,98.485,98.46,2066,116,98.47,18730,0,0,"",0
"2021-06-02","BAXZ23","BAX","BAX","BAX",0,"2023-12-18",0,1,98.345,98.355,37,30,98.355,2756,98.34,0.015,98.33,98.355,98.33,1474,219,98.34,33904,0,0,"",0
"2021-06-02","BAXH24","BAX","BAX","BAX",0,"2024-03-18",0,1,98.18,0,23,0,0,322,0,0.01,98.21,98.225,98.205,0,24,98.215,7732,0,0,"",0
"2021-06-03","BAXM21","BAX","BAX","BAX",0,"2021-06-14",0,1,99.56,99.565,18746,8777,0,12835,0,0,99.565,99.57,99.56,0,179,99.565,183550,0,0,"",0
"2021-06-03","BAXN21","BAX","BAX","BAX",0,"2021-07-19",0,1,0,0,0,0,0,0,0,0,0,0,0,0,0,99.56,0,0,0,"",0
"2021-06-03","BAXQ21","BAX","BAX","BAX",0,"2021-08-16",0,1,0,0,0,0,0,0,0,0,0,0,0,0,0,99.555,0,0,0,"",0
"2021-06-03","BAXU21","BAX","BAX","BAX",0,"2021-09-13",0,1,99.545,99.55,5269,936,0,6589,0,-0.005,99.555,99.555,99.545,0,257,99.55,165405,0,0,"",0
"2021-06-03","BAXZ21","BAX","BAX","BAX",0,"2021-12-13",0,1,99.525,99.53,656,4741,99.53,8304,99.525,0.005,99.525,99.53,99.52,2884,466,99.525,198516,0,0,"",0
"2021-06-03","BAXH22","BAX","BAX","BAX",0,"2022-03-14",0,1,99.465,99.47,278,1787,99.47,7623,99.47,0,99.47,99.47,99.46,1988,384,99.47,239962,0,0,"",0
"2021-06-03","BAXM22","BAX","BAX","BAX",0,"2022-06-13",0,1,99.325,99.33,669,15,99.325,7632,99.335,-0.01,99.34,99.34,99.325,595,466,99.335,138354,0,0,"",0
"2021-06-03","BAXU22","BAX","BAX","BAX",0,"2022-09-19",0,1,99.14,99.145,643,131,99.145,7845,99.15,-0.005,99.16,99.16,99.14,594,428,99.15,120882,0,0,"",0
"2021-06-03","BAXZ22","BAX","BAX","BAX",0,"2022-12-19",0,1,98.955,98.96,107,424,0,9294,0,0,98.975,98.975,98.955,0,561,98.96,147195,0,0,"",0
"2021-06-03","BAXH23","BAX","BAX","BAX",0,"2023-03-13",0,1,98.765,98.77,88,302,0,7604,0,0,98.785,98.785,98.765,0,528,98.77,77504,0,0,"",0
"2021-06-03","BAXM23","BAX","BAX","BAX",0,"2023-06-19",0,1,98.59,98.6,16,59,98.59,2517,98.595,-0.005,98.615,98.615,98.59,1476,244,98.595,33912,0,0,"",0
"2021-06-03","BAXU23","BAX","BAX","BAX",0,"2023-09-18",0,1,98.445,98.46,2,100,98.46,908,98.445,0.015,98.475,98.475,98.45,1671,88,98.445,18642,0,0,"",0
"2021-06-03","BAXZ23","BAX","BAX","BAX",0,"2023-12-18",0,1,98.32,98.325,14,12,98.325,1802,98.32,0.005,98.345,98.345,98.32,20128,284,98.32,34723,0,0,"",0
"2021-06-03","BAXH24","BAX","BAX","BAX",0,"2024-03-18",0,1,98.19,98.205,1,10,98.2,47,98.2,0,98.215,98.215,98.2,98,19,98.2,7803,0,0,"",0
"2021-06-04","BAXM21","BAX","BAX","BAX",0,"2021-06-14",0,1,99.56,99.565,19359,757,0,10304,0,-0.005,99.565,99.57,99.56,0,127,99.565,183135,0,0,"",0
"2021-06-04","BAXN21","BAX","BAX","BAX",0,"2021-07-19",0,1,0,0,0,0,0,0,0,0,0,0,0,0,0,99.56,0,0,0,"",0
"2021-06-04","BAXQ21","BAX","BAX","BAX",0,"2021-08-16",0,1,0,0,0,0,0,0,0,0,0,0,0,0,0,99.555,0,0,0,"",0
"2021-06-04","BAXU21","BAX","BAX","BAX",0,"2021-09-13",0,1,99.55,99.555,4395,4882,0,5129,0,0.005,99.545,99.555,99.545,0,342,99.55,166565,0,0,"",0
"2021-06-04","BAXZ21","BAX","BAX","BAX",0,"2021-12-13",0,1,99.53,99.535,1320,4127,0,8020,0,0,99.525,99.535,99.525,0,407,99.53,202362,0,0,"",0
"2021-06-04","BAXH22","BAX","BAX","BAX",0,"2022-03-14",0,1,99.475,99.48,1536,1967,0,17667,0,0.005,99.465,99.48,99.46,0,733,99.475,239783,0,0,"",0
"2021-06-04","BAXM22","BAX","BAX","BAX",0,"2022-06-13",0,1,99.345,99.35,717,16,0,15106,0,0,99.33,99.355,99.325,0,782,99.35,140634,0,0,"",0
"2021-06-04","BAXU22","BAX","BAX","BAX",0,"2022-09-19",0,1,99.17,99.175,97,637,0,14612,0,0.005,99.145,99.175,99.14,0,883,99.17,121422,0,0,"",0
"2021-06-04","BAXZ22","BAX","BAX","BAX",0,"2022-12-19",0,1,98.99,98.995,107,124,0,10495,0,-0.005,98.96,98.995,98.955,0,684,98.995,149550,0,0,"",0
"2021-06-04","BAXH23","BAX","BAX","BAX",0,"2023-03-13",0,1,98.805,98.815,222,140,0,8533,0,-0.005,98.765,98.815,98.76,0,1063,98.815,80327,0,0,"",0
"2021-06-04","BAXM23","BAX","BAX","BAX",0,"2023-06-19",0,1,98.645,98.65,10,202,0,2114,0,-0.01,98.59,98.65,98.59,0,336,98.655,34356,0,0,"",0
"2021-06-04","BAXU23","BAX","BAX","BAX",0,"2023-09-18",0,1,98.5,98.51,13,11,0,2905,0,-0.01,98.44,98.515,98.44,0,482,98.515,19185,0,0,"",0
"2021-06-04","BAXZ23","BAX","BAX","BAX",0,"2023-12-18",0,1,98.375,98.38,80,13,0,5401,0,-0.015,98.325,98.4,98.32,0,645,98.395,35303,0,0,"",0
"2021-06-04","BAXH24","BAX","BAX","BAX",0,"2024-03-18",0,1,0,98.265,0,1,0,810,0,-0.015,98.2,98.28,98.2,0,82,98.28,7810,0,0,"",0
"2021-06-07","BAXM21","BAX","BAX","BAX",0,"2021-06-14",0,1,99.565,99.57,103,19158,0,4322,0,-0.005,99.565,99.57,99.56,0,188,99.57,183573,0,0,"",0
"2021-06-07","BAXN21","BAX","BAX","BAX",0,"2021-07-19",0,1,0,0,0,0,0,0,0,0,0,0,0,0,0,99.565,0,0,0,"",0
"2021-06-07","BAXQ21","BAX","BAX","BAX",0,"2021-08-16",0,1,0,0,0,0,0,0,0,0,0,0,0,0,0,99.56,0,0,0,"",0
"2021-06-07","BAXU21","BAX","BAX","BAX",0,"2021-09-13",0,1,99.55,99.555,4743,4900,0,5619,0,0,99.555,99.555,99.55,0,350,99.555,164622,0,0,"",0
"2021-06-07","BAXZ21","BAX","BAX","BAX",0,"2021-12-13",0,1,99.525,99.53,4594,69,0,7973,0,-0.005,99.535,99.535,99.525,0,533,99.535,198817,0,0,"",0
"2021-06-07","BAXH22","BAX","BAX","BAX",0,"2022-03-14",0,1,99.47,99.48,3113,3119,0,9877,0,0,99.475,99.48,99.47,0,500,99.475,240647,0,0,"",0
"2021-06-07","BAXM22","BAX","BAX","BAX",0,"2022-06-13",0,1,99.345,99.35,165,926,0,6702,0,0,99.35,99.35,99.34,0,477,99.345,141138,0,0,"",0
"2021-06-07","BAXU22","BAX","BAX","BAX",0,"2022-09-19",0,1,99.165,99.17,362,72,0,2337,0,0.005,99.165,99.17,99.16,0,328,99.165,123483,0,0,"",0
"2021-06-07","BAXZ22","BAX","BAX","BAX",0,"2022-12-19",0,1,98.985,98.99,550,50,0,7335,0,0.005,98.99,98.995,98.98,0,625,98.985,143652,0,0,"",0
"2021-06-07","BAXH23","BAX","BAX","BAX",0,"2023-03-13",0,1,98.8,98.81,346,666,0,10392,0,0,98.805,98.81,98.795,0,1291,98.805,78382,0,0,"",0
"2021-06-07","BAXM23","BAX","BAX","BAX",0,"2023-06-19",0,1,98.635,98.64,27,48,0,4884,0,0.005,98.64,98.64,98.62,0,375,98.635,34521,0,0,"",0
"2021-06-07","BAXU23","BAX","BAX","BAX",0,"2023-09-18",0,1,98.49,98.495,49,4,0,762,0,-0.005,98.495,98.495,98.49,0,113,98.495,19097,0,0,"",0
"2021-06-07","BAXZ23","BAX","BAX","BAX",0,"2023-12-18",0,1,98.365,98.375,11,7,0,651,0,0,98.37,98.375,98.365,0,85,98.37,35919,0,0,"",0
"2021-06-07","BAXH24","BAX","BAX","BAX",0,"2024-03-18",0,1,0,98.275,0,10,0,60,0,0,98.25,98.255,98.25,0,10,98.255,8163,0,0,"",0
"2021-06-08","BAXM21","BAX","BAX","BAX",0,"2021-06-14",0,1,99.56,99.565,23228,97,0,3651,0,0,99.565,99.565,99.56,0,132,99.56,172128,0,0,"",0
"2021-06-08","BAXN21","BAX","BAX","BAX",0,"2021-07-19",0,1,0,0,0,0,0,0,0,0,0,0,0,0,0,99.555,0,0,0,"",0
"2021-06-08","BAXQ21","BAX","BAX","BAX",0,"2021-08-16",0,1,0,0,0,0,0,0,0,0,0,0,0,0,0,99.55,0,0,0,"",0
"2021-06-08","BAXU21","BAX","BAX","BAX",0,"2021-09-13",0,1,99.55,99.555,4981,4075,99.55,3474,99.55,0,99.555,99.555,99.55,99,106,99.55,163756,0,0,"",0
"2021-06-08","BAXZ21","BAX","BAX","BAX",0,"2021-12-13",0,1,99.53,99.535,3554,5360,99.53,1318,99.53,0,99.53,99.535,99.53,596,184,99.53,196444,0,0,"",0
"2021-06-08","BAXH22","BAX","BAX","BAX",0,"2022-03-14",0,1,99.475,99.48,2648,2461,99.48,2697,99.475,0.005,99.48,99.48,99.475,994,91,99.475,237423,0,0,"",0
"2021-06-08","BAXM22","BAX","BAX","BAX",0,"2022-06-13",0,1,99.345,99.35,1137,990,99.35,3959,99.345,0.005,99.345,99.35,99.345,3078,181,99.345,137814,0,0,"",0
"2021-06-08","BAXU22","BAX","BAX","BAX",0,"2022-09-19",0,1,99.17,99.175,372,310,99.175,4593,99.17,0.005,99.17,99.175,99.17,4858,249,99.17,121423,0,0,"",0
"2021-06-08","BAXZ22","BAX","BAX","BAX",0,"2022-12-19",0,1,98.99,98.995,405,472,98.995,2710,98.99,0.005,98.99,99,98.99,1285,151,98.99,146531,0,0,"",0
"2021-06-08","BAXH23","BAX","BAX","BAX",0,"2023-03-13",0,1,98.805,98.81,36,213,98.81,6322,98.805,0.005,98.805,98.81,98.8,84076,386,98.805,83240,0,0,"",0
"2021-06-08","BAXM23","BAX","BAX","BAX",0,"2023-06-19",0,1,98.64,98.645,66,81,98.64,11486,98.635,0.005,98.63,98.645,98.63,14002,755,98.635,36819,0,0,"",0
"2021-06-08","BAXU23","BAX","BAX","BAX",0,"2023-09-18",0,1,98.5,98.505,216,243,98.5,3944,98.5,0,98.49,98.505,98.49,1870,417,98.5,19027,0,0,"",0
"2021-06-08","BAXZ23","BAX","BAX","BAX",0,"2023-12-18",0,1,98.38,98.385,26,36,98.385,3099,98.385,0,98.37,98.39,98.37,2062,307,98.385,35066,0,0,"",0
"2021-06-08","BAXH24","BAX","BAX","BAX",0,"2024-03-18",0,1,0,98.28,0,276,0,951,0,0.02,98.255,98.28,98.255,0,97,98.275,7983,0,0,"",0
"2021-06-09","BAXM21","BAX","BAX","BAX",0,"2021-06-14",0,1,99.56,99.565,20115,3068,0,7486,0,-0.005,99.565,99.565,99.56,0,155,99.565,168350,0,0,"",0
"2021-06-09","BAXN21","BAX","BAX","BAX",0,"2021-07-19",0,1,0,0,0,0,0,0,0,0,0,0,0,0,0,99.56,0,0,0,"",0
"2021-06-09","BAXQ21","BAX","BAX","BAX",0,"2021-08-16",0,1,0,0,0,0,0,0,0,0,0,0,0,0,0,99.555,0,0,0,"",0
"2021-06-09","BAXU21","BAX","BAX","BAX",0,"2021-09-13",0,1,99.555,99.56,1747,4327,0,12967,0,0.005,99.555,99.56,99.55,0,597,99.555,163066,0,0,"",0
"2021-06-09","BAXZ21","BAX","BAX","BAX",0,"2021-12-13",0,1,99.53,99.535,3104,3733,0,6129,0,0,99.53,99.535,99.53,0,367,99.535,195519,0,0,"",0
"2021-06-09","BAXH22","BAX","BAX","BAX",0,"2022-03-14",0,1,99.48,99.485,662,4324,0,15450,0,0.005,99.48,99.485,99.475,0,534,99.48,234709,0,0,"",0
"2021-06-09","BAXM22","BAX","BAX","BAX",0,"2022-06-13",0,1,99.355,99.36,85,430,0,10218,0,0.005,99.35,99.36,99.345,0,494,99.35,136771,0,0,"",0
"2021-06-09","BAXU22","BAX","BAX","BAX",0,"2022-09-19",0,1,99.185,99.19,184,168,99.19,9771,99.18,0.01,99.175,99.19,99.175,1189,1761,99.18,120243,0,0,"",0
"2021-06-09","BAXZ22","BAX","BAX","BAX",0,"2022-12-19",0,1,99.01,99.015,68,403,99.01,12531,99.005,0.005,98.995,99.01,98.99,4950,1123,99.005,146265,0,0,"",0
"2021-06-09","BAXH23","BAX","BAX","BAX",0,"2023-03-13",0,1,98.835,98.84,45,154,98.84,12655,98.825,0.015,98.81,98.84,98.795,39433,949,98.825,79481,0,0,"",0
"2021-06-09","BAXM23","BAX","BAX","BAX",0,"2023-06-19",0,1,98.665,98.675,54,44,98.67,16057,98.66,0.01,98.645,98.67,98.64,7396,1044,98.66,43719,0,0,"",0
"2021-06-09","BAXU23","BAX","BAX","BAX",0,"2023-09-18",0,1,98.52,98.535,207,5,98.53,11825,98.525,0.005,98.505,98.53,98.5,295,845,98.525,20247,0,0,"",0
"2021-06-09","BAXZ23","BAX","BAX","BAX",0,"2023-12-18",0,1,98.415,98.42,3,13,98.415,7087,98.41,0.005,98.385,98.42,98.385,1670,818,98.41,35863,0,0,"",0
"2021-06-09","BAXH24","BAX","BAX","BAX",0,"2024-03-18",0,1,98.29,98.33,1,20,0,2225,0,0,98.275,98.3,98.275,0,193,98.3,8313,0,0,"",0
"2021-06-10","BAXM21","BAX","BAX","BAX",0,"2021-06-14",0,1,99.56,99.565,21893,2832,0,9006,0,0,99.565,99.565,99.56,0,599,99.565,169662,0,0,"",0
"2021-06-10","BAXN21","BAX","BAX","BAX",0,"2021-07-19",0,1,0,0,0,0,0,0,0,0,0,0,0,0,0,99.56,0,0,0,"",0
"2021-06-10","BAXQ21","BAX","BAX","BAX",0,"2021-08-16",0,1,0,0,0,0,0,0,0,0,0,0,0,0,0,99.555,0,0,0,"",0
"2021-06-10","BAXU21","BAX","BAX","BAX",0,"2021-09-13",0,1,99.555,99.56,2774,6884,99.555,13070,99.555,0,99.56,99.56,99.55,398,831,99.555,166893,0,0,"",0
"2021-06-10","BAXZ21","BAX","BAX","BAX",0,"2021-12-13",0,1,99.535,99.54,1056,4688,99.535,12773,99.535,0,99.535,99.54,99.525,497,980,99.535,195491,0,0,"",0
"2021-06-10","BAXH22","BAX","BAX","BAX",0,"2022-03-14",0,1,99.485,99.49,2056,2721,0,16000,0,-0.005,99.485,99.49,99.475,0,950,99.49,237651,0,0,"",0
"2021-06-10","BAXM22","BAX","BAX","BAX",0,"2022-06-13",0,1,99.37,99.375,128,580,0,10054,0,0.005,99.35,99.375,99.335,0,981,99.37,136684,0,0,"",0
"2021-06-10","BAXU22","BAX","BAX","BAX",0,"2022-09-19",0,1,99.205,99.21,35,396,99.205,8487,99.2,0.005,99.19,99.21,99.17,9919,1093,99.2,121384,0,0,"",0
"2021-06-10","BAXZ22","BAX","BAX","BAX",0,"2022-12-19",0,1,99.03,99.035,156,182,99.035,11751,99.025,0.01,99.015,99.035,98.995,5148,685,99.025,149339,0,0,"",0
"2021-06-10","BAXH23","BAX","BAX","BAX",0,"2023-03-13",0,1,98.855,98.86,127,20,98.86,10726,98.85,0.01,98.835,98.86,98.81,4049,1135,98.85,78483,0,0,"",0
"2021-06-10","BAXM23","BAX","BAX","BAX",0,"2023-06-19",0,1,98.695,98.7,3,68,98.7,5776,98.69,0.01,98.67,98.7,98.645,10360,549,98.69,49930,0,0,"",0
"2021-06-10","BAXU23","BAX","BAX","BAX",0,"2023-09-18",0,1,98.555,98.56,66,19,98.56,5500,98.56,0,98.53,98.56,98.505,10247,542,98.56,27926,0,0,"",0
"2021-06-10","BAXZ23","BAX","BAX","BAX",0,"2023-12-18",0,1,98.445,98.45,40,48,0,4087,0,0,98.415,98.445,98.385,0,508,98.445,37340,0,0,"",0
"2021-06-10","BAXH24","BAX","BAX","BAX",0,"2024-03-18",0,1,98.33,0,50,0,0,1309,0,-0.005,98.29,98.335,98.275,0,111,98.335,8997,0,0,"",0
"2021-06-11","BAXM21","BAX","BAX","BAX",0,"2021-06-14",0,1,99.56,99.565,37477,2070,0,11016,0,0,99.56,99.565,99.56,0,435,99.56,164554,0,0,"",0
"2021-06-11","BAXN21","BAX","BAX","BAX",0,"2021-07-19",0,1,0,0,0,0,0,0,0,0,0,0,0,0,0,99.555,0,0,0,"",0
"2021-06-11","BAXQ21","BAX","BAX","BAX",0,"2021-08-16",0,1,0,0,0,0,0,0,0,0,0,0,0,0,0,99.55,0,0,0,"",0
"2021-06-11","BAXU21","BAX","BAX","BAX",0,"2021-09-13",0,1,99.555,99.56,5417,3673,0,5484,0,0.005,99.56,99.56,99.555,0,727,99.555,172390,0,0,"",0
"2021-06-11","BAXZ21","BAX","BAX","BAX",0,"2021-12-13",0,1,99.535,99.54,3908,2811,0,3822,0,0.005,99.535,99.54,99.535,0,577,99.535,194888,0,0,"",0
"2021-06-11","BAXH22","BAX","BAX","BAX",0,"2022-03-14",0,1,99.49,99.495,2422,2347,0,8919,0,0,99.49,99.495,99.485,0,405,99.49,242800,0,0,"",0
"2021-06-11","BAXM22","BAX","BAX","BAX",0,"2022-06-13",0,1,99.375,99.38,1401,438,0,8341,0,0,99.37,99.38,99.37,0,484,99.375,138153,0,0,"",0
"2021-06-11","BAXU22","BAX","BAX","BAX",0,"2022-09-19",0,1,99.205,99.21,255,183,0,12410,0,0.005,99.205,99.21,99.2,0,573,99.205,120889,0,0,"",0
"2021-06-11","BAXZ22","BAX","BAX","BAX",0,"2022-12-19",0,1,99.03,99.035,253,152,0,12115,0,0,99.035,99.04,99.03,0,692,99.03,149013,0,0,"",0
"2021-06-11","BAXH23","BAX","BAX","BAX",0,"2023-03-13",0,1,98.85,98.855,159,181,0,12739,0,0.005,98.86,98.87,98.845,0,943,98.85,75602,0,0,"",0
"2021-06-11","BAXM23","BAX","BAX","BAX",0,"2023-06-19",0,1,98.69,98.695,5,5,0,7413,0,0.005,98.705,98.71,98.68,0,635,98.69,49628,0,0,"",0
"2021-06-11","BAXU23","BAX","BAX","BAX",0,"2023-09-18",0,1,98.555,98.575,1,20,0,4755,0,0,98.57,98.575,98.545,0,454,98.56,28645,0,0,"",0
"2021-06-11","BAXZ23","BAX","BAX","BAX",0,"2023-12-18",0,1,98.445,98.45,1,4,0,4003,0,0,98.46,98.46,98.425,0,285,98.445,38069,0,0,"",0
"2021-06-11","BAXH24","BAX","BAX","BAX",0,"2024-03-18",0,1,98.305,0,10,0,0,1575,0,0.01,98.35,98.35,98.325,0,101,98.33,9886,0,0,"",0
"2021-06-14","BAXM21","BAX","BAX","BAX",0,"2021-06-14",0,1,0,0,0,0,0,348,0,0.005,99.56,99.565,99.56,0,7,99.565,166744,0,0,"",0
"2021-06-14","BAXN21","BAX","BAX","BAX",0,"2021-07-19",0,1,0,0,0,0,0,0,0,0,0,0,0,0,0,99.56,0,0,0,"",0
"2021-06-14","BAXQ21","BAX","BAX","BAX",0,"2021-08-16",0,1,0,0,0,0,0,0,0,0,0,0,0,0,0,99.555,0,0,0,"",0
"2021-06-14","BAXU21","BAX","BAX","BAX",0,"2021-09-13",0,1,99.56,99.565,3186,10258,0,14449,0,0,99.56,99.565,99.555,0,412,99.56,172841,0,0,"",0
"2021-06-14","BAXZ21","BAX","BAX","BAX",0,"2021-12-13",0,1,99.53,99.535,3845,3177,99.535,24512,99.535,0,99.54,99.54,99.53,199,2395,99.535,192021,0,0,"",0
"2021-06-14","BAXH22","BAX","BAX","BAX",0,"2022-03-14",0,1,99.49,99.495,1309,2579,0,28460,0,-0.005,99.49,99.495,99.485,0,2198,99.495,241596,0,0,"",0
"2021-06-14","BAXM22","BAX","BAX","BAX",0,"2022-06-13",0,1,99.355,99.36,1670,98,99.36,35031,99.36,0,99.375,99.375,99.355,396,1204,99.36,137715,0,0,"",0
"2021-06-14","BAXU22","BAX","BAX","BAX",0,"2022-09-19",0,1,99.185,99.19,613,150,99.19,37371,99.19,0,99.2,99.205,99.18,396,1716,99.19,120767,0,0,"",0
"2021-06-14","BAXZ22","BAX","BAX","BAX",0,"2022-12-19",0,1,99.01,99.015,508,171,99.015,9336,99.01,0.005,99.03,99.03,99.005,2376,641,99.01,151393,0,0,"",0
"2021-06-14","BAXH23","BAX","BAX","BAX",0,"2023-03-13",0,1,98.83,98.835,109,146,0,6469,0,0.005,98.845,98.85,98.825,0,453,98.83,80649,0,0,"",0
"2021-06-14","BAXM23","BAX","BAX","BAX",0,"2023-06-19",0,1,98.67,98.675,24,32,98.67,3643,98.67,0,98.685,98.69,98.665,98,758,98.67,52269,0,0,"",0
"2021-06-14","BAXU23","BAX","BAX","BAX",0,"2023-09-18",0,1,98.54,98.55,3,5,0,1159,0,-0.025,98.545,98.555,98.53,0,193,98.54,30749,0,0,"",0
"2021-06-14","BAXZ23","BAX","BAX","BAX",0,"2023-12-18",0,1,98.425,98.445,4,325,98.435,546,98.425,0.01,98.44,98.44,98.415,393,112,98.425,38836,0,0,"",0
"2021-06-14","BAXH24","BAX","BAX","BAX",0,"2024-03-18",0,1,98.315,98.33,1,1,98.325,131,98.31,0.015,98.335,98.335,98.31,294,35,98.31,10714,0,0,"",0
"2021-06-15","BAXN21","BAX","BAX","BAX",0,"2021-07-19",0,1,0,0,0,0,0,0,0,0,0,0,0,0,0,99.56,0,0,0,"",0
"2021-06-15","BAXQ21","BAX","BAX","BAX",0,"2021-08-16",0,1,0,0,0,0,0,0,0,0,0,0,0,0,0,99.555,0,0,0,"",0
"2021-06-15","BAXU21","BAX","BAX","BAX",0,"2021-09-13",0,1,99.56,99.565,6451,11945,0,3735,0,0.005,99.565,99.565,99.56,0,220,99.56,179953,0,0,"",0
"2021-06-15","BAXZ21","BAX","BAX","BAX",0,"2021-12-13",0,1,99.53,99.535,4157,4099,0,8798,0,-0.005,99.535,99.535,99.53,0,458,99.535,199847,0,0,"",0
"2021-06-15","BAXH22","BAX","BAX","BAX",0,"2022-03-14",0,1,99.49,99.495,1419,5368,0,12098,0,0,99.495,99.495,99.49,0,347,99.495,255331,0,0,"",0
"2021-06-15","BAXM22","BAX","BAX","BAX",0,"2022-06-13",0,1,99.355,99.36,1238,1654,0,7311,0,0,99.36,99.365,99.355,0,462,99.36,149270,0,0,"",0
"2021-06-15","BAXU22","BAX","BAX","BAX",0,"2022-09-19",0,1,99.18,99.185,850,250,0,5919,0,0,99.195,99.195,99.18,0,406,99.185,136677,0,0,"",0
"2021-06-15","BAXZ22","BAX","BAX","BAX",0,"2022-12-19",0,1,99.005,99.01,370,900,0,4368,0,0,99.015,99.02,99,0,286,99.005,150857,0,0,"",0
"2021-06-15","BAXH23","BAX","BAX","BAX",0,"2023-03-13",0,1,98.82,98.83,425,826,0,4594,0,0,98.84,98.84,98.82,0,313,98.825,83061,0,0,"",0
"2021-06-15","BAXM23","BAX","BAX","BAX",0,"2023-06-19",0,1,98.665,98.67,5,444,0,3462,0,0,98.68,98.68,98.655,0,1094,98.665,51420,0,0,"",0
"2021-06-15","BAXU23","BAX","BAX","BAX",0,"2023-09-18",0,1,98.53,98.55,150,15,0,593,0,0,98.54,98.545,98.53,0,135,98.535,30542,0,0,"",0
"2021-06-15","BAXZ23","BAX","BAX","BAX",0,"2023-12-18",0,1,98.415,98.435,65,36,0,1150,0,0.01,98.43,98.435,98.42,0,151,98.425,39001,0,0,"",0
"2021-06-15","BAXH24","BAX","BAX","BAX",0,"2024-03-18",0,1,98.315,0,5,0,0,1576,0,0.01,98.325,98.33,98.315,0,111,98.32,10621,0,0,"",0
"2021-06-15","BAXM24","BAX","BAX","BAX",0,"2024-06-17",0,1,98.225,0,10,0,0,675,0,0,0,0,0,0,21,98.22,0,0,0,"",0
"2021-06-16","BAXN21","BAX","BAX","BAX",0,"2021-07-19",0,1,0,0,0,0,0,0,0,0,0,0,0,0,0,99.56,0,0,0,"",0
"2021-06-16","BAXQ21","BAX","BAX","BAX",0,"2021-08-16",0,1,0,0,0,0,0,0,0,0,0,0,0,0,0,99.555,0,0,0,"",0
"2021-06-16","BAXU21","BAX","BAX","BAX",0,"2021-09-13",0,1,99.555,99.56,4764,4469,0,5870,0,-0.005,99.565,99.565,99.555,0,189,99.56,173862,0,0,"",0
"2021-06-16","BAXZ21","BAX","BAX","BAX",0,"2021-12-13",0,1,99.525,99.53,2514,1444,0,21543,0,0,99.535,99.535,99.52,0,865,99.53,190099,0,0,"",0
"2021-06-16","BAXH22","BAX","BAX","BAX",0,"2022-03-14",0,1,99.475,99.48,1000,2292,99.475,38006,99.475,0,99.495,99.495,99.475,99,1446,99.475,259016,0,0,"",0
"2021-06-16","BAXM22","BAX","BAX","BAX",0,"2022-06-13",0,1,99.305,99.315,530,323,99.31,24492,99.31,0,99.355,99.36,99.305,297,1335,99.31,130275,0,0,"",0
"2021-06-16","BAXU22","BAX","BAX","BAX",0,"2022-09-19",0,1,99.1,99.11,499,181,0,27642,0,-0.005,99.185,99.19,99.1,0,1952,99.11,130463,0,0,"",0
"2021-06-16","BAXZ22","BAX","BAX","BAX",0,"2022-12-19",0,1,98.915,98.92,30,240,0,28643,0,-0.005,99.005,99.015,98.91,0,1793,98.92,151019,0,0,"",0
"2021-06-16","BAXH23","BAX","BAX","BAX",0,"2023-03-13",0,1,98.725,98.73,10,69,0,25191,0,-0.005,98.83,98.835,98.715,0,1550,98.735,84635,0,0,"",0
"2021-06-16","BAXM23","BAX","BAX","BAX",0,"2023-06-19",0,1,98.57,98.575,1,103,98.57,15682,98.585,-0.015,98.67,98.675,98.565,19510,1339,98.585,50550,0,0,"",0
"2021-06-16","BAXU23","BAX","BAX","BAX",0,"2023-09-18",0,1,0,98.45,0,3,98.445,8246,98.47,-0.025,98.54,98.54,98.445,38978,640,98.47,30485,0,0,"",0
"2021-06-16","BAXZ23","BAX","BAX","BAX",0,"2023-12-18",0,1,98.34,98.37,5,50,98.345,6258,98.375,-0.03,98.43,98.43,98.345,19765,732,98.375,39263,0,0,"",0
"2021-06-16","BAXH24","BAX","BAX","BAX",0,"2024-03-18",0,1,0,98.295,0,4,98.245,4507,98.28,-0.035,98.32,98.32,98.245,98,418,98.28,11049,0,0,"",0
"2021-06-16","BAXM24","BAX","BAX","BAX",0,"2024-06-17",0,1,0,0,0,0,0,521,0,-0.03,98.215,98.215,98.16,0,98,98.19,661,0,0,"",0
"2021-06-17","BAXN21","BAX","BAX","BAX",0,"2021-07-19",0,1,0,0,0,0,0,0,0,0,0,0,0,0,0,99.56,0,0,0,"",0
"2021-06-17","BAXQ21","BAX","BAX","BAX",0,"2021-08-16",0,1,0,0,0,0,0,0,0,0,0,0,0,0,0,99.555,0,0,0,"",0
"2021-06-17","BAXU21","BAX","BAX","BAX",0,"2021-09-13",0,1,99.555,99.56,40,8710,0,22158,0,-0.005,99.555,99.56,99.55,0,530,99.56,175527,0,0,"",0
"2021-06-17","BAXZ21","BAX","BAX","BAX",0,"2021-12-13",0,1,99.525,99.53,2667,2026,0,25012,0,0,99.525,99.53,99.52,0,1188,99.53,193062,0,0,"",0
"2021-06-17","BAXH22","BAX","BAX","BAX",0,"2022-03-14",0,1,99.46,99.465,667,140,0,35236,0,-0.005,99.475,99.48,99.46,0,1142,99.47,273467,0,0,"",0
"2021-06-17","BAXM22","BAX","BAX","BAX",0,"2022-06-13",0,1,99.275,99.28,78,144,0,24700,0,-0.01,99.31,99.315,99.27,0,936,99.285,135199,0,0,"",0
"2021-06-17","BAXU22","BAX","BAX","BAX",0,"2022-09-19",0,1,99.06,99.065,59,99,0,26881,0,-0.005,99.11,99.115,99.05,0,1395,99.07,131296,0,0,"",0
"2021-06-17","BAXZ22","BAX","BAX","BAX",0,"2022-12-19",0,1,98.865,98.875,515,112,0,37850,0,0,98.92,98.93,98.845,0,3360,98.87,157359,0,0,"",0
"2021-06-17","BAXH23","BAX","BAX","BAX",0,"2023-03-13",0,1,98.69,98.7,50,97,0,21783,0,0.01,98.73,98.74,98.665,0,1713,98.685,89714,0,0,"",0
"2021-06-17","BAXM23","BAX","BAX","BAX",0,"2023-06-19",0,1,98.535,98.54,20,26,0,15352,0,0,98.57,98.585,98.51,0,1667,98.535,56207,0,0,"",0
"2021-06-17","BAXU23","BAX","BAX","BAX",0,"2023-09-18",0,1,0,98.44,0,22,0,8746,0,-0.015,98.455,98.465,98.385,0,925,98.42,32500,0,0,"",0
"2021-06-17","BAXZ23","BAX","BAX","BAX",0,"2023-12-18",0,1,98.29,98.305,25,5,0,15522,0,-0.035,98.36,98.365,98.275,0,1509,98.335,40937,0,0,"",0
"2021-06-17","BAXH24","BAX","BAX","BAX",0,"2024-03-18",0,1,0,98.245,0,20,0,4264,0,-0.055,98.26,98.26,98.18,0,649,98.25,10651,0,0,"",0
"2021-06-17","BAXM24","BAX","BAX","BAX",0,"2024-06-17",0,1,0,0,0,0,0,427,0,-0.07,98.17,98.17,98.085,0,100,98.17,790,0,0,"",0
"2021-06-18","BAXN21","BAX","BAX","BAX",0,"2021-07-19",0,1,0,0,0,0,0,0,0,0,0,0,0,0,0,99.55,0,0,0,"",0
"2021-06-18","BAXQ21","BAX","BAX","BAX",0,"2021-08-16",0,1,0,0,0,0,0,0,0,0,0,0,0,0,0,99.545,0,0,0,"",0
"2021-06-18","BAXU21","BAX","BAX","BAX",0,"2021-09-13",0,1,99.55,99.555,2060,4410,0,14221,0,0.005,99.555,99.56,99.545,0,433,99.55,183769,0,0,"",0
"2021-06-18","BAXZ21","BAX","BAX","BAX",0,"2021-12-13",0,1,99.52,99.53,2413,2862,0,30411,0,0,99.53,99.53,99.515,0,900,99.525,190968,0,0,"",0
"2021-06-18","BAXH22","BAX","BAX","BAX",0,"2022-03-14",0,1,99.435,99.44,273,533,0,33087,0,0.01,99.46,99.47,99.42,0,1210,99.43,284603,0,0,"",0
"2021-06-18","BAXM22","BAX","BAX","BAX",0,"2022-06-13",0,1,99.23,99.235,168,553,0,30837,0,0.015,99.275,99.295,99.205,0,1307,99.22,140139,0,0,"",0
"2021-06-18","BAXU22","BAX","BAX","BAX",0,"2022-09-19",0,1,99,99.015,178,248,0,37566,0,0.015,99.06,99.09,98.965,0,1729,98.995,126288,0,0,"",0
"2021-06-18","BAXZ22","BAX","BAX","BAX",0,"2022-12-19",0,1,98.805,98.81,103,540,0,52351,0,0.02,98.87,98.9,98.745,0,2826,98.79,163740,0,0,"",0
"2021-06-18","BAXH23","BAX","BAX","BAX",0,"2023-03-13",0,1,98.62,98.63,20,82,0,33219,0,0.03,98.695,98.725,98.545,0,2314,98.595,86773,0,0,"",0
"2021-06-18","BAXM23","BAX","BAX","BAX",0,"2023-06-19",0,1,98.47,98.48,44,274,0,19932,0,0.03,98.54,98.565,98.395,0,1925,98.445,53909,0,0,"",0
"2021-06-18","BAXU23","BAX","BAX","BAX",0,"2023-09-18",0,1,98.35,98.36,5,5,0,5632,0,0.025,98.41,98.425,98.29,0,683,98.335,33594,0,0,"",0
"2021-06-18","BAXZ23","BAX","BAX","BAX",0,"2023-12-18",0,1,98.26,98.265,161,51,0,11317,0,0.005,98.3,98.32,98.205,0,1314,98.255,41348,0,0,"",0
"2021-06-18","BAXH24","BAX","BAX","BAX",0,"2024-03-18",0,1,0,0,0,0,0,2238,0,0.01,98.22,98.225,98.14,0,284,98.175,11919,0,0,"",0
"2021-06-18","BAXM24","BAX","BAX","BAX",0,"2024-06-17",0,1,0,98.13,0,25,0,940,0,-0.015,98.13,98.13,98.09,0,70,98.105,652,0,0,"",0
"2021-06-21","BAXN21","BAX","BAX","BAX",0,"2021-07-19",0,1,0,0,0,0,0,0,0,0,0,0,0,0,0,99.545,0,0,0,"",0
"2021-06-21","BAXQ21","BAX","BAX","BAX",0,"2021-08-16",0,1,0,0,0,0,0,0,0,0,0,0,0,0,0,99.54,0,0,0,"",0
"2021-06-21","BAXU21","BAX","BAX","BAX",0,"2021-09-13",0,1,99.545,99.55,5112,4326,0,36795,0,0,99.55,99.55,99.525,0,1206,99.545,184879,0,0,"",0
"2021-06-21","BAXZ21","BAX","BAX","BAX",0,"2021-12-13",0,1,99.515,99.52,2169,50,0,36470,0,0,99.525,99.53,99.485,0,1158,99.52,193904,0,0,"",0
"2021-06-21","BAXH22","BAX","BAX","BAX",0,"2022-03-14",0,1,99.415,99.42,352,544,0,48227,0,0,99.435,99.44,99.395,0,1585,99.415,289740,0,0,"",0
"2021-06-21","BAXM22","BAX","BAX","BAX",0,"2022-06-13",0,1,99.21,99.215,65,253,0,24337,0,0,99.23,99.24,99.195,0,965,99.21,140832,0,0,"",0
"2021-06-21","BAXU22","BAX","BAX","BAX",0,"2022-09-19",0,1,98.995,99,210,196,0,25462,0,0,99.005,99.02,98.975,0,1290,98.995,128614,0,0,"",0
"2021-06-21","BAXZ22","BAX","BAX","BAX",0,"2022-12-19",0,1,98.79,98.795,324,115,0,34030,0,0,98.81,98.83,98.775,0,1401,98.79,163903,0,0,"",0
"2021-06-21","BAXH23","BAX","BAX","BAX",0,"2023-03-13",0,1,98.595,98.605,202,101,0,11289,0,0.01,98.63,98.645,98.58,0,912,98.59,89367,0,0,"",0
"2021-06-21","BAXM23","BAX","BAX","BAX",0,"2023-06-19",0,1,98.44,98.45,155,243,0,11934,0,0.01,98.48,98.495,98.425,0,1506,98.435,54687,0,0,"",0
"2021-06-21","BAXU23","BAX","BAX","BAX",0,"2023-09-18",0,1,98.325,98.37,25,32,0,4260,0,0.005,98.37,98.37,98.31,0,449,98.325,33086,0,0,"",0
"2021-06-21","BAXZ23","BAX","BAX","BAX",0,"2023-12-18",0,1,98.245,98.265,8,2,0,5257,0,-0.005,98.265,98.295,98.225,0,508,98.245,39439,0,0,"",0
"2021-06-21","BAXH24","BAX","BAX","BAX",0,"2024-03-18",0,1,98.155,98.215,20,20,0,1053,0,-0.005,98.16,98.18,98.155,0,76,98.165,11259,0,0,"",0
"2021-06-21","BAXM24","BAX","BAX","BAX",0,"2024-06-17",0,1,98.085,0,200,0,0,463,0,-0.005,98.085,98.1,98.085,0,33,98.1,723,0,0,"",0
"2021-06-22","BAXN21","BAX","BAX","BAX",0,"2021-07-19",0,1,0,0,0,0,0,0,0,0,0,0,0,0,0,99.545,0,0,0,"",0
"2021-06-22","BAXQ21","BAX","BAX","BAX",0,"2021-08-16",0,1,0,0,0,0,0,0,0,0,0,0,0,0,0,99.54,0,0,0,"",0
"2021-06-22","BAXU21","BAX","BAX","BAX",0,"2021-09-13",0,1,99.54,99.545,2668,1598,0,23151,0,0,99.55,99.55,99.545,0,615,99.545,194131,0,0,"",0
"2021-06-22","BAXZ21","BAX","BAX","BAX",0,"2021-12-13",0,1,99.515,99.52,1980,754,0,13654,0,0,99.525,99.53,99.52,0,505,99.52,197506,0,0,"",0
"2021-06-22","BAXH22","BAX","BAX","BAX",0,"2022-03-14",0,1,99.42,99.43,783,1101,0,24282,0,0,99.415,99.43,99.415,0,1059,99.425,295265,0,0,"",0
"2021-06-22","BAXM22","BAX","BAX","BAX",0,"2022-06-13",0,1,99.23,99.235,707,244,0,14371,0,0,99.215,99.235,99.215,0,669,99.23,143813,0,0,"",0
"2021-06-22","BAXU22","BAX","BAX","BAX",0,"2022-09-19",0,1,99.015,99.025,1839,279,0,21190,0,0.005,98.995,99.025,98.995,0,847,99.015,132298,0,0,"",0
"2021-06-22","BAXZ22","BAX","BAX","BAX",0,"2022-12-19",0,1,98.815,98.82,156,228,0,16148,0,0.005,98.8,98.83,98.795,0,862,98.815,161669,0,0,"",0
"2021-06-22","BAXH23","BAX","BAX","BAX",0,"2023-03-13",0,1,98.625,98.63,51,79,0,9743,0,0,98.605,98.64,98.6,0,713,98.63,88562,0,0,"",0
"2021-06-22","BAXM23","BAX","BAX","BAX",0,"2023-06-19",0,1,98.47,98.48,179,204,0,8066,0,-0.005,98.45,98.48,98.445,0,1675,98.48,54143,0,0,"",0
"2021-06-22","BAXU23","BAX","BAX","BAX",0,"2023-09-18",0,1,98.355,98.36,20,46,0,1659,0,-0.01,98.345,98.37,98.345,0,182,98.37,33887,0,0,"",0
"2021-06-22","BAXZ23","BAX","BAX","BAX",0,"2023-12-18",0,1,98.275,98.28,32,112,0,2670,0,-0.005,98.25,98.285,98.25,0,214,98.285,37257,0,0,"",0
"2021-06-22","BAXH24","BAX","BAX","BAX",0,"2024-03-18",0,1,0,98.205,0,2,0,213,0,-0.005,98.18,98.2,98.18,0,36,98.205,11220,0,0,"",0
"2021-06-22","BAXM24","BAX","BAX","BAX",0,"2024-06-17",0,1,0,0,0,0,0,118,0,0,98.12,98.14,98.12,0,13,98.14,566,0,0,"",0
"2021-06-23","BAXN21","BAX","BAX","BAX",0,"2021-07-19",0,1,0,0,0,0,0,0,0,0,0,0,0,0,0,99.535,0,0,0,"",0
"2021-06-23","BAXQ21","BAX","BAX","BAX",0,"2021-08-16",0,1,0,0,0,0,0,0,0,0,0,0,0,0,0,99.53,0,0,0,"",0
"2021-06-23","BAXU21","BAX","BAX","BAX",0,"2021-09-13",0,1,99.535,99.54,3779,1226,0,17996,0,0,99.54,99.545,99.535,0,416,99.535,194848,0,0,"",0
"2021-06-23","BAXZ21","BAX","BAX","BAX",0,"2021-12-13",0,1,99.505,99.51,2224,2,0,16160,0,0.005,99.52,99.52,99.505,0,608,99.505,199011,0,0,"",0
"2021-06-23","BAXH22","BAX","BAX","BAX",0,"2022-03-14",0,1,99.405,99.41,134,779,0,34620,0,0,99.42,99.425,99.4,0,1123,99.405,288542,0,0,"",0
"2021-06-23","BAXM22","BAX","BAX","BAX",0,"2022-06-13",0,1,99.21,99.215,487,420,0,26602,0,0,99.23,99.235,99.21,0,922,99.215,140861,0,0,"",0
"2021-06-23","BAXU22","BAX","BAX","BAX",0,"2022-09-19",0,1,99.005,99.01,230,74,0,18781,0,0,99.02,99.02,99,0,821,99.01,129636,0,0,"",0
"2021-06-23","BAXZ22","BAX","BAX","BAX",0,"2022-12-19",0,1,98.815,98.82,196,401,0,17449,0,0.005,98.81,98.825,98.805,0,1004,98.81,159505,0,0,"",0
"2021-06-23","BAXH23","BAX","BAX","BAX",0,"2023-03-13",0,1,98.62,98.625,231,50,0,9905,0,0.01,98.625,98.64,98.615,0,802,98.615,87337,0,0,"",0
"2021-06-23","BAXM23","BAX","BAX","BAX",0,"2023-06-19",0,1,98.46,98.47,113,86,0,6843,0,0,98.47,98.48,98.455,0,1895,98.46,53251,0,0,"",0
"2021-06-23","BAXU23","BAX","BAX","BAX",0,"2023-09-18",0,1,98.335,98.355,15,30,0,1972,0,-0.01,98.36,98.37,98.34,0,194,98.35,34281,0,0,"",0
"2021-06-23","BAXZ23","BAX","BAX","BAX",0,"2023-12-18",0,1,98.26,98.265,50,20,0,4604,0,-0.02,98.265,98.29,98.255,0,330,98.275,37478,0,0,"",0
"2021-06-23","BAXH24","BAX","BAX","BAX",0,"2024-03-18",0,1,98.175,0,5,0,0,191,0,-0.025,98.205,98.205,98.17,0,41,98.2,11257,0,0,"",0
"2021-06-23","BAXM24","BAX","BAX","BAX",0,"2024-06-17",0,1,0,0,0,0,0,107,0,-0.01,98.13,98.13,98.125,0,5,98.135,665,0,0,"",0
"2021-06-24","BAXN21","BAX","BAX","BAX",0,"2021-07-19",0,1,0,0,0,0,0,0,0,0,0,0,0,0,0,99.535,0,0,0,"",0
"2021-06-24","BAXQ21","BAX","BAX","BAX",0,"2021-08-16",0,1,0,0,0,0,0,0,0,0,0,0,0,0,0,99.53,0,0,0,"",0
"2021-06-24","BAXU21","BAX","BAX","BAX",0,"2021-09-13",0,1,99.535,99.54,4410,3519,0,6640,0,0,99.54,99.54,99.535,0,248,99.535,199954,0,0,"",0
"2021-06-24","BAXZ21","BAX","BAX","BAX",0,"2021-12-13",0,1,99.505,99.51,552,2274,0,2912,0,0.005,99.505,99.51,99.505,0,240,99.505,202475,0,0,"",0
"2021-06-24","BAXH22","BAX","BAX","BAX",0,"2022-03-14",0,1,99.4,99.405,1610,1065,0,14883,0,-0.005,99.405,99.41,99.4,0,451,99.405,293150,0,0,"",0
"2021-06-24","BAXM22","BAX","BAX","BAX",0,"2022-06-13",0,1,99.205,99.21,527,496,0,10611,0,0.005,99.205,99.22,99.205,0,531,99.21,148041,0,0,"",0
"2021-06-24","BAXU22","BAX","BAX","BAX",0,"2022-09-19",0,1,98.995,99,563,345,0,20065,0,-0.005,99.005,99.015,98.99,0,656,99.005,130013,0,0,"",0
"2021-06-24","BAXZ22","BAX","BAX","BAX",0,"2022-12-19",0,1,98.805,98.81,53,271,0,8591,0,-0.005,98.81,98.82,98.8,0,526,98.81,167409,0,0,"",0
"2021-06-24","BAXH23","BAX","BAX","BAX",0,"2023-03-13",0,1,98.61,98.615,116,24,0,12029,0,0,98.625,98.63,98.605,0,668,98.615,85439,0,0,"",0
"2021-06-24","BAXM23","BAX","BAX","BAX",0,"2023-06-19",0,1,98.455,98.46,49,87,0,10191,0,0,98.465,98.47,98.445,0,1451,98.46,53448,0,0,"",0
"2021-06-24","BAXU23","BAX","BAX","BAX",0,"2023-09-18",0,1,98.345,0,28,0,0,1493,0,0.005,98.335,98.35,98.33,0,156,98.345,33005,0,0,"",0
"2021-06-24","BAXZ23","BAX","BAX","BAX",0,"2023-12-18",0,1,98.26,98.265,650,36,0,5245,0,-0.005,98.27,98.27,98.255,0,268,98.27,37174,0,0,"",0
"2021-06-24","BAXH24","BAX","BAX","BAX",0,"2024-03-18",0,1,98.175,0,5,0,0,125,0,-0.02,98.19,98.19,98.175,0,22,98.195,11344,0,0,"",0
"2021-06-24","BAXM24","BAX","BAX","BAX",0,"2024-06-17",0,1,0,0,0,0,0,2,0,-0.01,98.125,98.125,98.125,0,2,98.13,765,0,0,"",0
"2021-06-25","BAXN21","BAX","BAX","BAX",0,"2021-07-19",0,1,0,0,0,0,0,0,0,0,0,0,0,0,0,99.535,0,0,0,"",0
"2021-06-25","BAXQ21","BAX","BAX","BAX",0,"2021-08-16",0,1,0,0,0,0,0,0,0,0,0,0,0,0,0,99.53,0,0,0,"",0
"2021-06-25","BAXU21","BAX","BAX","BAX",0,"2021-09-13",0,1,99.535,99.54,6090,3578,0,13647,0,0,99.535,99.54,99.53,0,253,99.535,201251,0,0,"",0
"2021-06-25","BAXZ21","BAX","BAX","BAX",0,"2021-12-13",0,1,99.495,99.5,462,1687,0,12111,0,-0.005,99.505,99.51,99.49,0,464,99.5,194796,0,0,"",0
"2021-06-25","BAXH22","BAX","BAX","BAX",0,"2022-03-14",0,1,99.385,99.39,321,536,0,25891,0,0,99.4,99.4,99.375,0,1000,99.39,279111,0,0,"",0
"2021-06-25","BAXM22","BAX","BAX","BAX",0,"2022-06-13",0,1,99.195,99.2,151,358,0,13869,0,-0.005,99.205,99.215,99.19,0,837,99.2,143370,0,0,"",0
"2021-06-25","BAXU22","BAX","BAX","BAX",0,"2022-09-19",0,1,98.99,98.995,1354,370,0,10051,0,-0.005,98.995,99.005,98.985,0,488,98.995,136252,0,0,"",0
"2021-06-25","BAXZ22","BAX","BAX","BAX",0,"2022-12-19",0,1,98.795,98.8,276,214,0,5967,0,0,98.8,98.81,98.785,0,437,98.8,163912,0,0,"",0
"2021-06-25","BAXH23","BAX","BAX","BAX",0,"2023-03-13",0,1,98.6,98.605,432,1266,0,6304,0,0.005,98.61,98.62,98.595,0,428,98.6,89023,0,0,"",0
"2021-06-25","BAXM23","BAX","BAX","BAX",0,"2023-06-19",0,1,98.445,98.45,225,189,0,6838,0,0.005,98.455,98.47,98.435,0,492,98.445,56700,0,0,"",0
"2021-06-25","BAXU23","BAX","BAX","BAX",0,"2023-09-18",0,1,98.33,0,50,0,0,430,0,0.01,98.34,98.355,98.325,0,70,98.33,32837,0,0,"",0
"2021-06-25","BAXZ23","BAX","BAX","BAX",0,"2023-12-18",0,1,98.25,98.255,27,74,0,5910,0,0.005,98.265,98.275,98.24,0,320,98.25,40034,0,0,"",0
"2021-06-25","BAXH24","BAX","BAX","BAX",0,"2024-03-18",0,1,98.17,0,27,0,0,292,0,-0.035,98.19,98.2,98.16,0,32,98.17,11352,0,0,"",0
"2021-06-25","BAXM24","BAX","BAX","BAX",0,"2024-06-17",0,1,98.075,0,150,0,0,318,0,0.005,98.115,98.135,98.09,0,17,98.1,763,0,0,"",0
"2021-06-28","BAXN21","BAX","BAX","BAX",0,"2021-07-19",0,1,0,0,0,0,0,0,0,0,0,0,0,0,0,99.535,0,0,0,"",0
"2021-06-28","BAXQ21","BAX","BAX","BAX",0,"2021-08-16",0,1,0,0,0,0,0,0,0,0,0,0,0,0,0,99.53,0,0,0,"",0
"2021-06-28","BAXU21","BAX","BAX","BAX",0,"2021-09-13",0,1,99.535,99.54,6057,4607,0,2231,0,0.005,99.535,99.54,99.535,0,170,99.535,193449,0,0,"",0
"2021-06-28","BAXZ21","BAX","BAX","BAX",0,"2021-12-13",0,1,99.495,99.5,484,1111,0,7003,0,-0.005,99.495,99.5,99.49,0,265,99.5,194831,0,0,"",0
"2021-06-28","BAXH22","BAX","BAX","BAX",0,"2022-03-14",0,1,99.385,99.39,134,1413,0,13341,0,0,99.385,99.395,99.375,0,680,99.385,274997,0,0,"",0
"2021-06-28","BAXM22","BAX","BAX","BAX",0,"2022-06-13",0,1,99.195,99.2,108,416,0,10036,0,0,99.195,99.205,99.19,0,363,99.195,145369,0,0,"",0
"2021-06-28","BAXU22","BAX","BAX","BAX",0,"2022-09-19",0,1,98.995,99,381,708,0,12303,0,0,98.99,99.005,98.99,0,444,98.995,126417,0,0,"",0
"2021-06-28","BAXZ22","BAX","BAX","BAX",0,"2022-12-19",0,1,98.795,98.8,136,60,0,9712,0,0,98.795,98.81,98.795,0,562,98.8,150992,0,0,"",0
"2021-06-28","BAXH23","BAX","BAX","BAX",0,"2023-03-13",0,1,98.605,98.61,50,143,0,4127,0,0,98.6,98.62,98.6,0,297,98.605,89157,0,0,"",0
"2021-06-28","BAXM23","BAX","BAX","BAX",0,"2023-06-19",0,1,98.445,98.46,198,178,0,3382,0,-0.005,98.445,98.47,98.445,0,316,98.455,52342,0,0,"",0
"2021-06-28","BAXU23","BAX","BAX","BAX",0,"2023-09-18",0,1,98.335,0,50,0,0,484,0,-0.005,98.33,98.355,98.33,0,80,98.345,32885,0,0,"",0
"2021-06-28","BAXZ23","BAX","BAX","BAX",0,"2023-12-18",0,1,98.25,98.265,150,49,0,898,0,-0.005,98.26,98.28,98.255,0,132,98.265,43426,0,0,"",0
"2021-06-28","BAXH24","BAX","BAX","BAX",0,"2024-03-18",0,1,0,0,0,0,0,46,0,0.025,98.185,98.195,98.18,0,28,98.185,11515,0,0,"",0
"2021-06-28","BAXM24","BAX","BAX","BAX",0,"2024-06-17",0,1,0,0,0,0,0,105,0,-0.005,98.12,98.125,98.11,0,13,98.115,969,0,0,"",0
"2021-06-29","BAXN21","BAX","BAX","BAX",0,"2021-07-19",0,1,0,0,0,0,0,0,0,0,0,0,0,0,0,99.55,0,0,0,"",0
"2021-06-29","BAXQ21","BAX","BAX","BAX",0,"2021-08-16",0,1,0,0,0,0,0,0,0,0,0,0,0,0,0,99.545,0,0,0,"",0
"2021-06-29","BAXU21","BAX","BAX","BAX",0,"2021-09-13",0,1,99.545,99.55,1661,4202,0,11855,0,-0.005,99.535,99.55,99.535,0,309,99.55,191161,0,0,"",0
"2021-06-29","BAXZ21","BAX","BAX","BAX",0,"2021-12-13",0,1,99.495,99.5,1530,757,0,16348,0,-0.005,99.495,99.5,99.49,0,532,99.5,191682,0,0,"",0
"2021-06-29","BAXH22","BAX","BAX","BAX",0,"2022-03-14",0,1,99.375,99.38,1421,1300,0,33249,0,-0.005,99.385,99.39,99.375,0,750,99.385,263023,0,0,"",0
"2021-06-29","BAXM22","BAX","BAX","BAX",0,"2022-06-13",0,1,99.19,99.2,846,760,0,15511,0,0,99.2,99.205,99.19,0,551,99.195,143642,0,0,"",0
"2021-06-29","BAXU22","BAX","BAX","BAX",0,"2022-09-19",0,1,98.995,99,236,804,0,13789,0,-0.005,98.995,99,98.985,0,714,99,130829,0,0,"",0
"2021-06-29","BAXZ22","BAX","BAX","BAX",0,"2022-12-19",0,1,98.8,98.805,162,125,0,11936,0,-0.005,98.8,98.805,98.79,0,743,98.81,155328,0,0,"",0
"2021-06-29","BAXH23","BAX","BAX","BAX",0,"2023-03-13",0,1,98.605,98.615,241,875,0,15498,0,-0.005,98.605,98.615,98.595,0,924,98.615,89663,0,0,"",0
"2021-06-29","BAXM23","BAX","BAX","BAX",0,"2023-06-19",0,1,98.45,98.46,110,120,0,4470,0,-0.005,98.455,98.46,98.44,0,363,98.46,52898,0,0,"",0
"2021-06-29","BAXU23","BAX","BAX","BAX",0,"2023-09-18",0,1,98.335,98.345,249,40,0,1196,0,-0.01,98.35,98.35,98.33,0,103,98.35,32968,0,0,"",0
"2021-06-29","BAXZ23","BAX","BAX","BAX",0,"2023-12-18",0,1,98.25,98.26,26,40,0,6847,0,-0.01,98.27,98.27,98.245,0,441,98.265,43010,0,0,"",0
"2021-06-29","BAXH24","BAX","BAX","BAX",0,"2024-03-18",0,1,98.17,0,1,0,0,252,0,-0.015,98.17,98.18,98.17,0,38,98.185,11463,0,0,"",0
"2021-06-29","BAXM24","BAX","BAX","BAX",0,"2024-06-17",0,1,0,98.125,0,25,0,573,0,-0.015,98.095,98.105,98.095,0,72,98.115,1002,0,0,"",0
"2021-06-30","BAXN21","BAX","BAX","BAX",0,"2021-07-19",0,1,0,0,0,0,0,0,0,0,0,0,0,0,0,99.545,0,0,0,"",0
"2021-06-30","BAXQ21","BAX","BAX","BAX",0,"2021-08-16",0,1,0,0,0,0,0,0,0,0,0,0,0,0,0,99.54,0,0,0,"",0
"2021-06-30","BAXU21","BAX","BAX","BAX",0,"2021-09-13",0,1,99.54,99.545,6799,71,0,10720,0,0,99.545,99.55,99.54,0,337,99.545,196539,0,0,"",0
"2021-06-30","BAXZ21","BAX","BAX","BAX",0,"2021-12-13",0,1,99.49,99.495,1756,1958,0,4280,0,0,99.5,99.5,99.49,0,170,99.49,198733,0,0,"",0
"2021-06-30","BAXH22","BAX","BAX","BAX",0,"2022-03-14",0,1,99.37,99.375,486,1284,0,17585,0,0,99.375,99.385,99.365,0,518,99.375,274142,0,0,"",0
"2021-06-30","BAXM22","BAX","BAX","BAX",0,"2022-06-13",0,1,99.175,99.18,159,159,0,20763,0,-0.005,99.195,99.2,99.18,0,478,99.185,150116,0,0,"",0
"2021-06-30","BAXU22","BAX","BAX","BAX",0,"2022-09-19",0,1,98.975,98.98,1675,468,0,20891,0,-0.01,98.99,99.005,98.975,0,725,98.99,133516,0,0,"",0
"2021-06-30","BAXZ22","BAX","BAX","BAX",0,"2022-12-19",0,1,98.78,98.785,161,116,0,16736,0,-0.015,98.8,98.815,98.78,0,1370,98.795,159809,0,0,"",0
"2021-06-30","BAXH23","BAX","BAX","BAX",0,"2023-03-13",0,1,98.59,98.595,28,131,0,7480,0,-0.01,98.605,98.62,98.59,0,618,98.6,93362,0,0,"",0
"2021-06-30","BAXM23","BAX","BAX","BAX",0,"2023-06-19",0,1,98.44,98.445,86,80,0,3304,0,-0.005,98.45,98.47,98.445,0,257,98.45,52545,0,0,"",0
"2021-06-30","BAXU23","BAX","BAX","BAX",0,"2023-09-18",0,1,98.335,98.35,149,40,0,1246,0,-0.005,98.35,98.35,98.335,0,71,98.345,33157,0,0,"",0
"2021-06-30","BAXZ23","BAX","BAX","BAX",0,"2023-12-18",0,1,98.26,98.265,254,75,0,1391,0,-0.005,98.255,98.27,98.255,0,89,98.265,42862,0,0,"",0
"2021-06-30","BAXH24","BAX","BAX","BAX",0,"2024-03-18",0,1,0,0,0,0,0,557,0,-0.005,98.185,98.185,98.18,0,29,98.185,11585,0,0,"",0
"2021-06-30","BAXM24","BAX","BAX","BAX",0,"2024-06-17",0,1,0,0,0,0,0,347,0,0,98.105,98.115,98.105,0,20,98.115,1352,0,0,"",0
"2021-07-02","BAXN21","BAX","BAX","BAX",0,"2021-07-19",0,1,0,0,0,0,0,0,0,0,0,0,0,0,0,99.54,0,0,0,"",0
"2021-07-02","BAXQ21","BAX","BAX","BAX",0,"2021-08-16",0,1,0,0,0,0,0,0,0,0,0,0,0,0,0,99.535,0,0,0,"",0
"2021-07-02","BAXU21","BAX","BAX","BAX",0,"2021-09-13",0,1,99.535,99.54,6118,558,0,10324,0,0,99.545,99.55,99.535,0,380,99.54,196506,0,0,"",0
"2021-07-02","BAXZ21","BAX","BAX","BAX",0,"2021-12-13",0,1,99.485,99.49,309,1415,0,13538,0,0,99.49,99.495,99.475,0,689,99.49,192483,0,0,"",0
"2021-07-02","BAXH22","BAX","BAX","BAX",0,"2022-03-14",0,1,99.375,99.38,1056,641,0,24129,0,-0.005,99.365,99.38,99.355,0,1340,99.38,269009,0,0,"",0
"2021-07-02","BAXM22","BAX","BAX","BAX",0,"2022-06-13",0,1,99.195,99.2,296,438,0,24789,0,0.005,99.17,99.2,99.15,0,1606,99.195,156594,0,0,"",0
"2021-07-02","BAXU22","BAX","BAX","BAX",0,"2022-09-19",0,1,99,99.01,322,447,0,23157,0,-0.005,98.97,99.01,98.945,0,1116,99.01,136580,0,0,"",0
"2021-07-02","BAXZ22","BAX","BAX","BAX",0,"2022-12-19",0,1,98.81,98.815,33,92,0,27713,0,-0.01,98.785,98.82,98.76,0,1645,98.82,159690,0,0,"",0
"2021-07-02","BAXH23","BAX","BAX","BAX",0,"2023-03-13",0,1,98.61,98.62,115,106,0,13901,0,-0.01,98.59,98.63,98.57,0,896,98.625,92630,0,0,"",0
"2021-07-02","BAXM23","BAX","BAX","BAX",0,"2023-06-19",0,1,98.46,98.465,130,53,0,7853,0,-0.01,98.44,98.48,98.425,0,742,98.47,52407,0,0,"",0
"2021-07-02","BAXU23","BAX","BAX","BAX",0,"2023-09-18",0,1,0,98.365,0,86,0,1765,0,0,98.34,98.375,98.33,0,588,98.365,33742,0,0,"",0
"2021-07-02","BAXZ23","BAX","BAX","BAX",0,"2023-12-18",0,1,98.285,98.295,91,60,0,3020,0,-0.005,98.27,98.3,98.265,0,1215,98.295,43398,0,0,"",0
"2021-07-02","BAXH24","BAX","BAX","BAX",0,"2024-03-18",0,1,98.21,0,40,0,0,805,0,-0.015,98.22,98.22,98.21,0,73,98.225,11684,0,0,"",0
"2021-07-02","BAXM24","BAX","BAX","BAX",0,"2024-06-17",0,1,98.14,0,50,0,0,704,0,-0.02,98.14,98.15,98.14,0,52,98.16,1457,0,0,"",0
"2021-07-05","BAXN21","BAX","BAX","BAX",0,"2021-07-19",0,1,0,0,0,0,0,0,0,0,0,0,0,0,0,99.535,0,0,0,"",0
"2021-07-05","BAXQ21","BAX","BAX","BAX",0,"2021-08-16",0,1,0,0,0,0,0,0,0,0,0,0,0,0,0,99.53,0,0,0,"",0
"2021-07-05","BAXU21","BAX","BAX","BAX",0,"2021-09-13",0,1,99.535,99.54,3900,1938,0,2122,0,0,99.54,99.545,99.535,0,90,99.535,199996,0,0,"",0
"2021-07-05","BAXZ21","BAX","BAX","BAX",0,"2021-12-13",0,1,99.475,99.48,559,116,0,4196,0,0,99.485,99.485,99.475,0,234,99.48,198202,0,0,"",0
"2021-07-05","BAXH22","BAX","BAX","BAX",0,"2022-03-14",0,1,99.365,99.37,630,608,0,5421,0,-0.005,99.38,99.38,99.36,0,199,99.37,266838,0,0,"",0
"2021-07-05","BAXM22","BAX","BAX","BAX",0,"2022-06-13",0,1,99.18,99.185,200,247,0,4612,0,0,99.2,99.2,99.175,0,381,99.185,150719,0,0,"",0
"2021-07-05","BAXU22","BAX","BAX","BAX",0,"2022-09-19",0,1,98.985,98.99,2209,150,0,9569,0,-0.01,99.01,99.015,98.985,0,463,98.995,138425,0,0,"",0
"2021-07-05","BAXZ22","BAX","BAX","BAX",0,"2022-12-19",0,1,98.795,98.8,150,113,0,2714,0,-0.005,98.815,98.82,98.8,0,247,98.805,169710,0,0,"",0
"2021-07-05","BAXH23","BAX","BAX","BAX",0,"2023-03-13",0,1,98.595,98.61,148,311,0,1488,0,-0.005,98.62,98.62,98.605,0,259,98.61,97191,0,0,"",0
"2021-07-05","BAXM23","BAX","BAX","BAX",0,"2023-06-19",0,1,98.45,98.455,200,103,0,1693,0,0,98.465,98.465,98.45,0,339,98.455,53090,0,0,"",0
"2021-07-05","BAXU23","BAX","BAX","BAX",0,"2023-09-18",0,1,0,98.355,0,4,0,661,0,0,98.355,98.36,98.35,0,73,98.35,34187,0,0,"",0
"2021-07-05","BAXZ23","BAX","BAX","BAX",0,"2023-12-18",0,1,98.275,98.285,75,20,0,532,0,-0.005,98.29,98.29,98.28,0,64,98.285,45268,0,0,"",0
"2021-07-05","BAXH24","BAX","BAX","BAX",0,"2024-03-18",0,1,0,0,0,0,0,159,0,-0.01,98.22,98.22,98.205,0,23,98.22,11675,0,0,"",0
"2021-07-05","BAXM24","BAX","BAX","BAX",0,"2024-06-17",0,1,0,0,0,0,0,18,0,-0.015,98.15,98.15,98.14,0,6,98.155,1710,0,0,"",0
"2021-07-06","BAXN21","BAX","BAX","BAX",0,"2021-07-19",0,1,0,0,0,0,0,0,0,0,0,0,0,0,0,99.54,0,0,0,"",0
"2021-07-06","BAXQ21","BAX","BAX","BAX",0,"2021-08-16",0,1,0,0,0,0,0,0,0,0,0,0,0,0,0,99.535,0,0,0,"",0
"2021-07-06","BAXU21","BAX","BAX","BAX",0,"2021-09-13",0,1,99.54,99.545,2855,3081,0,6826,0,0.005,99.54,99.545,99.535,0,163,99.54,199868,0,0,"",0
"2021-07-06","BAXZ21","BAX","BAX","BAX",0,"2021-12-13",0,1,99.475,99.48,1352,1212,0,7743,0,0,99.475,99.485,99.47,0,329,99.48,195618,0,0,"",0
"2021-07-06","BAXH22","BAX","BAX","BAX",0,"2022-03-14",0,1,99.36,99.365,1531,66,0,18140,0,0,99.36,99.375,99.355,0,846,99.365,259887,0,0,"",0
"2021-07-06","BAXM22","BAX","BAX","BAX",0,"2022-06-13",0,1,99.18,99.19,634,173,0,18085,0,0,99.18,99.205,99.17,0,1096,99.185,145274,0,0,"",0
"2021-07-06","BAXU22","BAX","BAX","BAX",0,"2022-09-19",0,1,98.995,99,172,175,0,17680,0,0,98.98,99.015,98.97,0,956,98.995,136541,0,0,"",0
"2021-07-06","BAXZ22","BAX","BAX","BAX",0,"2022-12-19",0,1,98.805,98.81,20,271,0,14305,0,0,98.775,98.83,98.775,0,825,98.805,165656,0,0,"",0
"2021-07-06","BAXH23","BAX","BAX","BAX",0,"2023-03-13",0,1,98.61,98.615,207,78,0,12322,0,0,98.59,98.63,98.59,0,750,98.61,95737,0,0,"",0
"2021-07-06","BAXM23","BAX","BAX","BAX",0,"2023-06-19",0,1,98.465,98.47,46,255,0,9873,0,0.005,98.435,98.485,98.435,0,779,98.46,52352,0,0,"",0
"2021-07-06","BAXU23","BAX","BAX","BAX",0,"2023-09-18",0,1,98.36,98.375,50,50,0,3126,0,0.005,98.355,98.385,98.34,0,293,98.36,33519,0,0,"",0
"2021-07-06","BAXZ23","BAX","BAX","BAX",0,"2023-12-18",0,1,98.3,98.305,3,25,0,4732,0,-0.005,98.28,98.325,98.275,0,480,98.305,45377,0,0,"",0
"2021-07-06","BAXH24","BAX","BAX","BAX",0,"2024-03-18",0,1,98.23,98.245,50,20,0,843,0,-0.005,98.215,98.265,98.215,0,68,98.245,11619,0,0,"",0
"2021-07-06","BAXM24","BAX","BAX","BAX",0,"2024-06-17",0,1,0,98.21,0,50,0,450,0,0,98.195,98.195,98.175,0,46,98.185,1614,0,0,"",0
"2021-07-07","BAXN21","BAX","BAX","BAX",0,"2021-07-19",0,1,0,0,0,0,0,0,0,0,0,0,0,0,0,99.545,0,0,0,"",0
"2021-07-07","BAXQ21","BAX","BAX","BAX",0,"2021-08-16",0,1,0,0,0,0,0,0,0,0,0,0,0,0,0,99.54,0,0,0,"",0
"2021-07-07","BAXU21","BAX","BAX","BAX",0,"2021-09-13",0,1,99.545,99.55,1589,3271,0,2732,0,0.005,99.54,99.55,99.54,0,326,99.545,200310,0,0,"",0
"2021-07-07","BAXZ21","BAX","BAX","BAX",0,"2021-12-13",0,1,99.485,99.49,1099,1046,0,13117,0,0.005,99.475,99.49,99.465,0,877,99.485,195869,0,0,"",0
"2021-07-07","BAXH22","BAX","BAX","BAX",0,"2022-03-14",0,1,99.35,99.355,50,443,0,32367,0,0,99.36,99.365,99.33,0,1193,99.35,215942,0,0,"",0
"2021-07-07","BAXM22","BAX","BAX","BAX",0,"2022-06-13",0,1,99.15,99.16,373,222,0,24502,0,-0.005,99.18,99.185,99.14,0,1430,99.16,150699,0,0,"",0
"2021-07-07","BAXU22","BAX","BAX","BAX",0,"2022-09-19",0,1,98.96,98.97,858,198,0,27714,0,-0.005,98.99,98.995,98.955,0,2027,98.97,139131,0,0,"",0
"2021-07-07","BAXZ22","BAX","BAX","BAX",0,"2022-12-19",0,1,98.78,98.79,119,160,0,16323,0,-0.005,98.8,98.81,98.775,0,1091,98.79,165491,0,0,"",0
"2021-07-07","BAXH23","BAX","BAX","BAX",0,"2023-03-13",0,1,98.6,98.61,255,63,0,12097,0,-0.005,98.61,98.62,98.59,0,1265,98.61,99112,0,0,"",0
"2021-07-07","BAXM23","BAX","BAX","BAX",0,"2023-06-19",0,1,98.465,98.48,99,251,0,12471,0,0,98.465,98.485,98.445,0,1565,98.47,55892,0,0,"",0
"2021-07-07","BAXU23","BAX","BAX","BAX",0,"2023-09-18",0,1,0,0,0,0,0,3787,0,0.005,98.36,98.39,98.355,0,559,98.38,34182,0,0,"",0
"2021-07-07","BAXZ23","BAX","BAX","BAX",0,"2023-12-18",0,1,98.325,98.335,213,25,0,7205,0,0.005,98.295,98.335,98.29,0,1737,98.325,46495,0,0,"",0
"2021-07-07","BAXH24","BAX","BAX","BAX",0,"2024-03-18",0,1,0,0,0,0,0,762,0,0.005,98.25,98.28,98.245,0,140,98.27,11735,0,0,"",0
"2021-07-07","BAXM24","BAX","BAX","BAX",0,"2024-06-17",0,1,0,98.225,0,50,0,158,0,0.02,98.19,98.225,98.185,0,28,98.215,1844,0,0,"",0
"2021-07-08","BAXN21","BAX","BAX","BAX",0,"2021-07-19",0,1,0,0,0,0,0,0,0,0,0,0,0,0,0,99.545,0,0,0,"",0
"2021-07-08","BAXQ21","BAX","BAX","BAX",0,"2021-08-16",0,1,0,0,0,0,0,0,0,0,0,0,0,0,0,99.54,0,0,0,"",0
"2021-07-08","BAXU21","BAX","BAX","BAX",0,"2021-09-13",0,1,99.54,99.545,4204,31,0,7675,0,0,99.55,99.55,99.54,0,230,99.545,198313,0,0,"",0
"2021-07-08","BAXZ21","BAX","BAX","BAX",0,"2021-12-13",0,1,99.49,99.495,166,373,0,13820,0,0.005,99.485,99.505,99.485,0,491,99.49,196355,0,0,"",0
"2021-07-08","BAXH22","BAX","BAX","BAX",0,"2022-03-14",0,1,99.35,99.355,858,217,0,25448,0,0,99.35,99.38,99.35,0,1175,99.355,218497,0,0,"",0
"2021-07-08","BAXM22","BAX","BAX","BAX",0,"2022-06-13",0,1,99.14,99.15,125,351,0,22569,0,-0.005,99.15,99.195,99.145,0,1385,99.15,152276,0,0,"",0
"2021-07-08","BAXU22","BAX","BAX","BAX",0,"2022-09-19",0,1,98.955,98.96,3089,369,0,36816,0,-0.015,98.96,99.01,98.955,0,2552,98.97,146298,0,0,"",0
"2021-07-08","BAXZ22","BAX","BAX","BAX",0,"2022-12-19",0,1,98.78,98.795,211,250,0,27878,0,-0.005,98.795,98.835,98.79,0,1613,98.8,167189,0,0,"",0
"2021-07-08","BAXH23","BAX","BAX","BAX",0,"2023-03-13",0,1,98.615,98.625,149,86,0,16093,0,-0.005,98.61,98.665,98.61,0,1276,98.625,97631,0,0,"",0
"2021-07-08","BAXM23","BAX","BAX","BAX",0,"2023-06-19",0,1,98.49,98.495,143,19,0,17565,0,0,98.48,98.54,98.475,0,2491,98.495,59289,0,0,"",0
"2021-07-08","BAXU23","BAX","BAX","BAX",0,"2023-09-18",0,1,0,98.43,0,20,0,4538,0,0,98.395,98.455,98.395,0,399,98.41,34430,0,0,"",0
"2021-07-08","BAXZ23","BAX","BAX","BAX",0,"2023-12-18",0,1,98.345,98.35,97,6,0,5033,0,-0.01,98.34,98.4,98.34,0,727,98.36,45884,0,0,"",0
"2021-07-08","BAXH24","BAX","BAX","BAX",0,"2024-03-18",0,1,0,98.295,0,5,0,265,0,-0.01,98.325,98.335,98.295,0,59,98.305,11789,0,0,"",0
"2021-07-08","BAXM24","BAX","BAX","BAX",0,"2024-06-17",0,1,98.24,0,96,0,0,25,0,-0.01,98.285,98.285,98.235,0,17,98.25,1832,0,0,"",0
"2021-07-09","BAXN21","BAX","BAX","BAX",0,"2021-07-19",0,1,0,0,0,0,0,0,0,0,0,0,0,0,0,99.545,0,0,0,"",0
"2021-07-09","BAXQ21","BAX","BAX","BAX",0,"2021-08-16",0,1,0,0,0,0,0,0,0,0,0,0,0,0,0,99.54,0,0,0,"",0
"2021-07-09","BAXU21","BAX","BAX","BAX",0,"2021-09-13",0,1,99.545,99.55,1867,3378,0,10638,0,0.005,99.545,99.55,99.54,0,409,99.545,200734,0,0,"",0
"2021-07-09","BAXZ21","BAX","BAX","BAX",0,"2021-12-13",0,1,99.485,99.49,1250,307,0,12205,0,0,99.485,99.5,99.48,0,785,99.49,201345,0,0,"",0
"2021-07-09","BAXH22","BAX","BAX","BAX",0,"2022-03-14",0,1,99.355,99.36,172,137,0,33703,0,0,99.35,99.375,99.335,0,1595,99.36,222298,0,0,"",0
"2021-07-09","BAXM22","BAX","BAX","BAX",0,"2022-06-13",0,1,99.14,99.15,220,271,0,20615,0,0,99.14,99.17,99.12,0,1714,99.15,154174,0,0,"",0
"2021-07-09","BAXU22","BAX","BAX","BAX",0,"2022-09-19",0,1,98.95,98.96,165,207,0,28954,0,0,98.95,98.98,98.925,0,2506,98.96,146936,0,0,"",0
"2021-07-09","BAXZ22","BAX","BAX","BAX",0,"2022-12-19",0,1,98.78,98.785,18,197,0,20007,0,0.005,98.775,98.805,98.75,0,1588,98.78,171654,0,0,"",0
"2021-07-09","BAXH23","BAX","BAX","BAX",0,"2023-03-13",0,1,98.6,98.61,308,287,0,11746,0,0.005,98.615,98.635,98.57,0,766,98.605,101160,0,0,"",0
"2021-07-09","BAXM23","BAX","BAX","BAX",0,"2023-06-19",0,1,98.47,98.475,9,85,0,5886,0,-0.005,98.475,98.5,98.445,0,1143,98.475,61428,0,0,"",0
"2021-07-09","BAXU23","BAX","BAX","BAX",0,"2023-09-18",0,1,98.37,0,25,0,0,2541,0,0,98.38,98.415,98.365,0,214,98.39,34873,0,0,"",0
"2021-07-09","BAXZ23","BAX","BAX","BAX",0,"2023-12-18",0,1,98.335,98.34,203,63,0,5953,0,0,98.31,98.365,98.305,0,412,98.34,46574,0,0,"",0
"2021-07-09","BAXH24","BAX","BAX","BAX",0,"2024-03-18",0,1,98.275,0,15,0,0,1796,0,0.005,98.26,98.295,98.26,0,85,98.28,11787,0,0,"",0
"2021-07-09","BAXM24","BAX","BAX","BAX",0,"2024-06-17",0,1,0,0,0,0,0,200,0,0,98.22,98.22,98.22,0,44,98.22,1822,0,0,"",0
"2021-07-12","BAXN21","BAX","BAX","BAX",0,"2021-07-19",0,1,0,0,0,0,0,0,0,0,0,0,0,0,0,99.55,0,0,0,"",0
"2021-07-12","BAXQ21","BAX","BAX","BAX",0,"2021-08-16",0,1,0,0,0,0,0,0,0,0,0,0,0,0,0,99.545,0,0,0,"",0
"2021-07-12","BAXU21","BAX","BAX","BAX",0,"2021-09-13",0,1,99.55,99.555,2492,5745,0,13300,0,0,99.55,99.555,99.545,0,379,99.55,203570,0,0,"",0
"2021-07-12","BAXZ21","BAX","BAX","BAX",0,"2021-12-13",0,1,99.5,99.505,57,319,0,5278,0,0,99.49,99.505,99.485,0,232,99.5,204138,0,0,"",0
"2021-07-12","BAXH22","BAX","BAX","BAX",0,"2022-03-14",0,1,99.37,99.375,224,12,0,14711,0,0,99.355,99.38,99.355,0,822,99.375,228389,0,0,"",0
"2021-07-12","BAXM22","BAX","BAX","BAX",0,"2022-06-13",0,1,99.155,99.165,233,300,0,11863,0,-0.005,99.15,99.17,99.145,0,515,99.165,154297,0,0,"",0
"2021-07-12","BAXU22","BAX","BAX","BAX",0,"2022-09-19",0,1,98.96,98.97,119,76,0,11824,0,-0.01,98.955,98.975,98.95,0,807,98.975,145984,0,0,"",0
"2021-07-12","BAXZ22","BAX","BAX","BAX",0,"2022-12-19",0,1,98.785,98.795,65,320,0,5277,0,-0.01,98.78,98.8,98.78,0,962,98.8,176006,0,0,"",0
"2021-07-12","BAXH23","BAX","BAX","BAX",0,"2023-03-13",0,1,98.61,98.62,54,117,0,8255,0,-0.005,98.61,98.625,98.6,0,701,98.62,100514,0,0,"",0
"2021-07-12","BAXM23","BAX","BAX","BAX",0,"2023-06-19",0,1,98.475,98.485,43,69,0,2550,0,-0.01,98.475,98.49,98.47,0,328,98.485,57943,0,0,"",0
"2021-07-12","BAXU23","BAX","BAX","BAX",0,"2023-09-18",0,1,0,0,0,0,0,660,0,-0.015,98.4,98.405,98.385,0,118,98.4,35041,0,0,"",0
"2021-07-12","BAXZ23","BAX","BAX","BAX",0,"2023-12-18",0,1,98.335,98.34,50,25,0,4753,0,-0.015,98.34,98.35,98.33,0,493,98.35,47215,0,0,"",0
"2021-07-12","BAXH24","BAX","BAX","BAX",0,"2024-03-18",0,1,98.27,0,25,0,0,543,0,-0.02,98.29,98.29,98.27,0,68,98.3,12108,0,0,"",0
"2021-07-12","BAXM24","BAX","BAX","BAX",0,"2024-06-17",0,1,0,0,0,0,0,258,0,0.01,98.235,98.235,98.23,0,53,98.245,2017,0,0,"",0
"2021-07-13","BAXN21","BAX","BAX","BAX",0,"2021-07-19",0,1,0,0,0,0,0,0,0,0,0,0,0,0,0,99.55,0,0,0,"",0
"2021-07-13","BAXQ21","BAX","BAX","BAX",0,"2021-08-16",0,1,0,0,0,0,0,0,0,0,0,0,0,0,0,99.545,0,0,0,"",0
"2021-07-13","BAXU21","BAX","BAX","BAX",0,"2021-09-13",0,1,99.55,99.555,3353,2456,0,5368,0,0,99.555,99.555,99.55,0,253,99.55,209619,0,0,"",0
"2021-07-13","BAXZ21","BAX","BAX","BAX",0,"2021-12-13",0,1,99.505,99.51,666,1937,0,10413,0,0.005,99.505,99.51,99.5,0,392,99.505,203673,0,0,"",0
"2021-07-13","BAXH22","BAX","BAX","BAX",0,"2022-03-14",0,1,99.37,99.375,562,1124,0,20733,0,-0.005,99.38,99.385,99.365,0,1146,99.375,226000,0,0,"",0
"2021-07-13","BAXM22","BAX","BAX","BAX",0,"2022-06-13",0,1,99.15,99.155,100,322,0,27597,0,-0.01,99.165,99.175,99.15,0,1877,99.16,158111,0,0,"",0
"2021-07-13","BAXU22","BAX","BAX","BAX",0,"2022-09-19",0,1,98.95,98.955,33,70,0,15572,0,-0.005,98.975,98.98,98.945,0,1338,98.955,143212,0,0,"",0
"2021-07-13","BAXZ22","BAX","BAX","BAX",0,"2022-12-19",0,1,98.77,98.78,113,82,0,16009,0,0,98.8,98.81,98.77,0,1385,98.78,172385,0,0,"",0
"2021-07-13","BAXH23","BAX","BAX","BAX",0,"2023-03-13",0,1,98.59,98.6,134,191,0,10960,0,-0.01,98.615,98.635,98.585,0,900,98.6,98761,0,0,"",0
"2021-07-13","BAXM23","BAX","BAX","BAX",0,"2023-06-19",0,1,98.445,98.46,74,108,0,7540,0,-0.005,98.47,98.495,98.45,0,865,98.46,57029,0,0,"",0
"2021-07-13","BAXU23","BAX","BAX","BAX",0,"2023-09-18",0,1,0,98.37,0,1,0,2001,0,-0.01,98.405,98.405,98.36,0,310,98.375,34738,0,0,"",0
"2021-07-13","BAXZ23","BAX","BAX","BAX",0,"2023-12-18",0,1,98.295,98.325,97,10,0,4290,0,-0.02,98.345,98.345,98.295,0,465,98.315,47019,0,0,"",0
"2021-07-13","BAXH24","BAX","BAX","BAX",0,"2024-03-18",0,1,98.24,98.26,21,10,0,827,0,-0.02,98.28,98.285,98.24,0,88,98.26,11743,0,0,"",0
"2021-07-13","BAXM24","BAX","BAX","BAX",0,"2024-06-17",0,1,0,0,0,0,0,91,0,-0.025,98.22,98.22,98.18,0,28,98.205,2165,0,0,"",0
"2021-07-14","BAXN21","BAX","BAX","BAX",0,"2021-07-19",0,1,0,0,0,0,0,0,0,0,0,0,0,0,0,99.55,0,0,0,"",0
"2021-07-14","BAXQ21","BAX","BAX","BAX",0,"2021-08-16",0,1,0,0,0,0,0,0,0,0,0,0,0,0,0,99.545,0,0,0,"",0
"2021-07-14","BAXU21","BAX","BAX","BAX",0,"2021-09-13",0,1,99.55,99.555,90,3582,0,21501,0,0.005,99.55,99.555,99.54,0,479,99.55,206263,0,0,"",0
"2021-07-14","BAXZ21","BAX","BAX","BAX",0,"2021-12-13",0,1,99.515,99.52,1418,556,0,25035,0,0,99.51,99.525,99.49,0,968,99.52,206094,0,0,"",0
"2021-07-14","BAXH22","BAX","BAX","BAX",0,"2022-03-14",0,1,99.41,99.415,118,1116,0,41327,0,0.005,99.37,99.415,99.35,0,1646,99.41,223551,0,0,"",0
"2021-07-14","BAXM22","BAX","BAX","BAX",0,"2022-06-13",0,1,99.2,99.205,134,149,0,30015,0,0.005,99.155,99.205,99.125,0,2048,99.2,153321,0,0,"",0
"2021-07-14","BAXU22","BAX","BAX","BAX",0,"2022-09-19",0,1,99.005,99.01,200,741,0,20017,0,0.01,98.955,99.01,98.92,0,1343,99,142936,0,0,"",0
"2021-07-14","BAXZ22","BAX","BAX","BAX",0,"2022-12-19",0,1,98.83,98.835,8,497,0,23637,0,0.01,98.775,98.835,98.74,0,1428,98.825,179019,0,0,"",0
"2021-07-14","BAXH23","BAX","BAX","BAX",0,"2023-03-13",0,1,98.65,98.655,35,60,0,21035,0,0.01,98.595,98.655,98.56,0,1346,98.645,97164,0,0,"",0
"2021-07-14","BAXM23","BAX","BAX","BAX",0,"2023-06-19",0,1,98.51,98.515,617,35,0,13480,0,0.01,98.46,98.52,98.425,0,1278,98.505,58680,0,0,"",0
"2021-07-14","BAXU23","BAX","BAX","BAX",0,"2023-09-18",0,1,98.415,98.42,45,50,0,4271,0,0.01,98.37,98.42,98.335,0,476,98.41,35099,0,0,"",0
"2021-07-14","BAXZ23","BAX","BAX","BAX",0,"2023-12-18",0,1,98.345,98.35,21,4,0,8700,0,0.005,98.29,98.35,98.27,0,677,98.345,46286,0,0,"",0
"2021-07-14","BAXH24","BAX","BAX","BAX",0,"2024-03-18",0,1,0,98.29,0,50,0,675,0,0.005,98.225,98.29,98.205,0,46,98.285,11786,0,0,"",0
"2021-07-14","BAXM24","BAX","BAX","BAX",0,"2024-06-17",0,1,0,0,0,0,0,269,0,0,0,0,0,0,6,98.225,2106,0,0,"",0
"2021-07-15","BAXN21","BAX","BAX","BAX",0,"2021-07-19",0,1,0,0,0,0,0,0,0,0,0,0,0,0,0,99.55,0,0,0,"",0
"2021-07-15","BAXQ21","BAX","BAX","BAX",0,"2021-08-16",0,1,0,0,0,0,0,0,0,0,0,0,0,0,0,99.545,0,0,0,"",0
"2021-07-15","BAXU21","BAX","BAX","BAX",0,"2021-09-13",0,1,99.545,99.55,2583,5933,0,10617,0,0,99.55,99.555,99.54,0,307,99.55,218505,0,0,"",0
"2021-07-15","BAXZ21","BAX","BAX","BAX",0,"2021-12-13",0,1,99.51,99.515,1992,517,0,10365,0,-0.01,99.52,99.52,99.505,0,525,99.52,217698,0,0,"",0
"2021-07-15","BAXH22","BAX","BAX","BAX",0,"2022-03-14",0,1,99.41,99.415,382,789,0,28937,0,-0.005,99.415,99.42,99.405,0,1042,99.42,242611,0,0,"",0
"2021-07-15","BAXM22","BAX","BAX","BAX",0,"2022-06-13",0,1,99.205,99.21,131,259,0,16929,0,-0.015,99.21,99.22,99.19,0,844,99.22,158645,0,0,"",0
"2021-07-15","BAXU22","BAX","BAX","BAX",0,"2022-09-19",0,1,99.015,99.02,86,37,0,15341,0,-0.01,99.01,99.03,98.985,0,1179,99.025,145858,0,0,"",0
"2021-07-15","BAXZ22","BAX","BAX","BAX",0,"2022-12-19",0,1,98.84,98.845,89,142,0,19690,0,-0.01,98.835,98.855,98.8,0,2108,98.855,175903,0,0,"",0
"2021-07-15","BAXH23","BAX","BAX","BAX",0,"2023-03-13",0,1,98.66,98.675,71,102,0,6122,0,-0.01,98.655,98.675,98.625,0,619,98.68,98156,0,0,"",0
"2021-07-15","BAXM23","BAX","BAX","BAX",0,"2023-06-19",0,1,98.525,98.54,66,536,0,5397,0,-0.01,98.515,98.545,98.485,0,890,98.54,61999,0,0,"",0
"2021-07-15","BAXU23","BAX","BAX","BAX",0,"2023-09-18",0,1,98.41,0,15,0,0,2865,0,0,98.42,98.45,98.4,0,304,98.45,36592,0,0,"",0
"2021-07-15","BAXZ23","BAX","BAX","BAX",0,"2023-12-18",0,1,98.37,98.385,40,45,0,5756,0,-0.01,98.35,98.39,98.33,0,782,98.385,47887,0,0,"",0
"2021-07-15","BAXH24","BAX","BAX","BAX",0,"2024-03-18",0,1,98.295,0,6,0,0,735,0,-0.015,98.285,98.32,98.28,0,107,98.325,11704,0,0,"",0
"2021-07-15","BAXM24","BAX","BAX","BAX",0,"2024-06-17",0,1,0,98.26,0,25,0,47,0,-0.015,98.225,98.265,98.225,0,24,98.265,2112,0,0,"",0
"2021-07-16","BAXN21","BAX","BAX","BAX",0,"2021-07-19",0,1,0,0,0,0,0,0,0,0,0,0,0,0,0,99.55,0,0,0,"",0
"2021-07-16","BAXQ21","BAX","BAX","BAX",0,"2021-08-16",0,1,0,0,0,0,0,0,0,0,0,0,0,0,0,99.545,0,0,0,"",0
"2021-07-16","BAXU21","BAX","BAX","BAX",0,"2021-09-13",0,1,99.545,99.55,4033,6082,0,7029,0,0,99.545,99.55,99.54,0,225,99.55,207413,0,0,"",0
"2021-07-16","BAXZ21","BAX","BAX","BAX",0,"2021-12-13",0,1,99.515,99.52,1029,2894,0,7577,0,0,99.515,99.52,99.51,0,372,99.52,214275,0,0,"",0
"2021-07-16","BAXH22","BAX","BAX","BAX",0,"2022-03-14",0,1,99.42,99.425,164,574,0,8220,0,0.005,99.415,99.425,99.41,0,561,99.42,240864,0,0,"",0
"2021-07-16","BAXM22","BAX","BAX","BAX",0,"2022-06-13",0,1,99.215,99.22,218,250,0,6169,0,0,99.205,99.22,99.195,0,449,99.22,147277,0,0,"",0
"2021-07-16","BAXU22","BAX","BAX","BAX",0,"2022-09-19",0,1,99.025,99.03,47,287,0,9087,0,0,99.015,99.03,99,0,617,99.025,147661,0,0,"",0
"2021-07-16","BAXZ22","BAX","BAX","BAX",0,"2022-12-19",0,1,98.85,98.855,53,5,0,7496,0,0.005,98.835,98.855,98.825,0,538,98.85,185384,0,0,"",0
"2021-07-16","BAXH23","BAX","BAX","BAX",0,"2023-03-13",0,1,98.67,98.675,53,37,0,5983,0,0,98.66,98.675,98.645,0,515,98.675,95245,0,0,"",0
"2021-07-16","BAXM23","BAX","BAX","BAX",0,"2023-06-19",0,1,98.53,98.54,33,65,0,5557,0,0,98.525,98.535,98.505,0,454,98.535,58771,0,0,"",0
"2021-07-16","BAXU23","BAX","BAX","BAX",0,"2023-09-18",0,1,98.44,0,376,0,0,1613,0,0,98.43,98.445,98.415,0,142,98.44,37054,0,0,"",0
"2021-07-16","BAXZ23","BAX","BAX","BAX",0,"2023-12-18",0,1,98.38,98.385,645,49,0,950,0,0.005,98.365,98.385,98.355,0,346,98.38,48569,0,0,"",0
"2021-07-16","BAXH24","BAX","BAX","BAX",0,"2024-03-18",0,1,98.32,0,12,0,0,44,0,0.005,98.295,98.325,98.295,0,18,98.32,11665,0,0,"",0
"2021-07-16","BAXM24","BAX","BAX","BAX",0,"2024-06-17",0,1,98.24,0,1,0,0,1,0,-0.03,98.235,98.235,98.235,0,1,98.26,2109,0,0,"",0
"2021-07-19","BAXN21","BAX","BAX","BAX",0,"2021-07-19",0,1,0,0,0,0,0,0,0,0,0,0,0,0,0,99.56,0,0,0,"",0
"2021-07-19","BAXQ21","BAX","BAX","BAX",0,"2021-08-16",0,1,0,0,0,0,0,0,0,0,0,0,0,0,0,99.54,0,0,0,"",0
"2021-07-19","BAXU21","BAX","BAX","BAX",0,"2021-09-13",0,1,99.545,99.55,5905,4374,0,19148,0,0.005,99.55,99.555,99.545,0,338,99.545,205526,0,0,"",0
"2021-07-19","BAXZ21","BAX","BAX","BAX",0,"2021-12-13",0,1,99.51,99.515,1179,436,0,20227,0,0,99.52,99.525,99.51,0,812,99.515,215207,0,0,"",0
"2021-07-19","BAXH22","BAX","BAX","BAX",0,"2022-03-14",0,1,99.435,99.44,230,529,0,23757,0,0.005,99.425,99.445,99.425,0,728,99.435,229973,0,0,"",0
"2021-07-19","BAXM22","BAX","BAX","BAX",0,"2022-06-13",0,1,99.25,99.255,233,88,0,29964,0,0.005,99.225,99.26,99.22,0,1016,99.255,144464,0,0,"",0
"2021-07-19","BAXU22","BAX","BAX","BAX",0,"2022-09-19",0,1,99.075,99.08,92,222,0,20219,0,0,99.03,99.085,99.03,0,996,99.075,137575,0,0,"",0
"2021-07-19","BAXZ22","BAX","BAX","BAX",0,"2022-12-19",0,1,98.91,98.915,123,1,0,35631,0,0.005,98.855,98.925,98.855,0,1443,98.91,177847,0,0,"",0
"2021-07-19","BAXH23","BAX","BAX","BAX",0,"2023-03-13",0,1,98.745,98.75,68,37,0,11459,0,0,98.68,98.76,98.68,0,982,98.745,95225,0,0,"",0
"2021-07-19","BAXM23","BAX","BAX","BAX",0,"2023-06-19",0,1,98.605,98.615,142,92,0,7015,0,-0.01,98.545,98.635,98.54,0,869,98.62,59343,0,0,"",0
"2021-07-19","BAXU23","BAX","BAX","BAX",0,"2023-09-18",0,1,98.415,98.53,100,13,0,2007,0,-0.02,98.455,98.55,98.455,0,345,98.535,36159,0,0,"",0
"2021-07-19","BAXZ23","BAX","BAX","BAX",0,"2023-12-18",0,1,98.4,98.48,20,20,0,2263,0,-0.015,98.395,98.49,98.395,0,324,98.475,48242,0,0,"",0
"2021-07-19","BAXH24","BAX","BAX","BAX",0,"2024-03-18",0,1,98.295,0,150,0,0,335,0,0.01,98.345,98.43,98.345,0,70,98.415,11697,0,0,"",0
"2021-07-19","BAXM24","BAX","BAX","BAX",0,"2024-06-17",0,1,98.34,0,100,0,0,130,0,0.095,98.34,98.37,98.34,0,36,98.36,2109,0,0,"",0
"2021-07-20","BAXQ21","BAX","BAX","BAX",0,"2021-08-16",0,1,0,0,0,0,0,0,0,0,0,0,0,0,0,99.54,0,0,0,"",0
"2021-07-20","BAXU21","BAX","BAX","BAX",0,"2021-09-13",0,1,99.54,99.545,7100,4471,0,15511,0,0,99.545,99.545,99.54,0,262,99.545,210125,0,0,"",0
"2021-07-20","BAXV21","BAX","BAX","BAX",0,"2021-10-18",0,1,0,0,0,0,0,0,0,0,0,0,0,0,0,99.54,0,0,0,"",0
"2021-07-20","BAXZ21","BAX","BAX","BAX",0,"2021-12-13",0,1,99.505,99.51,1027,529,0,12595,0,0,99.515,99.515,99.505,0,619,99.51,219754,0,0,"",0
"2021-07-20","BAXH22","BAX","BAX","BAX",0,"2022-03-14",0,1,99.435,99.44,133,2103,0,17678,0,0.005,99.435,99.445,99.425,0,983,99.435,237920,0,0,"",0
"2021-07-20","BAXM22","BAX","BAX","BAX",0,"2022-06-13",0,1,99.255,99.26,372,957,0,25597,0,0,99.25,99.265,99.24,0,1158,99.26,153553,0,0,"",0
"2021-07-20","BAXU22","BAX","BAX","BAX",0,"2022-09-19",0,1,99.09,99.095,34,223,0,20928,0,0,99.08,99.1,99.065,0,1184,99.09,140202,0,0,"",0
"2021-07-20","BAXZ22","BAX","BAX","BAX",0,"2022-12-19",0,1,98.925,98.935,211,159,0,19643,0,0,98.915,98.94,98.905,0,2417,98.93,177011,0,0,"",0
"2021-07-20","BAXH23","BAX","BAX","BAX",0,"2023-03-13",0,1,98.765,98.77,35,166,0,11297,0,0,98.755,98.78,98.735,0,1082,98.765,93493,0,0,"",0
"2021-07-20","BAXM23","BAX","BAX","BAX",0,"2023-06-19",0,1,98.63,98.645,127,175,0,8847,0,-0.005,98.615,98.65,98.605,0,1064,98.64,56726,0,0,"",0
"2021-07-20","BAXU23","BAX","BAX","BAX",0,"2023-09-18",0,1,98.415,98.555,100,85,0,3982,0,-0.01,98.535,98.56,98.52,0,586,98.555,36139,0,0,"",0
"2021-07-20","BAXZ23","BAX","BAX","BAX",0,"2023-12-18",0,1,98.485,98.49,42,45,0,3686,0,-0.01,98.5,98.5,98.46,0,518,98.495,47392,0,0,"",0
"2021-07-20","BAXH24","BAX","BAX","BAX",0,"2024-03-18",0,1,98.405,0,8,0,0,158,0,-0.005,98.44,98.44,98.4,0,68,98.435,11695,0,0,"",0
"2021-07-20","BAXM24","BAX","BAX","BAX",0,"2024-06-17",0,1,98.24,98.38,1,20,0,3,0,0.01,98.345,98.37,98.345,0,2,98.38,2135,0,0,"",0
"2021-07-21","BAXQ21","BAX","BAX","BAX",0,"2021-08-16",0,1,0,0,0,0,0,0,0,0,0,0,0,0,0,99.545,0,0,0,"",0
"2021-07-21","BAXU21","BAX","BAX","BAX",0,"2021-09-13",0,1,99.545,99.55,497,5850,0,9563,0,-0.005,99.545,99.55,99.54,0,332,99.55,212232,0,0,"",0
"2021-07-21","BAXV21","BAX","BAX","BAX",0,"2021-10-18",0,1,0,0,0,0,0,0,0,0,0,0,0,0,0,99.545,0,0,0,"",0
"2021-07-21","BAXZ21","BAX","BAX","BAX",0,"2021-12-13",0,1,99.505,99.51,322,2207,0,10100,0,0,99.505,99.51,99.5,0,488,99.505,218953,0,0,"",0
"2021-07-21","BAXH22","BAX","BAX","BAX",0,"2022-03-14",0,1,99.425,99.43,720,795,0,13541,0,0,99.435,99.44,99.425,0,832,99.43,231733,0,0,"",0
"2021-07-21","BAXM22","BAX","BAX","BAX",0,"2022-06-13",0,1,99.25,99.255,254,48,0,15488,0,0,99.265,99.265,99.24,0,928,99.255,153611,0,0,"",0
"2021-07-21","BAXU22","BAX","BAX","BAX",0,"2022-09-19",0,1,99.085,99.09,70,374,0,15755,0,-0.005,99.09,99.09,99.06,0,1155,99.09,136392,0,0,"",0
"2021-07-21","BAXZ22","BAX","BAX","BAX",0,"2022-12-19",0,1,98.92,98.925,110,43,0,15993,0,-0.005,98.925,98.93,98.895,0,1088,98.925,167722,0,0,"",0
"2021-07-21","BAXH23","BAX","BAX","BAX",0,"2023-03-13",0,1,98.75,98.755,25,1598,0,18025,0,0,98.78,98.785,98.725,0,1231,98.75,95914,0,0,"",0
"2021-07-21","BAXM23","BAX","BAX","BAX",0,"2023-06-19",0,1,98.605,98.615,93,392,0,10503,0,-0.005,98.65,98.655,98.59,0,1461,98.615,56580,0,0,"",0
"2021-07-21","BAXU23","BAX","BAX","BAX",0,"2023-09-18",0,1,98.505,98.52,30,38,0,1679,0,-0.015,98.515,98.545,98.51,0,187,98.53,35378,0,0,"",0
"2021-07-21","BAXZ23","BAX","BAX","BAX",0,"2023-12-18",0,1,98.445,98.45,30,33,0,6287,0,-0.02,98.495,98.505,98.445,0,533,98.465,46488,0,0,"",0
"2021-07-21","BAXH24","BAX","BAX","BAX",0,"2024-03-18",0,1,98.375,98.39,50,33,0,745,0,-0.03,98.4,98.41,98.375,0,98,98.405,11715,0,0,"",0
"2021-07-21","BAXM24","BAX","BAX","BAX",0,"2024-06-17",0,1,98.24,0,1,0,0,79,0,0,0,0,0,0,14,98.35,2125,0,0,"",0
"2021-07-22","BAXQ21","BAX","BAX","BAX",0,"2021-08-16",0,1,0,0,0,0,0,0,0,0,0,0,0,0,0,99.545,0,0,0,"",0
"2021-07-22","BAXU21","BAX","BAX","BAX",0,"2021-09-13",0,1,99.55,99.555,2183,4725,0,8654,0,0.005,99.545,99.555,99.545,0,345,99.55,200946,0,0,"",0
"2021-07-22","BAXV21","BAX","BAX","BAX",0,"2021-10-18",0,1,0,0,0,0,0,0,0,0,0,0,0,0,0,99.545,0,0,0,"",0
"2021-07-22","BAXZ21","BAX","BAX","BAX",0,"2021-12-13",0,1,99.505,99.51,1590,1254,0,7017,0,0,99.505,99.515,99.505,0,494,99.505,219799,0,0,"",0
"2021-07-22","BAXH22","BAX","BAX","BAX",0,"2022-03-14",0,1,99.43,99.435,610,955,0,12235,0,0.005,99.43,99.435,99.425,0,827,99.43,226678,0,0,"",0
"2021-07-22","BAXM22","BAX","BAX","BAX",0,"2022-06-13",0,1,99.255,99.26,357,67,0,9828,0,0,99.255,99.265,99.245,0,804,99.26,142473,0,0,"",0
"2021-07-22","BAXU22","BAX","BAX","BAX",0,"2022-09-19",0,1,99.095,99.1,63,183,0,8391,0,0,99.09,99.105,99.075,0,893,99.1,134677,0,0,"",0
"2021-07-22","BAXZ22","BAX","BAX","BAX",0,"2022-12-19",0,1,98.935,98.94,27,62,0,9910,0,-0.005,98.925,98.945,98.915,0,818,98.94,164415,0,0,"",0
"2021-07-22","BAXH23","BAX","BAX","BAX",0,"2023-03-13",0,1,98.77,98.775,169,22,0,4169,0,0,98.765,98.78,98.74,0,499,98.775,99015,0,0,"",0
"2021-07-22","BAXM23","BAX","BAX","BAX",0,"2023-06-19",0,1,98.64,98.645,42,12,0,6693,0,0,98.635,98.65,98.6,0,936,98.645,56506,0,0,"",0
"2021-07-22","BAXU23","BAX","BAX","BAX",0,"2023-09-18",0,1,98.55,98.56,5,87,0,1416,0,0,98.505,98.56,98.505,0,145,98.56,35456,0,0,"",0
"2021-07-22","BAXZ23","BAX","BAX","BAX",0,"2023-12-18",0,1,98.485,98.5,5,25,0,2145,0,-0.005,98.47,98.5,98.435,0,319,98.495,45678,0,0,"",0
"2021-07-22","BAXH24","BAX","BAX","BAX",0,"2024-03-18",0,1,98.395,0,75,0,0,425,0,0,98.405,98.435,98.395,0,59,98.435,11771,0,0,"",0
"2021-07-22","BAXM24","BAX","BAX","BAX",0,"2024-06-17",0,1,98.3,0,100,0,0,218,0,0.005,98.335,98.385,98.33,0,16,98.38,2070,0,0,"",0
"2021-07-23","BAXQ21","BAX","BAX","BAX",0,"2021-08-16",0,1,0,0,0,0,0,0,0,0,0,0,0,0,0,99.545,0,0,0,"",0
"2021-07-23","BAXU21","BAX","BAX","BAX",0,"2021-09-13",0,1,99.545,99.55,2994,6583,0,9057,0,0,99.55,99.55,99.545,0,463,99.55,199621,0,0,"",0
"2021-07-23","BAXV21","BAX","BAX","BAX",0,"2021-10-18",0,1,0,0,0,0,0,0,0,0,0,0,0,0,0,99.545,0,0,0,"",0
"2021-07-23","BAXZ21","BAX","BAX","BAX",0,"2021-12-13",0,1,99.505,99.51,1027,460,0,5749,0,-0.005,99.505,99.51,99.505,0,397,99.51,219394,0,0,"",0
"2021-07-23","BAXH22","BAX","BAX","BAX",0,"2022-03-14",0,1,99.43,99.435,1082,904,0,17484,0,0,99.435,99.44,99.425,0,1004,99.435,225850,0,0,"",0
"2021-07-23","BAXM22","BAX","BAX","BAX",0,"2022-06-13",0,1,99.26,99.265,45,350,0,6677,0,-0.005,99.265,99.27,99.25,0,538,99.265,137754,0,0,"",0
"2021-07-23","BAXU22","BAX","BAX","BAX",0,"2022-09-19",0,1,99.095,99.105,331,178,0,9641,0,0,99.095,99.11,99.09,0,867,99.1,131003,0,0,"",0
"2021-07-23","BAXZ22","BAX","BAX","BAX",0,"2022-12-19",0,1,98.94,98.945,79,73,0,19039,0,0,98.935,98.95,98.925,0,2506,98.94,161477,0,0,"",0
"2021-07-23","BAXH23","BAX","BAX","BAX",0,"2023-03-13",0,1,98.78,98.785,86,14,0,9379,0,0,98.77,98.79,98.765,0,943,98.78,95331,0,0,"",0
"2021-07-23","BAXM23","BAX","BAX","BAX",0,"2023-06-19",0,1,98.65,98.655,201,231,0,6945,0,0.005,98.64,98.66,98.635,0,940,98.65,54640,0,0,"",0
"2021-07-23","BAXU23","BAX","BAX","BAX",0,"2023-09-18",0,1,98.565,98.575,43,4,0,4379,0,0.005,98.545,98.57,98.545,0,209,98.565,35774,0,0,"",0
"2021-07-23","BAXZ23","BAX","BAX","BAX",0,"2023-12-18",0,1,98.505,98.51,5,342,0,8670,0,0,98.485,98.51,98.48,0,378,98.51,45568,0,0,"",0
"2021-07-23","BAXH24","BAX","BAX","BAX",0,"2024-03-18",0,1,0,0,0,0,0,334,0,0.01,98.425,98.445,98.425,0,28,98.455,11755,0,0,"",0
"2021-07-23","BAXM24","BAX","BAX","BAX",0,"2024-06-17",0,1,98.24,0,1,0,0,1,0,0,0,0,0,0,1,98.395,2072,0,0,"",0
"2021-07-26","BAXQ21","BAX","BAX","BAX",0,"2021-08-16",0,1,0,0,0,0,0,0,0,0,0,0,0,0,0,99.545,0,0,0,"",0
"2021-07-26","BAXU21","BAX","BAX","BAX",0,"2021-09-13",0,1,99.545,99.55,1832,7778,0,17786,0,-0.005,99.545,99.55,99.545,0,923,99.55,188519,0,0,"",0
"2021-07-26","BAXV21","BAX","BAX","BAX",0,"2021-10-18",0,1,0,0,0,0,0,0,0,0,0,0,0,0,0,99.545,0,0,0,"",0
"2021-07-26","BAXZ21","BAX","BAX","BAX",0,"2021-12-13",0,1,99.505,99.51,1479,995,0,6844,0,-0.005,99.51,99.515,99.5,0,402,99.51,219461,0,0,"",0
"2021-07-26","BAXH22","BAX","BAX","BAX",0,"2022-03-14",0,1,99.435,99.44,915,1456,0,17779,0,-0.005,99.435,99.445,99.425,0,1244,99.44,227550,0,0,"",0
"2021-07-26","BAXM22","BAX","BAX","BAX",0,"2022-06-13",0,1,99.255,99.26,239,11,0,5631,0,-0.005,99.265,99.27,99.255,0,359,99.265,135977,0,0,"",0
"2021-07-26","BAXU22","BAX","BAX","BAX",0,"2022-09-19",0,1,99.09,99.095,366,10,0,8085,0,-0.005,99.105,99.11,99.09,0,436,99.1,131404,0,0,"",0
"2021-07-26","BAXZ22","BAX","BAX","BAX",0,"2022-12-19",0,1,98.93,98.94,92,117,0,10636,0,-0.005,98.945,98.955,98.935,0,650,98.94,160456,0,0,"",0
"2021-07-26","BAXH23","BAX","BAX","BAX",0,"2023-03-13",0,1,98.775,98.78,510,238,0,7486,0,-0.005,98.795,98.8,98.775,0,545,98.78,96473,0,0,"",0
"2021-07-26","BAXM23","BAX","BAX","BAX",0,"2023-06-19",0,1,98.645,98.65,32,41,0,4968,0,0,98.67,98.68,98.65,0,676,98.65,53979,0,0,"",0
"2021-07-26","BAXU23","BAX","BAX","BAX",0,"2023-09-18",0,1,0,98.575,0,50,0,779,0,0,98.585,98.59,98.565,0,103,98.565,37666,0,0,"",0
"2021-07-26","BAXZ23","BAX","BAX","BAX",0,"2023-12-18",0,1,98.455,98.505,10,11,0,2668,0,-0.005,98.54,98.54,98.5,0,261,98.51,50681,0,0,"",0
"2021-07-26","BAXH24","BAX","BAX","BAX",0,"2024-03-18",0,1,98.445,0,8,0,0,22,0,0,98.48,98.48,98.45,0,17,98.455,11525,0,0,"",0
"2021-07-26","BAXM24","BAX","BAX","BAX",0,"2024-06-17",0,1,98.24,98.4,1,100,0,8,0,-0.005,98.42,98.42,98.395,0,3,98.4,2071,0,0,"",0
"2021-07-27","BAXQ21","BAX","BAX","BAX",0,"2021-08-16",0,1,0,0,0,0,0,0,0,0,0,0,0,0,0,99.54,0,0,0,"",0
"2021-07-27","BAXU21","BAX","BAX","BAX",0,"2021-09-13",0,1,99.545,99.55,764,8936,0,23509,0,0.005,99.545,99.55,99.54,0,462,99.545,191146,0,0,"",0
"2021-07-27","BAXV21","BAX","BAX","BAX",0,"2021-10-18",0,1,0,0,0,0,0,0,0,0,0,0,0,0,0,99.54,0,0,0,"",0
"2021-07-27","BAXZ21","BAX","BAX","BAX",0,"2021-12-13",0,1,99.505,99.51,660,753,0,9956,0,0,99.51,99.515,99.505,0,394,99.51,215653,0,0,"",0
"2021-07-27","BAXH22","BAX","BAX","BAX",0,"2022-03-14",0,1,99.435,99.44,586,525,0,28596,0,0,99.435,99.45,99.435,0,767,99.44,228715,0,0,"",0
"2021-07-27","BAXM22","BAX","BAX","BAX",0,"2022-06-13",0,1,99.265,99.27,300,483,0,10328,0,-0.005,99.26,99.275,99.26,0,566,99.27,132239,0,0,"",0
"2021-07-27","BAXU22","BAX","BAX","BAX",0,"2022-09-19",0,1,99.1,99.11,284,336,0,9814,0,0,99.1,99.11,99.095,0,612,99.105,131100,0,0,"",0
"2021-07-27","BAXZ22","BAX","BAX","BAX",0,"2022-12-19",0,1,98.945,98.95,292,58,0,14411,0,0.005,98.945,98.95,98.935,0,1029,98.945,158890,0,0,"",0
"2021-07-27","BAXH23","BAX","BAX","BAX",0,"2023-03-13",0,1,98.8,98.805,21,55,0,13299,0,0.005,98.775,98.8,98.775,0,759,98.795,94058,0,0,"",0
"2021-07-27","BAXM23","BAX","BAX","BAX",0,"2023-06-19",0,1,98.675,98.68,98,69,0,3982,0,0.005,98.65,98.68,98.65,0,419,98.675,52719,0,0,"",0
"2021-07-27","BAXU23","BAX","BAX","BAX",0,"2023-09-18",0,1,98.595,98.6,30,2,0,1254,0,0,98.57,98.6,98.57,0,140,98.595,36658,0,0,"",0
"2021-07-27","BAXZ23","BAX","BAX","BAX",0,"2023-12-18",0,1,98.535,98.55,85,5,0,3616,0,-0.015,98.525,98.555,98.515,0,291,98.55,49995,0,0,"",0
"2021-07-27","BAXH24","BAX","BAX","BAX",0,"2024-03-18",0,1,98.48,98.5,5,5,0,465,0,-0.02,98.495,98.495,98.48,0,26,98.5,11288,0,0,"",0
"2021-07-27","BAXM24","BAX","BAX","BAX",0,"2024-06-17",0,1,98.24,0,1,0,0,199,0,0,0,0,0,0,3,98.45,1986,0,0,"",0
"2021-07-28","BAXQ21","BAX","BAX","BAX",0,"2021-08-16",0,1,0,0,0,0,0,0,0,0,0,0,0,0,0,99.54,0,0,0,"",0
"2021-07-28","BAXU21","BAX","BAX","BAX",0,"2021-09-13",0,1,99.545,99.55,3299,6419,0,3790,0,0.005,99.545,99.55,99.54,0,334,99.545,187097,0,0,"",0
"2021-07-28","BAXV21","BAX","BAX","BAX",0,"2021-10-18",0,1,0,0,0,0,0,0,0,0,0,0,0,0,0,99.54,0,0,0,"",0
"2021-07-28","BAXZ21","BAX","BAX","BAX",0,"2021-12-13",0,1,99.505,99.51,711,1065,0,6042,0,-0.005,99.505,99.51,99.5,0,367,99.51,220993,0,0,"",0
"2021-07-28","BAXH22","BAX","BAX","BAX",0,"2022-03-14",0,1,99.43,99.44,592,1143,0,17300,0,0,99.44,99.44,99.42,0,702,99.435,239062,0,0,"",0
"2021-07-28","BAXM22","BAX","BAX","BAX",0,"2022-06-13",0,1,99.255,99.26,291,15,0,13094,0,0.005,99.27,99.27,99.24,0,749,99.255,133600,0,0,"",0
"2021-07-28","BAXU22","BAX","BAX","BAX",0,"2022-09-19",0,1,99.09,99.095,168,278,0,16760,0,0.01,99.105,99.105,99.065,0,984,99.085,130264,0,0,"",0
"2021-07-28","BAXZ22","BAX","BAX","BAX",0,"2022-12-19",0,1,98.93,98.94,232,538,0,16923,0,0.02,98.95,98.95,98.9,0,1099,98.92,151261,0,0,"",0
"2021-07-28","BAXH23","BAX","BAX","BAX",0,"2023-03-13",0,1,98.78,98.795,92,67,0,15925,0,0.025,98.8,98.8,98.745,0,1147,98.765,97178,0,0,"",0
"2021-07-28","BAXM23","BAX","BAX","BAX",0,"2023-06-19",0,1,98.66,98.675,74,70,0,9604,0,0.03,98.68,98.68,98.625,0,1198,98.645,49937,0,0,"",0
"2021-07-28","BAXU23","BAX","BAX","BAX",0,"2023-09-18",0,1,98.535,98.595,15,2,0,2182,0,0.02,98.585,98.595,98.545,0,277,98.565,35447,0,0,"",0
"2021-07-28","BAXZ23","BAX","BAX","BAX",0,"2023-12-18",0,1,98.495,98.535,10,20,0,4111,0,0.01,98.53,98.535,98.49,0,976,98.515,44259,0,0,"",0
"2021-07-28","BAXH24","BAX","BAX","BAX",0,"2024-03-18",0,1,0,0,0,0,0,83,0,0.005,98.465,98.475,98.43,0,38,98.465,11030,0,0,"",0
"2021-07-28","BAXM24","BAX","BAX","BAX",0,"2024-06-17",0,1,98.24,0,1,0,0,5,0,0,0,0,0,0,2,98.415,2076,0,0,"",0
"2021-07-29","BAXQ21","BAX","BAX","BAX",0,"2021-08-16",0,1,0,0,0,0,0,0,0,0,0,0,0,0,0,99.545,0,0,0,"",0
"2021-07-29","BAXU21","BAX","BAX","BAX",0,"2021-09-13",0,1,99.55,99.555,2266,4968,0,5939,0,0,99.545,99.555,99.545,0,187,99.55,178147,0,0,"",0
"2021-07-29","BAXV21","BAX","BAX","BAX",0,"2021-10-18",0,1,0,0,0,0,0,0,0,0,0,0,0,0,0,99.545,0,0,0,"",0
"2021-07-29","BAXZ21","BAX","BAX","BAX",0,"2021-12-13",0,1,99.51,99.515,1387,1001,0,2148,0,0,99.505,99.515,99.505,0,289,99.51,220078,0,0,"",0
"2021-07-29","BAXH22","BAX","BAX","BAX",0,"2022-03-14",0,1,99.43,99.435,318,202,0,6021,0,-0.005,99.44,99.44,99.43,0,371,99.435,236983,0,0,"",0
"2021-07-29","BAXM22","BAX","BAX","BAX",0,"2022-06-13",0,1,99.25,99.255,9,455,0,6897,0,-0.005,99.26,99.265,99.245,0,489,99.255,130995,0,0,"",0
"2021-07-29","BAXU22","BAX","BAX","BAX",0,"2022-09-19",0,1,99.07,99.08,1009,398,0,8531,0,-0.005,99.095,99.095,99.07,0,479,99.08,128008,0,0,"",0
"2021-07-29","BAXZ22","BAX","BAX","BAX",0,"2022-12-19",0,1,98.91,98.915,59,26,0,3764,0,-0.005,98.93,98.935,98.905,0,396,98.915,143790,0,0,"",0
"2021-07-29","BAXH23","BAX","BAX","BAX",0,"2023-03-13",0,1,98.755,98.76,99,24,0,3132,0,0.005,98.78,98.785,98.755,0,422,98.755,99717,0,0,"",0
"2021-07-29","BAXM23","BAX","BAX","BAX",0,"2023-06-19",0,1,98.635,98.645,59,53,0,3163,0,0.005,98.665,98.665,98.635,0,608,98.635,49282,0,0,"",0
"2021-07-29","BAXU23","BAX","BAX","BAX",0,"2023-09-18",0,1,98.56,0,5,0,0,344,0,0.01,98.57,98.58,98.56,0,54,98.555,34374,0,0,"",0
"2021-07-29","BAXZ23","BAX","BAX","BAX",0,"2023-12-18",0,1,98.495,98.51,24,115,0,1679,0,0,98.53,98.53,98.495,0,122,98.505,43697,0,0,"",0
"2021-07-29","BAXH24","BAX","BAX","BAX",0,"2024-03-18",0,1,0,0,0,0,0,15,0,-0.005,98.445,98.46,98.445,0,3,98.455,10825,0,0,"",0
"2021-07-29","BAXM24","BAX","BAX","BAX",0,"2024-06-17",0,1,98.385,0,70,0,0,70,0,-0.02,98.395,98.395,98.395,0,11,98.405,2043,0,0,"",0
"2021-07-30","BAXQ21","BAX","BAX","BAX",0,"2021-08-16",0,1,0,0,0,0,0,0,0,0,0,0,0,0,0,99.55,0,0,0,"",0
"2021-07-30","BAXU21","BAX","BAX","BAX",0,"2021-09-13",0,1,99.55,99.555,5615,4929,0,3145,0,-0.005,99.55,99.555,99.55,0,44,99.555,175078,0,0,"",0
"2021-07-30","BAXV21","BAX","BAX","BAX",0,"2021-10-18",0,1,0,0,0,0,0,0,0,0,0,0,0,0,0,99.55,0,0,0,"",0
"2021-07-30","BAXZ21","BAX","BAX","BAX",0,"2021-12-13",0,1,99.515,99.52,661,745,0,674,0,0.005,99.51,99.52,99.51,0,66,99.515,218504,0,0,"",0
"2021-07-30","BAXH22","BAX","BAX","BAX",0,"2022-03-14",0,1,99.435,99.44,394,557,0,4106,0,0,99.435,99.445,99.435,0,198,99.44,229362,0,0,"",0
"2021-07-30","BAXM22","BAX","BAX","BAX",0,"2022-06-13",0,1,99.255,99.26,177,245,0,3289,0,0,99.255,99.265,99.25,0,248,99.26,129917,0,0,"",0
"2021-07-30","BAXU22","BAX","BAX","BAX",0,"2022-09-19",0,1,99.08,99.085,198,530,0,3534,0,0,99.08,99.09,99.08,0,202,99.085,127230,0,0,"",0
"2021-07-30","BAXZ22","BAX","BAX","BAX",0,"2022-12-19",0,1,98.92,98.925,15,242,0,3147,0,-0.005,98.92,98.93,98.92,0,368,98.925,134821,0,0,"",0
"2021-07-30","BAXH23","BAX","BAX","BAX",0,"2023-03-13",0,1,98.765,98.77,178,41,0,1496,0,0,98.765,98.78,98.76,0,208,98.77,96256,0,0,"",0
"2021-07-30","BAXM23","BAX","BAX","BAX",0,"2023-06-19",0,1,98.65,98.655,5,187,0,2641,0,0,98.65,98.665,98.65,0,221,98.65,47465,0,0,"",0
"2021-07-30","BAXU23","BAX","BAX","BAX",0,"2023-09-18",0,1,0,98.595,0,5,0,274,0,0.02,98.58,98.585,98.57,0,58,98.57,33606,0,0,"",0
"2021-07-30","BAXZ23","BAX","BAX","BAX",0,"2023-12-18",0,1,98.505,98.515,25,51,0,1648,0,0.005,98.515,98.525,98.505,0,437,98.51,42957,0,0,"",0
"2021-07-30","BAXH24","BAX","BAX","BAX",0,"2024-03-18",0,1,0,98.455,0,20,0,13,0,0,98.455,98.46,98.455,0,8,98.455,10769,0,0,"",0
"2021-07-30","BAXM24","BAX","BAX","BAX",0,"2024-06-17",0,1,98.24,0,1,0,0,0,0,0,0,0,0,0,0,98.405,2045,0,0,"",0
"2021-08-03","BAXQ21","BAX","BAX","BAX",0,"2021-08-16",0,1,0,0,0,0,0,0,0,0,0,0,0,0,0,99.545,0,0,0,"",0
"2021-08-03","BAXU21","BAX","BAX","BAX",0,"2021-09-13",0,1,99.55,99.555,210,7090,99.55,5400,99.55,0,99.55,99.555,99.55,99,382,99.55,174415,0,0,"",0
"2021-08-03","BAXV21","BAX","BAX","BAX",0,"2021-10-18",0,1,0,0,0,0,0,0,0,0,0,0,0,0,0,99.545,0,0,0,"",0
"2021-08-03","BAXZ21","BAX","BAX","BAX",0,"2021-12-13",0,1,99.515,99.52,1483,24,0,8292,0,0.005,99.52,99.525,99.515,0,1116,99.515,216019,0,0,"",0
"2021-08-03","BAXH22","BAX","BAX","BAX",0,"2022-03-14",0,1,99.445,99.45,1008,78,99.45,18956,99.445,0.005,99.44,99.46,99.44,2085,860,99.445,226768,0,0,"",0
"2021-08-03","BAXM22","BAX","BAX","BAX",0,"2022-06-13",0,1,99.285,99.29,383,392,99.29,16946,99.285,0.005,99.265,99.3,99.26,9927,1156,99.285,128016,0,0,"",0
"2021-08-03","BAXU22","BAX","BAX","BAX",0,"2022-09-19",0,1,99.125,99.13,348,335,99.13,14737,99.125,0.005,99.095,99.135,99.09,49563,601,99.125,124650,0,0,"",0
"2021-08-03","BAXZ22","BAX","BAX","BAX",0,"2022-12-19",0,1,98.97,98.985,144,176,0,8634,0,0.005,98.93,98.98,98.93,0,559,98.975,132259,0,0,"",0
"2021-08-03","BAXH23","BAX","BAX","BAX",0,"2023-03-13",0,1,98.835,98.845,322,32,0,7071,0,0.005,98.795,98.845,98.785,0,487,98.835,93801,0,0,"",0
"2021-08-03","BAXM23","BAX","BAX","BAX",0,"2023-06-19",0,1,98.725,98.735,257,163,98.735,7377,98.725,0.01,98.68,98.735,98.67,16584,730,98.725,46045,0,0,"",0
"2021-08-03","BAXU23","BAX","BAX","BAX",0,"2023-09-18",0,1,98.64,0,80,0,0,2267,0,-0.005,98.605,98.655,98.595,0,257,98.65,33696,0,0,"",0
"2021-08-03","BAXZ23","BAX","BAX","BAX",0,"2023-12-18",0,1,98.58,98.59,58,30,98.58,4920,98.59,-0.01,98.52,98.595,98.52,6109,441,98.59,42789,0,0,"",0
"2021-08-03","BAXH24","BAX","BAX","BAX",0,"2024-03-18",0,1,0,0,0,0,98.52,481,98.535,-0.015,98.505,98.535,98.505,2659,64,98.535,10781,0,0,"",0
"2021-08-03","BAXM24","BAX","BAX","BAX",0,"2024-06-17",0,1,98.24,0,1,0,0,101,0,0,0,0,0,0,4,98.48,2038,0,0,"",0
"2021-08-04","BAXQ21","BAX","BAX","BAX",0,"2021-08-16",0,1,0,0,0,0,0,0,0,0,0,0,0,0,0,99.545,0,0,0,"",0
"2021-08-04","BAXU21","BAX","BAX","BAX",0,"2021-09-13",0,1,99.55,99.555,4720,5869,99.555,6626,99.55,0.005,99.55,99.555,99.55,994,121,99.55,177152,0,0,"",0
"2021-08-04","BAXV21","BAX","BAX","BAX",0,"2021-10-18",0,1,0,0,0,0,0,0,0,0,0,0,0,0,0,99.545,0,0,0,"",0
"2021-08-04","BAXZ21","BAX","BAX","BAX",0,"2021-12-13",0,1,99.515,99.52,1500,836,99.52,10771,99.515,0.005,99.52,99.52,99.51,1094,392,99.515,218523,0,0,"",0
"2021-08-04","BAXH22","BAX","BAX","BAX",0,"2022-03-14",0,1,99.425,99.43,265,483,99.425,16535,99.43,-0.005,99.455,99.455,99.425,1188,618,99.43,232157,0,0,"",0
"2021-08-04","BAXM22","BAX","BAX","BAX",0,"2022-06-13",0,1,99.25,99.255,86,50,99.25,22984,99.255,-0.005,99.29,99.3,99.25,13297,1085,99.255,130602,0,0,"",0
"2021-08-04","BAXU22","BAX","BAX","BAX",0,"2022-09-19",0,1,99.09,99.095,29,226,99.09,26985,99.09,0,99.125,99.14,99.075,33292,1220,99.09,124530,0,0,"",0
"2021-08-04","BAXZ22","BAX","BAX","BAX",0,"2022-12-19",0,1,98.94,98.945,104,18,98.945,17083,98.94,0.005,98.98,98.995,98.92,4846,1478,98.94,132529,0,0,"",0
"2021-08-04","BAXH23","BAX","BAX","BAX",0,"2023-03-13",0,1,98.795,98.81,103,691,98.8,13529,98.795,0.005,98.84,98.86,98.775,98,945,98.795,93590,0,0,"",0
"2021-08-04","BAXM23","BAX","BAX","BAX",0,"2023-06-19",0,1,98.685,98.7,73,66,98.69,8840,98.685,0.005,98.725,98.76,98.665,3155,1006,98.685,46686,0,0,"",0
"2021-08-04","BAXU23","BAX","BAX","BAX",0,"2023-09-18",0,1,98.59,0,20,0,98.615,2239,98.605,0.01,98.645,98.675,98.585,2957,375,98.605,34043,0,0,"",0
"2021-08-04","BAXZ23","BAX","BAX","BAX",0,"2023-12-18",0,1,98.54,98.555,5,20,98.54,3208,98.54,0,98.58,98.615,98.525,984,572,98.54,40148,0,0,"",0
"2021-08-04","BAXH24","BAX","BAX","BAX",0,"2024-03-18",0,1,0,0,0,0,98.475,463,98.48,-0.005,98.52,98.555,98.465,1867,36,98.48,10733,0,0,"",0
"2021-08-04","BAXM24","BAX","BAX","BAX",0,"2024-06-17",0,1,98.24,0,1,0,98.415,302,98.42,-0.005,98.415,98.415,98.415,98,6,98.42,2038,0,0,"",0
"2021-08-05","BAXQ21","BAX","BAX","BAX",0,"2021-08-16",0,1,0,0,0,0,0,0,0,0,0,0,0,0,0,99.55,0,0,0,"",0
"2021-08-05","BAXU21","BAX","BAX","BAX",0,"2021-09-13",0,1,99.55,99.555,5529,3440,0,3975,0,0,99.555,99.555,99.55,0,65,99.555,178473,0,0,"",0
"2021-08-05","BAXV21","BAX","BAX","BAX",0,"2021-10-18",0,1,0,0,0,0,0,0,0,0,0,0,0,0,0,99.55,0,0,0,"",0
"2021-08-05","BAXZ21","BAX","BAX","BAX",0,"2021-12-13",0,1,99.505,99.51,1632,138,0,6180,0,0,99.52,99.52,99.505,0,661,99.51,220362,0,0,"",0
"2021-08-05","BAXH22","BAX","BAX","BAX",0,"2022-03-14",0,1,99.4,99.405,981,158,0,17241,0,-0.005,99.425,99.435,99.4,0,471,99.41,227656,0,0,"",0
"2021-08-05","BAXM22","BAX","BAX","BAX",0,"2022-06-13",0,1,99.215,99.22,98,288,0,10384,0,0,99.255,99.26,99.215,0,540,99.22,131820,0,0,"",0
"2021-08-05","BAXU22","BAX","BAX","BAX",0,"2022-09-19",0,1,99.035,99.04,514,100,0,13323,0,0,99.085,99.095,99.035,0,684,99.04,130744,0,0,"",0
"2021-08-05","BAXZ22","BAX","BAX","BAX",0,"2022-12-19",0,1,98.88,98.885,62,108,98.88,13574,98.885,-0.005,98.935,98.945,98.88,988,926,98.885,134612,0,0,"",0
"2021-08-05","BAXH23","BAX","BAX","BAX",0,"2023-03-13",0,1,98.72,98.735,98,102,0,7148,0,0.005,98.79,98.81,98.73,0,577,98.73,96302,0,0,"",0
"2021-08-05","BAXM23","BAX","BAX","BAX",0,"2023-06-19",0,1,98.61,98.62,61,76,0,2313,0,0,98.68,98.7,98.62,0,256,98.62,45756,0,0,"",0
"2021-08-05","BAXU23","BAX","BAX","BAX",0,"2023-09-18",0,1,0,98.54,0,30,98.535,883,98.545,-0.01,98.585,98.615,98.535,98,127,98.545,34410,0,0,"",0
"2021-08-05","BAXZ23","BAX","BAX","BAX",0,"2023-12-18",0,1,98.465,98.47,10,20,0,2018,0,-0.02,98.53,98.55,98.465,0,366,98.485,40659,0,0,"",0
"2021-08-05","BAXH24","BAX","BAX","BAX",0,"2024-03-18",0,1,0,0,0,0,0,27,0,-0.02,98.46,98.465,98.4,0,21,98.425,11035,0,0,"",0
"2021-08-05","BAXM24","BAX","BAX","BAX",0,"2024-06-17",0,1,98.24,98.365,1,24,0,110,0,-0.01,98.365,98.365,98.36,0,16,98.37,2246,0,0,"",0
"2021-08-06","BAXQ21","BAX","BAX","BAX",0,"2021-08-16",0,1,0,0,0,0,0,0,0,0,0,0,0,0,0,99.55,0,0,0,"",0
"2021-08-06","BAXU21","BAX","BAX","BAX",0,"2021-09-13",0,1,99.555,99.56,5584,2628,99.56,7830,99.555,0.005,99.55,99.56,99.55,207242,319,99.555,178576,0,0,"",0
"2021-08-06","BAXV21","BAX","BAX","BAX",0,"2021-10-18",0,1,0,0,0,0,0,0,0,0,0,0,0,0,0,99.55,0,0,0,"",0
"2021-08-06","BAXZ21","BAX","BAX","BAX",0,"2021-12-13",0,1,99.515,99.52,1595,111,99.52,5252,99.515,0.005,99.505,99.52,99.505,23946,497,99.515,219871,0,0,"",0
"2021-08-06","BAXH22","BAX","BAX","BAX",0,"2022-03-14",0,1,99.405,99.41,50,990,99.405,10734,99.405,0,99.405,99.405,99.38,7227,685,99.405,224128,0,0,"",0
"2021-08-06","BAXM22","BAX","BAX","BAX",0,"2022-06-13",0,1,99.205,99.21,769,121,99.21,9590,99.21,0,99.21,99.21,99.185,13669,854,99.21,129107,0,0,"",0
"2021-08-06","BAXU22","BAX","BAX","BAX",0,"2022-09-19",0,1,99.015,99.025,301,404,99.015,9734,99.02,-0.005,99.03,99.03,98.99,7425,850,99.02,128935,0,0,"",0
"2021-08-06","BAXZ22","BAX","BAX","BAX",0,"2022-12-19",0,1,98.845,98.855,142,163,98.845,15483,98.85,-0.005,98.875,98.875,98.83,11395,2136,98.85,129637,0,0,"",0
"2021-08-06","BAXH23","BAX","BAX","BAX",0,"2023-03-13",0,1,98.685,98.69,144,153,98.69,6238,98.685,0.005,98.715,98.715,98.675,5102,550,98.685,97212,0,0,"",0
"2021-08-06","BAXM23","BAX","BAX","BAX",0,"2023-06-19",0,1,98.495,98.58,10,180,98.565,3808,98.565,0,98.605,98.605,98.56,492,790,98.565,43938,0,0,"",0
"2021-08-06","BAXU23","BAX","BAX","BAX",0,"2023-09-18",0,1,98.48,98.485,2,5,0,1653,0,0,98.52,98.525,98.47,0,249,98.48,34155,0,0,"",0
"2021-08-06","BAXZ23","BAX","BAX","BAX",0,"2023-12-18",0,1,98.41,98.42,60,5,98.41,3278,98.42,-0.01,98.45,98.45,98.4,294,624,98.42,40224,0,0,"",0
"2021-08-06","BAXH24","BAX","BAX","BAX",0,"2024-03-18",0,1,0,0,0,0,0,472,0,-0.005,98.37,98.37,98.34,0,42,98.355,10921,0,0,"",0
"2021-08-06","BAXM24","BAX","BAX","BAX",0,"2024-06-17",0,1,98.24,0,1,0,0,30,0,-0.045,98.325,98.325,98.325,0,14,98.295,2254,0,0,"",0
"2021-08-09","BAXQ21","BAX","BAX","BAX",0,"2021-08-16",0,1,0,0,0,0,0,0,0,0,0,0,0,0,0,99.55,0,0,0,"",0
"2021-08-09","BAXU21","BAX","BAX","BAX",0,"2021-09-13",0,1,99.555,99.56,9418,3278,99.555,4313,99.555,0,99.56,99.56,99.555,3084,108,99.555,182107,0,0,"",0
"2021-08-09","BAXV21","BAX","BAX","BAX",0,"2021-10-18",0,1,0,0,0,0,0,0,0,0,0,0,0,0,0,99.55,0,0,0,"",0
"2021-08-09","BAXZ21","BAX","BAX","BAX",0,"2021-12-13",0,1,99.515,99.52,566,3260,0,4932,0,0,99.52,99.52,99.515,0,206,99.515,220806,0,0,"",0
"2021-08-09","BAXH22","BAX","BAX","BAX",0,"2022-03-14",0,1,99.405,99.41,631,456,99.405,4145,99.405,0,99.405,99.415,99.405,2970,284,99.405,222235,0,0,"",0
"2021-08-09","BAXM22","BAX","BAX","BAX",0,"2022-06-13",0,1,99.21,99.215,180,572,99.21,4803,99.21,0,99.21,99.225,99.21,13781,333,99.21,126776,0,0,"",0
"2021-08-09","BAXU22","BAX","BAX","BAX",0,"2022-09-19",0,1,99.015,99.025,449,191,99.025,10844,99.025,0,99.03,99.04,99.02,990,359,99.025,128086,0,0,"",0
"2021-08-09","BAXZ22","BAX","BAX","BAX",0,"2022-12-19",0,1,98.845,98.855,67,75,98.85,10016,98.855,-0.005,98.86,98.87,98.845,1283,426,98.855,133059,0,0,"",0
"2021-08-09","BAXH23","BAX","BAX","BAX",0,"2023-03-13",0,1,98.68,98.69,66,31,98.685,2458,98.69,-0.005,98.705,98.705,98.685,9768,268,98.69,99013,0,0,"",0
"2021-08-09","BAXM23","BAX","BAX","BAX",0,"2023-06-19",0,1,98.56,98.575,61,211,98.57,2795,98.575,-0.005,98.59,98.595,98.565,1280,228,98.575,45565,0,0,"",0
"2021-08-09","BAXU23","BAX","BAX","BAX",0,"2023-09-18",0,1,0,0,0,0,0,651,0,-0.01,98.495,98.51,98.48,0,104,98.49,34558,0,0,"",0
"2021-08-09","BAXZ23","BAX","BAX","BAX",0,"2023-12-18",0,1,98.415,98.425,70,9,98.425,1920,98.425,0,98.43,98.445,98.415,2460,178,98.425,41584,0,0,"",0
"2021-08-09","BAXH24","BAX","BAX","BAX",0,"2024-03-18",0,1,98.35,0,25,0,0,117,0,0.005,98.375,98.375,98.355,0,33,98.36,10762,0,0,"",0
"2021-08-09","BAXM24","BAX","BAX","BAX",0,"2024-06-17",0,1,98.24,0,1,0,98.3,13,98.3,0,98.3,98.3,98.3,1179,3,98.3,2265,0,0,"",0
"2021-08-10","BAXQ21","BAX","BAX","BAX",0,"2021-08-16",0,1,0,0,0,0,0,0,0,0,0,0,0,0,0,99.55,0,0,0,"",0
"2021-08-10","BAXU21","BAX","BAX","BAX",0,"2021-09-13",0,1,99.555,99.56,11892,9263,0,6984,0,0.005,99.56,99.56,99.555,0,63,99.555,175145,0,0,"",0
"2021-08-10","BAXV21","BAX","BAX","BAX",0,"2021-10-18",0,1,0,0,0,0,0,0,0,0,0,0,0,0,0,99.55,0,0,0,"",0
"2021-08-10","BAXZ21","BAX","BAX","BAX",0,"2021-12-13",0,1,99.515,99.52,1429,975,0,1746,0,0,99.515,99.52,99.515,0,126,99.515,221288,0,0,"",0
"2021-08-10","BAXH22","BAX","BAX","BAX",0,"2022-03-14",0,1,99.395,99.4,907,323,99.4,7509,99.4,0,99.4,99.405,99.395,24849,332,99.4,220157,0,0,"",0
"2021-08-10","BAXM22","BAX","BAX","BAX",0,"2022-06-13",0,1,99.195,99.2,348,191,99.2,9777,99.2,0,99.21,99.21,99.195,24799,548,99.2,124324,0,0,"",0
"2021-08-10","BAXU22","BAX","BAX","BAX",0,"2022-09-19",0,1,98.995,99.005,279,223,0,9228,0,-0.005,99.025,99.025,98.995,0,476,99.005,134432,0,0,"",0
"2021-08-10","BAXZ22","BAX","BAX","BAX",0,"2022-12-19",0,1,98.825,98.835,100,303,98.83,5154,98.835,-0.005,98.84,98.855,98.83,1184,366,98.835,135003,0,0,"",0
"2021-08-10","BAXH23","BAX","BAX","BAX",0,"2023-03-13",0,1,98.66,98.67,208,66,0,3791,0,0,98.68,98.695,98.655,0,360,98.67,98252,0,0,"",0
"2021-08-10","BAXM23","BAX","BAX","BAX",0,"2023-06-19",0,1,98.545,98.555,81,44,0,2324,0,0,98.565,98.58,98.545,0,363,98.555,46497,0,0,"",0
"2021-08-10","BAXU23","BAX","BAX","BAX",0,"2023-09-18",0,1,98.465,98.475,15,54,0,938,0,0,98.47,98.495,98.465,0,96,98.47,34700,0,0,"",0
"2021-08-10","BAXZ23","BAX","BAX","BAX",0,"2023-12-18",0,1,98.4,98.41,33,10,98.4,2013,98.41,-0.01,98.42,98.43,98.4,21179,386,98.41,42131,0,0,"",0
"2021-08-10","BAXH24","BAX","BAX","BAX",0,"2024-03-18",0,1,98.34,0,10,0,98.345,81,98.35,-0.005,98.365,98.365,98.34,687,24,98.35,10680,0,0,"",0
"2021-08-10","BAXM24","BAX","BAX","BAX",0,"2024-06-17",0,1,98.24,0,1,0,98.285,17,98.29,-0.005,98.305,98.305,98.285,589,9,98.29,2278,0,0,"",0
"2021-08-11","BAXQ21","BAX","BAX","BAX",0,"2021-08-16",0,1,0,0,0,0,0,0,0,0,0,0,0,0,0,99.55,0,0,0,"",0
"2021-08-11","BAXU21","BAX","BAX","BAX",0,"2021-09-13",0,1,99.555,99.56,9955,9067,99.555,766,99.555,0,99.555,99.56,99.555,993,47,99.555,179608,0,0,"",0
"2021-08-11","BAXV21","BAX","BAX","BAX",0,"2021-10-18",0,1,0,0,0,0,0,0,0,0,0,0,0,0,0,99.55,0,0,0,"",0
"2021-08-11","BAXZ21","BAX","BAX","BAX",0,"2021-12-13",0,1,99.515,99.52,1653,1206,99.515,3279,99.515,0,99.515,99.52,99.51,993,152,99.515,219393,0,0,"",0
"2021-08-11","BAXH22","BAX","BAX","BAX",0,"2022-03-14",0,1,99.4,99.405,641,11,99.4,13260,99.4,0,99.4,99.41,99.39,396,463,99.4,218512,0,0,"",0
"2021-08-11","BAXM22","BAX","BAX","BAX",0,"2022-06-13",0,1,99.21,99.215,285,100,99.21,7386,99.21,0,99.2,99.215,99.18,594,610,99.21,125151,0,0,"",0
"2021-08-11","BAXU22","BAX","BAX","BAX",0,"2022-09-19",0,1,99.015,99.025,353,149,99.02,6476,99.02,0,98.995,99.025,98.98,1188,441,99.02,134016,0,0,"",0
"2021-08-11","BAXZ22","BAX","BAX","BAX",0,"2022-12-19",0,1,98.845,98.855,68,27,98.855,8488,98.85,0.005,98.82,98.86,98.805,7209,582,98.85,129069,0,0,"",0
"2021-08-11","BAXH23","BAX","BAX","BAX",0,"2023-03-13",0,1,98.685,98.695,40,200,98.685,5275,98.685,0,98.66,98.695,98.65,6017,433,98.685,100075,0,0,"",0
"2021-08-11","BAXM23","BAX","BAX","BAX",0,"2023-06-19",0,1,98.565,98.575,10,49,98.57,2654,98.565,0.005,98.54,98.58,98.53,4927,282,98.565,46732,0,0,"",0
"2021-08-11","BAXU23","BAX","BAX","BAX",0,"2023-09-18",0,1,0,0,0,0,98.49,850,98.48,0.01,98.46,98.5,98.445,9645,169,98.48,34946,0,0,"",0
"2021-08-11","BAXZ23","BAX","BAX","BAX",0,"2023-12-18",0,1,98.42,98.435,20,50,98.42,3076,98.42,0,98.4,98.43,98.385,33063,493,98.42,42840,0,0,"",0
"2021-08-11","BAXH24","BAX","BAX","BAX",0,"2024-03-18",0,1,0,0,0,0,98.36,21,98.36,0,98.36,98.36,98.36,1769,5,98.36,10725,0,0,"",0
"2021-08-11","BAXM24","BAX","BAX","BAX",0,"2024-06-17",0,1,98.24,0,1,0,98.3,53,98.3,0,98.3,98.3,98.3,4718,6,98.3,2282,0,0,"",0
"2021-08-12","BAXQ21","BAX","BAX","BAX",0,"2021-08-16",0,1,0,0,0,0,0,0,0,0,0,0,0,0,0,99.545,0,0,0,"",0
"2021-08-12","BAXU21","BAX","BAX","BAX",0,"2021-09-13",0,1,99.55,99.555,12397,1211,99.55,17205,99.55,0,99.56,99.56,99.55,796,233,99.55,173781,0,0,"",0
"2021-08-12","BAXV21","BAX","BAX","BAX",0,"2021-10-18",0,1,0,0,0,0,0,0,0,0,0,0,0,0,0,99.545,0,0,0,"",0
"2021-08-12","BAXZ21","BAX","BAX","BAX",0,"2021-12-13",0,1,99.515,99.52,1691,958,99.515,4196,99.515,0,99.515,99.525,99.515,795,271,99.515,219069,0,0,"",0
"2021-08-12","BAXH22","BAX","BAX","BAX",0,"2022-03-14",0,1,99.41,99.415,682,327,99.41,12726,99.405,0.005,99.405,99.415,99.395,794,482,99.405,223934,0,0,"",0
"2021-08-12","BAXM22","BAX","BAX","BAX",0,"2022-06-13",0,1,99.23,99.235,359,266,0,11750,0,0.01,99.215,99.235,99.205,0,693,99.225,125146,0,0,"",0
"2021-08-12","BAXU22","BAX","BAX","BAX",0,"2022-09-19",0,1,99.035,99.04,66,113,99.04,7752,99.04,0,99.025,99.05,99.01,3267,577,99.04,133275,0,0,"",0
"2021-08-12","BAXZ22","BAX","BAX","BAX",0,"2022-12-19",0,1,98.86,98.865,514,222,98.86,7672,98.865,-0.005,98.855,98.875,98.84,1676,659,98.865,130802,0,0,"",0
"2021-08-12","BAXH23","BAX","BAX","BAX",0,"2023-03-13",0,1,98.69,98.695,58,319,98.69,6308,98.695,-0.005,98.69,98.715,98.68,9559,1019,98.695,100675,0,0,"",0
"2021-08-12","BAXM23","BAX","BAX","BAX",0,"2023-06-19",0,1,98.565,98.575,11,94,98.565,2215,98.57,-0.005,98.56,98.59,98.555,1673,327,98.57,46942,0,0,"",0
"2021-08-12","BAXU23","BAX","BAX","BAX",0,"2023-09-18",0,1,0,0,0,0,98.48,1090,98.49,-0.01,98.495,98.505,98.475,5414,91,98.49,34526,0,0,"",0
"2021-08-12","BAXZ23","BAX","BAX","BAX",0,"2023-12-18",0,1,98.42,98.43,23,50,98.42,1711,98.43,-0.01,98.42,98.445,98.41,4721,133,98.43,43517,0,0,"",0
"2021-08-12","BAXH24","BAX","BAX","BAX",0,"2024-03-18",0,1,0,0,0,0,98.355,67,98.37,-0.015,98.375,98.375,98.355,2556,8,98.37,10724,0,0,"",0
"2021-08-12","BAXM24","BAX","BAX","BAX",0,"2024-06-17",0,1,98.24,0,1,0,0,0,0,0,0,0,0,0,0,98.31,2299,0,0,"",0
"2021-08-13","BAXQ21","BAX","BAX","BAX",0,"2021-08-16",0,1,0,0,0,0,0,0,0,0,0,0,0,0,0,99.55,0,0,0,"",0
"2021-08-13","BAXU21","BAX","BAX","BAX",0,"2021-09-13",0,1,99.555,99.56,459,37902,0,8518,0,0,99.555,99.56,99.55,0,443,99.555,186228,0,0,"",0
"2021-08-13","BAXV21","BAX","BAX","BAX",0,"2021-10-18",0,1,0,0,0,0,0,0,0,0,0,0,0,0,0,99.55,0,0,0,"",0
"2021-08-13","BAXZ21","BAX","BAX","BAX",0,"2021-12-13",0,1,99.515,99.52,4455,1219,0,3319,0,0,99.52,99.52,99.515,0,276,99.515,221568,0,0,"",0
"2021-08-13","BAXH22","BAX","BAX","BAX",0,"2022-03-14",0,1,99.415,99.42,813,411,0,15223,0,0,99.41,99.425,99.41,0,820,99.415,224902,0,0,"",0
"2021-08-13","BAXM22","BAX","BAX","BAX",0,"2022-06-13",0,1,99.25,99.255,527,384,0,6783,0,0,99.23,99.255,99.23,0,536,99.25,123589,0,0,"",0
"2021-08-13","BAXU22","BAX","BAX","BAX",0,"2022-09-19",0,1,99.08,99.085,240,295,0,7583,0,0,99.035,99.085,99.035,0,668,99.08,121803,0,0,"",0
"2021-08-13","BAXZ22","BAX","BAX","BAX",0,"2022-12-19",0,1,98.91,98.92,94,71,0,7352,0,0,98.86,98.92,98.86,0,561,98.915,122002,0,0,"",0
"2021-08-13","BAXH23","BAX","BAX","BAX",0,"2023-03-13",0,1,98.75,98.76,475,119,0,5709,0,0.005,98.69,98.755,98.69,0,582,98.75,102963,0,0,"",0
"2021-08-13","BAXM23","BAX","BAX","BAX",0,"2023-06-19",0,1,98.635,98.64,35,30,0,3506,0,0.01,98.57,98.635,98.57,0,268,98.625,46871,0,0,"",0
"2021-08-13","BAXU23","BAX","BAX","BAX",0,"2023-09-18",0,1,98.54,0,1,0,0,559,0,0.015,98.5,98.555,98.495,0,91,98.54,34441,0,0,"",0
"2021-08-13","BAXZ23","BAX","BAX","BAX",0,"2023-12-18",0,1,98.485,98.5,46,1,0,1413,0,0.01,98.425,98.495,98.425,0,126,98.485,42500,0,0,"",0
"2021-08-13","BAXH24","BAX","BAX","BAX",0,"2024-03-18",0,1,98.43,0,1,0,0,44,0,0.045,98.375,98.415,98.375,0,16,98.43,10750,0,0,"",0
"2021-08-13","BAXM24","BAX","BAX","BAX",0,"2024-06-17",0,1,98.24,0,1,0,0,65,0,0.01,98.365,98.385,98.36,0,13,98.375,2251,0,0,"",0
"2021-08-16","BAXQ21","BAX","BAX","BAX",0,"2021-08-16",0,1,0,0,0,0,0,0,0,0,0,0,0,0,0,99.56,0,0,0,"",0
"2021-08-16","BAXU21","BAX","BAX","BAX",0,"2021-09-13",0,1,99.555,99.56,9405,37457,0,5579,0,-0.005,99.555,99.56,99.555,0,117,99.56,181447,0,0,"",0
"2021-08-16","BAXV21","BAX","BAX","BAX",0,"2021-10-18",0,1,0,0,0,0,0,0,0,0,0,0,0,0,0,99.555,0,0,0,"",0
"2021-08-16","BAXZ21","BAX","BAX","BAX",0,"2021-12-13",0,1,99.515,99.52,1974,2392,99.515,9478,99.52,-0.005,99.52,99.525,99.515,696,236,99.52,221052,0,0,"",0
"2021-08-16","BAXH22","BAX","BAX","BAX",0,"2022-03-14",0,1,99.42,99.425,422,616,99.42,13033,99.43,-0.01,99.43,99.43,99.42,693,430,99.43,228270,0,0,"",0
"2021-08-16","BAXM22","BAX","BAX","BAX",0,"2022-06-13",0,1,99.265,99.275,404,582,99.27,8495,99.27,0,99.265,99.28,99.26,6451,395,99.27,120051,0,0,"",0
"2021-08-16","BAXU22","BAX","BAX","BAX",0,"2022-09-19",0,1,99.095,99.105,688,257,99.105,6597,99.105,0,99.095,99.11,99.09,6144,952,99.105,122127,0,0,"",0
"2021-08-16","BAXZ22","BAX","BAX","BAX",0,"2022-12-19",0,1,98.935,98.945,213,233,98.945,6133,98.945,0,98.93,98.95,98.92,13647,297,98.945,121364,0,0,"",0
"2021-08-16","BAXH23","BAX","BAX","BAX",0,"2023-03-13",0,1,98.775,98.795,169,113,98.79,3700,98.785,0.005,98.78,98.79,98.76,16984,265,98.785,102395,0,0,"",0
"2021-08-16","BAXM23","BAX","BAX","BAX",0,"2023-06-19",0,1,98.67,98.685,35,106,98.68,3001,98.67,0.01,98.65,98.685,98.64,60975,584,98.67,48149,0,0,"",0
"2021-08-16","BAXU23","BAX","BAX","BAX",0,"2023-09-18",0,1,98.59,0,28,0,98.6,518,98.585,0.015,98.58,98.6,98.575,986,44,98.585,34540,0,0,"",0
"2021-08-16","BAXZ23","BAX","BAX","BAX",0,"2023-12-18",0,1,98.53,98.54,600,10,98.535,2194,98.53,0.005,98.5,98.545,98.5,11821,118,98.53,43006,0,0,"",0
"2021-08-16","BAXH24","BAX","BAX","BAX",0,"2024-03-18",0,1,0,0,0,0,0,117,0,0.04,98.475,98.485,98.47,0,11,98.475,10714,0,0,"",0
"2021-08-16","BAXM24","BAX","BAX","BAX",0,"2024-06-17",0,1,98.24,0,1,0,0,103,0,0.045,98.42,98.42,98.42,0,4,98.42,2262,0,0,"",0
"2021-08-17","BAXU21","BAX","BAX","BAX",0,"2021-09-13",0,1,99.555,99.56,9427,35353,0,784,0,0,99.555,99.56,99.555,0,140,99.56,164903,0,0,"",0
"2021-08-17","BAXV21","BAX","BAX","BAX",0,"2021-10-18",0,1,0,0,0,0,0,0,0,0,0,0,0,0,0,99.555,0,0,0,"",0
"2021-08-17","BAXX21","BAX","BAX","BAX",0,"2021-11-15",0,1,0,0,0,0,0,0,0,0,0,0,0,0,0,99.55,0,0,0,"",0
"2021-08-17","BAXZ21","BAX","BAX","BAX",0,"2021-12-13",0,1,99.515,99.52,2564,758,0,4988,0,0,99.52,99.525,99.515,0,198,99.52,224384,0,0,"",0
"2021-08-17","BAXH22","BAX","BAX","BAX",0,"2022-03-14",0,1,99.425,99.43,175,830,0,4923,0,0,99.425,99.44,99.42,0,327,99.43,218617,0,0,"",0
"2021-08-17","BAXM22","BAX","BAX","BAX",0,"2022-06-13",0,1,99.265,99.27,103,101,0,6706,0,-0.01,99.275,99.29,99.26,0,428,99.275,120893,0,0,"",0
"2021-08-17","BAXU22","BAX","BAX","BAX",0,"2022-09-19",0,1,99.09,99.1,50,254,0,9395,0,-0.01,99.105,99.13,99.085,0,504,99.105,120884,0,0,"",0
"2021-08-17","BAXZ22","BAX","BAX","BAX",0,"2022-12-19",0,1,98.92,98.925,15,80,98.92,10045,98.94,-0.02,98.945,98.975,98.915,6227,692,98.94,120092,0,0,"",0
"2021-08-17","BAXH23","BAX","BAX","BAX",0,"2023-03-13",0,1,98.75,98.76,2101,220,0,5744,0,-0.025,98.795,98.825,98.755,0,471,98.78,100421,0,0,"",0
"2021-08-17","BAXM23","BAX","BAX","BAX",0,"2023-06-19",0,1,98.635,98.64,37,15,98.64,6213,98.665,-0.025,98.69,98.715,98.635,2266,651,98.665,47440,0,0,"",0
"2021-08-17","BAXU23","BAX","BAX","BAX",0,"2023-09-18",0,1,98.55,98.605,10,1,98.55,1148,98.585,-0.035,98.6,98.6,98.55,2069,72,98.585,34679,0,0,"",0
"2021-08-17","BAXZ23","BAX","BAX","BAX",0,"2023-12-18",0,1,98.26,98.51,51,10,98.505,2903,98.53,-0.025,98.545,98.57,98.495,2460,225,98.53,44080,0,0,"",0
"2021-08-17","BAXH24","BAX","BAX","BAX",0,"2024-03-18",0,1,98.435,0,36,0,98.435,62,98.475,-0.04,98.465,98.465,98.435,1179,14,98.475,10668,0,0,"",0
"2021-08-17","BAXM24","BAX","BAX","BAX",0,"2024-06-17",0,1,98.24,0,1,0,98.375,77,98.42,-0.045,98.45,98.455,98.375,2358,13,98.42,2307,0,0,"",0
"2021-08-18","BAXU21","BAX","BAX","BAX",0,"2021-09-13",0,1,99.555,99.56,3147,40243,0,8045,0,0,99.555,99.56,99.555,0,102,99.555,161510,0,0,"",0
"2021-08-18","BAXV21","BAX","BAX","BAX",0,"2021-10-18",0,1,0,0,0,0,0,0,0,0,0,0,0,0,0,99.55,0,0,0,"",0
"2021-08-18","BAXX21","BAX","BAX","BAX",0,"2021-11-15",0,1,0,0,0,0,0,0,0,0,0,0,0,0,0,99.545,0,0,0,"",0
"2021-08-18","BAXZ21","BAX","BAX","BAX",0,"2021-12-13",0,1,99.515,99.52,4257,4232,0,2018,0,0.005,99.515,99.52,99.515,0,97,99.515,224862,0,0,"",0
"2021-08-18","BAXH22","BAX","BAX","BAX",0,"2022-03-14",0,1,99.42,99.425,486,703,0,12440,0,0,99.425,99.43,99.415,0,412,99.425,213892,0,0,"",0
"2021-08-18","BAXM22","BAX","BAX","BAX",0,"2022-06-13",0,1,99.26,99.265,647,383,0,12299,0,-0.005,99.27,99.275,99.255,0,624,99.27,120807,0,0,"",0
"2021-08-18","BAXU22","BAX","BAX","BAX",0,"2022-09-19",0,1,99.08,99.085,1257,446,0,14137,0,-0.01,99.09,99.1,99.07,0,960,99.09,121721,0,0,"",0
"2021-08-18","BAXZ22","BAX","BAX","BAX",0,"2022-12-19",0,1,98.905,98.91,191,412,0,14471,0,-0.01,98.92,98.93,98.9,0,682,98.92,120316,0,0,"",0
"2021-08-18","BAXH23","BAX","BAX","BAX",0,"2023-03-13",0,1,98.74,98.75,110,138,0,6711,0,-0.01,98.76,98.77,98.735,0,379,98.755,101377,0,0,"",0
"2021-08-18","BAXM23","BAX","BAX","BAX",0,"2023-06-19",0,1,98.62,98.635,83,222,0,5065,0,-0.005,98.64,98.64,98.61,0,356,98.635,49272,0,0,"",0
"2021-08-18","BAXU23","BAX","BAX","BAX",0,"2023-09-18",0,1,0,98.55,0,20,0,1127,0,-0.015,98.555,98.565,98.535,0,93,98.555,35265,0,0,"",0
"2021-08-18","BAXZ23","BAX","BAX","BAX",0,"2023-12-18",0,1,98.485,98.5,87,1,0,2273,0,-0.015,98.495,98.51,98.48,0,219,98.5,44454,0,0,"",0
"2021-08-18","BAXH24","BAX","BAX","BAX",0,"2024-03-18",0,1,0,0,0,0,0,145,0,-0.02,98.45,98.45,98.425,0,14,98.445,10664,0,0,"",0
"2021-08-18","BAXM24","BAX","BAX","BAX",0,"2024-06-17",0,1,98.24,0,1,0,0,122,0,0,98.395,98.395,98.375,0,14,98.39,2293,0,0,"",0
"2021-08-19","BAXU21","BAX","BAX","BAX",0,"2021-09-13",0,1,99.555,99.56,1090,40775,99.555,3751,99.555,0,99.555,99.56,99.555,8063,92,99.555,167396,0,0,"",0
"2021-08-19","BAXV21","BAX","BAX","BAX",0,"2021-10-18",0,1,0,0,0,0,0,0,0,0,0,0,0,0,0,99.55,0,0,0,"",0
"2021-08-19","BAXX21","BAX","BAX","BAX",0,"2021-11-15",0,1,0,0,0,0,0,0,0,0,0,0,0,0,0,99.545,0,0,0,"",0
"2021-08-19","BAXZ21","BAX","BAX","BAX",0,"2021-12-13",0,1,99.515,99.52,2541,373,99.52,7092,99.52,0,99.52,99.525,99.515,84681,301,99.52,222957,0,0,"",0
"2021-08-19","BAXH22","BAX","BAX","BAX",0,"2022-03-14",0,1,99.425,99.43,946,175,99.43,9540,99.43,0,99.425,99.435,99.425,40963,417,99.43,216750,0,0,"",0
"2021-08-19","BAXM22","BAX","BAX","BAX",0,"2022-06-13",0,1,99.27,99.28,392,402,99.275,7336,99.275,0,99.265,99.28,99.265,8041,455,99.275,123328,0,0,"",0
"2021-08-19","BAXU22","BAX","BAX","BAX",0,"2022-09-19",0,1,99.095,99.1,147,406,0,5892,0,0,99.105,99.105,99.09,0,291,99.095,121394,0,0,"",0
"2021-08-19","BAXZ22","BAX","BAX","BAX",0,"2022-12-19",0,1,98.92,98.93,342,249,98.925,7713,98.92,0.005,98.93,98.94,98.915,1384,461,98.92,121506,0,0,"",0
"2021-08-19","BAXH23","BAX","BAX","BAX",0,"2023-03-13",0,1,98.76,98.77,53,83,98.76,2519,98.755,0.005,98.75,98.785,98.75,591,276,98.755,103183,0,0,"",0
"2021-08-19","BAXM23","BAX","BAX","BAX",0,"2023-06-19",0,1,98.64,98.645,30,1,98.64,2923,98.635,0.005,98.67,98.67,98.625,4930,564,98.635,49602,0,0,"",0
"2021-08-19","BAXU23","BAX","BAX","BAX",0,"2023-09-18",0,1,98.55,98.575,10,15,98.56,2304,98.555,0.005,98.595,98.595,98.545,2464,236,98.555,34009,0,0,"",0
"2021-08-19","BAXZ23","BAX","BAX","BAX",0,"2023-12-18",0,1,98.5,98.515,162,50,98.505,4130,98.505,0,98.5,98.53,98.485,2461,365,98.505,43647,0,0,"",0
"2021-08-19","BAXH24","BAX","BAX","BAX",0,"2024-03-18",0,1,0,0,0,0,98.46,319,98.455,0.005,98.465,98.465,98.445,1181,35,98.455,10744,0,0,"",0
"2021-08-19","BAXM24","BAX","BAX","BAX",0,"2024-06-17",0,1,98.24,0,1,0,0,202,0,0,98.405,98.405,98.4,0,17,98.405,2297,0,0,"",0
"2021-08-20","BAXU21","BAX","BAX","BAX",0,"2021-09-13",0,1,99.55,99.56,15789,39805,0,3876,0,0.005,99.555,99.56,99.55,0,90,99.555,164665,0,0,"",0
"2021-08-20","BAXV21","BAX","BAX","BAX",0,"2021-10-18",0,1,0,0,0,0,0,0,0,0,0,0,0,0,0,99.55,0,0,0,"",0
"2021-08-20","BAXX21","BAX","BAX","BAX",0,"2021-11-15",0,1,0,0,0,0,0,0,0,0,0,0,0,0,0,99.545,0,0,0,"",0
"2021-08-20","BAXZ21","BAX","BAX","BAX",0,"2021-12-13",0,1,99.515,99.52,1461,4904,0,3467,0,0.005,99.52,99.525,99.515,0,209,99.515,224691,0,0,"",0
"2021-08-20","BAXH22","BAX","BAX","BAX",0,"2022-03-14",0,1,99.43,99.435,284,544,0,8707,0,0.01,99.43,99.445,99.425,0,357,99.425,217218,0,0,"",0
"2021-08-20","BAXM22","BAX","BAX","BAX",0,"2022-06-13",0,1,99.27,99.275,217,223,0,9720,0,0.005,99.275,99.295,99.27,0,625,99.27,123443,0,0,"",0
"2021-08-20","BAXU22","BAX","BAX","BAX",0,"2022-09-19",0,1,99.09,99.095,1430,47,0,8109,0,0,99.1,99.12,99.09,0,375,99.095,119784,0,0,"",0
"2021-08-20","BAXZ22","BAX","BAX","BAX",0,"2022-12-19",0,1,98.92,98.925,84,102,0,11947,0,0.005,98.93,98.95,98.91,0,604,98.92,119956,0,0,"",0
"2021-08-20","BAXH23","BAX","BAX","BAX",0,"2023-03-13",0,1,98.75,98.765,89,208,0,5364,0,0,98.77,98.785,98.75,0,490,98.755,99935,0,0,"",0
"2021-08-20","BAXM23","BAX","BAX","BAX",0,"2023-06-19",0,1,98.625,98.635,63,26,0,2797,0,-0.005,98.655,98.67,98.625,0,571,98.635,49455,0,0,"",0
"2021-08-20","BAXU23","BAX","BAX","BAX",0,"2023-09-18",0,1,0,98.555,0,23,0,3302,0,-0.005,98.575,98.585,98.545,0,395,98.555,33824,0,0,"",0
"2021-08-20","BAXZ23","BAX","BAX","BAX",0,"2023-12-18",0,1,98.49,98.495,38,39,0,5350,0,-0.015,98.53,98.53,98.49,0,642,98.505,44398,0,0,"",0
"2021-08-20","BAXH24","BAX","BAX","BAX",0,"2024-03-18",0,1,98.43,0,10,0,0,127,0,-0.02,98.46,98.46,98.435,0,28,98.455,10663,0,0,"",0
"2021-08-20","BAXM24","BAX","BAX","BAX",0,"2024-06-17",0,1,98.24,98.4,1,50,0,25,0,-0.02,98.39,98.39,98.385,0,5,98.4,2362,0,0,"",0
"2021-08-23","BAXU21","BAX","BAX","BAX",0,"2021-09-13",0,1,99.555,99.56,7675,36974,0,4604,0,0.005,99.555,99.56,99.555,0,100,99.555,166415,0,0,"",0
"2021-08-23","BAXV21","BAX","BAX","BAX",0,"2021-10-18",0,1,0,0,0,0,0,0,0,0,0,0,0,0,0,99.55,0,0,0,"",0
"2021-08-23","BAXX21","BAX","BAX","BAX",0,"2021-11-15",0,1,0,0,0,0,0,0,0,0,0,0,0,0,0,99.545,0,0,0,"",0
"2021-08-23","BAXZ21","BAX","BAX","BAX",0,"2021-12-13",0,1,99.515,99.52,802,4381,0,8940,0,0,99.515,99.52,99.515,0,411,99.515,225015,0,0,"",0
"2021-08-23","BAXH22","BAX","BAX","BAX",0,"2022-03-14",0,1,99.43,99.435,1657,30,0,13236,0,0,99.435,99.44,99.425,0,572,99.435,219965,0,0,"",0
"2021-08-23","BAXM22","BAX","BAX","BAX",0,"2022-06-13",0,1,99.265,99.27,485,25,0,8677,0,-0.005,99.27,99.28,99.265,0,504,99.275,125849,0,0,"",0
"2021-08-23","BAXU22","BAX","BAX","BAX",0,"2022-09-19",0,1,99.09,99.095,179,120,0,5908,0,-0.005,99.095,99.105,99.085,0,377,99.095,120871,0,0,"",0
"2021-08-23","BAXZ22","BAX","BAX","BAX",0,"2022-12-19",0,1,98.92,98.925,15,173,0,3952,0,0,98.92,98.935,98.91,0,279,98.92,119334,0,0,"",0
"2021-08-23","BAXH23","BAX","BAX","BAX",0,"2023-03-13",0,1,98.76,98.765,137,100,0,3228,0,0.005,98.75,98.77,98.74,0,302,98.76,98894,0,0,"",0
"2021-08-23","BAXM23","BAX","BAX","BAX",0,"2023-06-19",0,1,98.64,98.65,44,124,0,3176,0,0.005,98.625,98.645,98.61,0,243,98.64,49335,0,0,"",0
"2021-08-23","BAXU23","BAX","BAX","BAX",0,"2023-09-18",0,1,0,98.565,0,87,0,711,0,0,98.55,98.565,98.55,0,51,98.56,35795,0,0,"",0
"2021-08-23","BAXZ23","BAX","BAX","BAX",0,"2023-12-18",0,1,98.495,98.51,92,50,0,2231,0,-0.005,98.47,98.505,98.47,0,129,98.5,43740,0,0,"",0
"2021-08-23","BAXH24","BAX","BAX","BAX",0,"2024-03-18",0,1,98.44,0,10,0,0,26,0,-0.005,98.415,98.45,98.415,0,11,98.445,10644,0,0,"",0
"2021-08-23","BAXM24","BAX","BAX","BAX",0,"2024-06-17",0,1,98.36,98.4,100,150,0,5,0,-0.035,98.36,98.365,98.36,0,3,98.39,2368,0,0,"",0
"2021-08-24","BAXU21","BAX","BAX","BAX",0,"2021-09-13",0,1,99.555,99.56,1337,38957,0,12369,0,0,99.555,99.56,99.555,0,367,99.555,163732,0,0,"",0
"2021-08-24","BAXV21","BAX","BAX","BAX",0,"2021-10-18",0,1,0,0,0,0,0,0,0,0,0,0,0,0,0,99.55,0,0,0,"",0
"2021-08-24","BAXX21","BAX","BAX","BAX",0,"2021-11-15",0,1,0,0,0,0,0,0,0,0,0,0,0,0,0,99.545,0,0,0,"",0
"2021-08-24","BAXZ21","BAX","BAX","BAX",0,"2021-12-13",0,1,99.51,99.515,2648,2209,0,4876,0,-0.005,99.515,99.52,99.51,0,408,99.515,226961,0,0,"",0
"2021-08-24","BAXH22","BAX","BAX","BAX",0,"2022-03-14",0,1,99.43,99.435,1038,253,0,8010,0,-0.005,99.435,99.44,99.43,0,244,99.435,216496,0,0,"",0
"2021-08-24","BAXM22","BAX","BAX","BAX",0,"2022-06-13",0,1,99.26,99.27,301,1168,0,4389,0,-0.005,99.265,99.275,99.26,0,303,99.27,121204,0,0,"",0
"2021-08-24","BAXU22","BAX","BAX","BAX",0,"2022-09-19",0,1,99.085,99.09,49,354,0,4506,0,-0.005,99.095,99.1,99.085,0,303,99.09,120268,0,0,"",0
"2021-08-24","BAXZ22","BAX","BAX","BAX",0,"2022-12-19",0,1,98.91,98.915,910,160,0,4341,0,0,98.92,98.925,98.91,0,233,98.915,114280,0,0,"",0
"2021-08-24","BAXH23","BAX","BAX","BAX",0,"2023-03-13",0,1,98.745,98.755,182,366,0,3888,0,-0.005,98.755,98.765,98.75,0,266,98.755,97098,0,0,"",0
"2021-08-24","BAXM23","BAX","BAX","BAX",0,"2023-06-19",0,1,98.625,98.635,98,67,0,816,0,-0.01,98.63,98.645,98.625,0,107,98.635,47428,0,0,"",0
"2021-08-24","BAXU23","BAX","BAX","BAX",0,"2023-09-18",0,1,98.535,0,50,0,0,938,0,-0.01,98.545,98.56,98.54,0,78,98.55,35400,0,0,"",0
"2021-08-24","BAXZ23","BAX","BAX","BAX",0,"2023-12-18",0,1,98.475,98.48,53,4,0,3208,0,-0.005,98.495,98.495,98.475,0,138,98.485,41070,0,0,"",0
"2021-08-24","BAXH24","BAX","BAX","BAX",0,"2024-03-18",0,1,0,0,0,0,0,146,0,0,0,0,0,0,5,98.425,10561,0,0,"",0
"2021-08-24","BAXM24","BAX","BAX","BAX",0,"2024-06-17",0,1,98.36,0,100,0,0,0,0,0,0,0,0,0,0,98.37,2055,0,0,"",0
"2021-08-25","BAXU21","BAX","BAX","BAX",0,"2021-09-13",0,1,99.55,99.555,20824,697,0,9200,0,0.005,99.555,99.555,99.55,0,252,99.55,171323,0,0,"",0
"2021-08-25","BAXV21","BAX","BAX","BAX",0,"2021-10-18",0,1,0,0,0,0,0,0,0,0,0,0,0,0,0,99.545,0,0,0,"",0
"2021-08-25","BAXX21","BAX","BAX","BAX",0,"2021-11-15",0,1,0,0,0,0,0,0,0,0,0,0,0,0,0,99.54,0,0,0,"",0
"2021-08-25","BAXZ21","BAX","BAX","BAX",0,"2021-12-13",0,1,99.51,99.515,1027,2787,99.51,1362,99.51,0,99.51,99.515,99.51,5075,102,99.51,225818,0,0,"",0
"2021-08-25","BAXH22","BAX","BAX","BAX",0,"2022-03-14",0,1,99.425,99.43,963,308,0,5890,0,-0.005,99.435,99.435,99.425,0,313,99.43,217286,0,0,"",0
"2021-08-25","BAXM22","BAX","BAX","BAX",0,"2022-06-13",0,1,99.25,99.255,118,287,99.25,7896,99.255,-0.005,99.27,99.27,99.25,297,401,99.255,115829,0,0,"",0
"2021-08-25","BAXU22","BAX","BAX","BAX",0,"2022-09-19",0,1,99.07,99.075,162,126,99.075,7856,99.075,0,99.085,99.09,99.07,5151,696,99.075,120256,0,0,"",0
"2021-08-25","BAXZ22","BAX","BAX","BAX",0,"2022-12-19",0,1,98.9,98.905,95,269,98.9,5493,98.9,0,98.91,98.92,98.895,25217,478,98.9,113653,0,0,"",0
"2021-08-25","BAXH23","BAX","BAX","BAX",0,"2023-03-13",0,1,98.73,98.735,422,536,98.735,6343,98.73,0.005,98.745,98.76,98.73,296,743,98.73,97806,0,0,"",0
"2021-08-25","BAXM23","BAX","BAX","BAX",0,"2023-06-19",0,1,98.605,98.61,128,29,98.605,1999,98.605,0,98.625,98.63,98.605,7888,218,98.605,46695,0,0,"",0
"2021-08-25","BAXU23","BAX","BAX","BAX",0,"2023-09-18",0,1,98.52,98.525,15,50,0,1375,0,-0.03,98.535,98.545,98.515,0,91,98.52,34677,0,0,"",0
"2021-08-25","BAXZ23","BAX","BAX","BAX",0,"2023-12-18",0,1,98.45,98.465,185,22,0,2478,0,0,98.475,98.475,98.455,0,113,98.46,41022,0,0,"",0
"2021-08-25","BAXH24","BAX","BAX","BAX",0,"2024-03-18",0,1,0,0,0,0,0,166,0,-0.025,98.41,98.41,98.4,0,11,98.4,10688,0,0,"",0
"2021-08-25","BAXM24","BAX","BAX","BAX",0,"2024-06-17",0,1,0,0,0,0,0,199,0,-0.01,98.36,98.36,98.36,0,13,98.345,2050,0,0,"",0
"2021-08-26","BAXU21","BAX","BAX","BAX",0,"2021-09-13",0,1,99.55,99.555,23415,5345,0,2361,0,0.005,99.555,99.555,99.55,0,111,99.55,172080,0,0,"",0
"2021-08-26","BAXV21","BAX","BAX","BAX",0,"2021-10-18",0,1,0,0,0,0,0,0,0,0,0,0,0,0,0,99.545,0,0,0,"",0
"2021-08-26","BAXX21","BAX","BAX","BAX",0,"2021-11-15",0,1,0,0,0,0,0,0,0,0,0,0,0,0,0,99.54,0,0,0,"",0
"2021-08-26","BAXZ21","BAX","BAX","BAX",0,"2021-12-13",0,1,99.505,99.51,2396,1767,0,12854,0,-0.005,99.51,99.515,99.505,0,512,99.51,225968,0,0,"",0
"2021-08-26","BAXH22","BAX","BAX","BAX",0,"2022-03-14",0,1,99.42,99.43,759,715,99.425,7281,99.43,-0.005,99.43,99.43,99.42,4772,561,99.43,216413,0,0,"",0
"2021-08-26","BAXM22","BAX","BAX","BAX",0,"2022-06-13",0,1,99.245,99.255,424,624,99.25,7715,99.255,-0.005,99.255,99.255,99.245,4764,339,99.255,118508,0,0,"",0
"2021-08-26","BAXU22","BAX","BAX","BAX",0,"2022-09-19",0,1,99.065,99.075,211,283,0,7273,0,-0.01,99.07,99.08,99.065,0,410,99.08,121357,0,0,"",0
"2021-08-26","BAXZ22","BAX","BAX","BAX",0,"2022-12-19",0,1,98.895,98.905,274,162,98.9,5659,98.905,-0.005,98.9,98.905,98.89,3362,345,98.905,113827,0,0,"",0
"2021-08-26","BAXH23","BAX","BAX","BAX",0,"2023-03-13",0,1,98.725,98.735,217,137,0,5193,0,0,98.73,98.74,98.72,0,898,98.735,100611,0,0,"",0
"2021-08-26","BAXM23","BAX","BAX","BAX",0,"2023-06-19",0,1,98.6,98.605,160,20,98.6,2943,98.605,-0.005,98.6,98.615,98.59,493,239,98.605,47443,0,0,"",0
"2021-08-26","BAXU23","BAX","BAX","BAX",0,"2023-09-18",0,1,0,98.53,0,110,0,747,0,0,98.52,98.53,98.505,0,81,98.52,34609,0,0,"",0
"2021-08-26","BAXZ23","BAX","BAX","BAX",0,"2023-12-18",0,1,98.45,98.455,60,48,98.455,1941,98.46,-0.005,98.46,98.465,98.44,196,158,98.46,42338,0,0,"",0
"2021-08-26","BAXH24","BAX","BAX","BAX",0,"2024-03-18",0,1,98.38,0,10,0,0,167,0,-0.015,98.385,98.385,98.38,0,17,98.4,10653,0,0,"",0
"2021-08-26","BAXM24","BAX","BAX","BAX",0,"2024-06-17",0,1,0,0,0,0,0,17,0,-0.025,98.325,98.335,98.32,0,5,98.345,2092,0,0,"",0
"2021-08-27","BAXU21","BAX","BAX","BAX",0,"2021-09-13",0,1,99.55,99.555,14756,15937,0,5185,0,0,99.55,99.555,99.55,0,163,99.55,172153,0,0,"",0
"2021-08-27","BAXV21","BAX","BAX","BAX",0,"2021-10-18",0,1,0,0,0,0,0,0,0,0,0,0,0,0,0,99.545,0,0,0,"",0
"2021-08-27","BAXX21","BAX","BAX","BAX",0,"2021-11-15",0,1,0,0,0,0,0,0,0,0,0,0,0,0,0,99.54,0,0,0,"",0
"2021-08-27","BAXZ21","BAX","BAX","BAX",0,"2021-12-13",0,1,99.51,99.515,470,2871,0,11380,0,0.005,99.505,99.515,99.505,0,529,99.51,230982,0,0,"",0
"2021-08-27","BAXH22","BAX","BAX","BAX",0,"2022-03-14",0,1,99.43,99.435,1125,257,0,8419,0,0,99.43,99.44,99.42,0,409,99.43,217453,0,0,"",0
"2021-08-27","BAXM22","BAX","BAX","BAX",0,"2022-06-13",0,1,99.265,99.27,198,742,0,12767,0,0,99.255,99.27,99.24,0,492,99.265,118569,0,0,"",0
"2021-08-27","BAXU22","BAX","BAX","BAX",0,"2022-09-19",0,1,99.09,99.1,584,179,0,13545,0,-0.005,99.075,99.1,99.065,0,560,99.095,122988,0,0,"",0
"2021-08-27","BAXZ22","BAX","BAX","BAX",0,"2022-12-19",0,1,98.92,98.93,76,92,0,9918,0,0.005,98.905,98.925,98.89,0,493,98.92,112153,0,0,"",0
"2021-08-27","BAXH23","BAX","BAX","BAX",0,"2023-03-13",0,1,98.755,98.76,141,135,0,4313,0,0.005,98.735,98.76,98.72,0,291,98.755,99809,0,0,"",0
"2021-08-27","BAXM23","BAX","BAX","BAX",0,"2023-06-19",0,1,98.63,98.635,24,25,0,2283,0,0.005,98.605,98.64,98.59,0,560,98.625,48021,0,0,"",0
"2021-08-27","BAXU23","BAX","BAX","BAX",0,"2023-09-18",0,1,98.545,0,15,0,0,2110,0,0.005,98.515,98.55,98.505,0,82,98.54,35122,0,0,"",0
"2021-08-27","BAXZ23","BAX","BAX","BAX",0,"2023-12-18",0,1,98.48,98.49,10,9,0,4144,0,0,98.45,98.49,98.44,0,650,98.48,41027,0,0,"",0
"2021-08-27","BAXH24","BAX","BAX","BAX",0,"2024-03-18",0,1,0,0,0,0,0,201,0,0,98.425,98.425,98.42,0,11,98.42,10747,0,0,"",0
"2021-08-27","BAXM24","BAX","BAX","BAX",0,"2024-06-17",0,1,0,0,0,0,0,6,0,0,0,0,0,0,3,98.365,2040,0,0,"",0
"2021-08-30","BAXU21","BAX","BAX","BAX",0,"2021-09-13",0,1,99.55,99.555,18213,10878,0,1750,0,0,99.55,99.555,99.55,0,40,99.555,170206,0,0,"",0
"2021-08-30","BAXV21","BAX","BAX","BAX",0,"2021-10-18",0,1,0,0,0,0,0,0,0,0,0,0,0,0,0,99.55,0,0,0,"",0
"2021-08-30","BAXX21","BAX","BAX","BAX",0,"2021-11-15",0,1,0,0,0,0,0,0,0,0,0,0,0,0,0,99.545,0,0,0,"",0
"2021-08-30","BAXZ21","BAX","BAX","BAX",0,"2021-12-13",0,1,99.515,99.52,410,3125,0,5910,0,-0.005,99.51,99.52,99.51,0,245,99.52,228357,0,0,"",0
"2021-08-30","BAXH22","BAX","BAX","BAX",0,"2022-03-14",0,1,99.44,99.445,630,288,0,8236,0,0,99.435,99.45,99.43,0,540,99.445,218185,0,0,"",0
"2021-08-30","BAXM22","BAX","BAX","BAX",0,"2022-06-13",0,1,99.285,99.295,491,293,0,5767,0,0.005,99.265,99.295,99.265,0,284,99.285,118187,0,0,"",0
"2021-08-30","BAXU22","BAX","BAX","BAX",0,"2022-09-19",0,1,99.12,99.125,310,159,0,7783,0,0,99.09,99.125,99.09,0,294,99.125,125635,0,0,"",0
"2021-08-30","BAXZ22","BAX","BAX","BAX",0,"2022-12-19",0,1,98.955,98.96,469,127,0,3259,0,0,98.915,98.96,98.915,0,236,98.96,116541,0,0,"",0
"2021-08-30","BAXH23","BAX","BAX","BAX",0,"2023-03-13",0,1,98.795,98.805,77,165,0,3008,0,0.005,98.75,98.8,98.745,0,175,98.795,99319,0,0,"",0
"2021-08-30","BAXM23","BAX","BAX","BAX",0,"2023-06-19",0,1,98.67,98.685,133,209,0,3034,0,0.005,98.63,98.68,98.62,0,1018,98.675,47180,0,0,"",0
"2021-08-30","BAXU23","BAX","BAX","BAX",0,"2023-09-18",0,1,98.585,98.595,121,50,0,1177,0,0.005,98.53,98.595,98.53,0,48,98.59,35971,0,0,"",0
"2021-08-30","BAXZ23","BAX","BAX","BAX",0,"2023-12-18",0,1,98.525,98.535,216,100,0,2133,0,0,98.475,98.53,98.475,0,89,98.53,41702,0,0,"",0
"2021-08-30","BAXH24","BAX","BAX","BAX",0,"2024-03-18",0,1,0,98.48,0,4,0,25,0,0.045,98.425,98.465,98.425,0,11,98.47,10686,0,0,"",0
"2021-08-30","BAXM24","BAX","BAX","BAX",0,"2024-06-17",0,1,0,98.425,0,25,0,0,0,0,0,0,0,0,0,98.415,2043,0,0,"",0
"2021-08-31","BAXU21","BAX","BAX","BAX",0,"2021-09-13",0,1,99.55,99.555,21992,12654,0,6842,0,0,99.555,99.555,99.55,0,141,99.55,169700,0,0,"",0
"2021-08-31","BAXV21","BAX","BAX","BAX",0,"2021-10-18",0,1,0,0,0,0,0,0,0,0,0,0,0,0,0,99.545,0,0,0,"",0
"2021-08-31","BAXX21","BAX","BAX","BAX",0,"2021-11-15",0,1,0,0,0,0,0,0,0,0,0,0,0,0,0,99.54,0,0,0,"",0
"2021-08-31","BAXZ21","BAX","BAX","BAX",0,"2021-12-13",0,1,99.51,99.515,3537,50,0,6979,0,0.005,99.52,99.525,99.51,0,331,99.515,224605,0,0,"",0
"2021-08-31","BAXH22","BAX","BAX","BAX",0,"2022-03-14",0,1,99.45,99.455,842,272,0,15166,0,0,99.445,99.465,99.44,0,598,99.45,217666,0,0,"",0
"2021-08-31","BAXM22","BAX","BAX","BAX",0,"2022-06-13",0,1,99.3,99.305,414,23,99.305,15981,99.305,0,99.29,99.335,99.28,9929,730,99.305,114760,0,0,"",0
"2021-08-31","BAXU22","BAX","BAX","BAX",0,"2022-09-19",0,1,99.13,99.14,170,182,99.135,16408,99.14,-0.005,99.12,99.165,99.11,5054,1429,99.14,123864,0,0,"",0
"2021-08-31","BAXZ22","BAX","BAX","BAX",0,"2022-12-19",0,1,98.96,98.965,234,7,98.965,19814,98.97,-0.005,98.96,99.005,98.935,48285,914,98.97,114752,0,0,"",0
"2021-08-31","BAXH23","BAX","BAX","BAX",0,"2023-03-13",0,1,98.79,98.8,49,116,98.8,15140,98.8,0,98.8,98.84,98.77,9976,856,98.8,100026,0,0,"",0
"2021-08-31","BAXM23","BAX","BAX","BAX",0,"2023-06-19",0,1,98.655,98.675,132,80,98.665,10448,98.67,-0.005,98.685,98.71,98.645,9963,1114,98.67,46326,0,0,"",0
"2021-08-31","BAXU23","BAX","BAX","BAX",0,"2023-09-18",0,1,98.57,98.585,10,143,0,5095,0,0,98.595,98.625,98.56,0,348,98.585,35573,0,0,"",0
"2021-08-31","BAXZ23","BAX","BAX","BAX",0,"2023-12-18",0,1,98.505,98.51,10,21,98.505,7131,98.525,-0.02,98.535,98.565,98.5,24619,550,98.525,40330,0,0,"",0
"2021-08-31","BAXH24","BAX","BAX","BAX",0,"2024-03-18",0,1,98.43,98.455,1,1,98.43,417,98.465,-0.035,98.485,98.5,98.43,1673,31,98.465,10678,0,0,"",0
"2021-08-31","BAXM24","BAX","BAX","BAX",0,"2024-06-17",0,1,98.37,98.395,1,1,0,130,0,-0.01,98.435,98.435,98.405,0,8,98.41,2043,0,0,"",0
"2021-09-01","BAXU21","BAX","BAX","BAX",0,"2021-09-13",0,1,99.545,99.55,23759,4268,99.55,21652,99.545,0.005,99.555,99.555,99.545,297,328,99.545,172572,0,0,"",0
"2021-09-01","BAXV21","BAX","BAX","BAX",0,"2021-10-18",0,1,0,0,0,0,0,0,0,0,0,0,0,0,0,99.54,0,0,0,"",0
"2021-09-01","BAXX21","BAX","BAX","BAX",0,"2021-11-15",0,1,0,0,0,0,0,0,0,0,0,0,0,0,0,99.535,0,0,0,"",0
"2021-09-01","BAXZ21","BAX","BAX","BAX",0,"2021-12-13",0,1,99.51,99.515,1941,5146,0,5909,0,0,99.515,99.52,99.51,0,285,99.51,222739,0,0,"",0
"2021-09-01","BAXH22","BAX","BAX","BAX",0,"2022-03-14",0,1,99.45,99.455,991,774,0,11450,0,0.005,99.455,99.46,99.445,0,791,99.45,221785,0,0,"",0
"2021-09-01","BAXM22","BAX","BAX","BAX",0,"2022-06-13",0,1,99.32,99.325,45,262,99.32,13430,99.315,0.005,99.3,99.33,99.295,2483,838,99.315,119141,0,0,"",0
"2021-09-01","BAXU22","BAX","BAX","BAX",0,"2022-09-19",0,1,99.155,99.16,338,6,99.16,11632,99.155,0.005,99.13,99.16,99.125,24095,831,99.155,129156,0,0,"",0
"2021-09-01","BAXZ22","BAX","BAX","BAX",0,"2022-12-19",0,1,98.985,99,365,398,98.99,12992,98.985,0.005,98.96,98.995,98.95,12471,609,98.985,120912,0,0,"",0
"2021-09-01","BAXH23","BAX","BAX","BAX",0,"2023-03-13",0,1,98.815,98.83,182,127,0,10643,0,0.01,98.8,98.825,98.775,0,627,98.815,102513,0,0,"",0
"2021-09-01","BAXM23","BAX","BAX","BAX",0,"2023-06-19",0,1,98.685,98.7,61,85,98.7,4700,98.685,0.015,98.665,98.7,98.64,26149,451,98.685,49630,0,0,"",0
"2021-09-01","BAXU23","BAX","BAX","BAX",0,"2023-09-18",0,1,98.57,98.615,7,3,0,1011,0,0.01,98.575,98.6,98.55,0,103,98.59,36386,0,0,"",0
"2021-09-01","BAXZ23","BAX","BAX","BAX",0,"2023-12-18",0,1,98.52,98.57,100,51,98.525,4652,98.52,0.005,98.5,98.53,98.475,2463,307,98.52,39374,0,0,"",0
"2021-09-01","BAXH24","BAX","BAX","BAX",0,"2024-03-18",0,1,0,0,0,0,98.45,578,98.455,-0.005,98.445,98.46,98.44,2460,39,98.455,10878,0,0,"",0
"2021-09-01","BAXM24","BAX","BAX","BAX",0,"2024-06-17",0,1,0,0,0,0,0,62,0,-0.035,98.385,98.385,98.375,0,8,98.4,2163,0,0,"",0
"2021-09-02","BAXU21","BAX","BAX","BAX",0,"2021-09-13",0,1,99.545,99.55,24672,7096,0,3801,0,0.005,99.55,99.55,99.545,0,84,99.545,182961,0,0,"",0
"2021-09-02","BAXV21","BAX","BAX","BAX",0,"2021-10-18",0,1,0,0,0,0,0,0,0,0,0,0,0,0,0,99.54,0,0,0,"",0
"2021-09-02","BAXX21","BAX","BAX","BAX",0,"2021-11-15",0,1,0,0,0,0,0,0,0,0,0,0,0,0,0,99.535,0,0,0,"",0
"2021-09-02","BAXZ21","BAX","BAX","BAX",0,"2021-12-13",0,1,99.51,99.515,3910,1057,0,5005,0,-0.005,99.51,99.515,99.51,0,203,99.515,223458,0,0,"",0
"2021-09-02","BAXH22","BAX","BAX","BAX",0,"2022-03-14",0,1,99.45,99.46,1318,917,0,7291,0,0,99.455,99.46,99.45,0,309,99.455,218521,0,0,"",0
"2021-09-02","BAXM22","BAX","BAX","BAX",0,"2022-06-13",0,1,99.315,99.325,1092,548,0,11379,0,-0.005,99.325,99.33,99.315,0,493,99.32,119083,0,0,"",0
"2021-09-02","BAXU22","BAX","BAX","BAX",0,"2022-09-19",0,1,99.155,99.16,497,14,0,16613,0,0,99.16,99.17,99.155,0,1354,99.16,128462,0,0,"",0
"2021-09-02","BAXZ22","BAX","BAX","BAX",0,"2022-12-19",0,1,98.985,98.995,302,220,0,11708,0,0,98.995,99,98.985,0,618,98.99,122456,0,0,"",0
"2021-09-02","BAXH23","BAX","BAX","BAX",0,"2023-03-13",0,1,98.82,98.83,275,161,0,12688,0,0.005,98.825,98.835,98.815,0,770,98.82,101522,0,0,"",0
"2021-09-02","BAXM23","BAX","BAX","BAX",0,"2023-06-19",0,1,98.69,98.695,428,52,0,2944,0,0.005,98.69,98.7,98.68,0,238,98.69,50286,0,0,"",0
"2021-09-02","BAXU23","BAX","BAX","BAX",0,"2023-09-18",0,1,98.595,98.6,1,8,0,2334,0,0.005,98.595,98.61,98.585,0,274,98.595,35316,0,0,"",0
"2021-09-02","BAXZ23","BAX","BAX","BAX",0,"2023-12-18",0,1,98.515,98.52,1,12,0,5278,0,-0.01,98.54,98.54,98.515,0,421,98.53,39166,0,0,"",0
"2021-09-02","BAXH24","BAX","BAX","BAX",0,"2024-03-18",0,1,98.44,98.46,1,1,0,173,0,-0.025,98.45,98.455,98.44,0,18,98.465,10838,0,0,"",0
"2021-09-02","BAXM24","BAX","BAX","BAX",0,"2024-06-17",0,1,98.37,98.4,1,1,0,4,0,-0.01,98.4,98.4,98.4,0,1,98.41,2150,0,0,"",0
"2021-09-03","BAXU21","BAX","BAX","BAX",0,"2021-09-13",0,1,99.545,99.55,26009,185,0,10578,0,0.005,99.55,99.55,99.545,0,229,99.545,174967,0,0,"",0
"2021-09-03","BAXV21","BAX","BAX","BAX",0,"2021-10-18",0,1,0,0,0,0,0,0,0,0,0,0,0,0,0,99.54,0,0,0,"",0
"2021-09-03","BAXX21","BAX","BAX","BAX",0,"2021-11-15",0,1,0,0,0,0,0,0,0,0,0,0,0,0,0,99.535,0,0,0,"",0
"2021-09-03","BAXZ21","BAX","BAX","BAX",0,"2021-12-13",0,1,99.515,99.52,4262,467,0,4385,0,0,99.515,99.52,99.515,0,209,99.515,224061,0,0,"",0
"2021-09-03","BAXH22","BAX","BAX","BAX",0,"2022-03-14",0,1,99.465,99.47,151,1089,0,6354,0,0.005,99.455,99.47,99.455,0,552,99.465,221591,0,0,"",0
"2021-09-03","BAXM22","BAX","BAX","BAX",0,"2022-06-13",0,1,99.34,99.345,8,115,0,8159,0,0.005,99.325,99.345,99.32,0,649,99.34,120282,0,0,"",0
"2021-09-03","BAXU22","BAX","BAX","BAX",0,"2022-09-19",0,1,99.18,99.185,4,223,0,10512,0,0,99.155,99.185,99.155,0,729,99.185,130767,0,0,"",0
"2021-09-03","BAXZ22","BAX","BAX","BAX",0,"2022-12-19",0,1,99.005,99.01,33,11,0,12630,0,-0.005,98.995,99.015,98.99,0,821,99.01,126252,0,0,"",0
"2021-09-03","BAXH23","BAX","BAX","BAX",0,"2023-03-13",0,1,98.83,98.84,5,1,0,10537,0,-0.005,98.83,98.845,98.815,0,691,98.84,103271,0,0,"",0
"2021-09-03","BAXM23","BAX","BAX","BAX",0,"2023-06-19",0,1,98.7,98.715,7,38,0,4448,0,-0.005,98.695,98.715,98.68,0,437,98.705,50464,0,0,"",0
"2021-09-03","BAXU23","BAX","BAX","BAX",0,"2023-09-18",0,1,98.585,98.615,22,195,0,2543,0,0,98.6,98.615,98.585,0,220,98.61,36607,0,0,"",0
"2021-09-03","BAXZ23","BAX","BAX","BAX",0,"2023-12-18",0,1,98.525,98.54,325,127,0,3521,0,-0.01,98.52,98.54,98.515,0,215,98.54,38151,0,0,"",0
"2021-09-03","BAXH24","BAX","BAX","BAX",0,"2024-03-18",0,1,98.445,98.47,25,100,0,470,0,-0.015,98.445,98.465,98.445,0,36,98.47,10807,0,0,"",0
"2021-09-03","BAXM24","BAX","BAX","BAX",0,"2024-06-17",0,1,0,0,0,0,0,50,0,0,0,0,0,0,1,98.405,2146,0,0,"",0
"2021-09-07","BAXU21","BAX","BAX","BAX",0,"2021-09-13",0,1,99.545,99.55,23804,5326,99.545,3966,99.545,0,99.55,99.55,99.545,2087,329,99.545,176088,0,0,"",0
"2021-09-07","BAXV21","BAX","BAX","BAX",0,"2021-10-18",0,1,0,0,0,0,0,0,0,0,0,0,0,0,0,99.54,0,0,0,"",0
"2021-09-07","BAXX21","BAX","BAX","BAX",0,"2021-11-15",0,1,0,0,0,0,0,0,0,0,0,0,0,0,0,99.535,0,0,0,"",0
"2021-09-07","BAXZ21","BAX","BAX","BAX",0,"2021-12-13",0,1,99.515,99.52,123,3486,99.52,9708,99.515,0.005,99.52,99.525,99.515,1191,524,99.515,220523,0,0,"",0
"2021-09-07","BAXH22","BAX","BAX","BAX",0,"2022-03-14",0,1,99.465,99.47,530,1143,0,7772,0,0,99.47,99.47,99.46,0,428,99.47,220088,0,0,"",0
"2021-09-07","BAXM22","BAX","BAX","BAX",0,"2022-06-13",0,1,99.34,99.345,409,343,99.34,13871,99.345,-0.005,99.34,99.35,99.335,9931,733,99.345,120363,0,0,"",0
"2021-09-07","BAXU22","BAX","BAX","BAX",0,"2022-09-19",0,1,99.175,99.18,199,85,99.18,14788,99.18,0,99.185,99.185,99.165,9817,1309,99.18,131655,0,0,"",0
"2021-09-07","BAXZ22","BAX","BAX","BAX",0,"2022-12-19",0,1,98.99,99,300,161,0,12883,0,-0.005,99.005,99.005,98.985,0,807,99,124878,0,0,"",0
"2021-09-07","BAXH23","BAX","BAX","BAX",0,"2023-03-13",0,1,98.815,98.82,187,227,98.815,12631,98.82,-0.005,98.835,98.835,98.805,4741,915,98.82,104311,0,0,"",0
"2021-09-07","BAXM23","BAX","BAX","BAX",0,"2023-06-19",0,1,98.67,98.685,76,231,98.675,6403,98.675,0,98.7,98.7,98.665,4735,689,98.675,50923,0,0,"",0
"2021-09-07","BAXU23","BAX","BAX","BAX",0,"2023-09-18",0,1,98.575,98.58,38,32,98.575,2990,98.575,0,98.59,98.59,98.57,13110,564,98.575,34100,0,0,"",0
"2021-09-07","BAXZ23","BAX","BAX","BAX",0,"2023-12-18",0,1,98.49,98.5,815,11,98.495,4583,98.505,-0.01,98.525,98.525,98.495,17726,486,98.505,38006,0,0,"",0
"2021-09-07","BAXH24","BAX","BAX","BAX",0,"2024-03-18",0,1,0,98.43,0,100,98.415,226,98.435,-0.02,98.43,98.43,98.415,2460,70,98.435,10671,0,0,"",0
"2021-09-07","BAXM24","BAX","BAX","BAX",0,"2024-06-17",0,1,0,0,0,0,0,7,0,-0.05,98.375,98.375,98.355,0,4,98.37,2200,0,0,"",0
"2021-09-08","BAXU21","BAX","BAX","BAX",0,"2021-09-13",0,1,99.545,99.55,24111,8342,0,3118,0,-0.005,99.55,99.55,99.545,0,108,99.55,173196,0,0,"",0
"2021-09-08","BAXV21","BAX","BAX","BAX",0,"2021-10-18",0,1,0,0,0,0,0,0,0,0,0,0,0,0,0,99.545,0,0,0,"",0
"2021-09-08","BAXX21","BAX","BAX","BAX",0,"2021-11-15",0,1,0,0,0,0,0,0,0,0,0,0,0,0,0,99.54,0,0,0,"",0
"2021-09-08","BAXZ21","BAX","BAX","BAX",0,"2021-12-13",0,1,99.52,99.525,346,5882,0,10291,0,0.005,99.515,99.525,99.515,0,354,99.52,227065,0,0,"",0
"2021-09-08","BAXH22","BAX","BAX","BAX",0,"2022-03-14",0,1,99.48,99.485,638,963,0,12905,0,0,99.47,99.485,99.465,0,1152,99.485,221985,0,0,"",0
"2021-09-08","BAXM22","BAX","BAX","BAX",0,"2022-06-13",0,1,99.36,99.365,274,856,0,19431,0,0,99.34,99.365,99.34,0,1155,99.36,123974,0,0,"",0
"2021-09-08","BAXU22","BAX","BAX","BAX",0,"2022-09-19",0,1,99.195,99.2,235,102,0,12555,0,0,99.19,99.205,99.18,0,672,99.2,136784,0,0,"",0
"2021-09-08","BAXZ22","BAX","BAX","BAX",0,"2022-12-19",0,1,99.01,99.015,2216,109,0,18342,0,-0.01,99,99.025,99,0,867,99.02,123241,0,0,"",0
"2021-09-08","BAXH23","BAX","BAX","BAX",0,"2023-03-13",0,1,98.83,98.835,465,15,0,5549,0,-0.005,98.825,98.845,98.825,0,375,98.84,103138,0,0,"",0
"2021-09-08","BAXM23","BAX","BAX","BAX",0,"2023-06-19",0,1,98.69,98.695,41,33,0,3661,0,0,98.68,98.705,98.68,0,328,98.695,53367,0,0,"",0
"2021-09-08","BAXU23","BAX","BAX","BAX",0,"2023-09-18",0,1,98.59,98.605,44,638,0,1259,0,0,98.595,98.61,98.585,0,183,98.6,36058,0,0,"",0
"2021-09-08","BAXZ23","BAX","BAX","BAX",0,"2023-12-18",0,1,98.515,98.53,134,35,0,5314,0,0,98.51,98.53,98.51,0,354,98.525,37488,0,0,"",0
"2021-09-08","BAXH24","BAX","BAX","BAX",0,"2024-03-18",0,1,98.43,98.455,1,201,0,74,0,-0.005,98.445,98.45,98.445,0,26,98.455,10658,0,0,"",0
"2021-09-08","BAXM24","BAX","BAX","BAX",0,"2024-06-17",0,1,98.36,98.395,1,1,0,0,0,0,0,0,0,0,0,98.39,2176,0,0,"",0
"2021-09-09","BAXU21","BAX","BAX","BAX",0,"2021-09-13",0,1,99.545,99.55,28215,10264,0,2785,0,0.005,99.55,99.55,99.545,0,104,99.545,172753,0,0,"",0
"2021-09-09","BAXV21","BAX","BAX","BAX",0,"2021-10-18",0,1,0,0,0,0,0,0,0,0,0,0,0,0,0,99.54,0,0,0,"",0
"2021-09-09","BAXX21","BAX","BAX","BAX",0,"2021-11-15",0,1,0,0,0,0,0,0,0,0,0,0,0,0,0,99.535,0,0,0,"",0
"2021-09-09","BAXZ21","BAX","BAX","BAX",0,"2021-12-13",0,1,99.515,99.52,4647,5282,0,8332,0,0.005,99.52,99.525,99.515,0,431,99.515,230217,0,0,"",0
"2021-09-09","BAXH22","BAX","BAX","BAX",0,"2022-03-14",0,1,99.475,99.48,245,698,0,18990,0,0.005,99.485,99.49,99.47,0,879,99.475,223167,0,0,"",0
"2021-09-09","BAXM22","BAX","BAX","BAX",0,"2022-06-13",0,1,99.345,99.35,230,156,0,24992,0,0,99.365,99.375,99.34,0,993,99.35,124057,0,0,"",0
"2021-09-09","BAXU22","BAX","BAX","BAX",0,"2022-09-19",0,1,99.185,99.19,659,92,0,24430,0,0,99.21,99.215,99.17,0,1514,99.185,136856,0,0,"",0
"2021-09-09","BAXZ22","BAX","BAX","BAX",0,"2022-12-19",0,1,99,99.005,440,368,0,18684,0,0,99.015,99.02,98.985,0,1067,99.005,125754,0,0,"",0
"2021-09-09","BAXH23","BAX","BAX","BAX",0,"2023-03-13",0,1,98.825,98.83,63,590,0,17876,0,0,98.835,98.84,98.805,0,1029,98.825,100319,0,0,"",0
"2021-09-09","BAXM23","BAX","BAX","BAX",0,"2023-06-19",0,1,98.685,98.7,78,96,0,9576,0,0,98.695,98.7,98.67,0,716,98.685,53996,0,0,"",0
"2021-09-09","BAXU23","BAX","BAX","BAX",0,"2023-09-18",0,1,98.58,98.605,168,185,0,6739,0,0.015,98.6,98.605,98.57,0,467,98.59,35965,0,0,"",0
"2021-09-09","BAXZ23","BAX","BAX","BAX",0,"2023-12-18",0,1,98.525,98.54,95,200,0,3337,0,0.005,98.525,98.53,98.51,0,253,98.525,37838,0,0,"",0
"2021-09-09","BAXH24","BAX","BAX","BAX",0,"2024-03-18",0,1,0,0,0,0,0,955,0,0,98.455,98.455,98.455,0,44,98.46,10622,0,0,"",0
"2021-09-09","BAXM24","BAX","BAX","BAX",0,"2024-06-17",0,1,98.3,0,5,0,0,23,0,0.005,98.395,98.395,98.395,0,12,98.4,2172,0,0,"",0
"2021-09-10","BAXU21","BAX","BAX","BAX",0,"2021-09-13",0,1,99.545,99.55,28924,7277,0,2572,0,0,99.55,99.55,99.545,0,38,99.545,173401,0,0,"",0
"2021-09-10","BAXV21","BAX","BAX","BAX",0,"2021-10-18",0,1,0,0,0,0,0,0,0,0,0,0,0,0,0,99.54,0,0,0,"",0
"2021-09-10","BAXX21","BAX","BAX","BAX",0,"2021-11-15",0,1,0,0,0,0,0,0,0,0,0,0,0,0,0,99.535,0,0,0,"",0
"2021-09-10","BAXZ21","BAX","BAX","BAX",0,"2021-12-13",0,1,99.515,99.52,3407,4610,0,9693,0,0.005,99.515,99.52,99.515,0,324,99.515,233227,0,0,"",0
"2021-09-10","BAXH22","BAX","BAX","BAX",0,"2022-03-14",0,1,99.465,99.47,544,326,0,12052,0,0,99.48,99.48,99.46,0,723,99.47,226482,0,0,"",0
"2021-09-10","BAXM22","BAX","BAX","BAX",0,"2022-06-13",0,1,99.33,99.335,297,227,0,13506,0,-0.005,99.345,99.35,99.32,0,1017,99.335,125911,0,0,"",0
"2021-09-10","BAXU22","BAX","BAX","BAX",0,"2022-09-19",0,1,99.165,99.17,95,316,0,12841,0,-0.005,99.175,99.185,99.155,0,872,99.17,142203,0,0,"",0
"2021-09-10","BAXZ22","BAX","BAX","BAX",0,"2022-12-19",0,1,98.98,98.985,47,56,0,10660,0,0,98.995,99,98.97,0,619,98.98,125739,0,0,"",0
"2021-09-10","BAXH23","BAX","BAX","BAX",0,"2023-03-13",0,1,98.8,98.805,20,51,0,8169,0,0,98.81,98.82,98.795,0,523,98.8,107654,0,0,"",0
"2021-09-10","BAXM23","BAX","BAX","BAX",0,"2023-06-19",0,1,98.66,98.67,70,258,0,3715,0,0.005,98.675,98.685,98.66,0,257,98.66,59649,0,0,"",0
"2021-09-10","BAXU23","BAX","BAX","BAX",0,"2023-09-18",0,1,98.57,98.58,5,53,0,2733,0,0.015,98.575,98.58,98.565,0,144,98.565,40298,0,0,"",0
"2021-09-10","BAXZ23","BAX","BAX","BAX",0,"2023-12-18",0,1,98.505,98.52,7,135,0,3192,0,0.005,98.515,98.52,98.5,0,229,98.505,39529,0,0,"",0
"2021-09-10","BAXH24","BAX","BAX","BAX",0,"2024-03-18",0,1,98.415,98.445,40,272,0,481,0,-0.015,98.435,98.445,98.435,0,35,98.445,10701,0,0,"",0
"2021-09-10","BAXM24","BAX","BAX","BAX",0,"2024-06-17",0,1,0,98.385,0,80,0,507,0,-0.025,98.375,98.375,98.375,0,22,98.385,2186,0,0,"",0
"2021-09-13","BAXU21","BAX","BAX","BAX",0,"2021-09-13",0,1,0,0,0,0,0,728,0,0.005,99.55,99.55,99.55,0,9,99.55,171099,0,0,"",0
"2021-09-13","BAXV21","BAX","BAX","BAX",0,"2021-10-18",0,1,0,0,0,0,0,0,0,0,0,0,0,0,0,99.55,0,0,0,"",0
"2021-09-13","BAXX21","BAX","BAX","BAX",0,"2021-11-15",0,1,0,0,0,0,0,0,0,0,0,0,0,0,0,99.545,0,0,0,"",0
"2021-09-13","BAXZ21","BAX","BAX","BAX",0,"2021-12-13",0,1,99.52,99.525,4076,4331,0,10245,0,0,99.515,99.525,99.515,0,248,99.525,233122,0,0,"",0
"2021-09-13","BAXH22","BAX","BAX","BAX",0,"2022-03-14",0,1,99.465,99.47,1653,1236,0,14461,0,0,99.47,99.475,99.465,0,2649,99.47,223642,0,0,"",0
"2021-09-13","BAXM22","BAX","BAX","BAX",0,"2022-06-13",0,1,99.335,99.345,855,516,0,16344,0,-0.005,99.335,99.35,99.335,0,2746,99.345,127181,0,0,"",0
"2021-09-13","BAXU22","BAX","BAX","BAX",0,"2022-09-19",0,1,99.165,99.17,31,111,0,13072,0,-0.01,99.17,99.185,99.165,0,1012,99.18,144331,0,0,"",0
"2021-09-13","BAXZ22","BAX","BAX","BAX",0,"2022-12-19",0,1,98.975,98.98,142,78,0,10889,0,-0.015,98.985,98.99,98.975,0,551,98.99,123951,0,0,"",0
"2021-09-13","BAXH23","BAX","BAX","BAX",0,"2023-03-13",0,1,98.785,98.8,139,102,0,7676,0,-0.01,98.8,98.81,98.795,0,491,98.81,109397,0,0,"",0
"2021-09-13","BAXM23","BAX","BAX","BAX",0,"2023-06-19",0,1,98.645,98.66,65,58,0,4907,0,-0.01,98.66,98.67,98.655,0,320,98.67,57939,0,0,"",0
"2021-09-13","BAXU23","BAX","BAX","BAX",0,"2023-09-18",0,1,0,98.605,0,185,0,5004,0,-0.01,98.565,98.58,98.565,0,253,98.58,41347,0,0,"",0
"2021-09-13","BAXZ23","BAX","BAX","BAX",0,"2023-12-18",0,1,98.5,98.52,50,81,0,919,0,0,98.51,98.52,98.51,0,130,98.515,40640,0,0,"",0
"2021-09-13","BAXH24","BAX","BAX","BAX",0,"2024-03-18",0,1,0,98.46,0,6,0,702,0,-0.005,98.445,98.46,98.445,0,47,98.455,10683,0,0,"",0
"2021-09-13","BAXM24","BAX","BAX","BAX",0,"2024-06-17",0,1,0,0,0,0,0,235,0,0,98.385,98.385,98.385,0,33,98.4,2466,0,0,"",0
"2021-09-14","BAXV21","BAX","BAX","BAX",0,"2021-10-18",0,1,0,0,0,0,0,0,0,0,0,0,0,0,0,99.545,0,0,0,"",0
"2021-09-14","BAXX21","BAX","BAX","BAX",0,"2021-11-15",0,1,0,0,0,0,0,0,0,0,0,0,0,0,0,99.54,0,0,0,"",0
"2021-09-14","BAXZ21","BAX","BAX","BAX",0,"2021-12-13",0,1,99.52,99.525,7107,4997,99.525,13195,99.52,0.005,99.525,99.525,99.52,398098,241,99.52,238109,0,0,"",0
"2021-09-14","BAXH22","BAX","BAX","BAX",0,"2022-03-14",0,1,99.475,99.48,45,1285,0,11981,0,0,99.465,99.48,99.46,0,643,99.475,225227,0,0,"",0
"2021-09-14","BAXM22","BAX","BAX","BAX",0,"2022-06-13",0,1,99.355,99.36,168,537,0,8375,0,0,99.34,99.36,99.33,0,705,99.355,131024,0,0,"",0
"2021-09-14","BAXU22","BAX","BAX","BAX",0,"2022-09-19",0,1,99.185,99.195,417,831,99.19,9619,99.19,0,99.16,99.195,99.155,99,651,99.19,148656,0,0,"",0
"2021-09-14","BAXZ22","BAX","BAX","BAX",0,"2022-12-19",0,1,98.995,99,112,148,99,8594,99,0,98.975,99.005,98.965,9900,573,99,126594,0,0,"",0
"2021-09-14","BAXH23","BAX","BAX","BAX",0,"2023-03-13",0,1,98.815,98.82,107,33,0,10444,0,-0.005,98.795,98.825,98.775,0,588,98.82,110897,0,0,"",0
"2021-09-14","BAXM23","BAX","BAX","BAX",0,"2023-06-19",0,1,98.675,98.685,193,120,98.685,6547,98.68,0.005,98.66,98.69,98.635,3453,545,98.68,58546,0,0,"",0
"2021-09-14","BAXU23","BAX","BAX","BAX",0,"2023-09-18",0,1,98.59,98.595,60,36,0,6761,0,0,98.56,98.6,98.545,0,501,98.59,44009,0,0,"",0
"2021-09-14","BAXZ23","BAX","BAX","BAX",0,"2023-12-18",0,1,98.525,98.535,482,5,0,2461,0,0.005,98.485,98.54,98.48,0,269,98.53,40735,0,0,"",0
"2021-09-14","BAXH24","BAX","BAX","BAX",0,"2024-03-18",0,1,0,0,0,0,0,341,0,0,98.43,98.485,98.42,0,53,98.47,10299,0,0,"",0
"2021-09-14","BAXM24","BAX","BAX","BAX",0,"2024-06-17",0,1,98.405,0,8,0,0,9,0,0,0,0,0,0,7,98.415,2490,0,0,"",0
"2021-09-14","BAXU24","BAX","BAX","BAX",0,"2024-09-16",0,1,0,0,0,0,0,0,0,0,0,0,0,0,0,98.365,0,0,0,"",0
"2021-09-15","BAXV21","BAX","BAX","BAX",0,"2021-10-18",0,1,0,0,0,0,0,0,0,0,0,0,0,0,0,99.545,0,0,0,"",0
"2021-09-15","BAXX21","BAX","BAX","BAX",0,"2021-11-15",0,1,0,0,0,0,0,0,0,0,0,0,0,0,0,99.54,0,0,0,"",0
"2021-09-15","BAXZ21","BAX","BAX","BAX",0,"2021-12-13",0,1,99.52,99.525,5922,10292,0,7054,0,0,99.52,99.525,99.52,0,268,99.52,243094,0,0,"",0
"2021-09-15","BAXH22","BAX","BAX","BAX",0,"2022-03-14",0,1,99.465,99.47,2953,998,0,8694,0,0,99.475,99.48,99.465,0,364,99.47,228842,0,0,"",0
"2021-09-15","BAXM22","BAX","BAX","BAX",0,"2022-06-13",0,1,99.335,99.34,1822,34,0,12180,0,0,99.36,99.36,99.335,0,512,99.34,128525,0,0,"",0
"2021-09-15","BAXU22","BAX","BAX","BAX",0,"2022-09-19",0,1,99.165,99.17,160,537,0,16955,0,0,99.185,99.19,99.155,0,745,99.165,151989,0,0,"",0
"2021-09-15","BAXZ22","BAX","BAX","BAX",0,"2022-12-19",0,1,98.965,98.975,601,215,0,13033,0,-0.005,98.995,99,98.96,0,700,98.975,128890,0,0,"",0
"2021-09-15","BAXH23","BAX","BAX","BAX",0,"2023-03-13",0,1,98.785,98.79,451,420,0,9069,0,0,98.81,98.825,98.775,0,573,98.79,111334,0,0,"",0
"2021-09-15","BAXM23","BAX","BAX","BAX",0,"2023-06-19",0,1,98.645,98.655,187,191,0,3360,0,0.005,98.67,98.685,98.635,0,321,98.65,59626,0,0,"",0
"2021-09-15","BAXU23","BAX","BAX","BAX",0,"2023-09-18",0,1,98.56,98.57,111,86,0,6369,0,0,98.58,98.6,98.55,0,328,98.565,45883,0,0,"",0
"2021-09-15","BAXZ23","BAX","BAX","BAX",0,"2023-12-18",0,1,98.495,98.505,262,82,0,1348,0,0,98.51,98.53,98.49,0,151,98.5,41699,0,0,"",0
"2021-09-15","BAXH24","BAX","BAX","BAX",0,"2024-03-18",0,1,98.435,98.44,65,79,0,349,0,0.005,98.455,98.465,98.425,0,66,98.44,10271,0,0,"",0
"2021-09-15","BAXM24","BAX","BAX","BAX",0,"2024-06-17",0,1,98.36,98.38,1,92,0,272,0,0,98.395,98.395,98.38,0,26,98.38,2457,0,0,"",0
"2021-09-15","BAXU24","BAX","BAX","BAX",0,"2024-09-16",0,1,0,98.335,0,50,0,137,0,0,0,0,0,0,3,98.33,0,0,0,"",0
"2021-09-16","BAXV21","BAX","BAX","BAX",0,"2021-10-18",0,1,0,0,0,0,0,0,0,0,0,0,0,0,0,99.555,0,0,0,"",0
"2021-09-16","BAXX21","BAX","BAX","BAX",0,"2021-11-15",0,1,0,0,0,0,0,0,0,0,0,0,0,0,0,99.55,0,0,0,"",0
"2021-09-16","BAXZ21","BAX","BAX","BAX",0,"2021-12-13",0,1,99.525,99.53,3325,5740,0,29284,0,-0.005,99.52,99.53,99.515,0,1187,99.53,240657,0,0,"",0
"2021-09-16","BAXH22","BAX","BAX","BAX",0,"2022-03-14",0,1,99.455,99.46,1084,1055,0,17175,0,-0.005,99.465,99.47,99.435,0,1089,99.46,225983,0,0,"",0
"2021-09-16","BAXM22","BAX","BAX","BAX",0,"2022-06-13",0,1,99.31,99.315,192,439,99.31,17103,99.315,-0.005,99.345,99.345,99.29,14200,1128,99.315,132658,0,0,"",0
"2021-09-16","BAXU22","BAX","BAX","BAX",0,"2022-09-19",0,1,99.12,99.13,555,153,99.125,20844,99.135,-0.01,99.16,99.16,99.11,23587,1261,99.135,155354,0,0,"",0
"2021-09-16","BAXZ22","BAX","BAX","BAX",0,"2022-12-19",0,1,98.93,98.935,193,92,98.93,14107,98.945,-0.015,98.96,98.965,98.925,3858,567,98.945,130382,0,0,"",0
"2021-09-16","BAXH23","BAX","BAX","BAX",0,"2023-03-13",0,1,98.745,98.755,49,68,98.75,9637,98.765,-0.015,98.79,98.79,98.745,21128,437,98.765,113093,0,0,"",0
"2021-09-16","BAXM23","BAX","BAX","BAX",0,"2023-06-19",0,1,98.6,98.61,140,29,98.61,4703,98.625,-0.015,98.635,98.65,98.605,8476,238,98.625,59538,0,0,"",0
"2021-09-16","BAXU23","BAX","BAX","BAX",0,"2023-09-18",0,1,98.51,98.525,92,81,98.515,5577,98.54,-0.025,98.555,98.56,98.515,590,248,98.54,49420,0,0,"",0
"2021-09-16","BAXZ23","BAX","BAX","BAX",0,"2023-12-18",0,1,98.445,98.47,20,25,0,3395,0,-0.01,98.49,98.495,98.455,0,173,98.47,41904,0,0,"",0
"2021-09-16","BAXH24","BAX","BAX","BAX",0,"2024-03-18",0,1,98.38,98.42,2,18,0,372,0,0,98.42,98.42,98.395,0,19,98.405,10170,0,0,"",0
"2021-09-16","BAXM24","BAX","BAX","BAX",0,"2024-06-17",0,1,0,98.38,0,1,0,106,0,0,0,0,0,0,4,98.35,2495,0,0,"",0
"2021-09-16","BAXU24","BAX","BAX","BAX",0,"2024-09-16",0,1,0,0,0,0,0,56,0,0,0,0,0,0,3,98.3,137,0,0,"",0
"2021-09-17","BAXV21","BAX","BAX","BAX",0,"2021-10-18",0,1,0,0,0,0,0,0,0,0,0,0,0,0,0,99.545,0,0,0,"",0
"2021-09-17","BAXX21","BAX","BAX","BAX",0,"2021-11-15",0,1,0,0,0,0,0,0,0,0,0,0,0,0,0,99.54,0,0,0,"",0
"2021-09-17","BAXZ21","BAX","BAX","BAX",0,"2021-12-13",0,1,99.525,99.53,615,10428,0,19825,0,0.005,99.53,99.53,99.52,0,335,99.52,253182,0,0,"",0
"2021-09-17","BAXH22","BAX","BAX","BAX",0,"2022-03-14",0,1,99.435,99.44,839,332,0,21909,0,0,99.45,99.46,99.435,0,1144,99.435,233060,0,0,"",0
"2021-09-17","BAXM22","BAX","BAX","BAX",0,"2022-06-13",0,1,99.285,99.29,855,385,0,23211,0,-0.005,99.315,99.315,99.285,0,1434,99.29,135701,0,0,"",0
"2021-09-17","BAXU22","BAX","BAX","BAX",0,"2022-09-19",0,1,99.095,99.1,879,73,0,15524,0,-0.005,99.12,99.12,99.09,0,1531,99.105,160766,0,0,"",0
"2021-09-17","BAXZ22","BAX","BAX","BAX",0,"2022-12-19",0,1,98.9,98.905,599,81,0,18412,0,-0.01,98.93,98.93,98.885,0,937,98.91,133841,0,0,"",0
"2021-09-17","BAXH23","BAX","BAX","BAX",0,"2023-03-13",0,1,98.72,98.725,87,221,0,15968,0,0,98.745,98.745,98.7,0,858,98.72,116219,0,0,"",0
"2021-09-17","BAXM23","BAX","BAX","BAX",0,"2023-06-19",0,1,98.58,98.59,391,66,0,8258,0,0,98.605,98.605,98.56,0,553,98.585,59980,0,0,"",0
"2021-09-17","BAXU23","BAX","BAX","BAX",0,"2023-09-18",0,1,98.49,98.505,156,49,0,5720,0,0,98.515,98.515,98.475,0,370,98.5,51287,0,0,"",0
"2021-09-17","BAXZ23","BAX","BAX","BAX",0,"2023-12-18",0,1,98.43,98.435,49,24,0,3267,0,0,98.45,98.45,98.41,0,268,98.43,43522,0,0,"",0
"2021-09-17","BAXH24","BAX","BAX","BAX",0,"2024-03-18",0,1,98.36,0,99,0,0,1242,0,-0.005,98.38,98.38,98.345,0,143,98.365,10197,0,0,"",0
"2021-09-17","BAXM24","BAX","BAX","BAX",0,"2024-06-17",0,1,98.28,98.39,1,1,0,125,0,-0.04,98.29,98.31,98.29,0,36,98.31,2540,0,0,"",0
"2021-09-17","BAXU24","BAX","BAX","BAX",0,"2024-09-16",0,1,0,98.265,0,50,0,3,0,0,0,0,0,0,1,98.26,193,0,0,"",0
"2021-09-20","BAXV21","BAX","BAX","BAX",0,"2021-10-18",0,1,0,0,0,0,0,0,0,0,0,0,0,0,0,99.55,0,0,0,"",0
"2021-09-20","BAXX21","BAX","BAX","BAX",0,"2021-11-15",0,1,0,0,0,0,0,0,0,0,0,0,0,0,0,99.545,0,0,0,"",0
"2021-09-20","BAXZ21","BAX","BAX","BAX",0,"2021-12-13",0,1,99.525,99.53,5222,6290,0,4710,0,0,99.525,99.53,99.52,0,251,99.525,249681,0,0,"",0
"2021-09-20","BAXH22","BAX","BAX","BAX",0,"2022-03-14",0,1,99.44,99.445,704,278,0,13930,0,0,99.44,99.45,99.435,0,652,99.44,240387,0,0,"",0
"2021-09-20","BAXM22","BAX","BAX","BAX",0,"2022-06-13",0,1,99.3,99.305,204,302,0,13453,0,0,99.29,99.31,99.29,0,806,99.3,141162,0,0,"",0
"2021-09-20","BAXU22","BAX","BAX","BAX",0,"2022-09-19",0,1,99.12,99.125,2,78,99.125,14309,99.125,0,99.1,99.135,99.1,7334,970,99.125,164199,0,0,"",0
"2021-09-20","BAXZ22","BAX","BAX","BAX",0,"2022-12-19",0,1,98.935,98.94,85,144,98.935,14699,98.935,0,98.9,98.945,98.9,3359,789,98.935,138104,0,0,"",0
"2021-09-20","BAXH23","BAX","BAX","BAX",0,"2023-03-13",0,1,98.75,98.76,215,25,98.75,10412,98.75,0,98.71,98.765,98.71,9082,662,98.75,122511,0,0,"",0
"2021-09-20","BAXM23","BAX","BAX","BAX",0,"2023-06-19",0,1,98.595,98.63,10,50,98.615,2088,98.615,0,98.575,98.635,98.575,3351,278,98.615,61588,0,0,"",0
"2021-09-20","BAXU23","BAX","BAX","BAX",0,"2023-09-18",0,1,98.5,98.54,15,83,98.54,3846,98.535,0.005,98.485,98.555,98.485,1478,475,98.535,53256,0,0,"",0
"2021-09-20","BAXZ23","BAX","BAX","BAX",0,"2023-12-18",0,1,98.47,98.49,23,25,98.47,1602,98.475,-0.005,98.45,98.485,98.45,2657,171,98.475,44109,0,0,"",0
"2021-09-20","BAXH24","BAX","BAX","BAX",0,"2024-03-18",0,1,98.4,0,25,0,0,282,0,0.05,98.36,98.425,98.36,0,42,98.415,10717,0,0,"",0
"2021-09-20","BAXM24","BAX","BAX","BAX",0,"2024-06-17",0,1,98.34,98.38,1,1,98.35,56,98.36,-0.01,98.37,98.37,98.35,98,35,98.36,2512,0,0,"",0
"2021-09-20","BAXU24","BAX","BAX","BAX",0,"2024-09-16",0,1,98.295,98.34,1,1,98.305,2,98.31,-0.005,98.3,98.305,98.3,98,2,98.31,196,0,0,"",0
"2021-09-21","BAXV21","BAX","BAX","BAX",0,"2021-10-18",0,1,0,0,0,0,0,0,0,0,0,0,0,0,0,99.545,0,0,0,"",0
"2021-09-21","BAXX21","BAX","BAX","BAX",0,"2021-11-15",0,1,0,0,0,0,0,0,0,0,0,0,0,0,0,99.54,0,0,0,"",0
"2021-09-21","BAXZ21","BAX","BAX","BAX",0,"2021-12-13",0,1,99.52,99.525,4840,8104,0,11519,0,0,99.525,99.53,99.52,0,373,99.52,240180,0,0,"",0
"2021-09-21","BAXH22","BAX","BAX","BAX",0,"2022-03-14",0,1,99.435,99.44,45,609,0,28276,0,0,99.445,99.445,99.425,0,1110,99.435,233706,0,0,"",0
"2021-09-21","BAXM22","BAX","BAX","BAX",0,"2022-06-13",0,1,99.3,99.305,603,86,0,21894,0,0.005,99.305,99.305,99.29,0,1129,99.295,136092,0,0,"",0
"2021-09-21","BAXU22","BAX","BAX","BAX",0,"2022-09-19",0,1,99.125,99.135,276,217,0,26973,0,0.005,99.125,99.135,99.11,0,2124,99.125,163714,0,0,"",0
"2021-09-21","BAXZ22","BAX","BAX","BAX",0,"2022-12-19",0,1,98.945,98.955,354,78,0,22177,0,0.005,98.935,98.955,98.93,0,951,98.945,129281,0,0,"",0
"2021-09-21","BAXH23","BAX","BAX","BAX",0,"2023-03-13",0,1,98.765,98.77,127,10,0,16685,0,0.01,98.745,98.775,98.74,0,917,98.76,118052,0,0,"",0
"2021-09-21","BAXM23","BAX","BAX","BAX",0,"2023-06-19",0,1,98.63,98.645,105,79,0,3519,0,0.01,98.615,98.645,98.605,0,371,98.63,60893,0,0,"",0
"2021-09-21","BAXU23","BAX","BAX","BAX",0,"2023-09-18",0,1,98.545,98.55,83,142,0,5411,0,0.005,98.53,98.555,98.525,0,1159,98.545,52984,0,0,"",0
"2021-09-21","BAXZ23","BAX","BAX","BAX",0,"2023-12-18",0,1,98.485,98.49,15,25,0,3145,0,0.005,98.47,98.49,98.465,0,256,98.48,44516,0,0,"",0
"2021-09-21","BAXH24","BAX","BAX","BAX",0,"2024-03-18",0,1,98.42,0,25,0,0,484,0,0.015,98.41,98.435,98.41,0,107,98.42,10691,0,0,"",0
"2021-09-21","BAXM24","BAX","BAX","BAX",0,"2024-06-17",0,1,98.345,98.385,80,1,0,312,0,0.015,98.365,98.38,98.365,0,93,98.365,2502,0,0,"",0
"2021-09-21","BAXU24","BAX","BAX","BAX",0,"2024-09-16",0,1,98.32,0,4,0,0,258,0,0.025,98.32,98.34,98.32,0,68,98.315,196,0,0,"",0
"2021-09-22","BAXV21","BAX","BAX","BAX",0,"2021-10-18",0,1,0,0,0,0,0,0,0,0,0,0,0,0,0,99.545,0,0,0,"",0
"2021-09-22","BAXX21","BAX","BAX","BAX",0,"2021-11-15",0,1,0,0,0,0,0,0,0,0,0,0,0,0,0,99.54,0,0,0,"",0
"2021-09-22","BAXZ21","BAX","BAX","BAX",0,"2021-12-13",0,1,99.52,99.525,5440,5807,0,3058,0,0.005,99.525,99.525,99.52,0,162,99.52,240409,0,0,"",0
"2021-09-22","BAXH22","BAX","BAX","BAX",0,"2022-03-14",0,1,99.44,99.445,739,547,0,41949,0,0.005,99.44,99.45,99.435,0,1272,99.435,243438,0,0,"",0
"2021-09-22","BAXM22","BAX","BAX","BAX",0,"2022-06-13",0,1,99.295,99.305,86,434,0,35439,0,0.005,99.305,99.315,99.29,0,1305,99.295,141552,0,0,"",0
"2021-09-22","BAXU22","BAX","BAX","BAX",0,"2022-09-19",0,1,99.105,99.115,125,175,0,21569,0,0.005,99.125,99.14,99.095,0,1323,99.1,171494,0,0,"",0
"2021-09-22","BAXZ22","BAX","BAX","BAX",0,"2022-12-19",0,1,98.91,98.915,100,20,98.915,18137,98.905,0.01,98.95,98.96,98.9,17802,929,98.905,140815,0,0,"",0
"2021-09-22","BAXH23","BAX","BAX","BAX",0,"2023-03-13",0,1,98.725,98.73,100,151,0,17072,0,0.01,98.765,98.775,98.71,0,971,98.715,119389,0,0,"",0
"2021-09-22","BAXM23","BAX","BAX","BAX",0,"2023-06-19",0,1,98.57,98.595,32,250,98.595,7971,98.58,0.015,98.635,98.645,98.58,7885,688,98.58,61906,0,0,"",0
"2021-09-22","BAXU23","BAX","BAX","BAX",0,"2023-09-18",0,1,98.51,98.52,45,22,0,4350,0,0.015,98.54,98.555,98.495,0,387,98.495,54148,0,0,"",0
"2021-09-22","BAXZ23","BAX","BAX","BAX",0,"2023-12-18",0,1,98.43,98.5,5,100,0,1492,0,0.025,98.48,98.495,98.44,0,289,98.435,46437,0,0,"",0
"2021-09-22","BAXH24","BAX","BAX","BAX",0,"2024-03-18",0,1,0,0,0,0,0,409,0,-0.03,98.425,98.43,98.39,0,24,98.375,10907,0,0,"",0
"2021-09-22","BAXM24","BAX","BAX","BAX",0,"2024-06-17",0,1,0,98.39,0,1,0,211,0,0,98.365,98.365,98.365,0,10,98.32,2676,0,0,"",0
"2021-09-22","BAXU24","BAX","BAX","BAX",0,"2024-09-16",0,1,0,98.33,0,25,0,10,0,0.015,98.32,98.33,98.32,0,7,98.29,349,0,0,"",0
"2021-09-23","BAXV21","BAX","BAX","BAX",0,"2021-10-18",0,1,0,0,0,0,0,0,0,0,0,0,0,0,0,99.54,0,0,0,"",0
"2021-09-23","BAXX21","BAX","BAX","BAX",0,"2021-11-15",0,1,0,0,0,0,0,0,0,0,0,0,0,0,0,99.535,0,0,0,"",0
"2021-09-23","BAXZ21","BAX","BAX","BAX",0,"2021-12-13",0,1,99.515,99.52,2428,9351,0,16180,0,0,99.525,99.525,99.515,0,627,99.515,241455,0,0,"",0
"2021-09-23","BAXH22","BAX","BAX","BAX",0,"2022-03-14",0,1,99.42,99.425,68,235,0,19264,0,-0.005,99.435,99.44,99.42,0,1222,99.425,259262,0,0,"",0
"2021-09-23","BAXM22","BAX","BAX","BAX",0,"2022-06-13",0,1,99.26,99.265,4,136,0,23468,0,0,99.3,99.3,99.255,0,1548,99.26,152483,0,0,"",0
"2021-09-23","BAXU22","BAX","BAX","BAX",0,"2022-09-19",0,1,99.045,99.05,58,68,0,27716,0,0.005,99.1,99.1,99.04,0,1688,99.045,156815,0,0,"",0
"2021-09-23","BAXZ22","BAX","BAX","BAX",0,"2022-12-19",0,1,98.835,98.84,196,58,0,35659,0,0.005,98.905,98.905,98.825,0,1681,98.835,144678,0,0,"",0
"2021-09-23","BAXH23","BAX","BAX","BAX",0,"2023-03-13",0,1,98.645,98.65,234,473,0,24824,0,0.01,98.705,98.705,98.63,0,1691,98.635,123597,0,0,"",0
"2021-09-23","BAXM23","BAX","BAX","BAX",0,"2023-06-19",0,1,98.505,98.515,942,150,0,11195,0,0.015,98.58,98.58,98.495,0,1149,98.495,62967,0,0,"",0
"2021-09-23","BAXU23","BAX","BAX","BAX",0,"2023-09-18",0,1,0,98.435,0,3,0,5819,0,0.025,98.5,98.5,98.41,0,587,98.41,54501,0,0,"",0
"2021-09-23","BAXZ23","BAX","BAX","BAX",0,"2023-12-18",0,1,98.36,98.365,15,25,0,2973,0,0.005,98.43,98.43,98.35,0,439,98.355,46260,0,0,"",0
"2021-09-23","BAXH24","BAX","BAX","BAX",0,"2024-03-18",0,1,98.29,98.365,10,397,0,801,0,-0.005,98.37,98.375,98.29,0,173,98.3,11043,0,0,"",0
"2021-09-23","BAXM24","BAX","BAX","BAX",0,"2024-06-17",0,1,0,98.39,0,1,0,285,0,-0.01,98.295,98.295,98.235,0,70,98.245,2863,0,0,"",0
"2021-09-23","BAXU24","BAX","BAX","BAX",0,"2024-09-16",0,1,0,0,0,0,0,68,0,-0.01,98.255,98.255,98.19,0,22,98.2,319,0,0,"",0
"2021-09-24","BAXV21","BAX","BAX","BAX",0,"2021-10-18",0,1,0,0,0,0,0,0,0,0,0,0,0,0,0,99.535,0,0,0,"",0
"2021-09-24","BAXX21","BAX","BAX","BAX",0,"2021-11-15",0,1,0,0,0,0,0,0,0,0,0,0,0,0,0,99.53,0,0,0,"",0
"2021-09-24","BAXZ21","BAX","BAX","BAX",0,"2021-12-13",0,1,99.51,99.515,4443,4661,0,9248,0,0.005,99.515,99.52,99.51,0,1235,99.51,245463,0,0,"",0
"2021-09-24","BAXH22","BAX","BAX","BAX",0,"2022-03-14",0,1,99.41,99.415,814,30,0,10078,0,0.005,99.42,99.43,99.41,0,1155,99.41,219845,0,0,"",0
"2021-09-24","BAXM22","BAX","BAX","BAX",0,"2022-06-13",0,1,99.24,99.245,60,1265,0,17006,0,0,99.26,99.275,99.235,0,1459,99.24,153334,0,0,"",0
"2021-09-24","BAXU22","BAX","BAX","BAX",0,"2022-09-19",0,1,99.025,99.035,555,1001,0,11048,0,0,99.045,99.065,99.025,0,1260,99.03,159773,0,0,"",0
"2021-09-24","BAXZ22","BAX","BAX","BAX",0,"2022-12-19",0,1,98.81,98.825,100,439,0,12619,0,0,98.845,98.86,98.815,0,829,98.82,156048,0,0,"",0
"2021-09-24","BAXH23","BAX","BAX","BAX",0,"2023-03-13",0,1,98.62,98.63,25,350,0,22752,0,0.005,98.64,98.665,98.61,0,986,98.62,129016,0,0,"",0
"2021-09-24","BAXM23","BAX","BAX","BAX",0,"2023-06-19",0,1,98.46,98.485,32,55,0,10542,0,0,98.505,98.525,98.47,0,571,98.48,64596,0,0,"",0
"2021-09-24","BAXU23","BAX","BAX","BAX",0,"2023-09-18",0,1,98.375,98.39,5,71,0,4813,0,-0.005,98.425,98.44,98.385,0,403,98.395,54418,0,0,"",0
"2021-09-24","BAXZ23","BAX","BAX","BAX",0,"2023-12-18",0,1,98.32,98.325,120,18,0,7311,0,-0.01,98.355,98.38,98.32,0,563,98.335,47643,0,0,"",0
"2021-09-24","BAXH24","BAX","BAX","BAX",0,"2024-03-18",0,1,0,98.27,0,100,0,555,0,-0.01,98.295,98.325,98.26,0,97,98.28,10818,0,0,"",0
"2021-09-24","BAXM24","BAX","BAX","BAX",0,"2024-06-17",0,1,98.18,98.255,1,1,0,53,0,0,98.245,98.245,98.245,0,27,98.225,3033,0,0,"",0
"2021-09-24","BAXU24","BAX","BAX","BAX",0,"2024-09-16",0,1,0,0,0,0,0,21,0,-0.025,98.175,98.175,98.175,0,2,98.18,383,0,0,"",0
"2021-09-27","BAXV21","BAX","BAX","BAX",0,"2021-10-18",0,1,0,0,0,0,0,0,0,0,0,0,0,0,0,99.535,0,0,0,"",0
"2021-09-27","BAXX21","BAX","BAX","BAX",0,"2021-11-15",0,1,0,0,0,0,0,0,0,0,0,0,0,0,0,99.53,0,0,0,"",0
"2021-09-27","BAXZ21","BAX","BAX","BAX",0,"2021-12-13",0,1,99.51,99.515,3845,2624,0,10716,0,0,99.51,99.52,99.505,0,536,99.51,245247,0,0,"",0
"2021-09-27","BAXH22","BAX","BAX","BAX",0,"2022-03-14",0,1,99.405,99.41,938,394,0,19928,0,0,99.41,99.41,99.395,0,1287,99.405,211856,0,0,"",0
"2021-09-27","BAXM22","BAX","BAX","BAX",0,"2022-06-13",0,1,99.215,99.22,1028,71,0,17372,0,0,99.24,99.24,99.215,0,1479,99.22,153933,0,0,"",0
"2021-09-27","BAXU22","BAX","BAX","BAX",0,"2022-09-19",0,1,98.995,99.005,100,92,0,16865,0,-0.005,99.03,99.03,99,0,1447,99.005,156506,0,0,"",0
"2021-09-27","BAXZ22","BAX","BAX","BAX",0,"2022-12-19",0,1,98.78,98.8,100,23,0,11924,0,0,98.825,98.825,98.785,0,949,98.795,135312,0,0,"",0
"2021-09-27","BAXH23","BAX","BAX","BAX",0,"2023-03-13",0,1,97.72,98.59,50,50,0,23211,0,-0.015,98.625,98.63,98.58,0,1269,98.595,127122,0,0,"",0
"2021-09-27","BAXM23","BAX","BAX","BAX",0,"2023-06-19",0,1,98.43,98.44,20,101,0,8752,0,-0.02,98.485,98.485,98.425,0,734,98.45,66292,0,0,"",0
"2021-09-27","BAXU23","BAX","BAX","BAX",0,"2023-09-18",0,1,0,98.345,0,25,0,9036,0,-0.03,98.395,98.395,98.33,0,1073,98.36,55251,0,0,"",0
"2021-09-27","BAXZ23","BAX","BAX","BAX",0,"2023-12-18",0,1,98.265,98.3,179,30,0,7322,0,-0.035,98.33,98.33,98.265,0,467,98.3,46064,0,0,"",0
"2021-09-27","BAXH24","BAX","BAX","BAX",0,"2024-03-18",0,1,98.2,98.245,50,5,0,1048,0,-0.035,98.245,98.245,98.205,0,105,98.24,10891,0,0,"",0
"2021-09-27","BAXM24","BAX","BAX","BAX",0,"2024-06-17",0,1,0,98.39,0,1,0,190,0,0,0,0,0,0,36,98.185,2990,0,0,"",0
"2021-09-27","BAXU24","BAX","BAX","BAX",0,"2024-09-16",0,1,0,0,0,0,0,90,0,0,0,0,0,0,3,98.14,383,0,0,"",0
"2021-09-28","BAXV21","BAX","BAX","BAX",0,"2021-10-18",0,1,0,0,0,0,0,0,0,0,0,0,0,0,0,99.535,0,0,0,"",0
"2021-09-28","BAXX21","BAX","BAX","BAX",0,"2021-11-15",0,1,0,0,0,0,0,0,0,0,0,0,0,0,0,99.53,0,0,0,"",0
"2021-09-28","BAXZ21","BAX","BAX","BAX",0,"2021-12-13",0,1,99.51,99.515,4467,4296,0,8661,0,0.005,99.515,99.515,99.51,0,433,99.51,241899,0,0,"",0
"2021-09-28","BAXH22","BAX","BAX","BAX",0,"2022-03-14",0,1,99.405,99.41,859,160,0,17473,0,-0.005,99.41,99.415,99.39,0,1020,99.41,221444,0,0,"",0
"2021-09-28","BAXM22","BAX","BAX","BAX",0,"2022-06-13",0,1,99.22,99.23,50,160,0,19613,0,-0.005,99.22,99.225,99.185,0,1394,99.225,154948,0,0,"",0
"2021-09-28","BAXU22","BAX","BAX","BAX",0,"2022-09-19",0,1,99,99.015,250,325,0,20220,0,-0.005,99,99.015,98.965,0,1266,99.01,157442,0,0,"",0
"2021-09-28","BAXZ22","BAX","BAX","BAX",0,"2022-12-19",0,1,98.79,98.8,142,200,0,21860,0,-0.005,98.78,98.8,98.755,0,1119,98.8,131398,0,0,"",0
"2021-09-28","BAXH23","BAX","BAX","BAX",0,"2023-03-13",0,1,98.585,98.595,250,2630,0,28238,0,-0.005,98.58,98.605,98.545,0,1158,98.595,122833,0,0,"",0
"2021-09-28","BAXM23","BAX","BAX","BAX",0,"2023-06-19",0,1,98.435,98.45,41,10,0,13456,0,-0.005,98.44,98.45,98.39,0,868,98.45,65097,0,0,"",0
"2021-09-28","BAXU23","BAX","BAX","BAX",0,"2023-09-18",0,1,98.33,98.34,67,720,0,9031,0,-0.02,98.315,98.355,98.295,0,1971,98.355,56026,0,0,"",0
"2021-09-28","BAXZ23","BAX","BAX","BAX",0,"2023-12-18",0,1,98.26,98.27,104,8,0,13782,0,-0.02,98.26,98.29,98.23,0,879,98.285,45121,0,0,"",0
"2021-09-28","BAXH24","BAX","BAX","BAX",0,"2024-03-18",0,1,0,98.225,0,6,0,655,0,-0.035,98.17,98.225,98.155,0,85,98.22,11055,0,0,"",0
"2021-09-28","BAXM24","BAX","BAX","BAX",0,"2024-06-17",0,1,98.09,98.185,10,1,0,324,0,-0.03,98.135,98.135,98.135,0,26,98.165,3060,0,0,"",0
"2021-09-28","BAXU24","BAX","BAX","BAX",0,"2024-09-16",0,1,0,0,0,0,0,286,0,-0.03,98.11,98.11,98.11,0,53,98.12,353,0,0,"",0
"2021-09-29","BAXV21","BAX","BAX","BAX",0,"2021-10-18",0,1,0,0,0,0,0,0,0,0,0,0,0,0,0,99.535,0,0,0,"",0
"2021-09-29","BAXX21","BAX","BAX","BAX",0,"2021-11-15",0,1,0,0,0,0,0,0,0,0,0,0,0,0,0,99.53,0,0,0,"",0
"2021-09-29","BAXZ21","BAX","BAX","BAX",0,"2021-12-13",0,1,99.51,99.515,1043,8075,0,18145,0,0.005,99.51,99.515,99.505,0,529,99.51,241255,0,0,"",0
"2021-09-29","BAXH22","BAX","BAX","BAX",0,"2022-03-14",0,1,99.4,99.41,818,144,0,12734,0,0,99.41,99.415,99.4,0,932,99.405,220807,0,0,"",0
"2021-09-29","BAXM22","BAX","BAX","BAX",0,"2022-06-13",0,1,99.205,99.21,104,12,0,16384,0,0,99.225,99.245,99.2,0,1137,99.205,154082,0,0,"",0
"2021-09-29","BAXU22","BAX","BAX","BAX",0,"2022-09-19",0,1,98.985,98.99,332,2,0,25515,0,0,99.015,99.04,98.975,0,1813,98.985,157888,0,0,"",0
"2021-09-29","BAXZ22","BAX","BAX","BAX",0,"2022-12-19",0,1,98.775,98.78,2,456,0,26063,0,0.01,98.815,98.84,98.77,0,1368,98.77,135026,0,0,"",0
"2021-09-29","BAXH23","BAX","BAX","BAX",0,"2023-03-13",0,1,98.565,98.58,251,350,0,38779,0,0.015,98.595,98.64,98.56,0,1478,98.56,124064,0,0,"",0
"2021-09-29","BAXM23","BAX","BAX","BAX",0,"2023-06-19",0,1,98.42,98.45,32,60,0,11942,0,0.02,98.445,98.49,98.405,0,848,98.405,66275,0,0,"",0
"2021-09-29","BAXU23","BAX","BAX","BAX",0,"2023-09-18",0,1,0,98.38,0,20,0,10082,0,0.02,98.34,98.385,98.305,0,656,98.305,57370,0,0,"",0
"2021-09-29","BAXZ23","BAX","BAX","BAX",0,"2023-12-18",0,1,98.25,98.27,10,3,0,6015,0,0.01,98.27,98.315,98.23,0,447,98.24,45251,0,0,"",0
"2021-09-29","BAXH24","BAX","BAX","BAX",0,"2024-03-18",0,1,98.175,0,5,0,0,1197,0,0.005,98.215,98.245,98.16,0,140,98.175,10786,0,0,"",0
"2021-09-29","BAXM24","BAX","BAX","BAX",0,"2024-06-17",0,1,98.105,98.165,10,192,0,556,0,-0.005,98.165,98.165,98.105,0,165,98.12,2872,0,0,"",0
"2021-09-29","BAXU24","BAX","BAX","BAX",0,"2024-09-16",0,1,0,98.12,0,70,0,320,0,0,0,0,0,0,76,98.075,633,0,0,"",0
"2021-09-30","BAXV21","BAX","BAX","BAX",0,"2021-10-18",0,1,0,0,0,0,0,0,0,0,0,0,0,0,0,99.535,0,0,0,"",0
"2021-09-30","BAXX21","BAX","BAX","BAX",0,"2021-11-15",0,1,0,0,0,0,0,0,0,0,0,0,0,0,0,99.53,0,0,0,"",0
"2021-09-30","BAXZ21","BAX","BAX","BAX",0,"2021-12-13",0,1,99.51,99.515,313,3458,0,0,0,0,0,0,0,0,0,99.51,242973,0,0,"",0
"2021-09-30","BAXH22","BAX","BAX","BAX",0,"2022-03-14",0,1,99.4,99.41,110,144,0,0,0,0,0,0,0,0,0,99.405,221417,0,0,"",0
"2021-09-30","BAXM22","BAX","BAX","BAX",0,"2022-06-13",0,1,99.2,99.215,15,50,0,0,0,0,0,0,0,0,0,99.205,150816,0,0,"",0
"2021-09-30","BAXU22","BAX","BAX","BAX",0,"2022-09-19",0,1,98.98,99,25,25,0,0,0,0,0,0,0,0,0,98.985,157819,0,0,"",0
"2021-09-30","BAXZ22","BAX","BAX","BAX",0,"2022-12-19",0,1,98.755,98.81,22,40,0,0,0,0,0,0,0,0,0,98.77,137242,0,0,"",0
"2021-09-30","BAXH23","BAX","BAX","BAX",0,"2023-03-13",0,1,98.565,98.58,1,25,0,0,0,0,0,0,0,0,0,98.56,134880,0,0,"",0
"2021-09-30","BAXM23","BAX","BAX","BAX",0,"2023-06-19",0,1,0,0,0,0,0,0,0,0,0,0,0,0,0,98.405,66424,0,0,"",0
"2021-09-30","BAXU23","BAX","BAX","BAX",0,"2023-09-18",0,1,0,0,0,0,0,0,0,0,0,0,0,0,0,98.305,57792,0,0,"",0
"2021-09-30","BAXZ23","BAX","BAX","BAX",0,"2023-12-18",0,1,98.225,98.28,1,6,0,0,0,0,0,0,0,0,0,98.24,46993,0,0,"",0
"2021-09-30","BAXH24","BAX","BAX","BAX",0,"2024-03-18",0,1,0,0,0,0,0,0,0,0,0,0,0,0,0,98.175,11168,0,0,"",0
"2021-09-30","BAXM24","BAX","BAX","BAX",0,"2024-06-17",0,1,98.08,98.165,1,192,0,0,0,0,0,0,0,0,0,98.12,3160,0,0,"",0
"2021-09-30","BAXU24","BAX","BAX","BAX",0,"2024-09-16",0,1,0,98.12,0,70,0,0,0,0,0,0,0,0,0,98.075,711,0,0,"",0
"2021-10-01","BAXV21","BAX","BAX","BAX",0,"2021-10-18",0,1,0,0,0,0,0,0,0,0,0,0,0,0,0,99.535,0,0,0,"",0
"2021-10-01","BAXX21","BAX","BAX","BAX",0,"2021-11-15",0,1,0,0,0,0,0,0,0,0,0,0,0,0,0,99.53,0,0,0,"",0
"2021-10-01","BAXZ21","BAX","BAX","BAX",0,"2021-12-13",0,1,99.51,99.515,1861,8805,0,16289,0,0,99.51,99.515,99.505,0,654,99.51,235921,0,0,"",0
"2021-10-01","BAXH22","BAX","BAX","BAX",0,"2022-03-14",0,1,99.415,99.42,379,10,0,16609,0,-0.005,99.4,99.425,99.4,0,1213,99.42,213949,0,0,"",0
"2021-10-01","BAXM22","BAX","BAX","BAX",0,"2022-06-13",0,1,99.225,99.235,121,586,0,23654,0,0.005,99.21,99.24,99.2,0,1742,99.23,144374,0,0,"",0
"2021-10-01","BAXU22","BAX","BAX","BAX",0,"2022-09-19",0,1,99.02,99.04,466,35,0,30496,0,0.01,99,99.035,98.985,0,2050,99.025,150766,0,0,"",0
"2021-10-01","BAXZ22","BAX","BAX","BAX",0,"2022-12-19",0,1,98.82,98.835,6,50,0,22683,0,0.005,98.795,98.83,98.78,0,1428,98.825,128016,0,0,"",0
"2021-10-01","BAXH23","BAX","BAX","BAX",0,"2023-03-13",0,1,98.625,98.63,263,320,0,35104,0,0.01,98.595,98.63,98.58,0,1443,98.62,127157,0,0,"",0
"2021-10-01","BAXM23","BAX","BAX","BAX",0,"2023-06-19",0,1,98.455,98.495,57,32,0,9510,0,0.01,98.49,98.49,98.43,0,606,98.47,61946,0,0,"",0
"2021-10-01","BAXU23","BAX","BAX","BAX",0,"2023-09-18",0,1,98.38,98.385,229,25,0,7748,0,0.01,98.365,98.385,98.33,0,613,98.375,55556,0,0,"",0
"2021-10-01","BAXZ23","BAX","BAX","BAX",0,"2023-12-18",0,1,98.315,98.515,246,10,0,5054,0,0.01,98.27,98.32,98.26,0,540,98.305,46160,0,0,"",0
"2021-10-01","BAXH24","BAX","BAX","BAX",0,"2024-03-18",0,1,98.245,0,6,0,0,1155,0,0.005,98.2,98.255,98.195,0,195,98.24,10815,0,0,"",0
"2021-10-01","BAXM24","BAX","BAX","BAX",0,"2024-06-17",0,1,98.08,98.39,1,2,0,470,0,0.045,98.16,98.165,98.14,0,103,98.18,3160,0,0,"",0
"2021-10-01","BAXU24","BAX","BAX","BAX",0,"2024-09-16",0,1,0,0,0,0,0,144,0,0.045,98.12,98.12,98.12,0,35,98.135,711,0,0,"",0
"2021-10-04","BAXV21","BAX","BAX","BAX",0,"2021-10-18",0,1,0,0,0,0,0,0,0,0,0,0,0,0,0,99.53,0,0,0,"",0
"2021-10-04","BAXX21","BAX","BAX","BAX",0,"2021-11-15",0,1,0,0,0,0,0,0,0,0,0,0,0,0,0,99.525,0,0,0,"",0
"2021-10-04","BAXZ21","BAX","BAX","BAX",0,"2021-12-13",0,1,99.505,99.51,5746,6293,0,8720,0,0,99.51,99.515,99.505,0,180,99.505,242162,0,0,"",0
"2021-10-04","BAXH22","BAX","BAX","BAX",0,"2022-03-14",0,1,99.405,99.41,286,845,99.405,13302,99.405,0,99.42,99.42,99.405,20874,1275,99.405,220063,0,0,"",0
"2021-10-04","BAXM22","BAX","BAX","BAX",0,"2022-06-13",0,1,99.21,99.215,442,122,99.21,13245,99.21,0,99.235,99.235,99.205,49602,1376,99.21,152982,0,0,"",0
"2021-10-04","BAXU22","BAX","BAX","BAX",0,"2022-09-19",0,1,99.005,99.015,253,75,99.01,14357,99.005,0.005,99.025,99.03,98.99,35640,1345,99.005,162211,0,0,"",0
"2021-10-04","BAXZ22","BAX","BAX","BAX",0,"2022-12-19",0,1,98.805,98.815,82,100,98.81,10823,98.805,0.005,98.825,98.825,98.79,25784,1060,98.805,135351,0,0,"",0
"2021-10-04","BAXH23","BAX","BAX","BAX",0,"2023-03-13",0,1,98.6,98.61,272,1026,98.605,11260,98.605,0,98.625,98.625,98.585,10451,907,98.605,137496,0,0,"",0
"2021-10-04","BAXM23","BAX","BAX","BAX",0,"2023-06-19",0,1,98.455,98.46,75,25,0,3025,0,0.005,98.505,98.505,98.44,0,541,98.455,63972,0,0,"",0
"2021-10-04","BAXU23","BAX","BAX","BAX",0,"2023-09-18",0,1,98.355,98.375,30,10,0,2936,0,0.005,98.375,98.375,98.345,0,495,98.36,58069,0,0,"",0
"2021-10-04","BAXZ23","BAX","BAX","BAX",0,"2023-12-18",0,1,98.295,98.305,5,5,0,2359,0,0.005,98.3,98.3,98.28,0,161,98.295,48088,0,0,"",0
"2021-10-04","BAXH24","BAX","BAX","BAX",0,"2024-03-18",0,1,0,98.245,0,10,0,301,0,0.005,98.235,98.24,98.21,0,78,98.23,11170,0,0,"",0
"2021-10-04","BAXM24","BAX","BAX","BAX",0,"2024-06-17",0,1,98.08,98.39,1,2,0,7,0,-0.02,98.16,98.16,98.16,0,3,98.165,3476,0,0,"",0
"2021-10-04","BAXU24","BAX","BAX","BAX",0,"2024-09-16",0,1,0,0,0,0,0,0,0,0,0,0,0,0,0,98.115,704,0,0,"",0
"2021-10-05","BAXV21","BAX","BAX","BAX",0,"2021-10-18",0,1,0,0,0,0,0,0,0,0,0,0,0,0,0,99.535,0,0,0,"",0
"2021-10-05","BAXX21","BAX","BAX","BAX",0,"2021-11-15",0,1,0,0,0,0,0,0,0,0,0,0,0,0,0,99.53,0,0,0,"",0
"2021-10-05","BAXZ21","BAX","BAX","BAX",0,"2021-12-13",0,1,99.505,99.51,8857,58,0,16024,0,0,99.51,99.515,99.505,0,266,99.51,237358,0,0,"",0
"2021-10-05","BAXH22","BAX","BAX","BAX",0,"2022-03-14",0,1,99.395,99.4,144,1379,0,12188,0,-0.005,99.405,99.405,99.39,0,1224,99.4,222190,0,0,"",0
"2021-10-05","BAXM22","BAX","BAX","BAX",0,"2022-06-13",0,1,99.19,99.2,298,75,0,18139,0,-0.005,99.21,99.215,99.18,0,1566,99.2,149026,0,0,"",0
"2021-10-05","BAXU22","BAX","BAX","BAX",0,"2022-09-19",0,1,98.98,98.985,150,300,98.98,21029,98.985,-0.005,99.005,99.005,98.965,21871,1855,98.985,158025,0,0,"",0
"2021-10-05","BAXZ22","BAX","BAX","BAX",0,"2022-12-19",0,1,98.775,98.785,51,100,98.78,12011,98.785,-0.005,98.8,98.805,98.765,8194,835,98.785,129595,0,0,"",0
"2021-10-05","BAXH23","BAX","BAX","BAX",0,"2023-03-13",0,1,98.58,98.585,36,200,98.58,8570,98.58,0,98.605,98.605,98.565,14290,526,98.58,132941,0,0,"",0
"2021-10-05","BAXM23","BAX","BAX","BAX",0,"2023-06-19",0,1,98.43,98.44,200,230,98.435,2842,98.435,0,98.45,98.455,98.415,6396,223,98.435,62491,0,0,"",0
"2021-10-05","BAXU23","BAX","BAX","BAX",0,"2023-09-18",0,1,98.335,98.355,1,1,98.34,2474,98.34,0,98.355,98.36,98.32,7570,260,98.34,58691,0,0,"",0
"2021-10-05","BAXZ23","BAX","BAX","BAX",0,"2023-12-18",0,1,98.27,98.275,100,105,98.27,3819,98.275,-0.005,98.29,98.29,98.25,9923,261,98.275,48452,0,0,"",0
"2021-10-05","BAXH24","BAX","BAX","BAX",0,"2024-03-18",0,1,98.175,0,5,0,98.2,930,98.21,-0.01,98.215,98.22,98.195,686,105,98.21,11118,0,0,"",0
"2021-10-05","BAXM24","BAX","BAX","BAX",0,"2024-06-17",0,1,98.08,98.145,1,100,98.14,1331,98.145,-0.005,98.155,98.16,98.125,5199,106,98.145,3431,0,0,"",0
"2021-10-05","BAXU24","BAX","BAX","BAX",0,"2024-09-16",0,1,0,0,0,0,98.09,339,98.095,-0.005,98.105,98.11,98.09,196,43,98.095,654,0,0,"",0
"2021-10-06","BAXV21","BAX","BAX","BAX",0,"2021-10-18",0,1,0,0,0,0,0,0,0,0,0,0,0,0,0,99.53,0,0,0,"",0
"2021-10-06","BAXX21","BAX","BAX","BAX",0,"2021-11-15",0,1,0,0,0,0,0,0,0,0,0,0,0,0,0,99.525,0,0,0,"",0
"2021-10-06","BAXZ21","BAX","BAX","BAX",0,"2021-12-13",0,1,99.505,99.51,6523,570,99.505,22909,99.505,0,99.51,99.515,99.505,298,361,99.505,242292,0,0,"",0
"2021-10-06","BAXH22","BAX","BAX","BAX",0,"2022-03-14",0,1,99.39,99.395,1115,413,99.39,13244,99.395,-0.005,99.395,99.405,99.39,297,1368,99.395,224234,0,0,"",0
"2021-10-06","BAXM22","BAX","BAX","BAX",0,"2022-06-13",0,1,99.185,99.19,208,403,0,24531,0,-0.005,99.19,99.21,99.18,0,1898,99.19,154153,0,0,"",0
"2021-10-06","BAXU22","BAX","BAX","BAX",0,"2022-09-19",0,1,98.97,98.975,12,207,0,34211,0,-0.01,98.98,99,98.955,0,2687,98.98,160068,0,0,"",0
"2021-10-06","BAXZ22","BAX","BAX","BAX",0,"2022-12-19",0,1,98.77,98.785,125,25,0,14382,0,-0.01,98.765,98.805,98.755,0,1550,98.785,133805,0,0,"",0
"2021-10-06","BAXH23","BAX","BAX","BAX",0,"2023-03-13",0,1,98.58,98.585,250,85,0,17289,0,-0.005,98.575,98.605,98.55,0,1285,98.585,135844,0,0,"",0
"2021-10-06","BAXM23","BAX","BAX","BAX",0,"2023-06-19",0,1,98.44,98.445,5,75,98.445,8592,98.445,0,98.43,98.465,98.405,590,874,98.445,62953,0,0,"",0
"2021-10-06","BAXU23","BAX","BAX","BAX",0,"2023-09-18",0,1,97.46,0,50,0,98.36,4977,98.35,0.01,98.335,98.375,98.315,2458,604,98.35,58965,0,0,"",0
"2021-10-06","BAXZ23","BAX","BAX","BAX",0,"2023-12-18",0,1,98.285,98.3,1,100,0,3312,0,0.005,98.265,98.31,98.25,0,275,98.29,50146,0,0,"",0
"2021-10-06","BAXH24","BAX","BAX","BAX",0,"2024-03-18",0,1,0,98.235,0,10,98.23,890,98.23,0,98.19,98.24,98.19,2455,125,98.23,11484,0,0,"",0
"2021-10-06","BAXM24","BAX","BAX","BAX",0,"2024-06-17",0,1,98.12,98.18,25,2,98.165,535,98.16,0.005,98.13,98.18,98.125,588,115,98.16,4492,0,0,"",0
"2021-10-06","BAXU24","BAX","BAX","BAX",0,"2024-09-16",0,1,98.06,0,25,0,98.115,507,98.105,0.01,98.075,98.12,98.07,588,92,98.105,755,0,0,"",0
"2021-10-07","BAXV21","BAX","BAX","BAX",0,"2021-10-18",0,1,0,0,0,0,0,0,0,0,0,0,0,0,0,99.53,0,0,0,"",0
"2021-10-07","BAXX21","BAX","BAX","BAX",0,"2021-11-15",0,1,0,0,0,0,0,0,0,0,0,0,0,0,0,99.525,0,0,0,"",0
"2021-10-07","BAXZ21","BAX","BAX","BAX",0,"2021-12-13",0,1,99.505,99.51,5286,1810,0,18325,0,0,99.505,99.515,99.5,0,545,99.505,246272,0,0,"",0
"2021-10-07","BAXH22","BAX","BAX","BAX",0,"2022-03-14",0,1,99.385,99.39,1535,563,0,37022,0,-0.005,99.39,99.405,99.375,0,2073,99.39,225351,0,0,"",0
"2021-10-07","BAXM22","BAX","BAX","BAX",0,"2022-06-13",0,1,99.16,99.17,42,105,0,25352,0,-0.015,99.185,99.2,99.16,0,2195,99.18,161668,0,0,"",0
"2021-10-07","BAXU22","BAX","BAX","BAX",0,"2022-09-19",0,1,98.935,98.95,100,96,0,34048,0,-0.02,98.965,98.98,98.94,0,2598,98.96,160683,0,0,"",0
"2021-10-07","BAXZ22","BAX","BAX","BAX",0,"2022-12-19",0,1,98.745,98.75,433,5,0,28941,0,-0.02,98.77,98.78,98.745,0,2124,98.765,137364,0,0,"",0
"2021-10-07","BAXH23","BAX","BAX","BAX",0,"2023-03-13",0,1,0,98.555,0,50,98.55,33729,98.555,-0.005,98.58,98.585,98.545,289229,1989,98.555,141038,0,0,"",0
"2021-10-07","BAXM23","BAX","BAX","BAX",0,"2023-06-19",0,1,98.395,98.435,50,32,0,8021,0,0,98.44,98.455,98.405,0,809,98.415,64344,0,0,"",0
"2021-10-07","BAXU23","BAX","BAX","BAX",0,"2023-09-18",0,1,98.12,98.315,100,32,0,5586,0,-0.01,98.355,98.37,98.315,0,580,98.325,59597,0,0,"",0
"2021-10-07","BAXZ23","BAX","BAX","BAX",0,"2023-12-18",0,1,98.24,98.275,41,50,0,3322,0,-0.015,98.305,98.305,98.25,0,252,98.265,51069,0,0,"",0
"2021-10-07","BAXH24","BAX","BAX","BAX",0,"2024-03-18",0,1,0,0,0,0,0,952,0,-0.015,98.21,98.22,98.185,0,109,98.2,11395,0,0,"",0
"2021-10-07","BAXM24","BAX","BAX","BAX",0,"2024-06-17",0,1,98.06,98.185,10,4,0,52,0,-0.015,98.145,98.145,98.145,0,6,98.135,4132,0,0,"",0
"2021-10-07","BAXU24","BAX","BAX","BAX",0,"2024-09-16",0,1,0,0,0,0,0,0,0,0,0,0,0,0,0,98.08,747,0,0,"",0
"2021-10-08","BAXV21","BAX","BAX","BAX",0,"2021-10-18",0,1,0,0,0,0,0,0,0,0,0,0,0,0,0,99.525,0,0,0,"",0
"2021-10-08","BAXX21","BAX","BAX","BAX",0,"2021-11-15",0,1,0,0,0,0,0,0,0,0,0,0,0,0,0,99.52,0,0,0,"",0
"2021-10-08","BAXZ21","BAX","BAX","BAX",0,"2021-12-13",0,1,99.5,99.505,4026,1754,0,45402,0,0,99.51,99.515,99.5,0,980,99.5,247847,0,0,"",0
"2021-10-08","BAXH22","BAX","BAX","BAX",0,"2022-03-14",0,1,99.37,99.375,5231,731,0,34123,0,-0.005,99.385,99.39,99.37,0,1901,99.375,242820,0,0,"",0
"2021-10-08","BAXM22","BAX","BAX","BAX",0,"2022-06-13",0,1,99.135,99.14,156,363,0,29516,0,-0.005,99.16,99.17,99.135,0,2211,99.145,164082,0,0,"",0
"2021-10-08","BAXU22","BAX","BAX","BAX",0,"2022-09-19",0,1,98.895,98.9,998,48,0,28044,0,-0.005,98.935,98.945,98.895,0,2311,98.9,164708,0,0,"",0
"2021-10-08","BAXZ22","BAX","BAX","BAX",0,"2022-12-19",0,1,98.68,98.69,99,3,0,22648,0,-0.005,98.735,98.75,98.68,0,1767,98.685,145228,0,0,"",0
"2021-10-08","BAXH23","BAX","BAX","BAX",0,"2023-03-13",0,1,98.47,98.475,774,1,0,22394,0,-0.01,98.535,98.55,98.47,0,1599,98.48,147923,0,0,"",0
"2021-10-08","BAXM23","BAX","BAX","BAX",0,"2023-06-19",0,1,98.32,98.35,30,5,0,8424,0,-0.01,98.395,98.415,98.32,0,911,98.335,64764,0,0,"",0
"2021-10-08","BAXU23","BAX","BAX","BAX",0,"2023-09-18",0,1,0,98.245,0,4,0,5919,0,-0.015,98.305,98.32,98.23,0,588,98.245,60597,0,0,"",0
"2021-10-08","BAXZ23","BAX","BAX","BAX",0,"2023-12-18",0,1,98.1,98.18,5,42,0,2423,0,-0.01,98.24,98.245,98.165,0,373,98.185,52162,0,0,"",0
"2021-10-08","BAXH24","BAX","BAX","BAX",0,"2024-03-18",0,1,0,98.115,0,5,0,616,0,-0.01,98.175,98.175,98.1,0,120,98.12,11984,0,0,"",0
"2021-10-08","BAXM24","BAX","BAX","BAX",0,"2024-06-17",0,1,97.98,98.19,1,4,0,130,0,-0.005,98.115,98.115,98.045,0,45,98.055,4182,0,0,"",0
"2021-10-08","BAXU24","BAX","BAX","BAX",0,"2024-09-16",0,1,0,0,0,0,0,61,0,-0.085,98.03,98.03,97.995,0,10,98,697,0,0,"",0
"2021-10-12","BAXV21","BAX","BAX","BAX",0,"2021-10-18",0,1,0,0,0,0,0,0,0,0,0,0,0,0,0,99.515,0,0,0,"",0
"2021-10-12","BAXX21","BAX","BAX","BAX",0,"2021-11-15",0,1,0,0,0,0,0,0,0,0,0,0,0,0,0,99.51,0,0,0,"",0
"2021-10-12","BAXZ21","BAX","BAX","BAX",0,"2021-12-13",0,1,99.495,99.5,139,3849,0,55569,0,0.005,99.5,99.505,99.485,0,905,99.49,254159,0,0,"",0
"2021-10-12","BAXH22","BAX","BAX","BAX",0,"2022-03-14",0,1,99.33,99.335,275,644,99.33,59615,99.325,0.005,99.365,99.365,99.315,27710,2999,99.325,247695,0,0,"",0
"2021-10-12","BAXM22","BAX","BAX","BAX",0,"2022-06-13",0,1,99.075,99.085,50,172,99.08,47316,99.065,0.015,99.13,99.13,99.06,116604,3716,99.065,171034,0,0,"",0
"2021-10-12","BAXU22","BAX","BAX","BAX",0,"2022-09-19",0,1,98.825,98.835,44,95,98.83,45007,98.815,0.015,98.875,98.885,98.81,117784,4057,98.815,165405,0,0,"",0
"2021-10-12","BAXZ22","BAX","BAX","BAX",0,"2022-12-19",0,1,98.62,98.63,76,369,98.625,35778,98.61,0.015,98.68,98.68,98.605,56694,2430,98.61,147698,0,0,"",0
"2021-10-12","BAXH23","BAX","BAX","BAX",0,"2023-03-13",0,1,98.41,98.42,53,71,98.42,25723,98.4,0.02,98.45,98.465,98.395,82359,2105,98.4,142172,0,0,"",0
"2021-10-12","BAXM23","BAX","BAX","BAX",0,"2023-06-19",0,1,98.265,98.285,49,19,98.285,9703,98.265,0.02,98.33,98.33,98.255,17093,1187,98.265,65469,0,0,"",0
"2021-10-12","BAXU23","BAX","BAX","BAX",0,"2023-09-18",0,1,98.15,98.21,5,50,98.2,3779,98.18,0.02,98.23,98.235,98.175,9815,668,98.18,60712,0,0,"",0
"2021-10-12","BAXZ23","BAX","BAX","BAX",0,"2023-12-18",0,1,98.115,98.515,160,10,98.14,2144,98.12,0.02,98.17,98.17,98.115,1862,266,98.12,53319,0,0,"",0
"2021-10-12","BAXH24","BAX","BAX","BAX",0,"2024-03-18",0,1,0,0,0,0,98.085,521,98.055,0.03,98.075,98.095,98.05,392,97,98.055,11723,0,0,"",0
"2021-10-12","BAXM24","BAX","BAX","BAX",0,"2024-06-17",0,1,97.98,98.19,2,4,0,77,0,0,0,0,0,686,61,97.995,4226,0,0,"",0
"2021-10-12","BAXU24","BAX","BAX","BAX",0,"2024-09-16",0,1,0,0,0,0,0,39,0,-0.04,97.97,97.985,97.96,0,9,97.94,723,0,0,"",0
"2021-10-13","BAXV21","BAX","BAX","BAX",0,"2021-10-18",0,1,0,0,0,0,0,0,0,0,0,0,0,0,0,99.51,0,0,0,"",0
"2021-10-13","BAXX21","BAX","BAX","BAX",0,"2021-11-15",0,1,0,0,0,0,0,0,0,0,0,0,0,0,0,99.505,0,0,0,"",0
"2021-10-13","BAXZ21","BAX","BAX","BAX",0,"2021-12-13",0,1,99.48,99.49,1483,3598,0,23443,0,0,99.495,99.495,99.485,0,637,99.485,254808,0,0,"",0
"2021-10-13","BAXH22","BAX","BAX","BAX",0,"2022-03-14",0,1,99.315,99.32,117,283,0,49369,0,0,99.33,99.345,99.295,0,2778,99.315,274391,0,0,"",0
"2021-10-13","BAXM22","BAX","BAX","BAX",0,"2022-06-13",0,1,99.025,99.03,176,633,0,47129,0,-0.005,99.075,99.1,98.99,0,3666,99.03,177418,0,0,"",0
"2021-10-13","BAXU22","BAX","BAX","BAX",0,"2022-09-19",0,1,98.775,98.78,17,40,0,52221,0,0.005,98.83,98.865,98.73,0,4227,98.775,165301,0,0,"",0
"2021-10-13","BAXZ22","BAX","BAX","BAX",0,"2022-12-19",0,1,98.57,98.59,91,124,0,56644,0,0.005,98.615,98.66,98.53,0,3108,98.57,155175,0,0,"",0
"2021-10-13","BAXH23","BAX","BAX","BAX",0,"2023-03-13",0,1,98.375,98.39,88,63,0,53885,0,0.025,98.415,98.455,98.33,0,3074,98.365,145204,0,0,"",0
"2021-10-13","BAXM23","BAX","BAX","BAX",0,"2023-06-19",0,1,98.215,98.25,498,33,0,19260,0,0.02,98.275,98.31,98.2,0,1831,98.23,66314,0,0,"",0
"2021-10-13","BAXU23","BAX","BAX","BAX",0,"2023-09-18",0,1,0,98.16,0,15,0,17681,0,0.01,98.19,98.22,98.12,0,1477,98.145,59198,0,0,"",0
"2021-10-13","BAXZ23","BAX","BAX","BAX",0,"2023-12-18",0,1,98.07,98.115,10,20,0,5751,0,0.005,98.155,98.16,98.075,0,630,98.09,53210,0,0,"",0
"2021-10-13","BAXH24","BAX","BAX","BAX",0,"2024-03-18",0,1,98,0,20,0,0,2470,0,0.01,98.095,98.095,98.005,0,277,98.03,11668,0,0,"",0
"2021-10-13","BAXM24","BAX","BAX","BAX",0,"2024-06-17",0,1,97.92,98.015,1,1,0,600,0,0.01,98.04,98.04,97.97,0,171,97.97,4256,0,0,"",0
"2021-10-13","BAXU24","BAX","BAX","BAX",0,"2024-09-16",0,1,97.875,97.955,1,1,0,109,0,-0.01,97.905,97.995,97.905,0,47,97.92,706,0,0,"",0
"2021-10-14","BAXV21","BAX","BAX","BAX",0,"2021-10-18",0,1,0,0,0,0,0,0,0,0,0,0,0,0,0,99.52,0,0,0,"",0
"2021-10-14","BAXX21","BAX","BAX","BAX",0,"2021-11-15",0,1,0,0,0,0,0,0,0,0,0,0,0,0,0,99.515,0,0,0,"",0
"2021-10-14","BAXZ21","BAX","BAX","BAX",0,"2021-12-13",0,1,99.495,99.5,450,2750,0,23578,0,0,99.485,99.5,99.48,0,566,99.495,237565,0,0,"",0
"2021-10-14","BAXH22","BAX","BAX","BAX",0,"2022-03-14",0,1,99.335,99.345,1319,167,99.34,26771,99.345,-0.005,99.315,99.35,99.31,9932,2313,99.345,271856,0,0,"",0
"2021-10-14","BAXM22","BAX","BAX","BAX",0,"2022-06-13",0,1,99.08,99.09,110,185,99.085,37221,99.08,0.005,99.02,99.095,99.02,106398,3130,99.08,172787,0,0,"",0
"2021-10-14","BAXU22","BAX","BAX","BAX",0,"2022-09-19",0,1,98.835,98.845,500,478,98.835,28086,98.84,-0.005,98.775,98.845,98.775,20948,2772,98.84,166768,0,0,"",0
"2021-10-14","BAXZ22","BAX","BAX","BAX",0,"2022-12-19",0,1,98.625,98.63,36,102,98.63,37042,98.635,-0.005,98.57,98.635,98.57,13510,1891,98.635,151874,0,0,"",0
"2021-10-14","BAXH23","BAX","BAX","BAX",0,"2023-03-13",0,1,98.425,98.435,144,441,98.43,17205,98.435,-0.005,98.375,98.44,98.375,14071,1253,98.435,143002,0,0,"",0
"2021-10-14","BAXM23","BAX","BAX","BAX",0,"2023-06-19",0,1,98.275,98.31,10,25,98.295,7139,98.295,0,98.235,98.305,98.235,15326,737,98.295,68627,0,0,"",0
"2021-10-14","BAXU23","BAX","BAX","BAX",0,"2023-09-18",0,1,98.175,0,10,0,98.21,8511,98.21,0,98.14,98.215,98.14,18946,796,98.21,58412,0,0,"",0
"2021-10-14","BAXZ23","BAX","BAX","BAX",0,"2023-12-18",0,1,98.135,98.62,106,23,98.165,4755,98.16,0.005,98.12,98.165,98.1,2453,517,98.16,54712,0,0,"",0
"2021-10-14","BAXH24","BAX","BAX","BAX",0,"2024-03-18",0,1,0,0,0,0,98.11,498,98.1,0.01,98.055,98.11,98.04,588,75,98.1,12562,0,0,"",0
"2021-10-14","BAXM24","BAX","BAX","BAX",0,"2024-06-17",0,1,0,0,0,0,98.06,341,98.045,0.015,97.995,98.06,97.995,1372,43,98.045,4436,0,0,"",0
"2021-10-14","BAXU24","BAX","BAX","BAX",0,"2024-09-16",0,1,0,0,0,0,0,103,0,-0.01,97.95,97.99,97.95,0,12,97.995,747,0,0,"",0
"2021-10-15","BAXV21","BAX","BAX","BAX",0,"2021-10-18",0,1,0,0,0,0,0,0,0,0,0,0,0,0,0,99.51,0,0,0,"",0
"2021-10-15","BAXX21","BAX","BAX","BAX",0,"2021-11-15",0,1,0,0,0,0,0,0,0,0,0,0,0,0,0,99.505,0,0,0,"",0
"2021-10-15","BAXZ21","BAX","BAX","BAX",0,"2021-12-13",0,1,99.48,99.485,2301,116,0,24671,0,0,99.495,99.495,99.48,0,446,99.485,229741,0,0,"",0
"2021-10-15","BAXH22","BAX","BAX","BAX",0,"2022-03-14",0,1,99.32,99.325,536,467,0,22827,0,0,99.345,99.345,99.32,0,927,99.32,272123,0,0,"",0
"2021-10-15","BAXM22","BAX","BAX","BAX",0,"2022-06-13",0,1,99.045,99.05,244,201,0,20575,0,0,99.085,99.085,99.04,0,1654,99.045,171187,0,0,"",0
"2021-10-15","BAXU22","BAX","BAX","BAX",0,"2022-09-19",0,1,98.785,98.79,59,193,0,19135,0,0.01,98.83,98.84,98.775,0,1600,98.775,164850,0,0,"",0
"2021-10-15","BAXZ22","BAX","BAX","BAX",0,"2022-12-19",0,1,98.56,98.575,74,18,0,16121,0,0.01,98.62,98.63,98.56,0,1068,98.565,151136,0,0,"",0
"2021-10-15","BAXH23","BAX","BAX","BAX",0,"2023-03-13",0,1,98.365,98.385,134,96,0,16412,0,0.02,98.42,98.43,98.365,0,1111,98.365,139134,0,0,"",0
"2021-10-15","BAXM23","BAX","BAX","BAX",0,"2023-06-19",0,1,98.195,98.27,84,25,0,8022,0,0.005,98.28,98.28,98.235,0,754,98.23,68704,0,0,"",0
"2021-10-15","BAXU23","BAX","BAX","BAX",0,"2023-09-18",0,1,98.15,98.18,25,25,0,4735,0,0,98.18,98.18,98.145,0,717,98.15,60170,0,0,"",0
"2021-10-15","BAXZ23","BAX","BAX","BAX",0,"2023-12-18",0,1,98.09,98.115,15,93,0,2365,0,0.01,98.1,98.13,98.1,0,185,98.1,55623,0,0,"",0
"2021-10-15","BAXH24","BAX","BAX","BAX",0,"2024-03-18",0,1,0,0,0,0,0,458,0,0.01,98.05,98.055,98.05,0,23,98.045,12476,0,0,"",0
"2021-10-15","BAXM24","BAX","BAX","BAX",0,"2024-06-17",0,1,0,0,0,0,0,233,0,0.015,98.01,98.01,98.005,0,16,97.99,4341,0,0,"",0
"2021-10-15","BAXU24","BAX","BAX","BAX",0,"2024-09-16",0,1,0,0,0,0,0,228,0,-0.01,97.96,97.965,97.935,0,10,97.945,741,0,0,"",0
"2021-10-18","BAXV21","BAX","BAX","BAX",0,"2021-10-18",0,1,0,0,0,0,0,0,0,0,0,0,0,0,0,99.542,0,0,0,"",0
"2021-10-18","BAXX21","BAX","BAX","BAX",0,"2021-11-15",0,1,0,0,0,0,0,0,0,0,0,0,0,0,0,99.48,0,0,0,"",0
"2021-10-18","BAXZ21","BAX","BAX","BAX",0,"2021-12-13",0,1,99.45,99.455,919,529,0,34277,0,-0.005,99.48,99.48,99.425,0,2019,99.46,226595,0,0,"",0
"2021-10-18","BAXH22","BAX","BAX","BAX",0,"2022-03-14",0,1,99.22,99.225,805,73,0,40295,0,0.005,99.315,99.315,99.19,0,3552,99.22,283299,0,0,"",0
"2021-10-18","BAXM22","BAX","BAX","BAX",0,"2022-06-13",0,1,98.925,98.93,272,34,0,37198,0,0,99.035,99.035,98.865,0,3942,98.93,166416,0,0,"",0
"2021-10-18","BAXU22","BAX","BAX","BAX",0,"2022-09-19",0,1,98.66,98.665,332,131,0,33813,0,0,98.76,98.76,98.59,0,3709,98.66,164539,0,0,"",0
"2021-10-18","BAXZ22","BAX","BAX","BAX",0,"2022-12-19",0,1,98.44,98.45,106,678,0,37360,0,-0.005,98.535,98.54,98.38,0,3306,98.45,139110,0,0,"",0
"2021-10-18","BAXH23","BAX","BAX","BAX",0,"2023-03-13",0,1,98.25,98.27,74,98,0,36448,0,0.005,98.34,98.34,98.2,0,3325,98.255,135858,0,0,"",0
"2021-10-18","BAXM23","BAX","BAX","BAX",0,"2023-06-19",0,1,98.125,98.15,3,25,0,24192,0,0.005,98.195,98.195,98.08,0,2382,98.125,67999,0,0,"",0
"2021-10-18","BAXU23","BAX","BAX","BAX",0,"2023-09-18",0,1,97.745,98.08,100,10,0,17734,0,0,98.13,98.13,98.015,0,1634,98.06,60819,0,0,"",0
"2021-10-18","BAXZ23","BAX","BAX","BAX",0,"2023-12-18",0,1,98.015,98.25,1,100,0,14698,0,-0.005,98.08,98.08,97.99,0,1336,98.035,55854,0,0,"",0
"2021-10-18","BAXH24","BAX","BAX","BAX",0,"2024-03-18",0,1,97.67,98.32,100,100,0,4146,0,-0.03,97.985,97.985,97.945,0,513,97.99,12627,0,0,"",0
"2021-10-18","BAXM24","BAX","BAX","BAX",0,"2024-06-17",0,1,97.88,98.275,10,100,0,1422,0,-0.005,97.96,97.96,97.91,0,168,97.945,4237,0,0,"",0
"2021-10-18","BAXU24","BAX","BAX","BAX",0,"2024-09-16",0,1,97.66,98.235,100,100,0,829,0,0.005,97.88,97.915,97.875,0,71,97.905,736,0,0,"",0
"2021-10-19","BAXX21","BAX","BAX","BAX",0,"2021-11-15",0,1,0,0,0,0,0,0,0,0,0,0,0,0,0,99.475,0,0,0,"",0
"2021-10-19","BAXZ21","BAX","BAX","BAX",0,"2021-12-13",0,1,99.455,99.46,1056,1457,99.46,21067,99.455,0.005,99.455,99.47,99.45,298,881,99.455,228131,0,0,"",0
"2021-10-19","BAXF22","BAX","BAX","BAX",0,"2022-01-17",0,1,0,0,0,0,0,0,0,0,0,0,0,0,0,99.375,0,0,0,"",0
"2021-10-19","BAXH22","BAX","BAX","BAX",0,"2022-03-14",0,1,99.21,99.215,743,223,99.215,26759,99.215,0,99.22,99.265,99.205,12698,1718,99.215,288707,0,0,"",0
"2021-10-19","BAXM22","BAX","BAX","BAX",0,"2022-06-13",0,1,98.92,98.93,491,353,98.925,19188,98.925,0,98.945,98.985,98.92,7316,1904,98.925,165086,0,0,"",0
"2021-10-19","BAXU22","BAX","BAX","BAX",0,"2022-09-19",0,1,98.66,98.675,509,316,98.665,18190,98.665,0,98.68,98.72,98.655,11345,1998,98.665,169710,0,0,"",0
"2021-10-19","BAXZ22","BAX","BAX","BAX",0,"2022-12-19",0,1,98.455,98.46,226,444,98.46,19877,98.465,-0.005,98.465,98.5,98.445,4723,1473,98.465,137464,0,0,"",0
"2021-10-19","BAXH23","BAX","BAX","BAX",0,"2023-03-13",0,1,98.265,98.27,99,42,98.27,12230,98.275,-0.005,98.28,98.315,98.26,16897,995,98.275,135918,0,0,"",0
"2021-10-19","BAXM23","BAX","BAX","BAX",0,"2023-06-19",0,1,98.14,98.185,1,50,98.14,4026,98.145,-0.005,98.165,98.18,98.135,4316,635,98.145,69912,0,0,"",0
"2021-10-19","BAXU23","BAX","BAX","BAX",0,"2023-09-18",0,1,98.07,98.08,23,5,98.07,3339,98.07,0,98.09,98.105,98.055,3823,477,98.07,60197,0,0,"",0
"2021-10-19","BAXZ23","BAX","BAX","BAX",0,"2023-12-18",0,1,98.03,98.035,21,1,98.03,3228,98.035,-0.005,98.06,98.06,98.025,98,305,98.035,57882,0,0,"",0
"2021-10-19","BAXH24","BAX","BAX","BAX",0,"2024-03-18",0,1,97.97,98,25,1,97.985,1118,97.985,0,98.01,98.01,97.975,293,151,97.985,13124,0,0,"",0
"2021-10-19","BAXM24","BAX","BAX","BAX",0,"2024-06-17",0,1,97.57,98.275,100,100,0,331,0,0,0,0,0,0,66,97.94,4407,0,0,"",0
"2021-10-19","BAXU24","BAX","BAX","BAX",0,"2024-09-16",0,1,97.66,98.235,100,100,0,0,0,0,0,0,0,0,0,97.9,884,0,0,"",0
"2021-10-20","BAXX21","BAX","BAX","BAX",0,"2021-11-15",0,1,0,0,0,0,0,0,0,0,0,0,0,0,0,99.48,0,0,0,"",0
"2021-10-20","BAXZ21","BAX","BAX","BAX",0,"2021-12-13",0,1,99.465,99.47,30,361,0,26286,0,0.005,99.455,99.485,99.45,0,1005,99.46,231218,0,0,"",0
"2021-10-20","BAXF22","BAX","BAX","BAX",0,"2022-01-17",0,1,0,0,0,0,0,0,0,0,0,0,0,0,0,99.38,0,0,0,"",0
"2021-10-20","BAXH22","BAX","BAX","BAX",0,"2022-03-14",0,1,99.24,99.245,143,611,0,50234,0,0,99.21,99.27,99.195,0,2214,99.24,280613,0,0,"",0
"2021-10-20","BAXM22","BAX","BAX","BAX",0,"2022-06-13",0,1,98.96,98.97,497,604,0,40972,0,0,98.91,98.995,98.91,0,2540,98.965,161357,0,0,"",0
"2021-10-20","BAXU22","BAX","BAX","BAX",0,"2022-09-19",0,1,98.71,98.715,557,50,0,22494,0,-0.005,98.655,98.74,98.655,0,2204,98.715,168560,0,0,"",0
"2021-10-20","BAXZ22","BAX","BAX","BAX",0,"2022-12-19",0,1,98.505,98.51,581,7,0,24582,0,-0.005,98.44,98.535,98.44,0,1820,98.515,138097,0,0,"",0
"2021-10-20","BAXH23","BAX","BAX","BAX",0,"2023-03-13",0,1,98.32,98.325,7,212,0,12831,0,-0.005,98.255,98.34,98.255,0,1023,98.325,134378,0,0,"",0
"2021-10-20","BAXM23","BAX","BAX","BAX",0,"2023-06-19",0,1,98.19,98.195,100,26,0,4859,0,-0.005,98.15,98.21,98.145,0,633,98.2,68546,0,0,"",0
"2021-10-20","BAXU23","BAX","BAX","BAX",0,"2023-09-18",0,1,98.12,98.125,60,10,0,5905,0,0,98.05,98.14,98.05,0,629,98.125,59339,0,0,"",0
"2021-10-20","BAXZ23","BAX","BAX","BAX",0,"2023-12-18",0,1,98.075,98.08,198,6,0,6541,0,-0.005,98.03,98.1,98.03,0,506,98.08,54820,0,0,"",0
"2021-10-20","BAXH24","BAX","BAX","BAX",0,"2024-03-18",0,1,98.01,98.32,60,100,0,1124,0,0.005,97.995,98.03,97.995,0,145,98.02,12945,0,0,"",0
"2021-10-20","BAXM24","BAX","BAX","BAX",0,"2024-06-17",0,1,97.57,98.275,100,100,0,468,0,0.02,97.96,97.96,97.96,0,63,97.965,4450,0,0,"",0
"2021-10-20","BAXU24","BAX","BAX","BAX",0,"2024-09-16",0,1,97.66,98.235,100,100,0,226,0,0.02,97.92,97.92,97.91,0,20,97.92,868,0,0,"",0
"2021-10-21","BAXX21","BAX","BAX","BAX",0,"2021-11-15",0,1,0,0,0,0,0,0,0,0,0,0,0,0,0,99.465,0,0,0,"",0
"2021-10-21","BAXZ21","BAX","BAX","BAX",0,"2021-12-13",0,1,99.435,99.445,714,50,99.44,22923,99.445,-0.005,99.465,99.47,99.435,20580,611,99.445,225980,0,0,"",0
"2021-10-21","BAXF22","BAX","BAX","BAX",0,"2022-01-17",0,1,0,0,0,0,0,0,0,0,0,0,0,0,0,99.365,0,0,0,"",0
"2021-10-21","BAXH22","BAX","BAX","BAX",0,"2022-03-14",0,1,99.19,99.195,117,48,99.19,22555,99.21,-0.02,99.235,99.245,99.19,45824,1171,99.21,286440,0,0,"",0
"2021-10-21","BAXM22","BAX","BAX","BAX",0,"2022-06-13",0,1,98.895,98.905,131,30,98.9,24796,98.925,-0.025,98.96,98.975,98.9,7613,1704,98.925,165765,0,0,"",0
"2021-10-21","BAXU22","BAX","BAX","BAX",0,"2022-09-19",0,1,98.63,98.64,100,141,98.635,25918,98.66,-0.025,98.705,98.715,98.635,3153,2120,98.66,166597,0,0,"",0
"2021-10-21","BAXZ22","BAX","BAX","BAX",0,"2022-12-19",0,1,98.415,98.425,14,44,98.42,25835,98.44,-0.02,98.51,98.51,98.42,9050,1664,98.44,133821,0,0,"",0
"2021-10-21","BAXH23","BAX","BAX","BAX",0,"2023-03-13",0,1,98.2,98.245,1,15,98.235,31696,98.24,-0.005,98.31,98.32,98.225,13741,2080,98.24,135656,0,0,"",0
"2021-10-21","BAXM23","BAX","BAX","BAX",0,"2023-06-19",0,1,98.045,98.115,50,5,98.085,7546,98.11,-0.025,98.18,98.195,98.08,8825,664,98.11,69098,0,0,"",0
"2021-10-21","BAXU23","BAX","BAX","BAX",0,"2023-09-18",0,1,97.745,98.015,100,1,98.01,8588,98.04,-0.03,98.11,98.11,98.01,16758,859,98.04,60917,0,0,"",0
"2021-10-21","BAXZ23","BAX","BAX","BAX",0,"2023-12-18",0,1,97.91,97.99,31,100,97.97,5243,97.995,-0.025,98.065,98.065,97.96,13509,468,97.995,55415,0,0,"",0
"2021-10-21","BAXH24","BAX","BAX","BAX",0,"2024-03-18",0,1,97.67,98.32,100,100,97.9,1518,97.935,-0.035,97.92,97.92,97.9,3131,93,97.935,13046,0,0,"",0
"2021-10-21","BAXM24","BAX","BAX","BAX",0,"2024-06-17",0,1,97.57,97.91,100,42,0,547,0,0,0,0,0,0,39,97.89,4667,0,0,"",0
"2021-10-21","BAXU24","BAX","BAX","BAX",0,"2024-09-16",0,1,97.66,97.87,100,30,0,222,0,-0.08,97.84,97.84,97.84,0,13,97.85,931,0,0,"",0
"2021-10-22","BAXX21","BAX","BAX","BAX",0,"2021-11-15",0,1,0,0,0,0,0,0,0,0,0,0,0,0,0,99.46,0,0,0,"",0
"2021-10-22","BAXZ21","BAX","BAX","BAX",0,"2021-12-13",0,1,99.435,99.445,1457,337,99.44,15630,99.44,0,99.44,99.45,99.435,10042,994,99.44,220100,0,0,"",0
"2021-10-22","BAXF22","BAX","BAX","BAX",0,"2022-01-17",0,1,0,0,0,0,0,0,0,0,0,0,0,0,0,99.36,0,0,0,"",0
"2021-10-22","BAXH22","BAX","BAX","BAX",0,"2022-03-14",0,1,99.205,99.215,41,167,99.21,23634,99.205,0.005,99.195,99.22,99.175,6249,1597,99.205,267642,0,0,"",0
"2021-10-22","BAXM22","BAX","BAX","BAX",0,"2022-06-13",0,1,98.905,98.915,377,99,98.91,19156,98.91,0,98.9,98.935,98.885,12857,1544,98.91,165610,0,0,"",0
"2021-10-22","BAXU22","BAX","BAX","BAX",0,"2022-09-19",0,1,98.635,98.66,50,10,98.635,18595,98.63,0.005,98.66,98.67,98.6,15086,1678,98.63,164660,0,0,"",0
"2021-10-22","BAXZ22","BAX","BAX","BAX",0,"2022-12-19",0,1,98.405,98.41,68,178,98.41,19463,98.405,0.005,98.455,98.455,98.375,14267,1656,98.405,141978,0,0,"",0
"2021-10-22","BAXH23","BAX","BAX","BAX",0,"2023-03-13",0,1,98.195,98.215,50,150,98.205,20153,98.2,0.005,98.225,98.255,98.17,6383,1485,98.2,142181,0,0,"",0
"2021-10-22","BAXM23","BAX","BAX","BAX",0,"2023-06-19",0,1,98.045,98.12,50,100,0,6821,0,0.005,98.115,98.115,98.025,0,836,98.065,70111,0,0,"",0
"2021-10-22","BAXU23","BAX","BAX","BAX",0,"2023-09-18",0,1,97.745,98.05,100,100,98.005,9199,97.995,0.01,98.015,98.035,97.95,6074,1322,97.995,60923,0,0,"",0
"2021-10-22","BAXZ23","BAX","BAX","BAX",0,"2023-12-18",0,1,97.915,97.97,25,100,97.955,4007,97.955,0,97.98,97.98,97.91,1174,482,97.955,55053,0,0,"",0
"2021-10-22","BAXH24","BAX","BAX","BAX",0,"2024-03-18",0,1,97.67,98.32,100,100,97.905,1702,97.905,0,97.92,97.92,97.865,389,246,97.905,13006,0,0,"",0
"2021-10-22","BAXM24","BAX","BAX","BAX",0,"2024-06-17",0,1,97.86,97.91,19,42,97.86,502,97.86,0,97.86,97.86,97.86,97,72,97.86,5048,0,0,"",0
"2021-10-22","BAXU24","BAX","BAX","BAX",0,"2024-09-16",0,1,97.66,97.87,100,30,97.825,81,97.82,0.005,97.82,97.825,97.82,291,24,97.82,1023,0,0,"",0
"2021-10-25","BAXX21","BAX","BAX","BAX",0,"2021-11-15",0,1,0,0,0,0,0,0,0,0,0,0,0,0,0,99.48,0,0,0,"",0
"2021-10-25","BAXZ21","BAX","BAX","BAX",0,"2021-12-13",0,1,99.455,99.46,501,70,0,17602,0,-0.005,99.44,99.47,99.435,0,1027,99.46,209696,0,0,"",0
"2021-10-25","BAXF22","BAX","BAX","BAX",0,"2022-01-17",0,1,0,0,0,0,0,0,0,0,0,0,0,0,0,99.38,0,0,0,"",0
"2021-10-25","BAXH22","BAX","BAX","BAX",0,"2022-03-14",0,1,99.225,99.23,317,117,0,20345,0,0,99.21,99.245,99.2,0,1331,99.23,270345,0,0,"",0
"2021-10-25","BAXM22","BAX","BAX","BAX",0,"2022-06-13",0,1,98.94,98.96,167,159,0,24032,0,-0.01,98.92,98.975,98.895,0,1738,98.955,160860,0,0,"",0
"2021-10-25","BAXU22","BAX","BAX","BAX",0,"2022-09-19",0,1,98.66,98.665,221,16,0,17265,0,-0.015,98.66,98.69,98.62,0,1312,98.68,166343,0,0,"",0
"2021-10-25","BAXZ22","BAX","BAX","BAX",0,"2022-12-19",0,1,98.42,98.435,336,325,0,12255,0,-0.02,98.42,98.45,98.395,0,1042,98.44,131481,0,0,"",0
"2021-10-25","BAXH23","BAX","BAX","BAX",0,"2023-03-13",0,1,98.21,98.215,94,30,0,9995,0,-0.005,98.23,98.235,98.19,0,805,98.22,133747,0,0,"",0
"2021-10-25","BAXM23","BAX","BAX","BAX",0,"2023-06-19",0,1,98.045,98.085,50,8,0,5444,0,-0.005,98.09,98.09,98.05,0,675,98.075,68907,0,0,"",0
"2021-10-25","BAXU23","BAX","BAX","BAX",0,"2023-09-18",0,1,97.985,98,127,30,0,5143,0,-0.015,98.015,98.015,97.98,0,615,98,63336,0,0,"",0
"2021-10-25","BAXZ23","BAX","BAX","BAX",0,"2023-12-18",0,1,97.935,97.955,25,10,0,1732,0,-0.005,97.95,97.98,97.945,0,198,97.965,55783,0,0,"",0
"2021-10-25","BAXH24","BAX","BAX","BAX",0,"2024-03-18",0,1,97.67,98.32,100,100,0,664,0,-0.015,97.94,97.945,97.9,0,92,97.915,13247,0,0,"",0
"2021-10-25","BAXM24","BAX","BAX","BAX",0,"2024-06-17",0,1,97.57,98.275,100,100,0,439,0,0,97.855,97.89,97.855,0,74,97.87,4977,0,0,"",0
"2021-10-25","BAXU24","BAX","BAX","BAX",0,"2024-09-16",0,1,97.66,98.235,100,100,0,204,0,0.035,97.855,97.855,97.855,0,4,97.83,947,0,0,"",0
"2021-10-26","BAXX21","BAX","BAX","BAX",0,"2021-11-15",0,1,0,0,0,0,0,0,0,0,0,0,0,0,0,99.48,0,0,0,"",0
"2021-10-26","BAXZ21","BAX","BAX","BAX",0,"2021-12-13",0,1,99.45,99.455,910,1641,99.45,14600,99.46,-0.01,99.46,99.47,99.45,114663,937,99.46,207310,0,0,"",0
"2021-10-26","BAXF22","BAX","BAX","BAX",0,"2022-01-17",0,1,0,0,0,0,0,0,0,0,0,0,0,0,0,99.38,0,0,0,"",0
"2021-10-26","BAXH22","BAX","BAX","BAX",0,"2022-03-14",0,1,99.215,99.225,115,41,99.22,19397,99.23,-0.01,99.23,99.29,99.215,63585,1152,99.23,272198,0,0,"",0
"2021-10-26","BAXM22","BAX","BAX","BAX",0,"2022-06-13",0,1,98.935,98.945,104,53,98.94,16854,98.945,-0.005,98.945,99,98.935,36182,1784,98.945,169507,0,0,"",0
"2021-10-26","BAXU22","BAX","BAX","BAX",0,"2022-09-19",0,1,98.66,98.665,249,37,98.665,12625,98.665,0,98.675,98.72,98.65,69827,1246,98.665,170285,0,0,"",0
"2021-10-26","BAXZ22","BAX","BAX","BAX",0,"2022-12-19",0,1,98.415,98.425,67,21,98.42,6733,98.425,-0.005,98.445,98.475,98.415,23907,791,98.425,126980,0,0,"",0
"2021-10-26","BAXH23","BAX","BAX","BAX",0,"2023-03-13",0,1,98.185,98.19,13,64,98.195,12672,98.2,-0.005,98.24,98.255,98.195,24443,1270,98.2,129407,0,0,"",0
"2021-10-26","BAXM23","BAX","BAX","BAX",0,"2023-06-19",0,1,98.035,98.07,50,100,98.04,5381,98.045,-0.005,98.075,98.105,98.04,10389,583,98.045,67511,0,0,"",0
"2021-10-26","BAXU23","BAX","BAX","BAX",0,"2023-09-18",0,1,97.745,97.97,100,84,97.965,4520,97.97,-0.005,97.995,98.03,97.96,6850,520,97.97,60953,0,0,"",0
"2021-10-26","BAXZ23","BAX","BAX","BAX",0,"2023-12-18",0,1,97.92,97.945,2,5,97.925,3471,97.94,-0.015,97.955,97.975,97.925,4012,195,97.94,56101,0,0,"",0
"2021-10-26","BAXH24","BAX","BAX","BAX",0,"2024-03-18",0,1,97.67,97.895,100,1,97.88,1270,97.895,-0.015,97.91,97.92,97.88,13306,112,97.895,13304,0,0,"",0
"2021-10-26","BAXM24","BAX","BAX","BAX",0,"2024-06-17",0,1,97.57,97.86,100,1,97.835,201,97.85,-0.015,97.865,97.89,97.835,12909,19,97.85,5068,0,0,"",0
"2021-10-26","BAXU24","BAX","BAX","BAX",0,"2024-09-16",0,1,97.66,98.235,100,100,97.815,161,97.81,0.005,97.83,97.83,97.815,9283,20,97.81,942,0,0,"",0
"2021-10-27","BAXX21","BAX","BAX","BAX",0,"2021-11-15",0,1,0,0,0,0,0,0,0,0,0,0,0,0,0,99.355,0,0,0,"",0
"2021-10-27","BAXZ21","BAX","BAX","BAX",0,"2021-12-13",0,1,99.31,99.32,79,98,99.315,103548,99.335,-0.02,99.45,99.46,99.295,3373,6436,99.335,206063,0,0,"",0
"2021-10-27","BAXF22","BAX","BAX","BAX",0,"2022-01-17",0,1,0,0,0,0,0,0,0,0,0,0,0,0,0,99.255,0,0,0,"",0
"2021-10-27","BAXH22","BAX","BAX","BAX",0,"2022-03-14",0,1,99.025,99.03,274,200,99.025,62330,99.02,0.005,99.215,99.23,98.985,1881,5506,99.02,274298,0,0,"",0
"2021-10-27","BAXM22","BAX","BAX","BAX",0,"2022-06-13",0,1,98.555,98.56,77,36,98.555,71684,98.55,0.005,98.925,98.945,98.505,72127,7046,98.55,169977,0,0,"",0
"2021-10-27","BAXU22","BAX","BAX","BAX",0,"2022-09-19",0,1,98.22,98.225,15,100,98.225,62714,98.235,-0.01,98.655,98.66,98.105,883,7742,98.235,171582,0,0,"",0
"2021-10-27","BAXZ22","BAX","BAX","BAX",0,"2022-12-19",0,1,97.98,97.99,227,32,97.985,73461,98.015,-0.03,98.425,98.425,97.825,3327,9235,98.015,128051,0,0,"",0
"2021-10-27","BAXH23","BAX","BAX","BAX",0,"2023-03-13",0,1,97.735,97.805,5,9,97.795,42955,97.85,-0.055,98.19,98.19,97.73,3713,5278,97.85,128627,0,0,"",0
"2021-10-27","BAXM23","BAX","BAX","BAX",0,"2023-06-19",0,1,97.7,97.8,25,38,97.7,25309,97.795,-0.095,98.03,98.04,97.7,5952,3589,97.795,68359,0,0,"",0
"2021-10-27","BAXU23","BAX","BAX","BAX",0,"2023-09-18",0,1,0,97.805,0,28,97.69,19451,97.805,-0.115,97.95,97.97,97.665,7125,2570,97.805,61356,0,0,"",0
"2021-10-27","BAXZ23","BAX","BAX","BAX",0,"2023-12-18",0,1,97.705,97.79,1,11,97.725,14801,97.845,-0.12,97.91,97.94,97.65,5363,1852,97.845,58025,0,0,"",0
"2021-10-27","BAXH24","BAX","BAX","BAX",0,"2024-03-18",0,1,0,97.825,0,1,97.715,7960,97.835,-0.12,97.885,97.93,97.67,5758,1122,97.835,13383,0,0,"",0
"2021-10-27","BAXM24","BAX","BAX","BAX",0,"2024-06-17",0,1,0,0,0,0,97.72,4160,97.815,-0.095,97.845,97.895,97.715,3315,536,97.815,5110,0,0,"",0
"2021-10-27","BAXU24","BAX","BAX","BAX",0,"2024-09-16",0,1,0,0,0,0,97.78,1768,97.81,-0.03,97.835,97.87,97.7,586,209,97.79,1002,0,0,"",0
"2021-10-28","BAXX21","BAX","BAX","BAX",0,"2021-11-15",0,1,0,0,0,0,0,0,0,0,0,0,0,0,0,99.425,0,0,0,"",0
"2021-10-28","BAXZ21","BAX","BAX","BAX",0,"2021-12-13",0,1,99.395,99.405,151,29,0,32246,0,-0.01,99.315,99.44,99.305,0,2329,99.405,278491,0,0,"",0
"2021-10-28","BAXF22","BAX","BAX","BAX",0,"2022-01-17",0,1,0,0,0,0,0,0,0,0,0,0,0,0,0,99.325,0,0,0,"",0
"2021-10-28","BAXH22","BAX","BAX","BAX",0,"2022-03-14",0,1,99.05,99.06,119,2,0,64822,0,-0.01,99.02,99.1,98.92,0,10744,99.06,293530,0,0,"",0
"2021-10-28","BAXM22","BAX","BAX","BAX",0,"2022-06-13",0,1,98.61,98.625,104,36,0,61125,0,-0.015,98.555,98.635,98.34,0,13700,98.625,194833,0,0,"",0
"2021-10-28","BAXU22","BAX","BAX","BAX",0,"2022-09-19",0,1,98.26,98.29,79,2,0,36903,0,-0.015,98.235,98.305,97.95,0,7937,98.275,190955,0,0,"",0
"2021-10-28","BAXZ22","BAX","BAX","BAX",0,"2022-12-19",0,1,98.015,98.055,20,27,0,36609,0,-0.015,97.98,98.07,97.715,0,7882,98.045,158782,0,0,"",0
"2021-10-28","BAXH23","BAX","BAX","BAX",0,"2023-03-13",0,1,97.825,98.245,50,10,0,25394,0,-0.01,97.785,97.865,97.545,0,3920,97.84,129551,0,0,"",0
"2021-10-28","BAXM23","BAX","BAX","BAX",0,"2023-06-19",0,1,97.73,97.8,150,32,0,18860,0,-0.03,97.715,97.8,97.505,0,3159,97.765,76486,0,0,"",0
"2021-10-28","BAXU23","BAX","BAX","BAX",0,"2023-09-18",0,1,97.72,97.78,105,22,0,14685,0,-0.055,97.705,97.805,97.53,0,2586,97.775,62391,0,0,"",0
"2021-10-28","BAXZ23","BAX","BAX","BAX",0,"2023-12-18",0,1,97.725,98.3,188,1,0,9499,0,-0.02,97.74,97.87,97.605,0,1317,97.835,59786,0,0,"",0
"2021-10-28","BAXH24","BAX","BAX","BAX",0,"2024-03-18",0,1,97.705,97.77,1,1,0,4174,0,-0.06,97.725,97.84,97.56,0,805,97.805,14567,0,0,"",0
"2021-10-28","BAXM24","BAX","BAX","BAX",0,"2024-06-17",0,1,97.665,97.745,1,1,0,1653,0,-0.045,97.635,97.72,97.545,0,438,97.765,5901,0,0,"",0
"2021-10-28","BAXU24","BAX","BAX","BAX",0,"2024-09-16",0,1,97.62,97.715,1,1,0,552,0,-0.045,97.61,97.69,97.565,0,97,97.73,1100,0,0,"",0
"2021-10-29","BAXX21","BAX","BAX","BAX",0,"2021-11-15",0,1,0,0,0,0,0,0,0,0,0,0,0,0,0,99.415,0,0,0,"",0
"2021-10-29","BAXZ21","BAX","BAX","BAX",0,"2021-12-13",0,1,99.4,99.405,1,55,0,14079,0,0.01,99.395,99.415,99.375,0,760,99.395,253900,0,0,"",0
"2021-10-29","BAXF22","BAX","BAX","BAX",0,"2022-01-17",0,1,0,0,0,0,0,0,0,0,0,0,0,0,0,99.315,0,0,0,"",0
"2021-10-29","BAXH22","BAX","BAX","BAX",0,"2022-03-14",0,1,99.015,99.025,45,129,0,14735,0,-0.005,99.04,99.085,99,0,2193,99.03,304006,0,0,"",0
"2021-10-29","BAXM22","BAX","BAX","BAX",0,"2022-06-13",0,1,98.605,98.61,76,53,0,12872,0,0.01,98.6,98.655,98.565,0,2768,98.595,192801,0,0,"",0
"2021-10-29","BAXU22","BAX","BAX","BAX",0,"2022-09-19",0,1,98.265,98.28,1,50,0,16751,0,0,98.26,98.33,98.22,0,3336,98.265,189579,0,0,"",0
"2021-10-29","BAXZ22","BAX","BAX","BAX",0,"2022-12-19",0,1,98.015,98.055,5,50,0,21647,0,0.01,98.045,98.105,97.97,0,3583,98.04,152201,0,0,"",0
"2021-10-29","BAXH23","BAX","BAX","BAX",0,"2023-03-13",0,1,97.76,97.815,20,16,0,16607,0,0.015,97.82,97.89,97.755,0,2833,97.8,126794,0,0,"",0
"2021-10-29","BAXM23","BAX","BAX","BAX",0,"2023-06-19",0,1,97.59,97.72,31,20,0,6754,0,0.015,97.755,97.77,97.65,0,1266,97.7,72142,0,0,"",0
"2021-10-29","BAXU23","BAX","BAX","BAX",0,"2023-09-18",0,1,0,97.71,0,25,0,5118,0,0.005,97.68,97.755,97.645,0,849,97.7,60721,0,0,"",0
"2021-10-29","BAXZ23","BAX","BAX","BAX",0,"2023-12-18",0,1,97.71,98.3,60,1,0,7008,0,0.005,97.74,97.8,97.7,0,944,97.75,60068,0,0,"",0
"2021-10-29","BAXH24","BAX","BAX","BAX",0,"2024-03-18",0,1,0,97.725,0,83,0,2420,0,-0.005,97.69,97.73,97.665,0,336,97.72,14919,0,0,"",0
"2021-10-29","BAXM24","BAX","BAX","BAX",0,"2024-06-17",0,1,0,0,0,0,0,1072,0,-0.025,97.675,97.705,97.65,0,209,97.68,5400,0,0,"",0
"2021-10-29","BAXU24","BAX","BAX","BAX",0,"2024-09-16",0,1,0,0,0,0,0,680,0,-0.02,97.645,97.685,97.625,0,202,97.645,1134,0,0,"",0