"Date","Symbol","Class Symbol","Root Symbol","Underlying Symbol","Strike Price","Expiry Date","Call/Put","Ins. Type","Bid Price","Ask Price","Bid Size","Ask Size","Last Price","Volume","Last Close Price","Net Change","Open Price","High Price","Low Price","Total Value","Nb. Trades","Settlement Price","Open Interest","Implied Volatility","Accrued Financing Value","Accrued Financing Date","CORRA Rate"
"2023-01-03","BAXF23","BAX","BAX","BAX",0,"2023-01-16",0,1,0,0,0,0,0,0,0,0,0,0,0,0,0,94.925,0,0,0,"",0
"2023-01-03","BAXG23","BAX","BAX","BAX",0,"2023-02-13",0,1,0,0,0,0,0,0,0,0,0,0,0,0,0,94.94,0,0,0,"",0
"2023-01-03","BAXH23","BAX","BAX","BAX",0,"2023-03-13",0,1,94.96,94.97,111,50,0,8616,0,-0.005,95.025,95.025,94.96,0,1492,94.965,188494,0,0,"",0
"2023-01-03","BAXM23","BAX","BAX","BAX",0,"2023-06-19",0,1,94.995,95.265,23,25,0,10632,0,0.015,95.01,95.045,94.965,0,2114,94.995,140868,0,0,"",0
"2023-01-03","BAXU23","BAX","BAX","BAX",0,"2023-09-18",0,1,95.195,95.235,20,50,0,4903,0,0.03,95.19,95.24,95.145,0,1215,95.19,105643,0,0,"",0
"2023-01-03","BAXZ23","BAX","BAX","BAX",0,"2023-12-18",0,1,95.535,95.565,25,25,0,7323,0,0.045,95.515,95.595,95.485,0,1433,95.535,78825,0,0,"",0
"2023-01-03","BAXH24","BAX","BAX","BAX",0,"2024-03-18",0,1,95.9,95.97,20,100,0,6367,0,0.06,95.87,95.97,95.84,0,1299,95.89,48621,0,0,"",0
"2023-01-03","BAXM24","BAX","BAX","BAX",0,"2024-06-17",0,1,96.16,0,50,0,0,6600,0,0.03,96.16,96.25,96.12,0,1640,96.17,36207,0,0,"",0
"2023-01-03","BAXU24","BAX","BAX","BAX",0,"2024-09-18",0,1,96.37,0,30,0,0,2136,0,0.05,96.42,96.46,96.37,0,575,96.39,13570,0,0,"",0
"2023-01-03","BAXZ24","BAX","BAX","BAX",0,"2024-12-18",0,1,96.51,0,60,0,0,1879,0,0.06,96.53,96.56,96.48,0,586,96.51,12481,0,0,"",0
"2023-01-03","BAXH25","BAX","BAX","BAX",0,"2025-03-19",0,1,96.57,0,10,0,0,167,0,0.06,96.57,96.58,96.54,0,35,96.56,1322,0,0,"",0
"2023-01-03","BAXM25","BAX","BAX","BAX",0,"2025-06-18",0,1,0,0,0,0,0,95,0,0.11,96.59,96.61,96.59,0,11,96.57,596,0,0,"",0
"2023-01-03","BAXU25","BAX","BAX","BAX",0,"2025-09-17",0,1,0,0,0,0,0,0,0,0,0,0,0,0,0,96.56,355,0,0,"",0
"2023-01-03","BAXZ25","BAX","BAX","BAX",0,"2025-12-17",0,1,0,0,0,0,0,0,0,0,0,0,0,0,0,96.52,1,0,0,"",0
"2023-01-04","BAXF23","BAX","BAX","BAX",0,"2023-01-16",0,1,0,0,0,0,0,0,0,0,0,0,0,0,0,94.895,0,0,0,"",0
"2023-01-04","BAXG23","BAX","BAX","BAX",0,"2023-02-13",0,1,0,0,0,0,0,0,0,0,0,0,0,0,0,94.91,0,0,0,"",0
"2023-01-04","BAXH23","BAX","BAX","BAX",0,"2023-03-13",0,1,94.945,94.95,2,51,0,12785,0,-0.015,94.98,94.98,94.92,0,1657,94.935,189484,0,0,"",0
"2023-01-04","BAXM23","BAX","BAX","BAX",0,"2023-06-19",0,1,94.98,95.005,250,2,0,10485,0,0.005,95.005,95.035,94.975,0,1791,94.98,144186,0,0,"",0
"2023-01-04","BAXU23","BAX","BAX","BAX",0,"2023-09-18",0,1,95.185,95.195,78,25,0,10294,0,0,95.21,95.24,95.16,0,1744,95.175,106259,0,0,"",0
"2023-01-04","BAXZ23","BAX","BAX","BAX",0,"2023-12-18",0,1,0,95.55,0,39,0,12843,0,0.015,95.58,95.6,95.51,0,2048,95.53,80558,0,0,"",0
"2023-01-04","BAXH24","BAX","BAX","BAX",0,"2024-03-18",0,1,95.93,0,18,0,0,6050,0,0.06,95.94,95.99,95.91,0,1042,95.93,50088,0,0,"",0
"2023-01-04","BAXM24","BAX","BAX","BAX",0,"2024-06-17",0,1,96.24,0,25,0,0,6294,0,0.1,96.23,96.3,96.21,0,1558,96.25,38661,0,0,"",0
"2023-01-04","BAXU24","BAX","BAX","BAX",0,"2024-09-18",0,1,96.48,0,33,0,0,2362,0,0.09,96.43,96.53,96.43,0,474,96.47,13876,0,0,"",0
"2023-01-04","BAXZ24","BAX","BAX","BAX",0,"2024-12-18",0,1,96.56,96.61,3,1,0,2897,0,0.09,96.56,96.71,96.56,0,808,96.59,12961,0,0,"",0
"2023-01-04","BAXH25","BAX","BAX","BAX",0,"2025-03-19",0,1,96.64,0,4,0,0,47,0,0.06,96.65,96.73,96.62,0,23,96.64,1354,0,0,"",0
"2023-01-04","BAXM25","BAX","BAX","BAX",0,"2025-06-18",0,1,0,0,0,0,0,3,0,0.07,96.65,96.65,96.64,0,3,96.65,586,0,0,"",0
"2023-01-04","BAXU25","BAX","BAX","BAX",0,"2025-09-17",0,1,96.63,0,23,0,0,27,0,0.07,96.71,96.71,96.63,0,2,96.64,355,0,0,"",0
"2023-01-04","BAXZ25","BAX","BAX","BAX",0,"2025-12-17",0,1,0,0,0,0,0,0,0,0,0,0,0,0,0,96.55,1,0,0,"",0
"2023-01-05","BAXF23","BAX","BAX","BAX",0,"2023-01-16",0,1,0,0,0,0,0,0,0,0,0,0,0,0,0,94.885,0,0,0,"",0
"2023-01-05","BAXG23","BAX","BAX","BAX",0,"2023-02-13",0,1,0,0,0,0,0,0,0,0,0,0,0,0,0,94.9,0,0,0,"",0
"2023-01-05","BAXH23","BAX","BAX","BAX",0,"2023-03-13",0,1,94.92,94.935,131,250,0,9970,0,0,94.945,94.955,94.895,0,1511,94.925,189691,0,0,"",0
"2023-01-05","BAXM23","BAX","BAX","BAX",0,"2023-06-19",0,1,94.96,94.99,70,50,0,10819,0,-0.005,94.99,95.01,94.94,0,1496,94.965,144668,0,0,"",0
"2023-01-05","BAXU23","BAX","BAX","BAX",0,"2023-09-18",0,1,95.115,95.19,30,15,0,8702,0,-0.04,95.18,95.195,95.115,0,1637,95.125,108477,0,0,"",0
"2023-01-05","BAXZ23","BAX","BAX","BAX",0,"2023-12-18",0,1,95.44,0,100,0,0,9005,0,-0.045,95.535,95.6,95.455,0,1830,95.47,81831,0,0,"",0
"2023-01-05","BAXH24","BAX","BAX","BAX",0,"2024-03-18",0,1,95.87,95.89,90,3,0,5246,0,-0.06,95.93,96,95.84,0,929,95.87,49608,0,0,"",0
"2023-01-05","BAXM24","BAX","BAX","BAX",0,"2024-06-17",0,1,96.15,0,75,0,0,3884,0,-0.05,96.3,96.3,96.16,0,859,96.2,39083,0,0,"",0
"2023-01-05","BAXU24","BAX","BAX","BAX",0,"2024-09-18",0,1,96.41,96.44,40,25,0,1334,0,-0.04,96.52,96.52,96.39,0,389,96.42,13988,0,0,"",0
"2023-01-05","BAXZ24","BAX","BAX","BAX",0,"2024-12-18",0,1,0,96.58,0,3,0,2814,0,-0.06,96.61,96.63,96.5,0,872,96.54,13334,0,0,"",0
"2023-01-05","BAXH25","BAX","BAX","BAX",0,"2025-03-19",0,1,0,0,0,0,0,210,0,-0.01,96.62,96.64,96.57,0,36,96.6,1261,0,0,"",0
"2023-01-05","BAXM25","BAX","BAX","BAX",0,"2025-06-18",0,1,0,97,0,1,0,172,0,0.01,96.65,96.66,96.65,0,9,96.62,550,0,0,"",0
"2023-01-05","BAXU25","BAX","BAX","BAX",0,"2025-09-17",0,1,96.68,96.72,10,50,0,473,0,0.05,96.62,96.7,96.62,0,34,96.62,357,0,0,"",0
"2023-01-05","BAXZ25","BAX","BAX","BAX",0,"2025-12-17",0,1,96,96.72,1,25,0,2,0,0.13,96.68,96.68,96.68,0,2,96.58,1,0,0,"",0
"2023-01-06","BAXF23","BAX","BAX","BAX",0,"2023-01-16",0,1,0,0,0,0,0,0,0,0,0,0,0,0,0,94.865,0,0,0,"",0
"2023-01-06","BAXG23","BAX","BAX","BAX",0,"2023-02-13",0,1,0,0,0,0,0,0,0,0,0,0,0,0,0,94.88,0,0,0,"",0
"2023-01-06","BAXH23","BAX","BAX","BAX",0,"2023-03-13",0,1,94.9,94.905,250,41,0,31361,0,-0.03,94.94,94.96,94.855,0,4298,94.905,191078,0,0,"",0
"2023-01-06","BAXM23","BAX","BAX","BAX",0,"2023-06-19",0,1,94.955,94.965,3,125,0,17334,0,-0.005,94.985,95.005,94.87,0,3279,94.96,148627,0,0,"",0
"2023-01-06","BAXU23","BAX","BAX","BAX",0,"2023-09-18",0,1,95.115,95.16,5,17,0,13758,0,0.03,95.135,95.19,95.02,0,2644,95.14,110592,0,0,"",0
"2023-01-06","BAXZ23","BAX","BAX","BAX",0,"2023-12-18",0,1,95.53,95.56,25,61,0,12650,0,0.06,95.475,95.565,95.365,0,2666,95.52,80977,0,0,"",0
"2023-01-06","BAXH24","BAX","BAX","BAX",0,"2024-03-18",0,1,95.95,0,50,0,0,9911,0,0.07,95.88,95.97,95.77,0,1893,95.94,49711,0,0,"",0
"2023-01-06","BAXM24","BAX","BAX","BAX",0,"2024-06-17",0,1,96.25,0,50,0,0,13153,0,0.08,96.21,96.3,96.11,0,2990,96.27,39920,0,0,"",0
"2023-01-06","BAXU24","BAX","BAX","BAX",0,"2024-09-18",0,1,96.51,0,61,0,0,2366,0,0.1,96.42,96.54,96.35,0,635,96.5,13504,0,0,"",0
"2023-01-06","BAXZ24","BAX","BAX","BAX",0,"2024-12-18",0,1,96.58,96.68,11,46,0,2345,0,0.1,96.54,96.68,96.47,0,873,96.65,14102,0,0,"",0
"2023-01-06","BAXH25","BAX","BAX","BAX",0,"2025-03-19",0,1,0,0,0,0,0,358,0,0.12,96.62,96.74,96.58,0,46,96.74,1312,0,0,"",0
"2023-01-06","BAXM25","BAX","BAX","BAX",0,"2025-06-18",0,1,96,97,1,1,0,126,0,0.15,96.66,96.77,96.62,0,40,96.79,616,0,0,"",0
"2023-01-06","BAXU25","BAX","BAX","BAX",0,"2025-09-17",0,1,0,96.8,0,1,0,4,0,0.02,96.62,96.64,96.62,0,4,96.81,745,0,0,"",0
"2023-01-06","BAXZ25","BAX","BAX","BAX",0,"2025-12-17",0,1,96,97,1,1,0,0,0,0,0,0,0,0,0,96.76,2,0,0,"",0
"2023-01-09","BAXF23","BAX","BAX","BAX",0,"2023-01-16",0,1,0,0,0,0,0,0,0,0,0,0,0,0,0,94.885,0,0,0,"",0
"2023-01-09","BAXG23","BAX","BAX","BAX",0,"2023-02-13",0,1,0,0,0,0,0,0,0,0,0,0,0,0,0,94.9,0,0,0,"",0
"2023-01-09","BAXH23","BAX","BAX","BAX",0,"2023-03-13",0,1,94.925,94.93,5,575,0,13563,0,0.02,94.895,94.935,94.87,0,2260,94.925,196339,0,0,"",0
"2023-01-09","BAXM23","BAX","BAX","BAX",0,"2023-06-19",0,1,94.975,94.985,150,81,0,10994,0,0.025,94.945,94.99,94.93,0,1748,94.985,153448,0,0,"",0
"2023-01-09","BAXU23","BAX","BAX","BAX",0,"2023-09-18",0,1,95.165,95.225,138,5,0,8316,0,0.035,95.14,95.19,95.115,0,1520,95.175,112909,0,0,"",0
"2023-01-09","BAXZ23","BAX","BAX","BAX",0,"2023-12-18",0,1,95.54,95.555,30,40,0,7495,0,0.03,95.52,95.56,95.49,0,1584,95.555,83564,0,0,"",0
"2023-01-09","BAXH24","BAX","BAX","BAX",0,"2024-03-18",0,1,95.97,0,30,0,0,12390,0,0.04,95.94,95.98,95.91,0,2347,95.98,51199,0,0,"",0
"2023-01-09","BAXM24","BAX","BAX","BAX",0,"2024-06-17",0,1,96.28,0,25,0,0,4658,0,0.07,96.27,96.34,96.24,0,1446,96.33,45118,0,0,"",0
"2023-01-09","BAXU24","BAX","BAX","BAX",0,"2024-09-18",0,1,0,96.62,0,100,0,1589,0,0.11,96.49,96.62,96.48,0,322,96.6,13795,0,0,"",0
"2023-01-09","BAXZ24","BAX","BAX","BAX",0,"2024-12-18",0,1,96.72,0,33,0,0,1668,0,0.13,96.62,96.78,96.61,0,385,96.76,14042,0,0,"",0
"2023-01-09","BAXH25","BAX","BAX","BAX",0,"2025-03-19",0,1,96.81,0,25,0,0,94,0,0.13,96.71,96.87,96.71,0,20,96.85,1504,0,0,"",0
"2023-01-09","BAXM25","BAX","BAX","BAX",0,"2025-06-18",0,1,96,97,1,1,0,6,0,0.08,96.76,96.87,96.76,0,6,96.9,630,0,0,"",0
"2023-01-09","BAXU25","BAX","BAX","BAX",0,"2025-09-17",0,1,0,0,0,0,0,9,0,0.12,96.77,96.93,96.77,0,5,96.92,748,0,0,"",0
"2023-01-09","BAXZ25","BAX","BAX","BAX",0,"2025-12-17",0,1,96,97,1,10,0,1,0,0.14,97,96.92,96.9,0,1,96.84,2,0,0,"",0
"2023-01-10","BAXF23","BAX","BAX","BAX",0,"2023-01-16",0,1,0,0,0,0,0,0,0,0,0,0,0,0,0,94.885,0,0,0,"",0
"2023-01-10","BAXG23","BAX","BAX","BAX",0,"2023-02-13",0,1,0,0,0,0,0,0,0,0,0,0,0,0,0,94.9,0,0,0,"",0
"2023-01-10","BAXH23","BAX","BAX","BAX",0,"2023-03-13",0,1,94.925,94.93,50,597,0,9770,0,0,94.915,94.93,94.89,0,1353,94.925,192923,0,0,"",0
"2023-01-10","BAXM23","BAX","BAX","BAX",0,"2023-06-19",0,1,95,95.005,100,4,0,14186,0,0.015,94.97,95.005,94.935,0,2162,94.985,155590,0,0,"",0
"2023-01-10","BAXU23","BAX","BAX","BAX",0,"2023-09-18",0,1,95.17,95.195,32,100,0,11621,0,0.015,95.16,95.19,95.125,0,1482,95.175,113676,0,0,"",0
"2023-01-10","BAXZ23","BAX","BAX","BAX",0,"2023-12-18",0,1,95.545,95.6,20,100,0,11312,0,0.005,95.535,95.56,95.485,0,2287,95.555,82782,0,0,"",0
"2023-01-10","BAXH24","BAX","BAX","BAX",0,"2024-03-18",0,1,0,0,0,0,0,5682,0,-0.01,95.96,95.99,95.9,0,970,95.98,52187,0,0,"",0
"2023-01-10","BAXM24","BAX","BAX","BAX",0,"2024-06-17",0,1,96.32,0,20,0,0,4319,0,0,96.32,96.36,96.26,0,982,96.34,45364,0,0,"",0
"2023-01-10","BAXU24","BAX","BAX","BAX",0,"2024-09-18",0,1,96.53,0,16,0,0,2397,0,0.02,96.59,96.64,96.54,0,555,96.61,13676,0,0,"",0
"2023-01-10","BAXZ24","BAX","BAX","BAX",0,"2024-12-18",0,1,96.64,0,1,0,0,2406,0,0.05,96.75,96.81,96.72,0,503,96.77,14714,0,0,"",0
"2023-01-10","BAXH25","BAX","BAX","BAX",0,"2025-03-19",0,1,0,0,0,0,0,682,0,0.02,96.84,96.87,96.81,0,77,96.86,1518,0,0,"",0
"2023-01-10","BAXM25","BAX","BAX","BAX",0,"2025-06-18",0,1,96,97,1,1,0,200,0,0.01,96.88,96.91,96.86,0,36,96.91,631,0,0,"",0
"2023-01-10","BAXU25","BAX","BAX","BAX",0,"2025-09-17",0,1,0,0,0,0,0,18,0,0.01,96.89,96.93,96.89,0,12,96.93,743,0,0,"",0
"2023-01-10","BAXZ25","BAX","BAX","BAX",0,"2025-12-17",0,1,96,0,1,0,0,0,0,0,0,0,0,0,0,96.84,3,0,0,"",0
"2023-01-11","BAXF23","BAX","BAX","BAX",0,"2023-01-16",0,1,0,0,0,0,0,0,0,0,0,0,0,0,0,94.905,0,0,0,"",0
"2023-01-11","BAXG23","BAX","BAX","BAX",0,"2023-02-13",0,1,0,0,0,0,0,0,0,0,0,0,0,0,0,94.92,0,0,0,"",0
"2023-01-11","BAXH23","BAX","BAX","BAX",0,"2023-03-13",0,1,94.945,94.955,93,300,0,12546,0,0.025,94.92,94.95,94.915,0,1446,94.945,195149,0,0,"",0
"2023-01-11","BAXM23","BAX","BAX","BAX",0,"2023-06-19",0,1,95.01,95.015,240,27,0,10854,0,0.025,94.975,95.015,94.96,0,1894,95.01,160936,0,0,"",0
"2023-01-11","BAXU23","BAX","BAX","BAX",0,"2023-09-18",0,1,95.23,0,28,0,0,9976,0,0.055,95.14,95.23,95.14,0,1590,95.215,115471,0,0,"",0
"2023-01-11","BAXZ23","BAX","BAX","BAX",0,"2023-12-18",0,1,95.635,0,10,0,0,9952,0,0.085,95.56,95.645,95.51,0,1921,95.625,86751,0,0,"",0
"2023-01-11","BAXH24","BAX","BAX","BAX",0,"2024-03-18",0,1,96.1,0,29,0,0,7187,0,0.12,95.95,96.11,95.92,0,1296,96.08,47534,0,0,"",0
"2023-01-11","BAXM24","BAX","BAX","BAX",0,"2024-06-17",0,1,96.46,96.5,50,100,0,9438,0,0.14,96.34,96.5,96.28,0,1439,96.46,44863,0,0,"",0
"2023-01-11","BAXU24","BAX","BAX","BAX",0,"2024-09-18",0,1,0,96.79,0,20,0,2903,0,0.14,96.65,96.78,96.61,0,505,96.74,13717,0,0,"",0
"2023-01-11","BAXZ24","BAX","BAX","BAX",0,"2024-12-18",0,1,96.81,96.91,2,4,0,3159,0,0.14,96.84,96.93,96.79,0,604,96.9,15401,0,0,"",0
"2023-01-11","BAXH25","BAX","BAX","BAX",0,"2025-03-19",0,1,0,0,0,0,0,357,0,0.14,96.9,97,96.9,0,27,96.99,1533,0,0,"",0
"2023-01-11","BAXM25","BAX","BAX","BAX",0,"2025-06-18",0,1,96,0,1,0,0,77,0,0.1,97,97.01,97,0,3,97.04,623,0,0,"",0
"2023-01-11","BAXU25","BAX","BAX","BAX",0,"2025-09-17",0,1,96.95,97.03,50,37,0,25,0,0,0,0,0,0,1,97.06,736,0,0,"",0
"2023-01-11","BAXZ25","BAX","BAX","BAX",0,"2025-12-17",0,1,96,0,1,0,0,0,0,0,0,0,0,0,0,97,3,0,0,"",0
"2023-01-12","BAXF23","BAX","BAX","BAX",0,"2023-01-16",0,1,0,0,0,0,0,0,0,0,0,0,0,0,0,94.92,0,0,0,"",0
"2023-01-12","BAXG23","BAX","BAX","BAX",0,"2023-02-13",0,1,0,0,0,0,0,0,0,0,0,0,0,0,0,94.935,0,0,0,"",0
"2023-01-12","BAXH23","BAX","BAX","BAX",0,"2023-03-13",0,1,94.96,94.965,98,394,0,16338,0,0.02,94.96,94.97,94.915,0,2083,94.96,189792,0,0,"",0
"2023-01-12","BAXM23","BAX","BAX","BAX",0,"2023-06-19",0,1,95.01,95.02,175,112,0,17462,0,0.01,95.015,95.03,94.96,0,2834,95.01,158966,0,0,"",0
"2023-01-12","BAXU23","BAX","BAX","BAX",0,"2023-09-18",0,1,95.225,0,100,0,0,16159,0,0.03,95.23,95.26,95.17,0,2913,95.235,114457,0,0,"",0
"2023-01-12","BAXZ23","BAX","BAX","BAX",0,"2023-12-18",0,1,95.675,95.68,10,12,0,18499,0,0.055,95.635,95.695,95.59,0,3371,95.665,86907,0,0,"",0
"2023-01-12","BAXH24","BAX","BAX","BAX",0,"2024-03-18",0,1,96.18,96.2,94,25,0,10748,0,0.11,96.09,96.2,96.07,0,2023,96.17,47438,0,0,"",0
"2023-01-12","BAXM24","BAX","BAX","BAX",0,"2024-06-17",0,1,96.61,96.62,25,10,0,10712,0,0.15,96.48,96.64,96.46,0,1887,96.59,46375,0,0,"",0
"2023-01-12","BAXU24","BAX","BAX","BAX",0,"2024-09-18",0,1,96.9,96.92,20,50,0,4140,0,0.17,96.76,96.94,96.76,0,692,96.89,13453,0,0,"",0
"2023-01-12","BAXZ24","BAX","BAX","BAX",0,"2024-12-18",0,1,97.07,97.08,1,25,0,3857,0,0.17,96.95,97.1,96.93,0,1383,97.05,16298,0,0,"",0
"2023-01-12","BAXH25","BAX","BAX","BAX",0,"2025-03-19",0,1,0,0,0,0,0,23,0,0.16,97.09,97.15,97.05,0,10,97.13,1382,0,0,"",0
"2023-01-12","BAXM25","BAX","BAX","BAX",0,"2025-06-18",0,1,97.18,0,1,0,0,50,0,0.14,97.18,97.18,97.18,0,1,97.17,673,0,0,"",0
"2023-01-12","BAXU25","BAX","BAX","BAX",0,"2025-09-17",0,1,97.19,0,1,0,0,100,0,0.11,97.17,97.17,97.17,0,2,97.19,736,0,0,"",0
"2023-01-12","BAXZ25","BAX","BAX","BAX",0,"2025-12-17",0,1,96.5,97.5,1,1,0,0,0,0,0,0,0,0,0,97.13,3,0,0,"",0
"2023-01-13","BAXF23","BAX","BAX","BAX",0,"2023-01-16",0,1,0,0,0,0,0,0,0,0,0,0,0,0,0,94.93,0,0,0,"",0
"2023-01-13","BAXG23","BAX","BAX","BAX",0,"2023-02-13",0,1,0,0,0,0,0,0,0,0,0,0,0,0,0,94.945,0,0,0,"",0
"2023-01-13","BAXH23","BAX","BAX","BAX",0,"2023-03-13",0,1,94.97,94.98,196,35,0,22938,0,0.01,94.965,95,94.94,0,2676,94.97,193215,0,0,"",0
"2023-01-13","BAXM23","BAX","BAX","BAX",0,"2023-06-19",0,1,95.01,95.03,50,69,0,10100,0,0.02,95.015,95.045,94.98,0,1810,95.02,163552,0,0,"",0
"2023-01-13","BAXU23","BAX","BAX","BAX",0,"2023-09-18",0,1,95.255,0,5,0,0,13962,0,0.02,95.24,95.275,95.185,0,2116,95.245,116591,0,0,"",0
"2023-01-13","BAXZ23","BAX","BAX","BAX",0,"2023-12-18",0,1,95.675,95.705,50,20,0,12548,0,0.035,95.675,95.725,95.605,0,2399,95.69,92281,0,0,"",0
"2023-01-13","BAXH24","BAX","BAX","BAX",0,"2024-03-18",0,1,96.22,96.24,16,1000,0,10356,0,0.05,96.18,96.24,96.11,0,1802,96.21,48099,0,0,"",0
"2023-01-13","BAXM24","BAX","BAX","BAX",0,"2024-06-17",0,1,96.6,96.65,106,51,0,8463,0,0.06,96.6,96.66,96.52,0,1537,96.62,46948,0,0,"",0
"2023-01-13","BAXU24","BAX","BAX","BAX",0,"2024-09-18",0,1,0,96.95,0,30,0,9467,0,0.04,96.88,96.95,96.82,0,1627,96.91,14442,0,0,"",0
"2023-01-13","BAXZ24","BAX","BAX","BAX",0,"2024-12-18",0,1,97.04,97.11,25,103,0,3323,0,0.05,97.05,97.13,96.98,0,1057,97.08,16320,0,0,"",0
"2023-01-13","BAXH25","BAX","BAX","BAX",0,"2025-03-19",0,1,0,0,0,0,0,273,0,0.06,97.14,97.22,97.12,0,56,97.16,1384,0,0,"",0
"2023-01-13","BAXM25","BAX","BAX","BAX",0,"2025-06-18",0,1,0,0,0,0,0,7,0,0.08,97.17,97.25,97.17,0,7,97.2,672,0,0,"",0
"2023-01-13","BAXU25","BAX","BAX","BAX",0,"2025-09-17",0,1,0,0,0,0,0,75,0,0,0,0,0,0,3,97.22,761,0,0,"",0
"2023-01-13","BAXZ25","BAX","BAX","BAX",0,"2025-12-17",0,1,96.5,97.5,1,1,0,0,0,0,0,0,0,0,0,97.16,3,0,0,"",0
"2023-01-16","BAXF23","BAX","BAX","BAX",0,"2023-01-16",0,1,0,0,0,0,0,0,0,0,0,0,0,0,0,94.932,0,0,0,"",0
"2023-01-16","BAXG23","BAX","BAX","BAX",0,"2023-02-13",0,1,0,0,0,0,0,0,0,0,0,0,0,0,0,94.965,0,0,0,"",0
"2023-01-16","BAXH23","BAX","BAX","BAX",0,"2023-03-13",0,1,94.985,94.99,73,31,0,17068,0,0.015,94.975,95.035,94.975,0,1921,94.99,197108,0,0,"",0
"2023-01-16","BAXM23","BAX","BAX","BAX",0,"2023-06-19",0,1,95.08,95.09,30,60,0,11048,0,0.06,95.035,95.1,95.03,0,1688,95.085,161994,0,0,"",0
"2023-01-16","BAXU23","BAX","BAX","BAX",0,"2023-09-18",0,1,95.34,95.36,20,91,0,11604,0,0.11,95.26,95.37,95.26,0,1712,95.355,118331,0,0,"",0
"2023-01-16","BAXZ23","BAX","BAX","BAX",0,"2023-12-18",0,1,95.75,95.84,20,7,0,12822,0,0.145,95.745,95.845,95.71,0,2123,95.83,92453,0,0,"",0
"2023-01-16","BAXH24","BAX","BAX","BAX",0,"2024-03-18",0,1,96.36,96.38,30,20,0,5958,0,0.16,96.23,96.38,96.23,0,943,96.36,50574,0,0,"",0
"2023-01-16","BAXM24","BAX","BAX","BAX",0,"2024-06-17",0,1,96.77,0,60,0,0,5549,0,0.17,96.67,96.82,96.65,0,991,96.77,47134,0,0,"",0
"2023-01-16","BAXU24","BAX","BAX","BAX",0,"2024-09-18",0,1,97.03,0,21,0,0,2195,0,0.18,96.95,97.11,96.95,0,752,97.06,18267,0,0,"",0
"2023-01-16","BAXZ24","BAX","BAX","BAX",0,"2024-12-18",0,1,96.65,97.26,1,5,0,1821,0,0.14,97.15,97.28,97.13,0,365,97.22,16916,0,0,"",0
"2023-01-16","BAXH25","BAX","BAX","BAX",0,"2025-03-19",0,1,0,0,0,0,0,69,0,0.14,97.22,97.35,97.22,0,22,97.3,1382,0,0,"",0
"2023-01-16","BAXM25","BAX","BAX","BAX",0,"2025-06-18",0,1,0,0,0,0,0,6,0,0.1,97.32,97.34,97.3,0,6,97.34,650,0,0,"",0
"2023-01-16","BAXU25","BAX","BAX","BAX",0,"2025-09-17",0,1,0,0,0,0,0,0,0,0,0,0,0,0,0,97.36,829,0,0,"",0
"2023-01-16","BAXZ25","BAX","BAX","BAX",0,"2025-12-17",0,1,96.5,97.5,1,1,0,0,0,0,0,0,0,0,0,97.3,3,0,0,"",0
"2023-01-17","BAXG23","BAX","BAX","BAX",0,"2023-02-13",0,1,0,0,0,0,0,0,0,0,0,0,0,0,0,94.96,0,0,0,"",0
"2023-01-17","BAXH23","BAX","BAX","BAX",0,"2023-03-13",0,1,94.985,94.995,2,3,0,43630,0,0.005,94.99,95.055,94.95,0,6186,94.985,203998,0,0,"",0
"2023-01-17","BAXJ23","BAX","BAX","BAX",0,"2023-04-17",0,1,0,0,0,0,0,0,0,0,0,0,0,0,0,95.045,0,0,0,"",0
"2023-01-17","BAXM23","BAX","BAX","BAX",0,"2023-06-19",0,1,95.085,95.09,25,100,0,23790,0,0.005,95.09,95.155,95.005,0,3644,95.08,165553,0,0,"",0
"2023-01-17","BAXU23","BAX","BAX","BAX",0,"2023-09-18",0,1,95.38,95.39,228,221,0,21115,0,0.035,95.365,95.485,95.29,0,3272,95.37,120032,0,0,"",0
"2023-01-17","BAXZ23","BAX","BAX","BAX",0,"2023-12-18",0,1,95.875,95.885,100,10,0,18177,0,0.05,95.83,95.95,95.78,0,3950,95.855,95891,0,0,"",0
"2023-01-17","BAXH24","BAX","BAX","BAX",0,"2024-03-18",0,1,96.37,96.45,100,25,0,20592,0,0.07,96.36,96.51,96.34,0,4649,96.4,49493,0,0,"",0
"2023-01-17","BAXM24","BAX","BAX","BAX",0,"2024-06-17",0,1,96.85,96.87,54,73,0,24998,0,0.09,96.78,96.97,96.78,0,4996,96.84,45701,0,0,"",0
"2023-01-17","BAXU24","BAX","BAX","BAX",0,"2024-09-18",0,1,97.08,97.12,25,60,0,14848,0,0.05,97.07,97.14,97.04,0,5511,97.1,18708,0,0,"",0
"2023-01-17","BAXZ24","BAX","BAX","BAX",0,"2024-12-18",0,1,96.65,0,1,0,0,3696,0,0.03,97.23,97.27,97.18,0,681,97.25,17006,0,0,"",0
"2023-01-17","BAXH25","BAX","BAX","BAX",0,"2025-03-19",0,1,97.32,0,20,0,0,487,0,0.03,97.3,97.35,97.3,0,48,97.33,1326,0,0,"",0
"2023-01-17","BAXM25","BAX","BAX","BAX",0,"2025-06-18",0,1,97.35,97.4,25,25,0,113,0,0.01,97.33,97.35,97.31,0,6,97.37,654,0,0,"",0
"2023-01-17","BAXU25","BAX","BAX","BAX",0,"2025-09-17",0,1,0,0,0,0,0,3,0,0.01,97.3,97.37,97.3,0,3,97.39,754,0,0,"",0
"2023-01-17","BAXZ25","BAX","BAX","BAX",0,"2025-12-17",0,1,96.5,97.5,1,1,0,0,0,0,0,0,0,0,0,97.33,3,0,0,"",0
"2023-01-18","BAXG23","BAX","BAX","BAX",0,"2023-02-13",0,1,0,0,0,0,0,0,0,0,0,0,0,0,0,94.995,0,0,0,"",0
"2023-01-18","BAXH23","BAX","BAX","BAX",0,"2023-03-13",0,1,95.01,95.025,25,161,0,21147,0,0.035,94.985,95.04,94.98,0,2753,95.02,221297,0,0,"",0
"2023-01-18","BAXJ23","BAX","BAX","BAX",0,"2023-04-17",0,1,0,0,0,0,0,0,0,0,0,0,0,0,0,95.08,0,0,0,"",0
"2023-01-18","BAXM23","BAX","BAX","BAX",0,"2023-06-19",0,1,95.145,95.155,10,20,0,21782,0,0.07,95.09,95.175,95.075,0,4240,95.15,175032,0,0,"",0
"2023-01-18","BAXU23","BAX","BAX","BAX",0,"2023-09-18",0,1,95.425,95.445,10,50,0,17438,0,0.06,95.41,95.47,95.365,0,3147,95.44,124469,0,0,"",0
"2023-01-18","BAXZ23","BAX","BAX","BAX",0,"2023-12-18",0,1,0,95.92,0,10,0,19100,0,0.06,95.9,95.97,95.845,0,3356,95.93,94847,0,0,"",0
"2023-01-18","BAXH24","BAX","BAX","BAX",0,"2024-03-18",0,1,96.45,0,5,0,0,11513,0,0.1,96.43,96.54,96.39,0,2275,96.51,55198,0,0,"",0
"2023-01-18","BAXM24","BAX","BAX","BAX",0,"2024-06-17",0,1,96.96,96.98,26,15,0,12132,0,0.13,96.87,97,96.81,0,1938,96.98,52986,0,0,"",0
"2023-01-18","BAXU24","BAX","BAX","BAX",0,"2024-09-18",0,1,97.21,97.23,2,20,0,4335,0,0.13,97.12,97.26,97.09,0,952,97.24,24945,0,0,"",0
"2023-01-18","BAXZ24","BAX","BAX","BAX",0,"2024-12-18",0,1,96.65,97.47,1,10,0,2716,0,0.12,97.23,97.4,97.22,0,638,97.38,17385,0,0,"",0
"2023-01-18","BAXH25","BAX","BAX","BAX",0,"2025-03-19",0,1,97.4,0,49,0,0,275,0,0.11,97.43,97.47,97.4,0,37,97.45,1363,0,0,"",0
"2023-01-18","BAXM25","BAX","BAX","BAX",0,"2025-06-18",0,1,0,0,0,0,0,0,0,0,0,0,0,0,0,97.48,626,0,0,"",0
"2023-01-18","BAXU25","BAX","BAX","BAX",0,"2025-09-17",0,1,97.45,0,20,0,0,64,0,0.05,97.45,97.45,97.44,0,8,97.49,756,0,0,"",0
"2023-01-18","BAXZ25","BAX","BAX","BAX",0,"2025-12-17",0,1,96.5,97.5,1,1,0,0,0,0,0,0,0,0,0,97.43,3,0,0,"",0
"2023-01-19","BAXG23","BAX","BAX","BAX",0,"2023-02-13",0,1,0,0,0,0,0,0,0,0,0,0,0,0,0,94.995,0,0,0,"",0
"2023-01-19","BAXH23","BAX","BAX","BAX",0,"2023-03-13",0,1,95.01,95.02,437,52,0,12339,0,0,95.025,95.035,95,0,1407,95.02,210124,0,0,"",0
"2023-01-19","BAXJ23","BAX","BAX","BAX",0,"2023-04-17",0,1,0,0,0,0,0,0,0,0,0,0,0,0,0,95.08,0,0,0,"",0
"2023-01-19","BAXM23","BAX","BAX","BAX",0,"2023-06-19",0,1,95.135,95.145,40,118,0,7716,0,-0.005,95.16,95.175,95.115,0,1445,95.145,174419,0,0,"",0
"2023-01-19","BAXU23","BAX","BAX","BAX",0,"2023-09-18",0,1,95.4,95.415,50,30,0,10590,0,-0.03,95.435,95.46,95.38,0,1865,95.415,122597,0,0,"",0
"2023-01-19","BAXZ23","BAX","BAX","BAX",0,"2023-12-18",0,1,95.875,95.88,50,2,0,14537,0,-0.05,95.925,95.97,95.855,0,2936,95.89,98380,0,0,"",0
"2023-01-19","BAXH24","BAX","BAX","BAX",0,"2024-03-18",0,1,96.45,0,50,0,0,9145,0,-0.04,96.52,96.57,96.44,0,1526,96.48,52732,0,0,"",0
"2023-01-19","BAXM24","BAX","BAX","BAX",0,"2024-06-17",0,1,96.93,96.94,30,2,0,8028,0,-0.04,96.99,97.06,96.91,0,1356,96.95,49984,0,0,"",0
"2023-01-19","BAXU24","BAX","BAX","BAX",0,"2024-09-18",0,1,0,97.21,0,100,0,3986,0,-0.03,97.26,97.32,97.17,0,1065,97.21,24193,0,0,"",0
"2023-01-19","BAXZ24","BAX","BAX","BAX",0,"2024-12-18",0,1,97.3,97.43,25,10,0,3714,0,-0.03,97.43,97.46,97.3,0,695,97.37,18081,0,0,"",0
"2023-01-19","BAXH25","BAX","BAX","BAX",0,"2025-03-19",0,1,97.39,0,50,0,0,398,0,-0.02,97.44,97.44,97.38,0,72,97.45,1332,0,0,"",0
"2023-01-19","BAXM25","BAX","BAX","BAX",0,"2025-06-18",0,1,0,0,0,0,0,56,0,-0.06,97.42,97.43,97.41,0,20,97.48,592,0,0,"",0
"2023-01-19","BAXU25","BAX","BAX","BAX",0,"2025-09-17",0,1,0,0,0,0,0,102,0,-0.01,97.41,97.48,97.41,0,3,97.49,809,0,0,"",0
"2023-01-19","BAXZ25","BAX","BAX","BAX",0,"2025-12-17",0,1,96.5,0,1,0,0,1,0,0.07,97.5,97.5,97.5,0,1,97.44,3,0,0,"",0
"2023-01-20","BAXG23","BAX","BAX","BAX",0,"2023-02-13",0,1,0,0,0,0,0,0,0,0,0,0,0,0,0,94.965,0,0,0,"",0
"2023-01-20","BAXH23","BAX","BAX","BAX",0,"2023-03-13",0,1,94.995,95.005,100,185,0,17044,0,-0.02,95.02,95.035,94.96,0,4366,94.99,202496,0,0,"",0
"2023-01-20","BAXJ23","BAX","BAX","BAX",0,"2023-04-17",0,1,0,0,0,0,0,0,0,0,0,0,0,0,0,95.05,0,0,0,"",0
"2023-01-20","BAXM23","BAX","BAX","BAX",0,"2023-06-19",0,1,95.1,95.115,3,12,0,11951,0,-0.035,95.14,95.15,95.07,0,2154,95.105,168480,0,0,"",0
"2023-01-20","BAXU23","BAX","BAX","BAX",0,"2023-09-18",0,1,95.32,0,95,0,0,14377,0,-0.07,95.405,95.41,95.32,0,3707,95.365,122259,0,0,"",0
"2023-01-20","BAXZ23","BAX","BAX","BAX",0,"2023-12-18",0,1,95.745,95.9,50,1,0,17121,0,-0.12,95.875,95.875,95.76,0,2910,95.795,93064,0,0,"",0
"2023-01-20","BAXH24","BAX","BAX","BAX",0,"2024-03-18",0,1,96.31,96.36,15,15,0,11039,0,-0.14,96.45,96.48,96.34,0,1741,96.37,53792,0,0,"",0
"2023-01-20","BAXM24","BAX","BAX","BAX",0,"2024-06-17",0,1,96.83,96.86,50,40,0,16419,0,-0.11,96.93,96.95,96.84,0,3345,96.87,50305,0,0,"",0
"2023-01-20","BAXU24","BAX","BAX","BAX",0,"2024-09-18",0,1,97.12,97.17,15,21,0,18407,0,-0.06,97.2,97.23,97.15,0,4438,97.17,24575,0,0,"",0
"2023-01-20","BAXZ24","BAX","BAX","BAX",0,"2024-12-18",0,1,97.28,97.33,15,15,0,5594,0,-0.07,97.35,97.38,97.3,0,931,97.32,18315,0,0,"",0
"2023-01-20","BAXH25","BAX","BAX","BAX",0,"2025-03-19",0,1,97.36,97.48,7,7,0,378,0,-0.07,97.45,97.45,97.38,0,46,97.4,1423,0,0,"",0
"2023-01-20","BAXM25","BAX","BAX","BAX",0,"2025-06-18",0,1,97.41,0,1,0,0,73,0,-0.04,97.45,97.45,97.44,0,8,97.43,607,0,0,"",0
"2023-01-20","BAXU25","BAX","BAX","BAX",0,"2025-09-17",0,1,97.42,97.45,1,24,0,25,0,-0.04,97.48,97.48,97.45,0,9,97.44,621,0,0,"",0
"2023-01-20","BAXZ25","BAX","BAX","BAX",0,"2025-12-17",0,1,96.5,0,1,0,0,0,0,0,0,0,0,0,0,97.39,4,0,0,"",0
"2023-01-23","BAXG23","BAX","BAX","BAX",0,"2023-02-13",0,1,0,0,0,0,0,0,0,0,0,0,0,0,0,94.965,0,0,0,"",0
"2023-01-23","BAXH23","BAX","BAX","BAX",0,"2023-03-13",0,1,94.985,94.99,5,100,94.985,17451,95.02,-0.035,95.015,95.015,94.98,1655946,1915,94.99,201385,0,0,"",0
"2023-01-23","BAXJ23","BAX","BAX","BAX",0,"2023-04-17",0,1,0,0,0,0,0,0,0,0,0,0,0,0,0,95.05,0,0,0,"",0
"2023-01-23","BAXM23","BAX","BAX","BAX",0,"2023-06-19",0,1,95.06,95.075,40,40,95.065,10164,95.145,-0.08,95.115,95.12,95.06,965900,1816,95.065,169089,0,0,"",0
"2023-01-23","BAXU23","BAX","BAX","BAX",0,"2023-09-18",0,1,94.9,95.27,3,49,95.26,16493,95.415,-0.155,95.36,95.365,95.255,1570518,2788,95.28,122785,0,0,"",0
"2023-01-23","BAXZ23","BAX","BAX","BAX",0,"2023-12-18",0,1,95.68,95.69,20,282,95.685,12649,95.89,-0.205,95.79,95.795,95.68,1209452,2567,95.71,91080,0,0,"",0
"2023-01-23","BAXH24","BAX","BAX","BAX",0,"2024-03-18",0,1,96.26,96.28,30,40,96.27,12087,96.48,-0.21,96.36,96.37,96.26,1163103,2184,96.29,53121,0,0,"",0
"2023-01-23","BAXM24","BAX","BAX","BAX",0,"2024-06-17",0,1,96.77,96.79,57,20,96.77,4165,96.95,-0.18,96.86,96.88,96.76,402631,875,96.78,50791,0,0,"",0
"2023-01-23","BAXU24","BAX","BAX","BAX",0,"2024-09-18",0,1,97.07,97.09,46,20,97.07,4253,97.21,-0.14,97.15,97.17,97.07,412758,715,97.08,32156,0,0,"",0
"2023-01-23","BAXZ24","BAX","BAX","BAX",0,"2024-12-18",0,1,97.22,97.24,100,25,97.23,2233,97.37,-0.14,97.31,97.31,97.23,216991,452,97.22,19592,0,0,"",0
"2023-01-23","BAXH25","BAX","BAX","BAX",0,"2025-03-19",0,1,97.28,0,50,0,97.31,509,97.45,-0.14,97.38,97.38,97.31,49499,78,97.3,1347,0,0,"",0
"2023-01-23","BAXM25","BAX","BAX","BAX",0,"2025-06-18",0,1,97.28,97.48,1,1,97.36,89,97.48,-0.12,97.4,97.4,97.36,8659,16,97.33,608,0,0,"",0
"2023-01-23","BAXU25","BAX","BAX","BAX",0,"2025-09-17",0,1,0,97.51,0,1,97.35,19,97.49,-0.14,97.41,97.41,97.35,1846,11,97.34,639,0,0,"",0
"2023-01-23","BAXZ25","BAX","BAX","BAX",0,"2025-12-17",0,1,96.5,97.75,1,1,0,0,0,0,0,0,0,0,0,97.29,4,0,0,"",0
"2023-01-24","BAXG23","BAX","BAX","BAX",0,"2023-02-13",0,1,0,0,0,0,0,0,0,0,0,0,0,0,0,94.97,0,0,0,"",0
"2023-01-24","BAXH23","BAX","BAX","BAX",0,"2023-03-13",0,1,94.99,95,748,680,0,19038,0,0.005,94.995,95.005,94.98,0,1771,94.995,201787,0,0,"",0
"2023-01-24","BAXJ23","BAX","BAX","BAX",0,"2023-04-17",0,1,0,0,0,0,0,0,0,0,0,0,0,0,0,95.055,0,0,0,"",0
"2023-01-24","BAXM23","BAX","BAX","BAX",0,"2023-06-19",0,1,95.07,95.08,30,167,0,13719,0,0.01,95.075,95.09,95.06,0,1912,95.07,171699,0,0,"",0
"2023-01-24","BAXU23","BAX","BAX","BAX",0,"2023-09-18",0,1,95.28,0,4,0,0,12072,0,0,95.26,95.295,95.255,0,1725,95.275,125067,0,0,"",0
"2023-01-24","BAXZ23","BAX","BAX","BAX",0,"2023-12-18",0,1,95.69,95.98,5,250,0,9968,0,-0.015,95.72,95.725,95.68,0,1926,95.69,87461,0,0,"",0
"2023-01-24","BAXH24","BAX","BAX","BAX",0,"2024-03-18",0,1,96.23,96.29,5,35,0,6794,0,-0.02,96.31,96.31,96.25,0,1127,96.27,53327,0,0,"",0
"2023-01-24","BAXM24","BAX","BAX","BAX",0,"2024-06-17",0,1,96.69,96.78,5,77,0,9633,0,-0.01,96.82,96.82,96.73,0,1302,96.76,49463,0,0,"",0
"2023-01-24","BAXU24","BAX","BAX","BAX",0,"2024-09-18",0,1,97.07,0,4,0,0,3886,0,0,97.08,97.11,97.02,0,670,97.06,18956,0,0,"",0
"2023-01-24","BAXZ24","BAX","BAX","BAX",0,"2024-12-18",0,1,97.19,97.24,80,11,0,2538,0,0.01,97.25,97.25,97.14,0,626,97.2,19577,0,0,"",0
"2023-01-24","BAXH25","BAX","BAX","BAX",0,"2025-03-19",0,1,0,0,0,0,0,70,0,0.01,97.31,97.31,97.23,0,19,97.27,1556,0,0,"",0
"2023-01-24","BAXM25","BAX","BAX","BAX",0,"2025-06-18",0,1,0,0,0,0,0,47,0,0.01,97.25,97.34,97.25,0,10,97.3,641,0,0,"",0
"2023-01-24","BAXU25","BAX","BAX","BAX",0,"2025-09-17",0,1,0,0,0,0,0,2,0,-0.05,97.34,97.34,97.29,0,2,97.31,618,0,0,"",0
"2023-01-24","BAXZ25","BAX","BAX","BAX",0,"2025-12-17",0,1,96.5,97.75,1,1,0,0,0,0,0,0,0,0,0,97.26,4,0,0,"",0
"2023-01-25","BAXG23","BAX","BAX","BAX",0,"2023-02-13",0,1,0,0,0,0,0,0,0,0,0,0,0,0,0,94.98,0,0,0,"",0
"2023-01-25","BAXH23","BAX","BAX","BAX",0,"2023-03-13",0,1,95,95.005,451,111,0,44752,0,0.01,95,95.095,94.915,0,3970,95.005,206326,0,0,"",0
"2023-01-25","BAXJ23","BAX","BAX","BAX",0,"2023-04-17",0,1,0,0,0,0,0,0,0,0,0,0,0,0,0,95.065,0,0,0,"",0
"2023-01-25","BAXM23","BAX","BAX","BAX",0,"2023-06-19",0,1,95.085,95.095,7,35,0,34187,0,0.015,95.075,95.13,94.99,0,5217,95.09,175111,0,0,"",0
"2023-01-25","BAXU23","BAX","BAX","BAX",0,"2023-09-18",0,1,95.31,95.36,600,10,0,29556,0,0.04,95.27,95.34,95.22,0,4026,95.31,124445,0,0,"",0
"2023-01-25","BAXZ23","BAX","BAX","BAX",0,"2023-12-18",0,1,95.77,95.78,100,1,0,23784,0,0.085,95.69,95.805,95.59,0,4158,95.77,85271,0,0,"",0
"2023-01-25","BAXH24","BAX","BAX","BAX",0,"2024-03-18",0,1,96.34,96.36,28,30,0,25099,0,0.07,96.27,96.38,96.24,0,4289,96.34,51680,0,0,"",0
"2023-01-25","BAXM24","BAX","BAX","BAX",0,"2024-06-17",0,1,96.82,96.85,10,19,0,13475,0,0.08,96.77,96.88,96.71,0,2743,96.83,51071,0,0,"",0
"2023-01-25","BAXU24","BAX","BAX","BAX",0,"2024-09-18",0,1,97.12,97.15,10,10,0,6390,0,0.08,97.06,97.17,97.01,0,1543,97.13,19120,0,0,"",0
"2023-01-25","BAXZ24","BAX","BAX","BAX",0,"2024-12-18",0,1,97.26,0,1,0,0,3223,0,0.08,97.21,97.32,97.16,0,739,97.27,19753,0,0,"",0
"2023-01-25","BAXH25","BAX","BAX","BAX",0,"2025-03-19",0,1,0,97.36,0,10,0,242,0,0.08,97.26,97.37,97.26,0,56,97.34,1408,0,0,"",0
"2023-01-25","BAXM25","BAX","BAX","BAX",0,"2025-06-18",0,1,97.3,97.38,1,24,0,204,0,0.08,97.3,97.39,97.3,0,36,97.37,580,0,0,"",0
"2023-01-25","BAXU25","BAX","BAX","BAX",0,"2025-09-17",0,1,0,97.41,0,25,0,0,0,0,0,0,0,0,0,97.38,612,0,0,"",0
"2023-01-25","BAXZ25","BAX","BAX","BAX",0,"2025-12-17",0,1,96.5,97.75,1,1,0,0,0,0,0,0,0,0,0,97.33,4,0,0,"",0
"2023-01-26","BAXG23","BAX","BAX","BAX",0,"2023-02-13",0,1,0,0,0,0,0,0,0,0,0,0,0,0,0,95.005,0,0,0,"",0
"2023-01-26","BAXH23","BAX","BAX","BAX",0,"2023-03-13",0,1,95.035,95.04,108,1080,0,28172,0,0.03,95.005,95.04,94.985,0,2628,95.03,216983,0,0,"",0
"2023-01-26","BAXJ23","BAX","BAX","BAX",0,"2023-04-17",0,1,0,0,0,0,0,0,0,0,0,0,0,0,0,95.09,0,0,0,"",0
"2023-01-26","BAXM23","BAX","BAX","BAX",0,"2023-06-19",0,1,95.1,95.11,6,210,0,19879,0,0.015,95.085,95.115,95.06,0,2945,95.11,178912,0,0,"",0
"2023-01-26","BAXU23","BAX","BAX","BAX",0,"2023-09-18",0,1,95.305,95.325,100,80,0,15127,0,0,95.315,95.33,95.28,0,2207,95.325,131359,0,0,"",0
"2023-01-26","BAXZ23","BAX","BAX","BAX",0,"2023-12-18",0,1,95.745,95.93,12,100,0,11590,0,-0.02,95.79,95.79,95.735,0,2169,95.775,88418,0,0,"",0
"2023-01-26","BAXH24","BAX","BAX","BAX",0,"2024-03-18",0,1,96.27,96.39,10,50,0,6575,0,-0.06,96.35,96.35,96.27,0,1331,96.33,57200,0,0,"",0
"2023-01-26","BAXM24","BAX","BAX","BAX",0,"2024-06-17",0,1,96.18,96.77,1,24,0,9790,0,-0.06,96.85,96.85,96.74,0,1658,96.8,51520,0,0,"",0
"2023-01-26","BAXU24","BAX","BAX","BAX",0,"2024-09-18",0,1,0,97.1,0,1,0,3522,0,-0.09,97.1,97.15,97.03,0,584,97.09,21274,0,0,"",0
"2023-01-26","BAXZ24","BAX","BAX","BAX",0,"2024-12-18",0,1,96.65,97.24,1,10,0,3701,0,-0.1,97.26,97.3,97.17,0,585,97.23,20875,0,0,"",0
"2023-01-26","BAXH25","BAX","BAX","BAX",0,"2025-03-19",0,1,0,97.31,0,25,0,381,0,-0.06,97.32,97.33,97.27,0,64,97.3,1454,0,0,"",0
"2023-01-26","BAXM25","BAX","BAX","BAX",0,"2025-06-18",0,1,0,97.38,0,25,0,70,0,-0.06,97.31,97.32,97.31,0,9,97.33,746,0,0,"",0
"2023-01-26","BAXU25","BAX","BAX","BAX",0,"2025-09-17",0,1,97.23,97.4,1,50,0,115,0,-0.03,97.35,97.35,97.35,0,6,97.34,612,0,0,"",0
"2023-01-26","BAXZ25","BAX","BAX","BAX",0,"2025-12-17",0,1,96.5,97.75,1,1,0,0,0,0,0,0,0,0,0,97.29,4,0,0,"",0
"2023-01-27","BAXG23","BAX","BAX","BAX",0,"2023-02-13",0,1,0,0,0,0,0,0,0,0,0,0,0,0,0,95,0,0,0,"",0
"2023-01-27","BAXH23","BAX","BAX","BAX",0,"2023-03-13",0,1,95.025,95.03,26,475,0,16920,0,-0.005,95.04,95.045,95.015,0,1286,95.025,214345,0,0,"",0
"2023-01-27","BAXJ23","BAX","BAX","BAX",0,"2023-04-17",0,1,0,0,0,0,0,0,0,0,0,0,0,0,0,95.085,0,0,0,"",0
"2023-01-27","BAXM23","BAX","BAX","BAX",0,"2023-06-19",0,1,95.085,95.09,100,20,0,7324,0,-0.025,95.11,95.11,95.07,0,1172,95.08,179404,0,0,"",0
"2023-01-27","BAXU23","BAX","BAX","BAX",0,"2023-09-18",0,1,95.265,95.3,50,54,0,11106,0,-0.05,95.315,95.315,95.26,0,1406,95.28,132314,0,0,"",0
"2023-01-27","BAXZ23","BAX","BAX","BAX",0,"2023-12-18",0,1,95.695,95.715,5,147,0,8359,0,-0.075,95.745,95.755,95.685,0,1452,95.71,86517,0,0,"",0
"2023-01-27","BAXH24","BAX","BAX","BAX",0,"2024-03-18",0,1,96.22,96.26,10,20,0,5902,0,-0.09,96.28,96.29,96.22,0,1047,96.25,53388,0,0,"",0
"2023-01-27","BAXM24","BAX","BAX","BAX",0,"2024-06-17",0,1,96.69,96.73,25,20,0,8301,0,-0.09,96.74,96.76,96.67,0,1235,96.72,53042,0,0,"",0
"2023-01-27","BAXU24","BAX","BAX","BAX",0,"2024-09-18",0,1,96.96,0,5,0,0,4102,0,-0.08,97.01,97.07,96.96,0,610,97.02,21687,0,0,"",0
"2023-01-27","BAXZ24","BAX","BAX","BAX",0,"2024-12-18",0,1,0,97.29,0,25,0,1687,0,-0.07,97.15,97.21,97.1,0,516,97.16,21352,0,0,"",0
"2023-01-27","BAXH25","BAX","BAX","BAX",0,"2025-03-19",0,1,0,97.24,0,25,0,223,0,-0.09,97.22,97.27,97.18,0,55,97.23,1552,0,0,"",0
"2023-01-27","BAXM25","BAX","BAX","BAX",0,"2025-06-18",0,1,0,97.26,0,11,0,117,0,-0.08,97.29,97.29,97.21,0,22,97.26,808,0,0,"",0
"2023-01-27","BAXU25","BAX","BAX","BAX",0,"2025-09-17",0,1,97.17,0,1,0,0,46,0,-0.12,97.26,97.27,97.19,0,22,97.27,727,0,0,"",0
"2023-01-27","BAXZ25","BAX","BAX","BAX",0,"2025-12-17",0,1,96.5,97.75,1,1,0,0,0,0,0,0,0,0,0,97.22,4,0,0,"",0
"2023-01-30","BAXG23","BAX","BAX","BAX",0,"2023-02-13",0,1,0,0,0,0,0,0,0,0,0,0,0,0,0,94.98,0,0,0,"",0
"2023-01-30","BAXH23","BAX","BAX","BAX",0,"2023-03-13",0,1,95.01,95.015,510,401,0,13279,0,-0.01,95.03,95.03,95.005,0,989,95.005,199817,0,0,"",0
"2023-01-30","BAXJ23","BAX","BAX","BAX",0,"2023-04-17",0,1,0,0,0,0,0,0,0,0,0,0,0,0,0,95.065,0,0,0,"",0
"2023-01-30","BAXM23","BAX","BAX","BAX",0,"2023-06-19",0,1,95.035,95.05,62,32,0,11527,0,-0.03,95.08,95.08,95.045,0,1578,95.05,176228,0,0,"",0
"2023-01-30","BAXU23","BAX","BAX","BAX",0,"2023-09-18",0,1,95.235,95.245,97,36,0,9980,0,-0.045,95.28,95.28,95.225,0,1395,95.235,131199,0,0,"",0
"2023-01-30","BAXZ23","BAX","BAX","BAX",0,"2023-12-18",0,1,95.645,95.72,25,125,0,10178,0,-0.06,95.71,95.71,95.635,0,1639,95.645,78786,0,0,"",0
"2023-01-30","BAXH24","BAX","BAX","BAX",0,"2024-03-18",0,1,96.12,96.15,107,1,0,6539,0,-0.11,96.25,96.26,96.13,0,1212,96.15,53715,0,0,"",0
"2023-01-30","BAXM24","BAX","BAX","BAX",0,"2024-06-17",0,1,96.55,96.57,25,67,0,8715,0,-0.16,96.72,96.72,96.55,0,1852,96.57,51229,0,0,"",0
"2023-01-30","BAXU24","BAX","BAX","BAX",0,"2024-09-18",0,1,96.82,96.86,20,1,0,3204,0,-0.18,97.01,97.01,96.84,0,572,96.86,21060,0,0,"",0
"2023-01-30","BAXZ24","BAX","BAX","BAX",0,"2024-12-18",0,1,97,97.02,1,20,0,1912,0,-0.16,97.14,97.14,97,0,365,97.01,19956,0,0,"",0
"2023-01-30","BAXH25","BAX","BAX","BAX",0,"2025-03-19",0,1,0,0,0,0,0,225,0,-0.13,97.15,97.17,97.1,0,41,97.09,1525,0,0,"",0
"2023-01-30","BAXM25","BAX","BAX","BAX",0,"2025-06-18",0,1,0,0,0,0,0,25,0,-0.11,97.16,97.18,97.15,0,4,97.12,848,0,0,"",0
"2023-01-30","BAXU25","BAX","BAX","BAX",0,"2025-09-17",0,1,0,0,0,0,0,9,0,-0.08,97.14,97.19,97.14,0,6,97.13,728,0,0,"",0
"2023-01-30","BAXZ25","BAX","BAX","BAX",0,"2025-12-17",0,1,96.5,97.75,1,1,0,0,0,0,0,0,0,0,0,97.09,4,0,0,"",0
"2023-01-31","BAXG23","BAX","BAX","BAX",0,"2023-02-13",0,1,0,0,0,0,0,0,0,0,0,0,0,0,0,94.985,0,0,0,"",0
"2023-01-31","BAXH23","BAX","BAX","BAX",0,"2023-03-13",0,1,95.01,95.02,1536,596,0,16233,0,0.005,95.015,95.02,95,0,1055,95.01,195139,0,0,"",0
"2023-01-31","BAXJ23","BAX","BAX","BAX",0,"2023-04-17",0,1,0,0,0,0,0,0,0,0,0,0,0,0,0,95.07,0,0,0,"",0
"2023-01-31","BAXM23","BAX","BAX","BAX",0,"2023-06-19",0,1,95.045,95.055,290,10,0,16017,0,0,95.05,95.06,95.03,0,1829,95.05,179265,0,0,"",0
"2023-01-31","BAXU23","BAX","BAX","BAX",0,"2023-09-18",0,1,95.215,95.245,100,30,0,12804,0,0,95.235,95.26,95.205,0,1908,95.235,131429,0,0,"",0
"2023-01-31","BAXZ23","BAX","BAX","BAX",0,"2023-12-18",0,1,95.615,95.675,15,18,0,10514,0,-0.015,95.645,95.675,95.59,0,2255,95.61,81243,0,0,"",0
"2023-01-31","BAXH24","BAX","BAX","BAX",0,"2024-03-18",0,1,96.1,96.12,97,50,0,9681,0,-0.04,96.14,96.18,96.06,0,1908,96.08,54604,0,0,"",0
"2023-01-31","BAXM24","BAX","BAX","BAX",0,"2024-06-17",0,1,96.53,96.54,89,5,0,8356,0,-0.04,96.57,96.61,96.48,0,1762,96.5,55075,0,0,"",0
"2023-01-31","BAXU24","BAX","BAX","BAX",0,"2024-09-18",0,1,96.79,96.86,10,30,0,6116,0,-0.03,96.87,96.89,96.77,0,1677,96.79,18904,0,0,"",0
"2023-01-31","BAXZ24","BAX","BAX","BAX",0,"2024-12-18",0,1,97,97.29,71,25,0,2010,0,0,97.04,97.05,96.96,0,343,96.96,20169,0,0,"",0
"2023-01-31","BAXH25","BAX","BAX","BAX",0,"2025-03-19",0,1,0,0,0,0,0,194,0,0.02,97.14,97.14,97.1,0,39,97.05,1625,0,0,"",0
"2023-01-31","BAXM25","BAX","BAX","BAX",0,"2025-06-18",0,1,0,0,0,0,0,0,0,0,0,0,0,0,0,97.08,849,0,0,"",0
"2023-01-31","BAXU25","BAX","BAX","BAX",0,"2025-09-17",0,1,0,0,0,0,0,9,0,0,0,0,0,0,2,97.09,724,0,0,"",0
"2023-01-31","BAXZ25","BAX","BAX","BAX",0,"2025-12-17",0,1,96.5,97.75,1,1,0,0,0,0,0,0,0,0,0,97.05,4,0,0,"",0
"2023-02-01","BAXG23","BAX","BAX","BAX",0,"2023-02-13",0,1,0,0,0,0,0,0,0,0,0,0,0,0,0,95.02,0,0,0,"",0
"2023-02-01","BAXH23","BAX","BAX","BAX",0,"2023-03-13",0,1,95.04,95.045,105,119,0,28074,0,0.035,95.01,95.05,95.01,0,2129,95.045,199236,0,0,"",0
"2023-02-01","BAXJ23","BAX","BAX","BAX",0,"2023-04-17",0,1,0,0,0,0,0,0,0,0,0,0,0,0,0,95.105,0,0,0,"",0
"2023-02-01","BAXM23","BAX","BAX","BAX",0,"2023-06-19",0,1,95.08,95.115,35,244,0,22459,0,0.06,95.05,95.12,95.045,0,4253,95.105,183976,0,0,"",0
"2023-02-01","BAXU23","BAX","BAX","BAX",0,"2023-09-18",0,1,95.19,95.295,75,20,0,18175,0,0.05,95.23,95.3,95.22,0,2759,95.28,133643,0,0,"",0
"2023-02-01","BAXZ23","BAX","BAX","BAX",0,"2023-12-18",0,1,95.675,95.78,100,1,0,13203,0,0.07,95.63,95.7,95.575,0,2792,95.67,83901,0,0,"",0
"2023-02-01","BAXH24","BAX","BAX","BAX",0,"2024-03-18",0,1,96.17,96.19,25,5,0,13741,0,0.09,96.11,96.19,96.03,0,2816,96.15,57743,0,0,"",0
"2023-02-01","BAXM24","BAX","BAX","BAX",0,"2024-06-17",0,1,96.38,96.64,1,5,0,7957,0,0.12,96.53,96.64,96.45,0,1996,96.59,57879,0,0,"",0
"2023-02-01","BAXU24","BAX","BAX","BAX",0,"2024-09-18",0,1,0,0,0,0,0,4772,0,0.15,96.85,96.95,96.75,0,1289,96.9,19410,0,0,"",0
"2023-02-01","BAXZ24","BAX","BAX","BAX",0,"2024-12-18",0,1,97.05,97.29,25,25,0,1480,0,0.15,97.03,97.11,96.92,0,384,97.07,20712,0,0,"",0
"2023-02-01","BAXH25","BAX","BAX","BAX",0,"2025-03-19",0,1,0,0,0,0,0,164,0,0.01,97.09,97.1,97.06,0,56,97.16,1771,0,0,"",0
"2023-02-01","BAXM25","BAX","BAX","BAX",0,"2025-06-18",0,1,96.8,97.7,1,1,0,2,0,0.04,97.12,97.12,97.12,0,2,97.19,849,0,0,"",0
"2023-02-01","BAXU25","BAX","BAX","BAX",0,"2025-09-17",0,1,0,0,0,0,0,0,0,0,0,0,0,0,0,97.2,724,0,0,"",0
"2023-02-01","BAXZ25","BAX","BAX","BAX",0,"2025-12-17",0,1,96.5,97.75,1,1,0,0,0,0,0,0,0,0,0,97.16,4,0,0,"",0
"2023-02-02","BAXG23","BAX","BAX","BAX",0,"2023-02-13",0,1,0,0,0,0,0,0,0,0,0,0,0,0,0,95.03,0,0,0,"",0
"2023-02-02","BAXH23","BAX","BAX","BAX",0,"2023-03-13",0,1,95.055,95.06,40,499,0,15530,0,0.01,95.055,95.07,95.04,0,1169,95.055,213990,0,0,"",0
"2023-02-02","BAXJ23","BAX","BAX","BAX",0,"2023-04-17",0,1,0,0,0,0,0,0,0,0,0,0,0,0,0,95.115,0,0,0,"",0
"2023-02-02","BAXM23","BAX","BAX","BAX",0,"2023-06-19",0,1,95.13,95.14,71,210,0,14075,0,0.03,95.12,95.145,95.09,0,1952,95.14,192059,0,0,"",0
"2023-02-02","BAXU23","BAX","BAX","BAX",0,"2023-09-18",0,1,95.305,95.325,10,4,0,11074,0,0.03,95.3,95.34,95.265,0,1841,95.325,139479,0,0,"",0
"2023-02-02","BAXZ23","BAX","BAX","BAX",0,"2023-12-18",0,1,95.68,95.75,20,25,0,9674,0,0.03,95.695,95.745,95.66,0,1779,95.72,89205,0,0,"",0
"2023-02-02","BAXH24","BAX","BAX","BAX",0,"2024-03-18",0,1,96.16,96.2,10,14,0,6747,0,0.04,96.2,96.24,96.15,0,1298,96.22,64548,0,0,"",0
"2023-02-02","BAXM24","BAX","BAX","BAX",0,"2024-06-17",0,1,96.64,96.7,30,5,0,10490,0,0.06,96.65,96.71,96.59,0,2293,96.68,61405,0,0,"",0
"2023-02-02","BAXU24","BAX","BAX","BAX",0,"2024-09-18",0,1,0,97,0,3,0,1974,0,0.07,96.92,97.02,96.91,0,426,96.99,21195,0,0,"",0
"2023-02-02","BAXZ24","BAX","BAX","BAX",0,"2024-12-18",0,1,97.11,97.18,3,61,0,929,0,0.08,97.12,97.19,97.09,0,317,97.17,21250,0,0,"",0
"2023-02-02","BAXH25","BAX","BAX","BAX",0,"2025-03-19",0,1,0,0,0,0,0,10,0,0.12,97.2,97.28,97.2,0,6,97.27,1830,0,0,"",0
"2023-02-02","BAXM25","BAX","BAX","BAX",0,"2025-06-18",0,1,96.8,97.7,1,1,0,8,0,0.13,97.33,97.33,97.32,0,4,97.31,849,0,0,"",0
"2023-02-02","BAXU25","BAX","BAX","BAX",0,"2025-09-17",0,1,0,0,0,0,0,0,0,0,0,0,0,0,0,97.32,724,0,0,"",0
"2023-02-02","BAXZ25","BAX","BAX","BAX",0,"2025-12-17",0,1,96.5,97.75,1,1,0,0,0,0,0,0,0,0,0,97.28,4,0,0,"",0
"2023-02-03","BAXG23","BAX","BAX","BAX",0,"2023-02-13",0,1,0,0,0,0,0,0,0,0,0,0,0,0,0,95.02,0,0,0,"",0
"2023-02-03","BAXH23","BAX","BAX","BAX",0,"2023-03-13",0,1,95.035,95.04,305,31,0,17695,0,-0.015,95.065,95.07,95.03,0,1734,95.045,206787,0,0,"",0
"2023-02-03","BAXJ23","BAX","BAX","BAX",0,"2023-04-17",0,1,0,0,0,0,0,0,0,0,0,0,0,0,0,95.105,0,0,0,"",0
"2023-02-03","BAXM23","BAX","BAX","BAX",0,"2023-06-19",0,1,95.025,95.06,50,20,0,20255,0,-0.085,95.12,95.16,95.05,0,3650,95.065,191795,0,0,"",0
"2023-02-03","BAXU23","BAX","BAX","BAX",0,"2023-09-18",0,1,95.18,95.19,100,27,0,19353,0,-0.135,95.315,95.34,95.185,0,3309,95.205,141971,0,0,"",0
"2023-02-03","BAXZ23","BAX","BAX","BAX",0,"2023-12-18",0,1,95.505,95.515,10,17,0,15471,0,-0.205,95.715,95.745,95.505,0,3541,95.545,89551,0,0,"",0
"2023-02-03","BAXH24","BAX","BAX","BAX",0,"2024-03-18",0,1,95.98,96.06,25,10,0,10888,0,-0.23,96.18,96.25,95.99,0,2187,96.03,60781,0,0,"",0
"2023-02-03","BAXM24","BAX","BAX","BAX",0,"2024-06-17",0,1,96.45,96.48,52,16,0,14494,0,-0.22,96.63,96.72,96.45,0,2574,96.49,61336,0,0,"",0
"2023-02-03","BAXU24","BAX","BAX","BAX",0,"2024-09-18",0,1,0,96.84,0,45,0,11871,0,-0.17,96.94,97.01,96.82,0,2000,96.84,20629,0,0,"",0
"2023-02-03","BAXZ24","BAX","BAX","BAX",0,"2024-12-18",0,1,97.01,97.08,4,25,0,2083,0,-0.14,97.16,97.2,97.01,0,497,97.04,21454,0,0,"",0
"2023-02-03","BAXH25","BAX","BAX","BAX",0,"2025-03-19",0,1,0,0,0,0,0,98,0,-0.07,97.29,97.29,97.17,0,28,97.16,1787,0,0,"",0
"2023-02-03","BAXM25","BAX","BAX","BAX",0,"2025-06-18",0,1,96.8,97.7,1,1,0,64,0,-0.02,97.33,97.34,97.28,0,15,97.22,856,0,0,"",0
"2023-02-03","BAXU25","BAX","BAX","BAX",0,"2025-09-17",0,1,0,0,0,0,0,2,0,0,97.32,97.32,97.32,0,1,97.24,724,0,0,"",0
"2023-02-03","BAXZ25","BAX","BAX","BAX",0,"2025-12-17",0,1,96.5,97.75,1,1,0,0,0,0,0,0,0,0,0,97.2,4,0,0,"",0
"2023-02-06","BAXG23","BAX","BAX","BAX",0,"2023-02-13",0,1,0,0,0,0,0,0,0,0,0,0,0,0,0,94.995,0,0,0,"",0
"2023-02-06","BAXH23","BAX","BAX","BAX",0,"2023-03-13",0,1,95.01,95.02,261,306,0,15443,0,-0.03,95.03,95.04,95.005,0,1548,95.02,207510,0,0,"",0
"2023-02-06","BAXJ23","BAX","BAX","BAX",0,"2023-04-17",0,1,0,0,0,0,0,0,0,0,0,0,0,0,0,95.08,0,0,0,"",0
"2023-02-06","BAXM23","BAX","BAX","BAX",0,"2023-06-19",0,1,94.915,95.03,5,28,0,18136,0,-0.05,95.03,95.055,95.005,0,2996,95.04,199025,0,0,"",0
"2023-02-06","BAXU23","BAX","BAX","BAX",0,"2023-09-18",0,1,95.09,95.1,100,40,0,17448,0,-0.11,95.18,95.18,95.09,0,3506,95.125,148086,0,0,"",0
"2023-02-06","BAXZ23","BAX","BAX","BAX",0,"2023-12-18",0,1,95.36,95.4,100,30,0,20107,0,-0.175,95.485,95.5,95.37,0,4241,95.41,93217,0,0,"",0
"2023-02-06","BAXH24","BAX","BAX","BAX",0,"2024-03-18",0,1,0,95.85,0,8,0,21874,0,-0.26,95.98,95.98,95.77,0,3667,95.81,64596,0,0,"",0
"2023-02-06","BAXM24","BAX","BAX","BAX",0,"2024-06-17",0,1,96.16,96.25,1,9,0,24096,0,-0.25,96.44,96.44,96.23,0,3702,96.26,69833,0,0,"",0
"2023-02-06","BAXU24","BAX","BAX","BAX",0,"2024-09-18",0,1,0,96.6,0,22,0,5474,0,-0.26,96.79,96.8,96.57,0,1568,96.6,27271,0,0,"",0
"2023-02-06","BAXZ24","BAX","BAX","BAX",0,"2024-12-18",0,1,96.72,96.81,61,25,0,4856,0,-0.26,97.01,97.01,96.76,0,1009,96.8,22271,0,0,"",0
"2023-02-06","BAXH25","BAX","BAX","BAX",0,"2025-03-19",0,1,0,96.92,0,32,0,360,0,-0.25,97.03,97.03,96.9,0,72,96.93,1835,0,0,"",0
"2023-02-06","BAXM25","BAX","BAX","BAX",0,"2025-06-18",0,1,96.8,97.7,1,1,0,5,0,-0.22,97.08,97.08,97,0,5,96.99,920,0,0,"",0
"2023-02-06","BAXU25","BAX","BAX","BAX",0,"2025-09-17",0,1,0,0,0,0,0,0,0,0,0,0,0,0,0,97.01,726,0,0,"",0
"2023-02-06","BAXZ25","BAX","BAX","BAX",0,"2025-12-17",0,1,96.5,97.75,1,1,0,0,0,0,0,0,0,0,0,96.97,4,0,0,"",0
"2023-02-07","BAXG23","BAX","BAX","BAX",0,"2023-02-13",0,1,0,0,0,0,0,0,0,0,0,0,0,0,0,95,0,0,0,"",0
"2023-02-07","BAXH23","BAX","BAX","BAX",0,"2023-03-13",0,1,95.03,95.035,30,50,0,24939,0,0.01,95.015,95.05,95.005,0,1877,95.025,209568,0,0,"",0
"2023-02-07","BAXJ23","BAX","BAX","BAX",0,"2023-04-17",0,1,0,0,0,0,0,0,0,0,0,0,0,0,0,95.085,0,0,0,"",0
"2023-02-07","BAXM23","BAX","BAX","BAX",0,"2023-06-19",0,1,95.02,95.04,3,30,0,21169,0,-0.015,95.025,95.07,95,0,3001,95.015,198668,0,0,"",0
"2023-02-07","BAXU23","BAX","BAX","BAX",0,"2023-09-18",0,1,95.09,95.27,2,2,0,19286,0,-0.035,95.11,95.155,95.065,0,3380,95.08,154449,0,0,"",0
"2023-02-07","BAXZ23","BAX","BAX","BAX",0,"2023-12-18",0,1,95.335,95.68,12,1,0,20738,0,-0.055,95.395,95.425,95.33,0,3645,95.35,101575,0,0,"",0
"2023-02-07","BAXH24","BAX","BAX","BAX",0,"2024-03-18",0,1,0,96.39,0,50,0,14200,0,-0.06,95.8,95.81,95.71,0,2960,95.74,78430,0,0,"",0
"2023-02-07","BAXM24","BAX","BAX","BAX",0,"2024-06-17",0,1,96.19,96.22,25,100,0,13623,0,-0.07,96.27,96.27,96.16,0,2412,96.19,84501,0,0,"",0
"2023-02-07","BAXU24","BAX","BAX","BAX",0,"2024-09-18",0,1,0,0,0,0,0,4678,0,-0.06,96.58,96.6,96.48,0,1951,96.53,28081,0,0,"",0
"2023-02-07","BAXZ24","BAX","BAX","BAX",0,"2024-12-18",0,1,0,96.74,0,12,0,3488,0,-0.07,96.77,96.8,96.69,0,884,96.73,23460,0,0,"",0
"2023-02-07","BAXH25","BAX","BAX","BAX",0,"2025-03-19",0,1,0,0,0,0,0,405,0,-0.07,96.85,96.93,96.82,0,77,96.86,2061,0,0,"",0
"2023-02-07","BAXM25","BAX","BAX","BAX",0,"2025-06-18",0,1,0,97.7,0,1,0,14,0,-0.02,96.9,96.97,96.9,0,6,96.92,920,0,0,"",0
"2023-02-07","BAXU25","BAX","BAX","BAX",0,"2025-09-17",0,1,96.95,0,25,0,0,0,0,0,0,0,0,0,0,96.94,726,0,0,"",0
"2023-02-07","BAXZ25","BAX","BAX","BAX",0,"2025-12-17",0,1,96.5,97.75,1,1,0,0,0,0,0,0,0,0,0,96.9,4,0,0,"",0
"2023-02-08","BAXG23","BAX","BAX","BAX",0,"2023-02-13",0,1,0,0,0,0,0,0,0,0,0,0,0,0,0,95.015,0,0,0,"",0
"2023-02-08","BAXH23","BAX","BAX","BAX",0,"2023-03-13",0,1,95.045,95.05,135,52,0,16229,0,0.025,95.03,95.05,95.015,0,938,95.04,212532,0,0,"",0
"2023-02-08","BAXJ23","BAX","BAX","BAX",0,"2023-04-17",0,1,0,0,0,0,0,0,0,0,0,0,0,0,0,95.1,0,0,0,"",0
"2023-02-08","BAXM23","BAX","BAX","BAX",0,"2023-06-19",0,1,95.065,95.32,10,62,0,18538,0,0.05,95.025,95.075,95.005,0,2436,95.06,201703,0,0,"",0
"2023-02-08","BAXU23","BAX","BAX","BAX",0,"2023-09-18",0,1,95.145,95.27,5,2,0,27646,0,0.07,95.095,95.15,95.075,0,4801,95.135,159960,0,0,"",0
"2023-02-08","BAXZ23","BAX","BAX","BAX",0,"2023-12-18",0,1,95.36,95.68,200,1,0,39549,0,0.04,95.375,95.4,95.34,0,7430,95.385,105557,0,0,"",0
"2023-02-08","BAXH24","BAX","BAX","BAX",0,"2024-03-18",0,1,95.8,96.39,10,50,0,28910,0,0.07,95.77,95.81,95.74,0,5589,95.79,80477,0,0,"",0
"2023-02-08","BAXM24","BAX","BAX","BAX",0,"2024-06-17",0,1,96.2,96.28,40,50,0,17288,0,0.05,96.22,96.27,96.19,0,3946,96.23,76040,0,0,"",0
"2023-02-08","BAXU24","BAX","BAX","BAX",0,"2024-09-18",0,1,0,0,0,0,0,11467,0,0.08,96.56,96.61,96.54,0,2639,96.58,29477,0,0,"",0
"2023-02-08","BAXZ24","BAX","BAX","BAX",0,"2024-12-18",0,1,96.76,0,6,0,0,4464,0,0.08,96.77,96.82,96.74,0,1070,96.78,24050,0,0,"",0
"2023-02-08","BAXH25","BAX","BAX","BAX",0,"2025-03-19",0,1,0,0,0,0,0,88,0,0.06,96.94,96.94,96.89,0,39,96.91,2129,0,0,"",0
"2023-02-08","BAXM25","BAX","BAX","BAX",0,"2025-06-18",0,1,0,97.7,0,1,0,0,0,0,0,0,0,0,0,96.97,920,0,0,"",0
"2023-02-08","BAXU25","BAX","BAX","BAX",0,"2025-09-17",0,1,0,0,0,0,0,1,0,0.08,97.02,97.02,97.02,0,1,96.99,726,0,0,"",0
"2023-02-08","BAXZ25","BAX","BAX","BAX",0,"2025-12-17",0,1,96.5,97.75,1,1,0,0,0,0,0,0,0,0,0,96.95,4,0,0,"",0
"2023-02-09","BAXG23","BAX","BAX","BAX",0,"2023-02-13",0,1,0,0,0,0,0,0,0,0,0,0,0,0,0,95.01,0,0,0,"",0
"2023-02-09","BAXH23","BAX","BAX","BAX",0,"2023-03-13",0,1,95.03,95.035,316,150,0,15581,0,-0.01,95.05,95.06,95.025,0,962,95.035,198763,0,0,"",0
"2023-02-09","BAXJ23","BAX","BAX","BAX",0,"2023-04-17",0,1,0,0,0,0,0,0,0,0,0,0,0,0,0,95.095,0,0,0,"",0
"2023-02-09","BAXM23","BAX","BAX","BAX",0,"2023-06-19",0,1,95.025,95.035,297,580,0,26665,0,-0.035,95.07,95.095,95.025,0,2566,95.03,193374,0,0,"",0
"2023-02-09","BAXU23","BAX","BAX","BAX",0,"2023-09-18",0,1,95.07,95.12,122,117,0,32041,0,-0.055,95.15,95.175,95.075,0,3545,95.08,162311,0,0,"",0
"2023-02-09","BAXZ23","BAX","BAX","BAX",0,"2023-12-18",0,1,95.315,95.38,150,93,0,21795,0,-0.055,95.395,95.435,95.305,0,3724,95.32,120232,0,0,"",0
"2023-02-09","BAXH24","BAX","BAX","BAX",0,"2024-03-18",0,1,95.71,95.76,88,1,0,16873,0,-0.06,95.8,95.85,95.7,0,3054,95.72,86729,0,0,"",0
"2023-02-09","BAXM24","BAX","BAX","BAX",0,"2024-06-17",0,1,96.14,96.16,15,66,0,20050,0,-0.08,96.24,96.3,96.11,0,2174,96.15,80697,0,0,"",0
"2023-02-09","BAXU24","BAX","BAX","BAX",0,"2024-09-18",0,1,96.46,96.61,10,1,0,5169,0,-0.09,96.6,96.66,96.45,0,794,96.5,31436,0,0,"",0
"2023-02-09","BAXZ24","BAX","BAX","BAX",0,"2024-12-18",0,1,96.66,96.69,10,19,0,2613,0,-0.09,96.84,96.87,96.66,0,529,96.7,23220,0,0,"",0
"2023-02-09","BAXH25","BAX","BAX","BAX",0,"2025-03-19",0,1,0,0,0,0,0,322,0,-0.09,96.97,97.01,96.82,0,106,96.83,1994,0,0,"",0
"2023-02-09","BAXM25","BAX","BAX","BAX",0,"2025-06-18",0,1,0,97.7,0,1,0,25,0,0,0,0,0,0,4,96.89,909,0,0,"",0
"2023-02-09","BAXU25","BAX","BAX","BAX",0,"2025-09-17",0,1,0,0,0,0,0,5,0,0,0,0,0,0,1,96.91,718,0,0,"",0
"2023-02-09","BAXZ25","BAX","BAX","BAX",0,"2025-12-17",0,1,96.5,97.75,1,1,0,0,0,0,0,0,0,0,0,96.87,4,0,0,"",0
"2023-02-10","BAXG23","BAX","BAX","BAX",0,"2023-02-13",0,1,0,0,0,0,0,0,0,0,0,0,0,0,0,94.96,0,0,0,"",0
"2023-02-10","BAXH23","BAX","BAX","BAX",0,"2023-03-13",0,1,94.98,94.99,100,10,0,30467,0,-0.045,95.03,95.035,94.94,0,3502,94.985,199582,0,0,"",0
"2023-02-10","BAXJ23","BAX","BAX","BAX",0,"2023-04-17",0,1,0,0,0,0,0,0,0,0,0,0,0,0,0,95.045,0,0,0,"",0
"2023-02-10","BAXM23","BAX","BAX","BAX",0,"2023-06-19",0,1,94.91,94.945,25,45,0,34129,0,-0.085,95.03,95.035,94.9,0,3856,94.94,205308,0,0,"",0
"2023-02-10","BAXU23","BAX","BAX","BAX",0,"2023-09-18",0,1,94.97,95.27,3,2,0,31466,0,-0.105,95.07,95.08,94.925,0,4390,94.975,166628,0,0,"",0
"2023-02-10","BAXZ23","BAX","BAX","BAX",0,"2023-12-18",0,1,95.15,95.225,100,10,0,26158,0,-0.14,95.33,95.335,95.125,0,4475,95.185,111265,0,0,"",0
"2023-02-10","BAXH24","BAX","BAX","BAX",0,"2024-03-18",0,1,95.57,95.63,7,100,0,12880,0,-0.15,95.71,95.74,95.52,0,2538,95.58,82418,0,0,"",0
"2023-02-10","BAXM24","BAX","BAX","BAX",0,"2024-06-17",0,1,96.02,96.07,5,100,0,17767,0,-0.12,96.15,96.17,95.94,0,4249,96.01,86980,0,0,"",0
"2023-02-10","BAXU24","BAX","BAX","BAX",0,"2024-09-18",0,1,96.24,0,50,0,0,5434,0,-0.11,96.49,96.49,96.29,0,1439,96.37,32956,0,0,"",0
"2023-02-10","BAXZ24","BAX","BAX","BAX",0,"2024-12-18",0,1,96.56,0,109,0,0,4281,0,-0.09,96.68,96.69,96.51,0,736,96.59,24037,0,0,"",0
"2023-02-10","BAXH25","BAX","BAX","BAX",0,"2025-03-19",0,1,0,0,0,0,0,259,0,-0.08,96.75,96.76,96.71,0,38,96.73,2193,0,0,"",0
"2023-02-10","BAXM25","BAX","BAX","BAX",0,"2025-06-18",0,1,0,97.7,0,1,0,51,0,-0.04,96.85,96.85,96.85,0,3,96.81,934,0,0,"",0
"2023-02-10","BAXU25","BAX","BAX","BAX",0,"2025-09-17",0,1,0,0,0,0,0,3,0,0.02,96.93,96.93,96.93,0,3,96.86,722,0,0,"",0
"2023-02-10","BAXZ25","BAX","BAX","BAX",0,"2025-12-17",0,1,96.5,97.75,1,1,0,0,0,0,0,0,0,0,0,96.82,4,0,0,"",0
"2023-02-13","BAXG23","BAX","BAX","BAX",0,"2023-02-13",0,1,0,0,0,0,0,0,0,0,0,0,0,0,0,95.017,0,0,0,"",0
"2023-02-13","BAXH23","BAX","BAX","BAX",0,"2023-03-13",0,1,94.99,94.995,105,146,0,10522,0,0.005,94.995,95.005,94.965,0,975,94.995,210274,0,0,"",0
"2023-02-13","BAXJ23","BAX","BAX","BAX",0,"2023-04-17",0,1,0,0,0,0,0,0,0,0,0,0,0,0,0,95.055,0,0,0,"",0
"2023-02-13","BAXM23","BAX","BAX","BAX",0,"2023-06-19",0,1,94.925,94.93,90,189,0,14847,0,-0.01,94.95,94.955,94.905,0,1808,94.92,205538,0,0,"",0
"2023-02-13","BAXU23","BAX","BAX","BAX",0,"2023-09-18",0,1,94.965,94.97,26,250,0,7519,0,-0.01,94.985,94.99,94.935,0,1394,94.95,169742,0,0,"",0
"2023-02-13","BAXZ23","BAX","BAX","BAX",0,"2023-12-18",0,1,95.17,95.18,75,100,0,8191,0,-0.01,95.175,95.19,95.125,0,2109,95.155,116703,0,0,"",0
"2023-02-13","BAXH24","BAX","BAX","BAX",0,"2024-03-18",0,1,95.55,95.63,20,100,0,7662,0,-0.02,95.57,95.58,95.52,0,1873,95.54,82714,0,0,"",0
"2023-02-13","BAXM24","BAX","BAX","BAX",0,"2024-06-17",0,1,95.98,96.01,20,20,0,10144,0,-0.02,96.02,96.02,95.95,0,1704,95.97,89643,0,0,"",0
"2023-02-13","BAXU24","BAX","BAX","BAX",0,"2024-09-18",0,1,0,0,0,0,0,6220,0,-0.04,96.38,96.38,96.31,0,1050,96.31,33440,0,0,"",0
"2023-02-13","BAXZ24","BAX","BAX","BAX",0,"2024-12-18",0,1,96.52,0,57,0,0,3385,0,-0.04,96.6,96.6,96.52,0,447,96.53,24514,0,0,"",0
"2023-02-13","BAXH25","BAX","BAX","BAX",0,"2025-03-19",0,1,96.68,0,2,0,0,658,0,-0.05,96.72,96.72,96.67,0,166,96.68,2298,0,0,"",0
"2023-02-13","BAXM25","BAX","BAX","BAX",0,"2025-06-18",0,1,0,97.7,0,1,0,88,0,-0.04,96.77,96.77,96.77,0,19,96.77,940,0,0,"",0
"2023-02-13","BAXU25","BAX","BAX","BAX",0,"2025-09-17",0,1,0,0,0,0,0,7,0,0,0,0,0,0,5,96.82,722,0,0,"",0
"2023-02-13","BAXZ25","BAX","BAX","BAX",0,"2025-12-17",0,1,96.5,97.75,1,1,0,0,0,0,0,0,0,0,0,96.79,4,0,0,"",0
"2023-02-14","BAXH23","BAX","BAX","BAX",0,"2023-03-13",0,1,94.975,94.98,90,186,0,14746,0,-0.02,94.995,95.03,94.96,0,1514,94.975,203201,0,0,"",0
"2023-02-14","BAXJ23","BAX","BAX","BAX",0,"2023-04-17",0,1,0,0,0,0,0,0,0,0,0,0,0,0,0,95.035,0,0,0,"",0
"2023-02-14","BAXK23","BAX","BAX","BAX",0,"2023-05-15",0,1,0,0,0,0,0,0,0,0,0,0,0,0,0,94.94,0,0,0,"",0
"2023-02-14","BAXM23","BAX","BAX","BAX",0,"2023-06-19",0,1,94.855,94.86,586,100,0,25680,0,-0.06,94.945,94.955,94.85,0,3038,94.86,205644,0,0,"",0
"2023-02-14","BAXU23","BAX","BAX","BAX",0,"2023-09-18",0,1,0,94.89,0,47,0,28312,0,-0.065,94.985,95,94.865,0,3414,94.885,158916,0,0,"",0
"2023-02-14","BAXZ23","BAX","BAX","BAX",0,"2023-12-18",0,1,95.03,95.07,149,150,0,16021,0,-0.105,95.18,95.22,95.03,0,3667,95.04,110714,0,0,"",0
"2023-02-14","BAXH24","BAX","BAX","BAX",0,"2024-03-18",0,1,95.34,95.41,51,100,0,12878,0,-0.15,95.56,95.61,95.37,0,3218,95.38,83146,0,0,"",0
"2023-02-14","BAXM24","BAX","BAX","BAX",0,"2024-06-17",0,1,95.68,95.9,50,1,0,10787,0,-0.15,96,96.05,95.79,0,2146,95.8,88149,0,0,"",0
"2023-02-14","BAXU24","BAX","BAX","BAX",0,"2024-09-18",0,1,96.15,96.19,23,100,0,4881,0,-0.13,96.34,96.39,96.15,0,1448,96.16,35254,0,0,"",0
"2023-02-14","BAXZ24","BAX","BAX","BAX",0,"2024-12-18",0,1,0,96.45,0,26,0,4908,0,-0.12,96.54,96.61,96.39,0,1154,96.4,23433,0,0,"",0
"2023-02-14","BAXH25","BAX","BAX","BAX",0,"2025-03-19",0,1,0,0,0,0,0,322,0,-0.1,96.7,96.72,96.58,0,93,96.57,2573,0,0,"",0
"2023-02-14","BAXM25","BAX","BAX","BAX",0,"2025-06-18",0,1,0,96.76,0,9,0,171,0,-0.03,96.8,96.8,96.73,0,40,96.68,938,0,0,"",0
"2023-02-14","BAXU25","BAX","BAX","BAX",0,"2025-09-17",0,1,0,96.82,0,10,0,140,0,0.01,96.88,96.88,96.81,0,62,96.75,729,0,0,"",0
"2023-02-14","BAXZ25","BAX","BAX","BAX",0,"2025-12-17",0,1,96.5,97.75,1,1,0,0,0,0,0,0,0,0,0,96.77,4,0,0,"",0
"2023-02-15","BAXH23","BAX","BAX","BAX",0,"2023-03-13",0,1,94.975,94.98,200,10,94.98,21343,94.975,0.005,94.985,94.99,94.96,102618,1232,94.97,204360,0,0,"",0
"2023-02-15","BAXJ23","BAX","BAX","BAX",0,"2023-04-17",0,1,0,0,0,0,0,0,0,0,0,0,0,0,0,95.03,0,0,0,"",0
"2023-02-15","BAXK23","BAX","BAX","BAX",0,"2023-05-15",0,1,0,0,0,0,0,0,0,0,0,0,0,0,0,94.935,0,0,0,"",0
"2023-02-15","BAXM23","BAX","BAX","BAX",0,"2023-06-19",0,1,94.895,95.065,151,9,94.895,28109,94.86,0.035,94.895,94.895,94.855,65739,2770,94.875,204701,0,0,"",0
"2023-02-15","BAXU23","BAX","BAX","BAX",0,"2023-09-18",0,1,94.89,94.905,20,100,94.9,21633,94.885,0.015,94.92,94.93,94.855,67161,3802,94.885,162908,0,0,"",0
"2023-02-15","BAXZ23","BAX","BAX","BAX",0,"2023-12-18",0,1,95.06,95.065,50,2,95.065,14141,95.04,0.025,95.075,95.09,94.985,42094,2681,95.035,109710,0,0,"",0
"2023-02-15","BAXH24","BAX","BAX","BAX",0,"2024-03-18",0,1,0,95.63,0,100,95.4,12338,95.38,0.02,95.43,95.43,95.31,36333,2465,95.36,84788,0,0,"",0
"2023-02-15","BAXM24","BAX","BAX","BAX",0,"2024-06-17",0,1,95.8,95.85,20,10,95.81,9619,95.8,0.01,95.85,95.85,95.73,7177,1810,95.78,85229,0,0,"",0
"2023-02-15","BAXU24","BAX","BAX","BAX",0,"2024-09-18",0,1,96.15,0,200,0,96.16,3025,96.16,0,96.2,96.2,96.08,96,680,96.13,33651,0,0,"",0
"2023-02-15","BAXZ24","BAX","BAX","BAX",0,"2024-12-18",0,1,96.38,0,11,0,96.39,2094,96.4,-0.01,96.44,96.45,96.32,577,339,96.37,24377,0,0,"",0
"2023-02-15","BAXH25","BAX","BAX","BAX",0,"2025-03-19",0,1,0,0,0,0,0,200,0,-0.02,96.62,96.62,96.49,0,82,96.54,2669,0,0,"",0
"2023-02-15","BAXM25","BAX","BAX","BAX",0,"2025-06-18",0,1,96.64,97.7,50,1,0,23,0,0,0,0,0,0,9,96.65,1053,0,0,"",0
"2023-02-15","BAXU25","BAX","BAX","BAX",0,"2025-09-17",0,1,0,0,0,0,0,6,0,0,0,0,0,0,5,96.72,823,0,0,"",0
"2023-02-15","BAXZ25","BAX","BAX","BAX",0,"2025-12-17",0,1,96.5,97.75,1,1,0,0,0,0,0,0,0,0,0,96.74,4,0,0,"",0
"2023-02-16","BAXH23","BAX","BAX","BAX",0,"2023-03-13",0,1,94.985,94.99,21,324,0,24000,0,0.02,94.985,94.995,94.95,0,1836,94.99,212832,0,0,"",0
"2023-02-16","BAXJ23","BAX","BAX","BAX",0,"2023-04-17",0,1,0,0,0,0,0,0,0,0,0,0,0,0,0,95.05,0,0,0,"",0
"2023-02-16","BAXK23","BAX","BAX","BAX",0,"2023-05-15",0,1,0,0,0,0,0,0,0,0,0,0,0,0,0,94.955,0,0,0,"",0
"2023-02-16","BAXM23","BAX","BAX","BAX",0,"2023-06-19",0,1,94.905,94.97,234,50,0,31062,0,0.03,94.89,94.925,94.87,0,3571,94.91,216117,0,0,"",0
"2023-02-16","BAXU23","BAX","BAX","BAX",0,"2023-09-18",0,1,94.9,94.91,10,100,0,24795,0,0.02,94.9,94.93,94.865,0,3474,94.91,158114,0,0,"",0
"2023-02-16","BAXZ23","BAX","BAX","BAX",0,"2023-12-18",0,1,95.045,95.07,5,10,0,32369,0,0.01,95.06,95.08,94.99,0,4774,95.055,112988,0,0,"",0
"2023-02-16","BAXH24","BAX","BAX","BAX",0,"2024-03-18",0,1,95.38,95.63,5,100,0,18406,0,0.04,95.39,95.42,95.33,0,3184,95.4,87399,0,0,"",0
"2023-02-16","BAXM24","BAX","BAX","BAX",0,"2024-06-17",0,1,95.8,95.83,28,8,0,8744,0,0.02,95.8,95.83,95.75,0,1578,95.82,88185,0,0,"",0
"2023-02-16","BAXU24","BAX","BAX","BAX",0,"2024-09-18",0,1,0,0,0,0,0,8268,0,0.03,96.15,96.17,96.1,0,1457,96.16,33813,0,0,"",0
"2023-02-16","BAXZ24","BAX","BAX","BAX",0,"2024-12-18",0,1,96.38,0,19,0,0,3703,0,0.03,96.38,96.41,96.32,0,953,96.39,24386,0,0,"",0
"2023-02-16","BAXH25","BAX","BAX","BAX",0,"2025-03-19",0,1,96.36,0,10,0,0,166,0,0,96.55,96.55,96.51,0,43,96.56,2742,0,0,"",0
"2023-02-16","BAXM25","BAX","BAX","BAX",0,"2025-06-18",0,1,0,96.82,0,10,0,40,0,-0.01,96.65,96.65,96.64,0,13,96.67,1031,0,0,"",0
"2023-02-16","BAXU25","BAX","BAX","BAX",0,"2025-09-17",0,1,0,0,0,0,0,0,0,0,0,0,0,0,0,96.74,785,0,0,"",0
"2023-02-16","BAXZ25","BAX","BAX","BAX",0,"2025-12-17",0,1,96.5,97.75,1,1,0,0,0,0,0,0,0,0,0,96.76,4,0,0,"",0
"2023-02-17","BAXH23","BAX","BAX","BAX",0,"2023-03-13",0,1,94.965,94.97,106,238,0,13246,0,-0.02,94.98,94.99,94.965,0,869,94.97,214336,0,0,"",0
"2023-02-17","BAXJ23","BAX","BAX","BAX",0,"2023-04-17",0,1,0,0,0,0,0,0,0,0,0,0,0,0,0,95.03,0,0,0,"",0
"2023-02-17","BAXK23","BAX","BAX","BAX",0,"2023-05-15",0,1,0,0,0,0,0,0,0,0,0,0,0,0,0,94.935,0,0,0,"",0
"2023-02-17","BAXM23","BAX","BAX","BAX",0,"2023-06-19",0,1,94.88,94.885,13,19,0,10833,0,-0.03,94.895,94.92,94.875,0,1147,94.89,206463,0,0,"",0
"2023-02-17","BAXU23","BAX","BAX","BAX",0,"2023-09-18",0,1,94.875,94.885,100,12,0,9732,0,-0.025,94.885,94.925,94.845,0,1613,94.88,159651,0,0,"",0
"2023-02-17","BAXZ23","BAX","BAX","BAX",0,"2023-12-18",0,1,95.02,95.03,50,51,0,12899,0,-0.03,95.01,95.08,94.97,0,2444,95.02,124515,0,0,"",0
"2023-02-17","BAXH24","BAX","BAX","BAX",0,"2024-03-18",0,1,95.37,95.38,3,6,0,8785,0,-0.03,95.34,95.42,95.31,0,1767,95.36,88994,0,0,"",0
"2023-02-17","BAXM24","BAX","BAX","BAX",0,"2024-06-17",0,1,95.77,95.79,47,83,0,7818,0,-0.04,95.75,95.83,95.73,0,1453,95.77,86796,0,0,"",0
"2023-02-17","BAXU24","BAX","BAX","BAX",0,"2024-09-18",0,1,96.11,96.13,7,7,0,1975,0,-0.04,96.1,96.17,96.09,0,331,96.12,36063,0,0,"",0
"2023-02-17","BAXZ24","BAX","BAX","BAX",0,"2024-12-18",0,1,96.34,0,10,0,0,1052,0,-0.04,96.35,96.39,96.34,0,335,96.35,25171,0,0,"",0
"2023-02-17","BAXH25","BAX","BAX","BAX",0,"2025-03-19",0,1,96.5,0,50,0,0,125,0,-0.05,96.51,96.55,96.5,0,52,96.52,2711,0,0,"",0
"2023-02-17","BAXM25","BAX","BAX","BAX",0,"2025-06-18",0,1,96.6,97.7,50,1,0,0,0,0,0,0,0,0,0,96.63,1038,0,0,"",0
"2023-02-17","BAXU25","BAX","BAX","BAX",0,"2025-09-17",0,1,0,0,0,0,0,0,0,0,0,0,0,0,0,96.7,785,0,0,"",0
"2023-02-17","BAXZ25","BAX","BAX","BAX",0,"2025-12-17",0,1,96.5,97.75,1,1,0,0,0,0,0,0,0,0,0,96.72,4,0,0,"",0
"2023-02-21","BAXH23","BAX","BAX","BAX",0,"2023-03-13",0,1,94.99,94.995,93,30,0,26400,0,0.02,94.965,95.005,94.935,0,1482,94.995,204184,0,0,"",0
"2023-02-21","BAXJ23","BAX","BAX","BAX",0,"2023-04-17",0,1,0,0,0,0,0,0,0,0,0,0,0,0,0,95.055,0,0,0,"",0
"2023-02-21","BAXK23","BAX","BAX","BAX",0,"2023-05-15",0,1,0,0,0,0,0,0,0,0,0,0,0,0,0,94.96,0,0,0,"",0
"2023-02-21","BAXM23","BAX","BAX","BAX",0,"2023-06-19",0,1,94.885,94.925,41,46,0,24459,0,0,94.865,94.935,94.82,0,2854,94.91,204089,0,0,"",0
"2023-02-21","BAXU23","BAX","BAX","BAX",0,"2023-09-18",0,1,94.855,94.895,30,100,0,15887,0,-0.01,94.86,94.93,94.79,0,3147,94.88,160256,0,0,"",0
"2023-02-21","BAXZ23","BAX","BAX","BAX",0,"2023-12-18",0,1,94.98,94.99,30,27,0,17306,0,-0.03,95,95.06,94.895,0,4041,94.995,125030,0,0,"",0
"2023-02-21","BAXH24","BAX","BAX","BAX",0,"2024-03-18",0,1,95.27,95.32,99,115,0,8268,0,-0.08,95.32,95.39,95.22,0,2264,95.3,89632,0,0,"",0
"2023-02-21","BAXM24","BAX","BAX","BAX",0,"2024-06-17",0,1,95.61,95.66,50,25,0,9450,0,-0.14,95.76,95.78,95.62,0,1964,95.65,86764,0,0,"",0
"2023-02-21","BAXU24","BAX","BAX","BAX",0,"2024-09-18",0,1,95.91,95.97,50,19,0,5822,0,-0.16,96.08,96.11,95.94,0,947,95.96,32700,0,0,"",0
"2023-02-21","BAXZ24","BAX","BAX","BAX",0,"2024-12-18",0,1,0,96.22,0,2,0,2804,0,-0.19,96.28,96.34,96.16,0,589,96.19,23716,0,0,"",0
"2023-02-21","BAXH25","BAX","BAX","BAX",0,"2025-03-19",0,1,96.28,96.36,47,144,0,490,0,-0.21,96.36,96.5,96.31,0,101,96.35,2762,0,0,"",0
"2023-02-21","BAXM25","BAX","BAX","BAX",0,"2025-06-18",0,1,96.42,97.7,50,1,0,108,0,-0.21,96.49,96.5,96.42,0,28,96.46,1038,0,0,"",0
"2023-02-21","BAXU25","BAX","BAX","BAX",0,"2025-09-17",0,1,0,0,0,0,0,10,0,-0.17,96.56,96.57,96.53,0,7,96.53,785,0,0,"",0
"2023-02-21","BAXZ25","BAX","BAX","BAX",0,"2025-12-17",0,1,96.5,97.75,1,1,0,0,0,0,0,0,0,0,0,96.55,4,0,0,"",0
"2023-02-22","BAXH23","BAX","BAX","BAX",0,"2023-03-13",0,1,94.995,95,38,1201,0,30904,0,0,94.995,95.01,94.99,0,1573,95,210053,0,0,"",0
"2023-02-22","BAXJ23","BAX","BAX","BAX",0,"2023-04-17",0,1,0,0,0,0,0,0,0,0,0,0,0,0,0,95.06,0,0,0,"",0
"2023-02-22","BAXK23","BAX","BAX","BAX",0,"2023-05-15",0,1,0,0,0,0,0,0,0,0,0,0,0,0,0,94.965,0,0,0,"",0
"2023-02-22","BAXM23","BAX","BAX","BAX",0,"2023-06-19",0,1,94.92,94.95,10,10,0,19555,0,0.02,94.9,94.95,94.9,0,2629,94.935,209337,0,0,"",0
"2023-02-22","BAXU23","BAX","BAX","BAX",0,"2023-09-18",0,1,0,94.98,0,5,0,15512,0,0.035,94.885,94.935,94.875,0,2625,94.915,163305,0,0,"",0
"2023-02-22","BAXZ23","BAX","BAX","BAX",0,"2023-12-18",0,1,95.03,95.04,56,25,0,13572,0,0.045,95.005,95.06,94.995,0,2545,95.035,128686,0,0,"",0
"2023-02-22","BAXH24","BAX","BAX","BAX",0,"2024-03-18",0,1,95.3,95.36,9,100,0,5932,0,0.03,95.29,95.35,95.28,0,1054,95.33,90214,0,0,"",0
"2023-02-22","BAXM24","BAX","BAX","BAX",0,"2024-06-17",0,1,0,96.18,0,1,0,6694,0,0.04,95.66,95.71,95.64,0,1115,95.69,86403,0,0,"",0
"2023-02-22","BAXU24","BAX","BAX","BAX",0,"2024-09-18",0,1,95.97,0,49,0,0,5199,0,0.05,95.97,96.02,95.95,0,637,96,34429,0,0,"",0
"2023-02-22","BAXZ24","BAX","BAX","BAX",0,"2024-12-18",0,1,96.2,96.25,100,4,0,3037,0,0.05,96.19,96.25,96.17,0,576,96.23,24427,0,0,"",0
"2023-02-22","BAXH25","BAX","BAX","BAX",0,"2025-03-19",0,1,0,0,0,0,0,434,0,0.03,96.35,96.4,96.33,0,86,96.39,2953,0,0,"",0
"2023-02-22","BAXM25","BAX","BAX","BAX",0,"2025-06-18",0,1,0,97.7,0,1,0,20,0,0,0,0,0,0,3,96.5,1105,0,0,"",0
"2023-02-22","BAXU25","BAX","BAX","BAX",0,"2025-09-17",0,1,0,96.59,0,5,0,4,0,0.02,96.55,96.55,96.55,0,3,96.57,785,0,0,"",0
"2023-02-22","BAXZ25","BAX","BAX","BAX",0,"2025-12-17",0,1,96.5,97.75,1,1,0,0,0,0,0,0,0,0,0,96.59,4,0,0,"",0
"2023-02-23","BAXH23","BAX","BAX","BAX",0,"2023-03-13",0,1,94.99,95,877,1324,0,14731,0,-0.005,94.995,95.005,94.99,0,1093,95,182883,0,0,"",0
"2023-02-23","BAXJ23","BAX","BAX","BAX",0,"2023-04-17",0,1,0,0,0,0,0,0,0,0,0,0,0,0,0,95.06,0,0,0,"",0
"2023-02-23","BAXK23","BAX","BAX","BAX",0,"2023-05-15",0,1,0,0,0,0,0,0,0,0,0,0,0,0,0,94.965,0,0,0,"",0
"2023-02-23","BAXM23","BAX","BAX","BAX",0,"2023-06-19",0,1,94.935,94.945,35,25,0,8726,0,0.005,94.925,94.95,94.91,0,1199,94.94,184850,0,0,"",0
"2023-02-23","BAXU23","BAX","BAX","BAX",0,"2023-09-18",0,1,94.925,94.935,50,14,0,11610,0,0.01,94.9,94.945,94.885,0,2180,94.93,147861,0,0,"",0
"2023-02-23","BAXZ23","BAX","BAX","BAX",0,"2023-12-18",0,1,94.75,95.03,3,20,0,12250,0,-0.01,95.02,95.07,94.99,0,2514,95.035,101507,0,0,"",0
"2023-02-23","BAXH24","BAX","BAX","BAX",0,"2024-03-18",0,1,95.29,95.32,100,100,0,12854,0,-0.02,95.31,95.34,95.28,0,1913,95.32,69677,0,0,"",0
"2023-02-23","BAXM24","BAX","BAX","BAX",0,"2024-06-17",0,1,0,95.71,0,20,0,14827,0,0,95.66,95.72,95.64,0,2215,95.7,67308,0,0,"",0
"2023-02-23","BAXU24","BAX","BAX","BAX",0,"2024-09-18",0,1,96,0,26,0,0,5448,0,0,95.97,96.03,95.96,0,708,96.01,24052,0,0,"",0
"2023-02-23","BAXZ24","BAX","BAX","BAX",0,"2024-12-18",0,1,96.23,96.26,25,2,0,2720,0,0.01,96.19,96.26,96.19,0,536,96.24,19758,0,0,"",0
"2023-02-23","BAXH25","BAX","BAX","BAX",0,"2025-03-19",0,1,0,0,0,0,0,417,0,-0.02,96.39,96.4,96.34,0,77,96.39,2736,0,0,"",0
"2023-02-23","BAXM25","BAX","BAX","BAX",0,"2025-06-18",0,1,0,97.7,0,1,0,7,0,0,0,0,0,0,2,96.49,1012,0,0,"",0
"2023-02-23","BAXU25","BAX","BAX","BAX",0,"2025-09-17",0,1,96.49,0,25,0,0,3,0,0,0,0,0,0,1,96.56,785,0,0,"",0
"2023-02-23","BAXZ25","BAX","BAX","BAX",0,"2025-12-17",0,1,96.5,97.75,1,1,0,0,0,0,0,0,0,0,0,96.58,4,0,0,"",0
"2023-02-24","BAXH23","BAX","BAX","BAX",0,"2023-03-13",0,1,94.985,94.99,16,698,0,6330,0,-0.01,94.995,94.995,94.975,0,651,94.985,169059,0,0,"",0
"2023-02-24","BAXJ23","BAX","BAX","BAX",0,"2023-04-17",0,1,0,0,0,0,0,0,0,0,0,0,0,0,0,95.045,0,0,0,"",0
"2023-02-24","BAXK23","BAX","BAX","BAX",0,"2023-05-15",0,1,0,0,0,0,0,0,0,0,0,0,0,0,0,94.95,0,0,0,"",0
"2023-02-24","BAXM23","BAX","BAX","BAX",0,"2023-06-19",0,1,94.89,94.9,50,5,0,19691,0,-0.04,94.95,94.95,94.885,0,2451,94.91,185539,0,0,"",0
"2023-02-24","BAXU23","BAX","BAX","BAX",0,"2023-09-18",0,1,94.865,94.875,6,3,0,15740,0,-0.065,94.935,94.935,94.86,0,3071,94.88,154025,0,0,"",0
"2023-02-24","BAXZ23","BAX","BAX","BAX",0,"2023-12-18",0,1,94.9,94.94,100,30,0,15764,0,-0.115,95.04,95.04,94.92,0,3586,94.945,103900,0,0,"",0
"2023-02-24","BAXH24","BAX","BAX","BAX",0,"2024-03-18",0,1,0,95.18,0,80,0,6631,0,-0.13,95.33,95.33,95.16,0,1431,95.19,68365,0,0,"",0
"2023-02-24","BAXM24","BAX","BAX","BAX",0,"2024-06-17",0,1,95.52,95.55,22,25,0,6646,0,-0.17,95.71,95.71,95.52,0,1537,95.56,70568,0,0,"",0
"2023-02-24","BAXU24","BAX","BAX","BAX",0,"2024-09-18",0,1,0,95.85,0,95,0,2784,0,-0.16,96.01,96.02,95.83,0,632,95.87,26693,0,0,"",0
"2023-02-24","BAXZ24","BAX","BAX","BAX",0,"2024-12-18",0,1,95.99,0,50,0,0,2174,0,-0.12,96.24,96.24,96.07,0,550,96.1,20281,0,0,"",0
"2023-02-24","BAXH25","BAX","BAX","BAX",0,"2025-03-19",0,1,96.14,96.27,30,30,0,403,0,-0.16,96.35,96.36,96.23,0,80,96.25,2884,0,0,"",0
"2023-02-24","BAXM25","BAX","BAX","BAX",0,"2025-06-18",0,1,0,96.41,0,20,0,131,0,0,0,0,0,0,7,96.35,1010,0,0,"",0
"2023-02-24","BAXU25","BAX","BAX","BAX",0,"2025-09-17",0,1,0,96.51,0,20,0,56,0,0,0,0,0,0,3,96.42,783,0,0,"",0
"2023-02-24","BAXZ25","BAX","BAX","BAX",0,"2025-12-17",0,1,96.5,96.6,1,20,0,0,0,0,0,0,0,0,0,96.44,4,0,0,"",0
"2023-02-27","BAXH23","BAX","BAX","BAX",0,"2023-03-13",0,1,94.975,94.98,641,673,0,10335,0,-0.005,94.985,94.99,94.97,0,660,94.98,163105,0,0,"",0
"2023-02-27","BAXJ23","BAX","BAX","BAX",0,"2023-04-17",0,1,0,0,0,0,0,0,0,0,0,0,0,0,0,95.04,0,0,0,"",0
"2023-02-27","BAXK23","BAX","BAX","BAX",0,"2023-05-15",0,1,0,0,0,0,0,0,0,0,0,0,0,0,0,94.945,0,0,0,"",0
"2023-02-27","BAXM23","BAX","BAX","BAX",0,"2023-06-19",0,1,94.86,94.87,102,240,0,17840,0,-0.045,94.895,94.905,94.835,0,1850,94.885,186760,0,0,"",0
"2023-02-27","BAXU23","BAX","BAX","BAX",0,"2023-09-18",0,1,94.845,94.855,25,154,0,11407,0,-0.025,94.87,94.88,94.79,0,2349,94.86,147941,0,0,"",0
"2023-02-27","BAXZ23","BAX","BAX","BAX",0,"2023-12-18",0,1,94.93,94.945,4,10,0,15499,0,-0.01,94.935,94.95,94.845,0,3495,94.935,108355,0,0,"",0
"2023-02-27","BAXH24","BAX","BAX","BAX",0,"2024-03-18",0,1,0,95.18,0,140,0,6887,0,-0.01,95.17,95.2,95.08,0,1644,95.18,62991,0,0,"",0
"2023-02-27","BAXM24","BAX","BAX","BAX",0,"2024-06-17",0,1,95.46,96.08,5,1,0,9638,0,-0.02,95.54,95.56,95.44,0,1582,95.54,66151,0,0,"",0
"2023-02-27","BAXU24","BAX","BAX","BAX",0,"2024-09-18",0,1,0,0,0,0,0,3155,0,0,95.86,95.89,95.78,0,561,95.87,27581,0,0,"",0
"2023-02-27","BAXZ24","BAX","BAX","BAX",0,"2024-12-18",0,1,0,0,0,0,0,3503,0,0.02,96.13,96.14,96.04,0,1019,96.11,21185,0,0,"",0
"2023-02-27","BAXH25","BAX","BAX","BAX",0,"2025-03-19",0,1,96.27,96.3,1,8,0,229,0,0.04,96.23,96.29,96.2,0,27,96.27,3013,0,0,"",0
"2023-02-27","BAXM25","BAX","BAX","BAX",0,"2025-06-18",0,1,0,97.7,0,1,0,72,0,0,0,0,0,0,6,96.37,1016,0,0,"",0
"2023-02-27","BAXU25","BAX","BAX","BAX",0,"2025-09-17",0,1,0,0,0,0,0,3,0,0,0,0,0,0,1,96.44,786,0,0,"",0
"2023-02-27","BAXZ25","BAX","BAX","BAX",0,"2025-12-17",0,1,96.5,97.75,1,1,0,0,0,0,0,0,0,0,0,96.46,4,0,0,"",0
"2023-02-28","BAXH23","BAX","BAX","BAX",0,"2023-03-13",0,1,94.995,95,101,355,0,21156,0,0.02,94.98,95,94.97,0,991,94.995,157941,0,0,"",0
"2023-02-28","BAXJ23","BAX","BAX","BAX",0,"2023-04-17",0,1,0,0,0,0,0,0,0,0,0,0,0,0,0,95.055,0,0,0,"",0
"2023-02-28","BAXK23","BAX","BAX","BAX",0,"2023-05-15",0,1,0,0,0,0,0,0,0,0,0,0,0,0,0,94.96,0,0,0,"",0
"2023-02-28","BAXM23","BAX","BAX","BAX",0,"2023-06-19",0,1,94.925,94.935,40,10,0,17425,0,0.04,94.865,94.94,94.855,0,1822,94.91,171993,0,0,"",0
"2023-02-28","BAXU23","BAX","BAX","BAX",0,"2023-09-18",0,1,94.89,95.27,10,2,0,14491,0,0.065,94.845,94.93,94.82,0,3059,94.905,137524,0,0,"",0
"2023-02-28","BAXZ23","BAX","BAX","BAX",0,"2023-12-18",0,1,94.97,95.98,50,250,0,17522,0,0.08,94.92,95.025,94.895,0,3187,94.99,102931,0,0,"",0
"2023-02-28","BAXH24","BAX","BAX","BAX",0,"2024-03-18",0,1,95.25,95.63,30,100,0,8176,0,0.08,95.16,95.27,95.13,0,1471,95.23,60233,0,0,"",0
"2023-02-28","BAXM24","BAX","BAX","BAX",0,"2024-06-17",0,1,95.61,95.63,30,10,0,4923,0,0.07,95.52,95.63,95.49,0,1286,95.59,52154,0,0,"",0
"2023-02-28","BAXU24","BAX","BAX","BAX",0,"2024-09-18",0,1,95.92,0,10,0,0,4625,0,0.08,95.83,95.96,95.83,0,964,95.92,23843,0,0,"",0
"2023-02-28","BAXZ24","BAX","BAX","BAX",0,"2024-12-18",0,1,0,0,0,0,0,2972,0,0.09,96.08,96.2,96.08,0,589,96.18,18577,0,0,"",0
"2023-02-28","BAXH25","BAX","BAX","BAX",0,"2025-03-19",0,1,96.34,96.4,10,2,0,92,0,0.08,96.26,96.35,96.25,0,30,96.34,2547,0,0,"",0
"2023-02-28","BAXM25","BAX","BAX","BAX",0,"2025-06-18",0,1,0,97.7,0,1,0,7,0,0.09,96.46,96.46,96.46,0,2,96.44,1026,0,0,"",0
"2023-02-28","BAXU25","BAX","BAX","BAX",0,"2025-09-17",0,1,0,0,0,0,0,0,0,0,0,0,0,0,0,96.51,789,0,0,"",0
"2023-02-28","BAXZ25","BAX","BAX","BAX",0,"2025-12-17",0,1,96.5,97.75,1,1,0,0,0,0,0,0,0,0,0,96.53,4,0,0,"",0
"2023-03-01","BAXH23","BAX","BAX","BAX",0,"2023-03-13",0,1,94.99,94.995,580,1145,0,18306,0,0,94.995,95.005,94.985,0,949,94.99,159606,0,0,"",0
"2023-03-01","BAXJ23","BAX","BAX","BAX",0,"2023-04-17",0,1,0,0,0,0,0,0,0,0,0,0,0,0,0,95.05,0,0,0,"",0
"2023-03-01","BAXK23","BAX","BAX","BAX",0,"2023-05-15",0,1,0,0,0,0,0,0,0,0,0,0,0,0,0,94.955,0,0,0,"",0
"2023-03-01","BAXM23","BAX","BAX","BAX",0,"2023-06-19",0,1,94.9,94.915,320,105,0,19112,0,0,94.92,94.935,94.895,0,2784,94.91,170827,0,0,"",0
"2023-03-01","BAXU23","BAX","BAX","BAX",0,"2023-09-18",0,1,94.88,94.89,100,186,0,14773,0,-0.02,94.905,94.925,94.87,0,2891,94.89,139215,0,0,"",0
"2023-03-01","BAXZ23","BAX","BAX","BAX",0,"2023-12-18",0,1,94.94,94.95,41,20,0,16322,0,-0.045,94.985,95.015,94.935,0,3175,94.945,104378,0,0,"",0
"2023-03-01","BAXH24","BAX","BAX","BAX",0,"2024-03-18",0,1,0,95.17,0,10,0,5737,0,-0.08,95.21,95.24,95.13,0,1745,95.15,60237,0,0,"",0
"2023-03-01","BAXM24","BAX","BAX","BAX",0,"2024-06-17",0,1,95.45,95.48,4,1,0,5878,0,-0.12,95.57,95.6,95.45,0,1376,95.48,49011,0,0,"",0
"2023-03-01","BAXU24","BAX","BAX","BAX",0,"2024-09-18",0,1,95.79,95.8,1,10,0,5122,0,-0.13,95.89,95.92,95.77,0,1132,95.8,25268,0,0,"",0
"2023-03-01","BAXZ24","BAX","BAX","BAX",0,"2024-12-18",0,1,96.03,96.06,25,10,0,2553,0,-0.13,96.18,96.19,96.04,0,836,96.06,21110,0,0,"",0
"2023-03-01","BAXH25","BAX","BAX","BAX",0,"2025-03-19",0,1,96.2,96.24,20,22,0,390,0,-0.11,96.31,96.32,96.2,0,105,96.23,2499,0,0,"",0
"2023-03-01","BAXM25","BAX","BAX","BAX",0,"2025-06-18",0,1,0,97.7,0,1,0,17,0,-0.1,96.41,96.41,96.34,0,5,96.33,876,0,0,"",0
"2023-03-01","BAXU25","BAX","BAX","BAX",0,"2025-09-17",0,1,0,0,0,0,0,1,0,-0.13,96.38,96.38,96.38,0,1,96.4,745,0,0,"",0
"2023-03-01","BAXZ25","BAX","BAX","BAX",0,"2025-12-17",0,1,0,97.75,0,1,0,1,0,-0.03,96.5,96.5,96.5,0,1,96.42,4,0,0,"",0
"2023-03-02","BAXH23","BAX","BAX","BAX",0,"2023-03-13",0,1,94.98,94.99,1215,3118,0,14773,0,-0.005,94.99,94.995,94.98,0,972,94.985,163797,0,0,"",0
"2023-03-02","BAXJ23","BAX","BAX","BAX",0,"2023-04-17",0,1,0,0,0,0,0,0,0,0,0,0,0,0,0,95.045,0,0,0,"",0
"2023-03-02","BAXK23","BAX","BAX","BAX",0,"2023-05-15",0,1,0,0,0,0,0,0,0,0,0,0,0,0,0,94.95,0,0,0,"",0
"2023-03-02","BAXM23","BAX","BAX","BAX",0,"2023-06-19",0,1,94.915,94.92,81,77,0,19838,0,0.01,94.9,94.925,94.88,0,2471,94.92,174796,0,0,"",0
"2023-03-02","BAXU23","BAX","BAX","BAX",0,"2023-09-18",0,1,94.875,94.9,612,197,0,17803,0,0.005,94.86,94.9,94.845,0,3321,94.895,143962,0,0,"",0
"2023-03-02","BAXZ23","BAX","BAX","BAX",0,"2023-12-18",0,1,94.95,94.96,20,66,0,18231,0,0.01,94.915,94.96,94.9,0,3267,94.945,110181,0,0,"",0
"2023-03-02","BAXH24","BAX","BAX","BAX",0,"2024-03-18",0,1,95.13,95.63,7,100,0,7166,0,-0.01,95.11,95.16,95.09,0,2390,95.13,62098,0,0,"",0
"2023-03-02","BAXM24","BAX","BAX","BAX",0,"2024-06-17",0,1,95.41,95.43,10,1,0,5619,0,-0.05,95.43,95.47,95.39,0,1354,95.43,50688,0,0,"",0
"2023-03-02","BAXU24","BAX","BAX","BAX",0,"2024-09-18",0,1,95.7,95.74,60,10,0,5478,0,-0.07,95.79,95.79,95.7,0,993,95.73,26211,0,0,"",0
"2023-03-02","BAXZ24","BAX","BAX","BAX",0,"2024-12-18",0,1,95.97,95.99,20,10,0,4474,0,-0.1,95.99,96.04,95.95,0,903,95.99,22342,0,0,"",0
"2023-03-02","BAXH25","BAX","BAX","BAX",0,"2025-03-19",0,1,0,0,0,0,0,216,0,-0.08,96.2,96.2,96.13,0,50,96.16,2696,0,0,"",0
"2023-03-02","BAXM25","BAX","BAX","BAX",0,"2025-06-18",0,1,0,97.7,0,1,0,6,0,0,0,0,0,0,1,96.26,887,0,0,"",0
"2023-03-02","BAXU25","BAX","BAX","BAX",0,"2025-09-17",0,1,0,0,0,0,0,0,0,0,0,0,0,0,0,96.33,745,0,0,"",0
"2023-03-02","BAXZ25","BAX","BAX","BAX",0,"2025-12-17",0,1,0,97.75,0,1,0,0,0,0,0,0,0,0,0,96.35,3,0,0,"",0
"2023-03-03","BAXH23","BAX","BAX","BAX",0,"2023-03-13",0,1,94.99,94.995,245,260,0,14900,0,0.01,94.985,95,94.985,0,1148,94.99,163977,0,0,"",0
"2023-03-03","BAXJ23","BAX","BAX","BAX",0,"2023-04-17",0,1,0,0,0,0,0,0,0,0,0,0,0,0,0,95.05,0,0,0,"",0
"2023-03-03","BAXK23","BAX","BAX","BAX",0,"2023-05-15",0,1,0,0,0,0,0,0,0,0,0,0,0,0,0,94.955,0,0,0,"",0
"2023-03-03","BAXM23","BAX","BAX","BAX",0,"2023-06-19",0,1,94.975,94.98,33,25,0,27894,0,0.055,94.925,94.99,94.905,0,3776,94.985,175966,0,0,"",0
"2023-03-03","BAXU23","BAX","BAX","BAX",0,"2023-09-18",0,1,94.95,94.985,1,100,0,17035,0,0.085,94.905,94.99,94.89,0,3567,94.975,151820,0,0,"",0
"2023-03-03","BAXZ23","BAX","BAX","BAX",0,"2023-12-18",0,1,95.04,95.06,23,100,0,16055,0,0.095,94.965,95.05,94.95,0,3775,95.04,115698,0,0,"",0
"2023-03-03","BAXH24","BAX","BAX","BAX",0,"2024-03-18",0,1,95.19,95.23,50,45,0,6622,0,0.1,95.14,95.24,95.13,0,1870,95.22,64552,0,0,"",0
"2023-03-03","BAXM24","BAX","BAX","BAX",0,"2024-06-17",0,1,95.48,95.54,91,10,0,8640,0,0.09,95.43,95.52,95.42,0,1956,95.51,52282,0,0,"",0
"2023-03-03","BAXU24","BAX","BAX","BAX",0,"2024-09-18",0,1,95.83,0,1,0,0,3426,0,0.1,95.74,95.83,95.73,0,733,95.82,26222,0,0,"",0
"2023-03-03","BAXZ24","BAX","BAX","BAX",0,"2024-12-18",0,1,96.09,96.12,25,100,0,5243,0,0.12,95.99,96.11,95.97,0,1049,96.08,24482,0,0,"",0
"2023-03-03","BAXH25","BAX","BAX","BAX",0,"2025-03-19",0,1,0,96.31,0,30,0,302,0,0.12,96.15,96.28,96.15,0,53,96.26,2797,0,0,"",0
"2023-03-03","BAXM25","BAX","BAX","BAX",0,"2025-06-18",0,1,0,97.7,0,1,0,72,0,0.12,96.38,96.38,96.38,0,6,96.36,893,0,0,"",0
"2023-03-03","BAXU25","BAX","BAX","BAX",0,"2025-09-17",0,1,0,0,0,0,0,23,0,0,0,0,0,0,2,96.43,745,0,0,"",0
"2023-03-03","BAXZ25","BAX","BAX","BAX",0,"2025-12-17",0,1,0,97.75,0,1,0,0,0,0,0,0,0,0,0,96.45,3,0,0,"",0
"2023-03-06","BAXH23","BAX","BAX","BAX",0,"2023-03-13",0,1,94.99,94.995,750,102,0,14381,0,0.005,94.995,95,94.985,0,812,94.99,165245,0,0,"",0
"2023-03-06","BAXJ23","BAX","BAX","BAX",0,"2023-04-17",0,1,0,0,0,0,0,0,0,0,0,0,0,0,0,95.05,0,0,0,"",0
"2023-03-06","BAXK23","BAX","BAX","BAX",0,"2023-05-15",0,1,0,0,0,0,0,0,0,0,0,0,0,0,0,94.955,0,0,0,"",0
"2023-03-06","BAXM23","BAX","BAX","BAX",0,"2023-06-19",0,1,94.96,94.965,918,159,0,37855,0,-0.02,94.965,95.035,94.96,0,3808,94.965,189625,0,0,"",0
"2023-03-06","BAXU23","BAX","BAX","BAX",0,"2023-09-18",0,1,94.925,94.935,100,46,0,19259,0,-0.045,94.99,95.045,94.92,0,2893,94.93,154763,0,0,"",0
"2023-03-06","BAXZ23","BAX","BAX","BAX",0,"2023-12-18",0,1,94.985,95.035,30,5,0,12735,0,-0.05,95.065,95.125,94.97,0,2759,94.985,118187,0,0,"",0
"2023-03-06","BAXH24","BAX","BAX","BAX",0,"2024-03-18",0,1,95.15,95.17,53,40,0,7230,0,-0.06,95.26,95.32,95.14,0,2074,95.15,65719,0,0,"",0
"2023-03-06","BAXM24","BAX","BAX","BAX",0,"2024-06-17",0,1,95.44,95.47,100,40,0,9543,0,-0.05,95.55,95.59,95.44,0,1644,95.44,55156,0,0,"",0
"2023-03-06","BAXU24","BAX","BAX","BAX",0,"2024-09-18",0,1,95.77,95.8,200,170,0,5025,0,-0.03,95.87,95.87,95.77,0,725,95.77,27851,0,0,"",0
"2023-03-06","BAXZ24","BAX","BAX","BAX",0,"2024-12-18",0,1,96.04,0,8,0,0,3113,0,-0.02,96.14,96.14,96.04,0,784,96.04,25774,0,0,"",0
"2023-03-06","BAXH25","BAX","BAX","BAX",0,"2025-03-19",0,1,0,0,0,0,0,236,0,-0.04,96.26,96.28,96.22,0,84,96.22,2967,0,0,"",0
"2023-03-06","BAXM25","BAX","BAX","BAX",0,"2025-06-18",0,1,0,97.7,0,1,0,1,0,0,0,0,0,0,1,96.32,899,0,0,"",0
"2023-03-06","BAXU25","BAX","BAX","BAX",0,"2025-09-17",0,1,0,0,0,0,0,0,0,0,0,0,0,0,0,96.39,745,0,0,"",0
"2023-03-06","BAXZ25","BAX","BAX","BAX",0,"2025-12-17",0,1,0,97.75,0,1,0,0,0,0,0,0,0,0,0,96.41,3,0,0,"",0
"2023-03-07","BAXH23","BAX","BAX","BAX",0,"2023-03-13",0,1,94.965,94.98,97,75,0,24610,0,-0.02,94.99,95.005,94.965,0,1230,94.975,167581,0,0,"",0
"2023-03-07","BAXJ23","BAX","BAX","BAX",0,"2023-04-17",0,1,0,0,0,0,0,0,0,0,0,0,0,0,0,95.035,0,0,0,"",0
"2023-03-07","BAXK23","BAX","BAX","BAX",0,"2023-05-15",0,1,0,0,0,0,0,0,0,0,0,0,0,0,0,94.94,0,0,0,"",0
"2023-03-07","BAXM23","BAX","BAX","BAX",0,"2023-06-19",0,1,94.895,94.925,172,30,0,40110,0,-0.065,94.965,94.985,94.885,0,5017,94.9,208665,0,0,"",0
"2023-03-07","BAXU23","BAX","BAX","BAX",0,"2023-09-18",0,1,94.825,94.84,10,150,0,24884,0,-0.1,94.935,94.96,94.81,0,4870,94.825,160026,0,0,"",0
"2023-03-07","BAXZ23","BAX","BAX","BAX",0,"2023-12-18",0,1,94.885,94.9,100,104,0,23043,0,-0.09,95,95.02,94.88,0,4330,94.885,120125,0,0,"",0
"2023-03-07","BAXH24","BAX","BAX","BAX",0,"2024-03-18",0,1,95.07,95.11,41,23,0,16251,0,-0.04,95.18,95.19,95.08,0,3389,95.08,66844,0,0,"",0
"2023-03-07","BAXM24","BAX","BAX","BAX",0,"2024-06-17",0,1,95.39,95.42,10,10,0,11874,0,-0.05,95.47,95.5,95.37,0,2736,95.38,55558,0,0,"",0
"2023-03-07","BAXU24","BAX","BAX","BAX",0,"2024-09-18",0,1,0,95.78,0,3,0,6856,0,-0.04,95.83,95.85,95.72,0,1370,95.71,28855,0,0,"",0
"2023-03-07","BAXZ24","BAX","BAX","BAX",0,"2024-12-18",0,1,96,96.02,11,15,0,3753,0,-0.03,96.09,96.11,95.99,0,632,95.99,26433,0,0,"",0
"2023-03-07","BAXH25","BAX","BAX","BAX",0,"2025-03-19",0,1,0,0,0,0,0,669,0,-0.05,96.28,96.28,96.17,0,83,96.17,3010,0,0,"",0
"2023-03-07","BAXM25","BAX","BAX","BAX",0,"2025-06-18",0,1,95.5,97.7,1,1,0,132,0,-0.03,96.32,96.32,96.29,0,14,96.27,878,0,0,"",0
"2023-03-07","BAXU25","BAX","BAX","BAX",0,"2025-09-17",0,1,0,97,0,1,0,7,0,0,0,0,0,0,5,96.34,745,0,0,"",0
"2023-03-07","BAXZ25","BAX","BAX","BAX",0,"2025-12-17",0,1,95.5,97.75,1,1,0,0,0,0,0,0,0,0,0,96.36,3,0,0,"",0
"2023-03-08","BAXH23","BAX","BAX","BAX",0,"2023-03-13",0,1,94.975,94.98,1133,410,0,32363,0,0.005,94.965,94.995,94.945,0,1809,94.975,174247,0,0,"",0
"2023-03-08","BAXJ23","BAX","BAX","BAX",0,"2023-04-17",0,1,0,0,0,0,0,0,0,0,0,0,0,0,0,95.035,0,0,0,"",0
"2023-03-08","BAXK23","BAX","BAX","BAX",0,"2023-05-15",0,1,0,0,0,0,0,0,0,0,0,0,0,0,0,94.94,0,0,0,"",0
"2023-03-08","BAXM23","BAX","BAX","BAX",0,"2023-06-19",0,1,94.895,94.915,265,5,0,36668,0,0.005,94.9,94.955,94.85,0,3722,94.9,219562,0,0,"",0
"2023-03-08","BAXU23","BAX","BAX","BAX",0,"2023-09-18",0,1,94.8,94.885,100,100,0,25686,0,0,94.82,94.905,94.76,0,4252,94.805,166236,0,0,"",0
"2023-03-08","BAXZ23","BAX","BAX","BAX",0,"2023-12-18",0,1,94.865,94.9,20,100,0,21414,0,-0.01,94.885,94.975,94.825,0,4192,94.855,130010,0,0,"",0
"2023-03-08","BAXH24","BAX","BAX","BAX",0,"2024-03-18",0,1,95.08,95.15,66,50,0,14126,0,0.01,95.09,95.18,95.03,0,2396,95.06,71997,0,0,"",0
"2023-03-08","BAXM24","BAX","BAX","BAX",0,"2024-06-17",0,1,95.4,95.42,211,10,0,11202,0,0.04,95.38,95.48,95.33,0,1956,95.38,56674,0,0,"",0
"2023-03-08","BAXU24","BAX","BAX","BAX",0,"2024-09-18",0,1,95.76,0,30,0,0,9722,0,0.07,95.73,95.81,95.67,0,1280,95.73,31097,0,0,"",0
"2023-03-08","BAXZ24","BAX","BAX","BAX",0,"2024-12-18",0,1,96.05,96.09,20,25,0,5088,0,0.08,95.96,96.1,95.95,0,754,96.03,27366,0,0,"",0
"2023-03-08","BAXH25","BAX","BAX","BAX",0,"2025-03-19",0,1,0,96.28,0,17,0,638,0,0.11,96.16,96.28,96.13,0,146,96.23,2977,0,0,"",0
"2023-03-08","BAXM25","BAX","BAX","BAX",0,"2025-06-18",0,1,96.39,97.7,20,1,0,52,0,0.13,96.4,96.4,96.4,0,10,96.35,845,0,0,"",0
"2023-03-08","BAXU25","BAX","BAX","BAX",0,"2025-09-17",0,1,96.48,97,6,1,0,6,0,0.15,96.49,96.49,96.49,0,5,96.42,749,0,0,"",0
"2023-03-08","BAXZ25","BAX","BAX","BAX",0,"2025-12-17",0,1,95.5,97.75,1,1,0,0,0,0,0,0,0,0,0,96.44,3,0,0,"",0
"2023-03-09","BAXH23","BAX","BAX","BAX",0,"2023-03-13",0,1,94.98,94.985,1404,302,0,21486,0,0.005,94.98,94.985,94.975,0,1044,94.98,163471,0,0,"",0
"2023-03-09","BAXJ23","BAX","BAX","BAX",0,"2023-04-17",0,1,0,0,0,0,0,0,0,0,0,0,0,0,0,95.04,0,0,0,"",0
"2023-03-09","BAXK23","BAX","BAX","BAX",0,"2023-05-15",0,1,0,0,0,0,0,0,0,0,0,0,0,0,0,94.945,0,0,0,"",0
"2023-03-09","BAXM23","BAX","BAX","BAX",0,"2023-06-19",0,1,94.95,94.96,70,95,0,28116,0,0.055,94.91,94.965,94.895,0,2817,94.925,194992,0,0,"",0
"2023-03-09","BAXU23","BAX","BAX","BAX",0,"2023-09-18",0,1,94.875,94.95,179,200,0,21982,0,0.085,94.82,94.9,94.805,0,3609,94.845,147821,0,0,"",0
"2023-03-09","BAXZ23","BAX","BAX","BAX",0,"2023-12-18",0,1,94.98,95.04,5,14,0,21962,0,0.13,94.87,94.995,94.855,0,4203,94.93,108124,0,0,"",0
"2023-03-09","BAXH24","BAX","BAX","BAX",0,"2024-03-18",0,1,95.24,95.26,5,7,0,20382,0,0.2,95.08,95.26,95.07,0,3855,95.19,66880,0,0,"",0
"2023-03-09","BAXM24","BAX","BAX","BAX",0,"2024-06-17",0,1,95.6,95.66,5,105,0,15529,0,0.24,95.41,95.62,95.4,0,2732,95.56,52611,0,0,"",0
"2023-03-09","BAXU24","BAX","BAX","BAX",0,"2024-09-18",0,1,95.98,0,58,0,0,10879,0,0.28,95.76,96.01,95.75,0,1670,95.95,30159,0,0,"",0
"2023-03-09","BAXZ24","BAX","BAX","BAX",0,"2024-12-18",0,1,96.05,96.32,20,25,0,4866,0,0.28,96.05,96.33,96.04,0,831,96.26,23580,0,0,"",0
"2023-03-09","BAXH25","BAX","BAX","BAX",0,"2025-03-19",0,1,96.49,0,15,0,0,1024,0,0.28,96.25,96.51,96.25,0,126,96.46,2929,0,0,"",0
"2023-03-09","BAXM25","BAX","BAX","BAX",0,"2025-06-18",0,1,96.39,97.7,18,1,0,107,0,0.04,96.39,96.39,96.39,0,9,96.58,802,0,0,"",0
"2023-03-09","BAXU25","BAX","BAX","BAX",0,"2025-09-17",0,1,96.45,97,10,1,0,0,0,0,0,0,0,0,0,96.65,748,0,0,"",0
"2023-03-09","BAXZ25","BAX","BAX","BAX",0,"2025-12-17",0,1,96.56,97.75,10,1,0,0,0,0,0,0,0,0,0,96.67,3,0,0,"",0
"2023-03-10","BAXH23","BAX","BAX","BAX",0,"2023-03-13",0,1,94.975,94.985,3783,1499,0,21926,0,0,94.99,94.99,94.965,0,1397,94.98,165345,0,0,"",0
"2023-03-10","BAXJ23","BAX","BAX","BAX",0,"2023-04-17",0,1,0,0,0,0,0,0,0,0,0,0,0,0,0,95.04,0,0,0,"",0
"2023-03-10","BAXK23","BAX","BAX","BAX",0,"2023-05-15",0,1,0,0,0,0,0,0,0,0,0,0,0,0,0,94.945,0,0,0,"",0
"2023-03-10","BAXM23","BAX","BAX","BAX",0,"2023-06-19",0,1,95.06,95.07,100,181,0,54835,0,0.14,94.98,95.095,94.925,0,7085,95.055,202953,0,0,"",0
"2023-03-10","BAXU23","BAX","BAX","BAX",0,"2023-09-18",0,1,95.03,95.08,25,58,0,39836,0,0.23,94.94,95.09,94.875,0,8977,95.065,155940,0,0,"",0
"2023-03-10","BAXZ23","BAX","BAX","BAX",0,"2023-12-18",0,1,95.195,95.25,240,200,0,32129,0,0.305,95.055,95.235,94.965,0,8635,95.225,119394,0,0,"",0
"2023-03-10","BAXH24","BAX","BAX","BAX",0,"2024-03-18",0,1,95.53,0,30,0,0,20932,0,0.36,95.34,95.55,95.22,0,6104,95.53,80165,0,0,"",0
"2023-03-10","BAXM24","BAX","BAX","BAX",0,"2024-06-17",0,1,95.93,95.99,84,5,0,24054,0,0.37,95.71,95.94,95.59,0,6754,95.9,63539,0,0,"",0
"2023-03-10","BAXU24","BAX","BAX","BAX",0,"2024-09-18",0,1,96.27,0,30,0,0,19018,0,0.34,96.11,96.29,95.98,0,3904,96.27,35117,0,0,"",0
"2023-03-10","BAXZ24","BAX","BAX","BAX",0,"2024-12-18",0,1,0,96.55,0,2,0,8506,0,0.29,96.4,96.57,96.27,0,2041,96.56,25185,0,0,"",0
"2023-03-10","BAXH25","BAX","BAX","BAX",0,"2025-03-19",0,1,96.7,0,17,0,0,1737,0,0.27,96.5,96.74,96.48,0,352,96.74,3262,0,0,"",0
"2023-03-10","BAXM25","BAX","BAX","BAX",0,"2025-06-18",0,1,95.5,97.7,1,1,0,144,0,0,0,0,0,0,18,96.85,866,0,0,"",0
"2023-03-10","BAXU25","BAX","BAX","BAX",0,"2025-09-17",0,1,0,97,0,1,0,60,0,0,0,0,0,0,9,96.92,748,0,0,"",0
"2023-03-10","BAXZ25","BAX","BAX","BAX",0,"2025-12-17",0,1,96.56,97.75,10,1,0,0,0,0,0,0,0,0,0,96.94,3,0,0,"",0
"2023-03-13","BAXH23","BAX","BAX","BAX",0,"2023-03-13",0,1,0,0,0,0,0,6839,0,0.04,94.985,95.05,94.98,0,1054,94.985,155063,0,0,"",0
"2023-03-13","BAXJ23","BAX","BAX","BAX",0,"2023-04-17",0,1,0,0,0,0,0,0,0,0,0,0,0,0,0,95.635,0,0,0,"",0
"2023-03-13","BAXK23","BAX","BAX","BAX",0,"2023-05-15",0,1,0,0,0,0,0,0,0,0,0,0,0,0,0,95.54,0,0,0,"",0
"2023-03-13","BAXM23","BAX","BAX","BAX",0,"2023-06-19",0,1,95.775,95.785,38,8,0,62837,0,0.72,95.155,96.025,95.115,0,14319,95.65,212620,0,0,"",0
"2023-03-13","BAXU23","BAX","BAX","BAX",0,"2023-09-18",0,1,95.92,95.925,32,2,0,56309,0,0.86,95.165,96.05,95.125,0,16369,95.845,156819,0,0,"",0
"2023-03-13","BAXZ23","BAX","BAX","BAX",0,"2023-12-18",0,1,95.65,96.3,161,5,0,53559,0,0.8,95.305,96.325,95.265,0,19189,95.965,118841,0,0,"",0
"2023-03-13","BAXH24","BAX","BAX","BAX",0,"2024-03-18",0,1,95.22,0,50,0,0,30393,0,0.63,95.62,96.47,95.57,0,11666,96.16,75569,0,0,"",0
"2023-03-13","BAXM24","BAX","BAX","BAX",0,"2024-06-17",0,1,96.33,96.36,50,2,0,29624,0,0.44,95.91,96.68,95.91,0,10995,96.35,65115,0,0,"",0
"2023-03-13","BAXU24","BAX","BAX","BAX",0,"2024-09-18",0,1,96.49,0,5,0,0,20169,0,0.27,96.4,96.87,96.27,0,7097,96.58,39854,0,0,"",0
"2023-03-13","BAXZ24","BAX","BAX","BAX",0,"2024-12-18",0,1,96.63,0,25,0,0,12807,0,0.11,96.65,97.04,96.53,0,4431,96.75,25971,0,0,"",0
"2023-03-13","BAXH25","BAX","BAX","BAX",0,"2025-03-19",0,1,0,0,0,0,0,4797,0,0.03,96.74,97.12,96.68,0,1467,96.9,4300,0,0,"",0
"2023-03-13","BAXM25","BAX","BAX","BAX",0,"2025-06-18",0,1,96.8,97.7,20,1,0,738,0,0.05,96.76,97.18,96.76,0,136,97.01,937,0,0,"",0
"2023-03-13","BAXU25","BAX","BAX","BAX",0,"2025-09-17",0,1,0,0,0,0,0,183,0,0.03,97,97.02,96.95,0,45,97.08,775,0,0,"",0
"2023-03-13","BAXZ25","BAX","BAX","BAX",0,"2025-12-17",0,1,96.56,97.75,10,1,0,25,0,0,0,0,0,0,1,97.1,3,0,0,"",0
"2023-03-14","BAXJ23","BAX","BAX","BAX",0,"2023-04-17",0,1,0,0,0,0,0,0,0,0,0,0,0,0,0,95.43,0,0,0,"",0
"2023-03-14","BAXK23","BAX","BAX","BAX",0,"2023-05-15",0,1,0,0,0,0,0,0,0,0,0,0,0,0,0,95.335,0,0,0,"",0
"2023-03-14","BAXM23","BAX","BAX","BAX",0,"2023-06-19",0,1,95.4,95.405,8,100,0,58178,0,-0.25,95.74,96.06,95.365,0,10055,95.445,210709,0,0,"",0
"2023-03-14","BAXU23","BAX","BAX","BAX",0,"2023-09-18",0,1,95.39,95.555,1,7,0,42263,0,-0.295,95.86,96.11,95.49,0,12274,95.595,162126,0,0,"",0
"2023-03-14","BAXZ23","BAX","BAX","BAX",0,"2023-12-18",0,1,95.56,95.73,50,194,0,30919,0,-0.27,95.985,96.185,95.605,0,9504,95.755,126245,0,0,"",0
"2023-03-14","BAXH24","BAX","BAX","BAX",0,"2024-03-18",0,1,95.91,95.925,7,29,0,12770,0,-0.24,96.2,96.3,95.8,0,5084,95.95,77044,0,0,"",0
"2023-03-14","BAXM24","BAX","BAX","BAX",0,"2024-06-17",0,1,0,96.13,0,30,0,12957,0,-0.23,96.42,96.45,96.03,0,3842,96.14,67620,0,0,"",0
"2023-03-14","BAXU24","BAX","BAX","BAX",0,"2024-09-18",0,1,0,96.34,0,50,0,8408,0,-0.24,96.62,96.62,96.28,0,3141,96.37,36035,0,0,"",0
"2023-03-14","BAXZ24","BAX","BAX","BAX",0,"2024-12-18",0,1,96.46,96.56,50,25,0,4796,0,-0.22,96.65,96.75,96.46,0,1803,96.54,29747,0,0,"",0
"2023-03-14","BAXH25","BAX","BAX","BAX",0,"2025-03-19",0,1,0,96.71,0,50,0,1452,0,-0.23,96.69,96.84,96.61,0,676,96.69,6728,0,0,"",0
"2023-03-14","BAXM25","BAX","BAX","BAX",0,"2025-06-18",0,1,95.5,97.7,1,1,0,165,0,-0.23,96.93,96.93,96.72,0,42,96.8,1179,0,0,"",0
"2023-03-14","BAXU25","BAX","BAX","BAX",0,"2025-09-17",0,1,0,0,0,0,0,38,0,0,0,0,0,0,16,96.87,902,0,0,"",0
"2023-03-14","BAXZ25","BAX","BAX","BAX",0,"2025-12-17",0,1,96.56,97.75,10,1,0,0,0,0,0,0,0,0,0,96.89,28,0,0,"",0
"2023-03-14","BAXH26","BAX","BAX","BAX",0,"2026-03-18",0,1,96.8,0,1,0,0,0,0,0,0,0,0,0,0,96.89,0,0,0,"",0
"2023-03-15","BAXJ23","BAX","BAX","BAX",0,"2023-04-17",0,1,0,0,0,0,0,0,0,0,0,0,0,0,0,95.73,0,0,0,"",0
"2023-03-15","BAXK23","BAX","BAX","BAX",0,"2023-05-15",0,1,0,0,0,0,0,0,0,0,0,0,0,0,0,95.635,0,0,0,"",0
"2023-03-15","BAXM23","BAX","BAX","BAX",0,"2023-06-19",0,1,95.725,95.73,1,3,0,38065,0,0.285,95.405,95.87,95.32,0,7945,95.745,195043,0,0,"",0
"2023-03-15","BAXU23","BAX","BAX","BAX",0,"2023-09-18",0,1,95.88,95.91,4,100,0,25695,0,0.305,95.56,96.06,95.435,0,8401,95.94,161268,0,0,"",0
"2023-03-15","BAXZ23","BAX","BAX","BAX",0,"2023-12-18",0,1,95.985,96.01,1,100,0,24109,0,0.245,95.67,96.185,95.56,0,9084,96.045,103568,0,0,"",0
"2023-03-15","BAXH24","BAX","BAX","BAX",0,"2024-03-18",0,1,95.22,96.45,50,5,96.2,14350,95.95,0.25,95.91,96.33,95.77,1378152,7870,96.23,65238,0,0,"",0
"2023-03-15","BAXM24","BAX","BAX","BAX",0,"2024-06-17",0,1,0,0,0,0,0,10351,0,0.22,96.1,96.46,96,0,4131,96.41,56435,0,0,"",0
"2023-03-15","BAXU24","BAX","BAX","BAX",0,"2024-09-18",0,1,0,0,0,0,0,7352,0,0.22,96.41,96.67,96.25,0,2881,96.59,29319,0,0,"",0
"2023-03-15","BAXZ24","BAX","BAX","BAX",0,"2024-12-18",0,1,96.71,96.86,6,58,0,4823,0,0.19,96.51,96.84,96.46,0,1867,96.72,24774,0,0,"",0
"2023-03-15","BAXH25","BAX","BAX","BAX",0,"2025-03-19",0,1,0,96.87,0,25,0,3066,0,0.19,96.7,96.99,96.7,0,1219,96.83,6523,0,0,"",0
"2023-03-15","BAXM25","BAX","BAX","BAX",0,"2025-06-18",0,1,95.5,97.7,1,1,0,369,0,0.15,96.9,97.11,96.9,0,57,96.92,1058,0,0,"",0
"2023-03-15","BAXU25","BAX","BAX","BAX",0,"2025-09-17",0,1,0,0,0,0,0,136,0,0.3,97.22,97.22,97.17,0,21,96.99,885,0,0,"",0
"2023-03-15","BAXZ25","BAX","BAX","BAX",0,"2025-12-17",0,1,96.56,97.75,10,1,0,0,0,0,0,0,0,0,0,97.01,28,0,0,"",0
"2023-03-15","BAXH26","BAX","BAX","BAX",0,"2026-03-18",0,1,0,0,0,0,0,0,0,0,0,0,0,0,0,97.01,0,0,0,"",0
"2023-03-16","BAXJ23","BAX","BAX","BAX",0,"2023-04-17",0,1,0,0,0,0,0,0,0,0,0,0,0,0,0,95.405,0,0,0,"",0
"2023-03-16","BAXK23","BAX","BAX","BAX",0,"2023-05-15",0,1,0,0,0,0,0,0,0,0,0,0,0,0,0,95.31,0,0,0,"",0
"2023-03-16","BAXM23","BAX","BAX","BAX",0,"2023-06-19",0,1,95.435,95.475,3,86,0,27551,0,-0.31,95.69,95.81,95.405,0,5806,95.42,183184,0,0,"",0
"2023-03-16","BAXU23","BAX","BAX","BAX",0,"2023-09-18",0,1,95.605,95.63,10,25,0,19296,0,-0.335,95.88,96.03,95.575,0,6438,95.61,137651,0,0,"",0
"2023-03-16","BAXZ23","BAX","BAX","BAX",0,"2023-12-18",0,1,95.745,95.915,10,49,0,14981,0,-0.295,96.05,96.155,95.695,0,5167,95.76,94347,0,0,"",0
"2023-03-16","BAXH24","BAX","BAX","BAX",0,"2024-03-18",0,1,95.22,0,50,0,0,10525,0,-0.28,96.12,96.325,95.9,0,5748,95.97,66267,0,0,"",0
"2023-03-16","BAXM24","BAX","BAX","BAX",0,"2024-06-17",0,1,96.03,96.2,25,25,0,6162,0,-0.23,96.34,96.51,96.11,0,2410,96.2,55295,0,0,"",0
"2023-03-16","BAXU24","BAX","BAX","BAX",0,"2024-09-18",0,1,0,96.75,0,4,0,3201,0,-0.15,96.57,96.73,96.36,0,1287,96.45,30028,0,0,"",0
"2023-03-16","BAXZ24","BAX","BAX","BAX",0,"2024-12-18",0,1,96.43,96.86,12,19,0,2379,0,-0.08,96.72,96.9,96.55,0,874,96.62,25080,0,0,"",0
"2023-03-16","BAXH25","BAX","BAX","BAX",0,"2025-03-19",0,1,96.52,97,4,20,0,2184,0,-0.07,96.86,97.01,96.69,0,993,96.8,7785,0,0,"",0
"2023-03-16","BAXM25","BAX","BAX","BAX",0,"2025-06-18",0,1,95.5,97.7,1,1,0,89,0,-0.06,97.02,97.04,96.84,0,31,96.91,1131,0,0,"",0
"2023-03-16","BAXU25","BAX","BAX","BAX",0,"2025-09-17",0,1,0,0,0,0,0,24,0,0,0,0,0,0,8,96.99,905,0,0,"",0
"2023-03-16","BAXZ25","BAX","BAX","BAX",0,"2025-12-17",0,1,96.56,97.75,10,1,0,0,0,0,0,0,0,0,0,97.01,28,0,0,"",0
"2023-03-16","BAXH26","BAX","BAX","BAX",0,"2026-03-18",0,1,96.97,97.25,1,1,0,0,0,0,0,0,0,0,0,97.01,0,0,0,"",0
"2023-03-17","BAXJ23","BAX","BAX","BAX",0,"2023-04-17",0,1,0,0,0,0,0,0,0,0,0,0,0,0,0,95.5,0,0,0,"",0
"2023-03-17","BAXK23","BAX","BAX","BAX",0,"2023-05-15",0,1,0,0,0,0,0,0,0,0,0,0,0,0,0,95.405,0,0,0,"",0
"2023-03-17","BAXM23","BAX","BAX","BAX",0,"2023-06-19",0,1,95.465,95.82,10,1,0,18572,0,0.07,95.45,95.525,95.4,0,3749,95.515,178926,0,0,"",0
"2023-03-17","BAXU23","BAX","BAX","BAX",0,"2023-09-18",0,1,95.63,95.695,10,80,0,14557,0,0.08,95.595,95.735,95.56,0,3805,95.715,132632,0,0,"",0
"2023-03-17","BAXZ23","BAX","BAX","BAX",0,"2023-12-18",0,1,95.76,95.9,75,25,0,11998,0,0.095,95.76,95.905,95.69,0,4225,95.89,87385,0,0,"",0
"2023-03-17","BAXH24","BAX","BAX","BAX",0,"2024-03-18",0,1,96.015,96.4,5,10,0,10394,0,0.13,95.975,96.165,95.905,0,4421,96.14,63617,0,0,"",0
"2023-03-17","BAXM24","BAX","BAX","BAX",0,"2024-06-17",0,1,96.29,96.53,27,9,0,9727,0,0.19,96.19,96.46,96.15,0,3098,96.43,53271,0,0,"",0
"2023-03-17","BAXU24","BAX","BAX","BAX",0,"2024-09-18",0,1,96.65,0,1,0,0,2993,0,0.21,96.42,96.73,96.42,0,1403,96.71,26852,0,0,"",0
"2023-03-17","BAXZ24","BAX","BAX","BAX",0,"2024-12-18",0,1,96.73,0,15,0,0,2912,0,0.23,96.58,96.92,96.58,0,1349,96.87,21626,0,0,"",0
"2023-03-17","BAXH25","BAX","BAX","BAX",0,"2025-03-19",0,1,96.97,0,9,0,0,1725,0,0.2,96.69,97.04,96.67,0,638,96.97,7001,0,0,"",0
"2023-03-17","BAXM25","BAX","BAX","BAX",0,"2025-06-18",0,1,95.5,97.7,1,1,0,39,0,0.11,96.77,97.02,96.77,0,15,97.04,1004,0,0,"",0
"2023-03-17","BAXU25","BAX","BAX","BAX",0,"2025-09-17",0,1,96.87,0,2,0,0,4,0,-0.14,96.82,96.85,96.82,0,4,97.09,807,0,0,"",0
"2023-03-17","BAXZ25","BAX","BAX","BAX",0,"2025-12-17",0,1,96.56,97.75,10,1,0,0,0,0,0,0,0,0,0,97.11,28,0,0,"",0
"2023-03-17","BAXH26","BAX","BAX","BAX",0,"2026-03-18",0,1,0,0,0,0,0,0,0,0,0,0,0,0,0,97.11,0,0,0,"",0
"2023-03-20","BAXJ23","BAX","BAX","BAX",0,"2023-04-17",0,1,0,0,0,0,0,0,0,0,0,0,0,0,0,95.395,0,0,0,"",0
"2023-03-20","BAXK23","BAX","BAX","BAX",0,"2023-05-15",0,1,0,0,0,0,0,0,0,0,0,0,0,0,0,95.3,0,0,0,"",0
"2023-03-20","BAXM23","BAX","BAX","BAX",0,"2023-06-19",0,1,95.405,95.41,9,51,0,20106,0,-0.11,95.66,95.66,95.35,0,3305,95.41,171100,0,0,"",0
"2023-03-20","BAXU23","BAX","BAX","BAX",0,"2023-09-18",0,1,95.605,95.615,100,100,0,22264,0,-0.105,95.725,95.86,95.55,0,4262,95.61,125141,0,0,"",0
"2023-03-20","BAXZ23","BAX","BAX","BAX",0,"2023-12-18",0,1,95.775,96.12,20,2,0,13156,0,-0.11,95.89,96.025,95.7,0,3653,95.78,81975,0,0,"",0
"2023-03-20","BAXH24","BAX","BAX","BAX",0,"2024-03-18",0,1,95.97,96.25,1,10,0,13018,0,-0.11,96.13,96.29,95.955,0,3726,96.04,62442,0,0,"",0
"2023-03-20","BAXM24","BAX","BAX","BAX",0,"2024-06-17",0,1,96.32,96.34,86,20,0,8553,0,-0.1,96.53,96.58,96.24,0,2385,96.33,55456,0,0,"",0
"2023-03-20","BAXU24","BAX","BAX","BAX",0,"2024-09-18",0,1,0,0,0,0,0,6192,0,-0.11,96.81,96.84,96.53,0,1687,96.6,26981,0,0,"",0
"2023-03-20","BAXZ24","BAX","BAX","BAX",0,"2024-12-18",0,1,0,0,0,0,0,2324,0,-0.07,96.99,97.02,96.72,0,776,96.78,22167,0,0,"",0
"2023-03-20","BAXH25","BAX","BAX","BAX",0,"2025-03-19",0,1,96.9,96.96,12,25,0,2576,0,-0.04,97.1,97.11,96.85,0,816,96.91,6201,0,0,"",0
"2023-03-20","BAXM25","BAX","BAX","BAX",0,"2025-06-18",0,1,95.5,97.7,1,1,0,34,0,0,0,0,0,0,7,96.98,985,0,0,"",0
"2023-03-20","BAXU25","BAX","BAX","BAX",0,"2025-09-17",0,1,0,0,0,0,0,3,0,0,0,0,0,0,1,97.03,790,0,0,"",0
"2023-03-20","BAXZ25","BAX","BAX","BAX",0,"2025-12-17",0,1,96.56,97.75,10,1,0,0,0,0,0,0,0,0,0,97.05,28,0,0,"",0
"2023-03-20","BAXH26","BAX","BAX","BAX",0,"2026-03-18",0,1,96.5,97.75,1,1,0,0,0,0,0,0,0,0,0,97.05,0,0,0,"",0
"2023-03-21","BAXJ23","BAX","BAX","BAX",0,"2023-04-17",0,1,0,0,0,0,0,0,0,0,0,0,0,0,0,95.295,0,0,0,"",0
"2023-03-21","BAXK23","BAX","BAX","BAX",0,"2023-05-15",0,1,0,0,0,0,0,0,0,0,0,0,0,0,0,95.2,0,0,0,"",0
"2023-03-21","BAXM23","BAX","BAX","BAX",0,"2023-06-19",0,1,95.32,95.33,4,12,95.32,20964,95.41,-0.09,95.405,95.52,95.26,16393,3251,95.31,162397,0,0,"",0
"2023-03-21","BAXU23","BAX","BAX","BAX",0,"2023-09-18",0,1,95.505,96.11,29,16,0,21522,0,-0.105,95.61,95.75,95.42,0,4424,95.485,125488,0,0,"",0
"2023-03-21","BAXZ23","BAX","BAX","BAX",0,"2023-12-18",0,1,95.645,96.12,100,2,95.645,13322,95.78,-0.135,95.805,95.805,95.57,20564,3806,95.63,81316,0,0,"",0
"2023-03-21","BAXH24","BAX","BAX","BAX",0,"2024-03-18",0,1,0,95.91,0,24,0,8937,0,-0.135,96.075,96.075,95.82,0,3194,95.895,63343,0,0,"",0
"2023-03-21","BAXM24","BAX","BAX","BAX",0,"2024-06-17",0,1,96.2,96.22,3,8,0,8229,0,-0.12,96.37,96.37,96.12,0,2355,96.19,52492,0,0,"",0
"2023-03-21","BAXU24","BAX","BAX","BAX",0,"2024-09-18",0,1,0,96.51,0,50,0,8983,0,-0.1,96.63,96.69,96.41,0,1975,96.48,28572,0,0,"",0
"2023-03-21","BAXZ24","BAX","BAX","BAX",0,"2024-12-18",0,1,96.69,0,7,0,0,2898,0,-0.06,96.83,96.85,96.63,0,986,96.68,22231,0,0,"",0
"2023-03-21","BAXH25","BAX","BAX","BAX",0,"2025-03-19",0,1,96.86,96.93,19,10,0,2050,0,-0.03,96.89,96.93,96.79,0,551,96.83,7148,0,0,"",0
"2023-03-21","BAXM25","BAX","BAX","BAX",0,"2025-06-18",0,1,96.98,97.01,10,10,0,9,0,0.01,96.91,96.99,96.91,0,4,96.92,983,0,0,"",0
"2023-03-21","BAXU25","BAX","BAX","BAX",0,"2025-09-17",0,1,0,97.08,0,5,0,1,0,0,0,0,0,0,1,96.97,789,0,0,"",0
"2023-03-21","BAXZ25","BAX","BAX","BAX",0,"2025-12-17",0,1,95.5,97.75,1,1,0,0,0,0,0,0,0,0,0,96.99,28,0,0,"",0
"2023-03-21","BAXH26","BAX","BAX","BAX",0,"2026-03-18",0,1,96.5,97.75,1,1,0,0,0,0,0,0,0,0,0,96.99,0,0,0,"",0
"2023-03-22","BAXJ23","BAX","BAX","BAX",0,"2023-04-17",0,1,0,0,0,0,0,0,0,0,0,0,0,0,0,95.41,0,0,0,"",0
"2023-03-22","BAXK23","BAX","BAX","BAX",0,"2023-05-15",0,1,0,0,0,0,0,0,0,0,0,0,0,0,0,95.315,0,0,0,"",0
"2023-03-22","BAXM23","BAX","BAX","BAX",0,"2023-06-19",0,1,95.33,95.375,17,27,0,17906,0,0.065,95.33,95.46,95.26,0,3137,95.425,161559,0,0,"",0
"2023-03-22","BAXU23","BAX","BAX","BAX",0,"2023-09-18",0,1,95.565,95.745,8,1,0,20861,0,0.13,95.525,95.75,95.425,0,4918,95.695,123866,0,0,"",0
"2023-03-22","BAXZ23","BAX","BAX","BAX",0,"2023-12-18",0,1,95.795,95.8,42,2,0,14130,0,0.17,95.68,95.98,95.575,0,4073,95.895,82647,0,0,"",0
"2023-03-22","BAXH24","BAX","BAX","BAX",0,"2024-03-18",0,1,95.99,96.145,1,1,0,13310,0,0.21,95.93,96.315,95.84,0,5482,96.22,60846,0,0,"",0
"2023-03-22","BAXM24","BAX","BAX","BAX",0,"2024-06-17",0,1,96.44,96.5,10,10,0,7331,0,0.29,96.23,96.65,96.16,0,2277,96.58,52514,0,0,"",0
"2023-03-22","BAXU24","BAX","BAX","BAX",0,"2024-09-18",0,1,96.79,0,1,0,0,6706,0,0.33,96.52,96.93,96.46,0,1802,96.88,29855,0,0,"",0
"2023-03-22","BAXZ24","BAX","BAX","BAX",0,"2024-12-18",0,1,97.01,0,24,0,0,3379,0,0.36,96.76,97.12,96.7,0,1015,97.08,22619,0,0,"",0
"2023-03-22","BAXH25","BAX","BAX","BAX",0,"2025-03-19",0,1,97.14,97.23,25,12,0,2916,0,0.35,96.9,97.23,96.87,0,869,97.2,7507,0,0,"",0
"2023-03-22","BAXM25","BAX","BAX","BAX",0,"2025-06-18",0,1,95.5,97.7,1,1,0,267,0,0.26,97.18,97.18,97.18,0,18,97.29,986,0,0,"",0
"2023-03-22","BAXU25","BAX","BAX","BAX",0,"2025-09-17",0,1,96.25,0,1,0,0,131,0,0,0,0,0,0,9,97.34,785,0,0,"",0
"2023-03-22","BAXZ25","BAX","BAX","BAX",0,"2025-12-17",0,1,95.5,97.75,1,1,0,0,0,0,0,0,0,0,0,97.36,28,0,0,"",0
"2023-03-22","BAXH26","BAX","BAX","BAX",0,"2026-03-18",0,1,96.5,97.75,1,1,0,0,0,0,0,0,0,0,0,97.36,0,0,0,"",0
"2023-03-23","BAXJ23","BAX","BAX","BAX",0,"2023-04-17",0,1,0,0,0,0,0,0,0,0,0,0,0,0,0,95.42,0,0,0,"",0
"2023-03-23","BAXK23","BAX","BAX","BAX",0,"2023-05-15",0,1,0,0,0,0,0,0,0,0,0,0,0,0,0,95.325,0,0,0,"",0
"2023-03-23","BAXM23","BAX","BAX","BAX",0,"2023-06-19",0,1,95.45,95.465,71,40,0,25620,0,0.03,95.285,95.525,95.355,0,4430,95.435,148636,0,0,"",0
"2023-03-23","BAXU23","BAX","BAX","BAX",0,"2023-09-18",0,1,95.61,96.11,13,16,0,22023,0,0.09,95.5,95.79,95.61,0,6224,95.755,126044,0,0,"",0
"2023-03-23","BAXZ23","BAX","BAX","BAX",0,"2023-12-18",0,1,95.86,96.12,11,2,0,12679,0,0.1,95.64,96.015,95.755,0,3573,95.965,78720,0,0,"",0
"2023-03-23","BAXH24","BAX","BAX","BAX",0,"2024-03-18",0,1,96.275,0,4,0,0,24931,0,0.055,95.91,96.31,96.04,0,7739,96.265,62376,0,0,"",0
"2023-03-23","BAXM24","BAX","BAX","BAX",0,"2024-06-17",0,1,96.56,96.58,25,3,0,13990,0,-0.01,96.24,96.62,96.41,0,3876,96.57,49843,0,0,"",0
"2023-03-23","BAXU24","BAX","BAX","BAX",0,"2024-09-18",0,1,96.85,0,17,0,0,8943,0,-0.02,96.79,96.9,96.77,0,2632,96.86,29571,0,0,"",0
"2023-03-23","BAXZ24","BAX","BAX","BAX",0,"2024-12-18",0,1,0,0,0,0,0,3764,0,-0.01,97.01,97.11,96.99,0,981,97.06,20430,0,0,"",0
"2023-03-23","BAXH25","BAX","BAX","BAX",0,"2025-03-19",0,1,97.17,97.23,29,25,0,2393,0,-0.01,97.2,97.22,97.11,0,676,97.18,9183,0,0,"",0
"2023-03-23","BAXM25","BAX","BAX","BAX",0,"2025-06-18",0,1,95.5,97.7,1,1,0,83,0,-0.02,97.26,97.27,97.26,0,26,97.27,1241,0,0,"",0
"2023-03-23","BAXU25","BAX","BAX","BAX",0,"2025-09-17",0,1,97.24,97.32,25,22,0,178,0,-0.03,97.33,97.33,97.25,0,33,97.31,915,0,0,"",0
"2023-03-23","BAXZ25","BAX","BAX","BAX",0,"2025-12-17",0,1,95.5,97.33,1,5,0,0,0,0,0,0,0,0,0,97.33,28,0,0,"",0
"2023-03-23","BAXH26","BAX","BAX","BAX",0,"2026-03-18",0,1,97,97.4,1,1,0,0,0,0,0,0,0,0,0,97.33,0,0,0,"",0
"2023-03-24","BAXJ23","BAX","BAX","BAX",0,"2023-04-17",0,1,0,0,0,0,0,0,0,0,0,0,0,0,0,95.44,0,0,0,"",0
"2023-03-24","BAXK23","BAX","BAX","BAX",0,"2023-05-15",0,1,0,0,0,0,0,0,0,0,0,0,0,0,0,95.345,0,0,0,"",0
"2023-03-24","BAXM23","BAX","BAX","BAX",0,"2023-06-19",0,1,95.43,95.435,50,24,0,21524,0,0,95.445,95.585,95.435,0,3713,95.455,153232,0,0,"",0
"2023-03-24","BAXU23","BAX","BAX","BAX",0,"2023-09-18",0,1,95.73,96.11,369,16,0,19527,0,-0.025,95.76,95.99,95.725,0,5338,95.765,128771,0,0,"",0
"2023-03-24","BAXZ23","BAX","BAX","BAX",0,"2023-12-18",0,1,95.95,95.98,1,35,0,17577,0,0.015,95.975,96.24,95.96,0,5397,96,78993,0,0,"",0
"2023-03-24","BAXH24","BAX","BAX","BAX",0,"2024-03-18",0,1,96.265,96.41,25,25,0,14714,0,0.01,96.27,96.545,96.24,0,5201,96.3,72841,0,0,"",0
"2023-03-24","BAXM24","BAX","BAX","BAX",0,"2024-06-17",0,1,96.57,96.62,43,100,0,7544,0,0.02,96.57,96.86,96.54,0,2619,96.6,57842,0,0,"",0
"2023-03-24","BAXU24","BAX","BAX","BAX",0,"2024-09-18",0,1,96.85,0,5,0,0,4929,0,0.02,96.86,97.15,96.84,0,1574,96.89,32474,0,0,"",0
"2023-03-24","BAXZ24","BAX","BAX","BAX",0,"2024-12-18",0,1,0,0,0,0,0,2613,0,0,97.1,97.33,97.02,0,893,97.07,22155,0,0,"",0
"2023-03-24","BAXH25","BAX","BAX","BAX",0,"2025-03-19",0,1,0,97.33,0,49,0,1708,0,0,97.21,97.43,97.14,0,612,97.19,8822,0,0,"",0
"2023-03-24","BAXM25","BAX","BAX","BAX",0,"2025-06-18",0,1,95.5,97.7,1,1,0,52,0,0.01,97.4,97.4,97.28,0,17,97.28,1238,0,0,"",0
"2023-03-24","BAXU25","BAX","BAX","BAX",0,"2025-09-17",0,1,97.21,0,10,0,0,31,0,0.02,97.33,97.33,97.33,0,8,97.32,857,0,0,"",0
"2023-03-24","BAXZ25","BAX","BAX","BAX",0,"2025-12-17",0,1,97.2,97.75,10,1,0,26,0,0,97.33,97.33,97.33,0,6,97.34,28,0,0,"",0
"2023-03-24","BAXH26","BAX","BAX","BAX",0,"2026-03-18",0,1,97.1,97.4,10,1,0,0,0,0,0,0,0,0,0,97.34,0,0,0,"",0
"2023-03-27","BAXJ23","BAX","BAX","BAX",0,"2023-04-17",0,1,0,0,0,0,0,0,0,0,0,0,0,0,0,95.28,0,0,0,"",0
"2023-03-27","BAXK23","BAX","BAX","BAX",0,"2023-05-15",0,1,0,0,0,0,0,0,0,0,0,0,0,0,0,95.185,0,0,0,"",0
"2023-03-27","BAXM23","BAX","BAX","BAX",0,"2023-06-19",0,1,95.285,95.3,20,17,0,11257,0,-0.155,95.395,95.415,95.285,0,2185,95.295,150575,0,0,"",0
"2023-03-27","BAXU23","BAX","BAX","BAX",0,"2023-09-18",0,1,95.53,95.55,50,100,0,13243,0,-0.23,95.705,95.725,95.51,0,4232,95.535,126649,0,0,"",0
"2023-03-27","BAXZ23","BAX","BAX","BAX",0,"2023-12-18",0,1,95.745,96,50,5,0,10713,0,-0.245,95.93,95.97,95.725,0,3911,95.755,84441,0,0,"",0
"2023-03-27","BAXH24","BAX","BAX","BAX",0,"2024-03-18",0,1,95.95,96.045,10,25,0,9285,0,-0.275,96.22,96.28,96.005,0,3948,96.035,68170,0,0,"",0
"2023-03-27","BAXM24","BAX","BAX","BAX",0,"2024-06-17",0,1,96.31,96.4,10,5,0,5657,0,-0.27,96.53,96.6,96.31,0,1646,96.34,52081,0,0,"",0
"2023-03-27","BAXU24","BAX","BAX","BAX",0,"2024-09-18",0,1,0,0,0,0,0,4648,0,-0.27,96.82,96.87,96.6,0,1245,96.63,29957,0,0,"",0
"2023-03-27","BAXZ24","BAX","BAX","BAX",0,"2024-12-18",0,1,0,96.88,0,10,0,3385,0,-0.22,97.01,97.06,96.83,0,819,96.84,20767,0,0,"",0
"2023-03-27","BAXH25","BAX","BAX","BAX",0,"2025-03-19",0,1,0,0,0,0,0,1831,0,-0.18,97.13,97.13,96.98,0,716,97,8086,0,0,"",0
"2023-03-27","BAXM25","BAX","BAX","BAX",0,"2025-06-18",0,1,95.5,97.7,1,1,0,12,0,0,0,0,0,0,2,97.1,1213,0,0,"",0
"2023-03-27","BAXU25","BAX","BAX","BAX",0,"2025-09-17",0,1,96.25,0,1,0,0,6,0,0,0,0,0,0,2,97.15,860,0,0,"",0
"2023-03-27","BAXZ25","BAX","BAX","BAX",0,"2025-12-17",0,1,97,97.4,1,1,0,0,0,0,0,0,0,0,0,97.17,54,0,0,"",0
"2023-03-27","BAXH26","BAX","BAX","BAX",0,"2026-03-18",0,1,97,97.4,1,1,0,0,0,0,0,0,0,0,0,97.17,0,0,0,"",0
"2023-03-28","BAXJ23","BAX","BAX","BAX",0,"2023-04-17",0,1,0,0,0,0,0,0,0,0,0,0,0,0,0,95.215,0,0,0,"",0
"2023-03-28","BAXK23","BAX","BAX","BAX",0,"2023-05-15",0,1,0,0,0,0,0,0,0,0,0,0,0,0,0,95.12,0,0,0,"",0
"2023-03-28","BAXM23","BAX","BAX","BAX",0,"2023-06-19",0,1,95.215,95.22,10,200,0,13724,0,-0.08,95.315,95.355,95.215,0,2082,95.23,142323,0,0,"",0
"2023-03-28","BAXU23","BAX","BAX","BAX",0,"2023-09-18",0,1,95.4,95.41,17,2,0,15379,0,-0.125,95.58,95.58,95.4,0,3249,95.425,125345,0,0,"",0
"2023-03-28","BAXZ23","BAX","BAX","BAX",0,"2023-12-18",0,1,95.6,95.615,50,25,0,8407,0,-0.145,95.78,95.785,95.605,0,2556,95.625,78466,0,0,"",0
"2023-03-28","BAXH24","BAX","BAX","BAX",0,"2024-03-18",0,1,95.885,96.02,100,5,0,8737,0,-0.145,96.05,96.05,95.875,0,2720,95.905,65038,0,0,"",0
"2023-03-28","BAXM24","BAX","BAX","BAX",0,"2024-06-17",0,1,96.14,96.22,4,7,0,7273,0,-0.15,96.33,96.33,96.19,0,1609,96.22,52120,0,0,"",0
"2023-03-28","BAXU24","BAX","BAX","BAX",0,"2024-09-18",0,1,0,96.57,0,13,0,4211,0,-0.14,96.61,96.62,96.49,0,1003,96.51,29753,0,0,"",0
"2023-03-28","BAXZ24","BAX","BAX","BAX",0,"2024-12-18",0,1,0,96.79,0,13,0,1939,0,-0.12,96.84,96.86,96.71,0,609,96.73,20998,0,0,"",0
"2023-03-28","BAXH25","BAX","BAX","BAX",0,"2025-03-19",0,1,0,0,0,0,0,1734,0,-0.13,97,97,96.87,0,443,96.89,8659,0,0,"",0
"2023-03-28","BAXM25","BAX","BAX","BAX",0,"2025-06-18",0,1,95.5,97.7,1,1,0,8,0,-0.04,97.06,97.06,97.06,0,4,97,1135,0,0,"",0
"2023-03-28","BAXU25","BAX","BAX","BAX",0,"2025-09-17",0,1,96.25,0,1,0,0,27,0,0,0,0,0,0,3,97.06,858,0,0,"",0
"2023-03-28","BAXZ25","BAX","BAX","BAX",0,"2025-12-17",0,1,97,97.4,1,1,0,25,0,0,0,0,0,0,2,97.08,54,0,0,"",0
"2023-03-28","BAXH26","BAX","BAX","BAX",0,"2026-03-18",0,1,97,97.4,1,1,0,0,0,0,0,0,0,0,0,97.08,0,0,0,"",0
"2023-03-29","BAXJ23","BAX","BAX","BAX",0,"2023-04-17",0,1,0,0,0,0,0,0,0,0,0,0,0,0,0,95.185,0,0,0,"",0
"2023-03-29","BAXK23","BAX","BAX","BAX",0,"2023-05-15",0,1,0,0,0,0,0,0,0,0,0,0,0,0,0,95.09,0,0,0,"",0
"2023-03-29","BAXM23","BAX","BAX","BAX",0,"2023-06-19",0,1,95.19,95.195,30,28,0,9508,0,-0.035,95.26,95.26,95.185,0,1341,95.2,139576,0,0,"",0
"2023-03-29","BAXU23","BAX","BAX","BAX",0,"2023-09-18",0,1,95.39,95.395,228,23,0,7258,0,-0.03,95.445,95.455,95.37,0,1434,95.4,127212,0,0,"",0
"2023-03-29","BAXZ23","BAX","BAX","BAX",0,"2023-12-18",0,1,95.575,95.58,30,135,0,7631,0,-0.045,95.6,95.665,95.545,0,1857,95.595,76405,0,0,"",0
"2023-03-29","BAXH24","BAX","BAX","BAX",0,"2024-03-18",0,1,95.77,95.87,1,100,0,7172,0,-0.04,95.88,95.945,95.83,0,1751,95.88,65504,0,0,"",0
"2023-03-29","BAXM24","BAX","BAX","BAX",0,"2024-06-17",0,1,96.17,96.19,50,20,0,6297,0,-0.04,96.21,96.25,96.16,0,1291,96.2,52821,0,0,"",0
"2023-03-29","BAXU24","BAX","BAX","BAX",0,"2024-09-18",0,1,0,96.48,0,20,0,4163,0,-0.04,96.54,96.54,96.45,0,958,96.49,29078,0,0,"",0
"2023-03-29","BAXZ24","BAX","BAX","BAX",0,"2024-12-18",0,1,96.67,96.71,5,100,0,793,0,-0.04,96.73,96.77,96.67,0,241,96.71,19497,0,0,"",0
"2023-03-29","BAXH25","BAX","BAX","BAX",0,"2025-03-19",0,1,96.82,96.86,4,44,0,1063,0,-0.05,96.89,96.93,96.82,0,288,96.86,8979,0,0,"",0
"2023-03-29","BAXM25","BAX","BAX","BAX",0,"2025-06-18",0,1,95.5,97.7,1,1,0,98,0,-0.01,96.99,97.01,96.95,0,29,96.96,1141,0,0,"",0
"2023-03-29","BAXU25","BAX","BAX","BAX",0,"2025-09-17",0,1,96.25,0,1,0,0,37,0,-0.02,97.06,97.08,97.03,0,28,97.02,883,0,0,"",0
"2023-03-29","BAXZ25","BAX","BAX","BAX",0,"2025-12-17",0,1,96.95,97.08,1,1,0,0,0,0,0,0,0,0,0,97.04,79,0,0,"",0
"2023-03-29","BAXH26","BAX","BAX","BAX",0,"2026-03-18",0,1,97,97.4,1,1,0,0,0,0,0,0,0,0,0,97.04,0,0,0,"",0
"2023-03-30","BAXJ23","BAX","BAX","BAX",0,"2023-04-17",0,1,0,0,0,0,0,0,0,0,0,0,0,0,0,95.135,0,0,0,"",0
"2023-03-30","BAXK23","BAX","BAX","BAX",0,"2023-05-15",0,1,0,0,0,0,0,0,0,0,0,0,0,0,0,95.04,0,0,0,"",0
"2023-03-30","BAXM23","BAX","BAX","BAX",0,"2023-06-19",0,1,95.135,95.15,245,10,0,10747,0,-0.055,95.21,95.21,95.145,0,1447,95.15,135856,0,0,"",0
"2023-03-30","BAXU23","BAX","BAX","BAX",0,"2023-09-18",0,1,95.35,95.355,100,198,0,4314,0,-0.045,95.4,95.425,95.335,0,1400,95.37,124805,0,0,"",0
"2023-03-30","BAXZ23","BAX","BAX","BAX",0,"2023-12-18",0,1,95.55,95.56,10,10,0,5321,0,-0.04,95.59,95.61,95.535,0,1318,95.58,76504,0,0,"",0
"2023-03-30","BAXH24","BAX","BAX","BAX",0,"2024-03-18",0,1,95.75,95.86,1,25,0,5642,0,-0.045,95.86,95.91,95.81,0,1426,95.86,65694,0,0,"",0
"2023-03-30","BAXM24","BAX","BAX","BAX",0,"2024-06-17",0,1,96.12,96.14,13,10,0,3874,0,-0.08,96.22,96.22,96.12,0,902,96.16,50810,0,0,"",0
"2023-03-30","BAXU24","BAX","BAX","BAX",0,"2024-09-18",0,1,0,96.42,0,1,0,2963,0,-0.11,96.46,96.48,96.38,0,555,96.44,29532,0,0,"",0
"2023-03-30","BAXZ24","BAX","BAX","BAX",0,"2024-12-18",0,1,0,96.62,0,2,0,1614,0,-0.09,96.69,96.72,96.62,0,295,96.66,18432,0,0,"",0
"2023-03-30","BAXH25","BAX","BAX","BAX",0,"2025-03-19",0,1,0,96.84,0,105,0,1140,0,-0.08,96.84,96.84,96.78,0,227,96.81,8914,0,0,"",0
"2023-03-30","BAXM25","BAX","BAX","BAX",0,"2025-06-18",0,1,95.5,97.7,1,1,0,5,0,-0.04,96.92,96.92,96.92,0,2,96.91,1222,0,0,"",0
"2023-03-30","BAXU25","BAX","BAX","BAX",0,"2025-09-17",0,1,96.25,0,1,0,0,0,0,0,0,0,0,0,0,96.97,839,0,0,"",0
"2023-03-30","BAXZ25","BAX","BAX","BAX",0,"2025-12-17",0,1,95.5,97.75,1,1,0,0,0,0,0,0,0,0,0,96.99,33,0,0,"",0
"2023-03-30","BAXH26","BAX","BAX","BAX",0,"2026-03-18",0,1,97,97.4,1,1,0,0,0,0,0,0,0,0,0,96.99,0,0,0,"",0
"2023-03-31","BAXJ23","BAX","BAX","BAX",0,"2023-04-17",0,1,0,0,0,0,0,0,0,0,0,0,0,0,0,95.11,0,0,0,"",0
"2023-03-31","BAXK23","BAX","BAX","BAX",0,"2023-05-15",0,1,0,0,0,0,0,0,0,0,0,0,0,0,0,95.015,0,0,0,"",0
"2023-03-31","BAXM23","BAX","BAX","BAX",0,"2023-06-19",0,1,95.135,95.14,19,20,0,9079,0,-0.01,95.15,95.15,95.09,0,1439,95.125,132199,0,0,"",0
"2023-03-31","BAXU23","BAX","BAX","BAX",0,"2023-09-18",0,1,95.34,95.355,18,26,0,8477,0,-0.025,95.36,95.37,95.275,0,2234,95.345,121227,0,0,"",0
"2023-03-31","BAXZ23","BAX","BAX","BAX",0,"2023-12-18",0,1,95.54,95.565,8,1,0,7988,0,-0.015,95.57,95.59,95.485,0,2075,95.57,77946,0,0,"",0
"2023-03-31","BAXH24","BAX","BAX","BAX",0,"2024-03-18",0,1,95.6,96.02,5,5,0,5755,0,0,95.86,95.88,95.775,0,1908,95.86,65904,0,0,"",0
"2023-03-31","BAXM24","BAX","BAX","BAX",0,"2024-06-17",0,1,96.17,96.18,1,25,0,6551,0,0.01,96.17,96.18,96.06,0,1449,96.17,50681,0,0,"",0
"2023-03-31","BAXU24","BAX","BAX","BAX",0,"2024-09-18",0,1,96.38,96.46,100,25,0,5428,0,0.01,96.44,96.46,96.32,0,1049,96.45,29804,0,0,"",0
"2023-03-31","BAXZ24","BAX","BAX","BAX",0,"2024-12-18",0,1,96.67,0,13,0,0,2739,0,0.01,96.63,96.68,96.56,0,601,96.66,19142,0,0,"",0
"2023-03-31","BAXH25","BAX","BAX","BAX",0,"2025-03-19",0,1,96.76,0,41,0,0,1250,0,0.01,96.73,96.85,96.7,0,289,96.82,9112,0,0,"",0
"2023-03-31","BAXM25","BAX","BAX","BAX",0,"2025-06-18",0,1,95.5,97.7,1,1,0,21,0,-0.05,96.83,96.86,96.83,0,7,96.92,1166,0,0,"",0
"2023-03-31","BAXU25","BAX","BAX","BAX",0,"2025-09-17",0,1,96.25,0,1,0,0,0,0,0,0,0,0,0,0,96.98,802,0,0,"",0
"2023-03-31","BAXZ25","BAX","BAX","BAX",0,"2025-12-17",0,1,95.5,97.75,1,1,0,0,0,0,0,0,0,0,0,97,33,0,0,"",0
"2023-03-31","BAXH26","BAX","BAX","BAX",0,"2026-03-18",0,1,97,97.4,1,1,0,0,0,0,0,0,0,0,0,97,0,0,0,"",0
"2023-04-03","BAXJ23","BAX","BAX","BAX",0,"2023-04-17",0,1,0,0,0,0,0,0,0,0,0,0,0,0,0,95.105,0,0,0,"",0
"2023-04-03","BAXK23","BAX","BAX","BAX",0,"2023-05-15",0,1,0,0,0,0,0,0,0,0,0,0,0,0,0,95.01,0,0,0,"",0
"2023-04-03","BAXM23","BAX","BAX","BAX",0,"2023-06-19",0,1,95.125,95.135,324,250,0,11911,0,0.005,95.165,95.165,95.09,0,1705,95.12,131718,0,0,"",0
"2023-04-03","BAXU23","BAX","BAX","BAX",0,"2023-09-18",0,1,95.37,95.39,100,231,0,7376,0,0.04,95.345,95.405,95.27,0,2056,95.37,123191,0,0,"",0
"2023-04-03","BAXZ23","BAX","BAX","BAX",0,"2023-12-18",0,1,95.625,0,143,0,0,7138,0,0.055,95.57,95.655,95.47,0,1837,95.605,80362,0,0,"",0
"2023-04-03","BAXH24","BAX","BAX","BAX",0,"2024-03-18",0,1,95.925,95.945,10,12,0,7338,0,0.085,95.86,95.96,95.765,0,2040,95.925,66361,0,0,"",0
"2023-04-03","BAXM24","BAX","BAX","BAX",0,"2024-06-17",0,1,96.25,96.36,10,8,0,6402,0,0.1,96.14,96.29,96.08,0,1172,96.26,52087,0,0,"",0
"2023-04-03","BAXU24","BAX","BAX","BAX",0,"2024-09-18",0,1,96.53,96.57,25,1,0,4544,0,0.11,96.38,96.59,96.36,0,1074,96.56,31409,0,0,"",0
"2023-04-03","BAXZ24","BAX","BAX","BAX",0,"2024-12-18",0,1,96.79,96.8,19,1,0,2556,0,0.13,96.6,96.82,96.59,0,613,96.79,19428,0,0,"",0
"2023-04-03","BAXH25","BAX","BAX","BAX",0,"2025-03-19",0,1,0,0,0,0,0,1196,0,0.13,96.76,96.99,96.75,0,464,96.94,9446,0,0,"",0
"2023-04-03","BAXM25","BAX","BAX","BAX",0,"2025-06-18",0,1,95.5,97.7,1,1,0,15,0,0.02,96.91,96.95,96.91,0,8,97.04,1178,0,0,"",0
"2023-04-03","BAXU25","BAX","BAX","BAX",0,"2025-09-17",0,1,96.25,0,1,0,0,0,0,0,0,0,0,0,0,97.1,802,0,0,"",0
"2023-04-03","BAXZ25","BAX","BAX","BAX",0,"2025-12-17",0,1,95.5,97.75,1,1,0,0,0,0,0,0,0,0,0,97.12,33,0,0,"",0
"2023-04-03","BAXH26","BAX","BAX","BAX",0,"2026-03-18",0,1,97,97.4,1,1,0,0,0,0,0,0,0,0,0,97.12,0,0,0,"",0
"2023-04-04","BAXJ23","BAX","BAX","BAX",0,"2023-04-17",0,1,0,0,0,0,0,0,0,0,0,0,0,0,0,95.165,0,0,0,"",0
"2023-04-04","BAXK23","BAX","BAX","BAX",0,"2023-05-15",0,1,0,0,0,0,0,0,0,0,0,0,0,0,0,95.07,0,0,0,"",0
"2023-04-04","BAXM23","BAX","BAX","BAX",0,"2023-06-19",0,1,95.175,95.19,49,204,95.185,14313,95.12,0.065,95.135,95.19,95.105,1361045,2584,95.18,123917,0,0,"",0
"2023-04-04","BAXU23","BAX","BAX","BAX",0,"2023-09-18",0,1,95.495,95.505,2,7,95.495,9585,95.37,0.125,95.38,95.51,95.35,913253,3064,95.5,115742,0,0,"",0
"2023-04-04","BAXZ23","BAX","BAX","BAX",0,"2023-12-18",0,1,95.755,95.795,11,10,95.77,10023,95.605,0.165,95.615,95.79,95.58,957609,2799,95.78,70972,0,0,"",0
"2023-04-04","BAXH24","BAX","BAX","BAX",0,"2024-03-18",0,1,96.08,96.56,3,1,96.1,9473,95.925,0.175,95.925,96.12,95.9,908453,2734,96.11,62798,0,0,"",0
"2023-04-04","BAXM24","BAX","BAX","BAX",0,"2024-06-17",0,1,96.39,96.46,25,1,96.43,6915,96.26,0.17,96.29,96.45,96.22,665916,1415,96.44,50192,0,0,"",0
"2023-04-04","BAXU24","BAX","BAX","BAX",0,"2024-09-18",0,1,96.71,0,5,0,96.72,5639,96.56,0.16,96.57,96.73,96.52,544693,1010,96.74,26959,0,0,"",0
"2023-04-04","BAXZ24","BAX","BAX","BAX",0,"2024-12-18",0,1,96.91,96.99,50,10,96.94,2952,96.79,0.15,96.82,96.95,96.75,285422,840,96.96,18456,0,0,"",0
"2023-04-04","BAXH25","BAX","BAX","BAX",0,"2025-03-19",0,1,0,97.1,0,24,97.08,1232,96.94,0.14,97,97.1,96.92,119390,398,97.1,8592,0,0,"",0
"2023-04-04","BAXM25","BAX","BAX","BAX",0,"2025-06-18",0,1,95.5,97.7,1,1,0,2,0,0,0,0,0,194,2,97.19,1162,0,0,"",0
"2023-04-04","BAXU25","BAX","BAX","BAX",0,"2025-09-17",0,1,96.25,0,1,0,0,0,0,0,0,0,0,0,0,97.25,802,0,0,"",0
"2023-04-04","BAXZ25","BAX","BAX","BAX",0,"2025-12-17",0,1,95.5,97.75,1,1,0,0,0,0,0,0,0,0,0,97.27,33,0,0,"",0
"2023-04-04","BAXH26","BAX","BAX","BAX",0,"2026-03-18",0,1,97,97.4,1,1,0,0,0,0,0,0,0,0,0,97.27,0,0,0,"",0
"2023-04-05","BAXJ23","BAX","BAX","BAX",0,"2023-04-17",0,1,0,0,0,0,0,0,0,0,0,0,0,0,0,95.175,0,0,0,"",0
"2023-04-05","BAXK23","BAX","BAX","BAX",0,"2023-05-15",0,1,0,0,0,0,0,0,0,0,0,0,0,0,0,95.08,0,0,0,"",0
"2023-04-05","BAXM23","BAX","BAX","BAX",0,"2023-06-19",0,1,95.175,95.18,47,55,0,11166,0,0,95.17,95.245,95.155,0,1722,95.19,124450,0,0,"",0
"2023-04-05","BAXU23","BAX","BAX","BAX",0,"2023-09-18",0,1,95.365,95.5,4,100,0,6613,0,-0.02,95.47,95.58,95.44,0,1750,95.51,115527,0,0,"",0
"2023-04-05","BAXZ23","BAX","BAX","BAX",0,"2023-12-18",0,1,95.755,95.77,47,50,0,9746,0,-0.02,95.76,95.885,95.705,0,2049,95.8,72155,0,0,"",0
"2023-04-05","BAXH24","BAX","BAX","BAX",0,"2024-03-18",0,1,95.9,96.105,1,25,0,9417,0,-0.02,96.075,96.23,96.025,0,2585,96.135,61997,0,0,"",0
"2023-04-05","BAXM24","BAX","BAX","BAX",0,"2024-06-17",0,1,96.36,96.43,4,25,0,8278,0,-0.03,96.4,96.56,96.35,0,1808,96.45,46727,0,0,"",0
"2023-04-05","BAXU24","BAX","BAX","BAX",0,"2024-09-18",0,1,96.69,96.71,25,28,0,4536,0,-0.04,96.7,96.84,96.65,0,808,96.74,27360,0,0,"",0
"2023-04-05","BAXZ24","BAX","BAX","BAX",0,"2024-12-18",0,1,96.9,96.92,100,5,0,2913,0,-0.05,96.9,97.03,96.87,0,634,96.94,18771,0,0,"",0
"2023-04-05","BAXH25","BAX","BAX","BAX",0,"2025-03-19",0,1,0,0,0,0,0,1184,0,-0.06,97.01,97.16,97.01,0,376,97.07,8777,0,0,"",0
"2023-04-05","BAXM25","BAX","BAX","BAX",0,"2025-06-18",0,1,95.5,97.7,1,1,0,145,0,-0.02,97.19,97.22,97.17,0,28,97.15,1161,0,0,"",0
"2023-04-05","BAXU25","BAX","BAX","BAX",0,"2025-09-17",0,1,96.25,0,1,0,0,10,0,0,0,0,0,0,4,97.2,802,0,0,"",0
"2023-04-05","BAXZ25","BAX","BAX","BAX",0,"2025-12-17",0,1,95.5,97.75,1,1,0,0,0,0,0,0,0,0,0,97.22,33,0,0,"",0
"2023-04-05","BAXH26","BAX","BAX","BAX",0,"2026-03-18",0,1,97,97.4,1,1,0,0,0,0,0,0,0,0,0,97.22,0,0,0,"",0
"2023-04-06","BAXJ23","BAX","BAX","BAX",0,"2023-04-17",0,1,0,0,0,0,0,0,0,0,0,0,0,0,0,95.13,0,0,0,"",0
"2023-04-06","BAXK23","BAX","BAX","BAX",0,"2023-05-15",0,1,0,0,0,0,0,0,0,0,0,0,0,0,0,95.035,0,0,0,"",0
"2023-04-06","BAXM23","BAX","BAX","BAX",0,"2023-06-19",0,1,95.145,95.15,2,26,0,14291,0,-0.04,95.18,95.22,95.13,0,1835,95.145,123673,0,0,"",0
"2023-04-06","BAXU23","BAX","BAX","BAX",0,"2023-09-18",0,1,0,95.415,0,13,0,7842,0,-0.105,95.49,95.57,95.4,0,1423,95.415,114512,0,0,"",0
"2023-04-06","BAXZ23","BAX","BAX","BAX",0,"2023-12-18",0,1,95.69,95.705,47,15,0,13187,0,-0.105,95.77,95.87,95.69,0,2200,95.705,70643,0,0,"",0
"2023-04-06","BAXH24","BAX","BAX","BAX",0,"2024-03-18",0,1,96.025,96.065,100,8,0,6785,0,-0.1,96.12,96.205,96.025,0,1558,96.04,61538,0,0,"",0
"2023-04-06","BAXM24","BAX","BAX","BAX",0,"2024-06-17",0,1,96.35,96.36,50,29,0,5042,0,-0.09,96.45,96.51,96.34,0,1014,96.36,48550,0,0,"",0
"2023-04-06","BAXU24","BAX","BAX","BAX",0,"2024-09-18",0,1,96.64,96.65,69,25,0,4456,0,-0.1,96.74,96.78,96.62,0,660,96.65,27615,0,0,"",0
"2023-04-06","BAXZ24","BAX","BAX","BAX",0,"2024-12-18",0,1,0,96.92,0,11,0,1610,0,-0.1,96.93,96.97,96.83,0,473,96.86,19615,0,0,"",0
"2023-04-06","BAXH25","BAX","BAX","BAX",0,"2025-03-19",0,1,0,97.05,0,11,0,1632,0,-0.08,97.14,97.14,96.97,0,463,97,8502,0,0,"",0
"2023-04-06","BAXM25","BAX","BAX","BAX",0,"2025-06-18",0,1,95.5,97.7,1,1,0,38,0,-0.05,97.1,97.1,97.1,0,9,97.08,1205,0,0,"",0
"2023-04-06","BAXU25","BAX","BAX","BAX",0,"2025-09-17",0,1,96.25,0,1,0,0,0,0,0,0,0,0,0,0,97.13,800,0,0,"",0
"2023-04-06","BAXZ25","BAX","BAX","BAX",0,"2025-12-17",0,1,95.5,97.75,1,1,0,0,0,0,0,0,0,0,0,97.15,33,0,0,"",0
"2023-04-06","BAXH26","BAX","BAX","BAX",0,"2026-03-18",0,1,97,97.4,1,1,0,0,0,0,0,0,0,0,0,97.15,0,0,0,"",0
"2023-04-10","BAXJ23","BAX","BAX","BAX",0,"2023-04-17",0,1,0,0,0,0,0,0,0,0,0,0,0,0,0,95.04,0,0,0,"",0
"2023-04-10","BAXK23","BAX","BAX","BAX",0,"2023-05-15",0,1,0,0,0,0,0,0,0,0,0,0,0,0,0,94.945,0,0,0,"",0
"2023-04-10","BAXM23","BAX","BAX","BAX",0,"2023-06-19",0,1,95.055,95.06,249,312,0,13680,0,-0.085,95.1,95.105,95.05,0,1134,95.055,123201,0,0,"",0
"2023-04-10","BAXU23","BAX","BAX","BAX",0,"2023-09-18",0,1,95.215,95.22,88,15,0,9306,0,-0.2,95.33,95.4,95.205,0,1632,95.215,113902,0,0,"",0
"2023-04-10","BAXZ23","BAX","BAX","BAX",0,"2023-12-18",0,1,95.48,95.505,100,4,0,6364,0,-0.21,95.67,95.67,95.475,0,1339,95.495,72988,0,0,"",0
"2023-04-10","BAXH24","BAX","BAX","BAX",0,"2024-03-18",0,1,95.82,96.4,100,10,0,5073,0,-0.195,95.975,95.995,95.83,0,1054,95.85,62044,0,0,"",0
"2023-04-10","BAXM24","BAX","BAX","BAX",0,"2024-06-17",0,1,96.17,96.2,20,10,0,3508,0,-0.18,96.29,96.31,96.18,0,731,96.19,45888,0,0,"",0
"2023-04-10","BAXU24","BAX","BAX","BAX",0,"2024-09-18",0,1,0,96.51,0,50,0,3299,0,-0.17,96.54,96.58,96.48,0,836,96.48,28136,0,0,"",0
"2023-04-10","BAXZ24","BAX","BAX","BAX",0,"2024-12-18",0,1,0,96.72,0,1,0,933,0,-0.17,96.75,96.78,96.69,0,249,96.7,19028,0,0,"",0
"2023-04-10","BAXH25","BAX","BAX","BAX",0,"2025-03-19",0,1,96.77,0,50,0,0,690,0,-0.17,96.92,96.92,96.83,0,215,96.84,8813,0,0,"",0
"2023-04-10","BAXM25","BAX","BAX","BAX",0,"2025-06-18",0,1,95.5,97.7,1,1,0,0,0,0,0,0,0,0,0,96.92,1222,0,0,"",0
"2023-04-10","BAXU25","BAX","BAX","BAX",0,"2025-09-17",0,1,96.25,0,1,0,0,0,0,0,0,0,0,0,0,96.97,800,0,0,"",0
"2023-04-10","BAXZ25","BAX","BAX","BAX",0,"2025-12-17",0,1,95.5,97.21,1,10,0,0,0,0,0,0,0,0,0,96.99,33,0,0,"",0
"2023-04-10","BAXH26","BAX","BAX","BAX",0,"2026-03-18",0,1,97,97.4,1,1,0,0,0,0,0,0,0,0,0,96.99,0,0,0,"",0
"2023-04-11","BAXJ23","BAX","BAX","BAX",0,"2023-04-17",0,1,0,0,0,0,0,0,0,0,0,0,0,0,0,95.035,0,0,0,"",0
"2023-04-11","BAXK23","BAX","BAX","BAX",0,"2023-05-15",0,1,0,0,0,0,0,0,0,0,0,0,0,0,0,94.94,0,0,0,"",0
"2023-04-11","BAXM23","BAX","BAX","BAX",0,"2023-06-19",0,1,95.05,95.06,37,40,0,16778,0,0,95.055,95.085,95.025,0,1998,95.05,120647,0,0,"",0
"2023-04-11","BAXU23","BAX","BAX","BAX",0,"2023-09-18",0,1,95.15,95.205,2000,9,0,11867,0,-0.02,95.215,95.275,95.165,0,2265,95.185,113588,0,0,"",0
"2023-04-11","BAXZ23","BAX","BAX","BAX",0,"2023-12-18",0,1,95.435,95.45,50,20,0,9414,0,-0.05,95.515,95.565,95.42,0,2299,95.44,72364,0,0,"",0
"2023-04-11","BAXH24","BAX","BAX","BAX",0,"2024-03-18",0,1,95.65,95.805,1,15,0,8226,0,-0.05,95.87,95.92,95.755,0,2703,95.795,62795,0,0,"",0
"2023-04-11","BAXM24","BAX","BAX","BAX",0,"2024-06-17",0,1,96.11,96.14,7,15,0,5167,0,-0.06,96.2,96.25,96.07,0,1278,96.13,47209,0,0,"",0
"2023-04-11","BAXU24","BAX","BAX","BAX",0,"2024-09-18",0,1,96.41,0,13,0,0,4831,0,-0.06,96.49,96.54,96.35,0,1118,96.42,29282,0,0,"",0
"2023-04-11","BAXZ24","BAX","BAX","BAX",0,"2024-12-18",0,1,96.63,0,10,0,0,2637,0,-0.07,96.7,96.75,96.58,0,548,96.64,18706,0,0,"",0
"2023-04-11","BAXH25","BAX","BAX","BAX",0,"2025-03-19",0,1,96.75,96.8,24,35,0,1806,0,-0.07,96.89,96.89,96.72,0,642,96.77,8843,0,0,"",0
"2023-04-11","BAXM25","BAX","BAX","BAX",0,"2025-06-18",0,1,95.5,96.86,1,2,0,58,0,-0.06,96.9,96.9,96.83,0,17,96.85,1222,0,0,"",0
"2023-04-11","BAXU25","BAX","BAX","BAX",0,"2025-09-17",0,1,96.25,0,1,0,0,0,0,0,0,0,0,0,0,96.9,800,0,0,"",0
"2023-04-11","BAXZ25","BAX","BAX","BAX",0,"2025-12-17",0,1,95.5,97.75,1,1,0,0,0,0,0,0,0,0,0,96.92,33,0,0,"",0
"2023-04-11","BAXH26","BAX","BAX","BAX",0,"2026-03-18",0,1,97,97.4,1,1,0,0,0,0,0,0,0,0,0,96.92,0,0,0,"",0
"2023-04-12","BAXJ23","BAX","BAX","BAX",0,"2023-04-17",0,1,0,0,0,0,0,0,0,0,0,0,0,0,0,95,0,0,0,"",0
"2023-04-12","BAXK23","BAX","BAX","BAX",0,"2023-05-15",0,1,0,0,0,0,0,0,0,0,0,0,0,0,0,94.905,0,0,0,"",0
"2023-04-12","BAXM23","BAX","BAX","BAX",0,"2023-06-19",0,1,95.015,95.025,36,126,0,18893,0,-0.025,95.045,95.14,95,0,2720,95.015,119397,0,0,"",0
"2023-04-12","BAXU23","BAX","BAX","BAX",0,"2023-09-18",0,1,95.175,95.18,40,85,0,20908,0,-0.01,95.165,95.275,95.125,0,4763,95.165,117382,0,0,"",0
"2023-04-12","BAXZ23","BAX","BAX","BAX",0,"2023-12-18",0,1,95.425,95.52,93,5,0,15928,0,-0.015,95.445,95.56,95.365,0,3777,95.415,71618,0,0,"",0
"2023-04-12","BAXH24","BAX","BAX","BAX",0,"2024-03-18",0,1,95.765,96.2,20,15,0,13245,0,0.01,95.8,95.935,95.73,0,3869,95.795,63960,0,0,"",0
"2023-04-12","BAXM24","BAX","BAX","BAX",0,"2024-06-17",0,1,96.14,96.2,110,5,0,9460,0,0.04,96.13,96.27,96.08,0,2309,96.16,47972,0,0,"",0
"2023-04-12","BAXU24","BAX","BAX","BAX",0,"2024-09-18",0,1,96.45,0,20,0,0,6620,0,0.06,96.42,96.55,96.37,0,1607,96.47,30436,0,0,"",0
"2023-04-12","BAXZ24","BAX","BAX","BAX",0,"2024-12-18",0,1,96.67,96.69,10,5,0,3213,0,0.03,96.61,96.73,96.58,0,1077,96.68,19088,0,0,"",0
"2023-04-12","BAXH25","BAX","BAX","BAX",0,"2025-03-19",0,1,96.79,96.8,25,50,0,2149,0,0.03,96.77,96.84,96.72,0,758,96.8,8722,0,0,"",0
"2023-04-12","BAXM25","BAX","BAX","BAX",0,"2025-06-18",0,1,95.5,97.7,1,1,0,164,0,-0.01,96.84,96.84,96.84,0,56,96.87,1235,0,0,"",0
"2023-04-12","BAXU25","BAX","BAX","BAX",0,"2025-09-17",0,1,96.25,0,1,0,0,0,0,0,0,0,0,0,0,96.91,800,0,0,"",0
"2023-04-12","BAXZ25","BAX","BAX","BAX",0,"2025-12-17",0,1,95.5,97.75,1,1,0,0,0,0,0,0,0,0,0,96.93,33,0,0,"",0
"2023-04-12","BAXH26","BAX","BAX","BAX",0,"2026-03-18",0,1,97,97.4,1,1,0,0,0,0,0,0,0,0,0,96.93,0,0,0,"",0
"2023-04-13","BAXJ23","BAX","BAX","BAX",0,"2023-04-17",0,1,0,0,0,0,0,0,0,0,0,0,0,0,0,95.005,0,0,0,"",0
"2023-04-13","BAXK23","BAX","BAX","BAX",0,"2023-05-15",0,1,0,0,0,0,0,0,0,0,0,0,0,0,0,94.91,0,0,0,"",0
"2023-04-13","BAXM23","BAX","BAX","BAX",0,"2023-06-19",0,1,95.015,95.025,10,36,0,11924,0,0.01,95.015,95.035,95.005,0,1722,95.02,117259,0,0,"",0
"2023-04-13","BAXU23","BAX","BAX","BAX",0,"2023-09-18",0,1,95.145,95.16,1,100,0,13698,0,-0.01,95.15,95.21,95.135,0,3615,95.155,111288,0,0,"",0
"2023-04-13","BAXZ23","BAX","BAX","BAX",0,"2023-12-18",0,1,95.37,95.395,15,10,0,11885,0,-0.03,95.39,95.465,95.365,0,3106,95.39,71225,0,0,"",0
"2023-04-13","BAXH24","BAX","BAX","BAX",0,"2024-03-18",0,1,95.74,95.755,100,240,0,10711,0,-0.045,95.765,95.85,95.745,0,3651,95.75,65215,0,0,"",0
"2023-04-13","BAXM24","BAX","BAX","BAX",0,"2024-06-17",0,1,96.09,96.11,10,105,0,7955,0,-0.06,96.14,96.22,96.1,0,2747,96.1,49562,0,0,"",0
"2023-04-13","BAXU24","BAX","BAX","BAX",0,"2024-09-18",0,1,96.4,96.42,10,53,0,7626,0,-0.05,96.45,96.54,96.4,0,1804,96.41,29397,0,0,"",0
"2023-04-13","BAXZ24","BAX","BAX","BAX",0,"2024-12-18",0,1,0,96.7,0,1,0,3691,0,-0.05,96.67,96.75,96.61,0,923,96.62,18526,0,0,"",0
"2023-04-13","BAXH25","BAX","BAX","BAX",0,"2025-03-19",0,1,0,96.84,0,3,0,2499,0,-0.06,96.8,96.88,96.72,0,738,96.74,8991,0,0,"",0
"2023-04-13","BAXM25","BAX","BAX","BAX",0,"2025-06-18",0,1,96.79,97.7,9,1,0,50,0,-0.08,96.89,96.91,96.79,0,16,96.8,1188,0,0,"",0
"2023-04-13","BAXU25","BAX","BAX","BAX",0,"2025-09-17",0,1,96.8,96.88,10,10,0,8,0,-0.05,96.86,96.86,96.86,0,3,96.83,800,0,0,"",0
"2023-04-13","BAXZ25","BAX","BAX","BAX",0,"2025-12-17",0,1,95.5,97.75,1,1,0,1,0,-0.02,96.91,96.91,96.91,0,1,96.84,33,0,0,"",0
"2023-04-13","BAXH26","BAX","BAX","BAX",0,"2026-03-18",0,1,96.5,97.4,1,1,0,1,0,0.07,97,97,97,0,1,96.84,0,0,0,"",0
"2023-04-14","BAXJ23","BAX","BAX","BAX",0,"2023-04-17",0,1,0,0,0,0,0,0,0,0,0,0,0,0,0,94.955,0,0,0,"",0
"2023-04-14","BAXK23","BAX","BAX","BAX",0,"2023-05-15",0,1,0,0,0,0,0,0,0,0,0,0,0,0,0,94.86,0,0,0,"",0
"2023-04-14","BAXM23","BAX","BAX","BAX",0,"2023-06-19",0,1,94.99,94.995,5,152,94.99,20365,95.02,-0.03,95.015,95.02,94.965,1934027,1705,94.97,112227,0,0,"",0
"2023-04-14","BAXU23","BAX","BAX","BAX",0,"2023-09-18",0,1,95.04,95.08,25,20,95.065,22845,95.155,-0.09,95.155,95.165,95.04,2171388,3589,95.05,111148,0,0,"",0
"2023-04-14","BAXZ23","BAX","BAX","BAX",0,"2023-12-18",0,1,95.255,95.31,25,50,95.28,16449,95.39,-0.11,95.375,95.39,95.255,1566348,3205,95.275,71595,0,0,"",0
"2023-04-14","BAXH24","BAX","BAX","BAX",0,"2024-03-18",0,1,95.6,95.95,2,20,95.61,10975,95.75,-0.14,95.74,95.76,95.58,1048242,2874,95.615,65443,0,0,"",0
"2023-04-14","BAXM24","BAX","BAX","BAX",0,"2024-06-17",0,1,0,95.99,0,4,95.94,9689,96.1,-0.16,96.1,96.11,95.91,929320,1907,95.94,50534,0,0,"",0
"2023-04-14","BAXU24","BAX","BAX","BAX",0,"2024-09-18",0,1,96.22,96.27,1,10,96.23,6274,96.41,-0.18,96.43,96.44,96.22,603730,990,96.24,32032,0,0,"",0
"2023-04-14","BAXZ24","BAX","BAX","BAX",0,"2024-12-18",0,1,0,0,0,0,96.44,1182,96.62,-0.18,96.64,96.64,96.44,113936,329,96.45,19663,0,0,"",0
"2023-04-14","BAXH25","BAX","BAX","BAX",0,"2025-03-19",0,1,96.57,96.65,10,73,96.57,806,96.74,-0.17,96.76,96.76,96.57,77724,288,96.58,9092,0,0,"",0
"2023-04-14","BAXM25","BAX","BAX","BAX",0,"2025-06-18",0,1,95.5,97.7,1,1,96.77,5,96.8,-0.03,96.77,96.77,96.77,482,2,96.65,1159,0,0,"",0
"2023-04-14","BAXU25","BAX","BAX","BAX",0,"2025-09-17",0,1,96.25,0,1,0,0,0,0,0,0,0,0,0,0,96.68,792,0,0,"",0
"2023-04-14","BAXZ25","BAX","BAX","BAX",0,"2025-12-17",0,1,95.5,97.75,1,1,0,0,0,0,0,0,0,0,0,96.69,34,0,0,"",0
"2023-04-14","BAXH26","BAX","BAX","BAX",0,"2026-03-18",0,1,96.5,97.4,1,1,0,0,0,0,0,0,0,0,0,96.69,1,0,0,"",0
"2023-04-17","BAXJ23","BAX","BAX","BAX",0,"2023-04-17",0,1,0,0,0,0,0,0,0,0,0,0,0,0,0,94.95,0,0,0,"",0
"2023-04-17","BAXK23","BAX","BAX","BAX",0,"2023-05-15",0,1,0,0,0,0,0,0,0,0,0,0,0,0,0,94.835,0,0,0,"",0
"2023-04-17","BAXM23","BAX","BAX","BAX",0,"2023-06-19",0,1,94.945,94.95,16,78,0,20306,0,-0.025,95,95,94.945,0,1817,94.945,110658,0,0,"",0
"2023-04-17","BAXU23","BAX","BAX","BAX",0,"2023-09-18",0,1,95.01,95.015,116,3,0,10695,0,-0.035,95.055,95.055,95,0,2295,95.015,113058,0,0,"",0
"2023-04-17","BAXZ23","BAX","BAX","BAX",0,"2023-12-18",0,1,95.2,95.21,20,8,0,10238,0,-0.065,95.27,95.27,95.2,0,1576,95.215,73525,0,0,"",0
"2023-04-17","BAXH24","BAX","BAX","BAX",0,"2024-03-18",0,1,95.52,95.545,20,25,0,14033,0,-0.09,95.6,95.6,95.505,0,2123,95.54,66947,0,0,"",0
"2023-04-17","BAXM24","BAX","BAX","BAX",0,"2024-06-17",0,1,95.84,95.86,20,4,0,8325,0,-0.09,95.92,95.92,95.83,0,1376,95.86,53745,0,0,"",0
"2023-04-17","BAXU24","BAX","BAX","BAX",0,"2024-09-18",0,1,96.12,96.17,5,30,0,2712,0,-0.09,96.23,96.23,96.13,0,538,96.16,32909,0,0,"",0
"2023-04-17","BAXZ24","BAX","BAX","BAX",0,"2024-12-18",0,1,0,0,0,0,0,990,0,-0.09,96.45,96.45,96.34,0,332,96.37,18849,0,0,"",0
"2023-04-17","BAXH25","BAX","BAX","BAX",0,"2025-03-19",0,1,96.45,96.51,25,54,0,1247,0,-0.1,96.58,96.58,96.48,0,394,96.5,9146,0,0,"",0
"2023-04-17","BAXM25","BAX","BAX","BAX",0,"2025-06-18",0,1,95.5,97.7,1,1,0,10,0,0,0,0,0,0,3,96.57,1154,0,0,"",0
"2023-04-17","BAXU25","BAX","BAX","BAX",0,"2025-09-17",0,1,96.25,0,1,0,0,0,0,0,0,0,0,0,0,96.6,792,0,0,"",0
"2023-04-17","BAXZ25","BAX","BAX","BAX",0,"2025-12-17",0,1,95.5,97.75,1,1,0,0,0,0,0,0,0,0,0,96.61,33,0,0,"",0
"2023-04-17","BAXH26","BAX","BAX","BAX",0,"2026-03-18",0,1,96.5,97.4,1,1,0,0,0,0,0,0,0,0,0,96.61,1,0,0,"",0
"2023-04-18","BAXK23","BAX","BAX","BAX",0,"2023-05-15",0,1,0,0,0,0,0,0,0,0,0,0,0,0,0,94.865,0,0,0,"",0
"2023-04-18","BAXM23","BAX","BAX","BAX",0,"2023-06-19",0,1,94.965,94.97,47,74,0,12288,0,0.025,94.945,94.975,94.935,0,1654,94.975,110835,0,0,"",0
"2023-04-18","BAXN23","BAX","BAX","BAX",0,"2023-07-17",0,1,0,0,0,0,0,0,0,0,0,0,0,0,0,95.03,0,0,0,"",0
"2023-04-18","BAXU23","BAX","BAX","BAX",0,"2023-09-18",0,1,95.01,95.015,224,25,0,15606,0,0,95.02,95.05,94.98,0,3109,95.02,113224,0,0,"",0
"2023-04-18","BAXZ23","BAX","BAX","BAX",0,"2023-12-18",0,1,95.2,95.215,125,20,0,15137,0,-0.01,95.2,95.245,95.18,0,3245,95.22,76276,0,0,"",0
"2023-04-18","BAXH24","BAX","BAX","BAX",0,"2024-03-18",0,1,95.52,95.56,30,172,0,18138,0,0.005,95.525,95.575,95.505,0,3431,95.56,71244,0,0,"",0
"2023-04-18","BAXM24","BAX","BAX","BAX",0,"2024-06-17",0,1,95.84,95.88,25,10,0,12589,0,0,95.85,95.91,95.83,0,1739,95.89,55624,0,0,"",0
"2023-04-18","BAXU24","BAX","BAX","BAX",0,"2024-09-18",0,1,96.14,96.16,60,100,0,5955,0,-0.02,96.15,96.2,96.14,0,1056,96.18,33511,0,0,"",0
"2023-04-18","BAXZ24","BAX","BAX","BAX",0,"2024-12-18",0,1,0,96.35,0,200,0,1957,0,-0.03,96.36,96.41,96.34,0,423,96.38,18412,0,0,"",0
"2023-04-18","BAXH25","BAX","BAX","BAX",0,"2025-03-19",0,1,96.45,96.48,50,27,0,1924,0,-0.03,96.48,96.52,96.47,0,366,96.51,9224,0,0,"",0
"2023-04-18","BAXM25","BAX","BAX","BAX",0,"2025-06-18",0,1,95.5,97.7,1,1,0,0,0,0,0,0,0,0,0,96.58,1143,0,0,"",0
"2023-04-18","BAXU25","BAX","BAX","BAX",0,"2025-09-17",0,1,96.25,0,1,0,0,0,0,0,0,0,0,0,0,96.61,792,0,0,"",0
"2023-04-18","BAXZ25","BAX","BAX","BAX",0,"2025-12-17",0,1,95.5,97.75,1,1,0,0,0,0,0,0,0,0,0,96.62,33,0,0,"",0
"2023-04-18","BAXH26","BAX","BAX","BAX",0,"2026-03-18",0,1,96.5,97.4,1,1,0,0,0,0,0,0,0,0,0,96.62,1,0,0,"",0
"2023-04-19","BAXK23","BAX","BAX","BAX",0,"2023-05-15",0,1,0,0,0,0,0,0,0,0,0,0,0,0,0,94.86,0,0,0,"",0
"2023-04-19","BAXM23","BAX","BAX","BAX",0,"2023-06-19",0,1,94.97,94.98,25,126,0,9444,0,0,94.97,94.985,94.96,0,1290,94.97,104643,0,0,"",0
"2023-04-19","BAXN23","BAX","BAX","BAX",0,"2023-07-17",0,1,0,0,0,0,0,0,0,0,0,0,0,0,0,95.025,0,0,0,"",0
"2023-04-19","BAXU23","BAX","BAX","BAX",0,"2023-09-18",0,1,95.015,95.02,95,259,0,8374,0,-0.005,95.01,95.035,94.985,0,2542,95.015,110839,0,0,"",0
"2023-04-19","BAXZ23","BAX","BAX","BAX",0,"2023-12-18",0,1,95.09,95.2,5,75,0,6820,0,-0.03,95.205,95.215,95.165,0,1941,95.195,77778,0,0,"",0
"2023-04-19","BAXH24","BAX","BAX","BAX",0,"2024-03-18",0,1,95.525,95.535,12,61,0,11500,0,-0.03,95.535,95.55,95.48,0,2606,95.54,72002,0,0,"",0
"2023-04-19","BAXM24","BAX","BAX","BAX",0,"2024-06-17",0,1,95.84,95.87,50,50,0,7106,0,-0.04,95.84,95.87,95.8,0,1594,95.86,61195,0,0,"",0
"2023-04-19","BAXU24","BAX","BAX","BAX",0,"2024-09-18",0,1,0,96.16,0,50,0,4263,0,-0.04,96.13,96.16,96.09,0,1234,96.14,35635,0,0,"",0
"2023-04-19","BAXZ24","BAX","BAX","BAX",0,"2024-12-18",0,1,96.32,0,25,0,0,3923,0,-0.04,96.31,96.37,96.3,0,994,96.34,18200,0,0,"",0
"2023-04-19","BAXH25","BAX","BAX","BAX",0,"2025-03-19",0,1,96.44,96.48,49,2,0,1297,0,-0.05,96.46,96.5,96.43,0,437,96.46,9036,0,0,"",0
"2023-04-19","BAXM25","BAX","BAX","BAX",0,"2025-06-18",0,1,95.5,97.7,1,1,0,10,0,-0.05,96.53,96.53,96.53,0,4,96.53,1143,0,0,"",0
"2023-04-19","BAXU25","BAX","BAX","BAX",0,"2025-09-17",0,1,96.25,0,1,0,0,0,0,0,0,0,0,0,0,96.56,792,0,0,"",0
"2023-04-19","BAXZ25","BAX","BAX","BAX",0,"2025-12-17",0,1,95.5,97.75,1,1,0,0,0,0,0,0,0,0,0,96.57,33,0,0,"",0
"2023-04-19","BAXH26","BAX","BAX","BAX",0,"2026-03-18",0,1,96.5,97.4,1,1,0,0,0,0,0,0,0,0,0,96.57,1,0,0,"",0
"2023-04-20","BAXK23","BAX","BAX","BAX",0,"2023-05-15",0,1,0,0,0,0,0,0,0,0,0,0,0,0,0,94.87,0,0,0,"",0
"2023-04-20","BAXM23","BAX","BAX","BAX",0,"2023-06-19",0,1,94.985,94.99,304,91,0,9488,0,0.015,94.98,95.005,94.97,0,1780,94.98,102085,0,0,"",0
"2023-04-20","BAXN23","BAX","BAX","BAX",0,"2023-07-17",0,1,0,0,0,0,0,0,0,0,0,0,0,0,0,95.035,0,0,0,"",0
"2023-04-20","BAXU23","BAX","BAX","BAX",0,"2023-09-18",0,1,95.115,95.17,16,2,0,16004,0,0.1,95.015,95.125,95.015,0,4271,95.1,110996,0,0,"",0
"2023-04-20","BAXZ23","BAX","BAX","BAX",0,"2023-12-18",0,1,95.26,95.315,2,90,0,10854,0,0.115,95.2,95.32,95.2,0,3084,95.295,76827,0,0,"",0
"2023-04-20","BAXH24","BAX","BAX","BAX",0,"2024-03-18",0,1,95.64,95.95,100,20,0,11940,0,0.11,95.545,95.655,95.545,0,3704,95.635,71343,0,0,"",0
"2023-04-20","BAXM24","BAX","BAX","BAX",0,"2024-06-17",0,1,95.95,96.02,9,8,0,5102,0,0.11,95.88,95.98,95.88,0,1531,95.96,64263,0,0,"",0
"2023-04-20","BAXU24","BAX","BAX","BAX",0,"2024-09-18",0,1,96.23,96.26,25,27,0,4779,0,0.11,96.16,96.26,96.16,0,1537,96.25,36397,0,0,"",0
"2023-04-20","BAXZ24","BAX","BAX","BAX",0,"2024-12-18",0,1,96.42,0,15,0,0,1577,0,0.13,96.36,96.47,96.36,0,514,96.46,19266,0,0,"",0
"2023-04-20","BAXH25","BAX","BAX","BAX",0,"2025-03-19",0,1,96.53,96.62,24,25,0,1481,0,0.12,96.48,96.59,96.48,0,582,96.58,9051,0,0,"",0
"2023-04-20","BAXM25","BAX","BAX","BAX",0,"2025-06-18",0,1,95.5,97.7,1,1,0,46,0,0.09,96.63,96.64,96.61,0,18,96.65,1135,0,0,"",0
"2023-04-20","BAXU25","BAX","BAX","BAX",0,"2025-09-17",0,1,96.25,0,1,0,0,0,0,0,0,0,0,0,0,96.68,792,0,0,"",0
"2023-04-20","BAXZ25","BAX","BAX","BAX",0,"2025-12-17",0,1,95.5,97.75,1,1,0,0,0,0,0,0,0,0,0,96.69,33,0,0,"",0
"2023-04-20","BAXH26","BAX","BAX","BAX",0,"2026-03-18",0,1,96.5,97.4,1,1,0,0,0,0,0,0,0,0,0,96.69,1,0,0,"",0
"2023-04-21","BAXK23","BAX","BAX","BAX",0,"2023-05-15",0,1,0,0,0,0,0,0,0,0,0,0,0,0,0,94.9,0,0,0,"",0
"2023-04-21","BAXM23","BAX","BAX","BAX",0,"2023-06-19",0,1,95.005,95.01,616,77,0,13758,0,0.03,94.985,95.015,94.975,0,2353,95.01,105336,0,0,"",0
"2023-04-21","BAXN23","BAX","BAX","BAX",0,"2023-07-17",0,1,0,0,0,0,0,0,0,0,0,0,0,0,0,95.065,0,0,0,"",0
"2023-04-21","BAXU23","BAX","BAX","BAX",0,"2023-09-18",0,1,95.175,95.185,47,25,0,18215,0,0.075,95.115,95.205,95.11,0,4605,95.18,114813,0,0,"",0
"2023-04-21","BAXZ23","BAX","BAX","BAX",0,"2023-12-18",0,1,95.375,95.395,50,25,0,13497,0,0.08,95.32,95.435,95.315,0,4088,95.38,78083,0,0,"",0
"2023-04-21","BAXH24","BAX","BAX","BAX",0,"2024-03-18",0,1,95.53,95.725,25,25,0,12892,0,0.075,95.68,95.79,95.65,0,3913,95.715,73149,0,0,"",0
"2023-04-21","BAXM24","BAX","BAX","BAX",0,"2024-06-17",0,1,95.97,96.04,45,33,0,9766,0,0.08,95.99,96.11,95.96,0,2746,96.03,63840,0,0,"",0
"2023-04-21","BAXU24","BAX","BAX","BAX",0,"2024-09-18",0,1,96.31,96.33,50,7,0,5193,0,0.08,96.28,96.39,96.25,0,1620,96.32,37328,0,0,"",0
"2023-04-21","BAXZ24","BAX","BAX","BAX",0,"2024-12-18",0,1,96.49,96.54,1,16,0,1703,0,0.06,96.48,96.61,96.46,0,497,96.53,19479,0,0,"",0
"2023-04-21","BAXH25","BAX","BAX","BAX",0,"2025-03-19",0,1,96.63,96.67,25,12,0,1400,0,0.08,96.63,96.75,96.58,0,612,96.65,9338,0,0,"",0
"2023-04-21","BAXM25","BAX","BAX","BAX",0,"2025-06-18",0,1,95.5,97.7,1,1,0,54,0,0,0,0,0,0,4,96.71,1111,0,0,"",0
"2023-04-21","BAXU25","BAX","BAX","BAX",0,"2025-09-17",0,1,96.25,0,1,0,0,98,0,0,0,0,0,0,1,96.74,792,0,0,"",0
"2023-04-21","BAXZ25","BAX","BAX","BAX",0,"2025-12-17",0,1,95.5,97.75,1,1,0,49,0,0,0,0,0,0,1,96.75,33,0,0,"",0
"2023-04-21","BAXH26","BAX","BAX","BAX",0,"2026-03-18",0,1,96.5,97.4,1,1,0,0,0,0,0,0,0,0,0,96.75,1,0,0,"",0
"2023-04-24","BAXK23","BAX","BAX","BAX",0,"2023-05-15",0,1,0,0,0,0,0,0,0,0,0,0,0,0,0,94.885,0,0,0,"",0
"2023-04-24","BAXM23","BAX","BAX","BAX",0,"2023-06-19",0,1,95,95.005,134,575,95,5306,95.01,-0.01,95.015,95.02,94.995,503905,929,94.995,104359,0,0,"",0
"2023-04-24","BAXN23","BAX","BAX","BAX",0,"2023-07-17",0,1,0,0,0,0,0,0,0,0,0,0,0,0,0,95.05,0,0,0,"",0
"2023-04-24","BAXU23","BAX","BAX","BAX",0,"2023-09-18",0,1,95.18,95.185,105,8,95.185,7768,95.18,0.005,95.195,95.195,95.155,738818,1383,95.17,110553,0,0,"",0
"2023-04-24","BAXZ23","BAX","BAX","BAX",0,"2023-12-18",0,1,95.38,95.4,20,25,95.39,7181,95.38,0.01,95.405,95.41,95.355,684192,1422,95.375,76559,0,0,"",0
"2023-04-24","BAXH24","BAX","BAX","BAX",0,"2024-03-18",0,1,95.73,95.74,10,75,95.735,5565,95.715,0.02,95.74,95.75,95.69,532042,1113,95.715,69797,0,0,"",0
"2023-04-24","BAXM24","BAX","BAX","BAX",0,"2024-06-17",0,1,96.05,96.06,10,15,96.06,4618,96.03,0.03,96.05,96.07,96,443342,888,96.03,63725,0,0,"",0
"2023-04-24","BAXU24","BAX","BAX","BAX",0,"2024-09-18",0,1,96.34,0,2,0,96.35,3553,96.32,0.03,96.35,96.36,96.29,341884,710,96.32,35960,0,0,"",0
"2023-04-24","BAXZ24","BAX","BAX","BAX",0,"2024-12-18",0,1,96.53,96.58,23,10,96.57,1430,96.53,0.04,96.56,96.57,96.51,137901,315,96.53,19521,0,0,"",0
"2023-04-24","BAXH25","BAX","BAX","BAX",0,"2025-03-19",0,1,96.63,0,10,0,96.7,938,96.65,0.05,96.68,96.7,96.62,90449,363,96.66,9219,0,0,"",0
"2023-04-24","BAXM25","BAX","BAX","BAX",0,"2025-06-18",0,1,95.5,97.7,1,1,96.72,3,96.71,0.01,96.72,96.72,96.72,290,1,96.72,1057,0,0,"",0
"2023-04-24","BAXU25","BAX","BAX","BAX",0,"2025-09-17",0,1,96.25,0,1,0,0,0,0,0,0,0,0,0,0,96.75,694,0,0,"",0
"2023-04-24","BAXZ25","BAX","BAX","BAX",0,"2025-12-17",0,1,95.5,97.75,1,1,0,0,0,0,0,0,0,0,0,96.76,56,0,0,"",0
"2023-04-24","BAXH26","BAX","BAX","BAX",0,"2026-03-18",0,1,96.5,97.4,1,1,0,0,0,0,0,0,0,0,0,96.76,1,0,0,"",0
"2023-04-25","BAXK23","BAX","BAX","BAX",0,"2023-05-15",0,1,0,0,0,0,0,0,0,0,0,0,0,0,0,94.93,0,0,0,"",0
"2023-04-25","BAXM23","BAX","BAX","BAX",0,"2023-06-19",0,1,95.04,95.045,82,250,0,20861,0,0.05,95,95.06,94.995,0,2546,95.04,104173,0,0,"",0
"2023-04-25","BAXN23","BAX","BAX","BAX",0,"2023-07-17",0,1,0,0,0,0,0,0,0,0,0,0,0,0,0,95.095,0,0,0,"",0
"2023-04-25","BAXU23","BAX","BAX","BAX",0,"2023-09-18",0,1,95.29,0,93,0,0,19004,0,0.13,95.18,95.345,95.17,0,3841,95.3,111215,0,0,"",0
"2023-04-25","BAXZ23","BAX","BAX","BAX",0,"2023-12-18",0,1,95.52,95.565,100,20,0,18034,0,0.175,95.4,95.605,95.385,0,4369,95.555,76431,0,0,"",0
"2023-04-25","BAXH24","BAX","BAX","BAX",0,"2024-03-18",0,1,95.89,96.02,200,1,0,13255,0,0.185,95.755,95.97,95.735,0,3755,95.905,69189,0,0,"",0
"2023-04-25","BAXM24","BAX","BAX","BAX",0,"2024-06-17",0,1,96.14,96.22,4,44,0,10906,0,0.19,96.08,96.29,96.06,0,2309,96.22,64871,0,0,"",0
"2023-04-25","BAXU24","BAX","BAX","BAX",0,"2024-09-18",0,1,96.5,96.51,1,100,0,8206,0,0.18,96.38,96.57,96.35,0,2301,96.5,35746,0,0,"",0
"2023-04-25","BAXZ24","BAX","BAX","BAX",0,"2024-12-18",0,1,96.34,0,25,0,0,3753,0,0.18,96.6,96.77,96.58,0,835,96.71,20204,0,0,"",0
"2023-04-25","BAXH25","BAX","BAX","BAX",0,"2025-03-19",0,1,96.8,96.86,49,25,0,1869,0,0.18,96.73,96.89,96.73,0,475,96.84,9381,0,0,"",0
"2023-04-25","BAXM25","BAX","BAX","BAX",0,"2025-06-18",0,1,95.5,97.7,1,1,0,159,0,0.13,96.84,96.85,96.84,0,32,96.91,1057,0,0,"",0
"2023-04-25","BAXU25","BAX","BAX","BAX",0,"2025-09-17",0,1,96.25,0,1,0,0,5,0,0,0,0,0,0,3,96.94,694,0,0,"",0
"2023-04-25","BAXZ25","BAX","BAX","BAX",0,"2025-12-17",0,1,95.5,97.75,1,1,0,0,0,0,0,0,0,0,0,96.95,56,0,0,"",0
"2023-04-25","BAXH26","BAX","BAX","BAX",0,"2026-03-18",0,1,96.5,97.4,1,1,0,0,0,0,0,0,0,0,0,96.95,1,0,0,"",0
"2023-04-26","BAXK23","BAX","BAX","BAX",0,"2023-05-15",0,1,0,0,0,0,0,0,0,0,0,0,0,0,0,94.915,0,0,0,"",0
"2023-04-26","BAXM23","BAX","BAX","BAX",0,"2023-06-19",0,1,95.01,95.02,221,121,0,11813,0,-0.02,95.04,95.04,95,0,1901,95.025,103783,0,0,"",0
"2023-04-26","BAXN23","BAX","BAX","BAX",0,"2023-07-17",0,1,0,0,0,0,0,0,0,0,0,0,0,0,0,95.08,0,0,0,"",0
"2023-04-26","BAXU23","BAX","BAX","BAX",0,"2023-09-18",0,1,95.25,95.26,20,25,0,14983,0,-0.045,95.29,95.31,95.2,0,3242,95.24,109473,0,0,"",0
"2023-04-26","BAXZ23","BAX","BAX","BAX",0,"2023-12-18",0,1,95.44,95.515,10,4,0,15212,0,-0.04,95.52,95.56,95.435,0,3190,95.485,77354,0,0,"",0
"2023-04-26","BAXH24","BAX","BAX","BAX",0,"2024-03-18",0,1,95.85,95.89,50,137,0,17352,0,-0.035,95.865,95.92,95.8,0,3328,95.85,69460,0,0,"",0
"2023-04-26","BAXM24","BAX","BAX","BAX",0,"2024-06-17",0,1,96.15,96.2,8,10,0,9114,0,-0.04,96.18,96.24,96.12,0,2096,96.16,63093,0,0,"",0
"2023-04-26","BAXU24","BAX","BAX","BAX",0,"2024-09-18",0,1,96.4,0,50,0,0,9576,0,-0.05,96.46,96.51,96.39,0,2065,96.43,34076,0,0,"",0
"2023-04-26","BAXZ24","BAX","BAX","BAX",0,"2024-12-18",0,1,96.34,0,25,0,0,3957,0,-0.05,96.67,96.71,96.58,0,1008,96.65,17800,0,0,"",0
"2023-04-26","BAXH25","BAX","BAX","BAX",0,"2025-03-19",0,1,96.73,0,24,0,0,2313,0,-0.04,96.81,96.84,96.71,0,663,96.79,9211,0,0,"",0
"2023-04-26","BAXM25","BAX","BAX","BAX",0,"2025-06-18",0,1,96.8,97.7,2,1,0,640,0,-0.04,96.86,96.9,96.78,0,120,96.87,1023,0,0,"",0
"2023-04-26","BAXU25","BAX","BAX","BAX",0,"2025-09-17",0,1,96.25,0,1,0,0,38,0,0,96.89,96.94,96.89,0,14,96.91,699,0,0,"",0
"2023-04-26","BAXZ25","BAX","BAX","BAX",0,"2025-12-17",0,1,95.5,97.75,1,1,0,2,0,-0.01,96.94,96.94,96.94,0,1,96.93,56,0,0,"",0
"2023-04-26","BAXH26","BAX","BAX","BAX",0,"2026-03-18",0,1,96.5,97.4,1,1,0,0,0,0,0,0,0,0,0,96.93,1,0,0,"",0
"2023-04-27","BAXK23","BAX","BAX","BAX",0,"2023-05-15",0,1,0,0,0,0,0,0,0,0,0,0,0,0,0,94.875,0,0,0,"",0
"2023-04-27","BAXM23","BAX","BAX","BAX",0,"2023-06-19",0,1,94.98,94.99,50,110,0,10253,0,-0.04,95.01,95.01,94.975,0,1413,94.985,104752,0,0,"",0
"2023-04-27","BAXN23","BAX","BAX","BAX",0,"2023-07-17",0,1,0,0,0,0,0,0,0,0,0,0,0,0,0,95.04,0,0,0,"",0
"2023-04-27","BAXU23","BAX","BAX","BAX",0,"2023-09-18",0,1,95.14,95.16,91,25,0,10275,0,-0.085,95.225,95.235,95.135,0,2088,95.145,108671,0,0,"",0
"2023-04-27","BAXZ23","BAX","BAX","BAX",0,"2023-12-18",0,1,95.26,95.45,2,35,0,9303,0,-0.095,95.465,95.49,95.375,0,2208,95.385,78913,0,0,"",0
"2023-04-27","BAXH24","BAX","BAX","BAX",0,"2024-03-18",0,1,95.72,95.815,10,35,0,11897,0,-0.13,95.81,95.865,95.715,0,2558,95.725,70116,0,0,"",0
"2023-04-27","BAXM24","BAX","BAX","BAX",0,"2024-06-17",0,1,96,96.05,22,10,0,7883,0,-0.15,96.12,96.17,96.01,0,1680,96.02,62039,0,0,"",0
"2023-04-27","BAXU24","BAX","BAX","BAX",0,"2024-09-18",0,1,96.28,96.45,50,25,0,6378,0,-0.16,96.39,96.43,96.27,0,1267,96.29,33516,0,0,"",0
"2023-04-27","BAXZ24","BAX","BAX","BAX",0,"2024-12-18",0,1,96.34,0,25,0,0,3537,0,-0.17,96.6,96.64,96.48,0,951,96.51,17222,0,0,"",0
"2023-04-27","BAXH25","BAX","BAX","BAX",0,"2025-03-19",0,1,96.63,0,75,0,0,1685,0,-0.15,96.74,96.8,96.63,0,453,96.67,9506,0,0,"",0
"2023-04-27","BAXM25","BAX","BAX","BAX",0,"2025-06-18",0,1,96.64,97.7,1,1,0,231,0,-0.11,96.8,96.8,96.76,0,14,96.77,1124,0,0,"",0
"2023-04-27","BAXU25","BAX","BAX","BAX",0,"2025-09-17",0,1,96.25,96.81,1,4,0,105,0,0,0,0,0,0,3,96.83,711,0,0,"",0
"2023-04-27","BAXZ25","BAX","BAX","BAX",0,"2025-12-17",0,1,95.5,97.75,1,1,0,0,0,0,0,0,0,0,0,96.87,54,0,0,"",0
"2023-04-27","BAXH26","BAX","BAX","BAX",0,"2026-03-18",0,1,96.5,97.4,1,1,0,0,0,0,0,0,0,0,0,96.87,1,0,0,"",0
"2023-04-28","BAXK23","BAX","BAX","BAX",0,"2023-05-15",0,1,0,0,0,0,0,0,0,0,0,0,0,0,0,94.875,0,0,0,"",0
"2023-04-28","BAXM23","BAX","BAX","BAX",0,"2023-06-19",0,1,94.985,95,66,13,0,8161,0,0,94.985,95.005,94.95,0,1279,94.985,105820,0,0,"",0
"2023-04-28","BAXN23","BAX","BAX","BAX",0,"2023-07-17",0,1,0,0,0,0,0,0,0,0,0,0,0,0,0,95.04,0,0,0,"",0
"2023-04-28","BAXU23","BAX","BAX","BAX",0,"2023-09-18",0,1,95.165,95.185,18,25,0,10525,0,0.03,95.16,95.19,95.135,0,2302,95.165,107059,0,0,"",0
"2023-04-28","BAXZ23","BAX","BAX","BAX",0,"2023-12-18",0,1,95.43,95.44,53,25,0,13704,0,0.045,95.395,95.46,95.375,0,1963,95.425,73765,0,0,"",0
"2023-04-28","BAXH24","BAX","BAX","BAX",0,"2024-03-18",0,1,95.79,95.89,78,137,0,10199,0,0.065,95.755,95.825,95.73,0,2190,95.775,71823,0,0,"",0
"2023-04-28","BAXM24","BAX","BAX","BAX",0,"2024-06-17",0,1,96.1,96.12,100,118,0,7155,0,0.09,96.04,96.13,96.04,0,1496,96.08,65017,0,0,"",0
"2023-04-28","BAXU24","BAX","BAX","BAX",0,"2024-09-18",0,1,96.37,96.4,10,113,0,4816,0,0.1,96.31,96.41,96.29,0,902,96.36,33613,0,0,"",0
"2023-04-28","BAXZ24","BAX","BAX","BAX",0,"2024-12-18",0,1,96.59,0,10,0,0,2536,0,0.1,96.52,96.63,96.52,0,545,96.58,18518,0,0,"",0
"2023-04-28","BAXH25","BAX","BAX","BAX",0,"2025-03-19",0,1,96.76,96.78,75,1,0,1700,0,0.1,96.71,96.81,96.7,0,503,96.74,9693,0,0,"",0
"2023-04-28","BAXM25","BAX","BAX","BAX",0,"2025-06-18",0,1,95.5,97.7,1,1,0,37,0,0.13,96.88,96.9,96.86,0,17,96.85,897,0,0,"",0
"2023-04-28","BAXU25","BAX","BAX","BAX",0,"2025-09-17",0,1,96.25,0,1,0,0,1,0,0.12,96.95,96.95,96.95,0,1,96.91,606,0,0,"",0
"2023-04-28","BAXZ25","BAX","BAX","BAX",0,"2025-12-17",0,1,95.5,97.75,1,1,0,1,0,0.06,96.93,96.93,96.93,0,1,96.95,54,0,0,"",0
"2023-04-28","BAXH26","BAX","BAX","BAX",0,"2026-03-18",0,1,96.86,97.4,1,1,0,1,0,0.01,96.88,96.88,96.88,0,1,96.95,1,0,0,"",0
"2023-05-01","BAXK23","BAX","BAX","BAX",0,"2023-05-15",0,1,0,0,0,0,0,0,0,0,0,0,0,0,0,94.85,0,0,0,"",0
"2023-05-01","BAXM23","BAX","BAX","BAX",0,"2023-06-19",0,1,94.97,94.975,27,175,0,4667,0,-0.01,94.96,94.99,94.96,0,617,94.96,103875,0,0,"",0
"2023-05-01","BAXN23","BAX","BAX","BAX",0,"2023-07-17",0,1,0,0,0,0,0,0,0,0,0,0,0,0,0,95.015,0,0,0,"",0
"2023-05-01","BAXU23","BAX","BAX","BAX",0,"2023-09-18",0,1,95.085,95.095,6,11,0,7979,0,-0.075,95.155,95.16,95.065,0,1625,95.085,106883,0,0,"",0
"2023-05-01","BAXZ23","BAX","BAX","BAX",0,"2023-12-18",0,1,95.26,95.33,2,8,0,7964,0,-0.135,95.43,95.43,95.27,0,1526,95.285,77849,0,0,"",0
"2023-05-01","BAXH24","BAX","BAX","BAX",0,"2024-03-18",0,1,95.63,95.635,100,1,0,9070,0,-0.14,95.785,95.785,95.615,0,1561,95.63,72055,0,0,"",0
"2023-05-01","BAXM24","BAX","BAX","BAX",0,"2024-06-17",0,1,95.95,95.98,6,10,0,3479,0,-0.12,96.08,96.09,95.93,0,835,95.95,63498,0,0,"",0
"2023-05-01","BAXU24","BAX","BAX","BAX",0,"2024-09-18",0,1,96.22,96.25,50,10,0,2451,0,-0.12,96.37,96.37,96.22,0,625,96.23,33930,0,0,"",0
"2023-05-01","BAXZ24","BAX","BAX","BAX",0,"2024-12-18",0,1,96.41,96.46,1,2,0,999,0,-0.12,96.59,96.59,96.44,0,210,96.46,18828,0,0,"",0
"2023-05-01","BAXH25","BAX","BAX","BAX",0,"2025-03-19",0,1,96.59,0,50,0,0,849,0,-0.13,96.75,96.75,96.6,0,300,96.63,9709,0,0,"",0
"2023-05-01","BAXM25","BAX","BAX","BAX",0,"2025-06-18",0,1,95.5,97.7,1,1,0,0,0,0,0,0,0,0,0,96.74,900,0,0,"",0
"2023-05-01","BAXU25","BAX","BAX","BAX",0,"2025-09-17",0,1,96.25,0,1,0,0,0,0,0,0,0,0,0,0,96.8,606,0,0,"",0
"2023-05-01","BAXZ25","BAX","BAX","BAX",0,"2025-12-17",0,1,95.5,97.75,1,1,0,0,0,0,0,0,0,0,0,96.84,55,0,0,"",0
"2023-05-01","BAXH26","BAX","BAX","BAX",0,"2026-03-18",0,1,96.5,97.4,1,1,0,0,0,0,0,0,0,0,0,96.84,2,0,0,"",0
"2023-05-02","BAXK23","BAX","BAX","BAX",0,"2023-05-15",0,1,0,0,0,0,0,0,0,0,0,0,0,0,0,94.885,0,0,0,"",0
"2023-05-02","BAXM23","BAX","BAX","BAX",0,"2023-06-19",0,1,95,95.005,100,52,0,17445,0,0.04,94.965,95.005,94.95,0,1771,94.995,102058,0,0,"",0
"2023-05-02","BAXN23","BAX","BAX","BAX",0,"2023-07-17",0,1,0,0,0,0,0,0,0,0,0,0,0,0,0,95.05,0,0,0,"",0
"2023-05-02","BAXU23","BAX","BAX","BAX",0,"2023-09-18",0,1,95.17,95.18,76,55,0,19754,0,0.09,95.075,95.205,95.06,0,3318,95.165,107027,0,0,"",0
"2023-05-02","BAXZ23","BAX","BAX","BAX",0,"2023-12-18",0,1,95.395,95.505,20,8,0,15666,0,0.115,95.27,95.45,95.27,0,2539,95.4,78617,0,0,"",0
"2023-05-02","BAXH24","BAX","BAX","BAX",0,"2024-03-18",0,1,95.755,95.89,25,4,0,19993,0,0.13,95.635,95.825,95.62,0,4505,95.77,75220,0,0,"",0
"2023-05-02","BAXM24","BAX","BAX","BAX",0,"2024-06-17",0,1,96.08,96.13,9,13,0,10632,0,0.16,95.95,96.17,95.94,0,2527,96.12,64306,0,0,"",0
"2023-05-02","BAXU24","BAX","BAX","BAX",0,"2024-09-18",0,1,96.41,0,5,0,0,8889,0,0.19,96.24,96.48,96.23,0,2284,96.43,34795,0,0,"",0
"2023-05-02","BAXZ24","BAX","BAX","BAX",0,"2024-12-18",0,1,96.41,0,1,0,0,2585,0,0.2,96.47,96.7,96.46,0,646,96.67,19047,0,0,"",0
"2023-05-02","BAXH25","BAX","BAX","BAX",0,"2025-03-19",0,1,96.76,0,12,0,0,1281,0,0.2,96.69,96.87,96.64,0,527,96.84,9611,0,0,"",0
"2023-05-02","BAXM25","BAX","BAX","BAX",0,"2025-06-18",0,1,95.5,97.7,1,1,0,143,0,0.2,96.79,96.97,96.77,0,49,96.95,900,0,0,"",0
"2023-05-02","BAXU25","BAX","BAX","BAX",0,"2025-09-17",0,1,96.25,0,1,0,0,3,0,0.22,97.02,97.02,97.02,0,1,97.01,606,0,0,"",0
"2023-05-02","BAXZ25","BAX","BAX","BAX",0,"2025-12-17",0,1,95.5,97.75,1,1,0,0,0,0,0,0,0,0,0,97.05,55,0,0,"",0
"2023-05-02","BAXH26","BAX","BAX","BAX",0,"2026-03-18",0,1,96.5,97.4,1,1,0,0,0,0,0,0,0,0,0,97.05,1,0,0,"",0
"2023-05-03","BAXK23","BAX","BAX","BAX",0,"2023-05-15",0,1,0,0,0,0,0,0,0,0,0,0,0,0,0,94.89,0,0,0,"",0
"2023-05-03","BAXM23","BAX","BAX","BAX",0,"2023-06-19",0,1,95.005,95.015,30,381,0,10772,0,0.015,95.005,95.02,94.995,0,1038,95,100753,0,0,"",0
"2023-05-03","BAXN23","BAX","BAX","BAX",0,"2023-07-17",0,1,0,0,0,0,0,0,0,0,0,0,0,0,0,95.055,0,0,0,"",0
"2023-05-03","BAXU23","BAX","BAX","BAX",0,"2023-09-18",0,1,95.15,95.235,50,1,0,13320,0,0.04,95.17,95.225,95.155,0,2116,95.165,109466,0,0,"",0
"2023-05-03","BAXZ23","BAX","BAX","BAX",0,"2023-12-18",0,1,95.455,95.49,5,10,0,11911,0,0.065,95.395,95.495,95.39,0,1998,95.41,80319,0,0,"",0
"2023-05-03","BAXH24","BAX","BAX","BAX",0,"2024-03-18",0,1,95.775,95.95,25,5,0,16024,0,0.075,95.75,95.875,95.75,0,3256,95.79,78928,0,0,"",0
"2023-05-03","BAXM24","BAX","BAX","BAX",0,"2024-06-17",0,1,96.19,96.25,25,5,0,8572,0,0.08,96.1,96.23,96.1,0,1646,96.15,65218,0,0,"",0
"2023-05-03","BAXU24","BAX","BAX","BAX",0,"2024-09-18",0,1,96.49,96.84,5,4,0,7488,0,0.08,96.41,96.54,96.41,0,2722,96.46,34731,0,0,"",0
"2023-05-03","BAXZ24","BAX","BAX","BAX",0,"2024-12-18",0,1,96.73,0,20,0,0,2337,0,0.06,96.66,96.77,96.66,0,731,96.69,18963,0,0,"",0
"2023-05-03","BAXH25","BAX","BAX","BAX",0,"2025-03-19",0,1,0,96.9,0,3,0,1106,0,0.05,96.84,96.93,96.84,0,382,96.86,9617,0,0,"",0
"2023-05-03","BAXM25","BAX","BAX","BAX",0,"2025-06-18",0,1,95.5,97.7,1,1,0,246,0,0.05,97,97.02,96.96,0,54,96.97,951,0,0,"",0
"2023-05-03","BAXU25","BAX","BAX","BAX",0,"2025-09-17",0,1,96.25,0,1,0,0,4,0,0,0,0,0,0,2,97.03,606,0,0,"",0
"2023-05-03","BAXZ25","BAX","BAX","BAX",0,"2025-12-17",0,1,95.5,97.75,1,1,0,1,0,0,0,0,0,0,1,97.07,55,0,0,"",0
"2023-05-03","BAXH26","BAX","BAX","BAX",0,"2026-03-18",0,1,96.5,97.4,1,1,0,0,0,0,0,0,0,0,0,97.07,1,0,0,"",0
"2023-05-04","BAXK23","BAX","BAX","BAX",0,"2023-05-15",0,1,0,0,0,0,0,0,0,0,0,0,0,0,0,94.95,0,0,0,"",0
"2023-05-04","BAXM23","BAX","BAX","BAX",0,"2023-06-19",0,1,95.05,95.055,161,10,0,13583,0,0.05,95.035,95.085,95,0,1857,95.06,99368,0,0,"",0
"2023-05-04","BAXN23","BAX","BAX","BAX",0,"2023-07-17",0,1,0,0,0,0,0,0,0,0,0,0,0,0,0,95.115,0,0,0,"",0
"2023-05-04","BAXU23","BAX","BAX","BAX",0,"2023-09-18",0,1,95.245,95.275,50,24,0,18312,0,0.085,95.24,95.325,95.195,0,3425,95.275,109422,0,0,"",0
"2023-05-04","BAXZ23","BAX","BAX","BAX",0,"2023-12-18",0,1,95.485,95.51,4,89,0,20791,0,0.085,95.52,95.605,95.445,0,3662,95.54,78697,0,0,"",0
"2023-05-04","BAXH24","BAX","BAX","BAX",0,"2024-03-18",0,1,95.85,95.885,10,100,0,20031,0,0.075,95.905,96.01,95.82,0,4318,95.92,74778,0,0,"",0
"2023-05-04","BAXM24","BAX","BAX","BAX",0,"2024-06-17",0,1,96.21,96.31,8,5,0,10704,0,0.08,96.22,96.4,96.17,0,2924,96.27,65908,0,0,"",0
"2023-05-04","BAXU24","BAX","BAX","BAX",0,"2024-09-18",0,1,96.5,0,25,0,0,8341,0,0.07,96.53,96.7,96.48,0,2320,96.57,34003,0,0,"",0
"2023-05-04","BAXZ24","BAX","BAX","BAX",0,"2024-12-18",0,1,96.72,96.82,5,25,0,4018,0,0.04,96.75,96.9,96.69,0,977,96.78,18988,0,0,"",0
"2023-05-04","BAXH25","BAX","BAX","BAX",0,"2025-03-19",0,1,96.84,0,49,0,0,2256,0,0.01,96.87,97.04,96.85,0,653,96.92,9562,0,0,"",0
"2023-05-04","BAXM25","BAX","BAX","BAX",0,"2025-06-18",0,1,95.5,97.7,1,1,0,103,0,0.08,97.02,97.07,96.99,0,26,97.01,1079,0,0,"",0
"2023-05-04","BAXU25","BAX","BAX","BAX",0,"2025-09-17",0,1,96.25,0,1,0,0,1,0,0,0,0,0,0,1,97.07,608,0,0,"",0
"2023-05-04","BAXZ25","BAX","BAX","BAX",0,"2025-12-17",0,1,95.5,97.75,1,1,0,0,0,0,0,0,0,0,0,97.11,56,0,0,"",0
"2023-05-04","BAXH26","BAX","BAX","BAX",0,"2026-03-18",0,1,96.5,97.4,1,1,0,0,0,0,0,0,0,0,0,97.11,1,0,0,"",0
"2023-05-05","BAXK23","BAX","BAX","BAX",0,"2023-05-15",0,1,0,0,0,0,0,0,0,0,0,0,0,0,0,94.9,0,0,0,"",0
"2023-05-05","BAXM23","BAX","BAX","BAX",0,"2023-06-19",0,1,95.01,95.02,585,105,0,17380,0,-0.045,95.06,95.065,94.99,0,1114,95.01,97532,0,0,"",0
"2023-05-05","BAXN23","BAX","BAX","BAX",0,"2023-07-17",0,1,0,0,0,0,0,0,0,0,0,0,0,0,0,95.065,0,0,0,"",0
"2023-05-05","BAXU23","BAX","BAX","BAX",0,"2023-09-18",0,1,95.15,95.155,166,10,0,11712,0,-0.125,95.25,95.265,95.095,0,2329,95.15,111819,0,0,"",0
"2023-05-05","BAXZ23","BAX","BAX","BAX",0,"2023-12-18",0,1,95.35,95.69,25,200,0,11774,0,-0.175,95.485,95.52,95.32,0,2433,95.37,80102,0,0,"",0
"2023-05-05","BAXH24","BAX","BAX","BAX",0,"2024-03-18",0,1,95.695,95.755,50,47,0,9646,0,-0.225,95.855,95.88,95.69,0,2234,95.71,76363,0,0,"",0
"2023-05-05","BAXM24","BAX","BAX","BAX",0,"2024-06-17",0,1,96.03,96.11,100,5,0,4381,0,-0.23,96.21,96.22,96.01,0,1342,96.04,66992,0,0,"",0
"2023-05-05","BAXU24","BAX","BAX","BAX",0,"2024-09-18",0,1,0,96.34,0,47,0,5246,0,-0.25,96.51,96.52,96.3,0,1224,96.33,33555,0,0,"",0
"2023-05-05","BAXZ24","BAX","BAX","BAX",0,"2024-12-18",0,1,0,0,0,0,0,1935,0,-0.22,96.7,96.71,96.53,0,606,96.55,18859,0,0,"",0
"2023-05-05","BAXH25","BAX","BAX","BAX",0,"2025-03-19",0,1,96.63,0,24,0,0,1404,0,-0.2,96.84,96.84,96.69,0,456,96.71,9874,0,0,"",0
"2023-05-05","BAXM25","BAX","BAX","BAX",0,"2025-06-18",0,1,95.5,96.85,1,10,0,361,0,-0.2,96.91,96.95,96.81,0,113,96.82,1127,0,0,"",0
"2023-05-05","BAXU25","BAX","BAX","BAX",0,"2025-09-17",0,1,96.25,0,1,0,0,0,0,0,0,0,0,0,0,96.88,609,0,0,"",0
"2023-05-05","BAXZ25","BAX","BAX","BAX",0,"2025-12-17",0,1,95.5,97.75,1,1,0,0,0,0,0,0,0,0,0,96.92,56,0,0,"",0
"2023-05-05","BAXH26","BAX","BAX","BAX",0,"2026-03-18",0,1,96.5,97.4,1,1,0,0,0,0,0,0,0,0,0,96.92,1,0,0,"",0
"2023-05-08","BAXK23","BAX","BAX","BAX",0,"2023-05-15",0,1,0,0,0,0,0,0,0,0,0,0,0,0,0,94.88,0,0,0,"",0
"2023-05-08","BAXM23","BAX","BAX","BAX",0,"2023-06-19",0,1,94.985,94.99,16,55,0,10636,0,-0.025,95.005,95.005,94.985,0,812,94.99,101195,0,0,"",0
"2023-05-08","BAXN23","BAX","BAX","BAX",0,"2023-07-17",0,1,0,0,0,0,0,0,0,0,0,0,0,0,0,95.045,0,0,0,"",0
"2023-05-08","BAXU23","BAX","BAX","BAX",0,"2023-09-18",0,1,95.1,95.115,15,50,0,13314,0,-0.045,95.135,95.14,95.09,0,2406,95.105,116316,0,0,"",0
"2023-05-08","BAXZ23","BAX","BAX","BAX",0,"2023-12-18",0,1,95.315,95.69,100,200,0,10048,0,-0.05,95.355,95.37,95.285,0,2011,95.325,80090,0,0,"",0
"2023-05-08","BAXH24","BAX","BAX","BAX",0,"2024-03-18",0,1,95.635,95.66,100,10,0,8589,0,-0.065,95.635,95.705,95.615,0,1870,95.645,75869,0,0,"",0
"2023-05-08","BAXM24","BAX","BAX","BAX",0,"2024-06-17",0,1,95.95,95.97,29,10,0,3925,0,-0.09,95.95,96.03,95.95,0,1021,95.97,65368,0,0,"",0
"2023-05-08","BAXU24","BAX","BAX","BAX",0,"2024-09-18",0,1,96.21,96.26,5,50,0,5053,0,-0.11,96.31,96.32,96.22,0,1445,96.25,32331,0,0,"",0
"2023-05-08","BAXZ24","BAX","BAX","BAX",0,"2024-12-18",0,1,96.43,0,6,0,0,1336,0,-0.12,96.54,96.54,96.43,0,355,96.47,19140,0,0,"",0
"2023-05-08","BAXH25","BAX","BAX","BAX",0,"2025-03-19",0,1,0,0,0,0,0,506,0,-0.1,96.68,96.68,96.61,0,258,96.63,9602,0,0,"",0
"2023-05-08","BAXM25","BAX","BAX","BAX",0,"2025-06-18",0,1,96.66,97.7,5,1,0,89,0,-0.03,96.78,96.79,96.64,0,18,96.74,1365,0,0,"",0
"2023-05-08","BAXU25","BAX","BAX","BAX",0,"2025-09-17",0,1,96.25,0,1,0,0,0,0,0,0,0,0,0,0,96.81,609,0,0,"",0
"2023-05-08","BAXZ25","BAX","BAX","BAX",0,"2025-12-17",0,1,95.5,97.75,1,1,0,23,0,0,0,0,0,0,1,96.85,56,0,0,"",0
"2023-05-08","BAXH26","BAX","BAX","BAX",0,"2026-03-18",0,1,96.5,97.4,1,1,0,0,0,0,0,0,0,0,0,96.85,1,0,0,"",0
"2023-05-09","BAXK23","BAX","BAX","BAX",0,"2023-05-15",0,1,0,0,0,0,0,0,0,0,0,0,0,0,0,94.875,0,0,0,"",0
"2023-05-09","BAXM23","BAX","BAX","BAX",0,"2023-06-19",0,1,94.985,94.995,102,575,94.99,4913,94.99,0,94.985,95,94.98,466390,358,94.985,100285,0,0,"",0
"2023-05-09","BAXN23","BAX","BAX","BAX",0,"2023-07-17",0,1,0,0,0,0,0,0,0,0,0,0,0,0,0,95.04,0,0,0,"",0
"2023-05-09","BAXU23","BAX","BAX","BAX",0,"2023-09-18",0,1,95.08,95.11,25,50,95.1,6885,95.105,-0.005,95.11,95.125,95.09,654404,1251,95.105,118825,0,0,"",0
"2023-05-09","BAXZ23","BAX","BAX","BAX",0,"2023-12-18",0,1,95.28,95.33,8,5,95.32,5747,95.325,-0.005,95.33,95.355,95.31,547287,1238,95.325,80988,0,0,"",0
"2023-05-09","BAXH24","BAX","BAX","BAX",0,"2024-03-18",0,1,95.55,95.645,5,50,95.645,7205,95.645,0,95.65,95.69,95.63,688432,1440,95.645,76808,0,0,"",0
"2023-05-09","BAXM24","BAX","BAX","BAX",0,"2024-06-17",0,1,95.96,95.97,19,150,95.96,3114,95.97,-0.01,95.97,96.01,95.95,298338,948,95.97,66035,0,0,"",0
"2023-05-09","BAXU24","BAX","BAX","BAX",0,"2024-09-18",0,1,96.21,0,5,0,96.22,4069,96.25,-0.03,96.24,96.3,96.22,391316,1046,96.25,33059,0,0,"",0
"2023-05-09","BAXZ24","BAX","BAX","BAX",0,"2024-12-18",0,1,96.26,96.47,1,196,96.46,2530,96.47,-0.01,96.45,96.52,96.45,243919,478,96.47,19277,0,0,"",0
"2023-05-09","BAXH25","BAX","BAX","BAX",0,"2025-03-19",0,1,96.59,96.64,99,25,96.62,799,96.63,-0.01,96.63,96.68,96.61,77076,258,96.63,9522,0,0,"",0
"2023-05-09","BAXM25","BAX","BAX","BAX",0,"2025-06-18",0,1,95.5,97.7,1,1,96.74,6,96.74,0,96.75,96.75,96.74,578,4,96.74,1446,0,0,"",0
"2023-05-09","BAXU25","BAX","BAX","BAX",0,"2025-09-17",0,1,96.25,0,1,0,0,0,0,0,0,0,0,0,0,96.81,609,0,0,"",0
"2023-05-09","BAXZ25","BAX","BAX","BAX",0,"2025-12-17",0,1,95.5,97.75,1,1,0,0,0,0,0,0,0,0,0,96.85,79,0,0,"",0
"2023-05-09","BAXH26","BAX","BAX","BAX",0,"2026-03-18",0,1,96.5,97.4,1,1,0,0,0,0,0,0,0,0,0,96.85,1,0,0,"",0
"2023-05-10","BAXK23","BAX","BAX","BAX",0,"2023-05-15",0,1,0,0,0,0,0,0,0,0,0,0,0,0,0,94.905,0,0,0,"",0
"2023-05-10","BAXM23","BAX","BAX","BAX",0,"2023-06-19",0,1,95.01,95.015,175,275,0,9025,0,0.025,94.985,95.03,94.975,0,1015,95.015,102452,0,0,"",0
"2023-05-10","BAXN23","BAX","BAX","BAX",0,"2023-07-17",0,1,0,0,0,0,0,0,0,0,0,0,0,0,0,95.07,0,0,0,"",0
"2023-05-10","BAXU23","BAX","BAX","BAX",0,"2023-09-18",0,1,95.16,95.175,20,137,0,12159,0,0.06,95.1,95.195,95.025,0,2534,95.18,117511,0,0,"",0
"2023-05-10","BAXZ23","BAX","BAX","BAX",0,"2023-12-18",0,1,95.395,95.41,100,25,0,15152,0,0.07,95.31,95.43,95.205,0,3439,95.415,84256,0,0,"",0
"2023-05-10","BAXH24","BAX","BAX","BAX",0,"2024-03-18",0,1,95.695,95.77,10,5,0,11948,0,0.085,95.65,95.77,95.54,0,3032,95.755,80036,0,0,"",0
"2023-05-10","BAXM24","BAX","BAX","BAX",0,"2024-06-17",0,1,96.04,96.08,100,86,0,8325,0,0.09,95.96,96.1,95.86,0,2171,96.09,67239,0,0,"",0
"2023-05-10","BAXU24","BAX","BAX","BAX",0,"2024-09-18",0,1,96.35,96.37,9,50,0,7095,0,0.1,96.24,96.38,96.15,0,1843,96.38,34534,0,0,"",0
"2023-05-10","BAXZ24","BAX","BAX","BAX",0,"2024-12-18",0,1,96.58,96.61,16,25,0,6966,0,0.11,96.49,96.6,96.36,0,841,96.6,21194,0,0,"",0
"2023-05-10","BAXH25","BAX","BAX","BAX",0,"2025-03-19",0,1,0,0,0,0,0,2775,0,0.1,96.61,96.75,96.53,0,664,96.74,9992,0,0,"",0
"2023-05-10","BAXM25","BAX","BAX","BAX",0,"2025-06-18",0,1,95.5,97.7,1,1,0,188,0,0.1,96.77,96.86,96.75,0,39,96.85,1451,0,0,"",0
"2023-05-10","BAXU25","BAX","BAX","BAX",0,"2025-09-17",0,1,96.25,0,1,0,0,3,0,0,0,0,0,0,1,96.93,609,0,0,"",0
"2023-05-10","BAXZ25","BAX","BAX","BAX",0,"2025-12-17",0,1,95.5,97.75,1,1,0,0,0,0,0,0,0,0,0,96.98,79,0,0,"",0
"2023-05-10","BAXH26","BAX","BAX","BAX",0,"2026-03-18",0,1,96.5,97.4,1,1,0,0,0,0,0,0,0,0,0,96.98,1,0,0,"",0
"2023-05-11","BAXK23","BAX","BAX","BAX",0,"2023-05-15",0,1,0,0,0,0,0,0,0,0,0,0,0,0,0,94.9,0,0,0,"",0
"2023-05-11","BAXM23","BAX","BAX","BAX",0,"2023-06-19",0,1,95.01,95.015,110,75,0,6235,0,0,95.005,95.03,94.99,0,744,95.01,103872,0,0,"",0
"2023-05-11","BAXN23","BAX","BAX","BAX",0,"2023-07-17",0,1,0,0,0,0,0,0,0,0,0,0,0,0,0,95.065,0,0,0,"",0
"2023-05-11","BAXU23","BAX","BAX","BAX",0,"2023-09-18",0,1,95.175,95.185,34,50,0,8244,0,-0.005,95.15,95.22,95.12,0,1955,95.175,119664,0,0,"",0
"2023-05-11","BAXZ23","BAX","BAX","BAX",0,"2023-12-18",0,1,95.42,95.46,100,2,0,10106,0,0.01,95.39,95.49,95.365,0,1827,95.43,87699,0,0,"",0
"2023-05-11","BAXH24","BAX","BAX","BAX",0,"2024-03-18",0,1,95.68,95.89,4,5,0,7416,0,0.02,95.73,95.85,95.715,0,1595,95.78,77857,0,0,"",0
"2023-05-11","BAXM24","BAX","BAX","BAX",0,"2024-06-17",0,1,96.08,96.13,4,50,0,4808,0,0.03,96.07,96.2,96.06,0,1115,96.12,65644,0,0,"",0
"2023-05-11","BAXU24","BAX","BAX","BAX",0,"2024-09-18",0,1,96.4,96.43,5,50,0,9308,0,0.03,96.36,96.49,96.36,0,1621,96.41,34140,0,0,"",0
"2023-05-11","BAXZ24","BAX","BAX","BAX",0,"2024-12-18",0,1,96.62,0,30,0,0,2910,0,0.03,96.59,96.7,96.59,0,507,96.63,22085,0,0,"",0
"2023-05-11","BAXH25","BAX","BAX","BAX",0,"2025-03-19",0,1,0,0,0,0,0,811,0,0.03,96.75,96.84,96.73,0,318,96.78,10515,0,0,"",0
"2023-05-11","BAXM25","BAX","BAX","BAX",0,"2025-06-18",0,1,95.5,97.7,1,1,0,7,0,0,0,0,0,0,2,96.89,1523,0,0,"",0
"2023-05-11","BAXU25","BAX","BAX","BAX",0,"2025-09-17",0,1,96.25,0,1,0,0,3,0,0,0,0,0,0,1,96.97,612,0,0,"",0
"2023-05-11","BAXZ25","BAX","BAX","BAX",0,"2025-12-17",0,1,95.5,97.75,1,1,0,0,0,0,0,0,0,0,0,97.02,79,0,0,"",0
"2023-05-11","BAXH26","BAX","BAX","BAX",0,"2026-03-18",0,1,96.5,97.4,1,1,0,0,0,0,0,0,0,0,0,97.02,1,0,0,"",0
"2023-05-12","BAXK23","BAX","BAX","BAX",0,"2023-05-15",0,1,0,0,0,0,0,0,0,0,0,0,0,0,0,94.885,0,0,0,"",0
"2023-05-12","BAXM23","BAX","BAX","BAX",0,"2023-06-19",0,1,95,95.005,80,80,0,10970,0,-0.01,95.015,95.02,94.99,0,787,94.995,105317,0,0,"",0
"2023-05-12","BAXN23","BAX","BAX","BAX",0,"2023-07-17",0,1,0,0,0,0,0,0,0,0,0,0,0,0,0,95.05,0,0,0,"",0
"2023-05-12","BAXU23","BAX","BAX","BAX",0,"2023-09-18",0,1,95.065,95.14,25,2,0,6953,0,-0.04,95.185,95.19,95.12,0,1266,95.13,122042,0,0,"",0
"2023-05-12","BAXZ23","BAX","BAX","BAX",0,"2023-12-18",0,1,95.355,95.38,100,2,0,5670,0,-0.07,95.44,95.445,95.35,0,1242,95.36,83470,0,0,"",0
"2023-05-12","BAXH24","BAX","BAX","BAX",0,"2024-03-18",0,1,95.67,95.7,15,2,0,7592,0,-0.08,95.795,95.8,95.685,0,1288,95.7,78136,0,0,"",0
"2023-05-12","BAXM24","BAX","BAX","BAX",0,"2024-06-17",0,1,96,96.04,15,3,0,4502,0,-0.09,96.12,96.14,96.02,0,803,96.03,65437,0,0,"",0
"2023-05-12","BAXU24","BAX","BAX","BAX",0,"2024-09-18",0,1,96.31,0,30,0,0,4179,0,-0.1,96.43,96.43,96.3,0,990,96.32,34639,0,0,"",0
"2023-05-12","BAXZ24","BAX","BAX","BAX",0,"2024-12-18",0,1,96.36,96.56,1,10,0,3482,0,-0.12,96.65,96.65,96.51,0,377,96.52,20099,0,0,"",0
"2023-05-12","BAXH25","BAX","BAX","BAX",0,"2025-03-19",0,1,96.66,0,14,0,0,1439,0,-0.12,96.78,96.78,96.66,0,275,96.66,10441,0,0,"",0
"2023-05-12","BAXM25","BAX","BAX","BAX",0,"2025-06-18",0,1,95.5,97.7,1,1,0,0,0,0,0,0,0,0,0,96.77,1528,0,0,"",0
"2023-05-12","BAXU25","BAX","BAX","BAX",0,"2025-09-17",0,1,96.25,0,1,0,0,0,0,0,0,0,0,0,0,96.85,615,0,0,"",0
"2023-05-12","BAXZ25","BAX","BAX","BAX",0,"2025-12-17",0,1,95.5,97.75,1,1,0,23,0,0,0,0,0,0,1,96.9,79,0,0,"",0
"2023-05-12","BAXH26","BAX","BAX","BAX",0,"2026-03-18",0,1,96.5,97.4,1,1,0,0,0,0,0,0,0,0,0,96.9,1,0,0,"",0
"2023-05-15","BAXK23","BAX","BAX","BAX",0,"2023-05-15",0,1,0,0,0,0,0,0,0,0,0,0,0,0,0,94.975,0,0,0,"",0
"2023-05-15","BAXM23","BAX","BAX","BAX",0,"2023-06-19",0,1,94.965,94.97,10,64,0,8425,0,-0.03,94.995,94.995,94.965,0,897,94.97,105215,0,0,"",0
"2023-05-15","BAXN23","BAX","BAX","BAX",0,"2023-07-17",0,1,0,0,0,0,0,0,0,0,0,0,0,0,0,95.025,0,0,0,"",0
"2023-05-15","BAXU23","BAX","BAX","BAX",0,"2023-09-18",0,1,95.04,95.05,35,21,0,8361,0,-0.08,95.105,95.115,95.045,0,1793,95.065,118100,0,0,"",0
"2023-05-15","BAXZ23","BAX","BAX","BAX",0,"2023-12-18",0,1,0,95.28,0,100,0,7833,0,-0.09,95.33,95.34,95.27,0,1701,95.285,84042,0,0,"",0
"2023-05-15","BAXH24","BAX","BAX","BAX",0,"2024-03-18",0,1,95.55,95.625,5,99,0,9801,0,-0.075,95.67,95.68,95.615,0,1856,95.63,79112,0,0,"",0
"2023-05-15","BAXM24","BAX","BAX","BAX",0,"2024-06-17",0,1,95.95,95.96,10,250,0,5258,0,-0.08,96,96.01,95.95,0,1015,95.96,66159,0,0,"",0
"2023-05-15","BAXU24","BAX","BAX","BAX",0,"2024-09-18",0,1,96.23,96.25,1,28,0,5971,0,-0.07,96.29,96.3,96.24,0,1100,96.25,35528,0,0,"",0
"2023-05-15","BAXZ24","BAX","BAX","BAX",0,"2024-12-18",0,1,96.46,96.48,211,10,0,5501,0,-0.06,96.5,96.51,96.45,0,1027,96.47,21092,0,0,"",0
"2023-05-15","BAXH25","BAX","BAX","BAX",0,"2025-03-19",0,1,96.6,96.63,5,50,0,1675,0,-0.03,96.63,96.67,96.59,0,421,96.62,10271,0,0,"",0
"2023-05-15","BAXM25","BAX","BAX","BAX",0,"2025-06-18",0,1,95.5,97.7,1,1,0,209,0,-0.07,96.74,96.74,96.7,0,166,96.73,1528,0,0,"",0
"2023-05-15","BAXU25","BAX","BAX","BAX",0,"2025-09-17",0,1,96.25,0,1,0,0,90,0,-0.06,96.79,96.79,96.78,0,69,96.81,615,0,0,"",0
"2023-05-15","BAXZ25","BAX","BAX","BAX",0,"2025-12-17",0,1,95.5,97.75,1,1,0,24,0,-0.06,96.85,96.85,96.84,0,3,96.86,102,0,0,"",0
"2023-05-15","BAXH26","BAX","BAX","BAX",0,"2026-03-18",0,1,96.5,97.4,1,1,0,0,0,0,0,0,0,0,0,96.86,1,0,0,"",0
"2023-05-16","BAXM23","BAX","BAX","BAX",0,"2023-06-19",0,1,94.895,94.905,56,54,0,32563,0,-0.065,94.965,94.975,94.865,0,3602,94.89,100673,0,0,"",0
"2023-05-16","BAXN23","BAX","BAX","BAX",0,"2023-07-17",0,1,0,0,0,0,0,0,0,0,0,0,0,0,0,94.945,0,0,0,"",0
"2023-05-16","BAXQ23","BAX","BAX","BAX",0,"2023-08-14",0,1,0,0,0,0,0,0,0,0,0,0,0,0,0,94.97,0,0,0,"",0
"2023-05-16","BAXU23","BAX","BAX","BAX",0,"2023-09-18",0,1,94.87,94.875,20,105,0,34680,0,-0.19,95.07,95.075,94.835,0,5706,94.87,119277,0,0,"",0
"2023-05-16","BAXZ23","BAX","BAX","BAX",0,"2023-12-18",0,1,95.06,95.085,24,120,0,26070,0,-0.225,95.295,95.295,95.02,0,4794,95.05,85329,0,0,"",0
"2023-05-16","BAXH24","BAX","BAX","BAX",0,"2024-03-18",0,1,95.385,95.42,4,48,0,15822,0,-0.21,95.645,95.65,95.375,0,3553,95.405,79930,0,0,"",0
"2023-05-16","BAXM24","BAX","BAX","BAX",0,"2024-06-17",0,1,95.77,95.78,20,11,0,8938,0,-0.19,95.99,95.99,95.73,0,2011,95.76,65375,0,0,"",0
"2023-05-16","BAXU24","BAX","BAX","BAX",0,"2024-09-18",0,1,96.03,96.12,20,25,0,8364,0,-0.18,96.28,96.29,96.04,0,1828,96.07,35315,0,0,"",0
"2023-05-16","BAXZ24","BAX","BAX","BAX",0,"2024-12-18",0,1,96.3,96.32,10,25,0,8050,0,-0.18,96.52,96.52,96.27,0,1224,96.3,22256,0,0,"",0
"2023-05-16","BAXH25","BAX","BAX","BAX",0,"2025-03-19",0,1,0,96.47,0,24,0,3053,0,-0.15,96.65,96.67,96.45,0,632,96.47,10536,0,0,"",0
"2023-05-16","BAXM25","BAX","BAX","BAX",0,"2025-06-18",0,1,95.5,97.7,1,1,0,128,0,-0.16,96.68,96.68,96.57,0,30,96.59,1468,0,0,"",0
"2023-05-16","BAXU25","BAX","BAX","BAX",0,"2025-09-17",0,1,96.53,96.73,3,25,0,11,0,0,0,0,0,0,2,96.69,644,0,0,"",0
"2023-05-16","BAXZ25","BAX","BAX","BAX",0,"2025-12-17",0,1,95.5,97.75,1,1,0,0,0,0,0,0,0,0,0,96.76,126,0,0,"",0
"2023-05-16","BAXH26","BAX","BAX","BAX",0,"2026-03-18",0,1,96.5,97.4,1,1,0,0,0,0,0,0,0,0,0,96.76,1,0,0,"",0
"2023-05-17","BAXM23","BAX","BAX","BAX",0,"2023-06-19",0,1,94.87,94.875,90,264,0,19720,0,-0.02,94.9,94.91,94.86,0,1460,94.865,117440,0,0,"",0
"2023-05-17","BAXN23","BAX","BAX","BAX",0,"2023-07-17",0,1,0,0,0,0,0,0,0,0,0,0,0,0,0,94.92,0,0,0,"",0
"2023-05-17","BAXQ23","BAX","BAX","BAX",0,"2023-08-14",0,1,0,0,0,0,0,0,0,0,0,0,0,0,0,94.945,0,0,0,"",0
"2023-05-17","BAXU23","BAX","BAX","BAX",0,"2023-09-18",0,1,94.8,94.82,83,5,0,22122,0,-0.06,94.87,94.875,94.795,0,3048,94.805,125426,0,0,"",0
"2023-05-17","BAXZ23","BAX","BAX","BAX",0,"2023-12-18",0,1,94.93,94.935,300,2,0,14214,0,-0.115,95.055,95.065,94.925,0,2505,94.935,90595,0,0,"",0
"2023-05-17","BAXH24","BAX","BAX","BAX",0,"2024-03-18",0,1,95.13,95.28,1,23,0,14354,0,-0.125,95.395,95.42,95.26,0,3581,95.27,84076,0,0,"",0
"2023-05-17","BAXM24","BAX","BAX","BAX",0,"2024-06-17",0,1,95.61,95.63,75,53,0,6830,0,-0.14,95.74,95.78,95.61,0,1508,95.62,66727,0,0,"",0
"2023-05-17","BAXU24","BAX","BAX","BAX",0,"2024-09-18",0,1,0,95.94,0,3,0,5803,0,-0.13,96.04,96.09,95.92,0,1395,95.94,35962,0,0,"",0
"2023-05-17","BAXZ24","BAX","BAX","BAX",0,"2024-12-18",0,1,96.2,96.22,25,4,0,4413,0,-0.1,96.28,96.3,96.18,0,737,96.2,24677,0,0,"",0
"2023-05-17","BAXH25","BAX","BAX","BAX",0,"2025-03-19",0,1,0,96.39,0,3,0,1323,0,-0.08,96.45,96.46,96.36,0,341,96.38,10627,0,0,"",0
"2023-05-17","BAXM25","BAX","BAX","BAX",0,"2025-06-18",0,1,95.5,97.7,1,1,0,221,0,-0.08,96.56,96.56,96.51,0,68,96.51,1533,0,0,"",0
"2023-05-17","BAXU25","BAX","BAX","BAX",0,"2025-09-17",0,1,96.25,0,1,0,0,66,0,-0.06,96.63,96.63,96.63,0,17,96.62,644,0,0,"",0
"2023-05-17","BAXZ25","BAX","BAX","BAX",0,"2025-12-17",0,1,96.73,97.75,24,1,0,76,0,-0.03,96.73,96.73,96.73,0,7,96.73,126,0,0,"",0
"2023-05-17","BAXH26","BAX","BAX","BAX",0,"2026-03-18",0,1,96.5,97.4,1,1,0,0,0,0,0,0,0,0,0,96.73,1,0,0,"",0
"2023-05-18","BAXM23","BAX","BAX","BAX",0,"2023-06-19",0,1,94.92,94.925,250,20,0,37344,0,0.055,94.86,94.93,94.81,0,3238,94.915,118304,0,0,"",0
"2023-05-18","BAXN23","BAX","BAX","BAX",0,"2023-07-17",0,1,0,0,0,0,0,0,0,0,0,0,0,0,0,94.97,0,0,0,"",0
"2023-05-18","BAXQ23","BAX","BAX","BAX",0,"2023-08-14",0,1,0,0,0,0,0,0,0,0,0,0,0,0,0,94.995,0,0,0,"",0
"2023-05-18","BAXU23","BAX","BAX","BAX",0,"2023-09-18",0,1,94.86,94.865,10,20,0,42172,0,0.06,94.8,94.865,94.715,0,6314,94.84,123502,0,0,"",0
"2023-05-18","BAXZ23","BAX","BAX","BAX",0,"2023-12-18",0,1,94.935,94.945,12,5,0,30054,0,0.01,94.93,94.97,94.79,0,5309,94.925,92707,0,0,"",0
"2023-05-18","BAXH24","BAX","BAX","BAX",0,"2024-03-18",0,1,95.175,95.265,10,10,0,26522,0,-0.065,95.265,95.265,95.085,0,5603,95.205,87895,0,0,"",0
"2023-05-18","BAXM24","BAX","BAX","BAX",0,"2024-06-17",0,1,95.48,95.6,5,50,0,18423,0,-0.09,95.61,95.63,95.42,0,4480,95.53,67669,0,0,"",0
"2023-05-18","BAXU24","BAX","BAX","BAX",0,"2024-09-18",0,1,0,95.92,0,4,0,9449,0,-0.07,95.94,95.94,95.77,0,2528,95.86,37850,0,0,"",0
"2023-05-18","BAXZ24","BAX","BAX","BAX",0,"2024-12-18",0,1,96.13,96.16,50,17,0,7278,0,-0.04,96.19,96.21,96.05,0,1543,96.14,26978,0,0,"",0
"2023-05-18","BAXH25","BAX","BAX","BAX",0,"2025-03-19",0,1,0,0,0,0,0,2525,0,-0.03,96.39,96.39,96.26,0,836,96.33,10759,0,0,"",0
"2023-05-18","BAXM25","BAX","BAX","BAX",0,"2025-06-18",0,1,0,0,0,0,0,37,0,-0.02,96.47,96.5,96.47,0,17,96.47,1649,0,0,"",0
"2023-05-18","BAXU25","BAX","BAX","BAX",0,"2025-09-17",0,1,0,0,0,0,0,4,0,0,0,0,0,0,4,96.58,647,0,0,"",0
"2023-05-18","BAXZ25","BAX","BAX","BAX",0,"2025-12-17",0,1,96.55,0,10,0,0,0,0,0,0,0,0,0,0,96.68,151,0,0,"",0
"2023-05-18","BAXH26","BAX","BAX","BAX",0,"2026-03-18",0,1,0,97.5,0,1,0,0,0,0,0,0,0,0,0,96.68,1,0,0,"",0
"2023-05-19","BAXM23","BAX","BAX","BAX",0,"2023-06-19",0,1,94.955,94.96,28,89,0,17945,0,0.04,94.92,94.955,94.905,0,1763,94.95,114778,0,0,"",0
"2023-05-19","BAXN23","BAX","BAX","BAX",0,"2023-07-17",0,1,0,0,0,0,0,0,0,0,0,0,0,0,0,95.005,0,0,0,"",0
"2023-05-19","BAXQ23","BAX","BAX","BAX",0,"2023-08-14",0,1,0,0,0,0,0,0,0,0,0,0,0,0,0,95.03,0,0,0,"",0
"2023-05-19","BAXU23","BAX","BAX","BAX",0,"2023-09-18",0,1,94.92,94.93,21,4,0,18291,0,0.08,94.865,94.95,94.835,0,3006,94.925,129904,0,0,"",0
"2023-05-19","BAXZ23","BAX","BAX","BAX",0,"2023-12-18",0,1,94.985,95.015,1,2,0,13481,0,0.07,94.945,95.05,94.915,0,2487,95.005,93906,0,0,"",0
"2023-05-19","BAXH24","BAX","BAX","BAX",0,"2024-03-18",0,1,95.245,95.275,199,42,0,11273,0,0.04,95.21,95.33,95.17,0,2373,95.27,97281,0,0,"",0
"2023-05-19","BAXM24","BAX","BAX","BAX",0,"2024-06-17",0,1,95.55,95.58,2,1,0,8603,0,0.03,95.54,95.65,95.47,0,2015,95.58,72979,0,0,"",0
"2023-05-19","BAXU24","BAX","BAX","BAX",0,"2024-09-18",0,1,95.9,95.92,132,2,0,8110,0,0.05,95.87,95.98,95.79,0,1756,95.91,41674,0,0,"",0
"2023-05-19","BAXZ24","BAX","BAX","BAX",0,"2024-12-18",0,1,96.17,96.2,2,1,0,4038,0,0.06,96.14,96.26,96.08,0,993,96.19,30176,0,0,"",0
"2023-05-19","BAXH25","BAX","BAX","BAX",0,"2025-03-19",0,1,96.36,96.4,2,3,0,1757,0,0.07,96.33,96.46,96.26,0,635,96.39,11443,0,0,"",0
"2023-05-19","BAXM25","BAX","BAX","BAX",0,"2025-06-18",0,1,0,0,0,0,0,58,0,0.08,96.48,96.55,96.48,0,18,96.54,1623,0,0,"",0
"2023-05-19","BAXU25","BAX","BAX","BAX",0,"2025-09-17",0,1,96.53,0,3,0,0,6,0,0,0,0,0,0,2,96.65,647,0,0,"",0
"2023-05-19","BAXZ25","BAX","BAX","BAX",0,"2025-12-17",0,1,0,0,0,0,0,0,0,0,0,0,0,0,0,96.75,151,0,0,"",0
"2023-05-19","BAXH26","BAX","BAX","BAX",0,"2026-03-18",0,1,96,97.5,1,1,0,0,0,0,0,0,0,0,0,96.75,1,0,0,"",0
"2023-05-23","BAXM23","BAX","BAX","BAX",0,"2023-06-19",0,1,94.915,94.92,44,200,0,15841,0,-0.035,94.935,94.935,94.9,0,1382,94.92,105768,0,0,"",0
"2023-05-23","BAXN23","BAX","BAX","BAX",0,"2023-07-17",0,1,0,0,0,0,0,0,0,0,0,0,0,0,0,94.975,0,0,0,"",0
"2023-05-23","BAXQ23","BAX","BAX","BAX",0,"2023-08-14",0,1,0,0,0,0,0,0,0,0,0,0,0,0,0,95,0,0,0,"",0
"2023-05-23","BAXU23","BAX","BAX","BAX",0,"2023-09-18",0,1,94.81,94.835,500,17,0,18325,0,-0.09,94.865,94.9,94.81,0,3197,94.83,123364,0,0,"",0
"2023-05-23","BAXZ23","BAX","BAX","BAX",0,"2023-12-18",0,1,0,94.885,0,5,0,13538,0,-0.12,94.935,94.975,94.855,0,2405,94.875,91639,0,0,"",0
"2023-05-23","BAXH24","BAX","BAX","BAX",0,"2024-03-18",0,1,95.115,95.125,11,52,0,12090,0,-0.15,95.215,95.215,95.085,0,2622,95.11,90413,0,0,"",0
"2023-05-23","BAXM24","BAX","BAX","BAX",0,"2024-06-17",0,1,95.38,95.47,50,5,0,10298,0,-0.17,95.52,95.52,95.37,0,2585,95.42,73928,0,0,"",0
"2023-05-23","BAXU24","BAX","BAX","BAX",0,"2024-09-18",0,1,95.69,95.73,170,28,0,12717,0,-0.18,95.85,95.86,95.69,0,2536,95.76,41299,0,0,"",0
"2023-05-23","BAXZ24","BAX","BAX","BAX",0,"2024-12-18",0,1,96,96.01,65,7,0,9105,0,-0.18,96.14,96.15,95.99,0,2275,96.06,31395,0,0,"",0
"2023-05-23","BAXH25","BAX","BAX","BAX",0,"2025-03-19",0,1,96.2,96.22,9,15,0,3573,0,-0.18,96.33,96.35,96.19,0,1072,96.26,11487,0,0,"",0
"2023-05-23","BAXM25","BAX","BAX","BAX",0,"2025-06-18",0,1,0,0,0,0,0,327,0,-0.19,96.41,96.44,96.35,0,50,96.41,1605,0,0,"",0
"2023-05-23","BAXU25","BAX","BAX","BAX",0,"2025-09-17",0,1,0,0,0,0,0,0,0,0,0,0,0,0,0,96.52,644,0,0,"",0
"2023-05-23","BAXZ25","BAX","BAX","BAX",0,"2025-12-17",0,1,0,0,0,0,0,0,0,0,0,0,0,0,0,96.62,151,0,0,"",0
"2023-05-23","BAXH26","BAX","BAX","BAX",0,"2026-03-18",0,1,96,97.5,1,1,0,0,0,0,0,0,0,0,0,96.62,1,0,0,"",0
"2023-05-24","BAXM23","BAX","BAX","BAX",0,"2023-06-19",0,1,94.885,94.905,117,260,0,18437,0,-0.035,94.915,94.925,94.875,0,1825,94.9,107037,0,0,"",0
"2023-05-24","BAXN23","BAX","BAX","BAX",0,"2023-07-17",0,1,0,0,0,0,0,0,0,0,0,0,0,0,0,94.955,0,0,0,"",0
"2023-05-24","BAXQ23","BAX","BAX","BAX",0,"2023-08-14",0,1,0,0,0,0,0,0,0,0,0,0,0,0,0,94.98,0,0,0,"",0
"2023-05-24","BAXU23","BAX","BAX","BAX",0,"2023-09-18",0,1,94.79,94.8,2000,73,0,19895,0,-0.035,94.81,94.84,94.775,0,3033,94.815,128236,0,0,"",0
"2023-05-24","BAXZ23","BAX","BAX","BAX",0,"2023-12-18",0,1,0,94.82,0,87,0,12613,0,-0.055,94.885,94.895,94.805,0,2380,94.835,95201,0,0,"",0
"2023-05-24","BAXH24","BAX","BAX","BAX",0,"2024-03-18",0,1,94.9,95.035,4,30,0,13059,0,-0.085,95.13,95.145,95.015,0,3226,95.045,94321,0,0,"",0
"2023-05-24","BAXM24","BAX","BAX","BAX",0,"2024-06-17",0,1,0,95.34,0,4,0,9701,0,-0.09,95.43,95.46,95.33,0,2393,95.35,76906,0,0,"",0
"2023-05-24","BAXU24","BAX","BAX","BAX",0,"2024-09-18",0,1,95.67,95.68,30,84,0,6767,0,-0.09,95.74,95.79,95.67,0,1281,95.69,45324,0,0,"",0
"2023-05-24","BAXZ24","BAX","BAX","BAX",0,"2024-12-18",0,1,95.99,96.51,1,1,0,5082,0,-0.07,96.02,96.07,95.98,0,1287,96.01,35527,0,0,"",0
"2023-05-24","BAXH25","BAX","BAX","BAX",0,"2025-03-19",0,1,96.22,96.23,20,25,0,3153,0,-0.04,96.23,96.27,96.22,0,989,96.24,11787,0,0,"",0
"2023-05-24","BAXM25","BAX","BAX","BAX",0,"2025-06-18",0,1,96.39,0,25,0,0,297,0,-0.02,96.41,96.42,96.38,0,62,96.4,1790,0,0,"",0
"2023-05-24","BAXU25","BAX","BAX","BAX",0,"2025-09-17",0,1,0,0,0,0,0,3,0,-0.01,96.51,96.51,96.51,0,1,96.52,644,0,0,"",0
"2023-05-24","BAXZ25","BAX","BAX","BAX",0,"2025-12-17",0,1,0,0,0,0,0,0,0,0,0,0,0,0,0,96.62,151,0,0,"",0
"2023-05-24","BAXH26","BAX","BAX","BAX",0,"2026-03-18",0,1,96,97.5,1,1,0,0,0,0,0,0,0,0,0,96.62,1,0,0,"",0
"2023-05-25","BAXM23","BAX","BAX","BAX",0,"2023-06-19",0,1,94.865,94.88,155,45,0,12303,0,-0.03,94.9,94.905,94.85,0,1856,94.88,105273,0,0,"",0
"2023-05-25","BAXN23","BAX","BAX","BAX",0,"2023-07-17",0,1,0,0,0,0,0,0,0,0,0,0,0,0,0,94.935,0,0,0,"",0
"2023-05-25","BAXQ23","BAX","BAX","BAX",0,"2023-08-14",0,1,0,0,0,0,0,0,0,0,0,0,0,0,0,94.96,0,0,0,"",0
"2023-05-25","BAXU23","BAX","BAX","BAX",0,"2023-09-18",0,1,93.915,94.74,88,25,0,19944,0,-0.08,94.82,94.82,94.735,0,3642,94.77,124719,0,0,"",0
"2023-05-25","BAXZ23","BAX","BAX","BAX",0,"2023-12-18",0,1,94.57,94.74,10,64,0,18320,0,-0.1,94.825,94.83,94.735,0,3122,94.78,93955,0,0,"",0
"2023-05-25","BAXH24","BAX","BAX","BAX",0,"2024-03-18",0,1,94.9,94.915,4,125,0,15295,0,-0.135,95.01,95.035,94.91,0,3291,94.96,97657,0,0,"",0
"2023-05-25","BAXM24","BAX","BAX","BAX",0,"2024-06-17",0,1,95.16,95.25,5,4,0,10034,0,-0.15,95.33,95.34,95.2,0,2074,95.24,77154,0,0,"",0
"2023-05-25","BAXU24","BAX","BAX","BAX",0,"2024-09-18",0,1,0,95.57,0,50,0,6549,0,-0.12,95.68,95.68,95.56,0,1400,95.59,46124,0,0,"",0
"2023-05-25","BAXZ24","BAX","BAX","BAX",0,"2024-12-18",0,1,95.9,95.91,9,4,0,4180,0,-0.11,95.99,96,95.89,0,888,95.92,36767,0,0,"",0
"2023-05-25","BAXH25","BAX","BAX","BAX",0,"2025-03-19",0,1,0,0,0,0,0,2080,0,-0.09,96.23,96.23,96.14,0,735,96.16,11742,0,0,"",0
"2023-05-25","BAXM25","BAX","BAX","BAX",0,"2025-06-18",0,1,0,0,0,0,0,92,0,-0.06,96.37,96.39,96.34,0,25,96.33,1865,0,0,"",0
"2023-05-25","BAXU25","BAX","BAX","BAX",0,"2025-09-17",0,1,0,0,0,0,0,0,0,0,0,0,0,0,0,96.46,644,0,0,"",0
"2023-05-25","BAXZ25","BAX","BAX","BAX",0,"2025-12-17",0,1,0,0,0,0,0,0,0,0,0,0,0,0,0,96.56,151,0,0,"",0
"2023-05-25","BAXH26","BAX","BAX","BAX",0,"2026-03-18",0,1,96,97.5,1,1,0,0,0,0,0,0,0,0,0,96.56,1,0,0,"",0
"2023-05-26","BAXM23","BAX","BAX","BAX",0,"2023-06-19",0,1,94.855,94.86,5,110,0,9208,0,-0.02,94.88,94.9,94.85,0,987,94.86,106044,0,0,"",0
"2023-05-26","BAXN23","BAX","BAX","BAX",0,"2023-07-17",0,1,0,0,0,0,0,0,0,0,0,0,0,0,0,94.915,0,0,0,"",0
"2023-05-26","BAXQ23","BAX","BAX","BAX",0,"2023-08-14",0,1,0,0,0,0,0,0,0,0,0,0,0,0,0,94.94,0,0,0,"",0
"2023-05-26","BAXU23","BAX","BAX","BAX",0,"2023-09-18",0,1,94.725,94.735,41,1,0,9860,0,-0.035,94.77,94.795,94.72,0,1749,94.735,124695,0,0,"",0
"2023-05-26","BAXZ23","BAX","BAX","BAX",0,"2023-12-18",0,1,94.73,94.755,15,130,0,10927,0,-0.035,94.77,94.815,94.71,0,2128,94.74,97165,0,0,"",0
"2023-05-26","BAXH24","BAX","BAX","BAX",0,"2024-03-18",0,1,94.85,95.04,4,25,0,12301,0,-0.06,94.935,94.995,94.855,0,2629,94.895,94920,0,0,"",0
"2023-05-26","BAXM24","BAX","BAX","BAX",0,"2024-06-17",0,1,95.12,95.19,2,5,0,7113,0,-0.09,95.23,95.26,95.09,0,1494,95.14,80109,0,0,"",0
"2023-05-26","BAXU24","BAX","BAX","BAX",0,"2024-09-18",0,1,95.46,95.53,5,1,0,6388,0,-0.1,95.59,95.61,95.43,0,1349,95.47,48017,0,0,"",0
"2023-05-26","BAXZ24","BAX","BAX","BAX",0,"2024-12-18",0,1,95.79,0,5,0,0,3230,0,-0.11,95.91,95.95,95.76,0,691,95.8,37755,0,0,"",0
"2023-05-26","BAXH25","BAX","BAX","BAX",0,"2025-03-19",0,1,96.03,0,5,0,0,1291,0,-0.11,96.16,96.18,95.99,0,415,96.04,11810,0,0,"",0
"2023-05-26","BAXM25","BAX","BAX","BAX",0,"2025-06-18",0,1,0,0,0,0,0,16,0,-0.11,96.26,96.26,96.22,0,3,96.21,1854,0,0,"",0
"2023-05-26","BAXU25","BAX","BAX","BAX",0,"2025-09-17",0,1,0,0,0,0,0,0,0,0,0,0,0,0,0,96.34,644,0,0,"",0
"2023-05-26","BAXZ25","BAX","BAX","BAX",0,"2025-12-17",0,1,0,0,0,0,0,0,0,0,0,0,0,0,0,96.44,151,0,0,"",0
"2023-05-26","BAXH26","BAX","BAX","BAX",0,"2026-03-18",0,1,96,97.5,1,1,0,0,0,0,0,0,0,0,0,96.44,1,0,0,"",0
"2023-05-29","BAXM23","BAX","BAX","BAX",0,"2023-06-19",0,1,94.84,94.845,10,102,94.84,5310,94.86,-0.02,94.865,94.865,94.835,503469,362,94.845,105881,0,0,"",0
"2023-05-29","BAXN23","BAX","BAX","BAX",0,"2023-07-17",0,1,0,0,0,0,0,0,0,0,0,0,0,0,0,94.9,0,0,0,"",0
"2023-05-29","BAXQ23","BAX","BAX","BAX",0,"2023-08-14",0,1,0,0,0,0,0,0,0,0,0,0,0,0,0,94.925,0,0,0,"",0
"2023-05-29","BAXU23","BAX","BAX","BAX",0,"2023-09-18",0,1,94.705,94.725,25,250,94.71,5277,94.735,-0.025,94.715,94.755,94.695,499501,726,94.72,125595,0,0,"",0
"2023-05-29","BAXZ23","BAX","BAX","BAX",0,"2023-12-18",0,1,94.715,94.725,1,200,94.72,3579,94.74,-0.02,94.72,94.76,94.7,338746,595,94.725,97753,0,0,"",0
"2023-05-29","BAXH24","BAX","BAX","BAX",0,"2024-03-18",0,1,94.87,94.89,10,45,94.865,2224,94.895,-0.03,94.855,94.915,94.845,210735,438,94.87,96976,0,0,"",0
"2023-05-29","BAXM24","BAX","BAX","BAX",0,"2024-06-17",0,1,95.1,95.13,7,5,95.1,1038,95.14,-0.04,95.1,95.15,95.1,98652,260,95.11,81015,0,0,"",0
"2023-05-29","BAXU24","BAX","BAX","BAX",0,"2024-09-18",0,1,95.42,95.45,25,139,95.43,1351,95.47,-0.04,95.43,95.49,95.42,128813,276,95.43,49794,0,0,"",0
"2023-05-29","BAXZ24","BAX","BAX","BAX",0,"2024-12-18",0,1,0,0,0,0,95.75,698,95.8,-0.05,95.77,95.81,95.75,66766,168,95.75,38748,0,0,"",0
"2023-05-29","BAXH25","BAX","BAX","BAX",0,"2025-03-19",0,1,95.98,0,25,0,95.99,275,96.04,-0.05,95.99,96.05,95.98,26385,88,95.99,11964,0,0,"",0
"2023-05-29","BAXM25","BAX","BAX","BAX",0,"2025-06-18",0,1,0,0,0,0,0,6,0,0,0,0,0,577,1,96.16,1857,0,0,"",0
"2023-05-29","BAXU25","BAX","BAX","BAX",0,"2025-09-17",0,1,0,0,0,0,0,3,0,0,0,0,0,289,1,96.29,588,0,0,"",0
"2023-05-29","BAXZ25","BAX","BAX","BAX",0,"2025-12-17",0,1,0,0,0,0,0,0,0,0,0,0,0,0,0,96.39,151,0,0,"",0
"2023-05-29","BAXH26","BAX","BAX","BAX",0,"2026-03-18",0,1,96,97.5,1,1,0,0,0,0,0,0,0,0,0,96.39,1,0,0,"",0
"2023-05-30","BAXM23","BAX","BAX","BAX",0,"2023-06-19",0,1,94.875,94.885,60,119,94.88,13393,94.845,0.035,94.86,94.9,94.86,1270065,913,94.88,100756,0,0,"",0
"2023-05-30","BAXN23","BAX","BAX","BAX",0,"2023-07-17",0,1,0,0,0,0,0,0,0,0,0,0,0,0,0,94.935,0,0,0,"",0
"2023-05-30","BAXQ23","BAX","BAX","BAX",0,"2023-08-14",0,1,0,0,0,0,0,0,0,0,0,0,0,0,0,94.96,0,0,0,"",0
"2023-05-30","BAXU23","BAX","BAX","BAX",0,"2023-09-18",0,1,94.755,95.19,20,75,94.77,12581,94.72,0.05,94.725,94.78,94.725,1191169,1675,94.77,125917,0,0,"",0
"2023-05-30","BAXZ23","BAX","BAX","BAX",0,"2023-12-18",0,1,94.755,94.805,50,100,94.795,11703,94.725,0.07,94.73,94.81,94.73,1107941,2129,94.795,97436,0,0,"",0
"2023-05-30","BAXH24","BAX","BAX","BAX",0,"2024-03-18",0,1,94.94,94.965,75,50,94.955,11857,94.87,0.085,94.885,94.97,94.885,1123621,2598,94.95,96553,0,0,"",0
"2023-05-30","BAXM24","BAX","BAX","BAX",0,"2024-06-17",0,1,95.2,95.22,8,2,95.2,10251,95.11,0.09,95.12,95.23,95.12,975159,1873,95.19,81346,0,0,"",0
"2023-05-30","BAXU24","BAX","BAX","BAX",0,"2024-09-18",0,1,95.52,95.69,1,25,95.53,9046,95.43,0.1,95.45,95.56,95.45,863281,1983,95.52,49907,0,0,"",0
"2023-05-30","BAXZ24","BAX","BAX","BAX",0,"2024-12-18",0,1,0,0,0,0,95.86,6235,95.75,0.11,95.77,95.89,95.77,597056,1086,95.85,39385,0,0,"",0
"2023-05-30","BAXH25","BAX","BAX","BAX",0,"2025-03-19",0,1,0,0,0,0,96.09,1916,95.99,0.1,96.07,96.13,96.07,183976,530,96.08,12068,0,0,"",0
"2023-05-30","BAXM25","BAX","BAX","BAX",0,"2025-06-18",0,1,0,96.26,0,32,96.25,213,96.16,0.09,96.28,96.29,96.25,20491,34,96.25,1851,0,0,"",0
"2023-05-30","BAXU25","BAX","BAX","BAX",0,"2025-09-17",0,1,0,0,0,0,0,5,0,0,0,0,0,480,3,96.38,588,0,0,"",0
"2023-05-30","BAXZ25","BAX","BAX","BAX",0,"2025-12-17",0,1,0,0,0,0,96.53,10,96.39,0.14,96.53,96.53,96.53,964,3,96.49,151,0,0,"",0
"2023-05-30","BAXH26","BAX","BAX","BAX",0,"2026-03-18",0,1,96,97.5,1,1,0,0,0,0,0,0,0,0,0,96.49,1,0,0,"",0
"2023-05-31","BAXM23","BAX","BAX","BAX",0,"2023-06-19",0,1,94.86,94.87,85,30,94.865,35493,94.88,-0.015,94.88,94.9,94.845,3366005,2000,94.87,108803,0,0,"",0
"2023-05-31","BAXN23","BAX","BAX","BAX",0,"2023-07-17",0,1,0,0,0,0,0,0,0,0,0,0,0,0,0,94.925,0,0,0,"",0
"2023-05-31","BAXQ23","BAX","BAX","BAX",0,"2023-08-14",0,1,0,0,0,0,0,0,0,0,0,0,0,0,0,94.95,0,0,0,"",0
"2023-05-31","BAXU23","BAX","BAX","BAX",0,"2023-09-18",0,1,94.735,94.76,100,250,94.755,24357,94.77,-0.015,94.78,94.82,94.72,2306173,3356,94.755,128121,0,0,"",0
"2023-05-31","BAXZ23","BAX","BAX","BAX",0,"2023-12-18",0,1,94.785,94.82,99,5,94.785,33934,94.795,-0.01,94.81,94.85,94.735,3213876,4418,94.78,98299,0,0,"",0
"2023-05-31","BAXH24","BAX","BAX","BAX",0,"2024-03-18",0,1,94.95,95.04,25,25,94.97,20529,94.95,0.02,94.98,95.015,94.925,1946407,4412,94.965,95063,0,0,"",0
"2023-05-31","BAXM24","BAX","BAX","BAX",0,"2024-06-17",0,1,95.24,95.28,12,5,95.25,15060,95.19,0.06,95.24,95.28,95.19,1432970,3135,95.24,80638,0,0,"",0
"2023-05-31","BAXU24","BAX","BAX","BAX",0,"2024-09-18",0,1,95.54,95.59,100,100,95.58,11320,95.52,0.06,95.57,95.63,95.52,1080583,2681,95.58,52106,0,0,"",0
"2023-05-31","BAXZ24","BAX","BAX","BAX",0,"2024-12-18",0,1,95.86,0,5,0,95.9,5143,95.85,0.05,95.89,95.95,95.84,492456,1123,95.91,43808,0,0,"",0
"2023-05-31","BAXH25","BAX","BAX","BAX",0,"2025-03-19",0,1,96.11,0,12,0,96.12,1642,96.08,0.04,96.13,96.19,96.07,157676,670,96.14,12465,0,0,"",0
"2023-05-31","BAXM25","BAX","BAX","BAX",0,"2025-06-18",0,1,0,0,0,0,96.29,164,96.25,0.04,96.27,96.29,96.25,15781,16,96.3,1882,0,0,"",0
"2023-05-31","BAXU25","BAX","BAX","BAX",0,"2025-09-17",0,1,0,0,0,0,96.41,10,96.38,0.03,96.41,96.41,96.41,963,3,96.43,588,0,0,"",0
"2023-05-31","BAXZ25","BAX","BAX","BAX",0,"2025-12-17",0,1,0,0,0,0,0,1,0,0,0,0,0,96,1,96.54,160,0,0,"",0
"2023-05-31","BAXH26","BAX","BAX","BAX",0,"2026-03-18",0,1,96,97.5,1,1,0,0,0,0,0,0,0,0,0,96.54,1,0,0,"",0