"Date","Symbol","Class Symbol","Root Symbol","Underlying Symbol","Strike Price","Expiry Date","Call/Put","Ins. Type","Bid Price","Ask Price","Bid Size","Ask Size","Last Price","Volume","Last Close Price","Net Change","Open Price","High Price","Low Price","Total Value","Nb. Trades","Settlement Price","Open Interest","Implied Volatility","Accrued Financing Value","Accrued Financing Date","CORRA Rate"
"2023-06-01","BAXM23","BAX","BAX","BAX",0,"2023-06-19",0,1,94.86,94.865,65,240,0,24372,0,-0.01,94.86,94.885,94.84,0,1427,94.865,111936,0,0,"",0
"2023-06-01","BAXN23","BAX","BAX","BAX",0,"2023-07-17",0,1,0,0,0,0,0,0,0,0,0,0,0,0,0,94.92,0,0,0,"",0
"2023-06-01","BAXQ23","BAX","BAX","BAX",0,"2023-08-14",0,1,0,0,0,0,0,0,0,0,0,0,0,0,0,94.945,0,0,0,"",0
"2023-06-01","BAXU23","BAX","BAX","BAX",0,"2023-09-18",0,1,94.72,94.74,10,9,0,26982,0,-0.02,94.735,94.765,94.695,0,4131,94.75,131373,0,0,"",0
"2023-06-01","BAXZ23","BAX","BAX","BAX",0,"2023-12-18",0,1,94.695,94.79,25,10,0,16297,0,-0.015,94.755,94.8,94.7,0,2804,94.785,104705,0,0,"",0
"2023-06-01","BAXH24","BAX","BAX","BAX",0,"2024-03-18",0,1,94.96,94.965,8,10,0,12558,0,0,94.94,95,94.89,0,2485,94.985,94083,0,0,"",0
"2023-06-01","BAXM24","BAX","BAX","BAX",0,"2024-06-17",0,1,0,95.26,0,30,0,11138,0,0.01,95.22,95.29,95.17,0,1941,95.27,82314,0,0,"",0
"2023-06-01","BAXU24","BAX","BAX","BAX",0,"2024-09-18",0,1,95.55,95.59,100,50,0,8992,0,0,95.55,95.62,95.51,0,1954,95.6,54019,0,0,"",0
"2023-06-01","BAXZ24","BAX","BAX","BAX",0,"2024-12-18",0,1,95.89,0,10,0,0,4146,0,0,95.88,95.93,95.83,0,1226,95.92,42459,0,0,"",0
"2023-06-01","BAXH25","BAX","BAX","BAX",0,"2025-03-19",0,1,96.14,96.16,7,12,0,2486,0,0,96.1,96.14,96.06,0,679,96.14,12717,0,0,"",0
"2023-06-01","BAXM25","BAX","BAX","BAX",0,"2025-06-18",0,1,0,96.31,0,25,0,488,0,-0.01,96.28,96.29,96.26,0,67,96.3,1910,0,0,"",0
"2023-06-01","BAXU25","BAX","BAX","BAX",0,"2025-09-17",0,1,96.4,96.46,100,50,0,90,0,0.01,96.42,96.44,96.39,0,11,96.43,588,0,0,"",0
"2023-06-01","BAXZ25","BAX","BAX","BAX",0,"2025-12-17",0,1,0,97.2,0,1,0,0,0,0,0,0,0,0,0,96.55,161,0,0,"",0
"2023-06-01","BAXH26","BAX","BAX","BAX",0,"2026-03-18",0,1,96,97.5,1,1,0,0,0,0,0,0,0,0,0,96.55,1,0,0,"",0
"2023-06-02","BAXM23","BAX","BAX","BAX",0,"2023-06-19",0,1,94.82,94.825,1254,55,0,27884,0,-0.04,94.845,94.86,94.815,0,1658,94.83,116014,0,0,"",0
"2023-06-02","BAXN23","BAX","BAX","BAX",0,"2023-07-17",0,1,0,0,0,0,0,0,0,0,0,0,0,0,0,94.885,0,0,0,"",0
"2023-06-02","BAXQ23","BAX","BAX","BAX",0,"2023-08-14",0,1,0,0,0,0,0,0,0,0,0,0,0,0,0,94.91,0,0,0,"",0
"2023-06-02","BAXU23","BAX","BAX","BAX",0,"2023-09-18",0,1,94.665,94.685,104,25,0,20931,0,-0.08,94.715,94.74,94.665,0,2795,94.68,131092,0,0,"",0
"2023-06-02","BAXZ23","BAX","BAX","BAX",0,"2023-12-18",0,1,94.675,94.695,10,50,0,11858,0,-0.11,94.75,94.785,94.675,0,2042,94.69,108256,0,0,"",0
"2023-06-02","BAXH24","BAX","BAX","BAX",0,"2024-03-18",0,1,94.8,94.9,4,100,0,11724,0,-0.12,94.945,94.99,94.86,0,2386,94.88,94112,0,0,"",0
"2023-06-02","BAXM24","BAX","BAX","BAX",0,"2024-06-17",0,1,0,95.17,0,50,0,8903,0,-0.13,95.24,95.27,95.14,0,1684,95.16,85709,0,0,"",0
"2023-06-02","BAXU24","BAX","BAX","BAX",0,"2024-09-18",0,1,95.44,95.53,4,25,0,11543,0,-0.12,95.57,95.6,95.47,0,1979,95.49,56851,0,0,"",0
"2023-06-02","BAXZ24","BAX","BAX","BAX",0,"2024-12-18",0,1,95.8,95.82,22,10,0,6691,0,-0.11,95.9,95.91,95.8,0,1174,95.81,43769,0,0,"",0
"2023-06-02","BAXH25","BAX","BAX","BAX",0,"2025-03-19",0,1,96.05,96.06,50,152,0,2982,0,-0.08,96.12,96.14,96.05,0,694,96.06,12977,0,0,"",0
"2023-06-02","BAXM25","BAX","BAX","BAX",0,"2025-06-18",0,1,0,0,0,0,0,153,0,-0.08,96.26,96.26,96.22,0,22,96.24,1836,0,0,"",0
"2023-06-02","BAXU25","BAX","BAX","BAX",0,"2025-09-17",0,1,0,0,0,0,0,1,0,0,0,0,0,0,1,96.39,638,0,0,"",0
"2023-06-02","BAXZ25","BAX","BAX","BAX",0,"2025-12-17",0,1,0,97.2,0,1,0,0,0,0,0,0,0,0,0,96.52,161,0,0,"",0
"2023-06-02","BAXH26","BAX","BAX","BAX",0,"2026-03-18",0,1,96,97.5,1,1,0,0,0,0,0,0,0,0,0,96.52,1,0,0,"",0
"2023-06-05","BAXM23","BAX","BAX","BAX",0,"2023-06-19",0,1,94.81,94.815,216,43,0,18104,0,-0.015,94.815,94.825,94.795,0,1644,94.815,122217,0,0,"",0
"2023-06-05","BAXN23","BAX","BAX","BAX",0,"2023-07-17",0,1,0,0,0,0,0,0,0,0,0,0,0,0,0,94.87,0,0,0,"",0
"2023-06-05","BAXQ23","BAX","BAX","BAX",0,"2023-08-14",0,1,0,0,0,0,0,0,0,0,0,0,0,0,0,94.895,0,0,0,"",0
"2023-06-05","BAXU23","BAX","BAX","BAX",0,"2023-09-18",0,1,94.625,94.635,14,5,0,22954,0,-0.045,94.66,94.67,94.615,0,3142,94.64,132791,0,0,"",0
"2023-06-05","BAXZ23","BAX","BAX","BAX",0,"2023-12-18",0,1,94.65,94.69,100,39,0,11884,0,-0.035,94.67,94.71,94.615,0,1935,94.655,106563,0,0,"",0
"2023-06-05","BAXH24","BAX","BAX","BAX",0,"2024-03-18",0,1,94.75,94.85,5,67,0,10501,0,-0.035,94.845,94.915,94.795,0,2599,94.845,95400,0,0,"",0
"2023-06-05","BAXM24","BAX","BAX","BAX",0,"2024-06-17",0,1,0,95.14,0,5,0,7493,0,-0.03,95.11,95.21,95.06,0,1535,95.12,87686,0,0,"",0
"2023-06-05","BAXU24","BAX","BAX","BAX",0,"2024-09-18",0,1,95.45,95.5,10,5,0,11517,0,-0.03,95.45,95.56,95.39,0,2078,95.46,58198,0,0,"",0
"2023-06-05","BAXZ24","BAX","BAX","BAX",0,"2024-12-18",0,1,95.78,95.79,10,24,0,6097,0,-0.02,95.77,95.9,95.72,0,1033,95.8,45504,0,0,"",0
"2023-06-05","BAXH25","BAX","BAX","BAX",0,"2025-03-19",0,1,96.05,96.06,4,19,0,3325,0,-0.01,96.01,96.17,95.97,0,770,96.06,12615,0,0,"",0
"2023-06-05","BAXM25","BAX","BAX","BAX",0,"2025-06-18",0,1,0,0,0,0,0,218,0,0.01,96.25,96.28,96.25,0,25,96.25,1796,0,0,"",0
"2023-06-05","BAXU25","BAX","BAX","BAX",0,"2025-09-17",0,1,0,0,0,0,0,59,0,0,0,0,0,0,5,96.4,638,0,0,"",0
"2023-06-05","BAXZ25","BAX","BAX","BAX",0,"2025-12-17",0,1,0,97.2,0,1,0,50,0,0.03,96.55,96.55,96.55,0,2,96.53,161,0,0,"",0
"2023-06-05","BAXH26","BAX","BAX","BAX",0,"2026-03-18",0,1,96,97.5,1,1,0,0,0,0,0,0,0,0,0,96.59,1,0,0,"",0
"2023-06-06","BAXM23","BAX","BAX","BAX",0,"2023-06-19",0,1,94.81,94.815,60,144,0,24376,0,0,94.805,94.825,94.78,0,1297,94.805,114810,0,0,"",0
"2023-06-06","BAXN23","BAX","BAX","BAX",0,"2023-07-17",0,1,0,0,0,0,0,0,0,0,0,0,0,0,0,94.86,0,0,0,"",0
"2023-06-06","BAXQ23","BAX","BAX","BAX",0,"2023-08-14",0,1,0,0,0,0,0,0,0,0,0,0,0,0,0,94.885,0,0,0,"",0
"2023-06-06","BAXU23","BAX","BAX","BAX",0,"2023-09-18",0,1,94.61,94.615,200,103,0,16393,0,-0.03,94.63,94.655,94.585,0,2077,94.595,129442,0,0,"",0
"2023-06-06","BAXZ23","BAX","BAX","BAX",0,"2023-12-18",0,1,94.605,94.615,4,50,0,15554,0,-0.045,94.65,94.675,94.6,0,1915,94.605,104085,0,0,"",0
"2023-06-06","BAXH24","BAX","BAX","BAX",0,"2024-03-18",0,1,94.745,94.79,150,10,0,10402,0,-0.055,94.845,94.865,94.775,0,2030,94.795,95189,0,0,"",0
"2023-06-06","BAXM24","BAX","BAX","BAX",0,"2024-06-17",0,1,95.07,95.09,4,50,0,11425,0,-0.04,95.12,95.15,95.06,0,2069,95.08,87146,0,0,"",0
"2023-06-06","BAXU24","BAX","BAX","BAX",0,"2024-09-18",0,1,95.41,95.43,6,2,0,9041,0,-0.04,95.47,95.49,95.39,0,1753,95.41,57928,0,0,"",0
"2023-06-06","BAXZ24","BAX","BAX","BAX",0,"2024-12-18",0,1,95.73,95.81,30,5,0,4624,0,-0.06,95.8,95.82,95.72,0,754,95.73,45348,0,0,"",0
"2023-06-06","BAXH25","BAX","BAX","BAX",0,"2025-03-19",0,1,95.99,96.04,3,5,0,1375,0,-0.06,96.04,96.09,95.98,0,413,95.98,13435,0,0,"",0
"2023-06-06","BAXM25","BAX","BAX","BAX",0,"2025-06-18",0,1,96.17,0,24,0,0,254,0,-0.08,96.22,96.23,96.17,0,18,96.17,1670,0,0,"",0
"2023-06-06","BAXU25","BAX","BAX","BAX",0,"2025-09-17",0,1,0,0,0,0,0,6,0,0,0,0,0,0,1,96.33,638,0,0,"",0
"2023-06-06","BAXZ25","BAX","BAX","BAX",0,"2025-12-17",0,1,0,97.2,0,1,0,0,0,0,0,0,0,0,0,96.46,211,0,0,"",0
"2023-06-06","BAXH26","BAX","BAX","BAX",0,"2026-03-18",0,1,96,97.5,1,1,0,0,0,0,0,0,0,0,0,96.54,1,0,0,"",0
"2023-06-07","BAXM23","BAX","BAX","BAX",0,"2023-06-19",0,1,94.665,94.675,167,450,0,55431,0,-0.135,94.815,94.845,94.65,0,5313,94.67,117146,0,0,"",0
"2023-06-07","BAXN23","BAX","BAX","BAX",0,"2023-07-17",0,1,0,0,0,0,0,0,0,0,0,0,0,0,0,94.725,0,0,0,"",0
"2023-06-07","BAXQ23","BAX","BAX","BAX",0,"2023-08-14",0,1,0,0,0,0,0,0,0,0,0,0,0,0,0,94.75,0,0,0,"",0
"2023-06-07","BAXU23","BAX","BAX","BAX",0,"2023-09-18",0,1,94.42,94.425,50,10,0,45117,0,-0.175,94.625,94.65,94.405,0,7418,94.425,129617,0,0,"",0
"2023-06-07","BAXZ23","BAX","BAX","BAX",0,"2023-12-18",0,1,94.37,94.385,100,54,0,49603,0,-0.23,94.61,94.64,94.355,0,8170,94.38,103063,0,0,"",0
"2023-06-07","BAXH24","BAX","BAX","BAX",0,"2024-03-18",0,1,94.55,94.56,5,3,0,34220,0,-0.235,94.795,94.835,94.53,0,8667,94.565,98127,0,0,"",0
"2023-06-07","BAXM24","BAX","BAX","BAX",0,"2024-06-17",0,1,94.82,94.9,9,10,0,23132,0,-0.24,95.07,95.11,94.81,0,6450,94.84,89577,0,0,"",0
"2023-06-07","BAXU24","BAX","BAX","BAX",0,"2024-09-18",0,1,95.17,95.21,34,5,0,28559,0,-0.24,95.43,95.43,95.13,0,6632,95.16,60914,0,0,"",0
"2023-06-07","BAXZ24","BAX","BAX","BAX",0,"2024-12-18",0,1,95.45,95.9,30,50,0,18937,0,-0.25,95.75,95.76,95.44,0,4377,95.47,43598,0,0,"",0
"2023-06-07","BAXH25","BAX","BAX","BAX",0,"2025-03-19",0,1,95.7,0,5,0,0,6770,0,-0.24,96.02,96.02,95.7,0,1702,95.72,13388,0,0,"",0
"2023-06-07","BAXM25","BAX","BAX","BAX",0,"2025-06-18",0,1,0,0,0,0,0,593,0,-0.25,95.98,96.03,95.92,0,81,95.92,1795,0,0,"",0
"2023-06-07","BAXU25","BAX","BAX","BAX",0,"2025-09-17",0,1,0,0,0,0,0,166,0,0,0,0,0,0,8,96.09,638,0,0,"",0
"2023-06-07","BAXZ25","BAX","BAX","BAX",0,"2025-12-17",0,1,0,97.2,0,1,0,52,0,0,0,0,0,0,2,96.24,211,0,0,"",0
"2023-06-07","BAXH26","BAX","BAX","BAX",0,"2026-03-18",0,1,96,97.5,1,1,0,2,0,0,0,0,0,0,1,96.36,1,0,0,"",0
"2023-06-08","BAXM23","BAX","BAX","BAX",0,"2023-06-19",0,1,94.68,94.695,365,292,0,18965,0,0.015,94.67,94.7,94.67,0,964,94.69,130521,0,0,"",0
"2023-06-08","BAXN23","BAX","BAX","BAX",0,"2023-07-17",0,1,0,0,0,0,0,0,0,0,0,0,0,0,0,94.745,0,0,0,"",0
"2023-06-08","BAXQ23","BAX","BAX","BAX",0,"2023-08-14",0,1,0,0,0,0,0,0,0,0,0,0,0,0,0,94.77,0,0,0,"",0
"2023-06-08","BAXU23","BAX","BAX","BAX",0,"2023-09-18",0,1,94.435,94.45,35,22,0,17330,0,0.015,94.425,94.5,94.41,0,2018,94.465,143366,0,0,"",0
"2023-06-08","BAXZ23","BAX","BAX","BAX",0,"2023-12-18",0,1,94.39,94.415,6,1,0,19299,0,0.015,94.38,94.47,94.355,0,2889,94.43,128206,0,0,"",0
"2023-06-08","BAXH24","BAX","BAX","BAX",0,"2024-03-18",0,1,94.575,94.595,1,1,0,17425,0,0.02,94.545,94.665,94.535,0,3263,94.62,106944,0,0,"",0
"2023-06-08","BAXM24","BAX","BAX","BAX",0,"2024-06-17",0,1,0,94.99,0,9,0,9916,0,0.03,94.87,94.94,94.82,0,1969,94.91,96965,0,0,"",0
"2023-06-08","BAXU24","BAX","BAX","BAX",0,"2024-09-18",0,1,0,95.3,0,100,0,6730,0,0.05,95.17,95.27,95.14,0,1513,95.24,72217,0,0,"",0
"2023-06-08","BAXZ24","BAX","BAX","BAX",0,"2024-12-18",0,1,95.53,95.58,26,50,0,3850,0,0.06,95.47,95.58,95.46,0,895,95.55,49043,0,0,"",0
"2023-06-08","BAXH25","BAX","BAX","BAX",0,"2025-03-19",0,1,95.76,95.81,13,2,0,2932,0,0.08,95.72,95.83,95.72,0,524,95.81,16355,0,0,"",0
"2023-06-08","BAXM25","BAX","BAX","BAX",0,"2025-06-18",0,1,0,0,0,0,0,1122,0,0.1,96,96.02,95.99,0,162,96.01,2254,0,0,"",0
"2023-06-08","BAXU25","BAX","BAX","BAX",0,"2025-09-17",0,1,0,0,0,0,0,111,0,0.08,96.17,96.17,96.17,0,28,96.18,783,0,0,"",0
"2023-06-08","BAXZ25","BAX","BAX","BAX",0,"2025-12-17",0,1,0,97.2,0,1,0,0,0,0,0,0,0,0,0,96.33,211,0,0,"",0
"2023-06-08","BAXH26","BAX","BAX","BAX",0,"2026-03-18",0,1,96,97.5,1,1,0,0,0,0,0,0,0,0,0,96.45,3,0,0,"",0
"2023-06-09","BAXM23","BAX","BAX","BAX",0,"2023-06-19",0,1,94.695,94.7,403,336,0,21757,0,0.005,94.695,94.73,94.68,0,1178,94.705,111122,0,0,"",0
"2023-06-09","BAXN23","BAX","BAX","BAX",0,"2023-07-17",0,1,0,0,0,0,0,0,0,0,0,0,0,0,0,94.76,0,0,0,"",0
"2023-06-09","BAXQ23","BAX","BAX","BAX",0,"2023-08-14",0,1,0,0,0,0,0,0,0,0,0,0,0,0,0,94.785,0,0,0,"",0
"2023-06-09","BAXU23","BAX","BAX","BAX",0,"2023-09-18",0,1,94.47,94.49,293,11,0,21788,0,0.01,94.44,94.52,94.4,0,3131,94.49,131577,0,0,"",0
"2023-06-09","BAXZ23","BAX","BAX","BAX",0,"2023-12-18",0,1,94.43,94.46,30,250,0,22874,0,0.01,94.4,94.5,94.34,0,3353,94.455,111753,0,0,"",0
"2023-06-09","BAXH24","BAX","BAX","BAX",0,"2024-03-18",0,1,94.6,94.625,10,25,0,21336,0,0,94.585,94.685,94.52,0,3748,94.635,102536,0,0,"",0
"2023-06-09","BAXM24","BAX","BAX","BAX",0,"2024-06-17",0,1,0,94.92,0,82,0,12796,0,-0.01,94.86,94.97,94.82,0,2523,94.92,97585,0,0,"",0
"2023-06-09","BAXU24","BAX","BAX","BAX",0,"2024-09-18",0,1,95.24,95.27,40,100,0,12129,0,0,95.2,95.31,95.15,0,2692,95.26,64253,0,0,"",0
"2023-06-09","BAXZ24","BAX","BAX","BAX",0,"2024-12-18",0,1,95.55,95.57,50,42,0,6759,0,0.01,95.5,95.63,95.47,0,1294,95.57,42774,0,0,"",0
"2023-06-09","BAXH25","BAX","BAX","BAX",0,"2025-03-19",0,1,0,95.84,0,28,0,3058,0,0,95.76,95.9,95.73,0,873,95.82,15524,0,0,"",0
"2023-06-09","BAXM25","BAX","BAX","BAX",0,"2025-06-18",0,1,0,0,0,0,0,74,0,0,95.96,96.1,95.96,0,21,96.02,2770,0,0,"",0
"2023-06-09","BAXU25","BAX","BAX","BAX",0,"2025-09-17",0,1,0,0,0,0,0,25,0,0,0,0,0,0,3,96.19,655,0,0,"",0
"2023-06-09","BAXZ25","BAX","BAX","BAX",0,"2025-12-17",0,1,0,97.2,0,1,0,2,0,0,0,0,0,0,1,96.34,161,0,0,"",0
"2023-06-09","BAXH26","BAX","BAX","BAX",0,"2026-03-18",0,1,96,97.5,1,1,0,2,0,0,0,0,0,0,1,96.46,1,0,0,"",0
"2023-06-12","BAXM23","BAX","BAX","BAX",0,"2023-06-19",0,1,94.695,94.705,306,630,0,12711,0,-0.005,94.685,94.705,94.685,0,751,94.705,107825,0,0,"",0
"2023-06-12","BAXN23","BAX","BAX","BAX",0,"2023-07-17",0,1,0,0,0,0,0,0,0,0,0,0,0,0,0,94.76,0,0,0,"",0
"2023-06-12","BAXQ23","BAX","BAX","BAX",0,"2023-08-14",0,1,0,0,0,0,0,0,0,0,0,0,0,0,0,94.785,0,0,0,"",0
"2023-06-12","BAXU23","BAX","BAX","BAX",0,"2023-09-18",0,1,94.5,94.51,30,3,0,12884,0,0.015,94.455,94.525,94.435,0,1831,94.515,131335,0,0,"",0
"2023-06-12","BAXZ23","BAX","BAX","BAX",0,"2023-12-18",0,1,94.49,94.52,1,15,0,19933,0,0.055,94.49,94.525,94.395,0,3113,94.515,113878,0,0,"",0
"2023-06-12","BAXH24","BAX","BAX","BAX",0,"2024-03-18",0,1,94.615,94.68,5,20,0,13465,0,0.04,94.605,94.69,94.57,0,2784,94.675,104348,0,0,"",0
"2023-06-12","BAXM24","BAX","BAX","BAX",0,"2024-06-17",0,1,94.94,95.06,100,1,0,8277,0,0.04,94.89,94.99,94.86,0,1772,94.94,94533,0,0,"",0
"2023-06-12","BAXU24","BAX","BAX","BAX",0,"2024-09-18",0,1,0,95.3,0,10,0,4865,0,0.03,95.22,95.32,95.2,0,1415,95.27,62225,0,0,"",0
"2023-06-12","BAXZ24","BAX","BAX","BAX",0,"2024-12-18",0,1,0,95.64,0,27,0,5822,0,0.03,95.54,95.64,95.51,0,702,95.58,43570,0,0,"",0
"2023-06-12","BAXH25","BAX","BAX","BAX",0,"2025-03-19",0,1,95.78,0,29,0,0,1327,0,0.02,95.78,95.89,95.76,0,321,95.83,15293,0,0,"",0
"2023-06-12","BAXM25","BAX","BAX","BAX",0,"2025-06-18",0,1,0,96.02,0,25,0,268,0,-0.02,96.03,96.06,96,0,120,96.01,2760,0,0,"",0
"2023-06-12","BAXU25","BAX","BAX","BAX",0,"2025-09-17",0,1,0,0,0,0,0,1,0,-0.01,96.18,96.18,96.18,0,1,96.17,665,0,0,"",0
"2023-06-12","BAXZ25","BAX","BAX","BAX",0,"2025-12-17",0,1,0,97.2,0,1,0,0,0,0,0,0,0,0,0,96.32,161,0,0,"",0
"2023-06-12","BAXH26","BAX","BAX","BAX",0,"2026-03-18",0,1,96,97.5,1,1,0,0,0,0,0,0,0,0,0,96.46,3,0,0,"",0
"2023-06-13","BAXM23","BAX","BAX","BAX",0,"2023-06-19",0,1,94.705,94.715,1131,1469,0,18369,0,0.005,94.7,94.72,94.7,0,845,94.705,108643,0,0,"",0
"2023-06-13","BAXN23","BAX","BAX","BAX",0,"2023-07-17",0,1,0,0,0,0,0,0,0,0,0,0,0,0,0,94.76,0,0,0,"",0
"2023-06-13","BAXQ23","BAX","BAX","BAX",0,"2023-08-14",0,1,0,0,0,0,0,0,0,0,0,0,0,0,0,94.785,0,0,0,"",0
"2023-06-13","BAXU23","BAX","BAX","BAX",0,"2023-09-18",0,1,94.45,94.475,34,10,0,18121,0,-0.045,94.515,94.545,94.45,0,2691,94.455,134029,0,0,"",0
"2023-06-13","BAXZ23","BAX","BAX","BAX",0,"2023-12-18",0,1,0,94.42,0,60,0,17203,0,-0.095,94.525,94.56,94.395,0,3108,94.41,116394,0,0,"",0
"2023-06-13","BAXH24","BAX","BAX","BAX",0,"2024-03-18",0,1,94.4,94.645,6,3,0,12878,0,-0.13,94.69,94.735,94.525,0,3424,94.535,106743,0,0,"",0
"2023-06-13","BAXM24","BAX","BAX","BAX",0,"2024-06-17",0,1,0,94.9,0,30,0,10175,0,-0.13,94.96,95.03,94.78,0,2439,94.79,94865,0,0,"",0
"2023-06-13","BAXU24","BAX","BAX","BAX",0,"2024-09-18",0,1,0,95.24,0,3,0,11847,0,-0.13,95.3,95.37,95.12,0,2128,95.12,62024,0,0,"",0
"2023-06-13","BAXZ24","BAX","BAX","BAX",0,"2024-12-18",0,1,0,95.48,0,10,0,8381,0,-0.12,95.59,95.68,95.43,0,1728,95.43,44094,0,0,"",0
"2023-06-13","BAXH25","BAX","BAX","BAX",0,"2025-03-19",0,1,95.68,0,10,0,0,5819,0,-0.12,95.77,95.93,95.67,0,1053,95.68,15168,0,0,"",0
"2023-06-13","BAXM25","BAX","BAX","BAX",0,"2025-06-18",0,1,95.84,95.93,2,2,0,482,0,-0.14,96.02,96.02,95.86,0,62,95.87,2901,0,0,"",0
"2023-06-13","BAXU25","BAX","BAX","BAX",0,"2025-09-17",0,1,0,0,0,0,0,429,0,-0.14,96.18,96.18,96.03,0,34,96.03,665,0,0,"",0
"2023-06-13","BAXZ25","BAX","BAX","BAX",0,"2025-12-17",0,1,0,97.2,0,1,0,0,0,0,0,0,0,0,0,96.18,161,0,0,"",0
"2023-06-13","BAXH26","BAX","BAX","BAX",0,"2026-03-18",0,1,96,97.5,1,1,0,0,0,0,0,0,0,0,0,96.35,1,0,0,"",0
"2023-06-14","BAXM23","BAX","BAX","BAX",0,"2023-06-19",0,1,94.72,94.725,100,1381,0,20310,0,0.02,94.71,94.725,94.705,0,688,94.725,112099,0,0,"",0
"2023-06-14","BAXN23","BAX","BAX","BAX",0,"2023-07-17",0,1,0,0,0,0,0,0,0,0,0,0,0,0,0,94.78,0,0,0,"",0
"2023-06-14","BAXQ23","BAX","BAX","BAX",0,"2023-08-14",0,1,0,0,0,0,0,0,0,0,0,0,0,0,0,94.805,0,0,0,"",0
"2023-06-14","BAXU23","BAX","BAX","BAX",0,"2023-09-18",0,1,94.49,94.59,27,50,0,25367,0,0.04,94.465,94.54,94.46,0,3913,94.505,138801,0,0,"",0
"2023-06-14","BAXZ23","BAX","BAX","BAX",0,"2023-12-18",0,1,94.42,94.7,5,10,0,14299,0,0.04,94.41,94.495,94.395,0,2666,94.455,128160,0,0,"",0
"2023-06-14","BAXH24","BAX","BAX","BAX",0,"2024-03-18",0,1,94.56,94.715,16,8,0,13661,0,0.03,94.54,94.635,94.505,0,2982,94.575,108508,0,0,"",0
"2023-06-14","BAXM24","BAX","BAX","BAX",0,"2024-06-17",0,1,94.81,95.14,2,15,0,14178,0,0.03,94.81,94.9,94.76,0,3122,94.83,96239,0,0,"",0
"2023-06-14","BAXU24","BAX","BAX","BAX",0,"2024-09-18",0,1,95.13,95.28,5,4,0,8422,0,0.05,95.15,95.24,95.11,0,1902,95.18,64202,0,0,"",0
"2023-06-14","BAXZ24","BAX","BAX","BAX",0,"2024-12-18",0,1,95.5,95.59,15,5,0,9380,0,0.06,95.47,95.58,95.44,0,1848,95.51,46962,0,0,"",0
"2023-06-14","BAXH25","BAX","BAX","BAX",0,"2025-03-19",0,1,0,0,0,0,0,3151,0,0.07,95.71,95.83,95.71,0,877,95.77,16791,0,0,"",0
"2023-06-14","BAXM25","BAX","BAX","BAX",0,"2025-06-18",0,1,95.92,96.02,24,6,0,270,0,0.05,95.97,96.02,95.92,0,91,95.96,3364,0,0,"",0
"2023-06-14","BAXU25","BAX","BAX","BAX",0,"2025-09-17",0,1,0,0,0,0,0,28,0,-0.07,95.96,95.96,95.96,0,4,96.12,1094,0,0,"",0
"2023-06-14","BAXZ25","BAX","BAX","BAX",0,"2025-12-17",0,1,0,97.2,0,1,0,50,0,-0.08,96.1,96.1,96.1,0,25,96.27,161,0,0,"",0
"2023-06-14","BAXH26","BAX","BAX","BAX",0,"2026-03-18",0,1,96,97.5,1,1,0,40,0,0,0,0,0,0,22,96.44,1,0,0,"",0
"2023-06-15","BAXM23","BAX","BAX","BAX",0,"2023-06-19",0,1,94.705,94.71,5054,2598,0,12736,0,-0.02,94.72,94.725,94.705,0,358,94.71,110967,0,0,"",0
"2023-06-15","BAXN23","BAX","BAX","BAX",0,"2023-07-17",0,1,0,0,0,0,0,0,0,0,0,0,0,0,0,94.765,0,0,0,"",0
"2023-06-15","BAXQ23","BAX","BAX","BAX",0,"2023-08-14",0,1,0,0,0,0,0,0,0,0,0,0,0,0,0,94.79,0,0,0,"",0
"2023-06-15","BAXU23","BAX","BAX","BAX",0,"2023-09-18",0,1,94.53,94.54,172,10,0,16555,0,0.03,94.47,94.545,94.46,0,2644,94.515,136063,0,0,"",0
"2023-06-15","BAXZ23","BAX","BAX","BAX",0,"2023-12-18",0,1,94.49,94.52,50,125,0,17904,0,0.04,94.405,94.515,94.4,0,3401,94.475,118594,0,0,"",0
"2023-06-15","BAXH24","BAX","BAX","BAX",0,"2024-03-18",0,1,94.605,94.88,25,1,0,17700,0,0.045,94.52,94.64,94.505,0,4295,94.595,109447,0,0,"",0
"2023-06-15","BAXM24","BAX","BAX","BAX",0,"2024-06-17",0,1,94.88,95.14,30,15,0,12545,0,0.06,94.74,94.91,94.74,0,2996,94.86,93971,0,0,"",0
"2023-06-15","BAXU24","BAX","BAX","BAX",0,"2024-09-18",0,1,95.25,95.26,25,7,0,15193,0,0.08,95.08,95.28,95.08,0,2372,95.22,62216,0,0,"",0
"2023-06-15","BAXZ24","BAX","BAX","BAX",0,"2024-12-18",0,1,95.58,95.59,207,42,0,12328,0,0.08,95.43,95.62,95.43,0,2306,95.55,47930,0,0,"",0
"2023-06-15","BAXH25","BAX","BAX","BAX",0,"2025-03-19",0,1,0,0,0,0,0,2578,0,0.06,95.68,95.88,95.68,0,739,95.8,15858,0,0,"",0
"2023-06-15","BAXM25","BAX","BAX","BAX",0,"2025-06-18",0,1,0,96.04,0,1,0,413,0,0.06,95.91,96.07,95.89,0,62,95.99,2923,0,0,"",0
"2023-06-15","BAXU25","BAX","BAX","BAX",0,"2025-09-17",0,1,0,0,0,0,0,275,0,0,0,0,0,0,21,96.16,1065,0,0,"",0
"2023-06-15","BAXZ25","BAX","BAX","BAX",0,"2025-12-17",0,1,0,97.2,0,1,0,8,0,0,0,0,0,0,4,96.31,207,0,0,"",0
"2023-06-15","BAXH26","BAX","BAX","BAX",0,"2026-03-18",0,1,96,97.5,1,1,0,8,0,0,0,0,0,0,4,96.48,39,0,0,"",0
"2023-06-16","BAXM23","BAX","BAX","BAX",0,"2023-06-19",0,1,94.705,94.71,5931,5904,0,11105,0,-0.005,94.705,94.71,94.705,0,177,94.705,103023,0,0,"",0
"2023-06-16","BAXN23","BAX","BAX","BAX",0,"2023-07-17",0,1,0,0,0,0,0,0,0,0,0,0,0,0,0,94.76,0,0,0,"",0
"2023-06-16","BAXQ23","BAX","BAX","BAX",0,"2023-08-14",0,1,0,0,0,0,0,0,0,0,0,0,0,0,0,94.785,0,0,0,"",0
"2023-06-16","BAXU23","BAX","BAX","BAX",0,"2023-09-18",0,1,94.5,94.535,221,25,0,11941,0,-0.005,94.49,94.53,94.485,0,2226,94.495,129171,0,0,"",0
"2023-06-16","BAXZ23","BAX","BAX","BAX",0,"2023-12-18",0,1,94.3,94.435,22,2,0,13631,0,-0.04,94.455,94.465,94.405,0,2349,94.425,119521,0,0,"",0
"2023-06-16","BAXH24","BAX","BAX","BAX",0,"2024-03-18",0,1,94.52,94.87,14,1,0,14068,0,-0.075,94.585,94.585,94.475,0,2944,94.515,110287,0,0,"",0
"2023-06-16","BAXM24","BAX","BAX","BAX",0,"2024-06-17",0,1,94.77,94.78,10,10,0,10072,0,-0.08,94.86,94.86,94.73,0,2298,94.78,93676,0,0,"",0
"2023-06-16","BAXU24","BAX","BAX","BAX",0,"2024-09-18",0,1,95.15,95.17,26,30,0,10324,0,-0.07,95.22,95.22,95.09,0,2128,95.16,64046,0,0,"",0
"2023-06-16","BAXZ24","BAX","BAX","BAX",0,"2024-12-18",0,1,95.47,95.49,17,250,0,5811,0,-0.07,95.54,95.55,95.42,0,1010,95.48,48620,0,0,"",0
"2023-06-16","BAXH25","BAX","BAX","BAX",0,"2025-03-19",0,1,0,0,0,0,0,1663,0,-0.07,95.77,95.81,95.67,0,380,95.73,16073,0,0,"",0
"2023-06-16","BAXM25","BAX","BAX","BAX",0,"2025-06-18",0,1,95.51,95.97,1,1,0,256,0,-0.09,95.95,95.96,95.9,0,31,95.92,3049,0,0,"",0
"2023-06-16","BAXU25","BAX","BAX","BAX",0,"2025-09-17",0,1,96.06,0,1,0,0,104,0,-0.04,96.12,96.12,96.12,0,6,96.1,1340,0,0,"",0
"2023-06-16","BAXZ25","BAX","BAX","BAX",0,"2025-12-17",0,1,0,97.2,0,1,0,6,0,0,0,0,0,0,3,96.26,215,0,0,"",0
"2023-06-16","BAXH26","BAX","BAX","BAX",0,"2026-03-18",0,1,96,97.5,1,1,0,6,0,0,0,0,0,0,3,96.43,47,0,0,"",0
"2023-06-19","BAXM23","BAX","BAX","BAX",0,"2023-06-19",0,1,0,0,0,0,0,1352,0,0,94.71,94.71,94.705,0,10,94.702,100851,0,0,"",0
"2023-06-19","BAXN23","BAX","BAX","BAX",0,"2023-07-17",0,1,0,0,0,0,0,0,0,0,0,0,0,0,0,94.75,0,0,0,"",0
"2023-06-19","BAXQ23","BAX","BAX","BAX",0,"2023-08-14",0,1,0,0,0,0,0,0,0,0,0,0,0,0,0,94.775,0,0,0,"",0
"2023-06-19","BAXU23","BAX","BAX","BAX",0,"2023-09-18",0,1,94.45,94.48,100,150,0,4875,0,-0.015,94.505,94.505,94.475,0,636,94.485,130463,0,0,"",0
"2023-06-19","BAXZ23","BAX","BAX","BAX",0,"2023-12-18",0,1,0,94.395,0,6,0,4927,0,-0.03,94.435,94.44,94.38,0,863,94.4,120836,0,0,"",0
"2023-06-19","BAXH24","BAX","BAX","BAX",0,"2024-03-18",0,1,94.465,94.85,100,1,0,6596,0,-0.045,94.53,94.53,94.45,0,1218,94.465,112769,0,0,"",0
"2023-06-19","BAXM24","BAX","BAX","BAX",0,"2024-06-17",0,1,94.66,94.74,4,30,0,5458,0,-0.06,94.8,94.8,94.7,0,1063,94.71,93198,0,0,"",0
"2023-06-19","BAXU24","BAX","BAX","BAX",0,"2024-09-18",0,1,0,95.18,0,1,0,3472,0,-0.06,95.18,95.18,95.08,0,771,95.1,65501,0,0,"",0
"2023-06-19","BAXZ24","BAX","BAX","BAX",0,"2024-12-18",0,1,95.41,95.9,72,50,0,1801,0,-0.03,95.5,95.5,95.4,0,507,95.42,47344,0,0,"",0
"2023-06-19","BAXH25","BAX","BAX","BAX",0,"2025-03-19",0,1,0,95.7,0,10,0,772,0,-0.05,95.7,95.7,95.65,0,383,95.66,16031,0,0,"",0
"2023-06-19","BAXM25","BAX","BAX","BAX",0,"2025-06-18",0,1,0,95.97,0,1,0,547,0,-0.08,95.89,95.89,95.83,0,376,95.85,3162,0,0,"",0
"2023-06-19","BAXU25","BAX","BAX","BAX",0,"2025-09-17",0,1,0,0,0,0,0,74,0,0,0,0,0,0,3,96.03,1390,0,0,"",0
"2023-06-19","BAXZ25","BAX","BAX","BAX",0,"2025-12-17",0,1,0,97.2,0,1,0,0,0,0,0,0,0,0,0,96.19,221,0,0,"",0
"2023-06-19","BAXH26","BAX","BAX","BAX",0,"2026-03-18",0,1,96,97.5,1,1,0,0,0,0,0,0,0,0,0,96.36,53,0,0,"",0
"2023-06-20","BAXN23","BAX","BAX","BAX",0,"2023-07-17",0,1,0,0,0,0,0,0,0,0,0,0,0,0,0,94.755,0,0,0,"",0
"2023-06-20","BAXQ23","BAX","BAX","BAX",0,"2023-08-14",0,1,0,0,0,0,0,0,0,0,0,0,0,0,0,94.78,0,0,0,"",0
"2023-06-20","BAXU23","BAX","BAX","BAX",0,"2023-09-18",0,1,94.475,94.5,10,30,0,18305,0,0.005,94.51,94.52,94.485,0,2224,94.49,128295,0,0,"",0
"2023-06-20","BAXZ23","BAX","BAX","BAX",0,"2023-12-18",0,1,0,94.435,0,5,0,7040,0,0.01,94.42,94.45,94.4,0,1585,94.41,119527,0,0,"",0
"2023-06-20","BAXH24","BAX","BAX","BAX",0,"2024-03-18",0,1,0,94.505,0,47,0,9633,0,0.025,94.475,94.535,94.475,0,1887,94.485,110738,0,0,"",0
"2023-06-20","BAXM24","BAX","BAX","BAX",0,"2024-06-17",0,1,94.75,94.755,12,98,0,10710,0,0.045,94.72,94.805,94.715,0,2239,94.75,94910,0,0,"",0
"2023-06-20","BAXU24","BAX","BAX","BAX",0,"2024-09-18",0,1,95.1,95.19,5,30,0,14567,0,0.04,95.1,95.2,95.07,0,2295,95.15,65549,0,0,"",0
"2023-06-20","BAXZ24","BAX","BAX","BAX",0,"2024-12-18",0,1,95.44,95.9,25,50,0,10301,0,0.03,95.42,95.52,95.4,0,1923,95.47,47468,0,0,"",0
"2023-06-20","BAXH25","BAX","BAX","BAX",0,"2025-03-19",0,1,0,95.69,0,1,0,1940,0,0.02,95.65,95.75,95.65,0,499,95.7,15773,0,0,"",0
"2023-06-20","BAXM25","BAX","BAX","BAX",0,"2025-06-18",0,1,0,95.97,0,1,0,932,0,0.02,95.87,95.94,95.85,0,252,95.89,3554,0,0,"",0
"2023-06-20","BAXU25","BAX","BAX","BAX",0,"2025-09-17",0,1,0,0,0,0,0,305,0,0.02,96.05,96.05,96.05,0,25,96.07,1464,0,0,"",0
"2023-06-20","BAXZ25","BAX","BAX","BAX",0,"2025-12-17",0,1,0,97.2,0,1,0,226,0,0.03,96.22,96.22,96.22,0,22,96.23,221,0,0,"",0
"2023-06-20","BAXH26","BAX","BAX","BAX",0,"2026-03-18",0,1,96,97.5,1,1,0,8,0,0,0,0,0,0,4,96.4,53,0,0,"",0
"2023-06-21","BAXN23","BAX","BAX","BAX",0,"2023-07-17",0,1,0,0,0,0,0,0,0,0,0,0,0,0,0,94.705,0,0,0,"",0
"2023-06-21","BAXQ23","BAX","BAX","BAX",0,"2023-08-14",0,1,0,0,0,0,0,0,0,0,0,0,0,0,0,94.73,0,0,0,"",0
"2023-06-21","BAXU23","BAX","BAX","BAX",0,"2023-09-18",0,1,94.425,94.43,250,46,0,21502,0,-0.06,94.475,94.485,94.395,0,2802,94.44,127292,0,0,"",0
"2023-06-21","BAXZ23","BAX","BAX","BAX",0,"2023-12-18",0,1,94.33,94.36,50,182,0,24957,0,-0.055,94.37,94.39,94.305,0,3769,94.37,119459,0,0,"",0
"2023-06-21","BAXH24","BAX","BAX","BAX",0,"2024-03-18",0,1,94.415,94.43,7,78,0,15117,0,-0.065,94.46,94.475,94.37,0,2933,94.44,112428,0,0,"",0
"2023-06-21","BAXM24","BAX","BAX","BAX",0,"2024-06-17",0,1,94.64,94.68,1,65,0,12534,0,-0.07,94.745,94.745,94.625,0,3968,94.7,96237,0,0,"",0
"2023-06-21","BAXU24","BAX","BAX","BAX",0,"2024-09-18",0,1,95.06,95.12,5,30,0,8817,0,-0.07,95.11,95.14,95.03,0,2237,95.1,68694,0,0,"",0
"2023-06-21","BAXZ24","BAX","BAX","BAX",0,"2024-12-18",0,1,95.37,95.41,5,4,0,10530,0,-0.07,95.43,95.45,95.34,0,2335,95.42,48947,0,0,"",0
"2023-06-21","BAXH25","BAX","BAX","BAX",0,"2025-03-19",0,1,95.6,95.65,10,25,0,3846,0,-0.07,95.65,95.67,95.58,0,903,95.65,16195,0,0,"",0
"2023-06-21","BAXM25","BAX","BAX","BAX",0,"2025-06-18",0,1,0,95.97,0,1,0,2448,0,-0.07,95.84,95.86,95.78,0,565,95.84,3838,0,0,"",0
"2023-06-21","BAXU25","BAX","BAX","BAX",0,"2025-09-17",0,1,96,0,10,0,0,776,0,-0.05,96,96.02,95.97,0,189,96.02,1665,0,0,"",0
"2023-06-21","BAXZ25","BAX","BAX","BAX",0,"2025-12-17",0,1,0,97.2,0,1,0,244,0,-0.05,96.18,96.18,96.14,0,125,96.2,279,0,0,"",0
"2023-06-21","BAXH26","BAX","BAX","BAX",0,"2026-03-18",0,1,96,97.5,1,1,0,7,0,-0.09,96.31,96.31,96.31,0,4,96.37,61,0,0,"",0
"2023-06-22","BAXN23","BAX","BAX","BAX",0,"2023-07-17",0,1,0,0,0,0,0,0,0,0,0,0,0,0,0,94.655,0,0,0,"",0
"2023-06-22","BAXQ23","BAX","BAX","BAX",0,"2023-08-14",0,1,0,0,0,0,0,0,0,0,0,0,0,0,0,94.68,0,0,0,"",0
"2023-06-22","BAXU23","BAX","BAX","BAX",0,"2023-09-18",0,1,94.39,94.405,5,72,0,9752,0,-0.04,94.41,94.44,94.385,0,1850,94.39,129153,0,0,"",0
"2023-06-22","BAXZ23","BAX","BAX","BAX",0,"2023-12-18",0,1,94.295,94.3,24,18,0,19691,0,-0.07,94.325,94.37,94.295,0,3129,94.305,126682,0,0,"",0
"2023-06-22","BAXH24","BAX","BAX","BAX",0,"2024-03-18",0,1,0,94.35,0,7,0,16569,0,-0.09,94.4,94.44,94.345,0,2861,94.355,113364,0,0,"",0
"2023-06-22","BAXM24","BAX","BAX","BAX",0,"2024-06-17",0,1,94.53,94.59,4,100,0,14801,0,-0.13,94.675,94.705,94.57,0,3586,94.58,103847,0,0,"",0
"2023-06-22","BAXU24","BAX","BAX","BAX",0,"2024-09-18",0,1,94.93,94.96,10,102,0,10190,0,-0.16,95.06,95.11,94.94,0,2504,94.96,70341,0,0,"",0
"2023-06-22","BAXZ24","BAX","BAX","BAX",0,"2024-12-18",0,1,0,95.27,0,30,0,7668,0,-0.17,95.38,95.44,95.25,0,2059,95.27,51515,0,0,"",0
"2023-06-22","BAXH25","BAX","BAX","BAX",0,"2025-03-19",0,1,0,95.52,0,60,0,2109,0,-0.16,95.61,95.66,95.49,0,785,95.5,17104,0,0,"",0
"2023-06-22","BAXM25","BAX","BAX","BAX",0,"2025-06-18",0,1,0,95.97,0,1,0,2967,0,-0.14,95.79,95.86,95.69,0,774,95.7,3954,0,0,"",0
"2023-06-22","BAXU25","BAX","BAX","BAX",0,"2025-09-17",0,1,0,0,0,0,0,252,0,-0.12,95.96,95.96,95.9,0,110,95.89,2008,0,0,"",0
"2023-06-22","BAXZ25","BAX","BAX","BAX",0,"2025-12-17",0,1,96.1,97.2,2,1,0,223,0,-0.1,96.1,96.1,96.09,0,108,96.07,453,0,0,"",0
"2023-06-22","BAXH26","BAX","BAX","BAX",0,"2026-03-18",0,1,96,97.5,1,1,0,8,0,0,0,0,0,0,4,96.24,67,0,0,"",0
"2023-06-23","BAXN23","BAX","BAX","BAX",0,"2023-07-17",0,1,0,0,0,0,0,0,0,0,0,0,0,0,0,94.695,0,0,0,"",0
"2023-06-23","BAXQ23","BAX","BAX","BAX",0,"2023-08-14",0,1,0,0,0,0,0,0,0,0,0,0,0,0,0,94.72,0,0,0,"",0
"2023-06-23","BAXU23","BAX","BAX","BAX",0,"2023-09-18",0,1,94.435,94.445,45,25,94.445,9524,94.39,0.055,94.4,94.445,94.4,898565,1613,94.43,130162,0,0,"",0
"2023-06-23","BAXZ23","BAX","BAX","BAX",0,"2023-12-18",0,1,94.36,94.37,1,180,94.365,17822,94.305,0.06,94.315,94.37,94.315,1680210,2717,94.345,135013,0,0,"",0
"2023-06-23","BAXH24","BAX","BAX","BAX",0,"2024-03-18",0,1,94.435,94.88,21,1,94.435,12586,94.355,0.08,94.365,94.455,94.365,1187442,1918,94.43,119176,0,0,"",0
"2023-06-23","BAXM24","BAX","BAX","BAX",0,"2024-06-17",0,1,94.67,94.74,25,5,94.675,21540,94.58,0.095,94.59,94.69,94.575,2037247,3144,94.66,99294,0,0,"",0
"2023-06-23","BAXU24","BAX","BAX","BAX",0,"2024-09-18",0,1,95.04,95.05,5,1,95.04,9433,94.96,0.08,94.96,95.07,94.95,896030,2006,95.02,73037,0,0,"",0
"2023-06-23","BAXZ24","BAX","BAX","BAX",0,"2024-12-18",0,1,95.33,95.9,1,50,95.34,9966,95.27,0.07,95.27,95.37,95.26,949131,2097,95.32,50660,0,0,"",0
"2023-06-23","BAXH25","BAX","BAX","BAX",0,"2025-03-19",0,1,95.54,0,25,0,95.57,2611,95.5,0.07,95.54,95.6,95.52,249164,691,95.55,17276,0,0,"",0
"2023-06-23","BAXM25","BAX","BAX","BAX",0,"2025-06-18",0,1,0,95.77,0,15,95.77,2406,95.7,0.07,95.7,95.81,95.68,230119,515,95.75,4558,0,0,"",0
"2023-06-23","BAXU25","BAX","BAX","BAX",0,"2025-09-17",0,1,95.94,95.98,1,2,95.94,444,95.89,0.05,95.98,95.98,95.94,42568,51,95.95,2031,0,0,"",0
"2023-06-23","BAXZ25","BAX","BAX","BAX",0,"2025-12-17",0,1,0,96.18,0,2,0,7,0,0,0,0,0,674,3,96.14,666,0,0,"",0
"2023-06-23","BAXH26","BAX","BAX","BAX",0,"2026-03-18",0,1,96,97.5,1,1,0,4,0,0,0,0,0,386,2,96.31,75,0,0,"",0
"2023-06-26","BAXN23","BAX","BAX","BAX",0,"2023-07-17",0,1,0,0,0,0,0,0,0,0,0,0,0,0,0,94.725,0,0,0,"",0
"2023-06-26","BAXQ23","BAX","BAX","BAX",0,"2023-08-14",0,1,0,0,0,0,0,0,0,0,0,0,0,0,0,94.75,0,0,0,"",0
"2023-06-26","BAXU23","BAX","BAX","BAX",0,"2023-09-18",0,1,94.465,94.47,556,170,0,18465,0,0.035,94.44,94.47,94.44,0,1933,94.46,131249,0,0,"",0
"2023-06-26","BAXZ23","BAX","BAX","BAX",0,"2023-12-18",0,1,94.385,94.41,42,50,0,18444,0,0.055,94.365,94.425,94.355,0,2760,94.405,127902,0,0,"",0
"2023-06-26","BAXH24","BAX","BAX","BAX",0,"2024-03-18",0,1,94.45,94.515,5,81,0,11592,0,0.07,94.465,94.525,94.44,0,2086,94.51,111723,0,0,"",0
"2023-06-26","BAXM24","BAX","BAX","BAX",0,"2024-06-17",0,1,94.715,94.765,40,30,0,13762,0,0.07,94.705,94.765,94.68,0,2746,94.75,99488,0,0,"",0
"2023-06-26","BAXU24","BAX","BAX","BAX",0,"2024-09-18",0,1,95.09,95.1,130,18,0,12163,0,0.08,95.07,95.14,95.04,0,2065,95.11,72424,0,0,"",0
"2023-06-26","BAXZ24","BAX","BAX","BAX",0,"2024-12-18",0,1,95.38,95.43,5,10,0,9760,0,0.08,95.37,95.44,95.34,0,1778,95.41,52402,0,0,"",0
"2023-06-26","BAXH25","BAX","BAX","BAX",0,"2025-03-19",0,1,0,0,0,0,0,1758,0,0.08,95.56,95.66,95.56,0,547,95.64,17537,0,0,"",0
"2023-06-26","BAXM25","BAX","BAX","BAX",0,"2025-06-18",0,1,0,95.97,0,1,0,733,0,0.07,95.79,95.85,95.77,0,221,95.83,5472,0,0,"",0
"2023-06-26","BAXU25","BAX","BAX","BAX",0,"2025-09-17",0,1,95.96,0,25,0,0,14,0,0.03,95.98,95.98,95.98,0,5,96.02,2256,0,0,"",0
"2023-06-26","BAXZ25","BAX","BAX","BAX",0,"2025-12-17",0,1,0,97.2,0,1,0,10,0,0.02,96.17,96.17,96.16,0,5,96.21,666,0,0,"",0
"2023-06-26","BAXH26","BAX","BAX","BAX",0,"2026-03-18",0,1,96,97.5,1,1,0,6,0,0.02,96.33,96.33,96.33,0,3,96.39,79,0,0,"",0
"2023-06-27","BAXN23","BAX","BAX","BAX",0,"2023-07-17",0,1,0,0,0,0,0,0,0,0,0,0,0,0,0,94.755,0,0,0,"",0
"2023-06-27","BAXQ23","BAX","BAX","BAX",0,"2023-08-14",0,1,0,0,0,0,0,0,0,0,0,0,0,0,0,94.78,0,0,0,"",0
"2023-06-27","BAXU23","BAX","BAX","BAX",0,"2023-09-18",0,1,94.51,94.52,189,6,94.51,33844,94.46,0.05,94.46,94.525,94.43,3196090,3373,94.49,129055,0,0,"",0
"2023-06-27","BAXZ23","BAX","BAX","BAX",0,"2023-12-18",0,1,94.45,94.455,89,23,94.455,26464,94.405,0.05,94.385,94.48,94.37,2497050,3880,94.44,126503,0,0,"",0
"2023-06-27","BAXH24","BAX","BAX","BAX",0,"2024-03-18",0,1,94.54,94.92,3,1,94.555,20194,94.51,0.045,94.495,94.585,94.47,1907506,3102,94.535,110764,0,0,"",0
"2023-06-27","BAXM24","BAX","BAX","BAX",0,"2024-06-17",0,1,94.5,94.79,6,5,94.78,17290,94.75,0.03,94.74,94.83,94.7,1636588,3328,94.765,98945,0,0,"",0
"2023-06-27","BAXU24","BAX","BAX","BAX",0,"2024-09-18",0,1,95.12,95.16,193,5,95.12,13246,95.11,0.01,95.1,95.19,95.06,1259043,3033,95.11,71799,0,0,"",0
"2023-06-27","BAXZ24","BAX","BAX","BAX",0,"2024-12-18",0,1,95.28,95.42,1,60,95.41,13022,95.41,0,95.41,95.49,95.35,1241157,2754,95.4,53203,0,0,"",0
"2023-06-27","BAXH25","BAX","BAX","BAX",0,"2025-03-19",0,1,0,0,0,0,95.64,3505,95.64,0,95.61,95.73,95.59,334774,902,95.63,17876,0,0,"",0
"2023-06-27","BAXM25","BAX","BAX","BAX",0,"2025-06-18",0,1,95.78,95.84,25,2,95.82,2353,95.83,-0.01,95.8,95.94,95.77,225096,602,95.83,5643,0,0,"",0
"2023-06-27","BAXU25","BAX","BAX","BAX",0,"2025-09-17",0,1,0,0,0,0,96.03,241,96.02,0.01,95.98,96.12,95.97,23107,32,96.02,2256,0,0,"",0
"2023-06-27","BAXZ25","BAX","BAX","BAX",0,"2025-12-17",0,1,0,97.2,0,1,96.16,109,96.21,-0.05,96.16,96.16,96.14,10464,39,96.21,670,0,0,"",0
"2023-06-27","BAXH26","BAX","BAX","BAX",0,"2026-03-18",0,1,96,97.5,1,1,96.33,22,96.39,-0.06,96.33,96.33,96.33,2112,14,96.38,80,0,0,"",0
"2023-06-28","BAXN23","BAX","BAX","BAX",0,"2023-07-17",0,1,0,0,0,0,0,0,0,0,0,0,0,0,0,94.795,0,0,0,"",0
"2023-06-28","BAXQ23","BAX","BAX","BAX",0,"2023-08-14",0,1,0,0,0,0,0,0,0,0,0,0,0,0,0,94.82,0,0,0,"",0
"2023-06-28","BAXU23","BAX","BAX","BAX",0,"2023-09-18",0,1,94.53,94.54,250,172,0,18276,0,0.045,94.505,94.545,94.495,0,2505,94.53,134289,0,0,"",0
"2023-06-28","BAXZ23","BAX","BAX","BAX",0,"2023-12-18",0,1,94.5,94.52,50,100,0,19505,0,0.06,94.46,94.525,94.435,0,2954,94.5,129394,0,0,"",0
"2023-06-28","BAXH24","BAX","BAX","BAX",0,"2024-03-18",0,1,94.62,95.01,25,1,0,15996,0,0.085,94.53,94.645,94.53,0,2356,94.615,110743,0,0,"",0
"2023-06-28","BAXM24","BAX","BAX","BAX",0,"2024-06-17",0,1,94.845,94.865,50,82,0,15456,0,0.095,94.775,94.875,94.765,0,2964,94.855,96976,0,0,"",0
"2023-06-28","BAXU24","BAX","BAX","BAX",0,"2024-09-18",0,1,95.18,95.21,50,4,0,10428,0,0.1,95.11,95.21,95.11,0,1955,95.2,73353,0,0,"",0
"2023-06-28","BAXZ24","BAX","BAX","BAX",0,"2024-12-18",0,1,95.48,95.9,55,50,0,7749,0,0.08,95.39,95.49,95.39,0,1726,95.48,52466,0,0,"",0
"2023-06-28","BAXH25","BAX","BAX","BAX",0,"2025-03-19",0,1,95.69,95.71,30,1,0,2566,0,0.07,95.62,95.71,95.62,0,916,95.7,18352,0,0,"",0
"2023-06-28","BAXM25","BAX","BAX","BAX",0,"2025-06-18",0,1,95.88,95.92,55,2,0,1585,0,0.05,95.84,95.92,95.83,0,651,95.9,6268,0,0,"",0
"2023-06-28","BAXU25","BAX","BAX","BAX",0,"2025-09-17",0,1,0,0,0,0,0,230,0,0.06,96.09,96.09,96.08,0,30,96.09,2256,0,0,"",0
"2023-06-28","BAXZ25","BAX","BAX","BAX",0,"2025-12-17",0,1,0,96.28,0,21,0,42,0,0.07,96.28,96.3,96.27,0,24,96.28,706,0,0,"",0
"2023-06-28","BAXH26","BAX","BAX","BAX",0,"2026-03-18",0,1,96,97.5,1,1,0,12,0,0.12,96.48,96.5,96.48,0,4,96.45,102,0,0,"",0
"2023-06-29","BAXN23","BAX","BAX","BAX",0,"2023-07-17",0,1,0,0,0,0,0,0,0,0,0,0,0,0,0,94.72,0,0,0,"",0
"2023-06-29","BAXQ23","BAX","BAX","BAX",0,"2023-08-14",0,1,0,0,0,0,0,0,0,0,0,0,0,0,0,94.745,0,0,0,"",0
"2023-06-29","BAXU23","BAX","BAX","BAX",0,"2023-09-18",0,1,94.465,94.47,270,15,94.465,14370,94.53,-0.065,94.52,94.525,94.45,11516,2152,94.455,128896,0,0,"",0
"2023-06-29","BAXZ23","BAX","BAX","BAX",0,"2023-12-18",0,1,94.405,94.41,100,100,94.41,14109,94.5,-0.09,94.485,94.49,94.38,32913,2547,94.4,128121,0,0,"",0
"2023-06-29","BAXH24","BAX","BAX","BAX",0,"2024-03-18",0,1,94.505,94.55,350,20,94.505,10826,94.615,-0.11,94.6,94.6,94.465,30136,2315,94.495,112422,0,0,"",0
"2023-06-29","BAXM24","BAX","BAX","BAX",0,"2024-06-17",0,1,94.59,94.76,20,5,94.72,12618,94.855,-0.135,94.845,94.845,94.685,57941,2335,94.71,97247,0,0,"",0
"2023-06-29","BAXU24","BAX","BAX","BAX",0,"2024-09-18",0,1,95.03,95.05,221,26,95.04,12511,95.2,-0.16,95.18,95.18,95.02,5795,2531,95.04,77584,0,0,"",0
"2023-06-29","BAXZ24","BAX","BAX","BAX",0,"2024-12-18",0,1,95.31,95.32,100,14,95.31,11369,95.48,-0.17,95.46,95.47,95.3,21700,2057,95.32,52304,0,0,"",0
"2023-06-29","BAXH25","BAX","BAX","BAX",0,"2025-03-19",0,1,95.52,95.54,10,1,95.53,2998,95.7,-0.17,95.68,95.69,95.53,25096,1063,95.54,18663,0,0,"",0
"2023-06-29","BAXM25","BAX","BAX","BAX",0,"2025-06-18",0,1,0,95.97,0,1,95.73,1116,95.9,-0.17,95.85,95.86,95.73,14706,380,95.74,6194,0,0,"",0
"2023-06-29","BAXU25","BAX","BAX","BAX",0,"2025-09-17",0,1,0,0,0,0,0,7,0,0,0,0,0,382,3,95.93,2276,0,0,"",0
"2023-06-29","BAXZ25","BAX","BAX","BAX",0,"2025-12-17",0,1,0,97.2,0,1,96.19,9,96.28,-0.09,96.19,96.19,96.19,769,2,96.12,737,0,0,"",0
"2023-06-29","BAXH26","BAX","BAX","BAX",0,"2026-03-18",0,1,96,97.5,1,1,0,42,0,0,0,0,0,387,3,96.3,99,0,0,"",0
"2023-06-30","BAXN23","BAX","BAX","BAX",0,"2023-07-17",0,1,0,0,0,0,0,0,0,0,0,0,0,0,0,94.745,0,0,0,"",0
"2023-06-30","BAXQ23","BAX","BAX","BAX",0,"2023-08-14",0,1,0,0,0,0,0,0,0,0,0,0,0,0,0,94.77,0,0,0,"",0
"2023-06-30","BAXU23","BAX","BAX","BAX",0,"2023-09-18",0,1,94.48,94.485,697,184,0,16046,0,0.03,94.455,94.505,94.445,0,1419,94.48,127183,0,0,"",0
"2023-06-30","BAXZ23","BAX","BAX","BAX",0,"2023-12-18",0,1,94.46,94.48,2,4,0,15062,0,0.075,94.415,94.485,94.38,0,2710,94.465,126508,0,0,"",0
"2023-06-30","BAXH24","BAX","BAX","BAX",0,"2024-03-18",0,1,94.565,94.58,2,111,0,9766,0,0.085,94.51,94.58,94.46,0,2005,94.565,112826,0,0,"",0
"2023-06-30","BAXM24","BAX","BAX","BAX",0,"2024-06-17",0,1,94.785,94.79,3,49,0,10545,0,0.08,94.71,94.79,94.67,0,2168,94.78,98514,0,0,"",0
"2023-06-30","BAXU24","BAX","BAX","BAX",0,"2024-09-18",0,1,95.1,95.12,1,113,0,6859,0,0.08,95.05,95.13,95,0,1669,95.11,79005,0,0,"",0
"2023-06-30","BAXZ24","BAX","BAX","BAX",0,"2024-12-18",0,1,95.38,95.4,87,120,0,9233,0,0.07,95.32,95.4,95.27,0,1668,95.39,53884,0,0,"",0
"2023-06-30","BAXH25","BAX","BAX","BAX",0,"2025-03-19",0,1,95.6,95.61,2,2,0,1341,0,0.07,95.53,95.62,95.49,0,626,95.61,19006,0,0,"",0
"2023-06-30","BAXM25","BAX","BAX","BAX",0,"2025-06-18",0,1,95.77,95.81,21,6,0,171,0,0.08,95.71,95.82,95.68,0,119,95.81,6439,0,0,"",0
"2023-06-30","BAXU25","BAX","BAX","BAX",0,"2025-09-17",0,1,0,0,0,0,0,37,0,0.07,95.98,96,95.97,0,8,96,2276,0,0,"",0
"2023-06-30","BAXZ25","BAX","BAX","BAX",0,"2025-12-17",0,1,0,97.2,0,1,0,2,0,0.04,96.16,96.16,96.16,0,1,96.19,737,0,0,"",0
"2023-06-30","BAXH26","BAX","BAX","BAX",0,"2026-03-18",0,1,96,97.5,1,1,0,29,0,0,0,0,0,0,1,96.37,94,0,0,"",0
"2023-07-04","BAXN23","BAX","BAX","BAX",0,"2023-07-17",0,1,0,0,0,0,0,0,0,0,0,0,0,0,0,94.74,0,0,0,"",0
"2023-07-04","BAXQ23","BAX","BAX","BAX",0,"2023-08-14",0,1,0,0,0,0,0,0,0,0,0,0,0,0,0,94.765,0,0,0,"",0
"2023-07-04","BAXU23","BAX","BAX","BAX",0,"2023-09-18",0,1,94.475,94.48,222,380,0,4559,0,-0.005,94.485,94.485,94.46,0,370,94.475,123015,0,0,"",0
"2023-07-04","BAXZ23","BAX","BAX","BAX",0,"2023-12-18",0,1,94.435,0,30,0,0,4461,0,-0.025,94.455,94.46,94.415,0,917,94.44,126365,0,0,"",0
"2023-07-04","BAXH24","BAX","BAX","BAX",0,"2024-03-18",0,1,94.515,94.55,50,186,0,4974,0,-0.03,94.505,94.555,94.495,0,864,94.54,110522,0,0,"",0
"2023-07-04","BAXM24","BAX","BAX","BAX",0,"2024-06-17",0,1,94.75,94.95,92,4,0,5345,0,-0.03,94.755,94.76,94.7,0,1049,94.745,100002,0,0,"",0
"2023-07-04","BAXU24","BAX","BAX","BAX",0,"2024-09-18",0,1,0,95.06,0,1,0,2698,0,-0.05,95.09,95.09,95.02,0,622,95.05,78366,0,0,"",0
"2023-07-04","BAXZ24","BAX","BAX","BAX",0,"2024-12-18",0,1,95.31,95.35,1,4,0,1998,0,-0.08,95.36,95.36,95.29,0,536,95.31,52761,0,0,"",0
"2023-07-04","BAXH25","BAX","BAX","BAX",0,"2025-03-19",0,1,95.51,0,100,0,0,841,0,-0.09,95.56,95.56,95.51,0,168,95.52,19171,0,0,"",0
"2023-07-04","BAXM25","BAX","BAX","BAX",0,"2025-06-18",0,1,0,95.97,0,1,0,392,0,-0.1,95.78,95.78,95.69,0,145,95.71,6432,0,0,"",0
"2023-07-04","BAXU25","BAX","BAX","BAX",0,"2025-09-17",0,1,0,0,0,0,0,0,0,0,0,0,0,0,0,95.89,2276,0,0,"",0
"2023-07-04","BAXZ25","BAX","BAX","BAX",0,"2025-12-17",0,1,0,97.2,0,1,0,0,0,0,0,0,0,0,0,96.07,737,0,0,"",0
"2023-07-04","BAXH26","BAX","BAX","BAX",0,"2026-03-18",0,1,96,97.5,1,1,0,0,0,0,0,0,0,0,0,96.25,94,0,0,"",0
"2023-07-05","BAXN23","BAX","BAX","BAX",0,"2023-07-17",0,1,0,0,0,0,0,0,0,0,0,0,0,0,0,94.73,0,0,0,"",0
"2023-07-05","BAXQ23","BAX","BAX","BAX",0,"2023-08-14",0,1,0,0,0,0,0,0,0,0,0,0,0,0,0,94.755,0,0,0,"",0
"2023-07-05","BAXU23","BAX","BAX","BAX",0,"2023-09-18",0,1,94.46,94.47,328,105,0,12027,0,-0.01,94.485,94.49,94.46,0,1996,94.465,123182,0,0,"",0
"2023-07-05","BAXZ23","BAX","BAX","BAX",0,"2023-12-18",0,1,94.425,94.435,240,10,0,12885,0,-0.015,94.47,94.47,94.415,0,2270,94.425,126524,0,0,"",0
"2023-07-05","BAXH24","BAX","BAX","BAX",0,"2024-03-18",0,1,94.49,94.53,25,25,0,12844,0,-0.03,94.54,94.555,94.5,0,2052,94.51,110560,0,0,"",0
"2023-07-05","BAXM24","BAX","BAX","BAX",0,"2024-06-17",0,1,94.695,94.71,50,100,0,13128,0,-0.035,94.735,94.755,94.7,0,2466,94.71,101430,0,0,"",0
"2023-07-05","BAXU24","BAX","BAX","BAX",0,"2024-09-18",0,1,94.97,95.01,15,4,0,15270,0,-0.04,95.03,95.07,94.99,0,2235,95.01,78376,0,0,"",0
"2023-07-05","BAXZ24","BAX","BAX","BAX",0,"2024-12-18",0,1,95.21,95.25,2,60,0,5664,0,-0.07,95.29,95.33,95.23,0,1486,95.25,52565,0,0,"",0
"2023-07-05","BAXH25","BAX","BAX","BAX",0,"2025-03-19",0,1,0,95.46,0,8,0,3367,0,-0.07,95.49,95.52,95.45,0,868,95.45,19273,0,0,"",0
"2023-07-05","BAXM25","BAX","BAX","BAX",0,"2025-06-18",0,1,0,95.97,0,1,0,1158,0,-0.07,95.68,95.71,95.64,0,210,95.64,6582,0,0,"",0
"2023-07-05","BAXU25","BAX","BAX","BAX",0,"2025-09-17",0,1,0,95.86,0,30,0,39,0,-0.05,95.84,95.84,95.84,0,13,95.83,2276,0,0,"",0
"2023-07-05","BAXZ25","BAX","BAX","BAX",0,"2025-12-17",0,1,0,97.2,0,1,0,68,0,-0.04,96.03,96.04,96.03,0,7,96.01,737,0,0,"",0
"2023-07-05","BAXH26","BAX","BAX","BAX",0,"2026-03-18",0,1,96,97.5,1,1,0,0,0,0,0,0,0,0,0,96.19,94,0,0,"",0
"2023-07-06","BAXN23","BAX","BAX","BAX",0,"2023-07-17",0,1,0,0,0,0,0,0,0,0,0,0,0,0,0,94.72,0,0,0,"",0
"2023-07-06","BAXQ23","BAX","BAX","BAX",0,"2023-08-14",0,1,0,0,0,0,0,0,0,0,0,0,0,0,0,94.745,0,0,0,"",0
"2023-07-06","BAXU23","BAX","BAX","BAX",0,"2023-09-18",0,1,94.47,94.475,331,220,94.47,27224,94.465,0.005,94.47,94.48,94.425,2569751,3068,94.455,126697,0,0,"",0
"2023-07-06","BAXZ23","BAX","BAX","BAX",0,"2023-12-18",0,1,94.42,94.43,196,50,94.42,23664,94.425,-0.005,94.395,94.435,94.34,2231597,4082,94.4,127864,0,0,"",0
"2023-07-06","BAXH24","BAX","BAX","BAX",0,"2024-03-18",0,1,94.45,94.49,175,25,94.47,24925,94.51,-0.04,94.485,94.5,94.375,2351283,4731,94.46,112094,0,0,"",0
"2023-07-06","BAXM24","BAX","BAX","BAX",0,"2024-06-17",0,1,94.6,94.63,25,109,94.625,21378,94.71,-0.085,94.68,94.695,94.55,2019892,4689,94.63,102926,0,0,"",0
"2023-07-06","BAXU24","BAX","BAX","BAX",0,"2024-09-18",0,1,94.88,94.92,15,40,94.91,21947,95.01,-0.1,94.97,95,94.83,2080057,3666,94.92,77077,0,0,"",0
"2023-07-06","BAXZ24","BAX","BAX","BAX",0,"2024-12-18",0,1,95.11,95.14,55,276,95.13,11244,95.25,-0.12,95.21,95.24,95.06,1068738,2637,95.14,52574,0,0,"",0
"2023-07-06","BAXH25","BAX","BAX","BAX",0,"2025-03-19",0,1,95.3,95.41,5,124,95.32,3893,95.45,-0.13,95.43,95.43,95.25,370631,989,95.33,20792,0,0,"",0
"2023-07-06","BAXM25","BAX","BAX","BAX",0,"2025-06-18",0,1,0,95.97,0,1,95.49,2259,95.64,-0.15,95.63,95.63,95.47,215433,659,95.51,6999,0,0,"",0
"2023-07-06","BAXU25","BAX","BAX","BAX",0,"2025-09-17",0,1,0,0,0,0,95.68,89,95.83,-0.15,95.68,95.68,95.68,8512,9,95.69,2315,0,0,"",0
"2023-07-06","BAXZ25","BAX","BAX","BAX",0,"2025-12-17",0,1,0,97.2,0,1,95.85,1,96.01,-0.16,95.85,95.85,95.85,95,1,95.87,805,0,0,"",0
"2023-07-06","BAXH26","BAX","BAX","BAX",0,"2026-03-18",0,1,0,97.5,0,1,96,4,96.19,-0.19,96.04,96.04,96,384,3,96.05,94,0,0,"",0
"2023-07-07","BAXN23","BAX","BAX","BAX",0,"2023-07-17",0,1,0,0,0,0,0,0,0,0,0,0,0,0,0,94.695,0,0,0,"",0
"2023-07-07","BAXQ23","BAX","BAX","BAX",0,"2023-08-14",0,1,0,0,0,0,0,0,0,0,0,0,0,0,0,94.72,0,0,0,"",0
"2023-07-07","BAXU23","BAX","BAX","BAX",0,"2023-09-18",0,1,94.425,94.435,295,40,0,22705,0,-0.025,94.47,94.485,94.415,0,3271,94.43,125502,0,0,"",0
"2023-07-07","BAXZ23","BAX","BAX","BAX",0,"2023-12-18",0,1,94.295,94.38,24,10,0,16237,0,-0.035,94.42,94.425,94.35,0,3161,94.375,127407,0,0,"",0
"2023-07-07","BAXH24","BAX","BAX","BAX",0,"2024-03-18",0,1,0,94.41,0,86,0,16243,0,-0.05,94.475,94.58,94.385,0,2964,94.435,109069,0,0,"",0
"2023-07-07","BAXM24","BAX","BAX","BAX",0,"2024-06-17",0,1,94.45,94.575,5,215,0,16822,0,-0.08,94.63,94.75,94.52,0,3476,94.605,97613,0,0,"",0
"2023-07-07","BAXU24","BAX","BAX","BAX",0,"2024-09-18",0,1,94.72,94.85,200,159,0,11862,0,-0.09,95.04,95.04,94.8,0,2285,94.89,76748,0,0,"",0
"2023-07-07","BAXZ24","BAX","BAX","BAX",0,"2024-12-18",0,1,95.03,95.08,4,97,0,7568,0,-0.09,95.2,95.25,95.01,0,1645,95.11,55040,0,0,"",0
"2023-07-07","BAXH25","BAX","BAX","BAX",0,"2025-03-19",0,1,0,95.26,0,5,0,3195,0,-0.1,95.3,95.34,95.2,0,749,95.29,21925,0,0,"",0
"2023-07-07","BAXM25","BAX","BAX","BAX",0,"2025-06-18",0,1,0,95.97,0,1,0,2505,0,-0.1,95.48,95.51,95.37,0,305,95.47,7391,0,0,"",0
"2023-07-07","BAXU25","BAX","BAX","BAX",0,"2025-09-17",0,1,0,0,0,0,0,832,0,-0.04,95.61,95.65,95.61,0,61,95.65,2403,0,0,"",0
"2023-07-07","BAXZ25","BAX","BAX","BAX",0,"2025-12-17",0,1,0,97.2,0,1,0,18,0,-0.05,95.82,95.82,95.82,0,7,95.83,806,0,0,"",0
"2023-07-07","BAXH26","BAX","BAX","BAX",0,"2026-03-18",0,1,0,97.5,0,1,0,3,0,-0.06,95.99,95.99,95.99,0,3,96.01,94,0,0,"",0
"2023-07-10","BAXN23","BAX","BAX","BAX",0,"2023-07-17",0,1,0,0,0,0,0,0,0,0,0,0,0,0,0,94.73,0,0,0,"",0
"2023-07-10","BAXQ23","BAX","BAX","BAX",0,"2023-08-14",0,1,0,0,0,0,0,0,0,0,0,0,0,0,0,94.755,0,0,0,"",0
"2023-07-10","BAXU23","BAX","BAX","BAX",0,"2023-09-18",0,1,94.465,94.475,323,55,94.475,19101,94.43,0.045,94.435,94.485,94.435,1802911,2584,94.465,123361,0,0,"",0
"2023-07-10","BAXZ23","BAX","BAX","BAX",0,"2023-12-18",0,1,94.415,94.42,366,30,94.415,42217,94.375,0.04,94.365,94.425,94.36,3982849,4797,94.41,127900,0,0,"",0
"2023-07-10","BAXH24","BAX","BAX","BAX",0,"2024-03-18",0,1,94.475,94.49,91,5,94.475,46934,94.435,0.04,94.41,94.49,94.405,4429948,4953,94.48,114266,0,0,"",0
"2023-07-10","BAXM24","BAX","BAX","BAX",0,"2024-06-17",0,1,94.625,94.64,5,64,94.63,17052,94.605,0.025,94.57,94.645,94.55,1611599,3283,94.635,106631,0,0,"",0
"2023-07-10","BAXU24","BAX","BAX","BAX",0,"2024-09-18",0,1,94.9,94.92,174,25,94.91,18610,94.89,0.02,94.85,94.93,94.83,1764256,2361,94.91,82070,0,0,"",0
"2023-07-10","BAXZ24","BAX","BAX","BAX",0,"2024-12-18",0,1,95.11,95.15,10,25,95.13,12352,95.11,0.02,95.05,95.15,95.04,1174151,1893,95.14,59284,0,0,"",0
"2023-07-10","BAXH25","BAX","BAX","BAX",0,"2025-03-19",0,1,0,95.32,0,2,95.32,2709,95.29,0.03,95.25,95.34,95.22,257903,592,95.32,23217,0,0,"",0
"2023-07-10","BAXM25","BAX","BAX","BAX",0,"2025-06-18",0,1,95.5,95.97,2,1,95.5,1889,95.47,0.03,95.45,95.52,95.41,180141,388,95.5,8149,0,0,"",0
"2023-07-10","BAXU25","BAX","BAX","BAX",0,"2025-09-17",0,1,0,0,0,0,95.7,259,95.65,0.05,95.64,95.7,95.64,24751,37,95.68,2909,0,0,"",0
"2023-07-10","BAXZ25","BAX","BAX","BAX",0,"2025-12-17",0,1,0,97.2,0,1,95.88,67,95.83,0.05,95.82,95.88,95.82,6417,8,95.86,814,0,0,"",0
"2023-07-10","BAXH26","BAX","BAX","BAX",0,"2026-03-18",0,1,0,97.5,0,1,96.05,5,96.01,0.04,96.05,96.05,96.05,480,2,96.03,91,0,0,"",0
"2023-07-11","BAXN23","BAX","BAX","BAX",0,"2023-07-17",0,1,0,0,0,0,0,0,0,0,0,0,0,0,0,94.695,0,0,0,"",0
"2023-07-11","BAXQ23","BAX","BAX","BAX",0,"2023-08-14",0,1,94,95,1,1,0,0,0,0,0,0,0,0,0,94.72,0,0,0,"",0
"2023-07-11","BAXU23","BAX","BAX","BAX",0,"2023-09-18",0,1,94.43,94.44,146,26,0,12887,0,-0.03,94.465,94.48,94.425,0,1533,94.43,124726,0,0,"",0
"2023-07-11","BAXZ23","BAX","BAX","BAX",0,"2023-12-18",0,1,94.36,94.37,100,40,0,19546,0,-0.045,94.41,94.425,94.36,0,2085,94.365,139449,0,0,"",0
"2023-07-11","BAXH24","BAX","BAX","BAX",0,"2024-03-18",0,1,0,94.43,0,11,0,12203,0,-0.055,94.485,94.495,94.415,0,1581,94.425,125002,0,0,"",0
"2023-07-11","BAXM24","BAX","BAX","BAX",0,"2024-06-17",0,1,94.565,94.575,26,18,0,10874,0,-0.065,94.635,94.65,94.56,0,1776,94.575,101027,0,0,"",0
"2023-07-11","BAXU24","BAX","BAX","BAX",0,"2024-09-18",0,1,94.83,94.84,50,150,0,12182,0,-0.08,94.93,94.93,94.83,0,1368,94.85,86337,0,0,"",0
"2023-07-11","BAXZ24","BAX","BAX","BAX",0,"2024-12-18",0,1,95.06,95.07,40,77,0,9845,0,-0.08,95.15,95.16,95.06,0,1808,95.08,61960,0,0,"",0
"2023-07-11","BAXH25","BAX","BAX","BAX",0,"2025-03-19",0,1,0,95.32,0,2,0,3853,0,-0.06,95.31,95.35,95.26,0,544,95.27,24540,0,0,"",0
"2023-07-11","BAXM25","BAX","BAX","BAX",0,"2025-06-18",0,1,0,95.53,0,6,0,1266,0,-0.05,95.52,95.54,95.45,0,226,95.45,8881,0,0,"",0
"2023-07-11","BAXU25","BAX","BAX","BAX",0,"2025-09-17",0,1,0,0,0,0,0,99,0,-0.04,95.64,95.64,95.64,0,36,95.63,3053,0,0,"",0
"2023-07-11","BAXZ25","BAX","BAX","BAX",0,"2025-12-17",0,1,0,97.2,0,1,0,111,0,-0.03,95.84,95.84,95.83,0,41,95.81,823,0,0,"",0
"2023-07-11","BAXH26","BAX","BAX","BAX",0,"2026-03-18",0,1,0,97.5,0,1,0,4,0,0,0,0,0,0,1,95.98,86,0,0,"",0
"2023-07-12","BAXN23","BAX","BAX","BAX",0,"2023-07-17",0,1,0,0,0,0,0,0,0,0,0,0,0,0,0,94.715,0,0,0,"",0
"2023-07-12","BAXQ23","BAX","BAX","BAX",0,"2023-08-14",0,1,94,95,1,1,0,0,0,0,0,0,0,0,0,94.74,0,0,0,"",0
"2023-07-12","BAXU23","BAX","BAX","BAX",0,"2023-09-18",0,1,94.445,94.45,250,180,0,39689,0,0.015,94.44,94.56,94.395,0,3353,94.45,125129,0,0,"",0
"2023-07-12","BAXZ23","BAX","BAX","BAX",0,"2023-12-18",0,1,94.425,94.43,250,5,0,34528,0,0.07,94.365,94.535,94.355,0,4339,94.43,130107,0,0,"",0
"2023-07-12","BAXH24","BAX","BAX","BAX",0,"2024-03-18",0,1,0,94.56,0,50,0,22157,0,0.105,94.435,94.615,94.42,0,4031,94.545,113719,0,0,"",0
"2023-07-12","BAXM24","BAX","BAX","BAX",0,"2024-06-17",0,1,94.45,94.715,5,102,0,23936,0,0.14,94.58,94.76,94.57,0,4770,94.735,100403,0,0,"",0
"2023-07-12","BAXU24","BAX","BAX","BAX",0,"2024-09-18",0,1,94.99,95.02,3,20,0,23527,0,0.16,94.84,95.06,94.84,0,2905,95.03,83479,0,0,"",0
"2023-07-12","BAXZ24","BAX","BAX","BAX",0,"2024-12-18",0,1,95.24,95.26,10,53,0,11316,0,0.17,95.09,95.31,95.07,0,2714,95.27,64100,0,0,"",0
"2023-07-12","BAXH25","BAX","BAX","BAX",0,"2025-03-19",0,1,0,95.52,0,100,0,4514,0,0.19,95.27,95.52,95.26,0,985,95.46,25618,0,0,"",0
"2023-07-12","BAXM25","BAX","BAX","BAX",0,"2025-06-18",0,1,0,95.97,0,1,0,2492,0,0.19,95.46,95.71,95.45,0,529,95.65,9437,0,0,"",0
"2023-07-12","BAXU25","BAX","BAX","BAX",0,"2025-09-17",0,1,0,0,0,0,0,90,0,0.19,95.77,95.83,95.77,0,24,95.83,3080,0,0,"",0
"2023-07-12","BAXZ25","BAX","BAX","BAX",0,"2025-12-17",0,1,0,97.2,0,1,0,14,0,0.18,96,96,95.99,0,5,96.01,923,0,0,"",0
"2023-07-12","BAXH26","BAX","BAX","BAX",0,"2026-03-18",0,1,0,97.5,0,1,0,0,0,0,0,0,0,0,0,96.18,90,0,0,"",0
"2023-07-13","BAXN23","BAX","BAX","BAX",0,"2023-07-17",0,1,0,0,0,0,0,0,0,0,0,0,0,0,0,94.715,0,0,0,"",0
"2023-07-13","BAXQ23","BAX","BAX","BAX",0,"2023-08-14",0,1,94,95,1,1,0,0,0,0,0,0,0,0,0,94.74,0,0,0,"",0
"2023-07-13","BAXU23","BAX","BAX","BAX",0,"2023-09-18",0,1,94.45,94.46,288,62,0,13185,0,0.005,94.44,94.47,94.44,0,1673,94.45,126714,0,0,"",0
"2023-07-13","BAXZ23","BAX","BAX","BAX",0,"2023-12-18",0,1,94.44,94.46,250,130,0,14764,0,0.015,94.43,94.48,94.425,0,2255,94.44,121480,0,0,"",0
"2023-07-13","BAXH24","BAX","BAX","BAX",0,"2024-03-18",0,1,94.57,94.6,37,54,0,11551,0,0.045,94.535,94.635,94.535,0,2051,94.595,117793,0,0,"",0
"2023-07-13","BAXM24","BAX","BAX","BAX",0,"2024-06-17",0,1,94.81,95.095,20,1,0,18467,0,0.08,94.71,94.86,94.71,0,3368,94.83,101225,0,0,"",0
"2023-07-13","BAXU24","BAX","BAX","BAX",0,"2024-09-18",0,1,0,95.2,0,2,0,16045,0,0.13,95.02,95.19,95.02,0,2546,95.17,86602,0,0,"",0
"2023-07-13","BAXZ24","BAX","BAX","BAX",0,"2024-12-18",0,1,95.41,95.46,5,100,0,14396,0,0.16,95.25,95.46,95.25,0,2250,95.43,66592,0,0,"",0
"2023-07-13","BAXH25","BAX","BAX","BAX",0,"2025-03-19",0,1,95.6,0,5,0,0,3868,0,0.16,95.48,95.66,95.48,0,767,95.63,26620,0,0,"",0
"2023-07-13","BAXM25","BAX","BAX","BAX",0,"2025-06-18",0,1,0,95.8,0,8,0,1532,0,0.14,95.64,95.83,95.64,0,467,95.81,9690,0,0,"",0
"2023-07-13","BAXU25","BAX","BAX","BAX",0,"2025-09-17",0,1,0,0,0,0,0,236,0,0.11,95.91,95.95,95.91,0,40,95.99,3104,0,0,"",0
"2023-07-13","BAXZ25","BAX","BAX","BAX",0,"2025-12-17",0,1,0,97.2,0,1,0,49,0,0,0,0,0,0,5,96.17,934,0,0,"",0
"2023-07-13","BAXH26","BAX","BAX","BAX",0,"2026-03-18",0,1,0,97.5,0,1,0,0,0,0,0,0,0,0,0,96.34,90,0,0,"",0
"2023-07-14","BAXN23","BAX","BAX","BAX",0,"2023-07-17",0,1,0,0,0,0,0,0,0,0,0,0,0,0,0,94.705,0,0,0,"",0
"2023-07-14","BAXQ23","BAX","BAX","BAX",0,"2023-08-14",0,1,94,95,1,1,0,0,0,0,0,0,0,0,0,94.73,0,0,0,"",0
"2023-07-14","BAXU23","BAX","BAX","BAX",0,"2023-09-18",0,1,94.44,94.45,638,22,94.445,9507,94.45,-0.005,94.46,94.465,94.425,897228,1229,94.44,123120,0,0,"",0
"2023-07-14","BAXZ23","BAX","BAX","BAX",0,"2023-12-18",0,1,94.415,94.425,402,20,94.42,10666,94.44,-0.02,94.44,94.46,94.395,1006298,1562,94.415,120274,0,0,"",0
"2023-07-14","BAXH24","BAX","BAX","BAX",0,"2024-03-18",0,1,94.525,94.59,5,10,94.545,10548,94.595,-0.05,94.585,94.615,94.52,996640,1613,94.55,116125,0,0,"",0
"2023-07-14","BAXM24","BAX","BAX","BAX",0,"2024-06-17",0,1,94.73,94.76,1,100,94.75,10712,94.83,-0.08,94.815,94.85,94.725,1014006,2207,94.76,102046,0,0,"",0
"2023-07-14","BAXU24","BAX","BAX","BAX",0,"2024-09-18",0,1,0,95.09,0,1,95.08,8313,95.17,-0.09,95.17,95.19,95.05,790165,1387,95.09,91480,0,0,"",0
"2023-07-14","BAXZ24","BAX","BAX","BAX",0,"2024-12-18",0,1,95.33,95.35,1,5,95.34,6619,95.43,-0.09,95.43,95.44,95.31,630602,1181,95.35,69663,0,0,"",0
"2023-07-14","BAXH25","BAX","BAX","BAX",0,"2025-03-19",0,1,95.55,95.56,27,1,95.56,1614,95.63,-0.07,95.63,95.63,95.5,154052,409,95.55,26939,0,0,"",0
"2023-07-14","BAXM25","BAX","BAX","BAX",0,"2025-06-18",0,1,95.73,95.97,50,1,95.74,1384,95.81,-0.07,95.78,95.81,95.69,132366,215,95.74,10047,0,0,"",0
"2023-07-14","BAXU25","BAX","BAX","BAX",0,"2025-09-17",0,1,0,0,0,0,95.92,79,95.99,-0.07,95.96,95.96,95.88,7546,37,95.92,3253,0,0,"",0
"2023-07-14","BAXZ25","BAX","BAX","BAX",0,"2025-12-17",0,1,0,97.2,0,1,96.09,199,96.17,-0.08,96.09,96.09,96.09,19120,6,96.1,934,0,0,"",0
"2023-07-14","BAXH26","BAX","BAX","BAX",0,"2026-03-18",0,1,0,97.5,0,1,0,0,0,0,0,0,0,0,0,96.27,90,0,0,"",0
"2023-07-17","BAXN23","BAX","BAX","BAX",0,"2023-07-17",0,1,0,0,0,0,0,0,0,0,0,0,0,0,0,94.502,0,0,0,"",0
"2023-07-17","BAXQ23","BAX","BAX","BAX",0,"2023-08-14",0,1,94,95,1,1,0,0,0,0,0,0,0,0,0,94.73,0,0,0,"",0
"2023-07-17","BAXU23","BAX","BAX","BAX",0,"2023-09-18",0,1,94.435,94.44,693,97,94.44,12176,94.44,0,94.455,94.465,94.43,1149121,1527,94.44,121810,0,0,"",0
"2023-07-17","BAXZ23","BAX","BAX","BAX",0,"2023-12-18",0,1,94.375,94.44,115,50,94.375,6164,94.415,-0.04,94.425,94.445,94.375,581336,1130,94.385,119005,0,0,"",0
"2023-07-17","BAXH24","BAX","BAX","BAX",0,"2024-03-18",0,1,0,94.52,0,28,94.495,8920,94.55,-0.055,94.545,94.585,94.495,842535,1586,94.51,113765,0,0,"",0
"2023-07-17","BAXM24","BAX","BAX","BAX",0,"2024-06-17",0,1,94.685,94.71,1,18,94.7,7431,94.76,-0.06,94.765,94.795,94.7,703256,1381,94.72,101565,0,0,"",0
"2023-07-17","BAXU24","BAX","BAX","BAX",0,"2024-09-18",0,1,95.03,95.69,25,25,95.04,6529,95.09,-0.05,95.09,95.13,95.02,620472,788,95.05,89718,0,0,"",0
"2023-07-17","BAXZ24","BAX","BAX","BAX",0,"2024-12-18",0,1,95.25,95.32,3,1,95.31,5845,95.35,-0.04,95.36,95.4,95.29,556902,701,95.33,71763,0,0,"",0
"2023-07-17","BAXH25","BAX","BAX","BAX",0,"2025-03-19",0,1,0,0,0,0,95.55,976,95.55,0,95.57,95.61,95.52,93181,191,95.55,26938,0,0,"",0
"2023-07-17","BAXM25","BAX","BAX","BAX",0,"2025-06-18",0,1,95.69,95.97,19,1,95.73,496,95.74,-0.01,95.78,95.79,95.69,47417,146,95.75,9094,0,0,"",0
"2023-07-17","BAXU25","BAX","BAX","BAX",0,"2025-09-17",0,1,0,95.94,0,25,95.93,483,95.92,0.01,95.95,95.95,95.93,46291,65,95.94,3271,0,0,"",0
"2023-07-17","BAXZ25","BAX","BAX","BAX",0,"2025-12-17",0,1,0,97.2,0,1,96.11,158,96.1,0.01,96.11,96.11,96.11,15176,33,96.12,934,0,0,"",0
"2023-07-17","BAXH26","BAX","BAX","BAX",0,"2026-03-18",0,1,0,97.5,0,1,0,0,0,0,0,0,0,0,0,96.29,90,0,0,"",0
"2023-07-18","BAXQ23","BAX","BAX","BAX",0,"2023-08-14",0,1,94,95,1,1,0,0,0,0,0,0,0,0,0,94.735,0,0,0,"",0
"2023-07-18","BAXU23","BAX","BAX","BAX",0,"2023-09-18",0,1,94.44,94.45,286,45,0,24908,0,0,94.435,94.51,94.435,0,2299,94.445,118960,0,0,"",0
"2023-07-18","BAXZ23","BAX","BAX","BAX",0,"2023-12-18",0,1,94.365,94.395,5,11,0,20072,0,0.005,94.375,94.44,94.37,0,2875,94.395,118537,0,0,"",0
"2023-07-18","BAXH24","BAX","BAX","BAX",0,"2024-03-18",0,1,0,94.53,0,20,0,17027,0,0.01,94.5,94.585,94.48,0,3760,94.525,117710,0,0,"",0
"2023-07-18","BAXM24","BAX","BAX","BAX",0,"2024-06-17",0,1,94.5,94.77,5,48,0,17507,0,0.04,94.7,94.82,94.695,0,3584,94.76,102567,0,0,"",0
"2023-07-18","BAXU24","BAX","BAX","BAX",0,"2024-09-18",0,1,95.1,95.15,10,100,0,12148,0,0.06,95.05,95.17,95.04,0,2618,95.11,89556,0,0,"",0
"2023-07-18","BAXZ24","BAX","BAX","BAX",0,"2024-12-18",0,1,95.36,95.42,65,15,0,6513,0,0.05,95.32,95.46,95.31,0,1169,95.39,73846,0,0,"",0
"2023-07-18","BAXH25","BAX","BAX","BAX",0,"2025-03-19",0,1,0,95.65,0,49,0,2330,0,0.07,95.6,95.67,95.54,0,431,95.62,27269,0,0,"",0
"2023-07-18","BAXM25","BAX","BAX","BAX",0,"2025-06-18",0,1,0,0,0,0,0,3105,0,0.06,95.8,95.86,95.74,0,617,95.82,9147,0,0,"",0
"2023-07-18","BAXU25","BAX","BAX","BAX",0,"2025-09-17",0,1,0,96.07,0,1,0,994,0,0.07,95.97,96.04,95.97,0,171,96.01,3752,0,0,"",0
"2023-07-18","BAXZ25","BAX","BAX","BAX",0,"2025-12-17",0,1,96.17,97.2,6,1,0,118,0,0.06,96.19,96.2,96.17,0,43,96.19,776,0,0,"",0
"2023-07-18","BAXH26","BAX","BAX","BAX",0,"2026-03-18",0,1,0,97.5,0,1,0,0,0,0,0,0,0,0,0,96.36,90,0,0,"",0
"2023-07-19","BAXQ23","BAX","BAX","BAX",0,"2023-08-14",0,1,94,95,1,1,0,0,0,0,0,0,0,0,0,94.73,0,0,0,"",0
"2023-07-19","BAXU23","BAX","BAX","BAX",0,"2023-09-18",0,1,94.445,94.45,89,25,94.45,10519,94.445,0.005,94.45,94.47,94.435,992774,1513,94.44,115795,0,0,"",0
"2023-07-19","BAXZ23","BAX","BAX","BAX",0,"2023-12-18",0,1,94.385,94.405,305,25,94.39,15512,94.395,-0.005,94.4,94.44,94.38,1463424,1707,94.385,117560,0,0,"",0
"2023-07-19","BAXH24","BAX","BAX","BAX",0,"2024-03-18",0,1,0,94.525,0,100,94.515,8877,94.525,-0.01,94.545,94.575,94.49,838089,2131,94.51,115769,0,0,"",0
"2023-07-19","BAXM24","BAX","BAX","BAX",0,"2024-06-17",0,1,94.73,94.755,2,150,94.755,10672,94.76,-0.005,94.795,94.825,94.72,1009689,2517,94.755,102971,0,0,"",0
"2023-07-19","BAXU24","BAX","BAX","BAX",0,"2024-09-18",0,1,95.11,95.13,64,1,95.12,10233,95.11,0.01,95.06,95.19,95.06,972780,2030,95.12,92091,0,0,"",0
"2023-07-19","BAXZ24","BAX","BAX","BAX",0,"2024-12-18",0,1,95.4,95.41,200,5,95.41,7836,95.39,0.02,95.44,95.48,95.37,746972,1422,95.41,74034,0,0,"",0
"2023-07-19","BAXH25","BAX","BAX","BAX",0,"2025-03-19",0,1,0,0,0,0,95.64,923,95.62,0.02,95.67,95.7,95.6,88191,151,95.63,27109,0,0,"",0
"2023-07-19","BAXM25","BAX","BAX","BAX",0,"2025-06-18",0,1,0,0,0,0,95.83,506,95.82,0.01,95.89,95.89,95.79,48402,148,95.83,9928,0,0,"",0
"2023-07-19","BAXU25","BAX","BAX","BAX",0,"2025-09-17",0,1,0,96.12,0,1,96.02,21,96.01,0.01,96.07,96.07,95.99,2014,10,96.02,4368,0,0,"",0
"2023-07-19","BAXZ25","BAX","BAX","BAX",0,"2025-12-17",0,1,0,97.2,0,1,0,0,0,0,0,0,0,0,0,96.2,698,0,0,"",0
"2023-07-19","BAXH26","BAX","BAX","BAX",0,"2026-03-18",0,1,0,97.5,0,1,0,0,0,0,0,0,0,0,0,96.37,90,0,0,"",0
"2023-07-20","BAXQ23","BAX","BAX","BAX",0,"2023-08-14",0,1,94,95,1,1,0,0,0,0,0,0,0,0,0,94.7,0,0,0,"",0
"2023-07-20","BAXU23","BAX","BAX","BAX",0,"2023-09-18",0,1,94.41,94.42,50,46,0,11872,0,-0.025,94.44,94.44,94.405,0,1328,94.41,114603,0,0,"",0
"2023-07-20","BAXZ23","BAX","BAX","BAX",0,"2023-12-18",0,1,94.31,94.36,8,124,0,16217,0,-0.05,94.385,94.385,94.325,0,2087,94.345,116079,0,0,"",0
"2023-07-20","BAXH24","BAX","BAX","BAX",0,"2024-03-18",0,1,0,94.44,0,2,0,8555,0,-0.115,94.495,94.51,94.395,0,1656,94.425,113431,0,0,"",0
"2023-07-20","BAXM24","BAX","BAX","BAX",0,"2024-06-17",0,1,94.5,94.65,5,10,0,12605,0,-0.135,94.735,94.755,94.6,0,2009,94.645,103622,0,0,"",0
"2023-07-20","BAXU24","BAX","BAX","BAX",0,"2024-09-18",0,1,94.94,95.02,1,1,0,9563,0,-0.14,95.1,95.11,94.94,0,1496,95,91830,0,0,"",0
"2023-07-20","BAXZ24","BAX","BAX","BAX",0,"2024-12-18",0,1,95.24,95.29,30,25,0,10968,0,-0.15,95.4,95.4,95.21,0,1869,95.29,73479,0,0,"",0
"2023-07-20","BAXH25","BAX","BAX","BAX",0,"2025-03-19",0,1,0,0,0,0,0,1624,0,-0.17,95.63,95.63,95.42,0,339,95.49,27202,0,0,"",0
"2023-07-20","BAXM25","BAX","BAX","BAX",0,"2025-06-18",0,1,0,95.67,0,17,0,1884,0,-0.18,95.76,95.76,95.6,0,418,95.67,9941,0,0,"",0
"2023-07-20","BAXU25","BAX","BAX","BAX",0,"2025-09-17",0,1,0,95.93,0,3,0,720,0,-0.2,95.9,95.93,95.78,0,107,95.85,4385,0,0,"",0
"2023-07-20","BAXZ25","BAX","BAX","BAX",0,"2025-12-17",0,1,0,96.09,0,4,0,105,0,-0.23,95.97,95.97,95.96,0,33,96.02,698,0,0,"",0
"2023-07-20","BAXH26","BAX","BAX","BAX",0,"2026-03-18",0,1,0,97.5,0,1,0,82,0,-0.26,96.25,96.25,96.11,0,21,96.18,90,0,0,"",0
"2023-07-21","BAXQ23","BAX","BAX","BAX",0,"2023-08-14",0,1,94,95,1,1,0,0,0,0,0,0,0,0,0,94.725,0,0,0,"",0
"2023-07-21","BAXU23","BAX","BAX","BAX",0,"2023-09-18",0,1,94.435,94.445,250,25,0,9588,0,0.03,94.415,94.445,94.405,0,1310,94.435,117405,0,0,"",0
"2023-07-21","BAXZ23","BAX","BAX","BAX",0,"2023-12-18",0,1,94.385,94.39,2,25,0,10010,0,0.04,94.345,94.39,94.325,0,1556,94.385,118865,0,0,"",0
"2023-07-21","BAXH24","BAX","BAX","BAX",0,"2024-03-18",0,1,94.4,95,5,1,0,8791,0,0.04,94.42,94.47,94.395,0,1589,94.465,114138,0,0,"",0
"2023-07-21","BAXM24","BAX","BAX","BAX",0,"2024-06-17",0,1,94.645,94.685,35,25,0,11179,0,0.035,94.625,94.69,94.605,0,2022,94.675,106138,0,0,"",0
"2023-07-21","BAXU24","BAX","BAX","BAX",0,"2024-09-18",0,1,95,95.03,1,1,0,5811,0,0.02,94.98,95.05,94.96,0,843,95.03,90724,0,0,"",0
"2023-07-21","BAXZ24","BAX","BAX","BAX",0,"2024-12-18",0,1,95.3,95.32,50,5,0,5819,0,0.02,95.28,95.34,95.23,0,899,95.32,74191,0,0,"",0
"2023-07-21","BAXH25","BAX","BAX","BAX",0,"2025-03-19",0,1,95.49,95.55,15,15,0,850,0,0.04,95.47,95.55,95.43,0,204,95.53,27227,0,0,"",0
"2023-07-21","BAXM25","BAX","BAX","BAX",0,"2025-06-18",0,1,0,95.72,0,91,0,1176,0,0.05,95.65,95.75,95.61,0,323,95.72,10095,0,0,"",0
"2023-07-21","BAXU25","BAX","BAX","BAX",0,"2025-09-17",0,1,0,96.12,0,1,0,301,0,0.04,95.88,95.91,95.88,0,87,95.9,4757,0,0,"",0
"2023-07-21","BAXZ25","BAX","BAX","BAX",0,"2025-12-17",0,1,0,97.2,0,1,0,0,0,0,0,0,0,0,0,96.07,679,0,0,"",0
"2023-07-21","BAXH26","BAX","BAX","BAX",0,"2026-03-18",0,1,0,97.5,0,1,0,0,0,0,0,0,0,0,0,96.23,104,0,0,"",0
"2023-07-24","BAXQ23","BAX","BAX","BAX",0,"2023-08-14",0,1,94,95,1,1,0,0,0,0,0,0,0,0,0,94.725,0,0,0,"",0
"2023-07-24","BAXU23","BAX","BAX","BAX",0,"2023-09-18",0,1,94.43,94.435,254,45,0,17592,0,-0.005,94.435,94.46,94.425,0,1753,94.435,115945,0,0,"",0
"2023-07-24","BAXZ23","BAX","BAX","BAX",0,"2023-12-18",0,1,94.34,94.355,25,10,0,17619,0,-0.045,94.39,94.41,94.34,0,2294,94.35,118339,0,0,"",0
"2023-07-24","BAXH24","BAX","BAX","BAX",0,"2024-03-18",0,1,0,94.415,0,37,0,8326,0,-0.065,94.46,94.49,94.4,0,1591,94.415,115012,0,0,"",0
"2023-07-24","BAXM24","BAX","BAX","BAX",0,"2024-06-17",0,1,94.5,94.615,5,20,0,8437,0,-0.085,94.665,94.715,94.59,0,1509,94.615,105995,0,0,"",0
"2023-07-24","BAXU24","BAX","BAX","BAX",0,"2024-09-18",0,1,94.91,94.92,1,27,0,8154,0,-0.12,94.99,95.06,94.91,0,1216,94.95,89378,0,0,"",0
"2023-07-24","BAXZ24","BAX","BAX","BAX",0,"2024-12-18",0,1,95.19,95.21,101,3,0,7203,0,-0.12,95.27,95.36,95.2,0,1533,95.23,73477,0,0,"",0
"2023-07-24","BAXH25","BAX","BAX","BAX",0,"2025-03-19",0,1,95.39,0,50,0,0,3302,0,-0.13,95.54,95.57,95.4,0,569,95.44,27177,0,0,"",0
"2023-07-24","BAXM25","BAX","BAX","BAX",0,"2025-06-18",0,1,0,95.62,0,5,0,2176,0,-0.14,95.67,95.76,95.57,0,473,95.62,10130,0,0,"",0
"2023-07-24","BAXU25","BAX","BAX","BAX",0,"2025-09-17",0,1,0,96.12,0,1,0,311,0,-0.1,95.92,95.92,95.79,0,62,95.8,4775,0,0,"",0
"2023-07-24","BAXZ25","BAX","BAX","BAX",0,"2025-12-17",0,1,0,97.2,0,1,0,3,0,0,0,0,0,0,1,95.97,679,0,0,"",0
"2023-07-24","BAXH26","BAX","BAX","BAX",0,"2026-03-18",0,1,0,97.5,0,1,0,0,0,0,0,0,0,0,0,96.13,104,0,0,"",0
"2023-07-25","BAXQ23","BAX","BAX","BAX",0,"2023-08-14",0,1,94,95,1,1,0,0,0,0,0,0,0,0,0,94.715,0,0,0,"",0
"2023-07-25","BAXU23","BAX","BAX","BAX",0,"2023-09-18",0,1,94.425,94.43,1052,224,94.43,12037,94.435,-0.005,94.425,94.44,94.41,1135932,1508,94.425,115543,0,0,"",0
"2023-07-25","BAXZ23","BAX","BAX","BAX",0,"2023-12-18",0,1,94.325,94.33,192,14,94.325,13475,94.35,-0.025,94.335,94.355,94.31,1270119,1975,94.315,121060,0,0,"",0
"2023-07-25","BAXH24","BAX","BAX","BAX",0,"2024-03-18",0,1,94.365,94.38,50,10,94.375,10218,94.415,-0.04,94.4,94.42,94.345,963481,1835,94.365,114966,0,0,"",0
"2023-07-25","BAXM24","BAX","BAX","BAX",0,"2024-06-17",0,1,94.53,94.555,100,97,94.555,9302,94.615,-0.06,94.585,94.6,94.515,878715,1748,94.54,105651,0,0,"",0
"2023-07-25","BAXU24","BAX","BAX","BAX",0,"2024-09-18",0,1,94.86,94.9,100,120,94.88,6500,94.95,-0.07,94.91,94.93,94.84,616055,1012,94.86,88265,0,0,"",0
"2023-07-25","BAXZ24","BAX","BAX","BAX",0,"2024-12-18",0,1,95.14,95.16,1,19,95.16,6684,95.23,-0.07,95.19,95.22,95.12,635693,925,95.13,73270,0,0,"",0
"2023-07-25","BAXH25","BAX","BAX","BAX",0,"2025-03-19",0,1,95.34,0,25,0,95.37,908,95.44,-0.07,95.4,95.4,95.33,86526,137,95.34,27902,0,0,"",0
"2023-07-25","BAXM25","BAX","BAX","BAX",0,"2025-06-18",0,1,95.52,0,30,0,95.55,1522,95.62,-0.07,95.57,95.58,95.51,145245,351,95.52,10554,0,0,"",0
"2023-07-25","BAXU25","BAX","BAX","BAX",0,"2025-09-17",0,1,0,96.12,0,1,95.7,11,95.8,-0.1,95.71,95.71,95.7,1051,4,95.7,4830,0,0,"",0
"2023-07-25","BAXZ25","BAX","BAX","BAX",0,"2025-12-17",0,1,0,97.2,0,1,0,0,0,0,0,0,0,0,0,95.87,679,0,0,"",0
"2023-07-25","BAXH26","BAX","BAX","BAX",0,"2026-03-18",0,1,0,97.5,0,1,0,0,0,0,0,0,0,0,0,96.03,104,0,0,"",0
"2023-07-26","BAXQ23","BAX","BAX","BAX",0,"2023-08-14",0,1,94,95,1,1,0,0,0,0,0,0,0,0,0,94.735,0,0,0,"",0
"2023-07-26","BAXU23","BAX","BAX","BAX",0,"2023-09-18",0,1,94.44,94.445,112,67,0,13638,0,0.015,94.43,94.455,94.425,0,1761,94.445,105139,0,0,"",0
"2023-07-26","BAXZ23","BAX","BAX","BAX",0,"2023-12-18",0,1,94.35,94.36,2,4,0,13273,0,0.035,94.33,94.38,94.315,0,2248,94.37,121844,0,0,"",0
"2023-07-26","BAXH24","BAX","BAX","BAX",0,"2024-03-18",0,1,94.41,94.415,5,92,0,9770,0,0.04,94.385,94.455,94.365,0,2061,94.445,114956,0,0,"",0
"2023-07-26","BAXM24","BAX","BAX","BAX",0,"2024-06-17",0,1,94.45,94.84,5,5,0,6687,0,0.05,94.55,94.65,94.54,0,1552,94.635,106514,0,0,"",0
"2023-07-26","BAXU24","BAX","BAX","BAX",0,"2024-09-18",0,1,94.89,94.97,2,20,0,6984,0,0.05,94.88,94.97,94.86,0,1281,94.97,87522,0,0,"",0
"2023-07-26","BAXZ24","BAX","BAX","BAX",0,"2024-12-18",0,1,95.15,95.38,1,10,0,9193,0,0.06,95.17,95.27,95.12,0,1423,95.25,75343,0,0,"",0
"2023-07-26","BAXH25","BAX","BAX","BAX",0,"2025-03-19",0,1,0,95.45,0,25,0,3229,0,0.05,95.37,95.47,95.32,0,501,95.46,28082,0,0,"",0
"2023-07-26","BAXM25","BAX","BAX","BAX",0,"2025-06-18",0,1,0,0,0,0,0,930,0,0.05,95.57,95.65,95.54,0,327,95.64,11176,0,0,"",0
"2023-07-26","BAXU25","BAX","BAX","BAX",0,"2025-09-17",0,1,0,96.12,0,1,0,63,0,0.07,95.74,95.8,95.73,0,23,95.82,4820,0,0,"",0
"2023-07-26","BAXZ25","BAX","BAX","BAX",0,"2025-12-17",0,1,0,97.2,0,1,0,82,0,0.08,95.95,95.95,95.94,0,17,95.99,679,0,0,"",0
"2023-07-26","BAXH26","BAX","BAX","BAX",0,"2026-03-18",0,1,0,97.5,0,1,0,0,0,0,0,0,0,0,0,96.15,104,0,0,"",0
"2023-07-27","BAXQ23","BAX","BAX","BAX",0,"2023-08-14",0,1,94,95,1,1,0,0,0,0,0,0,0,0,0,94.7,0,0,0,"",0
"2023-07-27","BAXU23","BAX","BAX","BAX",0,"2023-09-18",0,1,94.41,94.415,60,99,0,15117,0,-0.035,94.435,94.44,94.395,0,1957,94.41,110542,0,0,"",0
"2023-07-27","BAXZ23","BAX","BAX","BAX",0,"2023-12-18",0,1,94.315,94.34,100,70,0,30842,0,-0.05,94.36,94.365,94.305,0,3272,94.32,126286,0,0,"",0
"2023-07-27","BAXH24","BAX","BAX","BAX",0,"2024-03-18",0,1,94.345,94.35,233,75,0,20369,0,-0.1,94.43,94.44,94.325,0,3186,94.34,118613,0,0,"",0
"2023-07-27","BAXM24","BAX","BAX","BAX",0,"2024-06-17",0,1,94.45,94.49,13,30,0,25003,0,-0.155,94.61,94.63,94.465,0,3475,94.475,109419,0,0,"",0
"2023-07-27","BAXU24","BAX","BAX","BAX",0,"2024-09-18",0,1,94.75,94.81,2,1,0,11886,0,-0.19,94.94,94.95,94.77,0,1958,94.79,90948,0,0,"",0
"2023-07-27","BAXZ24","BAX","BAX","BAX",0,"2024-12-18",0,1,95.04,95.07,20,2,0,8950,0,-0.2,95.22,95.24,95.05,0,1540,95.07,80457,0,0,"",0
"2023-07-27","BAXH25","BAX","BAX","BAX",0,"2025-03-19",0,1,0,0,0,0,0,3629,0,-0.19,95.43,95.43,95.25,0,718,95.28,28636,0,0,"",0
"2023-07-27","BAXM25","BAX","BAX","BAX",0,"2025-06-18",0,1,0,0,0,0,0,1157,0,-0.19,95.61,95.62,95.44,0,334,95.46,11780,0,0,"",0
"2023-07-27","BAXU25","BAX","BAX","BAX",0,"2025-09-17",0,1,0,96.12,0,1,0,46,0,-0.2,95.73,95.73,95.62,0,14,95.64,4833,0,0,"",0
"2023-07-27","BAXZ25","BAX","BAX","BAX",0,"2025-12-17",0,1,0,97.2,0,1,0,4,0,-0.17,95.82,95.82,95.82,0,2,95.81,761,0,0,"",0
"2023-07-27","BAXH26","BAX","BAX","BAX",0,"2026-03-18",0,1,0,97.5,0,1,0,0,0,0,0,0,0,0,0,95.97,104,0,0,"",0
"2023-07-28","BAXQ23","BAX","BAX","BAX",0,"2023-08-14",0,1,94,95,1,1,0,0,0,0,0,0,0,0,0,94.74,0,0,0,"",0
"2023-07-28","BAXU23","BAX","BAX","BAX",0,"2023-09-18",0,1,94.45,94.465,25,37,0,9599,0,0.045,94.41,94.46,94.41,0,1392,94.45,108386,0,0,"",0
"2023-07-28","BAXZ23","BAX","BAX","BAX",0,"2023-12-18",0,1,94.385,94.395,19,199,0,14488,0,0.065,94.33,94.395,94.325,0,2162,94.39,135194,0,0,"",0
"2023-07-28","BAXH24","BAX","BAX","BAX",0,"2024-03-18",0,1,94.445,94.54,45,8,0,11837,0,0.11,94.37,94.455,94.35,0,1973,94.45,122962,0,0,"",0
"2023-07-28","BAXM24","BAX","BAX","BAX",0,"2024-06-17",0,1,94.45,94.59,5,74,0,14862,0,0.11,94.505,94.595,94.49,0,2456,94.59,117724,0,0,"",0
"2023-07-28","BAXU24","BAX","BAX","BAX",0,"2024-09-18",0,1,94.87,94.9,26,26,0,7147,0,0.1,94.8,94.91,94.8,0,1569,94.89,92881,0,0,"",0
"2023-07-28","BAXZ24","BAX","BAX","BAX",0,"2024-12-18",0,1,95.16,95.19,105,1,0,6898,0,0.1,95.09,95.19,95.08,0,1398,95.17,79978,0,0,"",0
"2023-07-28","BAXH25","BAX","BAX","BAX",0,"2025-03-19",0,1,95.36,0,10,0,0,1817,0,0.1,95.31,95.39,95.31,0,391,95.37,29174,0,0,"",0
"2023-07-28","BAXM25","BAX","BAX","BAX",0,"2025-06-18",0,1,0,0,0,0,0,812,0,0.1,95.49,95.58,95.48,0,321,95.55,11721,0,0,"",0
"2023-07-28","BAXU25","BAX","BAX","BAX",0,"2025-09-17",0,1,95.69,96.12,25,1,0,45,0,0.09,95.65,95.73,95.65,0,6,95.73,4831,0,0,"",0
"2023-07-28","BAXZ25","BAX","BAX","BAX",0,"2025-12-17",0,1,0,97.2,0,1,0,0,0,0,0,0,0,0,0,95.9,761,0,0,"",0
"2023-07-28","BAXH26","BAX","BAX","BAX",0,"2026-03-18",0,1,0,97.5,0,1,0,0,0,0,0,0,0,0,0,96.06,104,0,0,"",0
"2023-07-31","BAXQ23","BAX","BAX","BAX",0,"2023-08-14",0,1,94,95,1,1,0,0,0,0,0,0,0,0,0,94.735,0,0,0,"",0
"2023-07-31","BAXU23","BAX","BAX","BAX",0,"2023-09-18",0,1,94.445,94.455,117,136,94.45,6376,94.45,0,94.44,94.455,94.435,601686,1025,94.445,101360,0,0,"",0
"2023-07-31","BAXZ23","BAX","BAX","BAX",0,"2023-12-18",0,1,94.38,94.39,220,30,94.39,7406,94.39,0,94.375,94.4,94.365,698546,1026,94.385,125683,0,0,"",0
"2023-07-31","BAXH24","BAX","BAX","BAX",0,"2024-03-18",0,1,94.39,94.475,3,100,94.455,13692,94.45,0.005,94.425,94.465,94.41,1292146,1870,94.45,119070,0,0,"",0
"2023-07-31","BAXM24","BAX","BAX","BAX",0,"2024-06-17",0,1,94.575,94.64,1,20,94.605,18954,94.59,0.015,94.55,94.625,94.54,1791527,2623,94.605,109580,0,0,"",0
"2023-07-31","BAXU24","BAX","BAX","BAX",0,"2024-09-18",0,1,94.88,94.9,1,29,94.89,5597,94.89,0,94.83,94.91,94.83,530478,903,94.89,88969,0,0,"",0
"2023-07-31","BAXZ24","BAX","BAX","BAX",0,"2024-12-18",0,1,95.15,95.16,6,500,95.15,13517,95.17,-0.02,95.12,95.18,95.11,1285595,1497,95.16,78279,0,0,"",0
"2023-07-31","BAXH25","BAX","BAX","BAX",0,"2025-03-19",0,1,95.36,95.39,6,5,95.38,6411,95.37,0.01,95.35,95.39,95.32,611162,538,95.38,27967,0,0,"",0
"2023-07-31","BAXM25","BAX","BAX","BAX",0,"2025-06-18",0,1,95.45,0,1,0,95.58,1062,95.55,0.03,95.53,95.59,95.51,101345,318,95.57,12002,0,0,"",0
"2023-07-31","BAXU25","BAX","BAX","BAX",0,"2025-09-17",0,1,95.73,96.12,6,1,95.74,177,95.73,0.01,95.76,95.76,95.74,16925,33,95.75,4831,0,0,"",0
"2023-07-31","BAXZ25","BAX","BAX","BAX",0,"2025-12-17",0,1,95.9,97.2,8,1,95.92,1,95.9,0.02,95.92,95.92,95.92,95,1,95.92,761,0,0,"",0
"2023-07-31","BAXH26","BAX","BAX","BAX",0,"2026-03-18",0,1,0,97.5,0,1,96.01,1,96.06,-0.05,96.01,96.01,96.01,96,1,96.08,104,0,0,"",0
"2023-08-01","BAXQ23","BAX","BAX","BAX",0,"2023-08-14",0,1,94,95,1,1,0,0,0,0,0,0,0,0,0,94.72,0,0,0,"",0
"2023-08-01","BAXU23","BAX","BAX","BAX",0,"2023-09-18",0,1,94.43,94.435,17,173,0,6333,0,-0.015,94.455,94.455,94.425,0,1175,94.43,101909,0,0,"",0
"2023-08-01","BAXZ23","BAX","BAX","BAX",0,"2023-12-18",0,1,94.36,94.37,19,104,0,8431,0,-0.025,94.395,94.4,94.345,0,1418,94.36,125527,0,0,"",0
"2023-08-01","BAXH24","BAX","BAX","BAX",0,"2024-03-18",0,1,94.385,94.465,20,8,0,9171,0,-0.035,94.47,94.48,94.395,0,1400,94.405,120352,0,0,"",0
"2023-08-01","BAXM24","BAX","BAX","BAX",0,"2024-06-17",0,1,94.545,94.555,10,100,0,10060,0,-0.055,94.625,94.64,94.535,0,1525,94.545,109532,0,0,"",0
"2023-08-01","BAXU24","BAX","BAX","BAX",0,"2024-09-18",0,1,94.81,94.83,2,130,0,5938,0,-0.07,94.92,94.93,94.8,0,907,94.82,88687,0,0,"",0
"2023-08-01","BAXZ24","BAX","BAX","BAX",0,"2024-12-18",0,1,95.07,95.09,122,100,0,7784,0,-0.08,95.17,95.19,95.06,0,993,95.09,80817,0,0,"",0
"2023-08-01","BAXH25","BAX","BAX","BAX",0,"2025-03-19",0,1,95.27,95.31,1,30,0,1276,0,-0.06,95.4,95.4,95.28,0,306,95.31,29380,0,0,"",0
"2023-08-01","BAXM25","BAX","BAX","BAX",0,"2025-06-18",0,1,95.45,95.51,1,35,0,1226,0,-0.08,95.59,95.59,95.47,0,308,95.51,12535,0,0,"",0
"2023-08-01","BAXU25","BAX","BAX","BAX",0,"2025-09-17",0,1,0,95.7,0,2,0,148,0,-0.05,95.73,95.73,95.68,0,54,95.69,4831,0,0,"",0
"2023-08-01","BAXZ25","BAX","BAX","BAX",0,"2025-12-17",0,1,0,95.87,0,1,0,50,0,-0.05,95.89,95.89,95.85,0,23,95.86,762,0,0,"",0
"2023-08-01","BAXH26","BAX","BAX","BAX",0,"2026-03-18",0,1,0,97.5,0,1,0,4,0,-0.04,96.05,96.05,96.04,0,2,96.02,104,0,0,"",0
"2023-08-02","BAXQ23","BAX","BAX","BAX",0,"2023-08-14",0,1,94,95,1,1,0,0,0,0,0,0,0,0,0,94.73,0,0,0,"",0
"2023-08-02","BAXU23","BAX","BAX","BAX",0,"2023-09-18",0,1,94.44,94.445,45,116,94.44,5710,94.43,0.01,94.435,94.45,94.435,538979,551,94.44,100647,0,0,"",0
"2023-08-02","BAXZ23","BAX","BAX","BAX",0,"2023-12-18",0,1,94.38,94.39,7,52,94.38,11358,94.36,0.02,94.365,94.395,94.365,1071371,1188,94.375,126416,0,0,"",0
"2023-08-02","BAXH24","BAX","BAX","BAX",0,"2024-03-18",0,1,0,94.445,0,100,94.44,10856,94.405,0.035,94.43,94.465,94.41,1024477,1405,94.435,114475,0,0,"",0
"2023-08-02","BAXM24","BAX","BAX","BAX",0,"2024-06-17",0,1,94.56,94.585,25,14,94.585,11427,94.545,0.04,94.575,94.62,94.545,1079888,1603,94.575,108569,0,0,"",0
"2023-08-02","BAXU24","BAX","BAX","BAX",0,"2024-09-18",0,1,94.86,94.87,1,40,94.86,8562,94.82,0.04,94.85,94.9,94.81,811343,1163,94.85,90271,0,0,"",0
"2023-08-02","BAXZ24","BAX","BAX","BAX",0,"2024-12-18",0,1,95.12,95.14,141,105,95.13,9751,95.09,0.04,95.11,95.16,95.07,926951,1424,95.12,76556,0,0,"",0
"2023-08-02","BAXH25","BAX","BAX","BAX",0,"2025-03-19",0,1,95.33,95.39,15,15,95.36,2901,95.31,0.05,95.34,95.38,95.29,276317,490,95.35,29145,0,0,"",0
"2023-08-02","BAXM25","BAX","BAX","BAX",0,"2025-06-18",0,1,95.55,95.6,28,15,95.59,1117,95.51,0.08,95.57,95.59,95.48,106532,380,95.55,12615,0,0,"",0
"2023-08-02","BAXU25","BAX","BAX","BAX",0,"2025-09-17",0,1,0,96.12,0,1,95.75,74,95.69,0.06,95.69,95.76,95.66,7064,33,95.73,4835,0,0,"",0
"2023-08-02","BAXZ25","BAX","BAX","BAX",0,"2025-12-17",0,1,0,97.2,0,1,95.92,13,95.86,0.06,95.85,95.92,95.85,1239,9,95.9,722,0,0,"",0
"2023-08-02","BAXH26","BAX","BAX","BAX",0,"2026-03-18",0,1,0,97.5,0,1,96.05,6,96.02,0.03,96.02,96.05,96.02,576,5,96.06,104,0,0,"",0
"2023-08-03","BAXQ23","BAX","BAX","BAX",0,"2023-08-14",0,1,94,95,1,1,0,0,0,0,0,0,0,0,0,94.73,0,0,0,"",0
"2023-08-03","BAXU23","BAX","BAX","BAX",0,"2023-09-18",0,1,94.435,94.445,378,138,0,4902,0,-0.005,94.44,94.445,94.435,0,375,94.44,99824,0,0,"",0
"2023-08-03","BAXZ23","BAX","BAX","BAX",0,"2023-12-18",0,1,94.365,94.375,20,10,0,7305,0,-0.005,94.365,94.385,94.36,0,1004,94.375,125151,0,0,"",0
"2023-08-03","BAXH24","BAX","BAX","BAX",0,"2024-03-18",0,1,94.39,94.415,1,50,0,7127,0,-0.025,94.405,94.44,94.4,0,1240,94.415,114358,0,0,"",0
"2023-08-03","BAXM24","BAX","BAX","BAX",0,"2024-06-17",0,1,94.54,94.585,250,12,0,9606,0,-0.03,94.545,94.58,94.535,0,1772,94.55,110298,0,0,"",0
"2023-08-03","BAXU24","BAX","BAX","BAX",0,"2024-09-18",0,1,94.81,94.83,40,30,0,4302,0,-0.03,94.84,94.87,94.8,0,993,94.82,92886,0,0,"",0
"2023-08-03","BAXZ24","BAX","BAX","BAX",0,"2024-12-18",0,1,95.07,95.1,35,2,0,6503,0,-0.04,95.1,95.14,95.07,0,1226,95.08,76337,0,0,"",0
"2023-08-03","BAXH25","BAX","BAX","BAX",0,"2025-03-19",0,1,95.29,95.32,1,30,0,1271,0,-0.05,95.33,95.37,95.29,0,288,95.31,28459,0,0,"",0
"2023-08-03","BAXM25","BAX","BAX","BAX",0,"2025-06-18",0,1,95.49,95.51,2,1,0,1871,0,-0.06,95.52,95.54,95.49,0,491,95.51,12362,0,0,"",0
"2023-08-03","BAXU25","BAX","BAX","BAX",0,"2025-09-17",0,1,95.64,95.71,1,15,0,70,0,-0.04,95.71,95.73,95.68,0,30,95.69,4846,0,0,"",0
"2023-08-03","BAXZ25","BAX","BAX","BAX",0,"2025-12-17",0,1,0,95.86,0,1,0,0,0,0,0,0,0,0,0,95.86,728,0,0,"",0
"2023-08-03","BAXH26","BAX","BAX","BAX",0,"2026-03-18",0,1,0,97.5,0,1,0,0,0,0,0,0,0,0,0,96.02,104,0,0,"",0
"2023-08-04","BAXQ23","BAX","BAX","BAX",0,"2023-08-14",0,1,94,95,1,1,0,0,0,0,0,0,0,0,0,94.765,0,0,0,"",0
"2023-08-04","BAXU23","BAX","BAX","BAX",0,"2023-09-18",0,1,94.47,94.475,4,33,0,21185,0,0.03,94.44,94.49,94.425,0,2900,94.475,99766,0,0,"",0
"2023-08-04","BAXZ23","BAX","BAX","BAX",0,"2023-12-18",0,1,94.45,94.465,33,20,0,31991,0,0.08,94.365,94.48,94.345,0,5192,94.46,126728,0,0,"",0
"2023-08-04","BAXH24","BAX","BAX","BAX",0,"2024-03-18",0,1,94.545,94.56,7,100,0,24035,0,0.13,94.405,94.58,94.39,0,4740,94.545,113430,0,0,"",0
"2023-08-04","BAXM24","BAX","BAX","BAX",0,"2024-06-17",0,1,94.69,94.71,2,100,0,30638,0,0.15,94.54,94.74,94.51,0,5869,94.705,107581,0,0,"",0
"2023-08-04","BAXU24","BAX","BAX","BAX",0,"2024-09-18",0,1,94.99,95,4,3,0,22031,0,0.18,94.82,95.03,94.78,0,4173,95,92998,0,0,"",0
"2023-08-04","BAXZ24","BAX","BAX","BAX",0,"2024-12-18",0,1,95.26,95.27,10,127,0,25211,0,0.19,95.07,95.29,95.04,0,4204,95.27,76680,0,0,"",0
"2023-08-04","BAXH25","BAX","BAX","BAX",0,"2025-03-19",0,1,95.49,95.5,14,5,0,2380,0,0.18,95.29,95.51,95.27,0,605,95.5,28381,0,0,"",0
"2023-08-04","BAXM25","BAX","BAX","BAX",0,"2025-06-18",0,1,95.67,95.7,2,21,0,1250,0,0.18,95.5,95.7,95.45,0,486,95.7,12417,0,0,"",0
"2023-08-04","BAXU25","BAX","BAX","BAX",0,"2025-09-17",0,1,95.84,95.87,2,16,0,204,0,0.16,95.65,95.87,95.64,0,81,95.87,4836,0,0,"",0
"2023-08-04","BAXZ25","BAX","BAX","BAX",0,"2025-12-17",0,1,95.98,96.02,9,1,0,105,0,0.15,95.89,96.01,95.89,0,31,96.03,728,0,0,"",0
"2023-08-04","BAXH26","BAX","BAX","BAX",0,"2026-03-18",0,1,96.1,96.21,7,4,0,5,0,0.12,96.14,96.14,96.14,0,1,96.18,104,0,0,"",0
"2023-08-08","BAXQ23","BAX","BAX","BAX",0,"2023-08-14",0,1,94,95,1,1,0,0,0,0,0,0,0,0,0,94.775,0,0,0,"",0
"2023-08-08","BAXU23","BAX","BAX","BAX",0,"2023-09-18",0,1,94.48,94.49,85,316,94.48,10530,94.475,0.005,94.48,94.49,94.475,994074,1386,94.485,95998,0,0,"",0
"2023-08-08","BAXZ23","BAX","BAX","BAX",0,"2023-12-18",0,1,94.475,94.485,389,130,94.48,17434,94.46,0.02,94.485,94.495,94.47,1645188,3359,94.48,121275,0,0,"",0
"2023-08-08","BAXH24","BAX","BAX","BAX",0,"2024-03-18",0,1,0,95.04,0,13,94.57,16089,94.545,0.025,94.57,94.61,94.555,1520464,2556,94.57,113746,0,0,"",0
"2023-08-08","BAXM24","BAX","BAX","BAX",0,"2024-06-17",0,1,94.45,94.755,5,20,94.745,13503,94.705,0.04,94.745,94.795,94.72,1277790,2977,94.74,104614,0,0,"",0
"2023-08-08","BAXU24","BAX","BAX","BAX",0,"2024-09-18",0,1,95.03,95.05,2,30,95.05,8475,95,0.05,95.06,95.12,95.03,805341,1634,95.04,91601,0,0,"",0
"2023-08-08","BAXZ24","BAX","BAX","BAX",0,"2024-12-18",0,1,95.32,95.34,24,1,95.33,9706,95.27,0.06,95.33,95.4,95.31,924585,1985,95.33,77698,0,0,"",0
"2023-08-08","BAXH25","BAX","BAX","BAX",0,"2025-03-19",0,1,95.55,95.62,50,22,95.56,2414,95.5,0.06,95.56,95.63,95.54,230527,441,95.57,28560,0,0,"",0
"2023-08-08","BAXM25","BAX","BAX","BAX",0,"2025-06-18",0,1,0,95.79,0,40,95.76,1699,95.7,0.06,95.75,95.83,95.74,162479,449,95.76,12325,0,0,"",0
"2023-08-08","BAXU25","BAX","BAX","BAX",0,"2025-09-17",0,1,0,0,0,0,95.98,81,95.87,0.11,95.92,96,95.92,7762,20,95.94,4879,0,0,"",0
"2023-08-08","BAXZ25","BAX","BAX","BAX",0,"2025-12-17",0,1,0,97.2,0,1,96.15,10,96.03,0.12,96.15,96.15,96.15,960,3,96.1,639,0,0,"",0
"2023-08-08","BAXH26","BAX","BAX","BAX",0,"2026-03-18",0,1,0,97.5,0,1,0,0,0,0,0,0,0,0,0,96.25,104,0,0,"",0
"2023-08-09","BAXQ23","BAX","BAX","BAX",0,"2023-08-14",0,1,94,95,1,1,0,0,0,0,0,0,0,0,0,94.755,0,0,0,"",0
"2023-08-09","BAXU23","BAX","BAX","BAX",0,"2023-09-18",0,1,94.46,94.47,60,115,0,9338,0,-0.015,94.485,94.485,94.465,0,629,94.465,93694,0,0,"",0
"2023-08-09","BAXZ23","BAX","BAX","BAX",0,"2023-12-18",0,1,94.43,94.44,39,47,0,14006,0,-0.05,94.475,94.48,94.425,0,1692,94.435,113249,0,0,"",0
"2023-08-09","BAXH24","BAX","BAX","BAX",0,"2024-03-18",0,1,94.5,94.54,2,2,0,9184,0,-0.06,94.58,94.58,94.5,0,1594,94.51,112092,0,0,"",0
"2023-08-09","BAXM24","BAX","BAX","BAX",0,"2024-06-17",0,1,94.665,94.715,100,4,0,9154,0,-0.065,94.745,94.755,94.665,0,1741,94.675,100548,0,0,"",0
"2023-08-09","BAXU24","BAX","BAX","BAX",0,"2024-09-18",0,1,94.97,95.01,2,3,0,6337,0,-0.06,95.06,95.06,94.97,0,978,94.99,90589,0,0,"",0
"2023-08-09","BAXZ24","BAX","BAX","BAX",0,"2024-12-18",0,1,95.26,95.29,85,4,0,11619,0,-0.05,95.34,95.34,95.27,0,1502,95.28,75544,0,0,"",0
"2023-08-09","BAXH25","BAX","BAX","BAX",0,"2025-03-19",0,1,0,95.53,0,5,0,2214,0,-0.05,95.57,95.58,95.49,0,333,95.51,28741,0,0,"",0
"2023-08-09","BAXM25","BAX","BAX","BAX",0,"2025-06-18",0,1,95.67,95.72,3,5,0,1048,0,-0.06,95.72,95.74,95.68,0,215,95.69,11855,0,0,"",0
"2023-08-09","BAXU25","BAX","BAX","BAX",0,"2025-09-17",0,1,0,95.93,0,1,0,34,0,-0.04,95.91,95.91,95.9,0,8,95.86,4862,0,0,"",0
"2023-08-09","BAXZ25","BAX","BAX","BAX",0,"2025-12-17",0,1,0,97.2,0,1,0,0,0,0,0,0,0,0,0,96.02,639,0,0,"",0
"2023-08-09","BAXH26","BAX","BAX","BAX",0,"2026-03-18",0,1,0,97.5,0,1,0,0,0,0,0,0,0,0,0,96.17,104,0,0,"",0
"2023-08-10","BAXQ23","BAX","BAX","BAX",0,"2023-08-14",0,1,94,95,1,1,0,0,0,0,0,0,0,0,0,94.77,0,0,0,"",0
"2023-08-10","BAXU23","BAX","BAX","BAX",0,"2023-09-18",0,1,94.475,94.48,69,82,0,5203,0,0.01,94.46,94.49,94.46,0,507,94.48,95884,0,0,"",0
"2023-08-10","BAXZ23","BAX","BAX","BAX",0,"2023-12-18",0,1,94.42,94.45,40,4,0,10903,0,-0.005,94.415,94.48,94.415,0,2570,94.44,112806,0,0,"",0
"2023-08-10","BAXH24","BAX","BAX","BAX",0,"2024-03-18",0,1,94.47,94.505,100,149,0,10895,0,-0.035,94.5,94.58,94.47,0,2229,94.495,116393,0,0,"",0
"2023-08-10","BAXM24","BAX","BAX","BAX",0,"2024-06-17",0,1,94.61,94.635,4,30,0,10995,0,-0.05,94.645,94.76,94.62,0,2420,94.65,99741,0,0,"",0
"2023-08-10","BAXU24","BAX","BAX","BAX",0,"2024-09-18",0,1,94.93,94.95,10,1,0,5639,0,-0.06,94.96,95.07,94.93,0,1251,94.96,92000,0,0,"",0
"2023-08-10","BAXZ24","BAX","BAX","BAX",0,"2024-12-18",0,1,95.21,95.23,10,1,0,6959,0,-0.06,95.25,95.36,95.21,0,1409,95.24,76677,0,0,"",0
"2023-08-10","BAXH25","BAX","BAX","BAX",0,"2025-03-19",0,1,95.43,95.46,10,1,0,1511,0,-0.08,95.5,95.59,95.43,0,334,95.46,28967,0,0,"",0
"2023-08-10","BAXM25","BAX","BAX","BAX",0,"2025-06-18",0,1,0,95.63,0,8,0,1017,0,-0.05,95.71,95.78,95.62,0,308,95.64,11855,0,0,"",0
"2023-08-10","BAXU25","BAX","BAX","BAX",0,"2025-09-17",0,1,0,0,0,0,0,82,0,-0.04,95.94,95.94,95.8,0,28,95.81,4868,0,0,"",0
"2023-08-10","BAXZ25","BAX","BAX","BAX",0,"2025-12-17",0,1,0,97.2,0,1,0,0,0,0,0,0,0,0,0,95.97,639,0,0,"",0
"2023-08-10","BAXH26","BAX","BAX","BAX",0,"2026-03-18",0,1,0,97.5,0,1,0,0,0,0,0,0,0,0,0,96.12,104,0,0,"",0
"2023-08-11","BAXQ23","BAX","BAX","BAX",0,"2023-08-14",0,1,94,95,1,1,0,0,0,0,0,0,0,0,0,94.75,0,0,0,"",0
"2023-08-11","BAXU23","BAX","BAX","BAX",0,"2023-09-18",0,1,94.465,94.47,428,1,0,4308,0,-0.015,94.475,94.48,94.46,0,432,94.46,94661,0,0,"",0
"2023-08-11","BAXZ23","BAX","BAX","BAX",0,"2023-12-18",0,1,94.385,94.415,20,10,0,6099,0,-0.03,94.43,94.45,94.395,0,1791,94.405,113529,0,0,"",0
"2023-08-11","BAXH24","BAX","BAX","BAX",0,"2024-03-18",0,1,94.43,94.6,25,130,0,8556,0,-0.035,94.47,94.51,94.44,0,1959,94.45,115495,0,0,"",0
"2023-08-11","BAXM24","BAX","BAX","BAX",0,"2024-06-17",0,1,94.55,94.605,24,70,0,9460,0,-0.05,94.625,94.675,94.575,0,2527,94.585,99541,0,0,"",0
"2023-08-11","BAXU24","BAX","BAX","BAX",0,"2024-09-18",0,1,94.89,94.98,56,10,0,4305,0,-0.07,94.93,94.98,94.87,0,1092,94.88,92421,0,0,"",0
"2023-08-11","BAXZ24","BAX","BAX","BAX",0,"2024-12-18",0,1,95.1,95.19,240,104,0,6627,0,-0.06,95.21,95.26,95.14,0,1140,95.16,76654,0,0,"",0
"2023-08-11","BAXH25","BAX","BAX","BAX",0,"2025-03-19",0,1,0,0,0,0,0,1404,0,-0.08,95.44,95.47,95.35,0,282,95.37,28695,0,0,"",0
"2023-08-11","BAXM25","BAX","BAX","BAX",0,"2025-06-18",0,1,0,0,0,0,0,1024,0,-0.09,95.61,95.65,95.53,0,226,95.54,11887,0,0,"",0
"2023-08-11","BAXU25","BAX","BAX","BAX",0,"2025-09-17",0,1,0,0,0,0,0,73,0,-0.09,95.72,95.72,95.72,0,11,95.7,4882,0,0,"",0
"2023-08-11","BAXZ25","BAX","BAX","BAX",0,"2025-12-17",0,1,0,97.2,0,1,0,18,0,0,0,0,0,0,2,95.85,639,0,0,"",0
"2023-08-11","BAXH26","BAX","BAX","BAX",0,"2026-03-18",0,1,0,97.5,0,1,0,4,0,0,0,0,0,0,1,95.99,104,0,0,"",0
"2023-08-14","BAXQ23","BAX","BAX","BAX",0,"2023-08-14",0,1,0,0,0,0,0,0,0,0,0,0,0,0,0,94.512,0,0,0,"",0
"2023-08-14","BAXU23","BAX","BAX","BAX",0,"2023-09-18",0,1,94.455,94.46,20,286,94.455,6955,94.46,-0.005,94.455,94.475,94.455,656657,551,94.46,95279,0,0,"",0
"2023-08-14","BAXZ23","BAX","BAX","BAX",0,"2023-12-18",0,1,94.38,94.4,100,55,94.385,7514,94.405,-0.02,94.41,94.42,94.37,708530,1425,94.385,112744,0,0,"",0
"2023-08-14","BAXH24","BAX","BAX","BAX",0,"2024-03-18",0,1,94.39,94.43,15,5,94.41,8966,94.45,-0.04,94.43,94.475,94.395,845714,1747,94.41,111916,0,0,"",0
"2023-08-14","BAXM24","BAX","BAX","BAX",0,"2024-06-17",0,1,94.45,94.525,5,22,94.52,10198,94.585,-0.065,94.575,94.615,94.51,963129,2516,94.525,98814,0,0,"",0
"2023-08-14","BAXU24","BAX","BAX","BAX",0,"2024-09-18",0,1,94.79,94.86,41,2,94.8,5446,94.88,-0.08,94.89,94.91,94.8,515843,1094,94.81,92692,0,0,"",0
"2023-08-14","BAXZ24","BAX","BAX","BAX",0,"2024-12-18",0,1,95.08,95.11,29,153,95.08,4865,95.16,-0.08,95.17,95.19,95.08,462450,931,95.09,77203,0,0,"",0
"2023-08-14","BAXH25","BAX","BAX","BAX",0,"2025-03-19",0,1,0,0,0,0,95.3,1026,95.37,-0.07,95.38,95.4,95.29,97644,318,95.3,28846,0,0,"",0
"2023-08-14","BAXM25","BAX","BAX","BAX",0,"2025-06-18",0,1,95.45,0,5,0,95.48,842,95.54,-0.06,95.54,95.57,95.45,80249,255,95.47,11980,0,0,"",0
"2023-08-14","BAXU25","BAX","BAX","BAX",0,"2025-09-17",0,1,95.62,0,1,0,95.63,121,95.7,-0.07,95.74,95.74,95.62,11555,30,95.63,4889,0,0,"",0
"2023-08-14","BAXZ25","BAX","BAX","BAX",0,"2025-12-17",0,1,0,97.2,0,1,0,41,0,0,0,0,0,3924,8,95.78,639,0,0,"",0
"2023-08-14","BAXH26","BAX","BAX","BAX",0,"2026-03-18",0,1,0,97.5,0,1,0,4,0,0,0,0,0,383,1,95.92,104,0,0,"",0
"2023-08-15","BAXU23","BAX","BAX","BAX",0,"2023-09-18",0,1,94.42,94.425,1,215,0,15337,0,-0.035,94.46,94.47,94.39,0,1772,94.42,95450,0,0,"",0
"2023-08-15","BAXZ23","BAX","BAX","BAX",0,"2023-12-18",0,1,94.29,94.34,10,12,0,18521,0,-0.06,94.39,94.395,94.29,0,3350,94.315,113934,0,0,"",0
"2023-08-15","BAXH24","BAX","BAX","BAX",0,"2024-03-18",0,1,0,94.36,0,20,0,18747,0,-0.065,94.405,94.415,94.29,0,3529,94.335,111934,0,0,"",0
"2023-08-15","BAXM24","BAX","BAX","BAX",0,"2024-06-17",0,1,0,94.465,0,8,0,15454,0,-0.08,94.505,94.525,94.385,0,3455,94.445,99145,0,0,"",0
"2023-08-15","BAXU24","BAX","BAX","BAX",0,"2024-09-18",0,1,94.74,94.75,2,1,0,10930,0,-0.06,94.79,94.82,94.67,0,2060,94.73,94635,0,0,"",0
"2023-08-15","BAXZ24","BAX","BAX","BAX",0,"2024-12-18",0,1,95,95.03,1,30,0,11072,0,-0.07,95.07,95.08,94.93,0,1784,95,77440,0,0,"",0
"2023-08-15","BAXH25","BAX","BAX","BAX",0,"2025-03-19",0,1,0,95.26,0,1,0,2114,0,-0.07,95.27,95.28,95.14,0,413,95.22,28910,0,0,"",0
"2023-08-15","BAXM25","BAX","BAX","BAX",0,"2025-06-18",0,1,95.32,0,3,0,0,1353,0,-0.08,95.44,95.45,95.33,0,465,95.39,11989,0,0,"",0
"2023-08-15","BAXU25","BAX","BAX","BAX",0,"2025-09-17",0,1,95.55,0,2,0,0,131,0,-0.06,95.59,95.59,95.56,0,11,95.55,4896,0,0,"",0
"2023-08-15","BAXZ25","BAX","BAX","BAX",0,"2025-12-17",0,1,95.71,97.2,6,1,0,85,0,-0.07,95.71,95.71,95.71,0,11,95.71,639,0,0,"",0
"2023-08-15","BAXH26","BAX","BAX","BAX",0,"2026-03-18",0,1,0,97.5,0,1,0,5,0,-0.05,95.87,95.87,95.87,0,2,95.85,104,0,0,"",0
"2023-08-16","BAXU23","BAX","BAX","BAX",0,"2023-09-18",0,1,94.42,94.43,95,116,94.42,8512,94.42,0,94.45,94.45,94.415,803341,821,94.425,97521,0,0,"",0
"2023-08-16","BAXZ23","BAX","BAX","BAX",0,"2023-12-18",0,1,94.3,94.31,5,86,94.305,10796,94.315,-0.01,94.35,94.35,94.3,1017299,1783,94.31,117030,0,0,"",0
"2023-08-16","BAXH24","BAX","BAX","BAX",0,"2024-03-18",0,1,94.29,94.32,55,81,94.32,9257,94.335,-0.015,94.34,94.375,94.31,872221,2403,94.325,113726,0,0,"",0
"2023-08-16","BAXM24","BAX","BAX","BAX",0,"2024-06-17",0,1,0,94.43,0,10,94.43,7387,94.445,-0.015,94.48,94.495,94.415,696653,1871,94.43,97519,0,0,"",0
"2023-08-16","BAXU24","BAX","BAX","BAX",0,"2024-09-18",0,1,94.65,94.73,51,3,94.72,5804,94.73,-0.01,94.77,94.78,94.7,549179,1126,94.72,94968,0,0,"",0
"2023-08-16","BAXZ24","BAX","BAX","BAX",0,"2024-12-18",0,1,94.97,95.01,20,15,94.98,7633,95,-0.02,95.01,95.06,94.98,724955,947,95,76566,0,0,"",0
"2023-08-16","BAXH25","BAX","BAX","BAX",0,"2025-03-19",0,1,0,95.23,0,1,95.21,1137,95.22,-0.01,95.25,95.27,95.2,108153,285,95.22,28778,0,0,"",0
"2023-08-16","BAXM25","BAX","BAX","BAX",0,"2025-06-18",0,1,0,95.41,0,2,95.4,1279,95.39,0.01,95.44,95.46,95.39,121848,378,95.4,11940,0,0,"",0
"2023-08-16","BAXU25","BAX","BAX","BAX",0,"2025-09-17",0,1,0,0,0,0,95.6,14,95.55,0.05,95.6,95.6,95.6,1335,6,95.57,4892,0,0,"",0
"2023-08-16","BAXZ25","BAX","BAX","BAX",0,"2025-12-17",0,1,0,97.2,0,1,0,36,0,0,0,0,0,3432,20,95.73,639,0,0,"",0
"2023-08-16","BAXH26","BAX","BAX","BAX",0,"2026-03-18",0,1,0,97.5,0,1,0,23,0,0,0,0,0,2193,15,95.87,105,0,0,"",0
"2023-08-17","BAXU23","BAX","BAX","BAX",0,"2023-09-18",0,1,94.425,94.43,2,324,94.425,4937,94.425,0,94.42,94.43,94.415,465787,702,94.425,95282,0,0,"",0
"2023-08-17","BAXZ23","BAX","BAX","BAX",0,"2023-12-18",0,1,94.31,94.33,100,75,94.315,6224,94.31,0.005,94.305,94.32,94.295,586284,1470,94.305,118684,0,0,"",0
"2023-08-17","BAXH24","BAX","BAX","BAX",0,"2024-03-18",0,1,94.33,94.365,500,4,94.335,6422,94.325,0.01,94.295,94.34,94.295,604967,1589,94.32,113377,0,0,"",0
"2023-08-17","BAXM24","BAX","BAX","BAX",0,"2024-06-17",0,1,94.45,94.455,11,83,94.45,9320,94.43,0.02,94.4,94.46,94.395,878910,2297,94.43,97418,0,0,"",0
"2023-08-17","BAXU24","BAX","BAX","BAX",0,"2024-09-18",0,1,94.71,94.75,3,103,94.74,6564,94.72,0.02,94.68,94.75,94.68,621084,1222,94.72,95837,0,0,"",0
"2023-08-17","BAXZ24","BAX","BAX","BAX",0,"2024-12-18",0,1,95.01,95.02,5,2,95.02,6230,95,0.02,94.95,95.04,94.95,591307,950,95,76420,0,0,"",0
"2023-08-17","BAXH25","BAX","BAX","BAX",0,"2025-03-19",0,1,0,95.24,0,25,95.22,5685,95.22,0,95.18,95.25,95.18,540880,927,95.2,28810,0,0,"",0
"2023-08-17","BAXM25","BAX","BAX","BAX",0,"2025-06-18",0,1,0,0,0,0,95.41,1630,95.4,0.01,95.37,95.43,95.37,155248,528,95.38,12076,0,0,"",0
"2023-08-17","BAXU25","BAX","BAX","BAX",0,"2025-09-17",0,1,95.55,95.58,15,1,95.58,188,95.57,0.01,95.57,95.59,95.55,17936,51,95.55,4900,0,0,"",0
"2023-08-17","BAXZ25","BAX","BAX","BAX",0,"2025-12-17",0,1,0,95.76,0,2,95.71,35,95.73,-0.02,95.74,95.76,95.71,3345,9,95.71,639,0,0,"",0
"2023-08-17","BAXH26","BAX","BAX","BAX",0,"2026-03-18",0,1,0,97.5,0,1,95.91,4,95.87,0.04,95.9,95.92,95.9,380,4,95.85,105,0,0,"",0
"2023-08-18","BAXU23","BAX","BAX","BAX",0,"2023-09-18",0,1,94.425,94.435,35,207,0,4014,0,0.01,94.43,94.435,94.425,0,453,94.425,95404,0,0,"",0
"2023-08-18","BAXZ23","BAX","BAX","BAX",0,"2023-12-18",0,1,94.325,94.35,18,75,0,6983,0,0.025,94.32,94.335,94.31,0,1551,94.32,117875,0,0,"",0
"2023-08-18","BAXH24","BAX","BAX","BAX",0,"2024-03-18",0,1,94.345,94.4,34,1,0,7074,0,0.025,94.345,94.36,94.325,0,1822,94.34,113677,0,0,"",0
"2023-08-18","BAXM24","BAX","BAX","BAX",0,"2024-06-17",0,1,94.4,94.465,20,125,0,8612,0,0.03,94.47,94.48,94.435,0,2540,94.455,99042,0,0,"",0
"2023-08-18","BAXU24","BAX","BAX","BAX",0,"2024-09-18",0,1,94.74,94.77,10,1,0,7052,0,0.03,94.77,94.78,94.74,0,1217,94.76,96634,0,0,"",0
"2023-08-18","BAXZ24","BAX","BAX","BAX",0,"2024-12-18",0,1,95,95.03,5,74,0,4359,0,0.03,95.04,95.06,95.02,0,911,95.04,77286,0,0,"",0
"2023-08-18","BAXH25","BAX","BAX","BAX",0,"2025-03-19",0,1,0,0,0,0,0,820,0,0.04,95.25,95.28,95.23,0,210,95.25,31666,0,0,"",0
"2023-08-18","BAXM25","BAX","BAX","BAX",0,"2025-06-18",0,1,0,0,0,0,0,520,0,0.05,95.43,95.46,95.42,0,223,95.43,11845,0,0,"",0
"2023-08-18","BAXU25","BAX","BAX","BAX",0,"2025-09-17",0,1,0,0,0,0,0,4,0,0.08,95.63,95.63,95.63,0,2,95.6,4932,0,0,"",0
"2023-08-18","BAXZ25","BAX","BAX","BAX",0,"2025-12-17",0,1,0,95.82,0,2,0,3,0,0,0,0,0,0,1,95.76,643,0,0,"",0
"2023-08-18","BAXH26","BAX","BAX","BAX",0,"2026-03-18",0,1,0,97.5,0,1,0,0,0,0,0,0,0,0,0,95.9,105,0,0,"",0
"2023-08-21","BAXU23","BAX","BAX","BAX",0,"2023-09-18",0,1,94.42,94.425,39,259,0,5665,0,-0.005,94.435,94.435,94.41,0,625,94.425,95141,0,0,"",0
"2023-08-21","BAXZ23","BAX","BAX","BAX",0,"2023-12-18",0,1,94.29,94.305,20,33,0,5738,0,-0.02,94.325,94.33,94.29,0,1361,94.3,119235,0,0,"",0
"2023-08-21","BAXH24","BAX","BAX","BAX",0,"2024-03-18",0,1,0,94.31,0,20,0,5468,0,-0.035,94.325,94.345,94.295,0,1090,94.31,114327,0,0,"",0
"2023-08-21","BAXM24","BAX","BAX","BAX",0,"2024-06-17",0,1,94.4,94.71,2,40,0,4529,0,-0.05,94.42,94.455,94.4,0,1341,94.42,97523,0,0,"",0
"2023-08-21","BAXU24","BAX","BAX","BAX",0,"2024-09-18",0,1,94.68,94.71,1,230,0,2815,0,-0.07,94.72,94.74,94.69,0,705,94.71,95034,0,0,"",0
"2023-08-21","BAXZ24","BAX","BAX","BAX",0,"2024-12-18",0,1,94.95,94.98,2,10,0,3307,0,-0.08,95,95.01,94.95,0,690,94.98,78380,0,0,"",0
"2023-08-21","BAXH25","BAX","BAX","BAX",0,"2025-03-19",0,1,0,95.19,0,20,0,1282,0,-0.08,95.23,95.23,95.16,0,294,95.19,27919,0,0,"",0
"2023-08-21","BAXM25","BAX","BAX","BAX",0,"2025-06-18",0,1,95.33,0,1,0,0,541,0,-0.09,95.41,95.41,95.34,0,192,95.37,11835,0,0,"",0
"2023-08-21","BAXU25","BAX","BAX","BAX",0,"2025-09-17",0,1,0,0,0,0,0,129,0,-0.08,95.57,95.57,95.51,0,20,95.54,4932,0,0,"",0
"2023-08-21","BAXZ25","BAX","BAX","BAX",0,"2025-12-17",0,1,0,97.2,0,1,0,0,0,0,0,0,0,0,0,95.7,643,0,0,"",0
"2023-08-21","BAXH26","BAX","BAX","BAX",0,"2026-03-18",0,1,0,97.5,0,1,0,0,0,0,0,0,0,0,0,95.84,105,0,0,"",0
"2023-08-22","BAXU23","BAX","BAX","BAX",0,"2023-09-18",0,1,94.42,94.425,14,340,0,6771,0,0,94.42,94.43,94.41,0,591,94.42,96886,0,0,"",0
"2023-08-22","BAXZ23","BAX","BAX","BAX",0,"2023-12-18",0,1,94.275,94.305,50,25,0,12983,0,-0.015,94.3,94.315,94.27,0,1571,94.28,118913,0,0,"",0
"2023-08-22","BAXH24","BAX","BAX","BAX",0,"2024-03-18",0,1,94.275,94.295,50,50,0,12384,0,-0.03,94.305,94.325,94.27,0,1793,94.28,114741,0,0,"",0
"2023-08-22","BAXM24","BAX","BAX","BAX",0,"2024-06-17",0,1,94.365,94.38,15,200,0,7177,0,-0.04,94.4,94.425,94.36,0,1856,94.37,97875,0,0,"",0
"2023-08-22","BAXU24","BAX","BAX","BAX",0,"2024-09-18",0,1,94.64,94.66,31,16,0,4852,0,-0.05,94.69,94.71,94.65,0,939,94.65,94774,0,0,"",0
"2023-08-22","BAXZ24","BAX","BAX","BAX",0,"2024-12-18",0,1,94.9,94.93,8,133,0,4370,0,-0.06,94.96,94.98,94.91,0,558,94.91,77230,0,0,"",0
"2023-08-22","BAXH25","BAX","BAX","BAX",0,"2025-03-19",0,1,95.08,95.13,15,30,0,998,0,-0.06,95.16,95.19,95.13,0,220,95.12,28147,0,0,"",0
"2023-08-22","BAXM25","BAX","BAX","BAX",0,"2025-06-18",0,1,95.28,0,1,0,0,655,0,-0.05,95.35,95.37,95.31,0,246,95.31,12039,0,0,"",0
"2023-08-22","BAXU25","BAX","BAX","BAX",0,"2025-09-17",0,1,95.48,95.5,10,25,0,82,0,-0.05,95.49,95.51,95.49,0,17,95.48,4983,0,0,"",0
"2023-08-22","BAXZ25","BAX","BAX","BAX",0,"2025-12-17",0,1,0,97.2,0,1,0,50,0,-0.03,95.67,95.67,95.67,0,2,95.64,643,0,0,"",0
"2023-08-22","BAXH26","BAX","BAX","BAX",0,"2026-03-18",0,1,0,97.5,0,1,0,0,0,0,0,0,0,0,0,95.78,105,0,0,"",0
"2023-08-23","BAXU23","BAX","BAX","BAX",0,"2023-09-18",0,1,94.47,94.475,141,10,0,13407,0,0.055,94.425,94.48,94.425,0,1158,94.475,97305,0,0,"",0
"2023-08-23","BAXZ23","BAX","BAX","BAX",0,"2023-12-18",0,1,94.335,94.37,20,250,0,16267,0,0.08,94.29,94.38,94.29,0,2938,94.365,120048,0,0,"",0
"2023-08-23","BAXH24","BAX","BAX","BAX",0,"2024-03-18",0,1,94.345,94.405,8,30,0,10840,0,0.115,94.29,94.41,94.29,0,2321,94.4,115903,0,0,"",0
"2023-08-23","BAXM24","BAX","BAX","BAX",0,"2024-06-17",0,1,94.49,94.505,10,120,0,12060,0,0.135,94.385,94.53,94.385,0,3263,94.515,98324,0,0,"",0
"2023-08-23","BAXU24","BAX","BAX","BAX",0,"2024-09-18",0,1,94.78,94.81,1,127,0,8800,0,0.15,94.67,94.82,94.66,0,1800,94.8,93523,0,0,"",0
"2023-08-23","BAXZ24","BAX","BAX","BAX",0,"2024-12-18",0,1,95.05,95.06,10,40,0,6575,0,0.15,94.93,95.09,94.93,0,1460,95.06,77437,0,0,"",0
"2023-08-23","BAXH25","BAX","BAX","BAX",0,"2025-03-19",0,1,95.23,95.27,5,30,0,1035,0,0.15,95.16,95.29,95.15,0,296,95.27,28234,0,0,"",0
"2023-08-23","BAXM25","BAX","BAX","BAX",0,"2025-06-18",0,1,0,95.46,0,30,0,821,0,0.13,95.37,95.48,95.35,0,328,95.45,12068,0,0,"",0
"2023-08-23","BAXU25","BAX","BAX","BAX",0,"2025-09-17",0,1,0,0,0,0,0,9,0,0.13,95.59,95.61,95.59,0,5,95.62,5047,0,0,"",0
"2023-08-23","BAXZ25","BAX","BAX","BAX",0,"2025-12-17",0,1,0,97.2,0,1,0,11,0,0.11,95.73,95.75,95.73,0,5,95.78,643,0,0,"",0
"2023-08-23","BAXH26","BAX","BAX","BAX",0,"2026-03-18",0,1,0,97.5,0,1,0,2,0,0.1,95.88,95.88,95.88,0,1,95.92,105,0,0,"",0
"2023-08-24","BAXU23","BAX","BAX","BAX",0,"2023-09-18",0,1,94.46,94.465,168,125,0,8992,0,-0.015,94.475,94.475,94.46,0,582,94.465,98873,0,0,"",0
"2023-08-24","BAXZ23","BAX","BAX","BAX",0,"2023-12-18",0,1,94.345,94.36,23,30,0,6892,0,-0.015,94.36,94.37,94.335,0,1298,94.355,121042,0,0,"",0
"2023-08-24","BAXH24","BAX","BAX","BAX",0,"2024-03-18",0,1,94.345,94.375,8,111,0,8170,0,-0.04,94.395,94.405,94.36,0,1615,94.37,116603,0,0,"",0
"2023-08-24","BAXM24","BAX","BAX","BAX",0,"2024-06-17",0,1,0,96.06,0,2,0,8597,0,-0.055,94.505,94.525,94.46,0,2364,94.47,100271,0,0,"",0
"2023-08-24","BAXU24","BAX","BAX","BAX",0,"2024-09-18",0,1,94.69,94.76,4,2,0,7030,0,-0.05,94.79,94.82,94.74,0,1330,94.75,94261,0,0,"",0
"2023-08-24","BAXZ24","BAX","BAX","BAX",0,"2024-12-18",0,1,94.99,95,33,65,0,8297,0,-0.07,95.05,95.08,94.99,0,1449,95,78234,0,0,"",0
"2023-08-24","BAXH25","BAX","BAX","BAX",0,"2025-03-19",0,1,0,95.27,0,10,0,2476,0,-0.07,95.26,95.28,95.19,0,460,95.2,28022,0,0,"",0
"2023-08-24","BAXM25","BAX","BAX","BAX",0,"2025-06-18",0,1,0,95.39,0,11,0,1281,0,-0.08,95.44,95.45,95.36,0,431,95.38,12094,0,0,"",0
"2023-08-24","BAXU25","BAX","BAX","BAX",0,"2025-09-17",0,1,0,0,0,0,0,0,0,0,0,0,0,0,0,95.55,5049,0,0,"",0
"2023-08-24","BAXZ25","BAX","BAX","BAX",0,"2025-12-17",0,1,0,97.2,0,1,0,0,0,0,0,0,0,0,0,95.71,643,0,0,"",0
"2023-08-24","BAXH26","BAX","BAX","BAX",0,"2026-03-18",0,1,0,97.5,0,1,0,0,0,0,0,0,0,0,0,95.85,105,0,0,"",0
"2023-08-25","BAXU23","BAX","BAX","BAX",0,"2023-09-18",0,1,94.445,94.45,98,110,0,5751,0,-0.015,94.46,94.465,94.445,0,582,94.45,95249,0,0,"",0
"2023-08-25","BAXZ23","BAX","BAX","BAX",0,"2023-12-18",0,1,94.33,94.4,97,50,0,6698,0,-0.025,94.355,94.36,94.325,0,1219,94.34,120612,0,0,"",0
"2023-08-25","BAXH24","BAX","BAX","BAX",0,"2024-03-18",0,1,94.33,94.37,30,8,0,8726,0,-0.035,94.36,94.38,94.325,0,1561,94.355,118676,0,0,"",0
"2023-08-25","BAXM24","BAX","BAX","BAX",0,"2024-06-17",0,1,94.4,94.465,28,25,0,8155,0,-0.03,94.465,94.48,94.415,0,2361,94.45,99642,0,0,"",0
"2023-08-25","BAXU24","BAX","BAX","BAX",0,"2024-09-18",0,1,94.7,94.74,60,18,0,4745,0,-0.04,94.74,94.76,94.68,0,1011,94.73,92700,0,0,"",0
"2023-08-25","BAXZ24","BAX","BAX","BAX",0,"2024-12-18",0,1,0,94.98,0,100,0,4180,0,-0.04,94.98,95,94.92,0,1398,94.98,78367,0,0,"",0
"2023-08-25","BAXH25","BAX","BAX","BAX",0,"2025-03-19",0,1,95.12,0,25,0,0,1311,0,-0.04,95.19,95.19,95.12,0,190,95.18,27898,0,0,"",0
"2023-08-25","BAXM25","BAX","BAX","BAX",0,"2025-06-18",0,1,0,0,0,0,0,417,0,-0.04,95.35,95.37,95.29,0,178,95.35,12279,0,0,"",0
"2023-08-25","BAXU25","BAX","BAX","BAX",0,"2025-09-17",0,1,0,0,0,0,0,17,0,-0.08,95.47,95.47,95.47,0,7,95.51,5049,0,0,"",0
"2023-08-25","BAXZ25","BAX","BAX","BAX",0,"2025-12-17",0,1,0,97.2,0,1,0,0,0,0,0,0,0,0,0,95.66,643,0,0,"",0
"2023-08-25","BAXH26","BAX","BAX","BAX",0,"2026-03-18",0,1,0,97.5,0,1,0,0,0,0,0,0,0,0,0,95.8,105,0,0,"",0
"2023-08-28","BAXU23","BAX","BAX","BAX",0,"2023-09-18",0,1,94.45,94.455,261,223,0,4109,0,0.005,94.44,94.455,94.44,0,454,94.45,94162,0,0,"",0
"2023-08-28","BAXZ23","BAX","BAX","BAX",0,"2023-12-18",0,1,94.325,94.35,15,18,0,3970,0,0.01,94.34,94.355,94.315,0,869,94.35,118862,0,0,"",0
"2023-08-28","BAXH24","BAX","BAX","BAX",0,"2024-03-18",0,1,94.345,94.38,20,5,0,4370,0,0.005,94.345,94.37,94.31,0,1455,94.365,119449,0,0,"",0
"2023-08-28","BAXM24","BAX","BAX","BAX",0,"2024-06-17",0,1,94.41,94.485,112,50,0,3994,0,0.005,94.435,94.465,94.405,0,1472,94.465,98701,0,0,"",0
"2023-08-28","BAXU24","BAX","BAX","BAX",0,"2024-09-18",0,1,94.68,94.75,2,1,0,2469,0,0,94.72,94.74,94.68,0,741,94.74,92179,0,0,"",0
"2023-08-28","BAXZ24","BAX","BAX","BAX",0,"2024-12-18",0,1,94.97,95,30,1,0,2374,0,0,94.98,94.98,94.93,0,702,94.99,78924,0,0,"",0
"2023-08-28","BAXH25","BAX","BAX","BAX",0,"2025-03-19",0,1,0,0,0,0,0,1528,0,0,95.14,95.2,95.13,0,413,95.19,27922,0,0,"",0
"2023-08-28","BAXM25","BAX","BAX","BAX",0,"2025-06-18",0,1,95.35,0,46,0,0,1134,0,0.01,95.32,95.38,95.32,0,353,95.37,12255,0,0,"",0
"2023-08-28","BAXU25","BAX","BAX","BAX",0,"2025-09-17",0,1,0,0,0,0,0,66,0,0.03,95.53,95.54,95.52,0,17,95.54,5048,0,0,"",0
"2023-08-28","BAXZ25","BAX","BAX","BAX",0,"2025-12-17",0,1,0,97.2,0,1,0,0,0,0,0,0,0,0,0,95.69,643,0,0,"",0
"2023-08-28","BAXH26","BAX","BAX","BAX",0,"2026-03-18",0,1,0,97.5,0,1,0,0,0,0,0,0,0,0,0,95.83,105,0,0,"",0
"2023-08-29","BAXU23","BAX","BAX","BAX",0,"2023-09-18",0,1,94.46,94.465,365,23,0,7749,0,0.015,94.46,94.465,94.45,0,546,94.465,93480,0,0,"",0
"2023-08-29","BAXZ23","BAX","BAX","BAX",0,"2023-12-18",0,1,94.39,94.395,20,46,0,14871,0,0.045,94.36,94.405,94.335,0,2215,94.395,119847,0,0,"",0
"2023-08-29","BAXH24","BAX","BAX","BAX",0,"2024-03-18",0,1,94.345,94.44,20,18,0,14258,0,0.075,94.385,94.45,94.35,0,2617,94.43,118011,0,0,"",0
"2023-08-29","BAXM24","BAX","BAX","BAX",0,"2024-06-17",0,1,94.525,94.57,1,8,0,10826,0,0.095,94.485,94.565,94.435,0,2846,94.545,98900,0,0,"",0
"2023-08-29","BAXU24","BAX","BAX","BAX",0,"2024-09-18",0,1,94.81,94.85,15,29,0,8717,0,0.1,94.76,94.86,94.7,0,1326,94.83,92256,0,0,"",0
"2023-08-29","BAXZ24","BAX","BAX","BAX",0,"2024-12-18",0,1,95.09,95.12,55,42,0,6953,0,0.11,95.01,95.12,94.95,0,1211,95.09,79289,0,0,"",0
"2023-08-29","BAXH25","BAX","BAX","BAX",0,"2025-03-19",0,1,95.31,0,3,0,0,1758,0,0.13,95.21,95.34,95.16,0,385,95.31,28367,0,0,"",0
"2023-08-29","BAXM25","BAX","BAX","BAX",0,"2025-06-18",0,1,0,95.52,0,2,0,1242,0,0.15,95.39,95.53,95.35,0,334,95.51,12524,0,0,"",0
"2023-08-29","BAXU25","BAX","BAX","BAX",0,"2025-09-17",0,1,0,0,0,0,0,151,0,0.16,95.53,95.7,95.53,0,45,95.69,5069,0,0,"",0
"2023-08-29","BAXZ25","BAX","BAX","BAX",0,"2025-12-17",0,1,0,97.2,0,1,0,1,0,0,95.69,95.69,95.69,0,1,95.85,643,0,0,"",0
"2023-08-29","BAXH26","BAX","BAX","BAX",0,"2026-03-18",0,1,0,97.5,0,1,0,0,0,0,0,0,0,0,0,95.99,105,0,0,"",0
"2023-08-30","BAXU23","BAX","BAX","BAX",0,"2023-09-18",0,1,94.46,94.47,720,910,0,10028,0,0,94.46,94.475,94.45,0,510,94.465,91768,0,0,"",0
"2023-08-30","BAXZ23","BAX","BAX","BAX",0,"2023-12-18",0,1,94.395,94.4,10,250,0,11328,0,0,94.375,94.41,94.365,0,1760,94.395,118437,0,0,"",0
"2023-08-30","BAXH24","BAX","BAX","BAX",0,"2024-03-18",0,1,94.445,94.465,45,1,0,8171,0,0.02,94.405,94.475,94.4,0,1780,94.455,119013,0,0,"",0
"2023-08-30","BAXM24","BAX","BAX","BAX",0,"2024-06-17",0,1,94.575,94.585,5,105,0,8732,0,0.035,94.515,94.605,94.505,0,2127,94.58,98991,0,0,"",0
"2023-08-30","BAXU24","BAX","BAX","BAX",0,"2024-09-18",0,1,94.86,94.88,275,155,0,9405,0,0.04,94.8,94.9,94.78,0,1681,94.87,93504,0,0,"",0
"2023-08-30","BAXZ24","BAX","BAX","BAX",0,"2024-12-18",0,1,95.12,95.14,240,324,0,14147,0,0.04,95.06,95.16,95.04,0,2051,95.13,80212,0,0,"",0
"2023-08-30","BAXH25","BAX","BAX","BAX",0,"2025-03-19",0,1,95.36,95.4,27,15,0,3861,0,0.06,95.26,95.39,95.26,0,669,95.37,28415,0,0,"",0
"2023-08-30","BAXM25","BAX","BAX","BAX",0,"2025-06-18",0,1,95.56,95.59,14,7,0,820,0,0.06,95.47,95.59,95.46,0,227,95.58,12184,0,0,"",0
"2023-08-30","BAXU25","BAX","BAX","BAX",0,"2025-09-17",0,1,0,0,0,0,0,66,0,0.06,95.65,95.76,95.63,0,15,95.77,5125,0,0,"",0
"2023-08-30","BAXZ25","BAX","BAX","BAX",0,"2025-12-17",0,1,0,97.2,0,1,0,25,0,0,0,0,0,0,2,95.94,643,0,0,"",0
"2023-08-30","BAXH26","BAX","BAX","BAX",0,"2026-03-18",0,1,0,97.5,0,1,0,0,0,0,0,0,0,0,0,96.08,105,0,0,"",0
"2023-08-31","BAXU23","BAX","BAX","BAX",0,"2023-09-18",0,1,94.465,94.47,25,916,0,5998,0,0,94.47,94.47,94.455,0,442,94.47,90025,0,0,"",0
"2023-08-31","BAXZ23","BAX","BAX","BAX",0,"2023-12-18",0,1,94.375,94.4,3,615,0,10108,0,0,94.4,94.415,94.375,0,1903,94.4,117951,0,0,"",0
"2023-08-31","BAXH24","BAX","BAX","BAX",0,"2024-03-18",0,1,94.425,94.465,1,351,0,9650,0,0,94.46,94.48,94.425,0,1944,94.46,116335,0,0,"",0
"2023-08-31","BAXM24","BAX","BAX","BAX",0,"2024-06-17",0,1,0,94.59,0,250,0,9315,0,0.005,94.59,94.615,94.55,0,2124,94.585,98031,0,0,"",0
"2023-08-31","BAXU24","BAX","BAX","BAX",0,"2024-09-18",0,1,94.86,94.89,30,51,0,8813,0,0,94.88,94.91,94.84,0,1222,94.88,95215,0,0,"",0
"2023-08-31","BAXZ24","BAX","BAX","BAX",0,"2024-12-18",0,1,0,95.14,0,510,0,8582,0,0.01,95.13,95.17,95.1,0,1447,95.14,79247,0,0,"",0
"2023-08-31","BAXH25","BAX","BAX","BAX",0,"2025-03-19",0,1,95.35,95.38,30,30,0,1930,0,0,95.35,95.4,95.33,0,465,95.37,28815,0,0,"",0
"2023-08-31","BAXM25","BAX","BAX","BAX",0,"2025-06-18",0,1,0,95.58,0,2,0,1477,0,0,95.58,95.62,95.53,0,401,95.57,12130,0,0,"",0
"2023-08-31","BAXU25","BAX","BAX","BAX",0,"2025-09-17",0,1,95.73,0,5,0,0,215,0,-0.01,95.8,95.8,95.75,0,46,95.76,5136,0,0,"",0
"2023-08-31","BAXZ25","BAX","BAX","BAX",0,"2025-12-17",0,1,0,95.92,0,2,0,127,0,-0.02,95.91,95.93,95.91,0,22,95.93,659,0,0,"",0
"2023-08-31","BAXH26","BAX","BAX","BAX",0,"2026-03-18",0,1,0,97.5,0,1,0,0,0,0,0,0,0,0,0,96.07,105,0,0,"",0
"2023-09-01","BAXU23","BAX","BAX","BAX",0,"2023-09-18",0,1,94.5,94.505,87,27,0,23131,0,0.04,94.47,94.52,94.465,0,1670,94.5,87743,0,0,"",0
"2023-09-01","BAXZ23","BAX","BAX","BAX",0,"2023-12-18",0,1,94.455,94.46,7,16,0,24575,0,0.06,94.39,94.505,94.385,0,4635,94.46,116936,0,0,"",0
"2023-09-01","BAXH24","BAX","BAX","BAX",0,"2024-03-18",0,1,94.515,94.55,143,16,0,24437,0,0.07,94.445,94.605,94.44,0,4513,94.55,118745,0,0,"",0
"2023-09-01","BAXM24","BAX","BAX","BAX",0,"2024-06-17",0,1,94.68,94.705,5,22,0,18065,0,0.12,94.58,94.735,94.57,0,3895,94.69,98776,0,0,"",0
"2023-09-01","BAXU24","BAX","BAX","BAX",0,"2024-09-18",0,1,94.64,95,1,1,0,10992,0,0.1,94.87,95.03,94.86,0,2365,94.99,96636,0,0,"",0
"2023-09-01","BAXZ24","BAX","BAX","BAX",0,"2024-12-18",0,1,95.23,95.24,13,6,0,18242,0,0.09,95.11,95.28,95.11,0,3488,95.23,78540,0,0,"",0
"2023-09-01","BAXH25","BAX","BAX","BAX",0,"2025-03-19",0,1,95.44,0,30,0,0,3100,0,0.09,95.35,95.5,95.35,0,716,95.45,28651,0,0,"",0
"2023-09-01","BAXM25","BAX","BAX","BAX",0,"2025-06-18",0,1,0,0,0,0,0,841,0,0.07,95.55,95.69,95.55,0,282,95.64,12258,0,0,"",0
"2023-09-01","BAXU25","BAX","BAX","BAX",0,"2025-09-17",0,1,0,95.81,0,20,0,530,0,0.02,95.74,95.8,95.74,0,52,95.82,5099,0,0,"",0
"2023-09-01","BAXZ25","BAX","BAX","BAX",0,"2025-12-17",0,1,0,97.2,0,1,0,79,0,0,0,0,0,0,6,95.98,677,0,0,"",0
"2023-09-01","BAXH26","BAX","BAX","BAX",0,"2026-03-18",0,1,0,97.5,0,1,0,0,0,0,0,0,0,0,0,96.12,105,0,0,"",0
"2023-09-05","BAXU23","BAX","BAX","BAX",0,"2023-09-18",0,1,94.48,94.485,837,551,0,18811,0,-0.02,94.5,94.505,94.48,0,916,94.485,86553,0,0,"",0
"2023-09-05","BAXZ23","BAX","BAX","BAX",0,"2023-12-18",0,1,94.395,94.4,24,111,0,22524,0,-0.065,94.445,94.46,94.395,0,2674,94.4,121987,0,0,"",0
"2023-09-05","BAXH24","BAX","BAX","BAX",0,"2024-03-18",0,1,94.345,94.48,20,25,0,13114,0,-0.09,94.53,94.54,94.455,0,2322,94.46,130863,0,0,"",0
"2023-09-05","BAXM24","BAX","BAX","BAX",0,"2024-06-17",0,1,94.57,94.595,56,14,0,13320,0,-0.1,94.655,94.675,94.58,0,3415,94.59,101889,0,0,"",0
"2023-09-05","BAXU24","BAX","BAX","BAX",0,"2024-09-18",0,1,94.64,94.89,1,1,0,9576,0,-0.11,94.94,94.97,94.87,0,1762,94.88,97549,0,0,"",0
"2023-09-05","BAXZ24","BAX","BAX","BAX",0,"2024-12-18",0,1,95.1,95.12,1,202,0,8454,0,-0.11,95.19,95.2,95.11,0,1939,95.13,78348,0,0,"",0
"2023-09-05","BAXH25","BAX","BAX","BAX",0,"2025-03-19",0,1,0,95.36,0,16,0,2918,0,-0.1,95.41,95.41,95.32,0,561,95.34,29717,0,0,"",0
"2023-09-05","BAXM25","BAX","BAX","BAX",0,"2025-06-18",0,1,0,0,0,0,0,2017,0,-0.11,95.57,95.6,95.52,0,538,95.53,12291,0,0,"",0
"2023-09-05","BAXU25","BAX","BAX","BAX",0,"2025-09-17",0,1,0,95.71,0,2,0,13,0,-0.13,95.73,95.73,95.69,0,13,95.71,5096,0,0,"",0
"2023-09-05","BAXZ25","BAX","BAX","BAX",0,"2025-12-17",0,1,0,95.93,0,1,0,0,0,0,0,0,0,0,0,95.87,602,0,0,"",0
"2023-09-05","BAXH26","BAX","BAX","BAX",0,"2026-03-18",0,1,0,97.5,0,1,0,0,0,0,0,0,0,0,0,96.01,105,0,0,"",0
"2023-09-06","BAXU23","BAX","BAX","BAX",0,"2023-09-18",0,1,94.505,94.515,825,130,0,39786,0,0.02,94.485,94.515,94.455,0,1996,94.51,91710,0,0,"",0
"2023-09-06","BAXZ23","BAX","BAX","BAX",0,"2023-12-18",0,1,94.39,94.405,530,1,0,23876,0,0,94.42,94.43,94.375,0,2896,94.395,123558,0,0,"",0
"2023-09-06","BAXH24","BAX","BAX","BAX",0,"2024-03-18",0,1,94.425,94.455,60,80,0,16090,0,-0.02,94.48,94.5,94.41,0,2905,94.435,126384,0,0,"",0
"2023-09-06","BAXM24","BAX","BAX","BAX",0,"2024-06-17",0,1,94.53,94.555,51,27,0,10176,0,-0.035,94.605,94.64,94.52,0,2695,94.56,102968,0,0,"",0
"2023-09-06","BAXU24","BAX","BAX","BAX",0,"2024-09-18",0,1,94.77,94.84,21,30,0,7629,0,-0.05,94.89,94.93,94.8,0,1752,94.84,99529,0,0,"",0
"2023-09-06","BAXZ24","BAX","BAX","BAX",0,"2024-12-18",0,1,95.05,95.06,30,196,0,14598,0,-0.07,95.12,95.18,95.04,0,2610,95.07,79715,0,0,"",0
"2023-09-06","BAXH25","BAX","BAX","BAX",0,"2025-03-19",0,1,95.25,95.28,20,60,0,2733,0,-0.07,95.35,95.39,95.25,0,777,95.28,30099,0,0,"",0
"2023-09-06","BAXM25","BAX","BAX","BAX",0,"2025-06-18",0,1,95.44,95.55,1,41,0,1689,0,-0.06,95.56,95.59,95.44,0,605,95.47,12261,0,0,"",0
"2023-09-06","BAXU25","BAX","BAX","BAX",0,"2025-09-17",0,1,95.63,0,20,0,0,41,0,-0.07,95.64,95.64,95.63,0,34,95.64,5102,0,0,"",0
"2023-09-06","BAXZ25","BAX","BAX","BAX",0,"2025-12-17",0,1,0,0,0,0,0,4,0,-0.07,95.8,95.8,95.8,0,2,95.8,602,0,0,"",0
"2023-09-06","BAXH26","BAX","BAX","BAX",0,"2026-03-18",0,1,0,0,0,0,0,0,0,0,0,0,0,0,0,95.94,105,0,0,"",0
"2023-09-07","BAXU23","BAX","BAX","BAX",0,"2023-09-18",0,1,94.525,94.53,461,660,0,15141,0,0.015,94.51,94.53,94.51,0,646,94.53,95120,0,0,"",0
"2023-09-07","BAXZ23","BAX","BAX","BAX",0,"2023-12-18",0,1,94.43,94.44,40,250,0,19967,0,0.04,94.395,94.445,94.395,0,2993,94.44,128403,0,0,"",0
"2023-09-07","BAXH24","BAX","BAX","BAX",0,"2024-03-18",0,1,94.49,94.505,10,90,0,10563,0,0.06,94.435,94.505,94.425,0,1830,94.505,125900,0,0,"",0
"2023-09-07","BAXM24","BAX","BAX","BAX",0,"2024-06-17",0,1,94.6,94.635,50,1,0,10733,0,0.07,94.555,94.65,94.545,0,2481,94.645,102982,0,0,"",0
"2023-09-07","BAXU24","BAX","BAX","BAX",0,"2024-09-18",0,1,94.86,94.94,15,30,0,10966,0,0.08,94.83,94.94,94.83,0,1402,94.93,98968,0,0,"",0
"2023-09-07","BAXZ24","BAX","BAX","BAX",0,"2024-12-18",0,1,95.14,95.15,10,8,0,9422,0,0.08,95.06,95.17,95.06,0,1998,95.17,77884,0,0,"",0
"2023-09-07","BAXH25","BAX","BAX","BAX",0,"2025-03-19",0,1,0,95.37,0,15,0,1852,0,0.09,95.28,95.38,95.27,0,513,95.39,29747,0,0,"",0
"2023-09-07","BAXM25","BAX","BAX","BAX",0,"2025-06-18",0,1,0,95.56,0,10,0,1384,0,0.09,95.51,95.57,95.45,0,414,95.58,12204,0,0,"",0
"2023-09-07","BAXU25","BAX","BAX","BAX",0,"2025-09-17",0,1,94.96,95.74,10,1,0,78,0,0.11,95.63,95.75,95.63,0,22,95.75,5117,0,0,"",0
"2023-09-07","BAXZ25","BAX","BAX","BAX",0,"2025-12-17",0,1,0,95.92,0,2,0,69,0,0,0,0,0,0,15,95.9,602,0,0,"",0
"2023-09-07","BAXH26","BAX","BAX","BAX",0,"2026-03-18",0,1,0,0,0,0,0,0,0,0,0,0,0,0,0,96.04,105,0,0,"",0
"2023-09-08","BAXU23","BAX","BAX","BAX",0,"2023-09-18",0,1,94.51,94.515,455,917,0,11820,0,-0.015,94.53,94.53,94.51,0,521,94.515,88438,0,0,"",0
"2023-09-08","BAXZ23","BAX","BAX","BAX",0,"2023-12-18",0,1,94.405,94.425,30,20,0,17239,0,-0.035,94.435,94.455,94.395,0,2766,94.41,128357,0,0,"",0
"2023-09-08","BAXH24","BAX","BAX","BAX",0,"2024-03-18",0,1,94.45,94.455,30,10,0,19721,0,-0.055,94.5,94.52,94.445,0,3020,94.46,120906,0,0,"",0
"2023-09-08","BAXM24","BAX","BAX","BAX",0,"2024-06-17",0,1,94.57,94.595,31,2,0,21564,0,-0.065,94.64,94.66,94.58,0,3991,94.59,101566,0,0,"",0
"2023-09-08","BAXU24","BAX","BAX","BAX",0,"2024-09-18",0,1,94.85,95.19,57,5,0,11368,0,-0.07,94.92,94.95,94.86,0,1819,94.87,101749,0,0,"",0
"2023-09-08","BAXZ24","BAX","BAX","BAX",0,"2024-12-18",0,1,95.09,95.1,10,25,0,9873,0,-0.08,95.16,95.19,95.09,0,2259,95.1,78953,0,0,"",0
"2023-09-08","BAXH25","BAX","BAX","BAX",0,"2025-03-19",0,1,0,0,0,0,0,1620,0,-0.1,95.4,95.4,95.29,0,527,95.31,29634,0,0,"",0
"2023-09-08","BAXM25","BAX","BAX","BAX",0,"2025-06-18",0,1,0,95.55,0,8,0,444,0,-0.09,95.59,95.59,95.48,0,216,95.5,11772,0,0,"",0
"2023-09-08","BAXU25","BAX","BAX","BAX",0,"2025-09-17",0,1,0,95.77,0,13,0,65,0,-0.08,95.75,95.77,95.67,0,28,95.67,5111,0,0,"",0
"2023-09-08","BAXZ25","BAX","BAX","BAX",0,"2025-12-17",0,1,0,0,0,0,0,0,0,0,0,0,0,0,0,95.82,643,0,0,"",0
"2023-09-08","BAXH26","BAX","BAX","BAX",0,"2026-03-18",0,1,0,0,0,0,0,0,0,0,0,0,0,0,0,95.95,105,0,0,"",0
"2023-09-11","BAXU23","BAX","BAX","BAX",0,"2023-09-18",0,1,94.51,94.515,315,2646,0,12898,0,-0.005,94.51,94.515,94.51,0,506,94.51,88606,0,0,"",0
"2023-09-11","BAXZ23","BAX","BAX","BAX",0,"2023-12-18",0,1,94.4,94.405,38,30,0,5935,0,-0.01,94.4,94.415,94.395,0,1536,94.4,130644,0,0,"",0
"2023-09-11","BAXH24","BAX","BAX","BAX",0,"2024-03-18",0,1,94.435,94.47,160,30,0,5833,0,-0.025,94.435,94.46,94.43,0,1248,94.44,122152,0,0,"",0
"2023-09-11","BAXM24","BAX","BAX","BAX",0,"2024-06-17",0,1,94.55,94.92,31,1,0,5318,0,-0.02,94.56,94.58,94.555,0,1292,94.565,104542,0,0,"",0
"2023-09-11","BAXU24","BAX","BAX","BAX",0,"2024-09-18",0,1,94.84,94.85,30,30,0,4780,0,-0.02,94.84,94.86,94.82,0,1068,94.84,103062,0,0,"",0
"2023-09-11","BAXZ24","BAX","BAX","BAX",0,"2024-12-18",0,1,95.06,95.09,30,1,0,3859,0,-0.03,95.07,95.08,95.05,0,893,95.07,79288,0,0,"",0
"2023-09-11","BAXH25","BAX","BAX","BAX",0,"2025-03-19",0,1,0,95.29,0,2,0,555,0,-0.04,95.27,95.29,95.27,0,165,95.28,29316,0,0,"",0
"2023-09-11","BAXM25","BAX","BAX","BAX",0,"2025-06-18",0,1,0,95.55,0,4,0,301,0,-0.04,95.46,95.47,95.45,0,118,95.46,11754,0,0,"",0
"2023-09-11","BAXU25","BAX","BAX","BAX",0,"2025-09-17",0,1,0,0,0,0,0,51,0,-0.05,95.64,95.64,95.61,0,29,95.63,5134,0,0,"",0
"2023-09-11","BAXZ25","BAX","BAX","BAX",0,"2025-12-17",0,1,0,0,0,0,0,0,0,0,0,0,0,0,0,95.78,643,0,0,"",0
"2023-09-11","BAXH26","BAX","BAX","BAX",0,"2026-03-18",0,1,0,0,0,0,0,0,0,0,0,0,0,0,0,95.91,105,0,0,"",0
"2023-09-12","BAXU23","BAX","BAX","BAX",0,"2023-09-18",0,1,94.51,94.515,1363,2772,0,6518,0,0,94.51,94.515,94.51,0,292,94.515,89151,0,0,"",0
"2023-09-12","BAXZ23","BAX","BAX","BAX",0,"2023-12-18",0,1,94.395,94.4,120,30,0,8756,0,0,94.405,94.41,94.39,0,1303,94.4,126408,0,0,"",0
"2023-09-12","BAXH24","BAX","BAX","BAX",0,"2024-03-18",0,1,94.425,94.435,20,100,0,10829,0,-0.005,94.44,94.45,94.42,0,1793,94.43,122904,0,0,"",0
"2023-09-12","BAXM24","BAX","BAX","BAX",0,"2024-06-17",0,1,94.54,94.545,25,19,0,6251,0,-0.025,94.565,94.58,94.53,0,1655,94.545,103142,0,0,"",0
"2023-09-12","BAXU24","BAX","BAX","BAX",0,"2024-09-18",0,1,94.8,94.82,5,1,0,3373,0,-0.03,94.84,94.86,94.79,0,1033,94.81,103478,0,0,"",0
"2023-09-12","BAXZ24","BAX","BAX","BAX",0,"2024-12-18",0,1,95.03,95.05,50,108,0,5715,0,-0.03,95.07,95.08,95.02,0,1381,95.04,77190,0,0,"",0
"2023-09-12","BAXH25","BAX","BAX","BAX",0,"2025-03-19",0,1,95.24,95.26,6,1,0,1134,0,-0.03,95.26,95.28,95.23,0,297,95.25,29345,0,0,"",0
"2023-09-12","BAXM25","BAX","BAX","BAX",0,"2025-06-18",0,1,95.41,0,25,0,0,589,0,-0.03,95.42,95.47,95.41,0,233,95.43,11686,0,0,"",0
"2023-09-12","BAXU25","BAX","BAX","BAX",0,"2025-09-17",0,1,95.6,0,3,0,0,98,0,-0.03,95.64,95.65,95.59,0,45,95.6,5130,0,0,"",0
"2023-09-12","BAXZ25","BAX","BAX","BAX",0,"2025-12-17",0,1,0,0,0,0,0,92,0,0.03,95.8,95.81,95.8,0,12,95.75,643,0,0,"",0
"2023-09-12","BAXH26","BAX","BAX","BAX",0,"2026-03-18",0,1,0,0,0,0,0,0,0,0,0,0,0,0,0,95.88,105,0,0,"",0
"2023-09-13","BAXU23","BAX","BAX","BAX",0,"2023-09-18",0,1,94.515,94.52,514,3153,94.52,9088,94.515,0.005,94.51,94.52,94.505,858755,449,94.52,89069,0,0,"",0
"2023-09-13","BAXZ23","BAX","BAX","BAX",0,"2023-12-18",0,1,94.39,94.405,25,40,94.4,8257,94.4,0,94.405,94.415,94.37,778533,1921,94.4,125461,0,0,"",0
"2023-09-13","BAXH24","BAX","BAX","BAX",0,"2024-03-18",0,1,94.43,94.445,119,50,94.435,6931,94.43,0.005,94.42,94.455,94.385,653441,2147,94.435,124279,0,0,"",0
"2023-09-13","BAXM24","BAX","BAX","BAX",0,"2024-06-17",0,1,94.545,94.58,1,30,94.555,9585,94.545,0.01,94.535,94.585,94.48,904887,2774,94.555,103453,0,0,"",0
"2023-09-13","BAXU24","BAX","BAX","BAX",0,"2024-09-18",0,1,94.82,94.85,25,26,94.84,5198,94.81,0.03,94.81,94.87,94.75,491851,1562,94.83,103330,0,0,"",0
"2023-09-13","BAXZ24","BAX","BAX","BAX",0,"2024-12-18",0,1,95.04,95.08,6,11,95.06,5481,95.04,0.02,95.04,95.1,94.96,520619,1319,95.06,78420,0,0,"",0
"2023-09-13","BAXH25","BAX","BAX","BAX",0,"2025-03-19",0,1,0,95.28,0,1,95.26,1760,95.25,0.01,95.24,95.29,95.16,167422,510,95.27,29558,0,0,"",0
"2023-09-13","BAXM25","BAX","BAX","BAX",0,"2025-06-18",0,1,0,95.47,0,2,95.42,928,95.43,-0.01,95.42,95.46,95.34,88405,304,95.45,11714,0,0,"",0
"2023-09-13","BAXU25","BAX","BAX","BAX",0,"2025-09-17",0,1,0,0,0,0,95.59,118,95.6,-0.01,95.58,95.62,95.54,11256,46,95.62,5161,0,0,"",0
"2023-09-13","BAXZ25","BAX","BAX","BAX",0,"2025-12-17",0,1,0,0,0,0,0,0,0,0,0,0,0,0,0,95.77,682,0,0,"",0
"2023-09-13","BAXH26","BAX","BAX","BAX",0,"2026-03-18",0,1,0,0,0,0,0,0,0,0,0,0,0,0,0,95.9,105,0,0,"",0
"2023-09-14","BAXU23","BAX","BAX","BAX",0,"2023-09-18",0,1,94.515,94.52,5125,582,0,4857,0,0,94.515,94.52,94.51,0,464,94.52,89200,0,0,"",0
"2023-09-14","BAXZ23","BAX","BAX","BAX",0,"2023-12-18",0,1,94.395,94.4,88,66,0,7397,0,-0.005,94.405,94.415,94.375,0,1895,94.4,123259,0,0,"",0
"2023-09-14","BAXH24","BAX","BAX","BAX",0,"2024-03-18",0,1,94.35,94.445,50,160,0,7375,0,0.005,94.44,94.47,94.41,0,1660,94.44,122863,0,0,"",0
"2023-09-14","BAXM24","BAX","BAX","BAX",0,"2024-06-17",0,1,94.485,94.58,2,5,0,11001,0,0.015,94.565,94.615,94.525,0,2624,94.57,103137,0,0,"",0
"2023-09-14","BAXU24","BAX","BAX","BAX",0,"2024-09-18",0,1,94.72,94.85,36,5,0,3980,0,0.01,94.84,94.89,94.8,0,1254,94.84,102961,0,0,"",0
"2023-09-14","BAXZ24","BAX","BAX","BAX",0,"2024-12-18",0,1,95.05,95.07,23,69,0,4548,0,0.01,95.07,95.12,95.03,0,1171,95.06,79032,0,0,"",0
"2023-09-14","BAXH25","BAX","BAX","BAX",0,"2025-03-19",0,1,0,0,0,0,0,997,0,-0.01,95.28,95.33,95.23,0,419,95.26,29464,0,0,"",0
"2023-09-14","BAXM25","BAX","BAX","BAX",0,"2025-06-18",0,1,95.39,0,74,0,0,571,0,-0.01,95.47,95.5,95.41,0,243,95.44,11748,0,0,"",0
"2023-09-14","BAXU25","BAX","BAX","BAX",0,"2025-09-17",0,1,0,0,0,0,0,150,0,0,95.6,95.68,95.6,0,72,95.61,5185,0,0,"",0
"2023-09-14","BAXZ25","BAX","BAX","BAX",0,"2025-12-17",0,1,0,0,0,0,0,2,0,-0.01,95.75,95.76,95.75,0,2,95.76,682,0,0,"",0
"2023-09-14","BAXH26","BAX","BAX","BAX",0,"2026-03-18",0,1,0,0,0,0,0,0,0,0,0,0,0,0,0,95.89,105,0,0,"",0
"2023-09-15","BAXU23","BAX","BAX","BAX",0,"2023-09-18",0,1,94.52,94.525,3760,8686,94.525,6563,94.52,0.005,94.52,94.525,94.515,620207,376,94.52,89605,0,0,"",0
"2023-09-15","BAXZ23","BAX","BAX","BAX",0,"2023-12-18",0,1,94.375,94.38,15,24,94.38,10769,94.4,-0.02,94.4,94.41,94.36,1015455,1948,94.375,123187,0,0,"",0
"2023-09-15","BAXH24","BAX","BAX","BAX",0,"2024-03-18",0,1,94.35,94.41,50,25,94.395,9002,94.44,-0.045,94.46,94.46,94.38,848952,1958,94.4,123998,0,0,"",0
"2023-09-15","BAXM24","BAX","BAX","BAX",0,"2024-06-17",0,1,94.5,94.545,4,10,94.525,12534,94.57,-0.045,94.595,94.595,94.505,1183638,2926,94.52,105151,0,0,"",0
"2023-09-15","BAXU24","BAX","BAX","BAX",0,"2024-09-18",0,1,94.72,94.81,67,2,94.81,5698,94.84,-0.03,94.85,94.87,94.79,539466,1328,94.8,102757,0,0,"",0
"2023-09-15","BAXZ24","BAX","BAX","BAX",0,"2024-12-18",0,1,95.01,95.04,2,2,95.03,5874,95.06,-0.03,95.09,95.09,95.02,558121,1205,95.03,79097,0,0,"",0
"2023-09-15","BAXH25","BAX","BAX","BAX",0,"2025-03-19",0,1,95.22,95.23,59,1,95.22,2405,95.26,-0.04,95.29,95.29,95.21,228841,586,95.23,29470,0,0,"",0
"2023-09-15","BAXM25","BAX","BAX","BAX",0,"2025-06-18",0,1,0,0,0,0,95.4,1721,95.44,-0.04,95.46,95.46,95.38,164009,418,95.4,11809,0,0,"",0
"2023-09-15","BAXU25","BAX","BAX","BAX",0,"2025-09-17",0,1,0,0,0,0,95.55,58,95.61,-0.06,95.54,95.58,95.54,5530,23,95.56,5282,0,0,"",0
"2023-09-15","BAXZ25","BAX","BAX","BAX",0,"2025-12-17",0,1,95.68,0,3,0,0,0,0,0,0,0,0,0,0,95.71,682,0,0,"",0
"2023-09-15","BAXH26","BAX","BAX","BAX",0,"2026-03-18",0,1,0,0,0,0,0,0,0,0,0,0,0,0,0,95.84,105,0,0,"",0
"2023-09-18","BAXU23","BAX","BAX","BAX",0,"2023-09-18",0,1,0,0,0,0,0,294,0,0.005,94.52,94.525,94.52,0,36,94.522,86828,0,0,"",0
"2023-09-18","BAXZ23","BAX","BAX","BAX",0,"2023-12-18",0,1,94.36,94.365,16,29,94.36,7801,94.375,-0.015,94.37,94.385,94.355,735575,1231,94.36,121772,0,0,"",0
"2023-09-18","BAXH24","BAX","BAX","BAX",0,"2024-03-18",0,1,94.35,94.37,75,16,94.37,8054,94.4,-0.03,94.385,94.405,94.365,759433,1466,94.37,122772,0,0,"",0
"2023-09-18","BAXM24","BAX","BAX","BAX",0,"2024-06-17",0,1,94.46,94.68,21,2,94.475,7652,94.52,-0.045,94.5,94.52,94.47,721957,2145,94.475,105376,0,0,"",0
"2023-09-18","BAXU24","BAX","BAX","BAX",0,"2024-09-18",0,1,94.74,94.77,21,1,0,6561,0,-0.05,94.79,94.8,94.74,0,1450,94.75,101713,0,0,"",0
"2023-09-18","BAXZ24","BAX","BAX","BAX",0,"2024-12-18",0,1,94.96,94.98,21,30,94.97,4620,95.03,-0.06,95.01,95.04,94.97,438288,1333,94.97,80329,0,0,"",0
"2023-09-18","BAXH25","BAX","BAX","BAX",0,"2025-03-19",0,1,95.16,95.18,1,1,95.16,2419,95.23,-0.07,95.21,95.22,95.16,230023,707,95.17,29957,0,0,"",0
"2023-09-18","BAXM25","BAX","BAX","BAX",0,"2025-06-18",0,1,95.32,95.36,50,8,95.34,2117,95.4,-0.06,95.38,95.39,95.33,201575,655,95.34,12648,0,0,"",0
"2023-09-18","BAXU25","BAX","BAX","BAX",0,"2025-09-17",0,1,95.49,0,22,0,0,831,0,-0.06,95.54,95.54,95.49,0,326,95.49,5324,0,0,"",0
"2023-09-18","BAXZ25","BAX","BAX","BAX",0,"2025-12-17",0,1,95.63,0,10,0,0,0,0,0,0,0,0,0,0,95.63,682,0,0,"",0
"2023-09-18","BAXH26","BAX","BAX","BAX",0,"2026-03-18",0,1,0,0,0,0,0,0,0,0,0,0,0,0,0,95.76,105,0,0,"",0
"2023-09-19","BAXZ23","BAX","BAX","BAX",0,"2023-12-18",0,1,94.26,94.265,71,29,0,27589,0,-0.1,94.36,94.365,94.255,0,3249,94.265,120760,0,0,"",0
"2023-09-19","BAXH24","BAX","BAX","BAX",0,"2024-03-18",0,1,94.235,94.25,50,348,94.245,22569,94.37,-0.125,94.36,94.37,94.225,2126080,3740,94.25,123512,0,0,"",0
"2023-09-19","BAXM24","BAX","BAX","BAX",0,"2024-06-17",0,1,94.32,94.33,71,20,0,16839,0,-0.15,94.465,94.475,94.32,0,3416,94.33,105322,0,0,"",0
"2023-09-19","BAXU24","BAX","BAX","BAX",0,"2024-09-18",0,1,94.57,94.58,10,20,0,11215,0,-0.17,94.745,94.75,94.565,0,2544,94.585,100650,0,0,"",0
"2023-09-19","BAXZ24","BAX","BAX","BAX",0,"2024-12-18",0,1,94.77,94.79,51,1,0,20014,0,-0.19,94.96,94.97,94.77,0,3065,94.8,80997,0,0,"",0
"2023-09-19","BAXH25","BAX","BAX","BAX",0,"2025-03-19",0,1,94.97,94.99,30,30,0,7306,0,-0.19,95.16,95.16,94.96,0,1366,95,30686,0,0,"",0
"2023-09-19","BAXM25","BAX","BAX","BAX",0,"2025-06-18",0,1,95.16,0,50,0,0,2522,0,-0.17,95.32,95.33,95.16,0,597,95.18,12636,0,0,"",0
"2023-09-19","BAXU25","BAX","BAX","BAX",0,"2025-09-17",0,1,0,95.35,0,2,0,745,0,-0.15,95.49,95.49,95.33,0,270,95.35,5534,0,0,"",0
"2023-09-19","BAXZ25","BAX","BAX","BAX",0,"2025-12-17",0,1,0,0,0,0,0,5,0,-0.1,95.58,95.58,95.53,0,4,95.5,682,0,0,"",0
"2023-09-19","BAXH26","BAX","BAX","BAX",0,"2026-03-18",0,1,0,95.65,0,50,0,0,0,0,0,0,0,0,0,95.63,105,0,0,"",0
"2023-09-20","BAXZ23","BAX","BAX","BAX",0,"2023-12-18",0,1,94.23,94.235,15,1,94.23,12458,94.265,-0.035,94.27,94.28,94.23,1173730,1439,94.25,124602,0,0,"",0
"2023-09-20","BAXH24","BAX","BAX","BAX",0,"2024-03-18",0,1,94.2,94.225,49,21,94.2,10185,94.25,-0.05,94.24,94.265,94.2,959237,1623,94.23,135253,0,0,"",0
"2023-09-20","BAXM24","BAX","BAX","BAX",0,"2024-06-17",0,1,94.265,94.28,76,12,94.27,12321,94.33,-0.06,94.33,94.35,94.265,1161026,2390,94.3,105200,0,0,"",0
"2023-09-20","BAXU24","BAX","BAX","BAX",0,"2024-09-18",0,1,94.505,94.52,31,4,94.505,7651,94.585,-0.08,94.58,94.61,94.505,722631,1991,94.55,101028,0,0,"",0
"2023-09-20","BAXZ24","BAX","BAX","BAX",0,"2024-12-18",0,1,94.71,94.73,21,25,94.71,7166,94.8,-0.09,94.79,94.82,94.71,678391,1405,94.76,80420,0,0,"",0
"2023-09-20","BAXH25","BAX","BAX","BAX",0,"2025-03-19",0,1,0,94.94,0,8,94.93,4801,95,-0.07,95,95.02,94.93,455395,1412,94.96,31329,0,0,"",0
"2023-09-20","BAXM25","BAX","BAX","BAX",0,"2025-06-18",0,1,95.07,95.15,50,2,95.15,1528,95.18,-0.03,95.18,95.21,95.12,145296,413,95.15,11990,0,0,"",0
"2023-09-20","BAXU25","BAX","BAX","BAX",0,"2025-09-17",0,1,0,0,0,0,95.28,333,95.35,-0.07,95.35,95.38,95.28,31691,145,95.33,5541,0,0,"",0
"2023-09-20","BAXZ25","BAX","BAX","BAX",0,"2025-12-17",0,1,95.21,0,1,0,0,0,0,0,0,0,0,0,0,95.49,682,0,0,"",0
"2023-09-20","BAXH26","BAX","BAX","BAX",0,"2026-03-18",0,1,0,0,0,0,0,0,0,0,0,0,0,0,0,95.62,105,0,0,"",0
"2023-09-21","BAXZ23","BAX","BAX","BAX",0,"2023-12-18",0,1,94.255,94.265,25,10,0,14109,0,0.01,94.21,94.29,94.21,0,1740,94.25,121561,0,0,"",0
"2023-09-21","BAXH24","BAX","BAX","BAX",0,"2024-03-18",0,1,93.975,94.24,1,45,94.235,11909,94.23,0.005,94.195,94.28,94.19,1121113,3351,94.225,129427,0,0,"",0
"2023-09-21","BAXM24","BAX","BAX","BAX",0,"2024-06-17",0,1,94.285,94.3,5,1,0,9874,0,0,94.28,94.35,94.255,0,2009,94.285,104432,0,0,"",0
"2023-09-21","BAXU24","BAX","BAX","BAX",0,"2024-09-18",0,1,94.53,94.545,4,1,0,6078,0,-0.015,94.51,94.585,94.485,0,1812,94.525,103022,0,0,"",0
"2023-09-21","BAXZ24","BAX","BAX","BAX",0,"2024-12-18",0,1,94.68,94.74,5,60,0,8965,0,-0.03,94.71,94.77,94.68,0,1558,94.72,79929,0,0,"",0
"2023-09-21","BAXH25","BAX","BAX","BAX",0,"2025-03-19",0,1,94.91,94.93,25,14,0,4380,0,-0.04,94.91,94.96,94.87,0,1065,94.91,32262,0,0,"",0
"2023-09-21","BAXM25","BAX","BAX","BAX",0,"2025-06-18",0,1,95,95.12,1,2,0,1903,0,-0.04,95.1,95.15,95.06,0,304,95.1,12432,0,0,"",0
"2023-09-21","BAXU25","BAX","BAX","BAX",0,"2025-09-17",0,1,95.23,95.28,1,1,0,577,0,-0.05,95.31,95.32,95.23,0,202,95.28,5412,0,0,"",0
"2023-09-21","BAXZ25","BAX","BAX","BAX",0,"2025-12-17",0,1,0,0,0,0,0,14,0,-0.07,95.42,95.42,95.42,0,4,95.44,682,0,0,"",0
"2023-09-21","BAXH26","BAX","BAX","BAX",0,"2026-03-18",0,1,0,0,0,0,0,0,0,0,0,0,0,0,0,95.58,105,0,0,"",0
"2023-09-22","BAXZ23","BAX","BAX","BAX",0,"2023-12-18",0,1,94.275,94.285,98,81,94.285,13014,94.25,0.035,94.26,94.31,94.25,1226227,1612,94.28,120120,0,0,"",0
"2023-09-22","BAXH24","BAX","BAX","BAX",0,"2024-03-18",0,1,0,94.26,0,60,94.255,11542,94.225,0.03,94.225,94.295,94.21,1087000,2142,94.255,130795,0,0,"",0
"2023-09-22","BAXM24","BAX","BAX","BAX",0,"2024-06-17",0,1,94.255,94.37,47,22,94.335,5167,94.285,0.05,94.285,94.37,94.28,486735,1513,94.325,104037,0,0,"",0
"2023-09-22","BAXU24","BAX","BAX","BAX",0,"2024-09-18",0,1,94.43,94.59,21,10,94.59,5134,94.525,0.065,94.52,94.62,94.515,484661,1752,94.575,103283,0,0,"",0
"2023-09-22","BAXZ24","BAX","BAX","BAX",0,"2024-12-18",0,1,94.68,94.8,5,2,94.79,6491,94.72,0.07,94.73,94.82,94.71,614464,1245,94.78,78410,0,0,"",0
"2023-09-22","BAXH25","BAX","BAX","BAX",0,"2025-03-19",0,1,94.96,95.01,4,11,94.99,4325,94.91,0.08,94.9,95.03,94.89,409945,1151,94.98,33071,0,0,"",0
"2023-09-22","BAXM25","BAX","BAX","BAX",0,"2025-06-18",0,1,95.17,95.19,6,4,95.16,1487,95.1,0.06,95.11,95.2,95.09,141349,386,95.16,12826,0,0,"",0
"2023-09-22","BAXU25","BAX","BAX","BAX",0,"2025-09-17",0,1,0,95.34,0,7,95.34,597,95.28,0.06,95.27,95.38,95.27,56802,258,95.33,5380,0,0,"",0
"2023-09-22","BAXZ25","BAX","BAX","BAX",0,"2025-12-17",0,1,0,0,0,0,0,0,0,0,0,0,0,0,0,95.49,682,0,0,"",0
"2023-09-22","BAXH26","BAX","BAX","BAX",0,"2026-03-18",0,1,0,0,0,0,0,0,0,0,0,0,0,0,0,95.63,105,0,0,"",0
"2023-09-25","BAXZ23","BAX","BAX","BAX",0,"2023-12-18",0,1,94.265,94.27,5,10,0,6066,0,-0.02,94.265,94.285,94.25,0,835,94.265,122689,0,0,"",0
"2023-09-25","BAXH24","BAX","BAX","BAX",0,"2024-03-18",0,1,94.23,94.245,225,40,94.24,4145,94.255,-0.015,94.235,94.265,94.225,390228,1048,94.235,131795,0,0,"",0
"2023-09-25","BAXM24","BAX","BAX","BAX",0,"2024-06-17",0,1,94.29,94.325,25,449,0,5846,0,-0.015,94.295,94.345,94.295,0,1430,94.31,103237,0,0,"",0
"2023-09-25","BAXU24","BAX","BAX","BAX",0,"2024-09-18",0,1,94.535,94.565,25,36,0,4354,0,-0.02,94.565,94.595,94.545,0,1259,94.555,103253,0,0,"",0
"2023-09-25","BAXZ24","BAX","BAX","BAX",0,"2024-12-18",0,1,94.74,94.76,41,24,0,2959,0,-0.03,94.76,94.79,94.74,0,666,94.75,76099,0,0,"",0
"2023-09-25","BAXH25","BAX","BAX","BAX",0,"2025-03-19",0,1,94.93,94.96,25,28,0,3301,0,-0.04,94.95,94.99,94.93,0,670,94.94,33651,0,0,"",0
"2023-09-25","BAXM25","BAX","BAX","BAX",0,"2025-06-18",0,1,95.11,95.13,55,10,0,1723,0,-0.05,95.12,95.16,95.11,0,299,95.12,12870,0,0,"",0
"2023-09-25","BAXU25","BAX","BAX","BAX",0,"2025-09-17",0,1,95.28,0,24,0,0,768,0,-0.05,95.29,95.33,95.28,0,249,95.29,5382,0,0,"",0
"2023-09-25","BAXZ25","BAX","BAX","BAX",0,"2025-12-17",0,1,0,0,0,0,0,101,0,-0.04,95.45,95.45,95.45,0,14,95.45,682,0,0,"",0
"2023-09-25","BAXH26","BAX","BAX","BAX",0,"2026-03-18",0,1,0,0,0,0,0,0,0,0,0,0,0,0,0,95.59,105,0,0,"",0
"2023-09-26","BAXZ23","BAX","BAX","BAX",0,"2023-12-18",0,1,94.27,94.28,4,255,0,7546,0,0.01,94.275,94.28,94.26,0,880,94.27,120668,0,0,"",0
"2023-09-26","BAXH24","BAX","BAX","BAX",0,"2024-03-18",0,1,94.24,94.25,32,2,0,6843,0,0.005,94.24,94.26,94.225,0,1376,94.24,131115,0,0,"",0
"2023-09-26","BAXM24","BAX","BAX","BAX",0,"2024-06-17",0,1,94.32,94.33,12,5,0,4972,0,0.01,94.305,94.34,94.3,0,1262,94.315,102905,0,0,"",0
"2023-09-26","BAXU24","BAX","BAX","BAX",0,"2024-09-18",0,1,94.43,94.585,21,1,0,4424,0,0.015,94.55,94.59,94.545,0,1253,94.56,103109,0,0,"",0
"2023-09-26","BAXZ24","BAX","BAX","BAX",0,"2024-12-18",0,1,94.74,94.77,9,31,0,4252,0,0.01,94.74,94.79,94.74,0,950,94.76,76431,0,0,"",0
"2023-09-26","BAXH25","BAX","BAX","BAX",0,"2025-03-19",0,1,94.95,94.96,10,55,0,1996,0,0.02,94.93,94.98,94.93,0,573,94.95,34439,0,0,"",0
"2023-09-26","BAXM25","BAX","BAX","BAX",0,"2025-06-18",0,1,0,0,0,0,0,1194,0,0.01,95.11,95.16,95.11,0,235,95.13,13799,0,0,"",0
"2023-09-26","BAXU25","BAX","BAX","BAX",0,"2025-09-17",0,1,95.08,0,1,0,0,334,0,0.01,95.29,95.33,95.29,0,160,95.3,5673,0,0,"",0
"2023-09-26","BAXZ25","BAX","BAX","BAX",0,"2025-12-17",0,1,0,0,0,0,0,1,0,0.03,95.48,95.48,95.48,0,1,95.46,739,0,0,"",0
"2023-09-26","BAXH26","BAX","BAX","BAX",0,"2026-03-18",0,1,0,0,0,0,0,0,0,0,0,0,0,0,0,95.6,105,0,0,"",0
"2023-09-27","BAXZ23","BAX","BAX","BAX",0,"2023-12-18",0,1,94.27,94.28,30,25,0,8891,0,0,94.285,94.305,94.265,0,1098,94.275,120564,0,0,"",0
"2023-09-27","BAXH24","BAX","BAX","BAX",0,"2024-03-18",0,1,94.23,94.24,19,1,0,12486,0,-0.005,94.26,94.27,94.22,0,2144,94.235,131641,0,0,"",0
"2023-09-27","BAXM24","BAX","BAX","BAX",0,"2024-06-17",0,1,94.28,94.4,4,1,0,6655,0,-0.02,94.34,94.35,94.265,0,1532,94.29,101755,0,0,"",0
"2023-09-27","BAXU24","BAX","BAX","BAX",0,"2024-09-18",0,1,94.515,94.53,62,16,0,5245,0,-0.035,94.59,94.605,94.495,0,1629,94.52,102754,0,0,"",0
"2023-09-27","BAXZ24","BAX","BAX","BAX",0,"2024-12-18",0,1,94.71,94.73,31,71,0,6883,0,-0.05,94.78,94.81,94.68,0,1448,94.71,75314,0,0,"",0
"2023-09-27","BAXH25","BAX","BAX","BAX",0,"2025-03-19",0,1,94.89,94.91,10,1,0,3470,0,-0.05,94.97,95.01,94.88,0,762,94.9,34812,0,0,"",0
"2023-09-27","BAXM25","BAX","BAX","BAX",0,"2025-06-18",0,1,0,95.08,0,3,0,944,0,-0.05,95.16,95.19,95.06,0,270,95.08,13608,0,0,"",0
"2023-09-27","BAXU25","BAX","BAX","BAX",0,"2025-09-17",0,1,95.23,0,1,0,0,998,0,-0.07,95.35,95.37,95.23,0,386,95.25,5654,0,0,"",0
"2023-09-27","BAXZ25","BAX","BAX","BAX",0,"2025-12-17",0,1,0,0,0,0,0,106,0,0,0,0,0,0,10,95.41,739,0,0,"",0
"2023-09-27","BAXH26","BAX","BAX","BAX",0,"2026-03-18",0,1,0,0,0,0,0,51,0,0,0,0,0,0,2,95.55,105,0,0,"",0
"2023-09-28","BAXZ23","BAX","BAX","BAX",0,"2023-12-18",0,1,94.305,94.31,25,50,0,7076,0,0.03,94.285,94.31,94.27,0,1171,94.305,120842,0,0,"",0
"2023-09-28","BAXH24","BAX","BAX","BAX",0,"2024-03-18",0,1,94.27,94.285,10,5,0,9718,0,0.045,94.245,94.29,94.22,0,1983,94.27,133675,0,0,"",0
"2023-09-28","BAXM24","BAX","BAX","BAX",0,"2024-06-17",0,1,94.335,94.37,10,10,0,7844,0,0.06,94.3,94.36,94.27,0,2129,94.335,102801,0,0,"",0
"2023-09-28","BAXU24","BAX","BAX","BAX",0,"2024-09-18",0,1,94.495,94.585,31,10,0,6619,0,0.06,94.54,94.59,94.485,0,1898,94.565,102150,0,0,"",0
"2023-09-28","BAXZ24","BAX","BAX","BAX",0,"2024-12-18",0,1,94.77,94.78,82,29,0,6594,0,0.06,94.73,94.79,94.67,0,1464,94.76,75150,0,0,"",0
"2023-09-28","BAXH25","BAX","BAX","BAX",0,"2025-03-19",0,1,94.95,94.97,20,39,0,3625,0,0.07,94.9,94.98,94.86,0,958,94.96,34659,0,0,"",0
"2023-09-28","BAXM25","BAX","BAX","BAX",0,"2025-06-18",0,1,0,95.15,0,49,0,1492,0,0.06,95.08,95.15,95.04,0,425,95.13,13390,0,0,"",0
"2023-09-28","BAXU25","BAX","BAX","BAX",0,"2025-09-17",0,1,95.06,95.3,1,2,0,481,0,0.05,95.26,95.31,95.21,0,177,95.29,5883,0,0,"",0
"2023-09-28","BAXZ25","BAX","BAX","BAX",0,"2025-12-17",0,1,0,0,0,0,0,109,0,0,0,0,0,0,2,95.44,707,0,0,"",0
"2023-09-28","BAXH26","BAX","BAX","BAX",0,"2026-03-18",0,1,0,0,0,0,0,67,0,0,0,0,0,0,2,95.56,155,0,0,"",0
"2023-09-29","BAXZ23","BAX","BAX","BAX",0,"2023-12-18",0,1,94.35,94.355,38,68,0,7290,0,0.05,94.31,94.355,94.285,0,1433,94.35,117988,0,0,"",0
"2023-09-29","BAXH24","BAX","BAX","BAX",0,"2024-03-18",0,1,94.33,94.34,10,9,0,6652,0,0.065,94.285,94.335,94.26,0,1507,94.325,131575,0,0,"",0
"2023-09-29","BAXM24","BAX","BAX","BAX",0,"2024-06-17",0,1,94.395,94.4,35,6,0,4203,0,0.06,94.345,94.41,94.34,0,1364,94.39,103048,0,0,"",0
"2023-09-29","BAXU24","BAX","BAX","BAX",0,"2024-09-18",0,1,94.625,94.635,6,12,0,7914,0,0.07,94.575,94.655,94.575,0,1927,94.62,100703,0,0,"",0
"2023-09-29","BAXZ24","BAX","BAX","BAX",0,"2024-12-18",0,1,94.82,94.83,7,10,0,8024,0,0.06,94.77,94.85,94.77,0,1580,94.82,74695,0,0,"",0
"2023-09-29","BAXH25","BAX","BAX","BAX",0,"2025-03-19",0,1,95.01,95.02,35,5,0,2979,0,0.05,94.96,95.05,94.95,0,839,95.02,34573,0,0,"",0
"2023-09-29","BAXM25","BAX","BAX","BAX",0,"2025-06-18",0,1,95.18,95.2,7,5,0,2075,0,0.06,95.13,95.22,95.13,0,564,95.2,13485,0,0,"",0
"2023-09-29","BAXU25","BAX","BAX","BAX",0,"2025-09-17",0,1,95.34,95.36,3,4,0,821,0,0.06,95.29,95.39,95.29,0,351,95.36,5955,0,0,"",0
"2023-09-29","BAXZ25","BAX","BAX","BAX",0,"2025-12-17",0,1,0,0,0,0,0,49,0,0.07,95.51,95.53,95.51,0,9,95.51,779,0,0,"",0
"2023-09-29","BAXH26","BAX","BAX","BAX",0,"2026-03-18",0,1,0,0,0,0,0,0,0,0,0,0,0,0,0,95.63,155,0,0,"",0
"2023-10-02","BAXZ23","BAX","BAX","BAX",0,"2023-12-18",0,1,94.34,94.355,90,23,0,0,0,0,0,0,0,0,0,94.35,118202,0,0,"",0
"2023-10-02","BAXH24","BAX","BAX","BAX",0,"2024-03-18",0,1,94.22,94.4,50,63,0,0,0,0,0,0,0,0,0,94.325,132300,0,0,"",0
"2023-10-02","BAXM24","BAX","BAX","BAX",0,"2024-06-17",0,1,94.265,94.425,50,10,0,0,0,0,0,0,0,0,0,94.39,101885,0,0,"",0
"2023-10-02","BAXU24","BAX","BAX","BAX",0,"2024-09-18",0,1,0,94.635,0,5,0,0,0,0,0,0,0,0,0,94.62,100683,0,0,"",0
"2023-10-02","BAXZ24","BAX","BAX","BAX",0,"2024-12-18",0,1,0,94.91,0,1,0,0,0,0,0,0,0,0,0,94.82,72874,0,0,"",0
"2023-10-02","BAXH25","BAX","BAX","BAX",0,"2025-03-19",0,1,0,0,0,0,0,0,0,0,0,0,0,0,0,95.02,34249,0,0,"",0
"2023-10-02","BAXM25","BAX","BAX","BAX",0,"2025-06-18",0,1,95.18,0,5,0,0,0,0,0,0,0,0,0,0,95.2,13890,0,0,"",0
"2023-10-02","BAXU25","BAX","BAX","BAX",0,"2025-09-17",0,1,0,0,0,0,0,0,0,0,0,0,0,0,0,95.36,6139,0,0,"",0
"2023-10-02","BAXZ25","BAX","BAX","BAX",0,"2025-12-17",0,1,0,0,0,0,0,0,0,0,0,0,0,0,0,95.51,808,0,0,"",0
"2023-10-02","BAXH26","BAX","BAX","BAX",0,"2026-03-18",0,1,0,0,0,0,0,0,0,0,0,0,0,0,0,95.63,155,0,0,"",0
"2023-10-03","BAXZ23","BAX","BAX","BAX",0,"2023-12-18",0,1,94.305,94.32,125,25,0,14027,0,-0.035,94.34,94.35,94.295,0,1996,94.31,117783,0,0,"",0
"2023-10-03","BAXH24","BAX","BAX","BAX",0,"2024-03-18",0,1,94.22,94.32,50,3,0,16504,0,-0.045,94.335,94.34,94.25,0,4192,94.27,131946,0,0,"",0
"2023-10-03","BAXM24","BAX","BAX","BAX",0,"2024-06-17",0,1,94.3,94.34,26,25,0,14039,0,-0.07,94.33,94.365,94.29,0,3755,94.315,101710,0,0,"",0
"2023-10-03","BAXU24","BAX","BAX","BAX",0,"2024-09-18",0,1,94.52,94.535,45,1,0,32861,0,-0.095,94.555,94.585,94.495,0,5908,94.52,100592,0,0,"",0
"2023-10-03","BAXZ24","BAX","BAX","BAX",0,"2024-12-18",0,1,94.69,94.71,5,100,0,25501,0,-0.11,94.75,94.78,94.68,0,4024,94.7,72651,0,0,"",0
"2023-10-03","BAXH25","BAX","BAX","BAX",0,"2025-03-19",0,1,94.86,94.88,28,48,0,5606,0,-0.14,94.94,94.95,94.85,0,1358,94.87,34098,0,0,"",0
"2023-10-03","BAXM25","BAX","BAX","BAX",0,"2025-06-18",0,1,95.03,95.07,24,1,0,3060,0,-0.15,95.15,95.15,95.02,0,753,95.04,13889,0,0,"",0
"2023-10-03","BAXU25","BAX","BAX","BAX",0,"2025-09-17",0,1,0,95.22,0,22,0,1380,0,-0.15,95.28,95.29,95.18,0,455,95.2,6139,0,0,"",0
"2023-10-03","BAXZ25","BAX","BAX","BAX",0,"2025-12-17",0,1,0,0,0,0,0,43,0,-0.16,95.38,95.39,95.34,0,15,95.35,808,0,0,"",0
"2023-10-03","BAXH26","BAX","BAX","BAX",0,"2026-03-18",0,1,0,0,0,0,0,12,0,-0.17,95.43,95.46,95.43,0,3,95.47,155,0,0,"",0
"2023-10-04","BAXZ23","BAX","BAX","BAX",0,"2023-12-18",0,1,94.35,94.36,51,75,0,8666,0,0.035,94.305,94.36,94.295,0,1255,94.355,115691,0,0,"",0
"2023-10-04","BAXH24","BAX","BAX","BAX",0,"2024-03-18",0,1,94.31,94.4,43,63,0,12245,0,0.07,94.265,94.35,94.245,0,2496,94.34,129286,0,0,"",0
"2023-10-04","BAXM24","BAX","BAX","BAX",0,"2024-06-17",0,1,94.395,96.06,36,2,0,12395,0,0.085,94.305,94.41,94.285,0,3068,94.39,102293,0,0,"",0
"2023-10-04","BAXU24","BAX","BAX","BAX",0,"2024-09-18",0,1,94.6,94.61,5,35,0,11609,0,0.08,94.51,94.625,94.49,0,3925,94.595,98001,0,0,"",0
"2023-10-04","BAXZ24","BAX","BAX","BAX",0,"2024-12-18",0,1,94.77,94.79,19,39,0,6735,0,0.08,94.69,94.81,94.67,0,1584,94.77,72828,0,0,"",0
"2023-10-04","BAXH25","BAX","BAX","BAX",0,"2025-03-19",0,1,94.93,94.96,6,6,0,4174,0,0.08,94.88,94.98,94.84,0,1206,94.94,33930,0,0,"",0
"2023-10-04","BAXM25","BAX","BAX","BAX",0,"2025-06-18",0,1,0,95.12,0,1,0,1600,0,0.06,95.04,95.13,95.02,0,386,95.1,13861,0,0,"",0
"2023-10-04","BAXU25","BAX","BAX","BAX",0,"2025-09-17",0,1,0,0,0,0,0,1153,0,0.05,95.18,95.29,95.18,0,388,95.25,6374,0,0,"",0
"2023-10-04","BAXZ25","BAX","BAX","BAX",0,"2025-12-17",0,1,95.35,0,50,0,0,195,0,0.04,95.41,95.42,95.38,0,66,95.39,783,0,0,"",0
"2023-10-04","BAXH26","BAX","BAX","BAX",0,"2026-03-18",0,1,0,0,0,0,0,18,0,0.04,95.51,95.51,95.5,0,8,95.51,165,0,0,"",0
"2023-10-05","BAXZ23","BAX","BAX","BAX",0,"2023-12-18",0,1,94.36,94.37,300,50,94.37,12410,94.355,0.015,94.365,94.375,94.35,1170533,1052,94.37,113826,0,0,"",0
"2023-10-05","BAXH24","BAX","BAX","BAX",0,"2024-03-18",0,1,94.32,94.4,100,63,94.36,16373,94.34,0.02,94.36,94.37,94.325,1543397,2952,94.36,126753,0,0,"",0
"2023-10-05","BAXM24","BAX","BAX","BAX",0,"2024-06-17",0,1,94.42,94.425,5,100,94.42,7477,94.39,0.03,94.415,94.44,94.375,705139,1605,94.43,98203,0,0,"",0
"2023-10-05","BAXU24","BAX","BAX","BAX",0,"2024-09-18",0,1,94.635,94.64,92,5,94.64,8480,94.595,0.045,94.61,94.655,94.58,801201,2364,94.645,94876,0,0,"",0
"2023-10-05","BAXZ24","BAX","BAX","BAX",0,"2024-12-18",0,1,94.82,94.83,41,1,94.83,6234,94.77,0.06,94.78,94.84,94.76,590232,1359,94.83,69917,0,0,"",0
"2023-10-05","BAXH25","BAX","BAX","BAX",0,"2025-03-19",0,1,94.99,95.03,5,15,95,3940,94.94,0.06,94.96,95,94.92,373304,985,94.99,34122,0,0,"",0
"2023-10-05","BAXM25","BAX","BAX","BAX",0,"2025-06-18",0,1,95.14,0,25,0,95.15,981,95.1,0.05,95.1,95.15,95.08,93226,273,95.14,13710,0,0,"",0
"2023-10-05","BAXU25","BAX","BAX","BAX",0,"2025-09-17",0,1,95.3,0,3,0,95.3,1181,95.25,0.05,95.25,95.3,95.22,112385,353,95.29,6618,0,0,"",0
"2023-10-05","BAXZ25","BAX","BAX","BAX",0,"2025-12-17",0,1,95.42,0,6,0,95.43,134,95.39,0.04,95.39,95.43,95.35,12768,33,95.43,818,0,0,"",0
"2023-10-05","BAXH26","BAX","BAX","BAX",0,"2026-03-18",0,1,0,0,0,0,95.46,18,95.51,-0.05,95.47,95.47,95.46,1715,6,95.55,166,0,0,"",0
"2023-10-06","BAXZ23","BAX","BAX","BAX",0,"2023-12-18",0,1,94.3,94.315,150,10,0,25729,0,-0.055,94.365,94.375,94.29,0,2010,94.31,111238,0,0,"",0
"2023-10-06","BAXH24","BAX","BAX","BAX",0,"2024-03-18",0,1,94.28,94.3,100,28,0,16684,0,-0.075,94.36,94.36,94.255,0,3181,94.29,130488,0,0,"",0
"2023-10-06","BAXM24","BAX","BAX","BAX",0,"2024-06-17",0,1,94.345,94.375,1,2,0,10245,0,-0.08,94.42,94.43,94.275,0,2366,94.36,98630,0,0,"",0
"2023-10-06","BAXU24","BAX","BAX","BAX",0,"2024-09-18",0,1,94.56,94.58,200,2,0,10346,0,-0.07,94.63,94.65,94.505,0,2651,94.575,93803,0,0,"",0
"2023-10-06","BAXZ24","BAX","BAX","BAX",0,"2024-12-18",0,1,94.74,94.76,16,26,0,18747,0,-0.07,94.82,94.84,94.68,0,2380,94.76,70592,0,0,"",0
"2023-10-06","BAXH25","BAX","BAX","BAX",0,"2025-03-19",0,1,94.92,94.94,5,1,0,4768,0,-0.05,94.99,95.01,94.85,0,1220,94.94,35580,0,0,"",0
"2023-10-06","BAXM25","BAX","BAX","BAX",0,"2025-06-18",0,1,95.08,95.11,12,2,0,1296,0,-0.05,95.15,95.16,95,0,411,95.1,13635,0,0,"",0
"2023-10-06","BAXU25","BAX","BAX","BAX",0,"2025-09-17",0,1,95.23,95.27,21,12,0,1270,0,-0.05,95.31,95.31,95.14,0,401,95.25,6845,0,0,"",0
"2023-10-06","BAXZ25","BAX","BAX","BAX",0,"2025-12-17",0,1,95.38,95.41,14,4,0,245,0,-0.03,95.4,95.41,95.37,0,54,95.39,825,0,0,"",0
"2023-10-06","BAXH26","BAX","BAX","BAX",0,"2026-03-18",0,1,95.48,95.55,19,15,0,10,0,-0.04,95.51,95.51,95.51,0,1,95.51,165,0,0,"",0
"2023-10-10","BAXZ23","BAX","BAX","BAX",0,"2023-12-18",0,1,94.36,94.365,25,10,0,11340,0,0.055,94.345,94.38,94.325,0,1287,94.37,117937,0,0,"",0
"2023-10-10","BAXH24","BAX","BAX","BAX",0,"2024-03-18",0,1,94.28,94.39,100,50,0,11397,0,0.085,94.35,94.395,94.31,0,2738,94.385,127740,0,0,"",0
"2023-10-10","BAXM24","BAX","BAX","BAX",0,"2024-06-17",0,1,94.46,96.06,10,2,0,11140,0,0.105,94.425,94.49,94.385,0,2645,94.47,99232,0,0,"",0
"2023-10-10","BAXU24","BAX","BAX","BAX",0,"2024-09-18",0,1,94.68,94.705,20,10,0,8859,0,0.13,94.64,94.73,94.61,0,2382,94.71,93572,0,0,"",0
"2023-10-10","BAXZ24","BAX","BAX","BAX",0,"2024-12-18",0,1,94.88,95.01,5,1,0,9452,0,0.15,94.84,94.93,94.79,0,1789,94.91,73199,0,0,"",0
"2023-10-10","BAXH25","BAX","BAX","BAX",0,"2025-03-19",0,1,95.06,95.11,10,10,0,2951,0,0.17,95.01,95.12,94.99,0,877,95.1,35662,0,0,"",0
"2023-10-10","BAXM25","BAX","BAX","BAX",0,"2025-06-18",0,1,95.27,95.3,46,3,0,589,0,0.19,95.2,95.29,95.16,0,252,95.28,13400,0,0,"",0
"2023-10-10","BAXU25","BAX","BAX","BAX",0,"2025-09-17",0,1,95.41,95.46,15,5,0,749,0,0.2,95.36,95.45,95.33,0,259,95.44,7232,0,0,"",0
"2023-10-10","BAXZ25","BAX","BAX","BAX",0,"2025-12-17",0,1,0,95.6,0,100,0,221,0,0.19,95.49,95.58,95.48,0,32,95.58,1043,0,0,"",0
"2023-10-10","BAXH26","BAX","BAX","BAX",0,"2026-03-18",0,1,0,0,0,0,0,5,0,0.12,95.63,95.63,95.63,0,1,95.7,175,0,0,"",0
"2023-10-11","BAXZ23","BAX","BAX","BAX",0,"2023-12-18",0,1,94.365,94.37,37,215,0,10927,0,-0.005,94.345,94.38,94.34,0,894,94.36,118583,0,0,"",0
"2023-10-11","BAXH24","BAX","BAX","BAX",0,"2024-03-18",0,1,94.37,94.395,5,25,0,8778,0,-0.01,94.36,94.39,94.36,0,1639,94.37,126135,0,0,"",0
"2023-10-11","BAXM24","BAX","BAX","BAX",0,"2024-06-17",0,1,94.275,96.06,56,2,0,8901,0,-0.015,94.45,94.49,94.44,0,1748,94.455,97526,0,0,"",0
"2023-10-11","BAXU24","BAX","BAX","BAX",0,"2024-09-18",0,1,94.53,94.685,50,2,0,10973,0,-0.025,94.69,94.74,94.67,0,2437,94.685,94103,0,0,"",0
"2023-10-11","BAXZ24","BAX","BAX","BAX",0,"2024-12-18",0,1,94.87,94.9,5,4,0,6948,0,-0.02,94.9,94.94,94.87,0,1395,94.89,61865,0,0,"",0
"2023-10-11","BAXH25","BAX","BAX","BAX",0,"2025-03-19",0,1,95.08,95.1,15,5,0,2609,0,-0.02,95.1,95.14,95.07,0,957,95.09,35703,0,0,"",0
"2023-10-11","BAXM25","BAX","BAX","BAX",0,"2025-06-18",0,1,95.25,0,1,0,0,605,0,0,95.3,95.32,95.25,0,201,95.27,13476,0,0,"",0
"2023-10-11","BAXU25","BAX","BAX","BAX",0,"2025-09-17",0,1,95.42,0,5,0,0,338,0,0,95.44,95.49,95.42,0,135,95.44,7267,0,0,"",0
"2023-10-11","BAXZ25","BAX","BAX","BAX",0,"2025-12-17",0,1,0,0,0,0,0,0,0,0,0,0,0,0,0,95.59,1157,0,0,"",0
"2023-10-11","BAXH26","BAX","BAX","BAX",0,"2026-03-18",0,1,0,0,0,0,0,0,0,0,0,0,0,0,0,95.71,180,0,0,"",0
"2023-10-12","BAXZ23","BAX","BAX","BAX",0,"2023-12-18",0,1,94.335,94.345,30,25,0,8871,0,-0.015,94.36,94.38,94.315,0,942,94.345,119944,0,0,"",0
"2023-10-12","BAXH24","BAX","BAX","BAX",0,"2024-03-18",0,1,94.28,94.35,101,10,0,6824,0,-0.03,94.37,94.38,94.305,0,1649,94.34,124915,0,0,"",0
"2023-10-12","BAXM24","BAX","BAX","BAX",0,"2024-06-17",0,1,94.41,94.42,100,23,0,8893,0,-0.035,94.45,94.465,94.385,0,1793,94.415,97174,0,0,"",0
"2023-10-12","BAXU24","BAX","BAX","BAX",0,"2024-09-18",0,1,94.635,94.645,6,4,0,9747,0,-0.045,94.68,94.695,94.605,0,2331,94.64,92930,0,0,"",0
"2023-10-12","BAXZ24","BAX","BAX","BAX",0,"2024-12-18",0,1,94.82,94.83,6,63,0,6804,0,-0.06,94.88,94.9,94.79,0,1301,94.83,61575,0,0,"",0
"2023-10-12","BAXH25","BAX","BAX","BAX",0,"2025-03-19",0,1,0,95.03,0,1,0,4066,0,-0.07,95.08,95.1,94.99,0,1165,95.02,35657,0,0,"",0
"2023-10-12","BAXM25","BAX","BAX","BAX",0,"2025-06-18",0,1,95.19,95.23,3,25,0,1006,0,-0.07,95.27,95.27,95.17,0,262,95.2,13572,0,0,"",0
"2023-10-12","BAXU25","BAX","BAX","BAX",0,"2025-09-17",0,1,0,95.41,0,2,0,484,0,-0.07,95.42,95.44,95.35,0,213,95.37,7174,0,0,"",0
"2023-10-12","BAXZ25","BAX","BAX","BAX",0,"2025-12-17",0,1,95.49,0,2,0,0,16,0,-0.07,95.54,95.54,95.52,0,6,95.52,1157,0,0,"",0
"2023-10-12","BAXH26","BAX","BAX","BAX",0,"2026-03-18",0,1,0,0,0,0,0,45,0,-0.06,95.65,95.65,95.65,0,6,95.64,180,0,0,"",0
"2023-10-13","BAXZ23","BAX","BAX","BAX",0,"2023-12-18",0,1,94.305,94.31,294,261,0,21103,0,-0.04,94.355,94.365,94.3,0,1728,94.315,118742,0,0,"",0
"2023-10-13","BAXH24","BAX","BAX","BAX",0,"2024-03-18",0,1,94.32,94.325,16,1,0,13598,0,-0.015,94.35,94.38,94.305,0,3044,94.32,124938,0,0,"",0
"2023-10-13","BAXM24","BAX","BAX","BAX",0,"2024-06-17",0,1,94.395,96.06,30,2,0,8834,0,-0.005,94.44,94.465,94.38,0,1963,94.405,96904,0,0,"",0
"2023-10-13","BAXU24","BAX","BAX","BAX",0,"2024-09-18",0,1,94.635,94.82,164,10,0,9301,0,0,94.64,94.7,94.61,0,2280,94.635,92503,0,0,"",0
"2023-10-13","BAXZ24","BAX","BAX","BAX",0,"2024-12-18",0,1,94.8,94.84,100,5,0,7507,0,0.01,94.83,94.9,94.8,0,1401,94.82,62036,0,0,"",0
"2023-10-13","BAXH25","BAX","BAX","BAX",0,"2025-03-19",0,1,0,0,0,0,0,2170,0,0.01,95.05,95.1,94.99,0,799,95.02,35921,0,0,"",0
"2023-10-13","BAXM25","BAX","BAX","BAX",0,"2025-06-18",0,1,0,0,0,0,0,685,0,0.02,95.23,95.3,95.19,0,228,95.21,13435,0,0,"",0
"2023-10-13","BAXU25","BAX","BAX","BAX",0,"2025-09-17",0,1,0,0,0,0,0,500,0,0.02,95.4,95.46,95.35,0,196,95.38,7328,0,0,"",0
"2023-10-13","BAXZ25","BAX","BAX","BAX",0,"2025-12-17",0,1,0,0,0,0,0,36,0,0.03,95.62,95.62,95.55,0,5,95.53,1173,0,0,"",0
"2023-10-13","BAXH26","BAX","BAX","BAX",0,"2026-03-18",0,1,0,0,0,0,0,0,0,0,0,0,0,0,0,95.65,225,0,0,"",0
"2023-10-16","BAXZ23","BAX","BAX","BAX",0,"2023-12-18",0,1,94.295,94.3,111,123,94.3,11558,94.315,-0.015,94.305,94.305,94.27,1089353,923,94.295,124993,0,0,"",0
"2023-10-16","BAXH24","BAX","BAX","BAX",0,"2024-03-18",0,1,94.295,94.305,120,24,94.305,7796,94.32,-0.015,94.31,94.31,94.275,734313,1729,94.3,128036,0,0,"",0
"2023-10-16","BAXM24","BAX","BAX","BAX",0,"2024-06-17",0,1,94.375,96.06,4,2,94.385,6969,94.405,-0.02,94.375,94.4,94.355,656810,1855,94.38,97095,0,0,"",0
"2023-10-16","BAXU24","BAX","BAX","BAX",0,"2024-09-18",0,1,94.59,94.605,50,20,94.6,6683,94.635,-0.035,94.6,94.635,94.545,631346,1810,94.6,92392,0,0,"",0
"2023-10-16","BAXZ24","BAX","BAX","BAX",0,"2024-12-18",0,1,94.77,94.79,5,20,94.78,3888,94.82,-0.04,94.76,94.83,94.73,367917,1038,94.79,61923,0,0,"",0
"2023-10-16","BAXH25","BAX","BAX","BAX",0,"2025-03-19",0,1,94.98,95.01,20,15,94.99,2802,95.02,-0.03,95,95.03,94.95,265670,929,95,35970,0,0,"",0
"2023-10-16","BAXM25","BAX","BAX","BAX",0,"2025-06-18",0,1,95.18,0,37,0,95.19,853,95.21,-0.02,95.15,95.22,95.14,81097,256,95.19,13483,0,0,"",0
"2023-10-16","BAXU25","BAX","BAX","BAX",0,"2025-09-17",0,1,95.35,95.39,10,11,95.37,781,95.38,-0.01,95.32,95.4,95.31,74369,264,95.37,7251,0,0,"",0
"2023-10-16","BAXZ25","BAX","BAX","BAX",0,"2025-12-17",0,1,0,0,0,0,95.54,30,95.53,0.01,95.54,95.54,95.54,2862,6,95.52,1175,0,0,"",0
"2023-10-16","BAXH26","BAX","BAX","BAX",0,"2026-03-18",0,1,0,0,0,0,0,0,0,0,0,0,0,0,0,95.65,225,0,0,"",0
"2023-10-17","BAXZ23","BAX","BAX","BAX",0,"2023-12-18",0,1,94.335,94.345,46,280,0,18971,0,0.05,94.285,94.375,94.27,0,1856,94.34,126369,0,0,"",0
"2023-10-17","BAXH24","BAX","BAX","BAX",0,"2024-03-18",0,1,94.32,94.335,10,8,0,16390,0,0.035,94.295,94.37,94.265,0,3585,94.33,129076,0,0,"",0
"2023-10-17","BAXM24","BAX","BAX","BAX",0,"2024-06-17",0,1,94.275,94.405,56,52,0,15060,0,0.025,94.375,94.45,94.335,0,3062,94.395,98182,0,0,"",0
"2023-10-17","BAXU24","BAX","BAX","BAX",0,"2024-09-18",0,1,94.61,94.72,5,5,0,17994,0,0.01,94.58,94.66,94.555,0,4378,94.605,92126,0,0,"",0
"2023-10-17","BAXZ24","BAX","BAX","BAX",0,"2024-12-18",0,1,94.79,94.8,87,25,0,15620,0,0,94.76,94.84,94.74,0,2445,94.79,61882,0,0,"",0
"2023-10-17","BAXH25","BAX","BAX","BAX",0,"2025-03-19",0,1,94.98,95.01,201,1,0,4685,0,-0.01,94.97,95.04,94.94,0,1436,94.99,36269,0,0,"",0
"2023-10-17","BAXM25","BAX","BAX","BAX",0,"2025-06-18",0,1,95.16,0,50,0,0,1367,0,-0.01,95.17,95.23,95.13,0,370,95.18,13540,0,0,"",0
"2023-10-17","BAXU25","BAX","BAX","BAX",0,"2025-09-17",0,1,0,0,0,0,0,999,0,-0.02,95.33,95.42,95.32,0,359,95.36,7315,0,0,"",0
"2023-10-17","BAXZ25","BAX","BAX","BAX",0,"2025-12-17",0,1,95.5,0,16,0,0,24,0,0.03,95.48,95.55,95.48,0,10,95.51,1200,0,0,"",0
"2023-10-17","BAXH26","BAX","BAX","BAX",0,"2026-03-18",0,1,0,0,0,0,0,0,0,0,0,0,0,0,0,95.64,225,0,0,"",0
"2023-10-18","BAXZ23","BAX","BAX","BAX",0,"2023-12-18",0,1,94.33,94.34,262,240,0,5062,0,0,94.345,94.35,94.33,0,907,94.34,128588,0,0,"",0
"2023-10-18","BAXH24","BAX","BAX","BAX",0,"2024-03-18",0,1,94.32,94.325,118,62,0,8439,0,-0.01,94.34,94.35,94.305,0,1928,94.335,132243,0,0,"",0
"2023-10-18","BAXM24","BAX","BAX","BAX",0,"2024-06-17",0,1,94.38,94.385,18,5,0,5413,0,-0.015,94.4,94.41,94.34,0,1990,94.395,101699,0,0,"",0
"2023-10-18","BAXU24","BAX","BAX","BAX",0,"2024-09-18",0,1,94.58,94.6,1,1,0,9246,0,-0.01,94.61,94.625,94.54,0,2676,94.6,86348,0,0,"",0
"2023-10-18","BAXZ24","BAX","BAX","BAX",0,"2024-12-18",0,1,94.76,94.79,3,5,0,5953,0,-0.02,94.81,94.82,94.71,0,1598,94.78,67886,0,0,"",0
"2023-10-18","BAXH25","BAX","BAX","BAX",0,"2025-03-19",0,1,94.96,0,1,0,0,2955,0,-0.03,95.01,95.02,94.9,0,773,94.97,36514,0,0,"",0
"2023-10-18","BAXM25","BAX","BAX","BAX",0,"2025-06-18",0,1,0,95.17,0,49,0,991,0,-0.04,95.2,95.2,95.1,0,319,95.15,12975,0,0,"",0
"2023-10-18","BAXU25","BAX","BAX","BAX",0,"2025-09-17",0,1,95,0,1,0,0,655,0,-0.06,95.33,95.39,95.25,0,223,95.33,7550,0,0,"",0
"2023-10-18","BAXZ25","BAX","BAX","BAX",0,"2025-12-17",0,1,0,0,0,0,0,114,0,-0.06,95.48,95.51,95.42,0,32,95.49,1206,0,0,"",0
"2023-10-18","BAXH26","BAX","BAX","BAX",0,"2026-03-18",0,1,0,0,0,0,0,2,0,-0.08,95.61,95.61,95.56,0,2,95.62,225,0,0,"",0
"2023-10-19","BAXZ23","BAX","BAX","BAX",0,"2023-12-18",0,1,94.35,94.36,147,20,0,8222,0,0.01,94.33,94.36,94.325,0,1269,94.355,125232,0,0,"",0
"2023-10-19","BAXH24","BAX","BAX","BAX",0,"2024-03-18",0,1,94.36,0,20,0,0,8930,0,0.035,94.315,94.375,94.3,0,2714,94.36,133808,0,0,"",0
"2023-10-19","BAXM24","BAX","BAX","BAX",0,"2024-06-17",0,1,94.355,94.45,1,1,0,3555,0,0.04,94.37,94.445,94.355,0,1490,94.43,101332,0,0,"",0
"2023-10-19","BAXU24","BAX","BAX","BAX",0,"2024-09-18",0,1,94.62,94.65,25,10,0,5404,0,0.045,94.585,94.66,94.56,0,2132,94.64,83769,0,0,"",0
"2023-10-19","BAXZ24","BAX","BAX","BAX",0,"2024-12-18",0,1,94.78,95.01,20,1,0,4921,0,0.04,94.77,94.83,94.74,0,1399,94.81,65920,0,0,"",0
"2023-10-19","BAXH25","BAX","BAX","BAX",0,"2025-03-19",0,1,94.98,95.03,20,15,0,3441,0,0.04,94.94,95.02,94.93,0,906,95,34085,0,0,"",0
"2023-10-19","BAXM25","BAX","BAX","BAX",0,"2025-06-18",0,1,0,0,0,0,0,1167,0,0.05,95.13,95.2,95.1,0,357,95.18,12952,0,0,"",0
"2023-10-19","BAXU25","BAX","BAX","BAX",0,"2025-09-17",0,1,95.32,95.38,15,15,0,1528,0,0.03,95.29,95.36,95.26,0,408,95.35,7505,0,0,"",0
"2023-10-19","BAXZ25","BAX","BAX","BAX",0,"2025-12-17",0,1,0,0,0,0,0,222,0,0.01,95.43,95.5,95.42,0,54,95.49,1192,0,0,"",0
"2023-10-19","BAXH26","BAX","BAX","BAX",0,"2026-03-18",0,1,0,0,0,0,0,0,0,0,0,0,0,0,0,95.61,224,0,0,"",0
"2023-10-20","BAXZ23","BAX","BAX","BAX",0,"2023-12-18",0,1,94.395,94.41,25,500,94.405,9866,94.355,0.05,94.345,94.41,94.335,930433,1466,94.405,126925,0,0,"",0
"2023-10-20","BAXH24","BAX","BAX","BAX",0,"2024-03-18",0,1,94.265,94.595,25,1,94.435,14082,94.36,0.075,94.395,94.445,94.37,1327940,3300,94.445,135016,0,0,"",0
"2023-10-20","BAXM24","BAX","BAX","BAX",0,"2024-06-17",0,1,94.525,94.56,2,3,94.56,6230,94.43,0.13,94.475,94.56,94.45,587638,2447,94.55,101207,0,0,"",0
"2023-10-20","BAXU24","BAX","BAX","BAX",0,"2024-09-18",0,1,94.77,94.8,50,37,94.79,11730,94.64,0.15,94.685,94.81,94.675,1109284,3426,94.78,83913,0,0,"",0
"2023-10-20","BAXZ24","BAX","BAX","BAX",0,"2024-12-18",0,1,94.97,95.01,23,4,94.99,7992,94.81,0.18,94.85,95,94.85,756587,2519,94.96,66239,0,0,"",0
"2023-10-20","BAXH25","BAX","BAX","BAX",0,"2025-03-19",0,1,95.13,0,10,0,95.16,3218,95,0.16,95.05,95.19,95.04,305798,1143,95.14,34192,0,0,"",0
"2023-10-20","BAXM25","BAX","BAX","BAX",0,"2025-06-18",0,1,95.31,0,8,0,95.32,1466,95.18,0.14,95.23,95.36,95.2,139504,491,95.31,13046,0,0,"",0
"2023-10-20","BAXU25","BAX","BAX","BAX",0,"2025-09-17",0,1,0,95.6,0,1,95.45,1971,95.35,0.1,95.39,95.52,95.38,187891,571,95.45,7709,0,0,"",0
"2023-10-20","BAXZ25","BAX","BAX","BAX",0,"2025-12-17",0,1,0,0,0,0,95.56,162,95.49,0.07,95.55,95.65,95.55,15465,55,95.57,1226,0,0,"",0
"2023-10-20","BAXH26","BAX","BAX","BAX",0,"2026-03-18",0,1,0,0,0,0,0,0,0,0,0,0,0,0,0,95.67,224,0,0,"",0
"2023-10-23","BAXZ23","BAX","BAX","BAX",0,"2023-12-18",0,1,94.395,94.4,7,108,0,10058,0,-0.01,94.39,94.415,94.365,0,1157,94.4,124289,0,0,"",0
"2023-10-23","BAXH24","BAX","BAX","BAX",0,"2024-03-18",0,1,94.435,94.44,3,5,0,8773,0,-0.01,94.415,94.445,94.39,0,1874,94.445,136656,0,0,"",0
"2023-10-23","BAXM24","BAX","BAX","BAX",0,"2024-06-17",0,1,94.565,94.57,12,19,0,7758,0,0.015,94.525,94.575,94.505,0,1734,94.57,101065,0,0,"",0
"2023-10-23","BAXU24","BAX","BAX","BAX",0,"2024-09-18",0,1,94.815,0,45,0,0,8553,0,0.05,94.77,94.835,94.745,0,2309,94.83,82439,0,0,"",0
"2023-10-23","BAXZ24","BAX","BAX","BAX",0,"2024-12-18",0,1,95,95.06,20,5,0,5055,0,0.07,94.95,95.03,94.93,0,1495,95.02,65752,0,0,"",0
"2023-10-23","BAXH25","BAX","BAX","BAX",0,"2025-03-19",0,1,0,0,0,0,0,2558,0,0.09,95.12,95.23,95.11,0,752,95.22,33938,0,0,"",0
"2023-10-23","BAXM25","BAX","BAX","BAX",0,"2025-06-18",0,1,0,0,0,0,0,799,0,0.1,95.28,95.41,95.26,0,262,95.4,13049,0,0,"",0
"2023-10-23","BAXU25","BAX","BAX","BAX",0,"2025-09-17",0,1,95.53,0,20,0,0,803,0,0.11,95.41,95.56,95.39,0,303,95.55,8205,0,0,"",0
"2023-10-23","BAXZ25","BAX","BAX","BAX",0,"2025-12-17",0,1,0,0,0,0,0,94,0,0.1,95.56,95.67,95.56,0,55,95.67,1218,0,0,"",0
"2023-10-23","BAXH26","BAX","BAX","BAX",0,"2026-03-18",0,1,0,0,0,0,0,6,0,0.08,95.75,95.75,95.75,0,2,95.77,224,0,0,"",0
"2023-10-24","BAXZ23","BAX","BAX","BAX",0,"2023-12-18",0,1,94.365,94.37,150,1,94.365,8103,94.4,-0.035,94.4,94.4,94.365,764257,1025,94.38,123443,0,0,"",0
"2023-10-24","BAXH24","BAX","BAX","BAX",0,"2024-03-18",0,1,94.405,94.415,50,3,94.405,8281,94.445,-0.04,94.435,94.435,94.405,780984,1861,94.42,133913,0,0,"",0
"2023-10-24","BAXM24","BAX","BAX","BAX",0,"2024-06-17",0,1,94.305,94.55,31,6,94.545,7256,94.57,-0.025,94.56,94.57,94.535,685449,1451,94.55,99107,0,0,"",0
"2023-10-24","BAXU24","BAX","BAX","BAX",0,"2024-09-18",0,1,94.825,0,25,0,94.83,5561,94.83,0,94.83,94.845,94.8,526259,1612,94.83,80540,0,0,"",0
"2023-10-24","BAXZ24","BAX","BAX","BAX",0,"2024-12-18",0,1,95.02,0,100,0,95.04,5000,95.02,0.02,95.04,95.06,95,475040,1027,95.04,64389,0,0,"",0
"2023-10-24","BAXH25","BAX","BAX","BAX",0,"2025-03-19",0,1,95.22,0,2,0,95.26,1891,95.22,0.04,95.24,95.26,95.2,179880,513,95.24,33767,0,0,"",0
"2023-10-24","BAXM25","BAX","BAX","BAX",0,"2025-06-18",0,1,95.42,95.45,91,6,95.44,853,95.4,0.04,95.43,95.44,95.38,81252,272,95.42,13017,0,0,"",0
"2023-10-24","BAXU25","BAX","BAX","BAX",0,"2025-09-17",0,1,0,0,0,0,95.59,915,95.55,0.04,95.58,95.59,95.53,87274,331,95.57,8261,0,0,"",0
"2023-10-24","BAXZ25","BAX","BAX","BAX",0,"2025-12-17",0,1,0,95.72,0,1,95.69,78,95.67,0.02,95.7,95.7,95.69,7458,14,95.69,1209,0,0,"",0
"2023-10-24","BAXH26","BAX","BAX","BAX",0,"2026-03-18",0,1,0,0,0,0,95.8,1,95.77,0.03,95.8,95.8,95.8,95,1,95.79,224,0,0,"",0
"2023-10-25","BAXZ23","BAX","BAX","BAX",0,"2023-12-18",0,1,94.38,94.385,305,200,0,21020,0,0,94.37,94.39,94.345,0,1379,94.385,124081,0,0,"",0
"2023-10-25","BAXH24","BAX","BAX","BAX",0,"2024-03-18",0,1,94.415,94.425,41,18,0,9674,0,0,94.405,94.435,94.385,0,1987,94.425,134849,0,0,"",0
"2023-10-25","BAXM24","BAX","BAX","BAX",0,"2024-06-17",0,1,94.52,96.06,29,2,0,9010,0,-0.015,94.54,94.565,94.51,0,1914,94.545,97959,0,0,"",0
"2023-10-25","BAXU24","BAX","BAX","BAX",0,"2024-09-18",0,1,94.805,0,55,0,0,10766,0,-0.02,94.84,94.845,94.78,0,2613,94.82,80486,0,0,"",0
"2023-10-25","BAXZ24","BAX","BAX","BAX",0,"2024-12-18",0,1,95.01,95.03,5,1,0,9325,0,-0.02,95.05,95.06,94.98,0,1351,95.03,63673,0,0,"",0
"2023-10-25","BAXH25","BAX","BAX","BAX",0,"2025-03-19",0,1,0,0,0,0,0,2525,0,-0.02,95.25,95.27,95.19,0,739,95.23,33729,0,0,"",0
"2023-10-25","BAXM25","BAX","BAX","BAX",0,"2025-06-18",0,1,95.36,95.41,49,2,0,1361,0,-0.02,95.45,95.45,95.37,0,339,95.41,12934,0,0,"",0
"2023-10-25","BAXU25","BAX","BAX","BAX",0,"2025-09-17",0,1,95.51,95.56,10,15,0,760,0,-0.02,95.6,95.6,95.51,0,279,95.56,8402,0,0,"",0
"2023-10-25","BAXZ25","BAX","BAX","BAX",0,"2025-12-17",0,1,0,0,0,0,0,22,0,-0.01,95.72,95.72,95.68,0,6,95.68,1154,0,0,"",0
"2023-10-25","BAXH26","BAX","BAX","BAX",0,"2026-03-18",0,1,0,0,0,0,0,0,0,0,0,0,0,0,0,95.77,224,0,0,"",0
"2023-10-26","BAXZ23","BAX","BAX","BAX",0,"2023-12-18",0,1,94.42,94.43,61,80,0,19723,0,0.04,94.385,94.43,94.38,0,1536,94.425,120362,0,0,"",0
"2023-10-26","BAXH24","BAX","BAX","BAX",0,"2024-03-18",0,1,94.455,94.57,30,10,0,13400,0,0.07,94.425,94.505,94.42,0,2372,94.495,135198,0,0,"",0
"2023-10-26","BAXM24","BAX","BAX","BAX",0,"2024-06-17",0,1,94.615,94.66,10,4,0,10129,0,0.095,94.54,94.655,94.535,0,2393,94.64,96220,0,0,"",0
"2023-10-26","BAXU24","BAX","BAX","BAX",0,"2024-09-18",0,1,94.94,0,10,0,0,8260,0,0.115,94.81,94.945,94.805,0,2387,94.935,80878,0,0,"",0
"2023-10-26","BAXZ24","BAX","BAX","BAX",0,"2024-12-18",0,1,94.91,95.2,1,4,0,6475,0,0.15,95.02,95.18,95.02,0,1210,95.16,60090,0,0,"",0
"2023-10-26","BAXH25","BAX","BAX","BAX",0,"2025-03-19",0,1,0,0,0,0,0,3178,0,0.14,95.22,95.37,95.22,0,773,95.36,33648,0,0,"",0
"2023-10-26","BAXM25","BAX","BAX","BAX",0,"2025-06-18",0,1,95.48,0,13,0,0,1418,0,0.13,95.41,95.54,95.41,0,343,95.54,12780,0,0,"",0
"2023-10-26","BAXU25","BAX","BAX","BAX",0,"2025-09-17",0,1,0,0,0,0,0,1659,0,0.1,95.55,95.67,95.55,0,421,95.67,8529,0,0,"",0
"2023-10-26","BAXZ25","BAX","BAX","BAX",0,"2025-12-17",0,1,95.69,0,4,0,0,342,0,0.08,95.7,95.77,95.7,0,66,95.77,1160,0,0,"",0
"2023-10-26","BAXH26","BAX","BAX","BAX",0,"2026-03-18",0,1,0,0,0,0,0,42,0,0.03,95.77,95.8,95.77,0,10,95.85,224,0,0,"",0
"2023-10-27","BAXZ23","BAX","BAX","BAX",0,"2023-12-18",0,1,94.425,94.44,50,240,0,9910,0,0.015,94.42,94.445,94.415,0,912,94.44,120405,0,0,"",0
"2023-10-27","BAXH24","BAX","BAX","BAX",0,"2024-03-18",0,1,94.54,94.73,23,1,0,16488,0,0.05,94.5,94.555,94.48,0,2972,94.55,134814,0,0,"",0
"2023-10-27","BAXM24","BAX","BAX","BAX",0,"2024-06-17",0,1,94.69,96.45,4,5,0,6721,0,0.055,94.63,94.71,94.62,0,1461,94.705,96387,0,0,"",0
"2023-10-27","BAXU24","BAX","BAX","BAX",0,"2024-09-18",0,1,94.975,95,1,2,0,7853,0,0.05,94.925,95,94.905,0,1841,94.995,81230,0,0,"",0
"2023-10-27","BAXZ24","BAX","BAX","BAX",0,"2024-12-18",0,1,94.91,95.3,1,5,0,3231,0,0.05,95.15,95.23,95.13,0,1074,95.22,60075,0,0,"",0
"2023-10-27","BAXH25","BAX","BAX","BAX",0,"2025-03-19",0,1,95.33,0,1,0,0,1750,0,0.05,95.33,95.43,95.33,0,601,95.42,33090,0,0,"",0
"2023-10-27","BAXM25","BAX","BAX","BAX",0,"2025-06-18",0,1,95.57,0,20,0,0,685,0,0.04,95.52,95.6,95.51,0,212,95.59,12820,0,0,"",0
"2023-10-27","BAXU25","BAX","BAX","BAX",0,"2025-09-17",0,1,0,0,0,0,0,1084,0,0.03,95.65,95.73,95.65,0,388,95.72,8237,0,0,"",0
"2023-10-27","BAXZ25","BAX","BAX","BAX",0,"2025-12-17",0,1,0,0,0,0,0,531,0,0.03,95.8,95.8,95.76,0,101,95.81,1228,0,0,"",0
"2023-10-27","BAXH26","BAX","BAX","BAX",0,"2026-03-18",0,1,0,0,0,0,0,7,0,-0.01,95.82,95.86,95.82,0,6,95.88,224,0,0,"",0
"2023-10-30","BAXZ23","BAX","BAX","BAX",0,"2023-12-18",0,1,94.42,94.425,10,30,0,6344,0,-0.02,94.43,94.435,94.42,0,912,94.43,121407,0,0,"",0
"2023-10-30","BAXH24","BAX","BAX","BAX",0,"2024-03-18",0,1,94.505,94.52,6,333,0,11239,0,-0.045,94.55,94.575,94.505,0,1941,94.52,135722,0,0,"",0
"2023-10-30","BAXM24","BAX","BAX","BAX",0,"2024-06-17",0,1,94.64,94.66,25,8,0,7175,0,-0.045,94.71,94.73,94.66,0,1543,94.67,96780,0,0,"",0
"2023-10-30","BAXU24","BAX","BAX","BAX",0,"2024-09-18",0,1,94.94,94.955,64,10,0,7851,0,-0.055,94.985,95.005,94.94,0,2095,94.955,80894,0,0,"",0
"2023-10-30","BAXZ24","BAX","BAX","BAX",0,"2024-12-18",0,1,95.15,95.3,1,5,0,5631,0,-0.07,95.19,95.22,95.15,0,1269,95.17,59693,0,0,"",0
"2023-10-30","BAXH25","BAX","BAX","BAX",0,"2025-03-19",0,1,95.33,0,1,0,0,2372,0,-0.07,95.4,95.42,95.34,0,668,95.36,32796,0,0,"",0
"2023-10-30","BAXM25","BAX","BAX","BAX",0,"2025-06-18",0,1,0,95.52,0,10,0,1047,0,-0.08,95.55,95.58,95.51,0,330,95.52,12574,0,0,"",0
"2023-10-30","BAXU25","BAX","BAX","BAX",0,"2025-09-17",0,1,95.59,95.64,15,4,0,1490,0,-0.09,95.67,95.7,95.63,0,479,95.64,8147,0,0,"",0
"2023-10-30","BAXZ25","BAX","BAX","BAX",0,"2025-12-17",0,1,0,0,0,0,0,67,0,-0.08,95.76,95.76,95.73,0,20,95.73,1244,0,0,"",0
"2023-10-30","BAXH26","BAX","BAX","BAX",0,"2026-03-18",0,1,0,0,0,0,0,1,0,-0.08,95.8,95.8,95.8,0,1,95.8,224,0,0,"",0
"2023-10-31","BAXZ23","BAX","BAX","BAX",0,"2023-12-18",0,1,94.42,94.43,370,30,0,5871,0,-0.005,94.415,94.44,94.41,0,970,94.43,121228,0,0,"",0
"2023-10-31","BAXH24","BAX","BAX","BAX",0,"2024-03-18",0,1,94.51,94.52,30,5,0,5022,0,-0.005,94.495,94.53,94.49,0,1329,94.52,131135,0,0,"",0
"2023-10-31","BAXM24","BAX","BAX","BAX",0,"2024-06-17",0,1,94.61,94.695,40,54,0,3973,0,-0.005,94.66,94.69,94.645,0,1146,94.675,96976,0,0,"",0
"2023-10-31","BAXU24","BAX","BAX","BAX",0,"2024-09-18",0,1,94.93,94.955,10,10,0,6542,0,-0.005,94.94,94.975,94.93,0,2028,94.96,80354,0,0,"",0
"2023-10-31","BAXZ24","BAX","BAX","BAX",0,"2024-12-18",0,1,95.15,95.18,17,28,0,5332,0,0,95.16,95.19,95.14,0,1374,95.18,59446,0,0,"",0
"2023-10-31","BAXH25","BAX","BAX","BAX",0,"2025-03-19",0,1,95.34,95.36,2,10,0,2351,0,0,95.34,95.39,95.33,0,771,95.37,32445,0,0,"",0
"2023-10-31","BAXM25","BAX","BAX","BAX",0,"2025-06-18",0,1,95.52,0,7,0,0,628,0,0.01,95.52,95.55,95.5,0,253,95.53,12502,0,0,"",0
"2023-10-31","BAXU25","BAX","BAX","BAX",0,"2025-09-17",0,1,95.61,95.66,5,10,0,629,0,0.02,95.64,95.67,95.63,0,317,95.65,8281,0,0,"",0
"2023-10-31","BAXZ25","BAX","BAX","BAX",0,"2025-12-17",0,1,0,0,0,0,0,48,0,0.03,95.76,95.76,95.76,0,13,95.74,1244,0,0,"",0
"2023-10-31","BAXH26","BAX","BAX","BAX",0,"2026-03-18",0,1,0,0,0,0,0,22,0,0,0,0,0,0,3,95.81,223,0,0,"",0